frame_id;rx_complete;tx_complete;current_skip;yaw;pitch;zoom;camera_send_timestamp;recv_start_timestamp;node_exit_timestamp;original_points;rx_media_bytes;tx_points;rx_packets;tx_packets;payload_bytes;reference_size_bytes;data_integrity_pct;internal_throughput_mbs;reference_throughput_mbs;logical_bitrate_mbps;network_bitrate_mbps;reference_bitrate_mbps;arrived_points;eroded_points;valid_points;erosion_ms;reconstruction_ms;pose_ms;reconstruction_pipeline_ms;tx_duration_ms;active_tx_ms;active_process_ms;reference_process_ms;total_processing_ms;total_residency_ms;reference_residency_ms;node_efficiency_pct;reference_efficiency_pct;gpu_transfer_ms;gpu_copyback_ms;host_overhead_ms;camera_node_ms;e2e_latency_ms;schedule_delay_ms;inter_arrival_ms;instant_jitter_ms;desynced_jitter_ms;pose_control_ms;codec_queue_ms;frame_queue_ms;codec_backlog;decode_service_ms;decode_h265_ms;ffmpeg_write_calls;ffmpeg_write_failures;codec_queue_drops;tx_zero_accepts;tx_partial_accepts;tx_resubmit_calls;tx_resubmitted_packets;mbuf_starvation
1;1;1;1;0.000000;0.000000;1.000000;19616.448554;19616.508210;19616.638517;784142;141940;146318;108;1829;141940;154468;100.000;4.970;5.405;561.874;603.123;37.072;178911;159140;146318;0.213;0.126;0.078;2.963;1.768;0.099;31.686;29.840;130.266;130.308;128.524;24.316;23.218;1.384;0.190;0.971;59.655;189.963;130.308;0.000;0.000;0.000;0.000;0.042;0.000;57;26.955;125.518;7;0;0;0;0;0;0;0
2;1;1;1;0.000000;0.000000;1.000000;19616.482298;19616.536841;19616.665400;783406;29140;144182;23;1803;29140;31808;100.000;0.752;0.818;553.671;594.335;7.634;169393;156499;144182;0.207;0.126;0.077;2.448;1.284;0.080;31.597;30.235;104.161;128.559;127.246;24.577;23.761;1.700;0.237;0.102;54.543;183.102;123.857;28.631;4.702;0.294;0.000;24.398;0.000;31;27.864;100.398;2;0;0;0;0;0;0;0
3;1;1;1;0.000000;0.000000;1.000000;19616.515758;19616.575751;19616.707334;780200;22936;141754;18;1772;22936;25024;100.000;0.746;0.811;544.348;584.312;6.006;164369;153953;141754;0.205;0.117;0.070;2.031;2.092;0.551;45.672;43.511;129.127;131.583;129.470;34.710;33.607;1.382;0.189;0.069;59.993;191.576;132.458;38.911;5.577;0.624;0.000;2.456;0.000;18;41.550;124.982;2;0;0;0;0;0;0;0
4;1;1;1;0.000000;0.000000;1.000000;19616.551305;19616.606656;19616.733017;778467;22560;139430;18;1743;22560;24648;100.000;0.788;0.858;535.424;574.733;5.916;160176;150044;139430;0.200;0.115;0.070;2.489;1.512;0.087;29.796;28.214;126.342;126.361;124.823;23.580;22.604;1.797;0.205;0.103;55.351;181.712;124.807;30.904;2.429;0.737;0.000;0.018;0.000;9;25.795;122.313;4;0;0;0;0;0;0;0
5;1;1;1;0.000000;0.000000;1.000000;19616.583284;19616.635421;19616.775980;776427;22184;137802;17;1723;22184;24156;100.000;0.559;0.606;529.172;568.031;5.797;157416;147596;137802;0.205;0.116;0.071;2.399;1.362;0.409;46.965;45.532;140.539;140.560;139.176;33.413;32.715;1.633;0.260;0.114;52.137;192.697;134.438;28.765;4.568;0.976;0.000;0.021;0.000;8;43.204;136.754;4;0;0;0;0;0;0;0
6;1;1;1;0.000000;0.000000;1.000000;19616.617576;19616.675293;19616.809503;774893;24628;137230;19;1716;24628;26832;100.000;0.906;0.984;526.976;565.676;6.440;155702;146729;137230;0.208;0.120;0.073;2.457;1.034;0.057;37.284;36.177;134.164;134.210;133.159;27.780;27.168;1.726;0.181;0.150;57.718;191.927;134.627;39.872;6.539;1.324;0.000;0.045;0.000;18;33.792;130.655;2;0;0;0;0;0;0;0
7;1;1;1;0.000000;0.000000;1.000000;19616.651254;19616.702596;19616.847662;775949;25004;137590;19;1720;25004;27208;100.000;853.811;925.813;528.358;567.149;6.530;155688;147260;137590;0.185;0.109;0.067;2.058;1.647;0.474;41.641;39.927;145.024;145.067;143.396;28.705;27.844;1.407;0.196;0.095;51.342;196.409;139.453;27.302;6.031;1.618;0.000;0.043;0.000;20;37.936;141.294;1;0;0;0;0;0;0;0
8;1;1;1;0.000000;0.000000;1.000000;19616.682977;19616.743793;19616.876976;775463;26320;137746;20;1722;26320;28640;100.000;930.264;1008.890;528.957;567.793;6.874;154960;147284;137746;0.198;0.111;0.070;2.388;1.310;0.080;33.020;31.641;133.149;133.183;131.853;24.793;23.997;1.633;0.293;0.085;60.816;193.999;135.433;41.198;7.864;2.009;0.000;0.033;0.000;19;29.322;129.431;2;0;0;0;0;0;0;0
9;1;1;1;0.000000;0.000000;1.000000;19616.718066;19616.777397;19616.904251;775698;26132;138024;20;1726;26132;28452;100.000;0.779;0.846;530.025;568.951;6.828;154556;147480;138024;0.223;0.109;0.066;2.640;1.152;0.075;30.957;29.740;126.825;126.854;125.680;24.404;23.663;1.931;0.209;0.103;59.331;186.185;129.375;33.603;0.270;1.900;0.000;0.029;0.000;10;27.165;122.998;3;0;0;0;0;0;0;0
10;1;1;1;0.000000;0.000000;1.000000;19616.749047;19616.811082;19616.945707;778020;25568;138278;20;1729;25568;27888;100.000;0.801;0.871;531.000;569.994;6.693;153976;146817;138278;1.134;0.109;0.069;4.163;1.188;0.342;45.247;43.990;134.580;134.625;133.418;33.610;32.972;1.604;0.181;1.066;62.035;196.659;137.497;33.685;0.352;1.803;0.000;0.045;0.001;19;39.896;129.206;2;0;0;0;0;0;0;0
11;1;1;1;0.000000;0.000000;1.000000;19616.782458;19616.843133;19616.976435;778554;23876;139114;19;1739;23876;26080;100.000;0.820;0.892;534.210;573.430;6.259;154586;147875;139114;0.196;0.113;0.068;2.373;1.273;0.081;36.065;34.724;133.279;133.302;132.001;27.055;26.306;1.617;0.267;0.112;60.675;193.977;134.892;32.051;1.282;1.771;0.000;0.023;0.000;9;32.419;129.604;3;0;0;0;0;0;0;0
12;1;1;1;0.000000;0.000000;1.000000;19616.815773;19616.872431;19617.012408;779986;25380;140496;20;1757;25380;27700;100.000;0.646;0.703;539.517;579.143;6.648;155450;148967;140496;0.236;0.109;0.067;2.551;1.196;0.296;39.618;38.355;139.920;139.977;138.754;28.303;27.642;1.645;0.181;0.314;56.658;196.634;137.531;29.298;4.035;1.912;0.000;0.057;0.000;19;35.870;136.145;2;0;0;0;0;0;0;0
13;1;1;1;0.000000;0.000000;1.000000;19616.849672;19616.911878;19617.043096;780926;26132;142868;20;1786;26132;28452;100.000;0.808;0.877;548.626;588.905;6.828;157559;150948;142868;0.190;0.108;0.070;2.265;1.320;0.084;34.424;33.034;131.205;131.218;129.864;26.234;25.438;1.518;0.274;0.106;62.206;193.424;134.887;39.447;6.114;2.175;0.000;0.014;0.000;15;30.839;127.584;3;0;0;0;0;0;0;0
14;1;1;1;0.000000;0.000000;1.000000;19616.884008;19616.944355;19617.081271;782770;26508;144928;21;1812;26508;28944;100.000;0.769;0.836;556.536;597.402;6.947;159221;152767;144928;0.224;0.108;0.067;3.175;1.400;0.419;41.772;40.305;136.914;136.916;135.497;30.509;29.746;1.771;0.193;0.813;60.348;197.263;139.728;32.478;0.856;2.092;0.000;0.002;0.000;18;37.197;132.318;4;0;0;0;0;0;0;0
15;1;1;1;0.000000;0.000000;1.000000;19616.915746;19616.979014;19617.110257;784474;27260;146044;21;1826;27260;29696;100.000;0.856;0.929;560.821;602.004;7.127;159870;153190;146044;0.185;0.111;0.070;2.173;1.417;0.087;33.541;32.054;131.213;131.242;129.790;25.556;24.696;1.412;0.293;0.103;63.268;194.511;135.381;34.659;1.326;2.044;0.000;0.029;0.000;14;29.950;127.585;3;0;0;0;0;0;0;0
16;1;1;1;0.000000;0.000000;1.000000;19616.949126;19617.011040;19617.146772;785193;131788;145822;101;1823;131788;143504;100.000;3.870;4.211;559.969;601.083;34.441;177968;156948;145822;0.219;0.105;0.067;2.936;1.328;0.074;40.111;38.717;135.630;135.732;134.379;29.552;28.812;2.264;0.192;0.089;61.914;197.646;138.563;32.025;1.308;1.998;0.000;0.102;0.000;49;35.848;131.340;4;0;0;0;0;0;0;0
17;1;1;1;0.000000;0.000000;1.000000;19616.982561;19617.045167;19617.177618;782720;28952;144126;22;1802;28952;31504;100.000;619.345;671.896;553.456;594.097;7.561;169048;155711;144126;0.237;0.111;0.068;2.470;1.569;0.469;35.098;33.462;132.429;132.451;130.848;26.499;25.573;1.650;0.300;0.105;62.606;195.057;136.075;34.127;0.794;1.923;0.000;0.022;0.000;17;31.059;128.354;2;0;0;0;0;0;0;0
18;1;1;1;0.000000;0.000000;1.000000;19617.015788;19617.077490;19617.211407;781613;23124;141930;18;1775;23124;25212;100.000;0.665;0.723;545.024;585.055;6.051;164438;152319;141930;0.195;0.109;0.066;2.827;1.027;0.061;37.841;36.748;133.858;133.917;132.871;28.257;27.657;1.468;0.187;0.804;61.702;195.619;136.531;32.323;1.010;1.866;0.000;0.059;0.000;17;33.986;129.983;2;0;0;0;0;0;0;0
19;1;1;1;0.000000;0.000000;1.000000;19617.049166;19617.112446;19617.243885;780006;22560;139740;18;1747;22560;24648;100.000;0.702;0.764;536.614;576.014;5.916;160724;150232;139740;0.196;0.111;0.067;2.188;1.817;0.532;36.318;34.434;131.407;131.439;129.596;27.631;26.570;1.439;0.274;0.103;63.280;194.719;135.675;34.956;1.623;1.851;0.000;0.032;0.000;12;32.312;127.369;3;0;0;0;0;0;0;0
20;1;1;1;0.000000;0.000000;1.000000;19617.082935;19617.144739;19617.270169;780302;22748;138346;18;1730;22748;24836;100.000;0.663;0.721;531.261;570.277;5.961;158111;148368;138346;0.188;0.104;0.065;2.234;1.497;0.100;30.283;28.721;125.400;125.430;123.904;24.143;23.180;1.562;0.207;0.108;61.804;187.234;128.626;32.293;1.041;1.800;0.000;0.030;0.000;12;26.551;121.637;4;0;0;0;0;0;0;0
21;1;1;1;0.000000;0.000000;1.000000;19617.115647;19617.179271;19617.313090;779066;25004;137844;19;1724;25004;27208;100.000;0.812;0.880;529.333;568.214;6.530;156169;147318;137844;0.188;0.106;0.065;2.372;1.524;0.500;46.655;45.067;133.776;133.818;132.271;34.864;34.072;1.734;0.180;0.098;63.624;197.442;138.214;34.533;1.199;1.763;0.000;0.042;0.000;18;42.760;129.855;2;0;0;0;0;0;0;0
22;1;1;1;0.000000;0.000000;1.000000;19617.149557;19617.210208;19617.343780;778280;25192;138092;20;1727;25192;27512;100.000;0.884;0.962;530.286;569.234;6.603;156257;148169;138092;0.188;0.109;0.068;2.398;1.286;0.076;34.569;33.215;133.558;133.572;132.248;25.880;25.116;1.644;0.266;0.124;60.652;194.224;135.570;30.937;2.396;1.802;0.000;0.014;0.000;11;30.885;129.834;3;0;0;0;0;0;0;0
23;1;1;1;0.000000;0.000000;1.000000;19617.182283;19617.238862;19617.380369;778907;25944;138240;20;1728;25944;28264;100.000;0.649;0.705;530.854;569.825;6.783;155625;148274;138240;0.225;0.106;0.065;2.073;0.898;0.051;40.288;39.326;141.487;141.506;140.589;28.471;27.972;1.404;0.182;0.091;56.579;198.086;138.826;28.654;4.679;1.982;0.000;0.020;0.000;14;37.317;138.495;3;0;0;0;0;0;0;0
24;1;1;1;0.000000;0.000000;1.000000;19617.216303;19617.278993;19617.410084;779289;24064;138556;19;1732;24064;26268;100.000;0.750;0.815;532.068;571.129;6.304;155068;147825;138556;0.200;0.114;0.068;2.385;1.522;0.474;32.677;31.087;131.052;131.091;129.542;24.927;23.998;1.612;0.289;0.103;62.691;193.782;135.208;40.131;6.798;2.283;0.000;0.039;0.000;18;28.769;127.117;2;0;0;0;0;0;0;0
25;1;1;1;0.000000;0.000000;1.000000;19617.250993;19617.311265;19617.436803;779739;25192;138952;20;1737;25192;27512;100.000;0.731;0.795;533.588;572.762;6.603;154886;148003;138952;0.186;0.105;0.063;2.183;1.472;0.094;30.622;29.087;125.503;125.539;124.039;24.393;23.450;1.520;0.216;0.092;60.272;185.811;128.594;32.271;1.062;2.207;0.000;0.036;0.000;15;26.968;121.818;3;0;0;0;0;0;0;0
26;1;1;1;0.000000;0.000000;1.000000;19617.282299;19617.345920;19617.472211;779364;26320;139454;20;1744;26320;28640;100.000;803.307;871.202;535.516;574.848;6.874;155037;148137;139454;0.184;0.106;0.065;2.045;1.369;0.413;39.062;37.629;126.171;126.292;124.898;30.930;30.128;1.428;0.183;0.079;63.621;189.912;130.668;34.655;1.322;2.151;0.000;0.121;0.000;20;35.649;122.731;1;0;0;0;0;0;0;0
27;1;1;1;0.000000;0.000000;1.000000;19617.316030;19617.377084;19617.514184;780025;26508;140520;21;1757;26508;28944;100.000;0.946;1.029;539.609;579.235;6.947;155674;148906;140520;0.215;0.104;0.065;4.298;1.743;0.094;45.375;43.567;137.048;137.101;135.325;33.096;32.195;1.419;1.204;1.291;61.053;198.154;139.308;31.164;2.169;2.153;0.000;0.053;0.000;16;39.333;130.972;3;0;0;0;0;0;0;0
28;1;1;1;0.000000;0.000000;1.000000;19617.349134;19617.405253;19617.546356;780373;26508;141820;21;1773;26508;28944;100.000;0.739;0.804;544.601;584.588;6.947;156436;150018;141820;0.192;0.108;0.067;2.576;1.480;0.447;38.221;36.675;141.054;141.103;139.602;27.088;26.271;1.572;0.185;0.452;56.119;197.222;138.146;28.169;5.164;2.341;0.000;0.048;0.000;22;34.165;136.976;2;0;0;0;0;0;0;0
29;1;1;1;0.000000;0.000000;1.000000;19617.382620;19617.441294;19617.577128;781651;27824;143812;22;1798;27824;30376;100.000;0.760;0.827;552.251;592.801;7.290;158103;151744;143812;0.193;0.111;0.069;2.416;1.077;0.066;34.803;33.658;135.817;135.834;134.728;25.622;24.982;1.652;0.278;0.113;58.675;194.509;135.585;36.042;2.708;2.364;0.000;0.017;0.000;16;31.310;132.278;3;0;0;0;0;0;0;0
30;1;1;1;0.000000;0.000000;1.000000;19617.417931;19617.478048;19617.612677;781375;26320;144756;20;1810;26320;28640;100.000;0.756;0.820;555.876;596.697;6.874;158909;152425;144756;0.239;0.105;0.065;2.407;1.140;0.065;39.044;37.839;134.573;134.630;133.467;29.001;28.351;1.728;0.189;0.081;60.117;194.746;137.801;36.753;3.420;2.430;0.000;0.057;0.000;19;35.496;131.002;2;0;0;0;0;0;0;0
31;1;1;1;0.000000;0.000000;1.000000;19617.450157;19617.513114;19617.643540;784392;130660;143948;100;1800;130660;142260;100.000;4.143;4.508;552.773;593.368;34.142;176776;155937;143948;0.185;0.109;0.069;2.409;1.284;0.380;34.405;33.052;130.345;130.426;129.118;26.379;25.598;1.631;0.309;0.107;62.956;193.383;135.331;35.066;1.733;2.386;0.000;0.082;0.000;43;30.712;126.625;6;0;0;0;0;0;0;0
32;1;1;1;0.000000;0.000000;1.000000;19617.482313;19617.544711;19617.677540;782671;28764;141972;22;1775;28764;31316;100.000;0.839;0.911;545.185;585.216;7.516;167823;154032;141972;0.236;0.111;0.070;2.732;1.708;0.104;37.678;35.899;132.810;132.830;131.085;28.365;27.386;1.948;0.286;0.081;62.398;195.227;135.998;31.597;1.736;2.346;0.000;0.019;0.000;15;33.238;128.332;3;0;0;0;0;0;0;0
33;1;1;1;0.000000;0.000000;1.000000;19617.516176;19617.579134;19617.712311;776999;23500;139814;18;1748;23500;25588;100.000;0.736;0.798;536.898;576.321;6.141;162493;151172;139814;0.229;0.108;0.066;3.021;1.194;0.331;39.227;37.968;133.154;133.177;131.967;29.455;28.771;1.411;0.183;1.025;62.957;196.134;137.434;34.423;1.089;2.267;0.000;0.023;0.000;9;35.012;128.922;4;0;0;0;0;0;0;0
34;1;1;1;0.000000;0.000000;1.000000;19617.549148;19617.611223;19617.742507;778650;22936;137648;18;1721;22936;25024;100.000;0.680;0.739;528.581;567.394;6.006;158009;147496;137648;0.193;0.109;0.067;2.161;1.323;0.081;34.397;33.008;131.266;131.284;129.934;26.201;25.404;1.416;0.282;0.095;62.075;193.359;134.298;32.090;1.244;2.203;0.000;0.018;0.000;11;30.914;127.753;3;0;0;0;0;0;0;0
35;1;1;1;0.000000;0.000000;1.000000;19617.582743;19617.645145;19617.779179;778007;23312;137154;18;1715;23312;25400;100.000;0.678;0.736;526.684;565.362;6.096;156436;146459;137154;0.187;0.106;0.066;2.847;1.074;0.309;40.163;39.023;134.012;134.034;132.943;29.965;29.354;1.479;0.229;0.780;62.402;196.435;137.636;33.921;0.588;2.102;0.000;0.022;0.000;11;36.242;130.073;3;0;0;0;0;0;0;0
36;1;1;1;0.000000;0.000000;1.000000;19617.615773;19617.679746;19617.810374;776483;25192;138046;20;1726;25192;27512;100.000;0.811;0.882;530.109;569.035;6.603;155955;147025;138046;0.190;0.108;0.067;2.175;1.601;0.089;35.091;33.424;130.614;130.628;128.988;26.864;25.913;1.432;0.270;0.109;63.973;194.602;135.498;34.601;1.268;2.050;0.000;0.014;0.000;12;31.316;126.798;3;0;0;0;0;0;0;0
37;1;1;1;0.000000;0.000000;1.000000;19617.649123;19617.710962;19617.847545;781287;26132;139346;20;1742;26132;28452;100.000;0.771;0.836;535.101;574.388;6.828;157465;149465;139346;0.327;0.105;0.065;3.498;1.018;0.060;40.963;39.881;136.556;136.583;135.546;29.991;29.422;1.777;0.178;1.046;61.839;198.422;139.335;31.216;2.118;2.054;0.000;0.027;0.000;11;36.447;132.019;4;0;0;0;0;0;0;0
38;1;1;1;0.000000;0.000000;1.000000;19617.682023;19617.745036;19617.876323;780329;27824;141098;22;1764;27824;30376;100.000;0.850;0.925;541.829;581.612;7.290;157640;150117;141098;0.194;0.111;0.071;2.224;1.733;0.663;33.279;31.475;131.251;131.288;129.523;25.348;24.301;1.398;0.294;0.157;63.012;194.300;134.781;34.074;0.741;1.972;0.000;0.037;0.000;21;29.322;127.261;2;0;0;0;0;0;0;0
39;1;1;1;0.000000;0.000000;1.000000;19617.715691;19617.777896;19617.902821;780785;29140;142238;23;1778;29140;31808;100.000;0.836;0.910;546.206;586.306;7.634;158183;150821;142238;0.181;0.106;0.065;2.488;1.335;0.078;30.386;28.987;124.893;124.925;123.572;24.324;23.457;1.811;0.197;0.128;62.204;187.130;127.945;32.860;0.473;1.878;0.000;0.032;0.001;15;26.563;121.032;3;0;0;0;0;0;0;0
40;1;1;1;0.000000;0.000000;1.000000;19617.749190;19617.812909;19617.945863;785430;29516;143844;23;1799;29516;32184;100.000;0.955;1.039;552.373;592.946;7.724;159338;152086;143844;0.189;0.104;0.065;2.384;1.399;0.437;46.856;45.393;132.912;132.954;131.532;35.243;34.511;1.761;0.192;0.073;63.720;196.674;137.654;35.013;1.680;1.866;0.000;0.042;0.000;17;43.073;129.105;4;0;0;0;0;0;0;0
41;1;1;1;0.000000;0.000000;1.000000;19617.782491;19617.843944;19617.977402;789479;31020;146416;24;1831;31020;33804;100.000;1.098;1.193;562.250;603.545;8.113;161451;154261;146416;0.198;0.115;0.072;2.436;1.215;0.070;35.317;34.030;133.422;133.457;132.218;26.463;25.738;1.640;0.312;0.099;61.454;194.911;135.859;31.035;2.298;1.893;0.000;0.035;0.000;12;31.666;129.745;4;0;0;0;0;0;0;0
42;1;1;1;0.000000;0.000000;1.000000;19617.815465;19617.872338;19618.007251;789348;31772;148106;25;1852;31772;34672;100.000;0.783;0.852;568.740;610.508;8.321;163175;156456;148106;0.223;0.108;0.067;2.067;1.493;0.452;33.497;31.937;134.871;134.914;133.395;24.829;23.942;1.394;0.193;0.082;56.873;191.786;132.375;28.393;4.940;2.083;0.000;0.043;0.000;19;29.937;131.284;4;0;0;0;0;0;0;0
43;1;1;1;0.000000;0.000000;1.000000;19617.849601;19617.913091;19618.045328;792714;31772;149298;25;1867;31772;34672;100.000;1.029;1.120;573.317;615.424;8.321;164202;157630;149298;0.197;0.111;0.071;2.925;1.150;0.065;41.635;40.415;132.185;132.237;131.063;31.485;30.836;1.427;0.193;0.926;63.490;195.727;137.119;40.754;7.420;2.417;0.000;0.052;0.000;24;37.561;128.085;2;0;0;0;0;0;0;0
44;1;1;1;0.000000;0.000000;1.000000;19617.884579;19617.944113;19618.082134;790865;31960;150365;25;1880;31960;34860;100.000;1.128;1.227;577.414;619.814;8.366;165443;158450;150365;0.223;0.109;0.067;3.563;1.716;0.508;40.879;39.096;137.989;138.022;136.284;29.618;28.687;1.427;0.202;1.536;59.534;197.556;140.592;31.021;2.312;2.410;0.000;0.032;0.001;12;35.600;132.685;3;0;0;0;0;0;0;0
45;1;1;1;0.000000;0.000000;1.000000;19617.915601;19617.972585;19618.110947;787976;32336;151606;25;1896;32336;35236;100.000;0.818;0.888;582.180;624.941;8.457;166156;159454;151606;0.190;0.111;0.070;2.485;1.236;0.070;34.078;32.772;138.307;138.362;137.095;24.629;23.905;1.693;0.318;0.103;56.984;195.346;136.071;28.472;4.861;2.564;0.000;0.055;0.000;24;30.357;134.553;2;0;0;0;0;0;0;0
46;1;1;1;0.000000;0.000000;1.000000;19617.949087;19618.012313;19618.147946;789717;145888;151650;111;1896;145888;158764;100.000;4.618;5.022;582.348;625.110;38.103;188890;165163;151650;0.189;0.106;0.068;4.566;1.943;0.110;40.712;38.701;135.595;135.633;133.655;30.016;28.956;1.679;1.226;1.298;63.226;198.859;139.737;39.728;6.395;2.803;0.000;0.039;0.000;29;34.203;129.048;8;0;0;0;0;0;0;0
47;1;1;1;0.000000;0.000000;1.000000;19617.983530;19618.043972;19618.182601;784950;29892;150558;23;1882;29892;32560;100.000;0.872;0.947;578.155;620.601;7.814;179115;163191;150558;0.193;0.106;0.066;4.587;2.055;0.649;41.161;39.040;138.580;138.629;136.540;29.691;28.592;1.702;1.218;1.303;60.442;199.071;141.058;31.659;1.674;2.733;0.000;0.049;0.000;22;34.518;131.902;2;0;0;0;0;0;0;0
48;1;1;1;0.000000;0.000000;1.000000;19618.015569;19618.078383;19618.213206;781130;24440;148538;19;1857;24440;26644;100.000;0.717;0.779;570.398;612.280;6.395;174491;161518;148538;0.236;0.109;0.068;2.675;1.368;0.088;37.255;35.819;134.779;134.823;133.431;27.632;26.845;1.957;0.230;0.076;62.814;197.637;138.330;34.411;1.078;2.629;0.000;0.044;0.000;14;33.212;130.712;5;0;0;0;0;0;0;0
49;1;1;1;0.000000;0.000000;1.000000;19618.049222;19618.112648;19618.248156;780468;24816;147276;19;1841;24816;27020;100.000;0.735;0.798;565.552;607.073;6.485;169683;158314;147276;0.182;0.108;0.067;2.081;1.902;0.606;38.985;37.016;135.469;135.509;133.580;28.769;27.711;1.432;0.211;0.082;63.426;198.934;139.947;34.265;0.931;2.523;0.000;0.039;0.000;18;35.002;131.456;2;0;0;0;0;0;0;0
50;1;1;1;0.000000;0.000000;1.000000;19618.083145;19618.146731;19618.276702;783376;25192;146748;20;1835;25192;27512;100.000;0.734;0.799;563.525;604.910;6.603;166714;156688;146748;0.194;0.113;0.072;2.207;1.607;0.095;32.533;30.855;129.847;129.971;128.345;25.031;24.040;1.429;0.302;0.098;63.586;193.557;135.159;34.084;0.750;2.412;0.000;0.124;0.000;20;28.719;126.012;2;0;0;0;0;0;0;0
51;1;1;1;0.000000;0.000000;1.000000;19618.115639;19618.181169;19618.303880;787237;29140;145970;23;1825;29140;31808;100.000;0.915;0.995;560.537;601.697;7.634;163927;154647;145970;0.185;0.108;0.066;2.382;1.726;0.277;30.983;29.191;122.675;122.711;120.959;25.249;24.133;1.664;0.228;0.132;65.530;188.241;129.004;34.438;1.105;2.330;0.000;0.035;0.000;18;26.875;118.540;3;0;0;0;0;0;0;0
52;1;1;1;0.000000;0.000000;1.000000;19618.150204;19618.213214;19618.340340;787734;30832;147302;24;1842;30832;33616;100.000;1.004;1.091;565.652;607.195;8.068;163921;154970;147302;0.218;0.108;0.066;2.140;1.434;0.410;40.572;39.072;127.093;127.127;125.674;31.914;31.090;1.397;0.195;0.157;63.010;190.137;132.131;32.044;1.289;2.265;0.000;0.034;0.000;16;36.998;123.499;3;0;0;0;0;0;0;0
53;1;1;1;0.000000;0.000000;1.000000;19618.181661;19618.244024;19618.378671;787059;31396;148046;24;1851;31396;34180;100.000;1.117;1.213;568.509;610.255;8.203;163880;155377;148046;0.188;0.110;0.068;2.768;0.986;0.068;41.903;40.850;134.598;134.648;133.644;31.120;30.566;1.490;0.194;0.717;62.362;197.010;137.129;30.810;2.523;2.282;0.000;0.050;0.000;24;38.150;130.825;2;0;0;0;0;0;0;0
54;1;1;1;0.000000;0.000000;1.000000;19618.216155;19618.272267;19618.410288;786051;31396;148712;24;1859;31396;34180;100.000;0.875;0.950;571.067;612.993;8.203;163752;156015;148712;0.197;0.112;0.069;2.420;1.993;0.746;35.364;33.302;137.995;138.022;136.007;25.622;24.486;1.645;0.297;0.100;56.112;194.133;135.412;28.243;5.090;2.457;0.000;0.027;0.000;14;30.951;133.559;4;0;0;0;0;0;0;0
55;1;1;1;0.000000;0.000000;1.000000;19618.249712;19618.308316;19618.446703;796213;30268;148706;23;1859;30268;32936;100.000;606.556;658.108;571.044;612.970;7.905;163350;156198;148706;0.186;0.105;0.066;4.539;1.439;0.077;40.819;39.314;138.358;138.387;136.921;29.496;28.713;1.649;1.221;1.313;58.604;196.991;138.494;36.049;2.716;2.473;0.000;0.029;0.001;13;34.841;132.350;2;0;0;0;0;0;0;0
56;1;1;1;0.000000;0.000000;1.000000;19618.284595;19618.346419;19618.482502;790191;30080;148654;23;1859;30080;32748;100.000;0.971;1.054;570.844;612.770;7.860;162711;155789;148654;0.182;0.109;0.067;2.459;1.824;0.569;41.771;39.881;136.017;136.083;134.230;30.695;29.711;1.463;0.204;0.435;61.824;197.907;140.959;38.103;4.770;2.617;0.000;0.066;0.000;22;37.488;131.703;2;0;0;0;0;0;0;0
57;1;1;1;0.000000;0.000000;1.000000;19618.315500;19618.377521;19618.511033;798808;30832;148762;24;1860;30832;33616;100.000;0.895;0.973;571.259;613.208;8.068;162756;155654;148762;0.186;0.112;0.069;2.449;1.249;0.077;32.814;31.497;133.474;133.512;132.239;24.578;23.818;1.662;0.309;0.112;62.021;195.533;136.157;31.102;2.231;2.593;0.000;0.038;0.001;19;29.116;129.748;4;0;0;0;0;0;0;0
58;1;1;1;0.000000;0.000000;1.000000;19618.348901;19618.412131;19618.548413;797924;30456;149280;24;1866;30456;33240;100.000;0.911;0.992;573.248;615.332;7.978;163186;156181;149280;0.213;0.106;0.067;3.507;1.831;0.600;41.077;39.179;136.227;136.282;134.430;30.141;29.145;1.463;0.220;1.438;63.230;199.512;140.203;34.610;1.277;2.510;0.000;0.055;0.000;23;35.738;130.866;2;0;0;0;0;0;0;0
59;1;1;1;0.000000;0.000000;1.000000;19618.382868;19618.445721;19618.582038;794477;30456;149798;24;1873;30456;33240;100.000;0.930;1.012;575.237;617.479;7.978;163385;156786;149798;0.213;0.106;0.066;4.309;1.759;0.103;38.954;37.129;136.260;136.316;134.531;28.576;27.599;1.403;1.221;1.300;62.853;199.170;140.495;33.590;0.257;2.370;0.000;0.056;0.000;23;32.885;130.163;2;0;0;0;0;0;0;0
60;1;1;1;0.000000;0.000000;1.000000;19618.415614;19618.478644;19618.612956;789053;30644;150698;24;1884;30644;33428;100.000;0.895;0.974;578.693;621.183;8.023;164074;157604;150698;0.194;0.113;0.070;2.579;1.504;0.478;36.979;35.406;134.280;134.311;132.788;27.533;26.664;1.699;0.197;0.306;63.030;197.341;138.080;32.923;0.410;2.247;0.000;0.031;0.000;14;32.897;130.167;3;0;0;0;0;0;0;0
61;1;1;1;0.000000;0.000000;1.000000;19618.449376;19618.513074;19618.648753;783874;143632;149328;110;1867;143632;156392;100.000;4.386;4.773;573.432;615.539;37.534;186216;162709;149328;0.196;0.108;0.067;4.498;1.762;0.105;39.853;38.024;135.605;135.679;133.873;29.373;28.403;1.601;1.223;1.304;63.698;199.376;140.543;34.430;1.096;2.175;0.000;0.074;0.001;36;33.593;129.299;8;0;0;0;0;0;0;0
62;1;1;1;0.000000;0.000000;1.000000;19618.483011;19618.545919;19618.679511;782785;28764;146986;22;1838;28764;31316;100.000;0.828;0.898;564.439;605.892;7.516;175811;160606;146986;0.194;0.113;0.069;2.420;1.669;0.492;37.034;35.296;133.548;133.591;131.900;27.722;26.760;1.652;0.192;0.201;62.908;196.500;137.968;32.845;0.488;2.070;0.000;0.044;0.000;21;32.945;129.435;2;0;0;0;0;0;0;0
63;1;1;1;0.000000;0.000000;1.000000;19618.515248;19618.580928;19618.711850;782791;23312;145010;18;1813;23312;25400;100.000;0.753;0.817;556.851;597.740;6.096;170311;157273;145010;0.189;0.109;0.067;2.701;1.074;0.065;36.433;35.292;130.866;130.923;129.832;27.828;27.183;1.517;0.189;0.631;65.680;196.602;136.974;35.008;1.675;2.045;0.000;0.057;0.000;17;32.658;127.073;2;0;0;0;0;0;0;0
64;1;1;1;0.000000;0.000000;1.000000;19618.549591;19618.612132;19618.744145;782127;22184;143356;17;1792;22184;24156;100.000;0.630;0.683;550.500;590.915;5.797;165342;154121;143356;0.193;0.111;0.071;2.446;1.312;0.081;36.048;34.665;131.994;132.013;130.667;27.306;26.530;1.653;0.307;0.111;62.541;194.554;135.936;31.204;2.129;2.050;0.000;0.020;0.000;8;32.290;128.199;4;0;0;0;0;0;0;0
65;1;1;1;0.000000;0.000000;1.000000;19618.582261;19618.647582;19618.771402;785507;22748;142428;18;1781;22748;24836;100.000;0.717;0.780;546.936;587.103;5.961;163256;152932;142428;0.184;0.104;0.065;2.259;1.591;0.487;31.021;29.365;123.777;123.820;122.204;25.053;24.030;1.619;0.188;0.100;65.321;189.141;129.859;35.450;2.116;2.054;0.000;0.043;0.000;13;27.170;119.900;3;0;0;0;0;0;0;0
66;1;1;1;0.000000;0.000000;1.000000;19618.615980;19618.679424;19618.812748;789017;24252;142296;19;1779;24252;26456;100.000;0.781;0.849;546.429;586.551;6.349;161188;152020;142296;0.186;0.105;0.065;2.397;1.128;0.065;45.195;44.002;133.289;133.324;132.172;33.899;33.292;1.764;0.189;0.088;63.444;196.768;137.872;31.842;1.491;2.019;0.000;0.035;0.000;11;41.670;129.738;4;0;0;0;0;0;0;0
67;1;1;1;0.000000;0.000000;1.000000;19618.648909;19618.710614;19618.844156;789641;25756;142550;20;1782;25756;28076;100.000;0.901;0.979;547.404;587.594;6.738;160740;151686;142550;0.234;0.112;0.069;2.315;1.605;0.423;34.928;33.254;133.516;133.542;131.912;26.155;25.210;1.512;0.287;0.102;61.705;195.247;135.946;31.190;2.144;2.027;0.000;0.026;0.000;10;31.008;129.569;4;0;0;0;0;0;0;0
68;1;1;1;0.000000;0.000000;1.000000;19618.682226;19618.739319;19618.879312;784718;26320;142638;20;1783;26320;28640;100.000;489.448;530.816;547.742;587.954;6.874;159950;152008;142638;1.167;0.108;0.067;4.233;0.932;0.053;39.083;38.084;139.963;139.993;139.046;27.918;27.390;1.635;0.185;1.072;57.093;197.087;137.769;28.705;4.628;2.190;0.000;0.031;0.000;14;33.917;134.781;2;0;0;0;0;0;0;0
69;1;1;1;0.000000;0.000000;1.000000;19618.715876;19618.778249;19618.911000;778159;27636;142942;21;1787;27636;30072;100.000;0.841;0.912;548.910;589.212;7.217;159288;151492;142942;0.185;0.109;0.068;2.185;1.967;0.508;36.836;34.801;132.720;132.751;130.754;27.748;26.616;1.436;0.276;0.112;62.373;195.124;136.124;38.931;5.597;2.403;0.000;0.031;0.000;12;32.683;128.536;3;0;0;0;0;0;0;0
70;1;1;1;0.000000;0.000000;1.000000;19618.750351;19618.811269;19618.945931;776327;28200;143886;22;1799;28200;30752;100.000;0.816;0.887;552.535;593.108;7.380;159613;152210;143886;0.193;0.108;0.068;2.528;1.128;0.067;39.082;37.887;134.639;134.662;133.513;29.022;28.377;1.605;0.188;0.367;60.918;195.580;137.722;33.020;0.313;2.272;0.000;0.023;0.000;9;35.426;130.953;5;0;0;0;0;0;0;0
71;1;1;1;0.000000;0.000000;1.000000;19618.782269;19618.846020;19618.976987;786883;29516;145096;23;1814;29516;32184;100.000;0.920;1.001;557.181;598.092;7.724;160796;153432;145096;0.193;0.110;0.070;2.289;1.379;0.086;34.698;33.250;130.931;130.967;129.557;26.494;25.664;1.506;0.299;0.112;63.750;194.718;135.444;34.751;1.417;2.219;0.000;0.036;0.000;14;31.030;127.230;3;0;0;0;0;0;0;0
72;1;1;1;0.000000;0.000000;1.000000;19618.815708;19618.878219;19619.014243;787146;28764;146492;22;1832;28764;31316;100.000;0.824;0.894;562.542;603.859;7.516;161800;154247;146492;0.186;0.108;0.067;3.215;1.642;0.472;40.935;39.226;136.007;136.024;134.366;30.094;29.194;1.374;0.192;1.289;62.512;198.535;139.367;32.199;1.134;2.151;0.000;0.016;0.000;15;36.078;131.132;3;0;0;0;0;0;0;0
73;1;1;1;0.000000;0.000000;1.000000;19618.848785;19618.913320;19619.043249;781047;28576;148748;22;1860;28576;31128;100.000;0.912;0.991;571.205;613.154;7.471;163950;156756;148748;0.238;0.113;0.070;2.286;1.435;0.090;33.842;32.337;129.776;129.929;128.459;26.047;25.173;1.456;0.302;0.108;64.535;194.464;135.039;35.101;1.767;2.127;0.000;0.153;0.000;22;30.120;126.019;2;0;0;0;0;0;0;0
74;1;1;1;0.000000;0.000000;1.000000;19618.882332;19618.944807;19619.080327;782459;29516;150270;23;1879;29516;32184;100.000;0.862;0.937;577.049;619.427;7.724;164822;157635;150270;0.189;0.111;0.066;4.574;1.843;0.483;40.808;38.899;135.505;135.520;133.654;30.112;29.105;1.698;1.217;1.294;62.475;197.994;138.784;31.487;1.846;2.109;0.000;0.014;0.001;17;34.391;129.064;3;0;0;0;0;0;0;0
75;1;1;1;0.000000;0.000000;1.000000;19618.916039;19618.979233;19619.112484;781579;29704;150762;23;1885;29704;32372;100.000;0.939;1.020;578.939;621.452;7.769;164842;157615;150762;0.192;0.111;0.069;2.897;1.065;0.065;38.571;37.437;133.216;133.251;132.162;28.946;28.327;1.422;0.198;0.907;63.195;196.445;137.608;34.426;1.093;2.046;0.000;0.035;0.000;14;34.609;129.229;3;0;0;0;0;0;0;0
76;1;1;1;0.000000;0.000000;1.000000;19618.948894;19619.011043;19619.145420;784181;144196;151052;110;1889;144196;156956;100.000;4.200;4.568;580.052;622.656;37.669;189415;164593;151052;0.190;0.111;0.071;2.205;1.587;0.455;36.897;35.239;134.363;134.377;132.769;27.458;26.542;1.438;0.276;0.120;62.150;196.526;137.210;31.810;1.524;2.013;0.000;0.014;0.001;47;33.105;130.548;6;0;0;0;0;0;0;0
77;1;1;1;0.000000;0.000000;1.000000;19618.982037;19619.045448;19619.178467;782861;27824;150492;22;1882;27824;30376;100.000;0.826;0.899;577.902;620.347;7.290;180170;164536;150492;0.196;0.113;0.071;2.422;1.159;0.065;36.834;35.604;132.991;133.018;131.838;27.691;27.006;1.661;0.198;0.184;63.411;196.430;136.924;34.405;1.072;1.954;0.000;0.027;0.000;11;33.253;129.387;4;0;0;0;0;0;0;0
78;1;1;1;0.000000;0.000000;1.000000;19619.015954;19619.079260;19619.210548;779451;21244;148910;17;1862;21244;23216;100.000;0.668;0.727;571.827;613.821;5.572;175479;161871;148910;0.190;0.111;0.071;2.498;1.573;0.443;35.651;34.008;131.246;131.288;129.686;27.155;26.223;1.690;0.312;0.125;63.306;194.594;135.672;33.811;0.478;1.862;0.000;0.043;0.000;16;31.580;127.143;2;0;0;0;0;0;0;0
79;1;1;1;0.000000;0.000000;1.000000;19619.048784;19619.111223;19619.246884;784719;22184;147042;17;1839;22184;24156;100.000;0.631;0.685;564.654;606.129;5.797;169419;157892;147042;0.229;0.111;0.068;3.551;1.266;0.075;40.413;39.079;135.617;135.661;134.376;29.790;29.082;1.503;0.190;1.451;62.439;198.100;138.674;31.963;1.371;1.831;0.000;0.044;0.000;18;35.595;130.779;2;0;0;0;0;0;0;0
80;1;1;1;0.000000;0.000000;1.000000;19619.082700;19619.146574;19619.277783;780701;25004;146382;19;1830;25004;27208;100.000;678.723;735.960;562.119;603.392;6.530;166275;156096;146382;0.190;0.111;0.069;2.395;1.578;0.419;35.695;34.049;131.161;131.210;129.604;27.204;26.271;1.618;0.306;0.102;63.873;195.083;136.240;35.351;2.018;1.843;0.000;0.049;0.000;19;31.722;127.149;1;0;0;0;0;0;0;0
81;1;1;1;0.000000;0.000000;1.000000;19619.115710;19619.178371;19619.312167;785754;27824;145442;22;1819;27824;30376;100.000;0.837;0.910;558.510;599.534;7.290;164319;154457;145442;0.192;0.109;0.067;3.112;1.243;0.072;38.358;37.048;133.766;133.796;132.529;28.669;27.955;1.432;0.201;1.111;62.661;196.458;137.291;31.797;1.536;1.824;0.000;0.030;0.000;11;34.003;129.386;3;0;0;0;0;0;0;0
82;1;1;1;0.000000;0.000000;1.000000;19619.148440;19619.211782;19619.343263;783308;28200;145720;22;1822;28200;30752;100.000;0.850;0.924;559.577;600.669;7.380;163778;154859;145720;0.238;0.113;0.070;2.267;1.525;0.086;35.449;33.855;131.454;131.481;129.934;26.961;26.055;1.449;0.300;0.097;63.342;194.823;135.054;33.411;0.078;1.715;0.000;0.028;0.000;11;31.658;127.638;4;0;0;0;0;0;0;0
83;1;1;1;0.000000;0.000000;1.000000;19619.182292;19619.245106;19619.379114;782737;27260;145846;21;1824;27260;29696;100.000;0.801;0.870;560.061;601.198;7.127;163091;155011;145846;0.188;0.110;0.068;2.844;1.403;0.417;39.644;38.173;133.978;134.008;132.586;29.583;28.791;1.468;0.191;0.820;62.814;196.821;137.571;33.324;0.009;1.608;0.000;0.030;0.000;20;35.397;129.712;2;0;0;0;0;0;0;0
84;1;1;1;0.000000;0.000000;1.000000;19619.215713;19619.279325;19619.410664;781874;28764;146012;22;1826;28764;31316;100.000;0.919;0.998;560.699;601.881;7.516;163282;155637;146012;0.204;0.113;0.070;2.233;1.480;0.091;35.781;34.231;131.295;131.339;129.827;27.243;26.367;1.450;0.293;0.104;63.611;194.950;135.788;34.219;0.886;1.563;0.000;0.043;0.000;21;32.068;127.550;2;0;0;0;0;0;0;0
85;1;1;1;0.000000;0.000000;1.000000;19619.249262;19619.310754;19619.438170;780545;24628;146308;19;1829;24628;26832;100.000;0.710;0.771;561.835;603.085;6.440;163263;155730;146308;0.179;0.112;0.066;2.297;1.542;0.461;31.227;29.620;126.918;127.416;125.854;24.508;23.535;1.646;0.202;0.093;61.492;188.908;129.960;31.429;1.905;1.584;0.000;0.499;0.000;19;27.389;123.057;2;0;0;0;0;0;0;0
86;1;1;1;0.000000;0.000000;1.000000;19619.282046;19619.345588;19619.480480;778343;27072;146104;21;1827;27072;29508;100.000;0.851;0.924;561.052;602.256;7.082;162397;154818;146104;1.147;0.110;0.068;4.417;1.178;0.072;46.145;44.899;134.878;134.892;133.694;34.209;33.584;1.622;0.278;1.193;63.542;198.434;138.937;34.834;1.501;1.579;0.000;0.014;0.000;17;40.550;129.260;3;0;0;0;0;0;0;0
87;1;1;1;0.000000;0.000000;1.000000;19619.315597;19619.377539;19619.514487;778458;26320;145634;20;1821;26320;28640;100.000;0.902;0.978;559.247;600.316;6.874;161543;154284;145634;0.187;0.110;0.068;4.540;2.126;0.521;39.582;37.388;136.918;136.948;134.787;28.903;27.739;1.650;1.213;1.313;61.942;198.890;139.611;31.951;1.382;1.567;0.000;0.030;0.000;10;32.916;130.214;4;0;0;0;0;0;0;0
88;1;1;1;0.000000;0.000000;1.000000;19619.348808;19619.406874;19619.548421;778592;28764;145652;22;1821;28764;31316;100.000;0.753;0.818;559.316;600.385;7.516;160973;153893;145652;0.187;0.108;0.067;3.011;1.460;0.084;40.612;39.086;141.498;141.547;140.068;28.692;27.905;1.416;0.191;1.043;58.066;199.613;140.211;29.335;3.999;1.719;0.000;0.049;0.000;21;36.141;137.006;2;0;0;0;0;0;0;0
89;1;1;1;0.000000;0.000000;1.000000;19619.383121;19619.445219;19619.577956;779952;29516;146464;23;1831;29516;32184;100.000;0.877;0.954;562.434;603.729;7.724;161012;153984;146464;0.185;0.111;0.071;2.304;1.605;0.417;33.992;32.316;132.720;132.737;131.103;25.609;24.650;1.526;0.294;0.118;62.098;194.835;136.413;38.345;5.011;1.925;0.000;0.018;0.000;13;30.083;128.780;5;0;0;0;0;0;0;0
90;1;1;1;0.000000;0.000000;1.000000;19619.416993;19619.478998;19619.612361;779674;29516;148650;23;1859;29516;32184;100.000;0.875;0.952;570.828;612.755;7.724;162890;156228;148650;0.192;0.111;0.070;3.395;1.060;0.066;38.301;37.171;133.293;133.363;132.277;28.719;28.101;1.819;0.242;0.962;62.006;195.368;137.485;33.780;0.447;1.832;0.000;0.070;0.000;22;33.845;128.796;2;0;0;0;0;0;0;0
91;1;1;1;0.000000;0.000000;1.000000;19619.448818;19619.512956;19619.646423;781083;142692;149974;109;1875;142692;155336;100.000;4.435;4.825;575.913;618.200;37.281;187045;162867;149974;0.195;0.113;0.070;2.870;1.633;0.560;38.516;36.814;133.428;133.468;131.811;28.858;27.929;1.446;0.197;0.850;64.137;197.605;138.214;33.957;0.624;1.757;0.000;0.040;0.000;96;34.013;128.900;5;0;0;0;0;0;0;0
92;1;1;1;0.000000;0.000000;1.000000;19619.482817;19619.545207;19619.673891;780537;27448;150044;21;1876;27448;29884;100.000;0.800;0.868;576.181;618.492;7.172;179214;162911;150044;0.223;0.106;0.068;2.053;1.170;0.070;31.968;30.730;128.561;128.684;127.490;24.842;24.104;1.384;0.196;0.075;62.390;191.074;132.348;32.251;1.082;1.715;0.000;0.124;0.000;20;28.745;125.312;2;0;0;0;0;0;0;0
93;1;1;1;0.000000;0.000000;1.000000;19619.516068;19619.579683;19619.712108;773046;21620;148126;17;1852;21620;23592;100.000;0.692;0.752;568.816;610.585;5.662;174305;159747;148126;0.197;0.110;0.068;2.950;0.956;0.061;41.445;40.422;132.378;132.425;131.454;31.297;30.750;1.439;0.193;0.944;63.615;196.040;137.232;34.476;1.143;1.679;0.000;0.047;0.000;14;37.539;128.454;3;0;0;0;0;0;0;0
94;1;1;1;0.000000;0.000000;1.000000;19619.549901;19619.611077;19619.743454;770822;21244;145994;17;1825;21244;23216;100.000;0.754;0.821;560.629;601.789;5.572;169087;156055;145994;0.189;0.109;0.068;2.477;1.474;0.409;35.241;33.700;130.497;132.377;130.881;26.622;25.748;1.717;0.301;0.094;61.176;193.553;135.244;31.394;1.939;1.695;0.000;1.880;0.000;17;31.290;126.523;2;0;0;0;0;0;0;0
95;1;1;1;0.000000;0.000000;1.000000;19619.582046;19619.639412;19619.778889;778859;24440;143854;19;1799;24440;26644;100.000;0.631;0.686;552.412;592.985;6.395;164406;152906;143854;0.189;0.109;0.067;2.613;1.055;0.062;39.388;38.267;139.437;139.477;138.405;28.240;27.648;1.546;0.188;0.515;57.366;196.843;137.346;28.336;4.998;1.901;0.000;0.040;0.000;19;35.720;135.751;2;0;0;0;0;0;0;0
96;1;1;1;0.000000;0.000000;1.000000;19619.615980;19619.678325;19619.810464;778333;27824;144278;22;1804;27824;30376;100.000;0.855;0.931;554.040;594.726;7.290;163593;153224;144278;0.195;0.109;0.069;2.224;1.794;0.525;35.226;33.363;132.098;132.139;130.314;26.659;25.602;1.442;0.299;0.111;62.345;194.484;135.587;38.912;5.579;2.131;0.000;0.042;0.000;20;31.208;128.048;2;0;0;0;0;0;0;0
97;1;1;1;0.000000;0.000000;1.000000;19619.649436;19619.710992;19619.846234;782798;29328;144196;23;1803;29328;31996;100.000;0.864;0.940;553.725;594.388;7.679;163670;154086;144196;0.192;0.112;0.069;4.580;1.242;0.067;39.796;38.486;135.221;135.242;133.982;29.426;28.725;1.699;1.211;1.299;61.557;196.799;138.025;32.668;0.666;2.040;0.000;0.021;0.001;14;33.974;129.378;4;0;0;0;0;0;0;0
98;1;1;1;0.000000;0.000000;1.000000;19619.682143;19619.745067;19619.880925;781418;28576;144552;22;1807;28576;31128;100.000;0.880;0.956;555.092;595.846;7.471;163039;154739;144552;0.181;0.104;0.065;2.437;1.731;0.536;40.506;38.711;135.821;135.858;134.106;29.815;28.866;1.816;0.191;0.080;62.924;198.782;139.383;34.075;0.742;1.959;0.000;0.037;0.000;10;36.338;131.630;4;0;0;0;0;0;0;0
99;1;1;1;0.000000;0.000000;1.000000;19619.715350;19619.777678;19619.911237;777382;28200;144056;22;1801;28200;30752;100.000;0.818;0.889;553.188;593.806;7.380;161417;153676;144056;0.191;0.111;0.070;2.296;1.136;0.070;34.465;33.260;133.523;133.559;132.391;25.805;25.123;1.537;0.278;0.110;62.328;195.887;136.360;32.611;0.722;1.881;0.000;0.036;0.000;18;31.034;130.057;4;0;0;0;0;0;0;0
100;1;1;1;0.000000;0.000000;1.000000;19619.748731;19619.812312;19619.947566;778267;26696;144366;21;1805;26696;29132;100.000;0.809;0.880;554.378;595.086;6.992;160876;153203;144366;0.183;0.108;0.066;3.087;1.716;0.482;39.754;37.973;135.238;135.254;133.503;29.392;28.443;1.470;0.276;0.985;63.580;198.835;139.357;34.634;1.300;1.845;0.000;0.017;0.000;12;34.951;130.397;4;0;0;0;0;0;0;0
101;1;1;1;0.000000;0.000000;1.000000;19619.782560;19619.845460;19619.976040;780699;27072;144336;21;1805;27072;29508;100.000;0.819;0.890;554.263;594.971;7.082;160024;152242;144336;0.200;0.112;0.069;2.213;1.505;0.090;33.275;31.701;130.546;130.580;129.044;25.482;24.566;1.440;0.289;0.105;62.899;193.480;134.497;33.148;0.185;1.741;0.000;0.034;0.000;19;29.557;126.793;3;0;0;0;0;0;0;0
102;1;1;1;0.000000;0.000000;1.000000;19619.815453;19619.878674;19620.003756;780328;26508;144522;21;1807;26508;28944;100.000;0.776;0.845;554.977;595.730;6.947;160062;152515;144522;0.179;0.105;0.066;2.913;1.955;0.111;31.435;29.415;125.067;125.082;123.101;25.132;23.895;1.821;0.230;0.511;63.221;188.303;128.880;33.214;0.119;1.640;0.000;0.015;0.000;8;26.568;120.170;5;0;0;0;0;0;0;0
103;1;1;1;0.000000;0.000000;1.000000;19619.849069;19619.913011;19620.045531;782351;26696;144662;21;1809;26696;29132;100.000;0.875;0.951;555.515;596.313;6.992;160176;152849;144662;0.198;0.110;0.065;2.363;1.550;0.454;46.642;45.028;132.486;132.520;130.946;35.196;34.386;1.724;0.190;0.077;63.942;196.462;137.322;34.337;1.004;1.600;0.000;0.034;0.000;13;42.729;128.548;3;0;0;0;0;0;0;0
104;1;1;1;0.000000;0.000000;1.000000;19619.882533;19619.943686;19620.077087;782164;26696;144698;21;1809;26696;29132;100.000;0.941;1.024;555.653;596.451;6.992;159956;152924;144698;0.194;0.109;0.068;2.410;1.344;0.079;35.464;34.052;133.354;133.402;132.032;26.584;25.791;1.640;0.283;0.117;61.153;194.554;135.545;30.675;2.659;1.666;0.000;0.047;0.000;20;31.710;129.572;2;0;0;0;0;0;0;0
105;1;1;1;0.000000;0.000000;1.000000;19619.915261;19619.972186;19620.114355;783021;28388;145744;22;1822;28388;30940;100.000;0.683;0.742;559.669;600.761;7.426;160799;153785;145744;0.214;0.104;0.066;4.592;1.953;0.564;41.009;38.991;142.128;142.168;140.183;28.846;27.815;1.700;1.213;1.295;56.926;199.094;139.478;28.500;4.833;1.864;0.000;0.040;0.001;22;34.464;135.549;2;0;0;0;0;0;0;0
106;1;1;1;0.000000;0.000000;1.000000;19619.949575;19620.014008;19620.146441;786829;137804;147616;105;1846;137804;149984;100.000;4.508;4.903;566.858;608.491;35.996;185042;161832;147616;0.231;0.110;0.069;2.840;0.922;0.056;38.645;37.655;132.383;132.433;131.495;29.181;28.636;1.453;0.192;0.785;64.434;196.867;138.232;41.822;8.489;2.278;0.000;0.050;0.000;34;34.884;128.604;7;0;0;0;0;0;0;0
107;1;1;1;0.000000;0.000000;1.000000;19619.984645;19620.044603;19620.181241;789365;29140;150668;23;1884;29140;31808;100.000;0.845;0.920;578.578;621.068;7.634;177795;162857;150668;0.189;0.112;0.068;2.769;2.017;0.552;38.558;36.474;136.577;136.638;134.605;28.219;27.097;1.486;0.198;0.717;59.958;196.596;139.698;30.595;2.739;2.307;0.000;0.061;0.000;23;33.772;131.773;2;0;0;0;0;0;0;0
108;1;1;1;0.000000;0.000000;1.000000;19620.015416;19620.079246;19620.211548;790807;24252;152486;19;1907;24252;26456;100.000;0.723;0.786;585.559;628.568;6.349;176552;163787;152486;0.192;0.113;0.070;2.490;1.358;0.082;35.080;33.652;132.273;132.302;130.917;26.515;25.705;1.701;0.315;0.098;63.830;196.132;136.672;34.643;1.310;2.245;0.000;0.029;0.000;10;31.232;128.397;3;0;0;0;0;0;0;0
109;1;1;1;0.000000;0.000000;1.000000;19620.048803;19620.113007;19620.247561;789334;22184;152368;17;1905;22184;24156;100.000;0.689;0.748;585.106;628.070;5.797;174497;163089;152368;0.182;0.111;0.067;2.605;1.612;0.565;39.866;38.187;134.511;134.554;132.925;29.628;28.729;1.367;0.199;0.680;64.203;198.757;139.351;33.761;0.427;2.131;0.000;0.043;0.000;16;35.649;130.275;2;0;0;0;0;0;0;0
110;1;1;1;0.000000;0.000000;1.000000;19620.082515;19620.145351;19620.276668;783753;23500;151230;18;1891;23500;25588;100.000;0.701;0.760;580.736;623.384;6.141;171546;161650;151230;0.202;0.112;0.069;2.326;1.547;0.095;33.311;31.695;131.298;131.317;129.743;25.367;24.429;1.513;0.311;0.120;62.836;194.153;135.125;32.344;0.989;2.060;0.000;0.019;0.000;10;29.438;127.397;3;0;0;0;0;0;0;0
111;1;1;1;0.000000;0.000000;1.000000;19620.115962;19620.179087;19620.305556;781240;27448;149404;21;1868;27448;29884;100.000;0.804;0.873;573.724;615.853;7.172;171779;162376;149404;0.182;0.109;0.067;2.416;1.821;0.429;32.752;30.865;126.447;126.469;124.624;25.897;24.766;1.717;0.241;0.101;63.125;189.594;130.680;33.736;0.403;1.956;0.000;0.022;0.000;13;28.515;122.175;3;0;0;0;0;0;0;0
112;1;1;1;0.000000;0.000000;1.000000;19620.148990;19620.213391;19620.345815;781247;28200;147314;22;1842;28200;30752;100.000;0.925;1.005;565.698;607.241;7.380;168862;159863;147314;0.189;0.110;0.068;2.434;0.862;0.053;44.502;43.572;132.384;132.425;131.547;33.605;33.123;1.636;0.191;0.240;64.400;196.825;137.606;34.304;0.970;1.895;0.000;0.041;0.000;16;41.205;129.070;3;0;0;0;0;0;0;0
113;1;1;1;0.000000;0.000000;1.000000;19620.183195;19620.244031;19620.377430;783523;28200;145778;22;1823;28200;30752;100.000;0.953;1.036;559.800;600.914;7.380;167105;159043;145778;0.192;0.111;0.068;2.208;1.081;0.067;34.889;33.740;133.379;133.399;132.284;26.154;25.505;1.427;0.291;0.120;60.836;194.235;135.887;30.640;2.693;1.945;0.000;0.020;0.000;11;31.599;130.053;3;0;0;0;0;0;0;0
114;1;1;1;0.000000;0.000000;1.000000;19620.215185;19620.273794;19620.412925;783046;30456;145016;24;1813;30456;33240;100.000;0.776;0.844;556.874;597.763;7.978;164530;156735;145016;0.192;0.111;0.069;2.941;1.507;0.437;38.792;37.216;139.100;139.131;137.602;27.882;27.046;1.404;0.190;0.975;58.609;197.740;138.048;29.763;3.571;2.046;0.000;0.031;0.000;12;34.344;134.630;4;0;0;0;0;0;0;0
115;1;1;1;0.000000;0.000000;1.000000;19620.249301;19620.313256;19620.444237;785712;28764;145068;22;1814;28764;31316;100.000;0.916;0.994;557.074;597.985;7.516;162606;154851;145068;0.192;0.111;0.071;2.450;1.342;0.081;35.750;34.337;129.256;130.981;129.610;27.294;26.493;1.666;0.299;0.112;63.955;194.935;136.027;39.462;6.129;2.301;0.000;1.724;0.000;21;31.958;125.434;2;0;0;0;0;0;0;0
116;1;1;1;0.000000;0.000000;1.000000;19620.283765;19620.344794;19620.480654;788409;28388;145612;22;1821;28388;30940;100.000;0.827;0.898;559.163;600.232;7.426;162494;154945;145612;0.228;0.106;0.065;2.453;1.729;0.561;40.212;38.419;135.844;135.859;134.108;29.598;28.648;1.780;0.191;0.084;61.029;196.888;139.111;31.538;1.795;2.270;0.000;0.015;0.000;14;36.030;131.638;4;0;0;0;0;0;0;0
117;1;1;1;0.000000;0.000000;1.000000;19620.315943;19620.379313;19620.511039;785289;27072;145938;21;1825;27072;29508;100.000;0.851;0.925;560.414;601.574;7.082;162703;155753;145938;0.197;0.110;0.068;2.415;1.425;0.095;34.545;33.053;131.353;131.726;130.260;26.225;25.374;1.650;0.283;0.108;63.370;195.095;136.162;34.519;1.185;2.202;0.000;0.372;0.001;21;30.705;127.470;2;0;0;0;0;0;0;0
118;1;1;1;0.000000;0.000000;1.000000;19620.348832;19620.411243;19620.548134;784314;26320;145782;20;1823;26320;28640;100.000;538.415;583.922;559.815;600.930;6.874;162198;155421;145782;0.175;0.104;0.068;2.462;1.822;0.508;40.953;39.063;136.860;136.891;135.050;29.916;28.925;1.380;0.190;0.546;62.411;199.302;139.924;31.930;1.403;2.152;0.000;0.030;0.000;11;36.668;132.555;3;0;0;0;0;0;0;0
119;1;1;1;0.000000;0.000000;1.000000;19620.382246;19620.446406;19620.577941;784830;26884;145890;21;1824;26884;29320;100.000;0.844;0.917;560.230;601.367;7.037;161667;154675;145890;0.190;0.110;0.069;2.213;1.233;0.083;34.083;32.782;131.504;131.535;130.279;25.912;25.163;1.430;0.277;0.139;64.160;195.695;136.398;35.163;1.829;2.132;0.000;0.031;0.000;11;30.637;128.033;3;0;0;0;0;0;0;0
120;1;1;1;0.000000;0.000000;1.000000;19620.415656;19620.478420;19620.615244;784742;27072;145936;21;1825;27072;29508;100.000;0.781;0.849;560.407;601.566;7.082;161445;154421;145936;0.223;0.108;0.066;3.875;1.493;0.429;40.746;39.187;136.794;136.824;135.309;29.780;28.961;1.825;0.197;1.456;62.764;199.588;140.368;32.015;1.319;2.081;0.000;0.029;0.000;9;35.378;131.403;5;0;0;0;0;0;0;0
121;1;1;1;0.000000;0.000000;1.000000;19620.448872;19620.513319;19620.644312;787186;141564;147208;108;1841;141564;154092;100.000;4.443;4.833;565.291;606.812;36.982;185245;160619;147208;0.194;0.110;0.069;2.194;1.154;0.067;34.413;33.191;130.967;130.993;129.811;26.271;25.569;1.412;0.295;0.115;64.447;195.440;136.103;34.899;1.565;2.049;0.000;0.026;0.000;96;31.065;127.576;6;0;0;0;0;0;0;0
122;1;1;1;0.000000;0.000000;1.000000;19620.482510;19620.545252;19620.678192;792161;29140;148956;23;1862;29140;31808;100.000;0.845;0.920;572.004;613.998;7.634;177322;160890;148956;0.196;0.112;0.070;2.695;1.021;0.064;37.234;36.144;132.911;132.940;131.901;28.008;27.402;1.534;0.195;0.589;62.741;195.681;136.649;31.933;1.400;2.008;0.000;0.029;0.000;11;33.518;129.175;4;0;0;0;0;0;0;0
123;1;1;1;0.000000;0.000000;1.000000;19620.515306;19620.579890;19620.709400;788290;22936;150544;18;1882;22936;25024;100.000;0.726;0.789;578.101;620.547;6.006;176070;162769;150544;0.190;0.110;0.074;2.172;1.989;0.729;34.915;32.852;129.472;129.510;127.496;26.959;25.767;1.392;0.324;0.083;64.584;194.094;134.524;34.638;1.305;1.964;0.000;0.038;0.000;17;30.754;125.285;2;0;0;0;0;0;0;0
124;1;1;1;0.000000;0.000000;1.000000;19620.549836;19620.611686;19620.736417;789222;23124;152352;18;1905;23124;25212;100.000;0.675;0.733;585.044;628.008;6.051;175133;163128;152352;0.179;0.109;0.067;2.284;1.660;0.101;31.173;29.446;124.685;124.731;123.043;24.992;23.931;1.554;0.278;0.098;61.850;186.581;128.207;31.796;1.538;1.938;0.000;0.045;0.000;17;27.228;120.712;2;0;0;0;0;0;0;0
125;1;1;1;0.000000;0.000000;1.000000;19620.581966;19620.646132;19620.776907;787173;24816;151154;19;1890;24816;27020;100.000;0.808;0.876;580.444;623.070;6.485;171753;160777;151154;0.180;0.109;0.068;2.179;2.048;0.748;44.424;42.309;130.739;130.775;128.693;33.970;32.876;1.395;0.305;0.123;64.166;194.941;135.364;34.446;1.112;1.886;0.000;0.037;0.000;18;40.198;126.476;2;0;0;0;0;0;0;0
126;1;1;1;0.000000;0.000000;1.000000;19620.616240;19620.676999;19620.813516;776279;26132;149098;20;1864;26132;28452;100.000;0.910;0.987;572.549;614.588;6.828;169783;159524;149098;0.219;0.105;0.066;4.516;1.476;0.085;40.846;39.305;136.487;136.518;135.022;29.920;29.110;1.607;1.216;1.302;60.758;197.276;138.640;30.867;2.466;1.922;0.000;0.031;0.000;14;34.855;130.472;3;0;0;0;0;0;0;0
127;1;1;1;0.000000;0.000000;1.000000;19620.648608;19620.705877;19620.847710;773912;27824;146584;22;1833;27824;30376;100.000;0.797;0.867;562.895;604.235;7.290;165466;156283;146584;0.178;0.105;0.065;2.416;1.738;0.563;40.182;38.380;141.805;141.833;140.077;28.331;27.399;1.814;0.191;0.063;57.268;199.101;139.500;28.878;4.456;2.081;0.000;0.028;0.001;12;36.028;137.631;3;0;0;0;0;0;0;0
128;1;1;1;0.000000;0.000000;1.000000;19620.682852;19620.740939;19620.877893;773302;28576;144802;22;1811;28576;31128;100.000;0.756;0.821;556.052;596.896;7.471;162472;154311;144802;0.190;0.111;0.068;2.358;1.075;0.061;34.329;33.186;136.915;136.955;135.857;25.066;24.427;1.647;0.213;0.130;58.087;195.041;136.350;35.062;1.729;2.059;0.000;0.040;0.001;21;30.895;133.455;2;0;0;0;0;0;0;0
129;1;1;1;0.000000;0.000000;1.000000;19620.717898;19620.778894;19620.913036;777001;28388;143780;22;1798;28388;30940;100.000;0.848;0.921;552.128;592.678;7.426;160201;152488;143780;0.191;0.110;0.067;2.706;1.576;0.548;38.576;36.933;134.121;134.142;132.547;28.757;27.864;1.531;0.189;0.619;60.996;195.137;138.160;37.956;4.622;2.219;0.000;0.021;0.000;16;34.293;129.819;3;0;0;0;0;0;0;0
130;1;1;1;0.000000;0.000000;1.000000;19620.750097;19620.812593;19620.947318;783174;27636;143698;21;1797;27636;30072;100.000;679.755;737.325;551.813;592.341;7.217;159374;151778;143698;0.188;0.109;0.066;2.758;0.956;0.056;38.562;37.541;134.678;134.724;133.752;28.623;28.067;1.370;0.189;0.837;62.497;197.221;139.108;33.699;0.366;2.103;0.000;0.046;0.000;21;34.848;130.945;1;0;0;0;0;0;0;0
131;1;1;1;0.000000;0.000000;1.000000;19620.782077;19620.845464;19620.977265;786108;27824;144598;22;1808;27824;30376;100.000;0.823;0.895;555.269;596.045;7.290;160080;152578;144598;0.195;0.116;0.069;2.200;1.969;0.486;33.634;31.597;131.769;131.801;129.799;25.519;24.343;1.417;0.286;0.119;63.386;195.188;135.722;32.870;0.463;2.001;0.000;0.032;0.000;16;29.465;127.558;3;0;0;0;0;0;0;0
132;1;1;1;0.000000;0.000000;1.000000;19620.816140;19620.879456;19621.004351;785622;27260;144478;21;1806;27260;29696;100.000;0.860;0.934;554.808;595.539;7.127;159574;152217;144478;0.185;0.106;0.065;2.386;1.151;0.067;31.264;30.049;124.857;124.896;123.724;25.032;24.287;1.729;0.209;0.093;63.315;188.211;129.475;33.992;0.659;1.917;0.000;0.039;0.000;20;27.727;121.296;2;0;0;0;0;0;0;0
133;1;1;1;0.000000;0.000000;1.000000;19620.849218;19620.911293;19621.045157;787265;26696;143954;21;1800;26696;29132;100.000;0.809;0.880;552.796;593.391;6.992;157812;151021;143954;0.197;0.109;0.069;2.783;1.086;0.062;44.346;43.192;133.839;133.864;132.763;33.128;32.533;1.472;0.187;0.750;62.076;195.940;136.948;31.838;1.496;1.890;0.000;0.025;0.000;12;40.478;129.954;3;0;0;0;0;0;0;0
134;1;1;1;0.000000;0.000000;1.000000;19620.881939;19620.944451;19621.077057;787734;26696;143904;21;1799;26696;29132;100.000;0.924;1.005;552.604;593.177;6.992;156970;150412;143904;0.192;0.109;0.067;2.190;1.868;0.627;35.760;33.826;132.595;132.606;130.718;26.967;25.877;1.429;0.293;0.101;62.512;195.117;135.514;33.158;0.175;1.783;0.000;0.011;0.000;15;31.703;128.516;4;0;0;0;0;0;0;0
135;1;1;1;0.000000;0.000000;1.000000;19620.915640;19620.973496;19621.112365;786766;28012;143596;22;1795;28012;30564;100.000;0.721;0.784;551.421;591.904;7.335;156039;149812;143596;0.191;0.110;0.067;2.362;1.072;0.064;39.367;38.228;138.831;138.869;137.780;28.348;27.746;1.670;0.188;0.138;57.856;196.725;137.489;29.045;4.289;1.940;0.000;0.039;0.000;13;35.932;135.378;3;0;0;0;0;0;0;0
136;1;1;1;0.000000;0.000000;1.000000;19620.949839;19621.012570;19621.143721;787622;130660;141136;100;1765;130660;142260;100.000;4.177;4.544;541.975;581.781;34.142;176546;153233;141136;0.189;0.110;0.069;2.175;1.828;0.534;34.774;32.878;131.119;131.152;129.293;26.514;25.429;1.425;0.269;0.114;62.731;193.882;135.512;39.074;5.740;2.177;0.000;0.033;0.000;42;30.772;127.084;5;0;0;0;0;0;0;0
137;1;1;1;0.000000;0.000000;1.000000;19620.983634;19621.043921;19621.181118;784509;32148;139854;25;1749;32148;35048;100.000;0.925;1.006;537.052;576.497;8.412;165368;150562;139854;0.190;0.108;0.065;3.314;1.277;0.073;41.396;40.055;137.170;137.196;135.889;30.173;29.476;1.398;0.188;1.365;60.287;197.483;139.575;31.351;1.982;2.165;0.000;0.027;0.000;12;36.806;132.547;4;0;0;0;0;0;0;0
138;1;1;1;0.000000;0.000000;1.000000;19621.015567;19621.078814;19621.210601;782962;27072;141162;21;1765;27072;29508;100.000;0.841;0.914;542.075;581.880;7.082;162866;151609;141162;0.191;0.108;0.068;2.196;1.872;0.408;34.078;32.138;131.759;131.787;129.892;25.858;24.743;1.451;0.277;0.102;63.247;195.034;135.725;34.893;1.560;2.127;0.000;0.027;0.000;10;30.010;127.667;3;0;0;0;0;0;0;0
139;1;1;1;0.000000;0.000000;1.000000;19621.048809;19621.111128;19621.245936;785441;27260;143262;21;1791;27260;29696;100.000;0.791;0.859;550.139;590.531;7.127;162821;152291;143262;0.187;0.108;0.069;2.501;1.080;0.064;39.400;38.252;134.759;134.808;133.706;29.227;28.609;1.644;0.197;0.296;62.318;197.127;137.726;32.313;1.020;2.058;0.000;0.049;0.001;21;35.819;131.154;2;0;0;0;0;0;0;0
140;1;1;1;0.000000;0.000000;1.000000;19621.082546;19621.145775;19621.276982;786857;26320;145806;20;1823;26320;28640;100.000;483.039;523.865;559.908;601.022;6.874;163653;154012;145806;0.232;0.112;0.068;2.484;1.292;0.078;34.615;33.255;131.174;131.207;129.883;26.382;25.604;1.664;0.310;0.098;63.229;194.436;135.439;34.647;1.314;2.012;0.000;0.033;0.000;10;30.839;127.365;3;0;0;0;0;0;0;0
141;1;1;1;0.000000;0.000000;1.000000;19621.115445;19621.177870;19621.313987;786209;29328;147146;23;1840;29328;31996;100.000;0.843;0.917;565.053;606.551;7.679;163751;154357;147146;0.184;0.106;0.066;4.531;1.910;0.563;40.789;38.814;136.068;136.117;134.188;29.966;28.925;1.659;1.213;1.303;62.425;198.542;139.111;32.096;1.238;1.963;0.000;0.049;0.001;22;34.349;129.605;2;0;0;0;0;0;0;0
142;1;1;1;0.000000;0.000000;1.000000;19621.148746;19621.212845;19621.348358;785895;30832;147490;24;1844;30832;33616;100.000;0.972;1.057;566.374;607.962;8.068;163298;155347;147490;0.191;0.106;0.067;4.606;1.752;0.103;40.790;38.971;135.465;135.513;133.733;30.101;29.141;1.712;1.227;1.304;64.099;199.612;140.148;34.975;1.641;1.943;0.000;0.048;0.000;21;34.432;129.068;4;0;0;0;0;0;0;0
143;1;1;1;0.000000;0.000000;1.000000;19621.182554;19621.244693;19621.381257;783109;31396;146146;24;1827;31396;34180;100.000;0.917;0.995;561.213;602.418;8.203;161136;153355;146146;0.190;0.109;0.068;2.764;1.934;0.713;39.259;37.258;136.532;136.563;134.606;28.748;27.679;1.484;0.197;0.717;62.140;198.703;139.714;31.849;1.485;1.914;0.000;0.032;0.000;13;34.561;131.809;4;0;0;0;0;0;0;0
144;1;1;1;0.000000;0.000000;1.000000;19621.215238;19621.279120;19621.413574;783994;31960;145218;25;1816;31960;34860;100.000;0.954;1.038;557.650;598.606;8.366;159936;152700;145218;0.188;0.109;0.067;2.729;1.307;0.076;37.012;35.639;134.387;134.454;133.124;27.528;26.772;1.493;0.190;0.683;63.882;198.336;138.698;34.427;1.093;1.863;0.000;0.067;0.000;24;32.977;130.327;2;0;0;0;0;0;0;0
145;1;1;1;0.000000;0.000000;1.000000;19621.248968;19621.312704;19621.445187;785959;31396;144768;24;1810;31396;34180;100.000;0.910;0.988;555.922;596.743;8.203;159233;151708;144768;0.193;0.110;0.069;2.174;1.579;0.452;35.644;33.996;132.409;132.483;130.879;26.904;25.975;1.459;0.226;0.118;63.736;196.220;136.978;33.584;0.251;1.762;0.000;0.074;0.001;23;31.891;128.629;2;0;0;0;0;0;0;0
146;1;1;1;0.000000;0.000000;1.000000;19621.282214;19621.347688;19621.480260;789030;30832;145716;24;1822;30832;33616;100.000;0.984;1.070;559.562;600.654;8.068;159772;152938;145716;0.237;0.106;0.065;2.463;1.257;0.074;38.821;37.499;132.521;132.572;131.288;29.283;28.563;1.758;0.193;0.104;65.474;198.046;138.717;34.984;1.651;1.755;0.000;0.050;0.000;23;35.101;128.774;2;0;0;0;0;0;0;0
147;1;1;1;0.000000;0.000000;1.000000;19621.315889;19621.379187;19621.511454;794594;31960;147238;25;1841;31960;34860;100.000;0.975;1.060;565.406;606.927;8.366;161190;154325;147238;0.191;0.111;0.068;2.427;1.509;0.404;34.902;33.326;132.232;132.267;130.725;26.388;25.493;1.636;0.305;0.117;63.298;195.565;136.578;31.499;1.835;1.760;0.000;0.035;0.000;15;30.966;128.259;6;0;0;0;0;0;0;0
148;1;1;1;0.000000;0.000000;1.000000;19621.349284;19621.412099;19621.547212;797998;30456;146864;24;1836;30456;33240;100.000;0.880;0.958;563.970;605.378;7.978;160800;154144;146864;0.186;0.105;0.066;2.434;1.282;0.075;39.699;38.352;135.053;135.113;133.806;29.382;28.662;1.797;0.196;0.085;62.815;197.928;139.002;32.912;0.421;1.677;0.000;0.059;0.000;23;35.983;131.311;2;0;0;0;0;0;0;0
149;1;1;1;0.000000;0.000000;1.000000;19621.383025;19621.446889;19621.581487;798639;30644;147738;24;1847;30644;33428;100.000;0.969;1.054;567.326;608.982;8.023;161813;155104;147738;0.190;0.110;0.067;4.336;1.624;0.094;37.982;36.292;134.571;134.598;132.943;28.219;27.299;1.426;1.223;1.322;63.865;198.463;139.945;34.790;1.457;1.663;0.000;0.027;0.000;14;32.022;128.577;5;0;0;0;0;0;0;0
150;1;1;1;0.000000;0.000000;1.000000;19621.415825;19621.478652;19621.613944;796693;30268;148090;23;1852;30268;32936;100.000;0.892;0.968;568.678;610.447;7.905;161862;155335;148090;0.197;0.119;0.075;3.043;1.669;0.589;38.428;36.684;135.238;135.292;133.607;28.404;27.457;1.489;0.189;0.975;62.827;198.119;139.068;31.763;1.570;1.657;0.000;0.054;0.000;18;33.715;130.508;4;0;0;0;0;0;0;0
151;1;1;1;0.000000;0.000000;1.000000;19621.448621;19621.512793;19621.645050;794717;137804;147952;105;1850;137804;149984;100.000;4.222;4.592;568.148;609.872;35.996;182724;160766;147952;0.236;0.112;0.071;2.320;1.473;0.083;35.802;34.258;132.179;132.256;130.754;27.070;26.201;1.430;0.287;0.184;64.172;196.429;136.840;34.141;0.808;1.604;0.000;0.077;0.000;30;32.009;128.356;8;0;0;0;0;0;0;0
152;1;1;1;0.000000;0.000000;1.000000;19621.482637;19621.545500;19621.673689;792861;28764;148152;22;1852;28764;31316;100.000;0.828;0.898;568.916;610.685;7.516;177426;162397;148152;0.179;0.109;0.066;2.007;1.588;0.485;32.427;30.774;128.166;128.189;126.578;25.296;24.312;1.379;0.194;0.080;62.863;191.052;132.146;32.706;0.627;1.543;0.000;0.023;0.000;9;28.832;124.538;5;0;0;0;0;0;0;0
153;1;1;1;0.000000;0.000000;1.000000;19621.515388;19621.580448;19621.713222;792789;23688;147662;18;1846;23688;25776;100.000;0.753;0.816;567.035;608.668;6.186;172400;160692;147662;0.173;0.108;0.066;2.449;1.304;0.081;43.124;41.755;132.729;132.775;131.447;32.479;31.766;1.827;0.194;0.082;65.060;197.834;138.346;34.948;1.615;1.547;0.000;0.046;0.000;17;39.372;128.950;2;0;0;0;0;0;0;0
154;1;1;1;0.000000;0.000000;1.000000;19621.549253;19621.612057;19621.744065;792309;23124;147945;18;1850;23124;25212;100.000;0.802;0.871;568.121;609.845;6.051;170339;159188;147945;0.234;0.116;0.078;2.285;1.851;0.538;34.575;32.646;131.919;132.008;130.116;26.192;25.090;1.447;0.309;0.102;62.804;194.812;135.856;31.610;1.724;1.558;0.000;0.089;0.001;18;30.439;127.740;2;0;0;0;0;0;0;0
155;1;1;1;0.000000;0.000000;1.000000;19621.582379;19621.641045;19621.780202;791925;25004;147762;19;1848;25004;27208;100.000;933.135;1011.826;567.419;609.097;6.530;168591;158413;147762;0.182;0.105;0.066;2.439;1.138;0.068;40.287;39.084;139.114;139.158;137.997;28.951;28.322;1.815;0.194;0.077;58.666;197.823;138.659;28.987;4.346;1.733;0.000;0.044;0.000;19;36.710;135.512;1;0;0;0;0;0;0;0
156;1;1;1;0.000000;0.000000;1.000000;19621.616735;19621.680162;19621.811557;793795;28764;148592;22;1858;28764;31316;100.000;0.927;1.006;570.606;612.510;7.516;167879;158079;148592;0.514;0.112;0.069;2.812;1.472;0.418;34.925;33.384;131.345;131.395;129.895;26.580;25.701;1.630;0.310;0.178;63.427;194.822;136.681;39.118;5.784;1.986;0.000;0.050;0.000;21;30.641;127.032;2;0;0;0;0;0;0;0
157;1;1;1;0.000000;0.000000;1.000000;19621.648566;19621.711328;19621.845480;793460;27824;148650;22;1859;27824;30376;100.000;0.806;0.878;570.828;612.755;7.290;166756;157719;148650;0.197;0.112;0.068;2.762;1.059;0.063;38.216;37.089;134.142;134.152;133.077;28.487;27.870;1.502;0.194;0.690;62.762;196.914;137.270;31.166;2.167;1.997;0.000;0.010;0.000;19;34.395;130.303;3;0;0;0;0;0;0;0
158;1;1;1;0.000000;0.000000;1.000000;19621.682095;19621.746016;19621.877603;795527;28388;147554;22;1845;28388;30940;100.000;0.877;0.953;566.620;608.231;7.426;165007;157250;147554;0.235;0.113;0.071;2.231;2.008;0.453;35.930;33.851;131.567;131.587;129.552;27.305;26.130;1.405;0.310;0.097;63.921;195.507;136.060;34.688;1.354;1.957;0.000;0.020;0.000;16;31.691;127.300;3;0;0;0;0;0;0;0
159;1;1;1;0.000000;0.000000;1.000000;19621.715926;19621.778522;19621.905009;798776;29328;146024;23;1826;29328;31996;100.000;0.853;0.928;560.745;601.927;7.679;161999;154480;146024;0.184;0.106;0.065;2.304;1.213;0.073;31.642;30.364;126.452;126.487;125.247;25.016;24.244;1.649;0.193;0.106;62.596;189.083;130.133;32.506;0.827;1.886;0.000;0.034;0.000;13;28.125;122.907;3;0;0;0;0;0;0;0
160;1;1;1;0.000000;0.000000;1.000000;19621.748796;19621.813065;19621.947094;799362;29140;143192;23;1790;29140;31808;100.000;0.938;1.021;549.870;590.240;7.634;158153;151021;143192;0.181;0.108;0.065;2.435;1.262;0.074;45.600;44.273;133.980;134.029;132.741;34.022;33.353;1.368;0.191;0.523;64.269;198.298;138.885;34.543;1.210;1.844;0.000;0.049;0.000;22;41.903;130.255;2;0;0;0;0;0;0;0
161;1;1;1;0.000000;0.000000;1.000000;19621.782504;19621.844259;19621.976846;789777;29140;141480;23;1769;29140;31808;100.000;0.998;1.086;543.296;583.192;7.634;156114;149118;141480;0.202;0.109;0.068;2.229;1.732;0.698;33.442;31.642;132.563;132.587;130.825;25.223;24.186;1.462;0.280;0.110;61.755;194.342;135.304;31.194;2.140;1.863;0.000;0.024;0.001;16;29.481;128.571;3;0;0;0;0;0;0;0
162;1;1;1;0.000000;0.000000;1.000000;19621.815308;19621.873589;19622.004988;790930;28200;139820;22;1748;28200;30752;100.000;0.735;0.799;536.921;576.344;7.380;154224;147472;139820;0.181;0.105;0.063;2.265;1.064;0.067;32.094;30.966;131.350;131.399;130.315;24.425;23.763;1.632;0.187;0.096;58.281;189.680;130.112;29.330;4.003;1.996;0.000;0.049;0.000;21;28.764;127.983;2;0;0;0;0;0;0;0
163;1;1;1;0.000000;0.000000;1.000000;19621.849576;19621.912110;19622.047884;793734;29516;138532;23;1732;29516;32184;100.000;0.932;1.014;531.975;571.037;7.724;152207;145442;138532;0.241;0.109;0.063;4.597;1.916;0.604;46.213;44.233;135.747;135.774;133.830;34.036;33.052;1.650;1.205;1.329;62.534;198.308;139.674;38.521;5.188;2.196;0.000;0.028;0.001;11;39.700;129.202;4;0;0;0;0;0;0;0
164;1;1;1;0.000000;0.000000;1.000000;19621.883275;19621.943911;19622.080350;792883;29892;138018;23;1726;29892;32560;100.000;1.004;1.091;530.002;568.928;7.814;151597;145064;138018;0.188;0.108;0.066;3.395;1.208;0.076;38.980;37.706;136.394;136.439;135.208;28.569;27.887;1.387;0.323;1.325;60.636;197.075;138.807;31.801;1.532;2.154;0.000;0.045;0.000;22;34.376;131.767;2;0;0;0;0;0;0;0
165;1;1;1;0.000000;0.000000;1.000000;19621.915414;19621.973817;19622.111639;791299;30644;138142;24;1727;30644;33428;100.000;0.788;0.857;530.478;569.426;8.023;151249;144790;138142;0.234;0.111;0.068;2.255;1.746;0.418;35.873;34.060;137.804;137.822;136.037;26.029;25.037;1.455;0.285;0.102;58.403;196.225;136.762;29.906;3.427;2.234;0.000;0.017;0.000;18;31.873;133.764;3;0;0;0;0;0;0;0
166;1;1;1;0.000000;0.000000;1.000000;19621.949210;19622.012914;19622.145530;789485;132916;138460;101;1731;132916;144632;100.000;116.001;126.142;531.699;570.738;34.712;172621;150718;138460;0.197;0.110;0.068;2.792;0.992;0.062;37.909;36.850;132.574;132.616;131.605;28.585;28.000;1.467;0.181;0.770;63.704;196.321;137.321;39.097;5.763;2.454;0.000;0.042;0.000;52;34.125;128.770;6;0;0;0;0;0;0;0
167;1;1;1;0.000000;0.000000;1.000000;19621.983559;19622.046540;19622.178048;789977;29328;138716;23;1734;29328;31996;100.000;0.919;0.999;532.682;571.788;7.679;165456;151144;138716;0.233;0.112;0.069;2.201;1.060;0.058;36.294;35.165;131.477;131.509;130.424;27.598;26.962;1.485;0.200;0.103;62.981;194.490;136.505;33.626;0.292;2.319;0.000;0.031;0.001;12;33.033;128.190;3;0;0;0;0;0;0;0
168;1;1;1;0.000000;0.000000;1.000000;19622.015504;19622.078580;19622.212623;791598;25004;139622;19;1746;25004;27208;100.000;0.712;0.772;536.161;575.538;6.530;164403;152065;139622;0.193;0.108;0.067;2.874;1.516;0.482;37.838;36.256;134.016;134.043;132.509;28.229;27.361;1.440;0.183;0.884;63.076;197.118;137.746;32.041;1.293;2.255;0.000;0.026;0.000;10;33.449;129.607;4;0;0;0;0;0;0;0
169;1;1;1;0.000000;0.000000;1.000000;19622.049093;19622.113880;19622.244466;795034;25192;139918;20;1749;25192;27512;100.000;0.830;0.903;537.298;576.743;6.603;164427;153112;139918;0.234;0.110;0.070;2.501;1.563;0.093;36.223;34.590;130.540;130.586;128.998;27.739;26.815;1.682;0.299;0.106;64.787;195.373;136.257;35.300;1.967;2.237;0.000;0.046;0.000;19;32.159;126.449;2;0;0;0;0;0;0;0
170;1;1;1;0.000000;0.000000;1.000000;19622.083442;19622.144377;19622.273313;794863;25756;140286;20;1754;25756;28076;100.000;0.735;0.798;538.711;578.268;6.738;162948;152059;140286;0.180;0.105;0.065;1.991;1.510;0.480;32.911;31.336;128.908;128.937;127.404;25.525;24.596;1.376;0.185;0.080;60.935;189.872;131.771;30.497;2.837;2.275;0.000;0.029;0.000;12;29.409;125.383;3;0;0;0;0;0;0;0
171;1;1;1;0.000000;0.000000;1.000000;19622.115254;19622.179617;19622.309999;794885;26884;141226;21;1766;26884;29320;100.000;0.862;0.937;542.320;582.149;7.037;162113;151953;141226;0.186;0.108;0.070;2.430;0.916;0.059;40.182;39.195;130.348;130.381;129.442;30.819;30.280;1.694;0.249;0.124;64.364;194.745;135.122;35.241;1.907;2.252;0.000;0.033;0.001;12;36.836;126.976;3;0;0;0;0;0;0;0
172;1;1;1;0.000000;0.000000;1.000000;19622.149319;19622.210953;19622.344654;788905;27448;141276;21;1766;27448;29884;100.000;0.934;1.014;542.512;582.341;7.172;160084;150715;141276;0.194;0.111;0.070;2.391;1.744;0.423;37.976;36.162;133.678;133.701;131.923;28.404;27.411;1.629;0.266;0.121;61.634;195.335;136.444;31.336;1.998;2.236;0.000;0.023;0.001;15;33.841;129.497;3;0;0;0;0;0;0;0
173;1;1;1;0.000000;0.000000;1.000000;19622.182046;19622.240475;19622.378244;787376;27636;140380;21;1755;27636;30072;100.000;464.746;504.106;539.072;578.652;7.217;157763;149155;140380;0.187;0.108;0.067;2.760;0.943;0.061;37.737;36.727;137.732;137.769;136.807;27.391;26.846;1.478;0.183;0.738;58.429;196.198;136.701;29.522;3.811;2.334;0.000;0.037;0.000;13;34.033;134.009;2;0;0;0;0;0;0;0
174;1;1;1;0.000000;0.000000;1.000000;19622.215748;19622.278491;19622.411281;791921;28200;138596;22;1733;28200;30752;100.000;0.843;0.916;532.221;571.305;7.380;155889;148304;138596;0.237;0.113;0.068;2.568;1.099;0.066;36.730;35.562;132.752;132.790;131.665;27.660;27.010;1.753;0.301;0.097;62.743;195.533;136.405;38.016;4.683;2.481;0.000;0.038;0.000;18;33.062;129.056;3;0;0;0;0;0;0;0
175;1;1;1;0.000000;0.000000;1.000000;19622.249292;19622.312110;19622.439060;785044;27824;137098;22;1714;27824;30376;100.000;0.815;0.887;526.469;565.124;7.290;153735;146334;137098;0.184;0.105;0.063;2.107;1.594;0.499;31.447;29.790;126.902;126.950;125.334;24.771;23.768;1.484;0.180;0.090;62.818;189.768;130.850;33.619;0.285;2.344;0.000;0.048;0.000;21;27.746;123.178;2;0;0;0;0;0;0;0
176;1;1;1;0.000000;0.000000;1.000000;19622.282071;19622.346434;19622.479484;785759;28012;136788;22;1710;28012;30564;100.000;0.916;0.997;525.278;563.844;7.335;152496;145443;136788;0.175;0.102;0.065;2.423;1.136;0.067;44.119;42.918;133.024;133.049;131.888;33.160;32.541;1.821;0.181;0.079;64.363;197.413;137.941;34.325;0.991;2.259;0.000;0.025;0.000;14;40.560;129.439;3;0;0;0;0;0;0;0
177;1;1;1;0.000000;0.000000;1.000000;19622.315701;19622.377143;19622.510291;782963;28952;136884;22;1712;28952;31504;100.000;0.980;1.063;525.647;564.257;7.561;151983;144919;136884;0.195;0.108;0.067;2.212;1.815;0.555;34.352;32.471;133.101;133.149;131.297;25.800;24.731;1.461;0.267;0.115;61.442;194.590;135.415;30.708;2.625;2.282;0.000;0.048;0.000;21;30.325;129.035;2;0;0;0;0;0;0;0
178;1;1;1;0.000000;0.000000;1.000000;19622.348459;19622.406826;19622.547183;783666;27260;138258;21;1729;27260;29696;100.000;0.718;0.780;530.923;569.917;7.127;153091;145898;138258;0.186;0.108;0.066;2.790;1.290;0.089;40.930;39.574;140.321;140.357;139.044;29.161;28.462;1.490;0.188;0.752;58.366;198.724;138.974;29.683;3.650;2.368;0.000;0.037;0.000;14;36.850;136.216;3;0;0;0;0;0;0;0
179;1;1;1;0.000000;0.000000;1.000000;19622.382669;19622.444953;19622.582194;786714;28200;138600;22;1733;28200;30752;100.000;0.863;0.938;532.236;571.320;7.380;153196;146333;138600;0.214;0.103;0.065;4.506;2.128;0.594;39.086;36.893;137.223;137.241;135.088;28.480;27.310;1.613;1.207;1.304;62.284;199.525;140.651;38.127;4.794;2.519;0.000;0.018;0.000;16;32.452;130.562;3;0;0;0;0;0;0;0
180;1;1;1;0.000000;0.000000;1.000000;19622.416099;19622.477768;19622.615488;787583;26696;139086;21;1739;26696;29132;100.000;0.777;0.845;534.103;573.322;6.992;153440;146675;139086;0.184;0.105;0.065;2.131;1.349;0.086;39.927;38.514;137.703;137.719;136.348;28.992;28.246;1.496;0.196;0.084;61.669;199.389;140.612;32.815;0.518;2.394;0.000;0.017;0.000;15;36.448;134.199;3;0;0;0;0;0;0;0
181;1;1;1;0.000000;0.000000;1.000000;19622.448698;19622.512304;19622.645230;793719;136112;139098;104;1739;136112;148176;100.000;4.080;4.438;534.149;573.368;35.562;175008;151952;139098;0.191;0.110;0.068;2.460;1.349;0.082;33.217;31.800;132.907;132.926;131.553;24.989;24.173;1.650;0.289;0.153;63.606;196.533;137.021;34.536;1.203;2.320;0.000;0.019;0.001;40;29.407;129.071;5;0;0;0;0;0;0;0
182;1;1;1;0.000000;0.000000;1.000000;19622.482436;19622.545751;19622.678897;792329;27260;139598;21;1745;27260;29696;100.000;0.785;0.853;536.069;575.424;7.127;166831;152091;139598;0.200;0.109;0.067;2.459;1.345;0.379;37.480;36.068;133.117;133.146;131.784;28.150;27.369;1.711;0.182;0.191;63.316;196.462;137.354;33.447;0.114;2.182;0.000;0.029;0.000;10;33.676;129.295;4;0;0;0;0;0;0;0
183;1;1;1;0.000000;0.000000;1.000000;19622.515571;19622.580671;19622.713315;801464;21996;141888;17;1774;21996;23968;100.000;0.699;0.759;544.862;584.871;5.752;166537;153344;141888;0.223;0.104;0.065;2.490;1.198;0.072;38.205;36.943;132.617;132.644;131.423;28.802;28.110;1.828;0.187;0.084;65.099;197.743;138.439;34.919;1.586;2.145;0.000;0.027;0.000;10;34.517;128.897;3;0;0;0;0;0;0;0
184;1;1;1;0.000000;0.000000;1.000000;19622.549204;19622.612284;19622.744060;796948;22748;145036;18;1813;22748;24836;100.000;0.651;0.708;556.951;597.840;5.961;166858;155236;145036;0.194;0.109;0.070;2.179;1.891;0.549;34.428;32.467;131.744;131.776;129.859;26.127;25.002;1.417;0.288;0.101;63.081;194.856;135.850;31.614;1.720;2.118;0.000;0.031;0.000;17;30.358;127.648;2;0;0;0;0;0;0;0
185;1;1;1;0.000000;0.000000;1.000000;19622.582212;19622.647462;19622.780330;802598;26696;147102;21;1839;26696;29132;100.000;0.839;0.912;564.884;606.360;6.992;167276;156904;147102;0.181;0.110;0.067;3.147;0.994;0.059;40.345;39.285;132.833;132.868;131.857;30.365;29.794;1.470;0.192;1.128;65.250;198.118;138.787;35.178;1.844;2.101;0.000;0.036;0.000;10;36.205;128.673;3;0;0;0;0;0;0;0
186;1;1;1;0.000000;0.000000;1.000000;19622.616450;19622.679479;19622.810493;797039;28576;149128;22;1865;28576;31128;100.000;0.895;0.972;572.664;614.726;7.471;168113;158332;149128;0.192;0.114;0.071;2.216;1.768;0.404;34.294;32.456;130.982;131.015;129.223;26.176;25.116;1.416;0.320;0.103;63.028;194.043;135.617;32.017;1.317;2.052;0.000;0.032;0.000;13;30.311;126.973;3;0;0;0;0;0;0;0
187;1;1;1;0.000000;0.000000;1.000000;19622.647927;19622.711538;19622.846988;797511;28576;148974;22;1863;28576;31128;100.000;0.827;0.898;572.073;614.089;7.471;167079;158342;148974;0.523;0.110;0.071;2.880;1.296;0.079;40.477;39.110;135.436;135.451;134.132;29.883;29.158;1.889;0.196;0.092;63.611;199.062;138.779;32.059;1.275;2.003;0.000;0.015;0.000;12;36.301;131.236;4;0;0;0;0;0;0;0
188;1;1;1;0.000000;0.000000;1.000000;19622.682088;19622.746265;19622.877930;794879;27260;147856;21;1849;27260;29696;100.000;0.870;0.945;567.780;609.480;7.127;165226;157348;147856;0.190;0.112;0.069;2.249;2.187;0.463;35.103;32.847;131.614;131.664;129.443;26.661;25.376;1.445;0.321;0.112;64.178;195.842;136.387;34.728;1.395;1.965;0.000;0.050;0.000;20;30.667;127.142;2;0;0;0;0;0;0;0
189;1;1;1;0.000000;0.000000;1.000000;19622.715792;19622.777746;19622.912636;793590;27636;145718;21;1822;27636;30072;100.000;0.795;0.863;559.570;600.661;7.217;163663;156126;145718;0.232;0.111;0.069;3.110;1.106;0.066;39.150;37.976;134.863;134.890;133.761;29.024;28.391;1.464;0.191;1.044;61.954;196.844;137.760;31.481;1.852;1.958;0.000;0.027;0.000;11;34.934;130.621;4;0;0;0;0;0;0;0
190;1;1;1;0.000000;0.000000;1.000000;19622.748607;19622.812678;19622.948514;788938;28200;143848;22;1799;28200;30752;100.000;0.880;0.957;552.389;592.962;7.380;160205;153145;143848;0.232;0.110;0.065;4.360;1.467;0.088;40.086;38.555;135.800;135.836;134.342;29.510;28.699;1.419;1.211;1.324;64.071;199.907;140.305;34.932;1.599;1.936;0.000;0.036;0.001;11;34.259;129.944;3;0;0;0;0;0;0;0
191;1;1;1;0.000000;0.000000;1.000000;19622.782425;19622.844858;19622.979334;784846;27636;142800;21;1785;27636;30072;100.000;642.967;697.422;548.364;588.622;7.217;158304;151373;142800;0.196;0.106;0.065;2.401;1.256;0.383;36.652;35.332;134.450;134.476;133.203;27.255;26.525;1.776;0.188;0.070;62.432;196.909;137.791;32.179;1.154;1.887;0.000;0.027;0.000;13;32.995;130.774;2;0;0;0;0;0;0;0
192;1;1;1;0.000000;0.000000;1.000000;19622.815460;19622.880286;19623.011902;788004;28200;142404;22;1781;28200;30752;100.000;0.911;0.991;546.844;587.011;7.380;157582;151064;142404;0.189;0.108;0.069;2.321;1.427;0.092;36.212;34.716;131.581;131.617;130.162;27.513;26.671;1.574;0.263;0.119;64.825;196.442;137.026;35.428;2.094;1.900;0.000;0.036;0.000;14;32.463;127.803;3;0;0;0;0;0;0;0
193;1;1;1;0.000000;0.000000;1.000000;19622.849330;19622.911351;19623.045838;795964;26884;142560;21;1782;26884;29320;100.000;0.745;0.809;547.443;587.632;7.037;157368;150939;142560;0.201;0.109;0.063;2.420;1.463;0.433;37.675;36.148;134.471;134.486;133.000;28.014;27.179;1.723;0.189;0.135;62.022;196.508;137.628;31.066;2.268;1.923;0.000;0.015;0.000;18;33.791;130.554;3;0;0;0;0;0;0;0
194;1;1;1;0.000000;0.000000;1.000000;19622.881820;19622.947694;19623.081203;799207;27260;143286;21;1792;27260;29696;100.000;0.898;0.975;550.231;590.646;7.127;157658;151234;143286;0.920;0.111;0.072;4.148;1.643;0.091;39.253;37.538;133.471;133.509;131.851;29.401;28.470;1.770;0.194;1.081;65.874;199.383;139.660;36.342;3.009;1.991;0.000;0.038;0.000;15;33.462;127.663;3;0;0;0;0;0;0;0
195;1;1;1;0.000000;0.000000;1.000000;19622.915580;19622.978596;19623.112423;799402;28012;144392;22;1805;28012;30564;100.000;0.788;0.858;554.478;595.186;7.335;158549;152222;144392;0.240;0.109;0.068;2.418;1.717;0.450;36.993;35.208;133.803;133.828;132.080;27.643;26.657;1.629;0.279;0.094;63.015;196.843;137.547;30.902;2.431;2.018;0.000;0.025;0.000;12;32.858;129.635;3;0;0;0;0;0;0;0
196;1;1;1;0.000000;0.000000;1.000000;19622.948766;19623.014329;19623.145559;800483;135736;145043;104;1814;135736;147800;100.000;4.256;4.631;556.978;597.889;35.472;179847;157023;145043;0.194;0.111;0.068;2.759;1.225;0.070;37.273;35.980;131.210;131.230;129.979;28.403;27.681;1.498;0.189;0.700;65.563;196.793;137.349;35.733;2.400;2.042;0.000;0.021;0.000;40;33.289;127.199;6;0;0;0;0;0;0;0
197;1;1;1;0.000000;0.000000;1.000000;19622.982296;19623.046314;19623.182423;798336;26696;145944;21;1825;26696;29132;100.000;0.811;0.882;560.437;601.597;6.992;172853;158004;145944;0.199;0.110;0.067;4.677;2.205;0.731;40.840;38.569;136.072;136.109;133.875;30.006;28.810;1.716;1.218;1.368;64.018;200.128;140.880;31.985;1.348;1.999;0.000;0.037;0.001;13;33.958;129.157;3;0;0;0;0;0;0;0
198;1;1;1;0.000000;0.000000;1.000000;19623.014840;19623.079411;19623.207406;798454;21808;146568;17;1833;21808;23780;100.000;0.633;0.687;562.834;604.174;5.707;170597;157840;146568;0.181;0.107;0.066;2.057;1.081;0.069;31.864;30.718;127.962;127.995;126.888;24.895;24.208;1.416;0.192;0.095;64.570;192.565;132.530;33.097;0.237;1.889;0.000;0.033;0.001;16;28.726;124.796;2;0;0;0;0;0;0;0
199;1;1;1;0.000000;0.000000;1.000000;19623.048843;19623.114092;19623.245913;800770;21808;147434;17;1843;21808;23780;100.000;0.720;0.782;566.159;607.725;5.707;169569;157934;147434;0.233;0.109;0.068;2.931;1.211;0.071;41.646;40.368;131.775;131.821;130.587;31.593;30.913;1.418;0.193;0.911;65.249;197.070;137.704;34.682;1.348;1.855;0.000;0.046;0.000;16;37.504;127.608;2;0;0;0;0;0;0;0
200;1;1;1;0.000000;0.000000;1.000000;19623.082860;19623.144538;19623.278422;802378;24252;148866;19;1861;24252;26456;100.000;0.839;0.912;571.658;613.630;6.349;170033;159668;148866;0.195;0.112;0.072;2.221;1.836;0.677;36.638;34.730;133.849;133.884;132.015;27.365;26.308;1.426;0.315;0.103;61.677;195.561;136.879;30.445;2.888;1.919;0.000;0.035;0.000;11;32.580;129.757;4;0;0;0;0;0;0;0
201;1;1;1;0.000000;0.000000;1.000000;19623.115210;19623.173610;19623.306420;805285;27260;150350;21;1880;27260;29696;100.000;0.683;0.742;577.356;619.757;7.127;169979;160123;150350;0.181;0.108;0.066;2.196;1.254;0.073;32.060;30.741;132.786;132.810;131.531;24.140;23.371;1.557;0.198;0.087;58.400;191.209;131.543;29.072;4.261;2.066;0.000;0.024;0.000;13;28.610;129.309;3;0;0;0;0;0;0;0
202;1;1;1;0.000000;0.000000;1.000000;19623.148857;19623.213707;19623.347746;803318;27636;152012;21;1901;27636;30072;100.000;441.771;479.186;583.739;626.613;7.217;170750;161593;152012;0.180;0.110;0.071;2.452;1.892;0.588;44.773;42.811;133.995;134.039;132.123;33.403;32.403;1.812;0.200;0.080;64.850;198.889;139.537;40.097;6.764;2.359;0.000;0.044;0.000;17;40.430;129.626;3;0;0;0;0;0;0;0
203;1;1;1;0.000000;0.000000;1.000000;19623.182643;19623.244542;19623.378264;802036;29140;152816;23;1911;29140;31808;100.000;1.000;1.088;586.826;629.926;7.634;170894;162466;152816;0.193;0.113;0.068;2.543;1.204;0.069;34.846;33.574;133.690;133.722;132.488;26.058;25.341;1.731;0.319;0.119;61.899;195.622;136.722;30.835;2.499;2.368;0.000;0.033;0.001;18;31.099;129.904;3;0;0;0;0;0;0;0
204;1;1;1;0.000000;0.000000;1.000000;19623.215201;19623.273855;19623.415304;810228;28200;152942;22;1912;28200;30752;100.000;0.722;0.785;587.310;630.432;7.380;170034;162351;152942;0.220;0.116;0.068;4.899;2.267;0.602;40.771;38.437;141.412;141.448;139.140;28.824;27.624;1.978;1.224;1.294;58.654;200.103;140.427;29.313;4.020;2.471;0.000;0.037;0.000;14;33.605;134.203;4;0;0;0;0;0;0;0
205;1;1;1;0.000000;0.000000;1.000000;19623.249224;19623.313114;19623.447458;808185;26320;152382;20;1905;26320;28640;100.000;604.481;655.572;585.159;628.124;6.874;169092;161653;152382;0.345;0.112;0.068;3.406;1.253;0.082;39.320;37.999;134.313;134.344;133.053;29.268;28.559;1.569;0.200;1.113;63.891;198.234;139.248;39.259;5.926;2.687;0.000;0.031;0.000;13;34.661;129.614;2;0;0;0;0;0;0;0
206;1;1;1;0.000000;0.000000;1.000000;19623.282762;19623.345325;19623.481588;815223;27072;150790;21;1885;27072;29508;100.000;0.787;0.855;579.046;621.559;7.082;166353;159035;150790;0.190;0.106;0.066;4.523;1.889;0.485;38.795;36.840;136.219;136.262;134.345;28.471;27.422;1.634;1.223;1.305;62.564;198.826;140.045;32.211;1.122;2.589;0.000;0.043;0.000;20;32.382;129.777;2;0;0;0;0;0;0;0
207;1;1;1;0.000000;0.000000;1.000000;19623.315213;19623.379915;19623.513679;799426;28012;149044;22;1864;28012;30564;100.000;0.836;0.910;572.341;614.381;7.335;164092;157341;149044;0.194;0.111;0.070;2.997;1.198;0.065;38.504;37.236;133.714;133.764;132.541;28.785;28.094;1.439;0.204;0.979;64.702;198.466;138.803;34.590;1.256;2.506;0.000;0.050;0.000;22;34.309;129.492;2;0;0;0;0;0;0;0
208;1;1;1;0.000000;0.000000;1.000000;19623.349175;19623.413635;19623.547858;790320;27260;147638;21;1846;27260;29696;100.000;0.846;0.919;566.942;608.576;7.127;161918;155269;147638;0.192;0.106;0.065;2.352;1.917;0.584;38.380;36.399;134.195;134.223;132.290;28.594;27.515;1.739;0.192;0.059;64.460;198.683;139.649;33.720;0.387;2.374;0.000;0.028;0.000;14;34.111;129.909;3;0;0;0;0;0;0;0
209;1;1;1;0.000000;0.000000;1.000000;19623.381804;19623.446016;19623.578762;795945;26884;145656;21;1821;26884;29320;100.000;0.788;0.857;559.332;600.401;7.037;159599;153076;145656;0.241;0.112;0.071;2.601;1.103;0.065;35.153;33.979;132.737;132.747;131.611;26.481;25.818;1.665;0.277;0.235;64.212;196.958;137.220;32.381;0.953;2.285;0.000;0.010;0.000;17;31.449;128.998;3;0;0;0;0;0;0;0
210;1;1;1;0.000000;0.000000;1.000000;19623.415905;19623.480349;19623.612395;792891;28012;144144;22;1802;28012;30564;100.000;0.877;0.954;553.525;594.166;7.335;157708;151413;144144;0.193;0.111;0.068;2.463;1.150;0.070;37.345;36.128;132.003;132.046;130.876;28.282;27.604;1.626;0.189;0.277;64.444;196.490;137.519;34.333;0.999;2.205;0.000;0.044;0.000;11;33.733;128.368;3;0;0;0;0;0;0;0
211;1;1;1;0.000000;0.000000;1.000000;19623.449082;19623.512508;19623.644607;797320;136300;143206;104;1791;136300;148364;100.000;4.123;4.485;549.924;590.316;35.607;179073;155570;143206;0.185;0.109;0.069;2.452;1.497;0.414;35.820;34.254;132.056;132.098;130.579;27.116;26.233;1.678;0.276;0.136;63.426;195.524;136.397;32.160;1.174;2.140;0.000;0.042;0.000;71;31.871;128.083;6;0;0;0;0;0;0;0
212;1;1;1;0.000000;0.000000;1.000000;19623.482321;19623.545633;19623.679447;805214;26884;142122;21;1777;26884;29320;100.000;0.774;0.842;545.761;585.838;7.037;167677;153813;142122;0.190;0.108;0.067;2.438;1.100;0.068;38.787;37.621;133.790;133.814;132.693;28.986;28.351;1.649;0.186;0.240;63.312;197.126;137.904;33.125;0.209;2.019;0.000;0.024;0.000;11;35.249;130.230;4;0;0;0;0;0;0;0
213;1;1;1;0.000000;0.000000;1.000000;19623.515705;19623.580517;19623.711086;797126;20868;141596;16;1770;20868;22724;100.000;0.654;0.709;543.741;583.660;5.454;165634;153826;141596;0.195;0.110;0.068;2.217;1.762;0.600;35.152;33.323;130.549;130.569;128.772;26.922;25.877;1.447;0.284;0.115;64.813;195.381;136.210;34.884;1.551;1.990;0.000;0.019;0.000;10;31.173;126.526;3;0;0;0;0;0;0;0
214;1;1;1;0.000000;0.000000;1.000000;19623.549367;19623.612614;19623.747645;803136;17484;141814;14;1773;17484;19108;100.000;0.529;0.575;544.578;584.565;4.586;164584;153253;141814;1.196;0.109;0.067;4.467;1.448;0.086;40.548;39.034;134.996;135.031;133.563;30.029;29.225;1.698;0.229;1.168;63.247;198.277;139.435;32.097;1.237;1.943;0.000;0.035;0.001;10;34.634;129.059;3;0;0;0;0;0;0;0
215;1;1;1;0.000000;0.000000;1.000000;19623.581568;19623.645918;19623.780114;809297;24440;143036;19;1788;24440;26644;100.000;0.761;0.827;549.271;589.596;6.395;164098;153400;143036;0.187;0.108;0.068;2.408;2.072;0.645;38.373;36.233;134.173;134.196;132.098;28.595;27.429;1.670;0.285;0.091;64.350;198.546;138.571;33.304;0.029;1.823;0.000;0.023;0.000;12;33.893;129.666;3;0;0;0;0;0;0;0
216;1;1;1;0.000000;0.000000;1.000000;19623.615637;19623.678184;19623.812353;808156;27448;144130;21;1802;27448;29884;100.000;0.789;0.857;553.472;594.112;7.172;164495;154711;144130;0.236;0.108;0.065;2.460;1.149;0.072;36.724;35.510;134.152;134.169;133.001;27.371;26.699;1.780;0.189;0.082;62.548;196.717;137.477;32.266;1.067;1.776;0.000;0.017;0.000;7;33.115;130.523;5;0;0;0;0;0;0;0
217;1;1;1;0.000000;0.000000;1.000000;19623.648748;19623.713144;19623.847460;810355;28576;146106;22;1827;28576;31128;100.000;0.873;0.949;561.060;602.264;7.471;164617;155714;146106;0.230;0.111;0.068;2.418;1.527;0.499;38.715;37.121;134.283;134.315;132.772;28.824;27.958;1.668;0.192;0.149;64.396;198.712;139.250;34.960;1.627;1.767;0.000;0.033;0.000;19;34.771;130.320;3;0;0;0;0;0;0;0
218;1;1;1;0.000000;0.000000;1.000000;19623.682280;19623.746079;19623.881306;810211;28764;148782;22;1860;28764;31316;100.000;0.811;0.881;571.335;613.284;7.516;166537;158775;148782;0.192;0.112;0.068;4.548;1.621;0.106;37.771;36.083;134.499;135.227;133.573;27.932;27.014;1.652;1.221;1.304;63.799;199.025;139.763;32.935;0.399;1.681;0.000;0.728;0.000;22;31.602;128.295;2;0;0;0;0;0;0;0
219;1;1;1;0.000000;0.000000;1.000000;19623.715503;19623.781708;19623.914252;808645;28764;150220;22;1878;28764;31316;100.000;0.921;1.000;576.857;619.212;7.516;167305;159826;150220;0.197;0.112;0.070;3.540;1.640;0.115;39.127;37.417;132.534;132.545;130.886;29.520;28.587;1.850;0.236;1.076;66.204;198.749;139.376;35.629;2.295;1.720;0.000;0.010;0.000;18;33.946;127.334;3;0;0;0;0;0;0;0
220;1;1;1;0.000000;0.000000;1.000000;19623.750437;19623.813106;19623.949178;810783;27636;150188;21;1878;27636;30072;100.000;635.614;689.446;576.734;619.090;7.217;167015;159584;150188;0.193;0.105;0.066;4.509;2.046;0.575;40.088;37.977;136.052;136.073;133.994;29.461;28.342;1.634;1.218;1.293;62.669;198.741;140.969;31.398;1.935;1.733;0.000;0.020;0.001;12;33.533;129.462;3;0;0;0;0;0;0;0
221;1;1;1;0.000000;0.000000;1.000000;19623.781459;19623.845813;19623.979561;807088;27636;149054;21;1864;27636;30072;100.000;804.239;872.351;572.380;614.419;7.217;165112;157821;149054;0.195;0.113;0.067;2.393;1.158;0.071;36.948;35.723;133.707;133.748;132.571;27.625;26.947;1.751;0.195;0.073;64.354;198.102;138.018;32.707;0.626;1.664;0.000;0.041;0.000;21;33.397;130.137;1;0;0;0;0;0;0;0
222;1;1;1;0.000000;0.000000;1.000000;19623.815689;19623.880285;19624.014991;809369;27824;147392;22;1843;27824;30376;100.000;0.870;0.947;565.998;607.563;7.290;162916;155906;147392;0.192;0.110;0.068;2.925;1.992;0.555;38.981;36.921;134.656;134.705;132.698;28.938;27.824;1.440;0.200;0.916;64.596;199.302;140.115;34.473;1.139;1.631;0.000;0.049;0.000;20;34.064;129.723;2;0;0;0;0;0;0;0
223;1;1;1;0.000000;0.000000;1.000000;19623.849217;19623.912459;19624.046478;795354;27448;146064;21;1826;27448;29884;100.000;0.775;0.841;560.898;602.080;7.172;161109;154353;146064;0.195;0.110;0.068;3.047;1.002;0.063;36.395;35.326;132.414;134.019;132.996;27.156;26.561;1.496;0.191;0.988;63.242;197.261;138.268;32.173;1.160;1.602;0.000;1.605;0.000;22;32.346;128.342;2;0;0;0;0;0;0;0
224;1;1;1;0.000000;0.000000;1.000000;19623.882427;19623.947997;19624.083025;795455;27260;144466;21;1806;27260;29696;100.000;0.869;0.943;554.762;595.493;7.127;158406;152079;144466;0.189;0.110;0.068;4.299;2.020;0.538;40.550;38.463;134.978;135.028;132.968;30.031;28.926;1.402;1.220;1.310;65.571;200.598;141.482;35.539;2.205;1.639;0.000;0.050;0.000;20;34.232;128.593;2;0;0;0;0;0;0;0
225;1;1;1;0.000000;0.000000;1.000000;19623.916372;19623.979595;19624.114325;795720;27824;143728;22;1797;27824;30376;100.000;0.841;0.915;551.928;592.456;7.290;157349;150860;143728;0.174;0.104;0.065;3.090;1.289;0.086;37.630;36.276;134.696;134.731;133.417;27.930;27.190;1.368;0.199;1.180;63.222;197.953;139.449;31.597;1.736;1.646;0.000;0.035;0.000;13;33.251;130.291;3;0;0;0;0;0;0;0
226;1;1;1;0.000000;0.000000;1.000000;19623.948404;19624.012905;19624.147114;798723;138180;142930;105;1787;138180;150360;100.000;111.062;120.774;548.864;589.166;36.086;180302;156126;142930;0.191;0.111;0.070;3.076;2.009;0.600;37.170;35.091;134.185;134.209;132.181;27.695;26.548;1.649;0.352;0.704;64.502;198.710;138.904;33.311;0.023;1.544;0.000;0.024;0.000;38;32.085;129.079;6;0;0;0;0;0;0;0
227;1;1;1;0.000000;0.000000;1.000000;19623.982717;19624.045306;19624.180525;807441;25192;142948;20;1787;25192;27512;100.000;0.698;0.760;548.933;589.235;6.603;170496;155469;142948;0.198;0.112;0.068;2.540;1.059;0.061;38.493;37.366;135.183;135.219;134.141;28.467;27.856;1.578;0.187;0.398;62.589;197.808;138.982;32.401;0.932;1.506;0.000;0.036;0.000;14;34.894;131.564;5;0;0;0;0;0;0;0
228;1;1;1;0.000000;0.000000;1.000000;19624.015926;19624.081630;19624.212305;803316;22560;143504;18;1794;22560;24648;100.000;0.729;0.793;551.068;591.528;5.916;169797;157251;143504;0.188;0.108;0.068;2.354;1.095;0.065;35.378;34.216;130.639;130.675;129.565;27.073;26.408;1.650;0.233;0.108;65.703;196.379;137.429;36.324;2.990;1.599;0.000;0.037;0.000;16;31.929;127.171;2;0;0;0;0;0;0;0
229;1;1;1;0.000000;0.000000;1.000000;19624.049241;19624.112821;19624.248904;809074;23124;144280;18;1804;23124;25212;100.000;0.654;0.710;554.048;594.733;6.051;168788;157757;144280;0.189;0.108;0.065;3.375;1.871;0.602;40.035;38.100;136.047;136.082;134.189;29.420;28.393;1.409;0.194;1.411;63.580;199.663;140.694;31.192;2.142;1.633;0.000;0.035;0.001;10;34.790;130.777;4;0;0;0;0;0;0;0
230;1;1;1;0.000000;0.000000;1.000000;19624.081284;19624.148395;19624.277786;808265;24816;145334;19;1817;24816;27020;100.000;0.799;0.867;558.095;599.074;6.485;168278;157442;145334;0.199;0.112;0.068;2.188;1.793;0.107;34.114;32.253;129.372;129.392;127.565;26.365;25.284;1.414;0.293;0.103;67.110;196.502;136.243;35.574;2.240;1.671;0.000;0.020;0.000;11;30.132;125.355;3;0;0;0;0;0;0;0
231;1;1;1;0.000000;0.000000;1.000000;19624.116112;19624.179694;19624.313781;818848;28200;147128;22;1840;28200;30752;100.000;0.828;0.900;564.984;606.482;7.380;170225;160218;147128;0.183;0.105;0.065;2.403;1.331;0.445;39.991;38.596;134.059;134.088;132.741;29.824;29.076;1.794;0.192;0.065;63.581;197.669;138.905;31.299;2.035;1.693;0.000;0.029;0.000;11;36.257;130.307;3;0;0;0;0;0;0;0
232;1;1;1;0.000000;0.000000;1.000000;19624.149096;19624.213932;19624.344855;820617;28200;148796;22;1860;28200;30752;100.000;0.911;0.990;571.389;613.338;7.380;170076;160590;148796;0.234;0.112;0.070;2.274;1.540;0.091;34.795;33.185;130.901;130.923;129.357;26.577;25.654;1.445;0.318;0.096;64.836;195.759;136.645;34.238;0.905;1.644;0.000;0.022;0.000;11;30.981;127.059;4;0;0;0;0;0;0;0
233;1;1;1;0.000000;0.000000;1.000000;19624.182519;19624.245047;19624.382064;814146;28012;150842;22;1886;28012;30564;100.000;0.798;0.868;579.246;621.781;7.335;170428;162009;150842;0.188;0.109;0.068;3.021;1.830;0.551;41.018;39.120;136.984;137.017;135.158;29.936;28.944;1.456;0.207;0.993;62.528;199.546;140.521;31.115;2.218;1.680;0.000;0.033;0.000;15;36.167;132.103;4;0;0;0;0;0;0;0
234;1;1;1;0.000000;0.000000;1.000000;19624.215232;19624.280349;19624.411519;814852;28200;152630;22;1908;28200;30752;100.000;0.894;0.972;586.112;629.144;7.380;171059;163302;152630;0.234;0.112;0.069;2.368;1.614;0.099;34.295;32.612;131.152;131.170;129.529;26.146;25.177;1.467;0.292;0.194;65.117;196.287;136.643;35.302;1.968;1.698;0.000;0.018;0.000;6;30.313;127.133;6;0;0;0;0;0;0;0
235;1;1;1;0.000000;0.000000;1.000000;19624.249530;19624.312035;19624.449063;815725;26884;153174;21;1915;26884;29320;100.000;0.767;0.833;588.201;631.391;7.037;171090;163574;153174;0.187;0.110;0.068;2.311;1.392;0.427;41.523;40.064;137.001;137.028;135.610;30.303;29.543;1.637;0.209;0.101;62.506;199.533;140.853;31.687;1.647;1.695;0.000;0.027;0.000;11;37.820;133.270;3;0;0;0;0;0;0;0
236;1;1;1;0.000000;0.000000;1.000000;19624.281908;19624.347310;19624.478445;816078;26884;152808;21;1911;26884;29320;100.000;0.860;0.935;586.795;629.895;7.037;169919;162282;152808;0.193;0.113;0.072;2.359;1.837;0.100;33.083;31.175;131.097;131.134;129.273;25.229;24.116;1.580;0.282;0.120;65.402;196.537;136.902;35.275;1.942;1.710;0.000;0.038;0.000;20;28.888;126.875;2;0;0;0;0;0;0;0
237;1;1;1;0.000000;0.000000;1.000000;19624.315921;19624.378734;19624.507210;810868;27260;151650;21;1896;27260;29696;100.000;0.780;0.847;582.348;625.110;7.127;168273;160669;151650;0.182;0.106;0.067;2.012;1.559;0.455;32.964;31.338;128.434;128.477;126.899;25.658;24.696;1.384;0.199;0.075;62.812;191.289;132.334;31.424;1.910;1.723;0.000;0.042;0.000;11;29.393;124.843;4;0;0;0;0;0;0;0
238;1;1;1;0.000000;0.000000;1.000000;19624.348390;19624.413863;19624.547734;801907;27448;149972;21;1875;27448;29884;100.000;0.888;0.964;575.905;618.192;7.172;166068;158826;149972;0.180;0.105;0.066;2.470;1.312;0.073;44.084;42.706;133.830;133.870;132.531;32.930;32.224;1.838;0.196;0.084;65.474;199.344;139.524;35.130;1.796;1.727;0.000;0.041;0.000;17;40.302;130.019;4;0;0;0;0;0;0;0
239;1;1;1;0.000000;0.000000;1.000000;19624.383025;19624.444928;19624.582315;799196;27824;148264;22;1854;27824;30376;100.000;0.942;1.025;569.346;611.160;7.290;163336;156157;148264;0.220;0.104;0.066;4.407;1.560;0.096;38.344;36.719;137.350;137.387;135.784;27.910;27.042;1.424;1.236;1.357;61.903;199.290;140.772;31.065;2.269;1.761;0.000;0.037;0.000;11;32.377;131.338;3;0;0;0;0;0;0;0
240;1;1;1;0.000000;0.000000;1.000000;19624.415067;19624.474655;19624.617903;799621;28388;146996;22;1838;28388;30940;100.000;0.732;0.795;564.477;605.930;7.426;161726;154799;146996;0.225;0.109;0.066;2.226;1.853;0.605;41.567;39.648;143.195;143.248;141.367;29.017;28.046;1.502;0.200;0.126;59.588;202.836;143.027;29.727;3.607;1.876;0.000;0.053;0.000;17;37.487;139.086;4;0;0;0;0;0;0;0
241;1;1;1;0.000000;0.000000;1.000000;19624.449878;19624.513681;19624.646249;808174;139496;146062;106;1826;139496;151792;100.000;121.997;132.667;560.891;602.073;36.430;182380;158734;146062;0.186;0.110;0.070;2.194;1.356;0.083;32.412;30.986;132.505;132.568;131.176;24.449;23.622;1.408;0.306;0.114;63.803;196.371;138.039;39.026;5.692;2.115;0.000;0.063;0.001;26;28.862;128.915;7;0;0;0;0;0;0;0
242;1;1;1;0.000000;0.000000;1.000000;19624.481258;19624.546925;19624.681278;810609;27824;145468;22;1819;27824;30376;100.000;0.812;0.883;558.610;599.634;7.290;172794;157709;145468;0.179;0.105;0.065;2.501;1.499;0.462;38.595;37.031;134.313;134.353;132.838;28.727;27.877;1.892;0.189;0.071;65.667;200.020;139.735;33.245;0.089;1.988;0.000;0.040;0.000;11;34.595;130.295;4;0;0;0;0;0;0;0
243;1;1;1;0.000000;0.000000;1.000000;19624.515398;19624.581439;19624.712721;809086;19928;145086;16;1814;19928;21784;100.000;0.635;0.692;557.143;598.054;5.228;170527;157379;145086;0.194;0.108;0.067;2.407;1.218;0.072;35.431;34.147;131.256;131.282;130.040;26.989;26.259;1.682;0.240;0.117;66.041;197.323;137.845;34.514;1.180;1.938;0.000;0.027;0.000;9;31.806;127.604;3;0;0;0;0;0;0;0
244;1;1;1;0.000000;0.000000;1.000000;19624.549415;19624.612969;19624.746908;804105;21808;145538;17;1820;21808;23780;100.000;0.630;0.684;558.878;599.925;5.707;169610;157509;145538;0.193;0.111;0.068;2.842;1.549;0.219;37.788;36.172;133.907;133.939;132.355;28.213;27.329;1.501;0.244;0.725;63.554;197.493;138.698;31.530;1.804;1.929;0.000;0.033;0.000;16;33.398;129.471;2;0;0;0;0;0;0;0
245;1;1;1;0.000000;0.000000;1.000000;19624.581807;19624.647776;19624.779476;810243;24064;146056;19;1826;24064;26268;100.000;0.768;0.836;560.868;602.050;6.304;168731;157465;146056;0.238;0.110;0.069;2.363;1.721;0.633;36.964;35.175;131.681;131.700;129.952;28.067;27.067;1.480;0.299;0.169;65.970;197.669;137.933;34.808;1.474;1.901;0.000;0.018;0.000;13;32.880;127.568;3;0;0;0;0;0;0;0
246;1;1;1;0.000000;0.000000;1.000000;19624.616477;19624.679277;19624.813182;808451;27260;146718;21;1834;27260;29696;100.000;0.784;0.852;563.410;604.772;7.127;168793;158062;146718;0.196;0.112;0.069;2.525;1.313;0.082;37.799;36.418;133.867;133.905;132.577;28.228;27.469;1.625;0.191;0.333;62.800;196.705;138.306;31.501;1.832;1.897;0.000;0.039;0.000;20;33.961;130.012;2;0;0;0;0;0;0;0
247;1;1;1;0.000000;0.000000;1.000000;19624.648452;19624.714212;19624.847906;818595;28952;147758;22;1847;28952;31504;100.000;559.595;607.075;567.403;609.059;7.561;168816;159649;147758;0.188;0.110;0.069;2.476;1.417;0.450;38.552;37.067;133.656;133.694;132.255;28.836;28.027;1.641;0.209;0.260;65.760;199.454;139.697;34.935;1.601;1.878;0.000;0.038;0.000;17;34.660;129.740;2;0;0;0;0;0;0;0
248;1;1;1;0.000000;0.000000;1.000000;19624.682663;19624.747085;19624.881467;813416;28952;149576;22;1870;28952;31504;100.000;381.686;414.071;574.384;616.559;7.561;169563;161459;149576;0.190;0.108;0.067;4.515;1.544;0.093;37.443;35.832;134.328;134.382;132.808;27.863;26.981;1.631;1.223;1.296;64.422;198.804;139.924;32.873;0.460;1.790;0.000;0.054;0.000;13;31.384;128.237;2;0;0;0;0;0;0;0
249;1;1;1;0.000000;0.000000;1.000000;19624.715262;19624.781021;19624.916138;816251;29704;151824;23;1898;29704;32372;100.000;0.949;1.032;583.017;625.823;7.769;171016;162569;151824;0.193;0.108;0.066;4.644;2.378;0.567;40.708;38.264;135.084;135.118;132.693;30.128;28.836;1.661;1.293;1.323;65.758;200.876;141.262;33.935;0.602;1.715;0.000;0.033;0.000;11;33.686;128.012;6;0;0;0;0;0;0;0
250;1;1;1;0.000000;0.000000;1.000000;19624.749812;19624.812524;19624.949480;820584;28576;153370;22;1918;28576;31128;100.000;0.849;0.922;588.953;632.211;7.471;171901;164313;153370;0.188;0.110;0.068;2.969;1.297;0.083;40.386;39.021;136.920;136.956;135.640;29.488;28.768;1.463;0.201;0.940;62.712;199.668;141.270;31.504;1.830;1.723;0.000;0.036;0.000;12;36.120;132.633;5;0;0;0;0;0;0;0
251;1;1;1;0.000000;0.000000;1.000000;19624.781913;19624.846350;19624.980216;817535;26884;153478;21;1919;26884;29320;100.000;0.792;0.861;589.368;632.648;7.037;171228;163430;153478;0.190;0.112;0.071;2.388;2.075;0.548;34.991;32.845;133.822;133.866;131.765;26.139;24.927;1.640;0.198;0.178;64.437;198.303;138.673;33.826;0.493;1.646;0.000;0.044;0.000;11;30.527;129.330;3;0;0;0;0;0;0;0
252;1;1;1;0.000000;0.000000;1.000000;19624.816044;19624.880556;19625.014881;812707;28576;152446;22;1906;28576;31128;100.000;0.838;0.910;585.405;628.392;7.471;169364;162081;152446;0.178;0.109;0.066;2.496;1.617;0.093;39.133;37.450;134.296;134.325;132.691;29.133;28.223;1.878;0.199;0.067;64.512;198.837;140.005;34.205;0.872;1.597;0.000;0.029;0.000;14;35.019;130.164;3;0;0;0;0;0;0;0
253;1;1;1;0.000000;0.000000;1.000000;19624.849240;19624.915308;19625.049072;811017;29328;150768;23;1885;29328;31996;100.000;0.938;1.020;578.962;621.475;7.679;166821;159511;150768;1.173;0.110;0.069;4.392;1.848;0.536;38.295;36.379;133.720;133.765;131.893;28.629;27.582;1.732;0.207;1.102;66.068;199.833;140.863;34.752;1.419;1.586;0.000;0.045;0.000;18;32.055;127.454;3;0;0;0;0;0;0;0
254;1;1;1;0.000000;0.000000;1.000000;19624.882407;19624.946747;19625.080820;812416;28012;148606;22;1858;28012;30564;100.000;0.822;0.894;570.660;612.564;7.335;163996;157520;148606;0.195;0.112;0.070;3.044;1.560;0.092;37.978;36.348;134.037;134.073;132.489;28.326;27.435;1.411;0.203;1.054;64.340;198.413;139.277;31.439;1.894;1.605;0.000;0.036;0.000;21;33.373;129.400;2;0;0;0;0;0;0;0
255;1;1;1;0.000000;0.000000;1.000000;19624.916319;19624.981025;19625.113439;815874;28388;147150;22;1840;28388;30940;100.000;0.874;0.950;565.068;606.566;7.426;162150;155350;147150;0.240;0.112;0.070;2.455;1.835;0.576;37.213;35.308;132.386;132.414;130.548;28.104;27.046;1.627;0.293;0.113;64.707;197.120;138.563;34.278;0.945;1.564;0.000;0.027;0.000;14;32.922;128.062;3;0;0;0;0;0;0;0
256;1;1;1;0.000000;0.000000;1.000000;19624.949559;19625.013763;19625.146149;811813;137804;146080;105;1826;137804;149984;100.000;4.148;4.512;560.960;602.142;35.996;184042;159743;146080;0.197;0.110;0.070;2.563;1.268;0.074;37.006;35.669;132.343;132.386;131.096;27.953;27.208;1.589;0.188;0.410;64.204;196.590;137.940;32.738;0.596;1.504;0.000;0.043;0.000;51;33.175;128.489;5;0;0;0;0;0;0;0
257;1;1;1;0.000000;0.000000;1.000000;19624.982257;19625.047067;19625.180786;809323;28200;145366;22;1818;28200;30752;100.000;0.885;0.962;558.218;599.220;7.380;173085;158574;145366;0.236;0.110;0.067;2.651;1.267;0.082;38.461;37.127;133.671;133.718;132.426;28.763;28.036;1.576;0.196;0.467;64.810;198.528;139.243;33.304;0.029;1.411;0.000;0.047;0.000;21;34.543;129.726;2;0;0;0;0;0;0;0
258;1;1;1;0.000000;0.000000;1.000000;19625.016269;19625.079085;19625.212483;806066;20304;145058;16;1814;20304;22160;100.000;0.573;0.623;557.035;597.947;5.318;169441;156661;145058;0.186;0.111;0.070;2.392;1.725;0.511;35.603;33.809;132.996;133.398;131.641;26.689;25.683;1.626;0.281;0.119;62.816;196.214;137.607;32.017;1.316;1.405;0.000;0.403;0.001;16;31.486;128.844;2;0;0;0;0;0;0;0
259;1;1;1;0.000000;0.000000;1.000000;19625.049103;19625.114711;19625.247854;803994;21620;144584;17;1808;21620;23592;100.000;0.707;0.769;555.215;595.991;5.662;167560;156238;144584;0.188;0.108;0.066;2.987;1.491;0.085;39.483;37.926;133.113;133.143;131.618;29.654;28.815;1.371;0.231;1.023;65.607;198.750;139.644;35.626;2.293;1.461;0.000;0.030;0.000;16;35.004;128.598;2;0;0;0;0;0;0;0
260;1;1;1;0.000000;0.000000;1.000000;19625.083286;19625.145492;19625.276737;804675;24252;144650;19;1809;24252;26456;100.000;0.721;0.783;555.468;596.267;6.349;166300;156032;144650;0.179;0.103;0.066;2.008;2.162;0.699;33.373;31.146;131.201;131.245;129.064;25.428;24.132;1.382;0.190;0.088;62.206;193.451;135.195;30.782;2.552;1.529;0.000;0.045;0.000;18;29.204;127.010;2;0;0;0;0;0;0;0
261;1;1;1;0.000000;0.000000;1.000000;19625.115345;19625.179329;19625.305985;803023;25944;143952;20;1800;25944;28264;100.000;0.754;0.818;552.788;593.384;6.783;164676;155368;143952;0.180;0.106;0.065;2.107;1.124;0.068;33.414;32.225;126.555;126.655;125.512;26.382;25.675;1.485;0.189;0.082;63.984;190.640;131.108;33.837;0.504;1.465;0.000;0.100;0.000;20;30.183;123.304;2;0;0;0;0;0;0;0
262;1;1;1;0.000000;0.000000;1.000000;19625.149200;19625.213950;19625.348590;804900;27448;144058;21;1801;27448;29884;100.000;0.907;0.984;553.195;593.813;7.172;165024;156429;144058;0.198;0.111;0.066;4.560;2.028;0.578;45.820;43.726;134.621;134.639;132.580;34.031;32.981;1.650;1.211;1.324;64.750;199.389;140.380;34.621;1.288;1.454;0.000;0.018;0.000;11;39.231;127.999;4;0;0;0;0;0;0;0
263;1;1;1;0.000000;0.000000;1.000000;19625.182655;19625.244378;19625.380233;801032;29328;144662;23;1809;29328;31996;100.000;0.980;1.066;555.515;596.313;7.679;164712;156601;144662;0.195;0.108;0.068;2.758;1.270;0.075;38.240;36.903;135.825;135.855;134.566;28.148;27.423;1.494;0.189;0.705;61.724;197.578;138.690;30.428;2.906;1.545;0.000;0.030;0.000;15;34.212;131.776;4;0;0;0;0;0;0;0
264;1;1;1;0.000000;0.000000;1.000000;19625.215254;19625.274455;19625.413614;793638;29704;145976;23;1825;29704;32372;100.000;0.780;0.847;560.560;601.720;7.769;164430;156575;145976;0.193;0.109;0.067;2.418;2.000;0.778;37.401;35.334;139.110;139.160;137.135;26.876;25.766;1.716;0.188;0.146;59.201;198.361;138.738;30.076;3.257;1.652;0.000;0.050;0.000;22;32.983;134.665;2;0;0;0;0;0;0;0
265;1;1;1;0.000000;0.000000;1.000000;19625.250093;19625.312722;19625.446125;801156;29328;148478;23;1856;29328;31996;100.000;0.856;0.931;570.168;612.027;7.679;165807;158491;148478;0.195;0.111;0.070;2.711;1.258;0.068;36.919;35.591;133.371;133.403;132.120;27.675;26.938;1.498;0.194;0.644;62.629;196.033;137.916;38.267;4.934;1.857;0.000;0.033;0.000;16;32.949;129.369;3;0;0;0;0;0;0;0
266;1;1;1;0.000000;0.000000;1.000000;19625.282678;19625.347184;19625.480575;804749;28388;149922;22;1875;28388;30940;100.000;0.902;0.980;575.713;618.000;7.426;166833;159695;149922;0.202;0.113;0.071;2.791;1.421;0.084;38.417;36.925;133.344;133.391;131.944;28.800;27.986;1.477;0.197;0.732;64.506;197.897;139.032;34.462;1.129;1.811;0.000;0.047;0.000;19;34.205;129.105;3;0;0;0;0;0;0;0
267;1;1;1;0.000000;0.000000;1.000000;19625.315561;19625.378797;19625.508535;805449;28200;150436;22;1881;28200;30752;100.000;0.799;0.868;577.687;620.110;7.380;167006;159868;150436;0.222;0.105;0.068;2.072;1.656;0.471;32.166;30.443;129.707;129.739;128.054;24.793;23.774;1.393;0.196;0.088;63.236;192.974;133.659;31.613;1.721;1.806;0.000;0.031;0.000;11;28.438;125.949;4;0;0;0;0;0;0;0
268;1;1;1;0.000000;0.000000;1.000000;19625.348918;19625.414300;19625.547251;805329;26884;149636;21;1871;26884;29320;100.000;0.884;0.961;574.615;616.812;7.037;165755;158848;149636;0.182;0.109;0.067;2.836;1.085;0.067;42.450;41.298;132.911;132.950;131.846;31.929;31.323;1.383;0.200;0.897;65.382;198.332;139.041;35.504;2.170;1.828;0.000;0.039;0.000;16;38.528;128.969;4;0;0;0;0;0;0;0
269;1;1;1;0.000000;0.000000;1.000000;19625.383315;19625.444871;19625.578558;805419;27260;148420;21;1856;27260;29696;100.000;0.943;1.024;569.945;611.804;7.127;163916;157065;148420;0.195;0.112;0.072;2.268;1.959;0.675;35.218;33.188;133.642;133.687;131.702;26.344;25.199;1.468;0.304;0.117;61.556;195.243;137.015;30.571;2.762;1.887;0.000;0.045;0.000;20;30.992;129.387;2;0;0;0;0;0;0;0
270;1;1;1;0.000000;0.000000;1.000000;19625.415367;19625.473916;19625.605619;804474;27824;146600;22;1833;27824;30376;100.000;0.706;0.768;562.956;604.296;7.290;161632;155040;146600;0.184;0.106;0.067;2.161;1.227;0.068;31.283;29.989;131.666;131.702;130.448;23.753;22.989;1.539;0.191;0.075;58.549;190.251;130.742;29.045;4.288;2.037;0.000;0.037;0.000;21;27.895;128.249;2;0;0;0;0;0;0;0
271;1;1;1;0.000000;0.000000;1.000000;19625.449174;19625.513543;19625.647988;796101;135360;145088;103;1814;135360;147308;100.000;4.374;4.756;557.150;598.062;35.354;181623;158138;145088;0.233;0.108;0.067;2.974;1.788;0.571;45.749;43.895;134.408;134.445;132.625;34.028;33.097;1.824;0.192;0.551;64.370;198.815;139.779;39.627;6.293;2.303;0.000;0.037;0.000;35;40.988;129.613;6;0;0;0;0;0;0;0
272;1;1;1;0.000000;0.000000;1.000000;19625.482902;19625.544565;19625.681604;805073;27824;144742;22;1810;27824;30376;100.000;0.981;1.068;555.822;596.643;7.290;170832;156020;144742;0.191;0.112;0.068;4.633;1.554;0.088;38.379;36.758;137.000;137.038;135.459;28.006;27.136;1.719;1.213;1.330;61.663;198.701;140.061;31.022;2.311;2.303;0.000;0.039;0.000;17;32.192;130.784;3;0;0;0;0;0;0;0
273;1;1;1;0.000000;0.000000;1.000000;19625.515035;19625.573067;19625.716727;797204;23500;144320;18;1804;23500;25588;100.000;0.603;0.654;554.201;594.887;6.141;168205;154907;144320;0.189;0.110;0.066;3.531;1.599;0.540;41.313;39.648;143.625;143.660;142.042;28.758;27.913;1.455;0.189;1.523;58.032;201.692;141.851;28.502;4.831;2.461;0.000;0.035;0.000;13;36.182;138.473;3;0;0;0;0;0;0;0
274;1;1;1;0.000000;0.000000;1.000000;19625.549305;19625.612220;19625.745326;805139;23124;144042;18;1801;23124;25212;100.000;0.688;0.747;553.134;593.752;6.051;166757;155370;144042;0.193;0.110;0.071;2.426;1.127;0.067;33.720;32.522;133.070;133.106;131.955;25.333;24.646;1.642;0.297;0.115;62.915;196.021;137.116;39.153;5.819;2.671;0.000;0.036;0.001;14;30.166;129.489;3;0;0;0;0;0;0;0
275;1;1;1;0.000000;0.000000;1.000000;19625.582660;19625.646019;19625.779721;808073;25944;144130;20;1802;25944;28264;100.000;0.754;0.818;553.472;594.112;6.783;164807;154126;144130;0.195;0.109;0.068;2.944;1.549;0.484;37.938;36.322;133.684;133.703;132.135;28.375;27.489;1.394;0.189;0.990;63.359;197.062;138.178;33.799;0.465;2.533;0.000;0.019;0.000;14;33.445;129.160;3;0;0;0;0;0;0;0
276;1;1;1;0.000000;0.000000;1.000000;19625.615644;19625.680686;19625.811057;813584;26132;144164;20;1803;26132;28452;100.000;0.809;0.878;553.602;594.265;6.828;164589;155029;144164;0.186;0.109;0.069;2.293;1.743;0.111;35.808;33.997;130.338;130.371;128.593;27.466;26.438;1.519;0.273;0.137;65.042;195.413;136.181;34.667;1.334;2.458;0.000;0.034;0.000;12;31.773;126.265;3;0;0;0;0;0;0;0
277;1;1;1;0.000000;0.000000;1.000000;19625.649171;19625.713168;19625.848047;812306;29328;144334;23;1805;29328;31996;100.000;0.867;0.944;554.255;594.963;7.679;163613;154352;144334;1.256;0.109;0.067;4.335;1.142;0.072;41.033;39.824;134.858;134.879;133.714;30.422;29.783;1.562;0.203;1.138;63.997;198.876;139.837;32.482;0.851;2.358;0.000;0.022;0.000;16;35.556;129.355;3;0;0;0;0;0;0;0
278;1;1;1;0.000000;0.000000;1.000000;19625.682425;19625.747156;19625.881943;817500;29140;144850;23;1811;29140;31808;100.000;0.948;1.032;556.236;597.080;7.634;163242;154942;144850;0.220;0.104;0.066;4.596;1.928;0.557;39.354;37.361;134.758;134.787;132.824;29.197;28.128;1.654;1.215;1.338;64.731;199.518;140.400;33.988;0.655;2.252;0.000;0.029;0.000;10;32.830;128.194;4;0;0;0;0;0;0;0
279;1;1;1;0.000000;0.000000;1.000000;19625.715948;19625.778010;19625.914568;824803;30456;147006;24;1838;30456;33240;100.000;0.859;0.934;564.516;605.968;7.978;164077;156076;147006;1.188;0.110;0.068;4.154;1.299;0.077;39.162;37.795;136.523;136.558;135.242;28.678;27.946;1.528;0.195;1.066;62.062;198.620;139.692;30.854;2.479;2.266;0.000;0.035;0.000;15;33.709;131.050;3;0;0;0;0;0;0;0
280;1;1;1;0.000000;0.000000;1.000000;19625.748334;19625.813665;19625.949662;813944;29704;149388;23;1868;29704;32372;100.000;0.902;0.981;573.662;615.792;7.769;166010;158508;149388;0.226;0.104;0.066;4.801;2.305;0.576;40.523;38.152;135.972;135.997;133.656;29.797;28.545;1.833;1.234;1.338;65.331;201.328;141.452;35.654;2.321;2.269;0.000;0.025;0.000;15;33.416;128.827;3;0;0;0;0;0;0;0
281;1;1;1;0.000000;0.000000;1.000000;19625.782525;19625.846761;19625.982425;815307;30080;150146;23;1877;30080;32748;100.000;0.894;0.971;576.573;618.906;7.860;166093;158776;150146;0.186;0.110;0.067;2.816;1.388;0.081;39.880;38.426;135.636;135.665;134.254;29.396;28.622;1.463;0.200;0.790;64.236;199.901;140.883;33.096;0.237;2.142;0.000;0.029;0.000;11;35.677;131.408;3;0;0;0;0;0;0;0
282;1;1;1;0.000000;0.000000;1.000000;19625.815216;19625.881003;19626.011848;816329;27636;149960;21;1875;27636;30072;100.000;0.865;0.938;575.859;618.146;7.217;165403;158449;149960;0.194;0.112;0.070;2.235;1.954;0.528;33.611;31.587;130.798;130.846;128.857;25.687;24.514;1.437;0.301;0.122;65.787;196.632;136.972;34.242;0.908;2.065;0.000;0.048;0.000;20;29.422;126.573;2;0;0;0;0;0;0;0
283;1;1;1;0.000000;0.000000;1.000000;19625.848982;19625.913146;19626.048356;813249;27636;148574;21;1858;27636;30072;100.000;572.066;620.515;570.537;612.441;7.217;163483;156580;148574;0.231;0.105;0.066;4.942;1.736;0.101;40.688;38.887;135.189;135.210;133.435;30.093;29.143;2.004;1.221;1.316;64.164;199.374;140.147;32.143;1.190;2.010;0.000;0.022;0.000;16;34.010;128.468;2;0;0;0;0;0;0;0
284;1;1;1;0.000000;0.000000;1.000000;19625.882272;19625.948035;19626.081457;809333;28012;146866;22;1836;28012;30564;100.000;0.909;0.988;563.978;605.386;7.335;161338;154507;146866;0.194;0.109;0.068;3.052;1.838;0.559;39.790;37.885;133.371;133.422;131.562;29.823;28.796;1.422;0.198;1.062;65.764;199.186;139.915;34.889;1.556;1.982;0.000;0.051;0.000;21;34.900;128.455;2;0;0;0;0;0;0;0
285;1;1;1;0.000000;0.000000;1.000000;19625.915725;19625.979028;19626.112811;815482;28764;145550;22;1820;28764;31316;100.000;0.829;0.899;558.924;599.971;7.516;159641;152769;145550;0.191;0.109;0.069;2.366;1.321;0.081;36.217;34.828;133.761;133.783;132.429;27.072;26.299;1.614;0.295;0.089;63.303;197.086;137.935;30.993;2.340;2.004;0.000;0.022;0.001;13;32.531;130.026;3;0;0;0;0;0;0;0
286;1;1;1;0.000000;0.000000;1.000000;19625.948328;19626.013956;19626.148384;814633;136300;144160;104;1802;136300;148364;100.000;4.112;4.473;553.587;594.228;35.607;181574;157734;144160;0.183;0.106;0.065;2.799;1.365;0.079;39.261;37.831;134.383;134.428;133.036;29.206;28.437;1.386;0.214;0.845;65.628;200.056;140.174;34.928;1.594;1.979;0.000;0.045;0.000;50;35.096;130.189;5;0;0;0;0;0;0;0
287;1;1;1;0.000000;0.000000;1.000000;19625.982968;19626.047240;19626.180742;814941;28576;142853;22;1786;28576;31128;100.000;0.891;0.968;548.568;588.848;7.471;172058;156133;142853;0.235;0.111;0.070;2.510;2.191;0.524;36.519;34.259;133.482;133.502;131.286;27.355;26.095;1.723;0.261;0.111;64.272;197.774;139.199;33.284;0.050;1.858;0.000;0.020;0.000;18;31.819;128.753;3;0;0;0;0;0;0;0
288;1;1;1;0.000000;0.000000;1.000000;19626.015075;19626.079468;19626.215913;818847;23124;142468;18;1781;23124;25212;100.000;0.658;0.715;547.090;587.256;6.051;168427;154557;142468;0.174;0.104;0.063;3.448;1.007;0.061;39.874;38.803;136.398;136.445;135.418;29.223;28.654;1.406;0.196;1.504;64.393;200.838;141.037;32.229;1.105;1.811;0.000;0.047;0.000;16;35.418;131.921;3;0;0;0;0;0;0;0
289;1;1;1;0.000000;0.000000;1.000000;19626.049174;19626.114778;19626.248514;824052;21056;142484;16;1782;21056;22912;100.000;831.190;900.691;547.151;587.340;5.499;165753;153310;142484;0.192;0.110;0.066;2.909;1.672;0.510;37.050;35.312;133.704;133.736;132.041;27.704;26.743;1.500;0.239;0.803;65.605;199.340;140.304;35.310;1.977;1.821;0.000;0.031;0.000;16;32.468;129.098;1;0;0;0;0;0;0;0
290;1;1;1;0.000000;0.000000;1.000000;19626.082689;19626.146871;19626.281050;835458;25756;143172;20;1790;25756;28076;100.000;0.745;0.809;549.793;590.163;6.738;164891;153586;143172;0.192;0.108;0.067;2.627;1.235;0.077;37.113;35.812;134.136;134.179;132.919;27.659;26.942;1.574;0.204;0.483;64.183;198.361;139.507;32.093;1.240;1.785;0.000;0.043;0.000;10;33.251;130.248;3;0;0;0;0;0;0;0
291;1;1;1;0.000000;0.000000;1.000000;19626.114778;19626.181649;19626.313483;819605;26320;143314;20;1792;26320;28640;100.000;0.802;0.869;550.338;590.753;6.874;163535;154112;143314;0.236;0.110;0.067;2.312;1.876;0.523;36.291;34.348;131.791;131.834;129.933;27.528;26.435;1.492;0.307;0.101;66.871;198.705;138.607;34.777;1.444;1.764;0.000;0.043;0.000;19;32.102;127.575;2;0;0;0;0;0;0;0
292;1;1;1;0.000000;0.000000;1.000000;19626.149446;19626.214697;19626.348451;827799;26508;143732;21;1797;26508;28944;100.000;0.833;0.907;551.943;592.471;6.947;162723;153546;143732;0.188;0.108;0.066;3.003;1.282;0.079;39.157;37.809;133.721;133.754;132.450;29.275;28.546;1.445;0.192;1.005;65.251;199.005;140.241;33.048;0.285;1.671;0.000;0.033;0.000;20;34.872;129.413;2;0;0;0;0;0;0;0
293;1;1;1;0.000000;0.000000;1.000000;19626.182375;19626.246714;19626.379131;830771;28576;144010;22;1801;28576;31128;100.000;0.872;0.947;553.011;593.629;7.471;161833;153586;144010;0.202;0.111;0.069;2.282;1.987;0.475;34.959;32.903;132.355;132.417;130.405;26.401;25.232;1.495;0.297;0.109;64.340;196.756;137.588;32.018;1.316;1.649;0.000;0.062;0.000;21;30.690;128.060;2;0;0;0;0;0;0;0
294;1;1;1;0.000000;0.000000;1.000000;19626.215926;19626.279677;19626.406887;835004;29892;145768;23;1823;29892;32560;100.000;0.859;0.933;559.762;600.876;7.814;162450;155112;145768;0.186;0.108;0.066;2.007;1.063;0.070;32.025;30.896;127.190;127.210;126.126;25.175;24.497;1.385;0.191;0.072;63.751;190.961;132.011;32.963;0.370;1.569;0.000;0.020;0.000;17;28.955;124.097;3;0;0;0;0;0;0;0
295;1;1;1;0.000000;0.000000;1.000000;19626.249122;19626.314661;19626.446533;814967;29328;148094;23;1852;29328;31996;100.000;0.958;1.042;568.693;610.462;7.679;164346;157166;148094;0.189;0.111;0.069;2.678;1.228;0.075;42.713;41.417;131.834;131.872;130.629;32.390;31.706;1.557;0.193;0.559;65.539;197.411;138.324;34.984;1.650;1.574;0.000;0.038;0.000;12;38.808;127.906;3;0;0;0;0;0;0;0
296;1;1;1;0.000000;0.000000;1.000000;19626.282504;19626.345420;19626.470904;818656;29140;149404;23;1868;29140;31808;100.000;0.989;1.076;573.724;615.853;7.634;165026;157952;149404;0.183;0.112;0.072;2.048;0.928;0.192;28.268;27.268;125.427;125.484;124.535;22.527;21.896;1.405;0.197;0.080;62.916;188.399;129.361;30.759;2.574;1.637;0.000;0.057;0.000;22;25.292;122.429;2;0;0;0;0;0;0;0
297;1;1;1;0.000000;0.000000;1.000000;19626.315246;19626.375036;19626.514450;819807;28200;149370;22;1868;28200;30752;100.000;0.725;0.788;573.593;615.723;7.380;164828;157706;149370;0.186;0.111;0.068;1.989;1.481;0.409;46.524;44.975;139.351;139.414;137.917;33.371;32.610;1.371;0.193;0.060;59.790;199.204;139.573;29.615;3.718;1.767;0.000;0.063;0.000;21;43.053;135.863;2;0;0;0;0;0;0;0
298;1;1;1;0.000000;0.000000;1.000000;19626.349525;19626.414126;19626.533119;814766;27448;148012;21;1851;27448;29884;100.000;0.889;0.965;568.379;610.125;7.172;162967;156066;148012;0.215;0.105;0.066;2.323;1.265;0.075;22.130;20.799;118.956;118.993;117.704;18.598;17.671;1.635;0.222;0.081;64.602;183.594;124.910;39.091;5.757;2.016;0.000;0.037;0.000;16;18.542;115.343;3;0;0;0;0;0;0;0
299;1;1;1;0.000000;0.000000;1.000000;19626.381204;19626.445141;19626.572168;809259;28576;146174;22;1828;28576;31128;100.000;0.648;0.704;561.321;602.548;7.471;160381;153711;146174;0.182;0.108;0.066;1.981;1.440;0.401;42.642;41.136;127.006;127.027;125.570;33.569;32.759;1.370;0.190;0.067;63.938;190.965;130.625;31.015;2.318;2.035;0.000;0.021;0.000;16;39.220;123.567;3;0;0;0;0;0;0;0
300;1;1;1;0.000000;0.000000;1.000000;19626.415631;19626.490386;19626.604660;812212;28952;144110;22;1802;28952;31504;100.000;6.290;6.824;553.395;594.036;7.561;158639;151863;144110;0.218;0.106;0.071;2.051;1.131;0.067;35.901;34.699;114.244;114.274;113.118;31.416;30.675;1.388;0.190;0.078;74.754;189.029;129.784;45.244;11.911;2.652;0.000;0.030;0.000;14;32.719;111.034;4;0;0;0;0;0;0;0
