frame_id;rx_complete;tx_complete;current_skip;event;yaw;pitch;zoom;camera_send_timestamp;recv_start_timestamp;codec_exit_time;node_exit_timestamp;original_points;rx_points;processed_points;rx_packets;tx_packets;payload_bytes;reference_size_bytes;data_integrity_pct;internal_throughput_mbs;reference_throughput_mbs;logical_bitrate_mbps;network_bitrate_mbps;reference_bitrate_mbps;conversion_ms;geometry_aggregation_ms;max_r_ms;projection_ms;codec_write_ms;active_tx_ms;active_process_ms;reference_process_ms;total_processing_ms;total_residency_ms;reference_residency_ms;node_efficiency_pct;reference_efficiency_pct;gpu_transfer_ms;gpu_kernel_ms;gpu_packing_ms;gpu_copyback_ms;host_overhead_ms;camera_node_ms;e2e_latency_ms;schedule_delay_ms;inter_arrival_ms;instant_jitter_ms;desynced_jitter_ms;reference_jitter_ms;raw_queue_ms;render_queue_ms;workload_ewma_ms;workload_ratio;frame_backlog;codec_backlog;encode_service_ms;encode_h265_ms;mse_y;psnr_y;ssim_y;mpeg_bytes_generated;ffmpeg_write_calls;ffmpeg_write_eagain;tx_zero_accepts;tx_partial_accepts;tx_resubmit_calls;tx_resubmitted_packets;mbuf_starvation
1;1;1;1;WARMUP;0.000;0.000;1.000;20730.961297;20730.963517;20731.000357;20731.021491;784142;784142;784142;9802;108;12546272;12546312;100.000;925.966;925.966;34.132;37.480;3011.115;10.888;0.000;0.000;15.972;7.017;0.002;33.877;33.877;44.424;57.974;36.840;58.435;91.958;1.452;0.911;0.503;1.404;11.702;2.221;60.195;57.974;0.000;0.000;0.000;0.000;0.011;0.289;15.986;0.480;0;1;27.664;27.665;nan;nan;nan;142128;1;0;0;0;0;0;0
2;1;1;1;WARMUP;0.000;0.000;1.000;20731.102665;20731.105369;20731.137062;20731.156577;783406;783406;783406;9793;22;12534496;12534536;100.000;932.568;932.568;6.970;7.635;3008.289;2.883;0.000;0.000;4.247;13.416;0.001;20.546;20.546;37.767;51.209;31.693;40.123;64.829;1.405;0.902;0.500;1.412;0.029;2.704;53.913;159.727;141.851;108.518;6.782;108.518;0.009;0.579;13.053;0.392;0;1;32.893;32.893;nan;nan;nan;28952;1;0;0;0;0;0;0
3;1;1;1;WARMUP;0.000;0.000;1.000;20731.226383;20731.229086;20731.260411;20731.397325;780200;780200;780200;9753;18;12483200;12483240;100.000;929.653;929.653;5.571;6.111;2995.978;2.859;0.000;0.000;4.225;13.477;0.002;20.561;20.561;154.812;168.240;31.325;12.221;65.636;1.399;0.897;0.508;1.395;0.027;2.703;170.943;367.141;123.717;90.384;12.007;90.384;0.002;0.192;10.849;0.325;0;1;32.773;32.774;nan;nan;nan;23124;1;0;0;0;0;0;0
4;1;1;1;WARMUP;0.000;0.000;1.000;20731.351234;20731.353913;20731.378228;20731.538629;778467;778467;778467;9731;18;12455472;12455512;100.000;944.981;944.981;5.436;5.976;2989.323;2.903;0.000;0.000;4.229;6.002;0.001;13.134;13.134;171.536;184.717;24.316;7.110;54.014;1.399;0.900;0.514;1.388;0.027;2.678;187.395;475.112;124.827;91.493;16.975;91.493;0.002;0.902;9.196;0.276;0;1;25.094;25.096;nan;nan;nan;22560;1;0;0;0;0;0;0
5;1;1;1;WARMUP;0.000;0.000;1.000;20731.484270;20731.486985;20731.519014;20731.665957;776427;776427;776427;9706;17;12422832;12422872;100.000;925.003;925.003;5.300;5.809;2981.489;2.931;0.000;0.000;4.415;13.476;0.002;20.822;20.822;165.541;178.972;32.029;11.634;65.011;1.588;0.888;0.506;1.405;0.027;2.715;181.687;569.106;133.073;99.739;22.148;99.739;0.002;0.705;4.424;0.133;0;1;33.088;33.090;nan;nan;nan;21996;1;0;0;0;0;0;0
6;1;1;1;IDLE;0.000;0.000;1.000;20731.611745;20731.614500;20731.646387;20731.780223;774893;774893;774893;9687;19;12398288;12398328;100.000;905.412;905.412;5.887;6.458;2975.599;2.824;0.000;0.000;4.187;13.551;0.002;20.562;20.562;152.029;165.723;31.887;12.407;64.484;1.383;0.888;0.500;1.390;0.026;2.755;168.478;650.039;127.515;94.182;26.650;94.182;0.002;0.453;4.367;0.131;0;1;33.117;33.119;nan;nan;nan;24440;1;0;0;0;0;0;0
7;1;1;1;IDLE;0.000;0.000;1.000;20731.733825;20731.736636;20731.761159;20731.780257;775949;775949;775949;9700;19;12415184;12415224;100.000;920.876;920.876;6.022;6.594;2979.654;2.930;0.000;0.000;4.321;6.038;0.000;13.290;13.290;30.139;43.621;24.523;30.467;54.193;1.501;0.897;0.500;1.397;0.027;2.811;46.432;616.739;122.136;88.802;30.535;88.802;0.002;0.679;4.358;0.131;0;1;25.098;25.100;nan;nan;nan;25004;1;0;0;0;0;0;0
8;1;1;1;IDLE;0.000;0.000;1.000;20731.858646;20731.861353;20731.892810;20731.912224;775463;775463;775463;9694;20;12407408;12407448;100.000;928.273;928.273;6.338;6.941;2977.788;2.845;0.000;0.000;4.218;13.398;0.001;20.461;20.461;37.505;50.871;31.457;40.221;65.044;1.381;0.892;0.509;1.408;0.027;2.707;53.578;715.373;124.717;91.384;34.338;91.384;0.002;0.472;4.325;0.130;0;1;32.776;32.777;nan;nan;nan;26320;1;0;0;0;0;0;0
9;1;1;1;IDLE;0.000;0.000;1.000;20731.978658;20731.981371;20732.014144;20732.147076;775698;775698;775698;9697;20;12411168;12411208;100.000;880.675;880.675;6.338;6.941;2978.690;3.038;0.000;0.000;4.216;13.450;0.003;20.703;20.703;151.613;165.705;32.773;12.494;63.171;1.395;0.889;0.498;1.404;0.029;2.713;168.419;916.892;120.018;86.685;37.609;86.685;0.002;1.012;4.304;0.129;0;1;32.831;32.833;nan;nan;nan;26320;1;0;0;0;0;0;0
10;1;1;1;IDLE;0.000;0.000;1.000;20732.100624;20732.103681;20732.127919;20732.275092;778020;778020;778020;9726;20;12448320;12448360;100.000;902.217;902.217;6.157;6.760;2987.606;3.013;0.000;0.000;4.225;5.941;0.001;13.179;13.179;157.613;171.411;24.238;7.688;54.373;1.393;0.897;0.511;1.394;0.029;3.057;174.468;1011.575;122.310;88.977;40.820;88.977;0.002;0.272;4.286;0.129;0;1;25.095;25.097;nan;nan;nan;25568;1;0;0;0;0;0;0
11;1;1;1;IDLE;0.000;0.000;1.000;20732.220882;20732.223827;20732.255747;20732.398320;778554;778554;778554;9732;19;12456864;12456904;100.000;910.270;910.270;5.796;6.368;2989.657;2.863;0.000;0.000;4.221;13.487;0.002;20.571;20.571;160.808;174.493;31.920;11.789;64.446;1.385;0.900;0.501;1.407;0.028;2.945;177.438;1101.469;120.146;86.813;43.694;86.813;0.008;0.518;4.272;0.128;0;1;32.830;32.831;nan;nan;nan;24064;1;0;0;0;0;0;0
12;1;1;1;IDLE;0.000;0.000;1.000;20732.343906;20732.346678;20732.379012;20732.520949;779986;779986;779986;9750;20;12479776;12479816;100.000;895.891;895.891;6.157;6.760;2995.156;2.999;0.000;0.000;4.225;13.465;0.002;20.688;20.688;160.341;174.271;32.334;11.871;63.983;1.408;0.898;0.502;1.391;0.026;2.772;177.043;1190.765;122.851;89.517;46.558;89.517;0.002;0.712;4.263;0.128;0;1;32.770;32.771;nan;nan;nan;25568;1;0;0;0;0;0;0
13;1;1;1;IDLE;0.000;0.000;1.000;20732.474901;20732.477613;20732.501882;20732.659279;780926;780926;780926;9762;20;12494816;12494856;100.000;945.628;945.628;6.293;6.896;2998.765;2.819;0.000;0.000;4.841;6.022;0.001;13.683;13.683;168.453;181.666;24.269;7.532;56.378;1.913;0.973;0.516;1.406;0.033;2.712;184.378;1295.761;130.935;97.601;49.749;97.601;0.002;0.190;4.411;0.132;0;1;25.086;25.087;nan;nan;nan;26132;1;0;0;0;0;0;0
14;1;1;1;IDLE;0.000;0.000;1.000;20732.604575;20732.607426;20732.639791;20732.791245;782770;782770;782770;9785;21;12524320;12524360;100.000;901.865;901.865;6.428;7.062;3005.846;2.866;0.000;0.000;4.325;13.634;0.001;20.825;20.825;169.932;183.819;32.364;11.329;64.347;1.497;0.904;0.508;1.391;0.026;2.851;186.670;1394.394;129.814;96.480;52.669;96.480;0.002;0.515;4.392;0.132;0;1;33.118;33.120;nan;nan;nan;26696;1;0;0;0;0;0;0
15;1;1;1;IDLE;0.000;0.000;1.000;20732.737237;20732.739951;20732.771911;20732.910899;784474;784474;784474;9806;21;12551584;12551624;100.000;908.880;908.880;6.564;7.198;3012.390;2.974;0.000;0.000;4.260;13.445;0.001;20.679;20.679;157.137;170.947;31.960;12.097;64.705;1.414;0.906;0.505;1.407;0.027;2.714;173.662;1480.715;132.525;99.192;55.577;99.192;0.002;0.441;4.361;0.131;0;1;32.777;32.777;nan;nan;nan;27260;1;0;0;0;0;0;0
16;1;1;1;IDLE;0.000;0.000;1.000;20732.862944;20732.865737;20732.890731;20733.036702;785193;785193;785193;9815;101;12563088;12563128;100.000;867.998;867.998;31.650;34.780;3015.151;3.088;0.000;0.000;4.247;5.971;0.003;13.307;13.307;156.490;170.964;24.994;7.783;53.240;1.401;0.902;0.506;1.412;0.026;2.794;173.758;1573.184;125.786;92.453;57.882;92.453;0.002;0.299;4.335;0.130;0;1;26.135;26.137;nan;nan;nan;131788;1;0;0;0;0;0;0
17;1;1;1;IDLE;0.000;0.000;1.000;20732.982065;20732.985080;20733.017419;20733.166120;782720;782720;782720;9784;22;12523520;12523560;100.000;905.544;905.544;6.924;7.590;3005.654;2.953;0.000;0.000;4.254;13.381;0.002;20.588;20.588;167.210;181.040;32.339;11.372;63.662;1.402;0.909;0.508;1.409;0.027;3.015;184.055;1669.269;119.343;86.010;59.640;86.010;0.002;0.872;4.317;0.129;0;1;32.660;32.661;nan;nan;nan;28764;1;0;0;0;0;0;0
18;1;1;1;IDLE;0.000;0.000;1.000;20733.111036;20733.113892;20733.146824;20733.282727;781613;781613;781613;9771;18;12505808;12505848;100.000;920.372;920.372;5.616;6.156;3001.404;2.872;0.000;0.000;4.910;13.482;0.002;21.265;21.265;155.247;168.835;32.931;12.595;64.573;2.004;0.978;0.504;1.396;0.029;2.857;171.691;1752.543;128.812;95.479;61.880;95.479;0.002;0.948;4.467;0.134;0;1;32.774;32.776;nan;nan;nan;23312;1;0;0;0;0;0;0
19;1;1;1;IDLE;0.000;0.000;1.000;20733.235078;20733.237961;20733.263584;20733.419651;780006;780006;780006;9751;18;12480096;12480136;100.000;866.272;866.272;5.436;5.976;2995.233;3.027;0.000;0.000;4.268;5.953;0.001;13.248;13.248;167.283;181.690;25.623;7.291;51.702;1.441;0.904;0.507;1.389;0.027;2.883;184.573;1856.134;124.069;90.735;63.683;90.735;0.002;0.994;4.419;0.133;0;1;25.092;25.093;nan;nan;nan;22560;1;0;0;0;0;0;0
20;1;1;1;IDLE;0.000;0.000;1.000;20733.365838;20733.368548;20733.400357;20733.541935;780302;780302;780302;9754;18;12484832;12484872;100.000;939.363;939.363;5.526;6.066;2996.369;2.812;0.000;0.000;4.214;13.423;0.001;20.448;20.448;160.096;173.386;31.809;11.794;64.285;1.394;0.897;0.497;1.398;0.028;2.710;176.097;1945.084;130.587;97.253;65.781;97.253;0.011;0.870;4.371;0.131;0;1;32.713;32.714;nan;nan;nan;22936;1;0;0;0;0;0;0
21;1;1;1;IDLE;0.000;0.000;1.000;20733.487248;20733.490033;20733.522600;20733.659609;779066;779066;779066;9739;19;12465056;12465096;100.000;877.454;877.454;5.977;6.549;2991.623;3.011;0.000;0.000;4.212;13.601;0.001;20.825;20.825;155.370;169.576;32.567;12.280;63.945;1.381;0.900;0.502;1.402;0.028;2.785;172.361;2029.425;121.485;88.152;67.179;88.152;0.002;0.545;4.333;0.130;0;1;32.933;32.934;nan;nan;nan;24816;1;0;0;0;0;0;0
22;1;1;1;IDLE;0.000;0.000;1.000;20733.613526;20733.616225;20733.640500;20733.659641;778280;778280;778280;9729;19;12452480;12452520;100.000;935.166;935.166;6.022;6.594;2988.605;2.877;0.000;0.000;4.274;5.988;0.001;13.139;13.139;30.100;43.416;24.275;30.264;54.126;1.440;0.894;0.512;1.402;0.026;2.699;46.115;1996.123;126.192;92.859;68.784;92.859;0.002;0.694;4.321;0.130;0;1;25.093;25.094;nan;nan;nan;25004;1;0;0;0;0;0;0
23;1;1;1;IDLE;0.000;0.000;1.000;20733.734714;20733.737628;20733.770181;20733.915824;778907;778907;778907;9737;20;12462512;12462552;100.000;886.895;886.895;6.248;6.851;2991.012;2.964;0.000;0.000;4.368;13.383;0.003;20.715;20.715;164.145;178.197;32.553;11.625;63.634;1.532;0.898;0.505;1.406;0.028;2.914;181.111;2218.974;121.402;88.069;69.990;88.069;0.002;0.747;4.335;0.130;0;1;32.671;32.672;nan;nan;nan;25944;1;0;0;0;0;0;0
24;1;1;1;IDLE;0.000;0.000;1.000;20733.862235;20733.865050;20733.896543;20734.023458;779289;779289;779289;9742;19;12468624;12468664;100.000;926.805;926.805;5.796;6.368;2992.479;2.819;0.000;0.000;4.240;13.449;0.002;20.508;20.508;144.955;158.408;31.493;12.947;65.120;1.400;0.910;0.507;1.397;0.026;2.815;161.223;2293.274;127.422;94.089;71.496;94.089;0.002;0.348;4.313;0.129;0;1;32.725;32.727;nan;nan;nan;24064;1;0;0;0;0;0;0
25;1;1;1;IDLE;0.000;0.000;1.000;20733.977059;20733.979842;20734.004313;20734.023490;779739;779739;779739;9747;19;12475824;12475864;100.000;892.048;892.048;6.022;6.594;2994.207;2.918;0.000;0.000;4.252;5.951;0.000;13.121;13.121;29.662;43.647;24.471;30.061;53.618;1.430;0.895;0.509;1.390;0.029;2.783;46.431;2259.972;114.793;81.459;72.119;81.459;0.002;0.279;4.300;0.129;0;1;25.092;25.094;nan;nan;nan;25004;1;0;0;0;0;0;0
26;1;1;1;IDLE;0.000;0.000;1.000;20734.101377;20734.104089;20734.136046;20734.155405;779364;779364;779364;9743;20;12469824;12469864;100.000;902.749;902.749;6.338;6.941;2992.767;2.977;0.000;0.000;4.206;13.392;0.001;20.575;20.575;37.503;51.316;31.956;40.095;64.385;1.386;0.897;0.500;1.396;0.027;2.712;54.028;2358.555;124.247;90.914;73.293;90.914;0.002;0.542;4.279;0.128;0;1;32.718;32.719;nan;nan;nan;26320;1;0;0;0;0;0;0
27;1;1;1;IDLE;0.000;0.000;1.000;20734.227017;20734.229727;20734.261450;20734.394335;780025;780025;780025;9751;21;12480400;12480440;100.000;915.197;915.197;6.383;7.017;2995.306;2.789;0.000;0.000;4.370;13.504;0.003;20.663;20.663;150.971;164.608;31.723;12.553;65.138;1.529;0.902;0.503;1.409;0.027;2.710;167.318;2564.151;125.638;92.305;74.481;92.305;0.002;0.209;4.304;0.129;0;1;32.833;32.835;nan;nan;nan;26508;1;0;0;0;0;0;0
28;1;1;1;IDLE;0.000;0.000;1.000;20734.346660;20734.349413;20734.375224;20734.523243;780373;780373;780373;9755;21;12485968;12486008;100.000;890.387;890.387;6.428;7.062;2996.642;2.931;0.000;0.000;4.818;5.994;0.001;13.743;13.743;159.807;173.830;25.811;7.906;53.246;1.977;0.895;0.508;1.406;0.032;2.753;176.583;2659.726;119.686;86.352;75.223;86.352;0.002;0.972;4.434;0.133;0;1;25.102;25.105;nan;nan;nan;26696;1;0;0;0;0;0;0
29;1;1;1;IDLE;0.000;0.000;1.000;20734.468876;20734.471604;20734.503941;20734.642574;781651;781651;781651;9771;22;12506416;12506456;100.000;881.236;881.236;6.699;7.364;3001.549;2.980;0.000;0.000;4.257;13.429;0.001;20.666;20.666;156.778;170.970;32.337;12.087;63.907;1.413;0.903;0.510;1.403;0.028;2.727;173.698;2745.723;122.191;88.857;76.076;88.857;0.009;0.449;4.392;0.132;0;1;32.728;32.729;nan;nan;nan;27824;1;0;0;0;0;0;0
30;1;1;1;IDLE;0.000;0.000;1.000;20734.587836;20734.590807;20734.623285;20734.755727;781375;781375;781375;9768;21;12502000;12502040;100.000;908.466;908.466;6.383;7.017;3000.490;3.026;0.000;0.000;4.370;13.493;0.001;20.889;20.889;151.159;164.920;32.478;12.666;64.318;1.454;0.901;0.501;1.487;0.027;2.971;167.891;2825.543;119.203;85.870;76.688;85.870;0.002;0.850;4.391;0.132;0;1;32.779;32.780;nan;nan;nan;26508;1;0;0;0;0;0;0
31;1;1;1;IDLE;0.000;0.000;1.000;20734.707731;20734.710512;20734.735138;20734.871450;784392;784392;784392;9805;100;12550272;12550312;100.000;919.038;919.038;31.380;34.478;3012.075;2.906;0.000;0.000;4.337;6.067;0.003;13.310;13.310;147.282;160.938;24.626;8.270;54.048;1.495;0.905;0.503;1.405;0.030;2.781;163.719;2907.933;119.705;86.372;77.293;86.372;0.002;0.563;4.380;0.131;0;1;26.652;26.655;nan;nan;nan;130660;1;0;0;0;0;0;0
32;1;1;1;IDLE;0.000;0.000;1.000;20734.816972;20734.819710;20734.851857;20734.986712;782671;782671;782671;9784;23;12522736;12522776;100.000;893.918;893.918;7.015;7.711;3005.466;2.875;0.000;0.000;4.275;13.530;0.002;20.680;20.680;152.993;167.002;32.147;12.383;64.328;1.448;0.901;0.504;1.394;0.028;2.738;169.740;2989.861;109.197;75.864;77.204;75.864;0.002;0.331;4.356;0.131;0;1;33.119;33.121;nan;nan;nan;29140;1;0;0;0;0;0;0
33;1;1;1;IDLE;0.000;0.000;1.000;20734.931856;20734.934669;20734.967226;20735.105993;776999;776999;776999;9713;18;12431984;12432024;100.000;902.268;902.268;5.661;6.202;2983.686;2.930;0.000;0.000;4.222;13.630;0.002;20.782;20.782;157.545;171.324;32.556;12.130;63.834;1.392;0.893;0.502;1.407;0.028;2.813;174.137;3075.809;114.960;81.627;77.480;81.627;0.002;0.923;4.325;0.130;0;1;33.113;33.114;nan;nan;nan;23500;1;0;0;0;0;0;0
34;1;1;1;IDLE;0.000;0.000;1.000;20735.059758;20735.062484;20735.086864;20735.231893;778650;778650;778650;9734;18;12458400;12458440;100.000;919.480;919.480;5.571;6.111;2990.026;2.878;0.000;0.000;4.335;5.972;0.001;13.185;13.185;155.859;169.409;24.380;7.783;54.079;1.516;0.890;0.512;1.390;0.027;2.726;172.135;3168.376;127.815;94.481;78.543;94.481;0.002;0.521;4.329;0.130;0;1;25.097;25.098;nan;nan;nan;23124;1;0;0;0;0;0;0
35;1;1;1;IDLE;0.000;0.000;1.000;20735.178440;20735.181166;20735.212563;20735.345208;778007;778007;778007;9726;18;12448112;12448152;100.000;930.645;930.645;5.571;6.111;2987.556;2.842;0.000;0.000;4.308;13.394;0.001;20.544;20.544;150.666;164.042;31.397;12.523;65.431;1.466;0.898;0.507;1.410;0.027;2.726;166.768;3248.358;118.682;85.349;78.968;85.349;0.002;0.317;4.326;0.130;0;1;32.721;32.722;nan;nan;nan;23124;1;0;0;0;0;0;0
36;1;1;1;IDLE;0.000;0.000;1.000;20735.290900;20735.293720;20735.325905;20735.469842;776483;776483;776483;9707;19;12423728;12423768;100.000;914.600;914.600;6.022;6.594;2981.704;2.828;0.000;0.000;4.381;13.465;0.001;20.674;20.674;162.538;176.122;32.185;11.738;64.235;1.482;0.898;0.498;1.477;0.027;2.820;178.942;3339.658;112.554;79.221;78.984;79.221;0.002;0.752;4.344;0.130;0;1;32.765;32.766;nan;nan;nan;25004;1;0;0;0;0;0;0
37;1;1;1;IDLE;0.000;0.000;1.000;20735.423127;20735.426006;20735.450681;20735.600805;781287;781287;781287;9767;21;12500592;12500632;100.000;879.594;879.594;6.383;7.017;3000.152;3.013;0.000;0.000;4.278;5.938;0.001;13.230;13.230;160.587;174.799;24.675;7.568;53.616;1.417;0.927;0.501;1.405;0.029;2.879;177.678;3437.287;132.286;98.952;80.232;98.952;0.010;0.236;4.329;0.130;0;1;25.096;25.099;nan;nan;nan;26508;1;0;0;0;0;0;0
38;1;1;1;IDLE;0.000;0.000;1.000;20735.547594;20735.550448;20735.581535;20735.721031;780329;780329;780329;9755;22;12485264;12485304;100.000;935.592;935.592;6.699;7.364;2996.473;2.830;0.000;0.000;4.238;13.424;0.001;20.492;20.492;157.238;170.582;31.087;12.013;65.918;1.397;0.899;0.510;1.405;0.027;2.855;173.437;3524.180;124.443;91.109;80.912;91.109;0.002;0.077;4.310;0.129;0;1;32.691;32.691;nan;nan;nan;27824;1;0;0;0;0;0;0
39;1;1;1;IDLE;0.000;0.000;1.000;20735.666921;20735.669705;20735.701761;20735.882807;780785;780785;780785;9760;23;12492560;12492600;100.000;897.445;897.445;7.015;7.711;2998.224;2.886;0.000;0.000;4.327;13.449;0.001;20.663;20.663;199.181;213.102;32.055;9.696;64.459;1.492;0.893;0.509;1.408;0.026;2.784;215.886;3652.623;119.257;85.924;81.225;85.924;0.002;0.356;4.317;0.130;0;1;32.716;32.717;nan;nan;nan;29140;1;0;0;0;0;0;0
40;1;1;1;IDLE;0.000;0.000;1.000;20735.835960;20735.838691;20735.863698;20736.024139;785430;785430;785430;9818;23;12566880;12566920;100.000;912.699;912.699;7.150;7.847;3016.061;2.797;0.000;0.000;4.243;5.988;0.002;13.028;13.028;171.678;185.447;25.006;7.025;52.098;1.411;0.904;0.507;1.393;0.027;2.732;188.179;3760.621;168.986;135.653;84.627;135.653;0.002;1.003;4.301;0.129;0;1;25.094;25.097;nan;nan;nan;29704;1;0;0;0;0;0;0
41;1;1;1;IDLE;0.000;0.000;1.000;20735.968513;20735.971277;20736.004539;20736.160078;789479;789479;789479;9869;24;12631664;12631704;100.000;906.126;906.126;7.421;8.148;3031.609;2.892;0.000;0.000;4.832;13.520;0.002;21.244;21.244;174.861;188.801;33.262;11.252;63.869;1.999;0.908;0.506;1.390;0.029;2.764;191.565;3863.227;132.586;99.252;85.541;99.252;0.002;0.967;4.436;0.133;0;1;33.116;33.117;nan;nan;nan;30832;1;0;0;0;0;0;0
42;1;1;1;IDLE;0.000;0.000;1.000;20736.105923;20736.108754;20736.140786;20736.282245;789348;789348;789348;9867;24;12629568;12629608;100.000;915.676;915.676;7.601;8.329;3031.106;2.902;0.000;0.000;4.307;13.447;0.001;20.656;20.656;159.697;173.490;32.032;11.906;64.488;1.464;0.908;0.500;1.408;0.027;2.831;176.321;3952.060;137.477;104.144;86.703;104.144;0.002;0.482;4.406;0.132;0;1;32.736;32.737;nan;nan;nan;31584;1;0;0;0;0;0;0
43;1;1;1;IDLE;0.000;0.000;1.000;20736.235010;20736.237821;20736.262865;20736.406707;792714;792714;792714;9909;25;12683424;12683464;100.000;911.241;911.241;7.646;8.405;3044.031;2.945;0.000;0.000;4.395;6.225;0.002;13.565;13.565;154.967;168.886;25.044;8.032;54.165;1.553;0.908;0.501;1.406;0.027;2.811;171.696;4043.189;129.067;95.734;87.268;95.734;0.002;0.502;4.405;0.132;0;1;25.602;25.604;nan;nan;nan;31772;1;0;0;0;0;0;0
44;1;1;1;IDLE;0.000;0.000;1.000;20736.351920;20736.354734;20736.387397;20736.525927;790865;790865;790865;9886;25;12653840;12653880;100.000;870.220;870.220;7.692;8.450;3036.931;3.055;0.000;0.000;4.322;13.476;0.001;20.853;20.853;156.652;171.193;32.663;12.181;63.844;1.412;0.906;0.505;1.472;0.027;2.814;174.007;4129.076;116.913;83.579;87.037;83.579;0.002;0.321;4.389;0.132;0;1;32.783;32.783;nan;nan;nan;31960;1;0;0;0;0;0;0
45;1;1;1;IDLE;0.000;0.000;1.000;20736.471173;20736.473991;20736.506682;20736.629494;787976;787976;787976;9850;25;12607616;12607656;100.000;888.101;888.101;7.737;8.496;3025.837;3.034;0.000;0.000;4.899;13.490;0.001;21.422;21.422;141.307;155.503;32.691;13.776;65.528;1.766;0.903;0.503;1.697;0.030;2.817;158.321;4199.310;119.257;85.923;86.968;85.923;0.002;0.104;4.522;0.136;0;1;32.732;32.733;nan;nan;nan;32148;1;0;0;0;0;0;0
46;1;1;1;IDLE;0.000;0.000;1.000;20736.580910;20736.583681;20736.608720;20736.753556;789717;789717;789717;9872;111;12635472;12635512;100.000;906.643;906.643;35.034;38.476;3032.523;2.922;0.000;0.000;4.409;6.271;0.003;13.601;13.601;155.938;169.875;25.038;8.007;54.322;1.574;0.906;0.497;1.403;0.029;2.772;172.646;4290.039;109.691;76.358;86.305;76.358;0.008;0.413;4.496;0.135;0;1;27.042;27.043;nan;nan;nan;145888;1;0;0;0;0;0;0
47;1;1;1;IDLE;0.000;0.000;1.000;20736.698779;20736.701560;20736.734265;20736.886052;784950;784950;784950;9812;23;12559200;12559240;100.000;891.740;891.740;7.195;7.892;3014.218;2.937;0.000;0.000;4.581;13.540;0.001;21.059;21.059;170.408;184.492;32.705;11.414;64.390;1.754;0.904;0.498;1.397;0.028;2.781;187.273;4389.201;117.878;84.545;86.195;84.545;0.002;0.496;4.520;0.136;0;1;32.829;32.830;nan;nan;nan;29892;1;0;0;0;0;0;0
48;1;1;1;IDLE;0.000;0.000;1.000;20736.831601;20736.834555;20736.866607;20737.003875;781130;781130;781130;9765;19;12498080;12498120;100.000;908.120;908.120;5.932;6.504;2999.549;2.957;0.000;0.000;4.481;13.565;0.001;21.003;21.003;155.557;169.320;32.052;12.404;65.530;1.573;0.903;0.499;1.477;0.030;2.954;172.274;4473.691;132.995;99.662;87.036;99.662;0.002;0.239;4.515;0.135;0;1;33.007;33.008;nan;nan;nan;24628;1;0;0;0;0;0;0
49;1;1;1;IDLE;0.000;0.000;1.000;20736.956092;20736.958879;20736.984548;20737.130267;780468;780468;780468;9756;19;12487488;12487528;100.000;884.308;884.308;5.932;6.504;2997.007;2.897;0.000;0.000;4.442;6.221;0.002;13.560;13.560;157.267;171.388;25.669;7.912;52.827;1.610;0.897;0.499;1.408;0.029;2.787;174.175;4566.749;124.324;90.991;87.283;90.991;0.002;0.881;4.499;0.135;0;1;25.545;25.546;nan;nan;nan;24628;1;0;0;0;0;0;0
50;1;1;1;IDLE;0.000;0.000;1.000;20737.075946;20737.078957;20737.110987;20737.246820;783376;783376;783376;9793;20;12534016;12534056;100.000;881.046;881.046;6.067;6.670;3008.173;3.006;0.000;0.000;4.287;13.383;0.002;20.676;20.676;153.637;167.864;32.031;12.317;64.552;1.432;0.898;0.523;1.407;0.027;3.011;170.874;4649.970;120.078;86.744;87.250;86.744;0.002;0.131;4.448;0.133;0;1;32.659;32.660;nan;nan;nan;25192;1;0;0;0;0;0;0
51;1;1;1;IDLE;0.000;0.000;1.000;20737.191833;20737.194680;20737.227439;20737.362266;787237;787237;787237;9841;23;12595792;12595832;100.000;900.965;900.965;7.015;7.711;3023.000;2.879;0.000;0.000;4.301;13.562;0.002;20.742;20.742;153.606;167.587;32.759;12.377;63.318;1.475;0.897;0.501;1.400;0.028;2.847;170.434;4732.082;115.723;82.390;86.946;82.390;0.002;0.913;4.413;0.132;0;1;32.941;32.941;nan;nan;nan;29140;1;0;0;0;0;0;0
52;1;1;1;IDLE;0.000;0.000;1.000;20737.314914;20737.317725;20737.343313;20737.499296;787734;787734;787734;9847;24;12603744;12603784;100.000;874.170;874.170;7.466;8.194;3024.908;2.949;0.000;0.000;4.309;6.146;0.001;13.404;13.404;167.153;181.571;25.587;7.382;52.386;1.470;0.906;0.509;1.396;0.028;2.811;184.383;4835.779;123.046;89.712;87.119;89.712;0.004;0.709;4.390;0.132;0;1;25.096;25.098;nan;nan;nan;31020;1;0;0;0;0;0;0
53;1;1;1;IDLE;0.000;0.000;1.000;20737.445384;20737.448278;20737.479971;20737.617688;787059;787059;787059;9839;24;12592944;12592984;100.000;929.263;929.263;7.556;8.284;3022.316;2.850;0.000;0.000;4.334;13.502;0.001;20.687;20.687;155.859;169.411;31.693;12.211;65.271;1.494;0.898;0.501;1.407;0.035;2.894;172.304;4920.838;130.552;97.219;87.750;97.219;0.002;0.302;4.379;0.131;0;1;32.825;32.826;nan;nan;nan;31396;1;0;0;0;0;0;0
54;1;1;1;IDLE;0.000;0.000;1.000;20737.562015;20737.564929;20737.598354;20737.721107;786051;786051;786051;9826;24;12576816;12576856;100.000;864.685;864.685;7.511;8.239;3018.445;3.002;0.000;0.000;4.296;13.609;0.001;20.908;20.908;141.633;156.178;33.425;13.387;62.552;1.454;0.900;0.509;1.406;0.028;2.914;159.092;4990.923;116.651;83.318;87.473;83.318;0.003;0.971;4.360;0.131;0;1;32.941;32.942;nan;nan;nan;31208;1;0;0;0;0;0;0
55;1;1;1;IDLE;0.000;0.000;1.000;20737.673410;20737.676239;20737.701957;20737.859029;796213;796213;796213;9953;23;12739408;12739448;100.000;903.168;903.168;7.240;7.937;3057.468;2.987;0.000;0.000;4.707;5.953;0.001;13.647;13.647;168.685;182.790;25.718;7.466;53.066;1.871;0.912;0.499;1.396;0.029;2.828;185.619;5095.511;111.310;77.976;86.880;77.976;0.010;0.942;4.449;0.133;0;1;25.100;25.101;nan;nan;nan;30080;1;0;0;0;0;0;0
56;1;1;1;IDLE;0.000;0.000;1.000;20737.804339;20737.807412;20737.839744;20737.859067;790191;790191;790191;9878;23;12643056;12643096;100.000;931.012;931.012;7.285;7.982;3034.343;2.848;0.000;0.000;4.331;13.435;0.001;20.614;20.614;38.075;51.655;32.332;39.907;63.757;1.472;0.912;0.513;1.406;0.027;3.073;54.728;5062.216;131.173;97.840;87.565;97.840;0.002;0.983;4.422;0.133;0;1;32.717;32.718;nan;nan;nan;30268;1;0;0;0;0;0;0
57;1;1;1;IDLE;0.000;0.000;1.000;20737.973523;20737.976292;20738.008160;20738.146097;798808;798808;798808;9986;24;12780928;12780968;100.000;913.832;913.832;7.376;8.103;3067.432;2.893;0.000;0.000;4.282;13.458;0.002;20.633;20.633;155.819;169.805;31.867;12.151;64.747;1.440;0.914;0.506;1.395;0.028;2.769;172.574;5315.913;168.881;135.547;90.564;135.547;0.002;0.139;4.389;0.132;0;1;32.721;32.722;nan;nan;nan;30644;1;0;0;0;0;0;0
58;1;1;1;IDLE;0.000;0.000;1.000;20738.099357;20738.102468;20738.126962;20738.146135;797924;797924;797924;9975;23;12766784;12766824;100.000;907.103;907.103;7.285;7.982;3064.038;2.969;0.000;0.000;4.307;5.965;0.001;13.241;13.241;29.593;43.667;24.493;30.322;54.058;1.452;0.919;0.500;1.410;0.026;3.112;46.778;5282.618;126.176;92.843;90.706;92.843;0.002;0.145;4.371;0.131;0;1;25.097;25.098;nan;nan;nan;30268;1;0;0;0;0;0;0
59;1;1;1;IDLE;0.000;0.000;1.000;20738.217138;20738.219971;20738.252682;20738.389431;794477;794477;794477;9931;23;12711632;12711672;100.000;886.175;886.175;7.240;7.937;3050.801;2.958;0.000;0.000;4.309;13.409;0.002;20.675;20.675;155.116;169.460;32.711;12.201;63.206;1.457;0.912;0.509;1.404;0.026;2.833;172.293;5492.580;117.503;84.169;90.297;84.169;0.002;0.647;4.357;0.131;0;1;32.715;32.716;nan;nan;nan;30080;1;0;0;0;0;0;0
60;1;1;1;IDLE;0.000;0.000;1.000;20738.335282;20738.338069;20738.370108;20738.516992;789053;789053;789053;9864;23;12624848;12624888;100.000;893.255;893.255;7.285;7.982;3029.973;2.957;0.000;0.000;4.315;13.561;0.001;20.832;20.832;164.790;178.923;32.039;11.643;65.021;1.479;0.913;0.501;1.395;0.027;2.788;181.711;5586.808;118.098;84.765;89.952;84.765;0.002;0.027;4.349;0.130;0;1;32.881;32.882;nan;nan;nan;30268;1;0;0;0;0;0;0
61;1;1;1;IDLE;0.000;0.000;1.000;20738.469552;20738.472291;20738.496814;20738.646030;783874;783874;783874;9799;110;12541984;12542024;100.000;877.715;877.715;34.493;37.904;3010.086;2.994;0.000;0.000;4.241;5.953;0.004;13.188;13.188;159.449;173.739;24.523;7.591;53.779;1.407;0.903;0.513;1.392;0.027;2.739;176.478;5682.512;134.222;100.889;90.635;100.889;0.002;0.037;4.326;0.130;0;1;26.127;26.130;nan;nan;nan;143632;1;0;0;0;0;0;0
62;1;1;1;IDLE;0.000;0.000;1.000;20738.591744;20738.594689;20738.626676;20738.646065;782785;782785;782785;9785;22;12524560;12524600;100.000;919.469;919.469;6.970;7.635;3005.904;2.882;0.000;0.000;4.261;13.529;0.001;20.672;20.672;37.755;51.377;31.987;40.236;64.625;1.417;0.907;0.500;1.410;0.027;2.944;54.321;5649.215;122.398;89.064;90.537;89.064;0.002;0.574;4.312;0.129;0;1;32.880;32.881;nan;nan;nan;28952;1;0;0;0;0;0;0
63;1;1;1;IDLE;0.000;0.000;1.000;20738.701159;20738.703956;20738.736137;20738.872790;782791;782791;782791;9785;18;12524656;12524696;100.000;904.944;904.944;5.616;6.156;3005.927;2.926;0.000;0.000;4.396;13.717;0.002;21.039;21.039;154.994;168.834;32.181;12.461;65.376;1.531;0.902;0.499;1.436;0.027;2.797;171.631;5842.606;109.268;75.934;89.624;75.934;0.002;0.225;4.340;0.130;0;1;33.052;33.054;nan;nan;nan;23312;1;0;0;0;0;0;0
64;1;1;1;IDLE;0.000;0.000;1.000;20738.825851;20738.828829;20738.853682;20739.013123;782127;782127;782127;9777;17;12514032;12514072;100.000;866.817;866.817;5.300;5.809;3003.377;2.970;0.000;0.000;4.231;5.987;0.002;13.188;13.188;169.857;184.294;24.853;7.156;53.066;1.401;0.902;0.504;1.395;0.028;2.978;187.272;5949.605;124.873;91.539;89.744;91.539;0.009;0.188;4.315;0.129;0;1;25.091;25.094;nan;nan;nan;21996;1;0;0;0;0;0;0
65;1;1;1;IDLE;0.000;0.000;1.000;20738.958239;20738.961034;20738.993554;20739.128309;785507;785507;785507;9819;18;12568112;12568152;100.000;910.556;910.556;5.481;6.021;3016.356;2.854;0.000;0.000;4.334;13.548;0.001;20.736;20.736;153.472;167.275;32.519;12.396;63.764;1.489;0.895;0.509;1.413;0.028;2.795;170.070;6031.459;132.205;98.872;90.315;98.872;0.002;0.831;4.322;0.130;0;1;33.113;33.115;nan;nan;nan;22748;1;0;0;0;0;0;0
66;1;1;1;IDLE;0.000;0.000;1.000;20739.072791;20739.075591;20739.108971;20739.243659;789017;789017;789017;9863;19;12624272;12624312;100.000;889.908;889.908;5.842;6.413;3029.835;2.946;0.000;0.000;4.679;13.698;0.001;21.323;21.323;153.881;168.068;33.381;12.687;63.878;1.622;0.906;0.514;1.607;0.029;2.800;170.868;6113.474;114.556;81.223;89.746;81.223;0.002;0.815;4.415;0.132;0;1;33.033;33.034;nan;nan;nan;24252;1;0;0;0;0;0;0
67;1;1;1;IDLE;0.000;0.000;1.000;20739.196393;20739.199225;20739.225578;20739.367607;789641;789641;789641;9871;20;12634256;12634296;100.000;898.263;898.263;6.248;6.851;3032.231;3.067;0.000;0.000;4.288;7.017;0.001;14.371;14.371;154.317;168.382;26.353;8.535;54.535;1.464;0.902;0.499;1.396;0.027;2.832;171.214;6204.090;123.635;90.301;89.781;90.301;0.002;0.981;4.385;0.132;0;1;25.093;25.095;nan;nan;nan;25944;1;0;0;0;0;0;0
68;1;1;1;IDLE;0.000;0.000;1.000;20739.313221;20739.316191;20739.348301;20739.488914;784718;784718;784718;9809;21;12555488;12555528;100.000;900.208;900.208;6.383;7.017;3013.327;2.997;0.000;0.000;4.310;13.467;0.001;20.775;20.775;158.775;172.722;32.110;12.028;64.699;1.403;0.898;0.502;1.480;0.028;2.971;175.693;6292.063;116.966;83.633;89.397;83.633;0.002;0.382;4.372;0.131;0;1;32.770;32.771;nan;nan;nan;26508;1;0;0;0;0;0;0
69;1;1;1;IDLE;0.000;0.000;1.000;20739.434980;20739.438018;20739.469595;20739.610517;778159;778159;778159;9727;21;12450544;12450584;100.000;911.799;911.799;6.654;7.288;2988.140;2.817;0.000;0.000;4.217;13.478;0.001;20.512;20.512;158.844;172.499;31.577;11.891;64.958;1.394;0.900;0.502;1.396;0.026;3.038;175.537;6380.333;121.826;88.493;89.340;88.493;0.002;0.224;4.338;0.130;0;1;32.793;32.795;nan;nan;nan;27636;1;0;0;0;0;0;0
70;1;1;1;IDLE;0.000;0.000;1.000;20739.563736;20739.566694;20739.592435;20739.737364;776327;776327;776327;9705;22;12421232;12421272;100.000;899.948;899.948;6.744;7.409;2981.105;2.994;0.000;0.000;4.302;7.016;0.001;14.313;14.313;156.867;170.669;25.741;8.386;55.603;1.386;0.898;0.501;1.491;0.027;2.959;173.628;6473.846;128.677;95.343;89.715;95.343;0.002;0.618;4.333;0.130;0;1;25.094;25.097;nan;nan;nan;28012;1;0;0;0;0;0;0
71;1;1;1;IDLE;0.000;0.000;1.000;20739.682936;20739.685953;20739.718103;20739.861762;786883;786883;786883;9837;23;12590128;12590168;100.000;916.644;916.644;7.240;7.937;3021.640;2.872;0.000;0.000;4.293;13.406;0.002;20.571;20.571;162.074;175.809;32.150;11.701;63.984;1.468;0.902;0.497;1.400;0.027;3.017;178.826;6564.911;119.259;85.925;89.479;85.925;0.002;0.714;4.325;0.130;0;1;32.663;32.664;nan;nan;nan;30080;1;0;0;0;0;0;0
72;1;1;1;IDLE;0.000;0.000;1.000;20739.806356;20739.809223;20739.842447;20739.969363;787146;787146;787146;9840;22;12594336;12594376;100.000;873.343;873.343;6.924;7.590;3022.650;2.935;0.000;0.000;4.325;13.459;0.002;20.719;20.719;145.719;160.140;33.224;12.938;62.361;1.473;0.903;0.509;1.412;0.029;2.867;163.007;6639.179;123.270;89.937;89.507;89.937;0.002;1.016;4.328;0.130;0;1;32.770;32.771;nan;nan;nan;28764;1;0;0;0;0;0;0
73;1;1;1;IDLE;0.000;0.000;1.000;20739.923011;20739.925760;20739.950269;20740.096431;781047;781047;781047;9764;22;12496752;12496792;100.000;917.676;917.676;6.834;7.500;2999.230;2.859;0.000;0.000;4.356;6.011;0.002;13.226;13.226;157.053;170.671;24.509;7.749;53.962;1.525;0.906;0.506;1.390;0.028;2.748;173.419;6732.913;116.536;83.203;89.113;83.203;0.008;0.516;4.337;0.130;0;1;25.101;25.103;nan;nan;nan;28388;1;0;0;0;0;0;0
74;1;1;1;IDLE;0.000;0.000;1.000;20740.042486;20740.045213;20740.076957;20740.207847;782459;782459;782459;9781;23;12519344;12519384;100.000;897.504;897.504;7.105;7.801;3004.652;2.891;0.000;0.000;4.275;13.420;0.002;20.586;20.586;148.685;162.635;31.744;12.658;64.849;1.411;0.908;0.516;1.412;0.028;2.726;165.361;6810.997;119.453;86.120;88.926;86.120;0.002;0.097;4.324;0.130;0;1;32.890;32.891;nan;nan;nan;29516;1;0;0;0;0;0;0
75;1;1;1;IDLE;0.000;0.000;1.000;20740.153648;20740.156411;20740.188411;20740.326233;781579;781579;781579;9770;23;12505264;12505304;100.000;915.457;915.457;7.150;7.847;3001.273;2.844;0.000;0.000;4.286;13.614;0.002;20.744;20.744;156.161;169.821;31.999;12.215;64.826;1.438;0.908;0.505;1.408;0.026;2.764;172.585;6896.049;111.199;77.865;88.235;77.865;0.002;0.437;4.317;0.130;0;1;33.047;33.048;nan;nan;nan;29704;1;0;0;0;0;0;0
76;1;1;1;IDLE;0.000;0.000;1.000;20740.278429;20740.281207;20740.306106;20740.464459;784181;784181;784181;9803;110;12546896;12546936;100.000;873.809;873.809;34.673;38.084;3011.265;3.047;0.000;0.000;4.285;6.016;0.004;13.349;13.349;168.893;183.252;24.899;7.285;53.612;1.452;0.903;0.504;1.399;0.028;2.778;186.030;7000.941;124.795;91.462;88.436;91.462;0.002;0.236;4.312;0.129;0;1;26.139;26.141;nan;nan;nan;144384;1;0;0;0;0;0;0
77;1;1;1;IDLE;0.000;0.000;1.000;20740.409863;20740.412603;20740.444960;20740.464496;782861;782861;782861;9786;21;12525776;12525816;100.000;906.120;906.120;6.654;7.288;3006.196;2.818;0.000;0.000;4.311;13.564;0.001;20.694;20.694;38.069;51.893;32.358;39.877;63.953;1.449;0.907;0.519;1.406;0.029;2.739;54.632;6967.645;131.396;98.063;89.038;98.063;0.002;0.656;4.314;0.129;0;1;33.059;33.060;nan;nan;nan;27636;1;0;0;0;0;0;0
78;1;1;1;IDLE;0.000;0.000;1.000;20740.528082;20740.530872;20740.563325;20740.694054;779451;779451;779451;9744;16;12471216;12471256;100.000;887.483;887.483;5.075;5.553;2993.101;2.982;0.000;0.000;4.255;13.652;0.002;20.889;20.889;149.129;163.182;32.452;12.801;64.367;1.410;0.902;0.506;1.410;0.027;2.790;165.972;7163.870;118.270;84.937;88.782;84.937;0.002;0.491;4.301;0.129;0;1;33.111;33.113;nan;nan;nan;21056;1;0;0;0;0;0;0
79;1;1;1;IDLE;0.000;0.000;1.000;20740.647138;20740.649927;20740.675017;20740.831972;784719;784719;784719;9809;17;12555504;12555544;100.000;892.525;892.525;5.300;5.809;3013.331;2.897;0.000;0.000;4.435;6.066;0.001;13.397;13.397;167.977;182.045;25.090;7.359;53.396;1.606;0.900;0.500;1.399;0.030;2.789;184.834;7268.454;119.054;85.721;88.590;85.721;0.002;0.519;4.337;0.130;0;1;25.099;25.102;nan;nan;nan;21996;1;0;0;0;0;0;0
80;1;1;1;IDLE;0.000;0.000;1.000;20740.778019;20740.780781;20740.812668;20741.021418;780701;780701;780701;9759;19;12491216;12491256;100.000;898.174;898.174;5.977;6.549;2997.901;2.921;0.000;0.000;4.237;13.412;0.002;20.570;20.570;226.730;240.637;31.887;8.548;64.511;1.406;0.903;0.495;1.405;0.029;2.762;243.400;7424.568;130.854;97.521;89.149;97.521;0.002;0.327;4.314;0.129;0;1;32.714;32.714;nan;nan;nan;24816;1;0;0;0;0;0;0
81;1;1;1;IDLE;0.000;0.000;1.000;20740.967295;20740.970037;20741.002155;20741.153139;785754;785754;785754;9822;22;12572064;12572104;100.000;918.381;918.381;6.699;7.364;3017.305;2.888;0.000;0.000;4.237;13.456;0.002;20.582;20.582;169.412;183.102;32.118;11.241;64.082;1.410;0.895;0.510;1.395;0.027;2.743;185.844;7522.955;189.256;155.923;93.322;155.923;0.002;0.732;4.297;0.129;0;1;32.717;32.718;nan;nan;nan;27824;1;0;0;0;0;0;0
82;1;1;1;IDLE;0.000;0.000;1.000;20741.106822;20741.109596;20741.134096;20741.279248;783308;783308;783308;9792;22;12532928;12532968;100.000;888.383;888.383;6.834;7.500;3007.912;2.832;0.000;0.000;4.284;6.072;0.002;13.187;13.187;155.544;169.652;24.500;7.773;53.825;1.461;0.898;0.506;1.393;0.026;2.774;172.425;7615.730;139.559;106.225;94.128;106.225;0.008;0.028;4.296;0.129;0;1;25.109;25.113;nan;nan;nan;28388;1;0;0;0;0;0;0
83;1;1;1;IDLE;0.000;0.000;1.000;20741.224676;20741.227512;20741.259921;20741.404313;782737;782737;782737;9785;21;12523792;12523832;100.000;886.542;886.542;6.564;7.198;3005.720;2.993;0.000;0.000;4.227;13.620;0.001;20.840;20.840;162.674;176.801;32.409;11.787;64.304;1.405;0.898;0.495;1.402;0.027;2.836;179.637;7707.462;117.916;84.582;93.532;84.582;0.002;0.433;4.281;0.128;0;1;32.944;32.945;nan;nan;nan;27260;1;0;0;0;0;0;0
84;1;1;1;IDLE;0.000;0.000;1.000;20741.349613;20741.352562;20741.385017;20741.524988;781874;781874;781874;9774;22;12509984;12510024;100.000;906.200;906.200;6.924;7.590;3002.406;2.874;0.000;0.000;4.653;13.423;0.002;20.949;20.949;158.622;172.427;32.455;12.150;64.549;1.830;0.900;0.497;1.396;0.031;2.948;175.375;7794.804;125.050;91.717;93.418;91.717;0.002;0.571;4.378;0.131;0;1;32.716;32.717;nan;nan;nan;28764;1;0;0;0;0;0;0
85;1;1;1;IDLE;0.000;0.000;1.000;20741.478159;20741.480899;20741.505888;20741.648826;780545;780545;780545;9757;19;12488720;12488760;100.000;896.248;896.248;5.977;6.549;2997.302;2.931;0.000;0.000;4.240;5.995;0.002;13.167;13.167;153.992;167.927;24.989;7.841;52.691;1.410;0.899;0.513;1.392;0.027;2.740;170.667;7885.309;128.338;95.004;93.518;95.004;0.002;0.817;4.346;0.130;0;1;25.092;25.093;nan;nan;nan;24816;1;0;0;0;0;0;0
86;1;1;1;IDLE;0.000;0.000;1.000;20741.594504;20741.597655;20741.629566;20741.773229;778343;778343;778343;9730;21;12453488;12453528;100.000;904.103;904.103;6.518;7.152;2988.847;2.921;0.000;0.000;4.288;13.403;0.002;20.612;20.612;161.800;175.574;31.912;11.740;64.590;1.468;0.898;0.505;1.391;0.026;3.151;178.725;7976.378;116.755;83.422;92.887;83.422;0.002;0.445;4.333;0.130;0;1;32.659;32.660;nan;nan;nan;27072;1;0;0;0;0;0;0
87;1;1;1;IDLE;0.000;0.000;1.000;20741.718492;20741.721274;20741.753916;20741.898864;778458;778458;778458;9731;20;12455328;12455368;100.000;868.192;868.192;6.338;6.941;2989.288;3.039;0.000;0.000;4.257;13.461;0.001;20.757;20.757;163.243;177.590;32.641;11.688;63.590;1.438;0.897;0.504;1.392;0.027;2.782;180.372;8068.680;123.620;90.286;92.724;90.286;0.002;0.575;4.318;0.130;0;1;32.771;32.772;nan;nan;nan;26320;1;0;0;0;0;0;0
88;1;1;1;IDLE;0.000;0.000;1.000;20741.852119;20741.854893;20741.879736;20742.028718;778592;778592;778592;9733;22;12457472;12457512;100.000;886.039;886.039;6.834;7.500;2989.803;3.005;0.000;0.000;4.227;5.970;0.001;13.201;13.201;159.765;173.825;24.843;7.595;53.138;1.384;0.900;0.505;1.412;0.026;2.774;176.598;8165.200;133.619;100.285;93.197;100.285;0.002;0.585;4.301;0.129;0;1;25.094;25.096;nan;nan;nan;28388;1;0;0;0;0;0;0
89;1;1;1;IDLE;0.000;0.000;1.000;20741.974248;20741.976968;20742.009440;20742.150238;779952;779952;779952;9750;23;12479232;12479272;100.000;893.825;893.825;7.105;7.801;2995.025;2.859;0.000;0.000;4.243;13.388;0.001;20.490;20.490;159.309;173.270;32.472;11.825;63.101;1.408;0.901;0.506;1.401;0.026;2.720;175.990;8253.388;122.075;88.742;92.918;88.742;0.002;0.877;4.289;0.129;0;1;32.663;32.664;nan;nan;nan;29516;1;0;0;0;0;0;0
90;1;1;1;IDLE;0.000;0.000;1.000;20742.096032;20742.098841;20742.130944;20742.262746;779674;779674;779674;9746;23;12474784;12474824;100.000;889.381;889.381;7.060;7.756;2993.958;3.071;0.000;0.000;4.241;13.608;0.002;20.921;20.921;149.878;163.905;32.103;12.764;65.167;1.396;0.900;0.512;1.405;0.028;2.809;166.714;8332.562;121.873;88.540;92.645;88.540;0.011;0.216;4.279;0.128;0;1;32.899;32.900;nan;nan;nan;29328;1;0;0;0;0;0;0
91;1;1;1;IDLE;0.000;0.000;1.000;20742.214432;20742.217264;20742.242728;20742.383597;781083;781083;781083;9764;109;12497328;12497368;100.000;878.118;878.118;34.267;37.647;2999.368;2.990;0.000;0.000;4.273;6.112;0.003;13.375;13.375;152.101;166.333;25.464;8.041;52.525;1.418;0.906;0.513;1.409;0.027;2.833;169.165;8420.080;118.423;85.090;92.172;85.090;0.002;0.844;4.280;0.128;0;1;26.126;26.129;nan;nan;nan;142692;1;0;0;0;0;0;0
92;1;1;1;IDLE;0.000;0.000;1.000;20742.328543;20742.331455;20742.364287;20742.555051;780537;780537;780537;9757;21;12488592;12488632;100.000;860.187;860.187;6.609;7.243;2997.272;3.057;0.000;0.000;4.223;13.406;0.001;20.686;20.686;209.077;223.596;32.832;9.251;63.005;1.390;0.905;0.510;1.392;0.026;2.912;226.508;8558.200;114.191;80.858;91.465;80.858;0.002;0.682;4.268;0.128;0;1;32.713;32.714;nan;nan;nan;27448;1;0;0;0;0;0;0
93;1;1;1;IDLE;0.000;0.000;1.000;20742.501292;20742.504006;20742.535761;20742.661648;773046;773046;773046;9664;17;12368736;12368776;100.000;923.217;923.217;5.210;5.719;2968.506;2.800;0.000;0.000;4.191;13.479;0.001;20.470;20.470;144.245;157.643;31.756;12.985;64.461;1.374;0.893;0.502;1.394;0.027;2.713;160.356;8631.464;172.550;139.217;94.450;139.217;0.002;0.685;4.251;0.128;0;1;32.766;32.767;nan;nan;nan;21620;1;0;0;0;0;0;0
94;1;1;1;IDLE;0.000;0.000;1.000;20742.615203;20742.617978;20742.642551;20742.661676;770822;770822;770822;9636;16;12333152;12333192;100.000;895.648;895.648;5.075;5.553;2959.966;2.862;0.000;0.000;4.587;5.995;0.000;13.444;13.444;29.929;43.699;24.574;30.765;54.709;1.427;0.893;0.507;1.734;0.027;2.775;46.474;8598.159;113.972;80.639;93.586;80.639;0.002;0.219;4.340;0.130;0;1;25.088;25.090;nan;nan;nan;21056;1;0;0;0;0;0;0
95;1;1;1;IDLE;0.000;0.000;1.000;20742.727979;20742.730770;20742.763402;20742.909828;778859;778859;778859;9736;19;12461744;12461784;100.000;865.078;865.078;5.932;6.504;2990.828;2.968;0.000;0.000;4.258;13.588;0.002;20.814;20.814;164.652;179.057;32.632;11.624;63.784;1.432;0.895;0.507;1.398;0.027;2.791;181.849;8812.977;112.793;79.459;92.704;79.459;0.002;0.378;4.322;0.130;0;1;32.936;32.937;nan;nan;nan;24628;1;0;0;0;0;0;0
96;1;1;1;IDLE;0.000;0.000;1.000;20742.855301;20742.858400;20742.890508;20743.030058;778333;778333;778333;9730;22;12453328;12453368;100.000;893.468;893.468;6.789;7.454;2988.808;2.931;0.000;0.000;4.317;13.397;0.002;20.645;20.645;157.720;171.659;32.108;12.027;64.299;1.471;0.904;0.506;1.409;0.027;3.099;174.758;8899.874;127.630;94.296;92.803;94.296;0.002;0.453;4.323;0.130;0;1;32.714;32.715;nan;nan;nan;28200;1;0;0;0;0;0;0
97;1;1;1;IDLE;0.000;0.000;1.000;20742.983151;20742.986080;20743.010838;20743.155461;782798;782798;782798;9785;23;12524768;12524808;100.000;878.584;878.584;7.105;7.801;3005.954;2.974;0.000;0.000;4.392;5.980;0.001;13.345;13.345;155.124;169.380;24.758;7.879;53.902;1.517;0.942;0.503;1.403;0.026;2.930;172.310;8991.943;127.681;94.347;92.900;94.347;0.002;0.128;4.342;0.130;0;1;25.197;25.198;nan;nan;nan;29516;1;0;0;0;0;0;0
98;1;1;1;IDLE;0.000;0.000;1.000;20743.101082;20743.103853;20743.136158;20743.273009;781418;781418;781418;9768;22;12502688;12502728;100.000;875.511;875.511;6.924;7.590;3000.655;3.089;0.000;0.000;4.242;13.466;0.001;20.797;20.797;154.876;169.156;32.305;12.295;64.377;1.392;0.907;0.503;1.413;0.027;2.771;171.927;9076.158;117.772;84.439;92.371;84.439;0.002;0.313;4.321;0.130;0;1;32.766;32.767;nan;nan;nan;28764;1;0;0;0;0;0;0
99;1;1;1;IDLE;0.000;0.000;1.000;20743.218947;20743.221711;20743.253429;20743.386855;777382;777382;777382;9718;21;12438112;12438152;100.000;905.331;905.331;6.654;7.288;2985.156;2.861;0.000;0.000;4.299;13.470;0.001;20.630;20.630;151.405;165.144;31.718;12.492;65.042;1.481;0.891;0.506;1.393;0.028;2.764;167.908;9156.671;117.859;84.525;91.880;84.525;0.008;0.201;4.318;0.130;0;1;33.047;33.048;nan;nan;nan;27636;1;0;0;0;0;0;0
100;1;1;1;IDLE;0.000;0.000;1.000;20743.339751;20743.342516;20743.367332;20743.526271;778267;778267;778267;9729;21;12452272;12452312;100.000;886.473;886.473;6.473;7.107;2988.555;2.909;0.000;0.000;4.360;6.089;0.001;13.359;13.359;169.708;183.755;24.816;7.270;53.831;1.542;0.891;0.505;1.395;0.027;2.765;186.520;9262.753;120.805;87.471;91.605;87.471;0.002;0.316;4.331;0.130;0;1;25.610;25.612;nan;nan;nan;26884;1;0;0;0;0;0;0
101;1;1;1;IDLE;0.000;0.000;1.000;20743.472518;20743.475248;20743.506977;20743.649612;780699;780699;780699;9759;21;12491184;12491224;100.000;923.918;923.918;6.518;7.152;2997.894;2.837;0.000;0.000;4.208;13.425;0.001;20.470;20.470;160.844;174.364;31.729;11.740;64.516;1.390;0.897;0.505;1.390;0.027;2.729;177.093;9352.761;132.732;99.398;92.092;99.398;0.002;0.573;4.302;0.129;0;1;32.716;32.717;nan;nan;nan;27072;1;0;0;0;0;0;0
102;1;1;1;IDLE;0.000;0.000;1.000;20743.594969;20743.597732;20743.630313;20743.755868;780328;780328;780328;9755;20;12485248;12485288;100.000;864.594;864.594;6.338;6.941;2996.469;3.059;0.000;0.000;4.230;13.473;0.002;20.762;20.762;143.695;158.136;32.581;13.129;63.726;1.394;0.900;0.503;1.407;0.026;2.763;160.899;9425.684;122.484;89.151;91.908;89.151;0.002;0.434;4.286;0.129;0;1;32.769;32.770;nan;nan;nan;26320;1;0;0;0;0;0;0
103;1;1;1;IDLE;0.000;0.000;1.000;20743.707641;20743.710429;20743.736047;20743.883101;782351;782351;782351;9780;21;12517616;12517656;100.000;873.777;873.777;6.383;7.017;3004.237;2.921;0.000;0.000;4.424;5.942;0.001;13.287;13.287;158.345;172.671;25.617;7.695;51.868;1.575;0.902;0.507;1.410;0.029;2.788;175.460;9519.583;112.697;79.364;91.124;79.364;0.002;0.922;4.323;0.130;0;1;25.760;25.762;nan;nan;nan;26508;1;0;0;0;0;0;0
104;1;1;1;IDLE;0.000;0.000;1.000;20743.828292;20743.831350;20743.863798;20744.012405;782164;782164;782164;9778;21;12514624;12514664;100.000;884.778;884.778;6.428;7.062;3003.519;3.025;0.000;0.000;4.222;13.413;0.002;20.660;20.660;166.910;181.055;32.448;11.411;63.671;1.391;0.907;0.504;1.394;0.026;3.058;184.114;9615.554;120.921;87.587;90.903;87.587;0.002;0.666;4.300;0.129;0;1;32.713;32.713;nan;nan;nan;26696;1;0;0;0;0;0;0
105;1;1;1;IDLE;0.000;0.000;1.000;20743.957461;20743.960276;20743.993122;20744.127102;783021;783021;783021;9788;22;12528336;12528376;100.000;877.201;877.201;6.834;7.500;3006.810;3.015;0.000;0.000;4.223;13.435;0.001;20.673;20.673;152.544;166.826;32.846;12.392;62.939;1.401;0.899;0.505;1.391;0.027;2.815;169.641;9696.918;128.926;95.593;91.196;95.593;0.002;0.902;4.283;0.128;0;1;32.715;32.716;nan;nan;nan;28388;1;0;0;0;0;0;0
106;1;1;1;IDLE;0.000;0.000;1.000;20744.079015;20744.081846;20744.106928;20744.253971;786829;786829;786829;9836;105;12589264;12589304;100.000;878.484;878.484;33.139;36.394;3021.433;2.991;0.000;0.000;4.409;5.958;0.003;13.359;13.359;157.795;172.125;25.082;7.761;53.260;1.573;0.907;0.505;1.397;0.026;2.830;174.956;9790.454;121.569;88.236;91.011;88.236;0.002;0.382;4.317;0.130;0;1;26.129;26.131;nan;nan;nan;137992;1;0;0;0;0;0;0
107;1;1;1;IDLE;0.000;0.000;1.000;20744.200145;20744.202902;20744.234689;20744.254007;789365;789365;789365;9868;22;12629840;12629880;100.000;904.252;904.252;6.970;7.635;3031.171;2.926;0.000;0.000;4.334;13.437;0.001;20.697;20.697;37.138;51.105;31.787;40.500;65.114;1.493;0.906;0.498;1.411;0.026;2.757;53.863;9757.157;121.057;87.723;90.806;87.723;0.002;0.046;4.323;0.130;0;1;32.716;32.717;nan;nan;nan;28952;1;0;0;0;0;0;0
108;1;1;1;IDLE;0.000;0.000;1.000;20744.320808;20744.323612;20744.357051;20744.492924;790807;790807;790807;9886;19;12652912;12652952;100.000;860.656;860.656;5.842;6.413;3036.708;3.004;0.000;0.000;4.337;13.514;0.002;20.855;20.855;154.610;169.312;33.439;12.318;62.367;1.421;0.907;0.501;1.480;0.028;2.804;172.116;9962.740;120.710;87.376;90.591;87.376;0.011;0.875;4.329;0.130;0;1;32.824;32.825;nan;nan;nan;24252;1;0;0;0;0;0;0
109;1;1;1;IDLE;0.000;0.000;1.000;20744.446491;20744.449267;20744.473794;20744.620825;789334;789334;789334;9867;17;12629344;12629384;100.000;912.214;912.214;5.300;5.809;3031.052;2.888;0.000;0.000;4.317;5.967;0.001;13.172;13.172;157.713;171.558;24.527;7.678;53.704;1.460;0.913;0.513;1.404;0.027;2.776;174.334;10057.308;125.655;92.322;90.700;92.322;0.002;0.396;4.328;0.130;0;1;25.093;25.094;nan;nan;nan;21996;1;0;0;0;0;0;0
110;1;1;1;IDLE;0.000;0.000;1.000;20744.566831;20744.569578;20744.601520;20744.739328;783753;783753;783753;9797;18;12540048;12540088;100.000;888.885;888.885;5.661;6.202;3009.621;2.887;0.000;0.000;4.255;13.411;0.001;20.553;20.553;155.642;169.750;31.941;12.108;64.345;1.409;0.906;0.503;1.409;0.028;2.748;172.497;10142.477;120.311;86.978;90.467;86.978;0.002;0.165;4.312;0.129;0;1;32.713;32.714;nan;nan;nan;23500;1;0;0;0;0;0;0
111;1;1;1;IDLE;0.000;0.000;1.000;20744.684865;20744.687646;20744.719993;20744.856775;781240;781240;781240;9766;21;12499840;12499880;100.000;897.924;897.924;6.609;7.243;2999.971;2.917;0.000;0.000;4.624;13.608;0.002;21.149;21.149;155.208;169.129;32.347;12.504;65.381;1.779;0.908;0.511;1.399;0.027;2.781;171.910;10226.591;118.068;84.734;90.109;84.734;0.002;0.191;4.392;0.132;0;1;32.940;32.941;nan;nan;nan;27448;1;0;0;0;0;0;0
112;1;1;1;IDLE;0.000;0.000;1.000;20744.809553;20744.812666;20744.837613;20744.987685;781247;781247;781247;9766;22;12499952;12499992;100.000;907.277;907.277;6.699;7.364;2999.998;2.907;0.000;0.000;4.495;5.936;0.002;13.338;13.338;161.241;175.019;24.947;7.621;53.466;1.558;0.990;0.514;1.406;0.027;3.113;178.132;10324.167;125.020;91.687;90.207;91.687;0.002;0.736;4.420;0.133;0;1;25.094;25.095;nan;nan;nan;27824;1;0;0;0;0;0;0
113;1;1;1;IDLE;0.000;0.000;1.000;20744.933714;20744.936449;20744.968382;20745.104351;783523;783523;783523;9795;22;12536368;12536408;100.000;881.098;881.098;6.834;7.500;3008.738;2.888;0.000;0.000;4.259;13.416;0.002;20.563;20.563;153.674;167.902;31.933;12.247;64.394;1.414;0.900;0.508;1.411;0.026;2.735;170.637;10407.500;123.783;90.449;90.222;90.449;0.002;0.027;4.382;0.131;0;1;32.716;32.717;nan;nan;nan;28388;1;0;0;0;0;0;0
114;1;1;1;IDLE;0.000;0.000;1.000;20745.050025;20745.052792;20745.085095;20745.209826;783046;783046;783046;9789;24;12528736;12528776;100.000;896.320;896.320;7.331;8.058;3006.906;2.899;0.000;0.000;4.261;13.847;0.002;21.007;21.007;143.056;157.034;32.304;13.377;65.030;1.417;0.899;0.508;1.410;0.026;2.767;159.801;10479.642;116.343;83.010;89.772;83.010;0.002;0.216;4.357;0.131;0;1;33.099;33.100;nan;nan;nan;30456;1;0;0;0;0;0;0
115;1;1;1;IDLE;0.000;0.000;1.000;20745.161649;20745.164523;20745.190468;20745.334493;785712;785712;785712;9822;22;12571392;12571432;100.000;883.508;883.508;6.924;7.590;3017.144;2.941;0.000;0.000;4.775;5.965;0.002;13.682;13.682;155.741;169.970;25.944;8.049;52.734;1.934;0.904;0.502;1.407;0.028;2.875;172.845;10570.976;111.732;78.398;89.061;78.398;0.002;0.972;4.464;0.134;0;1;25.320;25.323;nan;nan;nan;28764;1;0;0;0;0;0;0
116;1;1;1;IDLE;0.000;0.000;1.000;20745.279901;20745.282879;20745.315174;20745.469143;788409;788409;788409;9856;22;12614544;12614584;100.000;919.532;919.532;6.834;7.500;3027.500;2.876;0.000;0.000;4.718;13.398;0.002;20.991;20.991;172.546;186.264;32.295;11.269;64.997;1.867;0.928;0.501;1.394;0.028;2.977;189.242;10672.292;118.355;85.022;88.808;85.022;0.002;0.459;4.529;0.136;0;1;32.714;32.715;nan;nan;nan;28388;1;0;0;0;0;0;0
117;1;1;1;IDLE;0.000;0.000;1.000;20745.414179;20745.417016;20745.449611;20745.576461;785289;785289;785289;9817;21;12564624;12564664;100.000;907.140;907.140;6.518;7.152;3015.519;2.876;0.000;0.000;4.346;13.519;0.002;20.742;20.742;145.594;159.445;32.595;13.009;63.634;1.515;0.896;0.509;1.399;0.028;2.837;162.282;10746.276;134.137;100.804;89.558;100.804;0.008;0.871;4.486;0.135;0;1;33.048;33.049;nan;nan;nan;27072;1;0;0;0;0;0;0
118;1;1;1;IDLE;0.000;0.000;1.000;20745.530042;20745.532855;20745.558377;20745.576494;784314;784314;784314;9804;20;12549024;12549064;100.000;898.411;898.411;6.338;6.941;3011.775;2.883;0.000;0.000;4.257;7.016;0.001;14.157;14.157;29.671;43.639;25.522;32.441;55.469;1.410;0.896;0.512;1.412;0.026;2.813;46.452;10712.977;115.839;82.506;89.117;82.506;0.002;0.277;4.431;0.133;0;1;25.096;25.098;nan;nan;nan;26320;1;0;0;0;0;0;0
119;1;1;1;IDLE;0.000;0.000;1.000;20745.648363;20745.651217;20745.683250;20745.837673;784830;784830;784830;9811;21;12557280;12557320;100.000;897.587;897.587;6.473;7.107;3013.757;2.990;0.000;0.000;4.326;13.613;0.002;20.930;20.930;172.466;186.456;32.033;11.225;65.338;1.495;0.906;0.508;1.390;0.028;2.853;189.310;10940.822;118.362;85.028;88.862;85.028;0.002;0.101;4.407;0.132;0;1;32.986;32.987;nan;nan;nan;26884;1;0;0;0;0;0;0
120;1;1;1;IDLE;0.000;0.000;1.000;20745.783179;20745.786021;20745.818414;20745.960389;784742;784742;784742;9810;21;12555872;12555912;100.000;879.430;879.430;6.564;7.198;3013.419;3.011;0.000;0.000;4.237;13.461;0.002;20.709;20.709;160.090;174.367;32.392;11.876;63.931;1.405;0.897;0.501;1.408;0.026;2.842;177.210;11030.205;134.805;101.471;89.650;101.471;0.002;0.414;4.367;0.131;0;1;32.717;32.718;nan;nan;nan;27260;1;0;0;0;0;0;0
121;1;1;1;IDLE;0.000;0.000;1.000;20745.912417;20745.915167;20745.940193;20746.147395;787186;787186;787186;9840;108;12594976;12595016;100.000;902.961;902.961;34.042;37.390;3022.804;2.895;0.000;0.000;4.331;5.939;0.003;13.165;13.165;218.279;232.227;25.026;5.669;52.608;1.487;0.903;0.507;1.408;0.026;2.751;234.978;11183.877;129.146;95.813;90.035;95.813;0.002;0.805;4.360;0.131;0;1;26.131;26.132;nan;nan;nan;141752;1;0;0;0;0;0;0
122;1;1;1;IDLE;0.000;0.000;1.000;20746.093430;20746.096192;20746.128122;20746.279775;792161;792161;792161;9903;23;12674576;12674616;100.000;919.110;919.110;7.015;7.711;3041.908;2.892;0.000;0.000;4.286;13.445;0.001;20.624;20.624;169.792;183.583;31.930;11.234;64.590;1.448;0.911;0.506;1.394;0.027;2.762;186.345;11282.924;181.025;147.691;93.639;147.691;0.002;0.406;4.344;0.130;0;1;32.715;32.716;nan;nan;nan;29140;1;0;0;0;0;0;0
123;1;1;1;IDLE;0.000;0.000;1.000;20746.225087;20746.227944;20746.260435;20746.391359;788290;788290;788290;9854;18;12612640;12612680;100.000;889.189;889.189;5.571;6.111;3027.043;2.899;0.000;0.000;4.302;13.448;0.001;20.649;20.649;149.231;163.415;32.491;12.636;63.555;1.468;0.911;0.501;1.395;0.027;2.857;166.272;11361.175;131.752;98.419;93.937;98.419;0.002;0.552;4.336;0.130;0;1;32.786;32.787;nan;nan;nan;23124;1;0;0;0;0;0;0
124;1;1;1;IDLE;0.000;0.000;1.000;20746.344163;20746.346994;20746.372355;20746.525221;789222;789222;789222;9866;18;12627552;12627592;100.000;897.268;897.268;5.526;6.066;3030.622;2.933;0.000;0.000;4.305;6.090;0.001;13.328;13.328;164.154;178.227;25.361;7.478;52.553;1.464;0.910;0.511;1.393;0.027;2.832;181.059;11461.704;119.050;85.717;93.424;85.717;0.002;0.889;4.330;0.130;0;1;25.091;25.092;nan;nan;nan;22936;1;0;0;0;0;0;0
125;1;1;1;IDLE;0.000;0.000;1.000;20746.470482;20746.473356;20746.505937;20746.639854;787173;787173;787173;9840;19;12594768;12594808;100.000;905.866;905.866;5.932;6.504;3022.754;2.873;0.000;0.000;4.323;13.379;0.002;20.574;20.574;152.594;166.498;32.581;12.357;63.149;1.475;0.908;0.506;1.407;0.027;2.875;169.373;11543.004;126.362;93.029;93.399;93.029;0.002;0.973;4.331;0.130;0;1;32.660;32.661;nan;nan;nan;24628;1;0;0;0;0;0;0
126;1;1;1;IDLE;0.000;0.000;1.000;20746.585458;20746.588239;20746.620451;20746.741896;776279;776279;776279;9704;20;12420464;12420504;100.000;894.054;894.054;6.248;6.851;2980.921;2.881;0.000;0.000;4.271;13.624;0.001;20.777;20.777;139.765;153.657;32.212;13.522;64.501;1.396;0.896;0.506;1.446;0.027;2.780;156.438;11611.712;114.882;81.549;92.658;81.549;0.008;0.416;4.318;0.130;0;1;33.025;33.026;nan;nan;nan;25944;1;0;0;0;0;0;0
127;1;1;1;IDLE;0.000;0.000;1.000;20746.694763;20746.697543;20746.722406;20746.741931;773912;773912;773912;9674;21;12382592;12382632;100.000;898.411;898.411;6.654;7.288;2971.832;2.857;0.000;0.000;4.512;6.324;0.001;13.694;13.694;30.605;44.388;24.863;30.850;55.078;1.464;0.893;0.499;1.629;0.027;2.780;47.168;11578.414;109.304;75.971;91.615;75.971;0.002;0.241;4.371;0.131;0;1;25.812;25.813;nan;nan;nan;27636;1;0;0;0;0;0;0
128;1;1;1;IDLE;0.000;0.000;1.000;20746.822827;20746.825648;20746.857783;20747.003451;773302;773302;773302;9667;22;12372832;12372872;100.000;899.282;899.282;6.834;7.500;2969.489;2.861;0.000;0.000;4.195;13.401;0.002;20.457;20.457;164.044;177.803;32.135;11.505;63.660;1.374;0.900;0.506;1.390;0.026;2.821;180.624;11806.600;128.105;94.772;91.813;94.772;0.002;0.777;4.329;0.130;0;1;32.717;32.719;nan;nan;nan;28388;1;0;0;0;0;0;0
129;1;1;1;IDLE;0.000;0.000;1.000;20746.948699;20746.951759;20746.984112;20747.120064;777001;777001;777001;9713;22;12432016;12432056;100.000;884.529;884.529;6.834;7.500;2983.693;2.975;0.000;0.000;4.187;13.436;0.002;20.598;20.598;154.250;168.305;32.353;12.239;63.667;1.372;0.894;0.505;1.390;0.026;3.060;171.365;11889.880;126.111;92.778;91.873;92.778;0.002;0.672;4.296;0.129;0;1;32.771;32.773;nan;nan;nan;28388;1;0;0;0;0;0;0
130;1;1;1;IDLE;0.000;0.000;1.000;20747.073084;20747.075853;20747.100950;20747.246018;783174;783174;783174;9790;21;12530784;12530824;100.000;864.821;864.821;6.609;7.243;3007.398;2.944;0.000;0.000;4.313;5.984;0.001;13.242;13.242;155.676;170.166;25.097;7.782;52.761;1.473;0.903;0.504;1.409;0.026;2.768;172.934;11982.501;124.093;90.760;91.803;90.760;0.002;0.308;4.302;0.129;0;1;25.095;25.096;nan;nan;nan;27448;1;0;0;0;0;0;0
131;1;1;1;IDLE;0.000;0.000;1.000;20747.191769;20747.194753;20747.226656;20747.372311;786108;786108;786108;9827;22;12577728;12577768;100.000;905.739;905.739;6.699;7.364;3018.664;2.961;0.000;0.000;4.243;13.412;0.001;20.616;20.616;163.671;177.558;31.902;11.611;64.623;1.401;0.902;0.507;1.407;0.026;2.984;180.542;12075.460;118.901;85.567;91.414;85.567;0.002;0.357;4.290;0.129;0;1;32.772;32.773;nan;nan;nan;27824;1;0;0;0;0;0;0
132;1;1;1;IDLE;0.000;0.000;1.000;20747.317051;20747.319946;20747.353014;20747.495951;785622;785622;785622;9821;21;12569952;12569992;100.000;872.588;872.588;6.473;7.107;3016.798;3.005;0.000;0.000;4.263;13.476;0.002;20.744;20.744;161.600;176.005;33.069;11.786;62.730;1.409;0.901;0.534;1.393;0.026;2.895;178.900;12165.767;125.192;91.859;91.441;91.859;0.002;0.922;4.285;0.129;0;1;32.770;32.771;nan;nan;nan;26884;1;0;0;0;0;0;0
133;1;1;1;IDLE;0.000;0.000;1.000;20747.448572;20747.451588;20747.476801;20747.620244;787265;787265;787265;9841;21;12596240;12596280;100.000;900.764;900.764;6.428;7.062;3023.107;2.878;0.000;0.000;4.419;5.956;0.001;13.253;13.253;154.672;168.656;25.213;7.858;52.565;1.577;0.897;0.507;1.412;0.026;3.016;171.673;12256.727;131.642;98.309;91.871;98.309;0.002;0.851;4.321;0.130;0;1;25.102;25.103;nan;nan;nan;26696;1;0;0;0;0;0;0
134;1;1;1;IDLE;0.000;0.000;1.000;20747.565747;20747.568533;20747.600697;20747.732496;787734;787734;787734;9847;21;12603744;12603784;100.000;902.985;902.985;6.428;7.062;3024.908;3.003;0.000;0.000;4.346;13.579;0.002;20.929;20.929;150.005;163.964;32.164;12.764;65.070;1.504;0.897;0.507;1.412;0.026;2.786;166.749;12335.646;116.945;83.612;91.354;83.612;0.002;0.278;4.330;0.130;0;1;33.124;33.125;nan;nan;nan;26696;1;0;0;0;0;0;0
135;1;1;1;IDLE;0.000;0.000;1.000;20747.676877;20747.679673;20747.712842;20747.848800;786766;786766;786766;9835;22;12588256;12588296;100.000;871.741;871.741;6.744;7.409;3021.191;2.969;0.000;0.000;4.878;13.464;0.001;21.311;21.311;154.687;169.127;33.169;12.601;64.250;2.043;0.908;0.507;1.390;0.030;2.796;171.923;12418.616;111.140;77.807;90.508;77.807;0.008;0.378;4.469;0.134;0;1;33.114;33.116;nan;nan;nan;28012;1;0;0;0;0;0;0
136;1;1;1;IDLE;0.000;0.000;1.000;20747.800349;20747.803323;20747.828611;20747.984689;787622;787622;787622;9846;100;12601952;12601992;100.000;886.952;886.952;31.425;34.524;3024.478;3.079;0.000;0.000;4.437;5.945;0.003;13.461;13.461;167.157;181.366;25.288;7.422;53.231;1.593;0.899;0.510;1.407;0.028;2.975;184.340;12521.171;123.650;90.317;90.496;90.317;0.002;0.695;4.463;0.134;0;1;26.130;26.133;nan;nan;nan;130848;1;0;0;0;0;0;0
137;1;1;1;IDLE;0.000;0.000;1.000;20747.930006;20747.933139;20747.965379;20748.100067;784509;784509;784509;9807;25;12552144;12552184;100.000;915.339;915.339;7.737;8.496;3012.524;2.862;0.000;0.000;4.235;13.410;0.001;20.507;20.507;153.215;166.928;32.240;12.285;63.606;1.414;0.894;0.496;1.405;0.027;3.133;170.061;12603.216;129.815;96.482;90.870;96.482;0.002;0.880;4.409;0.132;0;1;32.717;32.718;nan;nan;nan;32148;1;0;0;0;0;0;0
138;1;1;1;IDLE;0.000;0.000;1.000;20748.045058;20748.047889;20748.080785;20748.211614;782962;782962;782962;9788;21;12527392;12527432;100.000;872.163;872.163;6.473;7.107;3006.584;2.951;0.000;0.000;4.381;13.547;0.001;20.880;20.880;149.361;163.725;32.897;12.753;63.471;1.455;0.908;0.508;1.483;0.027;2.831;166.556;12681.430;114.750;81.417;90.279;81.417;0.002;0.602;4.404;0.132;0;1;32.826;32.827;nan;nan;nan;26884;1;0;0;0;0;0;0
139;1;1;1;IDLE;0.000;0.000;1.000;20748.163612;20748.166418;20748.192530;20748.348538;785441;785441;785441;9819;21;12567056;12567096;100.000;879.051;879.051;6.609;7.243;3016.103;3.002;0.000;0.000;4.805;6.013;0.001;13.820;13.820;167.824;182.120;26.112;7.588;52.927;1.667;0.904;0.507;1.683;0.044;2.807;184.927;12785.021;118.530;85.196;89.961;85.196;0.002;0.995;4.509;0.135;0;1;25.093;25.095;nan;nan;nan;27448;1;0;0;0;0;0;0
140;1;1;1;IDLE;0.000;0.000;1.000;20748.294260;20748.297001;20748.329234;20748.480959;786857;786857;786857;9836;21;12589712;12589752;100.000;868.202;868.202;6.383;7.017;3021.540;2.989;0.000;0.000;4.290;13.415;0.002;20.693;20.693;169.457;183.958;32.233;11.249;64.200;1.462;0.902;0.506;1.392;0.028;2.741;186.699;12884.108;130.583;97.249;90.417;97.249;0.002;0.024;4.456;0.134;0;1;32.716;32.717;nan;nan;nan;26508;1;0;0;0;0;0;0
141;1;1;1;IDLE;0.000;0.000;1.000;20748.426553;20748.429298;20748.461631;20748.596517;786209;786209;786209;9828;23;12579344;12579384;100.000;890.255;890.255;7.015;7.711;3019.052;3.004;0.000;0.000;4.258;13.503;0.001;20.765;20.765;153.089;167.219;32.333;12.418;64.221;1.415;0.910;0.502;1.404;0.027;2.745;169.964;12966.333;132.297;98.964;90.951;98.964;0.002;0.440;4.409;0.132;0;1;32.828;32.829;nan;nan;nan;29140;1;0;0;0;0;0;0
142;1;1;1;IDLE;0.000;0.000;1.000;20748.549371;20748.552177;20748.577444;20748.719352;785895;785895;785895;9824;24;12574320;12574360;100.000;880.063;880.063;7.421;8.148;3017.846;2.959;0.000;0.000;4.478;6.020;0.001;13.457;13.457;152.887;167.175;25.267;8.049;53.258;1.632;0.898;0.501;1.410;0.037;2.806;169.981;13055.834;122.878;89.545;90.863;89.545;0.004;0.477;4.431;0.133;0;1;25.089;25.092;nan;nan;nan;30832;1;0;0;0;0;0;0
143;1;1;1;IDLE;0.000;0.000;1.000;20748.664640;20748.667491;20748.700089;20748.843699;783109;783109;783109;9789;24;12529744;12529784;100.000;871.916;871.916;7.511;8.239;3007.148;2.965;0.000;0.000;4.246;13.403;0.002;20.614;20.614;161.837;176.208;32.598;11.699;63.236;1.412;0.907;0.504;1.397;0.026;2.851;179.059;13146.848;115.315;81.981;90.308;81.981;0.010;0.568;4.387;0.132;0;1;32.662;32.663;nan;nan;nan;31208;1;0;0;0;0;0;0
144;1;1;1;IDLE;0.000;0.000;1.000;20748.789046;20748.792215;20748.824413;20748.954960;783994;783994;783994;9800;25;12543904;12543944;100.000;890.853;890.853;7.737;8.496;3010.547;2.965;0.000;0.000;4.258;13.437;0.001;20.660;20.660;148.665;162.746;32.198;12.694;64.164;1.414;0.902;0.512;1.404;0.026;3.169;165.915;13224.776;124.723;91.390;90.376;91.390;0.002;0.420;4.357;0.131;0;1;32.720;32.721;nan;nan;nan;32148;1;0;0;0;0;0;0
145;1;1;1;IDLE;0.000;0.000;1.000;20748.907110;20748.909894;20748.935452;20749.082648;785959;785959;785959;9825;24;12575344;12575384;100.000;860.412;860.412;7.466;8.194;3018.092;2.964;0.000;0.000;4.233;6.198;0.001;13.395;13.395;158.139;172.754;25.558;7.754;52.411;1.400;0.900;0.512;1.394;0.026;2.784;175.538;13319.131;117.679;84.346;89.999;84.346;0.002;0.508;4.328;0.130;0;1;25.704;25.705;nan;nan;nan;31020;1;0;0;0;0;0;0
146;1;1;1;IDLE;0.000;0.000;1.000;20749.027614;20749.030460;20749.063034;20749.200695;789030;789030;789030;9863;24;12624480;12624520;100.000;887.147;887.147;7.421;8.148;3029.885;2.999;0.000;0.000;4.302;13.501;0.002;20.802;20.802;156.004;170.235;32.573;12.219;63.861;1.468;0.910;0.499;1.397;0.028;2.846;173.081;13403.844;120.566;87.233;89.826;87.233;0.002;0.537;4.324;0.130;0;1;33.112;33.114;nan;nan;nan;30832;1;0;0;0;0;0;0
147;1;1;1;IDLE;0.000;0.000;1.000;20749.145869;20749.148741;20749.181409;20749.319204;794594;794594;794594;9933;24;12713504;12713544;100.000;891.823;891.823;7.601;8.329;3051.251;2.995;0.000;0.000;4.380;13.599;0.002;20.974;20.974;156.207;170.463;32.668;12.304;64.204;1.524;0.909;0.510;1.408;0.029;2.872;173.335;13489.020;118.281;84.948;89.521;84.948;0.002;0.430;4.342;0.130;0;1;32.882;32.883;nan;nan;nan;31584;1;0;0;0;0;0;0
148;1;1;1;IDLE;0.000;0.000;1.000;20749.271665;20749.274735;20749.300062;20749.319244;797998;797998;797998;9975;23;12767968;12768008;100.000;887.346;887.346;7.285;7.982;3064.322;2.959;0.000;0.000;4.293;5.958;0.001;13.210;13.210;30.120;44.509;25.328;29.679;52.156;1.437;0.918;0.503;1.408;0.028;3.070;47.579;13455.726;125.993;92.660;89.717;92.660;0.002;0.685;4.331;0.130;0;1;25.096;25.099;nan;nan;nan;30268;1;0;0;0;0;0;0
149;1;1;1;IDLE;0.000;0.000;1.000;20749.397051;20749.399850;20749.431828;20749.451341;798639;798639;798639;9983;23;12778224;12778264;100.000;921.461;921.461;7.285;7.982;3066.783;2.935;0.000;0.000;4.279;13.432;0.189;20.646;20.646;37.624;51.492;31.978;40.096;64.563;1.440;0.916;0.503;1.393;0.028;2.799;54.290;13554.491;125.115;91.782;89.846;91.782;0.002;0.396;4.321;0.130;0;1;32.718;32.719;nan;nan;nan;30268;1;0;0;0;0;0;0
150;1;1;1;IDLE;0.000;0.000;1.000;20749.522147;20749.525329;20749.558168;20749.688104;796693;796693;796693;9959;23;12747088;12747128;100.000;876.496;876.496;7.285;7.982;3059.311;3.026;0.000;0.000;4.285;13.478;0.002;20.789;20.789;148.232;162.775;32.839;12.772;63.305;1.438;0.914;0.507;1.399;0.027;3.182;165.957;13757.920;125.479;92.146;89.990;92.146;0.002;0.530;4.314;0.129;0;1;32.780;32.781;nan;nan;nan;30268;1;0;0;0;0;0;0
151;1;1;1;IDLE;0.000;0.000;1.000;20749.640238;20749.643360;20749.667981;20749.820978;794717;794717;794717;9934;105;12715472;12715512;100.000;910.699;910.699;33.049;36.304;3051.723;2.926;0.000;0.000;4.431;6.017;0.004;13.374;13.374;163.656;177.619;24.621;7.530;54.319;1.585;0.916;0.497;1.405;0.028;3.122;180.740;13857.461;118.031;84.697;89.659;84.697;0.002;0.208;4.345;0.130;0;1;26.136;26.139;nan;nan;nan;137616;1;0;0;0;0;0;0
152;1;1;1;IDLE;0.000;0.000;1.000;20749.765699;20749.768531;20749.801693;20749.952338;792861;792861;792861;9911;22;12685776;12685816;100.000;859.685;859.685;6.879;7.545;3044.596;3.034;0.000;0.000;4.467;13.433;0.002;20.934;20.934;169.050;183.806;33.161;11.389;63.127;1.555;0.981;0.500;1.403;0.028;2.832;186.639;13955.487;125.172;91.838;89.795;91.838;0.008;0.497;4.378;0.131;0;1;32.715;32.716;nan;nan;nan;28576;1;0;0;0;0;0;0
153;1;1;1;IDLE;0.000;0.000;1.000;20749.897246;20749.900428;20749.933070;20750.071960;792789;792789;792789;9910;18;12684624;12684664;100.000;911.884;911.884;5.706;6.247;3044.319;2.955;0.000;0.000;4.268;13.503;0.001;20.726;20.726;157.621;171.531;32.642;12.083;63.497;1.432;0.913;0.508;1.389;0.026;3.182;174.713;14041.775;131.897;98.564;90.343;98.564;0.002;0.958;4.353;0.131;0;1;32.768;32.768;nan;nan;nan;23688;1;0;0;0;0;0;0
154;1;1;1;IDLE;0.000;0.000;1.000;20750.024450;20750.027309;20750.052844;20750.196966;792309;792309;792309;9904;18;12676944;12676984;100.000;885.052;885.052;5.571;6.111;3042.476;3.075;0.000;0.000;4.364;5.981;0.001;13.420;13.420;155.333;169.656;25.535;7.910;52.555;1.511;0.921;0.509;1.397;0.027;2.860;172.516;14133.448;126.881;93.548;90.544;93.548;0.002;0.864;4.358;0.131;0;1;25.092;25.095;nan;nan;nan;23124;1;0;0;0;0;0;0
155;1;1;1;IDLE;0.000;0.000;1.000;20750.142105;20750.145021;20750.177661;20750.196998;791925;791925;791925;9900;19;12670800;12670840;100.000;868.920;868.920;6.022;6.594;3041.002;2.930;0.000;0.000;4.327;13.523;0.001;20.780;20.780;37.395;51.977;32.640;39.979;63.664;1.477;0.911;0.508;1.404;0.027;2.916;54.893;14100.148;117.712;84.378;90.158;84.378;0.002;0.205;4.352;0.131;0;1;32.825;32.825;nan;nan;nan;25004;1;0;0;0;0;0;0
156;1;1;1;IDLE;0.000;0.000;1.000;20750.265027;20750.268119;20750.300914;20750.442827;793795;793795;793795;9923;22;12700720;12700760;100.000;899.039;899.039;6.924;7.590;3048.182;2.921;0.000;0.000;4.526;13.489;0.002;20.936;20.936;160.581;174.709;32.795;11.983;63.838;1.575;1.010;0.511;1.403;0.027;3.091;177.800;14312.643;123.098;89.764;90.134;89.764;0.002;0.651;4.398;0.132;0;1;32.772;32.773;nan;nan;nan;28764;1;0;0;0;0;0;0
157;1;1;1;IDLE;0.000;0.000;1.000;20750.395939;20750.399002;20750.423689;20750.567776;793460;793460;793460;9919;22;12695360;12695400;100.000;889.932;889.932;6.789;7.454;3046.896;2.998;0.000;0.000;4.275;5.959;0.001;13.231;13.231;154.509;168.774;24.688;7.840;53.595;1.416;0.924;0.505;1.404;0.027;3.062;171.837;14404.259;130.883;97.550;90.597;97.550;0.002;0.186;4.370;0.131;0;1;25.093;25.094;nan;nan;nan;28200;1;0;0;0;0;0;0
158;1;1;1;IDLE;0.000;0.000;1.000;20750.512795;20750.516011;20750.548484;20750.692143;795527;795527;795527;9945;22;12728432;12728472;100.000;912.363;912.363;6.744;7.409;3054.833;2.941;0.000;0.000;4.589;13.473;0.001;21.003;21.003;162.181;176.132;32.473;11.925;64.679;1.732;0.919;0.513;1.398;0.028;3.216;179.348;14495.292;117.010;83.676;90.165;83.676;0.002;0.457;4.429;0.133;0;1;32.762;32.763;nan;nan;nan;28012;1;0;0;0;0;0;0
159;1;1;1;IDLE;0.000;0.000;1.000;20750.637517;20750.640447;20750.672778;20750.821716;798776;798776;798776;9985;23;12780416;12780456;100.000;879.684;879.684;7.060;7.756;3067.309;2.994;0.000;0.000;4.277;13.483;0.001;20.754;20.754;166.741;181.270;32.331;11.449;64.191;1.425;0.920;0.511;1.394;0.027;2.930;184.200;14591.532;124.435;91.102;90.223;91.102;0.002;0.040;4.393;0.132;0;1;32.845;32.847;nan;nan;nan;29328;1;0;0;0;0;0;0
160;1;1;1;IDLE;0.000;0.000;1.000;20750.774274;20750.777101;20750.802580;20750.955869;799362;799362;799362;9993;23;12789792;12789832;100.000;892.900;892.900;7.060;7.756;3069.560;3.017;0.000;0.000;4.279;5.965;0.002;13.260;13.260;164.444;178.768;25.479;7.418;52.044;1.436;0.913;0.501;1.402;0.027;2.827;181.595;14692.351;136.654;103.321;91.042;103.321;0.002;0.909;4.367;0.131;0;1;25.096;25.099;nan;nan;nan;29328;1;0;0;0;0;0;0
161;1;1;1;IDLE;0.000;0.000;1.000;20750.900383;20750.903204;20750.936487;20750.955905;789777;789777;789777;9873;22;12636432;12636472;100.000;892.715;892.715;6.970;7.635;3032.753;2.972;0.000;0.000;4.648;13.576;0.001;21.195;21.195;38.546;52.701;33.283;40.218;63.682;1.795;0.904;0.512;1.409;0.028;2.821;55.522;14659.055;126.103;92.770;91.150;92.770;0.007;0.897;4.439;0.133;0;1;32.954;32.955;nan;nan;nan;28952;1;0;0;0;0;0;0
162;1;1;1;IDLE;0.000;0.000;1.000;20751.021956;20751.025028;20751.057669;20751.236686;790930;790930;790930;9887;22;12654880;12654920;100.000;860.569;860.569;6.789;7.454;3037.181;3.052;0.000;0.000;4.260;13.475;0.002;20.787;20.787;196.952;211.658;32.640;9.821;63.684;1.421;0.903;0.505;1.405;0.026;3.072;214.730;14906.502;121.824;88.491;90.984;88.491;0.002;0.198;4.396;0.132;0;1;32.774;32.774;nan;nan;nan;28200;1;0;0;0;0;0;0
163;1;1;1;IDLE;0.000;0.000;1.000;20751.190649;20751.193419;20751.217550;20751.401729;793734;793734;793734;9922;23;12699744;12699784;100.000;918.287;918.287;7.105;7.801;3047.948;2.877;0.000;0.000;4.277;5.964;0.002;13.118;13.118;194.479;208.309;24.131;6.297;54.361;1.438;0.906;0.508;1.398;0.027;2.771;211.080;15038.211;168.391;135.058;93.738;135.058;0.002;0.058;4.369;0.131;0;1;25.096;25.098;nan;nan;nan;29516;1;0;0;0;0;0;0
164;1;1;1;IDLE;0.000;0.000;1.000;20751.347174;20751.349973;20751.382431;20751.524804;792883;792883;792883;9912;23;12686128;12686168;100.000;884.261;884.261;7.195;7.892;3044.680;2.978;0.000;0.000;4.266;13.471;0.002;20.716;20.716;160.485;174.832;32.458;11.849;63.823;1.415;0.914;0.504;1.406;0.028;2.799;177.631;15127.953;156.553;123.220;95.581;123.220;0.002;0.371;4.347;0.130;0;1;32.766;32.767;nan;nan;nan;29892;1;0;0;0;0;0;0
165;1;1;1;IDLE;0.000;0.000;1.000;20751.470547;20751.473384;20751.505702;20751.641660;791299;791299;791299;9892;24;12660784;12660824;100.000;913.499;913.499;7.331;8.058;3038.598;2.944;0.000;0.000;4.266;13.462;0.002;20.672;20.672;154.416;168.276;32.318;12.285;63.964;1.428;0.909;0.511;1.392;0.026;2.837;171.113;15211.476;123.412;90.078;95.237;90.078;0.002;0.728;4.329;0.130;0;1;32.560;32.561;nan;nan;nan;30456;1;0;0;0;0;0;0
166;1;1;1;IDLE;0.000;0.000;1.000;20751.592190;20751.595265;20751.621495;20751.642665;789485;789485;789485;9869;101;12631760;12631800;100.000;836.509;836.509;31.921;35.051;3031.632;2.978;0.000;0.000;4.329;5.966;0.002;13.273;13.273;32.299;47.400;26.230;28.003;50.603;1.491;0.902;0.512;1.397;0.026;3.075;50.475;15179.148;121.881;88.548;94.819;88.548;0.002;0.832;4.331;0.130;0;1;26.126;26.129;nan;nan;nan;132916;1;0;0;0;0;0;0
167;1;1;1;IDLE;0.000;0.000;1.000;20751.711887;20751.714763;20751.747310;20751.901062;789977;789977;789977;9875;23;12639632;12639672;100.000;882.753;882.753;7.060;7.756;3033.521;2.978;0.000;0.000;4.389;13.503;0.002;20.870;20.870;171.980;186.299;32.547;11.203;64.123;1.569;0.902;0.497;1.391;0.031;2.876;189.175;15404.211;119.498;86.164;94.278;86.164;0.002;0.333;4.348;0.130;0;1;32.990;32.991;nan;nan;nan;29328;1;0;0;0;0;0;0
168;1;1;1;IDLE;0.000;0.000;1.000;20751.846084;20751.848955;20751.881757;20752.022518;791598;791598;791598;9895;19;12665568;12665608;100.000;869.260;869.260;5.977;6.549;3039.746;3.113;0.000;0.000;4.239;13.637;0.001;20.989;20.989;158.992;173.563;32.802;12.093;63.986;1.410;0.896;0.513;1.393;0.027;2.871;176.434;15492.334;134.192;100.859;94.689;100.859;0.002;0.353;4.323;0.130;0;1;32.938;32.939;nan;nan;nan;24816;1;0;0;0;0;0;0
169;1;1;1;IDLE;0.000;0.000;1.000;20751.975804;20751.978583;20752.003386;20752.148415;795034;795034;795034;9938;20;12720544;12720584;100.000;880.474;880.474;6.067;6.670;3052.940;2.910;0.000;0.000;4.288;5.956;0.001;13.154;13.154;155.385;169.833;24.803;7.745;53.034;1.438;0.905;0.508;1.411;0.026;2.779;172.611;15584.898;129.628;96.294;94.790;96.294;0.002;0.109;4.322;0.130;0;1;25.084;25.086;nan;nan;nan;25192;1;0;0;0;0;0;0
170;1;1;1;IDLE;0.000;0.000;1.000;20752.094233;20752.097038;20752.129136;20752.267922;794863;794863;794863;9936;20;12717808;12717848;100.000;898.810;898.810;6.203;6.805;3052.284;2.961;0.000;0.000;4.277;13.438;0.002;20.677;20.677;156.734;170.884;32.098;12.100;64.420;1.427;0.904;0.511;1.408;0.027;2.806;173.689;15671.071;118.456;85.122;94.185;85.122;0.008;0.223;4.313;0.129;0;1;32.715;32.716;nan;nan;nan;25756;1;0;0;0;0;0;0
171;1;1;1;IDLE;0.000;0.000;1.000;20752.212544;20752.215528;20752.248609;20752.373789;794885;794885;794885;9937;21;12718160;12718200;100.000;871.039;871.039;6.564;7.198;3052.368;2.971;0.000;0.000;4.366;13.633;0.001;20.970;20.970;143.660;158.262;33.082;13.250;63.389;1.496;0.929;0.511;1.404;0.026;2.984;161.246;15743.605;118.489;85.156;93.621;85.156;0.002;0.479;4.328;0.130;0;1;32.942;32.943;nan;nan;nan;27260;1;0;0;0;0;0;0
172;1;1;1;IDLE;0.000;0.000;1.000;20752.325874;20752.328770;20752.354365;20752.515217;788905;788905;788905;9862;21;12622480;12622520;100.000;891.406;891.406;6.428;7.062;3029.405;2.972;0.000;0.000;4.302;6.123;0.002;13.396;13.396;172.287;186.447;25.595;7.185;52.340;1.482;0.898;0.503;1.392;0.028;2.896;189.343;15851.700;113.243;79.909;92.764;79.909;0.002;1.007;4.324;0.130;0;1;25.544;25.545;nan;nan;nan;26696;1;0;0;0;0;0;0
173;1;1;1;IDLE;0.000;0.000;1.000;20752.460763;20752.463517;20752.495942;20752.634609;787376;787376;787376;9843;21;12598016;12598056;100.000;915.280;915.280;6.609;7.243;3023.533;2.881;0.000;0.000;4.292;13.386;0.002;20.559;20.559;157.328;171.092;32.425;12.017;63.406;1.458;0.897;0.498;1.411;0.028;2.755;173.846;15937.758;134.747;101.414;93.305;101.414;0.002;0.980;4.320;0.130;0;1;32.658;32.659;nan;nan;nan;27448;1;0;0;0;0;0;0
174;1;1;1;IDLE;0.000;0.000;1.000;20752.579471;20752.583141;20752.615284;20752.738645;791921;791921;791921;9900;22;12670736;12670776;100.000;890.893;890.893;6.879;7.545;3040.986;2.987;0.000;0.000;4.290;13.451;0.002;20.728;20.728;141.282;155.505;32.143;13.330;64.487;1.436;0.913;0.504;1.410;0.028;3.670;159.174;16008.461;119.623;86.290;92.866;86.290;0.002;0.177;4.315;0.129;0;1;32.773;32.774;nan;nan;nan;28576;1;0;0;0;0;0;0
175;1;1;1;IDLE;0.000;0.000;1.000;20752.690770;20752.693634;20752.719053;20752.874055;785044;785044;785044;9814;22;12560704;12560744;100.000;884.313;884.313;6.789;7.454;3014.579;2.969;0.000;0.000;4.274;5.958;0.001;13.201;13.201;166.217;180.421;25.418;7.317;51.936;1.455;0.891;0.507;1.390;0.031;2.864;183.285;16110.538;110.494;77.161;91.885;77.161;0.002;0.979;4.306;0.129;0;1;25.547;25.549;nan;nan;nan;28200;1;0;0;0;0;0;0
176;1;1;1;IDLE;0.000;0.000;1.000;20752.819117;20752.822111;20752.854799;20753.004416;785759;785759;785759;9822;22;12572144;12572184;100.000;885.770;885.770;6.744;7.409;3017.324;2.969;0.000;0.000;4.228;13.405;0.001;20.602;20.602;168.111;182.305;32.688;11.301;63.028;1.393;0.894;0.508;1.406;0.027;2.994;185.299;16207.565;128.476;95.143;92.088;95.143;0.002;0.858;4.289;0.129;0;1;32.659;32.660;nan;nan;nan;28012;1;0;0;0;0;0;0
177;1;1;1;IDLE;0.000;0.000;1.000;20752.950534;20752.953285;20752.985133;20753.117078;782963;782963;782963;9788;22;12527408;12527448;100.000;889.575;889.575;6.970;7.635;3006.588;2.962;0.000;0.000;4.217;13.435;0.001;20.614;20.614;149.711;163.794;31.849;12.585;64.725;1.399;0.896;0.504;1.393;0.025;2.750;166.544;16286.894;131.174;97.841;92.448;97.841;0.002;0.111;4.273;0.128;0;1;32.715;32.716;nan;nan;nan;28952;1;0;0;0;0;0;0
178;1;1;1;IDLE;0.000;0.000;1.000;20753.069219;20753.072024;20753.097953;20753.239077;783666;783666;783666;9796;21;12538656;12538696;100.000;863.709;863.709;6.609;7.243;3009.287;2.970;0.000;0.000;4.495;5.974;0.002;13.440;13.440;152.535;167.053;25.929;8.045;51.832;1.572;0.897;0.512;1.488;0.026;2.806;169.859;16375.560;118.739;85.406;92.008;85.406;0.002;0.939;4.331;0.130;0;1;25.095;25.098;nan;nan;nan;27448;1;0;0;0;0;0;0
179;1;1;1;IDLE;0.000;0.000;1.000;20753.183918;20753.186750;20753.219758;20753.358297;786714;786714;786714;9834;22;12587424;12587464;100.000;867.571;867.571;6.744;7.409;3020.991;3.087;0.000;0.000;4.282;13.494;0.001;20.863;20.863;157.038;171.547;33.008;12.162;63.205;1.459;0.898;0.497;1.399;0.029;2.831;174.378;16461.446;114.725;81.392;91.344;81.392;0.010;0.712;4.326;0.130;0;1;32.810;32.811;nan;nan;nan;28012;1;0;0;0;0;0;0
180;1;1;1;IDLE;0.000;0.000;1.000;20753.303807;20753.306620;20753.339013;20753.486971;787583;787583;787583;9845;21;12601328;12601368;100.000;877.518;877.518;6.473;7.107;3024.328;2.948;0.000;0.000;4.503;13.488;0.002;20.939;20.939;165.990;180.351;32.392;11.610;64.643;1.596;0.896;0.510;1.474;0.027;2.813;183.164;16556.787;119.871;86.538;91.044;86.538;0.002;0.038;4.375;0.131;0;1;32.769;32.770;nan;nan;nan;26884;1;0;0;0;0;0;0
181;1;1;1;IDLE;0.000;0.000;1.000;20753.438432;20753.441573;20753.466792;20753.615845;793719;793719;793719;9922;104;12699504;12699544;100.000;898.488;898.488;32.598;35.821;3047.891;2.938;0.000;0.000;4.276;5.950;0.003;13.165;13.165;160.138;174.272;25.219;7.554;52.200;1.427;0.907;0.508;1.408;0.026;3.141;177.413;16652.328;134.952;101.619;91.705;101.619;0.002;0.856;4.353;0.131;0;1;26.126;26.128;nan;nan;nan;135736;1;0;0;0;0;0;0
182;1;1;1;IDLE;0.000;0.000;1.000;20753.561875;20753.564644;20753.596553;20753.735345;792329;792329;792329;9905;21;12677264;12677304;100.000;896.423;896.423;6.473;7.107;3042.553;2.916;0.000;0.000;4.270;13.426;0.002;20.612;20.612;156.559;170.701;31.909;12.075;64.596;1.425;0.902;0.508;1.409;0.026;2.768;173.469;16738.494;123.071;89.738;91.582;89.738;0.002;0.068;4.334;0.130;0;1;32.715;32.716;nan;nan;nan;26884;1;0;0;0;0;0;0
183;1;1;1;IDLE;0.000;0.000;1.000;20753.679719;20753.682650;20753.716015;20753.856813;801464;801464;801464;10019;17;12823424;12823464;100.000;881.983;881.983;5.300;5.809;3077.631;3.019;0.000;0.000;4.705;13.610;0.002;21.335;21.335;159.623;174.162;33.365;12.250;63.943;1.875;0.910;0.499;1.395;0.026;2.932;177.094;16826.629;118.007;84.673;91.150;84.673;0.002;0.508;4.429;0.133;0;1;32.937;32.938;nan;nan;nan;21996;1;0;0;0;0;0;0
184;1;1;1;IDLE;0.000;0.000;1.000;20753.809679;20753.812590;20753.837727;20753.991722;796948;796948;796948;9962;18;12751168;12751208;100.000;909.531;909.531;5.481;6.021;3060.290;2.987;0.000;0.000;4.376;6.019;0.001;13.382;13.382;165.113;179.132;25.137;7.471;53.237;1.520;0.921;0.501;1.407;0.027;2.910;182.043;16928.205;129.939;96.606;91.491;96.606;0.002;0.720;4.418;0.133;0;1;25.100;25.102;nan;nan;nan;22748;1;0;0;0;0;0;0
185;1;1;1;IDLE;0.000;0.000;1.000;20753.935804;20753.938946;20753.972407;20754.113061;802598;802598;802598;10033;21;12841568;12841608;100.000;855.962;855.962;6.383;7.017;3081.986;3.086;0.000;0.000;4.270;13.403;0.001;20.759;20.759;159.113;174.115;33.462;11.923;62.038;1.434;0.918;0.502;1.390;0.027;3.142;177.257;17016.210;126.356;93.023;91.587;93.023;0.002;0.784;4.383;0.132;0;1;32.714;32.715;nan;nan;nan;26508;1;0;0;0;0;0;0
186;1;1;1;IDLE;0.000;0.000;1.000;20754.058149;20754.060989;20754.093770;20754.225668;797039;797039;797039;9963;22;12752624;12752664;100.000;871.394;871.394;6.879;7.545;3060.639;3.076;0.000;0.000;4.343;13.483;0.001;20.901;20.901;150.043;164.678;32.781;12.692;63.760;1.485;0.920;0.514;1.397;0.026;2.840;167.519;17095.483;122.044;88.710;91.407;88.710;0.002;0.318;4.375;0.131;0;1;32.770;32.771;nan;nan;nan;28576;1;0;0;0;0;0;0
187;1;1;1;IDLE;0.000;0.000;1.000;20754.178362;20754.181431;20754.206553;20754.347552;797511;797511;797511;9969;22;12760176;12760216;100.000;876.099;876.099;6.879;7.545;3062.452;3.047;0.000;0.000;4.276;5.984;0.002;13.306;13.306;151.556;166.121;25.122;8.010;52.967;1.435;0.909;0.498;1.406;0.028;3.069;169.190;17184.035;120.442;87.109;91.138;87.109;0.002;0.295;4.353;0.131;0;1;25.095;25.096;nan;nan;nan;28576;1;0;0;0;0;0;0
188;1;1;1;IDLE;0.000;0.000;1.000;20754.292128;20754.294946;20754.328263;20754.475261;794879;794879;794879;9936;21;12718064;12718104;100.000;855.441;855.441;6.518;7.152;3052.345;3.033;0.000;0.000;4.391;13.428;0.002;20.852;20.852;165.447;180.314;33.317;11.564;62.586;1.548;0.912;0.511;1.392;0.028;2.819;183.133;17278.410;113.515;80.182;90.454;80.182;0.010;0.620;4.364;0.131;0;1;32.714;32.715;nan;nan;nan;27072;1;0;0;0;0;0;0
189;1;1;1;IDLE;0.000;0.000;1.000;20754.420701;20754.423503;20754.455804;20754.589518;793590;793590;793590;9920;21;12697440;12697480;100.000;900.202;900.202;6.609;7.243;3047.395;2.952;0.000;0.000;4.333;13.669;0.002;20.954;20.954;151.910;166.015;32.300;12.622;64.872;1.494;0.908;0.509;1.397;0.025;2.802;168.818;17359.334;128.557;95.223;90.752;95.223;0.002;0.190;4.359;0.131;0;1;33.123;33.124;nan;nan;nan;27448;1;0;0;0;0;0;0
190;1;1;1;IDLE;0.000;0.000;1.000;20754.541736;20754.544695;20754.570404;20754.714412;788938;788938;788938;9862;22;12623008;12623048;100.000;866.119;866.119;6.744;7.409;3029.532;3.020;0.000;0.000;4.336;5.985;0.001;13.341;13.341;155.142;169.717;25.709;7.861;51.892;1.484;0.902;0.511;1.411;0.027;2.959;172.676;17450.894;121.192;87.859;90.571;87.859;0.002;0.811;4.356;0.131;0;1;25.096;25.098;nan;nan;nan;28012;1;0;0;0;0;0;0
191;1;1;1;IDLE;0.000;0.000;1.000;20754.659540;20754.662506;20754.695120;20754.714447;784846;784846;784846;9811;21;12557536;12557576;100.000;900.853;900.853;6.654;7.288;3013.818;2.918;0.000;0.000;4.344;13.427;0.001;20.689;20.689;38.001;51.941;32.614;39.832;63.437;1.489;0.902;0.514;1.409;0.030;2.966;54.907;17417.596;117.811;84.478;90.190;84.478;0.013;0.890;4.355;0.131;0;1;32.715;32.716;nan;nan;nan;27636;1;0;0;0;0;0;0
192;1;1;1;IDLE;0.000;0.000;1.000;20754.785923;20754.788827;20754.821599;20754.965194;788004;788004;788004;9851;22;12608064;12608104;100.000;887.332;887.332;6.744;7.409;3025.945;2.951;0.000;0.000;4.305;13.611;0.002;20.868;20.868;162.158;176.367;32.772;11.832;63.675;1.478;0.899;0.499;1.400;0.029;2.904;179.271;17635.010;126.321;92.988;90.365;92.988;0.002;0.645;4.345;0.130;0;1;32.940;32.942;nan;nan;nan;28012;1;0;0;0;0;0;0
193;1;1;1;IDLE;0.000;0.000;1.000;20754.918338;20754.921203;20754.946285;20755.100371;795964;795964;795964;9950;21;12735424;12735464;100.000;889.936;889.936;6.518;7.152;3056.511;2.929;0.000;0.000;4.254;5.987;0.001;13.169;13.169;164.857;179.168;25.081;7.350;52.507;1.429;0.902;0.500;1.397;0.027;2.865;182.033;17736.854;132.376;99.043;90.907;99.043;0.002;0.527;4.324;0.130;0;1;24.893;24.894;nan;nan;nan;27072;1;0;0;0;0;0;0
194;1;1;1;IDLE;0.000;0.000;1.000;20755.045299;20755.048079;20755.081068;20755.213890;799207;799207;799207;9991;21;12787312;12787352;100.000;876.525;876.525;6.564;7.198;3068.964;3.112;0.000;0.000;4.286;13.474;0.002;20.872;20.872;151.222;165.811;32.989;12.588;63.268;1.441;0.916;0.497;1.405;0.028;2.779;168.590;17817.039;126.876;93.542;91.072;93.542;0.002;0.638;4.317;0.130;0;1;32.774;32.775;nan;nan;nan;27260;1;0;0;0;0;0;0
195;1;1;1;IDLE;0.000;0.000;1.000;20755.157888;20755.160717;20755.194568;20755.331281;799402;799402;799402;9993;22;12790432;12790472;100.000;859.940;859.940;6.879;7.545;3069.713;3.049;0.000;0.000;4.336;13.707;0.001;21.092;21.092;155.689;170.563;33.851;12.366;62.309;1.502;0.913;0.502;1.394;0.025;2.829;173.392;17901.096;112.638;79.305;90.337;79.305;0.002;0.931;4.324;0.130;0;1;33.026;33.027;nan;nan;nan;28576;1;0;0;0;0;0;0
196;1;1;1;IDLE;0.000;0.000;1.000;20755.282782;20755.285987;20755.311184;20755.332286;800483;800483;800483;10007;103;12807728;12807768;100.000;912.807;912.807;32.553;35.745;3073.864;2.978;0.000;0.000;4.910;6.035;0.002;13.923;13.923;32.267;46.298;25.197;30.074;55.259;1.965;0.993;0.509;1.410;0.033;3.205;49.503;17868.768;125.270;91.937;90.437;91.937;0.010;0.210;4.474;0.134;0;1;26.128;26.129;nan;nan;nan;135548;1;0;0;0;0;0;0
197;1;1;1;IDLE;0.000;0.000;1.000;20755.416692;20755.419470;20755.451902;20755.592464;798336;798336;798336;9980;21;12773376;12773416;100.000;900.431;900.431;6.473;7.107;3065.620;2.923;0.000;0.000;4.256;13.440;0.002;20.620;20.620;158.808;172.994;32.433;11.919;63.577;1.423;0.914;0.500;1.393;0.027;2.778;175.772;18095.613;133.482;100.149;91.044;100.149;0.002;0.548;4.422;0.133;0;1;32.713;32.714;nan;nan;nan;26884;1;0;0;0;0;0;0
198;1;1;1;IDLE;0.000;0.000;1.000;20755.536907;20755.539813;20755.573430;20755.705525;798454;798454;798454;9981;17;12775264;12775304;100.000;883.921;883.921;5.255;5.764;3066.073;3.011;0.000;0.000;4.957;13.685;0.001;21.654;21.654;151.259;165.712;33.617;13.067;64.412;1.549;1.469;0.502;1.407;0.030;2.906;168.618;18175.341;120.343;87.010;90.791;87.010;0.002;0.519;4.558;0.137;0;1;32.716;32.717;nan;nan;nan;21808;1;0;0;0;0;0;0
199;1;1;1;IDLE;0.000;0.000;1.000;20755.658031;20755.660836;20755.686022;20755.851120;800770;800770;800770;10010;17;12812320;12812360;100.000;880.207;880.207;5.210;5.719;3074.966;3.007;0.000;0.000;4.347;5.995;0.001;13.349;13.349;175.728;190.284;25.185;7.015;53.002;1.502;0.912;0.510;1.395;0.028;2.805;193.089;18287.603;121.023;87.690;90.598;87.690;0.002;0.285;4.508;0.135;0;1;25.495;25.496;nan;nan;nan;21620;1;0;0;0;0;0;0
200;1;1;1;IDLE;0.000;0.000;1.000;20755.795590;20755.798783;20755.831809;20756.057954;802378;802378;802378;10030;19;12838048;12838088;100.000;888.450;888.450;5.842;6.413;3081.141;3.070;0.000;0.000;4.296;13.459;0.002;20.824;20.824;244.721;259.171;33.026;8.035;63.054;1.443;0.919;0.513;1.393;0.027;3.193;262.364;18461.103;137.946;104.613;91.474;104.613;0.002;0.818;4.457;0.134;0;1;32.768;32.769;nan;nan;nan;24252;1;0;0;0;0;0;0
201;1;1;1;IDLE;0.000;0.000;1.000;20756.002454;20756.005312;20756.038346;20756.173830;805285;805285;805285;10067;21;12884560;12884600;100.000;896.369;896.369;6.564;7.198;3092.304;3.061;0.000;0.000;4.356;13.513;0.002;20.931;20.931;154.145;168.519;33.034;12.420;63.360;1.498;0.924;0.503;1.403;0.028;2.858;171.377;18543.646;206.529;173.195;96.581;173.195;0.002;0.788;4.434;0.133;0;1;33.118;33.119;nan;nan;nan;27260;1;0;0;0;0;0;0
202;1;1;1;IDLE;0.000;0.000;1.000;20756.125935;20756.128757;20756.154319;20756.173864;803318;803318;803318;10042;21;12853088;12853128;100.000;869.258;869.258;6.654;7.288;3084.751;3.022;0.000;0.000;4.452;6.199;0.000;13.672;13.672;30.321;45.108;25.562;30.310;53.486;1.607;0.921;0.503;1.392;0.029;2.822;47.930;18510.347;123.445;90.112;96.177;90.112;0.002;0.122;4.441;0.133;0;1;25.707;25.708;nan;nan;nan;27636;1;0;0;0;0;0;0
203;1;1;1;IDLE;0.000;0.000;1.000;20756.294196;20756.296989;20756.328882;20756.348210;802036;802036;802036;10026;22;12832576;12832616;100.000;914.035;914.035;6.970;7.635;3079.828;2.933;0.000;0.000;4.291;13.370;0.001;20.594;20.594;37.182;51.221;31.893;40.205;64.571;1.434;0.918;0.502;1.408;0.028;2.793;54.014;18651.359;168.233;134.899;98.597;134.899;0.002;0.190;4.406;0.132;0;1;32.660;32.661;nan;nan;nan;28952;1;0;0;0;0;0;0
204;1;1;1;IDLE;0.000;0.000;1.000;20756.474832;20756.477652;20756.510411;20756.655348;810228;810228;810228;10128;22;12963648;12963688;100.000;894.592;894.592;6.789;7.454;3111.285;3.036;0.000;0.000;4.309;13.476;0.002;20.821;20.821;163.205;177.696;32.759;11.717;63.560;1.446;0.931;0.508;1.396;0.028;2.820;180.516;18925.164;180.663;147.330;101.643;147.330;0.002;0.480;4.384;0.132;0;1;32.769;32.770;nan;nan;nan;28200;1;0;0;0;0;0;0
205;1;1;1;IDLE;0.000;0.000;1.000;20756.607566;20756.610688;20756.636222;20756.783192;808185;808185;808185;10103;21;12930960;12931000;100.000;909.769;909.769;6.428;7.062;3103.440;3.017;0.000;0.000;4.441;5.975;0.001;13.432;13.432;158.291;172.504;25.534;7.787;52.605;1.571;0.931;0.507;1.405;0.027;3.121;175.626;19019.675;133.036;99.702;101.522;99.702;0.010;0.895;4.401;0.132;0;1;25.098;25.099;nan;nan;nan;26696;1;0;0;0;0;0;0
206;1;1;1;IDLE;0.000;0.000;1.000;20756.727633;20756.730520;20756.763918;20756.900753;815223;815223;815223;10191;21;13043568;13043608;100.000;880.719;880.719;6.609;7.243;3130.466;3.089;0.000;0.000;4.330;13.391;0.001;20.810;20.810;155.422;170.232;33.398;12.224;62.309;1.454;0.930;0.508;1.410;0.027;2.887;173.120;19103.902;119.833;86.499;100.583;86.499;0.002;0.864;4.385;0.132;0;1;32.662;32.663;nan;nan;nan;27448;1;0;0;0;0;0;0
207;1;1;1;IDLE;0.000;0.000;1.000;20756.845394;20756.848302;20756.881398;20757.023202;799426;799426;799426;9993;21;12790816;12790856;100.000;892.323;892.323;6.609;7.243;3069.805;2.983;0.000;0.000;4.285;13.597;0.001;20.865;20.865;160.566;174.900;33.096;11.929;63.042;1.427;0.914;0.507;1.411;0.026;2.908;177.808;19193.018;117.782;84.448;99.574;84.448;0.002;0.878;4.362;0.131;0;1;32.949;32.949;nan;nan;nan;27448;1;0;0;0;0;0;0
208;1;1;1;IDLE;0.000;0.000;1.000;20756.976164;20756.979316;20757.004060;20757.165135;790320;790320;790320;9879;21;12645120;12645160;100.000;894.018;894.018;6.518;7.152;3034.838;2.932;0.000;0.000;4.302;5.955;0.002;13.189;13.189;171.675;185.820;24.745;7.097;53.299;1.473;0.905;0.504;1.393;0.027;3.151;188.971;19301.618;131.014;97.680;99.456;97.680;0.002;0.341;4.349;0.130;0;1;25.093;25.094;nan;nan;nan;27072;1;0;0;0;0;0;0
209;1;1;1;IDLE;0.000;0.000;1.000;20757.111146;20757.113926;20757.145819;20757.285597;795945;795945;795945;9950;21;12735120;12735160;100.000;912.805;912.805;6.473;7.107;3056.438;2.934;0.000;0.000;4.275;13.399;0.001;20.609;20.609;157.719;171.670;31.893;12.005;64.619;1.440;0.913;0.504;1.391;0.027;2.780;174.450;19388.746;134.610;101.277;99.570;101.277;0.002;0.264;4.333;0.130;0;1;32.713;32.714;nan;nan;nan;26884;1;0;0;0;0;0;0
210;1;1;1;IDLE;0.000;0.000;1.000;20757.229947;20757.232795;20757.266265;20757.397552;792891;792891;792891;9912;21;12686256;12686296;100.000;860.795;860.795;6.654;7.288;3044.711;3.043;0.000;0.000;4.416;13.564;0.002;21.023;21.023;150.019;164.757;33.470;12.760;62.811;1.559;0.908;0.513;1.409;0.027;2.848;167.605;19467.368;118.869;85.536;98.693;85.536;0.002;0.750;4.356;0.131;0;1;32.892;32.893;nan;nan;nan;27636;1;0;0;0;0;0;0
211;1;1;1;IDLE;0.000;0.000;1.000;20757.348710;20757.351558;20757.377146;20757.521026;797320;797320;797320;9967;104;12757120;12757160;100.000;873.670;873.670;32.733;35.957;3061.718;3.085;0.000;0.000;4.314;6.168;0.003;13.566;13.566;154.867;169.469;25.588;8.005;53.019;1.446;0.912;0.516;1.413;0.027;2.848;172.317;19557.509;118.762;85.429;97.864;85.429;0.002;0.502;4.348;0.130;0;1;26.571;26.573;nan;nan;nan;136300;1;0;0;0;0;0;0
212;1;1;1;IDLE;0.000;0.000;1.000;20757.465710;20757.468561;20757.501750;20757.655389;805214;805214;805214;10066;21;12883424;12883464;100.000;883.668;883.668;6.473;7.107;3092.031;3.048;0.000;0.000;4.295;13.498;0.001;20.841;20.841;172.249;186.828;33.188;11.155;62.796;1.453;0.914;0.507;1.393;0.028;2.851;189.679;19658.539;117.003;83.670;96.977;83.670;0.002;0.814;4.337;0.130;0;1;32.772;32.773;nan;nan;nan;26884;1;0;0;0;0;0;0
213;1;1;1;IDLE;0.000;0.000;1.000;20757.599830;20757.602619;20757.636054;20757.773952;797126;797126;797126;9965;16;12754016;12754056;100.000;858.118;858.118;5.029;5.508;3060.973;3.058;0.000;0.000;4.272;13.489;0.002;20.819;20.819;156.470;171.333;33.435;12.151;62.267;1.428;0.914;0.513;1.391;0.026;2.789;174.122;19743.768;134.058;100.725;97.211;100.725;0.002;0.809;4.323;0.130;0;1;32.822;32.823;nan;nan;nan;20868;1;0;0;0;0;0;0
214;1;1;1;IDLE;0.000;0.000;1.000;20757.726696;20757.729590;20757.754806;20757.906871;803136;803136;803136;10040;14;12850176;12850216;100.000;903.363;903.363;4.262;4.678;3084.052;2.978;0.000;0.000;4.412;5.947;0.001;13.337;13.337;163.056;177.281;25.217;7.523;52.890;1.569;0.920;0.497;1.398;0.029;2.893;180.175;19843.353;126.970;93.637;96.987;93.637;0.009;0.624;4.347;0.130;0;1;25.089;25.090;nan;nan;nan;17672;1;0;0;0;0;0;0
215;1;1;1;IDLE;0.000;0.000;1.000;20757.851410;20757.854233;20757.887552;20758.030186;809297;809297;809297;10117;19;12948752;12948792;100.000;865.607;865.607;5.887;6.458;3107.710;3.099;0.000;0.000;4.311;13.399;0.001;20.809;20.809;160.994;175.954;33.319;11.827;62.454;1.443;0.934;0.497;1.411;0.026;2.822;178.776;19933.336;124.643;91.310;96.633;91.310;0.002;0.647;4.341;0.130;0;1;32.714;32.715;nan;nan;nan;24440;1;0;0;0;0;0;0
216;1;1;1;IDLE;0.000;0.000;1.000;20757.974901;20757.977981;20758.010848;20758.155861;808156;808156;808156;10102;21;12930496;12930536;100.000;910.278;910.278;6.564;7.198;3103.329;2.956;0.000;0.000;4.564;13.408;0.001;20.928;20.928;163.674;177.880;32.867;11.765;63.674;1.706;0.922;0.499;1.406;0.032;3.080;180.960;20025.677;123.748;90.415;96.244;90.415;0.025;0.664;4.399;0.132;0;1;32.743;32.744;nan;nan;nan;27260;1;0;0;0;0;0;0
217;1;1;1;IDLE;0.000;0.000;1.000;20758.108120;20758.111039;20758.136773;20758.285922;810355;810355;810355;10130;22;12965680;12965720;100.000;886.319;886.319;6.924;7.590;3111.773;3.023;0.000;0.000;4.434;6.021;0.001;13.478;13.478;160.254;174.883;25.735;7.707;52.373;1.575;0.923;0.511;1.398;0.027;2.919;177.802;20122.405;133.058;99.724;96.461;99.724;0.002;0.648;4.410;0.132;0;1;25.104;25.106;nan;nan;nan;28764;1;0;0;0;0;0;0
218;1;1;1;IDLE;0.000;0.000;1.000;20758.230213;20758.233066;20758.266615;20758.285958;810211;810211;810211;10128;22;12963376;12963416;100.000;890.591;890.591;6.970;7.635;3111.220;3.031;0.000;0.000;4.513;13.577;0.001;21.121;21.121;38.336;52.892;33.548;39.933;62.957;1.636;0.928;0.510;1.409;0.031;2.853;55.745;20089.107;122.028;88.694;95.976;88.694;0.002;0.899;4.438;0.133;0;1;32.881;32.882;nan;nan;nan;28952;1;0;0;0;0;0;0
219;1;1;1;IDLE;0.000;0.000;1.000;20758.348027;20758.350902;20758.384009;20758.526717;808645;808645;808645;10109;22;12938320;12938360;100.000;863.712;863.712;6.970;7.635;3105.206;3.071;0.000;0.000;4.315;13.697;0.002;21.084;21.084;160.835;175.815;33.108;11.992;63.682;1.448;0.928;0.504;1.409;0.027;2.875;178.690;20296.533;117.835;84.502;95.259;84.502;0.002;0.113;4.409;0.132;0;1;33.116;33.117;nan;nan;nan;28952;1;0;0;0;0;0;0
220;1;1;1;IDLE;0.000;0.000;1.000;20758.479634;20758.482462;20758.507566;20758.662581;810783;810783;810783;10135;21;12972528;12972568;100.000;899.373;899.373;6.609;7.243;3113.416;3.005;0.000;0.000;4.305;5.948;0.001;13.257;13.257;165.694;180.118;25.104;7.360;52.808;1.446;0.924;0.505;1.404;0.026;2.829;182.947;20399.063;131.561;98.227;95.444;98.227;0.002;0.425;4.385;0.132;0;1;25.094;25.097;nan;nan;nan;27448;1;0;0;0;0;0;0
221;1;1;1;IDLE;0.000;0.000;1.000;20758.607182;20758.610200;20758.643296;20758.787928;807088;807088;807088;10089;21;12913408;12913448;100.000;891.038;891.038;6.609;7.243;3099.228;2.978;0.000;0.000;4.333;13.378;0.001;20.689;20.689;163.235;177.728;33.096;11.641;62.514;1.490;0.922;0.497;1.398;0.027;3.018;180.746;20491.077;127.738;94.404;95.379;94.404;0.002;0.890;4.374;0.131;0;1;32.660;32.661;nan;nan;nan;27448;1;0;0;0;0;0;0
222;1;1;1;IDLE;0.000;0.000;1.000;20758.732380;20758.735626;20758.768646;20758.905602;809369;809369;809369;10118;22;12949904;12949944;100.000;897.284;897.284;6.744;7.409;3107.987;3.050;0.000;0.000;4.375;13.435;0.001;20.861;20.861;155.543;169.975;33.020;12.273;63.176;1.512;0.928;0.509;1.399;0.027;3.246;173.222;20575.418;125.427;92.093;95.174;92.093;0.002;0.775;4.377;0.131;0;1;32.713;32.714;nan;nan;nan;28012;1;0;0;0;0;0;0
223;1;1;1;IDLE;0.000;0.000;1.000;20758.857317;20758.860138;20758.886495;20759.033449;795354;795354;795354;9942;21;12725664;12725704;100.000;851.814;851.814;6.564;7.198;3054.169;3.116;0.000;0.000;4.479;5.991;0.002;13.587;13.587;158.372;173.312;26.357;7.839;51.548;1.621;0.910;0.509;1.411;0.028;2.821;176.132;20669.932;124.511;91.178;94.924;91.178;0.008;0.939;4.404;0.132;0;1;25.095;25.096;nan;nan;nan;27260;1;0;0;0;0;0;0
224;1;1;1;IDLE;0.000;0.000;1.000;20758.978982;20758.981838;20759.014155;20759.156902;795455;795455;795455;9944;21;12727280;12727320;100.000;896.630;896.630;6.518;7.152;3054.557;2.984;0.000;0.000;4.289;13.370;0.001;20.643;20.643;160.869;175.064;32.317;11.792;63.876;1.450;0.905;0.503;1.405;0.027;2.856;177.919;20760.051;121.701;88.367;94.514;88.367;0.002;0.461;4.378;0.131;0;1;32.661;32.662;nan;nan;nan;27072;1;0;0;0;0;0;0
225;1;1;1;IDLE;0.000;0.000;1.000;20759.101829;20759.105044;20759.137579;20759.274497;795720;795720;795720;9947;21;12731520;12731560;100.000;883.771;883.771;6.654;7.288;3055.574;3.041;0.000;0.000;4.269;13.507;0.001;20.817;20.817;155.046;169.452;32.535;12.285;63.983;1.422;0.908;0.510;1.403;0.026;3.215;172.667;20844.312;123.206;89.873;94.224;89.873;0.002;0.350;4.353;0.131;0;1;32.826;32.827;nan;nan;nan;27636;1;0;0;0;0;0;0
226;1;1;1;IDLE;0.000;0.000;1.000;20759.225040;20759.228254;20759.254353;20759.401307;798723;798723;798723;9985;105;12779568;12779608;100.000;862.236;862.236;33.139;36.394;3067.106;3.067;0.000;0.000;4.276;5.989;0.003;13.333;13.333;158.231;173.053;26.099;7.705;51.087;1.428;0.912;0.501;1.406;0.029;3.214;176.267;20937.790;123.210;89.876;93.953;89.876;0.002;1.009;4.336;0.130;0;1;26.129;26.132;nan;nan;nan;137992;1;0;0;0;0;0;0
227;1;1;1;IDLE;0.000;0.000;1.000;20759.345669;20759.348734;20759.382023;20759.515953;807441;807441;807441;10094;20;12919056;12919096;100.000;879.720;879.720;6.067;6.670;3100.583;3.090;0.000;0.000;4.374;13.380;0.001;20.844;20.844;152.534;167.220;33.290;12.465;62.613;1.510;0.922;0.508;1.406;0.028;3.064;170.284;21019.103;120.479;87.146;93.527;87.146;0.002;0.848;4.348;0.130;0;1;32.660;32.661;nan;nan;nan;25192;1;0;0;0;0;0;0
228;1;1;1;IDLE;0.000;0.000;1.000;20759.460230;20759.463111;20759.496432;20759.641318;803316;803316;803316;10042;17;12853056;12853096;100.000;868.486;868.486;5.390;5.900;3084.743;3.046;0.000;0.000;4.684;13.520;0.001;21.250;21.250;163.407;178.207;33.321;11.924;63.774;1.833;0.918;0.509;1.395;0.029;2.881;181.088;21111.133;114.378;81.044;92.747;81.044;0.002;0.315;4.434;0.133;0;1;33.039;33.040;nan;nan;nan;22372;1;0;0;0;0;0;0
229;1;1;1;IDLE;0.000;0.000;1.000;20759.593813;20759.596968;20759.622217;20759.769224;809074;809074;809074;10114;18;12945184;12945224;100.000;909.125;909.125;5.616;6.156;3106.854;2.980;0.000;0.000;4.291;5.994;0.002;13.265;13.265;158.017;172.256;25.250;7.701;52.537;1.448;0.923;0.498;1.395;0.028;3.154;175.411;21205.706;133.856;100.523;93.233;100.523;0.002;0.723;4.404;0.132;0;1;25.090;25.093;nan;nan;nan;23312;1;0;0;0;0;0;0
230;1;1;1;IDLE;0.000;0.000;1.000;20759.714278;20759.717154;20759.749919;20759.895572;808265;808265;808265;10104;19;12932240;12932280;100.000;884.746;884.746;5.932;6.504;3103.747;3.008;0.000;0.000;4.318;13.404;0.002;20.731;20.731;163.800;178.417;32.764;11.619;63.272;1.463;0.928;0.508;1.393;0.026;2.876;181.293;21298.721;120.187;86.853;92.834;86.853;0.002;0.422;4.385;0.132;0;1;32.707;32.707;nan;nan;nan;24628;1;0;0;0;0;0;0
231;1;1;1;IDLE;0.000;0.000;1.000;20759.840895;20759.843915;20759.876291;20760.026220;818848;818848;818848;10236;22;13101568;13101608;100.000;902.261;902.261;6.699;7.364;3144.386;3.105;0.000;0.000;4.337;13.491;0.001;20.934;20.934;167.785;182.306;32.376;11.483;64.659;1.476;0.936;0.504;1.392;0.028;3.020;185.325;21396.036;126.761;93.427;92.871;93.427;0.002;0.023;4.375;0.131;0;1;32.769;32.770;nan;nan;nan;27824;1;0;0;0;0;0;0
232;1;1;1;IDLE;0.000;0.000;1.000;20759.978188;20759.981239;20760.007115;20760.165146;820617;820617;820617;10258;22;13129872;13129912;100.000;895.136;895.136;6.744;7.409;3151.179;3.153;0.000;0.000;4.343;5.993;0.001;13.490;13.490;169.239;183.907;25.876;7.335;52.131;1.486;0.930;0.496;1.403;0.028;3.052;186.959;21501.629;137.324;103.991;93.566;103.991;0.005;0.866;4.370;0.131;0;1;25.094;25.097;nan;nan;nan;28012;1;0;0;0;0;0;0
233;1;1;1;IDLE;0.000;0.000;1.000;20760.109729;20760.112888;20760.145846;20760.289827;814146;814146;814146;10177;22;13026336;13026376;100.000;907.768;907.768;6.744;7.409;3126.330;3.002;0.000;0.000;4.321;13.417;0.002;20.740;20.740;162.589;176.939;32.958;11.722;62.928;1.464;0.928;0.495;1.406;0.029;3.159;180.098;21592.976;131.648;98.315;93.863;98.315;0.002;0.868;4.360;0.131;0;1;32.714;32.715;nan;nan;nan;28012;1;0;0;0;0;0;0
234;1;1;1;IDLE;0.000;0.000;1.000;20760.234490;20760.237367;20760.270216;20760.406612;814852;814852;814852;10186;22;13037632;13037672;100.000;887.113;887.113;6.789;7.454;3129.041;3.062;0.000;0.000;4.397;13.495;0.002;20.954;20.954;154.548;169.245;32.849;12.381;63.790;1.529;0.932;0.508;1.401;0.026;2.877;172.122;21676.427;124.479;91.146;93.693;91.146;0.002;0.257;4.372;0.131;0;1;33.103;33.104;nan;nan;nan;28200;1;0;0;0;0;0;0
235;1;1;1;IDLE;0.000;0.000;1.000;20760.358977;20760.361862;20760.387249;20760.539019;815725;815725;815725;10197;21;13051600;13051640;100.000;893.676;893.676;6.473;7.107;3132.394;3.109;0.000;0.000;4.470;6.240;0.001;13.819;13.819;162.553;177.157;25.387;7.800;54.432;1.594;0.930;0.509;1.410;0.027;2.885;180.042;21775.502;124.495;91.162;93.535;91.162;0.002;0.070;4.399;0.132;0;1;25.599;25.600;nan;nan;nan;26884;1;0;0;0;0;0;0
236;1;1;1;IDLE;0.000;0.000;1.000;20760.483519;20760.486810;20760.519722;20760.677345;816078;816078;816078;10201;21;13057248;13057288;100.000;896.390;896.390;6.473;7.107;3133.749;2.993;0.000;0.000;4.330;13.420;0.002;20.743;20.743;175.968;190.535;32.912;10.886;63.023;1.469;0.931;0.506;1.397;0.027;3.291;193.826;21880.494;124.948;91.615;93.415;91.615;0.002;0.594;4.384;0.132;0;1;32.714;32.714;nan;nan;nan;26884;1;0;0;0;0;0;0
237;1;1;1;IDLE;0.000;0.000;1.000;20760.622304;20760.625125;20760.658075;20760.792010;810868;810868;810868;10136;21;12973888;12973928;100.000;908.951;908.951;6.654;7.288;3113.743;2.976;0.000;0.000;4.309;13.449;0.001;20.734;20.734;152.611;166.885;32.950;12.424;62.927;1.459;0.927;0.502;1.394;0.026;2.821;169.706;21961.825;138.315;104.981;94.138;104.981;0.002;0.916;4.367;0.131;0;1;32.716;32.717;nan;nan;nan;27636;1;0;0;0;0;0;0
238;1;1;1;IDLE;0.000;0.000;1.000;20760.744394;20760.747250;20760.773066;20760.922915;801907;801907;801907;10024;21;12830512;12830552;100.000;857.493;857.493;6.609;7.243;3079.332;3.094;0.000;0.000;4.297;6.154;0.002;13.545;13.545;160.702;175.665;25.816;7.711;52.467;1.442;0.909;0.509;1.411;0.026;2.856;178.522;22059.398;122.125;88.792;93.804;88.792;0.002;0.400;4.352;0.131;0;1;25.094;25.097;nan;nan;nan;27448;1;0;0;0;0;0;0
239;1;1;1;IDLE;0.000;0.000;1.000;20760.868538;20760.871472;20760.903638;20760.922951;799196;799196;799196;9990;21;12787136;12787176;100.000;911.293;911.293;6.654;7.288;3068.922;2.942;0.000;0.000;4.406;13.439;0.001;20.787;20.787;37.447;51.479;32.166;40.379;64.624;1.551;0.917;0.508;1.404;0.027;2.934;54.414;22026.101;124.222;90.889;93.622;90.889;0.002;0.286;4.368;0.131;0;1;32.713;32.714;nan;nan;nan;27636;1;0;0;0;0;0;0
240;1;1;1;IDLE;0.000;0.000;1.000;20760.999969;20761.003119;20761.035979;20761.176940;799621;799621;799621;9996;22;12793936;12793976;100.000;903.161;903.161;6.834;7.500;3070.554;2.972;0.000;0.000;4.281;13.471;0.002;20.723;20.723;159.655;173.821;32.859;11.922;63.065;1.445;0.913;0.502;1.393;0.027;3.150;176.971;22246.756;131.647;98.314;93.915;98.314;0.002;0.940;4.348;0.130;0;1;32.770;32.771;nan;nan;nan;28388;1;0;0;0;0;0;0
241;1;1;1;IDLE;0.000;0.000;1.000;20761.128168;20761.131029;20761.156871;20761.177948;808174;808174;808174;10103;106;12930784;12930824;100.000;858.446;858.446;33.500;36.786;3103.398;3.071;0.000;0.000;4.311;6.062;0.002;13.444;13.444;31.856;46.919;25.842;28.654;52.025;1.443;0.925;0.501;1.413;0.029;2.861;49.780;22214.430;127.910;94.576;93.956;94.576;0.010;0.394;4.341;0.130;0;1;26.128;26.129;nan;nan;nan;139496;1;0;0;0;0;0;0
242;1;1;1;IDLE;0.000;0.000;1.000;20761.246487;20761.249540;20761.282602;20761.422134;810609;810609;810609;10133;22;12969744;12969784;100.000;887.750;887.750;6.699;7.364;3112.748;3.057;0.000;0.000;4.385;13.511;0.002;20.953;20.953;157.984;172.594;33.062;12.140;63.373;1.445;0.925;0.498;1.490;0.027;3.053;175.647;22425.283;118.511;85.177;93.408;85.177;0.002;0.554;4.356;0.131;0;1;32.774;32.775;nan;nan;nan;27824;1;0;0;0;0;0;0
243;1;1;1;IDLE;0.000;0.000;1.000;20761.365957;20761.368837;20761.402804;20761.533746;809086;809086;809086;10114;15;12945376;12945416;100.000;850.378;850.378;4.759;5.206;3106.900;3.165;0.000;0.000;4.600;13.439;0.001;21.204;21.204;149.686;164.909;33.967;12.858;62.426;1.599;1.019;0.552;1.401;0.029;2.880;167.788;22503.562;119.297;85.964;92.942;85.964;0.002;0.702;4.420;0.133;0;1;32.766;32.767;nan;nan;nan;19740;1;0;0;0;0;0;0
244;1;1;1;IDLE;0.000;0.000;1.000;20761.485754;20761.488694;20761.514583;20761.671669;804105;804105;804105;10052;17;12865680;12865720;100.000;877.070;877.070;5.300;5.809;3087.773;3.071;0.000;0.000;4.354;5.937;0.001;13.363;13.363;168.306;182.975;25.889;7.303;51.616;1.510;0.921;0.503;1.393;0.027;2.940;185.915;22608.152;119.857;86.524;92.541;86.524;0.002;0.926;4.405;0.132;0;1;25.096;25.099;nan;nan;nan;21996;1;0;0;0;0;0;0
245;1;1;1;IDLE;0.000;0.000;1.000;20761.616056;20761.619249;20761.652310;20761.794955;810243;810243;810243;10129;19;12963888;12963928;100.000;864.261;864.261;5.887;6.458;3111.343;3.130;0.000;0.000;4.391;13.362;0.001;20.882;20.882;160.705;175.705;33.061;11.885;63.163;1.517;0.928;0.505;1.413;0.028;3.193;178.898;22698.104;130.556;97.222;92.834;97.222;0.002;0.305;4.404;0.132;0;1;32.718;32.719;nan;nan;nan;24440;1;0;0;0;0;0;0
246;1;1;1;IDLE;0.000;0.000;1.000;20761.739141;20761.742033;20761.775711;20761.915634;808451;808451;808451;10106;21;12935216;12935256;100.000;867.141;867.141;6.609;7.243;3104.461;3.143;0.000;0.000;4.453;13.475;0.001;21.070;21.070;158.684;173.602;33.678;12.137;62.564;1.591;0.927;0.498;1.411;0.027;2.892;176.493;22785.450;122.783;89.450;92.622;89.450;0.002;0.831;4.418;0.133;0;1;32.716;32.717;nan;nan;nan;27448;1;0;0;0;0;0;0
247;1;1;1;IDLE;0.000;0.000;1.000;20761.867081;20761.870335;20761.896496;20762.102676;818595;818595;818595;10233;23;13097520;13097560;100.000;881.306;881.306;7.060;7.756;3143.414;3.062;0.000;0.000;4.465;5.960;0.002;13.487;13.487;217.480;232.342;26.161;5.805;51.553;1.618;0.930;0.498;1.393;0.026;3.254;235.596;22939.159;128.302;94.969;92.769;94.969;0.002;0.872;4.432;0.133;0;1;25.095;25.096;nan;nan;nan;29328;1;0;0;0;0;0;0
248;1;1;1;IDLE;0.000;0.000;1.000;20762.048140;20762.050977;20762.083356;20762.232980;813416;813416;813416;10168;23;13014656;13014696;100.000;913.635;913.635;7.015;7.711;3123.527;3.003;0.000;0.000;4.334;13.401;0.001;20.738;20.738;167.758;182.003;32.379;11.394;64.048;1.468;0.925;0.496;1.412;0.034;2.837;184.840;23036.129;180.642;147.309;96.178;147.309;0.002;0.396;4.410;0.132;0;1;32.719;32.719;nan;nan;nan;29140;1;0;0;0;0;0;0
249;1;1;1;IDLE;0.000;0.000;1.000;20762.176955;20762.179790;20762.213701;20762.357667;816251;816251;816251;10204;23;13060016;13060056;100.000;862.349;862.349;7.150;7.847;3134.413;3.134;0.000;0.000;4.325;13.440;0.001;20.900;20.900;162.733;177.878;33.911;11.750;61.632;1.462;0.935;0.510;1.391;0.028;2.835;180.712;23127.483;128.813;95.479;96.134;95.479;0.010;0.990;4.391;0.132;0;1;32.716;32.717;nan;nan;nan;29704;1;0;0;0;0;0;0
250;1;1;1;IDLE;0.000;0.000;1.000;20762.309793;20762.312648;20762.338538;20762.485961;820584;820584;820584;10258;22;13129344;13129384;100.000;885.841;885.841;6.879;7.545;3151.052;3.106;0.000;0.000;4.341;5.969;0.002;13.416;13.416;158.492;173.313;25.891;7.741;51.819;1.470;0.934;0.501;1.408;0.028;2.855;176.168;23222.443;132.858;99.524;96.346;99.524;0.002;0.756;4.381;0.131;0;1;25.094;25.095;nan;nan;nan;28576;1;0;0;0;0;0;0
251;1;1;1;IDLE;0.000;0.000;1.000;20762.430274;20762.433151;20762.466344;20762.617931;817535;817535;817535;10220;21;13080560;13080600;100.000;879.661;879.661;6.518;7.152;3139.344;3.074;0.000;0.000;4.427;13.493;0.001;20.994;20.994;169.909;184.780;33.193;11.361;63.247;1.549;0.937;0.510;1.405;0.027;2.878;187.657;23321.080;120.504;87.170;95.772;87.170;0.002;0.400;4.395;0.132;0;1;33.106;33.107;nan;nan;nan;27072;1;0;0;0;0;0;0
252;1;1;1;IDLE;0.000;0.000;1.000;20762.563291;20762.566153;20762.598639;20762.747579;812707;812707;812707;10159;22;13003312;13003352;100.000;903.130;903.130;6.924;7.590;3120.804;3.025;0.000;0.000;4.427;13.480;0.002;20.933;20.933;167.028;181.426;32.485;11.538;64.437;1.474;0.937;0.504;1.486;0.027;2.863;184.288;23417.395;133.002;99.669;96.016;99.669;0.002;0.177;4.408;0.132;0;1;32.769;32.770;nan;nan;nan;28764;1;0;0;0;0;0;0
253;1;1;1;IDLE;0.000;0.000;1.000;20762.699394;20762.702244;20762.728473;20762.880547;811017;811017;811017;10138;23;12976272;12976312;100.000;861.651;861.651;7.015;7.711;3114.315;3.109;0.000;0.000;4.333;5.993;0.002;13.434;13.434;163.243;178.303;26.229;7.534;51.217;1.485;0.928;0.501;1.392;0.027;2.850;181.153;23517.030;136.091;102.758;96.437;102.758;0.002;0.841;4.391;0.132;0;1;25.095;25.097;nan;nan;nan;29140;1;0;0;0;0;0;0
254;1;1;1;IDLE;0.000;0.000;1.000;20762.825684;20762.828539;20762.861207;20763.002999;812416;812416;812416;10156;22;12998656;12998696;100.000;894.499;894.499;6.789;7.454;3119.687;3.045;0.000;0.000;4.315;13.434;0.001;20.794;20.794;159.928;174.460;32.669;11.919;63.651;1.445;0.934;0.502;1.406;0.028;2.854;177.315;23606.148;126.294;92.961;96.220;92.961;0.002;0.386;4.374;0.131;0;1;32.771;32.772;nan;nan;nan;28200;1;0;0;0;0;0;0
255;1;1;1;IDLE;0.000;0.000;1.000;20762.946849;20762.949812;20762.983668;20763.128503;815874;815874;815874;10199;22;13053984;13054024;100.000;872.085;872.085;6.699;7.364;3132.966;3.056;0.000;0.000;4.438;13.609;0.002;21.103;21.103;163.723;178.692;33.857;11.810;62.330;1.579;0.935;0.505;1.390;0.029;2.962;181.654;23698.319;121.273;87.940;95.703;87.940;0.002;0.838;4.393;0.132;0;1;32.937;32.937;nan;nan;nan;27824;1;0;0;0;0;0;0
256;1;1;1;IDLE;0.000;0.000;1.000;20763.079545;20763.082734;20763.108333;20763.267400;811813;811813;811813;10148;105;12989008;12989048;100.000;906.638;906.638;33.094;36.349;3117.372;3.029;0.000;0.000;4.319;5.965;0.003;13.313;13.313;170.339;184.665;25.599;7.209;52.007;1.441;0.925;0.516;1.410;0.027;3.189;187.854;23803.882;132.923;99.589;95.945;99.589;0.002;0.986;4.377;0.131;0;1;26.130;26.134;nan;nan;nan;137804;1;0;0;0;0;0;0
257;1;1;1;IDLE;0.000;0.000;1.000;20763.212327;20763.215223;20763.248110;20763.393687;809323;809323;809323;10117;22;12949168;12949208;100.000;873.583;873.583;6.789;7.454;3107.810;3.108;0.000;0.000;4.305;13.433;0.001;20.846;20.846;163.640;178.463;32.887;11.681;63.386;1.455;0.923;0.505;1.395;0.027;2.896;181.359;23896.836;132.489;99.156;96.146;99.156;0.002;0.324;4.361;0.131;0;1;32.719;32.720;nan;nan;nan;28200;1;0;0;0;0;0;0
258;1;1;1;IDLE;0.000;0.000;1.000;20763.338028;20763.341294;20763.374425;20763.512362;806066;806066;806066;10076;16;12897056;12897096;100.000;892.770;892.770;4.939;5.417;3095.303;3.010;0.000;0.000;4.303;13.454;0.001;20.767;20.767;156.622;171.069;33.131;12.140;62.680;1.441;0.919;0.525;1.390;0.028;3.265;174.334;23982.178;126.071;92.737;95.933;92.737;0.009;0.918;4.349;0.130;0;1;32.713;32.713;nan;nan;nan;20492;1;0;0;0;0;0;0
259;1;1;1;IDLE;0.000;0.000;1.000;20763.464460;20763.467578;20763.493249;20763.650288;803994;803994;803994;10050;17;12863904;12863944;100.000;874.607;874.607;5.210;5.719;3087.347;3.096;0.000;0.000;4.286;5.982;0.001;13.364;13.364;168.001;182.710;25.670;7.314;52.060;1.439;0.926;0.503;1.392;0.027;3.118;185.828;24086.770;126.284;92.951;95.747;92.951;0.002;0.691;4.335;0.130;0;1;25.093;25.094;nan;nan;nan;21620;1;0;0;0;0;0;0
260;1;1;1;IDLE;0.000;0.000;1.000;20763.595445;20763.598254;20763.630966;20763.778701;804675;804675;804675;10059;19;12874800;12874840;100.000;908.948;908.948;5.796;6.368;3089.962;3.015;0.000;0.000;4.286;13.394;0.001;20.695;20.695;166.283;180.447;32.712;11.469;63.265;1.446;0.918;0.504;1.393;0.026;2.809;183.256;24181.851;130.676;97.343;95.846;97.343;0.002;0.865;4.325;0.130;0;1;32.713;32.714;nan;nan;nan;24064;1;0;0;0;0;0;0
261;1;1;1;IDLE;0.000;0.000;1.000;20763.722794;20763.725939;20763.759389;20763.893255;803023;803023;803023;10038;20;12848368;12848408;100.000;870.696;870.696;6.203;6.805;3083.618;3.141;0.000;0.000;4.658;13.518;0.002;21.316;21.316;152.560;167.317;33.451;12.740;63.725;1.512;0.921;0.505;1.692;0.028;3.144;170.461;24263.071;127.684;94.351;95.753;94.351;0.002;0.515;4.414;0.132;0;1;32.827;32.828;nan;nan;nan;25756;1;0;0;0;0;0;0
262;1;1;1;IDLE;0.000;0.000;1.000;20763.845423;20763.848327;20763.874115;20764.019152;804900;804900;804900;10062;21;12878400;12878440;100.000;874.827;874.827;6.609;7.243;3090.826;3.211;0.000;0.000;4.423;5.958;0.001;13.592;13.592;156.103;170.825;25.788;7.957;52.708;1.566;0.920;0.505;1.406;0.026;2.904;173.729;24355.634;122.389;89.055;95.334;89.055;0.002;0.683;4.418;0.133;0;1;25.095;25.096;nan;nan;nan;27448;1;0;0;0;0;0;0
263;1;1;1;IDLE;0.000;0.000;1.000;20763.964587;20763.967388;20763.999854;20764.019190;801032;801032;801032;10013;22;12816512;12816552;100.000;904.613;904.613;6.970;7.635;3075.972;2.980;0.000;0.000;4.272;13.421;0.001;20.673;20.673;37.634;51.803;32.466;39.907;63.676;1.441;0.911;0.504;1.390;0.027;2.800;54.603;24322.339;119.060;85.727;94.734;85.727;0.002;0.603;4.384;0.132;0;1;32.716;32.717;nan;nan;nan;28952;1;0;0;0;0;0;0
264;1;1;1;IDLE;0.000;0.000;1.000;20764.089767;20764.092937;20764.126179;20764.266129;793638;793638;793638;9921;23;12698208;12698248;100.000;854.626;854.626;7.195;7.892;3047.580;3.076;0.000;0.000;4.351;13.452;0.002;20.879;20.879;158.333;173.192;33.241;12.055;62.810;1.444;0.995;0.496;1.390;0.027;3.170;176.362;24535.945;125.550;92.216;94.577;92.216;0.002;0.577;4.378;0.131;0;1;32.950;32.951;nan;nan;nan;29892;1;0;0;0;0;0;0
265;1;1;1;IDLE;0.000;0.000;1.000;20764.218785;20764.222038;20764.247030;20764.400212;801156;801156;801156;10015;23;12818496;12818536;100.000;875.002;875.002;7.060;7.756;3076.449;3.167;0.000;0.000;4.267;6.001;0.002;13.436;13.436;163.524;178.174;24.992;7.541;53.761;1.431;0.916;0.501;1.394;0.026;3.253;181.427;24636.694;129.101;95.767;94.651;95.767;0.002;0.071;4.353;0.131;0;1;25.097;25.098;nan;nan;nan;29328;1;0;0;0;0;0;0
266;1;1;1;IDLE;0.000;0.000;1.000;20764.345457;20764.348424;20764.380723;20764.525739;804749;804749;804749;10060;22;12875984;12876024;100.000;893.327;893.327;6.924;7.590;3090.246;2.978;0.000;0.000;4.282;13.400;0.002;20.660;20.660;162.901;177.315;32.299;11.652;63.965;1.439;0.924;0.497;1.395;0.027;2.967;180.282;24728.888;126.387;93.053;94.551;93.053;0.002;0.201;4.337;0.130;0;1;32.885;32.886;nan;nan;nan;28764;1;0;0;0;0;0;0
267;1;1;1;IDLE;0.000;0.000;1.000;20764.470408;20764.473302;20764.506248;20764.639008;805449;805449;805449;10069;22;12887184;12887224;100.000;871.389;871.389;6.789;7.454;3092.934;3.096;0.000;0.000;4.286;13.632;0.002;21.013;21.013;150.917;165.706;32.946;12.681;63.781;1.445;0.921;0.495;1.398;0.027;2.894;168.600;24808.824;124.877;91.544;94.363;91.544;0.009;0.229;4.327;0.130;0;1;33.120;33.121;nan;nan;nan;28200;1;0;0;0;0;0;0
268;1;1;1;IDLE;0.000;0.000;1.000;20764.591394;20764.594318;20764.619947;20764.786055;805329;805329;805329;10067;21;12885264;12885304;100.000;875.169;875.169;6.564;7.198;3092.473;3.074;0.000;0.000;4.325;6.047;0.001;13.446;13.446;177.013;191.737;25.628;7.013;52.467;1.478;0.922;0.507;1.392;0.027;2.924;194.661;24922.538;121.017;87.683;93.946;87.683;0.002;0.530;4.329;0.130;0;1;25.104;25.106;nan;nan;nan;27260;1;0;0;0;0;0;0
269;1;1;1;IDLE;0.000;0.000;1.000;20764.731554;20764.734374;20764.766579;20764.912292;805419;805419;805419;10068;21;12886704;12886744;100.000;914.125;914.125;6.564;7.198;3092.819;2.983;0.000;0.000;4.295;13.354;0.001;20.633;20.633;163.820;177.918;32.205;11.597;64.067;1.442;0.918;0.508;1.400;0.028;2.820;180.738;25015.441;140.056;106.722;94.744;106.722;0.002;0.455;4.323;0.130;0;1;32.828;32.828;nan;nan;nan;27260;1;0;0;0;0;0;0
270;1;1;1;IDLE;0.000;0.000;1.000;20764.856005;20764.859180;20764.892979;20765.024928;804474;804474;804474;10056;22;12871584;12871624;100.000;854.907;854.907;6.744;7.409;3089.190;3.184;0.000;0.000;4.291;13.459;0.001;20.935;20.935;150.691;165.748;33.799;12.631;61.940;1.437;0.919;0.502;1.408;0.026;3.176;168.923;25094.744;124.806;91.473;94.540;91.473;0.002;0.990;4.317;0.130;0;1;32.770;32.770;nan;nan;nan;28012;1;0;0;0;0;0;0
271;1;1;1;IDLE;0.000;0.000;1.000;20764.976380;20764.979334;20765.004854;20765.168787;796101;796101;796101;9952;103;12737616;12737656;100.000;888.823;888.823;32.508;35.700;3057.037;3.010;0.000;0.000;4.788;6.056;0.003;13.855;13.855;175.122;189.453;25.520;7.313;54.290;1.614;0.949;0.512;1.680;0.034;2.954;192.407;25205.270;120.154;86.821;94.057;86.821;0.002;0.341;4.441;0.133;0;1;26.126;26.128;nan;nan;nan;135360;1;0;0;0;0;0;0
272;1;1;1;IDLE;0.000;0.000;1.000;20765.114000;20765.116883;20765.149493;20765.300201;805073;805073;805073;10064;22;12881168;12881208;100.000;894.284;894.284;6.789;7.454;3091.490;3.004;0.000;0.000;4.297;13.373;0.001;20.674;20.674;168.914;183.318;32.610;11.278;63.398;1.446;0.915;0.502;1.408;0.027;2.883;186.201;25303.350;137.548;104.215;94.692;104.215;0.002;0.533;4.407;0.132;0;1;32.665;32.666;nan;nan;nan;28200;1;0;0;0;0;0;0
273;1;1;1;IDLE;0.000;0.000;1.000;20765.245314;20765.248480;20765.280877;20765.411797;797204;797204;797204;9966;18;12755264;12755304;100.000;908.595;908.595;5.661;6.202;3061.273;2.990;0.000;0.000;4.282;13.451;0.001;20.723;20.723;149.279;163.318;32.397;12.689;63.965;1.429;0.915;0.502;1.410;0.026;3.166;166.484;25381.613;131.597;98.264;94.915;98.264;0.002;0.623;4.378;0.131;0;1;32.773;32.774;nan;nan;nan;23500;1;0;0;0;0;0;0
274;1;1;1;IDLE;0.000;0.000;1.000;20765.364461;20765.367325;20765.392701;20765.541657;805139;805139;805139;10065;18;12882224;12882264;100.000;872.125;872.125;5.481;6.021;3091.743;3.114;0.000;0.000;4.457;5.996;0.002;13.567;13.567;159.562;174.333;25.376;7.782;53.463;1.562;0.946;0.509;1.411;0.029;2.864;177.197;25478.140;118.845;85.511;94.328;85.511;0.002;0.149;4.400;0.132;0;1;25.090;25.091;nan;nan;nan;22748;1;0;0;0;0;0;0
275;1;1;1;IDLE;0.000;0.000;1.000;20765.486281;20765.489356;20765.522344;20765.671959;808073;808073;808073;10101;20;12929168;12929208;100.000;892.671;892.671;6.248;6.851;3103.010;2.966;0.000;0.000;4.330;13.354;0.001;20.650;20.650;168.118;182.602;32.988;11.309;62.598;1.481;0.933;0.497;1.393;0.027;3.076;185.678;25575.108;122.032;88.698;93.976;88.698;0.002;0.817;4.385;0.132;0;1;32.665;32.665;nan;nan;nan;25944;1;0;0;0;0;0;0
276;1;1;1;IDLE;0.000;0.000;1.000;20765.616619;20765.619468;20765.652684;20765.797707;813584;813584;813584;10170;20;13017344;13017384;100.000;882.860;882.860;6.203;6.805;3124.172;3.222;0.000;0.000;4.321;13.389;0.002;20.932;20.932;163.494;178.238;33.215;11.744;63.020;1.467;0.928;0.508;1.391;0.028;2.850;181.088;25667.523;130.112;96.778;94.151;96.778;0.014;0.745;4.371;0.131;0;1;32.661;32.662;nan;nan;nan;25756;1;0;0;0;0;0;0
277;1;1;1;IDLE;0.000;0.000;1.000;20765.750239;20765.753076;20765.778555;20765.934634;812306;812306;812306;10154;23;12996896;12996936;100.000;862.199;862.199;7.015;7.711;3119.265;3.123;0.000;0.000;4.306;5.947;0.001;13.376;13.376;166.485;181.559;25.479;7.367;52.498;1.458;0.928;0.497;1.396;0.026;2.836;184.395;25771.117;133.607;100.274;94.534;100.274;0.002;0.149;4.357;0.131;0;1;25.096;25.097;nan;nan;nan;29140;1;0;0;0;0;0;0
278;1;1;1;IDLE;0.000;0.000;1.000;20765.879554;20765.882482;20765.915326;20766.062930;817500;817500;817500;10219;23;13080000;13080040;100.000;914.894;914.894;7.060;7.756;3139.210;3.021;0.000;0.000;4.351;13.417;0.001;20.789;20.789;166.150;180.447;32.843;11.521;63.297;1.483;0.933;0.511;1.398;0.027;2.929;183.376;25866.079;129.407;96.074;94.630;96.074;0.002;0.776;4.358;0.131;0;1;32.723;32.724;nan;nan;nan;29328;1;0;0;0;0;0;0
279;1;1;1;IDLE;0.000;0.000;1.000;20766.007306;20766.010265;20766.043631;20766.195636;824803;824803;824803;10311;24;13196848;13196888;100.000;869.973;869.973;7.331;8.058;3167.253;3.152;0.000;0.000;4.341;13.422;0.002;20.915;20.915;170.202;185.371;33.366;11.283;62.683;1.472;0.937;0.510;1.393;0.029;2.959;188.330;25965.452;127.782;94.449;94.619;94.449;0.002;0.431;4.356;0.131;0;1;32.718;32.719;nan;nan;nan;30456;1;0;0;0;0;0;0
280;1;1;1;IDLE;0.000;0.000;1.000;20766.148021;20766.151018;20766.176521;20766.327494;813944;813944;813944;10175;23;13023104;13023144;100.000;914.132;914.132;7.150;7.847;3125.555;3.023;0.000;0.000;4.348;5.986;0.002;13.357;13.357;162.230;176.476;25.504;7.569;52.373;1.473;0.933;0.508;1.408;0.026;2.997;179.473;26063.977;140.753;107.420;95.419;107.420;0.002;0.920;4.356;0.131;0;1;25.096;25.099;nan;nan;nan;29704;1;0;0;0;0;0;0
281;1;1;1;IDLE;0.000;0.000;1.000;20766.271869;20766.274711;20766.308202;20766.450845;815307;815307;815307;10192;23;13044912;13044952;100.000;870.351;870.351;7.240;7.937;3130.788;3.059;0.000;0.000;4.321;13.375;0.002;20.754;20.754;161.146;176.134;33.490;11.783;61.970;1.456;0.941;0.503;1.394;0.028;2.842;178.976;26153.994;123.693;90.360;95.103;90.360;0.002;0.804;4.350;0.130;0;1;32.665;32.665;nan;nan;nan;30080;1;0;0;0;0;0;0
282;1;1;1;IDLE;0.000;0.000;1.000;20766.395672;20766.398675;20766.431556;20766.563500;816329;816329;816329;10205;21;13061264;13061304;100.000;877.943;877.943;6.609;7.243;3134.713;3.169;0.000;0.000;4.371;13.443;0.002;20.982;20.982;149.948;164.826;32.882;12.730;63.811;1.489;0.932;0.510;1.413;0.027;3.003;167.828;26233.316;123.963;90.630;94.823;90.630;0.002;0.189;4.357;0.131;0;1;32.728;32.730;nan;nan;nan;27448;1;0;0;0;0;0;0
283;1;1;1;IDLE;0.000;0.000;1.000;20766.515601;20766.518487;20766.544379;20766.563562;813249;813249;813249;10166;21;13011984;13012024;100.000;855.123;855.123;6.654;7.288;3122.886;3.156;0.000;0.000;4.330;5.983;0.001;13.469;13.469;29.858;45.074;25.891;29.882;52.023;1.452;0.930;0.509;1.413;0.027;2.887;47.961;26200.044;119.813;86.480;94.302;86.480;0.002;0.358;4.353;0.131;0;1;25.100;25.101;nan;nan;nan;27636;1;0;0;0;0;0;0
284;1;1;1;IDLE;0.000;0.000;1.000;20766.637505;20766.640389;20766.673102;20766.821928;809333;809333;809333;10117;22;12949328;12949368;100.000;886.648;886.648;6.789;7.454;3107.848;3.061;0.000;0.000;4.506;13.424;0.002;20.991;20.991;166.934;181.539;32.713;11.563;64.167;1.649;0.928;0.502;1.397;0.031;2.884;184.422;26425.077;121.902;88.568;93.943;88.568;0.002;0.175;4.393;0.132;0;1;32.912;32.913;nan;nan;nan;28200;1;0;0;0;0;0;0
285;1;1;1;IDLE;0.000;0.000;1.000;20766.766456;20766.769352;20766.802587;20766.934050;815482;815482;815482;10194;22;13047712;13047752;100.000;864.005;864.005;6.970;7.635;3131.460;3.166;0.000;0.000;4.330;13.606;0.001;21.102;21.102;149.597;164.698;33.236;12.813;63.492;1.458;0.926;0.509;1.408;0.028;2.896;167.594;26503.866;128.963;95.629;94.049;95.629;0.009;0.189;4.380;0.131;0;1;32.944;32.945;nan;nan;nan;28952;1;0;0;0;0;0;0
286;1;1;1;IDLE;0.000;0.000;1.000;20766.884302;20766.887177;20766.913479;20767.099293;814633;814633;814633;10183;104;13034128;13034168;100.000;879.628;879.628;32.733;35.957;3128.200;3.112;0.000;0.000;4.293;6.221;0.003;13.626;13.626;197.298;212.116;26.301;6.424;51.806;1.458;0.920;0.499;1.390;0.026;2.875;214.991;26635.776;117.826;84.492;93.451;84.492;0.002;0.967;4.360;0.131;0;1;26.789;26.791;nan;nan;nan;136300;1;0;0;0;0;0;0
287;1;1;1;IDLE;0.000;0.000;1.000;20767.044217;20767.047055;20767.080027;20767.231710;814941;814941;814941;10187;22;13039056;13039096;100.000;896.642;896.642;6.879;7.545;3129.383;3.037;0.000;0.000;4.294;13.398;0.002;20.729;20.729;170.113;184.656;32.973;11.226;62.869;1.443;0.925;0.502;1.396;0.030;2.838;187.493;26734.860;159.877;126.544;95.520;126.544;0.002;0.735;4.346;0.130;0;1;32.661;32.662;nan;nan;nan;28576;1;0;0;0;0;0;0
288;1;1;1;IDLE;0.000;0.000;1.000;20767.176633;20767.179484;20767.212406;20767.363365;818847;818847;818847;10236;18;13101552;13101592;100.000;911.483;911.483;5.616;6.156;3144.382;3.043;0.000;0.000;4.312;13.467;0.002;20.822;20.822;169.507;183.881;32.922;11.324;63.247;1.475;0.919;0.500;1.393;0.026;2.851;186.731;26833.181;132.429;99.096;95.743;99.096;0.003;0.765;4.340;0.130;0;1;32.768;32.769;nan;nan;nan;23312;1;0;0;0;0;0;0
289;1;1;1;IDLE;0.000;0.000;1.000;20767.315128;20767.318138;20767.344244;20767.504237;824052;824052;824052;10301;16;13184832;13184872;100.000;839.504;839.504;5.029;5.508;3164.369;3.169;0.000;0.000;4.354;5.980;0.001;13.502;13.502;170.393;186.099;26.105;7.255;51.721;1.512;0.925;0.494;1.397;0.026;3.010;189.109;26940.719;138.654;105.321;96.342;105.321;0.002;0.064;4.346;0.130;0;1;25.097;25.099;nan;nan;nan;20868;1;0;0;0;0;0;0
290;1;1;1;IDLE;0.000;0.000;1.000;20767.449258;20767.452240;20767.484934;20767.627579;835458;835458;835458;10444;20;13367328;13367368;100.000;913.037;913.037;6.157;6.760;3208.168;3.198;0.000;0.000;4.401;13.358;0.002;20.957;20.957;160.699;175.340;32.694;11.952;64.099;1.515;0.945;0.504;1.409;0.028;2.982;178.322;27030.729;134.102;100.768;96.618;100.768;0.002;0.292;4.362;0.131;0;1;32.658;32.659;nan;nan;nan;25568;1;0;0;0;0;0;0
291;1;1;1;IDLE;0.000;0.000;1.000;20767.571275;20767.574191;20767.608292;20767.754275;819605;819605;819605;10246;20;13113680;13113720;100.000;856.922;856.922;6.338;6.941;3147.293;3.223;0.000;0.000;4.451;13.429;0.001;21.103;21.103;164.780;180.084;34.101;11.719;61.885;1.597;0.930;0.501;1.395;0.029;2.916;183.000;27124.091;121.951;88.618;96.118;88.618;0.002;0.915;4.386;0.132;0;1;32.713;32.714;nan;nan;nan;26320;1;0;0;0;0;0;0
292;1;1;1;IDLE;0.000;0.000;1.000;20767.706657;20767.709856;20767.735167;20767.944324;827799;827799;827799;10348;21;13244784;13244824;100.000;899.058;899.058;6.383;7.017;3178.758;3.086;0.000;0.000;4.339;5.989;0.001;13.414;13.414;219.736;234.468;25.312;5.721;52.997;1.470;0.934;0.516;1.392;0.026;3.199;237.667;27280.806;135.665;102.331;96.507;102.331;0.002;0.248;4.377;0.131;0;1;25.093;25.096;nan;nan;nan;26508;1;0;0;0;0;0;0
293;1;1;1;IDLE;0.000;0.000;1.000;20767.889224;20767.892096;20767.925015;20768.074631;830771;830771;830771;10385;22;13292336;13292376;100.000;894.252;894.252;6.834;7.500;3190.170;3.061;0.000;0.000;4.341;13.411;0.002;20.813;20.813;167.670;182.535;32.919;11.402;63.224;1.471;0.938;0.510;1.395;0.026;2.872;185.407;27377.780;182.240;148.907;99.782;148.907;0.002;0.300;4.370;0.131;0;1;32.717;32.717;nan;nan;nan;28388;1;0;0;0;0;0;0
294;1;1;1;IDLE;0.000;0.000;1.000;20768.018737;20768.021987;20768.055340;20768.182499;835004;835004;835004;10438;23;13360064;13360104;100.000;906.156;906.156;7.150;7.847;3206.425;3.089;0.000;0.000;4.379;13.432;0.001;20.900;20.900;145.768;160.512;33.353;13.021;62.663;1.503;0.943;0.504;1.404;0.025;3.250;163.762;27452.315;129.891;96.558;99.580;96.558;0.002;0.795;4.375;0.131;0;1;32.720;32.720;nan;nan;nan;29704;1;0;0;0;0;0;0
295;1;1;1;IDLE;0.000;0.000;1.000;20768.134195;20768.137165;20768.163112;20768.322148;814967;814967;814967;10188;23;13039472;13039512;100.000;860.570;860.570;7.105;7.801;3129.483;3.043;0.000;0.000;4.458;5.935;0.002;13.436;13.436;169.831;184.984;25.947;7.263;51.782;1.608;0.929;0.498;1.395;0.028;2.969;187.953;27558.631;115.178;81.844;98.472;81.844;0.002;0.400;4.398;0.132;0;1;25.319;25.320;nan;nan;nan;29516;1;0;0;0;0;0;0
296;1;1;1;IDLE;0.000;0.000;1.000;20768.266492;20768.269667;20768.302831;20768.452508;818656;818656;818656;10234;23;13098496;13098536;100.000;902.854;902.854;7.015;7.711;3143.649;3.050;0.000;0.000;4.345;13.345;0.002;20.740;20.740;168.333;182.841;33.164;11.343;62.538;1.468;0.940;0.505;1.407;0.026;3.175;186.016;27655.657;132.502;99.169;98.515;99.169;0.002;0.963;4.387;0.132;0;1;32.660;32.661;nan;nan;nan;29140;1;0;0;0;0;0;0
297;1;1;1;IDLE;0.000;0.000;1.000;20768.397309;20768.400390;20768.433208;20768.574191;819807;819807;819807;10248;22;13116912;13116952;100.000;882.807;882.807;6.699;7.364;3148.068;3.022;0.000;0.000;4.321;13.417;0.001;20.760;20.760;158.943;173.801;32.818;11.945;63.257;1.461;0.937;0.505;1.390;0.028;3.080;176.882;27744.007;130.723;97.389;98.445;97.389;0.002;0.219;4.377;0.131;0;1;32.714;32.715;nan;nan;nan;27824;1;0;0;0;0;0;0
298;1;1;1;IDLE;0.000;0.000;1.000;20768.526691;20768.529538;20768.555058;20768.708051;814766;814766;814766;10185;21;13036256;13036296;100.000;883.441;883.441;6.609;7.243;3128.711;3.126;0.000;0.000;4.333;5.965;0.002;13.424;13.424;163.756;178.512;25.519;7.520;52.602;1.459;0.938;0.505;1.405;0.027;2.847;181.359;27844.533;129.149;95.815;98.281;95.815;0.002;0.463;4.368;0.131;0;1;25.094;25.097;nan;nan;nan;27448;1;0;0;0;0;0;0
299;1;1;1;IDLE;0.000;0.000;1.000;20768.652950;20768.656037;20768.688769;20768.862426;809259;809259;809259;10116;22;12948144;12948184;100.000;893.126;893.126;6.879;7.545;3107.564;2.925;0.000;0.000;4.309;13.381;0.002;20.615;20.615;191.892;206.389;32.732;9.989;62.983;1.442;0.926;0.502;1.413;0.026;3.087;209.476;27965.576;126.499;93.165;97.961;93.165;0.002;0.541;4.356;0.131;0;1;32.660;32.661;nan;nan;nan;28576;1;0;0;0;0;0;0
300;1;1;1;IDLE;0.000;0.000;1.000;20768.808890;20768.811774;20768.841010;20768.886921;812212;812212;812212;10153;22;12995392;12995432;100.000;906.417;906.417;6.970;7.635;3118.904;2.762;0.000;0.000;4.389;10.260;0.001;17.411;17.411;60.810;75.147;29.236;23.169;59.552;1.531;0.926;0.493;1.412;0.027;2.884;78.031;27956.736;155.737;122.403;99.489;122.403;0.002;0.248;4.366;0.131;0;1;31.672;31.674;nan;nan;nan;28952;1;0;0;0;0;0;0
