frame_id;rx_complete;tx_complete;current_skip;yaw;pitch;zoom;camera_send_timestamp;recv_start_timestamp;node_exit_timestamp;original_points;rx_media_bytes;tx_points;rx_packets;tx_packets;payload_bytes;reference_size_bytes;data_integrity_pct;internal_throughput_mbs;reference_throughput_mbs;logical_bitrate_mbps;network_bitrate_mbps;reference_bitrate_mbps;arrived_points;eroded_points;valid_points;erosion_ms;reconstruction_ms;pose_ms;reconstruction_pipeline_ms;tx_duration_ms;active_tx_ms;active_process_ms;reference_process_ms;total_processing_ms;total_residency_ms;reference_residency_ms;node_efficiency_pct;reference_efficiency_pct;gpu_transfer_ms;gpu_copyback_ms;host_overhead_ms;camera_node_ms;e2e_latency_ms;schedule_delay_ms;inter_arrival_ms;instant_jitter_ms;desynced_jitter_ms;pose_control_ms;codec_queue_ms;frame_queue_ms;codec_backlog;decode_service_ms;decode_h265_ms;ffmpeg_write_calls;ffmpeg_write_failures;codec_queue_drops;tx_zero_accepts;tx_partial_accepts;tx_resubmit_calls;tx_resubmitted_packets;mbuf_starvation
1;1;1;1;0.000000;0.000000;1.000000;22446.667863;22446.732313;22446.864681;784142;142128;146318;108;1829;142128;154656;100.000;199.667;217.133;561.874;603.123;37.117;178911;159140;146318;0.215;0.124;0.077;3.788;1.090;0.058;29.180;28.013;132.346;132.368;131.261;22.045;21.341;1.357;0.190;1.825;64.449;196.818;132.368;0.000;0.000;0.000;0.000;0.022;0.000;46;24.302;127.450;10;0;0;0;0;0;0;0
2;1;1;1;0.000000;0.000000;1.000000;22446.700266;22446.766049;22446.904718;783406;28952;144182;22;1803;28952;31504;100.000;1082.394;1174.234;553.671;594.335;7.561;169393;156499;144182;0.212;0.124;0.078;2.301;1.761;0.094;44.893;43.054;117.404;138.669;136.873;32.374;31.456;1.516;0.247;0.125;65.783;204.452;139.072;33.736;0.402;0.025;0.000;21.265;0.000;22;40.831;113.304;1;0;0;0;0;0;0;0
3;1;1;1;0.000000;0.000000;1.000000;22446.734589;22446.799941;22446.932172;780200;22748;141754;18;1772;22748;24836;100.000;0.708;0.770;544.348;584.312;5.961;164369;153953;141754;0.222;0.127;0.078;2.711;1.511;0.430;31.528;29.939;132.136;132.231;130.698;23.843;22.907;1.510;0.186;0.588;65.353;197.583;133.192;33.893;0.559;0.059;0.000;0.095;0.000;17;27.306;127.891;2;0;0;0;0;0;0;0
4;1;1;1;0.000000;0.000000;1.000000;22446.769363;22446.832267;22446.963000;778467;22560;139430;18;1743;22560;24648;100.000;0.710;0.773;535.424;574.733;5.916;160176;150044;139430;0.216;0.121;0.077;2.398;1.338;0.079;35.046;33.631;130.695;130.734;129.372;26.807;25.995;1.617;0.279;0.087;62.904;193.638;130.688;32.326;1.008;0.118;0.000;0.039;0.000;17;31.310;126.934;2;0;0;0;0;0;0;0
5;1;1;1;0.000000;0.000000;1.000000;22446.803105;22446.864270;22446.999274;776427;22184;137802;17;1723;22184;24156;100.000;0.717;0.778;529.172;568.031;5.797;157416;147596;137802;0.245;0.115;0.071;4.846;1.500;0.436;40.011;38.441;134.978;135.004;133.487;29.637;28.798;1.783;1.196;1.437;61.165;196.169;133.628;32.003;1.330;0.194;0.000;0.026;0.000;10;33.666;128.613;3;0;0;0;0;0;0;0
6;1;1;1;0.000000;0.000000;1.000000;22446.835756;22446.895361;22447.036396;774893;24440;137230;19;1716;24440;26644;100.000;0.699;0.759;526.976;565.676;6.395;155704;146684;137230;0.202;0.117;0.070;2.127;1.466;0.078;43.452;41.917;140.900;141.035;139.540;30.810;30.039;1.458;0.187;0.095;59.605;200.639;137.416;31.091;2.242;0.322;0.000;0.135;0.000;19;39.859;137.276;2;0;0;0;0;0;0;0
7;1;1;1;0.000000;0.000000;1.000000;22446.868228;22446.930490;22447.064723;775949;24816;137590;19;1720;24816;27020;100.000;0.718;0.779;528.358;567.149;6.485;155769;147285;137590;0.213;0.120;0.076;2.234;1.384;0.388;31.915;30.456;134.202;134.233;132.819;23.776;22.930;1.432;0.280;0.113;62.262;196.495;132.410;35.129;1.796;0.414;0.000;0.031;0.001;10;28.297;130.551;4;0;0;0;0;0;0;0
8;1;1;1;0.000000;0.000000;1.000000;22446.902476;22446.965258;22447.097293;775463;26320;137746;20;1722;26320;28640;100.000;783.866;850.119;528.957;567.793;6.874;154945;147291;137746;0.215;0.119;0.073;2.774;0.997;0.060;36.197;35.128;131.997;132.035;131.022;27.415;26.811;1.459;0.180;0.729;62.783;194.817;131.647;34.768;1.435;0.478;0.000;0.038;0.000;20;32.426;128.208;1;0;0;0;0;0;0;0
9;1;1;1;0.000000;0.000000;1.000000;22446.935026;22446.998248;22447.132210;775698;26132;138024;20;1726;26132;28452;100.000;0.816;0.885;530.025;568.951;6.828;154624;147515;138024;0.215;0.118;0.072;2.472;1.168;0.072;38.670;37.430;133.928;133.962;132.772;28.866;28.191;1.614;0.183;0.271;63.222;197.184;133.230;32.990;0.344;0.469;0.000;0.034;0.000;16;35.030;130.255;3;0;0;0;0;0;0;0
10;1;1;1;0.000000;0.000000;1.000000;22446.968104;22447.030435;22447.164153;778020;25380;138278;20;1729;25380;27700;100.000;0.709;0.771;531.000;569.994;6.648;153992;146840;138278;0.190;0.110;0.068;2.233;1.446;0.373;35.581;34.067;133.704;133.719;132.252;26.609;25.759;1.463;0.287;0.115;62.331;196.049;131.841;32.187;1.147;0.512;0.000;0.015;0.001;10;31.902;130.001;4;0;0;0;0;0;0;0
11;1;1;1;0.000000;0.000000;1.000000;22447.001818;22447.066419;22447.197622;778554;24064;139114;19;1739;24064;26268;100.000;0.746;0.811;534.210;573.430;6.304;154581;147771;139114;0.199;0.112;0.069;2.962;0.918;0.059;37.141;36.155;131.158;131.202;130.262;28.308;27.755;1.389;0.196;0.998;64.601;195.804;131.976;35.985;2.651;0.645;0.000;0.044;0.000;18;33.261;127.254;2;0;0;0;0;0;0;0
12;1;1;1;0.000000;0.000000;1.000000;22447.036005;22447.098871;22447.234382;779986;25568;140496;20;1757;25568;27888;100.000;0.802;0.872;539.517;579.143;6.693;155588;149026;140496;0.232;0.109;0.067;2.264;1.183;0.354;40.637;39.387;135.490;135.511;134.304;29.988;29.327;1.430;0.190;0.237;62.866;198.376;135.402;32.452;0.882;0.660;0.000;0.021;0.000;15;37.190;132.018;3;0;0;0;0;0;0;0
13;1;1;1;0.000000;0.000000;1.000000;22447.067927;22447.130913;22447.263867;780926;26132;142868;20;1786;26132;28452;100.000;0.748;0.812;548.626;588.905;6.828;157785;151108;142868;0.199;0.111;0.070;2.392;1.347;0.078;32.929;31.512;132.943;132.954;131.583;24.767;23.948;1.637;0.285;0.091;62.986;195.940;131.554;32.042;1.292;0.700;0.000;0.011;0.000;17;29.189;129.179;3;0;0;0;0;0;0;0
14;1;1;1;0.000000;0.000000;1.000000;22447.101741;22447.166014;22447.298170;782770;26696;144928;21;1812;26696;29132;100.000;0.819;0.890;556.536;597.402;6.992;159421;153009;144928;0.228;0.111;0.069;3.061;1.229;0.082;38.041;36.744;132.113;132.156;130.904;28.785;28.069;1.415;0.215;1.023;64.273;196.429;132.524;35.101;1.768;0.766;0.000;0.043;0.000;20;33.752;127.799;2;0;0;0;0;0;0;0
15;1;1;1;0.000000;0.000000;1.000000;22447.135219;22447.198798;22447.334296;784474;27072;146044;21;1826;27072;29508;100.000;0.840;0.912;560.821;602.004;7.082;159965;153314;146044;0.215;0.104;0.066;4.361;1.803;0.473;40.409;38.541;135.466;135.497;133.670;29.823;28.833;1.478;1.215;1.282;63.580;199.077;135.316;32.784;0.549;0.753;0.000;0.031;0.000;12;34.246;129.275;4;0;0;0;0;0;0;0
16;1;1;1;0.000000;0.000000;1.000000;22447.167909;22447.231233;22447.364660;785193;131788;145822;101;1823;131788;143504;100.000;3.790;4.125;559.969;601.083;34.441;177968;156948;145822;0.198;0.109;0.070;2.538;1.243;0.065;36.527;35.215;133.400;133.428;132.163;27.376;26.645;1.600;0.191;0.371;63.323;196.751;132.347;32.434;0.899;0.762;0.000;0.028;0.000;78;32.747;129.596;5;0;0;0;0;0;0;0
17;1;1;1;0.000000;0.000000;1.000000;22447.201514;22447.266097;22447.397610;782720;28952;144126;22;1802;28952;31504;100.000;441.827;479.316;553.456;594.097;7.561;169127;155796;144126;0.190;0.112;0.070;2.361;2.323;0.740;36.727;34.335;131.462;131.512;129.168;27.927;26.582;1.598;0.291;0.100;64.583;196.096;131.964;34.865;1.532;0.810;0.000;0.050;0.000;15;32.044;126.755;2;0;0;0;0;0;0;0
18;1;1;1;0.000000;0.000000;1.000000;22447.235436;22447.297423;22447.431202;781613;23124;141930;18;1775;23124;25212;100.000;0.654;0.711;545.024;585.055;6.051;164376;152343;141930;0.192;0.111;0.067;2.544;1.129;0.062;38.271;37.076;133.757;133.779;132.626;28.608;27.955;1.581;0.186;0.408;61.987;195.766;132.222;31.326;2.008;0.885;0.000;0.022;0.000;12;34.598;130.059;3;0;0;0;0;0;0;0
19;1;1;1;0.000000;0.000000;1.000000;22447.267893;22447.333044;22447.463151;780006;22372;139740;17;1747;22372;24344;100.000;394.581;427.679;536.614;576.014;5.843;160684;150225;139740;0.190;0.111;0.068;2.415;1.220;0.070;35.604;34.317;130.069;130.106;128.856;27.366;26.632;1.669;0.276;0.102;65.152;195.258;130.838;35.621;2.288;0.973;0.000;0.037;0.000;10;31.969;126.394;2;0;0;0;0;0;0;0
20;1;1;1;0.000000;0.000000;1.000000;22447.301811;22447.364476;22447.498150;780302;22936;138346;18;1730;22936;25024;100.000;0.648;0.704;531.261;570.277;6.006;157894;148300;138346;0.239;0.111;0.068;2.458;1.509;0.441;38.636;37.059;133.640;133.674;132.139;28.903;28.046;1.703;0.238;0.100;62.665;196.339;132.504;31.431;1.902;1.031;0.000;0.034;0.000;11;34.669;129.646;3;0;0;0;0;0;0;0
21;1;1;1;0.000000;0.000000;1.000000;22447.334857;22447.400078;22447.532448;779066;24816;137844;19;1724;24816;27020;100.000;0.808;0.877;529.333;568.214;6.485;156303;147479;137844;1.159;0.109;0.067;4.235;1.207;0.068;38.272;36.998;132.333;132.370;131.147;28.913;28.211;1.665;0.180;1.056;65.221;197.591;133.468;35.603;2.269;1.108;0.000;0.036;0.000;15;32.830;126.873;5;0;0;0;0;0;0;0
22;1;1;1;0.000000;0.000000;1.000000;22447.368505;22447.430936;22447.566003;778280;25004;138092;19;1727;25004;27208;100.000;653.908;709.052;530.286;569.234;6.530;156434;148303;138092;0.189;0.106;0.068;2.139;1.634;0.375;38.993;37.292;135.049;135.067;133.417;28.870;27.951;1.462;0.201;0.113;62.432;197.498;133.690;30.858;2.475;1.194;0.000;0.018;0.001;14;35.220;131.258;2;0;0;0;0;0;0;0
23;1;1;1;0.000000;0.000000;1.000000;22447.401607;22447.465488;22447.597037;778907;25944;138240;20;1728;25944;28264;100.000;0.771;0.837;530.854;569.825;6.783;155826;148511;138240;0.194;0.104;0.065;2.394;0.981;0.060;34.799;33.754;131.514;131.548;130.548;26.453;25.855;1.782;0.181;0.067;63.881;195.430;131.390;34.552;1.218;1.195;0.000;0.034;0.000;11;31.424;128.119;3;0;0;0;0;0;0;0
24;1;1;1;0.000000;0.000000;1.000000;22447.434802;22447.499320;22447.631913;779289;23876;138556;19;1732;23876;26080;100.000;0.755;0.822;532.068;571.129;6.259;155133;147900;138556;0.190;0.109;0.065;2.832;0.780;0.049;38.251;37.407;132.566;132.593;131.796;28.849;28.382;1.451;0.184;0.834;64.518;197.111;132.934;33.832;0.499;1.152;0.000;0.027;0.000;17;34.639;128.936;2;0;0;0;0;0;0;0
25;1;1;1;0.000000;0.000000;1.000000;22447.468902;22447.531093;22447.663896;779739;25192;138952;20;1737;25192;27512;100.000;0.702;0.764;533.588;572.762;6.603;154951;148061;138952;0.232;0.108;0.068;2.232;1.755;0.742;35.586;33.763;132.788;132.803;131.024;26.796;25.769;1.440;0.285;0.101;62.191;194.994;131.584;31.773;1.560;1.177;0.000;0.015;0.000;10;31.598;128.776;5;0;0;0;0;0;0;0
26;1;1;1;0.000000;0.000000;1.000000;22447.501080;22447.567192;22447.699051;779364;26508;139454;21;1744;26508;28944;100.000;0.860;0.936;535.516;574.848;6.947;155091;148214;139454;0.195;0.108;0.067;2.550;1.088;0.073;39.139;37.985;131.842;131.859;130.747;29.683;29.052;1.601;0.184;0.396;66.112;197.971;133.405;36.099;2.766;1.276;0.000;0.017;0.000;16;35.502;128.179;3;0;0;0;0;0;0;0
27;1;1;1;0.000000;0.000000;1.000000;22447.535177;22447.598198;22447.730670;780025;26132;140520;20;1757;26132;28452;100.000;0.801;0.869;539.609;579.235;6.828;155666;148911;140520;0.261;0.112;0.068;2.251;1.780;0.565;35.237;33.390;132.434;132.472;130.653;26.600;25.556;1.423;0.273;0.115;63.020;195.492;131.690;31.005;2.328;1.342;0.000;0.038;0.001;17;31.206;128.362;4;0;0;0;0;0;0;0
28;1;1;1;0.000000;0.000000;1.000000;22447.567785;22447.630980;22447.764924;780373;26696;141820;21;1773;26696;29132;100.000;0.773;0.841;544.601;584.588;6.992;156450;150058;141820;0.235;0.112;0.067;3.261;1.136;0.061;38.296;37.093;133.929;133.944;132.783;28.591;27.935;1.409;0.187;1.252;63.195;197.139;132.611;32.782;0.551;1.293;0.000;0.015;0.000;17;33.898;129.505;3;0;0;0;0;0;0;0
29;1;1;1;0.000000;0.000000;1.000000;22447.601613;22447.665685;22447.799455;781651;28012;143812;22;1798;28012;30564;100.000;0.876;0.953;552.251;592.801;7.335;158178;151821;143812;0.195;0.110;0.067;2.629;1.676;0.527;38.919;37.176;133.720;133.769;132.070;29.094;28.149;1.550;0.189;0.520;64.072;197.841;133.809;34.706;1.372;1.298;0.000;0.049;0.000;21;34.614;129.382;2;0;0;0;0;0;0;0
30;1;1;1;0.000000;0.000000;1.000000;22447.634977;22447.697793;22447.829909;781375;26508;144756;21;1810;26508;28944;100.000;0.766;0.834;555.876;596.697;6.947;158959;152458;144756;0.197;0.110;0.069;2.206;1.560;0.101;34.751;33.122;131.960;132.116;130.526;26.304;25.376;1.442;0.283;0.106;62.816;194.932;130.930;32.108;1.225;1.293;0.000;0.156;0.000;19;30.985;128.163;2;0;0;0;0;0;0;0
31;1;1;1;0.000000;0.000000;1.000000;22447.668110;22447.732593;22447.865400;784392;130660;143948;100;1800;130660;142260;100.000;4.151;4.516;552.773;593.368;34.142;176776;155937;143948;0.187;0.108;0.063;2.384;1.250;0.346;39.268;37.954;132.774;132.807;131.541;29.568;28.853;1.742;0.188;0.096;64.483;197.290;133.087;34.800;1.467;1.304;0.000;0.033;0.000;40;35.634;129.122;7;0;0;0;0;0;0;0
32;1;1;1;0.000000;0.000000;1.000000;22447.701792;22447.764180;22447.896249;782671;28576;141972;22;1775;28576;31128;100.000;0.858;0.932;545.185;585.216;7.471;167802;154013;141972;0.192;0.110;0.067;2.209;1.540;0.100;34.471;32.865;132.036;132.069;130.505;26.101;25.183;1.434;0.295;0.111;62.388;194.457;130.603;31.586;1.747;1.332;0.000;0.033;0.000;10;30.722;128.261;4;0;0;0;0;0;0;0
33;1;1;1;0.000000;0.000000;1.000000;22447.734555;22447.797599;22447.929610;776999;23688;139814;18;1748;23688;25776;100.000;0.686;0.744;536.898;576.321;6.186;162473;151153;139814;0.239;0.112;0.070;2.452;1.184;0.071;37.096;35.842;131.977;132.010;130.792;28.101;27.404;1.633;0.286;0.113;63.044;195.054;130.630;33.419;0.086;1.254;0.000;0.034;0.000;15;33.460;128.304;3;0;0;0;0;0;0;0
34;1;1;1;0.000000;0.000000;1.000000;22447.768127;22447.832296;22447.966906;778650;23124;137648;18;1721;23124;25212;100.000;0.736;0.800;528.581;567.394;6.051;157983;147475;137648;0.195;0.105;0.062;4.597;1.990;0.567;40.936;38.883;134.564;134.610;132.594;30.410;29.325;1.745;1.200;1.289;64.169;198.778;134.593;34.696;1.363;1.261;0.000;0.046;0.000;18;34.349;127.949;2;0;0;0;0;0;0;0
35;1;1;1;0.000000;0.000000;1.000000;22447.801848;22447.863865;22448.000540;778007;22936;137154;18;1715;22936;25024;100.000;0.662;0.720;526.684;565.362;6.006;156457;146475;137154;0.189;0.106;0.063;4.550;1.469;0.084;40.212;38.680;136.657;136.675;135.174;29.422;28.615;1.712;1.203;1.276;62.016;198.692;134.894;31.569;1.764;1.292;0.000;0.019;0.000;9;34.193;130.604;4;0;0;0;0;0;0;0
36;1;1;1;0.000000;0.000000;1.000000;22447.834964;22447.898687;22448.034962;776483;25004;138046;19;1726;25004;27208;100.000;0.771;0.836;530.109;569.035;6.530;155937;147008;138046;0.195;0.108;0.063;4.933;2.232;0.574;40.441;38.146;136.238;136.275;134.015;29.676;28.464;1.636;1.215;1.716;63.723;199.998;135.983;34.822;1.489;1.304;0.000;0.037;0.000;18;33.276;129.043;2;0;0;0;0;0;0;0
37;1;1;1;0.000000;0.000000;1.000000;22447.868226;22447.931281;22448.067411;781287;26508;139346;21;1742;26508;28944;100.000;0.769;0.837;535.101;574.388;6.947;157460;149487;139346;0.186;0.105;0.066;2.354;1.337;0.076;39.606;38.204;136.095;136.130;134.761;29.094;28.349;1.436;0.186;0.375;63.054;199.185;135.098;32.594;0.739;1.269;0.000;0.035;0.000;15;35.915;132.370;3;0;0;0;0;0;0;0
38;1;1;1;0.000000;0.000000;1.000000;22447.901430;22447.965854;22448.097884;780329;27824;141098;22;1764;27824;30376;100.000;0.827;0.900;541.829;581.612;7.290;157637;150141;141098;0.185;0.108;0.066;2.416;1.617;0.438;34.168;32.486;131.980;132.030;130.387;25.879;24.915;1.639;0.285;0.133;64.424;196.455;132.238;34.573;1.240;1.267;0.000;0.050;0.000;14;30.136;127.920;3;0;0;0;0;0;0;0
39;1;1;1;0.000000;0.000000;1.000000;22447.934884;22447.999677;22448.133344;780785;28952;142238;22;1778;28952;31504;100.000;0.850;0.922;546.206;586.306;7.561;158178;150818;142238;0.185;0.106;0.066;2.835;1.268;0.074;39.473;38.139;133.637;133.667;132.365;29.531;28.814;1.397;0.213;0.867;64.792;198.459;134.364;33.822;0.489;1.219;0.000;0.030;0.000;16;35.370;129.491;3;0;0;0;0;0;0;0
40;1;1;1;0.000000;0.000000;1.000000;22447.968644;22448.034024;22448.163493;785430;29892;143844;23;1799;29892;32560;100.000;0.967;1.050;552.373;592.946;7.814;159340;152098;143844;0.180;0.109;0.070;2.137;1.789;0.110;34.248;32.390;129.228;129.469;127.645;26.453;25.375;1.395;0.289;0.095;65.381;194.850;131.180;34.348;1.014;1.206;0.000;0.242;0.000;23;30.322;125.265;2;0;0;0;0;0;0;0
41;1;1;1;0.000000;0.000000;1.000000;22448.001778;22448.065126;22448.200379;789479;31208;146416;24;1831;31208;33992;100.000;0.903;0.981;562.250;603.545;8.158;161458;154259;146416;0.244;0.110;0.066;3.624;1.428;0.464;40.825;39.331;135.240;135.253;133.806;30.184;29.394;1.453;0.201;1.550;63.348;198.601;134.733;31.101;2.232;1.270;0.000;0.013;0.000;16;35.772;130.167;3;0;0;0;0;0;0;0
42;1;1;1;0.000000;0.000000;1.000000;22448.035684;22448.099856;22448.230827;789348;31584;148106;24;1852;31584;34368;100.000;1.043;1.132;568.740;610.508;8.248;163190;156459;148106;0.191;0.109;0.070;2.409;1.400;0.087;35.495;34.026;130.855;130.971;129.550;27.101;26.264;1.639;0.308;0.092;64.172;195.143;131.848;34.730;1.397;1.278;0.000;0.116;0.000;23;31.687;127.023;2;0;0;0;0;0;0;0
43;1;1;1;0.000000;0.000000;1.000000;22448.068837;22448.130283;22448.264706;792714;31772;149298;25;1867;31772;34672;100.000;0.885;0.963;573.317;615.424;8.321;164183;157597;149298;0.193;0.112;0.069;2.861;1.235;0.203;37.683;36.380;134.405;134.423;133.165;28.033;27.319;1.603;0.195;0.690;61.446;195.869;132.393;30.427;2.907;1.380;0.000;0.018;0.000;16;33.587;130.286;3;0;0;0;0;0;0;0
44;1;1;1;0.000000;0.000000;1.000000;22448.101464;22448.166375;22448.297731;790865;31772;150365;25;1880;31772;34672;100.000;1.016;1.105;577.414;619.814;8.321;165393;158411;150365;0.235;0.115;0.070;2.502;1.438;0.380;37.114;35.606;131.327;131.356;129.891;28.254;27.412;1.660;0.308;0.115;64.911;196.267;132.085;36.092;2.759;1.466;0.000;0.029;0.000;16;33.174;127.358;4;0;0;0;0;0;0;0
45;1;1;1;0.000000;0.000000;1.000000;22448.135578;22448.197807;22448.333299;787976;32148;151606;25;1896;32148;35048;100.000;0.919;0.999;582.180;624.941;8.412;166115;159428;151606;0.223;0.110;0.067;4.566;1.554;0.091;39.503;37.882;135.449;135.492;133.910;29.155;28.289;1.634;1.222;1.311;62.230;197.722;134.320;31.432;1.901;1.493;0.000;0.042;0.000;14;33.382;129.300;3;0;0;0;0;0;0;0
46;1;1;1;0.000000;0.000000;1.000000;22448.167755;22448.233004;22448.369081;789717;145888;151650;111;1896;145888;158764;100.000;4.613;5.018;582.348;625.110;38.103;188890;165163;151650;0.188;0.109;0.068;3.297;1.874;0.581;41.900;39.959;136.049;136.077;134.177;30.791;29.780;1.557;0.207;1.170;65.250;201.326;136.768;35.197;1.864;1.516;0.000;0.028;0.000;39;36.729;130.850;5;0;0;0;0;0;0;0
47;1;1;1;0.000000;0.000000;1.000000;22448.202191;22448.264774;22448.397511;784950;30080;150558;23;1882;30080;32748;100.000;0.882;0.957;578.155;620.601;7.860;179115;163191;150558;0.191;0.113;0.071;2.207;1.495;0.091;33.595;32.030;132.715;132.737;131.214;25.310;24.410;1.432;0.295;0.106;62.583;195.319;131.864;31.770;1.564;1.519;0.000;0.022;0.000;18;29.893;128.983;3;0;0;0;0;0;0;0
48;1;1;1;0.000000;0.000000;1.000000;22448.234482;22448.299041;22448.431040;781130;24628;148538;19;1857;24628;26832;100.000;0.745;0.809;570.398;612.280;6.440;174491;161518;148538;0.199;0.112;0.069;2.652;1.364;0.354;37.241;35.809;131.989;131.999;130.620;28.213;27.415;1.528;0.193;0.552;64.559;196.558;132.061;34.267;0.934;1.483;0.000;0.010;0.000;13;33.225;127.956;3;0;0;0;0;0;0;0
49;1;1;1;0.000000;0.000000;1.000000;22448.268493;22448.332332;22448.463819;780468;24628;147276;19;1841;24628;26832;100.000;0.757;0.822;565.552;607.073;6.440;169683;158314;147276;0.193;0.109;0.068;2.564;1.460;0.093;36.769;35.241;131.448;131.487;129.998;27.964;27.109;1.800;0.296;0.100;63.839;195.326;131.506;33.291;0.043;1.393;0.000;0.039;0.000;12;32.745;127.384;4;0;0;0;0;0;0;0
50;1;1;1;0.000000;0.000000;1.000000;22448.301429;22448.365036;22448.498812;783376;25004;146748;19;1835;25004;27208;100.000;720.486;781.245;563.525;604.910;6.530;166714;156688;146748;0.203;0.112;0.068;2.383;1.232;0.416;39.026;37.727;133.736;133.776;132.528;29.173;28.467;1.659;0.191;0.152;63.607;197.383;133.166;32.704;0.629;1.345;0.000;0.040;0.000;19;35.411;130.103;1;0;0;0;0;0;0;0
51;1;1;1;0.000000;0.000000;1.000000;22448.335902;22448.400026;22448.530247;787237;29516;145970;23;1825;29516;32184;100.000;0.944;1.027;560.537;601.697;7.724;163927;154647;145970;0.190;0.110;0.070;2.200;1.630;0.109;35.033;33.333;130.181;130.222;128.559;26.902;25.928;1.431;0.288;0.111;64.123;194.345;131.268;34.990;1.657;1.364;0.000;0.041;0.000;17;31.203;126.318;3;0;0;0;0;0;0;0
52;1;1;1;0.000000;0.000000;1.000000;22448.369361;22448.431432;22448.566422;787734;31020;147302;24;1842;31020;33804;100.000;0.901;0.979;565.652;607.195;8.113;163921;154970;147302;0.194;0.112;0.068;4.587;1.710;0.460;40.011;38.234;134.950;134.990;133.259;29.640;28.691;1.642;1.219;1.353;62.071;197.061;134.109;31.407;1.927;1.400;0.000;0.039;0.001;17;33.715;128.630;3;0;0;0;0;0;0;0
53;1;1;1;0.000000;0.000000;1.000000;22448.400921;22448.466034;22448.598737;787059;31396;148046;24;1851;31396;34180;100.000;0.995;1.080;568.509;610.255;8.203;163880;155377;148046;0.415;0.110;0.071;2.935;1.696;0.101;38.582;36.815;132.649;132.703;130.962;29.074;28.111;1.880;0.335;0.125;65.113;197.816;133.091;34.602;1.269;1.391;0.000;0.054;0.001;23;33.950;127.970;2;0;0;0;0;0;0;0
54;1;1;1;0.000000;0.000000;1.000000;22448.434984;22448.497686;22448.631593;786051;30832;148712;24;1859;30832;33616;100.000;0.883;0.960;571.067;612.993;8.068;163752;156015;148712;0.199;0.113;0.069;2.632;1.075;0.060;37.499;36.355;133.870;133.907;132.803;28.004;27.375;1.559;0.200;0.492;62.702;196.609;132.614;31.652;1.682;1.410;0.000;0.037;0.000;23;33.792;130.133;2;0;0;0;0;0;0;0
55;1;1;1;0.000000;0.000000;1.000000;22448.467920;22448.532774;22448.667200;796213;30268;148706;23;1859;30268;32936;100.000;656.062;711.822;571.044;612.970;7.905;163350;156198;148706;0.236;0.109;0.067;4.587;1.684;0.418;39.315;37.564;134.370;134.427;132.718;29.246;28.304;1.651;1.214;1.311;64.853;199.280;134.888;35.088;1.755;1.431;0.000;0.056;0.000;23;33.044;128.072;1;0;0;0;0;0;0;0
56;1;1;1;0.000000;0.000000;1.000000;22448.501621;22448.565286;22448.701161;790191;29892;148654;23;1859;29892;32560;100.000;0.848;0.921;570.844;612.770;7.814;162711;155789;148654;0.226;0.106;0.069;3.569;1.155;0.066;40.233;39.009;135.828;135.875;134.701;29.610;28.960;1.695;0.195;1.277;63.665;199.540;135.515;32.512;0.821;1.393;0.000;0.046;0.000;22;35.509;131.084;2;0;0;0;0;0;0;0
57;1;1;1;0.000000;0.000000;1.000000;22448.534577;22448.600725;22448.731509;798808;30644;148762;24;1860;30644;33428;100.000;0.975;1.060;571.259;613.208;8.023;162756;155654;148762;0.190;0.113;0.068;2.327;1.572;0.451;35.063;33.424;130.694;130.783;129.189;26.810;25.872;1.622;0.235;0.101;66.148;196.932;132.529;35.440;2.106;1.438;0.000;0.090;0.000;24;31.164;126.769;2;0;0;0;0;0;0;0
58;1;1;1;0.000000;0.000000;1.000000;22448.568920;22448.632341;22448.766995;797924;30832;149280;24;1866;30832;33616;100.000;0.910;0.989;573.248;615.332;8.068;163186;156181;149280;0.174;0.105;0.066;3.393;1.317;0.079;39.378;37.995;134.615;134.654;133.311;29.244;28.501;1.444;0.200;1.404;63.421;198.075;134.682;31.615;1.718;1.455;0.000;0.039;0.001;16;34.668;129.878;4;0;0;0;0;0;0;0
59;1;1;1;0.000000;0.000000;1.000000;22448.601238;22448.666333;22448.798174;794477;30644;149798;24;1873;30644;33428;100.000;0.955;1.038;575.237;617.479;8.023;163385;156786;149798;0.194;0.112;0.070;2.278;1.505;0.364;35.873;34.298;131.775;131.841;130.300;27.209;26.322;1.465;0.306;0.131;65.095;196.936;132.528;33.992;0.659;1.405;0.000;0.066;0.000;23;32.090;127.952;2;0;0;0;0;0;0;0
60;1;1;1;0.000000;0.000000;1.000000;22448.634840;22448.698619;22448.831031;789053;30456;150698;24;1884;30456;33240;100.000;0.901;0.980;578.693;621.183;7.978;164074;157604;150698;0.192;0.114;0.071;2.854;0.998;0.062;36.644;35.576;132.387;132.412;131.396;27.675;27.076;1.444;0.198;0.835;63.779;196.191;132.051;32.286;1.047;1.383;0.000;0.025;0.000;17;32.793;128.506;3;0;0;0;0;0;0;0
61;1;1;1;0.000000;0.000000;1.000000;22448.668384;22448.732648;22448.864426;783874;143444;149328;109;1867;143444;156088;100.000;128.476;139.714;573.432;615.539;37.461;186216;162709;149328;0.190;0.110;0.068;2.219;1.974;0.472;37.237;35.195;131.738;131.778;129.778;28.257;27.119;1.445;0.310;0.098;64.264;196.042;132.113;34.029;0.695;1.340;0.000;0.040;0.000;41;33.043;127.517;4;0;0;0;0;0;0;0
62;1;1;1;0.000000;0.000000;1.000000;22448.702261;22448.764754;22448.897710;782785;28576;146986;22;1838;28576;31128;100.000;0.820;0.891;564.439;605.892;7.471;175811;160606;146986;0.194;0.111;0.070;2.624;1.156;0.066;37.481;36.255;132.935;132.956;131.781;28.190;27.512;1.554;0.193;0.503;62.493;195.449;132.064;32.106;1.227;1.333;0.000;0.021;0.000;15;33.700;129.134;5;0;0;0;0;0;0;0
63;1;1;1;0.000000;0.000000;1.000000;22448.734315;22448.799765;22448.931564;782791;23124;145010;18;1813;23124;25212;100.000;0.770;0.836;556.851;597.740;6.051;170311;157273;145010;0.192;0.110;0.071;2.288;1.667;0.402;37.617;35.879;131.773;131.799;130.098;28.541;27.579;1.484;0.320;0.111;65.450;197.249;132.585;35.011;1.678;1.355;0.000;0.026;0.000;10;33.663;127.783;3;0;0;0;0;0;0;0
64;1;1;1;0.000000;0.000000;1.000000;22448.768663;22448.829950;22448.964201;782127;22184;143356;17;1792;22184;24156;100.000;0.610;0.661;550.500;590.915;5.797;165342;154121;143356;0.199;0.111;0.068;2.606;1.048;0.063;36.598;35.482;134.212;134.250;133.178;27.261;26.642;1.568;0.189;0.472;61.287;195.537;131.888;30.185;3.148;1.467;0.000;0.038;0.000;14;32.943;130.532;3;0;0;0;0;0;0;0
65;1;1;1;0.000000;0.000000;1.000000;22448.801062;22448.866550;22448.999976;785507;22936;142428;18;1781;22936;25024;100.000;0.744;0.808;546.936;587.103;6.006;163256;152932;142428;0.846;0.111;0.067;5.247;1.692;0.092;39.427;37.668;133.386;133.426;131.711;29.550;28.599;1.718;1.209;1.297;65.488;198.914;134.330;36.599;3.266;1.579;0.000;0.041;0.000;17;32.487;126.421;2;0;0;0;0;0;0;0
66;1;1;1;0.000000;0.000000;1.000000;22448.835396;22448.897594;22449.031236;789017;24252;142296;19;1779;24252;26456;100.000;0.687;0.746;546.429;586.551;6.349;161217;152060;142296;0.192;0.111;0.070;2.204;1.687;0.611;38.189;36.432;133.608;133.642;131.925;28.575;27.616;1.439;0.276;0.116;62.198;195.840;132.257;31.044;2.289;1.623;0.000;0.034;0.000;10;34.298;129.685;4;0;0;0;0;0;0;0
67;1;1;1;0.000000;0.000000;1.000000;22448.867547;22448.933107;22449.063887;789641;25756;142550;20;1782;25756;28076;100.000;0.819;0.889;547.404;587.594;6.738;160619;151848;142550;0.193;0.111;0.068;2.351;1.056;0.065;36.549;35.426;130.740;130.781;129.705;27.947;27.313;1.714;0.193;0.073;65.560;196.340;131.574;35.513;2.179;1.658;0.000;0.041;0.000;19;33.142;127.312;2;0;0;0;0;0;0;0
68;1;1;1;0.000000;0.000000;1.000000;22448.901582;22448.964725;22449.101548;784718;26320;142638;20;1783;26320;28640;100.000;497.133;539.151;547.742;587.954;6.874;160187;151982;142638;0.185;0.106;0.066;2.748;1.769;0.561;41.061;39.227;136.780;136.823;135.031;30.011;29.051;1.413;0.194;0.784;63.142;199.965;135.902;31.618;1.715;1.662;0.000;0.043;0.000;17;36.545;132.239;3;0;0;0;0;0;0;0
69;1;1;1;0.000000;0.000000;1.000000;22448.934503;22448.998864;22449.130693;778159;27448;142942;21;1787;27448;29884;100.000;0.798;0.867;548.910;589.212;7.172;159755;152113;142942;0.189;0.110;0.069;2.163;1.525;0.096;33.656;32.063;131.767;131.829;130.278;25.530;24.611;1.411;0.279;0.107;64.362;196.190;131.714;34.140;0.806;1.608;0.000;0.062;0.000;20;29.968;128.051;2;0;0;0;0;0;0;0
70;1;1;1;0.000000;0.000000;1.000000;22448.968155;22449.033423;22449.164559;776327;28200;143886;22;1799;28200;30752;100.000;0.905;0.984;552.535;593.108;7.380;160023;152604;143886;0.201;0.111;0.068;2.528;1.356;0.384;37.549;36.125;131.088;131.136;129.760;28.633;27.840;1.724;0.189;0.236;65.268;196.404;132.246;34.559;1.225;1.584;0.000;0.047;0.000;21;33.665;127.175;2;0;0;0;0;0;0;0
71;1;1;1;0.000000;0.000000;1.000000;22449.002893;22449.064719;22449.197600;786883;29704;145096;23;1814;29704;32372;100.000;0.902;0.980;557.181;598.092;7.769;161097;153857;145096;0.189;0.108;0.067;2.194;1.524;0.083;36.906;35.315;132.848;132.881;131.320;27.773;26.892;1.436;0.282;0.113;61.826;194.707;131.954;31.296;2.037;1.613;0.000;0.033;0.000;11;33.187;129.092;4;0;0;0;0;0;0;0
72;1;1;1;0.000000;0.000000;1.000000;22449.033956;22449.097804;22449.230866;787146;28764;146492;22;1832;28764;31316;100.000;0.817;0.887;562.542;603.859;7.516;162268;155257;146492;0.238;0.110;0.069;2.683;1.082;0.064;36.993;35.843;133.043;133.062;131.955;27.802;27.163;1.540;0.197;0.530;63.848;196.910;131.886;33.085;0.248;1.527;0.000;0.019;0.000;10;33.229;129.252;4;0;0;0;0;0;0;0
73;1;1;1;0.000000;0.000000;1.000000;22449.068175;22449.133182;22449.266970;781047;28576;148748;22;1860;28576;31128;100.000;0.919;0.998;571.205;613.154;7.471;164079;157083;148748;0.178;0.105;0.065;3.157;1.831;0.598;39.865;37.969;133.753;133.788;131.931;29.797;28.780;1.366;0.196;1.248;65.007;198.795;134.657;35.378;2.045;1.560;0.000;0.034;0.000;15;34.876;128.737;3;0;0;0;0;0;0;0
74;1;1;1;0.000000;0.000000;1.000000;22449.102164;22449.164384;22449.297490;782459;30080;150270;23;1879;30080;32748;100.000;0.850;0.922;577.049;619.427;7.860;165141;158211;150270;0.186;0.112;0.070;2.426;1.206;0.069;35.497;34.221;132.994;133.106;131.866;26.668;25.951;1.637;0.304;0.118;62.220;195.326;131.844;31.202;2.131;1.595;0.000;0.112;0.000;23;31.864;129.326;2;0;0;0;0;0;0;0
75;1;1;1;0.000000;0.000000;1.000000;22449.134149;22449.199967;22449.334145;781579;29704;150762;23;1885;29704;32372;100.000;0.918;0.998;578.939;621.452;7.769;165304;158759;150762;0.185;0.109;0.067;3.407;1.624;0.470;40.301;38.610;134.123;134.178;132.537;30.035;29.132;1.388;0.198;1.461;65.818;199.997;135.166;35.583;2.249;1.636;0.000;0.055;0.000;22;35.269;129.073;2;0;0;0;0;0;0;0
76;1;1;1;0.000000;0.000000;1.000000;22449.168620;22449.232536;22449.363472;784181;144196;151052;110;1889;144196;156956;100.000;4.489;4.883;580.052;622.656;37.669;189415;164593;151052;0.180;0.108;0.069;2.203;1.780;0.112;34.344;32.496;130.912;130.936;129.128;26.230;25.166;1.420;0.320;0.107;63.916;194.852;131.159;32.569;0.764;1.582;0.000;0.024;0.000;49;30.361;126.899;7;0;0;0;0;0;0;0
77;1;1;1;0.000000;0.000000;1.000000;22449.200822;22449.264723;22449.399994;782861;27636;150492;21;1882;27636;30072;100.000;674.405;731.522;577.902;620.347;7.217;180207;164531;150492;1.111;0.112;0.069;4.307;1.886;0.572;40.506;38.552;135.255;135.271;133.363;29.945;28.907;1.739;0.199;1.078;63.901;199.172;134.348;32.186;1.147;1.555;0.000;0.016;0.000;17;34.313;129.036;2;0;0;0;0;0;0;0
78;1;1;1;0.000000;0.000000;1.000000;22449.234607;22449.299113;22449.430776;779451;21244;148910;17;1862;21244;23216;100.000;0.679;0.739;571.827;613.821;5.572;175355;161653;148910;0.190;0.110;0.068;2.397;1.274;0.081;36.963;35.621;131.637;131.664;130.359;28.074;27.325;1.639;0.306;0.085;64.505;196.169;131.797;34.390;1.057;1.523;0.000;0.027;0.000;10;33.292;127.934;3;0;0;0;0;0;0;0
79;1;1;1;0.000000;0.000000;1.000000;22449.268530;22449.330564;22449.466336;784719;21996;147042;17;1839;21996;23968;100.000;0.621;0.674;564.654;606.129;5.752;169212;157456;147042;1.171;0.111;0.068;4.141;1.712;0.497;39.241;37.462;135.747;135.771;134.043;28.902;27.948;1.537;0.192;1.062;62.034;197.806;134.023;31.452;1.882;1.546;0.000;0.024;0.000;13;33.389;129.877;3;0;0;0;0;0;0;0
80;1;1;1;0.000000;0.000000;1.000000;22449.301267;22449.366194;22449.497037;780701;24816;146382;19;1830;24816;27020;100.000;0.786;0.852;562.119;603.392;6.485;165789;155542;146382;0.218;0.106;0.066;2.204;1.807;0.108;36.536;34.664;130.804;130.843;129.013;27.924;26.868;1.394;0.292;0.128;64.928;195.771;131.391;35.630;2.297;1.593;0.000;0.039;0.000;10;32.525;126.761;3;0;0;0;0;0;0;0
81;1;1;1;0.000000;0.000000;1.000000;22449.335670;22449.397924;22449.531719;785754;27824;145442;22;1819;27824;30376;100.000;0.801;0.871;558.510;599.534;7.290;164816;155337;145442;0.195;0.112;0.069;2.498;1.617;0.476;38.686;37.000;133.775;133.795;132.151;28.914;27.998;1.616;0.191;0.316;62.254;196.049;132.740;31.730;1.604;1.593;0.000;0.020;0.000;13;34.571;129.632;4;0;0;0;0;0;0;0
82;1;1;1;0.000000;0.000000;1.000000;22449.367742;22449.432851;22449.567608;783308;28200;145720;22;1822;28200;30752;100.000;0.896;0.974;559.577;600.669;7.380;164145;155716;145720;0.192;0.111;0.070;4.309;1.632;0.094;39.992;38.290;134.714;134.757;133.091;29.677;28.770;1.419;1.222;1.295;65.109;199.866;135.295;34.927;1.593;1.593;0.000;0.043;0.001;16;34.051;128.736;4;0;0;0;0;0;0;0
83;1;1;1;0.000000;0.000000;1.000000;22449.402287;22449.464454;22449.598514;782737;27260;145846;21;1824;27260;29696;100.000;0.771;0.837;560.061;601.198;7.127;163755;155840;145846;0.196;0.111;0.069;2.575;1.240;0.067;36.854;35.545;134.031;134.060;132.796;27.490;26.767;1.565;0.190;0.444;62.167;196.227;132.868;31.603;1.730;1.602;0.000;0.029;0.000;10;33.039;130.191;4;0;0;0;0;0;0;0
84;1;1;1;0.000000;0.000000;1.000000;22449.434298;22449.499995;22449.634915;781874;28764;146012;22;1826;28764;31316;100.000;0.942;1.022;560.699;601.881;7.516;163422;155787;146012;0.225;0.105;0.066;4.320;1.979;0.637;40.214;38.170;134.866;134.920;132.918;29.806;28.717;1.427;1.212;1.286;65.697;200.617;135.935;35.541;2.208;1.640;0.000;0.054;0.000;21;33.915;128.543;2;0;0;0;0;0;0;0
85;1;1;1;0.000000;0.000000;1.000000;22449.469292;22449.530759;22449.664706;780545;25004;146308;19;1829;25004;27208;100.000;577.155;625.827;561.835;603.085;6.530;163544;155922;146308;0.198;0.112;0.070;2.436;1.100;0.065;36.088;34.919;133.923;133.947;132.825;26.942;26.290;1.655;0.192;0.210;61.467;195.414;132.393;30.764;2.569;1.698;0.000;0.024;0.000;10;32.553;130.364;3;0;0;0;0;0;0;0
86;1;1;1;0.000000;0.000000;1.000000;22449.501167;22449.566575;22449.701082;778343;27072;146104;21;1827;27072;29508;100.000;0.875;0.951;561.052;602.256;7.082;162868;155350;146104;0.191;0.108;0.067;2.697;1.746;0.496;39.901;38.088;134.471;134.507;132.731;29.664;28.695;1.405;0.212;0.715;65.408;199.914;135.436;35.816;2.483;1.747;0.000;0.035;0.000;10;35.458;129.997;3;0;0;0;0;0;0;0
87;1;1;1;0.000000;0.000000;1.000000;22449.534789;22449.597685;22449.730813;778458;26508;145634;21;1821;26508;28944;100.000;0.737;0.802;559.247;600.316;6.947;161797;154691;145634;0.194;0.109;0.067;2.233;1.549;0.091;34.176;32.560;133.088;133.128;131.555;25.671;24.750;1.455;0.299;0.110;62.896;196.024;131.834;31.110;2.224;1.777;0.000;0.040;0.000;17;30.394;129.280;4;0;0;0;0;0;0;0
88;1;1;1;0.000000;0.000000;1.000000;22449.568164;22449.633913;22449.764349;778592;28576;145652;22;1821;28576;31128;100.000;0.914;0.993;559.316;600.385;7.471;161148;154214;145652;0.202;0.111;0.070;2.462;1.370;0.361;37.319;35.880;130.395;130.436;129.046;28.611;27.804;1.752;0.191;0.137;65.749;196.185;132.036;36.228;2.894;1.847;0.000;0.041;0.000;21;33.488;126.542;2;0;0;0;0;0;0;0
89;1;1;1;0.000000;0.000000;1.000000;22449.601564;22449.665342;22449.798608;779952;29328;146464;23;1831;29328;31996;100.000;0.921;1.001;562.434;603.729;7.679;161255;154099;146464;0.191;0.110;0.067;2.667;1.166;0.067;38.085;36.852;133.210;133.266;132.077;28.578;27.902;1.547;0.192;0.561;63.778;197.044;132.962;31.429;1.904;1.850;0.000;0.056;0.000;22;34.252;129.352;2;0;0;0;0;0;0;0
90;1;1;1;0.000000;0.000000;1.000000;22449.634697;22449.697340;22449.830568;779674;29328;148650;23;1859;29328;31996;100.000;0.820;0.892;570.828;612.755;7.679;163481;156648;148650;0.187;0.111;0.070;2.195;1.864;0.415;35.769;33.835;133.180;133.228;131.332;26.848;25.763;1.427;0.285;0.116;62.643;195.871;131.589;31.999;1.335;1.818;0.000;0.048;0.000;19;31.710;129.074;4;0;0;0;0;0;0;0
91;1;1;1;0.000000;0.000000;1.000000;22449.668061;22449.733302;22449.866830;781083;142504;149974;109;1875;142504;155148;100.000;4.582;4.986;575.913;618.200;37.236;187045;162867;149974;0.185;0.109;0.067;3.292;1.291;0.080;40.321;38.964;133.515;133.528;132.209;30.197;29.471;1.381;0.207;1.344;65.241;198.769;134.518;35.962;2.628;1.869;0.000;0.013;0.000;38;35.738;128.902;7;0;0;0;0;0;0;0
92;1;1;1;0.000000;0.000000;1.000000;22449.702317;22449.764482;22449.897171;780537;27260;150044;21;1876;27260;29696;100.000;0.835;0.907;576.181;618.492;7.127;179542;163149;150044;0.189;0.111;0.070;2.234;1.875;0.426;34.922;32.977;132.635;132.689;130.787;26.318;25.215;1.450;0.308;0.107;62.165;194.854;131.525;31.180;2.153;1.886;0.000;0.054;0.000;21;30.812;128.497;2;0;0;0;0;0;0;0
93;1;1;1;0.000000;0.000000;1.000000;22449.734385;22449.797256;22449.933478;773046;21620;148126;17;1852;21620;23592;100.000;0.611;0.664;568.816;610.585;5.662;174240;159609;148126;0.192;0.113;0.081;5.088;1.676;0.099;40.414;38.657;136.218;136.222;134.520;29.668;28.737;1.660;1.213;1.830;62.872;199.093;134.498;32.774;0.559;1.803;0.000;0.003;0.000;15;33.650;129.426;3;0;0;0;0;0;0;0
94;1;1;1;0.000000;0.000000;1.000000;22449.768135;22449.832829;22449.966656;770822;21056;145994;16;1825;21056;22912;100.000;446.680;484.030;560.629;601.789;5.499;169287;156063;145994;0.191;0.106;0.066;3.420;1.013;0.059;39.944;38.865;133.788;133.827;132.793;29.847;29.267;1.395;0.195;1.467;64.694;198.521;134.343;35.572;2.239;1.831;0.000;0.039;0.000;13;35.510;129.333;2;0;0;0;0;0;0;0
95;1;1;1;0.000000;0.000000;1.000000;22449.801577;22449.864329;22449.996422;778859;24628;143854;19;1799;24628;26832;100.000;0.711;0.772;552.412;592.985;6.440;164604;153091;143854;0.186;0.111;0.070;2.160;1.854;0.727;34.185;32.262;132.067;132.093;130.207;25.880;24.777;1.410;0.280;0.103;62.752;194.845;130.776;31.500;1.833;1.831;0.000;0.026;0.000;11;30.172;128.020;4;0;0;0;0;0;0;0
96;1;1;1;0.000000;0.000000;1.000000;22449.834602;22449.899162;22450.034432;778333;28012;144278;22;1804;28012;30564;100.000;0.849;0.924;554.040;594.726;7.335;163416;153077;144278;0.187;0.108;0.065;4.339;1.572;0.089;42.016;40.379;135.220;135.270;133.662;31.061;30.210;1.459;1.217;1.303;64.559;199.829;135.452;34.833;1.500;1.810;0.000;0.050;0.000;21;36.105;129.271;2;0;0;0;0;0;0;0
97;1;1;1;0.000000;0.000000;1.000000;22449.868550;22449.932394;22450.065819;782798;29328;144196;23;1803;29328;31996;100.000;0.942;1.025;553.725;594.388;7.679;163296;153760;144196;0.240;0.111;0.069;2.892;1.525;0.409;37.315;35.721;132.341;133.425;131.884;27.967;27.085;1.450;0.188;0.836;63.844;197.269;133.506;33.232;0.101;1.703;0.000;1.083;0.000;22;32.898;127.908;2;0;0;0;0;0;0;0
98;1;1;1;0.000000;0.000000;1.000000;22449.901095;22449.963670;22450.097103;781418;28388;144552;22;1807;28388;30940;100.000;0.826;0.898;555.092;595.846;7.426;163806;155361;144552;0.229;0.113;0.069;2.409;1.083;0.063;35.689;34.538;133.383;133.434;132.326;26.747;26.101;1.631;0.270;0.098;62.575;196.008;131.457;31.276;2.058;1.725;0.000;0.050;0.000;17;32.197;129.864;4;0;0;0;0;0;0;0
99;1;1;1;0.000000;0.000000;1.000000;22449.935307;22449.998188;22450.133999;777382;27824;144056;22;1801;27824;30376;100.000;0.793;0.863;553.188;593.806;7.290;161540;153850;144056;0.223;0.105;0.065;4.643;1.990;0.534;40.383;38.329;135.776;135.812;133.796;29.734;28.647;1.723;1.215;1.312;62.881;198.692;135.020;34.518;1.185;1.692;0.000;0.036;0.000;16;33.751;129.115;3;0;0;0;0;0;0;0
100;1;1;1;0.000000;0.000000;1.000000;22449.968444;22450.033491;22450.167326;778267;26884;144366;21;1805;26884;29320;100.000;0.864;0.939;554.378;595.086;7.037;161594;153564;144366;0.198;0.109;0.070;4.600;1.535;0.090;39.946;38.341;133.811;133.835;132.265;29.847;28.988;1.696;1.217;1.310;65.047;198.882;135.013;35.303;1.970;1.709;0.000;0.023;0.000;14;33.811;127.641;3;0;0;0;0;0;0;0
101;1;1;1;0.000000;0.000000;1.000000;22450.001389;22450.065146;22450.199243;780699;27072;144336;21;1805;27072;29508;100.000;0.811;0.881;554.263;594.971;7.082;160531;152457;144336;0.193;0.111;0.069;2.896;1.664;0.548;38.056;36.324;134.062;134.096;132.413;28.380;27.432;1.421;0.189;0.914;63.758;197.854;133.597;31.655;1.678;1.707;0.000;0.034;0.000;10;33.496;129.473;3;0;0;0;0;0;0;0
102;1;1;1;0.000000;0.000000;1.000000;22450.034809;22450.098707;22450.231507;780328;26508;144522;21;1807;26508;28944;100.000;0.786;0.855;554.977;595.730;6.947;160648;152902;144522;0.195;0.109;0.068;2.198;1.597;0.093;36.821;35.157;132.761;132.800;131.183;27.727;26.800;1.432;0.305;0.090;63.898;196.698;132.527;33.561;0.227;1.615;0.000;0.039;0.000;19;33.026;128.944;2;0;0;0;0;0;0;0
103;1;1;1;0.000000;0.000000;1.000000;22450.068356;22450.132680;22450.264786;782351;26508;144662;21;1809;26508;28944;100.000;0.792;0.862;555.515;596.313;6.947;160595;153258;144662;0.183;0.108;0.066;3.056;1.003;0.064;37.068;36.000;132.083;132.107;131.081;28.059;27.464;1.353;0.192;1.154;64.323;196.430;132.473;33.973;0.639;1.554;0.000;0.024;0.001;11;33.010;127.999;4;0;0;0;0;0;0;0
104;1;1;1;0.000000;0.000000;1.000000;22450.101298;22450.166364;22450.300468;782164;26884;144698;21;1809;26884;29320;100.000;0.849;0.923;555.653;596.451;7.037;160223;153003;144698;0.188;0.109;0.068;2.777;1.868;0.608;39.735;37.800;134.059;134.105;132.212;29.630;28.590;1.484;0.193;0.735;65.066;199.170;134.822;33.684;0.351;1.479;0.000;0.045;0.000;20;35.090;129.388;2;0;0;0;0;0;0;0
105;1;1;1;0.000000;0.000000;1.000000;22450.135175;22450.198248;22450.330755;783021;28388;145744;22;1822;28388;30940;100.000;0.797;0.866;559.669;600.761;7.426;160832;153669;145744;0.196;0.109;0.069;2.394;1.128;0.067;34.927;33.730;132.467;132.507;131.353;26.359;25.679;1.649;0.267;0.105;63.073;195.580;131.775;31.884;1.449;1.477;0.000;0.040;0.000;16;31.405;128.917;3;0;0;0;0;0;0;0
106;1;1;1;0.000000;0.000000;1.000000;22450.168165;22450.234068;22450.366588;786829;137804;147616;105;1846;137804;149984;100.000;4.410;4.797;566.858;608.491;35.996;185042;161832;147616;0.189;0.112;0.067;2.363;1.731;0.559;39.356;37.558;132.485;132.521;130.767;29.698;28.722;1.714;0.194;0.087;65.903;198.424;134.276;35.820;2.487;1.540;0.000;0.035;0.000;82;35.261;128.367;6;0;0;0;0;0;0;0
107;1;1;1;0.000000;0.000000;1.000000;22450.202546;22450.265411;22450.396701;789365;29140;150668;23;1884;29140;31808;100.000;0.886;0.965;578.578;621.068;7.634;177815;162755;150668;0.195;0.111;0.069;2.232;1.513;0.094;34.193;32.611;131.266;131.289;129.742;26.044;25.135;1.435;0.311;0.113;62.866;194.155;131.055;31.343;1.990;1.568;0.000;0.023;0.000;12;30.448;127.486;3;0;0;0;0;0;0;0
108;1;1;1;0.000000;0.000000;1.000000;22450.233707;22450.298463;22450.431927;790807;24440;152486;19;1907;24440;26644;100.000;0.725;0.788;585.559;628.568;6.395;176358;163718;152486;0.193;0.114;0.070;3.365;1.398;0.422;38.977;37.509;133.422;133.464;132.041;29.204;28.407;1.617;0.266;1.106;64.756;198.220;132.947;33.052;0.282;1.488;0.000;0.042;0.000;14;34.214;128.632;3;0;0;0;0;0;0;0
109;1;1;1;0.000000;0.000000;1.000000;22450.268147;22450.332356;22450.462964;789334;22184;152368;17;1905;22184;24156;100.000;0.691;0.750;585.106;628.070;5.797;174284;163119;152368;0.194;0.113;0.071;2.318;1.549;0.100;35.793;34.173;130.574;130.608;129.030;27.405;26.484;1.506;0.314;0.121;64.209;194.817;130.652;33.893;0.560;1.430;0.000;0.034;0.000;16;31.925;126.675;2;0;0;0;0;0;0;0
110;1;1;1;0.000000;0.000000;1.000000;22450.301845;22450.364648;22450.499807;783753;23688;151230;18;1891;23688;25776;100.000;774.997;840.189;580.736;623.384;6.186;171342;161549;151230;0.190;0.112;0.070;4.570;1.909;0.510;40.709;38.730;135.148;135.159;133.223;30.119;29.071;1.667;1.217;1.315;62.804;197.962;134.161;32.292;1.041;1.405;0.000;0.011;0.000;14;34.230;128.640;2;0;0;0;0;0;0;0
111;1;1;1;0.000000;0.000000;1.000000;22450.334635;22450.398976;22450.535176;781240;27448;149404;21;1868;27448;29884;100.000;0.871;0.945;573.724;615.853;7.172;170361;161119;149404;0.187;0.110;0.070;4.365;1.581;0.088;41.832;40.181;136.183;136.201;134.593;30.713;29.854;1.418;1.225;1.356;64.341;200.541;136.197;34.327;0.994;1.380;0.000;0.018;0.000;17;35.885;130.195;3;0;0;0;0;0;0;0
112;1;1;1;0.000000;0.000000;1.000000;22450.368430;22450.430697;22450.564708;781247;27824;147314;22;1842;27824;30376;100.000;0.809;0.880;565.698;607.241;7.290;166809;157844;147314;0.183;0.108;0.067;2.466;1.108;0.064;35.477;34.302;133.962;134.011;132.879;26.473;25.815;1.842;0.193;0.073;62.266;196.278;132.395;31.721;1.612;1.394;0.000;0.049;0.000;21;31.903;130.363;2;0;0;0;0;0;0;0
113;1;1;1;0.000000;0.000000;1.000000;22450.401251;22450.465272;22450.597297;783523;28388;145778;22;1823;28388;30940;100.000;0.864;0.938;559.800;600.914;7.426;165749;157958;145778;0.193;0.111;0.068;2.446;1.501;0.439;36.164;34.596;131.991;132.024;130.504;27.392;26.510;1.700;0.276;0.100;64.021;196.045;131.650;34.576;1.242;1.385;0.000;0.033;0.000;10;32.217;128.024;4;0;0;0;0;0;0;0
114;1;1;1;0.000000;0.000000;1.000000;22450.434882;22450.498345;22450.630917;783046;30456;145016;24;1813;30456;33240;100.000;0.854;0.929;556.874;597.763;7.978;163116;155477;145016;0.195;0.109;0.066;2.433;1.088;0.070;37.550;36.397;132.550;132.572;131.451;28.324;27.688;1.655;0.296;0.112;63.463;196.035;131.938;33.072;0.261;1.314;0.000;0.023;0.000;16;34.030;128.994;3;0;0;0;0;0;0;0
115;1;1;1;0.000000;0.000000;1.000000;22450.467974;22450.534266;22450.665765;785712;28952;145068;22;1814;28952;31504;100.000;456.769;495.525;557.074;597.985;7.561;162392;154643;145068;1.175;0.112;0.069;4.164;1.528;0.452;38.377;36.780;131.455;131.499;129.949;29.184;28.303;1.542;0.197;1.069;66.292;197.791;133.452;35.922;2.588;1.394;0.000;0.044;0.000;11;32.685;125.740;2;0;0;0;0;0;0;0
116;1;1;1;0.000000;0.000000;1.000000;22450.502003;22450.565382;22450.696549;788409;28200;145612;22;1821;28200;30752;100.000;0.854;0.928;559.163;600.232;7.380;162965;155527;145612;0.194;0.110;0.070;2.211;1.508;0.094;36.460;34.883;131.129;131.167;129.626;27.797;26.911;1.433;0.294;0.110;63.379;194.546;130.903;31.116;2.217;1.446;0.000;0.037;0.000;16;32.741;127.376;3;0;0;0;0;0;0;0
117;1;1;1;0.000000;0.000000;1.000000;22450.533514;22450.598578;22450.731385;785289;27072;145938;21;1825;27072;29508;100.000;0.793;0.862;560.414;601.574;7.082;162892;155596;145938;0.237;0.113;0.071;2.719;1.820;0.555;38.562;36.671;132.774;132.807;130.963;29.036;28.001;1.961;0.234;0.103;65.064;197.871;132.406;33.196;0.138;1.364;0.000;0.033;0.000;13;34.023;128.210;3;0;0;0;0;0;0;0
118;1;1;1;0.000000;0.000000;1.000000;22450.568226;22450.632889;22450.766528;784314;26508;145782;21;1823;26508;28944;100.000;0.852;0.927;559.815;600.930;6.947;161977;155084;145782;0.198;0.110;0.065;4.598;1.526;0.089;39.673;38.082;133.609;133.639;132.085;29.687;28.832;1.665;1.216;1.345;64.663;198.302;134.215;34.311;0.978;1.340;0.000;0.030;0.000;10;33.549;127.454;3;0;0;0;0;0;0;0
119;1;1;1;0.000000;0.000000;1.000000;22450.601905;22450.664162;22450.800269;784830;26696;145890;21;1824;26696;29132;100.000;0.767;0.834;560.230;601.367;6.992;161636;154647;145890;0.197;0.110;0.066;4.538;1.932;0.531;39.852;37.854;136.085;136.107;134.139;29.279;28.220;1.614;1.213;1.339;62.257;198.364;134.623;31.273;2.061;1.385;0.000;0.022;0.001;10;33.382;129.576;3;0;0;0;0;0;0;0
120;1;1;1;0.000000;0.000000;1.000000;22450.634276;22450.699168;22450.833435;784742;27260;145936;21;1825;27260;29696;100.000;0.824;0.894;560.407;601.566;7.127;161348;154302;145936;0.200;0.108;0.066;4.527;1.489;0.088;39.640;38.086;134.222;134.267;132.750;29.523;28.690;1.629;1.218;1.307;64.892;199.159;134.456;35.006;1.673;1.403;0.000;0.045;0.000;12;33.624;128.176;3;0;0;0;0;0;0;0
121;1;1;1;0.000000;0.000000;1.000000;22450.668297;22450.732472;22450.866400;787186;141752;147208;108;1841;141752;154280;100.000;4.300;4.677;565.291;606.812;37.027;185245;160619;147208;0.191;0.108;0.067;2.989;1.466;0.513;38.978;37.446;133.894;133.928;132.445;29.104;28.273;1.805;0.326;0.492;64.175;198.102;134.087;33.304;0.030;1.317;0.000;0.034;0.000;36;34.523;129.412;5;0;0;0;0;0;0;0
122;1;1;1;0.000000;0.000000;1.000000;22450.701162;22450.765579;22450.896913;792161;29140;148956;23;1862;29140;31808;100.000;0.879;0.957;572.004;613.998;7.634;177240;160941;148956;0.232;0.113;0.071;2.282;1.382;0.082;34.952;33.500;131.304;131.334;129.922;26.613;25.785;1.444;0.309;0.114;64.417;195.751;131.267;33.107;0.226;1.249;0.000;0.030;0.000;16;31.289;127.609;4;0;0;0;0;0;0;0
123;1;1;1;0.000000;0.000000;1.000000;22450.734453;22450.798906;22450.933086;788290;22936;150544;18;1882;22936;25024;100.000;0.686;0.746;578.101;620.547;6.006;176026;162714;150544;0.200;0.112;0.067;4.536;1.606;0.088;39.841;38.168;134.157;134.179;132.551;29.692;28.795;1.630;1.219;1.308;64.453;198.632;134.106;33.327;0.006;1.171;0.000;0.023;0.000;9;33.699;127.991;4;0;0;0;0;0;0;0
124;1;1;1;0.000000;0.000000;1.000000;22450.768575;22450.832593;22450.965018;789222;22936;152352;18;1905;22936;25024;100.000;0.724;0.787;585.044;628.008;6.006;175191;163247;152352;0.199;0.119;0.072;2.391;1.539;0.413;38.076;36.465;132.411;132.425;130.870;28.753;27.863;1.649;0.268;0.085;64.018;196.443;132.705;33.687;0.353;1.120;0.000;0.014;0.000;11;34.145;128.462;4;0;0;0;0;0;0;0
125;1;1;1;0.000000;0.000000;1.000000;22450.801923;22450.864425;22450.997596;787173;24816;151154;19;1890;24816;27020;100.000;0.718;0.779;580.444;623.070;6.485;172241;161267;151154;0.194;0.108;0.068;2.393;1.170;0.068;36.505;35.268;133.152;133.171;131.985;27.412;26.721;1.767;0.196;0.061;62.502;195.673;131.950;31.832;1.501;1.144;0.000;0.019;0.000;10;32.942;129.571;4;0;0;0;0;0;0;0
126;1;1;1;0.000000;0.000000;1.000000;22450.835106;22450.899181;22451.031559;776279;26132;149098;20;1864;26132;28452;100.000;0.800;0.868;572.549;614.588;6.828;169957;159716;149098;0.186;0.110;0.069;2.133;1.647;0.465;37.511;35.796;132.354;132.378;130.704;28.337;27.387;1.425;0.219;0.125;64.075;196.453;132.580;34.756;1.423;1.161;0.000;0.024;0.001;10;33.732;128.544;3;0;0;0;0;0;0;0
127;1;1;1;0.000000;0.000000;1.000000;22450.868726;22450.932104;22451.066724;773912;27636;146584;21;1833;27636;30072;100.000;459.956;498.911;562.895;604.235;7.217;165572;156565;146584;0.218;0.105;0.067;4.524;1.582;0.090;38.928;37.280;134.572;134.620;133.000;28.917;28.030;1.606;1.213;1.314;63.378;197.998;134.412;32.923;0.410;1.114;0.000;0.048;0.001;17;32.823;128.426;3;0;0;0;0;0;0;0
128;1;1;1;0.000000;0.000000;1.000000;22450.901268;22450.966202;22451.098900;773302;28576;144802;22;1811;28576;31128;100.000;0.909;0.987;556.052;596.896;7.471;162509;154604;144802;0.193;0.112;0.067;2.538;1.888;0.457;38.290;36.335;132.667;132.697;130.784;28.855;27.782;1.784;0.273;0.109;64.934;197.632;133.254;34.098;0.765;1.092;0.000;0.031;0.000;10;33.864;128.214;4;0;0;0;0;0;0;0
129;1;1;1;0.000000;0.000000;1.000000;22450.935391;22450.997813;22451.131944;777001;28576;143780;22;1798;28576;31128;100.000;0.825;0.896;552.128;592.678;7.471;160505;152989;143780;0.186;0.108;0.065;2.864;1.099;0.065;37.471;36.307;134.082;134.131;133.012;27.936;27.296;1.360;0.188;0.958;62.422;196.553;132.964;31.611;1.723;1.132;0.000;0.048;0.000;21;33.507;130.097;2;0;0;0;0;0;0;0
130;1;1;1;0.000000;0.000000;1.000000;22450.967593;22451.032633;22451.164043;783174;27448;143698;21;1797;27448;29884;100.000;0.834;0.906;551.813;592.341;7.172;159456;152009;143698;0.192;0.109;0.067;2.367;1.604;0.429;36.040;34.369;131.373;131.409;129.767;27.426;26.485;1.618;0.287;0.094;65.040;196.449;131.730;34.821;1.487;1.154;0.000;0.036;0.001;15;32.069;127.362;3;0;0;0;0;0;0;0
131;1;1;1;0.000000;0.000000;1.000000;22451.001453;22451.065748;22451.199346;786108;28012;144598;22;1808;28012;30564;100.000;0.801;0.871;555.269;596.045;7.335;159984;152635;144598;0.198;0.111;0.067;2.877;1.228;0.076;39.275;37.981;133.569;133.598;132.347;29.398;28.698;1.452;0.186;0.864;64.295;197.893;133.700;33.114;0.219;1.096;0.000;0.029;0.000;16;35.170;129.430;3;0;0;0;0;0;0;0
132;1;1;1;0.000000;0.000000;1.000000;22451.034719;22451.100906;22451.230777;785622;27448;144478;21;1806;27448;29884;100.000;0.888;0.963;554.808;595.539;7.172;159561;152551;144478;0.188;0.111;0.068;2.393;1.542;0.094;35.525;33.915;129.848;129.871;128.297;27.354;26.435;1.609;0.313;0.104;66.187;196.058;131.798;35.158;1.825;1.141;0.000;0.023;0.000;12;31.590;125.880;4;0;0;0;0;0;0;0
133;1;1;1;0.000000;0.000000;1.000000;22451.068667;22451.131998;22451.266113;787265;26696;143954;21;1800;26696;29132;100.000;0.805;0.876;552.796;593.391;6.992;157815;151175;143954;0.181;0.106;0.065;2.474;1.725;0.513;39.276;37.487;134.070;134.115;132.367;29.286;28.320;1.849;0.191;0.082;63.332;197.446;133.800;31.092;2.241;1.210;0.000;0.045;0.000;20;35.077;129.846;2;0;0;0;0;0;0;0
134;1;1;1;0.000000;0.000000;1.000000;22451.100739;22451.165337;22451.297717;787734;26508;143904;21;1799;26508;28944;100.000;0.817;0.890;552.604;593.177;6.947;156889;150395;143904;0.191;0.110;0.069;2.274;1.342;0.089;35.789;34.379;132.348;132.380;131.005;27.035;26.242;1.502;0.288;0.115;64.598;196.978;132.071;33.339;0.005;1.135;0.000;0.032;0.000;20;32.173;128.697;2;0;0;0;0;0;0;0
135;1;1;1;0.000000;0.000000;1.000000;22451.134927;22451.197915;22451.332457;786766;27824;143596;22;1795;27824;30376;100.000;0.796;0.866;551.421;591.904;7.290;155846;149587;143596;0.286;0.111;0.068;3.509;1.692;0.570;38.363;36.603;134.497;134.542;132.826;28.514;27.557;1.761;0.188;1.097;62.988;197.530;133.478;32.578;0.755;1.111;0.000;0.045;0.000;13;33.161;129.271;4;0;0;0;0;0;0;0
136;1;1;1;0.000000;0.000000;1.000000;22451.167896;22451.233079;22451.363805;787622;130472;141136;100;1765;130472;142072;100.000;4.198;4.568;541.975;581.781;34.097;176546;153233;141136;0.187;0.109;0.067;2.448;0.965;0.060;36.548;35.517;130.675;130.726;129.740;27.958;27.375;1.720;0.253;0.114;65.182;195.908;131.492;35.163;1.830;1.156;0.000;0.051;0.001;30;33.135;127.238;7;0;0;0;0;0;0;0
137;1;1;1;0.000000;0.087266;1.000000;22451.201701;22451.264227;22451.399908;784509;31960;139854;25;1749;31960;34860;100.000;0.905;0.985;537.052;576.497;8.366;165467;150596;139854;0.223;0.105;0.065;4.553;1.786;0.559;39.506;37.656;135.662;135.681;133.869;29.117;28.129;1.629;1.203;1.328;62.526;198.206;134.262;31.148;2.185;1.220;11.562;0.019;0.001;19;33.168;129.294;3;0;0;0;0;0;0;0
138;1;1;1;0.000000;0.087266;1.000000;22451.234322;22451.299703;22451.431466;782962;26884;141162;21;1765;26884;29320;100.000;0.840;0.913;542.075;581.880;7.037;163065;151735;141162;0.184;0.113;0.067;2.643;1.588;0.101;37.898;36.243;131.709;131.763;130.156;28.762;27.846;1.903;0.284;0.092;65.381;197.145;132.487;35.476;2.143;1.278;0.000;0.055;0.000;20;33.667;127.455;2;0;0;0;0;0;0;0
139;1;1;1;0.000000;0.087266;1.000000;22451.268379;22451.331821;22451.464778;785441;27260;143262;21;1791;27260;29696;100.000;0.811;0.881;550.139;590.531;7.127;162800;152403;143262;0.186;0.108;0.065;2.459;1.033;0.061;37.536;36.439;132.906;132.956;131.902;28.232;27.625;1.832;0.189;0.080;63.442;196.399;132.465;32.118;1.215;1.274;0.000;0.051;0.000;20;34.044;129.390;2;0;0;0;0;0;0;0
140;1;1;1;0.000000;0.087266;1.000000;22451.300943;22451.365610;22451.499661;786857;26508;145806;21;1823;26508;28944;100.000;0.807;0.879;559.908;601.022;6.947;163463;154023;145806;0.192;0.112;0.067;4.525;1.764;0.451;38.375;36.544;134.042;134.051;132.269;28.627;27.629;1.634;1.211;1.310;64.667;198.718;134.015;33.788;0.455;1.223;0.000;0.009;0.000;17;32.086;127.733;3;0;0;0;0;0;0;0
141;1;1;1;0.000000;0.087266;1.000000;22451.335095;22451.398656;22451.535260;786209;29328;147146;23;1840;29328;31996;100.000;0.829;0.902;565.053;606.551;7.679;163506;154241;147146;0.185;0.110;0.067;2.795;1.432;0.091;41.878;40.379;136.556;136.605;135.148;30.656;29.878;1.475;0.196;0.763;63.561;200.165;136.281;33.046;0.287;1.164;0.000;0.049;0.001;22;37.651;132.302;2;0;0;0;0;0;0;0
142;1;1;1;0.000000;0.087266;1.000000;22451.367869;22451.434198;22451.564790;785895;30644;147490;24;1844;30644;33428;100.000;0.975;1.061;566.374;607.962;8.023;163083;155227;147490;0.192;0.113;0.069;2.393;1.712;0.445;33.734;31.953;130.568;130.593;128.842;25.831;24.800;1.614;0.289;0.117;66.329;196.922;132.478;35.542;2.209;1.230;0.000;0.024;0.000;17;29.629;126.417;3;0;0;0;0;0;0;0
143;1;1;1;0.000000;0.087266;1.000000;22451.401829;22451.465781;22451.600674;783109;31208;146146;24;1827;31208;33992;100.000;0.955;1.038;561.213;602.418;8.158;161045;153318;146146;0.228;0.108;0.066;4.723;1.609;0.091;39.984;38.310;134.873;134.893;133.245;29.641;28.751;1.749;1.212;1.361;63.952;198.845;135.028;31.584;1.750;1.262;0.000;0.020;0.000;14;33.652;128.499;4;0;0;0;0;0;0;0
144;1;1;1;0.000000;0.087266;1.000000;22451.434322;22451.498546;22451.633753;783994;32148;145218;25;1816;32148;35048;100.000;0.971;1.055;557.650;598.606;8.412;159874;152708;145218;1.203;0.111;0.069;4.175;1.751;0.557;39.421;37.601;135.155;135.207;133.433;29.156;28.180;1.517;0.195;1.081;64.224;199.431;134.773;32.764;0.569;1.219;0.000;0.052;0.000;25;33.495;129.204;2;0;0;0;0;0;0;0
145;1;1;1;0.000000;0.087266;1.000000;22451.468156;22451.531843;22451.664451;785959;31020;144768;24;1810;31020;33804;100.000;0.898;0.975;555.922;596.743;8.113;159386;151853;144768;0.192;0.110;0.069;2.439;1.065;0.066;36.612;35.478;132.569;132.607;131.511;27.609;26.977;1.667;0.282;0.120;63.687;196.294;132.138;33.298;0.036;1.145;0.000;0.039;0.000;13;33.107;129.032;4;0;0;0;0;0;0;0
146;1;1;1;0.000000;0.087266;1.000000;22451.501846;22451.566579;22451.699239;789030;31020;145716;24;1822;31020;33804;100.000;0.942;1.024;559.562;600.654;8.113;159811;153051;145716;0.195;0.109;0.065;2.430;1.807;0.574;38.292;36.421;132.607;132.660;130.826;28.865;27.839;1.780;0.192;0.090;64.733;197.393;133.593;34.735;1.402;1.161;0.000;0.053;0.000;23;34.055;128.341;2;0;0;0;0;0;0;0
147;1;1;1;0.000000;0.087266;1.000000;22451.535525;22451.599709;22451.730608;794594;31960;147238;25;1841;31960;34860;100.000;0.999;1.087;565.406;606.927;8.366;161161;154369;147238;0.196;0.109;0.069;2.413;1.166;0.067;35.613;34.378;130.846;130.899;129.717;27.207;26.502;1.666;0.275;0.099;64.183;195.082;131.628;33.130;0.203;1.101;0.000;0.053;0.000;24;32.034;127.248;2;0;0;0;0;0;0;0
148;1;1;1;0.000000;0.087266;1.000000;22451.567720;22451.631865;22451.766038;797998;30456;146864;24;1836;30456;33240;100.000;0.871;0.948;563.970;605.378;7.978;160810;154182;146864;0.226;0.110;0.068;2.451;1.206;0.074;39.001;37.728;134.152;134.173;132.947;29.068;28.378;1.701;0.198;0.149;64.145;198.318;133.725;32.157;1.177;1.106;0.000;0.020;0.000;18;35.345;130.475;3;0;0;0;0;0;0;0
149;1;1;1;0.000000;0.087266;1.000000;22451.601686;22451.667031;22451.798134;798639;30268;147738;23;1847;30268;32936;100.000;737.217;799.874;567.326;608.982;7.905;161855;155247;147738;0.187;0.111;0.069;2.277;1.752;0.609;35.750;33.929;131.085;131.103;129.332;27.269;26.234;1.513;0.296;0.101;65.345;196.448;132.488;35.166;1.833;1.151;0.000;0.018;0.000;13;31.721;127.036;3;0;0;0;0;0;0;0
150;1;1;1;0.000000;0.087266;1.000000;22451.635144;22451.698225;22451.833367;796693;30080;148090;23;1852;30080;32748;100.000;0.891;0.967;568.678;610.447;7.860;161787;155382;148090;0.177;0.104;0.065;3.262;0.999;0.059;39.260;38.197;135.084;135.143;134.127;29.051;28.478;1.419;0.193;1.305;63.080;198.223;134.388;31.193;2.140;1.213;0.000;0.059;0.000;22;34.999;130.804;2;0;0;0;0;0;0;0
151;1;1;1;0.000000;0.087266;1.000000;22451.667551;22451.732183;22451.864879;794717;137804;147952;105;1850;137804;149984;100.000;4.254;4.627;568.148;609.872;35.996;182724;160766;147952;0.193;0.109;0.067;2.466;1.747;0.484;35.760;33.946;132.678;132.696;130.922;26.949;25.928;1.677;0.307;0.114;64.633;197.328;132.566;33.959;0.625;1.176;0.000;0.018;0.000;42;31.547;128.437;6;0;0;0;0;0;0;0
152;1;1;1;0.000000;0.087266;1.000000;22451.701751;22451.764648;22451.897567;792861;28576;148152;22;1852;28576;31128;100.000;0.818;0.888;568.916;610.685;7.471;177432;162392;148152;0.198;0.111;0.069;2.686;1.018;0.070;36.894;35.808;132.897;132.919;131.881;27.757;27.152;1.611;0.193;0.504;62.896;195.816;131.921;32.464;0.869;1.157;0.000;0.022;0.000;12;33.191;129.163;4;0;0;0;0;0;0;0
153;1;1;1;0.000000;0.087266;1.000000;22451.734661;22451.799766;22451.930498;792789;23500;147662;18;1846;23500;25588;100.000;0.736;0.799;567.035;608.668;6.141;172267;160601;147662;0.178;0.110;0.068;2.174;1.925;0.578;36.618;34.626;130.692;130.732;128.773;28.010;26.889;1.409;0.285;0.124;65.105;195.837;131.518;35.119;1.785;1.196;0.000;0.040;0.000;17;32.519;126.558;2;0;0;0;0;0;0;0
154;1;1;1;0.000000;0.087266;1.000000;22451.768498;22451.831861;22451.967186;792309;22936;147945;18;1850;22936;25024;100.000;0.663;0.721;568.121;609.845;6.006;170217;159112;147945;0.193;0.112;0.068;4.643;1.638;0.095;40.796;39.090;135.311;135.325;133.666;30.147;29.245;1.726;1.219;1.325;63.363;198.688;134.874;32.095;1.239;1.199;0.000;0.014;0.000;9;34.515;129.007;3;0;0;0;0;0;0;0
155;1;1;1;0.000000;0.087266;1.000000;22451.800959;22451.866650;22452.001841;791925;24816;147762;19;1848;24816;27020;100.000;0.799;0.867;567.419;609.097;6.485;168645;158478;147762;0.187;0.109;0.067;3.405;1.408;0.431;40.935;39.461;135.167;135.190;133.765;30.280;29.500;1.460;0.194;1.388;65.691;200.882;136.195;34.789;1.456;1.215;0.000;0.024;0.000;12;36.122;130.335;3;0;0;0;0;0;0;0
156;1;1;1;0.000000;0.087266;1.000000;22451.835222;22451.897864;22452.031008;793795;28764;148592;22;1858;28764;31316;100.000;0.832;0.903;570.606;612.510;7.516;167815;158109;148592;0.191;0.113;0.069;2.425;1.184;0.069;33.958;32.705;133.108;133.144;131.924;25.505;24.791;1.628;0.310;0.114;62.642;195.786;132.029;31.214;2.120;1.272;0.000;0.036;0.001;11;30.349;129.461;3;0;0;0;0;0;0;0
157;1;1;1;0.000000;0.087266;1.000000;22451.867440;22451.932610;22452.066394;793460;28012;148650;22;1859;28012;30564;100.000;0.840;0.913;570.828;612.755;7.335;166805;157745;148650;0.175;0.105;0.066;2.772;1.359;0.431;39.011;37.586;133.739;133.784;132.409;29.160;28.387;1.356;0.194;0.877;65.170;198.954;134.081;34.746;1.413;1.280;0.000;0.045;0.000;21;34.880;129.590;2;0;0;0;0;0;0;0
158;1;1;1;0.000000;0.087266;1.000000;22451.902393;22451.966202;22452.097529;795527;28388;147554;22;1845;28388;30940;100.000;0.885;0.961;566.620;608.231;7.426;165013;157254;147554;0.211;0.105;0.068;2.185;1.731;0.104;35.252;33.453;131.289;131.328;129.569;26.843;25.819;1.405;0.297;0.098;63.809;195.136;131.883;33.592;0.258;1.217;0.000;0.039;0.000;19;31.336;127.344;3;0;0;0;0;0;0;0
159;1;1;1;0.000000;0.087266;1.000000;22451.934423;22451.998464;22452.131296;798776;29328;146024;23;1826;29328;31996;100.000;0.858;0.934;560.745;601.927;7.679;161997;154412;146024;0.195;0.112;0.069;2.740;1.043;0.065;37.690;36.578;132.786;132.833;131.771;28.374;27.759;1.505;0.191;0.668;64.040;196.873;132.317;32.262;1.071;1.207;0.000;0.047;0.000;22;33.907;128.984;2;0;0;0;0;0;0;0
160;1;1;1;0.000000;0.087266;1.000000;22451.968562;22452.032810;22452.167271;799362;29140;143192;23;1790;29140;31808;100.000;0.918;1.000;549.870;590.240;7.634;158317;151140;143192;0.230;0.106;0.065;2.475;1.487;0.554;39.747;38.195;134.436;134.462;132.948;29.560;28.729;1.788;0.193;0.092;64.248;198.709;134.958;34.346;1.013;1.195;0.000;0.026;0.000;12;35.784;130.446;3;0;0;0;0;0;0;0
161;1;1;1;0.000000;0.087266;1.000000;22452.002064;22452.064679;22452.197859;789777;28952;141480;22;1769;28952;31504;100.000;681.982;739.847;543.296;583.192;7.561;156110;149093;141480;0.190;0.110;0.068;2.468;1.112;0.068;34.542;33.362;133.161;133.180;132.038;25.936;25.267;1.689;0.287;0.125;62.614;195.795;132.213;31.869;1.464;1.212;0.000;0.020;0.000;14;30.962;129.547;2;0;0;0;0;0;0;0
162;1;1;1;0.000000;0.087266;1.000000;22452.034259;22452.100370;22452.233401;790930;28200;139820;22;1748;28200;30752;100.000;0.913;0.992;536.921;576.344;7.380;154127;147340;139820;0.201;0.109;0.067;2.503;1.925;0.563;39.114;37.122;132.969;133.031;131.079;29.402;28.320;1.606;0.183;0.338;66.111;199.142;134.422;35.692;2.358;1.284;0.000;0.062;0.000;21;34.686;128.506;2;0;0;0;0;0;0;0
163;1;1;1;0.000000;0.087266;1.000000;22452.069156;22452.131417;22452.264661;793734;29328;138532;23;1732;29328;31996;100.000;0.867;0.944;531.975;571.037;7.679;152058;145261;138532;0.188;0.110;0.069;2.383;1.402;0.084;35.684;34.214;133.219;133.244;131.815;26.781;25.956;1.635;0.272;0.110;62.261;195.505;132.349;31.047;2.286;1.346;0.000;0.025;0.000;16;31.899;129.405;3;0;0;0;0;0;0;0
164;1;1;1;0.000000;0.087266;1.000000;22452.100905;22452.165396;22452.299077;792883;29516;138018;23;1726;29516;32184;100.000;0.866;0.942;530.002;568.928;7.724;151484;144896;138018;0.178;0.105;0.063;2.698;1.160;0.117;38.208;36.985;133.634;133.680;132.505;28.582;27.912;1.407;0.180;0.763;64.491;198.171;133.430;33.979;0.646;1.303;0.000;0.046;0.000;19;34.351;129.760;3;0;0;0;0;0;0;0
165;1;1;1;0.000000;0.087266;1.000000;22452.135315;22452.199648;22452.331229;791299;30644;138142;24;1727;30644;33428;100.000;0.968;1.052;530.478;569.426;8.023;151210;144762;138142;0.186;0.110;0.067;2.371;1.618;0.480;35.985;34.300;131.562;131.581;129.926;27.348;26.400;1.623;0.266;0.120;64.332;195.913;132.249;34.251;0.918;1.279;0.000;0.019;0.000;13;31.996;127.534;4;0;0;0;0;0;0;0
166;1;1;1;0.000000;0.087266;1.000000;22452.168782;22452.231481;22452.363648;789485;132728;138460;101;1731;132728;144444;100.000;3.753;4.081;531.699;570.738;34.667;172621;150718;138460;0.192;0.110;0.068;2.382;1.072;0.067;36.412;35.273;132.050;132.166;131.066;27.550;26.912;1.632;0.262;0.118;62.699;194.865;131.335;31.834;1.500;1.292;0.000;0.116;0.000;58;32.958;128.565;5;0;0;0;0;0;0;0
167;1;1;1;0.000000;0.087266;1.000000;22452.201252;22452.266954;22452.398838;789977;29328;138716;23;1734;29328;31996;100.000;0.937;1.019;532.682;571.788;7.679;165465;151154;138716;0.196;0.108;0.067;2.740;1.279;0.398;38.652;37.307;131.852;131.884;130.588;29.307;28.568;1.502;0.181;0.687;65.701;197.586;133.192;35.473;2.139;1.345;0.000;0.032;0.000;14;34.633;127.815;3;0;0;0;0;0;0;0
168;1;1;1;0.000000;0.087266;1.000000;22452.235229;22452.298492;22452.430357;791598;25004;139622;19;1746;25004;27208;100.000;0.732;0.793;536.161;575.538;6.530;164423;152071;139622;0.230;0.109;0.066;2.285;1.564;0.099;35.520;33.890;131.829;131.865;130.269;26.936;26.015;1.461;0.289;0.131;63.262;195.128;131.378;31.538;1.796;1.373;0.000;0.037;0.000;18;31.670;127.945;2;0;0;0;0;0;0;0
169;1;1;1;0.000000;0.087266;1.000000;22452.267314;22452.332849;22452.466401;795034;25004;139918;19;1749;25004;27208;100.000;742.431;805.040;537.298;576.743;6.530;164513;153176;139918;0.249;0.112;0.065;4.843;1.452;0.158;39.902;38.385;133.514;133.552;132.081;29.877;29.062;1.877;1.206;1.335;65.536;199.087;134.088;34.358;1.024;1.352;0.000;0.038;0.000;18;33.607;127.197;2;0;0;0;0;0;0;0
170;1;1;1;0.000000;0.087266;1.000000;22452.301855;22452.365545;22452.500552;794863;25756;140286;20;1754;25756;28076;100.000;0.812;0.882;538.711;578.268;6.738;163053;152141;140286;0.189;0.108;0.066;3.375;1.764;0.560;40.432;38.603;134.990;135.007;133.215;29.948;28.978;1.372;0.188;1.453;63.689;198.696;134.905;32.695;0.638;1.307;0.000;0.017;0.000;17;35.293;129.821;3;0;0;0;0;0;0;0
171;1;1;1;0.000000;0.087266;1.000000;22452.334640;22452.397404;22452.530263;794885;27260;141226;21;1766;27260;29696;100.000;0.774;0.840;542.320;582.149;7.127;162204;152006;141226;0.192;0.110;0.068;2.176;1.502;0.096;34.849;33.279;132.832;132.859;131.329;26.230;25.340;1.413;0.278;0.116;62.763;195.623;131.284;31.859;1.474;1.317;0.000;0.027;0.000;10;31.171;129.125;4;0;0;0;0;0;0;0
172;1;1;1;0.000000;0.087266;1.000000;22452.367993;22452.432826;22452.566336;788905;27260;141276;21;1766;27260;29696;100.000;0.837;0.909;542.512;582.341;7.127;160309;150882;141276;0.227;0.105;0.065;2.494;1.701;0.567;39.741;37.976;133.463;133.510;131.786;29.766;28.816;1.826;0.189;0.083;64.833;198.343;134.023;35.422;2.089;1.366;0.000;0.047;0.000;20;35.546;129.232;2;0;0;0;0;0;0;0
173;1;1;1;0.000000;0.087266;1.000000;22452.401537;22452.466441;22452.596856;787376;27260;140380;21;1755;27260;29696;100.000;0.884;0.960;539.072;578.652;7.127;158212;149775;140380;0.191;0.111;0.069;2.409;1.326;0.082;34.695;33.301;130.383;130.414;129.049;26.604;25.805;1.639;0.280;0.119;64.904;195.318;131.210;33.615;0.282;1.298;0.000;0.031;0.001;9;30.961;126.607;4;0;0;0;0;0;0;0
174;1;1;1;0.000000;0.087266;1.000000;22452.434368;22452.497429;22452.632766;791921;28576;138596;22;1733;28576;31128;100.000;0.812;0.882;532.221;571.305;7.471;156085;148382;138596;0.234;0.108;0.066;2.391;1.287;0.429;39.657;38.305;135.316;135.337;134.027;29.303;28.580;1.694;0.183;0.107;63.061;198.398;133.786;30.988;2.346;1.363;0.000;0.021;0.000;11;35.979;131.613;3;0;0;0;0;0;0;0
175;1;1;1;0.000000;0.087266;1.000000;22452.468530;22452.532812;22452.663582;785044;28200;137098;22;1714;28200;30752;100.000;0.895;0.973;526.469;565.124;7.380;154047;146514;137098;0.185;0.108;0.066;2.174;1.472;0.107;34.476;32.938;130.732;130.769;129.258;26.364;25.482;1.434;0.264;0.118;64.282;195.051;131.269;35.383;2.050;1.406;0.000;0.038;0.000;13;30.830;127.045;3;0;0;0;0;0;0;0
176;1;1;1;0.000000;0.087266;1.000000;22452.501869;22452.564445;22452.700427;785759;28200;136788;22;1710;28200;30752;100.000;0.819;0.891;525.278;563.844;7.380;152859;145690;136788;0.198;0.104;0.063;4.623;1.515;0.082;40.495;38.917;135.954;135.981;134.436;29.780;28.948;1.732;1.205;1.321;62.576;198.558;134.781;31.633;1.700;1.425;0.000;0.028;0.001;12;34.357;129.782;3;0;0;0;0;0;0;0
177;1;1;1;0.000000;0.087266;1.000000;22452.534335;22452.599045;22452.732509;782963;28952;136884;22;1712;28952;31504;100.000;0.901;0.977;525.647;564.257;7.561;152207;145167;136884;0.227;0.108;0.067;3.123;1.674;0.401;38.219;36.478;133.417;133.464;131.763;28.636;27.685;1.454;0.181;1.088;64.710;198.174;133.529;34.599;1.266;1.415;0.000;0.047;0.000;20;33.422;128.592;3;0;0;0;0;0;0;0
178;1;1;1;0.000000;0.087266;1.000000;22452.568302;22452.631314;22452.764549;783666;27824;138258;22;1729;27824;30376;100.000;0.804;0.875;530.923;569.917;7.290;153107;146009;138258;0.188;0.108;0.066;2.370;1.556;0.098;36.836;35.215;133.212;133.235;131.656;27.648;26.748;1.631;0.266;0.112;63.013;196.248;132.237;32.270;1.064;1.393;0.000;0.023;0.000;14;32.910;129.260;3;0;0;0;0;0;0;0
179;1;1;1;0.000000;0.087266;1.000000;22452.601385;22452.666108;22452.798192;786714;28012;138600;22;1733;28012;30564;100.000;0.840;0.913;532.236;571.320;7.335;153254;146548;138600;0.222;0.105;0.065;2.482;1.368;0.384;37.566;36.133;132.057;132.085;130.693;28.441;27.647;1.833;0.182;0.075;64.722;196.807;132.546;34.793;1.460;1.397;0.000;0.027;0.000;10;33.715;128.182;4;0;0;0;0;0;0;0
180;1;1;1;0.000000;0.087266;1.000000;22452.634978;22452.699674;22452.834810;787583;26696;139086;21;1739;26696;29132;100.000;0.841;0.915;534.103;573.322;6.992;153424;146608;139086;0.237;0.105;0.065;3.657;1.505;0.096;40.446;38.876;135.090;135.136;133.587;29.930;29.102;1.631;0.264;1.356;64.697;199.833;135.831;33.567;0.234;1.324;0.000;0.046;0.000;12;35.283;129.883;3;0;0;0;0;0;0;0
181;1;1;1;0.000000;0.087266;1.000000;22452.667642;22452.731612;22452.864879;793719;135924;139098;104;1739;135924;147988;100.000;3.825;4.161;534.149;573.368;35.517;175008;151952;139098;0.215;0.102;0.063;2.040;2.210;0.738;35.243;32.970;133.233;133.267;131.028;26.445;25.162;1.386;0.186;0.087;63.970;197.237;132.566;31.938;1.396;1.329;0.000;0.034;0.000;43;30.993;128.953;6;0;0;0;0;0;0;0
182;1;1;1;0.000000;0.087266;1.000000;22452.701728;22452.767237;22452.898048;792329;27260;139598;21;1745;27260;29696;100.000;0.870;0.944;536.069;575.424;7.127;166346;151649;139598;0.183;0.105;0.065;3.118;0.949;0.065;37.423;36.410;130.767;130.812;129.841;28.608;28.042;1.357;0.183;1.225;65.509;196.321;132.402;35.625;2.291;1.389;0.000;0.045;0.000;20;33.356;126.676;2;0;0;0;0;0;0;0
183;1;1;1;0.000000;0.087266;1.000000;22452.735017;22452.798742;22452.930349;801464;21996;141888;17;1774;21996;23968;100.000;0.687;0.745;544.862;584.871;5.752;166130;153429;141888;0.189;0.111;0.070;2.262;1.474;0.095;36.345;34.802;131.590;131.607;130.102;27.616;26.750;1.500;0.277;0.116;63.725;195.332;131.370;31.506;1.828;1.416;0.000;0.017;0.000;8;32.610;127.811;4;0;0;0;0;0;0;0
184;1;1;1;0.000000;0.087266;1.000000;22452.767077;22452.830936;22452.965750;796948;22560;145036;18;1813;22560;24648;100.000;0.619;0.674;556.951;597.840;5.916;166262;155274;145036;0.200;0.112;0.068;2.495;1.538;0.448;39.145;37.540;134.670;134.814;133.257;29.036;28.171;1.618;0.189;0.309;63.858;198.673;133.437;32.194;1.140;1.399;0.000;0.145;0.000;18;35.112;130.616;2;0;0;0;0;0;0;0
185;1;1;1;0.000000;0.087266;1.000000;22452.801489;22452.867570;22452.997493;802598;26508;147102;21;1839;26508;28944;100.000;0.866;0.942;564.884;606.360;6.947;166419;156437;147102;0.231;0.111;0.072;2.549;1.216;0.072;35.755;34.468;129.872;129.923;128.670;27.520;26.788;1.741;0.293;0.102;66.081;196.004;131.847;36.635;3.301;1.518;0.000;0.050;0.000;20;31.990;126.068;2;0;0;0;0;0;0;0
186;1;1;1;0.000000;0.087266;1.000000;22452.836173;22452.898350;22453.032819;797039;28576;149128;22;1865;28576;31128;100.000;0.831;0.903;572.664;614.726;7.471;167762;158365;149128;1.235;0.111;0.067;4.208;1.417;0.442;39.108;37.624;134.419;134.469;133.036;29.083;28.281;1.542;0.194;1.059;62.177;196.646;133.840;30.779;2.554;1.583;0.000;0.050;0.000;18;33.483;128.776;3;0;0;0;0;0;0;0
187;1;1;1;0.000000;0.087266;1.000000;22452.867173;22452.932904;22453.063262;797511;28576;148974;22;1863;28576;31128;100.000;0.902;0.980;572.073;614.089;7.471;167216;158608;148974;0.195;0.111;0.070;2.192;1.482;0.090;36.052;34.501;130.318;130.357;128.847;27.656;26.776;1.436;0.276;0.104;65.732;196.089;130.949;34.555;1.221;1.560;0.000;0.039;0.000;17;32.379;126.615;4;0;0;0;0;0;0;0
188;1;1;1;0.000000;0.087266;1.000000;22452.901447;22452.964679;22453.099288;794879;27260;147856;21;1849;27260;29696;100.000;0.787;0.855;567.780;609.480;7.127;165101;157232;147856;0.201;0.110;0.069;2.569;1.535;0.542;39.708;38.104;134.572;134.609;133.056;29.499;28.637;1.586;0.193;0.411;63.232;197.841;133.642;31.774;1.559;1.560;0.000;0.037;0.000;20;35.604;130.449;2;0;0;0;0;0;0;0
189;1;1;1;0.000000;0.087266;1.000000;22452.934502;22452.999496;22453.130569;793590;27448;145718;21;1822;27448;29884;100.000;0.869;0.943;559.570;600.661;7.172;162099;154971;145718;0.229;0.112;0.070;2.264;1.445;0.085;35.368;33.853;131.062;131.073;129.595;26.983;26.122;1.442;0.314;0.098;64.995;196.068;131.590;34.818;1.484;1.555;0.000;0.011;0.000;16;31.658;127.318;3;0;0;0;0;0;0;0
190;1;1;1;0.000000;0.087266;1.000000;22452.968323;22453.031237;22453.167264;788938;28200;143848;22;1799;28200;30752;100.000;0.820;0.891;552.389;592.962;7.380;159270;152378;143848;0.222;0.106;0.065;4.636;1.946;0.542;40.411;38.400;136.002;136.027;134.057;29.708;28.644;1.684;1.215;1.343;62.914;198.941;134.951;31.741;1.592;1.558;0.000;0.024;0.000;13;33.829;129.395;4;0;0;0;0;0;0;0
191;1;1;1;0.000000;0.087266;1.000000;22453.000936;22453.065824;22453.200533;784846;27636;142800;21;1785;27636;30072;100.000;822.843;892.531;548.364;588.622;7.217;157676;150855;142800;0.188;0.105;0.063;2.475;1.303;0.076;39.847;38.480;134.669;134.709;133.380;29.580;28.850;1.834;0.200;0.084;64.889;199.598;134.887;34.587;1.254;1.539;0.000;0.040;0.000;21;36.068;130.864;1;0;0;0;0;0;0;0
192;1;1;1;0.000000;0.087266;1.000000;22453.035014;22453.097852;22453.231333;788004;28012;142404;22;1781;28012;30564;100.000;0.803;0.873;546.844;587.011;7.335;156941;150396;142404;0.233;0.112;0.069;2.499;1.070;0.062;34.574;33.435;133.450;133.481;132.386;25.902;25.256;1.727;0.255;0.104;62.838;196.319;132.354;32.027;1.306;1.524;0.000;0.031;0.000;13;31.005;129.854;4;0;0;0;0;0;0;0
193;1;1;1;0.000000;0.087266;1.000000;22453.067892;22453.132924;22453.266410;795964;27072;142560;21;1782;27072;29508;100.000;0.825;0.896;547.443;587.632;7.082;156669;150171;142560;0.188;0.110;0.066;2.448;1.487;0.594;38.638;37.085;133.457;133.486;131.979;28.945;28.099;1.682;0.190;0.213;65.032;198.518;134.097;35.072;1.739;1.538;0.000;0.029;0.000;10;34.703;129.490;3;0;0;0;0;0;0;0
194;1;1;1;0.000000;0.087266;1.000000;22453.101684;22453.165995;22453.297550;799207;27260;143286;21;1792;27260;29696;100.000;0.833;0.905;550.231;590.646;7.127;157112;150697;143286;0.189;0.110;0.068;2.207;1.488;0.091;35.058;33.502;131.510;131.554;130.033;26.649;25.764;1.428;0.305;0.108;64.311;195.866;131.904;33.071;0.262;1.458;0.000;0.044;0.000;14;31.363;127.780;3;0;0;0;0;0;0;0
195;1;1;1;0.000000;0.087266;1.000000;22453.134549;22453.198872;22453.332649;799402;28012;144392;22;1805;28012;30564;100.000;0.826;0.899;554.478;595.186;7.335;158093;151826;144392;0.197;0.115;0.068;3.315;1.651;0.575;38.801;37.082;133.766;133.777;132.103;29.004;28.071;1.411;0.255;1.270;64.324;198.100;133.669;32.877;0.457;1.395;0.000;0.011;0.000;9;33.835;128.775;6;0;0;0;0;0;0;0
196;1;1;1;0.000000;0.087266;1.000000;22453.168549;22453.232994;22453.365584;800483;135924;145043;104;1814;135924;147988;100.000;4.287;4.664;556.978;597.889;35.517;179847;157023;145043;0.188;0.112;0.070;2.305;1.224;0.076;37.903;36.609;132.551;132.590;131.348;28.586;27.872;1.416;0.211;0.308;64.445;197.035;133.271;34.121;0.788;1.357;0.000;0.039;0.000;95;34.374;129.002;5;0;0;0;0;0;0;0
197;1;1;1;0.087266;0.087266;1.000000;22453.201766;22453.264767;22453.398406;798336;27072;145944;21;1825;27072;29508;100.000;0.774;0.841;560.437;601.597;7.082;173002;158280;145944;0.202;0.115;0.068;2.617;1.435;0.368;36.350;34.847;133.628;133.639;132.188;27.200;26.362;1.548;0.191;0.494;63.000;196.639;132.760;31.773;1.560;1.370;24.781;0.011;0.000;18;32.298;129.558;3;0;0;0;0;0;0;0
198;1;1;1;0.087266;0.087266;1.000000;22453.234467;22453.299919;22453.429992;798454;21808;146568;17;1833;21808;23780;100.000;0.699;0.759;562.834;604.174;5.707;170827;158411;146568;0.187;0.111;0.068;2.352;1.148;0.065;35.634;34.418;130.037;130.073;128.908;27.396;26.700;1.641;0.235;0.111;65.452;195.525;131.012;35.152;1.819;1.398;0.000;0.036;0.000;16;32.134;126.517;2;0;0;0;0;0;0;0
199;1;1;1;0.087266;0.087266;1.000000;22453.268824;22453.331335;22453.468759;800770;21432;147434;17;1843;21432;23404;100.000;0.602;0.655;566.159;607.725;5.617;169635;158505;147434;0.186;0.109;0.068;4.362;2.127;0.599;42.250;40.056;137.410;137.424;135.270;30.744;29.611;1.448;1.228;1.323;62.511;199.936;136.447;31.416;1.917;1.430;0.000;0.014;0.001;11;35.761;130.890;4;0;0;0;0;0;0;0
200;1;1;1;0.087266;0.087266;1.000000;22453.300877;22453.367140;22453.499387;802378;24252;148866;19;1861;24252;26456;100.000;0.781;0.849;571.658;613.630;6.349;169692;159754;148866;0.237;0.112;0.069;2.581;1.409;0.078;37.117;35.639;132.223;132.248;130.815;28.066;27.244;1.583;0.195;0.386;66.263;198.511;133.741;35.805;2.471;1.496;0.000;0.025;0.000;9;33.126;128.207;3;0;0;0;0;0;0;0
201;1;1;1;0.087266;0.087266;1.000000;22453.335017;22453.398442;22453.536051;805285;27072;150350;21;1880;27072;29508;100.000;0.823;0.894;577.356;619.757;7.082;169660;160258;150350;0.186;0.111;0.068;4.337;2.399;0.647;40.632;38.165;137.585;137.610;135.168;29.527;28.235;1.413;1.231;1.328;63.425;201.035;137.072;31.302;2.031;1.529;0.000;0.024;0.000;11;33.896;130.804;3;0;0;0;0;0;0;0
202;1;1;1;0.087266;0.087266;1.000000;22453.367630;22453.431498;22453.565590;803318;27448;152012;21;1901;27448;29884;100.000;0.772;0.838;583.739;626.613;7.172;170649;161974;152012;0.205;0.112;0.071;2.931;1.231;0.076;36.294;34.993;134.049;134.091;132.842;27.067;26.342;1.694;0.444;0.406;63.869;197.960;133.277;33.057;0.277;1.451;0.000;0.043;0.000;20;32.132;129.866;2;0;0;0;0;0;0;0
203;1;1;1;0.087266;0.087266;1.000000;22453.401403;22453.467314;22453.600288;802036;29140;152816;23;1911;29140;31808;100.000;0.928;1.009;586.826;629.926;7.634;170735;162594;152816;0.195;0.112;0.066;4.547;1.673;0.096;38.835;37.097;132.940;132.974;131.275;29.205;28.259;1.631;1.226;1.318;65.911;198.885;134.642;35.816;2.483;1.515;0.000;0.034;0.000;14;32.615;126.678;4;0;0;0;0;0;0;0
204;1;1;1;0.087266;0.087266;1.000000;22453.434957;22453.498951;22453.630965;810228;28576;152942;22;1912;28576;31128;100.000;0.813;0.883;587.310;630.432;7.471;169966;162511;152942;0.196;0.112;0.074;2.366;1.075;0.246;36.901;35.752;132.001;132.014;130.921;27.952;27.308;1.636;0.254;0.096;63.995;196.009;131.986;31.637;1.696;1.527;0.000;0.013;0.000;16;33.460;128.540;3;0;0;0;0;0;0;0
205;1;1;1;0.087266;0.087266;1.000000;22453.467689;22453.534321;22453.664798;808185;26320;152382;20;1905;26320;28640;100.000;523.699;567.962;585.159;628.124;6.874;169235;161942;152382;0.191;0.112;0.069;2.351;1.601;0.413;37.268;35.598;130.449;130.478;128.857;28.562;27.626;1.638;0.232;0.109;66.631;197.109;132.486;35.369;2.036;1.558;0.000;0.029;0.001;13;33.315;126.474;2;0;0;0;0;0;0;0
206;1;1;1;0.087266;0.087266;1.000000;22453.501851;22453.565796;22453.700125;815223;27260;150790;21;1885;27260;29696;100.000;0.821;0.891;579.046;621.559;7.127;166546;159234;150790;0.192;0.112;0.071;4.571;1.649;0.097;39.263;37.544;134.304;134.329;132.650;29.229;28.303;1.624;1.224;1.348;63.944;198.273;134.479;31.475;1.858;1.577;0.000;0.025;0.001;11;33.043;128.052;3;0;0;0;0;0;0;0
207;1;1;1;0.087266;0.087266;1.000000;22453.533712;22453.599235;22453.734716;799426;27824;149044;22;1864;27824;30376;100.000;0.826;0.899;572.341;614.381;7.290;163999;157302;149044;0.190;0.111;0.068;2.832;1.956;0.622;40.814;38.790;135.441;135.481;133.501;30.125;29.056;1.649;0.210;0.604;65.523;201.004;135.737;33.439;0.106;1.485;0.000;0.040;0.000;11;36.026;130.628;3;0;0;0;0;0;0;0
208;1;1;1;0.087266;0.087266;1.000000;22453.568558;22453.633074;22453.765154;790320;27260;147638;21;1846;27260;29696;100.000;0.832;0.904;566.942;608.576;7.127;161699;155419;147638;0.238;0.114;0.071;2.466;1.161;0.072;35.223;33.992;132.049;132.080;130.897;26.668;25.968;1.665;0.193;0.186;64.516;196.596;132.841;33.838;0.505;1.424;0.000;0.031;0.000;10;31.596;128.397;3;0;0;0;0;0;0;0
209;1;1;1;0.087266;0.087266;1.000000;22453.601881;22453.665997;22453.798119;795945;26696;145656;21;1821;26696;29132;100.000;0.813;0.884;559.332;600.401;6.992;159365;153125;145656;0.202;0.111;0.069;2.632;1.364;0.412;36.588;35.155;132.088;132.122;130.734;27.692;26.891;1.792;0.192;0.268;64.116;196.238;132.473;32.923;0.410;1.361;0.000;0.034;0.000;15;32.592;128.067;3;0;0;0;0;0;0;0
210;1;1;1;0.087266;0.087266;1.000000;22453.635072;22453.699067;22453.835665;792891;27824;144144;22;1802;27824;30376;100.000;0.834;0.907;553.525;594.166;7.290;157442;151054;144144;0.183;0.105;0.065;3.333;1.153;0.074;41.540;40.323;136.549;136.598;135.424;30.411;29.776;1.506;0.197;1.278;63.995;200.593;136.686;33.070;0.263;1.292;0.000;0.049;0.001;12;37.054;132.039;3;0;0;0;0;0;0;0
211;1;1;1;0.087266;0.087266;1.000000;22453.668483;22453.732649;22453.865693;797320;136300;143206;104;1791;136300;148364;100.000;4.027;4.381;549.924;590.316;35.607;179073;155570;143206;0.186;0.110;0.069;2.384;1.700;0.467;34.492;32.724;133.033;133.044;131.306;25.925;24.922;1.629;0.267;0.124;64.166;197.210;133.380;33.582;0.249;1.227;0.000;0.011;0.001;43;30.408;128.908;7;0;0;0;0;0;0;0
212;1;1;1;0.087266;0.087266;1.000000;22453.701904;22453.766586;22453.900091;805214;26884;142122;21;1777;26884;29320;100.000;0.848;0.922;545.761;585.838;7.037;167724;153853;142122;1.090;0.112;0.074;4.426;1.189;0.076;38.495;37.232;133.457;133.506;132.296;28.834;28.143;1.628;0.195;1.327;64.682;198.187;134.445;33.936;0.603;1.188;0.000;0.048;0.001;20;32.880;127.820;2;0;0;0;0;0;0;0
213;1;1;1;0.087266;0.087266;1.000000;22453.735003;22453.798439;22453.932310;797126;20680;141596;16;1770;20680;22536;100.000;0.611;0.663;543.741;583.660;5.409;165846;153977;141596;0.197;0.112;0.068;2.507;1.834;0.468;37.815;35.913;133.834;133.871;132.013;28.247;27.205;1.644;0.294;0.193;63.436;197.307;133.331;31.854;1.479;1.206;0.000;0.037;0.000;15;33.474;129.456;2;0;0;0;0;0;0;0
214;1;1;1;0.087266;0.087266;1.000000;22453.767572;22453.832493;22453.964241;803136;17484;141814;14;1773;17484;19108;100.000;0.510;0.554;544.578;584.565;4.586;164722;153318;141814;0.194;0.106;0.065;2.421;1.055;0.064;36.276;35.156;131.700;131.748;130.676;27.534;26.903;1.802;0.185;0.068;64.921;196.669;131.928;34.053;0.720;1.176;0.000;0.048;0.000;13;32.800;128.206;2;0;0;0;0;0;0;0
215;1;1;1;0.087266;0.087266;1.000000;22453.801573;22453.867030;22453.998705;809297;24440;143036;19;1788;24440;26644;100.000;0.775;0.842;549.271;589.596;6.395;164186;153594;143036;0.194;0.110;0.067;2.249;1.399;0.094;37.921;36.456;131.629;131.675;130.244;28.799;27.990;1.419;0.297;0.162;65.458;197.133;133.059;34.537;1.204;1.177;0.000;0.046;0.000;18;34.273;127.947;2;0;0;0;0;0;0;0
216;1;1;1;0.087266;0.087266;1.000000;22453.835356;22453.898740;22454.031815;808156;27260;144130;21;1802;27260;29696;100.000;0.775;0.841;553.472;594.112;7.127;164878;155331;144130;0.236;0.110;0.069;2.710;1.512;0.405;36.770;35.190;133.046;133.074;131.546;27.631;26.751;1.510;0.187;0.598;63.385;196.459;132.835;31.710;1.623;1.205;0.000;0.028;0.000;12;32.548;128.808;4;0;0;0;0;0;0;0
217;1;1;1;0.087266;0.087266;1.000000;22453.867596;22453.934105;22454.067118;810355;28576;146106;22;1827;28576;31128;100.000;0.929;1.008;561.060;602.264;7.471;164778;155936;146106;0.231;0.109;0.066;2.463;1.165;0.074;39.513;38.283;132.977;133.013;131.823;29.706;29.041;1.787;0.194;0.076;66.510;199.522;134.805;35.365;2.032;1.257;0.000;0.036;0.000;14;35.885;129.323;4;0;0;0;0;0;0;0
218;1;1;1;0.087266;0.087266;1.000000;22453.902160;22453.965052;22454.098249;810211;28952;148782;22;1860;28952;31504;100.000;393.167;426.527;571.335;613.284;7.561;166731;159022;148782;0.193;0.111;0.070;2.314;1.519;0.390;34.765;33.176;133.133;133.197;131.663;26.100;25.198;1.619;0.225;0.097;62.892;196.089;132.602;30.946;2.387;1.328;0.000;0.064;0.001;20;30.931;129.282;2;0;0;0;0;0;0;0
219;1;1;1;0.087266;0.087266;1.000000;22453.933917;22454.000695;22454.132156;808645;29140;150220;23;1878;29140;31808;100.000;0.948;1.032;576.857;619.212;7.634;167449;160007;150220;0.718;0.111;0.070;3.345;1.566;0.083;37.735;36.099;131.427;131.461;129.877;28.705;27.795;1.452;0.195;0.800;66.778;198.239;133.176;35.644;2.310;1.389;0.000;0.033;0.000;11;32.823;126.497;3;0;0;0;0;0;0;0
220;1;1;1;0.087266;0.087266;1.000000;22453.968743;22454.031669;22454.164725;810783;27636;150188;21;1878;27636;30072;100.000;386.283;418.998;576.734;619.090;7.217;166958;159543;150188;0.192;0.112;0.071;2.235;1.937;0.475;37.458;35.451;132.995;133.055;131.082;28.152;27.045;1.440;0.299;0.120;62.926;195.981;132.412;30.974;2.359;1.450;0.000;0.061;0.000;19;33.287;128.786;3;0;0;0;0;0;0;0
221;1;1;1;0.087266;0.087266;1.000000;22454.000994;22454.065745;22454.197912;807088;27824;149054;22;1864;27824;30376;100.000;0.829;0.903;572.380;614.419;7.290;164984;157763;149054;0.196;0.113;0.070;2.706;1.147;0.066;37.375;36.158;132.117;132.167;131.003;28.278;27.601;1.580;0.194;0.554;64.751;196.918;132.265;34.076;0.742;1.405;0.000;0.050;0.000;21;33.522;128.246;2;0;0;0;0;0;0;0
222;1;1;1;0.087266;0.087266;1.000000;22454.035069;22454.099467;22454.232083;809369;28012;147392;22;1843;28012;30564;100.000;0.881;0.958;565.998;607.563;7.335;162852;155713;147392;0.185;0.112;0.068;2.330;1.739;0.585;38.016;36.209;132.584;132.616;130.857;28.666;27.671;1.634;0.189;0.143;64.398;197.014;133.103;33.722;0.389;1.342;0.000;0.031;0.001;11;33.947;128.493;4;0;0;0;0;0;0;0
223;1;1;1;0.087266;0.087266;1.000000;22454.068271;22454.131445;22454.267229;795354;27636;146064;21;1826;27636;30072;100.000;478.306;518.814;560.898;602.080;7.217;161156;154517;146064;0.199;0.110;0.069;4.683;1.620;0.097;39.197;37.508;135.749;135.784;134.130;28.867;27.964;1.711;1.226;1.368;63.174;198.959;134.917;31.978;1.355;1.343;0.000;0.036;0.000;12;32.894;129.409;3;0;0;0;0;0;0;0
224;1;1;1;0.087266;0.087266;1.000000;22454.101002;22454.166814;22454.300249;795455;27260;144466;21;1806;27260;29696;100.000;0.876;0.951;554.762;595.493;7.127;159068;152623;144466;0.193;0.106;0.065;2.434;1.230;0.076;39.318;38.023;133.390;133.435;132.179;29.466;28.766;1.786;0.192;0.092;65.812;199.247;134.603;35.369;2.036;1.386;0.000;0.045;0.000;19;35.653;129.689;3;0;0;0;0;0;0;0
225;1;1;1;0.087266;0.087266;1.000000;22454.135228;22454.198080;22454.332453;795720;27636;143728;21;1797;27636;30072;100.000;0.796;0.863;551.928;592.456;7.217;157867;151260;143728;0.195;0.108;0.067;2.381;1.695;0.421;35.872;34.110;134.333;134.373;132.659;26.696;25.713;1.634;0.284;0.094;62.852;197.225;133.474;31.266;2.067;1.429;0.000;0.040;0.000;12;31.795;130.236;3;0;0;0;0;0;0;0
226;1;1;1;0.087266;0.087266;1.000000;22454.167509;22454.233018;22454.365854;798723;138180;142930;105;1787;138180;150360;100.000;236.507;257.190;548.864;589.166;36.086;180302;156126;142930;0.227;0.109;0.069;3.133;1.369;0.072;37.471;36.033;132.778;132.835;131.446;28.209;27.413;1.545;0.189;0.995;65.509;198.344;133.541;34.938;1.605;1.440;0.000;0.057;0.000;30;32.969;128.253;5;0;0;0;0;0;0;0
227;1;1;1;0.087266;0.087266;1.000000;22454.201536;22454.266180;22454.402337;807441;25192;142948;20;1787;25192;27512;100.000;0.779;0.848;548.933;589.235;6.603;170502;155360;142948;0.192;0.108;0.067;4.410;1.783;0.465;40.967;39.117;136.127;136.157;134.337;30.088;29.118;1.469;1.207;1.368;64.644;200.801;136.691;33.162;0.172;1.360;0.000;0.030;0.000;13;34.773;129.896;4;0;0;0;0;0;0;0
228;1;1;1;0.087266;0.087266;1.000000;22454.234623;22454.298692;22454.432226;803316;22560;143504;18;1794;22560;24648;100.000;0.648;0.705;551.068;591.528;5.916;169828;157115;143504;0.183;0.106;0.065;2.440;1.227;0.074;36.099;34.807;133.498;133.534;132.289;27.033;26.311;1.830;0.187;0.069;64.069;197.603;133.247;32.512;0.821;1.327;0.000;0.035;0.000;10;32.431;129.812;3;0;0;0;0;0;0;0
229;1;1;1;0.087266;0.087266;1.000000;22454.268331;22454.333692;22454.464981;809074;23312;144280;18;1804;23312;25400;100.000;0.733;0.796;554.048;594.733;6.096;168390;156973;144280;0.684;0.112;0.069;2.934;1.801;0.485;36.410;34.541;131.249;131.289;129.461;27.733;26.681;1.611;0.271;0.187;65.361;196.650;132.669;35.000;1.667;1.348;0.000;0.040;0.000;17;31.675;126.486;2;0;0;0;0;0;0;0
230;1;1;1;0.087266;0.087266;1.000000;22454.301859;22454.365763;22454.499855;808265;24628;145334;19;1817;24628;26832;100.000;0.700;0.760;558.095;599.074;6.440;167622;157107;145334;0.199;0.111;0.068;2.963;1.321;0.077;39.609;38.221;133.767;134.092;132.747;29.539;28.792;1.408;0.204;0.973;63.904;197.996;134.209;32.070;1.263;1.343;0.000;0.325;0.000;18;35.326;129.458;2;0;0;0;0;0;0;0
231;1;1;1;0.087266;0.087266;1.000000;22454.334526;22454.401199;22454.531679;818848;27824;147128;22;1840;27824;30376;100.000;0.899;0.978;564.984;606.482;7.290;169189;159310;147128;0.226;0.110;0.069;2.238;2.028;0.514;36.095;33.998;130.449;130.480;128.417;27.663;26.475;1.426;0.286;0.121;66.673;197.153;132.699;35.436;2.103;1.390;0.000;0.031;0.000;11;31.829;126.147;4;0;0;0;0;0;0;0
232;1;1;1;0.087266;0.087266;1.000000;22454.368990;22454.432326;22454.567466;820617;27636;148796;21;1860;27636;30072;100.000;550.407;597.022;571.389;613.338;7.217;169358;160282;148796;0.216;0.111;0.066;3.370;1.345;0.090;40.056;38.645;135.112;135.140;133.766;29.640;28.890;1.370;0.199;1.410;63.336;198.476;135.153;31.127;2.206;1.441;0.000;0.028;0.000;14;35.340;130.366;2;0;0;0;0;0;0;0
233;1;1;1;0.087266;0.087266;1.000000;22454.400298;22454.466645;22454.600947;814146;28012;150842;22;1886;28012;30564;100.000;0.887;0.965;579.246;621.781;7.335;169734;161325;150842;0.193;0.112;0.068;4.624;1.633;0.094;38.190;36.489;134.246;134.302;132.637;28.436;27.511;1.726;1.222;1.303;66.348;200.650;135.301;34.319;0.986;1.413;0.000;0.056;0.000;21;31.933;127.955;2;0;0;0;0;0;0;0
234;1;1;1;0.087266;0.087266;1.000000;22454.435085;22454.498405;22454.635800;814852;28200;152630;22;1908;28200;30752;100.000;0.804;0.874;586.112;629.144;7.380;170704;162955;152630;0.234;0.109;0.067;4.666;2.136;0.692;41.083;38.880;137.371;137.395;135.222;29.901;28.753;1.694;1.246;1.316;63.321;200.716;136.821;31.760;1.573;1.423;0.000;0.025;0.000;14;34.280;130.511;3;0;0;0;0;0;0;0
235;1;1;1;0.087266;0.087266;1.000000;22454.467986;22454.533670;22454.666059;815725;26508;153174;21;1915;26508;28944;100.000;0.835;0.908;588.201;631.391;6.947;170843;163275;153174;0.181;0.109;0.067;3.004;1.410;0.079;37.074;35.597;132.356;132.389;130.958;28.004;27.182;1.360;0.200;1.088;65.684;198.073;133.746;35.265;1.931;1.454;0.000;0.033;0.000;12;32.660;127.919;3;0;0;0;0;0;0;0
236;1;1;1;0.087266;0.087266;1.000000;22454.501990;22454.565616;22454.701804;816078;26884;152808;21;1911;26884;29320;100.000;0.787;0.856;586.795;629.895;7.037;170061;162771;152808;0.195;0.110;0.069;2.821;1.921;0.595;40.153;38.163;136.139;136.189;134.244;29.484;28.428;1.605;0.216;0.628;63.625;199.814;136.158;31.946;1.388;1.450;0.000;0.049;0.001;20;35.411;131.372;2;0;0;0;0;0;0;0
237;1;1;1;0.087266;0.087266;1.000000;22454.533994;22454.600020;22454.732205;810868;27636;151650;21;1896;27636;30072;100.000;0.806;0.874;582.348;625.110;7.217;168395;161091;151650;0.199;0.113;0.068;2.382;1.309;0.074;35.140;33.763;132.153;132.185;130.852;26.584;25.802;1.641;0.200;0.160;66.026;198.211;133.225;34.404;1.071;1.427;0.000;0.031;0.000;12;31.449;128.437;3;0;0;0;0;0;0;0
238;1;1;1;0.087266;0.087266;1.000000;22454.568635;22454.634425;22454.765456;801907;27448;149972;21;1875;27448;29884;100.000;0.888;0.964;575.905;618.192;7.172;165909;158797;149972;0.197;0.111;0.070;2.383;1.438;0.436;36.945;35.438;130.978;131.031;129.577;28.196;27.349;1.729;0.195;0.081;65.790;196.822;133.143;34.405;1.072;1.404;0.000;0.053;0.000;20;33.124;127.139;2;0;0;0;0;0;0;0
239;1;1;1;0.087266;0.087266;1.000000;22454.601709;22454.665534;22454.798823;799196;28012;148264;22;1854;28012;30564;100.000;0.823;0.896;569.346;611.160;7.335;163913;157105;148264;0.240;0.115;0.070;2.593;1.256;0.079;37.180;35.855;133.261;133.289;132.013;27.894;27.160;1.657;0.285;0.228;63.825;197.114;133.177;31.109;2.224;1.456;0.000;0.028;0.000;12;33.331;129.389;3;0;0;0;0;0;0;0
240;1;1;1;0.087266;0.087266;1.000000;22454.634090;22454.699732;22454.832684;799621;28388;146996;22;1838;28388;30940;100.000;0.843;0.916;564.477;605.930;7.426;161871;154929;146996;0.198;0.112;0.068;2.833;1.779;0.561;37.702;35.855;132.910;132.952;131.149;28.358;27.339;1.454;0.193;0.809;65.643;198.595;133.705;34.198;0.865;1.419;0.000;0.043;0.000;11;33.090;128.272;4;0;0;0;0;0;0;0
241;1;1;1;0.087266;-0.000000;1.000000;22454.668534;22454.733621;22454.864194;808174;139496;146062;106;1826;139496;151792;100.000;133.979;145.697;560.891;602.073;36.430;182380;158734;146062;0.188;0.111;0.068;2.352;1.458;0.086;36.108;34.582;130.541;130.572;129.080;27.653;26.791;1.596;0.296;0.094;65.087;195.659;131.881;33.889;0.556;1.365;13.255;0.032;0.000;47;32.298;126.695;7;0;0;0;0;0;0;0
242;1;1;1;0.087266;-0.000000;1.000000;22454.701915;22454.765724;22454.903235;810609;27824;145468;22;1819;27824;30376;100.000;0.809;0.880;558.610;599.634;7.290;172834;157523;145468;0.226;0.108;0.067;2.247;1.809;0.581;42.856;40.980;135.624;137.511;135.675;31.165;30.205;1.539;0.195;0.113;63.809;201.320;137.589;32.103;1.231;1.356;0.000;1.888;0.000;21;38.800;131.539;2;0;0;0;0;0;0;0
243;1;1;1;0.087266;-0.000000;1.000000;22454.734526;22454.800294;22454.931932;809086;19928;145086;16;1814;19928;21784;100.000;0.631;0.686;557.143;598.054;5.228;171118;157499;145086;0.192;0.112;0.067;2.360;1.556;0.092;32.752;31.130;131.618;131.638;130.057;24.880;23.936;1.602;0.286;0.102;65.768;197.407;132.953;34.570;1.237;1.349;0.000;0.020;0.000;9;28.836;127.675;3;0;0;0;0;0;0;0
244;1;1;1;0.087266;-0.000000;1.000000;22454.769018;22454.832034;22454.967324;804105;21808;145538;17;1820;21808;23780;100.000;0.636;0.691;558.878;599.925;5.707;170242;157206;145538;0.182;0.106;0.066;2.740;1.572;0.092;39.286;37.648;135.248;135.290;133.690;29.038;28.161;1.358;0.191;0.837;63.016;198.306;135.011;31.740;1.593;1.364;0.000;0.042;0.000;14;34.974;130.890;3;0;0;0;0;0;0;0
245;1;1;1;0.087266;-0.000000;1.000000;22454.801121;22454.866502;22454.999124;810243;24252;146056;19;1826;24252;26456;100.000;0.754;0.819;560.868;602.050;6.349;169515;157997;146056;0.190;0.109;0.069;2.212;2.300;0.795;36.114;33.745;132.602;132.622;130.298;27.231;25.898;1.432;0.303;0.109;65.382;198.004;133.478;34.469;1.136;1.350;0.000;0.020;0.000;9;31.602;128.064;4;0;0;0;0;0;0;0
246;1;1;1;0.087266;-0.000000;1.000000;22454.835230;22454.898881;22455.032423;808451;27448;146718;21;1834;27448;29884;100.000;0.782;0.849;563.410;604.772;7.172;169272;159005;146718;0.193;0.113;0.069;2.819;1.182;0.069;37.816;36.565;133.510;133.542;132.344;28.318;27.629;1.466;0.191;0.788;63.651;197.194;133.444;32.379;0.955;1.325;0.000;0.032;0.000;10;33.815;129.492;4;0;0;0;0;0;0;0
247;1;1;1;0.087266;-0.000000;1.000000;22454.867833;22454.934165;22455.069713;818595;29140;147758;23;1847;29140;31808;100.000;0.921;1.002;567.403;609.059;7.634;168647;159465;147758;0.221;0.109;0.067;2.980;1.747;0.586;41.283;39.470;135.538;135.548;133.781;30.456;29.503;1.441;0.195;0.948;66.332;201.880;137.400;35.284;1.951;1.364;0.000;0.010;0.000;17;36.557;130.789;3;0;0;0;0;0;0;0
248;1;1;1;0.087266;-0.000000;1.000000;22454.902585;22454.966023;22455.098895;813416;29328;149576;23;1870;29328;31996;100.000;0.847;0.921;574.384;616.559;7.679;169501;161100;149576;0.190;0.110;0.068;2.443;1.396;0.083;33.899;32.436;132.851;132.872;131.450;25.513;24.675;1.657;0.326;0.094;63.439;196.310;133.249;31.858;1.475;1.371;0.000;0.020;0.000;20;30.060;128.985;3;0;0;0;0;0;0;0
249;1;1;1;0.087266;-0.000000;1.000000;22454.933980;22455.000836;22455.133873;816251;30456;151824;24;1898;30456;33240;100.000;0.977;1.063;583.017;625.823;7.978;170907;162532;151824;0.226;0.108;0.067;3.905;1.981;0.565;38.819;36.771;133.013;133.037;131.036;29.179;28.062;1.720;0.200;1.585;66.856;199.893;134.894;34.813;1.479;1.378;0.000;0.024;0.000;15;32.933;127.106;3;0;0;0;0;0;0;0
250;1;1;1;0.087266;-0.000000;1.000000;22454.968960;22455.032482;22455.165440;820584;28576;153370;22;1918;28576;31128;100.000;0.858;0.931;588.953;632.211;7.471;171408;163751;153370;0.236;0.115;0.071;2.522;1.542;0.098;37.443;35.830;132.928;132.958;131.390;28.162;27.270;1.619;0.315;0.167;63.522;196.480;133.127;31.645;1.688;1.397;0.000;0.030;0.000;11;33.379;128.837;4;0;0;0;0;0;0;0
251;1;1;1;0.087266;-0.000000;1.000000;22455.001541;22455.065987;22455.198837;817535;26508;153478;21;1919;26508;28944;100.000;0.764;0.832;589.368;632.648;6.947;170967;163654;153478;0.192;0.113;0.071;2.709;1.737;0.467;37.462;35.654;132.794;132.850;131.091;28.199;27.198;1.523;0.201;0.609;64.446;197.296;133.191;33.505;0.172;1.321;0.000;0.056;0.000;16;33.016;128.324;3;0;0;0;0;0;0;0
252;1;1;1;0.087266;-0.000000;1.000000;22455.035281;22455.100852;22455.230807;812707;28764;152446;22;1906;28764;31316;100.000;0.915;0.993;585.405;628.392;7.516;168709;161572;152446;0.239;0.114;0.070;2.458;1.273;0.084;36.407;35.064;129.931;129.955;128.652;28.015;27.255;1.624;0.304;0.108;65.571;195.525;131.827;34.866;1.532;1.334;0.000;0.023;0.000;13;32.676;126.169;3;0;0;0;0;0;0;0
253;1;1;1;0.087266;-0.000000;1.000000;22455.068605;22455.132938;22455.264265;811017;29140;150768;23;1885;29140;31808;100.000;0.847;0.922;578.962;621.475;7.634;166056;159230;150768;0.196;0.111;0.072;2.618;1.336;0.400;37.195;35.787;131.282;131.327;129.970;28.323;27.535;1.850;0.296;0.093;64.334;195.660;131.952;32.086;1.247;1.329;0.000;0.045;0.000;13;33.241;127.306;3;0;0;0;0;0;0;0
254;1;1;1;0.087266;-0.000000;1.000000;22455.100746;22455.167525;22455.297581;812416;28012;148606;22;1858;28012;30564;100.000;0.906;0.986;570.660;612.564;7.335;163044;156733;148606;0.195;0.111;0.069;2.393;1.217;0.079;37.243;35.957;130.032;130.056;128.807;28.636;27.915;1.616;0.310;0.093;66.779;196.835;131.935;34.587;1.253;1.324;0.000;0.025;0.000;14;33.632;126.375;4;0;0;0;0;0;0;0
255;1;1;1;0.087266;-0.000000;1.000000;22455.135617;22455.198707;22455.333634;815874;27824;147150;22;1840;27824;30376;100.000;0.820;0.893;565.068;606.566;7.290;161242;154747;147150;0.224;0.108;0.066;4.754;1.828;0.451;39.666;37.772;134.870;134.927;133.073;29.398;28.385;1.743;1.216;1.398;63.090;198.017;134.655;31.181;2.152;1.376;0.000;0.058;0.000;20;33.083;128.260;2;0;0;0;0;0;0;0
256;1;1;1;0.087266;-0.000000;1.000000;22455.167506;22455.232830;22455.364178;811813;137804;146080;105;1826;137804;149984;100.000;4.199;4.567;560.960;602.142;35.996;184042;159743;146080;0.190;0.110;0.069;2.385;1.299;0.079;37.126;35.759;131.335;131.349;130.026;28.265;27.501;1.616;0.304;0.097;65.324;196.672;131.865;34.123;0.790;1.339;0.000;0.013;0.000;44;33.443;127.626;5;0;0;0;0;0;0;0
257;1;1;1;0.087266;-0.000000;1.000000;22455.201981;22455.265776;22455.399503;809323;28388;145366;22;1818;28388;30940;100.000;0.844;0.917;558.218;599.220;7.426;173125;158608;145366;0.199;0.106;0.066;4.594;1.419;0.077;39.001;37.517;133.704;133.727;132.282;29.165;28.362;1.665;1.216;1.343;63.795;197.522;133.857;32.946;0.387;1.279;0.000;0.023;0.000;11;32.988;127.663;4;0;0;0;0;0;0;0
258;1;1;1;0.087266;-0.000000;1.000000;22455.234594;22455.299572;22455.430649;806066;20492;145058;16;1814;20492;22348;100.000;0.629;0.683;557.035;597.947;5.364;169417;156636;145058;0.195;0.110;0.068;2.508;1.417;0.414;37.154;35.669;131.036;131.076;129.632;28.345;27.516;1.716;0.312;0.109;64.979;196.055;131.669;33.796;0.463;1.228;0.000;0.040;0.000;15;33.229;127.083;2;0;0;0;0;0;0;0
259;1;1;1;0.087266;-0.000000;1.000000;22455.268793;22455.332417;22455.463332;803994;21808;144584;17;1808;21808;23780;100.000;0.651;0.707;555.215;595.991;5.707;167484;156360;144584;0.193;0.109;0.068;2.436;0.939;0.059;36.613;35.606;130.869;130.915;129.957;27.967;27.398;1.699;0.275;0.093;63.624;194.539;131.019;32.844;0.489;1.182;0.000;0.046;0.000;16;33.237;127.473;2;0;0;0;0;0;0;0
260;1;1;1;0.087266;-0.000000;1.000000;22455.301188;22455.366135;22455.500611;804675;24440;144650;19;1809;24440;26644;100.000;0.758;0.823;555.468;596.267;6.395;166209;156026;144650;0.181;0.106;0.066;3.038;1.469;0.468;40.650;39.115;134.458;134.476;132.986;30.228;29.413;1.390;0.192;1.104;64.947;199.422;134.964;33.718;0.385;1.132;0.000;0.018;0.000;9;36.142;129.928;3;0;0;0;0;0;0;0
261;1;1;1;0.087266;-0.000000;1.000000;22455.335555;22455.398592;22455.529300;803023;25756;143952;20;1800;25756;28076;100.000;0.769;0.835;552.788;593.384;6.738;165011;155695;143952;0.175;0.104;0.065;1.987;1.381;0.083;33.198;31.753;130.665;130.707;129.309;25.399;24.556;1.388;0.187;0.068;63.038;193.745;130.320;32.458;0.876;1.116;0.000;0.043;0.000;19;29.830;127.278;2;0;0;0;0;0;0;0
262;1;1;1;0.087266;-0.000000;1.000000;22455.367799;22455.432284;22455.563823;804900;27448;144058;21;1801;27448;29884;100.000;0.841;0.912;553.195;593.813;7.172;165249;156692;144058;0.191;0.112;0.068;2.392;1.314;0.384;37.885;36.503;131.516;131.539;130.204;28.801;28.035;1.699;0.190;0.133;64.484;196.023;131.510;33.691;0.358;1.069;0.000;0.023;0.000;11;34.179;127.788;4;0;0;0;0;0;0;0
263;1;1;1;0.087266;-0.000000;1.000000;22455.402126;22455.465116;22455.596844;801032;29140;144662;23;1809;29140;31808;100.000;0.912;0.993;555.515;596.313;7.634;164952;156771;144662;0.192;0.111;0.067;2.426;1.255;0.079;36.719;35.398;131.681;131.728;130.447;27.875;27.136;1.654;0.303;0.099;62.991;194.719;131.198;32.833;0.501;1.033;0.000;0.047;0.000;22;33.038;127.973;2;0;0;0;0;0;0;0
264;1;1;1;0.087266;-0.000000;1.000000;22455.434560;22455.497198;22455.630416;793638;29892;145976;23;1825;29892;32560;100.000;0.837;0.909;560.560;601.720;7.814;164497;156645;145976;0.193;0.111;0.070;2.443;1.446;0.391;37.259;35.744;133.185;133.219;131.756;27.969;27.129;1.694;0.285;0.091;62.637;195.856;131.437;32.081;1.252;1.047;0.000;0.034;0.000;16;33.370;129.278;3;0;0;0;0;0;0;0
265;1;1;1;0.087266;-0.000000;1.000000;22455.468259;22455.533104;22455.663444;801156;29704;148478;23;1856;29704;32372;100.000;0.932;1.013;570.168;612.027;7.769;165801;158447;148478;0.193;0.111;0.068;2.445;1.273;0.086;36.897;35.557;130.323;130.340;129.043;28.309;27.554;1.668;0.299;0.106;64.845;195.185;131.131;35.906;2.573;1.142;0.000;0.017;0.000;17;33.179;126.571;3;0;0;0;0;0;0;0
266;1;1;1;0.087266;-0.000000;1.000000;22455.502159;22455.565127;22455.696590;804749;29140;149922;23;1875;29140;31808;100.000;0.862;0.938;575.713;618.000;7.634;166719;159476;149922;0.194;0.111;0.070;2.475;1.009;0.065;36.861;35.782;131.414;131.464;130.430;28.039;27.434;1.704;0.309;0.088;62.968;194.431;130.944;32.023;1.310;1.153;0.000;0.049;0.000;19;33.376;127.904;3;0;0;0;0;0;0;0
267;1;1;1;0.087266;-0.000000;1.000000;22455.534652;22455.599121;22455.734764;805449;28200;150436;22;1881;28200;30752;100.000;0.870;0.946;577.687;620.110;7.380;166856;159534;150436;0.215;0.104;0.067;4.567;2.076;0.521;41.651;39.508;135.618;135.643;133.541;30.706;29.585;1.652;1.221;1.308;64.469;200.112;135.784;33.994;0.661;1.122;0.000;0.025;0.001;10;35.008;128.946;4;0;0;0;0;0;0;0
268;1;1;1;0.087266;-0.000000;1.000000;22455.568368;22455.631712;22455.767302;805329;26884;149636;21;1871;26884;29320;100.000;0.795;0.864;574.615;616.812;7.037;165625;158593;149636;0.218;0.108;0.067;4.620;1.540;0.089;39.170;37.564;135.547;135.590;134.020;28.889;28.029;1.666;1.222;1.340;63.344;198.934;134.989;32.591;0.743;1.098;0.000;0.043;0.000;20;33.011;129.355;2;0;0;0;0;0;0;0
269;1;1;1;0.087266;-0.000000;1.000000;22455.601578;22455.665711;22455.800095;805419;27260;148420;21;1856;27260;29696;100.000;0.840;0.912;569.945;611.804;7.127;163930;157316;148420;1.196;0.112;0.070;4.208;1.641;0.506;38.957;37.247;134.341;134.383;132.722;28.990;28.064;1.559;0.197;1.075;64.133;198.516;134.449;34.000;0.667;1.071;0.000;0.042;0.000;18;33.108;128.469;3;0;0;0;0;0;0;0
270;1;1;1;0.087266;-0.000000;1.000000;22455.634929;22455.698344;22455.830657;804474;27824;146600;22;1833;27824;30376;100.000;0.794;0.864;562.956;604.296;7.290;161602;155097;146600;0.194;0.110;0.068;2.200;1.427;0.095;36.405;34.910;132.287;132.312;130.861;27.514;26.677;1.424;0.317;0.088;63.416;195.728;131.677;32.633;0.700;1.048;0.000;0.025;0.000;13;32.778;128.636;3;0;0;0;0;0;0;0
271;1;1;1;0.087266;-0.000000;1.000000;22455.668316;22455.733510;22455.866733;796101;135360;145088;103;1814;135360;147308;100.000;4.134;4.496;557.150;598.062;35.354;181623;158138;145088;0.221;0.105;0.066;4.616;1.801;0.490;39.702;37.835;133.150;133.223;131.401;29.801;28.794;1.659;1.210;1.356;65.194;198.417;134.420;35.165;1.832;1.097;0.000;0.073;0.000;31;33.285;126.710;8;0;0;0;0;0;0;0
272;1;1;1;0.087266;-0.000000;1.000000;22455.701776;22455.766410;22455.901268;805073;28012;144742;22;1810;28012;30564;100.000;0.883;0.960;555.822;596.643;7.335;170748;156069;144742;1.127;0.109;0.067;4.217;1.137;0.067;40.951;39.748;134.817;134.858;133.705;30.366;29.728;1.632;0.200;1.083;64.633;199.491;135.622;32.900;0.433;1.056;0.000;0.041;0.000;21;35.597;129.445;2;0;0;0;0;0;0;0
273;1;1;1;0.087266;-0.000000;1.000000;22455.734888;22455.798267;22455.932528;797204;23500;144320;18;1804;23500;25588;100.000;0.677;0.735;554.201;594.887;6.141;168031;154647;144320;0.196;0.113;0.068;2.877;1.443;0.434;36.609;35.099;134.237;134.261;132.799;27.267;26.430;1.429;0.188;0.884;63.379;197.640;133.549;31.857;1.476;1.082;0.000;0.024;0.000;10;32.289;129.897;3;0;0;0;0;0;0;0
274;1;1;1;0.087266;-0.000000;1.000000;22455.768402;22455.833157;22455.964379;805139;22936;144042;18;1801;22936;25024;100.000;0.714;0.776;553.134;593.752;6.006;166278;154233;144042;0.190;0.108;0.067;2.161;1.622;0.105;36.156;34.467;131.197;131.222;129.570;27.553;26.601;1.408;0.285;0.105;64.755;195.977;132.066;34.890;1.556;1.112;0.000;0.025;0.000;9;32.373;127.382;4;0;0;0;0;0;0;0
275;1;1;1;0.087266;-0.000000;1.000000;22455.802092;22455.865539;22455.997815;808073;25944;144130;20;1802;25944;28264;100.000;0.757;0.822;553.472;594.112;6.783;164563;153180;144130;0.226;0.110;0.068;3.126;1.019;0.062;37.215;36.128;132.237;132.276;131.236;28.134;27.529;1.510;0.189;1.023;63.446;195.722;132.169;32.382;0.951;1.102;0.000;0.039;0.001;12;33.070;128.059;3;0;0;0;0;0;0;0
276;1;1;1;0.087266;-0.000000;1.000000;22455.834129;22455.900008;22456.033303;813584;25944;144164;20;1803;25944;28264;100.000;0.804;0.873;553.602;594.265;6.783;164571;154318;144164;0.191;0.108;0.066;2.662;1.455;0.486;39.635;38.115;133.270;133.295;131.825;29.735;28.913;1.560;0.190;0.548;65.879;199.174;134.324;34.469;1.136;1.104;0.000;0.025;0.000;11;35.518;129.136;3;0;0;0;0;0;0;0
277;1;1;1;0.087266;-0.000000;1.000000;22455.868739;22455.932532;22456.064559;812306;28764;144334;22;1805;28764;31316;100.000;0.843;0.915;554.255;594.963;7.516;163678;153980;144334;0.194;0.109;0.068;2.242;1.506;0.089;35.358;33.784;131.978;132.027;130.493;26.781;25.890;1.415;0.294;0.162;63.793;195.820;132.246;32.524;0.809;1.085;0.000;0.049;0.000;21;31.610;128.202;2;0;0;0;0;0;0;0
278;1;1;1;0.087266;-0.000000;1.000000;22455.901192;22455.966847;22456.098281;817500;29328;144850;23;1811;29328;31996;100.000;0.938;1.020;556.236;597.080;7.679;163269;154667;144850;0.197;0.112;0.069;2.753;1.465;0.392;37.477;35.944;131.413;131.434;129.952;28.514;27.659;1.492;0.190;0.694;65.655;197.089;132.635;34.315;0.981;1.079;0.000;0.021;0.000;13;33.259;127.176;3;0;0;0;0;0;0;0
279;1;1;1;0.087266;-0.000000;1.000000;22455.935384;22455.998261;22456.133997;824803;30268;147006;23;1838;30268;32936;100.000;0.909;0.986;564.516;605.968;7.905;164265;155679;147006;0.193;0.112;0.067;2.501;1.362;0.081;39.922;38.493;135.694;135.736;134.348;29.411;28.652;1.713;0.207;0.211;62.877;198.613;135.017;31.414;1.920;1.131;0.000;0.042;0.000;22;36.058;131.803;2;0;0;0;0;0;0;0
280;1;1;1;0.087266;-0.000000;1.000000;22455.967308;22456.031730;22456.166049;813944;29704;149388;23;1868;29704;32372;100.000;0.841;0.914;573.662;615.792;7.769;166141;158254;149388;0.231;0.111;0.069;2.676;1.894;0.531;35.902;33.939;134.295;134.319;132.389;26.729;25.636;1.735;0.300;0.230;64.421;198.740;133.736;33.469;0.136;1.069;0.000;0.024;0.000;13;31.332;129.687;4;0;0;0;0;0;0;0
281;1;1;1;0.087266;-0.000000;1.000000;22456.001759;22456.067225;22456.198444;815307;30268;150146;23;1877;30268;32936;100.000;511.054;554.489;576.573;618.906;7.905;166016;158480;150146;0.183;0.108;0.067;2.473;1.069;0.067;36.980;35.844;131.189;131.220;130.132;28.182;27.545;1.841;0.195;0.080;65.466;196.685;132.798;35.495;2.162;1.137;0.000;0.030;0.000;17;33.438;127.627;2;0;0;0;0;0;0;0
282;1;1;1;0.087266;-0.000000;1.000000;22456.035363;22456.098357;22456.233312;816329;27448;149960;21;1875;27448;29884;100.000;0.809;0.878;575.859;618.146;7.172;165440;158206;149960;0.189;0.113;0.069;2.542;2.274;0.611;38.390;36.047;134.920;134.955;132.644;28.446;27.175;1.658;0.271;0.243;62.994;197.949;134.333;31.133;2.201;1.204;0.000;0.035;0.000;14;33.573;130.066;3;0;0;0;0;0;0;0
283;1;1;1;0.087266;-0.000000;1.000000;22456.067460;22456.132495;22456.265342;813249;27636;148574;21;1858;27636;30072;100.000;356.889;387.115;570.537;612.441;7.217;163646;156455;148574;0.196;0.110;0.068;2.389;1.201;0.076;36.860;35.591;132.799;132.847;131.625;27.746;27.040;1.748;0.195;0.073;65.035;197.883;133.030;34.138;0.804;1.179;0.000;0.048;0.000;13;33.270;129.188;3;0;0;0;0;0;0;0
284;1;1;1;0.087266;-0.000000;1.000000;22456.101640;22456.167423;22456.302832;809333;27824;146866;22;1836;27824;30376;100.000;0.889;0.967;563.978;605.386;7.290;161321;154158;146866;0.207;0.105;0.065;4.571;2.419;0.544;41.060;38.577;135.375;135.409;132.954;30.323;29.015;1.633;1.236;1.325;65.783;201.192;137.186;34.928;1.595;1.205;0.000;0.034;0.001;13;34.070;128.345;3;0;0;0;0;0;0;0
285;1;1;1;0.087266;-0.000000;1.000000;22456.135224;22456.198950;22456.335339;815482;28764;145550;22;1820;28764;31316;100.000;0.810;0.879;558.924;599.971;7.516;159554;152609;145550;0.226;0.108;0.065;4.653;1.661;0.090;39.474;37.748;136.325;136.389;134.688;28.942;28.026;1.661;1.224;1.370;63.726;200.115;136.360;31.526;1.807;1.243;0.000;0.064;0.001;21;33.160;129.954;2;0;0;0;0;0;0;0
286;1;1;1;0.087266;-0.000000;1.000000;22456.167499;22456.234654;22456.367886;814633;136112;144160;104;1802;136112;148176;100.000;4.362;4.745;553.587;594.228;35.562;181574;157734;144160;0.184;0.106;0.066;2.767;1.131;0.067;38.878;37.682;133.195;133.232;132.082;29.181;28.529;1.430;0.189;0.792;67.155;200.387;135.574;35.705;2.371;1.313;0.000;0.036;0.000;36;34.980;129.276;7;0;0;0;0;0;0;0
287;1;1;1;0.087266;-0.000000;1.000000;22456.202247;22456.265966;22456.398488;814941;28388;142853;22;1786;28388;30940;100.000;0.813;0.883;548.568;588.848;7.426;171876;156087;142853;0.192;0.110;0.068;2.200;1.825;0.696;34.480;32.588;132.422;132.522;130.662;26.019;24.940;1.435;0.281;0.114;63.718;196.240;132.841;31.311;2.022;1.357;0.000;0.100;0.000;22;30.455;128.361;2;0;0;0;0;0;0;0
288;1;1;1;0.087266;-0.000000;1.000000;22456.234436;22456.301115;22456.431397;818847;23312;142468;18;1781;23312;25400;100.000;0.707;0.767;547.090;587.256;6.096;168303;154519;142468;0.195;0.118;0.070;2.485;1.059;0.064;36.938;35.808;130.227;130.282;129.193;28.352;27.717;1.698;0.288;0.116;66.679;196.962;132.418;35.149;1.816;1.386;0.000;0.056;0.000;17;33.394;126.652;2;0;0;0;0;0;0;0
289;1;1;1;0.087266;-0.000000;1.000000;22456.268564;22456.334331;22456.466121;824052;21056;142484;16;1782;21056;22912;100.000;701.006;759.622;547.151;587.340;5.499;165885;153415;142484;0.191;0.112;0.067;2.376;1.901;0.503;38.269;36.301;131.754;131.789;129.865;29.038;27.953;1.626;0.258;0.123;65.767;197.556;133.808;33.216;0.117;1.307;0.000;0.035;0.000;16;33.992;127.451;1;0;0;0;0;0;0;0
290;1;1;1;0.087266;-0.000000;1.000000;22456.300735;22456.365506;22456.500406;835458;25756;143172;20;1790;25756;28076;100.000;0.741;0.805;549.793;590.163;6.738;165038;153515;143172;1.178;0.111;0.068;4.307;1.447;0.077;38.563;37.048;134.858;134.900;133.435;28.586;27.765;1.655;0.198;1.098;64.771;199.670;134.760;31.175;2.158;1.360;0.000;0.041;0.000;19;32.809;129.085;2;0;0;0;0;0;0;0
291;1;1;1;0.087266;-0.000000;1.000000;22456.334016;22456.400442;22456.535214;819605;26508;143314;21;1792;26508;28944;100.000;0.808;0.880;550.338;590.753;6.947;163820;154111;143314;1.165;0.108;0.067;4.221;1.389;0.442;40.557;39.101;134.720;134.772;133.365;30.093;29.319;1.542;0.214;1.125;66.426;201.198;136.234;34.936;1.603;1.375;0.000;0.052;0.000;19;34.947;129.090;2;0;0;0;0;0;0;0
292;1;1;1;0.087266;-0.000000;1.000000;22456.369083;22456.433432;22456.565729;827799;26696;143732;21;1797;26696;29132;100.000;0.795;0.864;551.943;592.471;6.992;162882;153670;143732;0.198;0.111;0.069;2.754;1.035;0.056;36.120;35.016;131.340;132.297;131.244;27.302;26.680;1.494;0.190;0.694;64.349;196.646;133.417;32.990;0.344;1.311;0.000;0.958;0.000;22;32.331;127.531;2;0;0;0;0;0;0;0
293;1;1;1;0.087266;-0.000000;1.000000;22456.400873;22456.467218;22456.602314;830771;28388;144010;22;1801;28388;30940;100.000;0.903;0.981;553.011;593.629;7.426;162244;153821;144010;0.192;0.109;0.065;4.359;1.562;0.088;40.364;38.738;135.068;135.097;133.510;29.878;29.015;1.477;1.217;1.300;66.345;201.441;136.668;33.786;0.452;1.257;0.000;0.028;0.000;15;34.443;129.120;3;0;0;0;0;0;0;0
294;1;1;1;0.087266;-0.000000;1.000000;22456.435516;22456.498816;22456.632810;835004;29704;145768;23;1823;29704;32372;100.000;0.856;0.931;559.762;600.876;7.769;163083;155530;145768;0.194;0.106;0.066;2.414;1.679;0.501;36.415;34.670;133.953;133.994;132.290;27.177;26.208;1.778;0.197;0.073;63.300;197.295;133.831;31.598;1.735;1.287;0.000;0.041;0.000;14;32.322;129.834;3;0;0;0;0;0;0;0
295;1;1;1;0.087266;-0.000000;1.000000;22456.468167;22456.533693;22456.667091;814967;29140;148094;23;1852;29140;31808;100.000;0.938;1.020;568.693;610.462;7.634;164575;157380;148094;0.192;0.109;0.068;2.791;1.117;0.055;38.362;37.177;133.376;133.398;132.253;28.758;28.111;1.499;0.199;0.725;65.526;198.924;134.778;34.877;1.543;1.303;0.000;0.022;0.000;15;34.454;129.433;3;0;0;0;0;0;0;0
296;1;1;1;0.087266;-0.000000;1.000000;22456.502369;22456.565032;22456.740417;818656;29328;149404;23;1868;29328;31996;100.000;0.806;0.877;573.724;615.853;7.679;165257;158041;149404;0.181;0.110;0.067;2.007;1.652;0.530;77.243;75.524;175.359;175.386;173.717;44.042;43.476;1.389;0.194;0.067;62.662;238.048;174.771;31.339;1.994;1.346;0.000;0.027;0.000;14;73.584;171.682;3;0;0;0;0;0;0;0
297;1;1;1;0.087266;-0.000000;1.000000;22456.534144;22456.601653;22456.761745;819807;28200;149370;22;1868;28200;30752;100.000;0.903;0.981;573.593;615.723;7.380;164963;157869;149370;0.190;0.110;0.069;2.006;1.173;0.066;24.985;23.743;160.050;160.092;158.903;15.606;14.942;1.377;0.194;0.066;67.509;227.601;162.765;36.621;3.288;1.468;0.000;0.042;0.001;13;21.805;156.854;3;0;0;0;0;0;0;0
298;1;1;1;0.087266;-0.000000;1.000000;22456.568495;22456.633063;22456.781584;814766;27636;148012;21;1851;27636;30072;100.000;471.266;511.178;568.379;610.125;7.217;163160;156232;148012;0.182;0.108;0.067;2.010;1.694;0.492;23.013;21.253;148.480;148.520;146.808;15.495;14.476;1.393;0.193;0.068;64.569;213.089;149.271;31.411;1.923;1.496;0.000;0.040;0.000;13;19.310;144.757;2;0;0;0;0;0;0;0
299;1;1;1;0.087266;-0.000000;1.000000;22456.600628;22456.717262;22456.801976;809259;28764;146174;22;1828;28764;31316;100.000;368.215;399.661;561.321;602.548;7.516;160585;153802;146174;0.246;0.110;0.066;2.140;1.115;0.066;24.093;22.913;84.650;84.714;83.580;28.441;27.414;1.450;0.192;0.077;116.634;201.348;136.330;84.199;50.865;4.582;0.000;0.064;0.000;17;20.838;81.376;2;0;0;0;0;0;0;0
300;1;1;1;0.087266;-0.000000;1.000000;22456.635294;22456.717345;22456.823129;812212;28952;144110;22;1802;28952;31504;100.000;769.607;834.907;553.395;594.036;7.561;158302;151429;144110;0.218;0.108;0.066;2.043;1.394;0.447;24.400;22.940;105.510;105.784;104.365;23.066;21.981;1.380;0.190;0.082;82.052;187.835;124.150;0.083;33.250;6.373;0.000;0.274;0.000;27;20.963;102.046;1;0;0;0;0;0;0;0
