frame_id;rx_complete;tx_complete;current_skip;event;yaw;pitch;zoom;camera_send_timestamp;recv_start_timestamp;codec_exit_time;node_exit_timestamp;original_points;rx_points;processed_points;rx_packets;tx_packets;payload_bytes;reference_size_bytes;data_integrity_pct;internal_throughput_mbs;reference_throughput_mbs;logical_bitrate_mbps;network_bitrate_mbps;reference_bitrate_mbps;conversion_ms;geometry_aggregation_ms;max_r_ms;projection_ms;codec_write_ms;active_tx_ms;active_process_ms;reference_process_ms;total_processing_ms;total_residency_ms;reference_residency_ms;node_efficiency_pct;reference_efficiency_pct;gpu_transfer_ms;gpu_kernel_ms;gpu_packing_ms;gpu_copyback_ms;host_overhead_ms;camera_node_ms;e2e_latency_ms;schedule_delay_ms;inter_arrival_ms;instant_jitter_ms;desynced_jitter_ms;reference_jitter_ms;raw_queue_ms;render_queue_ms;workload_ewma_ms;workload_ratio;frame_backlog;codec_backlog;encode_service_ms;encode_h265_ms;mse_y;psnr_y;ssim_y;mpeg_bytes_generated;ffmpeg_write_calls;ffmpeg_write_eagain;tx_zero_accepts;tx_partial_accepts;tx_resubmit_calls;tx_resubmitted_packets;mbuf_starvation
1;1;1;1;WARMUP;0.000;0.000;1.000;22446.667863;22446.670160;22446.709799;22446.733002;784142;784142;784142;9802;108;12546272;12546312;100.000;1011.974;1011.974;34.132;37.480;3011.115;10.929;4.254;2.215;11.541;8.995;0.006;37.935;31.465;50.445;62.843;39.639;60.365;79.379;1.476;0.911;0.506;1.402;7.246;2.296;65.139;62.843;0.000;0.000;0.000;0.000;0.014;0.220;18.039;0.541;0;1;31.379;31.381;nan;nan;nan;142128;1;0;0;0;0;0;0
2;1;1;1;WARMUP;0.000;0.000;1.000;22446.700266;22446.703360;22446.741905;22446.766026;783406;783406;783406;9793;22;12534496;12534536;100.000;1583.707;1583.707;6.970;7.635;3008.289;3.348;4.324;2.210;4.233;19.504;0.002;33.620;27.086;54.751;62.666;38.545;53.650;70.270;1.394;0.905;0.514;1.390;0.029;3.094;65.760;62.533;33.200;0.133;0.008;0.133;0.014;0.343;16.224;0.487;0;2;43.563;43.564;nan;nan;nan;28952;1;0;0;0;0;0;0
3;1;1;1;WARMUP;0.000;0.000;1.000;22446.734589;22446.737477;22446.773912;22446.832189;780200;780200;780200;9753;18;12483200;12483240;100.000;1109.858;1109.858;5.481;6.021;2995.978;5.568;4.855;2.390;4.876;12.971;0.005;30.660;23.415;83.464;94.712;36.435;32.372;64.265;2.029;0.907;0.522;1.387;0.030;2.889;97.601;95.363;34.117;0.784;0.057;0.784;0.004;0.090;15.201;0.456;0;2;38.908;38.910;nan;nan;nan;22748;1;0;0;0;0;0;0
4;1;1;1;WARMUP;0.000;0.000;1.000;22446.769363;22446.773783;22446.808056;22446.864149;778467;778467;778467;9731;18;12455472;12455512;100.000;1006.709;1006.709;5.436;5.976;2989.323;4.495;4.188;2.192;4.433;11.022;0.002;26.331;19.950;77.993;90.366;34.272;29.138;58.211;1.394;0.922;0.517;1.573;0.027;4.420;94.786;93.989;36.306;2.973;0.239;2.973;0.002;0.061;14.109;0.423;0;2;35.147;35.150;nan;nan;nan;22560;1;0;0;0;0;0;0
5;1;1;1;WARMUP;0.000;0.000;1.000;22446.803105;22446.807774;22446.839549;22446.895304;776427;776427;776427;9706;17;12422832;12422872;100.000;1241.008;1241.008;5.345;5.855;2981.489;3.719;4.749;2.508;5.153;8.438;0.002;24.567;17.310;77.520;87.530;31.775;28.067;54.476;2.296;0.906;0.512;1.408;0.031;4.669;92.199;91.811;33.991;0.657;0.265;0.657;0.002;0.913;12.422;0.373;0;2;33.032;33.034;nan;nan;nan;22184;1;0;0;0;0;0;0
6;1;1;1;IDLE;0.000;0.000;1.000;22446.835756;22446.838668;22446.870535;22446.930436;774893;774893;774893;9687;19;12398288;12398328;100.000;1110.433;1110.433;5.887;6.458;2975.599;3.835;4.524;2.395;4.800;8.933;0.001;24.487;17.568;80.603;91.769;31.867;26.684;55.130;1.958;0.901;0.514;1.396;0.031;2.911;94.680;93.610;30.894;2.440;0.401;2.440;0.003;0.046;12.249;0.367;0;2;33.699;33.700;nan;nan;nan;24440;1;0;0;0;0;0;0
7;1;1;1;IDLE;0.000;0.000;1.000;22446.868228;22446.871239;22446.902312;22446.965189;775949;775949;775949;9700;19;12415184;12415224;100.000;1011.828;1011.828;5.977;6.549;2979.654;3.911;4.329;2.272;4.927;6.970;0.001;22.408;15.808;81.680;93.950;31.073;23.851;50.875;2.082;0.908;0.512;1.396;0.029;3.011;96.961;95.029;32.571;0.762;0.424;0.762;0.002;0.302;12.072;0.362;0;2;35.091;35.092;nan;nan;nan;24816;1;0;0;0;0;0;0
8;1;1;1;IDLE;0.000;0.000;1.000;22446.902476;22446.907757;22446.937482;22446.965244;775463;775463;775463;9694;20;12407408;12407448;100.000;1179.259;1179.259;6.338;6.941;2977.788;6.883;4.721;2.345;5.072;6.606;0.001;25.626;18.561;46.966;57.488;29.725;44.577;62.442;2.119;0.901;0.526;1.495;0.031;5.281;62.769;61.751;36.518;3.185;0.596;3.185;0.002;0.457;12.091;0.363;0;2;34.309;34.311;nan;nan;nan;26320;1;0;0;0;0;0;0
9;1;1;1;IDLE;0.000;0.000;1.000;22446.935026;22446.939210;22446.972436;22447.030373;775698;775698;775698;9697;20;12411168;12411208;100.000;952.770;952.770;6.293;6.896;2978.690;4.091;4.543;2.378;6.000;7.018;0.003;24.030;17.110;78.136;91.163;33.226;26.360;51.494;3.275;0.823;0.470;1.397;0.036;4.184;95.347;93.546;31.453;1.880;0.676;1.880;0.003;0.257;12.304;0.369;0;2;32.752;32.753;nan;nan;nan;26132;1;0;0;0;0;0;0
10;1;1;1;IDLE;0.000;0.000;1.000;22446.968104;22446.971511;22447.005064;22447.066351;778020;778020;778020;9726;20;12448320;12448360;100.000;955.267;955.267;6.112;6.715;2987.606;4.065;4.599;2.387;6.620;6.563;0.001;24.234;17.248;81.809;94.840;33.553;25.552;51.403;3.331;1.143;0.483;1.631;0.032;3.407;98.247;96.191;32.301;1.033;0.699;1.033;0.003;0.349;12.633;0.379;0;2;31.867;31.868;nan;nan;nan;25380;1;0;0;0;0;0;0
11;1;1;1;IDLE;0.000;0.000;1.000;22447.001818;22447.005215;22447.037763;22447.098786;778554;778554;778554;9732;19;12456864;12456904;100.000;920.377;920.377;5.796;6.368;2989.657;4.160;4.425;2.249;4.914;7.192;0.003;22.941;16.267;80.036;93.571;32.548;24.517;49.978;2.139;0.837;0.490;1.416;0.032;3.398;96.969;95.293;33.705;0.371;0.678;0.371;0.011;0.221;12.375;0.371;0;2;35.776;35.777;nan;nan;nan;24064;1;0;0;0;0;0;0
12;1;1;1;IDLE;0.000;0.000;1.000;22447.036005;22447.040243;22447.075190;22447.130852;779986;779986;779986;9750;20;12479776;12479816;100.000;977.014;977.014;6.157;6.760;2995.156;4.349;4.686;2.525;6.091;8.535;0.003;26.185;18.974;77.836;90.609;34.947;28.898;54.294;3.273;0.824;0.515;1.443;0.035;4.238;94.847;94.026;35.027;1.694;0.742;1.694;0.003;0.334;12.612;0.378;0;2;32.127;32.128;nan;nan;nan;25568;1;0;0;0;0;0;0
13;1;1;1;IDLE;0.000;0.000;1.000;22447.067927;22447.071386;22447.106083;22447.165937;780926;780926;780926;9762;20;12494816;12494856;100.000;1016.622;1016.622;6.293;6.896;2998.765;4.014;4.896;2.321;5.179;9.353;0.001;25.764;18.547;82.260;94.551;34.696;27.249;53.454;2.323;0.849;0.509;1.466;0.032;3.460;98.010;95.777;31.144;2.190;0.832;2.190;0.003;0.651;12.561;0.377;0;2;34.118;34.119;nan;nan;nan;26132;1;0;0;0;0;0;0
14;1;1;1;IDLE;0.000;0.000;1.000;22447.101741;22447.104774;22447.137574;22447.198729;782770;782770;782770;9785;21;12524320;12524360;100.000;920.544;920.544;6.428;7.062;3005.846;4.130;4.702;2.314;5.410;6.697;0.002;23.253;16.237;80.350;93.955;32.800;24.749;49.503;2.454;0.839;0.511;1.575;0.031;3.033;96.988;95.236;33.387;0.054;0.784;0.054;0.002;0.068;12.530;0.376;0;2;35.056;35.057;nan;nan;nan;26696;1;0;0;0;0;0;0
15;1;1;1;IDLE;0.000;0.000;1.000;22447.135219;22447.138861;22447.175880;22447.231137;784474;784474;784474;9806;21;12551584;12551624;100.000;895.627;895.627;6.518;7.152;3012.390;4.436;4.648;2.382;5.999;8.991;0.002;26.455;19.425;78.261;92.275;37.018;28.670;52.474;3.328;0.771;0.445;1.408;0.045;3.643;95.918;94.310;34.088;0.754;0.782;0.754;0.002;0.981;12.660;0.380;0;2;31.835;31.837;nan;nan;nan;27072;1;0;0;0;0;0;0
16;1;1;1;IDLE;0.000;0.000;1.000;22447.167909;22447.171558;22447.206097;22447.266018;785193;785193;785193;9815;101;12563088;12563128;100.000;982.903;982.903;31.650;34.780;3015.151;4.111;4.954;2.357;4.797;9.593;0.004;25.811;18.501;81.678;94.460;34.539;27.325;53.565;2.044;0.809;0.484;1.428;0.030;3.648;98.108;95.858;32.696;0.637;0.773;0.637;0.003;0.053;12.525;0.376;0;2;34.630;34.631;nan;nan;nan;131788;1;0;0;0;0;0;0
17;1;1;1;IDLE;0.000;0.000;1.000;22447.201514;22447.204700;22447.239360;22447.266083;782720;782720;782720;9784;22;12523520;12523560;100.000;892.656;892.656;6.970;7.635;3005.654;4.365;4.429;2.570;5.252;8.193;0.001;24.809;17.810;47.353;61.383;34.660;40.417;51.384;2.442;0.782;0.452;1.543;0.033;3.186;64.569;62.590;33.142;0.191;0.736;0.191;0.002;0.183;12.463;0.374;0;2;34.847;34.848;nan;nan;nan;28952;1;0;0;0;0;0;0
18;1;1;1;IDLE;0.000;0.000;1.000;22447.235436;22447.238932;22447.274082;22447.332848;781613;781613;781613;9771;18;12505808;12505848;100.000;876.625;876.625;5.571;6.111;3001.404;4.321;4.662;2.370;5.754;7.961;0.002;25.068;18.036;79.650;93.916;35.150;26.692;51.313;3.096;0.767;0.441;1.417;0.034;3.496;97.412;96.022;34.233;0.899;0.747;0.899;0.002;0.132;12.549;0.376;0;2;31.196;31.197;nan;nan;nan;23124;1;0;0;0;0;0;0
19;1;1;1;IDLE;0.000;0.000;1.000;22447.267893;22447.271398;22447.304178;22447.332900;780006;780006;780006;9751;17;12480096;12480136;100.000;934.252;934.252;5.390;5.900;2995.233;4.096;4.704;2.305;4.894;6.964;0.001;22.963;15.954;48.143;61.501;32.780;37.338;48.670;2.140;0.846;0.473;1.403;0.032;3.506;65.007;62.740;32.466;0.868;0.754;0.868;0.003;0.550;12.390;0.372;0;2;35.630;35.632;nan;nan;nan;22372;1;0;0;0;0;0;0
20;1;1;1;IDLE;0.000;0.000;1.000;22447.301811;22447.305372;22447.343300;22447.400004;780302;780302;780302;9754;18;12484832;12484872;100.000;903.602;903.602;5.526;6.066;2996.369;4.464;4.595;2.379;6.639;10.018;0.002;28.094;21.121;80.815;94.632;37.928;29.688;55.687;3.488;1.083;0.432;1.598;0.038;3.561;98.193;96.511;33.974;0.641;0.747;0.641;0.016;0.462;12.701;0.381;0;2;31.118;31.120;nan;nan;nan;22936;1;0;0;0;0;0;0
21;1;1;1;IDLE;0.000;0.000;1.000;22447.334857;22447.338239;22447.370990;22447.430867;779066;779066;779066;9739;19;12465056;12465096;100.000;973.785;973.785;5.977;6.549;2991.623;4.087;4.935;2.325;4.866;7.645;0.002;23.857;16.598;79.826;92.627;32.750;25.756;50.680;2.031;0.764;0.473;1.567;0.031;3.382;96.010;94.040;32.867;0.466;0.729;0.466;0.004;0.173;12.560;0.377;0;2;36.656;36.657;nan;nan;nan;24816;1;0;0;0;0;0;0
22;1;1;1;IDLE;0.000;0.000;1.000;22447.368505;22447.372467;22447.409454;22447.430905;778280;778280;778280;9729;19;12452480;12452520;100.000;898.787;898.787;6.022;6.594;2988.605;4.436;5.056;2.501;6.085;9.011;0.001;27.089;19.532;44.583;58.438;36.987;46.354;52.807;3.329;0.740;0.440;1.542;0.034;3.962;62.400;60.745;34.227;0.894;0.740;0.894;0.002;0.476;12.838;0.385;0;2;30.420;30.422;nan;nan;nan;25004;1;0;0;0;0;0;0
23;1;1;1;IDLE;0.000;0.000;1.000;22447.401607;22447.405150;22447.437394;22447.499256;778907;778907;778907;9737;20;12462512;12462552;100.000;984.963;984.963;6.248;6.851;2991.012;4.035;4.798;2.313;4.912;6.888;0.003;22.946;15.835;81.453;94.106;32.244;24.383;49.110;2.086;0.767;0.474;1.555;0.029;3.543;97.649;95.763;32.683;0.650;0.734;0.650;0.003;0.676;12.637;0.379;0;2;34.868;34.869;nan;nan;nan;25944;1;0;0;0;0;0;0
24;1;1;1;IDLE;0.000;0.000;1.000;22447.434802;22447.438444;22447.473600;22447.531036;779289;779289;779289;9742;19;12468624;12468664;100.000;890.202;890.202;5.751;6.323;2992.479;4.388;4.600;2.429;5.862;8.017;0.002;25.297;18.267;78.585;92.591;35.156;27.321;51.960;3.214;0.742;0.438;1.434;0.034;3.642;96.234;94.209;33.294;0.039;0.691;0.039;0.003;0.237;12.706;0.381;0;2;33.669;33.671;nan;nan;nan;23876;1;0;0;0;0;0;0
25;1;1;1;IDLE;0.000;0.000;1.000;22447.468902;22447.472782;22447.508685;22447.567120;779739;779739;779739;9747;20;12475824;12475864;100.000;906.077;906.077;6.067;6.670;2994.207;4.284;4.547;2.397;5.728;9.021;0.001;25.977;19.032;80.569;94.339;35.903;27.536;53.011;3.052;0.752;0.433;1.457;0.034;3.880;98.218;96.961;34.338;1.004;0.710;1.004;0.002;0.437;12.703;0.381;0;2;31.368;31.371;nan;nan;nan;25192;1;0;0;0;0;0;0
26;1;1;1;IDLE;0.000;0.000;1.000;22447.501080;22447.504530;22447.538813;22447.598122;779364;779364;779364;9743;21;12469824;12469864;100.000;923.431;923.431;6.383;7.017;2992.767;4.163;4.792;2.333;5.854;7.067;0.001;24.209;17.084;80.088;93.592;34.282;25.867;49.833;3.208;0.768;0.455;1.389;0.034;3.450;97.042;94.629;31.749;1.585;0.765;1.585;0.003;0.728;12.775;0.383;0;2;35.372;35.373;nan;nan;nan;26508;1;0;0;0;0;0;0
27;1;1;1;IDLE;0.000;0.000;1.000;22447.535177;22447.539134;22447.577847;22447.630910;780025;780025;780025;9751;20;12480400;12480440;100.000;836.575;836.575;6.293;6.896;2995.306;4.547;4.623;2.352;6.058;10.024;0.002;27.604;20.629;76.858;91.776;38.712;30.078;53.289;3.213;0.761;0.440;1.611;0.033;3.957;95.733;94.084;34.604;1.270;0.797;1.270;0.003;0.732;12.845;0.385;0;2;30.297;30.298;nan;nan;nan;26132;1;0;0;0;0;0;0
28;1;1;1;IDLE;0.000;0.000;1.000;22447.567785;22447.570829;22447.604836;22447.665609;780373;780373;780373;9755;21;12485968;12486008;100.000;1033.370;1033.370;6.428;7.062;2996.642;4.009;5.251;2.363;5.077;8.950;0.002;25.651;18.036;82.697;94.780;34.008;27.063;53.036;2.124;0.763;0.462;1.698;0.031;3.044;97.824;95.449;31.695;1.639;0.849;1.639;0.003;0.279;12.810;0.384;0;2;35.020;35.021;nan;nan;nan;26696;1;0;0;0;0;0;0
29;1;1;1;IDLE;0.000;0.000;1.000;22447.601613;22447.605152;22447.637628;22447.697741;781651;781651;781651;9771;22;12506416;12506456;100.000;932.138;932.138;6.744;7.409;3001.549;4.346;5.057;2.431;4.818;6.659;0.003;23.311;15.823;79.172;92.589;32.476;25.176;48.721;2.099;0.766;0.460;1.460;0.033;3.539;96.128;94.248;34.323;0.990;0.858;0.990;0.017;0.076;12.686;0.381;0;2;34.636;34.637;nan;nan;nan;28012;1;0;0;0;0;0;0
30;1;1;1;IDLE;0.000;0.000;1.000;22447.634977;22447.639595;22447.673827;22447.732486;781375;781375;781375;9768;21;12502000;12502040;100.000;921.086;921.086;6.383;7.017;3000.490;4.369;4.659;2.405;5.319;7.763;0.002;24.516;17.451;79.317;92.891;34.232;26.392;50.979;2.703;0.747;0.431;1.406;0.030;4.618;97.508;95.659;34.443;1.110;0.874;1.110;0.002;0.509;12.622;0.379;0;2;31.674;31.675;nan;nan;nan;26508;1;0;0;0;0;0;0
31;1;1;1;IDLE;0.000;0.000;1.000;22447.668110;22447.671625;22447.705594;22447.764074;784392;784392;784392;9805;100;12550272;12550312;100.000;918.277;918.277;31.380;34.478;3012.075;4.270;5.013;2.534;4.879;7.469;0.008;24.165;16.618;78.782;92.449;33.968;26.139;48.921;2.033;0.771;0.479;1.566;0.029;3.515;95.964;93.915;32.030;1.303;0.901;1.303;0.002;0.403;12.576;0.377;0;2;34.356;34.359;nan;nan;nan;130660;1;0;0;0;0;0;0
32;1;1;1;IDLE;0.000;0.000;1.000;22447.701792;22447.705282;22447.742224;22447.797549;782671;782671;782671;9784;22;12522736;12522776;100.000;867.447;867.447;6.879;7.545;3005.466;4.350;4.747;2.429;5.558;9.016;0.002;26.101;18.925;77.831;92.268;36.942;28.288;51.228;2.937;0.748;0.430;1.411;0.033;3.490;95.758;94.056;33.656;0.323;0.864;0.323;0.003;0.751;12.621;0.379;0;2;30.862;30.863;nan;nan;nan;28576;1;0;0;0;0;0;0
33;1;1;1;IDLE;0.000;0.000;1.000;22447.734555;22447.737605;22447.770591;22447.832230;776999;776999;776999;9713;18;12431984;12432024;100.000;933.729;933.729;5.706;6.247;2983.686;4.167;4.914;2.352;5.234;6.626;0.001;23.293;16.027;81.310;94.625;32.986;24.616;48.586;2.314;0.791;0.470;1.628;0.031;3.049;97.674;95.404;32.323;1.010;0.874;1.010;0.004;0.540;12.593;0.378;0;2;33.580;33.581;nan;nan;nan;23688;1;0;0;0;0;0;0
34;1;1;1;IDLE;0.000;0.000;1.000;22447.768127;22447.771461;22447.805188;22447.863821;778650;778650;778650;9734;18;12458400;12458440;100.000;876.488;876.488;5.571;6.111;2990.026;4.524;4.647;2.364;4.839;6.824;0.002;23.199;16.187;78.146;92.360;33.727;25.118;47.994;2.066;0.751;0.454;1.538;0.031;3.334;95.694;93.662;33.857;0.523;0.852;0.523;0.003;0.834;12.411;0.372;0;2;33.862;33.865;nan;nan;nan;23124;1;0;0;0;0;0;0
35;1;1;1;IDLE;0.000;0.000;1.000;22447.801848;22447.806263;22447.840458;22447.898619;778007;778007;778007;9726;18;12448112;12448152;100.000;928.725;928.725;5.526;6.066;2987.556;4.195;4.615;2.335;5.583;8.018;0.001;24.746;17.796;78.953;92.357;34.195;26.794;52.042;2.956;0.736;0.431;1.429;0.030;4.414;96.771;95.126;34.801;1.468;0.890;1.468;0.002;0.237;12.446;0.373;0;2;31.378;31.379;nan;nan;nan;22936;1;0;0;0;0;0;0
36;1;1;1;IDLE;0.000;0.000;1.000;22447.834964;22447.838495;22447.871574;22447.931233;776483;776483;776483;9707;19;12423728;12423768;100.000;929.957;929.957;6.022;6.594;2981.704;4.213;4.550;2.379;5.017;7.059;0.002;23.218;16.289;79.378;92.737;33.079;25.036;49.244;2.099;0.760;0.461;1.668;0.029;3.531;96.269;94.406;32.233;1.101;0.903;1.101;0.003;0.710;12.324;0.370;0;2;34.100;34.101;nan;nan;nan;25004;1;0;0;0;0;0;0
37;1;1;1;IDLE;0.000;0.000;1.000;22447.868226;22447.873747;22447.907729;22447.965369;781287;781287;781287;9767;21;12500592;12500632;100.000;953.561;953.561;6.383;7.017;3000.152;4.089;4.477;2.360;4.885;8.133;0.001;23.944;17.107;78.512;91.621;33.981;26.133;50.342;2.268;0.747;0.435;1.403;0.032;5.521;97.142;95.209;35.252;1.919;0.967;1.919;0.010;1.006;12.178;0.365;0;2;31.633;31.636;nan;nan;nan;26508;1;0;0;0;0;0;0
38;1;1;1;IDLE;0.000;0.000;1.000;22447.901430;22447.904952;22447.939689;22447.999560;780329;780329;780329;9755;22;12485264;12485304;100.000;921.233;921.233;6.699;7.364;2996.473;4.165;4.635;2.324;5.742;8.021;0.002;24.888;17.929;81.056;94.609;34.738;26.306;51.611;3.115;0.758;0.450;1.389;0.031;3.522;98.130;96.067;31.204;2.129;1.039;2.129;0.002;0.458;12.313;0.369;0;2;33.696;33.698;nan;nan;nan;27824;1;0;0;0;0;0;0
39;1;1;1;IDLE;0.000;0.000;1.000;22447.934884;22447.939074;22447.972742;22448.033817;780785;780785;780785;9760;22;12492560;12492600;100.000;952.609;952.609;6.970;7.635;2998.224;4.417;4.575;2.312;6.259;6.992;0.003;24.554;17.668;81.628;94.743;33.668;25.917;52.477;3.237;0.865;0.440;1.680;0.036;4.190;98.933;96.990;34.122;0.789;1.024;0.789;0.002;0.413;12.527;0.376;0;2;33.805;33.807;nan;nan;nan;28952;1;0;0;0;0;0;0
40;1;1;1;IDLE;0.000;0.000;1.000;22447.968644;22447.972163;22448.007899;22448.065020;785430;785430;785430;9818;23;12566880;12566920;100.000;897.044;897.044;7.195;7.892;3016.061;4.241;4.768;2.362;6.218;8.066;0.005;25.656;18.526;78.847;92.857;35.736;27.630;51.840;3.173;0.856;0.430;1.726;0.034;3.520;96.376;94.860;33.089;0.244;0.975;0.244;0.003;0.308;12.738;0.382;0;2;33.978;33.983;nan;nan;nan;29892;1;0;0;0;0;0;0
41;1;1;1;IDLE;0.000;0.000;1.000;22448.001778;22448.005301;22448.042146;22448.099769;789479;789479;789479;9869;24;12631664;12631704;100.000;913.047;913.047;7.511;8.239;3031.609;4.333;4.836;2.362;7.443;8.234;0.003;27.207;20.010;80.633;94.468;36.845;28.801;54.308;3.881;0.762;0.436;2.325;0.039;3.523;97.991;96.276;33.138;0.196;0.926;0.196;0.003;0.132;13.219;0.397;0;2;31.101;31.103;nan;nan;nan;31208;1;0;0;0;0;0;0
42;1;1;1;IDLE;0.000;0.000;1.000;22448.035684;22448.038646;22448.071843;22448.130208;789348;789348;789348;9867;24;12629568;12629608;100.000;976.990;976.990;7.601;8.329;3031.106;4.093;5.196;2.422;4.814;6.921;0.003;23.446;15.827;78.635;91.562;33.197;25.606;47.676;2.135;0.770;0.456;1.423;0.030;2.961;94.524;93.382;33.345;0.012;0.869;0.012;0.003;0.912;13.026;0.391;0;2;34.843;34.844;nan;nan;nan;31584;1;0;0;0;0;0;0
43;1;1;1;IDLE;0.000;0.000;1.000;22448.068837;22448.072116;22448.108646;22448.166287;792714;792714;792714;9909;25;12683424;12683464;100.000;869.483;869.483;7.646;8.405;3044.031;4.329;4.690;2.420;5.921;8.584;0.001;25.943;18.833;79.584;94.171;36.530;27.549;51.555;3.253;0.752;0.435;1.443;0.037;3.279;97.451;96.128;33.470;0.137;0.823;0.137;0.003;0.324;13.033;0.391;0;2;30.142;30.145;nan;nan;nan;31772;1;0;0;0;0;0;0
44;1;1;1;IDLE;0.000;0.000;1.000;22448.101464;22448.105074;22448.137276;22448.197725;790865;790865;790865;9886;25;12653840;12653880;100.000;979.539;979.539;7.646;8.405;3036.931;3.984;4.746;2.489;4.754;7.147;0.003;23.121;15.885;79.733;92.651;32.203;24.954;49.328;2.083;0.770;0.452;1.420;0.030;3.610;96.261;94.232;32.957;0.376;0.795;0.376;0.003;0.144;12.775;0.383;0;2;36.154;36.156;nan;nan;nan;31772;1;0;0;0;0;0;0
45;1;1;1;IDLE;0.000;0.000;1.000;22448.135578;22448.141337;22448.176173;22448.232889;787976;787976;787976;9850;25;12607616;12607656;100.000;971.118;971.118;7.737;8.496;3025.837;4.367;4.415;2.372;5.148;8.955;0.002;25.256;18.470;78.570;91.553;34.837;27.586;53.018;2.529;0.746;0.431;1.414;0.028;5.759;97.312;96.063;36.263;2.930;0.929;2.930;0.002;0.961;12.570;0.377;0;2;30.501;30.503;nan;nan;nan;32148;1;0;0;0;0;0;0
46;1;1;1;IDLE;0.000;0.000;1.000;22448.167755;22448.171340;22448.205304;22448.264519;789717;789717;789717;9872;111;12635472;12635512;100.000;1007.037;1007.037;35.034;38.476;3032.523;4.018;5.114;2.857;4.750;8.018;0.010;24.757;16.786;80.631;93.179;33.964;26.569;49.424;2.099;0.769;0.452;1.400;0.030;3.585;96.764;94.359;30.003;3.330;1.079;3.330;0.019;0.656;12.611;0.378;0;2;35.600;35.601;nan;nan;nan;145888;1;0;0;0;0;0;0
47;1;1;1;IDLE;0.000;0.000;1.000;22448.202191;22448.206260;22448.242391;22448.298974;784950;784950;784950;9812;23;12559200;12559240;100.000;902.083;902.083;7.240;7.937;3014.218;4.459;4.586;2.363;5.721;9.019;0.002;26.148;19.199;78.792;92.714;36.131;28.203;53.137;3.060;0.754;0.437;1.435;0.034;4.069;96.783;95.481;34.920;1.587;1.111;1.587;0.003;0.515;12.631;0.379;0;2;31.141;31.143;nan;nan;nan;30080;1;0;0;0;0;0;0
48;1;1;1;IDLE;0.000;0.000;1.000;22448.234482;22448.238006;22448.271353;22448.332205;781130;781130;781130;9765;19;12498080;12498120;100.000;955.443;955.443;5.932;6.504;2999.549;4.189;4.894;2.382;4.860;7.912;0.002;24.237;16.961;81.118;94.199;33.346;25.730;50.864;2.080;0.776;0.478;1.498;0.029;3.524;97.723;95.379;31.746;1.587;1.140;1.587;0.004;0.212;12.511;0.375;0;2;35.530;35.531;nan;nan;nan;24628;1;0;0;0;0;0;0
49;1;1;1;IDLE;0.000;0.000;1.000;22448.268493;22448.271785;22448.307538;22448.364959;780468;780468;780468;9756;19;12487488;12487528;100.000;865.061;865.061;5.932;6.504;2997.007;4.555;4.536;2.414;5.770;8.011;0.002;25.285;18.335;78.738;93.174;35.753;27.138;51.283;3.106;0.747;0.433;1.450;0.034;3.292;96.466;94.799;33.779;0.445;1.097;0.445;0.002;0.583;12.568;0.377;0;2;32.670;32.674;nan;nan;nan;24628;1;0;0;0;0;0;0
50;1;1;1;IDLE;0.000;0.000;1.000;22448.301429;22448.305002;22448.340125;22448.365013;783376;783376;783376;9793;19;12534016;12534056;100.000;938.141;938.141;6.022;6.594;3008.173;4.133;4.646;2.442;6.707;7.517;0.002;25.446;18.358;46.651;60.011;35.123;42.402;52.267;3.422;1.110;0.440;1.699;0.036;3.573;63.585;61.520;33.217;0.116;1.036;0.116;0.002;0.447;12.882;0.386;0;2;32.346;32.348;nan;nan;nan;25004;1;0;0;0;0;0;0
51;1;1;1;IDLE;0.000;0.000;1.000;22448.335902;22448.339594;22448.373080;22448.431375;787237;787237;787237;9841;23;12595792;12595832;100.000;887.785;887.785;7.105;7.801;3023.000;4.434;4.459;2.321;4.372;7.398;0.003;22.984;16.204;77.593;91.781;33.486;25.042;48.390;1.718;0.760;0.442;1.425;0.027;3.691;95.472;94.548;34.592;1.259;1.050;1.259;0.002;0.744;12.453;0.374;0;2;34.248;34.250;nan;nan;nan;29516;1;0;0;0;0;0;0
52;1;1;1;IDLE;0.000;0.000;1.000;22448.369361;22448.373057;22448.410787;22448.465951;787734;787734;787734;9847;24;12603744;12603784;100.000;850.384;850.384;7.466;8.194;3024.908;4.328;4.517;2.374;5.129;10.024;0.001;26.372;19.481;78.073;92.894;37.730;28.389;51.633;2.511;0.746;0.430;1.410;0.031;3.696;96.590;95.791;33.463;0.130;0.992;0.130;0.002;0.861;12.350;0.371;0;2;30.608;30.609;nan;nan;nan;31020;1;0;0;0;0;0;0
53;1;1;1;IDLE;0.000;0.000;1.000;22448.400921;22448.404411;22448.437908;22448.497607;787059;787059;787059;9839;24;12592944;12592984;100.000;1009.679;1009.679;7.556;8.284;3022.316;4.148;5.148;2.369;5.042;8.078;0.002;24.785;17.267;80.724;93.197;33.498;26.594;51.548;2.254;0.776;0.470;1.511;0.031;3.490;96.687;94.114;31.354;1.979;1.054;1.979;0.003;0.384;12.406;0.372;0;2;36.116;36.118;nan;nan;nan;31396;1;0;0;0;0;0;0
54;1;1;1;IDLE;0.000;0.000;1.000;22448.434984;22448.438210;22448.475896;22448.532688;786051;786051;786051;9826;24;12576816;12576856;100.000;881.216;881.216;7.421;8.148;3018.445;4.540;4.836;2.454;6.145;8.978;0.002;26.953;19.663;80.205;94.478;37.686;28.528;52.176;3.537;0.742;0.434;1.400;0.031;3.226;97.704;95.862;33.800;0.466;1.017;0.466;0.003;0.996;12.668;0.380;0;2;30.686;30.687;nan;nan;nan;30832;1;0;0;0;0;0;0
55;1;1;1;IDLE;0.000;0.000;1.000;22448.467920;22448.471700;22448.505003;22448.532756;796213;796213;796213;9953;23;12739408;12739448;100.000;984.753;984.753;7.285;7.982;3057.468;4.494;4.924;2.578;5.203;7.468;0.002;24.667;17.165;48.119;61.056;33.303;40.401;51.541;2.294;0.770;0.481;1.628;0.031;3.779;64.835;62.596;33.489;0.156;0.963;0.156;0.006;0.186;12.680;0.380;0;2;35.149;35.150;nan;nan;nan;30268;1;0;0;0;0;0;0
56;1;1;1;IDLE;0.000;0.000;1.000;22448.501621;22448.506272;22448.542091;22448.600634;790191;790191;790191;9878;23;12643056;12643096;100.000;931.448;931.448;7.195;7.892;3034.343;4.313;4.581;2.366;5.859;9.020;0.004;26.139;19.192;80.789;94.362;35.819;27.701;53.581;3.218;0.750;0.438;1.421;0.032;4.651;99.013;97.141;34.572;1.239;0.981;1.239;0.002;0.415;12.717;0.382;0;2;32.058;32.065;nan;nan;nan;29892;1;0;0;0;0;0;0
57;1;1;1;IDLE;0.000;0.000;1.000;22448.534577;22448.538122;22448.571886;22448.632246;798808;798808;798808;9986;24;12780928;12780968;100.000;936.932;936.932;7.376;8.103;3067.432;4.225;4.681;2.387;6.267;6.739;0.002;24.299;17.230;80.482;94.123;33.763;25.816;51.033;3.251;0.865;0.454;1.664;0.033;3.545;97.669;95.419;31.850;1.483;1.012;1.483;0.002;0.044;12.877;0.386;0;2;35.482;35.484;nan;nan;nan;30644;1;0;0;0;0;0;0
58;1;1;1;IDLE;0.000;0.000;1.000;22448.568920;22448.572240;22448.610856;22448.666021;797924;797924;797924;9975;24;12766784;12766824;100.000;882.487;882.487;7.421;8.148;3064.038;4.539;4.681;2.461;6.746;9.627;0.003;28.055;20.913;79.314;93.781;38.616;29.916;54.155;3.965;0.761;0.434;1.548;0.038;3.321;97.102;95.861;34.118;0.784;0.998;0.784;0.002;0.630;13.136;0.394;0;2;31.013;31.014;nan;nan;nan;30832;1;0;0;0;0;0;0
59;1;1;1;IDLE;0.000;0.000;1.000;22448.601238;22448.604981;22448.640353;22448.698512;794477;794477;794477;9931;24;12711632;12711672;100.000;995.247;995.247;7.376;8.103;3050.801;4.141;5.172;2.352;4.971;10.060;0.004;26.697;19.173;80.759;93.531;35.372;28.543;54.203;2.155;0.779;0.472;1.535;0.030;3.742;97.273;95.019;32.741;0.593;0.972;0.593;0.004;0.039;12.979;0.389;0;2;35.724;35.726;nan;nan;nan;30644;1;0;0;0;0;0;0
60;1;1;1;IDLE;0.000;0.000;1.000;22448.634840;22448.638208;22448.674452;22448.732513;789053;789053;789053;9864;24;12624848;12624888;100.000;881.968;881.968;7.331;8.058;3029.973;4.416;4.759;2.373;6.327;8.070;0.003;25.946;18.813;79.991;94.305;36.245;27.513;51.906;3.360;0.753;0.437;1.741;0.036;3.368;97.673;95.686;33.227;0.107;0.918;0.107;0.003;0.396;13.105;0.393;0;2;32.123;32.125;nan;nan;nan;30456;1;0;0;0;0;0;0
61;1;1;1;IDLE;0.000;0.000;1.000;22448.668384;22448.671425;22448.705548;22448.733679;783874;783874;783874;9799;109;12541984;12542024;100.000;873.960;873.960;34.448;37.827;3010.086;4.276;4.704;2.366;4.787;7.008;0.008;23.143;16.072;47.903;62.254;34.123;37.175;47.101;2.117;0.764;0.454;1.422;0.030;3.041;65.295;63.519;33.217;0.116;0.868;0.116;0.003;0.902;12.798;0.384;0;2;33.969;33.972;nan;nan;nan;143444;1;0;0;0;0;0;0
62;1;1;1;IDLE;0.000;0.000;1.000;22448.702261;22448.705573;22448.742695;22448.799696;782785;782785;782785;9785;22;12524560;12524600;100.000;898.248;898.248;6.879;7.545;3005.904;4.520;4.714;2.333;5.911;10.160;0.004;27.638;20.591;80.180;94.124;37.122;29.363;55.467;3.227;0.761;0.433;1.453;0.037;3.312;97.436;96.203;34.148;0.815;0.865;0.815;0.003;0.057;12.844;0.385;0;2;32.117;32.119;nan;nan;nan;28576;1;0;0;0;0;0;0
63;1;1;1;IDLE;0.000;0.000;1.000;22448.734315;22448.738005;22448.771481;22448.829898;782791;782791;782791;9785;18;12524656;12524696;100.000;936.913;936.913;5.571;6.111;3005.927;4.250;5.188;2.371;4.662;6.911;0.003;23.382;15.823;78.525;91.893;33.476;25.445;47.267;1.981;0.769;0.450;1.435;0.028;3.690;95.583;93.072;32.433;0.901;0.867;0.901;0.003;0.971;12.691;0.381;0;2;35.121;35.123;nan;nan;nan;23124;1;0;0;0;0;0;0
64;1;1;1;IDLE;0.000;0.000;1.000;22448.768663;22448.771982;22448.808711;22448.866483;782127;782127;782127;9777;17;12514032;12514072;100.000;876.409;876.409;5.345;5.855;3003.377;4.599;4.777;2.393;6.213;9.021;0.001;27.003;19.834;80.222;94.501;36.730;28.575;54.000;3.587;0.740;0.434;1.416;0.036;3.318;97.819;96.323;33.976;0.643;0.853;0.643;0.014;0.030;12.871;0.386;0;2;30.204;30.205;nan;nan;nan;22184;1;0;0;0;0;0;0
65;1;1;1;IDLE;0.000;0.000;1.000;22448.801062;22448.804739;22448.836936;22448.897495;785507;785507;785507;9819;18;12568112;12568152;100.000;957.409;957.409;5.526;6.066;3016.356;3.991;4.710;2.460;4.744;7.119;0.002;23.025;15.855;79.628;92.756;32.197;24.823;49.243;2.002;0.785;0.474;1.455;0.028;3.677;96.433;94.002;32.758;0.576;0.836;0.576;0.003;0.032;12.635;0.379;0;2;36.661;36.663;nan;nan;nan;22936;1;0;0;0;0;0;0
66;1;1;1;IDLE;0.000;0.000;1.000;22448.835396;22448.840665;22448.875633;22448.933036;789017;789017;789017;9863;19;12624272;12624312;100.000;929.769;929.769;5.842;6.413;3029.835;4.466;4.574;2.349;5.274;8.785;0.002;25.449;18.525;78.793;92.371;34.968;27.550;52.978;2.635;0.744;0.442;1.421;0.032;5.269;97.640;96.209;35.926;2.593;0.945;2.593;0.002;0.404;12.533;0.376;0;2;30.641;30.644;nan;nan;nan;24252;1;0;0;0;0;0;0
67;1;1;1;IDLE;0.000;0.000;1.000;22448.867547;22448.871215;22448.904110;22448.964673;789641;789641;789641;9871;20;12634256;12634296;100.000;984.712;984.712;6.203;6.805;3032.231;4.107;4.912;2.363;4.983;7.767;0.002;24.133;16.857;80.627;93.458;32.896;25.822;51.245;2.152;0.781;0.485;1.535;0.029;3.668;97.126;94.513;30.550;2.784;1.060;2.784;0.004;0.033;12.467;0.374;0;2;36.688;36.690;nan;nan;nan;25756;1;0;0;0;0;0;0
68;1;1;1;IDLE;0.000;0.000;1.000;22448.901582;22448.905339;22448.942957;22448.964710;784718;784718;784718;9809;20;12555488;12555528;100.000;892.039;892.039;6.338;6.941;3013.327;4.536;4.688;2.615;6.263;8.954;0.001;27.055;19.753;45.296;59.372;37.618;45.570;52.510;3.510;0.840;0.434;1.443;0.036;3.757;63.128;61.217;34.124;0.791;1.044;0.791;0.002;1.020;12.753;0.383;0;2;30.667;30.668;nan;nan;nan;26320;1;0;0;0;0;0;0
69;1;1;1;IDLE;0.000;0.000;1.000;22448.934503;22448.938230;22448.973096;22449.033344;778159;778159;778159;9727;21;12450544;12450584;100.000;996.855;996.855;6.609;7.243;2988.140;4.017;4.946;2.305;4.927;10.029;0.005;26.225;18.973;82.624;95.114;34.866;27.572;54.417;2.098;0.767;0.493;1.540;0.030;3.727;98.842;96.518;32.891;0.442;1.006;0.442;0.004;0.163;12.612;0.378;0;2;35.668;35.670;nan;nan;nan;27448;1;0;0;0;0;0;0
70;1;1;1;IDLE;0.000;0.000;1.000;22448.968155;22448.971511;22449.006566;22449.064659;776327;776327;776327;9705;22;12421232;12421272;100.000;891.521;891.521;6.789;7.454;2981.105;4.533;4.695;2.310;6.252;7.409;0.002;25.199;18.194;79.216;93.149;35.055;27.052;51.900;3.318;0.773;0.438;1.686;0.037;3.356;96.504;94.500;33.281;0.053;0.946;0.053;0.003;0.453;12.780;0.383;0;2;34.182;34.184;nan;nan;nan;28200;1;0;0;0;0;0;0
71;1;1;1;IDLE;0.000;0.000;1.000;22449.002893;22449.007472;22449.043968;22449.097746;786883;786883;786883;9837;23;12590128;12590168;100.000;897.107;897.107;7.150;7.847;3021.640;4.299;4.498;2.361;4.943;9.731;0.002;25.832;18.973;76.240;90.274;36.496;28.615;51.986;2.323;0.743;0.431;1.416;0.030;4.580;94.854;94.253;35.962;2.628;1.052;2.628;0.002;0.926;12.541;0.376;0;2;30.419;30.420;nan;nan;nan;29704;1;0;0;0;0;0;0
72;1;1;1;IDLE;0.000;0.000;1.000;22449.033956;22449.037658;22449.071203;22449.133102;787146;787146;787146;9840;22;12594336;12594376;100.000;1049.945;1049.945;6.924;7.590;3022.650;3.948;5.378;2.365;5.149;7.898;0.002;24.737;16.994;83.449;95.444;33.545;25.917;50.661;2.230;0.766;0.474;1.649;0.030;3.702;99.147;96.276;30.186;3.148;1.183;3.148;0.003;0.757;12.632;0.379;0;2;34.437;34.438;nan;nan;nan;28764;1;0;0;0;0;0;0
73;1;1;1;IDLE;0.000;0.000;1.000;22449.068175;22449.071511;22449.105537;22449.164272;781047;781047;781047;9764;22;12496752;12496792;100.000;884.572;884.572;6.879;7.545;2999.230;4.509;4.938;2.265;4.871;7.153;0.002;23.735;16.533;78.634;92.761;34.027;25.588;48.588;2.231;0.759;0.436;1.413;0.033;3.336;96.097;94.112;33.853;0.519;1.141;0.519;0.011;0.660;12.496;0.375;0;2;34.713;34.715;nan;nan;nan;28576;1;0;0;0;0;0;0
74;1;1;1;IDLE;0.000;0.000;1.000;22449.102164;22449.106978;22449.142296;22449.199884;782459;782459;782459;9781;23;12519344;12519384;100.000;891.010;891.010;7.240;7.937;3004.652;4.360;4.439;2.429;5.174;8.828;0.001;25.230;18.362;78.855;92.906;35.318;27.156;51.991;2.550;0.747;0.438;1.410;0.029;4.813;97.719;96.391;35.467;2.134;1.203;2.134;0.002;0.395;12.387;0.372;0;2;30.801;30.802;nan;nan;nan;30080;1;0;0;0;0;0;0
75;1;1;1;IDLE;0.000;0.000;1.000;22449.134149;22449.137773;22449.171454;22449.232411;781579;781579;781579;9770;23;12505264;12505304;100.000;962.969;962.969;7.150;7.847;3001.273;4.081;4.918;2.385;4.899;8.326;0.003;24.608;17.305;81.652;94.638;33.681;26.002;51.379;1.964;0.776;0.487;1.642;0.030;3.624;98.262;95.585;30.795;2.538;1.287;2.538;0.004;0.163;12.344;0.370;0;2;36.751;36.753;nan;nan;nan;29704;1;0;0;0;0;0;0
76;1;1;1;IDLE;0.000;0.000;1.000;22449.168620;22449.173393;22449.210645;22449.264670;784181;784181;784181;9803;110;12546896;12546936;100.000;908.007;908.007;34.628;38.039;3011.265;4.411;4.616;2.411;5.609;10.020;0.009;27.068;20.041;77.459;91.277;37.252;29.654;53.797;2.965;0.754;0.439;1.418;0.033;4.774;96.051;94.511;35.621;2.287;1.349;2.287;0.002;0.773;12.423;0.373;0;2;31.781;31.783;nan;nan;nan;144196;1;0;0;0;0;0;0
77;1;1;1;IDLE;0.000;0.000;1.000;22449.200822;22449.204510;22449.243183;22449.264709;782861;782861;782861;9786;21;12525776;12525816;100.000;1005.521;1005.521;6.654;7.288;3006.196;4.049;5.083;2.328;5.142;13.493;0.001;30.095;22.684;47.741;60.198;38.673;49.994;58.656;2.340;0.772;0.474;1.523;0.032;3.688;63.887;61.215;31.117;2.216;1.403;2.216;0.004;0.164;12.458;0.374;0;2;34.977;34.978;nan;nan;nan;27636;1;0;0;0;0;0;0
78;1;1;1;IDLE;0.000;0.000;1.000;22449.234607;22449.237915;22449.271786;22449.330519;779451;779451;779451;9744;17;12471216;12471256;100.000;977.127;977.127;5.120;5.629;2993.101;4.440;5.287;2.515;4.656;8.244;0.003;25.142;17.340;79.841;92.604;33.871;27.150;51.194;1.975;0.772;0.463;1.410;0.037;3.307;95.912;93.693;33.404;0.071;1.320;0.071;0.004;0.401;12.461;0.374;0;2;35.506;35.507;nan;nan;nan;21244;1;0;0;0;0;0;0
79;1;1;1;IDLE;0.000;0.000;1.000;22449.268530;22449.272041;22449.308874;22449.366114;784719;784719;784719;9809;17;12555504;12555544;100.000;890.117;890.117;5.300;5.809;3013.331;4.403;4.642;2.358;5.871;9.018;0.002;26.292;19.292;79.968;94.074;36.833;27.949;52.376;3.223;0.746;0.439;1.426;0.036;3.511;97.584;95.955;34.126;0.793;1.287;0.793;0.002;0.835;12.569;0.377;0;2;30.659;30.661;nan;nan;nan;21996;1;0;0;0;0;0;0
80;1;1;1;IDLE;0.000;0.000;1.000;22449.301267;22449.304863;22449.338944;22449.397868;780701;780701;780701;9759;19;12491216;12491256;100.000;926.736;926.736;5.977;6.549;2997.901;4.147;4.718;2.713;4.723;8.019;0.003;24.320;16.890;79.527;93.005;34.081;26.149;49.558;2.079;0.765;0.462;1.388;0.029;3.596;96.602;94.375;32.822;0.511;1.239;0.511;0.003;0.425;12.469;0.374;0;2;35.185;35.187;nan;nan;nan;24816;1;0;0;0;0;0;0
81;1;1;1;IDLE;0.000;0.000;1.000;22449.335670;22449.340993;22449.377037;22449.432772;785754;785754;785754;9822;22;12572064;12572104;100.000;946.041;946.041;6.699;7.364;3017.305;4.373;4.477;2.360;4.960;10.025;0.001;26.194;19.358;78.489;91.779;36.044;28.541;53.706;2.346;0.745;0.437;1.405;0.027;5.323;97.102;95.945;36.130;2.796;1.336;2.796;0.002;0.931;12.306;0.369;0;2;30.853;30.854;nan;nan;nan;27824;1;0;0;0;0;0;0
82;1;1;1;IDLE;0.000;0.000;1.000;22449.367742;22449.371338;22449.406101;22449.464399;783308;783308;783308;9792;22;12532928;12532968;100.000;968.345;968.345;6.789;7.454;3007.912;4.195;5.125;2.475;5.951;8.019;0.002;25.764;18.164;80.118;93.061;34.763;27.685;52.252;3.281;0.791;0.451;1.390;0.038;3.596;96.657;94.239;30.345;2.989;1.439;2.989;0.018;0.231;12.620;0.379;0;2;34.685;34.688;nan;nan;nan;28200;1;0;0;0;0;0;0
83;1;1;1;IDLE;0.000;0.000;1.000;22449.402287;22449.406398;22449.442185;22449.499912;782737;782737;782737;9785;21;12523792;12523832;100.000;909.190;909.190;6.564;7.198;3005.720;4.528;4.489;2.444;5.630;9.020;0.002;26.112;19.178;79.739;93.514;35.787;27.923;53.590;3.010;0.744;0.436;1.408;0.032;4.111;97.625;96.419;35.060;1.727;1.457;1.727;0.002;0.425;12.612;0.378;0;2;31.230;31.231;nan;nan;nan;27260;1;0;0;0;0;0;0
84;1;1;1;IDLE;0.000;0.000;1.000;22449.434298;22449.437932;22449.473011;22449.530625;781874;781874;781874;9774;22;12509984;12510024;100.000;923.183;923.183;6.924;7.590;3002.406;4.187;4.679;2.396;5.820;7.766;0.002;24.847;17.772;79.142;92.694;35.079;26.806;50.663;3.117;0.826;0.455;1.392;0.030;3.634;96.328;93.799;31.534;1.799;1.479;1.799;0.003;0.863;12.685;0.381;0;2;34.662;34.663;nan;nan;nan;28764;1;0;0;0;0;0;0
85;1;1;1;IDLE;0.000;0.000;1.000;22449.469292;22449.474229;22449.509129;22449.530665;780545;780545;780545;9757;19;12488720;12488760;100.000;916.290;916.290;6.022;6.594;2997.302;4.451;4.513;2.388;5.114;8.807;0.001;25.274;18.372;42.806;56.436;34.899;44.784;52.644;2.416;0.746;0.442;1.481;0.030;4.938;61.373;60.505;36.297;2.964;1.571;2.964;0.002;0.444;12.523;0.376;0;2;30.299;30.300;nan;nan;nan;25004;1;0;0;0;0;0;0
86;1;1;1;IDLE;0.000;0.000;1.000;22449.501167;22449.504794;22449.537232;22449.597594;778343;778343;778343;9730;21;12453488;12453528;100.000;977.143;977.143;6.518;7.152;2988.847;4.019;4.863;2.329;5.121;6.841;0.003;23.173;15.981;80.055;92.800;32.438;24.971;49.268;2.263;0.767;0.479;1.581;0.031;3.627;96.427;94.101;30.565;2.768;1.646;2.768;0.003;0.535;12.473;0.374;0;2;36.047;36.049;nan;nan;nan;27072;1;0;0;0;0;0;0
87;1;1;1;IDLE;0.000;0.000;1.000;22449.534789;22449.538618;22449.574903;22449.633745;778458;778458;778458;9731;21;12455328;12455368;100.000;863.649;863.649;6.383;7.017;2989.288;4.479;4.527;2.507;6.324;8.424;0.002;26.261;19.227;80.705;95.127;36.285;27.606;52.989;3.381;0.756;0.435;1.717;0.035;3.829;98.956;96.919;33.824;0.490;1.574;0.490;0.003;0.078;12.702;0.381;0;2;31.111;31.112;nan;nan;nan;26508;1;0;0;0;0;0;0
88;1;1;1;IDLE;0.000;0.000;1.000;22449.568164;22449.571768;22449.604583;22449.665261;778592;778592;778592;9733;22;12457472;12457512;100.000;935.827;935.827;6.879;7.545;2989.803;4.086;4.714;2.342;4.897;6.964;0.003;23.003;15.947;80.182;93.494;32.816;24.604;48.595;2.076;0.767;0.482;1.542;0.030;3.604;97.098;95.101;33.149;0.184;1.487;0.184;0.003;0.582;12.517;0.376;0;2;36.117;36.123;nan;nan;nan;28576;1;0;0;0;0;0;0
89;1;1;1;IDLE;0.000;0.000;1.000;22449.601564;22449.605318;22449.644657;22449.697284;779952;779952;779952;9750;23;12479232;12479272;100.000;882.316;882.316;7.060;7.756;2995.025;4.480;4.719;2.612;6.908;10.019;0.003;28.739;21.408;77.822;91.965;39.339;31.249;54.419;3.385;1.010;0.436;2.036;0.041;3.754;95.720;93.790;33.550;0.217;1.408;0.217;0.002;0.933;12.954;0.389;0;2;30.618;30.620;nan;nan;nan;29328;1;0;0;0;0;0;0
90;1;1;1;IDLE;0.000;0.000;1.000;22449.634697;22449.638542;22449.672445;22449.733179;779674;779674;779674;9746;23;12474784;12474824;100.000;1016.104;1016.104;7.060;7.756;2993.958;3.941;5.194;2.377;4.955;8.746;0.001;25.212;17.641;82.360;94.638;33.904;26.640;52.034;2.070;0.770;0.481;1.604;0.029;3.844;98.482;96.353;33.224;0.110;1.327;0.110;0.016;0.337;12.850;0.386;0;2;33.581;33.582;nan;nan;nan;29328;1;0;0;0;0;0;0
91;1;1;1;IDLE;0.000;0.000;1.000;22449.668061;22449.671165;22449.705799;22449.764414;781083;781083;781083;9764;109;12497328;12497368;100.000;874.069;874.069;34.222;37.602;2999.368;4.375;4.688;2.403;4.699;8.012;0.010;24.178;17.086;78.951;93.249;34.635;25.928;49.333;1.740;0.771;0.453;1.708;0.028;3.103;96.353;94.254;32.623;0.710;1.288;0.710;0.003;0.530;12.590;0.378;0;2;35.387;35.390;nan;nan;nan;142504;1;0;0;0;0;0;0
92;1;1;1;IDLE;0.000;0.000;1.000;22449.702317;22449.706993;22449.742824;22449.797208;780537;780537;780537;9757;21;12488592;12488632;100.000;865.621;865.621;6.564;7.198;2997.272;4.378;4.480;2.325;4.916;8.959;0.001;25.057;18.252;75.788;90.215;35.831;27.774;50.939;2.221;0.750;0.435;1.479;0.032;4.676;94.891;93.715;35.829;2.495;1.364;2.495;0.002;0.721;12.379;0.371;0;2;30.545;30.546;nan;nan;nan;27260;1;0;0;0;0;0;0
93;1;1;1;IDLE;0.000;0.000;1.000;22449.734385;22449.737998;22449.770916;22449.832762;773046;773046;773046;9664;17;12368736;12368776;100.000;1000.755;1000.755;5.210;5.719;2968.506;3.889;4.967;2.356;5.052;7.987;0.001;24.251;16.928;82.405;94.764;32.919;25.591;51.425;2.096;0.766;0.474;1.686;0.030;3.613;98.377;95.935;31.004;2.329;1.424;2.329;0.003;0.193;12.381;0.371;0;2;34.276;34.277;nan;nan;nan;21620;1;0;0;0;0;0;0
94;1;1;1;IDLE;0.000;0.000;1.000;22449.768135;22449.771322;22449.804779;22449.832813;770822;770822;770822;9636;16;12333152;12333192;100.000;878.020;878.020;5.075;5.553;2959.966;4.426;4.589;2.394;4.835;6.762;0.001;23.006;16.023;47.444;61.491;33.458;37.414;47.892;2.065;0.750;0.453;1.538;0.029;3.187;64.678;62.653;33.324;0.009;1.335;0.009;0.002;0.826;12.243;0.367;0;2;34.740;34.742;nan;nan;nan;21056;1;0;0;0;0;0;0
95;1;1;1;IDLE;0.000;0.000;1.000;22449.801577;22449.806281;22449.841361;22449.899090;778859;778859;778859;9736;19;12461744;12461784;100.000;903.062;903.062;5.932;6.504;2990.828;4.212;4.498;2.344;5.802;8.264;0.003;25.120;18.278;79.009;92.809;35.081;27.066;52.103;3.142;0.744;0.432;1.452;0.032;4.704;97.513;95.597;34.959;1.626;1.354;1.626;0.002;0.370;12.350;0.370;0;2;31.166;31.167;nan;nan;nan;24628;1;0;0;0;0;0;0
96;1;1;1;IDLE;0.000;0.000;1.000;22449.834602;22449.838264;22449.872185;22449.932237;778333;778333;778333;9730;22;12453328;12453368;100.000;933.801;933.801;6.744;7.409;2988.808;4.083;4.833;2.412;4.652;8.020;0.002;23.999;16.754;80.636;93.972;33.921;25.539;49.393;2.004;0.764;0.455;1.400;0.029;3.662;97.634;95.410;31.984;1.350;1.353;1.350;0.003;0.664;12.240;0.367;0;2;34.919;34.922;nan;nan;nan;28012;1;0;0;0;0;0;0
97;1;1;1;IDLE;0.000;0.000;1.000;22449.868550;22449.873499;22449.907265;22449.963604;782798;782798;782798;9785;23;12524768;12524808;100.000;911.969;911.969;7.060;7.756;3005.954;4.358;4.499;2.437;4.883;8.015;0.010;24.193;17.256;76.371;90.105;33.765;26.849;51.107;2.266;0.756;0.431;1.400;0.030;4.950;95.055;93.445;35.235;1.902;1.388;1.902;0.003;0.192;12.140;0.364;0;2;32.983;32.985;nan;nan;nan;29328;1;0;0;0;0;0;0
98;1;1;1;IDLE;0.000;0.000;1.000;22449.901095;22449.904751;22449.941347;22449.998136;781418;781418;781418;9768;22;12502688;12502728;100.000;918.153;918.153;6.834;7.500;3000.655;4.122;4.723;2.347;6.762;9.018;0.001;26.972;19.902;79.767;93.384;36.596;28.882;54.384;3.500;1.101;0.451;1.675;0.036;3.656;97.041;94.643;31.252;2.082;1.431;2.082;0.002;0.125;12.569;0.377;0;2;31.270;31.272;nan;nan;nan;28388;1;0;0;0;0;0;0
99;1;1;1;IDLE;0.000;0.000;1.000;22449.935307;22449.938352;22449.972417;22450.033352;777382;777382;777382;9718;22;12438112;12438152;100.000;917.780;917.780;6.699;7.364;2985.156;4.091;4.691;2.358;4.615;8.017;0.002;23.772;16.723;81.447;95.000;34.065;25.023;49.092;1.969;0.763;0.454;1.400;0.030;3.045;98.045;96.525;33.601;0.267;1.358;0.267;0.012;0.818;12.346;0.370;0;2;33.732;33.734;nan;nan;nan;27824;1;0;0;0;0;0;0
100;1;1;1;IDLE;0.000;0.000;1.000;22449.968444;22449.972691;22450.005493;22450.064699;778267;778267;778267;9729;21;12452272;12452312;100.000;871.799;871.799;6.473;7.107;2988.555;4.316;4.392;2.340;4.406;7.012;0.002;22.466;15.734;77.725;92.008;32.803;24.418;47.967;1.796;0.748;0.442;1.394;0.026;4.247;96.255;94.539;34.339;1.006;1.336;1.006;0.002;0.365;12.047;0.361;0;2;34.864;34.868;nan;nan;nan;26884;1;0;0;0;0;0;0
101;1;1;1;IDLE;0.000;0.000;1.000;22450.001389;22450.005279;22450.042397;22450.098636;780699;780699;780699;9759;21;12491184;12491224;100.000;893.344;893.344;6.518;7.152;2997.894;4.200;4.828;2.549;6.668;8.831;0.001;27.077;19.699;79.374;93.357;37.118;29.004;53.071;3.585;0.868;0.435;1.740;0.039;3.890;97.247;95.142;32.588;0.746;1.299;0.746;0.003;0.255;12.553;0.377;0;2;31.129;31.130;nan;nan;nan;27072;1;0;0;0;0;0;0
102;1;1;1;IDLE;0.000;0.000;1.000;22450.034809;22450.038386;22450.071649;22450.132510;780328;780328;780328;9755;21;12485248;12485288;100.000;930.905;930.905;6.383;7.017;2996.469;4.162;4.865;2.529;4.861;7.558;0.003;23.976;16.582;80.713;94.125;33.263;25.473;49.850;2.112;0.782;0.483;1.455;0.029;3.576;97.701;95.684;33.107;0.226;1.232;0.226;0.004;0.032;12.482;0.374;0;2;34.541;34.543;nan;nan;nan;26508;1;0;0;0;0;0;0
103;1;1;1;IDLE;0.000;0.000;1.000;22450.068356;22450.071485;22450.105931;22450.166245;782351;782351;782351;9780;21;12517616;12517656;100.000;873.793;873.793;6.383;7.017;3004.237;4.503;4.566;2.455;5.771;7.219;0.003;24.514;17.493;80.434;94.760;34.446;25.869;50.784;3.132;0.753;0.450;1.401;0.035;3.129;97.889;96.085;33.099;0.234;1.170;0.234;0.003;0.106;12.565;0.377;0;2;33.790;33.795;nan;nan;nan;26508;1;0;0;0;0;0;0
104;1;1;1;IDLE;0.000;0.000;1.000;22450.101298;22450.105324;22450.140808;22450.198123;782164;782164;782164;9778;21;12514624;12514664;100.000;913.641;913.641;6.473;7.107;3003.519;4.215;4.536;2.326;6.578;8.011;0.003;25.667;18.805;79.101;92.799;35.485;27.658;52.994;3.357;1.013;0.445;1.728;0.035;4.026;96.825;94.630;33.839;0.506;1.128;0.506;0.003;0.332;12.791;0.384;0;2;33.442;33.444;nan;nan;nan;26884;1;0;0;0;0;0;0
105;1;1;1;IDLE;0.000;0.000;1.000;22450.135175;22450.138708;22450.175685;22450.233954;783021;783021;783021;9788;22;12528336;12528376;100.000;881.030;881.030;6.834;7.500;3006.810;4.152;4.817;2.411;6.045;8.806;0.001;26.231;19.003;81.026;95.246;36.977;27.540;51.393;3.092;0.778;0.442;1.699;0.034;3.534;98.780;97.128;33.385;0.051;1.061;0.051;0.003;0.673;12.917;0.388;0;2;31.240;31.241;nan;nan;nan;28388;1;0;0;0;0;0;0
106;1;1;1;IDLE;0.000;0.000;1.000;22450.168165;22450.171278;22450.205527;22450.265330;786829;786829;786829;9836;105;12589264;12589304;100.000;942.925;942.925;33.094;36.349;3021.433;4.285;5.102;2.393;5.206;7.580;0.008;24.566;17.071;80.701;94.052;34.249;26.120;49.844;2.473;0.792;0.478;1.433;0.031;3.113;97.165;95.170;32.570;0.764;1.042;0.764;0.004;0.611;12.867;0.386;0;2;36.004;36.005;nan;nan;nan;137804;1;0;0;0;0;0;0
107;1;1;1;IDLE;0.000;0.000;1.000;22450.202546;22450.206725;22450.246053;22450.298372;789365;789365;789365;9868;23;12629840;12629880;100.000;868.218;868.218;7.015;7.711;3031.171;4.237;4.695;2.417;5.540;12.024;0.003;28.913;21.801;77.100;91.647;39.329;31.548;55.432;2.879;0.751;0.440;1.440;0.029;4.179;95.826;94.879;35.447;2.113;1.109;2.113;0.003;0.102;12.817;0.385;0;2;31.296;31.297;nan;nan;nan;29140;1;0;0;0;0;0;0
108;1;1;1;IDLE;0.000;0.000;1.000;22450.233707;22450.237068;22450.272663;22450.332289;790807;790807;790807;9886;19;12652912;12652952;100.000;1120.583;1120.583;5.887;6.458;3036.708;3.965;5.996;2.444;4.988;10.597;0.003;27.989;19.549;83.930;95.221;35.596;29.394;54.920;2.260;0.843;0.452;1.403;0.031;3.361;98.582;95.463;30.343;2.990;1.227;2.990;0.015;0.263;12.973;0.389;0;2;36.301;36.302;nan;nan;nan;24440;1;0;0;0;0;0;0
109;1;1;1;IDLE;0.000;0.000;1.000;22450.268147;22450.271748;22450.306538;22450.364568;789334;789334;789334;9867;17;12629344;12629384;100.000;882.565;882.565;5.345;5.855;3031.052;4.422;5.001;2.407;4.877;7.355;0.002;24.062;16.654;78.510;92.820;34.790;25.923;47.870;2.120;0.778;0.460;1.488;0.031;3.601;96.421;94.408;34.680;1.347;1.234;1.347;0.002;0.837;12.805;0.384;0;2;33.102;33.104;nan;nan;nan;22184;1;0;0;0;0;0;0
110;1;1;1;IDLE;0.000;0.000;1.000;22450.301845;22450.304952;22450.342006;22450.364601;783753;783753;783753;9797;18;12540048;12540088;100.000;873.676;873.676;5.706;6.247;3009.621;4.263;4.757;2.355;5.836;8.745;0.001;25.957;18.844;45.296;59.649;37.054;43.516;50.857;3.174;0.747;0.442;1.435;0.039;3.108;62.757;61.108;33.204;0.129;1.165;0.129;0.003;1.003;12.847;0.385;0;2;31.304;31.305;nan;nan;nan;23688;1;0;0;0;0;0;0
111;1;1;1;IDLE;0.000;0.000;1.000;22450.334635;22450.338257;22450.372707;22450.430542;781240;781240;781240;9766;21;12499840;12499880;100.000;893.691;893.691;6.609;7.243;2999.971;4.436;5.011;2.336;4.956;7.370;0.003;24.108;16.762;78.298;92.285;34.450;26.124;48.655;2.038;0.768;0.466;1.655;0.029;3.622;95.906;93.715;33.305;0.029;1.094;0.029;0.003;0.786;12.714;0.381;0;2;33.562;33.563;nan;nan;nan;27448;1;0;0;0;0;0;0
112;1;1;1;IDLE;0.000;0.000;1.000;22450.368430;22450.372766;22450.408436;22450.465194;781247;781247;781247;9766;22;12499952;12499992;100.000;875.079;875.079;6.699;7.364;2999.998;4.468;4.513;2.343;4.964;9.022;0.002;25.310;18.454;78.143;92.428;35.670;27.384;51.737;2.321;0.755;0.447;1.413;0.028;4.336;96.764;95.034;34.509;1.176;1.099;1.176;0.002;0.540;12.495;0.375;0;2;31.121;31.122;nan;nan;nan;27824;1;0;0;0;0;0;0
113;1;1;1;IDLE;0.000;0.000;1.000;22450.401251;22450.404289;22450.437371;22450.498242;783523;783523;783523;9795;22;12536368;12536408;100.000;924.219;924.219;6.834;7.500;3008.738;4.428;4.700;2.486;4.952;7.331;0.002;23.896;16.711;80.389;93.953;33.082;25.434;50.514;2.137;0.790;0.474;1.521;0.029;3.038;96.991;94.749;31.523;1.811;1.144;1.811;0.003;0.045;12.413;0.372;0;2;35.151;35.152;nan;nan;nan;28388;1;0;0;0;0;0;0
114;1;1;1;IDLE;0.000;0.000;1.000;22450.434882;22450.440053;22450.473584;22450.534081;783046;783046;783046;9789;24;12528736;12528776;100.000;979.926;979.926;7.331;8.058;3006.906;4.198;4.789;2.395;5.136;8.017;0.002;24.534;17.351;81.242;94.028;33.531;26.093;51.745;2.524;0.750;0.430;1.399;0.032;5.171;99.199;97.255;35.764;2.431;1.224;2.431;0.002;0.405;12.396;0.372;0;2;32.671;32.672;nan;nan;nan;30456;1;0;0;0;0;0;0
115;1;1;1;IDLE;0.000;0.000;1.000;22450.467974;22450.471504;22450.505553;22450.534162;785712;785712;785712;9822;22;12571392;12571432;100.000;922.776;922.776;6.970;7.635;3017.144;4.215;4.668;2.354;6.070;6.907;0.001;24.213;17.191;49.035;62.658;34.049;38.643;50.489;3.216;0.777;0.438;1.604;0.034;3.530;66.188;64.002;31.450;1.883;1.265;1.883;0.002;0.424;12.573;0.377;0;2;35.425;35.432;nan;nan;nan;28952;1;0;0;0;0;0;0
116;1;1;1;IDLE;0.000;0.000;1.000;22450.502003;22450.506372;22450.544930;22450.598504;788409;788409;788409;9856;22;12614544;12614584;100.000;881.599;881.599;6.789;7.454;3027.500;4.435;4.701;2.389;6.256;10.197;0.004;27.979;20.888;77.823;92.132;38.558;30.368;54.173;3.298;0.760;0.437;1.728;0.034;4.369;96.501;95.011;34.869;1.535;1.282;1.535;0.007;0.697;12.773;0.383;0;2;30.567;30.568;nan;nan;nan;28200;1;0;0;0;0;0;0
117;1;1;1;IDLE;0.000;0.000;1.000;22450.533514;22450.537941;22450.572655;22450.632815;785289;785289;785289;9817;21;12564624;12564664;100.000;1071.416;1071.416;6.518;7.152;3015.519;3.934;5.721;2.437;5.104;9.554;0.002;26.751;18.593;83.148;94.875;34.714;28.196;53.559;2.100;0.761;0.458;1.753;0.034;4.426;99.301;95.989;31.568;1.765;1.313;1.765;0.013;0.156;12.899;0.387;0;2;35.399;35.400;nan;nan;nan;27072;1;0;0;0;0;0;0
118;1;1;1;IDLE;0.000;0.000;1.000;22450.568226;22450.571235;22450.606417;22450.664099;784314;784314;784314;9804;21;12549024;12549064;100.000;887.911;887.911;6.383;7.017;3011.775;4.342;4.864;2.409;5.826;7.539;0.003;24.980;17.707;78.731;92.864;35.182;26.900;50.330;3.128;0.742;0.442;1.480;0.033;3.008;95.873;93.939;33.294;0.039;1.233;0.039;0.003;0.407;12.955;0.389;0;2;33.933;33.935;nan;nan;nan;26508;1;0;0;0;0;0;0
119;1;1;1;IDLE;0.000;0.000;1.000;22450.601905;22450.605477;22450.641980;22450.699081;784830;784830;784830;9811;21;12557280;12557320;100.000;863.958;863.958;6.428;7.062;3013.757;4.306;4.624;2.380;5.764;9.022;0.002;26.098;19.093;79.068;93.603;36.503;27.881;52.306;3.131;0.754;0.444;1.402;0.033;3.572;97.175;95.587;34.243;0.909;1.213;0.909;0.002;0.173;12.914;0.387;0;2;31.138;31.139;nan;nan;nan;26696;1;0;0;0;0;0;0
120;1;1;1;IDLE;0.000;0.000;1.000;22450.634276;22450.637873;22450.670867;22450.732362;784742;784742;784742;9810;21;12555872;12555912;100.000;940.696;940.696;6.564;7.198;3013.419;4.132;4.637;2.382;5.741;6.841;0.002;23.732;16.713;81.141;94.489;32.994;25.117;50.656;3.089;0.777;0.450;1.394;0.032;3.598;98.086;95.536;32.396;0.937;1.195;0.937;0.003;0.042;12.878;0.386;0;2;35.050;35.051;nan;nan;nan;27260;1;0;0;0;0;0;0
121;1;1;1;IDLE;0.000;0.000;1.000;22450.668297;22450.672083;22450.706798;22450.765448;787186;787186;787186;9840;108;12594976;12595016;100.000;895.338;895.338;34.042;37.390;3022.804;4.526;4.659;2.375;5.859;7.687;0.009;25.106;18.072;79.297;93.364;34.714;26.890;52.060;3.235;0.745;0.440;1.406;0.032;3.786;97.150;95.288;34.210;0.877;1.176;0.877;0.003;0.063;12.887;0.387;0;2;33.248;33.249;nan;nan;nan;141752;1;0;0;0;0;0;0
122;1;1;1;IDLE;0.000;0.000;1.000;22450.701162;22450.704769;22450.742209;22450.798800;792161;792161;792161;9903;23;12674576;12674616;100.000;938.783;938.783;7.015;7.711;3041.908;4.323;4.736;2.377;6.946;9.020;0.004;27.403;20.289;80.530;94.031;37.441;29.142;54.189;4.077;0.772;0.451;1.611;0.036;3.607;97.638;95.307;32.685;0.648;1.143;0.648;0.002;0.856;13.186;0.396;0;2;32.252;32.254;nan;nan;nan;29140;1;0;0;0;0;0;0
123;1;1;1;IDLE;0.000;0.000;1.000;22450.734453;22450.738140;22450.774306;22450.832443;788290;788290;788290;9854;18;12612640;12612680;100.000;928.744;928.744;5.526;6.066;3027.043;4.253;4.763;2.490;6.438;8.033;0.003;25.977;18.724;80.723;94.303;36.167;27.546;51.772;3.497;0.767;0.452;1.689;0.033;3.686;97.990;95.617;33.371;0.038;1.074;0.038;0.002;0.859;13.317;0.400;0;2;32.521;32.523;nan;nan;nan;22936;1;0;0;0;0;0;0
124;1;1;1;IDLE;0.000;0.000;1.000;22450.768575;22450.771581;22450.807104;22450.864375;789222;789222;789222;9866;18;12627552;12627592;100.000;908.366;908.366;5.526;6.066;3030.622;4.570;4.633;2.404;6.243;7.755;0.002;25.605;18.569;78.893;92.794;35.523;27.593;52.272;3.275;0.771;0.450;1.712;0.035;3.006;95.800;94.216;33.441;0.108;1.013;0.108;0.003;0.583;13.313;0.399;0;2;33.088;33.091;nan;nan;nan;22936;1;0;0;0;0;0;0
125;1;1;1;IDLE;0.000;0.000;1.000;22450.801923;22450.804941;22450.842445;22450.899106;787173;787173;787173;9840;19;12594768;12594808;100.000;911.913;911.913;5.977;6.549;3022.754;4.563;4.676;2.464;6.500;9.013;0.002;27.215;20.076;80.353;94.164;37.504;28.902;53.529;3.541;0.766;0.428;1.727;0.038;3.019;97.183;95.613;33.360;0.027;0.952;0.027;0.002;1.037;13.403;0.402;0;2;30.940;30.941;nan;nan;nan;24816;1;0;0;0;0;0;0
126;1;1;1;IDLE;0.000;0.000;1.000;22450.835106;22450.838183;22450.872047;22450.931956;776279;776279;776279;9704;20;12420464;12420504;100.000;920.814;920.814;6.293;6.896;2980.921;4.253;4.702;2.407;5.048;7.740;0.003;24.150;17.042;80.284;93.773;33.864;25.754;50.324;2.077;0.762;0.463;1.714;0.032;3.078;96.851;95.130;33.242;0.091;0.898;0.091;0.019;0.457;13.095;0.393;0;2;34.794;34.796;nan;nan;nan;26132;1;0;0;0;0;0;0
127;1;1;1;IDLE;0.000;0.000;1.000;22450.868726;22450.872546;22450.907753;22450.932037;773912;773912;773912;9674;21;12382592;12382632;100.000;850.399;850.399;6.654;7.288;2971.832;4.265;4.652;2.437;4.873;8.175;0.003;24.401;17.313;44.930;59.491;35.207;41.017;49.174;2.208;0.743;0.442;1.448;0.031;3.820;63.310;61.877;34.363;1.029;0.906;1.029;0.002;0.506;12.818;0.385;0;2;32.371;32.374;nan;nan;nan;27636;1;0;0;0;0;0;0
128;1;1;1;IDLE;0.000;0.000;1.000;22450.901268;22450.904793;22450.940335;22450.997738;773302;773302;773302;9667;22;12372832;12372872;100.000;908.577;908.577;6.879;7.545;2969.489;4.204;4.491;2.440;6.570;7.671;0.002;25.376;18.444;79.327;92.945;35.541;27.302;51.896;3.466;0.912;0.445;1.711;0.036;3.526;96.470;94.245;32.247;1.086;0.917;1.086;0.002;0.748;12.995;0.390;0;2;33.459;33.461;nan;nan;nan;28576;1;0;0;0;0;0;0
129;1;1;1;IDLE;0.000;0.000;1.000;22450.935391;22450.938944;22450.975685;22451.032550;777001;777001;777001;9713;22;12432016;12432056;100.000;868.540;868.540;6.879;7.545;2983.693;4.545;4.790;2.331;5.712;8.951;0.001;26.329;19.208;79.292;93.606;36.740;28.128;52.280;3.008;0.748;0.438;1.484;0.033;3.553;97.159;95.724;34.151;0.817;0.911;0.817;0.002;0.639;12.960;0.389;0;2;31.000;31.002;nan;nan;nan;28576;1;0;0;0;0;0;0
130;1;1;1;IDLE;0.000;0.000;1.000;22450.967593;22450.970598;22451.004350;22451.065607;783174;783174;783174;9790;21;12530784;12530824;100.000;984.131;984.131;6.609;7.243;3007.398;4.180;5.151;2.350;5.157;7.869;0.003;24.707;17.206;82.276;95.009;33.752;26.005;50.979;2.221;0.759;0.463;1.683;0.031;3.005;98.014;95.448;31.654;1.679;0.959;1.679;0.004;0.487;12.888;0.387;0;2;36.065;36.067;nan;nan;nan;27448;1;0;0;0;0;0;0
131;1;1;1;IDLE;0.000;0.000;1.000;22451.001453;22451.005106;22451.041007;22451.100831;786108;786108;786108;9827;22;12577728;12577768;100.000;898.233;898.233;6.744;7.409;3018.664;4.130;4.620;2.726;6.060;8.117;0.004;25.651;18.306;81.722;95.725;35.902;26.797;50.989;3.300;0.765;0.442;1.519;0.034;3.653;99.378;97.337;34.507;1.174;0.972;1.174;0.002;0.374;13.023;0.391;0;2;32.711;32.713;nan;nan;nan;28012;1;0;0;0;0;0;0
132;1;1;1;IDLE;0.000;0.000;1.000;22451.034719;22451.038676;22451.073254;22451.131918;785622;785622;785622;9821;21;12569952;12569992;100.000;948.258;948.258;6.609;7.243;3016.798;4.271;4.587;2.382;6.665;7.284;0.003;25.189;18.220;79.986;93.242;34.578;27.015;52.694;3.371;1.100;0.444;1.713;0.037;3.957;97.199;95.092;33.571;0.237;0.927;0.237;0.002;0.400;13.182;0.395;0;2;34.856;34.858;nan;nan;nan;27448;1;0;0;0;0;0;0
133;1;1;1;IDLE;0.000;0.000;1.000;22451.068667;22451.072338;22451.112075;22451.165263;787265;787265;787265;9841;21;12596240;12596280;100.000;876.546;876.546;6.428;7.062;3023.107;4.259;4.984;2.620;6.485;11.028;0.002;29.377;21.773;78.555;92.926;39.738;31.613;54.791;3.771;0.749;0.445;1.488;0.033;3.671;96.596;95.103;33.661;0.328;0.889;0.328;0.003;0.246;13.413;0.402;0;2;30.864;30.866;nan;nan;nan;26696;1;0;0;0;0;0;0
134;1;1;1;IDLE;0.000;0.000;1.000;22451.100739;22451.104224;22451.138846;22451.197861;787734;787734;787734;9847;21;12603744;12603784;100.000;1057.329;1057.329;6.383;7.017;3024.908;4.142;5.584;2.404;4.726;9.736;0.002;26.591;18.604;81.717;93.637;34.623;28.398;53.733;2.075;0.763;0.453;1.407;0.029;3.484;97.122;94.368;31.886;1.447;0.924;1.447;0.003;0.248;13.241;0.397;0;2;36.149;36.150;nan;nan;nan;26508;1;0;0;0;0;0;0
135;1;1;1;IDLE;0.000;0.000;1.000;22451.134927;22451.138053;22451.175218;22451.232963;786766;786766;786766;9835;22;12588256;12588296;100.000;878.771;878.771;6.699;7.364;3021.191;4.324;4.651;2.400;5.792;9.020;0.002;26.187;19.136;80.585;94.910;37.165;27.592;51.491;3.157;0.744;0.435;1.422;0.033;3.126;98.036;96.137;33.830;0.496;0.897;0.496;0.012;0.964;13.147;0.394;0;2;31.660;31.661;nan;nan;nan;27824;1;0;0;0;0;0;0
136;1;1;1;IDLE;0.000;0.000;1.000;22451.167896;22451.172153;22451.205086;22451.264159;787622;787622;787622;9846;100;12601952;12601992;100.000;936.378;936.378;31.334;34.433;3024.478;4.274;4.984;2.403;4.827;6.813;0.008;23.301;15.914;78.548;92.006;32.933;25.326;48.322;2.072;0.779;0.480;1.464;0.031;4.257;96.263;93.999;34.100;0.766;0.889;0.766;0.002;0.444;12.920;0.388;0;2;34.685;34.689;nan;nan;nan;130472;1;0;0;0;0;0;0
137;1;1;1;IDLE;0.000;0.000;1.000;22451.201701;22451.206038;22451.243379;22451.299627;784509;784509;784509;9807;25;12552144;12552184;100.000;894.758;894.758;7.692;8.450;3012.524;4.302;4.598;2.387;5.876;10.024;0.002;27.186;20.201;79.561;93.589;37.342;29.049;54.098;3.228;0.744;0.429;1.442;0.033;4.336;97.926;96.134;33.885;0.552;0.868;0.552;0.003;0.424;12.911;0.387;0;2;30.800;30.802;nan;nan;nan;31960;1;0;0;0;0;0;0
138;1;1;1;IDLE;0.000;0.000;1.000;22451.234322;22451.237927;22451.270754;22451.331464;782962;782962;782962;9788;21;12527392;12527432;100.000;948.511;948.511;6.473;7.107;3006.584;4.198;4.916;2.608;5.068;6.664;0.002;23.454;15.930;80.329;93.537;32.826;25.074;48.528;2.065;0.757;0.460;1.751;0.035;3.606;97.142;94.637;31.890;1.444;0.904;1.444;0.003;0.359;12.835;0.385;0;2;35.533;35.535;nan;nan;nan;26884;1;0;0;0;0;0;0
139;1;1;1;IDLE;0.000;0.000;1.000;22451.268379;22451.271943;22451.310535;22451.365535;785441;785441;785441;9819;21;12567056;12567096;100.000;865.494;865.494;6.564;7.198;3016.103;4.560;4.682;2.363;6.081;10.022;0.002;27.707;20.662;79.072;93.592;38.592;29.604;53.540;3.451;0.748;0.435;1.409;0.038;3.564;97.156;95.375;34.016;0.683;0.890;0.683;0.007;0.916;12.913;0.387;0;2;30.946;30.948;nan;nan;nan;27260;1;0;0;0;0;0;0
140;1;1;1;IDLE;0.000;0.000;1.000;22451.300943;22451.304450;22451.338165;22451.398531;786857;786857;786857;9836;21;12589712;12589752;100.000;971.713;971.713;6.383;7.017;3021.540;4.103;5.283;2.331;5.502;7.588;0.003;24.807;17.192;81.124;94.081;33.715;26.367;50.994;2.766;0.798;0.471;1.436;0.031;3.507;97.588;95.038;32.507;0.826;0.886;0.826;0.004;0.049;12.967;0.389;0;2;34.954;34.955;nan;nan;nan;26508;1;0;0;0;0;0;0
141;1;1;1;IDLE;0.000;0.000;1.000;22451.335095;22451.338306;22451.373679;22451.434111;786209;786209;786209;9828;23;12579344;12579384;100.000;871.438;871.438;7.060;7.756;3019.052;4.627;4.575;2.396;5.771;8.009;0.003;25.378;18.407;81.369;95.804;35.372;26.489;52.038;3.148;0.753;0.438;1.398;0.034;3.212;99.016;97.284;33.856;0.523;0.863;0.523;0.003;0.182;12.920;0.388;0;2;32.856;32.858;nan;nan;nan;29328;1;0;0;0;0;0;0
142;1;1;1;IDLE;0.000;0.000;1.000;22451.367869;22451.371503;22451.405757;22451.465699;785895;785895;785895;9824;24;12574320;12574360;100.000;943.304;943.304;7.376;8.103;3017.846;4.229;4.627;2.372;6.664;7.015;0.003;24.907;17.908;80.866;94.196;34.254;26.442;52.282;3.438;1.105;0.443;1.642;0.036;3.634;97.830;95.539;33.197;0.137;0.818;0.137;0.003;0.241;13.111;0.393;0;2;35.364;35.366;nan;nan;nan;30644;1;0;0;0;0;0;0
143;1;1;1;IDLE;0.000;0.000;1.000;22451.401829;22451.405676;22451.444876;22451.498276;783109;783109;783109;9789;24;12529744;12529784;100.000;884.323;884.323;7.511;8.239;3007.148;4.274;4.831;2.413;6.974;10.053;0.002;28.545;21.301;78.431;92.600;39.200;30.826;54.339;4.124;0.750;0.440;1.615;0.045;3.846;96.446;94.782;34.173;0.839;0.819;0.839;0.014;0.745;13.394;0.402;0;2;30.871;30.873;nan;nan;nan;31208;1;0;0;0;0;0;0
144;1;1;1;IDLE;0.000;0.000;1.000;22451.434322;22451.438109;22451.473509;22451.531745;783994;783994;783994;9800;25;12543904;12543944;100.000;1024.187;1024.187;7.737;8.496;3010.547;4.020;5.391;2.346;5.040;10.014;0.003;26.811;19.074;81.388;93.636;35.399;28.634;53.883;2.046;0.761;0.464;1.739;0.030;3.788;97.424;94.919;32.433;0.900;0.824;0.900;0.003;0.356;13.243;0.397;0;2;34.777;34.778;nan;nan;nan;32148;1;0;0;0;0;0;0
145;1;1;1;IDLE;0.000;0.000;1.000;22451.468156;22451.471181;22451.506331;22451.566494;785959;785959;785959;9825;24;12575344;12575384;100.000;910.377;910.377;7.466;8.194;3018.092;4.284;4.682;2.433;6.145;7.354;0.003;24.898;17.783;81.499;95.313;35.150;26.123;50.592;3.196;0.856;0.436;1.625;0.031;3.025;98.337;96.334;33.072;0.261;0.789;0.261;0.003;0.719;13.250;0.397;0;2;32.761;32.763;nan;nan;nan;31020;1;0;0;0;0;0;0
146;1;1;1;IDLE;0.000;0.000;1.000;22451.501846;22451.505165;22451.539007;22451.599576;789030;789030;789030;9863;24;12624480;12624520;100.000;845.651;845.651;7.466;8.194;3029.885;4.384;4.677;2.420;4.513;6.958;0.003;22.951;15.855;79.483;94.412;33.843;24.310;46.849;1.856;0.768;0.438;1.420;0.030;3.319;97.730;96.083;33.984;0.650;0.781;0.650;0.002;0.343;12.846;0.385;0;2;34.439;34.441;nan;nan;nan;31020;1;0;0;0;0;0;0
147;1;1;1;IDLE;0.000;0.000;1.000;22451.535525;22451.539633;22451.576099;22451.631770;794594;794594;794594;9933;25;12713504;12713544;100.000;903.110;903.110;7.692;8.450;3051.251;4.480;4.673;2.413;5.649;8.966;0.004;26.182;19.096;78.059;92.137;36.466;28.416;52.366;3.021;0.763;0.436;1.398;0.031;4.107;96.245;94.943;34.468;1.134;0.803;1.134;0.003;0.683;12.827;0.385;0;2;32.437;32.440;nan;nan;nan;31960;1;0;0;0;0;0;0
148;1;1;1;IDLE;0.000;0.000;1.000;22451.567720;22451.571391;22451.608613;22451.666921;797998;797998;797998;9975;24;12767968;12768008;100.000;960.524;960.524;7.331;8.058;3064.322;4.250;5.120;2.445;7.284;8.401;0.497;27.500;19.935;82.237;95.530;37.222;28.787;53.556;3.936;1.087;0.458;1.759;0.044;3.671;99.200;96.761;31.758;1.575;0.851;1.575;0.003;0.675;13.339;0.400;0;2;31.553;31.555;nan;nan;nan;30456;1;0;0;0;0;0;0
149;1;1;1;IDLE;0.000;0.000;1.000;22451.601686;22451.605078;22451.639885;22451.667014;798639;798639;798639;9983;23;12778224;12778264;100.000;945.279;945.279;7.285;7.982;3066.783;4.408;4.817;2.393;5.932;7.598;0.002;25.148;17.938;48.418;61.936;34.807;40.604;51.534;3.254;0.798;0.456;1.392;0.031;3.391;65.328;63.521;33.687;0.354;0.820;0.354;0.004;0.543;13.295;0.399;0;2;34.135;34.137;nan;nan;nan;30268;1;0;0;0;0;0;0
150;1;1;1;IDLE;0.000;0.000;1.000;22451.635144;22451.638260;22451.677391;22451.732069;796693;796693;796693;9959;23;12747088;12747128;100.000;868.751;868.751;7.240;7.937;3059.311;4.482;4.915;2.384;6.157;10.027;0.002;27.965;20.666;79.136;93.809;39.131;29.811;52.812;3.393;0.761;0.438;1.487;0.078;3.115;96.924;95.242;33.182;0.151;0.778;0.151;0.003;0.970;13.341;0.400;0;2;30.766;30.768;nan;nan;nan;30080;1;0;0;0;0;0;0
151;1;1;1;IDLE;0.000;0.000;1.000;22451.667551;22451.671177;22451.704788;22451.764570;794717;794717;794717;9934;105;12715472;12715512;100.000;987.807;987.807;33.094;36.349;3051.723;4.068;5.156;2.570;5.111;7.803;0.009;24.709;16.982;80.521;93.393;33.611;26.457;50.526;2.090;0.779;0.462;1.728;0.052;3.626;97.020;94.411;32.917;0.416;0.755;0.416;0.004;0.092;13.218;0.397;0;2;35.078;35.080;nan;nan;nan;137804;1;0;0;0;0;0;0
152;1;1;1;IDLE;0.000;0.000;1.000;22451.701751;22451.704872;22451.740292;22451.799693;792861;792861;792861;9911;22;12685776;12685816;100.000;893.908;893.908;6.879;7.545;3044.596;4.738;4.669;2.406;5.886;7.776;0.001;25.474;18.399;80.629;94.821;35.420;26.865;51.946;3.249;0.759;0.435;1.405;0.036;3.120;97.942;96.200;33.695;0.361;0.731;0.361;0.010;0.480;13.160;0.395;0;2;32.051;32.052;nan;nan;nan;28576;1;0;0;0;0;0;0
153;1;1;1;IDLE;0.000;0.000;1.000;22451.734661;22451.738394;22451.771338;22451.831798;792789;792789;792789;9910;18;12684624;12684664;100.000;919.569;919.569;5.661;6.202;3044.319;4.343;4.962;2.431;4.959;6.738;0.003;23.432;16.039;79.609;93.404;32.943;25.087;48.688;2.039;0.779;0.477;1.635;0.028;3.733;97.137;94.972;33.523;0.189;0.697;0.189;0.003;0.055;12.963;0.389;0;2;35.089;35.091;nan;nan;nan;23500;1;0;0;0;0;0;0
154;1;1;1;IDLE;0.000;0.000;1.000;22451.768498;22451.772899;22451.810703;22451.866578;792309;792309;792309;9904;18;12676944;12676984;100.000;918.959;918.959;5.526;6.066;3042.476;4.387;4.672;2.389;5.892;10.027;0.002;27.368;20.306;79.884;93.679;37.804;29.215;53.715;3.238;0.762;0.441;1.417;0.034;4.401;98.080;96.419;34.505;1.171;0.727;1.171;0.003;1.023;12.968;0.389;0;2;31.118;31.119;nan;nan;nan;22936;1;0;0;0;0;0;0
155;1;1;1;IDLE;0.000;0.000;1.000;22451.800959;22451.804529;22451.838924;22451.897801;791925;791925;791925;9900;19;12670800;12670840;100.000;970.068;970.068;5.977;6.549;3041.002;4.119;5.111;2.414;5.226;8.231;0.002;25.101;17.577;80.210;93.272;34.395;26.912;51.103;2.373;0.771;0.450;1.602;0.031;3.570;96.842;94.308;31.630;1.703;0.788;1.703;0.003;0.347;12.919;0.388;0;2;35.881;35.883;nan;nan;nan;24816;1;0;0;0;0;0;0
156;1;1;1;IDLE;0.000;0.000;1.000;22451.835222;22451.838424;22451.876136;22451.932531;793795;793795;793795;9923;22;12700720;12700760;100.000;868.665;868.665;6.924;7.590;3048.182;4.545;4.751;2.618;6.127;9.306;0.001;27.347;19.979;79.486;94.107;37.712;29.060;52.977;3.476;0.761;0.431;1.421;0.037;3.202;97.309;95.705;33.894;0.561;0.773;0.561;0.003;0.285;13.069;0.392;0;2;30.968;30.969;nan;nan;nan;28764;1;0;0;0;0;0;0
157;1;1;1;IDLE;0.000;0.000;1.000;22451.867440;22451.870488;22451.905918;22451.966064;793460;793460;793460;9919;22;12695360;12695400;100.000;952.629;952.629;6.744;7.409;3046.896;4.174;5.166;2.416;4.903;9.259;0.002;25.917;18.336;82.249;95.576;35.430;27.117;51.753;2.060;0.790;0.476;1.548;0.029;3.048;98.624;95.904;32.064;1.269;0.804;1.269;0.004;0.355;12.926;0.388;0;2;35.868;35.870;nan;nan;nan;28012;1;0;0;0;0;0;0
158;1;1;1;IDLE;0.000;0.000;1.000;22451.902393;22451.907077;22451.941335;22451.998366;795527;795527;795527;9945;22;12728432;12728472;100.000;923.986;923.986;6.834;7.500;3054.833;4.391;4.525;2.387;4.730;8.351;0.005;24.385;17.472;77.514;91.289;34.258;26.712;51.002;2.086;0.759;0.441;1.413;0.030;4.684;95.973;94.873;36.588;3.255;0.958;3.255;0.002;0.486;12.611;0.378;0;2;33.074;33.077;nan;nan;nan;28388;1;0;0;0;0;0;0
159;1;1;1;IDLE;0.000;0.000;1.000;22451.934423;22451.938135;22451.974249;22452.032730;798776;798776;798776;9985;23;12780416;12780456;100.000;902.763;902.763;7.060;7.756;3067.309;4.305;4.821;2.445;6.453;8.185;0.002;26.209;18.944;80.438;94.595;36.114;27.707;52.455;3.363;0.878;0.438;1.740;0.035;3.712;98.307;95.904;31.058;2.275;1.040;2.275;0.002;0.049;12.895;0.387;0;2;32.296;32.298;nan;nan;nan;29328;1;0;0;0;0;0;0
160;1;1;1;IDLE;0.000;0.000;1.000;22451.968562;22451.971693;22452.006760;22452.064624;799362;799362;799362;9993;23;12789792;12789832;100.000;892.383;892.383;7.015;7.711;3069.560;4.625;5.049;2.483;4.769;7.620;0.002;24.546;17.015;78.598;92.930;35.067;26.414;48.521;2.101;0.776;0.453;1.409;0.030;3.132;96.062;94.464;33.558;0.225;0.989;0.225;0.003;0.809;12.753;0.383;0;2;33.585;33.588;nan;nan;nan;29140;1;0;0;0;0;0;0
161;1;1;1;IDLE;0.000;0.000;1.000;22452.002064;22452.005239;22452.042105;22452.064664;789777;789777;789777;9873;22;12636432;12636472;100.000;861.201;861.201;6.970;7.635;3032.753;4.610;4.652;2.366;5.755;8.888;0.001;26.271;19.253;44.752;59.425;36.865;44.208;52.225;3.137;0.751;0.437;1.396;0.033;3.175;62.600;61.171;33.546;0.212;0.940;0.212;0.012;0.518;12.763;0.383;0;2;31.404;31.405;nan;nan;nan;28952;1;0;0;0;0;0;0
162;1;1;1;IDLE;0.000;0.000;1.000;22452.034259;22452.037336;22452.072305;22452.131363;790930;790930;790930;9887;22;12654880;12654920;100.000;945.197;945.197;6.789;7.454;3037.181;4.322;4.968;2.473;4.908;9.020;0.003;25.691;18.250;80.638;94.027;34.969;27.323;52.188;2.260;0.769;0.454;1.391;0.033;3.077;97.104;94.537;32.097;1.236;0.959;1.236;0.003;0.207;12.663;0.380;0;2;36.992;36.994;nan;nan;nan;28200;1;0;0;0;0;0;0
163;1;1;1;IDLE;0.000;0.000;1.000;22452.069156;22452.074163;22452.109100;22452.165318;793734;793734;793734;9922;23;12699744;12699784;100.000;910.282;910.282;7.060;7.756;3047.948;4.346;4.563;2.550;5.022;8.728;0.001;25.208;18.096;77.204;91.156;34.938;27.654;51.795;2.402;0.754;0.439;1.400;0.026;5.006;96.162;95.158;36.826;3.493;1.117;3.493;0.002;0.121;12.536;0.376;0;2;30.988;30.989;nan;nan;nan;29328;1;0;0;0;0;0;0
164;1;1;1;IDLE;0.000;0.000;1.000;22452.100905;22452.104534;22452.138062;22452.199555;792883;792883;792883;9912;23;12686128;12686168;100.000;970.347;970.347;7.105;7.801;3044.680;4.123;4.982;2.378;5.039;7.840;0.002;24.364;17.003;81.947;95.021;33.528;25.640;50.712;2.253;0.786;0.474;1.497;0.030;3.628;98.650;96.062;30.371;2.962;1.233;2.962;0.004;0.208;12.505;0.375;0;2;35.093;35.094;nan;nan;nan;29516;1;0;0;0;0;0;0
165;1;1;1;IDLE;0.000;0.000;1.000;22452.135315;22452.139302;22452.172268;22452.231394;791299;791299;791299;9892;24;12660784;12660824;100.000;932.217;932.217;7.376;8.103;3038.598;4.431;4.707;2.436;5.260;6.745;0.002;23.578;16.436;78.510;92.092;32.966;25.603;49.856;2.296;0.751;0.450;1.730;0.033;3.987;96.079;94.568;34.768;1.435;1.245;1.435;0.002;0.233;12.485;0.375;0;2;34.028;34.029;nan;nan;nan;30644;1;0;0;0;0;0;0
166;1;1;1;IDLE;0.000;0.000;1.000;22452.168782;22452.172656;22452.208630;22452.266869;789485;789485;789485;9869;101;12631760;12631800;100.000;903.397;903.397;31.876;35.006;3031.632;4.359;4.674;2.389;5.815;9.027;0.007;26.265;19.202;80.230;94.213;35.974;27.878;53.377;3.191;0.749;0.440;1.400;0.035;3.873;98.086;96.709;33.354;0.020;1.169;0.020;0.002;0.082;12.590;0.378;0;2;31.788;31.790;nan;nan;nan;132728;1;0;0;0;0;0;0
167;1;1;1;IDLE;0.000;0.000;1.000;22452.201252;22452.204970;22452.238613;22452.298333;789977;789977;789977;9875;23;12639632;12639672;100.000;914.867;914.867;7.060;7.756;3033.521;4.183;4.784;2.773;4.886;7.331;0.003;23.957;16.400;79.546;93.362;33.642;25.660;48.748;2.058;0.763;0.468;1.569;0.028;3.718;97.080;94.840;32.314;1.019;1.159;1.019;0.003;0.048;12.556;0.377;0;2;35.583;35.584;nan;nan;nan;29328;1;0;0;0;0;0;0
168;1;1;1;IDLE;0.000;0.000;1.000;22452.235229;22452.238749;22452.277785;22452.332782;791598;791598;791598;9895;19;12665568;12665608;100.000;848.225;848.225;6.022;6.594;3039.746;4.614;4.669;2.403;6.081;10.022;0.002;27.789;20.718;79.101;94.033;39.036;29.552;53.073;3.404;0.747;0.441;1.457;0.033;3.519;97.552;95.955;33.779;0.445;1.115;0.445;0.003;0.925;12.711;0.381;0;2;30.564;30.566;nan;nan;nan;25004;1;0;0;0;0;0;0
169;1;1;1;IDLE;0.000;0.000;1.000;22452.267314;22452.270394;22452.305275;22452.332837;795034;795034;795034;9938;19;12720544;12720584;100.000;1008.105;1008.105;6.022;6.594;3052.940;4.117;5.544;2.439;4.923;9.115;0.001;26.138;18.155;49.825;62.443;34.881;41.858;52.049;2.194;0.773;0.459;1.468;0.029;3.080;65.523;62.677;31.645;1.688;1.151;1.688;0.003;0.237;12.765;0.383;0;2;36.618;36.621;nan;nan;nan;25004;1;0;0;0;0;0;0
170;1;1;1;IDLE;0.000;0.000;1.000;22452.301855;22452.305366;22452.341938;22452.397348;794863;794863;794863;9936;20;12717808;12717848;100.000;901.938;901.938;6.203;6.805;3052.284;4.671;4.720;2.386;6.149;9.014;0.003;26.941;19.835;77.882;91.982;36.572;29.289;54.235;3.129;0.752;0.439;1.791;0.037;3.511;95.493;93.855;34.972;1.639;1.181;1.639;0.009;0.191;12.898;0.387;0;2;32.548;32.549;nan;nan;nan;25756;1;0;0;0;0;0;0
171;1;1;1;IDLE;0.000;0.000;1.000;22452.334640;22452.338259;22452.374293;22452.432740;794885;794885;794885;9937;21;12718160;12718200;100.000;896.286;896.286;6.564;7.198;3052.368;4.280;4.665;2.378;5.950;8.303;0.001;25.575;18.532;80.291;94.481;36.033;27.069;51.431;3.305;0.771;0.437;1.402;0.035;3.619;98.100;95.914;32.893;0.440;1.135;0.440;0.003;0.543;12.927;0.388;0;2;31.355;31.356;nan;nan;nan;27260;1;0;0;0;0;0;0
172;1;1;1;IDLE;0.000;0.000;1.000;22452.367993;22452.371117;22452.406087;22452.465417;788905;788905;788905;9862;21;12622480;12622520;100.000;936.579;936.579;6.564;7.198;3029.405;4.434;5.109;2.541;5.084;8.023;0.002;25.190;17.541;80.823;94.300;34.971;26.713;50.160;2.305;0.775;0.479;1.496;0.029;3.124;97.424;95.257;32.857;0.476;1.094;0.476;0.002;0.734;12.881;0.386;0;2;34.671;34.673;nan;nan;nan;27260;1;0;0;0;0;0;0
173;1;1;1;IDLE;0.000;0.000;1.000;22452.401537;22452.405358;22452.441698;22452.497365;787376;787376;787376;9843;21;12598016;12598056;100.000;839.225;839.225;6.564;7.198;3023.533;4.561;4.600;2.406;5.328;8.550;0.003;25.446;18.440;76.996;92.008;36.340;27.657;50.743;2.702;0.744;0.440;1.410;0.031;3.820;95.828;93.872;34.241;0.908;1.082;0.908;0.002;0.440;12.750;0.383;0;2;32.265;32.267;nan;nan;nan;27260;1;0;0;0;0;0;0
174;1;1;1;IDLE;0.000;0.000;1.000;22452.434368;22452.437411;22452.474174;22452.532734;791921;791921;791921;9900;22;12670736;12670776;100.000;906.367;906.367;6.879;7.545;3040.986;4.321;4.811;2.387;6.791;7.944;0.002;26.254;19.056;81.343;95.323;36.763;27.543;51.835;3.706;0.907;0.451;1.692;0.036;3.042;98.365;95.907;32.053;1.280;1.094;1.280;0.003;0.845;13.066;0.392;0;2;31.132;31.133;nan;nan;nan;28576;1;0;0;0;0;0;0
175;1;1;1;IDLE;0.000;0.000;1.000;22452.468530;22452.471542;22452.504146;22452.564381;785044;785044;785044;9814;22;12560704;12560744;100.000;928.608;928.608;6.789;7.454;3014.579;4.694;4.572;2.421;4.709;6.853;0.002;23.249;16.256;79.313;92.839;32.604;25.042;49.860;2.078;0.763;0.450;1.389;0.030;3.011;95.851;94.221;34.131;0.798;1.076;0.798;0.002;0.519;12.728;0.382;0;2;35.436;35.438;nan;nan;nan;28200;1;0;0;0;0;0;0
176;1;1;1;IDLE;0.000;0.000;1.000;22452.501869;22452.506208;22452.543410;22452.598959;785759;785759;785759;9822;22;12572144;12572184;100.000;906.787;906.787;6.789;7.454;3017.324;4.435;4.507;2.385;5.737;10.031;0.001;27.095;20.203;78.887;92.752;37.202;29.212;54.305;3.125;0.744;0.436;1.400;0.031;4.339;97.090;95.466;34.666;1.333;1.092;1.333;0.003;0.674;12.708;0.381;0;2;30.999;31.000;nan;nan;nan;28200;1;0;0;0;0;0;0
177;1;1;1;IDLE;0.000;0.000;1.000;22452.534335;22452.538010;22452.571153;22452.631255;782963;782963;782963;9788;22;12527408;12527448;100.000;923.662;923.662;6.970;7.635;3006.588;4.264;4.813;2.582;5.059;6.837;0.003;23.556;16.161;79.682;93.245;33.143;25.262;48.761;2.069;0.761;0.455;1.746;0.030;3.675;96.920;94.429;31.802;1.531;1.119;1.531;0.003;0.284;12.650;0.379;0;2;34.640;34.641;nan;nan;nan;28952;1;0;0;0;0;0;0
178;1;1;1;IDLE;0.000;0.000;1.000;22452.568302;22452.571790;22452.608564;22452.666030;783666;783666;783666;9796;22;12538656;12538696;100.000;871.875;871.875;6.699;7.364;3009.287;4.458;4.664;2.380;5.708;9.029;0.001;26.239;19.195;79.858;94.240;36.774;27.843;52.198;3.053;0.741;0.441;1.441;0.031;3.488;97.728;95.870;33.780;0.447;1.077;0.447;0.002;0.608;12.681;0.380;0;2;31.717;31.719;nan;nan;nan;27824;1;0;0;0;0;0;0
179;1;1;1;IDLE;0.000;0.000;1.000;22452.601385;22452.604447;22452.638622;22452.699560;786714;786714;786714;9834;22;12587424;12587464;100.000;917.180;917.180;6.744;7.409;3020.991;4.322;5.114;2.701;5.239;7.096;0.003;24.471;16.656;81.388;95.112;34.174;25.729;48.740;2.298;0.766;0.479;1.665;0.030;3.062;98.174;96.066;32.658;0.676;1.052;0.676;0.013;0.287;12.777;0.383;0;2;34.501;34.502;nan;nan;nan;28012;1;0;0;0;0;0;0
180;1;1;1;IDLE;0.000;0.000;1.000;22452.634978;22452.639284;22452.676714;22452.731495;787583;787583;787583;9845;21;12601328;12601368;100.000;904.562;904.562;6.428;7.062;3024.328;4.397;4.575;2.401;5.804;10.023;0.003;27.199;20.223;78.280;92.211;37.430;29.497;54.028;3.186;0.744;0.438;1.403;0.032;4.306;96.517;94.668;34.837;1.503;1.080;1.503;0.002;0.693;12.783;0.383;0;2;32.862;32.865;nan;nan;nan;26696;1;0;0;0;0;0;0
181;1;1;1;IDLE;0.000;0.000;1.000;22452.667642;22452.671327;22452.708790;22452.767167;793719;793719;793719;9922;104;12699504;12699544;100.000;944.533;944.533;32.643;35.867;3047.891;4.279;5.270;2.447;7.007;9.022;0.006;28.025;20.308;82.394;95.840;37.463;29.241;54.208;3.691;0.986;0.438;1.856;0.037;3.684;99.524;97.007;32.043;1.290;1.094;1.290;0.003;0.267;13.280;0.398;0;2;31.722;31.725;nan;nan;nan;135924;1;0;0;0;0;0;0
182;1;1;1;IDLE;0.000;0.000;1.000;22452.701728;22452.704958;22452.738925;22452.798676;792329;792329;792329;9905;21;12677264;12677304;100.000;934.845;934.845;6.564;7.198;3042.553;4.413;4.738;2.377;4.922;8.089;0.002;24.539;17.424;80.157;93.718;33.967;26.184;51.297;2.150;0.882;0.471;1.389;0.030;3.231;96.949;95.183;33.631;0.298;1.044;0.298;0.003;0.276;12.972;0.389;0;2;36.327;36.328;nan;nan;nan;27260;1;0;0;0;0;0;0
183;1;1;1;IDLE;0.000;0.000;1.000;22452.735017;22452.738383;22452.778329;22452.830890;801464;801464;801464;10019;17;12823424;12823464;100.000;857.937;857.937;5.300;5.809;3077.631;4.620;5.177;2.628;6.001;10.400;0.003;28.827;21.021;77.560;92.507;39.946;31.162;52.624;3.323;0.765;0.439;1.442;0.032;3.366;95.873;94.063;33.425;0.091;0.984;0.091;0.003;0.789;13.185;0.396;0;2;30.743;30.744;nan;nan;nan;21996;1;0;0;0;0;0;0
184;1;1;1;IDLE;0.000;0.000;1.000;22452.767077;22452.770644;22452.805935;22452.867496;796948;796948;796948;9962;18;12751168;12751208;100.000;1044.347;1044.347;5.436;5.976;3060.290;4.139;5.632;2.468;5.232;9.461;0.001;26.933;18.832;84.642;96.852;35.291;27.808;53.363;2.201;0.777;0.456;1.739;0.058;3.567;100.419;97.336;32.261;1.072;0.990;1.072;0.002;0.283;13.225;0.397;0;2;34.413;34.414;nan;nan;nan;22560;1;0;0;0;0;0;0
185;1;1;1;IDLE;0.000;0.000;1.000;22452.801489;22452.804560;22452.838703;22452.898278;802598;802598;802598;10033;21;12841568;12841608;100.000;894.593;894.593;6.383;7.017;3081.986;4.411;4.821;2.547;4.585;7.632;0.003;23.996;16.628;79.363;93.718;34.143;25.605;48.700;1.952;0.780;0.437;1.387;0.028;3.071;96.789;94.785;33.916;0.582;0.964;0.582;0.003;0.198;12.910;0.387;0;2;36.422;36.423;nan;nan;nan;26508;1;0;0;0;0;0;0
186;1;1;1;IDLE;0.000;0.000;1.000;22452.836173;22452.841324;22452.879186;22452.932822;797039;797039;797039;9963;22;12752624;12752664;100.000;893.873;893.873;6.879;7.545;3060.639;4.519;4.490;2.446;4.936;11.026;0.003;27.417;20.481;77.231;91.498;37.862;29.965;54.095;2.086;0.763;0.433;1.533;0.121;5.151;96.649;95.996;36.764;3.431;1.118;3.431;0.002;0.693;12.655;0.380;0;2;30.113;30.115;nan;nan;nan;28576;1;0;0;0;0;0;0
187;1;1;1;IDLE;0.000;0.000;1.000;22452.867173;22452.870705;22452.904892;22452.964428;797511;797511;797511;9969;22;12760176;12760216;100.000;1126.674;1126.674;6.879;7.545;3062.452;3.889;5.643;2.476;4.977;9.673;0.002;26.659;18.540;82.397;93.723;34.187;28.445;54.231;2.320;0.777;0.451;1.400;0.030;3.533;97.255;94.268;29.381;3.953;1.296;3.953;0.003;0.086;12.769;0.383;0;2;37.599;37.601;nan;nan;nan;28576;1;0;0;0;0;0;0
188;1;1;1;IDLE;0.000;0.000;1.000;22452.901447;22452.905496;22452.942046;22452.999412;794879;794879;794879;9936;21;12718064;12718104;100.000;882.046;882.046;6.564;7.198;3052.345;4.303;4.894;2.390;5.572;8.732;0.001;25.893;18.608;79.497;93.916;36.550;27.570;50.912;2.892;0.760;0.437;1.452;0.032;4.049;97.965;95.918;34.791;1.457;1.306;1.457;0.016;0.525;12.797;0.384;0;2;31.112;31.113;nan;nan;nan;27260;1;0;0;0;0;0;0
189;1;1;1;IDLE;0.000;0.000;1.000;22452.934502;22452.938062;22452.971121;22453.031181;793590;793590;793590;9920;21;12697440;12697480;100.000;924.044;924.044;6.609;7.243;3047.395;4.292;4.744;2.491;4.932;6.667;0.003;23.125;15.890;79.377;93.119;33.059;24.834;48.067;2.071;0.773;0.476;1.581;0.030;3.560;96.679;94.354;32.566;0.767;1.272;0.767;0.003;0.480;12.642;0.379;0;2;34.954;34.956;nan;nan;nan;27448;1;0;0;0;0;0;0
190;1;1;1;IDLE;0.000;0.000;1.000;22452.968323;22452.971772;22453.007825;22453.065747;788938;788938;788938;9862;22;12623008;12623048;100.000;855.847;855.847;6.789;7.454;3029.532;4.613;4.626;2.370;5.859;8.361;0.001;25.829;18.834;79.226;93.975;36.053;27.485;52.239;3.247;0.745;0.436;1.397;0.034;3.449;97.424;95.588;33.710;0.377;1.216;0.377;0.002;0.083;12.701;0.381;0;2;31.713;31.715;nan;nan;nan;28200;1;0;0;0;0;0;0
191;1;1;1;IDLE;0.000;0.000;1.000;22453.000936;22453.004585;22453.038292;22453.065808;784846;784846;784846;9811;21;12557536;12557576;100.000;910.897;910.897;6.654;7.288;3013.818;4.250;4.635;2.329;5.825;6.752;0.002;23.792;16.827;47.438;61.224;33.707;38.860;49.921;3.125;0.823;0.459;1.387;0.032;3.649;64.873;62.315;32.812;0.521;1.173;0.521;0.003;0.376;12.726;0.382;0;2;34.203;34.205;nan;nan;nan;27636;1;0;0;0;0;0;0
192;1;1;1;IDLE;0.000;0.000;1.000;22453.035014;22453.038395;22453.075644;22453.132850;788004;788004;788004;9851;22;12608064;12608104;100.000;850.454;850.454;6.744;7.409;3025.945;4.491;4.564;2.459;5.470;9.022;0.002;26.007;18.983;79.630;94.455;37.249;27.533;50.963;2.839;0.745;0.435;1.420;0.030;3.382;97.837;96.024;33.811;0.477;1.129;0.477;0.003;0.905;12.673;0.380;0;2;31.134;31.135;nan;nan;nan;28012;1;0;0;0;0;0;0
193;1;1;1;IDLE;0.000;0.000;1.000;22453.067892;22453.070934;22453.105713;22453.165815;795964;795964;795964;9950;21;12735424;12735464;100.000;900.636;900.636;6.518;7.152;3056.511;4.359;4.910;2.512;5.007;8.023;0.002;24.811;17.388;80.741;94.881;34.779;26.149;49.996;2.154;0.781;0.490;1.552;0.029;3.041;97.923;95.655;32.538;0.795;1.108;0.795;0.003;0.183;12.615;0.378;0;2;35.156;35.158;nan;nan;nan;27072;1;0;0;0;0;0;0
194;1;1;1;IDLE;0.000;0.000;1.000;22453.101684;22453.105192;22453.142743;22453.198803;799207;799207;799207;9991;21;12787312;12787352;100.000;882.285;882.285;6.564;7.198;3068.964;4.658;4.884;2.467;5.782;8.966;0.003;26.757;19.405;79.117;93.610;37.551;28.583;51.678;3.152;0.757;0.436;1.405;0.031;3.508;97.119;95.310;34.258;0.925;1.097;0.925;0.003;0.955;12.750;0.382;0;2;32.032;32.034;nan;nan;nan;27260;1;0;0;0;0;0;0
195;1;1;1;IDLE;0.000;0.000;1.000;22453.134549;22453.138145;22453.173872;22453.232873;799402;799402;799402;9993;22;12790432;12790472;100.000;932.996;932.996;6.744;7.409;3069.713;4.332;4.788;2.380;6.742;8.015;0.003;26.258;19.089;81.020;94.729;35.727;27.719;53.431;3.431;1.102;0.454;1.720;0.036;3.596;98.325;96.047;32.952;0.381;1.052;0.381;0.003;0.088;13.048;0.391;0;2;32.943;32.944;nan;nan;nan;28012;1;0;0;0;0;0;0
196;1;1;1;IDLE;0.000;0.000;1.000;22453.168549;22453.171676;22453.207951;22453.264703;800483;800483;800483;10007;104;12807728;12807768;100.000;891.369;891.369;32.643;35.867;3073.864;4.659;5.118;2.461;5.131;9.023;0.011;26.393;18.814;78.658;93.027;36.275;28.372;51.864;2.118;0.776;0.456;1.750;0.031;3.127;96.154;94.543;33.531;0.198;0.999;0.198;0.017;0.153;12.969;0.389;0;2;33.940;33.944;nan;nan;nan;135924;1;0;0;0;0;0;0
197;1;1;1;IDLE;0.000;0.000;1.000;22453.201766;22453.204915;22453.241614;22453.299851;798336;798336;798336;9980;21;12773376;12773416;100.000;854.209;854.209;6.518;7.152;3065.620;4.551;4.754;2.400;5.811;8.603;0.002;26.119;18.965;79.982;94.935;36.698;27.512;51.678;3.175;0.756;0.443;1.400;0.036;3.149;98.084;96.358;33.239;0.094;0.942;0.094;0.003;0.173;12.974;0.389;0;2;31.688;31.689;nan;nan;nan;27072;1;0;0;0;0;0;0
198;1;1;1;IDLE;0.000;0.000;1.000;22453.234467;22453.238112;22453.272044;22453.331233;798454;798454;798454;9981;17;12775264;12775304;100.000;925.964;925.964;5.255;5.764;3066.073;4.177;5.058;2.423;5.288;6.960;0.002;23.905;16.425;79.324;93.121;33.931;25.671;48.406;2.338;0.782;0.488;1.650;0.030;3.645;96.766;94.406;33.197;0.137;0.892;0.137;0.002;0.403;12.926;0.388;0;2;34.763;34.764;nan;nan;nan;21808;1;0;0;0;0;0;0
199;1;1;1;IDLE;0.000;0.000;1.000;22453.268824;22453.272330;22453.309157;22453.367065;800770;800770;800770;10010;17;12812320;12812360;100.000;853.321;853.321;5.165;5.674;3074.966;4.548;4.628;2.408;5.431;8.991;0.002;26.006;18.969;79.720;94.735;36.827;27.451;51.510;2.790;0.764;0.439;1.406;0.031;3.506;98.241;96.905;34.218;0.885;0.891;0.885;0.002;0.350;12.818;0.385;0;2;31.062;31.064;nan;nan;nan;21432;1;0;0;0;0;0;0
200;1;1;1;IDLE;0.000;0.000;1.000;22453.300877;22453.304014;22453.338249;22453.398295;802378;802378;802378;10030;19;12838048;12838088;100.000;921.448;921.448;5.842;6.413;3081.141;4.291;4.970;2.486;5.067;6.984;0.002;23.798;16.342;80.348;94.281;34.235;25.242;47.735;2.283;0.813;0.480;1.454;0.036;3.137;97.418;94.802;31.684;1.649;0.939;1.649;0.003;0.791;12.747;0.382;0;2;35.795;35.797;nan;nan;nan;24252;1;0;0;0;0;0;0
201;1;1;1;IDLE;0.000;0.000;1.000;22453.335017;22453.338446;22453.376618;22453.431438;805285;805285;805285;10067;21;12884560;12884600;100.000;848.488;848.488;6.518;7.152;3092.304;4.827;4.817;2.440;6.137;9.296;0.002;27.517;20.259;77.806;92.992;38.172;29.591;53.074;3.311;0.918;0.433;1.439;0.036;3.430;96.421;94.611;34.432;1.099;0.949;1.099;0.002;0.292;12.915;0.387;0;2;30.967;30.969;nan;nan;nan;27072;1;0;0;0;0;0;0
202;1;1;1;IDLE;0.000;0.000;1.000;22453.367630;22453.370692;22453.405038;22453.467146;803318;803318;803318;10042;21;12853088;12853128;100.000;954.672;954.672;6.609;7.243;3084.751;4.204;5.150;2.407;5.021;7.903;0.002;24.685;17.128;82.990;96.454;34.346;25.592;49.868;2.201;0.784;0.472;1.534;0.029;3.063;99.517;96.986;32.246;1.087;0.957;1.087;0.004;0.396;12.834;0.385;0;2;34.299;34.300;nan;nan;nan;27448;1;0;0;0;0;0;0
203;1;1;1;IDLE;0.000;0.000;1.000;22453.401403;22453.404419;22453.438022;22453.498816;802036;802036;802036;10026;23;12832576;12832616;100.000;916.720;916.720;7.015;7.711;3079.828;4.522;4.694;2.404;5.899;6.555;0.004;24.074;16.976;80.399;94.397;33.603;25.503;50.519;3.245;0.762;0.466;1.392;0.033;3.016;97.413;95.323;33.727;0.393;0.922;0.393;0.002;0.049;12.878;0.386;0;2;35.672;35.675;nan;nan;nan;29140;1;0;0;0;0;0;0
204;1;1;1;IDLE;0.000;0.000;1.000;22453.434957;22453.438153;22453.477007;22453.534192;810228;810228;810228;10128;22;12963648;12963688;100.000;875.644;875.644;6.879;7.545;3111.285;4.437;5.242;2.440;6.453;9.443;0.004;28.014;20.333;81.233;96.038;38.854;29.170;52.332;3.397;0.831;0.437;1.752;0.035;3.196;99.235;97.365;33.734;0.401;0.890;0.401;0.003;0.468;13.200;0.396;0;2;31.247;31.249;nan;nan;nan;28576;1;0;0;0;0;0;0
205;1;1;1;IDLE;0.000;0.000;1.000;22453.467689;22453.471533;22453.505961;22453.534259;808185;808185;808185;10103;20;12930960;12931000;100.000;986.036;986.036;6.338;6.941;3103.440;4.180;5.604;2.411;5.048;7.329;0.002;24.573;16.558;49.611;62.725;34.428;39.176;48.095;2.187;0.802;0.475;1.554;0.030;3.844;66.569;64.099;33.380;0.047;0.837;0.047;0.012;0.907;13.169;0.395;0;2;35.555;35.557;nan;nan;nan;26320;1;0;0;0;0;0;0
206;1;1;1;IDLE;0.000;0.000;1.000;22453.501851;22453.505097;22453.544623;22453.599100;815223;815223;815223;10191;21;13043568;13043608;100.000;866.659;866.659;6.564;7.198;3130.466;4.748;4.795;2.717;6.492;9.906;0.003;28.657;21.146;78.953;94.003;39.526;30.485;53.499;3.363;0.847;0.434;1.814;0.034;3.245;97.249;95.607;33.563;0.230;0.799;0.230;0.003;0.561;13.383;0.402;0;2;30.980;30.982;nan;nan;nan;27260;1;0;0;0;0;0;0
207;1;1;1;IDLE;0.000;0.000;1.000;22453.533712;22453.537761;22453.573336;22453.632991;799426;799426;799426;9993;22;12790816;12790856;100.000;984.649;984.649;6.699;7.364;3069.805;4.041;5.580;2.401;5.077;8.748;0.003;25.847;17.866;82.239;95.229;35.575;27.142;50.221;2.144;0.786;0.474;1.645;0.028;4.049;99.278;96.164;32.665;0.668;0.791;0.668;0.003;0.775;13.305;0.399;0;2;34.505;34.507;nan;nan;nan;27824;1;0;0;0;0;0;0
208;1;1;1;IDLE;0.000;0.000;1.000;22453.568558;22453.571764;22453.607879;22453.665918;790320;790320;790320;9879;21;12645120;12645160;100.000;906.846;906.846;6.564;7.198;3034.838;4.676;4.621;2.388;6.338;8.010;0.002;26.033;19.024;80.210;94.155;36.116;27.650;52.675;3.374;0.759;0.440;1.727;0.037;3.206;97.361;95.759;34.002;0.669;0.783;0.669;0.002;0.810;13.323;0.400;0;2;33.115;33.119;nan;nan;nan;27260;1;0;0;0;0;0;0
209;1;1;1;IDLE;0.000;0.000;1.000;22453.601881;22453.604888;22453.643967;22453.698941;795945;795945;795945;9950;21;12735120;12735160;100.000;912.795;912.795;6.428;7.062;3056.438;4.462;4.941;2.439;6.733;10.021;0.002;28.596;21.216;80.101;94.053;39.079;30.404;54.289;3.586;0.775;0.443;1.859;0.069;3.007;97.060;95.448;33.125;0.209;0.747;0.209;0.003;0.990;13.526;0.406;0;2;31.967;31.969;nan;nan;nan;26696;1;0;0;0;0;0;0
210;1;1;1;IDLE;0.000;0.000;1.000;22453.635072;22453.638835;22453.674064;22453.732514;792891;792891;792891;9912;22;12686256;12686296;100.000;903.867;903.867;6.699;7.364;3044.711;4.396;4.609;2.388;6.014;8.049;0.003;25.456;18.459;79.643;93.679;35.228;27.173;52.398;3.207;0.779;0.455;1.539;0.035;3.764;97.442;95.688;33.947;0.614;0.739;0.614;0.003;0.129;13.403;0.402;0;2;32.921;32.923;nan;nan;nan;27824;1;0;0;0;0;0;0
211;1;1;1;IDLE;0.000;0.000;1.000;22453.668483;22453.671713;22453.707115;22453.766509;797320;797320;797320;9967;104;12757120;12757160;100.000;912.798;912.798;32.733;35.957;3061.718;4.373;4.645;2.385;6.183;8.020;0.009;25.606;18.576;80.820;94.796;35.402;27.011;52.472;3.209;0.768;0.453;1.716;0.037;3.230;98.026;96.350;32.878;0.456;0.721;0.456;0.002;0.190;13.361;0.401;0;2;33.414;33.417;nan;nan;nan;136300;1;0;0;0;0;0;0
212;1;1;1;IDLE;0.000;0.000;1.000;22453.701904;22453.705035;22453.741043;22453.798375;805214;805214;805214;10066;21;12883424;12883464;100.000;856.973;856.973;6.473;7.107;3092.031;4.462;5.094;2.448;4.869;8.226;0.002;25.100;17.558;78.306;93.339;36.007;26.891;48.761;1.992;0.787;0.456;1.597;0.038;3.132;96.471;94.882;33.322;0.011;0.677;0.011;0.003;0.331;13.129;0.394;0;2;33.690;33.691;nan;nan;nan;26884;1;0;0;0;0;0;0
213;1;1;1;IDLE;0.000;0.000;1.000;22453.735003;22453.738895;22453.776951;22453.832413;797126;797126;797126;9965;16;12754016;12754056;100.000;877.551;877.551;4.984;5.462;3060.973;4.368;4.772;2.401;5.874;9.698;0.003;27.114;19.941;78.985;93.518;38.056;28.993;52.398;3.129;0.824;0.435;1.452;0.034;3.891;97.409;95.586;33.859;0.526;0.667;0.526;0.003;0.774;13.114;0.393;0;2;31.117;31.119;nan;nan;nan;20680;1;0;0;0;0;0;0
214;1;1;1;IDLE;0.000;0.000;1.000;22453.767572;22453.770636;22453.805262;22453.866963;803136;803136;803136;10040;14;12850176;12850216;100.000;1010.152;1010.152;4.217;4.633;3084.052;4.454;5.485;2.490;5.155;8.013;0.002;25.596;17.622;83.606;96.327;34.626;26.572;50.892;2.114;0.780;0.476;1.751;0.032;3.064;99.391;96.803;31.741;1.592;0.725;1.592;0.015;0.746;13.121;0.394;0;2;35.158;35.160;nan;nan;nan;17484;1;0;0;0;0;0;0
215;1;1;1;IDLE;0.000;0.000;1.000;22453.801573;22453.805367;22453.840423;22453.898654;809297;809297;809297;10117;19;12948752;12948792;100.000;847.683;847.683;5.887;6.458;3107.710;4.446;4.866;2.457;4.398;8.017;0.002;24.183;16.861;78.012;93.287;35.056;25.924;48.096;1.691;0.761;0.484;1.432;0.030;3.794;97.082;95.161;34.731;1.398;0.767;1.398;0.004;0.037;12.778;0.383;0;2;34.552;34.554;nan;nan;nan;24440;1;0;0;0;0;0;0
216;1;1;1;IDLE;0.000;0.000;1.000;22453.835356;22453.839124;22453.877508;22453.934035;808156;808156;808156;10102;21;12930496;12930536;100.000;885.106;885.106;6.564;7.198;3103.329;4.418;4.825;2.455;5.911;10.022;0.003;27.632;20.351;80.301;94.911;38.384;29.114;53.020;3.155;0.765;0.434;1.524;0.034;3.769;98.679;97.208;33.757;0.424;0.746;0.424;0.002;0.557;12.888;0.387;0;2;31.164;31.165;nan;nan;nan;27260;1;0;0;0;0;0;0
217;1;1;1;IDLE;0.000;0.000;1.000;22453.867596;22453.871304;22453.905903;22453.964965;810355;810355;810355;10130;22;12965680;12965720;100.000;972.776;972.776;6.879;7.545;3111.773;4.222;5.163;2.566;6.067;7.346;0.002;25.364;17.636;80.332;93.661;34.599;27.080;50.972;3.336;0.797;0.458;1.440;0.036;3.708;97.369;94.805;32.180;1.154;0.771;1.154;0.003;0.124;13.127;0.394;0;2;35.474;35.476;nan;nan;nan;28576;1;0;0;0;0;0;0
218;1;1;1;IDLE;0.000;0.000;1.000;22453.902160;22453.905525;22453.944722;22453.965037;810211;810211;810211;10128;22;12963376;12963416;100.000;861.415;861.415;6.970;7.635;3111.220;4.591;5.077;2.480;5.874;10.079;0.002;28.101;20.544;44.463;59.513;39.197;47.218;52.413;3.181;0.782;0.443;1.437;0.031;3.365;62.878;61.544;34.221;0.887;0.779;0.887;0.003;0.635;13.207;0.396;0;2;30.318;30.320;nan;nan;nan;28952;1;0;0;0;0;0;0
219;1;1;1;IDLE;0.000;0.000;1.000;22453.933917;22453.936923;22453.971994;22454.031515;808645;808645;808645;10109;23;12938320;12938360;100.000;1024.722;1024.722;7.015;7.711;3105.206;4.109;5.515;2.492;5.163;9.236;0.003;26.514;18.507;81.966;94.592;35.071;28.030;52.770;2.169;0.793;0.454;1.715;0.032;3.006;97.598;94.688;31.398;1.935;0.851;1.935;0.004;0.034;13.201;0.396;0;2;37.853;37.854;nan;nan;nan;29140;1;0;0;0;0;0;0
220;1;1;1;IDLE;0.000;0.000;1.000;22453.968743;22453.972458;22454.010820;22454.031560;810783;810783;810783;10135;21;12972528;12972568;100.000;874.491;874.491;6.654;7.288;3113.416;4.609;4.679;2.446;6.162;10.024;0.001;27.921;20.795;44.268;59.102;38.362;47.241;54.207;3.416;0.780;0.428;1.503;0.036;3.715;62.817;61.401;35.535;2.202;0.935;2.202;0.002;0.213;13.228;0.397;0;2;30.711;30.716;nan;nan;nan;27636;1;0;0;0;0;0;0
221;1;1;1;IDLE;0.000;0.000;1.000;22454.000994;22454.004546;22454.038220;22454.099392;807088;807088;807088;10089;22;12913408;12913448;100.000;1006.234;1006.234;6.699;7.364;3099.228;3.977;5.247;2.435;5.010;7.868;0.003;24.537;16.854;82.013;94.847;33.674;25.870;50.052;2.212;0.789;0.475;1.503;0.031;3.552;98.399;95.899;32.088;1.246;0.955;1.246;0.004;0.275;13.097;0.393;0;2;35.303;35.304;nan;nan;nan;27824;1;0;0;0;0;0;0
222;1;1;1;IDLE;0.000;0.000;1.000;22454.035069;22454.038417;22454.073649;22454.131357;809369;809369;809369;10118;22;12949904;12949944;100.000;887.851;887.851;6.744;7.409;3107.987;4.697;4.868;2.561;5.196;7.703;0.003;25.024;17.596;78.354;92.940;35.232;26.925;49.943;2.227;0.763;0.450;1.722;0.034;3.348;96.288;94.531;33.871;0.538;0.929;0.538;0.002;0.315;12.984;0.390;0;2;33.443;33.444;nan;nan;nan;28012;1;0;0;0;0;0;0
223;1;1;1;IDLE;0.000;0.000;1.000;22454.068271;22454.071829;22454.109085;22454.131407;795354;795354;795354;9942;21;12725664;12725704;100.000;872.286;872.286;6.654;7.288;3054.169;4.343;4.650;2.388;5.893;9.058;0.001;26.332;19.294;44.989;59.578;37.256;44.198;51.788;3.128;0.770;0.437;1.524;0.033;3.558;63.136;61.247;33.412;0.079;0.876;0.079;0.012;0.664;12.976;0.389;0;2;31.324;31.326;nan;nan;nan;27636;1;0;0;0;0;0;0
224;1;1;1;IDLE;0.000;0.000;1.000;22454.101002;22454.104078;22454.138286;22454.198021;795455;795455;795455;9944;21;12727280;12727320;100.000;959.144;959.144;6.564;7.198;3054.557;4.345;5.366;2.366;5.265;7.178;0.004;24.519;16.787;80.673;93.942;34.207;26.100;49.075;2.246;0.862;0.473;1.654;0.030;3.076;97.019;94.528;32.249;1.084;0.889;1.084;0.003;0.759;12.984;0.390;0;2;35.616;35.619;nan;nan;nan;27260;1;0;0;0;0;0;0
225;1;1;1;IDLE;0.000;0.000;1.000;22454.135228;22454.138696;22454.176153;22454.232905;795720;795720;795720;9947;21;12731520;12731560;100.000;842.862;842.862;6.654;7.288;3055.574;4.491;4.610;2.396;5.881;8.969;0.001;26.346;19.341;79.104;94.209;37.457;27.966;51.635;3.164;0.794;0.437;1.455;0.032;3.468;97.677;96.079;34.618;1.285;0.913;1.285;0.003;0.492;12.966;0.389;0;2;30.832;30.834;nan;nan;nan;27636;1;0;0;0;0;0;0
226;1;1;1;IDLE;0.000;0.000;1.000;22454.167509;22454.171132;22454.204671;22454.233551;798723;798723;798723;9985;105;12779568;12779608;100.000;984.910;984.910;33.184;36.439;3067.106;4.167;5.026;2.456;4.935;7.806;0.009;24.392;16.909;49.443;62.419;33.539;39.078;50.417;2.125;0.789;0.476;1.517;0.029;3.623;66.041;63.391;32.436;0.897;0.912;0.897;0.004;0.335;12.832;0.385;0;2;36.036;36.039;nan;nan;nan;138180;1;0;0;0;0;0;0
227;1;1;1;IDLE;0.000;0.000;1.000;22454.201536;22454.204970;22454.242355;22454.298627;807441;807441;807441;10094;20;12919056;12919096;100.000;883.817;883.817;6.067;6.670;3100.583;4.657;4.860;2.410;6.013;9.019;0.004;26.959;19.689;79.039;93.657;37.384;28.785;52.667;3.217;0.846;0.435;1.481;0.034;3.434;97.091;95.134;33.838;0.505;0.887;0.505;0.003;0.461;12.950;0.388;0;2;32.742;32.743;nan;nan;nan;25192;1;0;0;0;0;0;0
228;1;1;1;IDLE;0.000;0.000;1.000;22454.234623;22454.237703;22454.274402;22454.333627;803316;803316;803316;10042;18;12853056;12853096;100.000;867.365;867.365;5.436;5.976;3084.743;4.464;4.814;2.411;6.298;7.987;0.002;25.973;18.749;81.105;95.924;36.699;27.077;51.088;3.307;0.773;0.450;1.734;0.034;3.080;99.004;96.801;32.733;0.600;0.869;0.600;0.002;0.367;13.099;0.393;0;2;32.208;32.209;nan;nan;nan;22560;1;0;0;0;0;0;0
229;1;1;1;IDLE;0.000;0.000;1.000;22454.268331;22454.271501;22454.306298;22454.365607;809074;809074;809074;10114;18;12945184;12945224;100.000;909.068;909.068;5.616;6.156;3106.854;4.466;4.994;2.714;5.146;7.227;0.005;24.546;16.838;79.866;94.106;34.797;26.083;48.389;2.118;0.802;0.461;1.725;0.040;3.170;97.276;95.448;33.798;0.464;0.844;0.464;0.003;0.473;13.042;0.391;0;2;34.551;34.554;nan;nan;nan;23312;1;0;0;0;0;0;0
230;1;1;1;IDLE;0.000;0.000;1.000;22454.301859;22454.304900;22454.343958;22454.401058;808265;808265;808265;10104;19;12932240;12932280;100.000;842.750;842.750;5.932;6.504;3103.747;4.562;4.848;2.425;6.075;9.386;0.003;27.297;20.023;80.813;96.158;39.058;28.387;51.265;3.263;0.765;0.459;1.552;0.036;3.041;99.199;97.565;33.399;0.065;0.795;0.065;0.002;0.975;13.124;0.394;0;2;31.025;31.028;nan;nan;nan;24628;1;0;0;0;0;0;0
231;1;1;1;IDLE;0.000;0.000;1.000;22454.334526;22454.338225;22454.372616;22454.432248;818848;818848;818848;10236;22;13101568;13101608;100.000;989.778;989.778;6.699;7.364;3144.386;4.260;5.363;2.515;4.893;8.210;0.003;25.241;17.362;80.786;94.023;34.391;26.845;50.485;2.149;0.816;0.477;1.422;0.029;3.699;97.722;95.421;33.325;0.008;0.746;0.008;0.003;0.168;13.039;0.391;0;2;36.646;36.648;nan;nan;nan;27824;1;0;0;0;0;0;0
232;1;1;1;IDLE;0.000;0.000;1.000;22454.368990;22454.372428;22454.412202;22454.432312;820617;820617;820617;10258;21;13129872;13129912;100.000;883.792;883.792;6.654;7.288;3151.179;4.530;4.739;2.477;6.509;10.472;0.001;28.726;21.510;45.028;59.884;39.775;47.970;54.080;3.423;0.870;0.438;1.742;0.036;3.438;63.322;62.152;34.203;0.870;0.754;0.870;0.005;0.715;13.217;0.397;0;2;30.511;30.516;nan;nan;nan;27636;1;0;0;0;0;0;0
233;1;1;1;IDLE;0.000;0.000;1.000;22454.400298;22454.404450;22454.439814;22454.498309;814146;814146;814146;10177;22;13026336;13026376;100.000;1085.207;1085.207;6.744;7.409;3126.330;4.045;6.206;2.467;5.207;9.021;0.004;26.947;18.273;81.855;93.859;35.364;28.710;51.672;2.196;0.788;0.453;1.737;0.033;4.152;98.011;94.816;32.022;1.311;0.788;1.311;0.003;0.454;13.387;0.402;0;2;35.765;35.766;nan;nan;nan;28012;1;0;0;0;0;0;0
234;1;1;1;IDLE;0.000;0.000;1.000;22454.435085;22454.438236;22454.476016;22454.533593;814852;814852;814852;10186;22;13037632;13037672;100.000;873.024;873.024;6.789;7.454;3129.041;4.647;4.822;2.473;6.061;9.135;0.003;27.137;19.842;80.424;95.358;37.780;28.458;52.520;3.306;0.772;0.435;1.514;0.033;3.151;98.509;96.767;33.786;0.452;0.767;0.452;0.003;0.352;13.385;0.402;0;2;31.423;31.424;nan;nan;nan;28200;1;0;0;0;0;0;0
235;1;1;1;IDLE;0.000;0.000;1.000;22454.467986;22454.471104;22454.505142;22454.565524;815725;815725;815725;10197;21;13051600;13051640;100.000;873.378;873.378;6.383;7.017;3132.394;4.762;4.868;2.420;4.891;6.804;0.003;23.745;16.457;79.476;94.420;34.037;25.149;48.351;2.149;0.810;0.478;1.425;0.030;3.118;97.538;95.364;32.868;0.465;0.748;0.465;0.002;0.107;13.091;0.393;0;2;35.252;35.253;nan;nan;nan;26508;1;0;0;0;0;0;0
236;1;1;1;IDLE;0.000;0.000;1.000;22454.501990;22454.505403;22454.545060;22454.599854;816078;816078;816078;10201;21;13057248;13057288;100.000;857.181;857.181;6.473;7.107;3133.749;4.514;4.740;2.531;5.649;11.023;0.002;28.456;21.186;79.218;94.451;39.657;30.128;53.422;2.964;0.788;0.429;1.435;0.033;3.413;97.864;96.361;34.299;0.966;0.762;0.966;0.003;0.478;13.054;0.392;0;2;31.483;31.484;nan;nan;nan;26884;1;0;0;0;0;0;0
237;1;1;1;IDLE;0.000;0.000;1.000;22454.533994;22454.537700;22454.573126;22454.634109;810868;810868;810868;10136;21;12973888;12973928;100.000;971.475;971.475;6.654;7.288;3113.743;4.312;5.345;2.750;4.818;9.016;0.003;26.241;18.146;83.054;96.409;35.426;27.218;51.222;2.161;0.784;0.451;1.394;0.029;3.706;100.115;97.282;32.297;1.037;0.779;1.037;0.003;0.137;13.026;0.391;0;2;35.739;35.741;nan;nan;nan;27636;1;0;0;0;0;0;0
238;1;1;1;IDLE;0.000;0.000;1.000;22454.568635;22454.571723;22454.609090;22454.665408;801907;801907;801907;10024;21;12830512;12830552;100.000;886.195;886.195;6.609;7.243;3079.332;4.611;4.821;2.412;6.375;8.895;0.002;27.114;19.881;79.206;93.684;37.367;28.942;53.205;3.268;0.849;0.433;1.787;0.037;3.089;96.773;95.248;34.024;0.690;0.774;0.690;0.003;0.382;13.179;0.395;0;2;33.910;33.913;nan;nan;nan;27448;1;0;0;0;0;0;0
239;1;1;1;IDLE;0.000;0.000;1.000;22454.601709;22454.604853;22454.644245;22454.699633;799196;799196;799196;9990;22;12787136;12787176;100.000;868.056;868.056;6.744;7.409;3068.922;4.459;5.213;2.644;6.640;9.975;0.004;28.931;21.074;80.049;94.780;39.393;30.524;53.497;3.430;0.997;0.437;1.743;0.033;3.144;97.924;96.140;33.129;0.204;0.738;0.204;0.002;0.186;13.513;0.405;0;2;31.131;31.133;nan;nan;nan;28012;1;0;0;0;0;0;0
240;1;1;1;IDLE;0.000;0.000;1.000;22454.634090;22454.637569;22454.672487;22454.733499;799621;799621;799621;9996;22;12793936;12793976;100.000;1090.525;1090.525;6.834;7.500;3070.554;4.263;6.019;2.541;4.793;9.153;0.003;26.768;18.209;84.198;95.930;34.918;27.904;52.146;2.132;0.781;0.452;1.400;0.029;3.479;99.410;96.673;32.716;0.617;0.730;0.617;0.003;0.677;13.476;0.404;0;2;36.294;36.296;nan;nan;nan;28388;1;0;0;0;0;0;0
241;1;1;1;IDLE;0.000;0.000;1.000;22454.668534;22454.671770;22454.709453;22454.734608;808174;808174;808174;10103;106;12930784;12930824;100.000;848.589;848.589;33.500;36.786;3103.398;4.485;4.579;2.622;5.380;9.026;0.007;26.092;18.891;47.600;62.838;37.684;41.523;50.131;2.495;0.795;0.461;1.597;0.032;3.235;66.074;64.448;34.201;0.867;0.739;0.867;0.010;0.828;13.258;0.398;0;2;33.068;33.070;nan;nan;nan;139496;1;0;0;0;0;0;0
242;1;1;1;IDLE;0.000;0.000;1.000;22454.701915;22454.705553;22454.744622;22454.800236;810609;810609;810609;10133;22;12969744;12969784;100.000;892.179;892.179;6.699;7.364;3112.748;4.491;4.792;2.531;6.049;11.119;0.003;28.981;21.659;80.146;94.684;39.069;30.608;55.437;3.209;0.853;0.449;1.504;0.035;3.638;98.321;96.743;33.783;0.450;0.721;0.450;0.002;0.039;13.292;0.399;0;2;32.128;32.130;nan;nan;nan;27824;1;0;0;0;0;0;0
243;1;1;1;IDLE;0.000;0.000;1.000;22454.734526;22454.737649;22454.772741;22454.831794;809086;809086;809086;10114;16;12945376;12945416;100.000;1010.153;1010.153;4.804;5.282;3106.900;4.467;5.600;2.451;5.259;8.236;0.002;26.013;17.962;81.329;94.144;35.091;27.631;51.186;2.332;0.788;0.475;1.634;0.031;3.124;97.268;94.967;32.097;1.237;0.753;1.237;0.003;0.725;13.299;0.399;0;2;35.728;35.729;nan;nan;nan;19928;1;0;0;0;0;0;0
244;1;1;1;IDLE;0.000;0.000;1.000;22454.769018;22454.772474;22454.809691;22454.866431;804105;804105;804105;10052;17;12865680;12865720;100.000;883.224;883.224;5.255;5.764;3087.773;4.400;4.650;2.645;5.865;9.035;0.002;26.594;19.299;79.390;93.957;37.217;28.305;51.856;3.207;0.759;0.438;1.426;0.035;3.456;97.413;96.271;34.824;1.491;0.799;1.491;0.003;0.452;13.270;0.398;0;2;31.131;31.136;nan;nan;nan;21808;1;0;0;0;0;0;0
245;1;1;1;IDLE;0.000;0.000;1.000;22454.801121;22454.804732;22454.838744;22454.898773;810243;810243;810243;10129;19;12963888;12963928;100.000;965.428;965.428;5.842;6.413;3111.343;4.253;5.119;2.414;4.958;8.020;0.003;24.763;17.230;80.613;94.041;34.012;26.333;50.659;2.190;0.794;0.477;1.455;0.041;3.611;97.652;95.280;32.258;1.075;0.817;1.075;0.003;0.069;13.079;0.392;0;2;35.703;35.704;nan;nan;nan;24252;1;0;0;0;0;0;0
246;1;1;1;IDLE;0.000;0.000;1.000;22454.835230;22454.838394;22454.876835;22454.934090;808451;808451;808451;10106;21;12935216;12935256;100.000;863.661;863.661;6.609;7.243;3104.461;4.477;4.703;2.480;5.844;10.023;0.003;27.527;20.344;80.719;95.696;38.440;28.765;52.925;3.146;0.801;0.439;1.426;0.031;3.165;98.861;97.264;33.663;0.329;0.786;0.329;0.003;0.409;13.071;0.392;0;2;31.955;31.957;nan;nan;nan;27448;1;0;0;0;0;0;0
247;1;1;1;IDLE;0.000;0.000;1.000;22454.867833;22454.870975;22454.906909;22454.965868;818595;818595;818595;10233;23;13097520;13097560;100.000;875.952;875.952;7.015;7.711;3143.414;4.543;5.010;2.485;5.281;8.022;0.002;25.340;17.846;79.940;94.893;35.934;26.704;49.661;2.461;0.792;0.444;1.553;0.031;3.142;98.035;95.708;32.580;0.753;0.784;0.753;0.002;0.181;13.011;0.390;0;2;35.199;35.200;nan;nan;nan;29140;1;0;0;0;0;0;0
248;1;1;1;IDLE;0.000;0.000;1.000;22454.902585;22454.905916;22454.946998;22455.000741;813416;813416;813416;10168;23;13014656;13014696;100.000;866.697;866.697;7.060;7.756;3123.527;4.589;4.799;2.488;5.840;12.029;0.003;29.745;22.458;79.808;94.825;41.082;31.368;54.666;3.133;0.781;0.433;1.462;0.032;3.332;98.156;97.248;34.942;1.608;0.836;1.608;0.003;0.905;13.044;0.391;0;2;30.894;30.896;nan;nan;nan;29328;1;0;0;0;0;0;0
249;1;1;1;IDLE;0.000;0.000;1.000;22454.933980;22454.936995;22454.972965;22455.032087;816251;816251;816251;10204;24;13060016;13060056;100.000;1015.256;1015.256;7.331;8.058;3134.413;4.207;5.947;2.609;5.323;8.931;0.003;27.017;18.461;82.229;95.093;35.970;28.412;51.325;2.248;0.802;0.451;1.791;0.031;3.015;98.108;95.261;31.078;2.255;0.924;2.255;0.017;0.278;13.258;0.398;0;2;36.703;36.705;nan;nan;nan;30456;1;0;0;0;0;0;0
250;1;1;1;IDLE;0.000;0.000;1.000;22454.968960;22454.972710;22455.010645;22455.065894;820584;820584;820584;10258;22;13129344;13129384;100.000;880.355;880.355;6.879;7.545;3151.052;4.591;4.909;2.479;5.657;9.503;0.004;27.139;19.751;78.270;93.184;37.935;29.124;52.065;2.845;0.775;0.434;1.568;0.036;3.750;96.934;95.734;35.715;2.382;1.015;2.382;0.002;0.470;13.219;0.397;0;2;30.938;30.943;nan;nan;nan;28576;1;0;0;0;0;0;0
251;1;1;1;IDLE;0.000;0.000;1.000;22455.001541;22455.004788;22455.038912;22455.100776;817535;817535;817535;10220;21;13080560;13080600;100.000;971.493;971.493;6.383;7.017;3139.344;4.325;5.163;2.477;5.115;7.722;0.003;24.801;17.161;82.523;95.987;34.124;25.837;50.292;2.317;0.829;0.475;1.464;0.031;3.248;99.235;97.282;32.079;1.255;1.030;1.255;0.004;0.178;13.106;0.393;0;2;34.698;34.700;nan;nan;nan;26508;1;0;0;0;0;0;0
252;1;1;1;IDLE;0.000;0.000;1.000;22455.035281;22455.038480;22455.075299;22455.132348;812707;812707;812707;10159;22;13003312;13003352;100.000;879.649;879.649;6.924;7.590;3120.804;4.841;4.774;2.870;4.946;9.022;0.002;26.452;18.809;79.085;93.868;36.819;28.180;51.084;2.227;0.780;0.434;1.473;0.032;3.199;97.066;95.521;33.691;0.358;0.988;0.358;0.002;0.422;12.983;0.389;0;2;34.495;34.496;nan;nan;nan;28764;1;0;0;0;0;0;0
253;1;1;1;IDLE;0.000;0.000;1.000;22455.068605;22455.072724;22455.111446;22455.167444;811017;811017;811017;10138;23;12976272;12976312;100.000;868.999;868.999;7.015;7.711;3114.315;4.515;4.735;2.461;5.895;10.088;0.003;27.696;20.499;79.787;94.720;38.722;29.239;52.939;3.245;0.768;0.430;1.420;0.033;4.119;98.839;97.284;34.244;0.910;0.983;0.910;0.003;0.605;13.015;0.390;0;2;30.985;30.987;nan;nan;nan;29140;1;0;0;0;0;0;0
254;1;1;1;IDLE;0.000;0.000;1.000;22455.100746;22455.103803;22455.139120;22455.198510;812416;812416;812416;10156;22;12998656;12998696;100.000;1053.436;1053.436;6.744;7.409;3119.687;4.262;5.938;2.510;4.895;8.960;0.003;26.564;18.116;82.368;94.707;35.318;28.049;51.294;2.057;0.794;0.455;1.560;0.029;3.057;97.764;95.017;31.079;2.254;1.063;2.254;0.003;0.671;13.103;0.393;0;2;37.279;37.280;nan;nan;nan;28012;1;0;0;0;0;0;0
255;1;1;1;IDLE;0.000;0.000;1.000;22455.135617;22455.138730;22455.177534;22455.232707;815874;815874;815874;10199;22;13053984;13054024;100.000;842.351;842.351;6.699;7.364;3132.966;4.475;4.925;2.419;5.839;10.024;0.003;27.682;20.338;78.479;93.977;38.804;29.456;52.413;3.160;0.789;0.430;1.428;0.033;3.114;97.090;95.881;34.928;1.594;1.096;1.594;0.002;0.096;13.128;0.394;0;2;30.993;30.996;nan;nan;nan;27824;1;0;0;0;0;0;0
256;1;1;1;IDLE;0.000;0.000;1.000;22455.167506;22455.171210;22455.205167;22455.265661;811813;811813;811813;10148;105;12989008;12989048;100.000;1000.666;1000.666;33.094;36.349;3117.372;4.115;5.275;2.443;4.926;7.828;0.009;24.587;16.868;81.470;94.450;33.957;26.031;49.675;2.129;0.786;0.472;1.510;0.029;3.704;98.155;95.501;32.480;0.853;1.081;0.853;0.003;0.500;13.011;0.390;0;2;35.361;35.366;nan;nan;nan;137804;1;0;0;0;0;0;0
257;1;1;1;IDLE;0.000;0.000;1.000;22455.201981;22455.205182;22455.243691;22455.299512;809323;809323;809323;10117;22;12949168;12949208;100.000;904.898;904.898;6.834;7.500;3107.810;4.738;4.726;2.462;5.990;10.024;0.002;27.941;20.752;80.020;94.331;38.509;29.620;53.889;3.348;0.771;0.431;1.406;0.034;3.201;97.531;96.019;33.972;0.638;1.053;0.638;0.003;0.992;13.058;0.392;0;2;31.989;31.991;nan;nan;nan;28388;1;0;0;0;0;0;0
258;1;1;1;IDLE;0.000;0.000;1.000;22455.234594;22455.238287;22455.273420;22455.332283;806066;806066;806066;10076;16;12897056;12897096;100.000;923.938;923.938;4.939;5.417;3095.303;4.397;4.777;2.426;6.157;7.684;0.002;25.440;18.237;80.038;93.997;35.133;27.064;51.909;3.445;0.782;0.454;1.439;0.038;3.693;97.690;95.457;33.105;0.228;1.002;0.228;0.014;0.116;13.140;0.394;0;2;33.772;33.773;nan;nan;nan;20492;1;0;0;0;0;0;0
259;1;1;1;IDLE;0.000;0.000;1.000;22455.268793;22455.272043;22455.308843;22455.366064;803994;803994;803994;10050;17;12863904;12863944;100.000;885.945;885.945;5.255;5.764;3087.347;4.561;4.672;2.409;5.833;9.023;0.003;26.498;19.417;79.500;94.021;36.800;28.183;52.764;3.192;0.766;0.436;1.403;0.035;3.251;97.271;95.904;33.757;0.423;0.966;0.423;0.003;0.338;13.089;0.393;0;2;32.458;32.460;nan;nan;nan;21808;1;0;0;0;0;0;0
260;1;1;1;IDLE;0.000;0.000;1.000;22455.301188;22455.304405;22455.340914;22455.398485;804675;804675;804675;10059;19;12874800;12874840;100.000;923.148;923.148;5.887;6.458;3089.962;4.241;4.725;2.435;6.732;8.013;0.002;26.146;18.986;80.134;94.081;36.509;27.791;52.003;3.372;1.158;0.450;1.715;0.037;3.217;97.297;94.992;32.361;0.972;0.966;0.972;0.002;0.654;13.296;0.399;0;2;33.160;33.160;nan;nan;nan;24440;1;0;0;0;0;0;0
261;1;1;1;IDLE;0.000;0.000;1.000;22455.335555;22455.338772;22455.375993;22455.432213;803023;803023;803023;10038;20;12848368;12848408;100.000;892.340;892.340;6.203;6.805;3083.618;4.576;4.656;2.395;5.809;9.016;0.002;26.451;19.401;79.042;93.441;37.221;28.308;52.123;3.183;0.752;0.431;1.409;0.034;3.217;96.658;95.386;34.367;1.034;0.970;1.034;0.002;0.943;13.192;0.396;0;2;31.503;31.505;nan;nan;nan;25756;1;0;0;0;0;0;0
262;1;1;1;IDLE;0.000;0.000;1.000;22455.367799;22455.370864;22455.407071;22455.465033;804900;804900;804900;10062;21;12878400;12878440;100.000;916.345;916.345;6.609;7.243;3090.826;4.348;4.803;2.410;6.315;8.017;0.002;25.893;18.680;80.115;94.170;36.207;27.496;51.593;3.198;0.986;0.452;1.645;0.034;3.064;97.234;94.873;32.092;1.242;0.987;1.242;0.004;0.603;13.282;0.398;0;2;33.156;33.157;nan;nan;nan;27448;1;0;0;0;0;0;0
263;1;1;1;IDLE;0.000;0.000;1.000;22455.402126;22455.405348;22455.441528;22455.497138;801032;801032;801032;10013;23;12816512;12816552;100.000;917.495;917.495;7.015;7.711;3075.972;4.753;4.663;2.377;5.823;8.399;0.003;26.015;18.975;77.821;91.790;36.180;28.342;52.448;3.199;0.759;0.437;1.394;0.035;3.223;95.013;93.645;34.485;1.151;0.997;1.151;0.002;0.944;13.182;0.395;0;2;31.900;31.902;nan;nan;nan;29140;1;0;0;0;0;0;0
264;1;1;1;IDLE;0.000;0.000;1.000;22455.434560;22455.438173;22455.472011;22455.533026;793638;793638;793638;9921;23;12698208;12698248;100.000;905.970;905.970;7.195;7.892;3047.580;4.375;4.706;2.422;5.682;6.808;0.002;23.994;16.866;80.837;94.853;33.838;25.296;49.841;3.039;0.763;0.456;1.392;0.032;3.613;98.465;96.199;32.825;0.509;0.967;0.509;0.003;0.200;13.094;0.393;0;2;31.932;31.933;nan;nan;nan;29892;1;0;0;0;0;0;0
265;1;1;1;IDLE;0.000;0.000;1.000;22455.468259;22455.471426;22455.505297;22455.565053;801156;801156;801156;10015;23;12818496;12818536;100.000;891.707;891.707;7.150;7.847;3076.449;4.460;4.687;2.389;4.240;8.021;0.002;23.796;16.721;79.252;93.628;33.871;25.416;49.367;1.624;0.770;0.430;1.390;0.026;3.167;96.794;94.894;33.253;0.080;0.911;0.080;0.002;0.156;12.652;0.380;0;2;35.746;35.747;nan;nan;nan;29704;1;0;0;0;0;0;0
266;1;1;1;IDLE;0.000;0.000;1.000;22455.502159;22455.507231;22455.541998;22455.599047;804749;804749;804749;10060;23;12875984;12876024;100.000;935.449;935.449;7.015;7.711;3090.246;4.376;4.779;2.629;4.588;8.634;0.002;25.007;17.598;78.051;91.816;34.767;27.236;50.618;1.965;0.762;0.434;1.398;0.029;5.072;96.887;95.553;35.805;2.472;1.009;2.472;0.002;0.367;12.494;0.375;0;2;31.686;31.688;nan;nan;nan;29140;1;0;0;0;0;0;0
267;1;1;1;IDLE;0.000;0.000;1.000;22455.534652;22455.538193;22455.573462;22455.631630;805449;805449;805449;10069;22;12887184;12887224;100.000;940.679;940.679;6.789;7.454;3092.934;4.238;4.749;2.435;5.933;8.026;0.003;25.382;18.198;79.737;93.437;35.269;27.165;51.596;3.156;0.852;0.456;1.434;0.036;3.541;96.978;94.803;30.962;2.371;1.094;2.371;0.011;0.413;12.655;0.380;0;2;33.607;33.609;nan;nan;nan;28200;1;0;0;0;0;0;0
268;1;1;1;IDLE;0.000;0.000;1.000;22455.568368;22455.571562;22455.607533;22455.665624;805329;805329;805329;10067;21;12885264;12885304;100.000;902.289;902.289;6.473;7.107;3092.473;4.439;4.729;2.568;5.876;8.017;0.002;25.628;18.331;79.781;94.062;35.970;27.246;50.963;3.225;0.762;0.431;1.425;0.033;3.195;97.257;95.464;33.369;0.036;1.028;0.036;0.002;0.497;12.789;0.384;0;2;32.110;32.111;nan;nan;nan;26884;1;0;0;0;0;0;0
269;1;1;1;IDLE;0.000;0.000;1.000;22455.601578;22455.604698;22455.639897;22455.698276;805419;805419;805419;10068;21;12886704;12886744;100.000;915.169;915.169;6.564;7.198;3092.819;4.344;4.660;2.394;5.771;7.305;0.002;24.473;17.420;79.496;93.578;35.199;26.153;49.489;3.119;0.783;0.434;1.402;0.033;3.120;96.698;94.783;33.136;0.197;0.976;0.197;0.002;0.984;12.802;0.384;0;2;33.028;33.030;nan;nan;nan;27260;1;0;0;0;0;0;0
270;1;1;1;IDLE;0.000;0.000;1.000;22455.634929;22455.638730;22455.672582;22455.733178;804474;804474;804474;10056;22;12871584;12871624;100.000;923.593;923.593;6.699;7.364;3089.190;4.283;4.700;2.393;5.828;6.912;0.002;24.117;17.024;80.511;94.448;33.852;25.534;50.289;3.174;0.758;0.435;1.425;0.036;3.802;98.249;96.351;34.032;0.698;0.959;0.698;0.002;0.079;12.838;0.385;0;2;32.602;32.604;nan;nan;nan;27824;1;0;0;0;0;0;0
271;1;1;1;IDLE;0.000;0.000;1.000;22455.668316;22455.671835;22455.705763;22455.766253;796101;796101;796101;9952;103;12737616;12737656;100.000;929.504;929.504;32.508;35.700;3057.037;4.207;4.631;2.409;5.672;7.016;0.010;23.934;16.895;80.714;94.418;33.928;25.350;49.796;3.063;0.754;0.435;1.389;0.031;3.519;97.937;96.093;33.105;0.229;0.913;0.229;0.003;0.493;12.810;0.384;0;2;34.425;34.429;nan;nan;nan;135360;1;0;0;0;0;0;0
272;1;1;1;IDLE;0.000;0.000;1.000;22455.701776;22455.705581;22455.742918;22455.798216;805073;805073;805073;10064;22;12881168;12881208;100.000;961.226;961.226;6.744;7.409;3091.490;4.425;4.713;2.537;6.905;9.083;0.004;27.664;20.414;79.234;92.635;37.336;29.864;54.675;3.638;1.066;0.433;1.733;0.035;3.805;96.439;94.723;33.746;0.413;0.882;0.413;0.003;0.692;13.152;0.395;0;2;32.413;32.415;nan;nan;nan;28012;1;0;0;0;0;0;0
273;1;1;1;IDLE;0.000;0.000;1.000;22455.734888;22455.738364;22455.775924;22455.833091;797204;797204;797204;9966;18;12755264;12755304;100.000;961.412;961.412;5.661;6.202;3061.273;4.175;5.308;2.403;6.868;9.013;0.002;27.766;20.055;81.460;94.727;37.560;29.312;53.395;3.516;1.099;0.449;1.740;0.064;3.476;98.204;96.265;32.783;0.550;0.861;0.550;0.004;0.697;13.515;0.405;0;2;31.300;31.301;nan;nan;nan;23500;1;0;0;0;0;0;0
274;1;1;1;IDLE;0.000;0.000;1.000;22455.768402;22455.771474;22455.806052;22455.865406;805139;805139;805139;10065;18;12882224;12882264;100.000;938.771;938.771;5.526;6.066;3091.743;4.392;4.837;2.402;5.759;7.068;0.002;24.458;17.219;80.209;93.932;34.578;26.038;49.798;3.082;0.793;0.455;1.397;0.032;3.072;97.004;95.246;33.110;0.223;0.821;0.223;0.003;0.785;13.389;0.402;0;2;34.104;34.105;nan;nan;nan;22936;1;0;0;0;0;0;0
275;1;1;1;IDLE;0.000;0.000;1.000;22455.802092;22455.805367;22455.843315;22455.899919;808073;808073;808073;10101;20;12929168;12929208;100.000;866.212;866.212;6.248;6.851;3103.010;4.585;4.658;2.435;5.674;9.253;0.003;26.605;19.512;79.625;94.552;37.948;28.138;51.417;3.042;0.766;0.434;1.400;0.032;3.274;97.826;96.425;33.893;0.559;0.805;0.559;0.002;0.999;13.238;0.397;0;2;31.337;31.339;nan;nan;nan;25944;1;0;0;0;0;0;0
276;1;1;1;IDLE;0.000;0.000;1.000;22455.834129;22455.837867;22455.873745;22455.932368;813584;813584;813584;10170;20;13017344;13017384;100.000;967.000;967.000;6.248;6.851;3124.172;4.339;4.950;2.471;6.588;7.606;0.003;25.955;18.533;81.039;94.501;35.878;27.465;51.655;3.304;1.087;0.457;1.704;0.036;3.737;98.238;95.541;32.500;0.834;0.807;0.834;0.033;0.767;13.436;0.403;0;2;33.775;33.777;nan;nan;nan;25944;1;0;0;0;0;0;0
277;1;1;1;IDLE;0.000;0.000;1.000;22455.868739;22455.871928;22455.909308;22455.966761;812306;812306;812306;10154;22;12996896;12996936;100.000;871.445;871.445;6.924;7.590;3119.265;4.898;4.694;2.432;5.913;9.086;0.004;27.023;19.897;79.919;94.833;37.380;28.495;53.228;3.256;0.782;0.437;1.404;0.035;3.189;98.022;96.601;34.061;0.728;0.802;0.728;0.002;0.337;13.343;0.400;0;2;32.139;32.142;nan;nan;nan;28764;1;0;0;0;0;0;0
278;1;1;1;IDLE;0.000;0.000;1.000;22455.901192;22455.904372;22455.939038;22455.998203;817500;817500;817500;10219;23;13080000;13080040;100.000;977.623;977.623;7.060;7.756;3139.210;4.479;5.703;2.520;4.867;7.901;0.003;25.470;17.247;80.451;93.831;34.666;27.144;49.751;2.117;0.807;0.470;1.445;0.027;3.180;97.011;94.710;32.445;0.889;0.807;0.889;0.003;0.291;13.283;0.398;0;2;35.620;35.622;nan;nan;nan;29328;1;0;0;0;0;0;0
279;1;1;1;IDLE;0.000;0.000;1.000;22455.935384;22455.938554;22455.976679;22456.031641;824803;824803;824803;10311;23;13196848;13196888;100.000;872.780;872.780;7.285;7.982;3167.253;4.537;4.738;2.485;5.831;9.306;0.002;26.896;19.673;77.967;93.088;38.125;28.893;51.602;3.175;0.778;0.436;1.411;0.031;3.170;96.258;94.815;34.182;0.848;0.810;0.848;0.003;0.642;13.231;0.397;0;2;30.826;30.827;nan;nan;nan;30268;1;0;0;0;0;0;0
280;1;1;1;IDLE;0.000;0.000;1.000;22455.967308;22455.971119;22456.004770;22456.067129;813944;813944;813944;10175;23;13023104;13023144;100.000;1011.519;1011.519;7.150;7.847;3125.555;4.161;5.173;2.452;4.927;7.713;0.003;24.426;16.801;83.136;96.010;33.651;25.441;49.926;2.175;0.846;0.475;1.402;0.029;3.810;99.821;96.969;32.565;0.768;0.807;0.768;0.004;0.506;13.063;0.392;0;2;34.581;34.584;nan;nan;nan;29704;1;0;0;0;0;0;0
281;1;1;1;IDLE;0.000;0.000;1.000;22456.001759;22456.005199;22456.039802;22456.067205;815307;815307;815307;10192;23;13044912;13044952;100.000;918.360;918.360;7.285;7.982;3130.788;4.529;4.776;2.422;5.013;7.273;0.002;24.014;16.816;47.801;62.006;34.603;38.728;48.596;2.206;0.777;0.456;1.545;0.031;3.440;65.446;63.712;34.080;0.747;0.803;0.747;0.002;0.910;12.854;0.386;0;2;34.596;34.597;nan;nan;nan;30268;1;0;0;0;0;0;0
282;1;1;1;IDLE;0.000;0.000;1.000;22456.035363;22456.038756;22456.077630;22456.132397;816329;816329;816329;10205;21;13061264;13061304;100.000;864.824;864.824;6.609;7.243;3134.713;4.567;4.926;2.503;5.800;10.022;0.003;27.818;20.388;78.538;93.641;38.874;29.707;52.448;3.009;0.795;0.434;1.530;0.031;3.393;97.033;95.570;33.557;0.224;0.767;0.224;0.003;0.516;12.955;0.389;0;2;30.679;30.681;nan;nan;nan;27448;1;0;0;0;0;0;0
283;1;1;1;IDLE;0.000;0.000;1.000;22456.067460;22456.071202;22456.104924;22456.132472;813249;813249;813249;10166;21;13011984;13012024;100.000;1015.709;1015.709;6.654;7.288;3122.886;4.207;5.166;2.427;4.965;8.253;0.002;25.018;17.425;48.459;61.270;33.722;40.832;51.672;2.147;0.814;0.486;1.487;0.031;3.743;65.013;62.312;32.446;0.887;0.775;0.887;0.004;0.095;12.859;0.386;0;2;35.721;35.722;nan;nan;nan;27636;1;0;0;0;0;0;0
284;1;1;1;IDLE;0.000;0.000;1.000;22456.101640;22456.104852;22456.140199;22456.198817;809333;809333;809333;10117;22;12949328;12949368;100.000;858.174;858.174;6.699;7.364;3107.848;4.496;4.850;2.670;4.900;7.438;0.003;24.354;16.834;78.875;93.964;35.347;25.919;47.626;1.970;0.775;0.457;1.667;0.031;3.212;97.176;95.324;33.650;0.317;0.746;0.317;0.003;0.395;12.754;0.383;0;2;34.577;34.578;nan;nan;nan;27824;1;0;0;0;0;0;0
285;1;1;1;IDLE;0.000;0.000;1.000;22456.135224;22456.138405;22456.177847;22456.234553;815482;815482;815482;10194;22;13047712;13047752;100.000;845.554;845.554;6.924;7.590;3131.460;4.522;4.952;2.478;6.025;10.008;0.003;27.985;20.555;80.718;96.149;39.443;29.106;52.114;3.263;0.780;0.433;1.513;0.036;3.181;99.329;97.727;33.552;0.219;0.713;0.219;0.014;0.533;12.936;0.388;0;2;30.973;30.975;nan;nan;nan;28764;1;0;0;0;0;0;0
286;1;1;1;IDLE;0.000;0.000;1.000;22456.167499;22456.170730;22456.205841;22456.265875;814633;814633;814633;10183;104;13034128;13034168;100.000;1041.028;1041.028;32.688;35.912;3128.200;4.321;5.656;2.596;5.224;8.938;0.006;26.737;18.484;82.624;95.145;35.112;28.101;52.644;2.196;0.790;0.464;1.741;0.033;3.230;98.376;95.715;32.325;1.008;0.732;1.008;0.004;0.171;13.075;0.392;0;2;37.647;37.648;nan;nan;nan;136112;1;0;0;0;0;0;0
287;1;1;1;IDLE;0.000;0.000;1.000;22456.202247;22456.205925;22456.246023;22456.300986;814941;814941;814941;10187;22;13039056;13039096;100.000;855.077;855.077;6.834;7.500;3129.383;4.403;4.799;2.527;6.023;11.029;0.003;28.780;21.454;79.812;95.061;40.098;30.275;53.503;3.143;0.779;0.436;1.634;0.032;3.678;98.739;97.493;35.195;1.862;0.802;1.862;0.002;0.468;13.148;0.394;0;2;30.874;30.877;nan;nan;nan;28388;1;0;0;0;0;0;0
288;1;1;1;IDLE;0.000;0.000;1.000;22456.234436;22456.238187;22456.274086;22456.334207;818847;818847;818847;10236;18;13101552;13101592;100.000;1045.293;1045.293;5.616;6.156;3144.382;4.183;5.455;2.465;5.113;10.026;0.002;27.243;19.323;83.486;96.020;35.900;28.372;53.825;2.156;0.783;0.473;1.668;0.033;3.751;99.771;97.381;32.262;1.072;0.819;1.072;0.002;0.301;13.122;0.394;0;2;36.920;36.923;nan;nan;nan;23312;1;0;0;0;0;0;0
289;1;1;1;IDLE;0.000;0.000;1.000;22456.268564;22456.271834;22456.310574;22456.334267;824052;824052;824052;10301;16;13184832;13184872;100.000;881.727;881.727;5.075;5.553;3164.369;4.569;4.851;2.448;6.857;9.423;0.001;28.147;20.848;47.479;62.433;38.739;45.084;53.817;3.421;1.127;0.434;1.842;0.034;3.270;65.703;64.107;33.648;0.314;0.788;0.314;0.002;0.204;13.387;0.402;0;2;33.052;33.053;nan;nan;nan;21056;1;0;0;0;0;0;0
290;1;1;1;IDLE;0.000;0.000;1.000;22456.300735;22456.305609;22456.343947;22456.400353;835458;835458;835458;10444;20;13367328;13367368;100.000;969.694;969.694;6.203;6.805;3208.168;4.477;5.460;2.515;6.797;9.717;0.004;28.966;20.991;80.958;94.744;38.338;30.573;54.754;3.432;1.081;0.454;1.794;0.037;4.874;99.618;96.860;33.775;0.442;0.766;0.442;0.004;0.058;13.739;0.412;0;2;31.179;31.181;nan;nan;nan;25756;1;0;0;0;0;0;0
291;1;1;1;IDLE;0.000;0.000;1.000;22456.334016;22456.337754;22456.372652;22456.433318;819605;819605;819605;10246;21;13113680;13113720;100.000;983.737;983.737;6.383;7.017;3147.293;4.273;6.086;2.569;4.962;7.353;0.003;25.244;16.589;82.233;95.564;34.898;26.416;47.535;2.258;0.812;0.456;1.404;0.033;3.738;99.302;96.491;32.145;1.188;0.792;1.188;0.004;0.592;13.712;0.411;0;2;35.050;35.051;nan;nan;nan;26508;1;0;0;0;0;0;0
292;1;1;1;IDLE;0.000;0.000;1.000;22456.369083;22456.373313;22456.409179;22456.467133;827799;827799;827799;10348;21;13244784;13244824;100.000;906.205;906.205;6.428;7.062;3178.758;4.901;4.690;2.634;5.062;8.797;0.004;26.085;18.761;79.204;93.820;35.866;27.803;52.307;2.368;0.778;0.439;1.447;0.030;4.230;98.050;96.973;35.559;2.225;0.882;2.225;0.003;0.063;13.387;0.402;0;2;32.929;32.933;nan;nan;nan;26696;1;0;0;0;0;0;0
293;1;1;1;IDLE;0.000;0.000;1.000;22456.400873;22456.404634;22456.441171;22456.498722;830771;830771;830771;10385;22;13292336;13292376;100.000;933.056;933.056;6.834;7.500;3190.170;4.412;5.111;2.547;6.731;7.710;0.003;26.513;18.854;79.841;94.087;36.536;28.179;51.603;3.780;0.796;0.444;1.674;0.038;3.761;97.849;95.228;31.321;2.012;0.953;2.012;0.003;0.185;13.644;0.409;0;2;33.669;33.670;nan;nan;nan;28388;1;0;0;0;0;0;0
294;1;1;1;IDLE;0.000;0.000;1.000;22456.435516;22456.439057;22456.476429;22456.533581;835004;835004;835004;10438;23;13360064;13360104;100.000;928.106;928.106;7.150;7.847;3206.425;4.474;4.911;2.510;6.215;8.893;0.003;27.003;19.583;80.129;94.524;37.372;28.568;52.399;3.247;0.784;0.433;1.716;0.035;3.541;98.065;96.755;34.423;1.089;0.961;1.089;0.003;0.444;13.650;0.409;0;2;31.182;31.183;nan;nan;nan;29704;1;0;0;0;0;0;0
295;1;1;1;IDLE;0.000;0.000;1.000;22456.468167;22456.471860;22456.507628;22456.564847;814967;814967;814967;10188;23;13039472;13039512;100.000;956.220;956.220;7.015;7.711;3129.483;4.259;4.953;2.484;5.758;8.011;0.002;25.465;18.028;79.351;92.987;35.768;27.385;50.402;3.055;0.809;0.450;1.411;0.034;3.693;96.680;94.687;32.803;0.531;0.934;0.531;0.003;0.922;13.541;0.406;0;2;33.958;33.961;nan;nan;nan;29140;1;0;0;0;0;0;0
296;1;1;1;IDLE;0.000;0.000;1.000;22456.502369;22456.506149;22456.543715;22456.601511;818656;818656;818656;10234;23;13098496;13098536;100.000;924.926;924.926;7.060;7.756;3143.649;4.818;4.913;2.456;5.864;10.019;0.002;28.070;20.701;81.201;95.362;37.566;29.435;55.106;3.184;0.789;0.432;1.423;0.035;3.779;99.142;98.018;34.289;0.956;0.936;0.956;0.002;0.149;13.470;0.404;0;2;31.148;31.150;nan;nan;nan;29328;1;0;0;0;0;0;0
297;1;1;1;IDLE;0.000;0.000;1.000;22456.534144;22456.538155;22456.571527;22456.632984;819807;819807;819807;10248;22;13116912;13116952;100.000;963.226;963.226;6.789;7.454;3148.068;4.403;5.179;2.467;5.031;6.763;0.003;23.843;16.196;81.211;94.829;33.372;25.143;48.533;2.213;0.814;0.489;1.485;0.030;4.011;98.840;96.158;32.006;1.327;0.960;1.327;0.003;0.310;13.275;0.398;0;2;36.741;36.743;nan;nan;nan;28200;1;0;0;0;0;0;0
298;1;1;1;IDLE;0.000;0.000;1.000;22456.568495;22456.572170;22456.612874;22456.633047;814766;814766;814766;10185;21;13036256;13036296;100.000;854.595;854.595;6.654;7.288;3128.711;4.703;4.795;2.460;6.796;11.018;0.002;29.772;22.517;45.623;60.878;40.704;48.905;55.319;3.408;0.920;0.432;2.002;0.034;3.675;64.553;62.888;34.014;0.681;0.943;0.681;0.003;0.377;13.474;0.404;0;2;31.123;31.125;nan;nan;nan;27636;1;0;0;0;0;0;0
299;1;1;1;IDLE;0.000;0.000;1.000;22456.600628;22456.605056;22456.641944;22456.689464;809259;809259;809259;10116;22;12948144;12948184;100.000;1049.234;1049.234;6.924;7.590;3107.564;3.995;5.729;2.426;5.102;11.031;0.003;28.283;20.128;72.068;84.409;36.888;33.508;54.566;2.135;0.779;0.465;1.694;0.030;4.428;88.837;85.971;32.886;0.447;0.912;0.447;0.003;0.255;13.423;0.403;0;2;34.811;34.811;nan;nan;nan;28764;1;0;0;0;0;0;0
300;1;1;1;IDLE;0.000;0.000;1.000;22456.635294;22456.638549;22456.671263;22456.711135;812212;812212;812212;10153;22;12995392;12995432;100.000;887.824;887.824;6.970;7.635;3118.904;4.541;4.981;2.608;4.925;5.266;0.002;22.322;14.732;57.948;72.586;32.714;30.752;45.033;2.124;0.805;0.456;1.512;0.029;3.255;75.841;74.308;33.493;0.160;0.865;0.160;0.004;0.290;13.199;0.396;0;2;23.464;23.465;nan;nan;nan;28952;1;0;0;0;0;0;0
