frame_id;rx_complete;current_skip;yaw;pitch;zoom;camera_send_timestamp;recv_start_timestamp;node_exit_timestamp;original_points;arrived_points;eroded_points;valid_points;rx_points;rx_packets;payload_bytes;data_integrity_pct;internal_throughput_mbs;logical_bitrate_mbps;network_bitrate_mbps;arrival_pct;erosion_pct;valid_pct;web_publish_ms;web_ack_ms;active_process_ms;total_residency_ms;node_efficiency_pct;camera_node_ms;e2e_latency_ms;reference_e2e_ms;schedule_delay_ms;inter_arrival_ms;instant_jitter_ms;desynced_jitter_ms;cmd_id;reference_cmd_ms;cmd_apply_ms;cmd_photon_ms;quality_save_ms;pre_classical_mean_error;pre_classical_geom_rmse;pre_classical_chamfer;pre_classical_hausdorff;pre_classical_mean_mm;pre_classical_rmse_mm;pre_classical_chamfer_mm;pre_classical_hausdorff_mm;pre_robust_mean_error;pre_robust_geom_rmse;pre_robust_chamfer;pre_robust_hausdorff;pre_robust_mean_mm;pre_robust_rmse_mm;pre_robust_chamfer_mm;pre_robust_hausdorff_mm;post_classical_mean_error;post_classical_geom_rmse;post_classical_chamfer;post_classical_hausdorff;post_classical_mean_mm;post_classical_rmse_mm;post_classical_chamfer_mm;post_classical_hausdorff_mm;post_robust_mean_error;post_robust_geom_rmse;post_robust_chamfer;post_robust_hausdorff;post_robust_mean_mm;post_robust_rmse_mm;post_robust_chamfer_mm;post_robust_hausdorff_mm
1;1;1;0.000000;0.000000;1.000000;1415.063591;1415.268821;1415.271540;784142;178911;159140;146318;146318;1829;2341088;100.000;861.170;561.874;603.123;22.816;88.949;18.660;0.000;0.000;1.003;2.719;36.896;205.230;207.949;207.949;2.719;0.000;0.000;0.000;0;0.000;0.000;0.000;2.499;4.654676;6.870050;7.152178;152.263821;8.471511;12.503491;13.016964;277.120154;4.654436;3.756905;7.152967;152.202966;8.471073;6.837567;13.018400;277.009399;4.445465;6.328526;6.954483;139.946221;8.090746;11.517918;12.657159;254.702123;4.445514;3.584925;6.956614;139.831759;8.090836;6.524564;12.661038;254.493801
2;1;1;0.000000;0.000000;1.000000;1415.096046;1415.301675;1415.304384;783406;169393;156499;144182;144182;1803;2306912;100.000;851.567;553.671;594.335;21.623;92.388;18.405;0.000;0.000;1.019;2.709;37.608;205.630;208.339;208.339;2.230;32.854;0.479;0.030;0;0.000;0.000;0.000;2.470;3.873813;5.387660;6.314871;65.911841;7.050339;9.805541;11.493065;119.959551;3.874181;3.300054;6.318372;65.886372;7.051009;6.006097;11.499437;119.913197;3.724648;5.059609;6.176225;59.900206;6.778859;9.208488;11.240729;109.018374;3.725394;3.215666;6.180747;59.940695;6.780217;5.852512;11.248960;109.092065
3;1;1;0.000000;0.000000;1.000000;1415.130236;1415.335290;1415.337981;780200;164369;153953;141754;141754;1772;2268064;100.000;842.825;544.348;584.312;21.068;93.663;18.169;0.000;0.000;0.939;2.691;34.903;205.054;207.746;207.746;2.494;33.615;0.282;0.046;0;0.000;0.000;0.000;2.437;3.886551;5.366961;6.447484;66.782040;7.073522;9.767868;11.734422;121.543312;3.886259;3.412021;6.448824;66.945574;7.072991;6.209878;11.736860;121.840945;3.726369;4.991292;6.297689;63.339503;6.781991;9.084151;11.461794;115.277895;3.726868;3.322140;6.300895;63.353892;6.782900;6.046296;11.467629;115.304084
4;1;1;0.000000;0.000000;1.000000;1415.163860;1415.369020;1415.371048;778467;160176;150044;139430;139430;1743;2230880;100.000;1100.044;535.424;574.733;20.576;93.674;17.911;0.000;0.000;0.876;2.028;43.172;205.160;207.188;207.188;2.227;33.730;0.396;0.068;0;0.000;0.000;0.000;2.455;3.892166;5.439745;6.520872;84.234352;7.083743;9.900335;11.867986;153.306521;3.891695;3.488237;6.522824;84.367735;7.082885;6.348591;11.871540;153.549278;3.721769;5.033033;6.362817;84.345260;6.773620;9.160120;11.580328;153.508373;3.722651;3.395663;6.366859;84.463259;6.775224;6.180108;11.587683;153.723131
5;1;1;0.000000;0.000000;1.000000;1415.198083;1415.402166;1415.404641;776427;157416;147596;137802;137802;1723;2204832;100.000;890.627;529.172;568.031;20.274;93.762;17.748;0.000;0.000;0.952;2.476;38.471;204.083;206.558;206.558;2.487;33.146;0.188;0.075;0;0.000;0.000;0.000;2.452;3.817184;5.313631;6.463564;74.612517;6.947275;9.670809;11.763687;135.794781;3.816877;3.465305;6.466156;74.576951;6.946716;6.306854;11.768404;135.730050;3.650459;4.916345;6.309751;74.619496;6.643835;8.947749;11.483747;135.807483;3.651489;3.380343;6.315054;74.596361;6.645710;6.152224;11.493398;135.765377
6;1;1;0.000000;0.000000;1.000000;1415.231183;1415.433345;1415.435686;774893;155704;146684;137230;137230;1716;2195680;100.000;937.696;526.976;565.676;20.094;94.207;17.710;0.000;0.000;0.881;2.342;37.640;202.162;204.503;204.503;0.199;31.179;2.154;0.205;0;0.000;0.000;0.000;2.459;3.505068;4.851984;6.073240;68.871385;6.379223;8.830611;11.053297;125.345920;3.505660;3.303216;6.078312;69.075798;6.380301;6.011853;11.062528;125.717952;3.359164;4.503853;5.941729;54.331253;6.113678;8.197013;10.813946;98.882880;3.361187;3.238379;5.949676;54.177344;6.117361;5.893851;10.828410;98.602766
7;1;1;0.000000;0.000000;1.000000;1415.264126;1415.465898;1415.467060;775949;155769;147285;137590;137590;1720;2201440;100.000;1895.019;528.358;567.149;20.075;94.553;17.732;0.000;0.000;0.637;1.162;54.831;201.772;202.934;202.934;-1.761;32.554;0.780;0.241;0;0.000;0.000;0.000;2.387;3.498886;4.743696;6.102383;53.841951;6.367973;8.633527;11.106337;97.992351;3.498963;3.305629;6.108334;53.946142;6.368112;6.016244;11.117169;98.181979;3.364433;4.443458;5.979301;52.649514;6.123269;8.087094;10.882328;95.822115;3.365925;3.246210;5.987447;52.419360;6.125983;5.908102;10.897154;95.403236
8;1;1;0.000000;0.000000;1.000000;1415.297525;1415.523677;1415.524914;775463;154945;147291;137746;137746;1722;2203936;100.000;1781.856;528.957;567.793;19.981;95.060;17.763;0.000;0.000;0.738;1.237;59.702;226.152;227.389;227.389;22.759;57.778;24.445;1.754;0;0.000;0.000;0.000;1.900;3.618530;4.798458;6.287839;53.185828;6.585724;8.733194;11.443867;96.798207;3.619254;3.379327;6.294052;53.297088;6.587042;6.150374;11.455175;97.000700;3.499172;4.554563;6.180093;53.136508;6.368494;8.289304;11.247770;96.708444;3.500798;3.331736;6.187569;53.242716;6.371453;6.063759;11.261376;96.901743
9;1;1;0.000000;0.000000;1.000000;1415.330855;1415.529396;1415.530893;775698;154624;147515;138024;138024;1726;2208384;100.000;1475.564;530.025;568.951;19.934;95.402;17.794;0.000;0.000;0.705;1.497;47.078;198.541;200.038;200.038;-4.595;5.720;27.614;3.370;0;0.000;0.000;0.000;2.107;3.470589;4.638804;6.068856;51.656679;6.316472;8.442623;11.045318;94.015155;3.471814;3.277006;6.076087;51.906708;6.318701;5.964150;11.058478;94.470209;3.349615;4.389370;5.961518;51.629022;6.096299;7.988653;10.849962;93.964820;3.351748;3.233142;5.970320;51.685838;6.100182;5.884318;10.865982;94.068225
10;1;1;0.000000;0.000000;1.000000;1415.364220;1415.563066;1415.564394;778020;153992;146840;138278;138278;1729;2212448;100.000;1666.127;531.000;569.994;19.793;95.356;17.773;0.000;0.000;0.842;1.328;63.442;198.845;200.173;200.173;-4.427;33.669;0.336;3.180;0;0.000;0.000;0.000;2.061;3.378147;4.546279;5.951419;51.276272;6.148227;8.274227;10.831583;93.322815;3.378867;3.246617;5.958204;51.507515;6.149539;5.908843;10.843931;93.743677;3.264894;4.314342;5.851252;51.300730;5.942106;7.852103;10.649278;93.367328;3.266615;3.207139;5.859799;51.116794;5.945239;5.836993;10.664835;93.032566
11;1;1;0.000000;0.000000;1.000000;1415.397575;1415.595757;1415.597302;778554;154581;147771;139114;139114;1739;2225824;100.000;1440.892;534.210;573.430;19.855;95.595;17.868;0.000;0.000;0.643;1.545;41.625;198.182;199.726;199.726;-4.853;32.691;0.642;3.022;0;0.000;0.000;0.000;2.236;3.432703;4.552430;6.032632;54.717972;6.247519;8.285422;10.979391;99.586708;3.433854;3.260011;6.039877;54.692738;6.249615;5.933221;10.992575;99.540783;3.324417;4.332828;5.939909;54.658170;6.050439;7.885746;10.810634;99.477869;3.326405;3.224865;5.948117;54.654506;6.054058;5.869254;10.825573;99.471200
12;1;1;0.000000;0.000000;1.000000;1415.430753;1415.628819;1415.630099;779986;155588;149026;140496;140496;1757;2247936;100.000;1756.184;539.517;579.143;19.948;95.782;18.013;0.000;0.000;0.709;1.280;55.369;198.065;199.345;199.345;-5.389;33.062;0.272;2.850;0;0.000;0.000;0.000;2.110;3.374929;4.526560;5.917327;54.192800;6.142371;8.238339;10.769534;98.630895;3.375183;3.208139;5.921833;54.074389;6.142832;5.838813;10.777736;98.415387;3.260023;4.293614;5.813917;53.240971;5.933241;7.814378;10.581330;96.898567;3.260719;3.164467;5.819718;53.361589;5.934508;5.759330;10.591888;97.118091
13;1;1;0.000000;0.000000;1.000000;1415.463898;1415.663010;1415.664369;780926;157785;151108;142868;142868;1786;2285888;100.000;1682.229;548.626;588.905;20.205;95.768;18.295;0.000;0.000;0.901;1.359;66.296;199.113;200.471;200.471;-4.452;34.192;0.858;2.725;0;0.000;0.000;0.000;2.126;3.281981;4.406855;5.768225;52.197283;5.973206;8.020476;10.498169;94.999055;3.282329;3.137126;5.771959;52.315714;5.973839;5.709570;10.504966;95.214600;3.166107;4.170819;5.665849;52.212357;5.762314;7.590890;10.311845;95.026489;3.166377;3.098300;5.670046;52.336313;5.762807;5.638905;10.319484;95.252089
14;1;1;0.000000;0.000000;1.000000;1415.497501;1415.696813;1415.698415;782770;159421;153009;144928;144928;1812;2318848;100.000;1447.164;556.536;597.402;20.366;95.978;18.515;0.000;0.000;0.660;1.602;41.163;199.311;200.914;200.914;-3.739;33.802;0.469;2.584;0;0.000;0.000;0.000;2.170;3.294811;4.429025;5.763762;61.633710;5.996555;8.060826;10.490047;112.173353;3.294402;3.110584;5.767259;61.694862;5.995811;5.661264;10.496411;112.284649;3.179804;4.196372;5.661657;61.607549;5.787243;7.637398;10.304216;112.125740;3.179615;3.069005;5.664965;61.678549;5.786900;5.585589;10.310236;112.254958
15;1;1;0.000000;0.000000;1.000000;1415.531003;1415.729288;1415.730630;784474;159965;153314;146044;146044;1826;2336704;100.000;1741.281;560.821;602.004;20.391;95.842;18.617;0.000;0.000;0.699;1.342;52.056;198.285;199.627;199.627;-4.858;32.475;0.858;2.476;0;0.000;0.000;0.000;2.298;3.269518;4.411583;5.740859;57.965279;5.950523;8.029081;10.448363;105.496807;3.269051;3.116466;5.743731;58.004908;5.949673;5.671968;10.453590;105.568933;3.152156;4.167234;5.636439;57.936698;5.736924;7.584365;10.258318;105.444790;3.151838;3.068560;5.639284;57.978906;5.736345;5.584779;10.263497;105.521610
16;1;1;0.000000;0.000000;1.000000;1415.564384;1415.761865;1415.763435;785193;177968;156948;145822;145822;1823;2333152;100.000;1485.898;559.969;601.083;22.666;88.189;18.571;0.000;0.000;0.686;1.570;43.661;197.481;199.051;199.051;-5.386;32.577;0.756;2.369;0;0.000;0.000;0.000;2.226;4.751986;7.093866;7.256438;161.740196;8.648614;12.910837;13.206717;294.367157;4.751264;3.877977;7.256464;161.722635;8.647301;7.057919;13.206764;294.335196;4.526589;6.554555;7.040775;155.104900;8.238391;11.929291;12.814211;282.290919;4.525763;3.658196;7.041943;155.014037;8.236889;6.657917;12.816336;282.125547
17;1;1;0.000000;0.000000;1.000000;1415.597581;1415.794904;1415.796398;782720;169127;155796;144126;144126;1802;2306016;100.000;1542.959;553.456;594.097;21.608;92.118;18.413;0.000;0.000;1.051;1.495;70.350;197.322;198.817;198.817;-5.756;33.039;0.294;2.239;0;0.000;0.000;0.000;2.152;4.010665;5.550443;6.514514;62.469207;7.299409;10.101806;11.856416;113.693957;4.009778;3.396624;6.516369;62.618539;7.297796;6.181856;11.859792;113.965741;3.862692;5.234516;6.378339;62.504056;7.030099;9.526820;11.608578;113.757382;3.862317;3.316072;6.381290;62.636989;7.029416;6.035251;11.613948;113.999320
18;1;1;0.000000;0.000000;1.000000;1415.630950;1415.828011;1415.829532;781613;164376;152343;141930;141930;1775;2270880;100.000;1493.576;545.024;585.055;21.030;92.680;18.159;0.000;0.000;0.717;1.520;47.138;197.062;198.582;198.582;-5.956;33.107;0.226;2.113;0;0.000;0.000;0.000;2.244;3.897333;5.398227;6.451131;65.793853;7.093146;9.824774;11.741059;119.744813;3.896822;3.414676;6.452815;65.953242;7.092215;6.214710;11.744124;120.034900;3.738947;5.042784;6.304834;65.863067;6.804884;9.177866;11.474797;119.870782;3.739118;3.328960;6.307272;66.014139;6.805195;6.058708;11.479235;120.145732
19;1;1;0.000000;0.000000;1.000000;1415.664343;1415.861781;1415.863080;780006;160684;150225;139740;139740;1747;2235840;100.000;1722.192;536.614;576.014;20.600;93.491;17.915;0.000;0.000;0.732;1.298;56.351;197.438;198.737;198.737;-5.741;33.770;0.437;2.009;0;0.000;0.000;0.000;2.725;3.879772;5.407509;6.492643;67.063364;7.061185;9.841667;11.816610;122.055323;3.879221;3.469085;6.493824;67.174196;7.060183;6.313734;11.818760;122.257037;3.715190;5.025479;6.337330;66.184448;6.761646;9.146373;11.533940;120.455695;3.715375;3.378138;6.340086;66.259823;6.761983;6.148212;11.538956;120.592878
20;1;1;0.000000;0.000000;1.000000;1415.697038;1415.894871;1415.896738;780302;157894;148300;138346;138346;1730;2213536;100.000;1185.364;531.261;570.277;20.235;93.924;17.730;0.000;0.000;1.013;1.867;54.237;197.833;199.701;199.701;-5.416;33.090;0.244;1.898;0;0.000;0.000;0.000;2.528;3.788063;5.185068;6.403398;66.565075;6.894274;9.436823;11.654184;121.148436;3.788071;3.413090;6.406160;66.634643;6.894288;6.211824;11.659211;121.275051;3.634855;4.842418;6.261224;66.629170;6.615436;8.813200;11.395428;121.265090;3.635585;3.337478;6.265453;66.653240;6.616764;6.074210;11.403124;121.308897
21;1;1;0.000000;0.000000;1.000000;1415.730992;1415.928604;1415.929925;779066;156303;147479;137844;137844;1724;2205504;100.000;1669.528;529.333;568.214;20.063;94.355;17.693;0.000;0.000;0.750;1.321;56.798;197.612;198.933;198.933;-5.563;33.733;0.400;1.805;0;0.000;0.000;0.000;2.694;3.666967;4.921347;6.315031;64.110404;6.673881;8.956852;11.493357;116.680935;3.667543;3.401101;6.319657;64.139699;6.674928;6.190004;11.501776;116.734252;3.525277;4.614152;6.186621;64.091801;6.416003;8.397757;11.259651;116.647078;3.526908;3.344373;6.193016;64.101950;6.418972;6.086758;11.271289;116.665550
22;1;1;0.000000;0.000000;1.000000;1415.764256;1415.961270;1415.962592;778280;156434;148303;138092;138092;1727;2209472;100.000;1671.747;530.286;569.234;20.100;94.802;17.743;0.000;0.000;0.833;1.322;62.995;197.014;198.336;198.336;-6.229;32.666;0.667;1.734;0;0.000;0.000;0.000;3.007;3.520753;4.734925;6.134696;58.851568;6.407770;8.617564;11.165146;107.109853;3.520592;3.331773;6.138386;58.796015;6.407478;6.063827;11.171862;107.008748;3.385874;4.440652;6.009417;50.039248;6.162291;8.081986;10.937140;91.071432;3.387084;3.273080;6.015743;49.769602;6.164493;5.957005;10.948652;90.580676
23;1;1;0.000000;0.000000;1.000000;1415.797627;1415.994752;1415.996358;778907;155826;148511;138240;138240;1728;2211840;100.000;1377.058;530.854;569.825;20.006;95.306;17.748;0.000;0.000;0.809;1.606;50.376;197.124;198.731;198.731;-5.797;33.481;0.148;1.634;0;0.000;0.000;0.000;3.318;3.378180;4.561805;5.924729;58.860832;6.148287;8.302485;10.783006;107.126714;3.376647;3.222975;5.925746;58.931452;6.145497;5.865814;10.784857;107.255243;3.244291;4.273224;5.801643;58.862863;5.904610;7.777267;10.558990;107.130411;3.243914;3.166768;5.804721;58.869669;5.903923;5.763518;10.564593;107.142798
24;1;1;0.000000;0.000000;1.000000;1415.830893;1416.029026;1416.030304;779289;155133;147900;138556;138556;1732;2216896;100.000;1734.608;532.068;571.129;19.907;95.338;17.780;0.000;0.000;0.812;1.278;63.537;198.133;199.411;199.411;-5.184;34.275;0.941;1.591;0;0.000;0.000;0.000;2.103;3.292941;4.455237;5.798937;59.512698;5.993153;8.108532;10.554065;108.313110;3.292285;3.160071;5.800413;59.542912;5.991959;5.751329;10.556751;108.368100;3.164176;4.178712;5.682143;59.513901;5.758800;7.605256;10.341500;108.315300;3.164679;3.108790;5.685594;59.502173;5.759715;5.657997;10.347781;108.293955
25;1;1;0.000000;0.000000;1.000000;1415.864266;1416.061518;1416.062995;779739;154951;148061;138952;138952;1737;2223232;100.000;1504.914;533.588;572.762;19.872;95.553;17.820;0.000;0.000;0.643;1.477;43.503;197.252;198.730;198.730;-5.826;32.492;0.841;1.544;0;0.000;0.000;0.000;2.154;3.396408;4.575012;5.947674;50.476500;6.181462;8.326522;10.824767;91.867230;3.396848;3.210005;5.951689;50.588303;6.182264;5.842209;10.832073;92.070711;3.264005;4.289438;5.824470;50.431230;5.940488;7.806778;10.600535;91.784839;3.265469;3.153142;5.831011;50.551822;5.943153;5.738718;10.612440;92.004317
26;1;1;0.000000;0.000000;1.000000;1415.897575;1416.094939;1416.096195;779364;155091;148214;139454;139454;1744;2231264;100.000;1776.497;535.516;574.848;19.900;95.566;17.893;0.000;0.000;0.665;1.256;52.941;197.364;198.620;198.620;-5.959;33.421;0.088;1.453;0;0.000;0.000;0.000;2.164;3.371305;4.522148;5.918684;52.639765;6.135776;8.230309;10.772005;95.804373;3.372071;3.197925;5.923547;52.617990;6.137169;5.820224;10.780856;95.764742;3.243883;4.253589;5.801930;52.655565;5.903867;7.741532;10.559513;95.833128;3.245205;3.144915;5.807705;52.644376;5.906273;5.723746;10.570023;95.812765
27;1;1;0.000000;0.000000;1.000000;1415.930958;1416.128584;1416.130151;780025;155666;148911;140520;140520;1757;2248320;100.000;1435.237;539.609;579.235;19.957;95.661;18.015;0.000;0.000;0.664;1.567;42.406;197.626;199.192;199.192;-5.337;33.645;0.312;1.382;0;0.000;0.000;0.000;2.110;3.398229;4.604400;5.948034;56.648760;6.184777;8.380007;10.825422;103.100744;3.398206;3.226464;5.951528;56.723420;6.184735;5.872165;10.831780;103.236624;3.267268;4.326847;5.827527;56.572011;5.946429;7.874861;10.606100;102.961061;3.267732;3.170468;5.831667;56.690757;5.947273;5.770253;10.613634;103.177178
28;1;1;0.000000;0.000000;1.000000;1415.964250;1416.161601;1416.162882;780373;156450;150058;141820;141820;1773;2269120;100.000;1770.473;544.601;584.588;20.048;95.914;18.173;0.000;0.000;0.707;1.282;55.141;197.351;198.633;198.633;-5.939;33.017;0.317;1.315;0;0.000;0.000;0.000;2.138;3.342908;4.515784;5.847711;59.401810;6.084093;8.218727;10.642835;108.111295;3.342938;3.167209;5.851856;59.507420;6.084148;5.764321;10.650378;108.303504;3.222058;4.268916;5.737518;59.404259;5.864145;7.769427;10.442283;108.115751;3.222395;3.117277;5.742390;59.516488;5.864759;5.673445;10.451149;108.320008
29;1;1;0.000000;0.000000;1.000000;1415.997584;1416.195135;1416.196445;781651;158178;151821;143812;143812;1798;2300992;100.000;1757.452;552.251;592.801;20.236;95.981;18.398;0.000;0.000;0.680;1.309;51.969;197.551;198.861;198.861;-5.710;33.535;0.201;1.246;0;0.000;0.000;0.000;2.202;3.343566;4.532574;5.845562;58.032819;6.085290;8.249284;10.638922;105.619730;3.342509;3.169441;5.847464;58.138493;6.083367;5.768384;10.642384;105.812056;3.224746;4.283665;5.736177;58.074206;5.869038;7.796271;10.439843;105.695056;3.223861;3.115763;5.738169;58.155931;5.867427;5.670688;10.443468;105.843794
30;1;1;0.000000;0.000000;1.000000;1416.030958;1416.228124;1416.229681;781375;158959;152458;144756;144756;1810;2316096;100.000;1487.101;555.876;596.697;20.343;95.910;18.526;0.000;0.000;0.647;1.557;41.554;197.166;198.723;198.723;-5.806;32.988;0.345;1.189;0;0.000;0.000;0.000;2.208;3.333445;4.521236;5.847834;51.014386;6.066871;8.228650;10.643058;92.846182;3.332614;3.185299;5.850202;51.131861;6.065357;5.797244;10.647367;93.059987;3.211133;4.258083;5.736280;50.976008;5.844261;7.749710;10.440030;92.776334;3.210699;3.129317;5.737770;51.090163;5.843472;5.695358;10.442741;92.984097
31;1;1;0.000000;0.000000;1.000000;1416.064270;1416.261897;1416.263215;784392;176776;155937;143948;143948;1800;2303168;100.000;1747.084;552.773;593.368;22.537;88.212;18.352;0.000;0.000;0.726;1.318;55.055;197.627;198.946;198.946;-5.606;33.773;0.440;1.143;0;0.000;0.000;0.000;2.389;4.822861;7.144727;7.409597;303.491285;8.777607;13.003404;13.485466;552.354139;4.821690;3.969040;7.409212;303.564613;8.775477;7.223653;13.484766;552.487596;4.589715;6.579534;7.184307;188.499397;8.353282;11.974753;13.075438;343.068903;4.588790;3.744423;7.185279;188.444853;8.351598;6.814850;13.077209;342.969633
32;1;1;0.000000;0.000000;1.000000;1416.097594;1416.295934;1416.297533;782671;167802;154013;141972;141972;1775;2271552;100.000;1421.034;545.185;585.216;21.440;91.783;18.139;0.000;0.000;0.692;1.599;43.286;198.340;199.938;199.938;-4.622;34.038;0.704;1.115;0;0.000;0.000;0.000;2.175;4.095014;5.655977;6.664696;82.059631;7.452926;10.293877;12.129747;149.348529;4.094190;3.484901;6.665234;82.109092;7.451425;6.342520;12.130725;149.438548;3.944277;5.334370;6.525475;58.645947;7.178584;9.708553;11.876364;106.735623;3.944035;3.406156;6.527967;58.599159;7.178145;6.199203;11.880900;106.650470
33;1;1;0.000000;0.000000;1.000000;1416.130908;1416.328490;1416.329767;776999;162473;151153;139814;139814;1748;2237024;100.000;1752.794;536.898;576.321;20.910;93.033;17.994;0.000;0.000;0.678;1.276;53.127;197.583;198.859;198.859;-5.721;32.556;0.777;1.094;0;0.000;0.000;0.000;2.142;4.032821;5.571075;6.704011;114.456414;7.339734;10.139357;12.201300;208.310674;4.032173;3.546514;6.706080;114.285234;7.338554;6.454656;12.205066;207.999126;3.861142;5.183448;6.543705;114.380441;7.027278;9.433875;11.909543;208.172402;3.860945;3.457044;6.547704;114.337521;7.026920;6.291820;11.916821;208.094288
34;1;1;0.000000;0.000000;1.000000;1416.164318;1416.361720;1416.363239;778650;157983;147475;137648;137648;1721;2202368;100.000;1449.679;528.581;567.394;20.289;93.349;17.678;0.000;0.000;0.636;1.519;41.842;197.402;198.921;198.921;-5.582;33.229;0.104;1.032;0;0.000;0.000;0.000;2.147;3.883581;5.439616;6.552367;64.032156;7.068118;9.900101;11.925308;116.538525;3.883601;3.540143;6.556346;64.160146;7.068153;6.443061;11.932549;116.771467;3.708058;5.025760;6.394234;58.602878;6.748666;9.146882;11.637507;106.657237;3.709215;3.459542;6.401293;58.520892;6.750770;6.296366;11.650354;106.508023
35;1;1;0.000000;0.000000;1.000000;1416.197666;1416.395149;1416.396358;778007;156457;146475;137154;137154;1715;2194464;100.000;1813.962;526.684;565.362;20.110;93.620;17.629;0.000;0.000;0.665;1.210;54.949;197.482;198.692;198.692;-5.796;33.429;0.096;0.974;0;0.000;0.000;0.000;2.174;3.644712;5.052870;6.220338;58.520429;6.633375;9.196223;11.321015;106.507181;3.644552;3.350229;6.223923;58.473261;6.633085;6.097416;11.327540;106.421334;3.478985;4.680267;6.067033;53.768229;6.331752;8.518085;11.042000;97.858177;3.480308;3.273859;6.073234;53.941462;6.334160;5.958423;11.053286;98.173461
36;1;1;0.000000;0.000000;1.000000;1416.230977;1416.428843;1416.430113;776483;155937;147008;138046;138046;1726;2208736;100.000;1739.045;530.109;569.035;20.082;94.274;17.778;0.000;0.000;0.640;1.270;50.363;197.866;199.137;199.137;-5.374;33.695;0.361;0.935;0;0.000;0.000;0.000;2.159;3.613206;4.879181;6.238374;60.954006;6.576035;8.880109;11.353841;110.936291;3.612984;3.362868;6.242818;61.107306;6.575631;6.120420;11.361929;111.215297;3.464009;4.553932;6.107524;60.978027;6.304497;8.288156;11.115693;110.980010;3.464896;3.311815;6.113844;61.155700;6.306111;6.027503;11.127195;111.303374
37;1;1;0.000000;0.000000;1.000000;1416.264345;1416.462683;1416.464238;781287;157460;149487;139346;139346;1742;2229536;100.000;1433.835;535.101;574.388;20.154;94.936;17.835;0.000;0.000;0.623;1.555;40.095;198.338;199.893;199.893;-4.583;33.840;0.507;0.909;0;0.000;0.000;0.000;2.144;3.509466;4.758866;6.104180;51.498339;6.387229;8.661135;11.109607;93.726976;3.510442;3.324445;6.110250;51.320255;6.389004;6.050491;11.120656;93.402863;3.371331;4.463105;5.980404;51.467920;6.135823;8.122851;10.884335;93.671614;3.372849;3.271297;5.987879;51.382670;6.138585;5.953761;10.897939;93.516460
38;1;1;0.000000;0.000000;1.000000;1416.297692;1416.495055;1416.496325;780329;157637;150141;141098;141098;1764;2257568;100.000;1777.855;541.829;581.612;20.201;95.245;18.082;0.000;0.000;0.648;1.270;51.054;197.362;198.632;198.632;-5.830;32.372;0.962;0.912;0;0.000;0.000;0.000;2.191;3.454726;4.686338;5.990992;59.362603;6.287602;8.529136;10.903605;108.039937;3.455875;3.242552;5.996475;59.488795;6.289692;5.901444;10.913584;108.269606;3.310198;4.363935;5.860820;55.115816;6.024560;7.942362;10.666692;100.310785;3.311930;3.183402;5.868453;55.124864;6.027712;5.793791;10.680585;100.327252
39;1;1;0.000000;0.000000;1.000000;1416.331008;1416.529241;1416.530821;780785;158178;150818;142238;142238;1778;2275808;100.000;1440.656;546.206;586.306;20.259;95.347;18.217;0.000;0.000;0.641;1.580;40.597;198.233;199.813;199.813;-4.667;34.186;0.853;0.908;0;0.000;0.000;0.000;2.278;3.418902;4.681751;5.907402;57.981851;6.222402;8.520788;10.751471;105.526969;3.418127;3.184765;5.910013;58.166167;6.220992;5.796272;10.756224;105.862425;3.283974;4.393639;5.783866;57.952461;5.976832;7.996423;10.526637;105.473480;3.283923;3.126964;5.788795;58.175725;5.976741;5.691075;10.535608;105.879819
40;1;1;0.000000;0.000000;1.000000;1416.364320;1416.562114;1416.563437;785430;159340;152098;143844;143844;1799;2301504;100.000;1739.818;552.373;592.946;20.287;95.455;18.314;0.000;0.000;0.704;1.323;53.226;197.794;199.117;199.117;-5.384;32.873;0.461;0.880;0;0.000;0.000;0.000;2.130;3.548700;4.815524;6.105776;58.117257;6.458633;8.764254;11.112512;105.773408;3.548739;3.312782;6.107688;58.097041;6.458704;6.029263;11.115993;105.736615;3.425170;4.558808;5.994734;50.338458;6.233810;8.297031;10.910417;91.615994;3.425219;3.261140;5.997678;50.424321;6.233899;5.935275;10.915774;91.772264
41;1;1;0.000000;0.000000;1.000000;1416.397668;1416.595282;1416.596901;789479;161458;154259;146416;146416;1831;2342656;100.000;1447.186;562.250;603.545;20.451;95.541;18.546;0.000;0.000;0.709;1.619;43.828;197.614;199.233;199.233;-5.253;33.168;0.165;0.836;0;0.000;0.000;0.000;2.211;3.486081;4.737439;6.007645;57.070969;6.344667;8.622139;10.933914;103.869164;3.484167;3.267177;6.008333;57.147991;6.341184;5.946262;10.935166;104.009344;3.369297;4.484367;5.906722;46.526506;6.132121;8.161549;10.750234;84.678241;3.366888;3.218056;5.906253;46.653962;6.127737;5.856861;10.749381;84.910211
42;1;1;0.000000;0.000000;1.000000;1416.431036;1416.629263;1416.630628;789348;163190;156459;148106;148106;1852;2369696;100.000;1736.160;568.740;610.508;20.674;95.875;18.763;0.000;0.000;0.701;1.365;51.343;198.228;199.593;199.593;-4.859;33.981;0.648;0.824;0;0.000;0.000;0.000;2.243;3.445529;4.686431;5.976387;98.101606;6.270863;8.529305;10.877024;178.544924;3.445308;3.289113;5.976755;98.106440;6.270461;5.986186;10.877694;178.553720;3.317698;4.398790;5.861245;47.186702;6.038210;8.005798;10.667466;85.879797;3.317492;3.229723;5.861931;47.146820;6.037835;5.878096;10.668714;85.807212
43;1;1;0.000000;0.000000;1.000000;1416.464373;1416.662213;1416.663892;792714;164183;157597;149298;149298;1867;2388768;100.000;1422.249;573.317;615.424;20.712;95.989;18.834;0.000;0.000;0.717;1.680;42.673;197.839;199.519;199.519;-4.929;32.949;0.384;0.796;0;0.000;0.000;0.000;2.256;3.384298;4.648364;5.898998;61.723369;6.159422;8.460023;10.736177;112.336531;3.383031;3.315758;5.899526;61.704686;6.157117;6.034680;10.737138;112.302528;3.250627;4.350286;5.781433;61.677506;5.916142;7.917520;10.522208;112.253062;3.250230;3.258508;5.782224;61.688241;5.915418;5.930484;10.523647;112.272598
44;1;1;0.000000;0.000000;1.000000;1416.497682;1416.696106;1416.697493;790865;165393;158411;150365;150365;1880;2405840;100.000;1734.632;577.414;619.814;20.913;95.779;19.013;0.000;0.000;0.697;1.387;50.273;198.424;199.811;199.811;-4.661;33.894;0.560;0.782;0;0.000;0.000;0.000;2.339;3.358927;4.598696;5.882443;69.490759;6.113248;8.369627;10.706046;126.473181;3.357641;3.317300;5.880914;69.470204;6.110906;6.037487;10.703263;126.435772;3.234287;4.320710;5.776033;69.495956;5.886403;7.863693;10.512380;126.482639;3.232683;3.270824;5.774421;69.440569;5.883483;5.952900;10.509446;126.381836
45;1;1;0.000000;0.000000;1.000000;1416.531017;1416.728538;1416.729923;787976;166115;159428;151606;151606;1896;2425696;100.000;1752.328;582.180;624.941;21.081;95.974;19.240;0.000;0.000;0.705;1.384;50.935;197.522;198.906;198.906;-5.565;32.432;0.901;0.789;0;0.000;0.000;0.000;2.299;3.322766;4.541458;5.764448;71.505481;6.047435;8.265454;10.491295;130.139975;3.321046;3.165815;5.763649;71.589418;6.044304;5.761784;10.489842;130.292741;3.201325;4.280510;5.660482;51.881226;5.826412;7.790528;10.302077;94.423831;3.198933;3.119614;5.658545;51.786659;5.822058;5.677697;10.298552;94.251719
46;1;1;0.000000;0.000000;1.000000;1416.564399;1416.762110;1416.763775;789717;188890;165163;151650;151650;1896;2426400;100.000;1457.129;582.348;625.110;23.919;87.439;19.203;0.000;0.000;0.668;1.665;40.112;197.711;199.376;199.376;-5.046;33.571;0.238;0.755;0;0.000;0.000;0.000;2.353;4.818683;7.208128;7.344827;163.375292;8.770004;13.118793;13.367586;297.343032;4.816935;3.988866;7.342852;163.360338;8.766821;7.259737;13.363991;297.315816;4.575924;6.627974;7.119566;140.686097;8.328182;12.062912;12.957609;256.048697;4.573404;3.783152;7.116601;140.486811;8.323595;6.885337;12.952214;255.685997
47;1;1;0.000000;0.000000;1.000000;1416.597650;1416.796585;1416.798088;784950;179115;163191;150558;150558;1882;2408928;100.000;1603.070;578.155;620.601;22.819;91.110;19.181;0.000;0.000;1.060;1.503;70.538;198.935;200.437;200.437;-4.067;34.475;1.142;0.779;0;0.000;0.000;0.000;2.405;4.087375;5.782024;6.574997;87.844468;7.439023;10.523284;11.966495;159.876931;4.085265;3.485793;6.574820;87.851849;7.435183;6.344144;11.966173;159.890366;3.907767;5.395218;6.412537;87.690836;7.112136;9.819296;11.670817;159.597322;3.905819;3.387656;6.412513;87.777356;7.108591;6.165534;11.670773;159.754788
48;1;1;0.000000;0.000000;1.000000;1416.631066;1416.828747;1416.830381;781130;174491;161518;148538;148538;1857;2376608;100.000;1455.015;570.398;612.280;22.338;92.565;19.016;0.000;0.000;0.691;1.633;42.294;197.681;199.314;199.314;-5.107;32.162;1.171;0.803;0;0.000;0.000;0.000;2.241;4.079605;5.949608;6.591952;70.428689;7.424882;10.828287;11.997352;128.180214;4.079717;3.548403;6.594953;70.489592;7.425085;6.458093;12.002814;128.291057;3.866162;5.429122;6.399967;70.276901;7.036415;9.881002;11.647939;127.903960;3.865844;3.423290;6.402209;70.388135;7.035837;6.230388;11.652020;128.106405
49;1;1;0.000000;0.000000;1.000000;1416.664388;1416.862130;1416.863492;780468;169683;158314;147276;147276;1841;2356416;100.000;1729.177;565.552;607.073;21.741;93.300;18.870;0.000;0.000;0.709;1.363;52.033;197.742;199.104;199.104;-5.329;33.382;0.049;0.756;0;0.000;0.000;0.000;2.150;3.923537;5.838203;6.432918;87.106652;7.140837;10.625529;11.707911;158.534106;3.923712;3.562540;6.435162;87.200636;7.141155;6.483823;11.711995;158.705158;3.704856;5.262758;6.236067;86.248254;6.742837;9.578220;11.349642;156.971823;3.705850;3.438539;6.240059;86.345523;6.744646;6.258140;11.356908;157.148852
50;1;1;0.000000;0.000000;1.000000;1416.697849;1416.895313;1416.896921;783376;166714;156688;146748;146748;1835;2347968;100.000;1460.100;563.525;604.910;21.281;93.986;18.733;0.000;0.000;0.690;1.608;42.927;197.463;199.072;199.072;-5.234;33.183;0.150;0.718;0;0.000;0.000;0.000;2.379;3.923744;5.796527;6.439859;86.812603;7.141214;10.549680;11.720543;157.998937;3.922758;3.529737;6.441485;86.896644;7.139419;6.424121;11.723503;158.151892;3.707698;5.225240;6.242468;86.695057;6.748010;9.509936;11.361291;157.785004;3.706646;3.391365;6.244183;86.835344;6.746095;6.172285;11.364413;158.040325
51;1;1;0.000000;0.000000;1.000000;1416.731069;1416.928770;1416.930101;787237;163927;154647;145970;145970;1825;2335520;100.000;1753.829;560.537;601.697;20.823;94.339;18.542;0.000;0.000;0.697;1.332;52.345;197.700;199.032;199.032;-5.386;33.457;0.124;0.681;0;0.000;0.000;0.000;2.194;3.836058;5.520186;6.365012;71.975933;6.981626;10.046738;11.584321;130.996199;3.834887;3.470411;6.365594;72.024875;6.979494;6.316149;11.585381;131.085273;3.643988;5.042226;6.187614;72.062910;6.632057;9.176852;11.261458;131.154496;3.643769;3.354680;6.189603;72.007306;6.631660;6.105517;11.265077;131.053298
52;1;1;0.000000;0.000000;1.000000;1416.764392;1416.962247;1416.963859;787734;163921;154970;147302;147302;1842;2356832;100.000;1461.763;565.652;607.195;20.809;94.539;18.699;0.000;0.000;0.699;1.612;43.343;197.855;199.468;199.468;-4.962;33.477;0.144;0.648;0;0.000;0.000;0.000;2.557;3.692454;5.161622;6.167968;59.960148;6.720267;9.394153;11.225702;109.127470;3.692093;3.294192;6.168573;59.971140;6.719609;5.995429;11.226803;109.147475;3.535929;4.798661;6.021949;59.879601;6.435391;8.733563;10.959948;108.980875;3.535406;3.204424;6.023826;59.934638;6.434439;5.832051;10.963363;109.081041
53;1;1;0.000000;0.000000;1.000000;1416.797314;1416.995505;1416.996872;787059;163880;155377;148046;148046;1851;2368736;100.000;1732.650;568.509;610.255;20.822;94.811;18.810;0.000;0.000;0.676;1.367;49.460;198.190;199.558;199.558;-5.283;33.258;0.076;0.612;0;0.000;0.000;0.000;2.185;3.588070;4.938123;6.065520;55.079991;6.530287;8.987383;11.039246;100.245584;3.587538;3.244422;6.064806;55.111288;6.529319;5.904848;11.037948;100.302543;3.445050;4.620058;5.933595;48.092425;6.269991;8.408506;10.799144;87.528214;3.444420;3.169941;5.933268;48.075137;6.268844;5.769293;10.798548;87.496749
54;1;1;0.000000;0.000000;1.000000;1416.831034;1417.028779;1417.030445;786051;163752;156015;148712;148712;1859;2379392;100.000;1427.668;571.067;612.993;20.832;95.275;18.919;0.000;0.000;0.690;1.667;41.407;197.745;199.411;199.411;-5.042;33.274;0.059;0.577;0;0.000;0.000;0.000;2.269;3.583568;4.808289;6.078728;54.530088;6.522094;8.751087;11.063285;99.244761;3.582380;3.215991;6.077985;54.626195;6.519931;5.853103;11.061932;99.419675;3.452660;4.514212;5.960999;46.793280;6.283841;8.215865;10.849017;85.163769;3.451053;3.151834;5.961500;46.849417;6.280917;5.736338;10.849930;85.265940
55;1;1;0.000000;0.000000;1.000000;1416.864386;1417.061884;1417.063248;796213;163350;156198;148706;148706;1859;2379296;100.000;1745.046;571.044;612.970;20.516;95.622;18.677;0.000;0.000;0.712;1.363;52.198;197.498;198.862;198.862;-5.573;33.106;0.228;0.555;0;0.000;0.000;0.000;2.378;3.503478;4.738790;6.064318;49.711379;6.376331;8.624598;11.037059;90.474711;3.500772;3.358927;6.060536;49.476683;6.371406;6.113247;11.030176;90.047563;3.366526;4.430319;5.942874;49.593127;6.127077;8.063181;10.816030;90.259492;3.364157;3.301000;5.940395;49.398446;6.122765;6.007820;10.811520;89.905171
56;1;1;0.000000;0.000000;1.000000;1416.897755;1417.095624;1417.096985;790191;162711;155789;148654;148654;1859;2378464;100.000;1747.238;570.844;612.770;20.591;95.746;18.812;0.000;0.000;0.721;1.361;52.961;197.869;199.230;199.230;-5.170;33.739;0.406;0.546;0;0.000;0.000;0.000;2.279;3.451857;4.694205;5.939239;53.994173;6.282379;8.543453;10.809416;98.269395;3.450143;3.224298;5.937007;53.840768;6.279260;5.868222;10.805354;97.990197;3.312715;4.381086;5.815937;53.863097;6.029140;7.973577;10.585006;98.030836;3.311065;3.163300;5.815158;53.710923;6.026138;5.757205;10.583587;97.753879
57;1;1;0.000000;0.000000;1.000000;1416.931059;1417.128447;1417.130075;798808;162756;155654;148762;148762;1860;2380192;100.000;1462.159;571.259;613.208;20.375;95.636;18.623;0.000;0.000;0.656;1.628;40.278;197.387;199.015;199.015;-5.413;32.823;0.510;0.544;0;0.000;0.000;0.000;2.358;3.438237;4.678410;6.018802;50.216409;6.257592;8.514707;10.954219;91.393865;3.436463;3.416689;6.017528;50.296387;6.254362;6.218374;10.951901;91.539424;3.303751;4.380331;5.896165;50.184594;6.012827;7.972203;10.731020;91.335960;3.302234;3.358613;5.896729;50.295934;6.010066;6.112675;10.732046;91.538600
58;1;1;0.000000;0.000000;1.000000;1416.964404;1417.163452;1417.164832;797924;163186;156181;149280;149280;1866;2388480;100.000;1730.039;573.248;615.332;20.451;95.707;18.709;0.000;0.000;0.941;1.381;68.190;199.047;200.428;200.428;-3.989;35.005;1.672;0.614;0;0.000;0.000;0.000;13.827;3.435238;4.675072;5.985278;54.497584;6.252134;8.508630;10.893205;99.185603;3.432454;3.359971;5.984882;54.439393;6.247066;6.115147;10.892486;99.079696;3.298989;4.376573;5.862950;54.358815;6.004160;7.965363;10.670570;98.933044;3.296805;3.300539;5.862637;54.351154;6.000186;6.006981;10.669999;98.919100
59;1;1;0.000000;0.000000;1.000000;1416.997728;1417.199027;1417.202607;794477;163385;156786;149798;149798;1873;2396768;100.000;669.510;575.237;617.479;20.565;95.961;18.855;0.000;0.000;2.965;3.580;82.826;201.299;204.879;204.879;0.453;35.576;2.242;0.716;0;0.000;0.000;0.000;13.611;3.503296;4.714878;6.061782;62.979980;6.375998;8.581077;11.032444;114.623563;3.500536;3.334687;6.059191;62.895079;6.370976;6.069130;11.027728;114.469043;3.368513;4.423277;5.939433;62.885670;6.130694;8.050364;10.809768;114.451919;3.366288;3.276053;5.938674;62.852605;6.126644;5.962416;10.808387;114.391742
60;1;1;0.000000;0.000000;1.000000;1417.031043;1417.230526;1417.231913;789053;164074;157604;150698;150698;1884;2411168;100.000;1739.057;578.693;621.183;20.794;96.057;19.099;0.000;0.000;0.705;1.387;50.863;199.483;200.870;200.870;-3.575;31.499;1.835;0.786;0;0.000;0.000;0.000;2.356;3.355947;4.539693;5.803017;57.866817;6.107824;8.262242;10.561492;105.317606;3.353616;3.139193;5.802627;57.953052;6.103581;5.713330;10.560782;105.474555;3.226132;4.256897;5.684835;55.069842;5.871561;7.747553;10.346400;100.227112;3.225451;3.076792;5.685695;55.111320;5.870322;5.599762;10.347966;100.302602
61;1;1;0.000000;0.000000;1.000000;1417.064338;1417.262739;1417.264408;783874;186216;162709;149328;149328;1867;2389248;100.000;1431.637;573.432;615.539;23.756;87.376;19.050;0.000;0.000;0.692;1.669;41.459;198.401;200.070;200.070;-4.413;32.213;1.121;0.807;0;0.000;0.000;0.000;2.257;5.080671;7.544303;7.629091;198.781379;9.246821;13.730631;13.884945;361.782109;5.080101;4.028232;7.628823;198.655832;9.245784;7.331382;13.884458;361.553615;4.823106;6.909553;7.381256;160.261522;8.778052;12.575387;13.433887;291.675970;4.823269;3.795125;7.383237;160.342562;8.778350;6.907128;13.437492;291.823463
62;1;1;0.000000;0.000000;1.000000;1417.097693;1417.295689;1417.297047;782785;175815;160583;146986;146986;1838;2351776;100.000;1731.050;564.439;605.892;22.460;91.336;18.777;0.000;0.000;0.825;1.359;60.697;197.996;199.355;199.355;-5.107;32.950;0.383;0.780;0;0.000;0.000;0.000;2.317;4.401963;6.083634;7.025181;83.049578;8.011573;11.072214;12.785829;151.150231;4.401941;3.649363;7.027542;82.995835;8.011532;6.641840;12.790126;151.052420;4.223684;5.691061;6.860763;66.376734;7.687104;10.357731;12.486589;120.805656;4.223835;3.542321;6.862640;66.450217;7.687380;6.447024;12.490004;120.939395
63;1;1;0.000000;0.000000;1.000000;1417.130977;1417.328427;1417.330038;782791;170291;157298;145010;145010;1813;2320160;100.000;1440.359;556.851;597.740;21.754;92.370;18.525;0.000;0.000;0.687;1.611;42.631;197.450;199.060;199.060;-5.450;32.738;0.595;0.769;0;0.000;0.000;0.000;2.218;4.176340;6.014648;6.790427;70.885278;7.600939;10.946660;12.358578;129.011206;4.175975;3.653264;6.791508;71.021591;7.600275;6.648940;12.360544;129.259295;3.979968;5.544720;6.608392;70.900053;7.243543;10.091391;12.027274;129.038097;3.979431;3.532094;6.608990;70.997190;7.242565;6.428411;12.028361;129.214885
64;1;1;0.000000;0.000000;1.000000;1417.164370;1417.361864;1417.363182;782127;165344;154096;143356;143356;1792;2293696;100.000;1739.947;550.500;590.915;21.140;93.197;18.329;0.000;0.000;0.674;1.318;51.162;197.494;198.813;198.813;-5.639;33.437;0.104;0.727;0;0.000;0.000;0.000;2.208;4.085433;5.996641;6.763427;101.063164;7.435488;10.913887;12.309438;183.934959;4.085513;3.739893;6.765753;101.124125;7.435634;6.806606;12.313670;184.045907;3.877782;5.482587;6.566841;89.152777;7.057563;9.978309;11.951650;162.258054;3.877465;3.610389;6.568741;89.215558;7.056987;6.570909;11.955109;162.372316
65;1;1;0.000000;0.000000;1.000000;1417.197259;1417.395011;1417.396597;785507;163252;152956;142428;142428;1781;2278848;100.000;1436.787;546.936;587.103;20.783;93.693;18.132;0.000;0.000;0.830;1.586;52.324;197.752;199.338;199.338;-5.557;33.147;0.186;0.693;0;0.000;0.000;0.000;2.273;4.047611;5.696647;6.843931;77.345873;7.366652;10.367897;12.455954;140.769489;4.046567;3.816006;6.842728;77.375837;7.364752;6.945131;12.453766;140.824024;3.878852;5.299283;6.690382;77.305981;7.059510;9.644695;12.176495;140.696885;3.877187;3.728098;6.687801;77.360946;7.056481;6.785139;12.171799;140.796923
66;1;1;0.000000;0.000000;1.000000;1417.230501;1417.429283;1417.430588;789017;161198;152083;142296;142296;1779;2276736;100.000;1744.134;546.429;586.551;20.430;94.345;18.035;0.000;0.000;0.686;1.305;52.585;198.782;200.088;200.088;-4.899;34.272;0.938;0.709;0;0.000;0.000;0.000;2.253;3.738534;5.150374;6.447733;74.718914;6.804133;9.373680;11.734874;135.988424;3.737412;3.590790;6.447269;74.800314;6.802089;6.535238;11.734029;136.136571;3.595438;4.839541;6.315684;74.667154;6.543697;8.807964;11.494546;135.894220;3.593932;3.524353;6.314604;74.771521;6.540956;6.414323;11.492580;136.084167
67;1;1;0.000000;0.000000;1.000000;1417.264441;1417.462222;1417.463549;789641;160522;151758;142550;142550;1782;2280800;100.000;1719.610;547.404;587.594;20.328;94.540;18.053;0.000;0.000;0.662;1.326;49.945;197.781;199.108;199.108;-5.272;32.939;0.394;0.689;0;0.000;0.000;0.000;2.176;3.503966;4.783582;6.138228;66.321272;6.377218;8.706119;11.171574;120.704715;3.502045;3.433840;6.136366;66.425797;6.373721;6.249589;11.168186;120.894950;3.369248;4.480267;6.014433;66.287220;6.132031;8.154086;10.946268;120.642741;3.367135;3.372719;6.012630;66.409608;6.128185;6.138349;10.942986;120.865487
68;1;1;0.000000;0.000000;1.000000;1417.297767;1417.495337;1417.496947;784718;160295;152025;142638;142638;1783;2282208;100.000;1417.988;547.742;587.954;20.427;94.841;18.177;0.000;0.000;0.672;1.610;41.752;197.570;199.180;199.180;-5.208;33.115;0.218;0.660;0;0.000;0.000;0.000;2.320;3.597468;4.810751;6.258656;57.918262;6.547392;8.755567;11.390754;105.411238;3.595294;3.415673;6.255871;58.040515;6.543436;6.216524;11.385686;105.633736;3.474673;4.546733;6.149802;50.306978;6.323905;8.275055;11.192640;91.558700;3.473290;3.365360;6.148280;50.385707;6.321387;6.124956;11.189870;91.701986
69;1;1;0.000000;0.000000;1.000000;1417.331013;1417.528538;1417.529864;778159;159855;152234;142942;142942;1787;2287072;100.000;1723.861;548.910;589.212;20.543;95.233;18.369;0.000;0.000;0.663;1.327;49.988;197.524;198.851;198.851;-5.623;33.200;0.133;0.627;0;0.000;0.000;0.000;2.122;3.576243;4.847275;6.139516;60.598708;6.508763;8.822040;11.173920;110.289649;3.572007;3.305680;6.134185;60.667799;6.501052;6.016337;11.164217;110.415394;3.452604;4.591694;6.027172;60.515840;6.283739;8.356884;10.969453;110.138828;3.449596;3.250870;6.023884;60.615670;6.278265;5.916583;10.963468;110.320520
70;1;1;0.000000;0.000000;1.000000;1417.364334;1417.561456;1417.563044;776327;160051;152700;143886;143886;1799;2302176;100.000;1450.310;552.535;593.108;20.616;95.407;18.534;0.000;0.000;0.690;1.587;43.442;197.123;198.710;198.710;-5.777;32.919;0.415;0.613;0;0.000;0.000;0.000;2.279;3.502334;4.820800;6.005284;65.949152;6.374248;8.773855;10.929617;120.027457;3.499541;3.250908;6.002034;65.701416;6.369164;5.916653;10.923701;119.576577;3.366317;4.522357;5.879954;54.879140;6.126697;8.230690;10.701516;99.880034;3.364677;3.185550;5.879984;54.931458;6.123711;5.797701;10.701571;99.975253
71;1;1;0.000000;0.000000;1.000000;1417.397722;1417.595669;1417.597019;786883;161074;153884;145096;145096;1814;2321536;100.000;1719.403;557.181;598.092;20.470;95.536;18.439;0.000;0.000;0.693;1.350;51.308;197.947;199.297;199.297;-5.135;34.213;0.879;0.630;0;0.000;0.000;0.000;2.278;3.623358;4.929531;6.237140;61.222366;6.594511;8.971747;11.351595;111.424706;3.620545;3.415831;6.233818;61.424787;6.589392;6.216813;11.345548;111.793113;3.491598;4.646840;6.118860;50.550725;6.354709;8.457249;11.136324;92.002319;3.489112;3.357406;6.116474;50.490620;6.350184;6.110479;11.131983;91.892929
72;1;1;0.000000;0.000000;1.000000;1417.431041;1417.628440;1417.630060;787146;162237;155323;146492;146492;1832;2343872;100.000;1446.884;562.542;603.859;20.611;95.738;18.611;0.000;0.000;0.695;1.620;42.924;197.400;199.020;199.020;-5.427;32.771;0.562;0.626;0;0.000;0.000;0.000;2.235;3.526297;4.774881;6.093516;52.975045;6.417861;8.690284;11.090199;96.414581;3.522531;3.314125;6.090364;52.839204;6.411006;6.031707;11.084462;96.167352;3.394867;4.479169;5.977342;52.893381;6.178657;8.152088;10.878762;96.265954;3.392681;3.254239;5.976367;52.730065;6.174679;5.922715;10.876987;95.968718
73;1;1;0.000000;0.000000;1.000000;1417.464350;1417.661924;1417.663315;781047;164068;157326;148748;148748;1860;2379968;100.000;1710.627;571.205;613.154;21.006;95.891;19.045;0.000;0.000;0.732;1.391;52.577;197.574;198.965;198.965;-5.506;33.484;0.150;0.596;0;0.000;0.000;0.000;2.321;3.406073;4.612984;5.868097;69.579947;6.199054;8.395631;10.679937;126.635504;3.404991;3.153726;5.867740;69.311991;6.197084;5.739781;10.679287;126.147823;3.286695;4.355939;5.762938;50.726771;5.981786;7.927809;10.488548;92.322724;3.285483;3.099777;5.762889;50.567202;5.979578;5.641595;10.488458;92.032307
74;1;1;0.000000;0.000000;1.000000;1417.497660;1417.696276;1417.697995;782459;165188;158280;150270;150270;1879;2404320;100.000;1399.052;577.049;619.427;21.111;95.818;19.205;0.000;0.000;0.691;1.719;40.222;198.616;200.335;200.335;-4.159;34.352;1.019;0.623;0;0.000;0.000;0.000;2.248;3.376949;4.544230;5.805414;59.690926;6.146047;8.270499;10.565853;108.637485;3.375835;3.114220;5.805221;59.761376;6.144020;5.667881;10.565502;108.765704;3.257855;4.291189;5.698923;54.629896;5.929296;7.809965;10.372040;99.426411;3.256436;3.059962;5.699012;54.870212;5.926714;5.569131;10.372201;99.863785
75;1;1;0.000000;0.000000;1.000000;1417.531019;1417.729239;1417.730639;781579;165465;158550;150762;150762;1885;2412192;100.000;1723.218;578.939;621.452;21.171;95.821;19.289;0.000;0.000;0.699;1.400;49.900;198.220;199.620;199.620;-4.849;32.963;0.371;0.607;0;0.000;0.000;0.000;2.261;3.346948;4.498176;5.762258;62.289735;6.091445;8.186681;10.487310;113.367317;3.346139;3.080040;5.761956;62.340973;6.089973;5.605672;10.486760;113.460571;3.234345;4.255787;5.663943;46.541417;5.886507;7.745533;10.308377;84.705379;3.233631;3.029521;5.664184;46.558622;5.885208;5.513727;10.308815;84.736692
76;1;1;0.000000;0.000000;1.000000;1417.564348;1417.762381;1417.763788;784181;189415;164593;151052;151052;1889;2416832;100.000;1718.634;580.052;622.656;24.155;86.895;19.262;0.000;0.000;0.702;1.406;49.902;198.033;199.439;199.439;-5.033;33.142;0.191;0.581;0;0.000;0.000;0.000;2.281;4.934152;7.421038;7.429823;181.126407;8.980157;13.506289;13.522278;329.650062;4.932429;3.964267;7.428119;181.147580;8.977020;7.214966;13.519177;329.688596;4.674223;6.747781;7.182115;170.694458;8.507086;12.280961;13.071449;310.663914;4.672580;3.722711;7.180657;170.672817;8.504095;6.775334;13.068795;310.624526
77;1;1;0.000000;0.000000;1.000000;1417.597706;1417.795768;1417.797481;782861;178874;162632;150492;150492;1882;2407872;100.000;1406.198;577.902;620.347;22.849;90.920;19.223;0.000;0.000;0.686;1.712;40.079;198.062;199.774;199.774;-4.674;33.387;0.054;0.548;0;0.000;0.000;0.000;2.567;4.283469;5.882834;6.820033;72.146807;7.795913;10.706757;12.412460;131.307188;4.282192;3.517250;6.819189;72.286378;7.793590;6.401395;12.410924;131.561209;4.122845;5.546870;6.671653;63.011242;7.503577;10.095304;12.142409;114.680460;4.121956;3.422512;6.671369;63.028614;7.501960;6.228971;12.141892;114.712078
78;1;1;0.000000;0.000000;1.000000;1417.630952;1417.828617;1417.829991;779451;174727;160900;148910;148910;1862;2382560;100.000;1733.127;571.827;613.821;22.417;92.087;19.104;0.000;0.000;0.701;1.375;50.998;197.665;199.039;199.039;-5.496;32.848;0.485;0.544;0;0.000;0.000;0.000;2.253;4.160910;5.885812;6.725811;76.019202;7.572856;10.712178;12.240975;138.354947;4.158397;3.544685;6.722496;76.027950;7.568283;6.451326;12.234943;138.370869;3.971284;5.443517;6.549586;76.092257;7.227738;9.907201;11.920246;138.487907;3.969523;3.425638;6.547322;76.072310;7.224532;6.234661;11.916126;138.451604
79;1;1;0.000000;0.000000;1.000000;1417.664317;1417.861964;1417.863605;784719;168471;156900;147042;147042;1839;2352672;100.000;1434.092;564.654;606.129;21.469;93.132;18.738;0.000;0.000;0.689;1.641;41.981;197.647;199.288;199.288;-5.216;33.347;0.014;0.511;0;0.000;0.000;0.000;2.213;4.049307;5.856199;6.672241;81.277781;7.369738;10.658283;12.143478;147.925561;4.045290;3.609023;6.666969;81.295549;7.362428;6.568423;12.133884;147.957899;3.848493;5.345654;6.488302;81.438878;7.004258;9.729090;11.808710;148.218759;3.845856;3.484216;6.485475;81.415510;6.999459;6.341274;11.803565;148.176228
80;1;1;0.000000;0.000000;1.000000;1417.697695;1417.895251;1417.896595;780701;165354;155127;146382;146382;1830;2342112;100.000;1741.873;562.119;603.392;21.180;93.815;18.750;0.000;0.000;0.681;1.345;50.646;197.556;198.900;198.900;-5.559;33.287;0.047;0.482;0;0.000;0.000;0.000;2.413;3.969823;5.704991;6.535275;77.051398;7.225078;10.383083;11.894200;140.233545;3.966273;3.519168;6.531065;77.206411;7.218618;6.404886;11.886539;140.515667;3.773631;5.220116;6.356093;65.729666;6.868008;9.500611;11.568089;119.627992;3.772001;3.401439;6.355543;65.723627;6.865043;6.190620;11.567089;119.617000
81;1;1;0.000000;0.000000;1.000000;1417.731032;1417.928439;1417.931302;785754;164778;155233;145442;145442;1819;2327072;100.000;812.822;558.510;599.534;20.971;94.207;18.510;0.000;0.000;0.835;2.863;29.152;197.407;200.270;200.270;-4.186;33.188;0.145;0.461;0;0.000;0.000;0.000;2.977;3.814857;5.335618;6.368587;64.084171;6.943040;9.710826;11.590828;116.633191;3.810526;3.399396;6.361876;64.162274;6.935158;6.186901;11.578614;116.775339;3.650903;4.955501;6.216020;57.555611;6.644644;9.019012;11.313156;104.751211;3.647889;3.306200;6.211598;57.507375;6.639159;6.017283;11.305108;104.663423
82;1;1;0.000000;0.000000;1.000000;1417.764353;1417.961906;1417.963256;783308;163811;155342;145720;145720;1822;2331520;100.000;1727.903;559.577;600.669;20.913;94.830;18.603;0.000;0.000;0.719;1.349;53.250;197.554;198.903;198.903;-5.565;33.468;0.134;0.440;0;0.000;0.000;0.000;2.280;3.650692;4.985763;6.173312;59.764232;6.644260;9.074089;11.235427;108.770903;3.648704;3.280826;6.170704;59.682601;6.640642;5.971104;11.230681;108.622334;3.506410;4.657845;6.043075;49.267691;6.381667;8.477278;10.998396;89.667198;3.504645;3.207553;6.041348;49.252960;6.378454;5.837746;10.995253;89.640388
83;1;1;0.000000;0.000000;1.000000;1417.797665;1417.994936;1417.996554;782737;162934;154837;145846;145846;1824;2333536;100.000;1441.948;560.061;601.198;20.816;95.031;18.633;0.000;0.000;0.657;1.618;40.612;197.271;198.889;198.889;-5.600;33.029;0.304;0.432;0;0.000;0.000;0.000;2.368;3.559399;4.783507;6.056380;53.988332;6.478106;8.705983;11.022611;98.258764;3.558155;3.208023;6.054980;54.119784;6.475842;5.838603;11.020064;98.498007;3.433200;4.504057;5.943136;45.828506;6.248424;8.197383;10.816508;83.407881;3.431806;3.145354;5.941501;45.829991;6.245887;5.724543;10.813532;83.410584
84;1;1;0.000000;0.000000;1.000000;1417.830985;1418.028885;1418.030253;781874;162897;155237;146012;146012;1826;2336192;100.000;1707.483;560.699;601.881;20.834;95.298;18.675;0.000;0.000;0.676;1.368;49.421;197.900;199.269;199.269;-5.235;33.949;0.616;0.443;0;0.000;0.000;0.000;2.234;3.574725;4.792489;6.086239;49.999445;6.505999;8.722330;11.076955;90.998990;3.573643;3.216174;6.085056;49.867190;6.504029;5.853437;11.074802;90.758285;3.444808;4.517229;5.967175;45.027357;6.269550;8.221357;10.860259;81.949789;3.443995;3.153060;5.966703;45.140900;6.268072;5.738568;10.859400;82.156437
85;1;1;0.000000;0.000000;1.000000;1417.864284;1418.061851;1418.063230;780545;162940;155191;146308;146308;1829;2340928;100.000;1696.979;561.835;603.085;20.875;95.244;18.744;0.000;0.000;0.679;1.379;49.245;197.567;198.946;198.946;-5.591;32.966;0.367;0.439;0;0.000;0.000;0.000;2.323;3.546268;4.720326;6.061621;58.174240;6.454208;8.590993;11.032151;105.877117;3.545246;3.194666;6.059937;58.233522;6.452347;5.814293;11.029086;105.985009;3.418171;4.447599;5.944542;58.228540;6.221072;8.094631;10.819067;105.975942;3.417749;3.133811;5.944000;58.260041;6.220303;5.703535;10.818080;106.033274
86;1;1;0.000000;0.000000;1.000000;1417.897640;1418.095132;1418.096756;778343;162572;155327;146104;146104;1827;2337664;100.000;1439.070;561.052;602.256;20.887;95.544;18.771;0.000;0.000;0.661;1.624;40.671;197.491;199.116;199.116;-5.398;33.281;0.053;0.414;0;0.000;0.000;0.000;2.377;3.502772;4.636335;6.047546;50.785529;6.375045;8.438130;11.006534;92.429663;3.501388;3.233574;6.044984;50.806896;6.372526;5.885104;11.001870;92.468550;3.374322;4.365025;5.929063;50.589263;6.141266;7.944345;10.790895;92.072459;3.373200;3.174051;5.927899;50.709573;6.139224;5.776772;10.788777;92.291422
87;1;1;0.000000;0.000000;1.000000;1417.930945;1418.128683;1418.130050;778458;161634;154793;145634;145634;1821;2330144;100.000;1704.027;559.247;600.316;20.763;95.768;18.708;0.000;0.000;0.681;1.367;49.806;197.738;199.105;199.105;-5.438;33.551;0.218;0.402;0;0.000;0.000;0.000;2.206;3.440242;4.564865;5.968123;54.728698;6.261240;8.308054;10.861984;99.606230;3.439684;3.198244;5.967198;54.684980;6.260224;5.820805;10.860300;99.526663;3.312775;4.294344;5.855048;54.674255;6.029250;7.815706;10.656187;99.507144;3.311854;3.145891;5.855127;54.644271;6.027575;5.725522;10.656331;99.452572
88;1;1;0.000000;0.000000;1.000000;1417.964290;1418.161763;1418.163421;778592;161044;154494;145652;145652;1821;2330432;100.000;1406.186;559.316;600.385;20.684;95.933;18.707;0.000;0.000;0.665;1.657;40.116;197.473;199.131;199.131;-5.400;33.081;0.253;0.393;0;0.000;0.000;0.000;2.204;3.398712;4.600772;5.869200;55.834120;6.185655;8.373404;10.681944;101.618098;3.398336;3.143621;5.868483;55.838663;6.184971;5.721390;10.680640;101.626368;3.265282;4.313522;5.748002;47.094173;5.942814;7.850611;10.461363;85.711395;3.265106;3.082465;5.748333;46.974784;5.942494;5.610086;10.461966;85.494107
89;1;1;0.000000;0.000000;1.000000;1417.997604;1418.196761;1418.198118;779952;161225;154415;146464;146464;1831;2343424;100.000;1727.264;562.434;603.729;20.671;95.776;18.779;0.000;0.000;0.678;1.357;49.946;199.157;200.514;200.514;-4.037;34.998;1.664;0.472;0;0.000;0.000;0.000;2.412;3.412832;4.618184;5.898469;55.714269;6.211355;8.405096;10.735214;101.399969;3.412562;3.157837;5.897778;55.814745;6.210862;5.747263;10.733956;101.582836;3.283460;4.337008;5.781050;51.864261;5.975897;7.893354;10.521510;94.392956;3.283279;3.096687;5.780828;51.831757;5.975567;5.635971;10.521107;94.333797
90;1;1;0.000000;0.000000;1.000000;1418.030969;1418.229579;1418.231310;779674;163248;156610;148650;148650;1859;2378400;100.000;1374.606;570.828;612.755;20.938;95.934;19.066;0.000;0.000;0.712;1.730;41.178;198.610;200.340;200.340;-4.178;32.819;0.515;0.475;0;0.000;0.000;0.000;2.249;3.390050;4.521942;5.884470;58.754054;6.169891;8.229935;10.709735;106.932379;3.389581;3.150526;5.884176;58.811899;6.169038;5.733958;10.709200;107.037656;3.265897;4.262016;5.775288;44.916848;5.943932;7.756870;10.511024;81.748664;3.265656;3.100144;5.776029;44.927583;5.943495;5.642263;10.512373;81.768202
91;1;1;0.000000;0.000000;1.000000;1418.064287;1418.263317;1418.264743;781083;187045;162867;149974;149974;1875;2399584;100.000;1682.074;575.913;618.200;23.947;87.074;19.201;0.000;0.000;0.683;1.427;47.869;199.030;200.457;200.457;-4.078;33.737;0.404;0.471;0;0.000;0.000;0.000;2.194;4.952526;7.417132;7.466744;190.034984;9.013597;13.499180;13.589475;345.863670;4.950462;3.974135;7.463842;189.834279;9.009841;7.232926;13.584193;345.498387;4.703449;6.782983;7.231220;179.305552;8.560277;12.345030;13.160820;326.336104;4.701581;3.740777;7.229107;179.244735;8.556878;6.808214;13.156975;326.225418
92;1;1;0.000000;0.000000;1.000000;1418.097630;1418.296410;1418.298093;780537;178621;162797;150044;150044;1876;2400704;100.000;1426.851;576.181;618.492;22.884;91.141;19.223;0.000;0.000;0.684;1.683;40.654;198.780;200.463;200.463;-4.062;33.094;0.240;0.456;0;0.000;0.000;0.000;2.406;4.079652;5.730343;6.556961;68.211734;7.424967;10.429224;11.933670;124.145355;4.077845;3.424238;6.554041;68.256798;7.421679;6.232114;11.928354;124.227372;3.911471;5.359384;6.401565;65.072620;7.118878;9.754079;11.650848;118.432169;3.909971;3.323217;6.399059;65.134704;7.116147;6.048255;11.646287;118.545160
93;1;1;0.000000;0.000000;1.000000;1418.130933;1418.328958;1418.330349;773046;173993;159473;148126;148126;1852;2370016;100.000;1703.712;568.816;610.585;22.507;91.655;19.161;0.000;0.000;0.696;1.391;49.997;198.024;199.415;199.415;-5.139;32.548;0.786;0.477;0;0.000;0.000;0.000;2.253;4.086781;5.861214;6.669188;86.557913;7.437941;10.667409;12.137922;157.535402;4.084586;3.586606;6.665574;86.633178;7.433946;6.527623;12.131344;157.672384;3.895765;5.407064;6.489263;74.304774;7.090292;9.840856;11.810459;135.234688;3.894658;3.465586;6.487505;74.360648;7.088277;6.307366;11.807259;135.336379
94;1;1;0.000000;0.000000;1.000000;1418.164253;1418.362155;1418.363830;770822;168920;156000;145994;145994;1825;2335904;100.000;1394.057;560.629;601.789;21.914;92.351;18.940;0.000;0.000;0.686;1.676;40.941;197.902;199.577;199.577;-4.991;33.197;0.136;0.455;0;0.000;0.000;0.000;2.217;4.116031;5.908748;6.788899;69.094914;7.491176;10.753922;12.355796;125.752744;4.114877;3.697222;6.787521;69.169456;7.489077;6.728945;12.353288;125.888410;3.925823;5.435520;6.610988;69.059746;7.144998;9.892647;12.031998;125.688738;3.924700;3.576146;6.610111;69.220567;7.142955;6.508585;12.030403;125.981433
95;1;1;0.000000;0.000000;1.000000;1418.197226;1418.395171;1418.396516;778859;164158;153279;143854;143854;1799;2301664;100.000;1712.278;552.412;592.985;21.077;93.373;18.470;0.000;0.000;0.694;1.344;51.607;197.945;199.289;199.289;-5.639;33.017;0.317;0.447;0;0.000;0.000;0.000;2.289;3.890583;5.465367;6.500038;69.911587;7.080861;9.946967;11.830069;127.239089;3.890879;3.486954;6.502164;70.132484;7.081399;6.346256;11.833938;127.641120;3.727863;5.084638;6.348422;70.003911;6.784710;9.254041;11.554128;127.407118;3.728341;3.394268;6.351247;70.205675;6.785581;6.177568;11.559270;127.774329
96;1;1;0.000000;0.000000;1.000000;1418.230741;1418.428284;1418.429725;778333;162544;152827;144278;144278;1804;2308448;100.000;1602.048;554.040;594.726;20.884;94.022;18.537;0.000;0.000;0.885;1.441;61.430;197.543;198.984;198.984;-5.763;33.113;0.221;0.433;0;0.000;0.000;0.000;2.191;3.641979;5.080509;6.154118;70.957719;6.628402;9.246526;11.200495;129.143048;3.641090;3.310831;6.154172;70.900229;6.626783;6.025712;11.200593;129.038418;3.497181;4.762936;6.021978;70.935341;6.364870;8.668543;10.959999;129.102321;3.496807;3.237468;6.022964;70.905868;6.364189;5.892192;10.961794;129.048681
97;1;1;0.000000;0.000000;1.000000;1418.264069;1418.462993;1418.464330;782798;161679;152252;144196;144196;1803;2307136;100.000;1726.173;553.725;594.388;20.654;94.169;18.421;0.000;0.000;0.710;1.337;53.138;198.924;200.261;200.261;-4.491;34.709;1.376;0.492;0;0.000;0.000;0.000;2.189;3.785558;5.198620;6.389996;72.152661;6.889715;9.461488;11.629792;131.317844;3.783162;3.412815;6.388191;72.328537;6.885355;6.211323;11.626508;131.637937;3.641149;4.881337;6.258230;48.043090;6.626892;8.884033;11.389979;87.438423;3.639753;3.340429;6.258332;48.108859;6.624351;6.079581;11.390164;87.558124
98;1;1;0.000000;0.000000;1.000000;1418.297500;1418.496286;1418.497647;781418;161980;153748;144552;144552;1807;2312832;100.000;1699.985;555.092;595.846;20.729;94.918;18.499;0.000;0.000;0.689;1.361;50.656;198.787;200.147;200.147;-4.507;33.293;0.040;0.463;0;0.000;0.000;0.000;2.402;3.589131;4.855682;6.144066;51.157364;6.532219;8.837341;11.182200;93.106402;3.587208;3.286262;6.141396;51.299811;6.528719;5.980996;11.177340;93.365656;3.462243;4.583077;6.028910;46.501743;6.301282;8.341200;10.972617;84.633173;3.460604;3.227324;6.027996;46.633425;6.298300;5.873730;10.970952;84.872833
99;1;1;0.000000;0.000000;1.000000;1418.330971;1418.529192;1418.530895;777382;160677;152846;144056;144056;1801;2304896;100.000;1353.845;553.188;593.806;20.669;95.126;18.531;0.000;0.000;0.666;1.703;39.126;198.222;199.924;199.924;-4.593;32.906;0.427;0.461;0;0.000;0.000;0.000;2.225;3.641525;4.848176;6.227029;53.682225;6.627575;8.823681;11.333194;97.701650;3.638359;3.309722;6.222340;53.829449;6.621814;6.023694;11.324658;97.969596;3.519928;4.598464;6.118859;53.925959;6.406268;8.369204;11.136323;98.145246;3.517666;3.259143;6.116301;53.916488;6.402152;5.931639;11.131668;98.128009
100;1;1;0.000000;0.000000;1.000000;1418.364294;1418.561836;1418.563164;778267;160528;153039;144366;144366;1805;2309856;100.000;1738.612;554.378;595.086;20.626;95.335;18.550;0.000;0.000;0.707;1.329;53.186;197.542;198.870;198.870;-5.657;32.643;0.690;0.475;0;0.000;0.000;0.000;2.154;3.563003;4.717067;6.126317;49.791925;6.484666;8.585062;11.149897;90.621303;3.559398;3.250864;6.121593;49.794973;6.478103;5.916572;11.141299;90.626851;3.435390;4.455286;6.013894;49.732726;6.252409;8.108620;10.945286;90.513561;3.432365;3.203014;6.011000;49.761868;6.246904;5.829486;10.940020;90.566600
101;1;1;0.000000;0.000000;1.000000;1418.397628;1418.595287;1418.596932;780699;159967;152583;144336;144336;1805;2309376;100.000;1403.655;554.263;594.971;20.490;95.384;18.488;0.000;0.000;0.685;1.645;41.612;197.658;199.303;199.303;-5.223;33.451;0.117;0.453;0;0.000;0.000;0.000;2.251;3.510604;4.660388;6.048991;47.516869;6.389300;8.481905;11.009163;86.480702;3.507405;3.221084;6.044095;47.787844;6.383476;5.862373;11.000253;86.973875;3.386296;4.405744;5.950379;47.754055;6.163059;8.018455;10.829690;86.912380;3.383736;3.200914;5.947235;47.897294;6.158400;5.825663;10.823967;87.173075
102;1;1;0.000000;0.000000;1.000000;1418.430996;1418.628515;1418.629836;780328;159509;152033;144522;144522;1807;2312352;100.000;1750.777;554.977;595.730;20.441;95.313;18.521;0.000;0.000;0.679;1.321;51.374;197.519;198.840;198.840;-5.652;33.228;0.105;0.431;0;0.000;0.000;0.000;4.671;3.423527;4.585291;5.922031;51.487220;6.230820;8.345230;10.778096;93.706740;3.420237;3.162622;5.916294;51.485595;6.224830;5.755973;10.767656;93.703783;3.291504;4.309279;5.802059;49.542363;5.990537;7.842887;10.559747;90.167101;3.289035;3.106074;5.798717;49.651556;5.986044;5.653055;10.553665;90.365833
103;1;1;0.000000;0.000000;1.000000;1418.464350;1418.662254;1418.663928;782351;159819;152675;144662;144662;1809;2314592;100.000;1382.744;555.515;596.313;20.428;95.530;18.491;0.000;0.000;0.691;1.674;41.297;197.904;199.578;199.578;-4.893;33.739;0.406;0.430;0;0.000;0.000;0.000;2.197;3.470160;4.613925;6.006477;55.879758;6.315692;8.397344;10.931788;101.701159;3.468066;3.209675;6.003375;55.765892;6.311881;5.841608;10.926143;101.493924;3.345701;4.353525;5.895373;45.721780;6.089176;7.923415;10.729578;83.213639;3.343859;3.158389;5.893484;45.765055;6.085824;5.748268;10.726140;83.292400
104;1;1;0.000000;0.000000;1.000000;1418.497698;1418.695117;1418.696465;782164;159517;152563;144698;144698;1809;2315168;100.000;1718.192;555.653;596.451;20.394;95.641;18.500;0.000;0.000;0.707;1.347;52.434;197.420;198.767;198.767;-5.690;32.863;0.470;0.432;0;0.000;0.000;0.000;2.269;3.421562;4.597568;5.929003;53.415831;6.227243;8.367574;10.790786;97.216812;3.419116;3.179946;5.926450;53.644296;6.222791;5.787501;10.786138;97.632619;3.297038;4.331938;5.816178;47.867968;6.000609;7.884126;10.585445;87.119702;3.294441;3.124261;5.814603;47.889648;5.995883;5.686155;10.582577;87.159159
105;1;1;0.000000;0.000000;1.000000;1418.530972;1418.728956;1418.730319;783021;160352;153365;145744;145744;1822;2331904;100.000;1711.338;559.669;600.761;20.479;95.643;18.613;0.000;0.000;0.696;1.363;51.081;197.985;199.347;199.347;-5.169;33.839;0.505;0.437;0;0.000;0.000;0.000;2.263;3.440929;4.611799;5.962718;57.529761;6.262491;8.393474;10.852147;104.704165;3.439961;3.202870;5.962610;57.598582;6.260730;5.829223;10.851950;104.829419;3.312111;4.331405;5.848732;57.530534;6.028042;7.883157;10.644693;104.705572;3.310771;3.148298;5.848707;57.581308;6.025602;5.729903;10.644646;104.797980
106;1;1;0.000000;0.000000;1.000000;1418.564310;1418.762100;1418.763773;786829;185042;161832;147616;147616;1846;2361856;100.000;1411.489;566.858;608.491;23.517;87.457;18.761;0.000;0.000;0.655;1.673;39.116;197.790;199.463;199.463;-5.048;33.143;0.190;0.421;0;0.000;0.000;0.000;2.228;4.937600;7.339235;7.460410;174.013431;8.986433;13.357407;13.577946;316.704444;4.935996;3.949810;7.459892;174.008326;8.983513;7.188653;13.577003;316.695153;4.694814;6.742695;7.231893;156.117195;8.544562;12.271705;13.162045;284.133296;4.693079;3.729874;7.231503;156.210049;8.541403;6.788372;13.161336;284.302289
107;1;1;0.000000;0.000000;1.000000;1418.597642;1418.795430;1418.796820;789365;177824;162827;150668;150668;1884;2410688;100.000;1733.650;578.578;621.068;22.527;91.566;19.087;0.000;0.000;0.713;1.391;51.294;197.788;199.179;199.179;-5.334;33.330;0.003;0.395;0;0.000;0.000;0.000;2.256;4.171515;5.816952;6.701080;65.567106;7.592158;10.586853;12.195965;119.332132;4.170569;3.494885;6.701017;65.561350;7.590435;6.360691;12.195850;119.321658;3.997460;5.431626;6.542095;58.653420;7.275377;9.885559;11.906614;106.749225;3.996669;3.394619;6.543073;58.796336;7.273938;6.178206;11.908394;107.009331
108;1;1;0.000000;0.000000;1.000000;1418.630992;1418.829026;1418.830745;790807;176482;163777;152486;152486;1907;2439776;100.000;1419.027;585.559;628.568;22.317;92.801;19.282;0.000;0.000;0.700;1.719;40.731;198.034;199.753;199.753;-4.742;33.596;0.263;0.387;0;0.000;0.000;0.000;2.408;3.952200;5.638550;6.481082;67.920667;7.193005;10.262160;11.795570;123.615614;3.951524;3.482207;6.480986;67.883012;7.191775;6.337617;11.795395;123.547082;3.761689;5.183849;6.303191;68.099334;6.846274;9.434605;11.471808;123.940788;3.761494;3.363456;6.303956;67.910944;6.845919;6.121490;11.473200;123.597918
109;1;1;0.000000;0.000000;1.000000;1418.664358;1418.861892;1418.863325;789334;174417;162962;152368;152368;1905;2437888;100.000;1701.683;585.106;628.070;22.097;93.432;19.303;0.000;0.000;0.715;1.433;49.925;197.534;198.967;198.967;-5.496;32.866;0.467;0.392;0;0.000;0.000;0.000;2.334;3.811329;5.501115;6.333674;71.351989;6.936619;10.012030;11.527286;129.860620;3.810247;3.438450;6.332110;71.234412;6.934650;6.257979;11.524440;129.646630;3.610713;4.996872;6.143491;71.186602;6.571498;9.094306;11.181153;129.559616;3.610775;3.310455;6.145186;71.146590;6.571611;6.025028;11.184238;129.486793
110;1;1;0.000000;0.000000;1.000000;1418.697647;1418.896253;1418.897989;783753;171571;161606;151230;151230;1891;2419680;100.000;1393.821;580.736;623.384;21.891;94.192;19.296;0.000;0.000;0.697;1.736;40.144;198.606;200.342;200.342;-4.165;34.361;1.027;0.432;0;0.000;0.000;0.000;2.328;3.786797;5.214605;6.368560;70.523325;6.891970;9.490581;11.590779;128.352451;3.786763;3.396069;6.368228;70.546151;6.891909;6.180846;11.590176;128.393995;3.617848;4.806007;6.212635;70.431070;6.584483;8.746933;11.306996;128.184548;3.618220;3.300854;6.213751;70.452938;6.585160;6.007555;11.309027;128.224347
111;1;1;0.000000;0.000000;1.000000;1418.730982;1418.928966;1418.930360;781240;171477;162047;149404;149404;1868;2390464;100.000;1714.284;573.724;615.853;21.949;94.501;19.124;0.000;0.000;0.698;1.394;50.074;197.984;199.378;199.378;-5.127;32.713;0.620;0.443;0;0.000;0.000;0.000;2.427;3.571586;4.893004;6.073035;63.593424;6.500286;8.905267;11.052923;115.740031;3.571942;3.245198;6.074362;63.645180;6.500935;5.906261;11.055339;115.834228;3.420637;4.538973;5.931216;63.682924;6.225559;8.260931;10.794813;115.902922;3.420635;3.161185;5.933974;63.675240;6.225555;5.753356;10.799832;115.888938
112;1;1;0.000000;0.000000;1.000000;1418.764294;1418.962019;1418.963677;781247;169110;160097;147314;147314;1842;2357024;100.000;1421.541;565.698;607.241;21.646;94.670;18.856;0.000;0.000;0.696;1.658;41.987;197.725;199.383;199.383;-5.144;33.053;0.280;0.433;0;0.000;0.000;0.000;2.224;3.557150;4.800382;6.080590;56.292481;6.474012;8.736694;11.066674;102.452316;3.556728;3.250872;6.082277;56.326319;6.473245;5.916587;11.069745;102.513901;3.422709;4.505324;5.958946;56.247352;6.229330;8.199689;10.845282;102.370180;3.421955;3.185489;5.960379;56.268575;6.227959;5.797590;10.847891;102.408807
113;1;1;0.000000;0.000000;1.000000;1418.797658;1418.995445;1418.996807;783523;167213;159272;145778;145778;1823;2332448;100.000;1712.921;559.800;600.914;21.341;95.251;18.605;0.000;0.000;0.693;1.362;50.921;197.787;199.149;199.149;-5.348;33.426;0.092;0.412;0;0.000;0.000;0.000;2.204;3.502056;4.700257;6.024720;52.924467;6.373742;8.554467;10.964991;96.322530;3.501444;3.237141;6.025762;53.018981;6.372629;5.891597;10.966887;96.494545;3.371771;4.421689;5.910211;52.796267;6.136624;8.047474;10.756584;96.089206;3.371316;3.183727;5.912563;52.973607;6.135795;5.794384;10.760866;96.411965
114;1;1;0.000000;0.000000;1.000000;1418.830998;1419.028534;1419.030209;783046;164858;157016;145016;145016;1813;2320256;100.000;1384.736;556.874;597.763;21.053;95.243;18.519;0.000;0.000;0.700;1.676;41.750;197.536;199.212;199.212;-5.279;33.089;0.245;0.401;0;0.000;0.000;0.000;2.184;3.516585;4.741568;6.021044;56.237819;6.400186;8.629654;10.958301;102.352831;3.515476;3.212950;6.021686;56.294057;6.398166;5.847570;10.959468;102.455185;3.390638;4.469440;5.910954;56.121298;6.170961;8.134381;10.757936;102.140761;3.389241;3.158304;5.911241;56.225830;6.168418;5.748114;10.758460;102.331011
115;1;1;0.000000;0.000000;1.000000;1418.864344;1419.062106;1419.063467;785712;163131;155212;145068;145068;1814;2321088;100.000;1704.796;557.074;597.985;20.762;95.146;18.463;0.000;0.000;0.683;1.362;50.186;197.762;199.124;199.124;-5.354;33.572;0.239;0.391;0;0.000;0.000;0.000;2.240;3.576835;4.762324;6.150249;57.738840;6.509839;8.667431;11.193454;105.084689;3.575296;3.285117;6.149118;57.684241;6.507040;5.978913;11.191395;104.985318;3.450649;4.499851;6.039024;57.626396;6.280181;8.189729;10.991023;104.880041;3.449152;3.233985;6.037848;57.633835;6.277456;5.885852;10.988883;104.893580
116;1;1;0.000000;0.000000;1.000000;1418.897519;1419.095675;1419.097042;788409;163212;155722;145612;145612;1821;2329792;100.000;1704.037;559.163;600.232;20.701;95.411;18.469;0.000;0.000;0.681;1.367;49.838;198.155;199.523;199.523;-5.112;33.569;0.236;0.382;0;0.000;0.000;0.000;2.249;3.515844;4.675392;6.074071;64.740668;6.398835;8.509213;11.054810;117.828016;3.514639;3.245053;6.072425;64.653238;6.396643;5.905997;11.051813;117.668894;3.393204;4.424341;5.965363;64.635775;6.175632;8.052300;10.856961;117.637110;3.391520;3.196278;5.963593;64.582028;6.172566;5.817226;10.853740;117.539291
117;1;1;0.000000;0.000000;1.000000;1418.931051;1419.129376;1419.131058;785289;163274;156043;145938;145938;1825;2335008;100.000;1388.515;560.414;601.574;20.792;95.571;18.584;0.000;0.000;0.664;1.682;39.462;198.326;200.008;200.008;-4.430;33.702;0.368;0.381;0;0.000;0.000;0.000;2.409;3.408764;4.568115;5.923304;48.461989;6.203951;8.313968;10.780412;88.200820;3.407678;3.187779;5.921372;48.551054;6.201974;5.801758;10.776897;88.362919;3.284117;4.312255;5.810278;48.556980;5.977093;7.848304;10.574706;88.373704;3.282504;3.135426;5.807940;48.641499;5.974158;5.706476;10.570450;88.527527
118;1;1;0.000000;0.000000;1.000000;1418.964313;1419.163490;1419.164851;784314;162642;155747;145782;145782;1823;2332512;100.000;1713.588;559.815;600.930;20.737;95.761;18.587;0.000;0.000;0.688;1.361;50.515;199.176;200.538;200.538;-3.970;34.113;0.780;0.406;0;0.000;0.000;0.000;2.171;3.397484;4.538706;5.900120;50.695234;6.183420;8.260445;10.738219;92.265325;3.396176;3.164628;5.898888;50.724607;6.181041;5.759624;10.735976;92.318785;3.270413;4.274705;5.785264;50.692764;5.952152;7.779962;10.529181;92.260831;3.268846;3.110957;5.783966;50.713078;5.949300;5.661941;10.526818;92.297803
119;1;1;0.000000;0.000000;1.000000;1418.997644;1419.198115;1419.199749;784830;162271;155343;145890;145890;1824;2334240;100.000;1428.476;560.230;601.367;20.676;95.731;18.589;0.000;0.000;0.664;1.634;40.635;200.470;202.105;202.105;-2.405;34.625;1.292;0.461;0;0.000;0.000;0.000;2.681;3.367930;4.512238;5.885668;50.941094;6.129633;8.212273;10.711916;92.712792;3.366458;3.193003;5.884427;50.919260;6.126954;5.811265;10.709657;92.673053;3.248645;4.264616;5.777759;49.824171;5.912534;7.761600;10.515521;90.679991;3.246580;3.145026;5.777222;49.810296;5.908776;5.723946;10.514545;90.654738
120;1;1;0.000000;0.000000;1.000000;1419.030997;1419.233202;1419.235148;784742;161918;155192;145936;145936;1825;2334976;100.000;1199.522;560.407;601.566;20.633;95.846;18.597;0.000;0.000;1.335;1.947;68.572;202.205;204.151;204.151;-0.340;35.087;1.753;0.542;0;0.000;0.000;0.000;12.200;3.506892;4.649098;6.115765;54.555521;6.382543;8.461358;11.130693;99.291049;3.505990;3.317021;6.115364;54.579735;6.380902;6.036978;11.129963;99.335117;3.384199;4.404229;6.005144;54.563568;6.159241;8.015697;10.929363;99.305694;3.382497;3.270126;6.004954;54.595418;6.156144;5.951630;10.929017;99.363660
121;1;1;0.000000;0.000000;1.000000;1419.064312;1419.265261;1419.271726;787186;185245;160619;147208;147208;1841;2355328;100.000;364.324;565.291;606.812;23.533;86.706;18.701;0.000;0.000;5.989;6.465;92.632;200.949;207.414;207.414;2.905;32.059;1.274;0.588;0;0.000;0.000;0.000;12.838;5.061872;7.632365;7.594128;274.671586;9.212607;13.890905;13.821314;499.902287;5.060533;4.069255;7.593854;274.770039;9.210171;7.406044;13.820814;500.081470;4.794357;6.956175;7.338731;274.786743;8.725729;12.660238;13.356490;500.111871;4.793373;3.818789;7.339769;274.812324;8.723938;6.950196;13.358379;500.158431
122;1;1;0.000000;0.000000;1.000000;1419.097670;1419.297600;1419.301066;792161;177345;160913;148956;148956;1862;2383296;100.000;687.707;572.004;613.998;22.387;90.734;18.804;0.000;0.000;0.935;3.466;26.974;199.930;203.395;203.395;-1.089;32.339;0.994;0.613;0;0.000;0.000;0.000;2.893;4.049222;5.699110;6.551757;86.094209;7.369585;10.372380;11.924197;156.691460;4.048130;3.457544;6.551779;86.029701;7.367596;6.292730;11.924238;156.574057;3.876113;5.320098;6.393529;85.874610;7.054527;9.682578;11.636223;156.291790;3.875605;3.360051;6.394082;85.844750;7.053600;6.115292;11.637229;156.237444
123;1;1;0.000000;0.000000;1.000000;1419.131009;1419.330534;1419.332237;788290;175932;162668;150544;150544;1882;2408704;100.000;1414.085;578.101;620.547;22.318;92.461;19.098;0.000;0.000;0.728;1.703;42.724;199.525;201.228;201.228;-3.251;32.934;0.400;0.600;0;0.000;0.000;0.000;2.365;3.976047;5.659172;6.516952;69.375774;7.236406;10.299693;11.860853;126.263908;3.975609;3.487700;6.514699;69.400680;7.235609;6.347614;11.856752;126.309237;3.785575;5.217066;6.339311;68.792782;6.889746;9.495059;11.537546;125.202863;3.785248;3.376453;6.339218;68.754279;6.889152;6.145144;11.537376;125.132788
124;1;1;0.000000;0.000000;1.000000;1419.163930;1419.363338;1419.364782;789222;175068;163093;152352;152352;1905;2437632;100.000;1688.679;585.044;628.008;22.182;93.160;19.304;0.000;0.000;0.760;1.444;52.654;199.408;200.852;200.852;-4.039;32.804;0.529;0.595;0;0.000;0.000;0.000;2.296;3.770544;5.425048;6.287763;69.325598;6.862391;9.873587;11.443730;126.172588;3.769172;3.433166;6.285052;69.443999;6.859893;6.248363;11.438794;126.388077;3.578597;4.947430;6.108634;62.707801;6.513046;9.004322;11.117714;114.128199;3.578454;3.315882;6.109045;62.690898;6.512787;6.034906;11.118462;114.097434
125;1;1;0.000000;0.000000;1.000000;1419.197125;1419.395972;1419.397395;787173;171752;160877;151154;151154;1890;2418464;100.000;1700.039;580.444;623.070;21.819;93.668;19.202;0.000;0.000;0.709;1.423;49.834;198.847;200.270;200.270;-4.760;32.634;0.699;0.602;0;0.000;0.000;0.000;2.322;3.756057;5.234756;6.311328;66.371022;6.836024;9.527256;11.486616;120.795260;3.754891;3.404224;6.308687;66.334928;6.833902;6.195688;11.481810;120.729569;3.586947;4.824689;6.155658;66.104295;6.528243;8.780935;11.203298;120.309817;3.585557;3.311365;6.155370;66.177396;6.525714;6.026684;11.202773;120.442861
126;1;1;0.000000;0.000000;1.000000;1419.230512;1419.429176;1419.431536;776279;169862;159758;149098;149098;1864;2385568;100.000;1010.918;572.549;614.588;21.882;94.052;19.207;0.000;0.000;0.692;2.360;29.322;198.664;201.024;201.024;-3.952;33.204;0.130;0.572;0;0.000;0.000;0.000;2.231;3.675307;4.955181;6.219600;57.592538;6.689058;9.018430;11.319671;104.818420;3.675278;3.301856;6.220673;57.544159;6.689006;6.009378;11.321625;104.730370;3.539763;4.656888;6.103413;53.915117;6.442368;8.475536;11.108212;98.125513;3.540080;3.243111;6.105230;53.888544;6.442945;5.902463;11.111519;98.077149
127;1;1;0.000000;0.000000;1.000000;1419.263836;1419.463041;1419.464549;773912;165488;156437;146584;146584;1833;2345344;100.000;1556.100;562.895;604.235;21.383;94.531;18.941;0.000;0.000;1.045;1.507;69.331;199.206;200.713;200.713;-4.272;33.866;0.532;0.570;0;0.000;0.000;0.000;2.276;3.596197;4.845348;6.095085;59.234279;6.545079;8.818532;11.093056;107.806388;3.596027;3.233324;6.095255;59.264817;6.544770;5.884650;11.093364;107.861967;3.474460;4.582708;5.988561;59.191327;6.323518;8.340528;10.899181;107.728215;3.473718;3.176951;5.989063;59.235837;6.322167;5.782051;10.900095;107.809223
128;1;1;0.000000;0.000000;1.000000;1419.297137;1419.496349;1419.497964;773302;162494;154458;144802;144802;1811;2316832;100.000;1434.881;556.052;596.896;21.013;95.055;18.725;0.000;0.000;0.671;1.615;41.559;199.213;200.827;200.827;-4.190;33.308;0.025;0.536;0;0.000;0.000;0.000;2.186;3.556329;4.770147;6.070842;74.586242;6.472519;8.681668;11.048932;135.746960;3.555775;3.231082;6.071102;74.586622;6.471510;5.880569;11.049405;135.747652;3.432290;4.510111;5.958441;74.522012;6.246769;8.208402;10.844362;135.630062;3.431469;3.173313;5.958503;74.545912;6.245274;5.775429;10.844476;135.673560
129;1;1;0.000000;0.000000;1.000000;1419.330331;1419.529346;1419.530684;777001;160101;152462;143780;143780;1798;2300480;100.000;1719.823;552.128;592.678;20.605;95.229;18.504;0.000;0.000;0.657;1.338;49.127;199.014;200.352;200.352;-4.804;32.997;0.337;0.523;0;0.000;0.000;0.000;2.222;3.579379;4.760767;6.167256;51.852781;6.514470;8.664597;11.224406;94.372062;3.579481;3.306823;6.167596;51.818913;6.514655;6.018418;11.225024;94.310422;3.454263;4.491926;6.058662;51.883772;6.286758;8.175305;11.026765;94.428466;3.449557;3.253821;6.051982;51.827269;6.278193;5.921954;11.014607;94.325629
130;1;1;0.000000;0.000000;1.000000;1419.364080;1419.562362;1419.564059;783174;159290;151847;143698;143698;1797;2299168;100.000;1355.364;551.813;592.341;20.339;95.327;18.348;0.000;0.000;0.659;1.696;38.834;198.283;199.979;199.979;-4.762;33.016;0.317;0.510;0;0.000;0.000;0.000;2.170;3.470287;4.598739;6.034315;50.154347;6.315923;8.369705;10.982454;91.280911;3.468394;3.231189;6.031022;50.079312;6.312477;5.880764;10.976460;91.144347;3.344691;4.331330;5.922072;50.126041;6.087337;7.883021;10.778170;91.229394;3.342284;3.177722;5.918211;50.100594;6.082956;5.783453;10.771143;91.183080
131;1;1;0.000000;0.000000;1.000000;1419.397716;1419.595266;1419.596616;786108;160025;152623;144598;144598;1808;2313568;100.000;1713.803;555.269;596.045;20.357;95.374;18.394;0.000;0.000;0.682;1.350;50.530;197.550;198.900;198.900;-5.538;32.904;0.429;0.505;0;0.000;0.000;0.000;2.181;3.506722;4.622380;6.095792;51.639837;6.382234;8.412731;11.094341;93.984503;3.503025;3.260999;6.088717;51.680281;6.375506;5.935019;11.081464;94.058111;3.385398;4.363682;5.989550;51.544754;6.161425;7.941901;10.900981;93.811452;3.382213;3.212021;5.983474;51.700463;6.155627;5.845878;10.889923;94.094842
132;1;1;0.000000;0.000000;1.000000;1419.431011;1419.628537;1419.630191;785622;159588;152365;144478;144478;1806;2311648;100.000;1397.761;554.808;595.539;20.314;95.474;18.390;0.000;0.000;0.690;1.654;41.705;197.526;199.180;199.180;-5.297;33.270;0.063;0.478;0;0.000;0.000;0.000;2.316;3.465899;4.572979;6.029184;53.050503;6.307936;8.322822;10.973115;96.551916;3.464728;3.218727;6.027081;53.098668;6.305805;5.858083;10.969287;96.639576;3.341051;4.297501;5.916879;45.117430;6.080713;7.821451;10.768720;82.113723;3.340514;3.163655;5.915899;45.151460;6.079735;5.757853;10.766936;82.175657
133;1;1;0.000000;0.000000;1.000000;1419.464438;1419.662367;1419.663714;787265;157879;151174;143954;143954;1800;2303264;100.000;1709.752;552.796;593.391;20.054;95.753;18.285;0.000;0.000;0.691;1.347;51.293;197.929;199.276;199.276;-5.107;33.830;0.497;0.479;0;0.000;0.000;0.000;2.093;3.428857;4.548733;5.971184;54.740242;6.240519;8.278694;10.867555;99.627241;3.426903;3.198848;5.967697;54.690740;6.236964;5.821904;10.861209;99.537146;3.306709;4.277834;5.866942;54.676848;6.018211;7.785658;10.677835;99.511864;3.304840;3.152133;5.863242;54.618080;6.014809;5.736882;10.671101;99.404905
134;1;1;0.000000;0.000000;1.000000;1419.497635;1419.696130;1419.697480;787734;157027;150535;143904;143904;1799;2302464;100.000;1705.029;552.604;593.177;19.934;95.866;18.268;0.000;0.000;0.687;1.350;50.908;198.494;199.845;199.845;-4.674;33.763;0.430;0.476;0;0.000;0.000;0.000;2.178;3.367356;4.504310;5.888803;56.022058;6.128588;8.197845;10.717621;101.960146;3.365509;3.190816;5.886577;56.127993;6.125227;5.807285;10.713571;102.152947;3.243995;4.234698;5.783447;46.366221;5.904072;7.707151;10.525874;84.386522;3.242408;3.146205;5.781263;46.401820;5.901183;5.726093;10.521899;84.451312
135;1;1;0.000000;0.000000;1.000000;1419.531014;1419.729050;1419.730725;786766;156063;149876;143596;143596;1795;2297536;100.000;1371.591;551.421;591.904;19.836;96.036;18.251;0.000;0.000;0.639;1.675;38.136;198.036;199.711;199.711;-4.763;32.920;0.413;0.472;0;0.000;0.000;0.000;2.154;3.385051;4.555611;5.908224;47.901580;6.160793;8.291211;10.752967;87.180875;3.382327;3.206986;5.906170;48.053426;6.155835;5.836714;10.749229;87.457235;3.262613;4.298725;5.800612;47.793737;5.937956;7.823680;10.557113;86.984602;3.261353;3.160000;5.800279;48.000882;5.935662;5.751199;10.556507;87.361606
136;1;1;0.000000;0.000000;1.000000;1419.564305;1419.762128;1419.763437;787622;176546;153233;141136;141136;1765;2258176;100.000;1725.376;541.975;581.781;22.415;86.795;17.919;0.000;0.000;0.661;1.309;50.489;197.823;199.132;199.132;-5.384;33.078;0.255;0.458;0;0.000;0.000;0.000;2.199;4.918560;7.408705;7.505211;169.565103;8.951779;13.483843;13.659485;308.608487;4.915211;3.955813;7.500840;169.464498;8.945684;7.199580;13.651529;308.425387;4.661613;6.757180;7.264443;169.326186;8.484135;12.298067;13.221286;308.173659;4.659646;3.748961;7.262615;169.341541;8.480556;6.823110;13.217959;308.201604
137;1;1;0.000000;0.000000;1.000000;1419.597645;1419.795335;1419.796946;784509;165368;150562;139854;139854;1749;2237664;100.000;1389.124;537.052;576.497;21.079;91.047;17.827;0.000;0.000;0.661;1.611;41.011;197.690;199.301;199.301;-5.208;33.207;0.126;0.438;0;0.000;0.000;0.000;2.203;4.057750;5.712561;6.648856;65.901487;7.385104;10.396862;12.100917;119.940705;4.056336;3.505413;6.646902;65.893218;7.382532;6.379852;12.097362;119.925657;3.883917;5.323729;6.484409;60.611253;7.068728;9.689187;11.801625;110.312480;3.884231;3.408780;6.486623;60.664351;7.069300;6.203980;11.805654;110.409119
138;1;1;0.000000;0.000000;1.000000;1419.630922;1419.828608;1419.829911;782962;162866;151609;141162;141162;1765;2258592;100.000;1732.348;542.075;581.880;20.801;93.088;18.029;0.000;0.000;0.650;1.304;49.848;197.685;198.989;198.989;-5.576;33.272;0.061;0.414;0;0.000;0.000;0.000;2.083;3.943468;5.561142;6.600136;71.071640;7.177113;10.121279;12.012247;129.350385;3.941591;3.564024;6.597698;71.103501;7.173695;6.486523;12.007811;129.408371;3.770156;5.164024;6.444270;71.047835;6.861684;9.398523;11.728572;129.307060;3.769001;3.482676;6.443417;71.102497;6.859581;6.338471;11.727020;129.406544
139;1;1;0.000000;0.000000;1.000000;1419.664357;1419.861844;1419.863476;785441;162821;152291;143262;143262;1791;2292192;100.000;1404.527;550.139;590.531;20.730;93.533;18.240;0.000;0.000;0.675;1.632;41.346;197.487;199.119;199.119;-5.345;33.236;0.097;0.394;0;0.000;0.000;0.000;2.250;3.889895;5.498861;6.580195;67.544085;7.079609;10.007927;11.975954;122.930234;3.888147;3.610308;6.578871;67.650612;7.076427;6.570760;11.973544;123.124114;3.721539;5.106964;6.435618;67.569590;6.773202;9.294675;11.712824;122.976654;3.720972;3.544298;6.436309;67.656624;6.772169;6.450623;11.714082;123.135056
140;1;1;0.000000;0.000000;1.000000;1419.697680;1419.896156;1419.897549;786857;163653;154012;145806;145806;1823;2332896;100.000;1674.048;559.908;601.022;20.798;94.109;18.530;0.000;0.000;0.698;1.394;50.053;198.476;199.869;199.869;-4.605;34.312;0.978;0.431;0;0.000;0.000;0.000;2.189;3.764729;5.325093;6.388570;65.924440;6.851807;9.691670;11.627197;119.982480;3.763782;3.516192;6.388334;65.956044;6.850082;6.399470;11.626767;120.040000;3.598581;4.927858;6.242879;65.885081;6.549418;8.968702;11.362039;119.910848;3.598274;3.438930;6.244201;65.936820;6.548859;6.258852;11.364446;120.005012
141;1;1;0.000000;0.000000;1.000000;1419.730977;1419.928972;1419.930686;786209;163751;154357;147146;147146;1840;2354336;100.000;1373.098;565.053;606.551;20.828;94.263;18.716;0.000;0.000;0.695;1.715;40.556;197.995;199.709;199.709;-4.801;32.816;0.517;0.436;0;0.000;0.000;0.000;2.228;3.544994;4.910800;6.045795;60.287995;6.451889;8.937657;11.003347;109.724151;3.544277;3.279323;6.045387;60.174880;6.450584;5.968369;11.002604;109.518282;3.398900;4.573907;5.921542;57.490911;6.185997;8.324510;10.777207;104.633459;3.398830;3.219979;5.922280;57.512442;6.185871;5.860363;10.778549;104.672644
142;1;1;0.000000;0.000000;1.000000;1419.764310;1419.962088;1419.963455;785895;163298;155347;147490;147490;1844;2359840;100.000;1726.516;566.374;607.962;20.779;95.131;18.767;0.000;0.000;0.678;1.367;49.635;197.778;199.145;199.145;-5.366;33.116;0.217;0.422;0;0.000;0.000;0.000;2.270;3.537334;4.832944;6.041123;59.549390;6.437948;8.795958;10.994843;108.379890;3.536598;3.263212;6.041895;59.562570;6.436608;5.939045;10.996249;108.403877;3.404261;4.536671;5.930557;59.641801;6.195755;8.256741;10.793614;108.548078;3.403398;3.216335;5.931225;59.617721;6.194185;5.853731;10.794829;108.504252
143;1;1;0.000000;0.000000;1.000000;1419.797619;1419.996499;1419.997874;783109;161136;153355;146146;146146;1827;2338336;100.000;1700.193;561.213;602.418;20.576;95.171;18.662;0.000;0.000;0.705;1.375;51.259;198.880;200.255;200.255;-4.280;34.411;1.078;0.463;0;0.000;0.000;0.000;2.231;3.563669;4.818336;6.093496;57.051815;6.485878;8.769371;11.090163;103.834304;3.563121;3.266732;6.093782;57.004980;6.484880;5.945453;11.090683;103.749064;3.431851;4.524943;5.986088;52.556462;6.245969;8.235396;10.894680;95.652761;3.431190;3.223875;5.986990;52.655456;6.244767;5.867452;10.896322;95.832931
144;1;1;0.000000;0.000000;1.000000;1419.830930;1420.029302;1420.031009;783994;159936;152700;145218;145218;1816;2323488;100.000;1361.366;557.650;598.606;20.400;95.476;18.523;0.000;0.000;0.647;1.707;37.893;198.372;200.079;200.079;-4.479;32.803;0.530;0.468;0;0.000;0.000;0.000;2.239;3.519591;4.787376;6.037436;53.241100;6.405656;8.713024;10.988133;96.898802;3.518942;3.264917;6.039462;53.254564;6.404475;5.942149;10.991821;96.923307;3.394580;4.523824;5.935458;53.184202;6.178135;8.233360;10.802534;96.795247;3.394553;3.223977;5.938127;53.223351;6.178086;5.867638;10.807392;96.866499
145;1;1;0.000000;0.000000;1.000000;1419.864268;1420.062596;1420.063964;785959;159233;151708;144768;144768;1810;2316288;100.000;1693.504;555.922;596.743;20.260;95.274;18.419;0.000;0.000;0.664;1.368;48.512;198.328;199.696;199.696;-4.857;33.294;0.039;0.441;0;0.000;0.000;0.000;2.206;3.468685;4.726844;5.999011;63.410661;6.313007;8.602856;10.918199;115.407403;3.468164;3.287355;6.001885;63.450934;6.312059;5.982986;10.923431;115.480700;3.345840;4.464503;5.898422;63.406292;6.089429;8.125396;10.735129;115.399451;3.345758;3.246480;5.902160;63.433053;6.089280;5.908593;10.741931;115.448156
146;1;1;0.000000;0.000000;1.000000;1419.897720;1420.095088;1420.096765;789030;159772;152938;145716;145716;1822;2331456;100.000;1389.652;559.562;600.654;20.249;95.723;18.468;0.000;0.000;0.688;1.678;41.007;197.368;199.046;199.046;-5.389;32.492;0.842;0.466;0;0.000;0.000;0.000;2.310;3.431464;4.681430;5.910889;56.187993;6.245264;8.520202;10.757818;102.262147;3.431255;3.220860;5.914109;56.252130;6.244884;5.861966;10.763679;102.378877;3.313722;4.441669;5.809600;56.177773;6.030975;8.083838;10.573473;102.243547;3.314625;3.178250;5.815075;56.248734;6.032617;5.784414;10.583437;102.372697
147;1;1;0.000000;0.000000;1.000000;1419.931050;1420.128670;1420.130037;794594;161190;154325;147238;147238;1841;2355808;100.000;1724.491;565.406;606.927;20.286;95.741;18.530;0.000;0.000;0.729;1.366;53.377;197.621;198.987;198.987;-5.451;33.583;0.250;0.452;0;0.000;0.000;0.000;2.225;3.467171;4.696041;5.955021;58.937018;6.310252;8.546795;10.838138;107.265374;3.466051;3.200916;5.957548;58.953757;6.308212;5.825667;10.842738;107.295838;3.354240;4.469353;5.856125;58.938337;6.104717;8.134223;10.658147;107.267774;3.354157;3.157526;5.860688;58.916790;6.104565;5.746697;10.666453;107.228558
148;1;1;0.000000;0.000000;1.000000;1419.964373;1420.162176;1420.163809;797998;160800;154144;146864;146864;1836;2349824;100.000;1438.904;563.970;605.378;20.150;95.861;18.404;0.000;0.000;0.655;1.633;40.106;197.803;199.436;199.436;-5.012;33.506;0.172;0.435;0;0.000;0.000;0.000;2.165;3.479391;4.683796;5.957339;59.164790;6.332492;8.524510;10.842357;107.679918;3.478095;3.171498;5.959613;59.204373;6.330132;5.772126;10.846495;107.751959;3.361387;4.444032;5.852963;48.617331;6.117724;8.088139;10.652392;88.483542;3.360576;3.125001;5.856481;48.557137;6.116249;5.687502;10.658795;88.373989
149;1;1;0.000000;0.000000;1.000000;1419.997655;1420.196085;1420.197506;798639;161813;155104;147738;147738;1847;2363808;100.000;1663.634;567.326;608.982;20.261;95.854;18.499;0.000;0.000;0.753;1.421;52.966;198.430;199.851;199.851;-4.648;33.909;0.576;0.444;0;0.000;0.000;0.000;2.341;3.331602;4.480570;5.774124;53.177706;6.063516;8.154637;10.508906;96.783425;3.329688;3.099896;5.773604;53.222865;6.060032;5.641811;10.507960;96.865615;3.221680;4.262458;5.679526;53.155769;5.863458;7.757673;10.336738;96.743500;3.220908;3.060176;5.680521;53.200257;5.862052;5.569520;10.338549;96.824468
150;1;1;0.000000;0.000000;1.000000;1420.031033;1420.229209;1420.230909;796693;161862;155335;148090;148090;1852;2369440;100.000;1394.255;568.678;610.447;20.317;95.968;18.588;0.000;0.000;0.688;1.699;40.487;198.177;199.876;199.876;-4.579;33.124;0.209;0.429;0;0.000;0.000;0.000;2.231;3.333248;4.503467;5.787658;60.854613;6.066512;8.196309;10.533538;110.755396;3.332549;3.127318;5.790413;61.194519;6.065240;5.691718;10.538551;111.374024;3.221584;4.276433;5.688357;50.420985;5.863282;7.783109;10.352809;91.766192;3.221703;3.082109;5.692700;50.458236;5.863499;5.609439;10.360713;91.833989
151;1;1;0.000000;0.000000;1.000000;1420.064391;1420.262112;1420.263495;794717;182724;160766;147952;147952;1850;2367232;100.000;1711.765;568.148;609.872;22.992;87.983;18.617;0.000;0.000;0.728;1.383;52.647;197.721;199.104;199.104;-5.326;32.903;0.431;0.429;0;0.000;0.000;0.000;2.256;4.845161;7.300936;7.340834;181.279938;8.818193;13.287704;13.360317;329.929487;4.845797;3.915426;7.344074;181.237369;8.819351;7.126075;13.366214;329.852012;4.603687;6.706712;7.114159;127.869684;8.378711;12.206217;12.947770;232.722825;4.604704;3.705724;7.118849;127.918907;8.380562;6.744418;12.956305;232.812411
152;1;1;0.000000;0.000000;1.000000;1420.097662;1420.295978;1420.297683;792861;177426;162397;148152;148152;1852;2370432;100.000;1389.850;568.916;610.685;22.378;91.529;18.686;0.000;0.000;0.699;1.706;40.972;198.316;200.021;200.021;-4.471;33.866;0.532;0.436;0;0.000;0.000;0.000;2.254;4.096408;5.833521;6.593044;83.085977;7.455463;10.617008;11.999340;151.216479;4.096336;3.491899;6.595837;83.177093;7.455332;6.355257;12.004423;151.382309;3.921451;5.453943;6.431436;83.125971;7.137040;9.926176;11.705213;151.289268;3.922012;3.395187;6.435849;83.190437;7.138063;6.179241;11.713246;151.406594
153;1;1;0.000000;0.000000;1.000000;1420.131029;1420.328910;1420.330293;792789;172400;160692;147662;147662;1846;2362592;100.000;1708.443;567.035;608.668;21.746;93.209;18.626;0.000;0.000;0.673;1.383;48.678;197.881;199.264;199.264;-5.195;32.932;0.401;0.433;0;0.000;0.000;0.000;2.241;3.942863;5.734051;6.499202;73.372615;7.176010;10.435972;11.828548;133.538159;3.943530;3.554200;6.504033;73.408689;7.177224;6.468643;11.837341;133.603814;3.750715;5.287291;6.319714;73.390724;6.826302;9.622869;11.501879;133.571118;3.752067;3.444927;6.326314;73.397388;6.828762;6.269768;11.513891;133.583246
154;1;1;0.000000;0.000000;1.000000;1420.164346;1420.363154;1420.364556;792309;170339;159188;147945;147945;1850;2367120;100.000;1687.557;568.121;609.845;21.499;93.454;18.673;0.000;0.000;0.707;1.403;50.369;198.807;200.210;200.210;-4.265;34.243;0.910;0.463;0;0.000;0.000;0.000;2.317;3.814185;5.676864;6.351012;78.452127;6.941818;10.331893;11.558842;142.782871;3.815611;3.535492;6.357141;78.595006;6.944413;6.434595;11.569997;143.042911;3.611106;5.182767;6.162610;73.360992;6.572213;9.432636;11.215951;133.517006;3.614009;3.423618;6.172454;73.443206;6.577496;6.230984;11.233867;133.666636
155;1;1;0.000000;0.000000;1.000000;1420.197734;1420.395869;1420.397583;791925;168591;158413;147762;147762;1848;2364192;100.000;1378.971;567.419;609.097;21.289;93.963;18.659;0.000;0.000;0.672;1.714;39.184;198.135;199.849;199.849;-4.571;32.715;0.618;0.473;0;0.000;0.000;0.000;2.205;3.571498;5.092060;6.090848;64.675885;6.500126;9.267549;11.085344;117.710111;3.571718;3.355592;6.095453;64.637557;6.500526;6.107178;11.093725;117.640353;3.408697;4.715964;5.948988;64.621802;6.203828;8.583054;10.827158;117.611680;3.409908;3.288672;5.955799;64.602501;6.206033;5.985384;10.839553;117.576552
156;1;1;0.000000;0.000000;1.000000;1420.231012;1420.428880;1420.430266;793795;167879;158079;148592;148592;1858;2377472;100.000;1715.331;570.606;612.510;21.149;94.162;18.719;0.000;0.000;0.708;1.386;51.090;197.868;199.254;199.254;-5.222;33.011;0.323;0.463;0;0.000;0.000;0.000;2.272;3.475962;4.822911;5.994930;56.314528;6.326251;8.777698;10.910773;102.492441;3.478452;3.285778;6.003908;56.394410;6.330783;5.980117;10.927113;102.637826;3.326083;4.477052;5.862207;55.442094;6.053471;8.148234;10.669216;100.904611;3.329581;3.221726;5.873478;55.462279;6.059837;5.863541;10.689729;100.941349
157;1;1;0.000000;0.000000;1.000000;1420.264350;1420.462557;1420.464250;793460;166756;157719;148650;148650;1859;2378400;100.000;1404.957;570.828;612.755;21.016;94.581;18.734;0.000;0.000;0.667;1.693;39.399;198.207;199.900;199.900;-4.571;33.677;0.344;0.456;0;0.000;0.000;0.000;2.322;3.297979;4.504582;5.756949;52.515545;6.002323;8.198339;10.477648;95.578291;3.301184;3.154362;5.765076;52.553702;6.008155;5.740939;10.492438;95.647738;3.171164;4.229281;5.650129;48.662321;5.771519;7.697291;10.283234;88.565425;3.175837;3.117801;5.661342;48.721873;5.780024;5.674399;10.303643;88.673810
158;1;1;0.000000;0.000000;1.000000;1420.297721;1420.495303;1420.496655;795527;165007;157250;147554;147554;1845;2360864;100.000;1745.934;566.620;608.231;20.742;95.299;18.548;0.000;0.000;0.687;1.352;50.786;197.582;198.934;198.934;-5.500;32.746;0.588;0.464;0;0.000;0.000;0.000;2.399;3.407387;4.579683;5.953467;70.989197;6.201445;8.335023;10.835310;129.200339;3.409231;3.248583;5.961390;71.049188;6.204800;5.912422;10.849730;129.309521;3.288339;4.322870;5.858482;53.873083;5.984776;7.867624;10.662437;98.049010;3.291236;3.221084;5.867830;54.009735;5.990050;5.862372;10.679451;98.297718
159;1;1;0.000000;0.000000;1.000000;1420.331050;1420.529358;1420.531024;798776;161999;154480;146024;146024;1826;2336384;100.000;1402.198;560.745;601.927;20.281;95.359;18.281;0.000;0.000;0.695;1.666;41.727;198.308;199.975;199.975;-4.463;34.056;0.722;0.480;0;0.000;0.000;0.000;2.242;3.303059;4.438719;5.853125;74.882851;6.011567;8.078469;10.652688;136.286790;3.305822;3.265180;5.862212;74.939676;6.016595;5.942628;10.669226;136.390210;3.186339;4.186856;5.761765;74.836271;5.799137;7.620078;10.486413;136.202014;3.189990;3.246013;5.771895;74.920473;5.805782;5.907744;10.504848;136.355260
160;1;1;0.000000;0.000000;1.000000;1420.364261;1420.562308;1420.563659;799362;158153;151021;143192;143192;1790;2291072;100.000;1696.320;549.870;590.240;19.785;95.490;17.913;0.000;0.000;0.709;1.351;52.486;198.048;199.398;199.398;-5.162;32.950;0.383;0.474;0;0.000;0.000;0.000;2.195;3.423915;4.583674;6.067245;48.244285;6.231525;8.342287;11.042386;87.804598;3.425971;3.377604;6.075818;48.266431;6.235268;6.147239;11.057988;87.844904;3.310764;4.342851;5.978924;48.279425;6.025591;7.903990;10.881642;87.868554;3.313670;3.355043;5.987923;48.281932;6.030879;6.106178;10.898020;87.873116
161;1;1;0.000000;0.000000;1.000000;1420.397681;1420.595714;1420.597392;789777;156114;149118;141480;141480;1769;2263680;100.000;1348.425;543.296;583.192;19.767;95.519;17.914;0.000;0.000;0.772;1.679;45.996;198.032;199.711;199.711;-4.762;33.405;0.072;0.449;0;0.000;0.000;0.000;2.146;3.451308;4.606324;6.024037;48.050645;6.281380;8.383510;10.963748;87.452173;3.452924;3.248170;6.031474;47.914158;6.284322;5.911670;10.977282;87.203768;3.339791;4.373584;5.932310;46.213362;6.078419;7.959923;10.796804;84.108318;3.342314;3.215850;5.941154;46.301610;6.083011;5.852847;10.812901;84.268931
162;1;1;0.000000;0.000000;1.000000;1420.431014;1420.628695;1420.629991;790930;154224;147472;139820;139820;1748;2237120;100.000;1725.522;536.921;576.344;19.499;95.622;17.678;0.000;0.000;0.684;1.297;52.764;197.681;198.978;198.978;-5.496;32.981;0.352;0.443;0;0.000;0.000;0.000;2.211;3.352424;4.506955;5.928310;54.405327;6.101412;8.202658;10.789524;99.017695;3.354832;3.255833;5.939333;54.822291;6.105794;5.925617;10.809587;99.776569;3.243572;4.270599;5.841029;50.159140;5.903301;7.772491;10.630673;91.289636;3.247474;3.228672;5.854303;50.140823;5.910403;5.876184;10.654831;91.256298
163;1;1;0.000000;0.000000;1.000000;1420.464339;1420.672155;1420.674098;793734;152207;145442;138532;138532;1732;2216512;100.000;1141.114;531.975;571.037;19.176;95.555;17.453;0.000;0.000;1.343;1.942;69.131;207.816;209.759;209.759;5.277;43.460;10.127;1.048;0;0.000;0.000;0.000;13.412;3.426604;4.591047;6.090782;59.427294;6.236420;8.355706;11.085224;108.157675;3.427881;3.366518;6.098666;59.341638;6.238744;6.127064;11.099572;108.001781;3.312465;4.337791;5.996409;46.952934;6.028686;7.894779;10.913464;85.454341;3.315058;3.330514;6.006296;46.971524;6.033405;6.061535;10.931458;85.488173
164;1;1;0.000000;0.000000;1.000000;1420.497707;1420.698212;1420.702967;792883;151597;145064;138018;138018;1726;2208288;100.000;464.377;530.002;568.928;19.120;95.691;17.407;0.000;0.000;4.193;4.755;88.162;200.504;205.260;205.260;0.813;26.057;7.277;1.438;0;0.000;0.000;0.000;14.718;3.440218;4.633079;6.089895;52.630693;6.261196;8.432204;11.083610;95.787861;3.441540;3.360034;6.096199;52.568373;6.263603;6.115261;11.095083;95.674440;3.325850;4.379887;5.989699;49.113041;6.053047;7.971395;10.901251;89.385734;3.328761;3.316011;5.998282;49.319603;6.058345;6.035139;10.916873;89.761678
165;1;1;0.000000;0.000000;1.000000;1420.531071;1420.738481;1420.744255;791299;151249;144790;138142;138142;1727;2210272;100.000;382.849;530.478;569.426;19.114;95.730;17.458;0.000;0.000;5.191;5.773;89.916;207.410;213.184;213.184;8.767;40.269;6.936;1.781;0;0.000;0.000;0.000;9.797;3.438409;4.689991;6.033655;59.768802;6.257905;8.535783;10.981251;108.779220;3.438019;3.289735;6.035614;59.821998;6.257195;5.987317;10.984818;108.876036;3.321821;4.434574;5.931020;59.799216;6.045715;8.070925;10.794456;108.834574;3.322713;3.242194;5.934876;59.860102;6.047337;5.900794;10.801475;108.945385
166;1;1;0.000000;0.000000;1.000000;1420.564342;1420.776353;1420.778200;789485;172621;150718;138460;138460;1731;2215360;100.000;1199.764;531.699;570.738;21.865;87.312;17.538;0.000;0.000;1.260;1.847;68.215;212.011;213.858;213.858;9.378;37.872;4.538;1.954;0;0.000;0.000;0.000;14.110;4.880033;7.301763;7.474152;295.665919;8.881660;13.289209;13.602957;538.111972;4.878636;3.944605;7.473062;295.842681;8.879117;7.179180;13.600972;538.433679;4.642181;6.698488;7.252119;198.202557;8.448770;12.191248;13.198856;360.728654;4.641452;3.742118;7.252353;198.349052;8.447442;6.810655;13.199282;360.995275
167;1;1;0.000000;0.000000;1.000000;1420.597676;1420.806569;1420.811447;789977;165456;151144;138716;138716;1734;2219456;100.000;454.976;532.682;571.788;20.944;91.350;17.559;0.000;0.000;1.290;4.878;26.447;208.893;213.771;213.771;9.293;30.216;3.118;2.026;0;0.000;0.000;0.000;11.698;4.232205;5.845505;6.893008;67.501933;7.702612;10.638818;12.545275;122.853519;4.231635;3.588482;6.894288;67.495436;7.701576;6.531038;12.547605;122.841694;4.079129;5.532592;6.756168;64.068493;7.424014;10.069317;12.296226;116.604657;4.079801;3.517983;6.759892;64.132377;7.425237;6.402730;12.303003;116.720927
168;1;1;0.000000;0.000000;1.000000;1420.631060;1420.845500;1420.846983;791598;164403;152065;139622;139622;1746;2233952;100.000;1506.251;536.161;575.538;20.768;92.495;17.638;0.000;0.000;1.001;1.483;67.500;214.440;215.923;215.923;11.495;38.931;5.598;2.250;0;0.000;0.000;0.000;15.553;3.993308;5.666895;6.640880;75.735848;7.267821;10.313749;12.086401;137.839243;3.994007;3.565219;6.645157;75.758379;7.269093;6.488699;12.094185;137.880249;3.822328;5.280543;6.486683;65.221897;6.956637;9.610588;11.805762;118.703852;3.824125;3.481056;6.492637;65.255354;6.959907;6.335523;11.816599;118.764745
169;1;1;0.000000;0.000000;1.000000;1420.664249;1420.876572;1420.878471;795034;164427;153112;139918;139918;1749;2238688;100.000;1178.695;537.298;576.743;20.682;93.119;17.599;0.000;0.000;1.277;1.899;67.221;212.322;214.222;214.222;9.650;31.072;2.261;2.250;0;0.000;0.000;0.000;18.233;3.771872;5.379583;6.459226;66.385499;6.864808;9.790841;11.755792;120.821608;3.770933;3.571416;6.461718;66.454575;6.863098;6.499978;11.760326;120.947327;3.603328;4.984037;6.307580;61.722066;6.558056;9.070948;11.479796;112.334160;3.603993;3.493026;6.312402;61.808573;6.559268;6.357307;11.488571;112.491603
170;1;1;0.000000;0.000000;1.000000;1420.697252;1420.905735;1420.915278;794863;162948;152059;140286;140286;1754;2244576;100.000;235.200;538.711;578.268;20.500;93.318;17.649;0.000;0.000;5.657;9.543;59.279;208.482;218.026;218.026;13.124;29.163;4.171;2.370;0;0.000;0.000;0.000;14.533;3.601680;5.050064;6.234069;58.358818;6.555058;9.191116;11.346006;106.213049;3.600360;3.427686;6.235290;58.533159;6.552655;6.238388;11.348228;106.530350;3.448404;4.700293;6.097729;55.109825;6.276095;8.554533;11.097868;100.299882;3.448172;3.362775;6.101329;55.025861;6.275673;6.120250;11.104418;100.147068
171;1;1;0.000000;0.000000;1.000000;1420.730646;1420.941697;1420.943645;794885;162709;152403;141226;141226;1766;2259616;100.000;1160.371;542.320;582.149;20.470;93.666;17.767;0.000;0.000;1.314;1.947;67.467;211.052;212.999;212.999;8.157;35.963;2.629;2.387;0;0.000;0.000;0.000;11.947;3.449878;4.836374;6.054247;69.114501;6.278778;8.802201;11.018729;125.788391;3.449603;3.406102;6.056140;69.225413;6.278277;6.199105;11.022175;125.990251;3.305575;4.522465;5.932536;69.159776;6.016147;8.230886;10.797216;125.870792;3.306162;3.369789;5.936153;69.252292;6.017216;6.133015;10.803798;126.039171
172;1;1;0.000000;0.000000;1.000000;1420.764497;1420.970804;1420.980721;788905;160424;150770;141276;141276;1766;2260416;100.000;227.925;542.512;582.341;20.335;93.982;17.908;0.000;0.000;9.100;9.918;91.754;206.306;216.224;216.224;11.900;29.106;4.227;2.502;0;0.000;0.000;0.000;14.099;3.500534;4.788483;6.100489;64.871570;6.370971;8.715039;11.102890;118.066257;3.500182;3.323162;6.102982;64.714997;6.370331;6.048155;11.107427;117.781294;3.366374;4.489857;5.991368;64.814914;6.126800;8.171540;10.904290;117.963144;3.366899;3.286925;5.994998;64.690201;6.127756;5.982203;10.910897;117.736165
173;1;1;0.000000;0.000000;1.000000;1420.798371;1421.001836;1421.004122;787376;157811;149028;140380;140380;1755;2246080;100.000;982.415;539.072;578.652;20.043;94.434;17.829;0.000;0.000;1.299;2.286;56.811;203.465;205.752;205.752;1.968;31.032;2.301;2.489;0;0.000;0.000;0.000;9.108;3.314584;4.523207;5.840411;57.698864;6.032542;8.232236;10.629548;105.011932;3.315009;3.229748;5.845345;57.938356;6.033316;5.878142;10.638528;105.447808;3.192051;4.262385;5.740345;54.086253;5.809534;7.757541;10.447429;98.436980;3.193570;3.199589;5.746957;54.090496;5.812298;5.823252;10.459462;98.444703
174;1;1;0.000000;0.000000;1.000000;1420.831473;1421.032968;1421.034459;791921;155980;148366;138596;138596;1733;2217536;100.000;1487.572;532.221;571.305;19.696;95.119;17.501;0.000;0.000;0.690;1.491;46.257;201.495;202.986;202.986;-1.029;31.132;2.201;2.471;0;0.000;0.000;0.000;2.440;3.399835;4.624366;6.075016;51.522776;6.187700;8.416346;11.056530;93.771452;3.400180;3.497037;6.080420;51.624554;6.188327;6.364607;11.066364;93.956689;3.269951;4.351418;5.972302;51.526537;5.951311;7.919581;10.869590;93.778297;3.271548;3.483756;5.979094;51.632812;5.954217;6.340436;10.881950;93.971717
175;1;1;0.000000;0.000000;1.000000;1420.865006;1421.064808;1421.066386;785044;153740;146235;137098;137098;1714;2193568;100.000;1390.101;526.469;565.124;19.584;95.118;17.464;0.000;0.000;0.619;1.578;39.228;199.802;201.380;201.380;-2.435;31.840;1.493;2.410;0;0.000;0.000;0.000;2.373;3.518858;4.790996;6.193333;58.783745;6.404322;8.719613;11.271867;106.986415;3.519995;3.448825;6.199683;58.807255;6.406392;6.276861;11.283423;107.029204;3.381077;4.493500;6.077346;58.797478;6.153560;8.178171;11.060771;107.011410;3.383022;3.413677;6.085091;58.853579;6.157100;6.212892;11.074865;107.113514
176;1;1;0.000000;0.000000;1.000000;1420.898308;1421.096857;1421.098163;785759;152525;145371;136788;136788;1710;2188608;100.000;1675.715;525.278;563.844;19.411;95.310;17.408;0.000;0.000;0.764;1.306;58.480;198.549;199.855;199.855;-3.991;32.049;1.285;2.340;0;0.000;0.000;0.000;2.047;3.404388;4.642881;6.039569;60.119488;6.195986;8.450043;10.992016;109.417468;3.405846;3.412213;6.047416;60.131161;6.198640;6.210227;11.006298;109.438713;3.269834;4.352013;5.921805;60.140067;5.951097;7.920663;10.777684;109.454921;3.272535;3.369384;5.931484;60.167342;5.956014;6.132279;10.795302;109.504562
177;1;1;0.000000;0.000000;1.000000;1420.931307;1421.129492;1421.131145;782963;152203;145274;136884;136884;1712;2190144;100.000;1324.999;525.647;564.257;19.439;95.448;17.483;0.000;0.000;0.679;1.653;41.104;198.185;199.838;199.838;-4.343;32.635;0.698;2.237;0;0.000;0.000;0.000;2.177;3.525878;4.754106;6.183924;62.589178;6.417099;8.652474;11.254741;113.912304;3.527531;3.364726;6.192942;62.742547;6.420106;6.123802;11.271155;114.191435;3.393676;4.469016;6.073501;58.920614;6.176491;8.133609;11.053772;107.235517;3.396509;3.330042;6.083995;58.959891;6.181647;6.060676;11.072871;107.307002
178;1;1;0.000000;0.000000;1.000000;1420.964339;1421.163372;1421.164667;783666;153164;146328;138258;138258;1729;2212128;100.000;1707.857;530.923;569.917;19.545;95.537;17.642;0.000;0.000;0.667;1.295;51.510;199.033;200.328;200.328;-4.154;33.880;0.547;2.131;0;0.000;0.000;0.000;2.103;3.397852;4.584954;5.954533;52.366981;6.184090;8.344617;10.837251;95.307906;3.400212;3.234930;5.962964;52.503790;6.188385;5.887572;10.852595;95.556898;3.271738;4.313390;5.848710;52.347290;5.954563;7.850369;10.644652;95.272067;3.275160;3.201753;5.858702;52.485551;5.960792;5.827191;10.662837;95.523704
179;1;1;0.000000;0.000000;1.000000;1420.997665;1421.197389;1421.198704;786714;153047;146303;138600;138600;1733;2217600;100.000;1686.553;532.236;571.320;19.454;95.594;17.618;0.000;0.000;0.652;1.315;49.619;199.724;201.039;201.039;-3.450;34.017;0.684;2.041;0;0.000;0.000;0.000;2.108;3.461510;4.630076;6.088920;61.932266;6.299948;8.426738;11.081835;112.716725;3.462893;3.348695;6.095135;62.018294;6.302464;6.094626;11.093146;112.873296;3.344073;4.378670;5.996976;55.324395;6.086213;7.969179;10.914496;100.690400;3.346558;3.331311;6.004791;54.965303;6.090736;6.062985;10.928720;100.036852
180;1;1;0.000000;0.000000;1.000000;1421.030708;1421.230366;1421.231975;787583;153545;146787;139086;139086;1739;2225376;100.000;1383.020;534.103;573.322;19.496;95.599;17.660;0.000;0.000;0.608;1.609;37.781;199.658;201.267;201.267;-3.513;32.976;0.357;1.936;0;0.000;0.000;0.000;2.257;3.410754;4.567454;6.027458;61.638460;6.207572;8.312766;10.969974;112.181996;3.411446;3.326608;6.032232;61.649981;6.208832;6.054427;10.978663;112.202965;3.295817;4.321852;5.933294;48.208308;5.998387;7.865771;10.798594;87.739120;3.297389;3.300023;5.939461;48.205629;6.001249;6.006042;10.809820;87.734244
181;1;1;0.000000;0.000000;1.000000;1421.063824;1421.262526;1421.263864;793719;175008;151952;139098;139098;1739;2225568;100.000;1663.935;534.149;573.368;22.049;86.826;17.525;0.000;0.000;0.645;1.338;48.254;198.702;200.040;200.040;-4.957;32.161;1.173;1.888;0;0.000;0.000;0.000;2.114;4.842876;7.348131;7.462193;292.782900;8.814034;13.373598;13.581191;532.864879;4.843006;4.028563;7.464483;292.759216;8.814271;7.331984;13.585359;532.821772;4.592349;6.726524;7.225742;143.551041;8.358076;12.242274;13.150850;261.262895;4.592485;3.823369;7.228352;143.510463;8.358323;6.958531;13.155602;261.189042
182;1;1;0.000000;0.000000;1.000000;1421.097289;1421.295804;1421.297450;792329;166843;152102;139598;139598;1745;2233568;100.000;1356.515;536.069;575.424;21.057;91.165;17.619;0.000;0.000;0.686;1.647;41.636;198.515;200.162;200.162;-4.704;33.277;0.056;1.773;0;0.000;0.000;0.000;2.078;4.029605;5.759976;6.636005;68.666248;7.333881;10.483157;12.077529;124.972571;4.029926;3.611534;6.640206;68.682419;7.334466;6.572991;12.085175;125.002002;3.861500;5.384617;6.481508;64.269710;7.027930;9.800003;11.796344;116.970872;3.862651;3.524142;6.487123;64.219925;7.030025;6.413938;11.806565;116.880264
183;1;1;0.000000;0.000000;1.000000;1421.130969;1421.330497;1421.332018;801464;166450;153241;141888;141888;1774;2270208;100.000;1492.721;544.862;584.871;20.768;92.064;17.704;0.000;0.000;1.042;1.521;68.500;199.528;201.049;201.049;-3.470;34.693;1.360;1.748;0;0.000;0.000;0.000;15.569;3.939157;5.777451;6.615713;71.227202;7.169266;10.514962;12.040598;129.633507;3.939601;3.720163;6.620347;71.112347;7.170074;6.770697;12.049031;129.424471;3.756390;5.331006;6.446680;65.057728;6.836629;9.702432;11.732958;118.405065;3.757737;3.620237;6.453224;65.213585;6.839082;6.588832;11.744868;118.688725
184;1;1;0.000000;0.000000;1.000000;1421.164123;1421.363277;1421.364920;796948;166744;155126;145036;145036;1813;2320576;100.000;1412.612;556.951;597.840;20.923;93.032;18.199;0.000;0.000;0.676;1.643;41.121;199.154;200.797;200.797;-3.901;32.781;0.553;1.673;0;0.000;0.000;0.000;15.304;3.697526;5.574405;6.218007;71.204476;6.729497;10.145417;11.316773;129.592146;3.696861;3.501414;6.219652;71.079206;6.728287;6.372573;11.319767;129.364156;3.509769;5.102360;6.044987;71.192746;6.387780;9.286296;11.001876;129.570798;3.509510;3.391219;6.047071;71.068626;6.387309;6.172018;11.005668;129.344900
185;1;1;0.000000;0.000000;1.000000;1421.197151;1421.396432;1421.397844;802598;167116;156898;147102;147102;1839;2353632;100.000;1666.846;564.884;606.360;20.822;93.886;18.328;0.000;0.000;0.728;1.412;51.524;199.281;200.693;200.693;-4.310;33.155;0.179;1.580;0;0.000;0.000;0.000;2.190;3.579139;5.137643;6.142714;68.995150;6.514033;9.350510;11.179739;125.571172;3.579102;3.446910;6.145507;69.131144;6.513965;6.273376;11.184822;125.818682;3.423340;4.775418;5.998834;68.973827;6.230479;8.691261;10.917879;125.532366;3.423745;3.367246;6.002103;69.119669;6.231216;6.128387;10.923828;125.797797
186;1;1;0.000000;0.000000;1.000000;1421.230516;1421.459763;1421.460877;797039;168462;158756;149128;149128;1865;2386048;100.000;2142.706;572.664;614.726;21.136;94.238;18.710;0.000;0.000;0.734;1.114;65.949;229.247;230.360;230.360;25.389;63.331;29.998;3.356;0;0.000;0.000;0.000;5.716;3.393548;4.770252;5.874566;73.053255;6.176257;8.681858;10.691711;132.956925;3.392757;3.256188;5.875650;73.406471;6.174818;5.926262;10.693683;133.599778;3.257570;4.458282;5.751556;73.093222;5.928778;8.114073;10.467831;133.029664;3.257046;3.189694;5.753254;73.411072;5.927823;5.805243;10.470923;133.608151
187;1;1;0.000000;0.000000;1.000000;1421.264362;1421.467468;1421.491658;797511;167456;158704;148974;148974;1863;2383584;100.000;98.537;572.073;614.089;20.997;94.774;18.680;0.000;0.000;0.885;24.190;3.660;203.106;227.297;227.297;22.837;7.705;25.628;4.748;0;0.000;0.000;0.000;2.019;3.316802;4.592523;5.772319;58.929908;6.036579;8.358392;10.505620;107.252432;3.316576;3.198487;5.774657;58.921895;6.036167;5.821247;10.509876;107.237850;3.189128;4.306576;5.661670;56.627786;5.804212;7.837968;10.304239;103.062571;3.189368;3.145947;5.663978;56.875406;5.804650;5.725623;10.308440;103.513240
188;1;1;0.000000;0.000000;1.000000;1421.297665;1421.498912;1421.500282;794879;165697;157975;147856;147856;1849;2365696;100.000;1726.692;567.780;609.480;20.846;95.340;18.601;0.000;0.000;0.702;1.370;51.240;201.248;202.618;202.618;-1.872;31.444;1.889;4.569;0;0.000;0.000;0.000;2.697;3.281213;4.477287;5.734257;51.871625;5.971808;8.148663;10.436348;94.406358;3.282584;3.154232;5.740857;51.891586;5.974302;5.740702;10.448360;94.442687;3.166840;4.232902;5.632869;51.820204;5.763649;7.703881;10.251822;94.312771;3.169037;3.108073;5.640781;51.894018;5.767646;5.656693;10.266221;94.447112
189;1;1;0.000000;0.000000;1.000000;1421.330870;1421.530491;1421.532166;793590;164103;156521;145718;145718;1822;2331488;100.000;1392.113;559.570;600.661;20.679;95.380;18.362;0.000;0.000;0.645;1.675;38.495;199.621;201.296;201.296;-3.322;31.578;1.755;4.393;0;0.000;0.000;0.000;2.596;3.442252;4.617090;6.022110;58.005853;6.264898;8.403104;10.960240;105.570652;3.442757;3.324382;6.025810;58.012044;6.265818;6.050376;10.966974;105.581920;3.326602;4.376439;5.921999;57.978813;6.054416;7.965118;10.778038;105.521440;3.327473;3.283455;5.926060;57.999107;6.056001;5.975889;10.785429;105.558375
190;1;1;0.000000;0.000000;1.000000;1421.364237;1421.563041;1421.564379;788938;160422;153391;143848;143848;1799;2301568;100.000;1719.919;552.389;592.962;20.334;95.617;18.233;0.000;0.000;0.699;1.338;52.242;198.805;200.143;200.143;-4.442;32.550;0.783;4.168;0;0.000;0.000;0.000;2.162;3.349654;4.539630;5.846644;54.010812;6.096370;8.262127;10.640892;98.299678;3.350591;3.193149;5.851134;54.256985;6.098076;5.811531;10.649063;98.747713;3.228417;4.289866;5.739411;53.971408;5.875718;7.807557;10.445727;98.227963;3.230109;3.148080;5.744553;54.239036;5.878799;5.729505;10.455087;98.715045
191;1;1;0.000000;0.000000;1.000000;1421.397627;1421.595778;1421.597435;784846;158703;151772;142800;142800;1785;2284800;100.000;1378.939;548.364;588.622;20.221;95.633;18.195;0.000;0.000;0.655;1.657;39.544;198.151;199.808;199.808;-4.719;32.737;0.596;3.944;0;0.000;0.000;0.000;2.317;3.457780;4.637141;5.994428;67.043630;6.293159;8.439597;10.909859;122.019406;3.458368;3.219554;5.998672;67.107423;6.294230;5.859589;10.917583;122.135509;3.334652;4.382492;5.884399;67.000130;6.069066;7.976136;10.709606;121.940236;3.335513;3.169100;5.888422;67.074812;6.070634;5.767762;10.716927;122.076158
192;1;1;0.000000;0.000000;1.000000;1421.430349;1421.629574;1421.630932;788004;157942;151529;142404;142404;1781;2278464;100.000;1677.600;546.844;587.011;20.043;95.940;18.071;0.000;0.000;0.667;1.358;49.108;199.225;200.584;200.584;-4.556;33.796;0.462;3.727;0;0.000;0.000;0.000;2.279;3.420409;4.667583;5.945112;51.566916;6.225144;8.495000;10.820103;93.851788;3.420918;3.238309;5.950753;51.733063;6.226071;5.893723;10.830370;94.154175;3.299655;4.411381;5.840749;46.668229;6.005371;8.028713;10.630164;84.936177;3.300755;3.194337;5.846918;46.715211;6.007375;5.813693;10.641390;85.021684
193;1;1;0.000000;0.000000;1.000000;1421.464227;1421.662721;1421.664395;795964;157634;151329;142560;142560;1782;2280960;100.000;1362.245;547.443;587.632;19.804;96.000;17.910;0.000;0.000;0.684;1.674;40.828;198.494;200.168;200.168;-4.426;33.147;0.187;3.505;0;0.000;0.000;0.000;2.284;3.287662;4.488093;5.806201;50.509321;5.983546;8.168329;10.567286;91.926965;3.288326;3.239732;5.811338;50.454527;5.984754;5.896312;10.576636;91.827238;3.167506;4.232359;5.698704;47.815609;5.764861;7.702894;10.371641;87.024407;3.169080;3.195046;5.705251;48.076154;5.767726;5.814984;10.383557;87.498599
194;1;1;0.000000;0.000000;1.000000;1421.497308;1421.696942;1421.698295;799207;157879;151474;143286;143286;1792;2292576;100.000;1693.856;550.231;590.646;19.754;95.943;17.929;0.000;0.000;0.669;1.353;49.395;199.634;200.988;200.988;-3.859;34.221;0.888;3.342;0;0.000;0.000;0.000;2.208;3.360583;4.535700;5.973594;51.121572;6.116262;8.254974;10.871941;93.041261;3.360781;3.388764;5.978651;51.150285;6.116621;6.167550;10.881146;93.093518;3.240040;4.277850;5.867162;50.957026;5.896874;7.785686;10.678235;92.741788;3.241343;3.346920;5.873604;51.182437;5.899244;6.091394;10.689959;93.152035
195;1;1;0.000000;0.000000;1.000000;1421.530443;1421.730680;1421.732051;799402;158743;152427;144392;144392;1805;2310272;100.000;1685.240;554.478;595.186;19.858;96.021;18.063;0.000;0.000;0.674;1.371;49.165;200.237;201.607;201.607;-3.437;33.738;0.405;3.158;0;0.000;0.000;0.000;2.524;3.293937;4.485623;5.883949;51.993497;5.994965;8.163833;10.708787;94.628165;3.295138;3.393197;5.889764;52.006640;5.997152;6.175618;10.719371;94.652085;3.175847;4.241991;5.778407;52.018612;5.780042;7.720423;10.516701;94.673873;3.178003;3.351181;5.785204;52.029929;5.783965;6.099150;10.529072;94.694470
196;1;1;0.000000;0.000000;1.000000;1421.564430;1421.763285;1421.764972;800483;179847;157023;145043;145043;1814;2320688;100.000;1375.746;556.978;597.889;22.467;87.309;18.119;0.000;0.000;0.644;1.687;38.175;198.855;200.542;200.542;-3.849;32.605;0.728;3.006;0;0.000;0.000;0.000;2.245;4.892058;7.320448;7.526280;192.601348;8.903546;13.323215;13.697830;350.534454;4.891268;4.095239;7.529412;192.670247;8.902108;7.453335;13.703529;350.659850;4.655634;6.733178;7.303317;149.430272;8.473253;12.254384;13.292036;271.963094;4.655652;3.887938;7.308083;149.341083;8.473287;7.076046;13.300711;271.800771
197;1;1;0.000000;0.000000;1.000000;1421.597687;1421.796016;1421.797396;798336;172933;158078;145944;145944;1825;2335104;100.000;1692.566;560.437;601.597;21.662;91.410;18.281;0.000;0.000;0.703;1.380;50.943;198.330;199.709;199.709;-4.758;32.731;0.602;2.856;0;0.000;0.000;0.000;2.254;4.178978;5.896019;6.792980;67.502038;7.605740;10.730755;12.363224;122.853710;4.179126;3.690505;6.798361;67.544717;7.606010;6.716718;12.373017;122.931385;4.012560;5.542984;6.641965;57.383146;7.302860;10.088231;12.088377;104.437326;4.013861;3.607292;6.648689;57.349530;7.305227;6.565271;12.100614;104.376144
198;1;1;0.000000;0.000000;1.000000;1421.631066;1421.829378;1421.831118;798454;170535;157729;146568;146568;1833;2345088;100.000;1348.411;562.834;604.174;21.358;92.491;18.356;0.000;0.000;0.689;1.739;39.591;198.313;200.052;200.052;-4.370;33.362;0.029;2.679;0;0.000;0.000;0.000;2.570;3.796158;5.603389;6.312216;83.033673;6.909008;10.198168;11.488233;151.121285;3.796678;3.517917;6.315645;83.078340;6.909954;6.402608;11.494473;151.202580;3.609647;5.160983;6.136095;64.860512;6.569558;9.392988;11.167692;118.046131;3.611149;3.409895;6.140407;64.989549;6.572291;6.206009;11.175541;118.280980
199;1;1;0.000000;0.000000;1.000000;1421.664387;1421.863091;1421.864493;800770;169411;157737;147434;147434;1843;2358944;100.000;1683.367;566.159;607.725;21.156;93.109;18.412;0.000;0.000;0.692;1.401;49.392;198.704;200.105;200.105;-4.328;33.713;0.379;2.536;0;0.000;0.000;0.000;2.298;3.828944;5.636432;6.422409;88.643832;6.968677;10.258307;11.688784;161.331774;3.829204;3.607169;6.426032;88.883308;6.969152;6.565047;11.695378;161.767621;3.643802;5.179680;6.247833;88.525343;6.631719;9.427018;11.371057;161.116124;3.644519;3.496898;6.252467;88.864512;6.633024;6.364354;11.379490;161.733412
200;1;1;0.000000;0.000000;1.000000;1421.697230;1421.896649;1421.898339;802378;169789;159480;148866;148866;1861;2381856;100.000;1409.421;571.658;613.630;21.161;93.928;18.553;0.000;0.000;0.677;1.690;40.045;199.419;201.109;201.109;-3.816;33.558;0.224;2.391;0;0.000;0.000;0.000;2.335;3.640204;5.193679;6.227533;65.142432;6.625171;9.452496;11.334110;118.559226;3.639397;3.533670;6.229142;65.118574;6.623702;6.431279;11.337039;118.515805;3.480818;4.831701;6.079064;61.815492;6.335089;8.793695;11.063896;112.504196;3.480443;3.452591;6.080618;61.927369;6.334406;6.283715;11.066724;112.707811
201;1;1;0.000000;0.000000;1.000000;1421.730480;1421.929718;1421.931147;805285;169807;160068;150350;150350;1880;2405600;100.000;1683.571;577.356;619.757;21.087;94.265;18.670;0.000;0.000;0.719;1.429;50.286;199.239;200.668;200.668;-4.341;33.069;0.264;2.258;0;0.000;0.000;0.000;2.313;3.435779;4.806093;6.004842;61.574466;6.253118;8.747089;10.928813;112.065529;3.434581;3.456120;6.004914;61.510230;6.250937;6.290139;10.928943;111.948618;3.293919;4.491487;5.874367;61.556018;5.994932;8.174507;10.691348;112.031953;3.293056;3.392409;5.874424;61.493676;5.993362;6.174184;10.691452;111.918491
202;1;1;0.000000;0.000000;1.000000;1421.763842;1421.962647;1421.964401;803318;170760;161686;152012;152012;1901;2432192;100.000;1386.862;583.739;626.613;21.257;94.686;18.923;0.000;0.000;0.682;1.754;38.878;198.805;200.559;200.559;-4.420;32.929;0.404;2.142;0;0.000;0.000;0.000;2.540;3.371117;4.601968;5.928949;54.668491;6.135434;8.375582;10.790688;99.496654;3.370663;3.354647;5.931552;54.591708;6.134607;6.105458;10.795424;99.356909;3.243826;4.328485;5.814397;54.626241;5.903764;7.877843;10.582203;99.419759;3.243794;3.303746;5.817684;54.576718;5.903705;6.012818;10.588186;99.329627
203;1;1;0.000000;0.000000;1.000000;1421.797850;1421.996649;1421.998072;802036;170954;162526;152816;152816;1911;2445056;100.000;1718.570;586.826;629.926;21.315;95.070;19.054;0.000;0.000;0.729;1.423;51.245;198.800;200.222;200.222;-4.083;34.002;0.669;2.050;0;0.000;0.000;0.000;2.579;3.174471;4.387383;5.598088;56.990003;5.777537;7.985037;10.188521;103.721806;3.174315;3.147502;5.601056;57.038977;5.777253;5.728454;10.193921;103.810938;3.049161;4.121922;5.486244;57.033240;5.549472;7.501899;9.984963;103.800497;3.049699;3.096854;5.489809;57.038745;5.550453;5.636274;9.991453;103.810516
204;1;1;0.000000;0.000000;1.000000;1421.831113;1422.029768;1422.031601;810228;170036;162381;152942;152942;1912;2447072;100.000;1334.708;587.310;630.432;20.986;95.498;18.876;0.000;0.000;1.297;1.833;70.760;198.655;200.488;200.488;-3.886;33.119;0.214;1.936;0;0.000;0.000;0.000;2.339;3.258570;4.422694;5.798449;67.446010;5.930597;8.049303;10.553177;122.751738;3.258641;3.303442;5.802257;67.590607;5.930727;6.012265;10.560108;123.014905;3.144545;4.173740;5.701336;67.341105;5.723071;7.596207;10.376432;122.560810;3.145058;3.263976;5.705256;67.531390;5.724006;5.940437;10.383567;122.907130
205;1;1;0.000000;0.000000;1.000000;1421.864393;1422.063003;1422.064454;808185;169057;161565;152382;152382;1905;2438112;100.000;1680.871;585.159;628.124;20.918;95.568;18.855;0.000;0.000;0.801;1.451;55.207;198.610;200.061;200.061;-4.367;33.235;0.098;1.821;0;0.000;0.000;0.000;2.987;3.209916;4.336449;5.726818;51.031524;5.842047;7.892337;10.422809;92.877373;3.209549;3.264593;5.729001;51.086403;5.841379;5.941558;10.426783;92.977254;3.098756;4.100255;5.628078;51.059045;5.639737;7.462463;10.243102;92.927462;3.098700;3.221934;5.630415;51.100270;5.639635;5.863919;10.247356;93.002491
206;1;1;0.000000;0.000000;1.000000;1421.897494;1422.095964;1422.097772;815223;166275;158971;150790;150790;1885;2412640;100.000;1334.594;579.046;621.559;20.396;95.607;18.497;0.000;0.000;0.779;1.808;43.117;198.471;200.278;200.278;-4.382;32.961;0.372;1.730;0;0.000;0.000;0.000;2.756;3.245047;4.374269;5.903973;54.411654;5.905985;7.961170;10.745231;99.029210;3.245046;3.559149;5.906991;54.469266;5.905984;6.477652;10.750724;99.134064;3.130577;4.130716;5.804182;54.407762;5.697650;7.517903;10.563612;99.022126;3.131107;3.523744;5.807581;54.435995;5.698614;6.413214;10.569798;99.073511
207;1;1;0.000000;0.000000;1.000000;1421.931070;1422.129485;1422.130884;799426;164084;157321;149044;149044;1864;2384704;100.000;1703.792;572.341;614.381;20.525;95.878;18.644;0.000;0.000;0.752;1.400;53.739;198.414;199.814;199.814;-4.604;33.520;0.187;1.634;0;0.000;0.000;0.000;2.259;3.292787;4.460519;5.819857;75.943656;5.992873;8.118144;10.592140;138.217455;3.293563;3.280944;5.825279;76.040439;5.994285;5.971319;10.602008;138.393599;3.184612;4.237624;5.725478;60.131425;5.795994;7.712476;10.420371;109.439194;3.185432;3.242750;5.730589;60.180340;5.797487;5.901805;10.429672;109.528219
208;1;1;0.000000;0.000000;1.000000;1421.964364;1422.162833;1422.164243;790320;161864;155106;147638;147638;1846;2362208;100.000;1675.876;566.942;608.576;20.481;95.825;18.681;0.000;0.000;0.706;1.410;50.078;198.469;199.879;199.879;-4.578;33.349;0.015;1.533;0;0.000;0.000;0.000;2.412;3.455298;4.581075;6.000686;49.752153;6.288643;8.337557;10.921249;90.548919;3.455883;3.243073;6.008777;49.886730;6.289707;5.902393;10.935975;90.793848;3.348296;4.371852;5.906623;49.678090;6.093899;7.956770;10.750053;90.414124;3.349241;3.201639;5.914225;49.832805;6.095620;5.826982;10.763890;90.695704
209;1;1;0.000000;0.000000;1.000000;1421.997547;1422.196090;1422.197800;795945;159607;153050;145656;145656;1821;2330496;100.000;1363.074;559.332;600.401;20.053;95.892;18.300;0.000;0.000;0.647;1.710;37.829;198.544;200.253;200.253;-4.354;33.257;0.076;1.442;0;0.000;0.000;0.000;2.232;3.351078;4.535902;5.888824;52.857183;6.098963;8.255342;10.717659;96.200074;3.352136;3.281797;5.896283;52.829625;6.100887;5.972870;10.731236;96.149917;3.237730;4.312037;5.786181;52.833867;5.892669;7.847908;10.530850;96.157638;3.239148;3.238114;5.793740;52.810786;5.895250;5.893368;10.544608;96.115630
210;1;1;0.000000;0.000000;1.000000;1422.030938;1422.229457;1422.230824;792891;157748;151412;144144;144144;1802;2306304;100.000;1686.624;553.525;594.166;19.895;95.983;18.180;0.000;0.000;0.653;1.367;47.735;198.519;199.886;199.886;-4.663;33.366;0.033;1.353;0;0.000;0.000;0.000;2.202;3.406853;4.605872;5.933539;55.221834;6.200472;8.382687;10.799040;100.503738;3.406962;3.234970;5.938438;55.353929;6.200672;5.887645;10.807956;100.744150;3.291798;4.379869;5.831555;55.250345;5.991073;7.971362;10.613431;100.555629;3.292767;3.192339;5.837291;55.364888;5.992835;5.810057;10.623870;100.764097
211;1;1;0.000000;0.000000;1.000000;1422.064444;1422.262785;1422.264459;797320;179073;155570;143206;143206;1791;2291296;100.000;1368.953;549.924;590.316;22.459;86.875;17.961;0.000;0.000;0.679;1.674;40.595;198.341;200.015;200.015;-4.362;33.328;0.005;1.269;0;0.000;0.000;0.000;2.154;4.911665;7.358590;7.534734;304.478483;8.939230;13.392634;13.713216;554.150839;4.912542;4.115643;7.538565;304.584529;8.940827;7.490469;13.720189;554.343844;4.674722;6.763586;7.309769;140.746234;8.507993;12.309727;13.303780;256.158145;4.676806;3.898677;7.316183;140.880956;8.511788;7.095592;13.315452;256.403340
212;1;1;0.000000;0.000000;1.000000;1422.097800;1422.296461;1422.297815;805214;167652;153817;142122;142122;1777;2273952;100.000;1680.363;545.761;585.838;20.821;91.748;17.650;0.000;0.000;0.695;1.353;51.347;198.661;200.014;200.014;-4.340;33.676;0.343;1.211;0;0.000;0.000;0.000;2.210;4.175656;5.872621;6.878223;81.713398;7.599693;10.688170;12.518365;148.718384;4.176646;3.781846;6.884750;81.686946;7.601496;6.882961;12.530246;148.670241;4.004833;5.497755;6.720301;56.084790;7.288796;10.005915;12.230948;102.074318;4.006853;3.696961;6.728293;56.179134;7.292472;6.728468;12.245493;102.246023
213;1;1;0.000000;0.000000;1.000000;1422.131105;1422.329306;1422.330972;797126;165660;153838;141596;141596;1770;2265536;100.000;1359.698;543.741;583.660;20.782;92.864;17.763;0.000;0.000;0.731;1.666;43.872;198.202;199.868;199.868;-4.515;32.845;0.488;1.166;0;0.000;0.000;0.000;2.244;3.991209;5.795196;6.612978;89.662007;7.264001;10.547256;12.035620;163.184853;3.991578;3.618036;6.618544;89.763565;7.264672;6.584826;12.045750;163.369688;3.795554;5.319893;6.429228;78.681590;6.907908;9.682206;11.701194;143.200493;3.796902;3.506962;6.436347;78.557629;6.910361;6.382670;11.714152;142.974884
214;1;1;0.000000;0.000000;1.000000;1422.164573;1422.362880;1422.364221;803136;164562;153184;141814;141814;1773;2269024;100.000;1691.626;544.578;584.565;20.490;93.086;17.658;0.000;0.000;0.689;1.341;51.366;198.307;199.648;199.648;-4.600;33.574;0.240;1.108;0;0.000;0.000;0.000;2.167;3.898577;5.689514;6.638287;93.021642;7.095410;10.354916;12.081682;169.299389;3.900340;3.894827;6.646085;93.009083;7.098619;7.088586;12.095875;169.276532;3.700851;5.204956;6.451715;80.427900;6.735549;9.473020;11.742120;146.378778;3.703842;3.793978;6.460914;80.489413;6.740992;6.905040;11.758864;146.490732
215;1;1;0.000000;0.000000;1.000000;1422.197779;1422.396160;1422.397877;809297;164095;153528;143036;143036;1788;2288576;100.000;1333.333;549.271;589.596;20.276;93.560;17.674;0.000;0.000;0.669;1.716;38.984;198.382;200.098;200.098;-4.278;33.280;0.053;1.042;0;0.000;0.000;0.000;2.269;3.754169;5.294778;6.586087;65.293054;6.832587;9.636496;11.986679;118.833358;3.755280;3.981432;6.592103;65.099631;6.834609;7.246206;11.997627;118.481328;3.587009;4.898874;6.430453;63.820341;6.528357;8.915951;11.703425;116.153020;3.589635;3.909857;6.439099;64.122214;6.533135;7.115939;11.719160;116.702430
216;1;1;0.000000;0.000000;1.000000;1422.231094;1422.429646;1422.431013;808156;164776;155028;144130;144130;1802;2306080;100.000;1687.102;553.472;594.112;20.389;94.084;17.834;0.000;0.000;0.673;1.367;49.237;198.552;199.919;199.919;-4.475;33.486;0.152;0.987;0;0.000;0.000;0.000;2.159;3.586197;4.967138;6.335022;56.632963;6.526879;9.040191;11.529740;103.071992;3.587439;3.738230;6.342956;56.752489;6.529139;6.803578;11.544180;103.289530;3.446710;4.656377;6.216397;56.681895;6.273012;8.474607;11.313842;103.161049;3.448928;3.700328;6.225273;56.780154;6.277049;6.734597;11.329997;103.339880
217;1;1;0.000000;0.000000;1.000000;1422.264380;1422.462624;1422.464008;810355;164705;155779;146106;146106;1827;2337696;100.000;1689.128;561.060;602.264;20.325;94.581;18.030;0.000;0.000;0.683;1.384;49.326;198.244;199.628;199.628;-4.813;32.978;0.356;0.947;0;0.000;0.000;0.000;2.192;3.468842;4.789004;6.125483;59.219244;6.313292;8.715987;11.148380;107.779024;3.469203;3.509800;6.129345;59.401501;6.313949;6.387836;11.155408;108.110732;3.334611;4.479676;6.005064;53.516391;6.068992;8.153010;10.929217;97.399832;3.335719;3.454815;6.010161;53.630263;6.071009;6.287763;10.938493;97.607078
218;1;1;0.000000;0.000000;1.000000;1422.297765;1422.495793;1422.497528;810211;166540;158737;148782;148782;1860;2380512;100.000;1372.190;571.335;613.284;20.555;95.315;18.363;0.000;0.000;0.683;1.735;39.376;198.029;199.764;199.764;-4.626;33.170;0.163;0.898;0;0.000;0.000;0.000;4.448;3.244652;4.523558;5.775447;74.829666;5.905266;8.232875;10.511313;136.189993;3.244396;3.320652;5.779182;74.911578;5.904800;6.043587;10.518112;136.339072;3.123188;4.250436;5.667242;55.826438;5.684202;7.735794;10.314381;101.604117;3.124014;3.272695;5.672137;55.957585;5.685706;5.956305;10.323289;101.842804
219;1;1;0.000000;0.000000;1.000000;1422.331080;1422.529309;1422.530740;808645;167296;159916;150220;150220;1878;2403520;100.000;1679.392;576.857;619.212;20.688;95.589;18.577;0.000;0.000;0.687;1.431;47.981;198.229;199.660;199.660;-4.748;33.515;0.182;0.854;0;0.000;0.000;0.000;2.287;3.277927;4.481652;5.855455;58.875992;5.965828;8.156607;10.656928;107.154305;3.277217;3.374874;5.857892;58.894566;5.964534;6.142270;10.661363;107.188110;3.165440;4.237125;5.756804;58.912921;5.761102;7.711568;10.477384;107.221516;3.165614;3.333535;5.760231;58.915647;5.761417;6.067034;10.483621;107.226478
220;1;1;0.000000;0.000000;1.000000;1422.364453;1422.562726;1422.564520;810783;167373;159995;150188;150188;1878;2403008;100.000;1339.399;576.734;619.090;20.643;95.592;18.524;0.000;0.000;0.901;1.794;50.216;198.272;200.066;200.066;-4.301;33.417;0.084;0.805;0;0.000;0.000;0.000;2.290;3.337149;4.539490;5.982782;59.109175;6.073612;8.261872;10.888663;107.578699;3.336631;3.474435;5.984817;59.086587;6.072669;6.323472;10.892367;107.537587;3.227807;4.309434;5.890121;57.433847;5.874609;7.843169;10.720020;104.529601;3.227716;3.443363;5.892625;57.446517;5.874443;6.266921;10.724578;104.552662
221;1;1;0.000000;0.000000;1.000000;1422.397783;1422.595989;1422.597361;807088;165281;158029;149054;149054;1864;2384864;100.000;1737.501;572.380;614.419;20.479;95.612;18.468;0.000;0.000;0.713;1.373;51.943;198.205;199.578;199.578;-4.793;33.263;0.071;0.759;0;0.000;0.000;0.000;2.281;3.346842;4.505665;6.026798;71.170569;6.091253;8.200311;10.968773;129.530436;3.346202;3.542536;6.029072;71.282500;6.090087;6.447416;10.972910;129.734149;3.236668;4.274403;5.928214;71.176384;5.890735;7.779414;10.789349;129.541018;3.236636;3.504561;5.931391;71.282052;5.890678;6.378301;10.795131;129.733335
222;1;1;0.000000;0.000000;1.000000;1422.431090;1422.629712;1422.631437;809369;163010;156005;147392;147392;1843;2358272;100.000;1367.488;565.998;607.563;20.140;95.703;18.211;0.000;0.000;0.712;1.725;41.277;198.622;200.347;200.347;-4.051;33.724;0.391;0.736;0;0.000;0.000;0.000;2.203;3.446581;4.661192;6.159246;52.363410;6.272777;8.483370;11.209828;95.301407;3.446268;3.640570;6.162887;52.323260;6.272209;6.625838;11.216454;95.228333;3.333657;4.424837;6.062665;52.347737;6.067255;8.053204;11.034050;95.272880;3.334007;3.605719;6.067002;52.309892;6.067894;6.562409;11.041943;95.204003
223;1;1;0.000000;0.000000;1.000000;1422.464379;1422.663070;1422.664472;795354;161185;154432;146064;146064;1826;2337024;100.000;1666.729;560.898;602.080;20.266;95.810;18.365;0.000;0.000;0.731;1.402;52.137;198.691;200.093;200.093;-4.349;33.357;0.024;0.692;0;0.000;0.000;0.000;2.223;3.365195;4.542518;5.895394;57.533003;6.124654;8.267382;10.729617;104.710066;3.365096;3.282224;5.898502;57.609822;6.124475;5.973647;10.735274;104.849877;3.247033;4.292855;5.793633;57.572053;5.909600;7.812997;10.544411;104.781137;3.247925;3.240176;5.798272;57.619347;5.911224;5.897120;10.552855;104.867211
224;1;1;0.000000;0.000000;1.000000;1422.497702;1422.696430;1422.698113;795455;158552;152228;144466;144466;1806;2311456;100.000;1373.657;554.762;595.493;19.932;96.011;18.161;0.000;0.000;0.663;1.683;39.404;198.729;200.411;200.411;-4.041;33.361;0.027;0.650;0;0.000;0.000;0.000;2.199;3.445456;4.593978;6.031055;51.256243;6.270730;8.361040;10.976520;93.286363;3.445002;3.339115;6.034166;51.439304;6.269904;6.077189;10.982182;93.619533;3.338493;4.377759;5.941222;51.287769;6.076057;7.967522;10.813024;93.343739;3.338849;3.305963;5.945172;51.468296;6.076704;6.016853;10.820213;93.672298
225;1;1;0.000000;0.000000;1.000000;1422.531133;1422.729858;1422.731225;795720;157483;150960;143728;143728;1797;2299648;100.000;1683.052;551.928;592.456;19.791;95.858;18.063;0.000;0.000;0.669;1.366;48.956;198.725;200.092;200.092;-4.263;33.428;0.095;0.616;0;0.000;0.000;0.000;2.134;3.512475;4.727066;6.142076;54.680367;6.392704;8.603260;11.178579;99.518267;3.511823;3.443282;6.143055;54.478293;6.391518;6.266773;11.180360;99.150493;3.402659;4.510683;6.052625;47.463980;6.192839;8.209442;11.015777;86.384443;3.402739;3.415449;6.054609;47.307066;6.192986;6.216117;11.019388;86.098861
226;1;1;0.000000;0.000000;1.000000;1422.564384;1422.763020;1422.764424;798723;180302;156126;142930;142930;1787;2286880;100.000;1629.444;548.864;589.166;22.574;86.591;17.895;0.000;0.000;0.699;1.404;49.776;198.637;200.040;200.040;-4.397;33.162;0.171;0.588;0;0.000;0.000;0.000;2.203;4.862017;7.337273;7.495464;179.622517;8.848871;13.353837;13.641744;326.912981;4.863154;4.134003;7.499714;179.709566;8.850940;7.523886;13.649480;327.071410;4.626004;6.741865;7.275121;179.574613;8.419327;12.270195;13.240721;326.825795;4.628206;3.932126;7.282099;179.683388;8.423336;7.156470;13.253421;327.023766
227;1;1;0.000000;0.000000;1.000000;1422.597794;1422.796628;1422.798334;807441;170496;155469;142948;142948;1787;2287168;100.000;1340.774;548.933;589.235;21.116;91.186;17.704;0.000;0.000;0.636;1.706;37.306;198.833;200.539;200.539;-3.821;33.607;0.274;0.568;0;0.000;0.000;0.000;2.129;4.251811;5.993199;7.039535;74.096092;7.738296;10.907623;12.811953;134.854888;4.252942;4.037538;7.044608;74.034835;7.740354;7.348319;12.821186;134.743399;4.085947;5.637845;6.886602;74.087315;7.436423;10.260877;12.533616;134.838913;4.087469;3.960756;6.892253;74.023617;7.439194;7.208575;12.543900;134.722983
228;1;1;0.000000;0.000000;1.000000;1422.630874;1422.829236;1422.830606;803316;169859;157439;143504;143504;1794;2296064;100.000;1676.588;551.068;591.528;21.145;92.688;17.864;0.000;0.000;0.698;1.370;50.966;198.362;199.732;199.732;-4.882;32.609;0.725;0.578;0;0.000;0.000;0.000;2.178;3.766818;5.245718;6.405779;69.555339;6.855609;9.547206;11.658518;126.590717;3.768955;3.673060;6.413305;69.601680;6.859499;6.684970;11.672215;126.675058;3.613481;4.912847;6.264016;69.544206;6.576536;8.941382;11.400509;126.570455;3.616698;3.606191;6.273245;69.615700;6.582391;6.563267;11.417307;126.700574
229;1;1;0.000000;0.000000;1.000000;1422.664468;1422.863133;1422.864817;809074;168473;157229;144280;144280;1804;2308480;100.000;1370.296;554.048;594.733;20.823;93.326;17.833;0.000;0.000;0.692;1.685;41.100;198.665;200.350;200.350;-4.004;33.896;0.563;0.577;0;0.000;0.000;0.000;2.159;3.664094;5.047580;6.378451;60.216744;6.668652;9.186596;11.608781;109.594474;3.666170;3.687486;6.385782;60.156458;6.672430;6.711224;11.622123;109.484754;3.518393;4.731213;6.245751;56.358379;6.403475;8.610808;11.367267;102.572250;3.521617;3.630145;6.255010;56.372606;6.409342;6.606864;11.384119;102.598143
230;1;1;0.000000;0.000000;1.000000;1422.697708;1422.896063;1422.897450;808265;167920;157019;145334;145334;1817;2325344;100.000;1676.539;558.095;599.074;20.775;93.508;17.981;0.000;0.000;0.789;1.387;56.870;198.355;199.742;199.742;-4.704;32.930;0.403;0.566;0;0.000;0.000;0.000;2.225;3.495102;4.836974;6.178232;63.054774;6.361085;8.803292;11.244382;114.759689;3.495695;3.698340;6.181559;63.072337;6.362165;6.730979;11.250438;114.791653;3.353089;4.521339;6.047370;58.897929;6.102622;8.228837;11.006214;107.194230;3.354053;3.641723;6.051022;58.869259;6.104377;6.627935;11.012860;107.142051
231;1;1;0.000000;0.000000;1.000000;1422.731102;1422.929916;1422.931614;818848;169584;159608;147128;147128;1840;2354048;100.000;1386.713;564.984;606.482;20.710;94.117;17.968;0.000;0.000;0.703;1.698;41.396;198.815;200.512;200.512;-3.874;33.853;0.520;0.563;0;0.000;0.000;0.000;2.270;3.482035;4.750659;6.359730;75.379853;6.337304;8.646199;11.574709;137.191332;3.482530;4.081887;6.364558;75.386770;6.338204;7.429034;11.583496;137.203921;3.350366;4.468731;6.240583;75.433522;6.097666;8.133090;11.357862;137.289011;3.351351;4.040906;6.245813;75.425050;6.099460;7.354448;11.367381;137.273591
232;1;1;0.000000;0.000000;1.000000;1422.764476;1422.963019;1422.964419;820617;169395;159938;148796;148796;1860;2380736;100.000;1700.628;571.389;613.338;20.642;94.417;18.132;0.000;0.000;0.706;1.400;50.417;198.543;199.943;199.943;-4.402;33.102;0.231;0.543;0;0.000;0.000;0.000;2.250;3.241960;4.467767;5.999066;64.844114;5.900367;8.131336;10.918300;118.016287;3.242061;3.865667;6.001956;64.879601;5.900551;7.035513;10.923559;118.080875;3.117655;4.188787;5.888059;64.911237;5.674132;7.623593;10.716267;118.138451;3.118256;3.826371;5.891011;64.899513;5.675225;6.963995;10.721640;118.117113
233;1;1;0.000000;0.000000;1.000000;1422.797270;1422.996426;1422.998256;814146;169850;161600;150842;150842;1886;2413472;100.000;1319.419;579.246;621.781;20.862;95.143;18.528;0.000;0.000;0.765;1.829;41.813;199.156;200.985;200.985;-3.899;33.408;0.074;0.513;0;0.000;0.000;0.000;2.474;3.237132;4.460421;5.902208;55.435178;5.891581;8.117966;10.742019;100.892024;3.237141;3.656916;5.906130;55.535424;5.891596;6.655587;10.749157;101.074471;3.124358;4.217218;5.802817;55.473593;5.686332;7.675337;10.561127;100.961939;3.124934;3.621567;5.807383;55.568949;5.687379;6.591252;10.569437;101.135487
234;1;1;0.000000;0.000000;1.000000;1422.831116;1423.029517;1423.030973;814852;170820;162839;152630;152630;1908;2442080;100.000;1676.633;586.112;629.144;20.963;95.328;18.731;0.000;0.000;0.726;1.457;49.860;198.400;199.857;199.857;-4.515;33.090;0.243;0.496;0;0.000;0.000;0.000;2.290;3.302489;4.504585;6.003297;57.908030;6.010531;8.198345;10.926001;105.392615;3.302357;3.691078;6.005686;57.935931;6.010290;6.717763;10.930349;105.443395;3.197727;4.285445;5.911520;57.949601;5.819864;7.799510;10.758966;105.468275;3.198050;3.658693;5.913886;57.956263;5.820450;6.658821;10.763273;105.480398
235;1;1;0.000000;0.000000;1.000000;1422.864116;1423.062875;1423.064694;815725;170864;163414;153174;153174;1915;2450784;100.000;1347.283;588.201;631.391;20.946;95.640;18.778;0.000;0.000;0.715;1.819;39.329;198.759;200.578;200.578;-4.127;33.359;0.025;0.467;0;0.000;0.000;0.000;2.237;3.269611;4.423487;5.958711;53.204651;5.950692;8.050746;10.844854;96.832464;3.269555;3.666767;5.962589;53.204507;5.950590;6.673515;10.851912;96.832203;3.158834;4.193714;5.861312;53.250372;5.749078;7.632559;10.667588;96.915677;3.159213;3.633868;5.865153;53.216398;5.749768;6.613639;10.674579;96.853845
236;1;1;0.000000;0.000000;1.000000;1422.897830;1423.096170;1423.097625;816078;169559;162141;152808;152808;1911;2444928;100.000;1680.329;586.795;629.895;20.777;95.625;18.725;0.000;0.000;0.713;1.455;49.027;198.340;199.795;199.795;-4.529;33.295;0.038;0.440;0;0.000;0.000;0.000;2.377;3.329382;4.475463;6.112287;75.437220;6.059475;8.145343;11.124363;137.295740;3.328941;3.847730;6.114792;75.391994;6.058672;7.002869;11.128921;137.213429;3.220602;4.256477;6.018886;75.484943;5.861496;7.746789;10.954373;137.382596;3.220686;3.821623;6.021513;75.408377;5.861649;6.955354;10.959153;137.243247
237;1;1;0.000000;0.000000;1.000000;1422.930928;1423.130783;1423.132214;810868;167786;160396;151650;151650;1896;2426400;100.000;1695.649;582.348;625.110;20.692;95.596;18.702;0.000;0.000;0.747;1.431;52.176;199.855;201.286;201.286;-3.274;34.613;1.279;0.493;0;0.000;0.000;0.000;2.564;3.344152;4.497053;6.095021;55.255165;6.086356;8.184636;11.092939;100.564400;3.343551;3.763975;6.097001;55.252368;6.085263;6.850435;11.096542;100.559309;3.233299;4.269572;5.998093;55.280237;5.884604;7.770621;10.916529;100.610032;3.233005;3.732060;6.000205;55.276845;5.884070;6.792350;10.920373;100.603858
238;1;1;0.000000;0.000000;1.000000;1422.964456;1423.163038;1423.164773;801907;165671;158557;149972;149972;1875;2399552;100.000;1383.327;575.905;618.192;20.660;95.706;18.702;0.000;0.000;0.662;1.735;38.152;198.582;200.316;200.316;-4.048;32.255;1.078;0.529;0;0.000;0.000;0.000;2.274;3.365156;4.507358;5.997216;47.142725;6.124583;8.203392;10.914933;85.799760;3.364862;3.475099;6.001265;47.148402;6.124048;6.324680;10.922303;85.810092;3.251162;4.275285;5.900067;47.116270;5.917115;7.781019;10.738122;85.751611;3.251149;3.443222;5.903903;47.135330;5.917092;6.266664;10.745103;85.786300
239;1;1;0.000000;0.000000;1.000000;1422.997658;1423.196299;1423.197728;799196;163255;156223;148264;148264;1854;2372224;100.000;1659.647;569.346;611.160;20.427;95.693;18.552;0.000;0.000;0.714;1.429;49.978;198.641;200.070;200.070;-4.426;33.261;0.073;0.501;0;0.000;0.000;0.000;5.349;3.365069;4.548864;5.926879;58.986616;6.124425;8.278932;10.786920;107.355641;3.366581;3.329983;5.934038;59.080148;6.127178;6.060569;10.799950;107.525869;3.243395;4.290722;5.821587;58.956417;5.902979;7.809114;10.595288;107.300679;3.244981;3.290394;5.828410;59.041988;5.905865;5.988517;10.607707;107.456419
240;1;1;0.000000;0.000000;1.000000;1423.031127;1423.229775;1423.231483;799621;161480;154364;146996;146996;1838;2351936;100.000;1377.644;564.477;605.930;20.195;95.593;18.383;0.000;0.000;0.682;1.707;39.954;198.648;200.355;200.355;-4.005;33.477;0.143;0.478;0;0.000;0.000;0.000;2.195;3.441352;4.626156;6.053297;55.552516;6.263261;8.419603;11.017000;101.105578;3.441974;3.431872;6.060176;55.515390;6.264393;6.246006;11.029520;101.038010;3.321345;4.372947;5.950073;55.511601;6.044848;7.958764;10.829133;101.031114;3.322716;3.394557;5.958002;55.513813;6.047343;6.178093;10.843564;101.035140
241;1;1;0.000000;0.000000;1.000000;1423.064486;1423.263064;1423.264471;808174;182380;158734;146062;146062;1826;2336992;100.000;1661.011;560.891;602.073;22.567;87.035;18.073;0.000;0.000;0.725;1.407;51.540;198.577;199.984;199.984;-4.350;33.288;0.045;0.451;0;0.000;0.000;0.000;2.220;4.906714;7.288665;7.574914;198.329514;8.930219;13.265370;13.786344;360.959715;4.906767;4.185597;7.577923;198.319788;8.930316;7.617786;13.791821;360.942013;4.665152;6.704529;7.346530;141.160093;8.490577;12.202243;13.370685;256.911369;4.665873;3.983811;7.351052;141.118885;8.491889;7.250536;13.378914;256.836371
242;1;1;0.000000;0.000000;1.000000;1423.097823;1423.296964;1423.298638;810609;172872;157471;145468;145468;1819;2327488;100.000;1391.036;558.610;599.634;21.326;91.091;17.946;0.000;0.000;0.680;1.673;40.634;199.141;200.814;200.814;-3.517;33.901;0.567;0.459;0;0.000;0.000;0.000;2.230;4.132275;5.814323;6.825641;60.888846;7.520740;10.582067;12.422666;110.817700;4.131525;3.881596;6.827494;60.961736;7.519376;7.064505;12.426039;110.950360;3.962296;5.442023;6.668438;60.911835;7.211379;9.904483;12.136557;110.859540;3.962528;3.799054;6.671806;60.976024;7.211800;6.914279;12.142688;110.976364
243;1;1;0.000000;0.000000;1.000000;1423.129971;1423.330225;1423.331605;809086;170910;157278;145086;145086;1814;2321376;100.000;1682.323;557.143;598.054;21.124;92.024;17.932;0.000;0.000;0.686;1.380;49.719;200.255;201.635;201.635;-3.882;33.261;0.072;0.434;0;0.000;0.000;0.000;2.217;3.939183;5.639889;6.685196;74.575563;7.169313;10.264599;12.167057;135.727525;3.938893;3.963041;6.688550;74.619835;7.168784;7.212735;12.173161;135.808100;3.747835;5.190373;6.506506;74.594313;6.821059;9.446479;11.841840;135.761650;3.749047;3.871433;6.512313;74.616653;6.823265;7.046008;11.852410;135.802309
244;1;1;0.000000;0.000000;1.000000;1423.164336;1423.362927;1423.364622;804105;170415;157312;145538;145538;1820;2328608;100.000;1373.969;558.878;599.925;21.193;92.311;18.099;0.000;0.000;0.712;1.695;42.025;198.592;200.286;200.286;-4.199;32.702;0.631;0.447;0;0.000;0.000;0.000;2.252;3.856643;5.608798;6.584041;74.433772;7.019091;10.208013;11.982955;135.469466;3.857008;3.908911;6.589729;74.443735;7.019755;7.114218;11.993307;135.487598;3.662387;5.132485;6.403542;74.423793;6.665544;9.341122;11.654447;135.451304;3.664033;3.812136;6.411291;74.452008;6.668540;6.938088;11.668549;135.502655
245;1;1;0.000000;0.000000;1.000000;1423.197891;1423.398748;1423.400292;810243;169709;158180;146056;146056;1826;2336896;100.000;1513.619;560.868;602.050;20.945;93.207;18.026;0.000;0.000;1.054;1.544;68.298;200.857;202.401;202.401;-1.862;35.821;2.487;0.574;0;0.000;0.000;0.000;17.716;3.756100;5.297001;6.614103;72.911837;6.836102;9.640542;12.037668;132.699543;3.756632;4.140956;6.619605;73.172838;6.837071;7.536540;12.047681;133.174565;3.584402;4.900230;6.457317;70.477330;6.523612;8.918418;11.752317;128.268740;3.586387;4.075745;6.465108;70.580775;6.527225;7.417856;11.766496;128.457010
246;1;1;0.000000;0.000000;1.000000;1423.230980;1423.432799;1423.438348;808451;169069;159003;146718;146718;1834;2347488;100.000;423.127;563.410;604.772;20.913;94.046;18.148;0.000;0.000;4.958;5.548;89.364;201.819;207.367;207.367;2.860;34.051;0.718;0.583;0;0.000;0.000;0.000;16.124;3.525260;4.894793;6.267840;53.529105;6.415974;8.908523;11.407469;97.422971;3.525792;3.858530;6.272071;53.586312;6.416941;7.022525;11.415169;97.527087;3.369077;4.542107;6.125471;53.523376;6.131720;8.266634;11.148357;97.412544;3.370696;3.801502;6.131059;53.594993;6.134667;6.918734;11.158527;97.542886
247;1;1;0.000000;0.000000;1.000000;1423.264555;1423.464102;1423.465822;818595;168580;159300;147758;147758;1847;2364128;100.000;1374.292;567.403;609.059;20.594;94.495;18.050;0.000;0.000;0.651;1.720;37.869;199.547;201.267;201.267;-2.999;31.302;2.031;0.674;0;0.000;0.000;0.000;2.381;3.498506;4.823831;6.352005;58.398266;6.367280;8.779372;11.560649;106.284845;3.498331;4.074737;6.355843;58.512835;6.366962;7.416021;11.567633;106.493360;3.359118;4.514825;6.227233;58.489853;6.113594;8.216981;11.333565;106.451532;3.359898;4.030388;6.231988;58.512807;6.115013;7.335306;11.342219;106.493308
248;1;1;0.000000;0.000000;1.000000;1423.297099;1423.496493;1423.497919;813416;169252;160783;149576;149576;1870;2393216;100.000;1678.329;574.384;616.559;20.808;94.996;18.389;0.000;0.000;0.681;1.426;47.760;199.394;200.820;200.820;-4.235;32.391;0.942;0.690;0;0.000;0.000;0.000;2.274;3.375192;4.621274;6.082593;55.590496;6.142850;8.410719;11.070318;101.174704;3.374730;3.747981;6.086323;55.712235;6.142009;6.821325;11.077107;101.396267;3.247487;4.341587;5.970466;55.598503;5.910427;7.901688;10.866248;101.189276;3.247754;3.706691;5.974405;55.699769;5.910912;6.746178;10.873417;101.373580
249;1;1;0.000000;0.000000;1.000000;1423.330535;1423.529890;1423.531682;816251;170718;162317;151824;151824;1898;2429184;100.000;1355.553;583.017;625.823;20.915;95.079;18.600;0.000;0.000;0.690;1.792;38.525;199.355;201.147;201.147;-3.805;33.397;0.064;0.651;0;0.000;0.000;0.000;2.235;3.308352;4.511020;6.060147;62.415100;6.021201;8.210056;11.029468;113.595482;3.307991;3.798265;6.062987;62.515258;6.020544;6.912842;11.034637;113.777769;3.194579;4.268162;5.963384;62.351138;5.814134;7.768055;10.853358;113.479072;3.194687;3.765889;5.965838;62.482110;5.814330;6.853917;10.857826;113.717439
250;1;1;0.000000;0.000000;1.000000;1423.364499;1423.563317;1423.564771;820584;171539;163745;153370;153370;1918;2453920;100.000;1687.471;588.953;632.211;20.905;95.456;18.690;0.000;0.000;0.707;1.454;48.602;198.818;200.272;200.272;-4.050;33.427;0.093;0.616;0;0.000;0.000;0.000;2.251;3.240658;4.454454;5.948950;60.084709;5.897997;8.107106;10.827089;109.354171;3.239790;3.782264;5.950500;60.108845;5.896418;6.883720;10.829910;109.398098;3.126357;4.204397;5.849798;60.059026;5.689971;7.652002;10.646631;109.307427;3.125984;3.746769;5.851157;60.102978;5.689291;6.819119;10.649106;109.387420
251;1;1;0.000000;0.000000;1.000000;1423.397693;1423.596403;1423.598195;817535;171173;163669;153478;153478;1919;2455648;100.000;1370.822;589.368;632.648;20.938;95.616;18.773;0.000;0.000;0.709;1.791;39.564;198.710;200.501;200.501;-3.960;33.086;0.247;0.593;0;0.000;0.000;0.000;2.249;3.240916;4.407135;5.967400;48.958361;5.898467;8.020986;10.860669;89.104217;3.239641;3.807432;5.971445;49.017271;5.896147;6.929525;10.868029;89.211432;3.126181;4.154949;5.866109;48.862028;5.689649;7.562008;10.676318;88.928892;3.125389;3.771800;5.869946;48.956423;5.688209;6.864676;10.683302;89.100690
252;1;1;0.000000;0.000000;1.000000;1423.430600;1423.629906;1423.631314;812707;169010;161751;152446;152446;1906;2439136;100.000;1732.733;585.405;628.392;20.796;95.705;18.758;0.000;0.000;0.732;1.408;52.023;199.307;200.715;200.715;-4.174;33.503;0.170;0.567;0;0.000;0.000;0.000;2.315;3.351541;4.486473;6.102349;46.891768;6.099805;8.165380;11.106275;85.343017;3.351139;3.827276;6.105818;47.046603;6.099073;6.965642;11.112589;85.624817;3.239912;4.244072;6.006693;45.341244;5.896640;7.724211;10.932181;82.521064;3.239794;3.794697;6.009882;45.360410;5.896426;6.906349;10.937985;82.555946
253;1;1;0.000000;0.000000;1.000000;1423.463935;1423.663230;1423.664991;811017;166368;159330;150768;150768;1885;2412288;100.000;1370.134;578.962;621.475;20.514;95.770;18.590;0.000;0.000;0.688;1.761;39.053;199.295;201.056;201.056;-3.830;33.324;0.010;0.532;0;0.000;0.000;0.000;2.229;3.269287;4.438955;5.954121;72.682991;5.950103;8.078899;10.836499;132.283043;3.268605;3.676890;5.955051;72.788670;5.948860;6.691941;10.838193;132.475379;3.151278;4.185565;5.852501;72.697064;5.735326;7.617729;10.651552;132.308657;3.151335;3.644364;5.854410;72.788372;5.735430;6.632742;10.655026;132.474836
254;1;1;0.000000;0.000000;1.000000;1423.497887;1423.696748;1423.698159;812416;163542;157262;148606;148606;1858;2377696;100.000;1684.743;570.660;612.564;20.130;96.160;18.292;0.000;0.000;0.692;1.411;49.042;198.861;200.272;200.272;-3.995;33.518;0.185;0.510;0;0.000;0.000;0.000;2.244;3.381982;4.559965;6.096657;55.703353;6.155208;8.299137;11.095917;101.380102;3.382446;3.672495;6.100694;55.829361;6.156051;6.683940;11.103263;101.609438;3.265795;4.317666;5.998616;46.823676;5.943747;7.858151;10.917482;85.219090;3.266670;3.644239;6.003116;46.863390;5.945340;6.632516;10.925672;85.291369
255;1;1;0.000000;0.000000;1.000000;1423.530816;1423.730034;1423.731745;815874;161620;155070;147150;147150;1840;2354400;100.000;1375.907;565.068;606.566;19.809;95.947;18.036;0.000;0.000;0.710;1.711;41.474;199.218;200.929;200.929;-3.742;33.286;0.047;0.481;0;0.000;0.000;0.000;2.244;3.469858;4.659194;6.262653;57.966276;6.315141;8.479733;11.398028;105.498622;3.470697;3.797685;6.268312;58.104646;6.316669;6.911786;11.408328;105.750457;3.352415;4.411377;6.164590;49.688654;6.101396;8.028707;11.219554;90.433351;3.354090;3.770288;6.171098;49.693596;6.104443;6.861924;11.231398;90.442346
256;1;1;0.000000;0.000000;1.000000;1423.564378;1423.763050;1423.764481;811813;184042;159743;146080;146080;1826;2337280;100.000;1633.836;560.960;602.142;22.670;86.797;17.994;0.000;0.000;0.703;1.431;49.166;198.673;200.103;200.103;-4.340;33.016;0.317;0.471;0;0.000;0.000;0.000;2.111;4.880153;7.317411;7.637617;274.154244;8.881878;13.317688;13.900462;498.960724;4.879764;4.410798;7.639581;274.098200;8.881170;8.027652;13.904037;498.858725;4.648172;6.731094;7.419583;274.051295;8.459673;12.250590;13.503640;498.773358;4.648578;4.232054;7.423036;274.084559;8.460412;7.702339;13.509925;498.833897
257;1;1;0.000000;0.000000;1.000000;1423.597626;1423.795876;1423.797601;809323;173086;158571;145366;145366;1818;2325856;100.000;1348.416;558.218;599.220;21.387;91.614;17.961;0.000;0.000;0.667;1.725;38.649;198.250;199.975;199.975;-4.553;32.826;0.507;0.473;0;0.000;0.000;0.000;2.256;4.099834;5.744707;6.862039;68.007130;7.461698;10.455367;12.488910;123.772976;4.098883;4.000657;6.866257;68.069624;7.459966;7.281196;12.496588;123.886715;3.935471;5.377239;6.710333;67.942675;7.162557;9.786575;12.212805;123.655669;3.935471;3.923114;6.715948;68.028633;7.162557;7.140067;12.223026;123.812112
258;1;1;0.000000;0.000000;1.000000;1423.631160;1423.829503;1423.830929;806066;169378;156630;145058;145058;1814;2320928;100.000;1628.169;557.035;597.947;21.013;92.474;17.996;0.000;0.000;0.716;1.426;50.221;198.344;199.769;199.769;-4.559;33.627;0.294;0.462;0;0.000;0.000;0.000;2.167;4.128125;5.860887;6.957433;79.037825;7.513187;10.666814;12.662529;143.848842;4.128397;4.087468;6.963053;79.028852;7.513682;7.439191;12.672757;143.832511;3.943755;5.410614;6.786459;79.020368;7.177635;9.847317;12.351355;143.817069;3.945107;3.993229;6.792867;79.054841;7.180095;7.267676;12.363019;143.879811
259;1;1;0.000000;0.000000;1.000000;1423.664193;1423.862377;1423.863744;803994;167489;156194;144584;144584;1808;2313344;100.000;1691.617;555.215;595.991;20.832;93.256;17.983;0.000;0.000;0.715;1.368;52.288;198.183;199.551;199.551;-5.077;32.873;0.460;0.462;0;0.000;0.000;0.000;2.132;4.039706;5.785131;6.854836;75.612372;7.352266;10.528938;12.475801;137.614516;4.039186;4.041445;6.858858;75.578692;7.351319;7.355430;12.483121;137.553219;3.857552;5.344567;6.687895;75.553730;7.020745;9.727112;12.171969;137.507789;3.857828;3.952545;6.692769;75.540829;7.021248;7.193631;12.180840;137.484309
260;1;1;0.000000;0.000000;1.000000;1423.697632;1423.896132;1423.897852;804675;166240;155973;144650;144650;1809;2314400;100.000;1345.578;555.468;596.267;20.659;93.824;17.976;0.000;0.000;0.656;1.720;38.111;198.500;200.220;200.220;-4.302;33.755;0.422;0.460;0;0.000;0.000;0.000;2.248;3.654581;5.176519;6.400472;63.299897;6.651338;9.421265;11.648859;115.205813;3.655925;3.900683;6.408854;63.593817;6.653783;7.099243;11.664115;115.740746;3.496956;4.803650;6.257687;63.322392;6.364461;8.742644;11.388990;115.246754;3.499776;3.836083;6.268264;63.580554;6.369592;6.981670;11.408240;115.716608
261;1;1;0.000000;0.000000;1.000000;1423.730941;1423.929327;1423.930697;803023;164708;155366;143952;143952;1800;2303232;100.000;1682.224;552.788;593.384;20.511;94.328;17.926;0.000;0.000;0.690;1.369;50.363;198.387;199.756;199.756;-4.791;33.196;0.138;0.439;0;0.000;0.000;0.000;2.290;3.535412;4.881838;6.247503;52.739828;6.434449;8.884944;11.370455;95.986487;3.535675;3.736457;6.253884;52.725442;6.434929;6.800352;11.382069;95.960304;3.397463;4.571718;6.126394;51.689864;6.183383;8.320527;11.150037;94.075552;3.398785;3.688955;6.134346;51.826521;6.185789;6.713899;11.164510;94.324268
262;1;1;0.000000;0.000000;1.000000;1423.764506;1423.962702;1423.964405;804900;165101;156476;144058;144058;1801;2304928;100.000;1353.578;553.195;593.813;20.512;94.776;17.898;0.000;0.000;0.767;1.703;45.052;198.196;199.899;199.899;-4.416;33.375;0.041;0.415;0;0.000;0.000;0.000;2.188;3.472967;4.770157;6.221883;64.653693;6.320799;8.681685;11.323827;117.669722;3.471683;3.806644;6.224263;64.781097;6.318462;6.928092;11.328159;117.901597;3.343267;4.495582;6.107890;64.685735;6.084746;8.181959;11.116361;117.728038;3.342831;3.769217;6.111525;64.826023;6.083952;6.859974;11.122975;117.983361
263;1;1;0.000000;0.000000;1.000000;1423.797805;1423.996522;1423.997904;801032;164871;156695;144662;144662;1809;2314592;100.000;1674.886;555.515;596.313;20.582;95.041;18.059;0.000;0.000;0.728;1.382;52.651;198.718;200.100;200.100;-4.250;33.820;0.487;0.419;0;0.000;0.000;0.000;2.162;3.317525;4.541929;6.076150;50.805127;6.037896;8.266311;11.058594;92.465331;3.318762;3.923785;6.084402;50.802966;6.040148;7.141289;11.073611;92.461399;3.203578;4.293985;5.982732;50.830647;5.830511;7.815053;10.888573;92.511777;3.205633;3.901119;5.991378;50.830186;5.834253;7.100036;10.904309;92.510939
264;1;1;0.000000;0.000000;1.000000;1423.831130;1424.029609;1424.031298;793638;164460;156610;145976;145976;1825;2335616;100.000;1382.606;560.560;601.720;20.722;95.227;18.393;0.000;0.000;0.770;1.689;45.574;198.479;200.168;200.168;-4.190;33.086;0.247;0.408;0;0.000;0.000;0.000;2.191;3.252083;4.421720;5.851074;56.758308;5.918791;8.047530;10.648955;103.300120;3.251055;3.526032;5.854233;56.926073;5.916921;6.417378;10.654704;103.605453;3.145989;4.193407;5.766464;56.703223;5.725701;7.632001;10.494965;103.199865;3.145471;3.503838;5.769686;56.901362;5.724757;6.376985;10.500828;103.560479
265;1;1;0.000000;0.000000;1.000000;1423.864420;1424.062905;1424.064306;801156;165781;158431;148478;148478;1856;2375648;100.000;1695.435;570.168;612.027;20.693;95.566;18.533;0.000;0.000;0.690;1.401;49.247;198.485;199.886;199.886;-4.515;33.296;0.037;0.385;0;0.000;0.000;0.000;2.293;3.170233;4.290113;5.822324;49.565823;5.769825;7.808006;10.596630;90.209799;3.169220;3.578665;5.824844;49.554816;5.767980;6.513170;10.601216;90.189764;3.068618;4.071966;5.741813;49.608655;5.584884;7.410978;10.450100;90.287751;3.068477;3.557694;5.744527;49.579604;5.584627;6.475002;10.455038;90.234880
266;1;1;0.000000;0.000000;1.000000;1423.897783;1424.095967;1424.097727;804749;166794;159617;149922;149922;1875;2398752;100.000;1363.198;575.713;618.000;20.726;95.697;18.630;0.000;0.000;0.725;1.760;41.193;198.184;199.944;199.944;-4.428;33.062;0.271;0.378;0;0.000;0.000;0.000;2.337;3.239054;4.342847;5.996226;45.451830;5.895079;7.903981;10.913131;82.722331;3.238003;3.798139;6.000498;45.578124;5.893165;6.912613;10.920906;82.952185;3.138447;4.132981;5.915499;45.467890;5.711974;7.522025;10.766207;82.751560;3.137940;3.777571;5.919590;45.584405;5.711051;6.875179;10.773654;82.963617
267;1;1;0.000000;0.000000;1.000000;1423.931140;1424.129564;1424.130993;805449;166919;159673;150436;150436;1881;2406976;100.000;1684.549;577.687;620.110;20.724;95.659;18.677;0.000;0.000;0.697;1.429;48.770;198.424;199.853;199.853;-4.494;33.597;0.264;0.371;0;0.000;0.000;0.000;2.388;3.124872;4.232206;5.786083;43.830511;5.687268;7.702614;10.530670;79.771530;3.124664;3.645460;5.792201;43.927041;5.686889;6.634736;10.541806;79.947215;3.020468;4.010267;5.703042;43.862124;5.497252;7.298686;10.379537;79.829066;3.021020;3.627997;5.709782;43.946086;5.498256;6.602955;10.391804;79.981877
268;1;1;0.000000;0.000000;1.000000;1423.964497;1424.163116;1424.164548;805329;165694;158715;149636;149636;1871;2394176;100.000;1672.594;574.615;616.812;20.575;95.788;18.581;0.000;0.000;0.735;1.431;51.378;198.619;200.051;200.051;-4.273;33.552;0.218;0.361;0;0.000;0.000;0.000;7.433;3.204541;4.320586;5.958830;53.978353;5.832265;7.863466;10.845071;98.240603;3.205320;3.844467;5.966237;54.064420;5.833683;6.996930;10.858552;98.397245;3.098798;4.095759;5.874300;53.921050;5.639812;7.454282;10.691225;98.136312;3.099738;3.825740;5.881116;54.018119;5.641524;6.962846;10.703631;98.312977
269;1;1;0.000000;0.000000;1.000000;1423.997806;1424.196719;1424.198446;805419;163971;157353;148420;148420;1856;2374720;100.000;1375.013;569.945;611.804;20.358;95.964;18.428;0.000;0.000;0.659;1.727;38.148;198.913;200.641;200.641;-3.708;33.603;0.269;0.356;0;0.000;0.000;0.000;2.202;3.211730;4.283928;6.031265;53.900450;5.845348;7.796749;10.976902;98.098818;3.211985;4.075735;6.036005;54.162199;5.845812;7.417838;10.985528;98.575202;3.110712;4.074460;5.952303;46.475942;5.661495;7.415518;10.833192;84.586215;3.111610;4.065341;5.957633;46.596194;5.663131;7.398920;10.842893;84.805074
270;1;1;0.000000;0.000000;1.000000;1424.030997;1424.229384;1424.230763;804474;161620;155209;146600;146600;1833;2345600;100.000;1699.906;562.956;604.296;20.090;96.033;18.223;0.000;0.000;0.691;1.380;50.052;198.386;199.766;199.766;-4.724;32.665;0.669;0.375;0;0.000;0.000;0.000;2.190;3.298072;4.397215;6.147029;47.960359;6.002491;8.002930;11.187593;87.287854;3.298728;4.087342;6.151087;48.225611;6.003686;7.438962;11.194978;87.770613;3.195176;4.181014;6.066928;47.897185;5.815220;7.609446;11.041808;87.172876;3.196261;4.074456;6.071347;48.192722;5.817195;7.415510;11.049851;87.710753
271;1;1;0.000000;0.000000;1.000000;1424.064487;1424.263157;1424.264844;796101;181623;158138;145088;145088;1814;2321408;100.000;1375.914;557.150;598.062;22.814;87.069;18.225;0.000;0.000;0.682;1.687;40.409;198.670;200.357;200.357;-3.977;33.774;0.440;0.379;0;0.000;0.000;0.000;2.180;4.737870;7.122107;7.420845;162.846976;8.622924;12.962234;13.505937;296.381496;4.738744;4.205366;7.425096;162.916002;8.624515;7.653765;13.513675;296.507123;4.511749;6.560036;7.211175;138.647941;8.211384;11.939266;13.124338;252.339253;4.513148;4.038552;7.216166;138.709980;8.213929;7.350164;13.133422;252.452163
272;1;1;0.000000;0.000000;1.000000;1424.097802;1424.296076;1424.297452;805073;170748;156069;144742;144742;1810;2315872;100.000;1682.725;555.822;596.643;21.209;91.403;17.979;0.000;0.000;0.712;1.376;51.734;198.273;199.650;199.650;-4.702;32.919;0.415;0.381;0;0.000;0.000;0.000;2.262;4.107534;5.791675;6.971119;70.613138;7.475711;10.540849;12.687437;128.515912;4.108700;4.238431;6.977794;70.665837;7.477834;7.713945;12.699586;128.611824;3.939201;5.427217;6.814456;63.565025;7.169345;9.877534;12.402309;115.688346;3.941127;4.167084;6.822109;63.694947;7.172851;7.584094;12.416238;115.924804
273;1;1;0.000000;0.000000;1.000000;1424.131150;1424.330076;1424.331744;797204;168031;154647;144320;144320;1804;2309120;100.000;1384.237;554.201;594.887;21.078;92.035;18.103;0.000;0.000;0.660;1.668;39.573;198.925;200.594;200.594;-3.744;34.000;0.667;0.399;0;0.000;0.000;0.000;2.245;4.054691;5.846399;6.785590;81.349044;7.379537;10.640445;12.349774;148.055260;4.055704;3.880803;6.792358;81.509993;7.381381;7.063061;12.362092;148.348187;3.846718;5.336083;6.587964;67.725487;7.001026;9.711670;11.990095;123.260386;3.849311;3.766720;6.597973;67.708433;7.005745;6.855431;12.008312;123.229348
274;1;1;0.000000;0.000000;1.000000;1424.164465;1424.363420;1424.364782;805139;166278;154233;144042;144042;1801;2304672;100.000;1691.931;553.134;593.752;20.652;92.756;17.890;0.000;0.000;0.712;1.362;52.249;198.954;200.317;200.317;-4.039;33.344;0.011;0.375;0;0.000;0.000;0.000;2.265;4.017590;5.859567;6.840980;70.944682;7.312014;10.664411;12.450583;129.119320;4.017449;4.037850;6.848449;70.857808;7.311757;7.348887;12.464177;128.961210;3.807608;5.342644;6.645711;70.834088;6.929847;9.723611;12.095193;128.918041;3.808782;3.933615;6.655559;70.798682;6.931983;7.159178;12.113117;128.853601
275;1;1;0.000000;0.000000;1.000000;1424.197272;1424.396644;1424.398322;808073;164563;153180;144130;144130;1802;2306080;100.000;1374.897;553.472;594.112;20.365;93.083;17.836;0.000;0.000;0.697;1.677;41.580;199.372;201.050;201.050;-3.833;33.225;0.109;0.358;0;0.000;0.000;0.000;2.246;3.647807;5.188568;6.405621;62.506951;6.639009;9.443194;11.658230;113.762650;3.648344;3.915583;6.410642;62.367638;6.639986;7.126361;11.667369;113.509101;3.470254;4.776341;6.240526;61.870445;6.315862;8.692941;11.357758;112.604210;3.472146;3.839995;6.247732;61.953965;6.319306;6.988791;11.370872;112.756217
276;1;1;0.000000;0.000000;1.000000;1424.231191;1424.429915;1424.431288;813584;164571;154318;144164;144164;1803;2306624;100.000;1679.688;553.602;594.265;20.228;93.770;17.720;0.000;0.000;0.692;1.373;50.405;198.724;200.097;200.097;-4.200;33.270;0.063;0.340;0;0.000;0.000;0.000;2.254;3.526736;4.921346;6.378226;64.509702;6.418660;8.956849;11.608372;117.407658;3.527263;4.036099;6.383676;64.405635;6.419619;7.345701;11.618290;117.218255;3.371077;4.563722;6.236159;54.901058;6.135360;8.305974;11.349810;99.919925;3.372518;3.981331;6.243470;54.982926;6.137982;7.246022;11.363116;100.068925
277;1;1;0.000000;0.000000;1.000000;1424.264205;1424.463926;1424.465279;812306;163678;153980;144334;144334;1805;2309344;100.000;1706.212;554.255;594.963;20.150;94.075;17.768;0.000;0.000;0.658;1.354;48.598;199.721;201.074;201.074;-3.542;34.011;0.678;0.361;0;0.000;0.000;0.000;2.398;3.349447;4.653053;6.164563;65.606482;6.095993;8.468557;11.219506;119.403798;3.349246;3.972418;6.169817;65.424546;6.095628;7.229801;11.229067;119.072674;3.203860;4.327557;6.033334;60.446525;5.831026;7.876153;10.980668;110.012675;3.204429;3.927123;6.039806;60.313149;5.832061;7.147365;10.992447;109.769932
278;1;1;0.000000;0.000000;1.000000;1424.297855;1424.496202;1424.497884;817500;163269;154667;144850;144850;1811;2317600;100.000;1377.520;556.236;597.080;19.972;94.731;17.719;0.000;0.000;0.652;1.682;38.733;198.346;200.029;200.029;-4.270;32.276;1.058;0.405;0;0.000;0.000;0.000;2.440;3.265647;4.482622;6.072476;54.464678;5.943477;8.158371;11.051906;99.125713;3.266161;3.932676;6.077448;54.476730;5.944412;7.157471;11.060955;99.147649;3.143776;4.218948;5.971202;54.496507;5.721671;7.678485;10.867589;99.183642;3.145240;3.912417;5.977070;54.493403;5.724338;7.120598;10.878268;99.177994
279;1;1;0.000000;0.000000;1.000000;1424.330931;1424.530169;1424.531556;824803;164265;155679;147006;147006;1838;2352096;100.000;1695.529;564.516;605.968;19.916;94.773;17.823;0.000;0.000;0.692;1.387;49.861;199.238;200.625;200.625;-3.932;33.967;0.634;0.419;0;0.000;0.000;0.000;2.312;3.224766;4.421837;5.976522;52.251422;5.869074;8.047743;10.877270;95.097589;3.225189;3.732686;5.981856;52.259928;5.869844;6.793488;10.886978;95.113068;3.112431;4.183962;5.887141;52.307398;5.664624;7.614812;10.714597;95.199464;3.113634;3.716632;5.893468;52.323083;5.666814;6.764271;10.726113;95.228011
280;1;1;0.000000;0.000000;1.000000;1424.364245;1424.563195;1424.564950;813944;166141;158254;149388;149388;1868;2390208;100.000;1362.091;573.662;615.792;20.412;95.253;18.354;0.000;0.000;0.717;1.755;40.882;198.950;200.705;200.705;-3.871;33.027;0.307;0.412;0;0.000;0.000;0.000;2.344;3.264122;4.411446;5.931136;50.234704;5.940701;8.028831;10.794668;91.427162;3.264108;3.514474;5.935286;50.416999;5.940677;6.396343;10.802220;91.758939;3.152404;4.172317;5.846003;50.261487;5.737375;7.593618;10.639726;91.475907;3.153093;3.507565;5.851034;50.418287;5.738629;6.383768;10.648882;91.761282
281;1;1;0.000000;0.000000;1.000000;1424.397724;1424.596783;1424.598736;815307;166016;158480;150146;150146;1877;2402336;100.000;1230.171;576.573;618.906;20.362;95.461;18.416;0.000;0.000;0.855;1.953;43.807;199.059;201.012;201.012;-3.418;33.588;0.255;0.402;0;0.000;0.000;0.000;2.368;3.190316;4.373261;5.811392;58.539696;5.806375;7.959335;10.576733;106.542246;3.189574;3.468964;5.813610;58.676367;5.805025;6.313514;10.580770;106.790987;3.067657;4.105046;5.707675;58.555474;5.583135;7.471184;10.387969;106.570962;3.067272;3.438274;5.709843;58.678680;5.582435;6.257659;10.391914;106.795198
282;1;1;0.000000;0.000000;1.000000;1424.431107;1424.630159;1424.633861;816329;165440;158206;149960;149960;1875;2399360;100.000;648.138;575.859;618.146;20.266;95.627;18.370;0.000;0.000;2.842;3.702;76.772;199.052;202.754;202.754;-1.627;33.375;0.042;0.380;0;0.000;0.000;0.000;5.739;3.228916;4.357311;5.883533;60.048346;5.876627;7.930307;10.708031;109.287989;3.228608;3.479219;5.886287;60.121594;5.876066;6.332178;10.713042;109.421300;3.106151;4.094820;5.780141;60.093047;5.653195;7.452572;10.519856;109.369346;3.106731;3.453821;5.783562;60.133034;5.654250;6.285954;10.526082;109.442122
283;1;1;0.000000;0.000000;1.000000;1424.463534;1424.663303;1424.664718;813249;163646;156455;148574;148574;1858;2377184;100.000;1680.441;570.537;612.441;20.122;95.606;18.269;0.000;0.000;0.691;1.415;48.863;199.769;201.183;201.183;-4.103;33.144;0.189;0.368;0;0.000;0.000;0.000;2.319;3.311841;4.438393;6.001402;56.083654;6.027551;8.077874;10.922552;102.072251;3.312125;3.524317;6.005819;55.847283;6.028068;6.414257;10.930590;101.642056;3.195888;4.184316;5.902904;49.615233;5.816517;7.615456;10.743286;90.299725;3.196697;3.492447;5.907959;49.876140;5.817989;6.356254;10.752485;90.774575
284;1;1;0.000000;0.000000;1.000000;1424.497750;1424.698029;1424.699720;809333;161321;154158;146866;146866;1836;2349856;100.000;1390.092;563.978;605.386;19.933;95.560;18.147;0.000;0.000;0.677;1.690;40.033;200.279;201.970;201.970;-2.435;34.726;1.393;0.432;0;0.000;0.000;0.000;2.670;3.224125;4.349797;5.774216;45.803700;5.867907;7.916630;10.509072;83.362733;3.224565;3.279327;5.778868;45.950223;5.868709;5.968374;10.517540;83.629405;3.105627;4.091401;5.674032;45.843447;5.652240;7.446350;10.326739;83.435074;3.107317;3.247933;5.680601;45.964390;5.655316;5.911237;10.338694;83.655190
285;1;1;0.000000;0.000000;1.000000;1424.530736;1424.730785;1424.732168;815482;159554;152609;145550;145550;1820;2328800;100.000;1684.865;558.924;599.971;19.566;95.647;17.848;0.000;0.000;0.672;1.382;48.627;200.049;201.431;201.431;-3.320;32.756;0.577;0.441;0;0.000;0.000;0.000;2.312;3.338853;4.455933;6.027297;51.773195;6.076713;8.109798;10.969681;94.227215;3.339991;3.507259;6.034240;52.077662;6.078783;6.383211;10.982317;94.781344;3.223615;4.212264;5.930858;46.139821;5.866979;7.666321;10.794161;83.974475;3.226117;3.479422;5.939671;46.113700;5.871533;6.332549;10.810202;83.926933
286;1;1;0.000000;0.000000;1.000000;1424.564098;1424.763403;1424.765094;814633;181574;157734;144160;144160;1802;2306560;100.000;1364.037;553.587;594.228;22.289;86.870;17.696;0.000;0.000;0.674;1.691;39.865;199.305;200.996;200.996;-3.727;32.618;0.715;0.458;0;0.000;0.000;0.000;2.267;4.920926;7.379678;7.615720;287.497309;8.956086;13.431013;13.860610;523.245103;4.921143;4.125322;7.617773;287.328259;8.956479;7.508085;13.864346;522.937432;4.682245;6.753560;7.393735;153.615699;8.521687;12.291480;13.456598;279.580572;4.684430;3.928076;7.399797;153.707986;8.525663;7.149098;13.467631;279.748535
287;1;1;0.000000;0.000000;1.000000;1424.597470;1424.796848;1424.798225;814941;172001;156117;142853;142853;1786;2285648;100.000;1659.775;548.568;588.848;21.106;90.765;17.529;0.000;0.000;0.672;1.377;48.776;199.377;200.755;200.755;-3.930;33.444;0.111;0.436;0;0.000;0.000;0.000;2.243;4.192491;5.822138;6.892155;70.540119;7.630334;10.596292;12.543723;128.383017;4.193031;3.696551;6.896060;70.709024;7.631316;6.727723;12.550829;128.690423;4.036847;5.491871;6.753834;70.567938;7.347061;9.995205;12.291979;128.433647;4.038772;3.628693;6.760201;70.731411;7.350566;6.604222;12.303566;128.731168
288;1;1;0.000000;0.000000;1.000000;1424.630841;1424.830052;1424.831405;818847;168391;154582;142468;142468;1781;2279488;100.000;1684.187;547.090;587.256;20.564;91.799;17.399;0.000;0.000;0.680;1.353;50.218;199.211;200.564;200.564;-4.082;33.204;0.129;0.417;0;0.000;0.000;0.000;2.223;4.074399;5.796989;6.861874;73.775351;7.415407;10.550520;12.488611;134.271138;4.074029;3.858409;6.866044;73.876564;7.414733;7.022304;12.496200;134.455346;3.886771;5.362274;6.691850;70.348256;7.073924;9.759339;12.179166;128.033825;3.887924;3.775673;6.698623;70.476566;7.076021;6.871725;12.191494;128.267350
289;1;1;0.000000;0.000000;1.000000;1424.664592;1424.863730;1424.865385;824052;165899;153462;142484;142484;1782;2279744;100.000;1377.369;547.151;587.340;20.132;92.503;17.291;0.000;0.000;0.643;1.655;38.844;199.138;200.793;200.793;-3.436;33.678;0.345;0.413;0;0.000;0.000;0.000;2.342;3.992917;5.702731;6.847616;72.542107;7.267110;10.378970;12.462662;132.026634;3.992006;3.970614;6.847643;72.733860;7.265452;7.226517;12.462710;132.375625;3.804089;5.262226;6.678073;71.758678;6.923443;9.577251;12.154093;130.600793;3.805152;3.895472;6.681752;71.891108;6.925376;7.089759;12.160789;130.841817
290;1;1;0.000000;0.000000;1.000000;1424.697273;1424.896289;1424.897651;835458;165177;153648;143172;143172;1790;2290752;100.000;1682.571;549.793;590.163;19.771;93.020;17.137;0.000;0.000;0.665;1.361;48.836;199.016;200.378;200.378;-4.504;32.560;0.774;0.435;0;0.000;0.000;0.000;2.257;3.802247;5.328974;6.870299;63.505492;6.920090;9.698733;12.503945;115.579995;3.803192;4.445386;6.875534;63.586567;6.921809;8.090602;12.513472;115.727551;3.622795;4.924615;6.714351;57.513714;6.593488;8.962799;12.220120;104.674960;3.625477;4.403180;6.722726;57.641938;6.598367;8.013787;12.235362;104.908327
291;1;1;0.000000;0.000000;1.000000;1424.730488;1424.930091;1424.931763;819605;163945;154253;143314;143314;1792;2293024;100.000;1371.612;550.338;590.753;20.003;94.088;17.486;0.000;0.000;0.656;1.672;39.209;199.604;201.276;201.276;-3.724;33.802;0.469;0.437;0;0.000;0.000;0.000;2.222;3.632027;4.961104;6.502921;57.363920;6.610288;9.029209;11.835316;104.402335;3.633197;3.995594;6.508513;57.271558;6.612419;7.271982;11.845493;104.234236;3.476837;4.612655;6.375540;53.096245;6.327843;8.395033;11.603483;96.635166;3.479717;3.969406;6.384700;53.158676;6.333085;7.224318;11.620153;96.748789
292;1;1;0.000000;0.000000;1.000000;1424.764294;1424.963053;1424.964437;827799;162988;153764;143732;143732;1797;2299712;100.000;1661.345;551.943;592.471;19.689;94.341;17.363;0.000;0.000;0.720;1.384;52.027;198.759;200.143;200.143;-4.384;32.961;0.372;0.433;0;0.000;0.000;0.000;2.377;3.456531;4.698218;6.370752;56.491620;6.290886;8.550756;11.594769;102.814749;3.456963;4.107142;6.374635;56.517015;6.291672;7.474999;11.601836;102.860968;3.317589;4.396881;6.260502;52.630793;6.038011;8.002323;11.394113;95.788044;3.319254;4.094713;6.266737;52.566474;6.041043;7.452378;11.405462;95.670984
293;1;1;0.000000;0.000000;1.000000;1424.797502;1424.996702;1424.998367;830771;162424;154020;144010;144010;1801;2304160;100.000;1383.924;553.011;593.629;19.551;94.826;17.335;0.000;0.000;0.692;1.665;41.574;199.200;200.865;200.865;-3.787;33.649;0.316;0.426;0;0.000;0.000;0.000;2.296;3.358961;4.562876;6.295749;50.397786;6.113309;8.304434;11.458264;91.723971;3.360637;4.177115;6.302701;50.451752;6.116359;7.602349;11.470915;91.822188;3.229554;4.285268;6.188375;50.432445;5.877789;7.799187;11.262842;91.787049;3.232181;4.158194;6.196470;50.457580;5.882569;7.567913;11.277575;91.832795
294;1;1;0.000000;0.000000;1.000000;1424.830974;1425.035132;1425.043834;835004;163241;155696;145768;145768;1823;2332288;100.000;268.038;559.762;600.876;19.550;95.378;17.457;0.000;0.000;7.832;8.702;90.008;204.158;212.860;212.860;8.346;38.430;5.097;0.718;0;0.000;0.000;0.000;7.773;3.240591;4.371958;6.110407;48.303855;5.897876;7.956964;11.120940;87.913016;3.241414;3.915475;6.115054;48.207989;5.899373;7.126164;11.129399;87.738539;3.121480;4.115466;6.011528;48.365833;5.681093;7.490149;10.940981;88.025817;3.122749;3.894095;6.016455;48.237600;5.683403;7.087254;10.949948;87.792431
295;1;1;0.000000;0.000000;1.000000;1424.863885;1425.097358;1425.103648;814967;164677;157383;148094;148094;1852;2369504;100.000;376.738;568.693;610.462;20.207;95.571;18.172;0.000;0.000;5.500;6.290;87.446;233.474;239.763;239.763;34.827;62.226;28.893;2.479;0;0.000;0.000;0.000;4.279;3.159364;4.265145;5.723422;50.912227;5.750043;7.762564;10.416629;92.660253;3.159606;3.301624;5.726316;50.881938;5.750484;6.008956;10.421896;92.605127;3.049895;4.035239;5.640298;50.983502;5.550809;7.344136;10.265341;92.789973;3.050484;3.292299;5.643500;50.869521;5.551881;5.991985;10.271170;92.582529
296;1;1;0.000000;0.000000;1.000000;1424.897833;1425.115841;1425.117029;818656;165436;158213;149404;149404;1868;2390464;100.000;2013.499;573.724;615.853;20.208;95.634;18.250;0.000;0.000;0.727;1.187;61.227;218.008;219.195;219.195;14.874;18.483;14.850;3.252;0;0.000;0.000;0.000;2.492;3.147912;4.229954;5.767599;46.820619;5.729200;7.698516;10.497031;85.213527;3.148155;3.419467;5.769576;46.774758;5.729642;6.223430;10.500628;85.130060;3.037513;3.993814;5.678737;46.871262;5.528274;7.268742;10.335302;85.305698;3.038240;3.398417;5.681090;46.777298;5.529596;6.185118;10.339584;85.134682
297;1;1;0.000000;0.000000;1.000000;1424.930801;1425.136473;1425.137626;819807;165095;157944;149370;149370;1868;2389920;100.000;2073.068;573.593;615.723;20.138;95.669;18.220;0.000;0.000;0.685;1.153;59.407;205.672;206.825;206.825;2.138;20.632;12.702;3.843;0;0.000;0.000;0.000;5.833;3.177664;4.245272;5.851163;54.817549;5.783349;7.726395;10.649116;99.767940;3.177973;3.570670;5.853976;55.016409;5.783911;6.498620;10.654236;100.129864;3.072809;4.026333;5.769789;47.324192;5.592512;7.327926;10.501016;86.130029;3.073529;3.560795;5.772915;47.385431;5.593823;6.480648;10.506706;86.241484
298;1;1;0.000000;0.000000;1.000000;1424.964473;1425.158127;1425.159866;814766;163322;156439;148012;148012;1851;2368192;100.000;1361.234;568.379;610.125;20.045;95.786;18.166;0.000;0.000;1.184;1.740;68.074;193.653;195.393;195.393;-8.955;21.654;11.680;4.332;0;0.000;0.000;0.000;2.221;3.224536;4.268350;5.895729;47.986253;5.868655;7.768396;10.730227;87.334980;3.225213;3.485706;5.898297;47.943621;5.869888;6.343984;10.734900;87.257390;3.122876;4.057977;5.813937;47.995681;5.683635;7.385518;10.581366;87.352140;3.124049;3.468542;5.817177;47.941958;5.685768;6.312747;10.587262;87.254364
299;1;1;0.000000;0.000000;1.000000;1424.997521;1425.196126;1425.200539;809259;160733;153953;146174;146174;1828;2338784;100.000;529.982;561.321;602.548;19.862;95.782;18.063;0.000;0.000;4.024;4.413;91.193;198.604;203.017;203.017;-1.616;37.999;4.666;4.353;0;0.000;0.000;0.000;2.468;3.288747;4.377152;5.998011;50.434328;5.985519;7.966416;10.916380;91.790476;3.288968;3.620466;6.001665;50.514451;5.985922;6.589249;10.923030;91.936301;3.180939;4.155781;5.909970;50.465282;5.789309;7.563521;10.756146;91.846814;3.182404;3.599515;5.914570;50.529640;5.791976;6.551117;10.764517;91.963945
300;1;1;0.000000;0.000000;1.000000;1425.031002;1425.230657;1425.232022;812212;158464;151575;144110;144110;1802;2305760;100.000;1689.542;553.395;594.036;19.510;95.653;17.743;0.000;0.000;0.643;1.365;47.119;199.656;201.021;201.021;-3.466;34.532;1.198;4.156;0;0.000;0.000;0.000;2.250;3.372148;4.484472;6.110224;48.199443;6.137309;8.161739;11.120608;87.722987;3.374207;3.655552;6.118343;48.554879;6.141058;6.653105;11.135385;88.369880;3.260716;4.255492;6.017485;45.635229;5.934503;7.744996;10.951822;83.056117;3.263591;3.631216;6.026734;45.702644;5.939735;6.608813;10.968655;83.178813
