frame_id;rx_complete;tx_complete;current_skip;yaw;pitch;zoom;camera_send_timestamp;recv_start_timestamp;node_exit_timestamp;original_points;rx_media_bytes;tx_points;rx_packets;tx_packets;payload_bytes;reference_size_bytes;data_integrity_pct;internal_throughput_mbs;reference_throughput_mbs;logical_bitrate_mbps;network_bitrate_mbps;reference_bitrate_mbps;arrived_points;eroded_points;valid_points;erosion_ms;reconstruction_ms;pose_ms;reconstruction_pipeline_ms;tx_duration_ms;active_tx_ms;active_process_ms;reference_process_ms;total_processing_ms;total_residency_ms;reference_residency_ms;node_efficiency_pct;reference_efficiency_pct;gpu_transfer_ms;gpu_copyback_ms;host_overhead_ms;camera_node_ms;e2e_latency_ms;schedule_delay_ms;inter_arrival_ms;instant_jitter_ms;desynced_jitter_ms;pose_control_ms;codec_queue_ms;frame_queue_ms;codec_backlog;decode_service_ms;decode_h265_ms;ffmpeg_write_calls;ffmpeg_write_failures;codec_queue_drops;tx_zero_accepts;tx_partial_accepts;tx_resubmit_calls;tx_resubmitted_packets;mbuf_starvation
1;1;1;1;0.000000;0.000000;1.000000;1415.063591;1415.137741;1415.270664;784142;142128;146318;108;1829;142128;154656;100.000;132.022;143.570;561.874;603.123;37.117;178911;159140;146318;0.209;0.124;0.077;2.979;1.948;0.110;32.762;30.737;132.892;132.923;128.652;24.647;23.892;1.402;0.191;0.978;74.150;207.073;132.923;0.000;0.000;0.000;0.000;0.031;0.000;56;27.835;125.640;6;0;0;0;0;0;0;0
2;1;1;1;0.000000;0.000000;1.000000;1415.096046;1415.171927;1415.303590;783406;28952;144182;22;1803;28952;31504;100.000;716.777;777.594;553.671;594.335;7.561;169393;156499;144182;0.212;0.124;0.077;2.091;1.980;0.109;37.941;35.884;116.327;131.664;127.452;28.817;28.155;1.386;0.188;0.105;75.881;207.544;132.516;34.186;0.853;0.053;0.000;15.336;0.001;29;33.870;110.022;1;0;0;0;0;0;0;0
3;1;1;1;0.000000;0.000000;1.000000;1415.130236;1415.208560;1415.337205;780200;22936;141754;18;1772;22936;25024;100.000;0.754;0.819;544.348;584.312;6.006;164369;153953;141754;0.207;0.124;0.076;2.079;1.980;0.319;37.705;35.650;128.605;128.645;124.456;29.310;28.644;1.383;0.185;0.103;78.324;206.969;132.797;36.633;3.300;0.256;0.000;0.040;0.000;11;33.647;122.336;4;0;0;0;0;0;0;0
4;1;1;1;0.000000;0.000000;1.000000;1415.163860;1415.239171;1415.370689;778467;22560;139430;18;1743;22560;24648;100.000;0.669;0.728;535.424;574.733;5.916;160176;150044;139430;0.211;0.124;0.076;2.088;2.153;0.516;37.541;35.313;131.486;131.518;127.158;28.544;27.771;1.384;0.183;0.111;75.311;206.829;132.949;30.611;2.722;0.410;0.000;0.032;0.000;10;33.300;125.036;4;0;0;0;0;0;0;0
5;1;1;1;0.000000;0.000000;1.000000;1415.198083;1415.273103;1415.403936;776427;21996;137802;17;1723;21996;23968;100.000;0.656;0.712;529.172;568.031;5.752;157416;147596;137802;0.202;0.115;0.070;2.053;1.838;0.102;37.287;35.379;130.797;130.834;126.591;28.500;27.947;1.385;0.180;0.102;75.020;205.854;132.863;33.931;0.598;0.422;0.000;0.037;0.001;10;33.396;124.499;4;0;0;0;0;0;0;0
6;1;1;1;0.000000;0.000000;1.000000;1415.231183;1415.306834;1415.435079;774893;24440;137230;19;1716;24440;26644;100.000;0.736;0.800;526.976;565.676;6.395;155704;146684;137230;0.201;0.114;0.070;2.046;1.779;0.265;35.511;33.662;128.191;128.245;124.542;27.690;27.029;1.378;0.180;0.104;75.651;203.896;130.672;33.731;0.398;0.421;0.000;0.054;0.001;18;31.685;122.440;2;0;0;0;0;0;0;0
7;1;1;1;0.000000;0.000000;1.000000;1415.264126;1415.340225;1415.467015;775949;24816;137590;19;1720;24816;27020;100.000;0.751;0.815;528.358;567.149;6.485;155769;147285;137590;0.200;0.114;0.071;2.052;1.424;0.324;35.723;34.228;126.765;126.790;123.406;28.174;27.736;1.385;0.180;0.103;76.099;202.889;129.275;33.391;0.058;0.398;0.000;0.025;0.001;9;32.247;121.328;4;0;0;0;0;0;0;0
8;1;1;1;0.000000;0.000000;1.000000;1415.297525;1415.373444;1415.504858;775463;26132;137746;20;1722;26132;28452;100.000;0.819;0.889;528.957;567.793;6.828;154945;147291;137746;0.193;0.114;0.071;2.057;1.472;0.086;40.920;39.377;131.349;131.414;127.587;31.138;30.863;1.382;0.193;0.105;75.919;207.333;133.784;33.219;0.115;0.380;0.000;0.065;0.000;19;37.391;125.463;2;0;0;0;0;0;0;0
9;1;1;1;0.000000;0.000000;1.000000;1415.330855;1415.405566;1415.530843;775698;25944;138024;20;1726;25944;28264;100.000;0.805;0.874;530.025;568.951;6.783;154624;147515;138024;0.199;0.115;0.071;2.409;1.507;0.348;29.889;28.312;125.234;125.277;121.801;23.859;23.245;1.741;0.180;0.104;74.711;199.988;126.436;32.122;1.211;0.432;0.000;0.043;0.000;10;25.974;119.341;3;0;0;0;0;0;0;0
10;1;1;1;0.000000;0.000000;1.000000;1415.364220;1415.438012;1415.564320;778020;25192;138278;20;1729;25192;27512;100.000;0.607;0.660;531.000;569.994;6.603;153992;146840;138278;0.181;0.108;0.065;1.981;1.313;0.078;37.430;36.053;126.245;126.308;123.067;29.634;29.295;1.357;0.181;0.091;73.792;200.100;126.580;32.446;0.887;0.461;0.000;0.062;0.000;19;34.136;121.022;2;0;0;0;0;0;0;0
11;1;1;1;0.000000;0.000000;1.000000;1415.397575;1415.479728;1415.597255;778554;24064;139114;19;1739;24064;26268;100.000;1.168;1.271;534.210;573.430;6.304;154581;147771;139114;0.190;0.108;0.070;2.111;1.555;0.354;36.224;34.600;117.504;117.527;114.043;30.822;30.339;1.470;0.181;0.092;82.152;199.680;126.181;41.715;8.382;0.956;0.000;0.024;0.000;9;32.559;111.907;3;0;0;0;0;0;0;0
12;1;1;1;0.000000;0.000000;1.000000;1415.430753;1415.500471;1415.630051;779986;25756;140496;20;1757;25756;28076;100.000;0.737;0.801;539.517;579.143;6.738;155588;149026;140496;0.185;0.108;0.066;2.054;1.290;0.081;36.413;35.058;129.553;129.580;126.315;28.101;27.754;1.421;0.183;0.093;69.718;199.297;125.643;20.744;12.590;1.683;0.000;0.026;0.000;14;33.069;124.233;3;0;0;0;0;0;0;0
13;1;1;1;0.000000;0.000000;1.000000;1415.463898;1415.535658;1415.664323;780926;26132;142868;20;1786;26132;28452;100.000;0.795;0.862;548.626;588.905;6.828;157785;151108;142868;0.183;0.108;0.067;1.987;1.368;0.085;37.610;36.176;128.624;128.665;125.320;29.231;28.867;1.355;0.185;0.090;71.760;200.425;126.582;35.187;1.853;1.693;0.000;0.041;0.000;16;34.256;123.291;3;0;0;0;0;0;0;0
14;1;1;1;0.000000;0.000000;1.000000;1415.497501;1415.568762;1415.698337;782770;26696;144928;21;1812;26696;29132;100.000;0.819;0.891;556.536;597.402;6.992;159421;153009;144928;0.185;0.110;0.067;1.999;1.576;0.405;37.304;35.661;129.531;129.575;125.959;28.789;28.311;1.359;0.189;0.089;71.261;200.836;127.263;33.104;0.229;1.602;0.000;0.044;0.001;20;33.728;123.914;2;0;0;0;0;0;0;0
15;1;1;1;0.000000;0.000000;1.000000;1415.531003;1415.601566;1415.730580;784474;27260;146044;21;1826;27260;29696;100.000;0.802;0.871;560.821;602.004;7.127;159965;153314;146044;0.182;0.106;0.067;1.994;1.348;0.082;35.838;34.424;128.969;129.014;125.649;27.779;27.397;1.356;0.190;0.093;70.563;199.577;126.172;32.804;0.530;1.535;0.000;0.045;0.000;20;32.496;123.608;2;0;0;0;0;0;0;0
16;1;1;1;0.000000;0.000000;1.000000;1415.564384;1415.635793;1415.763386;785193;131788;145822;101;1823;131788;143504;100.000;3.921;4.267;559.969;601.083;34.441;177968;156948;145822;0.183;0.108;0.066;2.282;1.573;0.369;36.154;34.516;127.573;127.593;124.011;28.336;27.833;1.641;0.190;0.096;71.409;199.002;125.645;34.227;0.894;1.495;0.000;0.020;0.000;57;32.299;121.707;6;0;0;0;0;0;0;0
17;1;1;1;0.000000;0.000000;1.000000;1415.597581;1415.669526;1415.796120;782720;28764;144126;22;1802;28764;31316;100.000;0.899;0.975;553.456;594.097;7.516;169127;155796;144126;0.180;0.106;0.065;2.840;1.357;0.073;36.574;35.152;126.550;126.595;123.217;28.891;28.529;1.811;0.187;0.491;71.944;198.539;125.046;33.732;0.399;1.426;0.000;0.045;0.000;21;32.377;120.331;2;0;0;0;0;0;0;0
18;1;1;1;0.000000;0.000000;1.000000;1415.630950;1415.701730;1415.829482;781613;23124;141930;18;1775;23124;25212;100.000;0.715;0.777;545.024;585.055;6.051;164376;152343;141930;0.179;0.105;0.066;2.668;1.519;0.353;37.623;36.039;127.720;127.752;124.279;29.450;28.998;1.815;0.184;0.319;70.781;198.532;125.074;32.205;1.129;1.408;0.000;0.031;0.000;17;33.436;121.578;2;0;0;0;0;0;0;0
19;1;1;1;0.000000;0.000000;1.000000;1415.664343;1415.734271;1415.863034;780006;22560;139740;18;1747;22560;24648;100.000;0.713;0.776;536.614;576.014;5.916;160684;150225;139740;0.184;0.106;0.063;2.671;1.305;0.077;37.741;36.372;128.727;128.762;125.515;29.310;28.978;1.809;0.182;0.325;69.928;198.690;125.293;32.541;0.792;1.369;0.000;0.035;0.000;17;33.765;122.801;2;0;0;0;0;0;0;0
20;1;1;1;0.000000;0.000000;1.000000;1415.697038;1415.766108;1415.896320;780302;22936;138346;18;1730;22936;25024;100.000;0.691;0.751;531.261;570.277;6.006;157894;148300;138346;0.184;0.105;0.063;2.727;1.499;0.354;37.280;35.717;130.177;130.212;126.792;28.630;28.170;1.820;0.180;0.374;69.070;199.282;125.246;31.836;1.497;1.377;0.000;0.035;0.000;17;33.054;124.028;2;0;0;0;0;0;0;0
21;1;1;1;0.000000;0.000000;1.000000;1415.730992;1415.799517;1415.929863;779066;25004;137844;19;1724;25004;27208;100.000;0.743;0.806;529.333;568.214;6.530;156303;147479;137844;0.179;0.104;0.063;2.340;1.312;0.085;37.759;36.383;130.328;130.345;127.105;28.968;28.624;1.710;0.180;0.103;68.525;198.870;125.455;33.409;0.076;1.296;0.000;0.018;0.000;11;34.107;124.746;3;0;0;0;0;0;0;0
22;1;1;1;0.000000;0.000000;1.000000;1415.764256;1415.833344;1415.962494;778280;24816;138092;19;1727;24816;27020;100.000;0.753;0.817;530.286;569.234;6.485;156434;148303;138092;0.179;0.105;0.063;2.248;1.275;0.074;36.308;34.970;129.134;129.150;125.974;28.113;27.759;1.626;0.180;0.094;69.088;198.238;124.754;33.827;0.494;1.246;0.000;0.016;0.000;8;32.785;123.709;4;0;0;0;0;0;0;0
23;1;1;1;0.000000;0.000000;1.000000;1415.797627;1415.866479;1415.996193;778907;25944;138240;20;1728;25944;28264;100.000;0.766;0.832;530.854;569.825;6.783;155826;148511;138240;0.181;0.104;0.065;2.938;1.492;0.375;37.193;35.637;129.677;129.714;126.296;28.673;28.217;1.813;0.180;0.595;68.852;198.566;125.119;33.135;0.198;1.180;0.000;0.037;0.000;19;32.764;123.320;2;0;0;0;0;0;0;0
24;1;1;1;0.000000;0.000000;1.000000;1415.830893;1415.900569;1416.030256;779289;24064;138556;19;1732;24064;26268;100.000;0.744;0.809;532.068;571.129;6.304;155133;147900;138556;1.148;0.111;0.066;4.077;1.293;0.078;38.495;37.137;129.634;129.687;126.475;29.683;29.363;1.465;0.180;1.107;69.676;199.363;125.849;34.090;0.756;1.154;0.000;0.053;0.000;18;33.126;122.343;2;0;0;0;0;0;0;0
25;1;1;1;0.000000;0.000000;1.000000;1415.864266;1415.933096;1416.062950;779739;25004;138952;19;1737;25004;27208;100.000;577.358;626.047;533.588;572.762;6.530;154951;148061;138952;0.180;0.108;0.063;3.033;1.503;0.362;38.046;36.479;129.834;129.854;126.418;29.299;28.856;1.811;0.181;0.690;68.831;198.684;125.209;32.527;0.806;1.132;0.000;0.020;0.000;14;33.509;123.364;2;0;0;0;0;0;0;0
26;1;1;1;0.000000;0.000000;1.000000;1415.897575;1415.965407;1416.096146;779364;26320;139454;20;1744;26320;28640;100.000;369.884;401.147;535.516;574.848;6.874;155091;148214;139454;0.181;0.106;0.065;2.799;1.257;0.074;37.724;36.403;130.698;130.739;127.544;28.855;28.541;1.797;0.182;0.468;67.832;198.571;125.072;32.311;1.023;1.125;0.000;0.041;0.000;14;33.668;124.703;2;0;0;0;0;0;0;0
27;1;1;1;0.000000;0.000000;1.000000;1415.930958;1415.998373;1416.130091;780025;26320;140520;20;1757;26320;28640;100.000;0.781;0.847;539.609;579.235;6.874;155666;148911;140520;0.178;0.105;0.063;3.482;1.560;0.392;37.982;36.359;131.695;131.719;128.204;28.836;28.360;1.818;0.183;1.133;67.414;199.133;125.684;32.966;0.368;1.078;0.000;0.023;0.000;13;32.940;124.698;3;0;0;0;0;0;0;0
28;1;1;1;0.000000;0.000000;1.000000;1415.964250;1416.032256;1416.162834;780373;26696;141820;21;1773;26696;29132;100.000;0.799;0.869;544.601;584.588;6.992;156450;150058;141820;0.183;0.105;0.065;2.779;1.284;0.075;37.794;36.446;130.545;130.578;127.352;28.944;28.618;1.810;0.185;0.431;68.006;198.584;125.093;33.883;0.549;1.045;0.000;0.033;0.000;13;33.731;124.538;3;0;0;0;0;0;0;0
29;1;1;1;0.000000;0.000000;1.000000;1415.997584;1416.065842;1416.196375;781651;28012;143812;22;1798;28012;30564;100.000;0.857;0.932;552.251;592.801;7.335;158178;151821;143812;0.187;0.104;0.066;2.445;1.292;0.079;37.534;36.177;130.495;130.533;127.239;28.755;28.432;1.808;0.187;0.093;68.258;198.791;125.301;33.587;0.253;0.995;0.000;0.038;0.000;21;33.797;124.746;2;0;0;0;0;0;0;0
30;1;1;1;0.000000;0.000000;1.000000;1416.030958;1416.098710;1416.229635;781375;26508;144756;21;1810;26508;28944;100.000;0.777;0.845;555.876;596.697;6.947;158959;152458;144756;0.178;0.106;0.065;2.182;1.560;0.390;37.044;35.420;130.900;130.925;127.414;28.294;27.799;1.551;0.189;0.092;67.751;198.676;125.228;32.868;0.466;0.962;0.000;0.025;0.000;14;33.303;125.206;3;0;0;0;0;0;0;0
31;1;1;1;0.000000;0.000000;1.000000;1416.064270;1416.133047;1416.263166;784392;130848;143948;100;1800;130848;142448;100.000;3.861;4.200;552.773;593.368;34.188;176776;155937;143948;0.184;0.106;0.065;2.801;1.321;0.075;37.204;35.819;130.079;130.119;126.780;28.593;28.252;1.810;0.187;0.450;68.778;198.897;125.426;34.338;1.004;0.965;0.000;0.040;0.000;31;33.082;123.938;7;0;0;0;0;0;0;0
32;1;1;1;0.000000;0.000000;1.000000;1416.097594;1416.167035;1416.297467;782671;29140;141972;23;1775;29140;31808;100.000;0.886;0.964;545.185;585.216;7.634;167802;154013;141972;1.181;0.110;0.067;4.117;1.587;0.368;38.478;36.825;130.403;130.432;126.886;29.501;29.022;1.473;0.185;1.102;69.441;199.872;126.393;33.988;0.654;0.946;0.000;0.029;0.000;17;32.775;122.739;3;0;0;0;0;0;0;0
33;1;1;1;0.000000;0.000000;1.000000;1416.130908;1416.200087;1416.329720;776999;23500;139814;18;1748;23500;25588;100.000;0.739;0.802;536.898;576.321;6.141;162473;151153;139814;0.182;0.105;0.063;3.249;1.279;0.079;37.960;36.617;129.602;129.632;126.403;29.283;28.969;1.812;0.182;0.902;69.179;198.812;125.312;33.052;0.281;0.904;0.000;0.030;0.000;17;33.432;123.122;2;0;0;0;0;0;0;0
34;1;1;1;0.000000;0.000000;1.000000;1416.164318;1416.232088;1416.363188;778650;22936;137648;18;1721;22936;25024;100.000;0.697;0.758;528.581;567.394;6.006;157983;147475;137648;0.183;0.104;0.065;3.234;1.518;0.367;38.054;36.471;131.075;131.100;127.692;29.027;28.562;1.808;0.180;0.894;67.770;198.870;125.447;32.000;1.333;0.931;0.000;0.025;0.000;13;33.302;124.431;4;0;0;0;0;0;0;0
35;1;1;1;0.000000;0.000000;1.000000;1416.197666;1416.265192;1416.396310;778007;23124;137154;18;1715;23124;25212;100.000;0.695;0.755;526.684;565.362;6.051;156457;146475;137154;0.179;0.104;0.065;3.446;1.213;0.071;37.841;36.564;131.093;131.117;127.984;28.861;28.569;1.814;0.180;1.103;67.526;198.644;125.236;33.105;0.229;0.887;0.000;0.025;0.000;10;33.182;124.512;3;0;0;0;0;0;0;0
36;1;1;1;0.000000;0.000000;1.000000;1416.230977;1416.298668;1416.430061;776483;25004;138046;19;1726;25004;27208;100.000;0.742;0.804;530.109;569.035;6.530;155937;147008;138046;0.183;0.104;0.065;3.616;1.272;0.077;38.413;37.077;131.347;131.393;128.205;29.235;28.920;1.813;0.179;1.272;67.692;199.084;125.654;33.476;0.143;0.840;0.000;0.046;0.000;18;33.525;124.541;2;0;0;0;0;0;0;0
37;1;1;1;0.000000;0.000000;1.000000;1416.264345;1416.332575;1416.464191;781287;26508;139346;21;1742;26508;28944;100.000;0.817;0.889;535.101;574.388;6.947;157460;149487;139346;1.090;0.110;0.067;4.318;1.572;0.399;38.977;37.338;131.599;131.616;128.089;29.614;29.150;1.783;0.181;1.088;68.230;199.846;126.451;33.906;0.573;0.824;0.000;0.017;0.000;9;33.086;123.752;4;0;0;0;0;0;0;0
38;1;1;1;0.000000;0.000000;1.000000;1416.297692;1416.365206;1416.496280;780329;27824;141098;22;1764;27824;30376;100.000;0.847;0.922;541.829;581.612;7.290;157637;150141;141098;0.182;0.105;0.065;2.797;1.271;0.078;37.994;36.659;131.040;131.074;127.866;28.987;28.670;1.814;0.183;0.448;67.513;198.588;125.206;32.631;0.703;0.816;0.000;0.034;0.000;13;33.926;125.034;3;0;0;0;0;0;0;0
39;1;1;1;0.000000;0.000000;1.000000;1416.331008;1416.398231;1416.530775;780785;29140;142238;23;1778;29140;31808;100.000;0.868;0.945;546.206;586.306;7.634;158178;150818;142238;1.198;0.110;0.068;4.212;1.587;0.387;38.497;36.843;132.502;132.544;128.974;29.045;28.566;1.562;0.185;1.090;67.224;199.767;126.368;33.026;0.308;0.784;0.000;0.042;0.000;14;32.698;124.701;5;0;0;0;0;0;0;0
40;1;1;1;0.000000;0.000000;1.000000;1416.364320;1416.431962;1416.563386;785430;29892;143844;23;1799;29892;32560;100.000;0.883;0.959;552.373;592.946;7.814;159340;152098;143844;0.185;0.106;0.066;3.571;1.333;0.091;38.387;36.988;131.377;131.424;128.088;29.208;28.877;1.813;0.188;1.213;67.642;199.066;125.646;33.731;0.397;0.760;0.000;0.047;0.000;22;33.482;124.468;2;0;0;0;0;0;0;0
41;1;1;1;0.000000;0.000000;1.000000;1416.397668;1416.465997;1416.596854;789479;31020;146416;24;1831;31020;33804;100.000;0.956;1.039;562.250;603.545;8.113;161458;154259;146416;0.181;0.106;0.066;3.002;1.621;0.390;38.346;36.659;130.835;130.857;127.209;29.303;28.818;1.813;0.190;0.646;68.329;199.186;125.780;34.035;0.702;0.757;0.000;0.022;0.000;15;33.723;124.183;4;0;0;0;0;0;0;0
42;1;1;1;0.000000;0.000000;1.000000;1416.431036;1416.498641;1416.630578;789348;31772;148106;25;1852;31772;34672;100.000;0.964;1.049;568.740;610.508;8.321;163190;156459;148106;1.139;0.112;0.069;4.048;1.379;0.083;38.311;36.863;131.903;131.937;128.498;29.037;28.688;1.461;0.193;1.075;67.605;199.542;126.171;32.644;0.690;0.752;0.000;0.034;0.000;18;32.883;124.414;3;0;0;0;0;0;0;0
43;1;1;1;0.000000;0.000000;1.000000;1416.464373;1416.531760;1416.663835;792714;31584;149298;24;1867;31584;34368;100.000;882.518;957.640;573.317;615.424;8.248;164183;157597;149298;0.181;0.108;0.067;3.123;1.675;0.383;38.673;36.932;132.024;132.075;128.332;29.281;28.778;1.815;0.194;0.759;67.386;199.461;126.094;33.119;0.215;0.719;0.000;0.051;0.000;24;33.876;125.157;1;0;0;0;0;0;0;0
44;1;1;1;0.000000;0.000000;1.000000;1416.497682;1416.565892;1416.697444;790865;31772;150365;25;1880;31772;34672;100.000;0.974;1.060;577.414;619.814;8.321;165393;158411;150365;0.186;0.109;0.067;2.208;1.392;0.090;38.348;36.889;131.521;131.552;128.035;29.150;28.812;1.557;0.195;0.095;68.210;199.762;126.370;34.133;0.799;0.724;0.000;0.031;0.000;18;34.747;125.794;3;0;0;0;0;0;0;0
45;1;1;1;0.000000;0.000000;1.000000;1416.531017;1416.598686;1416.729854;787976;32148;151606;25;1896;32148;35048;100.000;0.940;1.022;582.180;624.941;8.412;166115;159428;151606;0.181;0.109;0.068;2.340;1.368;0.081;36.019;34.583;131.117;131.168;127.687;27.460;27.084;1.685;0.197;0.102;67.669;198.837;125.446;32.793;0.540;0.712;0.000;0.051;0.000;24;32.311;125.295;2;0;0;0;0;0;0;0
46;1;1;1;0.000000;0.000000;1.000000;1416.564399;1416.633092;1416.763722;789717;145888;151650;111;1896;145888;158764;100.000;4.176;4.542;582.348;625.110;38.103;188890;165163;151650;0.183;0.110;0.066;3.181;1.666;0.401;37.598;35.866;130.588;130.630;126.876;28.782;28.269;1.814;0.197;0.812;68.694;199.323;125.981;34.407;1.073;0.735;0.000;0.042;0.000;30;32.751;123.651;7;0;0;0;0;0;0;0
47;1;1;1;0.000000;0.000000;1.000000;1416.597650;1416.668146;1416.797973;784950;29892;150558;23;1882;29892;32560;100.000;0.942;1.024;578.155;620.601;7.814;179115;163191;150558;0.188;0.108;0.067;4.547;1.445;0.084;38.950;37.439;129.774;129.828;126.151;30.001;29.678;1.613;1.220;1.352;70.495;200.323;126.899;35.053;1.720;0.796;0.000;0.054;0.001;22;32.958;121.547;2;0;0;0;0;0;0;0
48;1;1;1;0.000000;0.000000;1.000000;1416.631066;1416.700035;1416.830336;781130;24628;148538;19;1857;24628;26832;100.000;0.772;0.838;570.398;612.280;6.440;174491;161518;148538;0.182;0.108;0.067;3.419;1.642;0.408;38.535;36.826;130.275;130.301;126.611;29.574;29.086;1.811;0.193;1.058;68.968;199.269;125.928;31.889;1.444;0.837;0.000;0.026;0.000;16;33.474;123.164;3;0;0;0;0;0;0;0
49;1;1;1;0.000000;0.000000;1.000000;1416.664388;1416.732138;1416.863444;780468;24816;147276;19;1841;24816;27020;100.000;0.755;0.819;565.552;607.073;6.485;169683;158314;147276;0.179;0.106;0.066;3.081;1.367;0.082;38.166;36.734;131.280;131.306;127.898;29.067;28.721;1.809;0.191;0.729;67.750;199.056;125.704;32.103;1.230;0.861;0.000;0.026;0.000;10;33.718;124.781;4;0;0;0;0;0;0;0
50;1;1;1;0.000000;0.000000;1.000000;1416.697849;1416.765216;1416.896872;783376;25192;146748;20;1835;25192;27512;100.000;0.756;0.822;563.525;604.910;6.603;166714;156688;146748;0.185;0.108;0.066;3.004;1.610;0.384;37.922;36.246;131.614;131.656;128.053;28.804;28.306;1.812;0.191;0.643;67.367;199.022;125.798;33.078;0.255;0.824;0.000;0.041;0.000;19;33.308;125.006;2;0;0;0;0;0;0;0
51;1;1;1;0.000000;0.000000;1.000000;1416.731069;1416.798760;1416.930053;787237;29516;145970;23;1825;29516;32184;100.000;0.874;0.950;560.537;601.697;7.724;163927;154647;145970;0.181;0.108;0.066;2.869;1.354;0.078;37.753;36.333;131.239;131.293;127.906;28.754;28.406;1.814;0.190;0.511;67.690;198.983;125.645;33.544;0.210;0.785;0.000;0.054;0.000;22;33.529;124.982;2;0;0;0;0;0;0;0
52;1;1;1;0.000000;0.000000;1.000000;1416.764392;1416.832739;1416.963811;787734;31020;147302;24;1842;31020;33804;100.000;0.940;1.021;565.652;607.195;8.113;163921;154970;147302;0.185;0.108;0.066;2.773;1.620;0.384;37.982;36.296;131.041;131.072;127.422;28.978;28.485;1.813;0.191;0.411;68.347;199.420;126.070;33.979;0.646;0.777;0.000;0.032;0.000;14;33.588;124.616;4;0;0;0;0;0;0;0
53;1;1;1;0.000000;0.000000;1.000000;1416.797314;1416.865934;1416.996822;787059;31396;148046;24;1851;31396;34180;100.000;0.932;1.012;568.509;610.255;8.203;163880;155377;148046;0.180;0.108;0.067;2.675;1.370;0.081;37.370;35.933;130.877;130.888;127.455;28.551;28.193;1.809;0.192;0.320;68.620;199.508;125.748;33.195;0.138;0.737;0.000;0.012;0.000;18;33.325;124.768;4;0;0;0;0;0;0;0
54;1;1;1;0.000000;0.000000;1.000000;1416.831034;1416.899800;1417.030381;786051;31396;148712;24;1859;31396;34180;100.000;0.946;1.027;571.067;612.993;8.203;163752;156015;148712;0.177;0.109;0.067;2.807;1.655;0.395;37.625;35.904;130.562;130.580;126.888;28.814;28.296;1.808;0.193;0.453;68.766;199.347;125.974;33.866;0.533;0.724;0.000;0.018;0.000;13;33.164;124.061;4;0;0;0;0;0;0;0
55;1;1;1;0.000000;0.000000;1.000000;1416.864386;1416.933152;1417.063197;796213;30456;148706;24;1859;30456;33240;100.000;0.910;0.990;571.044;612.970;7.978;163350;156198;148706;0.184;0.107;0.067;2.957;1.367;0.085;37.249;35.815;130.026;130.045;126.613;28.643;28.287;1.809;0.193;0.598;68.766;198.811;125.457;33.352;0.018;0.680;0.000;0.020;0.000;13;32.924;123.635;4;0;0;0;0;0;0;0
56;1;1;1;0.000000;0.000000;1.000000;1416.897755;1416.966800;1417.096937;790191;29704;148654;23;1859;29704;32372;100.000;0.900;0.978;570.844;612.770;7.769;162711;155789;148654;0.182;0.108;0.067;3.513;1.386;0.082;38.087;36.634;130.112;130.137;126.712;29.267;28.912;1.810;0.193;1.153;69.045;199.182;125.863;33.648;0.314;0.657;0.000;0.025;0.000;13;33.188;123.173;4;0;0;0;0;0;0;0
57;1;1;1;0.000000;0.000000;1.000000;1416.931059;1417.000002;1417.130028;798808;30456;148762;24;1860;30456;33240;100.000;0.942;1.025;571.259;613.208;7.978;162756;155654;148762;0.177;0.108;0.066;2.865;1.634;0.428;37.971;36.272;129.998;130.025;126.338;29.203;28.711;1.808;0.193;0.514;68.943;198.968;125.620;33.202;0.131;0.624;0.000;0.027;0.000;18;33.473;123.444;3;0;0;0;0;0;0;0
58;1;1;1;0.000000;0.000000;1.000000;1416.964404;1417.032517;1417.164664;797924;30644;149280;24;1866;30644;33428;100.000;0.932;1.014;573.248;615.332;8.023;163186;156181;149280;0.181;0.109;0.066;3.173;1.434;0.087;38.985;37.486;132.098;132.147;128.512;29.502;29.169;1.815;0.196;0.807;68.112;200.260;126.924;32.515;0.818;0.636;0.000;0.049;0.000;23;34.379;125.289;2;0;0;0;0;0;0;0
59;1;1;1;0.000000;0.000000;1.000000;1416.997728;1417.065574;1417.200104;794477;30080;149798;23;1873;30080;32748;100.000;0.897;0.974;575.237;617.479;7.860;163385;156786;149798;0.183;0.108;0.068;2.043;1.697;0.468;39.937;38.173;134.480;134.530;130.526;29.686;29.246;1.383;0.198;0.105;67.846;202.376;129.031;33.057;0.276;0.614;0.000;0.050;0.000;20;36.197;128.431;3;0;0;0;0;0;0;0
60;1;1;1;0.000000;0.000000;1.000000;1417.031043;1417.099306;1417.231864;789053;30644;150698;24;1884;30644;33428;100.000;0.914;0.994;578.693;621.183;8.023;164074;157604;150698;0.183;0.109;0.067;2.111;1.392;0.083;35.723;34.264;132.524;132.557;129.096;26.949;26.542;1.458;0.198;0.097;68.264;200.821;127.456;33.732;0.399;0.600;0.000;0.033;0.000;15;32.220;126.939;3;0;0;0;0;0;0;0
61;1;1;1;0.000000;0.000000;1.000000;1417.064338;1417.133044;1417.264362;783874;143632;149328;110;1867;143632;156392;100.000;3.880;4.222;573.432;615.539;37.534;186216;162709;149328;0.178;0.108;0.068;2.273;1.679;0.394;35.972;34.226;131.293;131.318;127.544;27.393;26.834;1.633;0.193;0.093;68.707;200.024;126.621;33.738;0.404;0.588;0.000;0.024;0.000;36;32.020;125.245;8;0;0;0;0;0;0;0
62;1;1;1;0.000000;0.000000;1.000000;1417.097693;1417.170173;1417.297008;782785;28764;146986;22;1838;28764;31316;100.000;0.903;0.980;564.439;605.892;7.516;175815;160583;146986;0.183;0.108;0.067;2.382;1.375;0.083;36.675;35.233;126.765;126.835;123.445;28.915;28.541;1.740;0.191;0.094;72.480;199.315;125.934;37.129;3.795;0.789;0.000;0.070;0.000;21;32.917;120.991;2;0;0;0;0;0;0;0
63;1;1;1;0.000000;0.000000;1.000000;1417.130977;1417.202235;1417.329989;782791;23312;145010;18;1813;23312;25400;100.000;0.714;0.776;556.851;597.740;6.096;170291;157298;145010;0.178;0.106;0.065;2.633;1.616;0.396;36.736;35.056;127.692;127.754;124.124;28.756;28.243;1.814;0.189;0.280;71.258;199.012;125.582;32.062;1.271;0.819;0.000;0.062;0.000;17;32.488;121.428;2;0;0;0;0;0;0;0
64;1;1;1;0.000000;0.000000;1.000000;1417.164370;1417.235098;1417.363130;782127;21996;143356;17;1792;21996;23968;100.000;0.698;0.757;550.500;590.915;5.752;165344;154096;143356;0.180;0.105;0.067;2.675;1.322;0.079;37.408;36.019;127.993;128.033;124.718;29.217;28.881;1.812;0.186;0.323;70.728;198.761;125.390;32.862;0.471;0.797;0.000;0.040;0.000;15;33.412;122.003;3;0;0;0;0;0;0;0
65;1;1;1;0.000000;0.000000;1.000000;1417.197259;1417.266824;1417.396544;785507;22748;142428;18;1781;22748;24836;100.000;0.695;0.756;546.936;587.103;5.961;163252;152956;142428;0.185;0.105;0.065;2.624;1.668;0.406;37.439;35.706;129.698;129.720;126.090;28.861;28.318;1.807;0.185;0.277;69.565;199.285;125.470;31.727;1.607;0.848;0.000;0.022;0.000;9;33.147;123.443;3;0;0;0;0;0;0;0
66;1;1;1;0.000000;0.000000;1.000000;1417.230501;1417.299753;1417.430526;789017;24064;142296;19;1779;24064;26268;100.000;0.728;0.791;546.429;586.551;6.304;161198;152083;142296;0.182;0.106;0.065;2.833;1.299;0.076;38.165;36.802;130.741;130.773;127.406;29.185;28.886;1.820;0.186;0.474;69.253;200.025;126.119;32.929;0.404;0.820;0.000;0.032;0.000;18;34.034;124.540;2;0;0;0;0;0;0;0
67;1;1;1;0.000000;0.000000;1.000000;1417.264441;1417.333020;1417.463497;789641;25756;142550;20;1782;25756;28076;100.000;0.774;0.840;547.404;587.594;6.738;160522;151758;142550;0.181;0.105;0.063;2.503;1.326;0.078;37.208;35.819;130.453;130.477;127.191;28.517;28.161;1.814;0.186;0.153;68.579;199.056;125.757;33.267;0.067;0.773;0.000;0.025;0.000;14;33.379;124.663;5;0;0;0;0;0;0;0
68;1;1;1;0.000000;0.000000;1.000000;1417.297767;1417.366498;1417.496898;784718;26508;142638;21;1783;26508;28944;100.000;0.782;0.851;547.742;587.954;6.947;160295;152025;142638;0.182;0.106;0.065;2.282;1.614;0.412;37.211;35.533;130.360;130.400;126.812;28.536;28.020;1.651;0.187;0.091;68.730;199.130;125.824;33.478;0.144;0.734;0.000;0.040;0.001;20;33.315;124.488;2;0;0;0;0;0;0;0
69;1;1;1;0.000000;0.000000;1.000000;1417.331013;1417.400613;1417.529802;778159;27448;142942;21;1787;27448;29884;100.000;0.809;0.878;548.910;589.212;7.172;159855;152234;142942;0.177;0.106;0.063;2.787;1.319;0.087;36.800;35.417;129.154;129.189;125.898;28.485;28.131;1.808;0.186;0.446;69.599;198.789;125.395;34.115;0.782;0.737;0.000;0.035;0.000;9;32.693;123.075;5;0;0;0;0;0;0;0
70;1;1;1;0.000000;0.000000;1.000000;1417.364334;1417.434742;1417.562994;776327;28200;143886;22;1799;28200;30752;100.000;0.865;0.941;552.535;593.108;7.380;160051;152700;143886;0.181;0.108;0.065;2.437;1.588;0.403;37.293;35.641;128.219;128.252;124.697;29.078;28.582;1.810;0.187;0.087;70.409;198.660;125.253;34.130;0.796;0.740;0.000;0.033;0.000;13;33.268;122.218;3;0;0;0;0;0;0;0
71;1;1;1;0.000000;0.000000;1.000000;1417.397722;1417.467544;1417.596972;786883;29892;145096;23;1814;29892;32560;100.000;0.933;1.013;557.181;598.092;7.814;161074;153884;145096;0.187;0.108;0.065;3.607;1.356;0.083;37.937;36.516;129.387;129.428;126.041;29.311;28.972;1.804;0.189;1.255;69.822;199.250;125.898;32.802;0.531;0.727;0.000;0.041;0.001;15;32.974;122.392;3;0;0;0;0;0;0;0
72;1;1;1;0.000000;0.000000;1.000000;1417.431041;1417.499768;1417.630013;787146;28576;146492;22;1832;28576;31128;100.000;0.862;0.936;562.542;603.859;7.471;162237;155323;146492;0.178;0.105;0.065;2.763;1.633;0.403;38.015;36.318;130.235;130.246;126.596;29.188;28.688;1.815;0.191;0.409;68.727;198.973;125.606;32.224;1.110;0.751;0.000;0.010;0.000;16;33.620;123.822;4;0;0;0;0;0;0;0
73;1;1;1;0.000000;0.000000;1.000000;1417.464350;1417.533090;1417.663265;781047;28952;148748;22;1860;28952;31504;100.000;693.283;752.107;571.205;613.154;7.561;164068;157326;148748;0.178;0.109;0.066;1.992;1.394;0.081;37.590;36.131;130.162;130.174;126.710;28.877;28.514;1.359;0.194;0.087;68.740;198.915;125.524;33.323;0.011;0.705;0.000;0.012;0.000;18;34.204;124.704;2;0;0;0;0;0;0;0
74;1;1;1;0.000000;0.000000;1.000000;1417.497660;1417.565675;1417.697961;782459;29704;150270;23;1879;29704;32372;100.000;0.888;0.965;577.049;619.427;7.769;165188;158280;150270;0.179;0.109;0.067;1.990;1.744;0.406;38.068;36.257;132.250;132.286;128.460;28.777;28.225;1.355;0.195;0.085;68.015;200.301;126.887;32.584;0.749;0.708;0.000;0.036;0.000;22;34.334;126.434;2;0;0;0;0;0;0;0
75;1;1;1;0.000000;0.000000;1.000000;1417.531019;1417.599323;1417.730588;781579;29704;150762;23;1885;29704;32372;100.000;0.857;0.931;578.939;621.452;7.769;165465;158550;150762;0.181;0.109;0.067;2.318;1.414;0.081;36.351;34.870;131.237;131.266;127.762;27.693;27.293;1.676;0.195;0.091;68.303;199.569;126.181;33.648;0.314;0.683;0.000;0.029;0.000;13;32.619;125.414;3;0;0;0;0;0;0;0
76;1;1;1;0.000000;0.000000;1.000000;1417.564348;1417.634260;1417.763740;784181;144196;151052;110;1889;144196;156956;100.000;4.144;4.507;580.052;622.656;37.669;189415;164593;151052;0.183;0.109;0.066;2.500;1.412;0.084;36.876;35.399;129.457;129.480;125.974;28.480;28.100;1.814;0.196;0.133;69.912;199.392;125.999;34.938;1.604;0.741;0.000;0.023;0.000;52;32.964;123.450;6;0;0;0;0;0;0;0
77;1;1;1;0.000000;0.000000;1.000000;1417.597706;1417.669181;1417.797428;782861;27824;150492;22;1882;27824;30376;100.000;0.873;0.950;577.902;620.347;7.290;178874;162632;150492;0.179;0.109;0.067;2.241;1.717;0.449;37.592;35.808;128.203;128.248;124.431;29.312;28.778;1.598;0.195;0.092;71.474;199.722;126.354;34.921;1.587;0.794;0.000;0.045;0.000;21;33.634;122.143;2;0;0;0;0;0;0;0
78;1;1;1;0.000000;0.000000;1.000000;1417.630952;1417.701243;1417.829943;779451;21244;148910;17;1862;21244;23216;100.000;0.646;0.703;571.827;613.821;5.572;174727;160900;148910;0.179;0.106;0.066;2.528;1.383;0.087;36.522;35.073;128.659;128.700;125.269;28.378;27.998;1.810;0.194;0.174;70.291;198.992;125.536;32.063;1.271;0.823;0.000;0.042;0.000;15;32.611;122.699;2;0;0;0;0;0;0;0
79;1;1;1;0.000000;0.000000;1.000000;1417.664317;1417.734329;1417.863556;784719;21996;147042;17;1839;21996;23968;100.000;0.669;0.726;564.654;606.129;5.752;168471;156900;147042;0.178;0.106;0.067;3.021;1.646;0.407;37.521;35.808;129.197;129.228;125.533;29.035;28.525;1.805;0.191;0.675;70.012;199.239;125.816;33.085;0.248;0.787;0.000;0.031;0.000;13;32.854;122.480;3;0;0;0;0;0;0;0
80;1;1;1;0.000000;0.000000;1.000000;1417.697695;1417.767416;1417.896549;780701;24816;146382;19;1830;24816;27020;100.000;0.757;0.822;562.119;603.392;6.485;165354;155127;146382;0.182;0.108;0.066;2.519;1.351;0.086;37.690;36.273;129.109;129.133;125.777;29.187;28.839;1.800;0.191;0.173;69.721;198.854;125.475;33.087;0.246;0.754;0.000;0.024;0.000;12;33.819;123.222;4;0;0;0;0;0;0;0
81;1;1;1;0.000000;0.000000;1.000000;1417.731032;1417.800372;1417.930000;785754;27824;145442;22;1819;27824;30376;100.000;0.854;0.929;558.510;599.534;7.290;164778;155233;145442;0.183;0.108;0.067;2.778;1.612;0.406;37.341;35.662;129.618;129.627;126.033;28.806;28.296;1.810;0.189;0.422;69.340;198.967;125.592;32.957;0.377;0.730;0.000;0.009;0.000;13;32.951;123.244;4;0;0;0;0;0;0;0
82;1;1;1;0.000000;0.000000;1.000000;1417.764353;1417.833127;1417.963204;783308;28576;145720;22;1822;28576;31128;100.000;0.871;0.946;559.577;600.669;7.471;163811;155342;145720;0.184;0.108;0.067;2.330;1.351;0.082;37.536;36.118;130.064;130.078;126.688;28.856;28.510;1.691;0.189;0.092;68.774;198.852;125.464;32.754;0.579;0.721;0.000;0.014;0.000;14;33.855;124.343;4;0;0;0;0;0;0;0
83;1;1;1;0.000000;0.000000;1.000000;1417.797665;1417.866115;1417.996503;782737;27260;145846;21;1824;27260;29696;100.000;0.814;0.884;560.061;601.198;7.127;162934;154837;145846;0.180;0.108;0.066;2.834;1.622;0.405;36.988;35.300;130.355;130.388;126.739;28.368;27.853;1.814;0.189;0.478;68.450;198.838;125.429;32.988;0.345;0.697;0.000;0.033;0.000;20;32.531;123.871;2;0;0;0;0;0;0;0
84;1;1;1;0.000000;0.000000;1.000000;1417.830985;1417.899768;1418.030177;781874;28952;146012;22;1826;28952;31504;100.000;0.859;0.932;560.699;601.881;7.561;162897;155237;146012;0.182;0.108;0.066;3.579;1.345;0.095;38.138;36.728;130.386;130.409;127.047;29.245;28.909;1.810;0.190;1.224;68.783;199.192;125.770;33.653;0.319;0.673;0.000;0.023;0.000;13;33.214;123.443;4;0;0;0;0;0;0;0
85;1;1;1;0.000000;0.000000;1.000000;1417.864284;1417.933646;1418.063182;780545;25004;146308;19;1829;25004;27208;100.000;667.790;724.104;561.835;603.085;6.530;162940;155191;146308;0.179;0.109;0.067;3.068;1.382;0.090;37.923;36.474;129.517;129.535;126.133;29.276;28.917;1.812;0.190;0.713;69.362;198.897;125.441;33.879;0.545;0.665;0.000;0.019;0.000;12;33.473;123.045;2;0;0;0;0;0;0;0
86;1;1;1;0.000000;0.000000;1.000000;1417.897640;1417.965688;1418.096707;778343;26884;146104;21;1827;26884;29320;100.000;0.823;0.895;561.052;602.256;7.037;162572;155327;146104;0.186;0.108;0.066;2.823;1.629;0.454;37.955;36.261;130.981;131.019;127.352;28.969;28.473;1.813;0.190;0.461;68.048;199.067;125.633;32.042;1.291;0.705;0.000;0.038;0.001;11;33.504;124.490;5;0;0;0;0;0;0;0
87;1;1;1;0.000000;0.000000;1.000000;1417.930945;1417.998545;1418.129996;778458;26696;145634;21;1821;26696;29132;100.000;0.792;0.862;559.247;600.316;6.992;161634;154793;145634;0.178;0.109;0.065;3.187;1.366;0.081;37.780;36.349;131.438;131.451;128.088;28.741;28.378;1.811;0.190;0.835;67.600;199.051;125.589;32.857;0.476;0.690;0.000;0.013;0.000;18;33.227;124.888;3;0;0;0;0;0;0;0
88;1;1;1;0.000000;0.000000;1.000000;1417.964290;1418.032435;1418.163374;778592;28952;145652;22;1821;28952;31504;100.000;485.566;526.766;559.316;600.385;7.561;161044;154494;145652;0.183;0.106;0.067;2.261;1.672;0.410;37.932;36.194;130.913;130.939;127.274;28.969;28.437;1.620;0.189;0.095;68.145;199.085;125.634;33.890;0.556;0.682;0.000;0.026;0.000;16;33.999;124.986;2;0;0;0;0;0;0;0
89;1;1;1;0.000000;0.000000;1.000000;1417.997604;1418.065737;1418.198070;779952;29516;146464;23;1831;29516;32184;100.000;0.881;0.958;562.434;603.729;7.724;161225;154415;146464;0.182;0.106;0.066;1.998;1.367;0.088;38.542;37.110;132.301;132.334;128.890;29.125;28.792;1.357;0.191;0.095;68.133;200.466;126.997;33.302;0.032;0.641;0.000;0.033;0.000;15;35.177;126.859;4;0;0;0;0;0;0;0
90;1;1;1;0.000000;0.000000;1.000000;1418.030969;1418.099422;1418.231248;779674;29516;148650;23;1859;29516;32184;100.000;0.853;0.928;570.828;612.755;7.724;163248;156610;148650;0.185;0.108;0.067;2.321;1.723;0.433;36.562;34.772;131.781;131.827;128.061;27.735;27.153;1.678;0.193;0.092;68.452;200.279;126.841;33.685;0.351;0.623;0.000;0.046;0.000;22;32.517;125.681;2;0;0;0;0;0;0;0
91;1;1;1;0.000000;0.000000;1.000000;1418.064287;1418.134272;1418.264681;781083;142692;149974;109;1875;142692;155336;100.000;4.065;4.422;575.913;618.200;37.281;187045;162867;149974;0.177;0.106;0.067;1.988;1.431;0.080;37.410;35.912;130.381;130.409;126.871;28.687;28.306;1.354;0.195;0.089;69.985;200.394;126.940;34.850;1.517;0.679;0.000;0.028;0.000;37;33.991;124.854;5;0;0;0;0;0;0;0
92;1;1;1;0.000000;0.000000;1.000000;1418.097630;1418.169513;1418.298043;780537;27448;150044;21;1876;27448;29884;100.000;0.850;0.922;576.181;618.492;7.172;178621;162797;150044;0.182;0.108;0.067;2.179;1.691;0.399;36.802;35.044;128.487;128.530;124.755;28.633;28.090;1.535;0.195;0.094;71.884;200.413;126.969;35.241;1.908;0.756;0.000;0.043;0.000;20;32.931;122.532;2;0;0;0;0;0;0;0
93;1;1;1;0.000000;0.000000;1.000000;1418.130933;1418.202028;1418.330290;773046;21620;148126;17;1852;21620;23592;100.000;0.634;0.689;568.816;610.585;5.662;173993;159473;148126;0.180;0.108;0.066;2.284;1.384;0.081;36.145;34.696;128.228;128.261;124.826;28.181;27.795;1.646;0.192;0.093;71.095;199.356;125.882;32.515;0.819;0.760;0.000;0.033;0.000;16;32.477;122.507;2;0;0;0;0;0;0;0
94;1;1;1;0.000000;0.000000;1.000000;1418.164253;1418.236334;1418.363769;770822;21056;145994;16;1825;21056;22912;100.000;395.824;428.922;560.629;601.789;5.499;168920;156000;145994;0.181;0.108;0.065;2.283;1.669;0.425;37.168;35.435;127.401;127.435;123.738;29.166;28.637;1.647;0.190;0.094;72.081;199.517;126.029;34.306;0.973;0.773;0.000;0.034;0.001;10;33.216;121.419;2;0;0;0;0;0;0;0
95;1;1;1;0.000000;0.000000;1.000000;1418.197226;1418.269161;1418.396457;778859;24628;143854;19;1799;24628;26832;100.000;0.767;0.833;552.412;592.985;6.440;164158;153279;143854;0.184;0.108;0.066;2.510;1.339;0.086;36.684;35.279;127.231;127.296;123.976;28.818;28.457;1.810;0.187;0.156;71.935;199.231;125.383;32.827;0.506;0.756;0.000;0.065;0.000;18;32.835;121.400;2;0;0;0;0;0;0;0
96;1;1;1;0.000000;0.000000;1.000000;1418.230741;1418.301520;1418.429603;778333;28012;144278;22;1804;28012;30564;100.000;0.858;0.933;554.040;594.726;7.335;162544;152827;144278;0.229;0.109;0.068;2.986;1.372;0.077;36.997;35.558;128.053;128.083;124.736;28.885;28.506;1.387;0.187;1.007;70.779;198.862;125.196;32.358;0.975;0.770;0.000;0.030;0.000;11;32.639;121.719;3;0;0;0;0;0;0;0
97;1;1;1;0.000000;0.000000;1.000000;1418.264069;1418.334393;1418.464218;782798;29140;144196;23;1803;29140;31808;100.000;0.911;0.992;553.725;594.388;7.634;161679;152252;144196;0.185;0.105;0.066;2.534;1.647;0.487;38.722;37.009;129.793;129.825;125.955;29.827;29.383;1.809;0.187;0.182;70.325;200.149;126.477;32.874;0.460;0.751;0.000;0.032;0.000;12;34.541;123.387;3;0;0;0;0;0;0;0
98;1;1;1;0.000000;0.000000;1.000000;1418.297500;1418.366547;1418.497595;781418;28764;144552;22;1807;28764;31316;100.000;0.886;0.962;555.092;595.846;7.516;161980;153748;144552;0.179;0.106;0.066;2.704;1.366;0.082;37.777;36.346;131.036;131.048;127.680;28.827;28.466;1.800;0.188;0.365;69.048;200.096;126.521;32.154;1.179;0.777;0.000;0.011;0.000;16;33.707;124.963;4;0;0;0;0;0;0;0
99;1;1;1;0.000000;0.000000;1.000000;1418.330971;1418.399184;1418.530794;777382;27824;144056;22;1801;27824;30376;100.000;0.802;0.873;553.188;593.806;7.290;160677;152846;144056;0.184;0.105;0.065;2.218;1.657;0.419;37.261;35.539;131.586;131.610;127.946;28.312;27.777;1.587;0.188;0.089;68.213;199.823;126.387;32.637;0.696;0.772;0.000;0.024;0.000;10;33.386;125.703;5;0;0;0;0;0;0;0
100;1;1;1;0.000000;0.000000;1.000000;1418.364294;1418.434084;1418.563116;778267;26696;144366;21;1805;26696;29132;100.000;0.797;0.866;554.378;595.086;6.992;160528;153039;144366;0.185;0.106;0.066;2.354;1.338;0.080;36.210;34.806;128.996;129.031;125.703;28.063;27.689;1.719;0.188;0.090;69.790;198.822;125.375;34.900;1.567;0.822;0.000;0.035;0.000;14;32.517;123.312;4;0;0;0;0;0;0;0
101;1;1;1;0.000000;0.000000;1.000000;1418.397628;1418.467792;1418.596884;780699;26696;144336;21;1805;26696;29132;100.000;0.788;0.857;554.263;594.971;6.992;159967;152583;144336;0.179;0.106;0.066;3.098;1.651;0.405;37.437;35.721;129.039;129.091;125.444;29.001;28.476;1.809;0.188;0.750;70.164;199.255;125.810;33.708;0.374;0.794;0.000;0.052;0.000;20;32.689;122.280;2;0;0;0;0;0;0;0
102;1;1;1;0.000000;0.000000;1.000000;1418.430996;1418.501899;1418.629787;780328;26320;144522;20;1807;26320;28640;100.000;0.832;0.902;554.977;595.730;6.874;159509;152033;144522;0.182;0.106;0.065;3.057;1.327;0.081;37.638;36.247;127.839;127.888;124.553;29.431;29.102;1.824;0.188;0.692;70.903;198.792;125.380;34.107;0.774;0.793;0.000;0.049;0.000;19;33.255;121.446;2;0;0;0;0;0;0;0
103;1;1;1;0.000000;0.000000;1.000000;1418.464350;1418.533705;1418.663875;782351;26696;144662;21;1809;26696;29132;100.000;0.834;0.907;555.515;596.313;6.992;159819;152675;144662;0.185;0.105;0.066;2.440;1.674;0.415;38.489;36.750;130.141;130.170;126.509;29.569;29.049;1.799;0.188;0.096;69.355;199.524;126.134;31.806;1.527;0.839;0.000;0.029;0.000;15;34.375;124.038;3;0;0;0;0;0;0;0
104;1;1;1;0.000000;0.000000;1.000000;1418.497698;1418.565899;1418.696406;782164;26696;144698;21;1809;26696;29132;100.000;0.816;0.887;555.653;596.451;6.992;159517;152563;144698;0.178;0.106;0.066;2.430;1.357;0.084;36.605;35.183;130.486;130.506;127.126;28.049;27.675;1.802;0.188;0.090;68.202;198.708;125.332;32.194;1.139;0.857;0.000;0.020;0.000;10;32.818;124.674;5;0;0;0;0;0;0;0
105;1;1;1;0.000000;0.000000;1.000000;1418.530972;1418.598812;1418.730267;783021;28388;145744;22;1822;28388;30940;100.000;0.817;0.888;559.669;600.761;7.426;160352;153365;145744;0.184;0.108;0.067;3.338;1.367;0.089;37.657;36.224;131.407;131.455;128.076;28.646;28.283;1.811;0.189;0.980;67.840;199.295;125.860;32.913;0.421;0.830;0.000;0.048;0.000;19;32.952;124.689;3;0;0;0;0;0;0;0
106;1;1;1;0.000000;0.000000;1.000000;1418.564310;1418.633762;1418.763727;786829;137804;147616;105;1846;137804;149984;100.000;4.188;4.555;566.858;608.491;35.996;185042;161832;147616;0.182;0.106;0.066;3.328;1.681;0.429;38.143;36.396;129.847;129.965;126.251;29.348;28.828;1.808;0.192;0.975;69.452;199.417;125.986;34.950;1.616;0.879;0.000;0.117;0.000;52;33.133;122.804;5;0;0;0;0;0;0;0
107;1;1;1;0.000000;0.000000;1.000000;1418.597642;1418.666760;1418.796770;789365;28952;150668;22;1884;28952;31504;100.000;768.170;833.348;578.578;621.068;7.561;177824;162827;150668;0.181;0.109;0.067;3.213;1.396;0.082;37.998;36.535;130.000;130.010;126.529;29.227;28.875;1.809;0.196;0.853;69.119;199.129;125.697;32.999;0.335;0.845;0.000;0.010;0.000;13;33.389;123.305;3;0;0;0;0;0;0;0
108;1;1;1;0.000000;0.000000;1.000000;1418.630992;1418.699013;1418.830680;790807;24064;152486;19;1907;24064;26268;100.000;0.734;0.798;585.559;628.568;6.304;176482;163777;152486;0.181;0.109;0.067;2.969;1.717;0.431;38.494;36.711;131.634;131.668;127.843;29.235;28.715;1.810;0.198;0.606;68.020;199.688;126.273;32.252;1.081;0.860;0.000;0.033;0.000;15;33.808;124.840;3;0;0;0;0;0;0;0
109;1;1;1;0.000000;0.000000;1.000000;1418.664358;1418.731993;1418.863255;789334;22184;152368;17;1905;22184;24156;100.000;0.664;0.720;585.106;628.070;5.797;174417;162962;152368;0.181;0.110;0.067;2.698;1.414;0.080;37.284;35.803;131.230;131.262;127.766;28.404;28.022;1.817;0.197;0.327;67.635;198.897;125.514;32.981;0.353;0.828;0.000;0.032;0.000;16;33.171;125.035;2;0;0;0;0;0;0;0
110;1;1;1;0.000000;0.000000;1.000000;1418.697647;1418.765610;1418.897938;783753;23500;151230;18;1891;23500;25588;100.000;0.699;0.758;580.736;623.384;6.141;171571;161606;151230;1.168;0.113;0.070;4.104;1.741;0.425;38.774;36.964;132.292;132.327;128.487;29.302;28.769;1.472;0.197;1.086;67.963;200.291;126.864;33.617;0.284;0.794;0.000;0.035;0.000;17;32.929;124.345;2;0;0;0;0;0;0;0
111;1;1;1;0.000000;0.000000;1.000000;1418.730982;1418.799432;1418.930318;781240;27636;149404;21;1868;27636;30072;100.000;0.830;0.901;573.724;615.853;7.217;171477;162047;149404;0.183;0.108;0.067;3.193;1.406;0.082;38.257;36.784;130.870;130.886;127.424;29.229;28.868;1.811;0.194;0.831;68.449;199.335;125.910;33.821;0.488;0.775;0.000;0.016;0.000;9;33.658;124.206;4;0;0;0;0;0;0;0
112;1;1;1;0.000000;0.000000;1.000000;1418.764294;1418.832900;1418.963619;781247;28012;147314;22;1842;28012;30564;100.000;0.864;0.940;565.698;607.241;7.335;169110;160097;147314;0.177;0.109;0.066;2.797;1.664;0.415;37.925;36.195;130.671;130.719;127.025;29.013;28.494;1.812;0.192;0.442;68.606;199.325;125.878;33.469;0.136;0.735;0.000;0.047;0.000;20;33.464;124.180;3;0;0;0;0;0;0;0
113;1;1;1;0.000000;0.000000;1.000000;1418.797658;1418.865500;1418.996744;783523;28200;145778;22;1823;28200;30752;100.000;0.846;0.920;559.800;600.914;7.380;167213;159272;145778;0.179;0.105;0.066;2.753;1.353;0.082;37.574;36.155;131.218;131.244;127.853;28.629;28.279;1.812;0.190;0.402;67.842;199.086;125.670;32.600;0.734;0.735;0.000;0.026;0.000;13;33.468;125.072;4;0;0;0;0;0;0;0
114;1;1;1;0.000000;0.000000;1.000000;1418.830998;1418.899021;1419.030157;783046;30268;145016;23;1813;30268;32936;100.000;0.896;0.972;556.874;597.763;7.905;164858;157016;145016;0.180;0.106;0.066;2.650;1.675;0.422;37.576;35.835;131.089;131.135;127.481;28.654;28.110;1.815;0.189;0.295;68.024;199.159;125.749;33.521;0.188;0.701;0.000;0.046;0.000;22;33.250;124.784;2;0;0;0;0;0;0;0
115;1;1;1;0.000000;0.000000;1.000000;1418.864344;1418.932979;1419.063403;785712;28764;145068;22;1814;28764;31316;100.000;0.866;0.940;557.074;597.985;7.516;163131;155212;145068;0.181;0.108;0.066;2.430;1.351;0.080;37.546;36.129;130.400;130.424;127.070;28.787;28.432;1.798;0.188;0.090;68.636;199.059;125.662;33.958;0.625;0.696;0.000;0.024;0.000;13;33.764;124.614;3;0;0;0;0;0;0;0
116;1;1;1;0.000000;0.000000;1.000000;1418.897519;1418.966378;1419.096983;788409;28200;145612;22;1821;28200;30752;100.000;0.844;0.918;559.163;600.232;7.380;163212;155722;145612;0.180;0.108;0.066;2.628;1.363;0.085;37.329;35.901;130.577;130.605;127.210;28.581;28.221;1.796;0.189;0.289;68.859;199.464;125.909;33.399;0.065;0.657;0.000;0.028;0.000;14;33.338;124.553;4;0;0;0;0;0;0;0
117;1;1;1;0.000000;0.000000;1.000000;1418.931051;1418.999954;1419.131010;785289;26884;145938;21;1825;26884;29320;100.000;0.795;0.864;560.414;601.574;7.037;163274;156043;145938;0.178;0.106;0.065;2.705;1.689;0.451;38.029;36.276;131.035;131.056;127.349;29.017;28.485;1.811;0.190;0.356;68.904;199.960;126.603;33.576;0.243;0.631;0.000;0.021;0.000;11;33.635;124.622;4;0;0;0;0;0;0;0
118;1;1;1;0.000000;0.000000;1.000000;1418.964313;1419.034011;1419.164798;784314;26696;145782;21;1823;26696;29132;100.000;0.814;0.886;559.815;600.930;6.992;162642;155747;145782;0.180;0.106;0.066;1.997;1.367;0.078;38.144;36.712;130.710;130.787;127.367;29.165;28.824;1.362;0.191;0.092;69.698;200.485;127.058;34.057;0.724;0.637;0.000;0.077;0.000;20;34.781;125.292;2;0;0;0;0;0;0;0
119;1;1;1;0.000000;0.000000;1.000000;1418.997644;1419.066969;1419.199699;784830;26884;145890;21;1824;26884;29320;100.000;0.792;0.861;560.230;601.367;7.037;162271;155343;145890;0.178;0.108;0.066;2.014;1.649;0.412;38.283;36.568;132.716;132.731;129.050;28.842;28.336;1.379;0.189;0.095;69.324;202.055;128.625;32.957;0.376;0.620;0.000;0.014;0.001;13;34.620;127.020;3;0;0;0;0;0;0;0
120;1;1;1;0.000000;0.000000;1.000000;1419.030997;1419.101135;1419.232156;784742;27072;145936;21;1825;27072;29508;100.000;0.775;0.843;560.407;601.566;7.082;161918;155192;145936;0.182;0.106;0.067;2.031;1.219;0.073;35.957;34.672;130.977;131.020;127.610;27.444;27.170;1.377;0.192;0.106;70.139;201.159;127.748;34.167;0.834;0.634;0.000;0.043;0.000;10;32.707;125.535;4;0;0;0;0;0;0;0
121;1;1;1;0.000000;0.000000;1.000000;1419.064312;1419.136300;1419.266008;787186;141752;147208;108;1841;141752;154280;100.000;4.087;4.446;565.291;606.812;37.027;185245;160619;147208;0.182;0.106;0.067;2.162;1.671;0.503;36.887;35.149;129.673;129.708;125.644;28.439;27.975;1.497;0.194;0.116;71.988;201.696;128.267;35.165;1.832;0.709;0.000;0.034;0.001;44;33.054;123.435;5;0;0;0;0;0;0;0
122;1;1;1;0.000000;0.000000;1.000000;1419.097670;1419.171116;1419.298867;792161;29140;148956;23;1862;29140;31808;100.000;0.910;0.991;572.004;613.998;7.634;177345;160913;148956;0.182;0.108;0.067;2.046;1.327;0.076;36.950;35.556;127.708;127.751;124.293;28.923;28.607;1.379;0.198;0.114;73.446;201.197;127.793;34.816;1.482;0.757;0.000;0.043;0.000;22;33.577;122.202;2;0;0;0;0;0;0;0
123;1;1;1;0.000000;0.000000;1.000000;1419.131009;1419.203316;1419.332177;788290;22936;150544;18;1882;22936;25024;100.000;0.720;0.782;578.101;620.547;6.006;175932;162668;150544;0.178;0.106;0.067;2.015;1.704;0.407;36.715;34.944;128.832;128.861;125.061;28.492;27.942;1.363;0.196;0.105;72.307;201.169;127.770;32.200;1.133;0.780;0.000;0.029;0.000;10;32.996;123.015;4;0;0;0;0;0;0;0
124;1;1;1;0.000000;0.000000;1.000000;1419.163930;1419.235422;1419.364731;789222;22748;152352;18;1905;22748;24836;100.000;0.673;0.732;585.044;628.008;5.961;175068;163093;152352;0.184;0.109;0.068;2.004;1.450;0.085;36.232;34.714;129.270;129.309;125.725;28.019;27.611;1.358;0.198;0.088;71.492;200.802;126.991;32.106;1.228;0.808;0.000;0.040;0.000;8;32.778;123.680;4;0;0;0;0;0;0;0
125;1;1;1;0.000000;0.000000;1.000000;1419.197125;1419.269453;1419.397344;787173;24628;151154;19;1890;24628;26832;100.000;0.727;0.789;580.444;623.070;6.440;171752;160877;151154;0.182;0.110;0.067;2.540;1.435;0.085;36.098;34.596;127.838;127.891;124.355;28.225;27.820;1.810;0.197;0.175;72.328;200.219;126.270;34.031;0.698;0.801;0.000;0.053;0.000;16;32.123;121.761;3;0;0;0;0;0;0;0
126;1;1;1;0.000000;0.000000;1.000000;1419.230512;1419.303530;1419.430869;776279;26132;149098;20;1864;26132;28452;100.000;0.801;0.869;572.549;614.588;6.828;169862;159758;149098;0.179;0.109;0.067;2.302;1.743;0.478;37.536;35.726;127.275;127.339;123.534;29.477;28.920;1.662;0.193;0.092;73.018;200.357;126.461;34.077;0.744;0.798;0.000;0.064;0.000;19;33.490;121.166;2;0;0;0;0;0;0;0
127;1;1;1;0.000000;0.000000;1.000000;1419.263836;1419.336371;1419.464372;773912;27824;146584;22;1833;27824;30376;100.000;0.895;0.974;562.895;604.235;7.290;165488;156437;146584;0.180;0.106;0.066;1.992;1.449;0.083;37.536;36.021;127.945;128.001;124.482;29.325;28.937;1.355;0.191;0.094;72.535;200.536;126.631;32.841;0.493;0.779;0.000;0.056;0.000;21;34.095;122.432;2;0;0;0;0;0;0;0
128;1;1;1;0.000000;0.000000;1.000000;1419.297137;1419.367673;1419.497914;773302;28576;144802;22;1811;28576;31128;100.000;0.844;0.916;556.052;596.896;7.471;162494;154458;144802;0.183;0.106;0.066;2.751;1.634;0.453;36.841;35.141;130.213;130.241;126.397;28.286;27.802;1.810;0.188;0.397;70.536;200.778;126.840;31.302;2.031;0.857;0.000;0.029;0.000;15;32.456;123.617;3;0;0;0;0;0;0;0
129;1;1;1;0.000000;0.000000;1.000000;1419.330331;1419.401748;1419.530636;777001;28388;143780;22;1798;28388;30940;100.000;0.838;0.911;552.128;592.678;7.426;160101;152462;143780;0.178;0.106;0.066;2.252;1.363;0.082;37.294;35.865;128.840;128.888;125.505;28.935;28.577;1.622;0.187;0.092;71.417;200.305;126.229;34.075;0.742;0.850;0.000;0.048;0.000;20;33.679;123.204;3;0;0;0;0;0;0;0
130;1;1;1;0.000000;0.000000;1.000000;1419.364080;1419.435815;1419.563970;783174;27448;143698;21;1797;27448;29884;100.000;0.863;0.936;551.813;592.341;7.172;159290;151847;143698;0.178;0.106;0.066;2.826;1.664;0.431;36.976;35.246;128.110;128.155;124.502;28.852;28.310;1.809;0.187;0.481;71.735;199.890;126.229;34.066;0.733;0.843;0.000;0.046;0.000;20;32.486;121.629;2;0;0;0;0;0;0;0
131;1;1;1;0.000000;0.000000;1.000000;1419.397716;1419.467823;1419.596550;786108;27636;144598;21;1808;27636;30072;100.000;780.958;847.099;555.269;596.045;7.217;160025;152623;144598;0.182;0.108;0.066;2.441;1.338;0.078;37.057;35.653;128.685;128.726;125.397;28.787;28.433;1.812;0.188;0.085;70.107;198.834;125.476;32.009;1.324;0.873;0.000;0.042;0.000;20;33.278;122.905;2;0;0;0;0;0;0;0
132;1;1;1;0.000000;0.000000;1.000000;1419.431011;1419.501938;1419.630140;785622;27072;144478;21;1806;27072;29508;100.000;0.857;0.931;554.808;595.539;7.082;159588;152365;144478;0.181;0.106;0.065;2.803;1.657;0.418;37.352;35.631;128.161;128.202;124.539;29.136;28.610;1.810;0.188;0.453;70.927;199.129;125.732;34.114;0.781;0.867;0.000;0.041;0.000;9;32.892;121.694;4;0;0;0;0;0;0;0
133;1;1;1;0.000000;0.000000;1.000000;1419.464438;1419.533715;1419.663665;787265;26508;143954;21;1800;26508;28944;100.000;0.801;0.872;552.796;593.391;6.947;157879;151174;143954;0.180;0.108;0.065;2.628;1.355;0.080;38.036;36.617;129.934;129.950;126.643;29.270;28.913;1.810;0.192;0.275;69.277;199.227;125.924;31.777;1.556;0.910;0.000;0.016;0.000;13;34.053;123.997;4;0;0;0;0;0;0;0
134;1;1;1;0.000000;0.000000;1.000000;1419.497635;1419.566980;1419.697434;787734;26508;143904;21;1799;26508;28944;100.000;0.812;0.884;552.604;593.177;6.947;157027;150535;143904;0.183;0.109;0.065;2.154;1.363;0.082;37.669;36.241;130.424;130.454;127.058;28.875;28.523;1.509;0.188;0.102;69.344;199.798;126.360;33.265;0.069;0.857;0.000;0.030;0.000;20;34.151;124.872;2;0;0;0;0;0;0;0
135;1;1;1;0.000000;0.000000;1.000000;1419.531014;1419.599814;1419.730675;786766;28200;143596;22;1795;28200;30752;100.000;0.825;0.896;551.421;591.904;7.380;156063;149876;143596;0.186;0.108;0.065;2.561;1.678;0.492;36.792;35.050;130.832;130.861;127.187;28.116;27.558;1.812;0.187;0.205;68.801;199.662;126.268;32.835;0.499;0.835;0.000;0.029;0.000;14;32.553;124.595;3;0;0;0;0;0;0;0
136;1;1;1;0.000000;0.000000;1.000000;1419.564305;1419.634262;1419.763387;787622;130660;141136;100;1765;130660;142260;100.000;3.855;4.194;541.975;581.781;34.142;176546;153233;141136;0.183;0.106;0.065;2.638;1.325;0.079;36.998;35.609;129.090;129.126;125.854;28.653;28.294;1.815;0.183;0.286;69.957;199.083;125.647;34.448;1.114;0.852;0.000;0.035;0.000;32;33.035;123.179;5;0;0;0;0;0;0;0
137;1;1;1;0.000000;0.000000;1.000000;1419.597645;1419.668301;1419.796896;784509;31960;139854;25;1749;31960;34860;100.000;1.005;1.093;537.052;576.497;8.366;165368;150562;139854;0.181;0.105;0.065;2.740;1.620;0.424;37.468;35.783;128.564;128.596;125.027;29.136;28.620;1.814;0.182;0.393;70.655;199.251;125.823;34.039;0.706;0.843;0.000;0.032;0.000;13;33.108;122.254;3;0;0;0;0;0;0;0
138;1;1;1;0.000000;0.000000;1.000000;1419.630922;1419.700265;1419.829864;782962;26884;141162;21;1765;26884;29320;100.000;0.810;0.880;542.075;581.880;7.037;162866;151609;141162;0.179;0.106;0.065;2.538;1.312;0.080;37.332;35.956;129.572;129.600;126.346;28.806;28.458;1.813;0.184;0.192;69.342;198.942;125.457;31.964;1.370;0.876;0.000;0.027;0.000;19;33.482;123.780;3;0;0;0;0;0;0;0
139;1;1;1;0.000000;0.000000;1.000000;1419.664357;1419.733637;1419.863416;785441;27260;143262;21;1791;27260;29696;100.000;0.826;0.897;550.139;590.531;7.127;162821;152291;143262;0.182;0.106;0.066;3.027;1.625;0.419;37.343;35.652;129.755;129.779;126.156;28.774;28.260;1.809;0.186;0.678;69.280;199.059;125.676;33.372;0.039;0.824;0.000;0.024;0.000;13;32.690;123.103;3;0;0;0;0;0;0;0
140;1;1;1;0.000000;0.000000;1.000000;1419.697680;1419.766823;1419.897490;786857;26320;145806;20;1823;26320;28640;100.000;1109.498;1203.272;559.908;601.022;6.874;163653;154012;145806;1.190;0.112;0.070;4.137;1.392;0.083;38.699;37.238;130.635;130.667;127.253;29.617;29.263;1.481;0.190;1.096;69.143;199.810;126.416;33.187;0.147;0.782;0.000;0.031;0.000;20;33.170;123.082;1;0;0;0;0;0;0;0
141;1;1;1;0.000000;0.000000;1.000000;1419.730977;1419.800003;1419.930639;786209;28952;147146;22;1840;28952;31504;100.000;0.901;0.978;565.053;606.551;7.561;163751;154357;147146;0.182;0.108;0.066;3.099;1.729;0.431;38.642;36.847;130.596;130.636;126.853;29.580;29.047;1.816;0.191;0.736;69.026;199.662;126.232;33.180;0.153;0.742;0.000;0.040;0.000;21;33.814;123.713;2;0;0;0;0;0;0;0
142;1;1;1;0.000000;0.000000;1.000000;1419.764310;1419.832318;1419.963407;785895;30832;147490;24;1844;30832;33616;100.000;0.940;1.022;566.374;607.962;8.068;163298;155347;147490;0.232;0.112;0.069;3.030;1.373;0.081;37.633;36.192;131.062;131.090;127.715;28.708;28.338;1.440;0.191;0.986;68.008;199.098;125.667;32.314;1.019;0.760;0.000;0.028;0.000;15;33.231;124.644;4;0;0;0;0;0;0;0
143;1;1;1;0.000000;0.000000;1.000000;1419.797619;1419.865302;1419.997826;783109;31208;146146;24;1827;31208;33992;100.000;0.928;1.008;561.213;602.418;8.158;161136;153355;146146;1.209;0.112;0.069;4.238;1.385;0.091;38.784;37.330;132.503;132.524;129.104;29.266;28.915;1.568;0.190;1.090;67.683;200.207;126.752;32.984;0.349;0.734;0.000;0.021;0.001;17;33.161;124.842;3;0;0;0;0;0;0;0
144;1;1;1;0.000000;0.000000;1.000000;1419.830930;1419.899132;1420.030944;783994;32524;145218;25;1816;32524;35424;100.000;1.003;1.090;557.650;598.606;8.502;159936;152700;145218;0.185;0.108;0.066;3.275;1.698;0.458;38.734;36.971;131.792;131.812;128.076;29.386;28.866;1.815;0.189;0.913;68.202;200.014;126.536;33.830;0.496;0.719;0.000;0.020;0.000;17;33.761;124.780;3;0;0;0;0;0;0;0
145;1;1;1;0.000000;0.000000;1.000000;1419.864268;1419.931733;1420.063917;785959;31020;144768;24;1810;31020;33804;100.000;0.924;1.004;555.922;596.743;8.113;159233;151708;144768;0.178;0.108;0.066;3.079;1.378;0.082;37.978;36.535;132.149;132.185;128.803;28.731;28.365;1.813;0.189;0.726;67.464;199.649;126.177;32.601;0.732;0.720;0.000;0.036;0.000;11;33.521;125.687;4;0;0;0;0;0;0;0
146;1;1;1;0.000000;0.000000;1.000000;1419.897720;1419.965486;1420.096693;789030;31020;145716;24;1822;31020;33804;100.000;0.925;1.005;559.562;600.654;8.113;159772;152938;145716;0.182;0.106;0.065;2.506;1.657;0.431;37.263;35.541;131.154;131.207;127.579;28.400;27.858;1.812;0.190;0.151;67.767;198.973;125.619;33.754;0.420;0.701;0.000;0.053;0.000;23;33.099;125.018;2;0;0;0;0;0;0;0
147;1;1;1;0.000000;0.000000;1.000000;1419.931050;1419.999214;1420.129980;794594;31772;147238;25;1841;31772;34672;100.000;0.941;1.024;565.406;606.927;8.321;161190;154325;147238;0.225;0.110;0.069;3.043;1.378;0.083;37.382;35.935;130.740;130.766;127.351;28.587;28.217;1.471;0.191;0.978;68.165;198.931;125.573;33.728;0.395;0.682;0.000;0.026;0.000;16;32.960;124.280;3;0;0;0;0;0;0;0
148;1;1;1;0.000000;0.000000;1.000000;1419.964373;1420.033160;1420.163763;797998;30456;146864;24;1836;30456;33240;100.000;0.908;0.988;563.970;605.378;7.978;160800;154144;146864;0.227;0.113;0.069;3.008;1.662;0.438;38.239;36.509;130.562;130.603;126.942;29.279;28.760;1.378;0.191;1.030;68.787;199.390;126.023;33.946;0.613;0.678;0.000;0.041;0.000;20;33.570;123.892;3;0;0;0;0;0;0;0
149;1;1;1;0.000000;0.000000;1.000000;1419.997655;1420.066869;1420.197458;798639;30456;147738;24;1847;30456;33240;100.000;0.954;1.038;567.326;608.982;7.978;161813;155104;147738;0.177;0.108;0.068;2.095;1.430;0.084;38.318;36.821;130.568;130.589;127.117;29.343;28.966;1.460;0.192;0.090;69.214;199.803;126.384;33.709;0.375;0.659;0.000;0.020;0.000;19;34.794;125.000;4;0;0;0;0;0;0;0
150;1;1;1;0.000000;0.000000;1.000000;1420.031033;1420.098978;1420.230861;796693;30080;148090;23;1852;30080;32748;100.000;0.887;0.963;568.678;610.447;7.860;161862;155335;148090;0.177;0.106;0.067;2.405;1.708;0.433;36.901;35.126;131.816;131.883;128.109;27.980;27.419;1.773;0.193;0.089;67.945;199.828;126.453;32.109;1.224;0.694;0.000;0.066;0.000;22;32.788;125.636;2;0;0;0;0;0;0;0
151;1;1;1;0.000000;0.000000;1.000000;1420.064391;1420.133104;1420.263447;794717;137804;147952;105;1850;137804;149984;100.000;3.929;4.274;568.148;609.872;35.996;182724;160766;147952;0.183;0.109;0.066;2.445;1.389;0.084;36.731;35.277;130.318;130.343;126.923;28.180;27.794;1.804;0.193;0.091;68.713;199.057;125.707;34.126;0.793;0.700;0.000;0.026;0.000;44;32.897;124.451;5;0;0;0;0;0;0;0
152;1;1;1;0.000000;0.000000;1.000000;1420.097662;1420.168311;1420.297639;792861;28764;148152;22;1852;28764;31316;100.000;0.904;0.981;568.916;610.685;7.516;177426;162397;148152;0.220;0.108;0.067;3.299;1.726;0.439;37.986;36.194;129.276;129.328;125.544;29.372;28.830;1.812;0.193;0.900;70.649;199.977;126.565;35.207;1.874;0.774;0.000;0.052;0.000;21;32.962;122.182;2;0;0;0;0;0;0;0
153;1;1;1;0.000000;0.000000;1.000000;1420.131029;1420.200278;1420.330242;792789;23688;147662;18;1846;23688;25776;100.000;0.714;0.774;567.035;608.668;6.186;172400;160692;147662;0.183;0.106;0.066;2.855;1.387;0.084;37.650;36.197;129.946;129.964;126.542;28.969;28.605;1.811;0.192;0.498;69.249;199.213;125.835;31.967;1.366;0.811;0.000;0.018;0.000;9;33.407;123.668;3;0;0;0;0;0;0;0
154;1;1;1;0.000000;0.000000;1.000000;1420.164346;1420.233653;1420.364507;792309;22936;147945;18;1850;22936;25024;100.000;0.706;0.768;568.121;609.845;6.006;170339;159188;147945;1.169;0.112;0.069;4.193;1.410;0.089;38.481;37.002;130.832;130.854;127.387;29.408;29.047;1.570;0.192;1.082;69.307;200.161;126.767;33.375;0.041;0.763;0.000;0.023;0.000;10;32.878;123.168;4;0;0;0;0;0;0;0
155;1;1;1;0.000000;0.000000;1.000000;1420.197734;1420.266329;1420.397522;791925;25004;147762;19;1848;25004;27208;100.000;637.338;691.085;567.419;609.097;6.530;168591;158413;147762;0.178;0.108;0.066;3.179;1.710;0.452;38.616;36.840;131.175;131.193;127.427;29.435;28.911;1.814;0.192;0.822;68.595;199.788;126.448;32.676;0.657;0.756;0.000;0.017;0.000;8;33.727;124.229;4;0;0;0;0;0;0;0
156;1;1;1;0.000000;0.000000;1.000000;1420.231012;1420.299707;1420.430219;793795;28764;148592;22;1858;28764;31316;100.000;0.886;0.961;570.606;612.510;7.516;167879;158079;148592;0.178;0.108;0.067;2.816;1.395;0.085;37.599;36.137;130.450;130.511;127.076;28.809;28.438;1.809;0.193;0.463;68.696;199.207;125.811;33.378;0.045;0.712;0.000;0.062;0.000;21;33.388;124.197;2;0;0;0;0;0;0;0
157;1;1;1;0.000000;0.000000;1.000000;1420.264350;1420.332365;1420.464200;793460;28200;148650;22;1859;28200;30752;100.000;0.840;0.913;570.828;612.755;7.380;166756;157719;148650;0.185;0.106;0.067;2.708;1.698;0.432;38.161;36.397;131.816;131.835;128.068;28.946;28.420;1.811;0.194;0.345;68.015;199.850;126.459;32.657;0.676;0.709;0.000;0.019;0.000;16;33.756;125.341;3;0;0;0;0;0;0;0
158;1;1;1;0.000000;0.000000;1.000000;1420.297721;1420.366134;1420.496606;795527;28200;147554;22;1845;28200;30752;100.000;0.837;0.909;566.620;608.231;7.380;165007;157250;147554;0.181;0.108;0.066;2.441;1.384;0.083;36.833;35.383;130.421;130.472;127.043;28.231;27.851;1.805;0.192;0.090;68.413;198.885;125.532;33.769;0.436;0.692;0.000;0.052;0.000;21;33.008;124.549;2;0;0;0;0;0;0;0
159;1;1;1;0.000000;0.000000;1.000000;1420.331050;1420.400027;1420.530976;798776;29516;146024;23;1826;29516;32184;100.000;0.891;0.968;560.745;601.927;7.724;161999;154480;146024;0.185;0.108;0.066;2.995;1.673;0.429;38.045;36.306;130.913;130.949;127.083;29.053;28.569;1.816;0.190;0.631;68.977;199.926;126.569;33.894;0.560;0.684;0.000;0.035;0.000;20;33.377;124.051;3;0;0;0;0;0;0;0
160;1;1;1;0.000000;0.000000;1.000000;1420.364261;1420.433335;1420.563608;799362;28952;143192;22;1790;28952;31504;100.000;700.414;759.843;549.870;590.240;7.561;158153;151021;143192;0.183;0.106;0.066;3.167;1.357;0.085;37.512;36.090;130.246;130.273;126.938;28.795;28.431;1.812;0.186;0.813;69.075;199.348;125.868;33.308;0.025;0.643;0.000;0.027;0.000;12;32.989;123.742;2;0;0;0;0;0;0;0
161;1;1;1;0.000000;0.000000;1.000000;1420.397681;1420.467012;1420.597327;789777;28952;141480;22;1769;28952;31504;100.000;653.275;708.705;543.296;583.192;7.561;156114;149118;141480;0.181;0.106;0.066;3.177;1.668;0.433;38.234;36.500;130.280;130.315;126.663;29.339;28.817;1.807;0.184;0.833;69.331;199.646;126.253;33.677;0.344;0.624;0.000;0.035;0.000;20;33.389;123.450;2;0;0;0;0;0;0;0
162;1;1;1;0.000000;0.000000;1.000000;1420.431014;1420.499917;1420.629940;790930;28200;139820;22;1748;28200;30752;100.000;0.866;0.941;536.921;576.344;7.380;154224;147472;139820;0.179;0.105;0.063;2.841;1.295;0.077;37.509;36.150;129.982;130.023;126.806;28.848;28.508;1.810;0.181;0.502;68.903;198.926;125.532;32.904;0.429;0.612;0.000;0.041;0.000;21;33.373;123.915;2;0;0;0;0;0;0;0
163;1;1;1;0.000000;0.000000;1.000000;1420.464339;1420.532670;1420.663800;793734;29328;138532;23;1732;29328;31996;100.000;0.875;0.952;531.975;571.037;7.679;152207;145442;138532;0.183;0.104;0.066;2.338;1.126;0.070;37.979;36.788;131.076;131.130;128.068;28.963;28.725;1.711;0.180;0.093;68.331;199.461;126.059;32.754;0.580;0.610;0.000;0.053;0.000;21;34.516;125.675;3;0;0;0;0;0;0;0
164;1;1;1;0.000000;0.000000;1.000000;1420.497707;1420.566362;1420.698999;792883;29892;138018;23;1726;29892;32560;100.000;0.900;0.977;530.002;568.928;7.814;151597;145064;138018;0.179;0.104;0.062;2.497;1.654;0.467;38.457;36.741;132.611;132.637;128.846;28.995;28.515;1.855;0.182;0.113;68.654;201.291;127.925;33.692;0.358;0.594;0.000;0.026;0.001;13;34.307;126.321;3;0;0;0;0;0;0;0
165;1;1;1;0.000000;0.000000;1.000000;1420.531071;1420.599762;1420.733087;791299;30456;138142;24;1727;30456;33240;100.000;0.885;0.964;530.478;569.426;7.978;151249;144790;138142;0.186;0.105;0.063;2.029;1.145;0.068;38.297;37.089;133.303;133.325;130.106;28.725;28.507;1.385;0.182;0.107;68.691;202.016;128.679;33.400;0.067;0.561;0.000;0.022;0.000;16;35.124;128.053;3;0;0;0;0;0;0;0
166;1;1;1;0.000000;0.000000;1.000000;1420.564342;1420.634392;1420.769022;789485;132728;138460;101;1731;132728;144444;100.000;3.925;4.269;531.699;570.738;34.667;172621;150718;138460;0.183;0.105;0.063;2.031;1.766;0.224;39.233;37.403;134.568;134.630;130.916;29.141;28.570;1.398;0.180;0.101;70.050;204.680;131.282;34.630;1.297;0.607;0.000;0.062;0.000;32;35.435;128.821;6;0;0;0;0;0;0;0
167;1;1;1;0.000000;0.000000;1.000000;1420.597676;1420.668398;1420.804411;789977;29328;138716;23;1734;29328;31996;100.000;0.843;0.917;532.682;571.788;7.679;165456;151144;138716;0.183;0.105;0.063;2.054;2.037;0.626;38.761;36.660;135.960;136.012;131.606;28.498;27.856;1.388;0.182;0.132;70.723;206.735;133.337;34.006;0.673;0.611;0.000;0.053;0.000;22;34.669;129.497;2;0;0;0;0;0;0;0
168;1;1;1;0.000000;0.000000;1.000000;1420.631060;1420.703446;1420.839496;791598;24816;139622;19;1746;24816;27020;100.000;0.695;0.754;536.161;575.538;6.485;164403;152065;139622;0.185;0.105;0.066;2.181;1.556;0.110;39.043;37.422;136.018;136.050;131.996;28.698;28.351;1.450;0.268;0.107;72.386;208.436;135.089;35.048;1.714;0.680;0.000;0.032;0.000;11;35.307;129.782;4;0;0;0;0;0;0;0
169;1;1;1;0.000000;0.000000;1.000000;1420.664249;1420.739346;1420.871094;795034;25004;139918;19;1749;25004;27208;100.000;584.014;633.264;537.298;576.743;6.530;164427;153112;139918;0.179;0.105;0.065;2.036;1.673;0.286;35.582;33.845;131.728;131.748;127.828;27.008;26.477;1.394;0.184;0.110;75.097;206.844;133.353;35.900;2.567;0.798;0.000;0.019;0.000;9;31.873;125.771;3;0;0;0;0;0;0;0
170;1;1;1;0.000000;0.000000;1.000000;1420.697252;1420.773085;1420.904067;794863;25756;140286;20;1754;25756;28076;100.000;0.736;0.800;538.711;578.268;6.738;162948;152059;140286;0.183;0.106;0.063;2.028;2.098;0.675;36.842;34.680;130.934;130.982;126.799;28.128;27.350;1.385;0.184;0.105;75.833;206.815;132.994;33.739;0.406;0.774;0.000;0.049;0.000;15;32.715;124.721;3;0;0;0;0;0;0;0
171;1;1;1;0.000000;0.000000;1.000000;1420.730646;1420.808254;1420.937588;794885;27260;141226;21;1766;27260;29696;100.000;0.816;0.887;542.320;582.149;7.127;162709;152403;141226;0.182;0.103;0.065;2.032;1.428;0.092;37.324;35.831;129.294;129.333;125.500;28.858;28.551;1.388;0.186;0.108;77.609;206.942;133.180;35.169;1.836;0.840;0.000;0.040;0.000;17;33.864;123.427;3;0;0;0;0;0;0;0
172;1;1;1;0.000000;0.000000;1.000000;1420.764497;1420.841869;1420.970459;788905;27448;141276;21;1766;27448;29884;100.000;0.836;0.907;542.512;582.341;7.172;160424;150770;141276;0.181;0.106;0.065;2.044;1.848;0.317;36.522;34.610;128.564;128.590;124.542;28.402;27.790;1.402;0.185;0.105;77.372;205.962;132.718;33.615;0.282;0.805;0.000;0.026;0.000;11;32.630;122.459;4;0;0;0;0;0;0;0
173;1;1;1;0.000000;0.000000;1.000000;1420.798371;1420.874897;1421.003290;787376;27260;140380;21;1755;27260;29696;100.000;0.826;0.896;539.072;578.652;7.127;157811;149028;140380;0.182;0.105;0.065;2.038;2.596;0.725;36.851;34.190;128.341;128.393;123.728;28.702;27.633;1.392;0.184;0.110;76.527;204.919;132.216;33.028;0.305;0.774;0.000;0.051;0.001;20;32.216;121.637;2;0;0;0;0;0;0;0
174;1;1;1;0.000000;0.000000;1.000000;1420.831473;1420.908100;1421.034280;791921;28576;138596;22;1733;28576;31128;100.000;0.887;0.963;532.221;571.305;7.471;155980;148366;138596;0.183;0.105;0.063;2.014;1.375;0.091;35.723;34.284;126.158;126.180;122.839;28.311;27.910;1.383;0.182;0.098;76.627;202.808;129.873;33.203;0.131;0.734;0.000;0.022;0.000;14;32.333;120.801;3;0;0;0;0;0;0;0
175;1;1;1;0.000000;0.000000;1.000000;1420.865006;1420.940545;1421.066336;785044;28200;137098;22;1714;28200;30752;100.000;0.907;0.986;526.469;565.124;7.380;153740;146235;137098;0.184;0.105;0.065;2.007;1.584;0.419;35.505;33.856;125.757;125.790;122.303;28.226;27.682;1.382;0.179;0.093;75.539;201.330;128.595;32.445;0.888;0.743;0.000;0.034;0.000;15;31.913;120.260;4;0;0;0;0;0;0;0
176;1;1;1;0.000000;0.000000;1.000000;1420.898308;1420.971823;1421.098115;785759;28012;136788;22;1710;28012;30564;100.000;0.824;0.896;525.278;563.844;7.335;152525;145371;136788;0.179;0.104;0.063;1.980;1.319;0.075;35.389;34.006;126.228;126.292;123.090;28.021;27.627;1.365;0.178;0.089;73.515;199.807;127.041;31.278;2.055;0.825;0.000;0.064;0.000;21;32.090;121.045;2;0;0;0;0;0;0;0
177;1;1;1;0.000000;0.000000;1.000000;1420.931307;1421.006040;1421.131099;782963;28764;136884;22;1712;28764;31316;100.000;0.903;0.980;525.647;564.257;7.516;152203;145274;136884;0.181;0.103;0.065;2.061;1.666;0.438;36.274;34.543;125.006;125.058;121.503;29.005;28.430;1.440;0.178;0.094;74.734;199.792;126.691;34.217;0.884;0.829;0.000;0.052;0.000;16;32.547;119.390;4;0;0;0;0;0;0;0
178;1;1;1;0.000000;0.000000;1.000000;1420.964339;1421.038108;1421.164619;783666;27448;138258;21;1729;27448;29884;100.000;0.862;0.936;530.923;569.917;7.172;153164;146328;138258;0.186;0.103;0.063;1.987;1.304;0.079;37.176;35.809;126.465;126.511;123.250;29.385;29.054;1.358;0.180;0.095;73.768;200.279;126.878;32.067;1.266;0.856;0.000;0.046;0.000;20;33.885;121.216;2;0;0;0;0;0;0;0
179;1;1;1;0.000000;0.000000;1.000000;1420.997665;1421.070153;1421.198655;786714;27824;138600;22;1733;27824;30376;100.000;0.877;0.954;532.236;571.320;7.290;153047;146303;138600;0.185;0.105;0.064;1.997;1.326;0.075;37.366;35.975;128.456;128.502;125.260;29.078;28.720;1.370;0.180;0.094;72.488;200.990;127.581;32.045;1.288;0.883;0.000;0.046;0.000;21;34.042;123.216;2;0;0;0;0;0;0;0
180;1;1;1;0.000000;0.000000;1.000000;1421.030708;1421.102105;1421.231926;787583;26696;139086;21;1739;26696;29132;100.000;0.784;0.853;534.103;573.322;6.992;153545;146787;139086;0.184;0.105;0.066;1.991;1.623;0.450;36.546;34.858;129.685;129.821;126.238;28.151;27.613;1.364;0.182;0.090;71.397;201.219;127.519;31.952;1.381;0.914;0.000;0.137;0.000;15;32.933;124.109;3;0;0;0;0;0;0;0
181;1;1;1;0.000000;0.000000;1.000000;1421.063824;1421.136412;1421.263786;793719;135924;139098;104;1739;135924;147988;100.000;4.020;4.374;534.149;573.368;35.517;175008;151952;139098;0.181;0.105;0.065;2.475;1.316;0.079;35.503;34.123;127.334;127.374;124.130;27.873;27.489;1.812;0.181;0.132;72.588;199.962;126.045;34.307;0.974;0.918;0.000;0.040;0.000;28;31.712;121.613;8;0;0;0;0;0;0;0
182;1;1;1;0.000000;0.000000;1.000000;1421.097289;1421.170340;1421.297393;792329;27260;139598;21;1745;27260;29696;100.000;0.829;0.901;536.069;575.424;7.127;166843;152102;139598;0.178;0.105;0.066;2.691;1.646;0.448;37.372;35.660;127.024;127.053;123.456;29.414;28.885;1.810;0.182;0.350;73.051;200.104;126.319;33.928;0.594;0.898;0.000;0.029;0.000;10;33.035;120.734;3;0;0;0;0;0;0;0
183;1;1;1;0.000000;0.000000;1.000000;1421.130969;1421.203397;1421.331343;801464;21996;141888;17;1774;21996;23968;100.000;0.715;0.776;544.862;584.871;5.752;166450;153241;141888;0.181;0.104;0.066;2.370;1.369;0.084;37.966;36.532;127.910;127.946;124.319;29.674;29.385;1.727;0.186;0.106;72.428;200.374;126.936;33.057;0.276;0.859;0.000;0.036;0.001;16;34.227;121.901;2;0;0;0;0;0;0;0
184;1;1;1;0.000000;0.000000;1.000000;1421.164123;1421.234433;1421.364871;796948;22560;145036;18;1813;22560;24648;100.000;0.695;0.756;556.951;597.840;5.916;166744;155126;145036;0.180;0.106;0.066;2.459;1.660;0.423;37.437;35.712;130.385;130.438;126.694;28.701;28.188;1.812;0.190;0.105;70.310;200.748;127.130;31.036;2.297;0.949;0.000;0.053;0.001;17;33.319;124.181;2;0;0;0;0;0;0;0
185;1;1;1;0.000000;0.000000;1.000000;1421.197151;1421.267083;1421.397794;802598;26696;147102;21;1839;26696;29132;100.000;0.802;0.872;564.884;606.360;6.992;167116;156898;147102;0.178;0.108;0.066;2.314;1.419;0.083;37.062;35.577;130.675;130.711;127.232;28.354;27.962;1.677;0.192;0.094;69.932;200.643;126.720;32.650;0.684;0.932;0.000;0.037;0.001;20;33.329;124.879;2;0;0;0;0;0;0;0
186;1;1;1;0.000000;0.000000;1.000000;1421.230516;1421.300600;1421.444740;797039;28576;149128;22;1865;28576;31128;100.000;0.870;0.945;572.664;614.726;7.471;168462;158756;149128;0.185;0.109;0.068;2.439;1.255;0.087;50.230;48.908;144.082;144.140;140.380;34.848;34.840;1.693;0.242;0.143;70.083;214.223;140.332;33.517;0.184;0.886;0.000;0.057;0.000;21;46.536;137.881;2;0;0;0;0;0;0;0
187;1;1;1;0.000000;0.000000;1.000000;1421.264362;1421.333600;1421.469313;797511;28576;148974;22;1863;28576;31128;100.000;0.842;0.915;572.073;614.089;7.471;167456;158704;148974;0.181;0.108;0.066;2.063;2.378;0.578;28.518;26.075;135.690;135.713;131.084;21.014;19.891;1.396;0.196;0.117;69.238;204.951;131.572;33.000;0.333;0.851;0.000;0.023;0.000;12;24.077;128.997;4;0;0;0;0;0;0;0
188;1;1;1;0.000000;0.000000;1.000000;1421.297665;1421.367714;1421.500236;794879;27260;147856;21;1849;27260;29696;100.000;0.828;0.900;567.780;609.480;7.127;165697;157975;147856;0.178;0.108;0.066;2.032;1.375;0.091;35.522;34.081;132.505;132.522;129.058;26.805;26.408;1.388;0.193;0.099;70.050;202.572;129.162;34.114;0.781;0.847;0.000;0.017;0.001;15;32.115;127.008;3;0;0;0;0;0;0;0
189;1;1;1;0.000000;0.000000;1.000000;1421.330870;1421.400837;1421.532115;793590;27824;145718;22;1822;27824;30376;100.000;0.762;0.830;559.570;600.661;7.290;164103;156521;145718;0.183;0.106;0.066;2.005;1.680;0.452;35.276;33.530;131.233;131.278;127.502;26.871;26.298;1.365;0.190;0.095;69.968;201.245;127.708;33.123;0.210;0.807;0.000;0.045;0.000;20;31.590;125.451;2;0;0;0;0;0;0;0
190;1;1;1;0.000000;0.000000;1.000000;1421.364237;1421.437457;1421.564333;788938;28200;143848;22;1799;28200;30752;100.000;0.869;0.945;552.389;592.962;7.380;160422;153391;143848;0.189;0.106;0.066;2.173;1.348;0.081;35.831;34.418;126.842;126.875;123.363;28.241;27.899;1.518;0.189;0.105;73.221;200.096;126.592;36.620;3.286;0.962;0.000;0.034;0.000;15;32.310;121.155;3;0;0;0;0;0;0;0
191;1;1;1;0.000000;0.000000;1.000000;1421.397627;1421.470945;1421.597386;784846;27636;142800;21;1785;27636;30072;100.000;532.955;578.092;548.364;588.622;7.217;158703;151772;142800;0.186;0.108;0.067;2.403;1.682;0.438;36.731;34.982;126.397;126.440;122.753;29.050;28.498;1.765;0.186;0.092;73.319;199.759;126.312;33.488;0.155;0.911;0.000;0.044;0.000;19;32.645;120.305;2;0;0;0;0;0;0;0
192;1;1;1;0.000000;0.000000;1.000000;1421.430349;1421.503060;1421.630876;788004;28200;142404;22;1781;28200;30752;100.000;0.915;0.995;546.844;587.011;7.380;157942;151529;142404;0.182;0.108;0.067;3.107;1.358;0.082;37.521;36.096;127.720;127.816;124.401;29.355;29.016;1.812;0.186;0.754;72.711;200.527;126.469;32.115;1.219;0.931;0.000;0.096;0.000;21;33.055;121.197;2;0;0;0;0;0;0;0
193;1;1;1;0.000000;0.000000;1.000000;1421.464227;1421.534102;1421.664332;795964;26696;142560;21;1782;26696;29132;100.000;0.820;0.892;547.443;587.632;6.992;157634;151329;142560;0.181;0.108;0.065;2.347;1.665;0.426;37.960;36.230;130.196;130.229;126.559;29.149;28.627;1.717;0.185;0.091;69.876;200.105;126.591;31.042;2.291;1.016;0.000;0.033;0.000;10;33.948;124.167;5;0;0;0;0;0;0;0
194;1;1;1;0.000000;0.000000;1.000000;1421.497308;1421.566842;1421.698249;799207;27072;143286;21;1792;27072;29508;100.000;0.833;0.905;550.231;590.646;7.082;157879;151474;143286;0.182;0.105;0.066;2.115;1.365;0.088;37.857;36.426;131.375;131.407;127.968;28.809;28.465;1.483;0.186;0.093;69.534;200.941;127.175;32.740;0.594;0.989;0.000;0.032;0.000;20;34.376;125.819;2;0;0;0;0;0;0;0
195;1;1;1;0.000000;0.000000;1.000000;1421.530443;1421.599536;1421.731990;799402;28388;144392;22;1805;28388;30940;100.000;0.820;0.891;554.478;595.186;7.426;158743;152427;144392;0.178;0.108;0.066;1.996;1.369;0.083;37.233;35.798;132.411;132.453;129.025;28.111;27.745;1.366;0.188;0.091;69.093;201.546;127.582;32.695;0.639;0.967;0.000;0.042;0.000;18;33.868;126.986;4;0;0;0;0;0;0;0
196;1;1;1;0.000000;0.000000;1.000000;1421.564430;1421.634425;1421.764924;800483;135736;145043;104;1814;135736;147800;100.000;3.898;4.241;556.978;597.889;35.472;179847;157023;145043;0.186;0.110;0.066;2.261;1.692;0.495;36.306;34.548;130.450;130.499;126.757;27.820;27.255;1.617;0.189;0.094;69.995;200.494;127.184;34.888;1.555;1.004;0.000;0.049;0.001;27;32.352;124.445;7;0;0;0;0;0;0;0
197;1;1;1;0.000000;0.000000;1.000000;1421.597687;1421.669385;1421.797346;798336;27072;145944;21;1825;27072;29508;100.000;0.800;0.869;560.437;601.597;7.082;172933;158078;145944;0.185;0.108;0.067;2.351;1.388;0.087;36.331;34.877;127.923;127.961;124.483;28.392;28.017;1.711;0.190;0.091;71.698;199.659;126.272;34.960;1.626;1.043;0.000;0.038;0.000;14;32.592;122.092;3;0;0;0;0;0;0;0
198;1;1;1;0.000000;0.000000;1.000000;1421.631066;1421.703446;1421.831069;798454;21808;146568;17;1833;21808;23780;100.000;0.689;0.748;562.834;604.174;5.707;170535;157729;146568;0.179;0.108;0.067;2.916;1.748;0.457;37.504;35.690;127.596;127.623;123.830;29.387;28.822;1.809;0.190;0.565;72.381;200.004;126.662;34.062;0.728;1.023;0.000;0.028;0.000;12;32.840;120.885;3;0;0;0;0;0;0;0
199;1;1;1;0.000000;0.000000;1.000000;1421.664387;1421.735297;1421.864443;800770;21432;147434;17;1843;21432;23404;100.000;0.674;0.733;566.159;607.725;5.617;169411;157737;147434;0.182;0.110;0.068;3.486;1.408;0.084;37.958;36.483;129.133;129.146;125.616;29.392;29.043;1.814;0.191;1.123;70.909;200.055;126.702;31.851;1.483;1.052;0.000;0.013;0.000;15;33.064;122.115;3;0;0;0;0;0;0;0
200;1;1;1;0.000000;0.000000;1.000000;1421.697230;1421.767332;1421.898293;802378;24440;148866;19;1861;24440;26644;100.000;0.745;0.809;571.658;613.630;6.395;169789;159480;148866;0.180;0.109;0.068;3.348;1.726;0.441;38.752;36.959;130.875;130.961;127.123;29.591;29.073;1.813;0.193;0.984;70.102;201.064;127.219;32.035;1.298;1.067;0.000;0.086;0.000;18;33.679;123.689;2;0;0;0;0;0;0;0
201;1;1;1;0.000000;0.000000;1.000000;1421.730480;1421.800316;1421.931096;805285;27072;150350;21;1880;27072;29508;100.000;0.843;0.916;577.356;619.757;7.082;169807;160068;150350;0.178;0.109;0.067;3.161;1.442;0.085;37.858;36.349;130.758;130.780;127.210;28.948;28.574;1.808;0.195;0.805;69.836;200.617;126.689;32.984;0.350;1.023;0.000;0.023;0.000;13;33.255;124.025;4;0;0;0;0;0;0;0
202;1;1;1;0.000000;0.000000;1.000000;1421.763842;1421.832628;1421.964351;803318;27636;152012;21;1901;27636;30072;100.000;629.535;682.852;583.739;626.613;7.217;170760;161686;152012;0.187;0.110;0.068;2.679;1.758;0.446;37.819;35.993;131.699;131.722;127.800;28.711;28.164;1.810;0.197;0.308;68.786;200.508;126.610;32.313;1.021;1.022;0.000;0.023;0.000;12;33.382;125.096;3;0;0;0;0;0;0;0
203;1;1;1;0.000000;0.000000;1.000000;1421.797850;1421.866340;1421.998018;802036;29140;152816;23;1911;29140;31808;100.000;0.869;0.946;586.826;629.926;7.634;170954;162526;152816;0.180;0.109;0.068;2.680;1.428;0.096;37.890;36.395;131.616;131.678;127.884;28.775;28.459;1.811;0.198;0.316;68.490;200.168;126.944;33.711;0.378;0.982;0.000;0.062;0.000;22;33.782;125.131;2;0;0;0;0;0;0;0
204;1;1;1;0.000000;0.000000;1.000000;1421.831113;1421.900048;1422.031551;810228;28200;152942;22;1912;28200;30752;100.000;0.839;0.912;587.310;630.432;7.380;170036;162381;152942;0.180;0.108;0.067;2.159;1.843;0.492;37.891;35.981;131.466;131.504;127.547;28.814;28.210;1.507;0.199;0.098;68.935;200.438;127.144;33.708;0.375;0.944;0.000;0.038;0.000;19;33.889;125.348;4;0;0;0;0;0;0;0
205;1;1;1;0.000000;0.000000;1.000000;1421.864393;1421.933841;1422.064406;808185;26320;152382;20;1905;26320;28640;100.000;673.704;730.645;585.159;628.124;6.874;169057;161565;152382;0.184;0.109;0.067;2.287;1.477;0.092;36.849;35.306;130.544;130.565;126.971;28.223;27.806;1.636;0.198;0.094;69.448;200.013;126.665;33.793;0.460;0.914;0.000;0.021;0.001;11;33.085;124.661;3;0;0;0;0;0;0;0
206;1;1;1;0.000000;0.000000;1.000000;1421.897494;1421.967986;1422.097704;815223;26884;150790;21;1885;26884;29320;100.000;0.793;0.863;579.046;621.559;7.037;166275;158971;150790;0.182;0.108;0.067;2.696;1.798;0.454;37.096;35.231;129.666;129.719;125.840;28.597;27.997;1.814;0.196;0.330;70.492;200.211;126.630;34.145;0.812;0.907;0.000;0.053;0.000;20;32.601;123.089;2;0;0;0;0;0;0;0
207;1;1;1;0.000000;0.000000;1.000000;1421.931070;1422.002103;1422.130837;799426;27824;149044;22;1864;27824;30376;100.000;0.872;0.949;572.341;614.381;7.290;164084;157321;149044;0.182;0.108;0.066;2.714;1.417;0.085;37.606;36.124;128.684;128.734;125.219;29.212;28.849;1.816;0.194;0.348;71.033;199.766;126.429;34.117;0.784;0.900;0.000;0.050;0.000;20;33.476;122.454;2;0;0;0;0;0;0;0
208;1;1;1;0.000000;0.000000;1.000000;1421.964364;1422.034228;1422.164194;790320;27072;147638;21;1846;27072;29508;100.000;0.836;0.908;566.942;608.576;7.082;161864;155106;147638;0.180;0.106;0.067;2.310;1.418;0.084;37.545;36.061;129.912;129.965;126.509;28.888;28.504;1.670;0.193;0.094;69.865;199.830;126.453;32.126;1.208;0.919;0.000;0.054;0.000;20;33.817;124.144;2;0;0;0;0;0;0;0
209;1;1;1;0.000000;0.000000;1.000000;1421.997547;1422.066796;1422.197749;795945;26884;145656;21;1821;26884;29320;100.000;0.801;0.871;559.332;600.401;7.037;159607;153050;145656;0.178;0.108;0.066;2.594;1.714;0.467;37.270;35.490;130.905;130.952;127.190;28.461;27.903;1.812;0.189;0.241;69.250;200.202;126.675;32.568;0.765;0.909;0.000;0.048;0.000;20;32.961;124.547;2;0;0;0;0;0;0;0
210;1;1;1;0.000000;0.000000;1.000000;1422.030938;1422.100539;1422.230775;792891;28012;144144;22;1802;28012;30564;100.000;0.818;0.890;553.525;594.166;7.335;157748;151412;144144;0.182;0.106;0.067;2.448;1.373;0.085;37.375;35.935;130.213;130.236;126.857;28.698;28.327;1.808;0.188;0.096;69.601;199.837;126.368;33.742;0.409;0.878;0.000;0.024;0.000;14;33.554;124.384;4;0;0;0;0;0;0;0
211;1;1;1;0.000000;0.000000;1.000000;1422.064444;1422.135022;1422.264409;797320;136300;143206;104;1791;136300;148364;100.000;4.232;4.604;549.924;590.316;35.607;179073;155570;143206;0.182;0.106;0.065;3.122;1.681;0.452;37.431;35.685;129.341;129.387;125.678;28.929;28.394;1.812;0.187;0.770;70.578;199.965;126.668;34.483;1.150;0.895;0.000;0.046;0.000;28;32.627;122.509;6;0;0;0;0;0;0;0
212;1;1;1;0.000000;0.000000;1.000000;1422.097800;1422.167316;1422.297766;805214;26884;142122;21;1777;26884;29320;100.000;0.817;0.889;545.761;585.838;7.037;167652;153817;142122;0.180;0.105;0.065;3.274;1.367;0.083;38.197;36.766;130.419;130.450;127.094;29.281;28.928;1.813;0.186;0.926;69.516;199.966;126.692;32.294;1.039;0.904;0.000;0.031;0.000;20;33.556;123.788;2;0;0;0;0;0;0;0
213;1;1;1;0.000000;0.000000;1.000000;1422.131105;1422.200370;1422.330925;797126;20868;141596;16;1770;20868;22724;100.000;0.641;0.695;543.741;583.660;5.454;165660;153838;141596;0.182;0.105;0.065;3.048;1.680;0.440;37.819;36.075;130.533;130.554;126.915;28.968;28.425;1.812;0.185;0.700;69.266;199.820;126.517;33.054;0.279;0.865;0.000;0.022;0.000;9;33.091;123.837;5;0;0;0;0;0;0;0
214;1;1;1;0.000000;0.000000;1.000000;1422.164573;1422.233145;1422.364175;803136;17484;141814;14;1773;17484;19108;100.000;0.523;0.568;544.578;584.565;4.586;164562;153184;141814;0.181;0.105;0.065;2.948;1.351;0.081;37.951;36.536;130.990;131.029;127.695;28.964;28.612;1.814;0.185;0.597;68.572;199.601;126.434;32.775;0.559;0.846;0.000;0.040;0.000;13;33.652;124.706;2;0;0;0;0;0;0;0
215;1;1;1;0.000000;0.000000;1.000000;1422.197779;1422.266828;1422.397835;809297;24440;143036;19;1788;24440;26644;100.000;0.738;0.801;549.271;589.596;6.395;164095;153528;143036;0.180;0.106;0.066;3.277;1.734;0.440;37.955;36.156;130.998;131.007;127.288;28.972;28.405;1.810;0.186;0.930;69.049;200.056;126.761;33.683;0.349;0.815;0.000;0.010;0.000;13;32.944;124.000;4;0;0;0;0;0;0;0
216;1;1;1;0.000000;0.000000;1.000000;1422.231094;1422.300165;1422.430965;808156;27260;144130;21;1802;27260;29696;100.000;0.818;0.888;553.472;594.112;7.127;164776;155028;144130;0.186;0.105;0.066;3.016;1.383;0.086;38.108;36.659;130.758;130.800;127.401;29.134;28.775;1.815;0.187;0.656;69.072;199.872;126.558;33.337;0.004;0.764;0.000;0.042;0.000;17;33.709;124.342;4;0;0;0;0;0;0;0
217;1;1;1;0.000000;0.000000;1.000000;1422.264380;1422.333668;1422.463960;810355;28952;146106;22;1827;28952;31504;100.000;667.370;723.995;561.060;602.264;7.561;164705;155779;146106;0.186;0.106;0.065;3.000;1.393;0.083;37.397;35.940;130.264;130.292;126.889;28.703;28.324;1.813;0.190;0.640;69.288;199.580;126.220;33.503;0.170;0.727;0.000;0.028;0.000;16;33.004;123.860;2;0;0;0;0;0;0;0
218;1;1;1;0.000000;0.000000;1.000000;1422.297765;1422.366537;1422.497467;810211;29328;148782;23;1860;29328;31996;100.000;0.874;0.950;571.335;613.284;7.679;166540;158737;148782;0.179;0.110;0.066;2.534;1.734;0.458;37.852;36.053;130.884;130.930;127.141;28.910;28.356;1.818;0.193;0.168;68.772;199.703;126.393;32.869;0.465;0.711;0.000;0.046;0.000;17;33.584;124.560;3;0;0;0;0;0;0;0
219;1;1;1;0.000000;0.000000;1.000000;1422.331080;1422.400293;1422.530690;808645;28952;150220;22;1878;28952;31504;100.000;0.876;0.950;576.857;619.212;7.561;167296;159916;150220;0.191;0.109;0.066;3.193;1.440;0.089;37.477;35.971;130.355;130.397;126.889;28.740;28.348;1.812;0.195;0.821;69.213;199.610;126.283;33.757;0.423;0.693;0.000;0.042;0.000;21;32.843;123.653;2;0;0;0;0;0;0;0
220;1;1;1;0.000000;0.000000;1.000000;1422.364453;1422.433520;1422.564439;810783;27448;150188;21;1878;27448;29884;100.000;0.826;0.896;576.734;619.090;7.172;167373;159995;150188;0.187;0.109;0.067;3.218;1.770;0.448;38.371;36.534;130.905;130.919;127.072;29.309;28.750;1.811;0.195;0.850;69.067;199.986;126.699;33.227;0.106;0.656;0.000;0.014;0.000;13;33.383;123.839;3;0;0;0;0;0;0;0
221;1;1;1;0.000000;0.000000;1.000000;1422.397783;1422.466936;1422.597311;807088;27636;149054;21;1864;27636;30072;100.000;583.497;632.914;572.380;614.419;7.217;165281;158029;149054;0.181;0.106;0.067;2.903;1.379;0.084;37.673;36.227;130.342;130.374;126.735;28.896;28.585;1.818;0.194;0.537;69.153;199.527;126.237;33.416;0.083;0.620;0.000;0.033;0.000;15;33.391;123.798;2;0;0;0;0;0;0;0
222;1;1;1;0.000000;0.000000;1.000000;1422.431090;1422.499587;1422.631375;809369;27824;147392;22;1843;27824;30376;100.000;0.826;0.898;565.998;607.563;7.290;163010;156005;147392;0.182;0.106;0.066;3.461;1.722;0.431;38.575;36.788;131.747;131.788;128.037;29.271;28.732;1.811;0.193;1.104;68.497;200.285;126.968;32.651;0.683;0.624;0.000;0.041;0.000;16;33.392;124.534;5;0;0;0;0;0;0;0
223;1;1;1;0.000000;0.000000;1.000000;1422.464379;1422.533460;1422.664421;795354;27260;146064;21;1826;27260;29696;100.000;0.827;0.898;560.898;602.080;7.127;161185;154432;146064;0.182;0.108;0.066;2.954;1.407;0.084;38.261;36.789;130.928;130.960;127.559;29.216;28.841;1.813;0.190;0.596;69.082;200.042;126.680;33.873;0.540;0.619;0.000;0.032;0.000;20;33.900;124.572;2;0;0;0;0;0;0;0
224;1;1;1;0.000000;0.000000;1.000000;1422.497702;1422.566624;1422.698051;795455;27260;144466;21;1806;27260;29696;100.000;0.816;0.886;554.762;595.493;7.127;158552;152228;144466;0.187;0.106;0.066;2.407;1.687;0.426;37.962;36.210;131.403;131.427;127.729;28.885;28.349;1.771;0.188;0.089;68.922;200.350;126.977;33.164;0.170;0.591;0.000;0.024;0.000;12;33.869;125.288;3;0;0;0;0;0;0;0
225;1;1;1;0.000000;0.000000;1.000000;1422.531133;1422.600212;1422.731176;795720;27824;143728;22;1797;27824;30376;100.000;0.818;0.890;551.928;592.456;7.290;157483;150960;143728;0.181;0.106;0.066;2.558;1.374;0.084;37.231;35.792;130.954;130.964;127.596;28.429;28.051;1.809;0.187;0.208;69.079;200.043;126.768;33.587;0.254;0.570;0.000;0.010;0.000;11;33.299;125.026;4;0;0;0;0;0;0;0
226;1;1;1;0.000000;0.000000;1.000000;1422.564384;1422.634504;1422.764339;798723;138180;142930;105;1787;138180;150360;100.000;69.571;75.656;548.864;589.166;36.086;180302;156126;142930;0.178;0.109;0.065;2.657;1.376;0.084;37.098;35.657;129.819;129.836;126.470;28.573;28.194;1.810;0.186;0.309;70.120;199.956;126.599;34.292;0.959;0.594;0.000;0.017;0.000;42;33.065;123.795;5;0;0;0;0;0;0;0
227;1;1;1;0.000000;0.000000;1.000000;1422.597794;1422.668232;1422.798282;807441;25192;142948;20;1787;25192;27512;100.000;0.763;0.830;548.933;589.235;6.603;170496;155469;142948;0.185;0.106;0.066;3.017;1.712;0.474;37.996;36.218;130.003;130.050;126.370;29.217;28.660;1.808;0.187;0.666;70.438;200.488;127.208;33.729;0.395;0.582;0.000;0.046;0.000;18;33.266;123.306;3;0;0;0;0;0;0;0
228;1;1;1;0.000000;0.000000;1.000000;1422.630874;1422.701457;1422.830560;803316;22560;143504;18;1794;22560;24648;100.000;0.685;0.745;551.068;591.528;5.916;169859;157439;143504;0.183;0.105;0.066;2.368;1.381;0.082;36.997;35.550;129.075;129.103;125.747;28.657;28.271;1.737;0.186;0.091;70.583;199.686;126.153;33.225;0.109;0.552;0.000;0.029;0.000;10;33.248;123.349;3;0;0;0;0;0;0;0
229;1;1;1;0.000000;0.000000;1.000000;1422.664468;1422.734607;1422.864771;809074;23312;144280;18;1804;23312;25400;100.000;0.708;0.769;554.048;594.733;6.096;168473;157229;144280;0.180;0.109;0.070;3.259;1.696;0.442;37.961;36.195;130.128;130.164;126.497;29.164;28.614;1.811;0.188;0.901;70.139;200.303;127.030;33.150;0.183;0.529;0.000;0.036;0.000;14;33.006;123.201;3;0;0;0;0;0;0;0
230;1;1;1;0.000000;0.000000;1.000000;1422.697708;1422.767732;1422.897400;808265;25004;145334;19;1817;25004;27208;100.000;516.997;560.595;558.095;599.074;6.530;167920;157019;145334;0.181;0.106;0.065;2.729;1.393;0.083;37.542;36.085;129.646;129.668;126.265;28.953;28.579;1.815;0.189;0.373;70.024;199.692;126.326;33.125;0.208;0.509;0.000;0.022;0.000;14;33.420;123.512;2;0;0;0;0;0;0;0
231;1;1;1;0.000000;0.000000;1.000000;1422.731102;1422.801242;1422.931563;818848;27824;147128;22;1840;27824;30376;100.000;0.862;0.938;564.984;606.482;7.290;169584;159608;147128;0.179;0.106;0.067;3.371;1.704;0.424;38.268;36.497;130.264;130.321;126.592;29.364;28.830;1.811;0.192;1.017;70.140;200.461;127.155;33.509;0.176;0.488;0.000;0.057;0.000;20;33.192;123.163;2;0;0;0;0;0;0;0
232;1;1;1;0.000000;0.000000;1.000000;1422.764476;1422.833684;1422.964368;820617;28012;148796;22;1860;28012;30564;100.000;0.844;0.918;571.389;613.338;7.335;169395;159938;148796;0.180;0.106;0.066;3.348;1.435;0.088;37.833;36.332;130.652;130.684;127.178;28.950;28.568;1.813;0.193;0.991;69.208;199.892;126.628;32.443;0.891;0.513;0.000;0.032;0.000;21;33.049;123.796;2;0;0;0;0;0;0;0
233;1;1;1;0.000000;0.000000;1.000000;1422.797270;1422.867059;1422.998154;814146;28012;150842;22;1886;28012;30564;100.000;0.846;0.920;579.246;621.781;7.335;169850;161600;150842;0.184;0.108;0.067;3.613;1.783;0.434;38.579;36.730;131.048;131.095;127.253;29.429;28.864;1.811;0.196;1.248;69.789;200.884;127.080;33.375;0.042;0.484;0.000;0.047;0.000;21;33.184;123.592;2;0;0;0;0;0;0;0
234;1;1;1;0.000000;0.000000;1.000000;1422.831116;1422.900347;1423.030914;814852;28388;152630;22;1908;28388;30940;100.000;0.878;0.954;586.112;629.144;7.426;170820;162839;152630;0.178;0.108;0.067;3.190;1.456;0.087;38.121;36.599;130.536;130.567;127.029;29.197;28.811;1.812;0.198;0.828;69.231;199.798;126.507;33.288;0.045;0.456;0.000;0.031;0.000;21;33.476;123.798;2;0;0;0;0;0;0;0
235;1;1;1;0.000000;0.000000;1.000000;1422.864116;1422.932867;1423.064636;815725;27072;153174;21;1915;27072;29508;100.000;0.813;0.884;588.201;631.391;7.082;170864;163414;153174;0.177;0.109;0.068;3.047;1.820;0.443;38.293;36.405;131.731;131.769;127.795;29.060;28.487;1.813;0.199;0.681;68.751;200.520;126.895;32.519;0.814;0.479;0.000;0.039;0.000;20;33.426;124.709;2;0;0;0;0;0;0;0
236;1;1;1;0.000000;0.000000;1.000000;1422.897830;1422.966338;1423.097576;816078;26884;152808;21;1911;26884;29320;100.000;0.812;0.882;586.795;629.895;7.037;169559;162141;152808;0.178;0.109;0.067;3.054;1.462;0.087;37.839;36.310;131.210;131.238;127.656;28.832;28.443;1.812;0.198;0.691;68.508;199.745;126.502;33.471;0.138;0.457;0.000;0.027;0.000;11;33.322;124.574;4;0;0;0;0;0;0;0
237;1;1;1;0.000000;0.000000;1.000000;1422.930928;1422.999646;1423.132156;810868;27636;151650;21;1896;27636;30072;100.000;0.820;0.889;582.348;625.110;7.217;167786;160396;151650;0.222;0.108;0.067;4.624;1.435;0.087;38.896;37.395;132.468;132.510;128.759;29.353;29.043;1.649;1.219;1.360;68.718;201.228;127.749;33.308;0.025;0.430;0.000;0.042;0.001;20;32.838;124.091;2;0;0;0;0;0;0;0
238;1;1;1;0.000000;0.000000;1.000000;1422.964456;1423.033523;1423.164725;801907;27260;149972;21;1875;27260;29696;100.000;0.827;0.898;575.905;618.192;7.127;165671;158557;149972;0.185;0.108;0.067;3.401;1.746;0.496;38.884;37.071;131.186;131.202;127.399;29.637;29.098;1.809;0.195;1.038;69.066;200.269;126.984;33.877;0.543;0.438;0.000;0.016;0.000;15;33.736;123.980;3;0;0;0;0;0;0;0
239;1;1;1;0.000000;0.000000;1.000000;1422.997658;1423.066652;1423.197670;799196;28200;148264;22;1854;28200;30752;100.000;0.871;0.947;569.346;611.160;7.380;163255;156223;148264;0.186;0.108;0.066;2.203;1.435;0.089;38.103;36.603;130.987;131.018;127.540;29.082;28.699;1.559;0.192;0.093;68.994;200.012;126.596;33.129;0.204;0.423;0.000;0.031;0.000;12;34.465;125.304;4;0;0;0;0;0;0;0
240;1;1;1;0.000000;0.000000;1.000000;1423.031127;1423.099196;1423.231436;799621;28200;146996;22;1838;28200;30752;100.000;0.830;0.903;564.477;605.930;7.380;161480;154364;146996;0.180;0.108;0.067;2.974;1.730;0.462;37.412;35.615;132.202;132.240;128.478;28.291;27.721;1.825;0.191;0.604;68.068;200.308;127.028;32.544;0.790;0.446;0.000;0.038;0.000;13;32.708;125.464;3;0;0;0;0;0;0;0
241;1;1;1;0.000000;0.000000;1.000000;1423.064486;1423.133371;1423.264413;808174;139496;146062;106;1826;139496;151792;100.000;58.457;63.570;560.891;602.073;36.430;182380;158734;146062;0.178;0.108;0.067;3.311;1.410;0.087;37.699;36.222;130.986;131.042;127.619;28.768;28.383;1.807;0.190;0.961;68.884;199.927;126.672;34.175;0.842;0.471;0.000;0.056;0.000;36;32.978;124.251;8;0;0;0;0;0;0;0
242;1;1;1;0.000000;0.000000;1.000000;1423.097823;1423.168469;1423.298587;810609;27824;145468;22;1819;27824;30376;100.000;0.882;0.960;558.610;599.634;7.290;172872;157471;145468;1.205;0.111;0.068;4.197;1.680;0.425;38.880;37.132;130.052;130.118;126.414;29.880;29.374;1.532;0.190;1.093;70.645;200.764;127.513;35.098;1.765;0.551;0.000;0.066;0.000;21;33.003;122.148;2;0;0;0;0;0;0;0
243;1;1;1;0.000000;0.000000;1.000000;1423.129971;1423.200160;1423.331544;809086;19928;145086;16;1814;19928;21784;100.000;0.594;0.646;557.143;598.054;5.228;170910;157278;145086;1.153;0.112;0.068;4.129;1.377;0.085;38.853;37.409;131.353;131.383;128.006;29.572;29.224;1.517;0.194;1.087;70.190;201.573;127.136;31.692;1.642;0.620;0.000;0.031;0.000;14;33.347;123.843;2;0;0;0;0;0;0;0
244;1;1;1;0.000000;0.000000;1.000000;1423.164336;1423.233910;1423.364571;804105;21996;145538;17;1820;21996;23968;100.000;0.683;0.741;558.878;599.925;5.752;170415;157312;145538;0.185;0.106;0.066;3.257;1.702;0.433;38.497;36.730;130.642;130.661;126.938;29.463;28.935;1.814;0.189;0.896;69.574;200.235;126.830;33.750;0.416;0.607;0.000;0.019;0.000;6;33.539;123.649;5;0;0;0;0;0;0;0
245;1;1;1;0.000000;0.000000;1.000000;1423.197891;1423.266330;1423.397947;810243;24252;146056;19;1826;24252;26456;100.000;0.736;0.800;560.868;602.050;6.349;169709;158180;146056;0.191;0.112;0.069;3.038;1.205;0.076;38.107;36.834;131.572;131.618;128.167;28.953;28.739;1.384;0.191;1.092;68.439;200.056;126.873;32.420;0.914;0.626;0.000;0.046;0.000;18;33.865;125.082;2;0;0;0;0;0;0;0
246;1;1;1;0.000000;0.000000;1.000000;1423.230980;1423.299475;1423.432392;808451;27260;146718;21;1834;27260;29696;100.000;0.813;0.882;563.410;604.772;7.127;169069;159003;146718;0.186;0.106;0.067;2.769;1.216;0.073;38.674;37.391;132.896;132.917;129.445;29.096;28.886;1.915;0.196;0.300;68.495;201.412;127.985;33.146;0.187;0.599;0.000;0.020;0.000;9;34.689;126.655;4;0;0;0;0;0;0;0
247;1;1;1;0.000000;0.000000;1.000000;1423.264555;1423.333222;1423.465769;818595;28764;147758;22;1847;28764;31316;100.000;0.855;0.928;567.403;609.059;7.516;168580;159300;147758;0.178;0.108;0.067;2.455;1.720;0.493;37.444;35.658;132.495;132.547;128.657;28.250;27.715;1.814;0.193;0.095;68.667;201.214;128.028;33.746;0.413;0.587;0.000;0.052;0.000;21;33.269;126.148;2;0;0;0;0;0;0;0
248;1;1;1;0.000000;0.000000;1.000000;1423.297099;1423.367049;1423.497861;813416;28952;149576;22;1870;28952;31504;100.000;833.623;904.355;574.384;616.559;7.561;169252;160783;149576;0.183;0.108;0.067;2.398;1.434;0.083;36.379;34.878;130.770;130.812;127.323;27.810;27.394;1.754;0.195;0.091;69.950;200.762;126.787;33.827;0.494;0.581;0.000;0.042;0.000;22;32.547;124.881;1;0;0;0;0;0;0;0
249;1;1;1;0.000000;0.000000;1.000000;1423.330535;1423.400618;1423.531629;816251;29892;151824;23;1898;29892;32560;100.000;0.869;0.944;583.017;625.823;7.814;170718;162317;151824;0.178;0.109;0.067;2.931;1.797;0.464;37.572;35.708;130.963;131.011;127.133;28.678;28.087;1.810;0.197;0.570;70.083;201.094;127.222;33.569;0.236;0.560;0.000;0.048;0.000;22;32.844;124.154;2;0;0;0;0;0;0;0
250;1;1;1;0.000000;0.000000;1.000000;1423.364499;1423.435243;1423.564722;820584;28952;153370;22;1918;28952;31504;100.000;808.000;876.558;588.953;632.211;7.561;171539;163745;153370;0.186;0.107;0.068;2.701;1.463;0.087;37.782;36.251;129.423;129.479;125.899;29.180;28.794;1.811;0.200;0.329;70.745;200.223;126.981;34.625;1.292;0.605;0.000;0.056;0.000;22;33.618;123.141;1;0;0;0;0;0;0;0
251;1;1;1;0.000000;0.000000;1.000000;1423.397693;1423.467884;1423.598146;817535;26884;153478;21;1919;26884;29320;100.000;0.822;0.893;589.368;632.648;7.037;171173;163669;153478;0.185;0.108;0.067;2.760;1.801;0.488;37.614;35.746;130.189;130.262;126.373;28.875;28.286;1.814;0.199;0.389;70.191;200.453;127.072;32.641;0.693;0.611;0.000;0.073;0.000;20;33.052;123.538;2;0;0;0;0;0;0;0
252;1;1;1;0.000000;0.000000;1.000000;1423.430600;1423.500780;1423.631265;812707;28764;152446;22;1906;28764;31316;100.000;0.861;0.935;585.405;628.392;7.516;169010;161751;152446;0.181;0.108;0.067;2.403;1.415;0.082;37.551;36.070;130.448;130.485;126.855;28.778;28.434;1.748;0.199;0.101;70.181;200.666;126.858;32.897;0.437;0.600;0.000;0.037;0.000;21;33.733;124.413;2;0;0;0;0;0;0;0
253;1;1;1;0.000000;0.000000;1.000000;1423.463935;1423.534380;1423.664939;811017;29140;150768;23;1885;29140;31808;100.000;0.877;0.954;578.962;621.475;7.634;166368;159330;150768;0.181;0.109;0.067;2.376;1.765;0.465;37.636;35.805;130.518;130.559;126.727;28.827;28.253;1.731;0.196;0.093;70.445;201.004;127.198;33.599;0.266;0.579;0.000;0.041;0.000;22;33.496;124.308;2;0;0;0;0;0;0;0
254;1;1;1;0.000000;0.000000;1.000000;1423.497887;1423.567820;1423.698110;812416;28388;148606;22;1858;28388;30940;100.000;0.853;0.927;570.660;612.564;7.426;163542;157262;148606;0.182;0.106;0.067;2.225;1.419;0.085;37.316;35.830;130.244;130.289;126.820;28.641;28.253;1.584;0.193;0.093;69.933;200.222;127.036;33.441;0.107;0.550;0.000;0.045;0.000;17;33.671;124.539;3;0;0;0;0;0;0;0
255;1;1;1;0.000000;0.000000;1.000000;1423.530816;1423.601282;1423.731698;815874;28012;147150;22;1840;28012;30564;100.000;0.831;0.904;565.068;606.566;7.335;161620;155070;147150;0.185;0.106;0.066;2.170;1.722;0.430;37.273;35.485;130.390;130.416;126.687;28.580;28.010;1.529;0.191;0.094;70.466;200.882;127.291;33.461;0.128;0.523;0.000;0.026;0.001;14;33.380;124.489;4;0;0;0;0;0;0;0
256;1;1;1;0.000000;0.000000;1.000000;1423.564378;1423.635268;1423.764398;811813;137804;146080;105;1826;137804;149984;100.000;4.043;4.398;560.960;602.142;35.996;184042;159743;146080;0.181;0.106;0.066;2.734;1.406;0.083;36.582;35.111;129.072;129.130;125.710;28.330;27.930;1.811;0.190;0.380;70.891;200.021;126.658;33.986;0.653;0.531;0.000;0.058;0.000;39;32.442;122.917;7;0;0;0;0;0;0;0
257;1;1;1;0.000000;0.000000;1.000000;1423.597626;1423.669476;1423.797532;809323;28200;145366;22;1818;28200;30752;100.000;0.862;0.937;558.218;599.220;7.380;173086;158571;145366;0.185;0.106;0.065;2.512;1.721;0.444;37.300;35.514;128.016;128.055;124.349;29.128;28.560;1.810;0.189;0.157;71.850;199.906;126.458;34.208;0.875;0.553;0.000;0.039;0.000;17;33.067;121.797;3;0;0;0;0;0;0;0
258;1;1;1;0.000000;0.000000;1.000000;1423.631160;1423.702383;1423.830850;806066;20492;145058;16;1814;20492;22348;100.000;0.641;0.696;557.035;597.947;5.364;169378;156630;145058;0.183;0.106;0.065;2.873;1.406;0.086;37.554;36.084;128.430;128.466;125.081;29.233;28.848;1.815;0.189;0.515;71.223;199.690;126.442;32.907;0.427;0.545;0.000;0.036;0.000;13;33.276;122.171;3;0;0;0;0;0;0;0
259;1;1;1;0.000000;0.000000;1.000000;1423.664193;1423.734605;1423.863695;803994;21620;144584;17;1808;21620;23592;100.000;0.657;0.714;555.215;595.991;5.662;167489;156194;144584;0.177;0.108;0.066;2.235;1.374;0.082;37.095;35.656;129.038;129.090;125.711;28.736;28.364;1.608;0.188;0.089;70.412;199.502;125.954;32.222;1.111;0.580;0.000;0.051;0.000;16;33.487;123.423;2;0;0;0;0;0;0;0
260;1;1;1;0.000000;0.000000;1.000000;1423.697632;1423.767745;1423.897802;804675;24252;144650;19;1809;24252;26456;100.000;0.741;0.806;555.468;596.267;6.349;166240;155973;144650;0.181;0.108;0.065;3.408;1.727;0.478;37.735;35.944;130.006;130.057;126.348;29.014;28.449;1.813;0.188;1.054;70.113;200.170;126.728;33.140;0.194;0.556;0.000;0.051;0.000;18;32.600;122.887;2;0;0;0;0;0;0;0
261;1;1;1;0.000000;0.000000;1.000000;1423.730941;1423.800666;1423.930639;803023;25944;143952;20;1800;25944;28264;100.000;0.778;0.845;552.788;593.384;6.783;164708;155366;143952;0.186;0.106;0.066;3.164;1.368;0.082;37.946;36.512;129.941;129.973;126.600;29.195;28.841;1.804;0.187;0.815;69.725;199.699;126.232;32.921;0.413;0.547;0.000;0.032;0.000;11;33.414;123.402;3;0;0;0;0;0;0;0
262;1;1;1;0.000000;0.000000;1.000000;1423.764506;1423.834244;1423.964341;804900;27448;144058;21;1801;27448;29884;100.000;0.854;0.927;553.195;593.813;7.172;165101;156476;144058;0.181;0.108;0.065;2.948;1.695;0.448;38.258;36.498;130.074;130.096;126.422;29.407;28.870;1.811;0.188;0.597;69.739;199.835;126.600;33.579;0.245;0.528;0.000;0.022;0.000;11;33.615;123.450;3;0;0;0;0;0;0;0
263;1;1;1;0.000000;0.000000;1.000000;1423.797805;1423.866552;1423.997856;801032;28952;144662;22;1809;28952;31504;100.000;596.362;646.962;555.515;596.313;7.561;164871;156695;144662;0.183;0.106;0.066;3.197;1.389;0.084;38.127;36.673;131.270;131.304;127.908;29.038;28.672;1.806;0.188;0.848;68.747;200.051;126.782;32.307;1.026;0.559;0.000;0.034;0.000;15;33.542;124.675;2;0;0;0;0;0;0;0
264;1;1;1;0.000000;0.000000;1.000000;1423.831130;1423.900130;1424.031252;793638;29892;145976;23;1825;29892;32560;100.000;0.919;0.998;560.560;601.720;7.814;164460;156610;145976;0.183;0.106;0.066;3.036;1.709;0.433;37.955;36.181;131.077;131.122;127.381;28.947;28.404;1.812;0.190;0.679;69.000;200.122;126.845;33.578;0.245;0.540;0.000;0.045;0.000;11;33.210;124.298;3;0;0;0;0;0;0;0
265;1;1;1;0.000000;0.000000;1.000000;1423.864420;1423.932841;1424.064253;801156;29328;148478;23;1856;29328;31996;100.000;0.873;0.949;570.168;612.027;7.679;165781;158431;148478;0.177;0.106;0.066;2.986;1.425;0.089;37.749;36.259;131.363;131.413;127.969;28.726;28.334;1.810;0.193;0.633;68.421;199.833;126.513;32.711;0.622;0.545;0.000;0.050;0.000;22;33.339;124.924;2;0;0;0;0;0;0;0
266;1;1;1;0.000000;0.000000;1.000000;1423.897783;1423.966636;1424.097674;804749;28388;149922;22;1875;28388;30940;100.000;0.853;0.927;575.713;618.000;7.426;166794;159617;149922;0.180;0.107;0.066;2.748;1.765;0.459;37.763;35.932;131.014;131.038;127.187;28.818;28.251;1.812;0.195;0.388;68.854;199.892;126.601;33.796;0.462;0.540;0.000;0.024;0.000;14;33.249;124.414;3;0;0;0;0;0;0;0
267;1;1;1;0.000000;0.000000;1.000000;1423.931140;1424.000095;1424.130942;805449;28200;150436;22;1881;28200;30752;100.000;0.847;0.921;577.687;620.110;7.380;166919;159673;150436;0.182;0.106;0.067;2.723;1.437;0.086;37.789;36.286;130.817;130.847;127.336;28.881;28.496;1.813;0.195;0.360;68.954;199.801;126.534;33.458;0.125;0.514;0.000;0.030;0.000;12;33.630;124.582;5;0;0;0;0;0;0;0
268;1;1;1;0.000000;0.000000;1.000000;1423.964497;1424.033575;1424.164482;805329;27072;149636;21;1871;27072;29508;100.000;0.809;0.879;574.615;616.812;7.082;165694;158715;149636;0.178;0.109;0.066;2.974;1.424;0.085;37.713;36.223;130.869;130.907;127.424;28.809;28.427;1.813;0.194;0.614;69.078;199.985;126.742;33.481;0.147;0.491;0.000;0.038;0.000;12;33.315;124.411;3;0;0;0;0;0;0;0
269;1;1;1;0.000000;0.000000;1.000000;1423.997806;1424.067202;1424.198396;805419;27260;148420;21;1856;27260;29696;100.000;0.824;0.895;569.945;611.804;7.127;163971;157353;148420;0.186;0.108;0.067;2.107;1.732;0.508;38.343;36.544;131.167;131.194;127.437;29.226;28.676;1.458;0.193;0.097;69.396;200.590;127.322;33.627;0.293;0.479;0.000;0.027;0.000;14;34.504;125.301;4;0;0;0;0;0;0;0
270;1;1;1;0.000000;0.000000;1.000000;1424.030997;1424.100458;1424.230707;804474;27824;146600;22;1833;27824;30376;100.000;0.829;0.902;562.956;604.296;7.290;161620;155209;146600;0.180;0.108;0.067;2.527;1.381;0.084;36.154;34.706;130.224;130.249;126.849;27.758;27.360;1.820;0.192;0.161;69.461;199.710;126.300;33.257;0.077;0.453;0.000;0.025;0.000;12;32.246;124.296;3;0;0;0;0;0;0;0
271;1;1;1;0.000000;0.000000;1.000000;1424.064487;1424.134319;1424.264793;796101;135360;145088;103;1814;135360;147308;100.000;3.973;4.321;557.150;598.062;35.354;181623;158138;145088;0.185;0.108;0.066;3.207;1.695;0.453;38.021;36.261;130.436;130.473;126.790;29.141;28.599;1.815;0.188;0.846;69.832;200.306;127.052;33.861;0.527;0.458;0.000;0.038;0.000;51;33.119;123.544;5;0;0;0;0;0;0;0
272;1;1;1;0.000000;0.000000;1.000000;1424.097802;1424.168523;1424.297403;805073;28200;144742;22;1810;28200;30752;100.000;0.890;0.968;555.822;596.643;7.380;170748;156069;144742;0.184;0.108;0.066;2.782;1.386;0.085;37.484;36.033;128.832;128.880;125.480;29.085;28.716;1.812;0.189;0.424;70.720;199.600;126.329;34.204;0.870;0.484;0.000;0.048;0.000;21;33.317;122.649;2;0;0;0;0;0;0;0
273;1;1;1;0.000000;0.000000;1.000000;1424.131150;1424.200362;1424.331698;797204;23688;144320;18;1804;23688;25776;100.000;0.711;0.771;554.201;594.887;6.186;168031;154647;144320;0.178;0.106;0.066;3.311;1.688;0.429;38.416;36.663;131.302;131.336;127.590;29.250;28.735;1.810;0.188;0.962;69.211;200.547;127.290;31.839;1.494;0.547;0.000;0.034;0.000;17;33.417;124.244;2;0;0;0;0;0;0;0
274;1;1;1;0.000000;0.000000;1.000000;1424.164465;1424.233851;1424.364731;805139;22748;144042;18;1801;22748;24836;100.000;0.687;0.748;553.134;593.752;5.961;166278;154233;144042;0.186;0.108;0.065;3.297;1.370;0.080;37.954;36.519;130.860;130.880;127.376;28.999;28.671;1.813;0.188;0.938;69.386;200.265;126.990;33.489;0.156;0.523;0.000;0.019;0.000;13;33.287;124.059;4;0;0;0;0;0;0;0
275;1;1;1;0.000000;0.000000;1.000000;1424.197272;1424.267150;1424.398270;808073;25756;144130;20;1802;25756;28076;100.000;0.780;0.847;553.472;594.112;6.738;164563;153180;144130;0.178;0.109;0.065;3.390;1.683;0.434;38.214;36.467;131.093;131.120;127.322;29.144;28.642;1.812;0.187;1.039;69.878;200.998;127.196;33.299;0.034;0.492;0.000;0.026;0.000;12;33.142;123.896;3;0;0;0;0;0;0;0
276;1;1;1;0.000000;0.000000;1.000000;1424.231191;1424.300349;1424.431240;813584;25944;144164;20;1803;25944;28264;100.000;0.787;0.854;553.602;594.265;6.783;164571;154318;144164;0.180;0.108;0.065;3.321;1.383;0.084;38.016;36.568;130.881;130.891;127.369;29.044;28.710;1.815;0.187;0.967;69.158;200.049;126.832;33.198;0.135;0.470;0.000;0.010;0.000;12;33.312;124.037;4;0;0;0;0;0;0;0
277;1;1;1;0.000000;0.000000;1.000000;1424.264205;1424.333514;1424.465232;812306;28952;144334;22;1805;28952;31504;100.000;679.925;737.616;554.255;594.963;7.561;163678;153980;144334;1.204;0.110;0.069;4.274;1.370;0.092;38.700;37.261;131.669;131.719;128.217;29.381;29.061;1.611;0.188;1.093;69.309;201.028;127.492;33.165;0.168;0.451;0.000;0.050;0.001;22;33.056;123.891;1;0;0;0;0;0;0;0
278;1;1;1;0.000000;0.000000;1.000000;1424.297855;1424.367219;1424.497836;817500;28952;144850;22;1811;28952;31504;100.000;878.544;953.087;556.236;597.080;7.561;163269;154667;144850;0.181;0.106;0.066;3.154;1.694;0.497;38.231;36.472;130.576;130.618;126.778;29.269;28.768;1.816;0.188;0.798;69.364;199.981;126.763;33.705;0.372;0.446;0.000;0.042;0.000;22;33.383;123.580;1;0;0;0;0;0;0;0
279;1;1;1;0.000000;0.000000;1.000000;1424.330931;1424.399702;1424.531505;824803;30644;147006;24;1838;30644;33428;100.000;0.932;1.014;564.516;605.968;8.023;164265;155679;147006;0.178;0.108;0.067;3.313;1.394;0.083;38.488;37.027;131.778;131.803;128.236;29.201;28.874;1.811;0.191;0.958;68.772;200.574;127.097;32.483;0.850;0.471;0.000;0.025;0.000;18;33.781;124.897;4;0;0;0;0;0;0;0
280;1;1;1;0.000000;0.000000;1.000000;1424.364245;1424.432760;1424.564899;813944;29704;149388;23;1868;29704;32372;100.000;0.879;0.956;573.662;615.792;7.769;166141;158254;149388;0.182;0.108;0.067;3.014;1.771;0.468;38.076;36.239;132.071;132.139;128.173;28.815;28.274;1.811;0.194;0.653;68.515;200.654;127.159;33.058;0.275;0.459;0.000;0.068;0.000;22;33.292;125.089;2;0;0;0;0;0;0;0
281;1;1;1;0.000000;0.000000;1.000000;1424.397724;1424.466716;1424.598138;815307;30268;150146;23;1877;30268;32936;100.000;720.592;781.836;576.573;618.906;7.905;166016;158480;150146;0.179;0.108;0.066;3.342;1.411;0.084;38.008;36.531;131.372;131.421;127.802;28.921;28.584;1.814;0.196;0.981;68.992;200.413;127.064;33.956;0.623;0.469;0.000;0.049;0.000;23;33.255;124.410;1;0;0;0;0;0;0;0
282;1;1;1;0.000000;0.000000;1.000000;1424.431107;1424.499715;1424.631735;816329;27260;149960;21;1875;27260;29696;100.000;0.810;0.880;575.859;618.146;7.127;165440;158206;149960;0.183;0.106;0.067;2.800;1.634;0.423;38.186;36.486;131.973;132.021;128.017;28.924;28.501;1.817;0.197;0.430;68.608;200.629;127.328;32.998;0.335;0.461;0.000;0.048;0.000;20;33.752;125.167;2;0;0;0;0;0;0;0
283;1;1;1;0.000000;0.000000;1.000000;1424.463534;1424.533548;1424.664671;813249;27636;148574;21;1858;27636;30072;100.000;395.575;429.077;570.537;612.441;7.217;163646;156455;148574;0.181;0.109;0.067;2.001;1.433;0.085;37.553;36.054;131.073;131.123;127.506;28.640;28.276;1.362;0.194;0.089;70.014;201.136;126.930;33.833;0.500;0.463;0.000;0.050;0.000;12;34.119;125.454;3;0;0;0;0;0;0;0
284;1;1;1;0.000000;0.000000;1.000000;1424.497750;1424.567446;1424.699669;809333;28012;146866;22;1836;28012;30564;100.000;0.843;0.917;563.978;605.386;7.335;161321;154158;146866;0.181;0.109;0.066;2.020;1.700;0.428;38.429;36.664;132.161;132.224;128.339;29.064;28.568;1.379;0.191;0.095;69.696;201.919;128.595;33.898;0.564;0.470;0.000;0.062;0.000;21;34.709;126.256;2;0;0;0;0;0;0;0
285;1;1;1;0.000000;0.000000;1.000000;1424.530736;1424.600910;1424.732105;815482;28764;145550;22;1820;28764;31316;100.000;0.836;0.907;558.924;599.971;7.516;159554;152609;145550;0.178;0.108;0.066;2.776;1.381;0.079;36.184;34.738;131.158;131.195;127.669;27.580;27.209;1.892;0.190;0.342;70.174;201.369;127.698;33.465;0.132;0.448;0.000;0.037;0.000;14;32.027;124.846;4;0;0;0;0;0;0;0
286;1;1;1;0.000000;0.000000;1.000000;1424.564098;1424.635574;1424.765036;814633;136300;144160;104;1802;136300;148364;100.000;3.915;4.258;553.587;594.228;35.607;181574;157734;144160;0.179;0.108;0.065;2.868;1.694;0.423;37.110;35.352;129.424;129.461;125.648;28.665;28.136;1.810;0.187;0.520;71.476;200.938;127.295;34.664;1.330;0.504;0.000;0.038;0.000;37;32.549;122.742;8;0;0;0;0;0;0;0
287;1;1;1;0.000000;0.000000;1.000000;1424.597470;1424.670520;1424.798153;814941;28388;142853;22;1786;28388;30940;100.000;0.924;1.004;548.568;588.848;7.426;172001;156117;142853;0.181;0.108;0.066;2.706;1.364;0.084;37.661;36.232;127.600;127.633;124.135;29.507;29.187;1.809;0.186;0.357;73.049;200.683;127.079;34.946;1.612;0.573;0.000;0.034;0.000;13;33.591;121.394;3;0;0;0;0;0;0;0
288;1;1;1;0.000000;0.000000;1.000000;1424.630841;1424.701449;1424.831355;818847;23124;142468;18;1781;23124;25212;100.000;0.706;0.767;547.090;587.256;6.051;168391;154582;142468;0.182;0.105;0.066;2.966;1.362;0.085;37.300;35.872;129.859;129.906;126.440;28.713;28.371;1.814;0.186;0.612;70.608;200.514;126.948;30.929;2.404;0.687;0.000;0.047;0.000;17;32.972;123.426;2;0;0;0;0;0;0;0
289;1;1;1;0.000000;0.000000;1.000000;1424.664592;1424.734426;1424.865333;824052;21056;142484;16;1782;21056;22912;100.000;288.806;312.955;547.151;587.340;5.499;165899;153462;142484;0.177;0.108;0.066;3.390;1.669;0.462;38.290;36.555;130.856;130.907;127.121;29.250;28.756;1.813;0.185;1.041;69.834;200.740;127.592;32.977;0.356;0.667;0.000;0.051;0.000;13;33.231;123.679;2;0;0;0;0;0;0;0
290;1;1;1;0.000000;0.000000;1.000000;1424.697273;1424.767993;1424.897599;835458;25568;143172;20;1790;25568;27888;100.000;0.793;0.862;549.793;590.163;6.693;165177;153648;143172;0.182;0.106;0.065;2.535;1.382;0.084;37.311;35.864;129.557;129.605;126.095;28.788;28.442;1.815;0.186;0.181;70.720;200.326;126.525;33.567;0.234;0.640;0.000;0.048;0.000;19;33.394;123.511;2;0;0;0;0;0;0;0
291;1;1;1;0.000000;0.000000;1.000000;1424.730488;1424.800396;1424.931714;819605;26132;143314;20;1792;26132;28452;100.000;0.780;0.846;550.338;590.753;6.828;163945;154253;143314;0.181;0.105;0.066;2.969;1.683;0.445;38.017;36.268;131.279;131.318;127.494;28.950;28.447;1.811;0.186;0.620;69.908;201.226;127.307;32.402;0.931;0.658;0.000;0.039;0.000;16;33.365;124.485;3;0;0;0;0;0;0;0
292;1;1;1;0.000000;0.000000;1.000000;1424.764294;1424.834087;1424.964390;827799;26508;143732;21;1797;26508;28944;100.000;0.800;0.870;551.943;592.471;6.947;162988;153764;143732;0.183;0.106;0.065;2.745;1.396;0.083;37.353;35.893;130.287;130.303;126.794;28.666;28.308;1.813;0.187;0.390;69.793;200.096;126.649;33.691;0.358;0.639;0.000;0.015;0.000;13;33.212;124.032;4;0;0;0;0;0;0;0
293;1;1;1;0.000000;0.000000;1.000000;1424.797502;1424.867483;1424.998317;830771;28388;144010;22;1801;28388;30940;100.000;0.861;0.935;553.011;593.629;7.426;162424;154020;144010;0.178;0.105;0.065;3.220;1.674;0.431;38.052;36.314;130.764;130.834;127.035;29.084;28.586;1.807;0.188;0.877;69.981;200.815;127.243;33.396;0.062;0.603;0.000;0.070;0.000;21;33.159;123.743;2;0;0;0;0;0;0;0
294;1;1;1;0.000000;0.000000;1.000000;1424.830974;1424.900644;1425.030799;835004;29704;145768;23;1823;29704;32372;100.000;0.887;0.964;559.762;600.876;7.769;163241;155696;145768;0.185;0.108;0.065;3.118;1.179;0.081;37.278;36.035;130.131;130.155;126.754;28.641;28.429;1.812;0.190;0.759;69.671;199.825;126.392;33.162;0.172;0.576;0.000;0.024;0.000;15;32.981;123.612;3;0;0;0;0;0;0;0
295;1;1;1;0.000000;0.000000;1.000000;1424.863885;1424.934378;1425.065399;814967;29328;148094;23;1852;29328;31996;100.000;0.908;0.987;568.693;610.462;7.679;164677;157383;148094;0.178;0.106;0.067;2.105;0.741;0.045;39.042;38.235;130.967;131.021;128.214;29.798;29.821;1.457;0.193;0.104;70.493;201.514;127.658;33.734;0.400;0.565;0.000;0.054;0.000;22;36.197;126.048;2;0;0;0;0;0;0;0
296;1;1;1;0.000000;0.000000;1.000000;1424.897833;1424.966877;1425.116983;818656;28952;149404;22;1868;28952;31504;100.000;409.989;444.776;573.724;615.853;7.561;165436;158213;149404;0.189;0.108;0.067;2.033;1.505;0.392;54.465;52.894;150.061;150.106;146.574;36.284;36.087;1.375;0.194;0.101;69.044;219.150;145.909;32.499;0.834;0.582;0.000;0.045;0.000;11;50.927;144.494;3;0;0;0;0;0;0;0
297;1;1;1;0.000000;0.000000;1.000000;1424.930801;1425.000135;1425.137567;819807;28012;149370;22;1868;28012;30564;100.000;0.862;0.938;573.593;615.723;7.335;165095;157944;149370;0.186;0.112;0.068;2.008;1.134;0.069;24.117;22.915;137.377;137.432;134.269;17.548;17.067;1.357;0.194;0.092;69.334;206.766;133.159;33.258;0.076;0.550;0.000;0.054;0.000;21;20.975;132.205;2;0;0;0;0;0;0;0
298;1;1;1;0.000000;0.000000;1.000000;1424.964473;1425.032876;1425.156732;814766;27636;148012;21;1851;27636;30072;100.000;539.273;584.945;568.379;610.125;7.217;163322;156439;148012;0.178;0.104;0.066;2.019;1.581;0.488;22.289;20.643;123.822;123.856;120.232;17.996;17.169;1.377;0.192;0.101;68.403;192.259;118.991;32.741;0.593;0.553;0.000;0.034;0.001;13;18.690;118.178;3;0;0;0;0;0;0;0
299;1;1;1;0.000000;0.000000;1.000000;1424.997521;1425.091455;1425.197093;809259;28576;146174;22;1828;28576;31128;100.000;644.050;699.413;561.321;602.548;7.471;160733;153953;146174;0.232;0.112;0.070;2.316;1.008;0.060;43.026;41.948;105.604;105.639;101.656;40.729;41.265;1.533;0.245;0.125;93.933;199.572;126.019;58.579;25.245;2.096;0.000;0.035;0.000;16;39.702;99.304;2;0;0;0;0;0;0;0
300;1;1;1;0.000000;0.000000;1.000000;1425.031002;1425.092399;1425.231988;812212;28952;144110;22;1802;28952;31504;100.000;1.465;1.590;553.395;594.036;7.561;158464;151575;144110;0.217;0.106;0.066;2.761;1.371;0.383;39.190;37.754;139.561;139.589;136.218;28.075;27.716;2.088;0.187;0.096;61.398;200.986;127.580;0.945;32.389;3.989;0.000;0.028;0.000;13;35.058;133.428;5;0;0;0;0;0;0;0
