frame_id;rx_complete;tx_complete;current_skip;event;yaw;pitch;zoom;camera_send_timestamp;recv_start_timestamp;codec_exit_time;node_exit_timestamp;original_points;rx_points;processed_points;rx_packets;tx_packets;payload_bytes;reference_size_bytes;data_integrity_pct;internal_throughput_mbs;reference_throughput_mbs;logical_bitrate_mbps;network_bitrate_mbps;reference_bitrate_mbps;conversion_ms;geometry_aggregation_ms;max_r_ms;projection_ms;codec_write_ms;active_tx_ms;active_process_ms;reference_process_ms;total_processing_ms;total_residency_ms;reference_residency_ms;node_efficiency_pct;reference_efficiency_pct;gpu_transfer_ms;gpu_kernel_ms;gpu_packing_ms;gpu_copyback_ms;host_overhead_ms;camera_node_ms;e2e_latency_ms;schedule_delay_ms;inter_arrival_ms;instant_jitter_ms;desynced_jitter_ms;reference_jitter_ms;raw_queue_ms;render_queue_ms;workload_ewma_ms;workload_ratio;frame_backlog;codec_backlog;encode_service_ms;encode_h265_ms;mse_y;psnr_y;ssim_y;mpeg_bytes_generated;ffmpeg_write_calls;ffmpeg_write_eagain;tx_zero_accepts;tx_partial_accepts;tx_resubmit_calls;tx_resubmitted_packets;mbuf_starvation
1;1;1;1;WARMUP;0.000;0.000;1.000;24228.074812;24228.077081;24228.116514;24228.179776;784142;784142;784142;9802;109;12546272;12546312;100.000;1030.837;1030.837;34.177;37.557;3011.115;10.658;4.220;2.241;11.507;9.019;0.006;37.644;31.183;90.524;102.695;39.432;36.656;79.081;1.462;0.915;0.503;1.412;7.215;2.269;104.964;102.695;0.000;0.000;0.000;0.000;0.017;0.257;18.003;0.540;0;1;35.378;35.380;0.190000;55.250000;0.993301;142316;1;0;0;0;0;0;0
2;1;1;1;WARMUP;0.000;0.000;1.000;24228.107375;24228.110963;24228.152910;24228.179910;783406;783406;783406;9793;22;12534496;12534536;100.000;1606.682;1606.682;6.970;7.635;3008.289;3.280;4.447;2.279;4.797;22.369;0.001;37.172;30.446;61.145;68.947;41.946;53.914;72.584;1.948;0.914;0.510;1.396;0.030;3.588;72.535;69.495;33.882;0.549;0.034;0.549;0.009;0.242;16.385;0.492;0;2;49.226;49.230;0.120000;57.340000;0.996746;28952;1;0;0;0;0;0;0
3;1;1;1;WARMUP;0.000;0.000;1.000;24228.141427;24228.144108;24228.190453;24228.249231;780200;780200;780200;9753;18;12483200;12483240;100.000;1656.658;1656.658;5.526;6.066;2995.978;3.408;6.270;3.415;6.604;21.816;0.002;41.513;31.828;97.587;105.123;46.345;39.490;68.676;3.684;0.910;0.523;1.447;0.039;2.681;107.804;105.483;33.145;0.188;0.044;0.188;0.003;0.700;16.365;0.491;0;2;45.825;45.828;0.130000;57.050000;0.997554;22936;1;0;0;0;0;0;0
4;1;1;1;WARMUP;0.000;0.000;1.000;24228.174825;24228.178014;24228.224518;24228.281358;778467;778467;778467;9731;18;12455472;12455512;100.000;1038.897;1038.897;5.436;5.976;2989.323;4.228;5.098;2.801;5.074;20.805;0.001;38.006;30.106;91.355;103.345;46.504;36.776;64.739;2.210;0.918;0.524;1.390;0.031;3.189;106.534;104.277;33.905;0.572;0.077;0.572;0.003;0.732;15.520;0.466;0;2;45.514;45.516;0.130000;57.070000;0.997876;22560;1;0;0;0;0;0;0
5;1;1;1;WARMUP;0.000;0.000;1.000;24228.209661;24228.213463;24228.255527;24228.313099;776427;776427;776427;9706;17;12422832;12422872;100.000;1347.794;1347.794;5.300;5.809;2981.489;4.528;4.451;2.324;6.801;18.737;0.002;36.842;30.066;90.419;99.636;42.064;36.976;71.477;3.810;0.915;0.527;1.512;0.036;3.802;103.438;102.685;35.449;2.116;0.204;2.116;0.002;0.530;13.587;0.408;0;2;44.564;44.566;0.120000;57.440000;0.998196;21996;1;0;0;0;0;0;0
6;1;1;1;IDLE;0.000;0.000;1.000;24228.242127;24228.245582;24228.289508;24228.353084;774893;774893;774893;9687;19;12398288;12398328;100.000;1618.794;1618.794;5.887;6.458;2975.599;4.171;5.383;3.045;7.482;19.953;0.002;40.034;31.606;99.844;107.503;43.927;37.240;71.952;4.346;1.164;0.513;1.423;0.036;3.454;110.957;109.336;32.119;1.215;0.268;1.215;0.002;0.401;14.171;0.425;0;2;43.536;43.539;0.100000;58.090000;0.998660;24440;1;0;0;0;0;0;0
7;1;1;1;IDLE;0.000;0.000;1.000;24228.275268;24228.278013;24228.322222;24228.381826;775949;775949;775949;9700;19;12415184;12415224;100.000;1484.114;1484.114;5.977;6.549;2979.654;3.768;5.624;2.335;7.625;19.885;0.001;39.236;31.277;95.447;103.813;44.208;37.795;70.750;4.674;0.837;0.480;1.593;0.041;2.745;106.558;104.745;32.432;0.901;0.307;0.901;0.003;0.371;14.527;0.436;0;2;50.743;50.745;0.090000;58.640000;0.998800;24816;1;0;0;0;0;0;0
8;1;1;1;IDLE;0.000;0.000;1.000;24228.308709;24228.311474;24228.355505;24228.381942;775463;775463;775463;9694;20;12407408;12407448;100.000;1509.344;1509.344;6.338;6.941;2977.788;3.947;5.627;2.359;7.696;20.078;0.001;39.707;31.722;62.248;70.468;44.031;56.348;72.044;4.386;0.835;0.483;1.757;0.235;2.765;73.233;71.528;33.460;0.127;0.296;0.127;0.002;0.048;14.819;0.445;0;2;46.392;46.395;0.080000;58.940000;0.998906;26320;1;0;0;0;0;0;0
9;1;1;1;IDLE;0.000;0.000;1.000;24228.342096;24228.344873;24228.388723;24228.445344;775698;775698;775698;9697;20;12411168;12411208;100.000;1485.738;1485.738;6.338;6.941;2978.690;5.897;4.416;2.345;8.069;20.629;0.003;41.356;34.595;92.118;100.472;43.851;41.162;78.893;4.692;0.997;0.486;1.858;0.036;2.777;103.248;101.597;33.399;0.065;0.281;0.065;0.003;0.034;14.825;0.445;0;2;42.878;42.880;0.080000;59.020000;0.998881;26320;1;0;0;0;0;0;0
10;1;1;1;IDLE;0.000;0.000;1.000;24228.375464;24228.378336;24228.422222;24228.481058;778020;778020;778020;9726;20;12448320;12448360;100.000;1512.008;1512.008;6.157;6.760;2987.606;4.560;4.383;2.357;7.799;21.051;0.003;40.151;33.410;94.489;102.722;43.886;39.087;76.130;4.548;0.830;0.478;1.908;0.035;2.872;105.594;103.977;33.464;0.130;0.272;0.130;0.003;0.058;14.757;0.443;0;2;44.160;44.172;0.080000;59.120000;0.998930;25568;1;0;0;0;0;0;0
11;1;1;1;IDLE;0.000;0.000;1.000;24228.408812;24228.412204;24228.456300;24228.518878;778554;778554;778554;9732;19;12456864;12456904;100.000;1509.663;1509.663;5.796;6.368;2989.657;3.550;6.459;3.395;5.895;20.046;0.001;39.345;29.491;98.422;106.673;44.096;36.883;66.879;3.064;0.841;0.479;1.473;0.039;3.393;110.066;108.463;33.868;0.535;0.288;0.535;0.015;0.032;15.009;0.450;0;2;44.799;44.801;0.080000;59.260000;0.998899;24064;1;0;0;0;0;0;0
12;1;1;1;IDLE;0.000;0.000;1.000;24228.442318;24228.445436;24228.488282;24228.545574;779986;779986;779986;9750;20;12479776;12479816;100.000;1559.048;1559.048;6.112;6.715;2995.156;3.457;6.161;3.447;6.842;17.952;0.002;37.860;28.252;92.133;100.138;42.846;37.808;65.937;3.961;0.776;0.464;1.606;0.036;3.118;103.256;101.826;33.231;0.102;0.277;0.102;0.003;0.434;15.372;0.461;0;2;48.543;48.545;0.080000;59.260000;0.998920;25380;1;0;0;0;0;0;0
13;1;1;1;IDLE;0.000;0.000;1.000;24228.475510;24228.478250;24228.522748;24228.575644;780926;780926;780926;9762;20;12494816;12494856;100.000;1654.956;1654.956;6.293;6.896;2998.765;3.972;5.657;3.420;6.328;21.342;0.003;40.720;31.643;89.843;97.393;44.497;41.810;71.112;3.069;0.762;0.441;2.020;0.036;2.741;100.134;98.562;32.815;0.519;0.292;0.519;0.002;0.197;15.384;0.462;0;2;44.160;44.164;0.080000;59.080000;0.999046;26132;1;0;0;0;0;0;0
14;1;1;1;IDLE;0.000;0.000;1.000;24228.508434;24228.511678;24228.554802;24228.610713;782770;782770;782770;9785;21;12524320;12524360;100.000;1655.079;1655.079;6.428;7.062;3005.846;5.118;4.721;2.338;6.613;19.932;0.002;38.722;31.663;91.468;99.036;43.124;39.099;73.425;3.156;0.776;0.465;2.182;0.035;3.244;102.280;100.299;33.427;0.094;0.280;0.094;0.003;1.948;14.958;0.449;0;2;40.768;40.770;0.080000;59.090000;0.999044;26696;1;0;0;0;0;0;0
15;1;1;1;IDLE;0.000;0.000;1.000;24228.542074;24228.544862;24228.586608;24228.644559;784474;784474;784474;9806;21;12551584;12551624;100.000;1569.527;1569.527;6.518;7.152;3012.390;3.841;4.787;2.373;7.507;19.050;0.002;37.558;30.398;91.699;99.697;41.746;37.673;72.817;4.392;0.780;0.465;1.826;0.044;2.788;102.485;100.811;33.184;0.149;0.271;0.149;0.002;0.026;14.888;0.447;0;2;43.151;43.153;0.080000;59.050000;0.999081;27072;1;0;0;0;0;0;0
16;1;1;1;IDLE;0.000;0.000;1.000;24228.575651;24228.579413;24228.621684;24228.678878;785193;785193;785193;9815;101;12563088;12563128;100.000;1070.515;1070.515;31.650;34.780;3015.151;4.092;5.920;2.992;6.263;15.033;0.005;34.300;25.387;87.730;99.465;42.271;34.484;60.058;3.563;0.795;0.461;1.403;0.041;3.762;103.227;101.797;34.551;1.218;0.331;1.218;0.003;0.323;14.965;0.449;0;2;37.903;37.905;0.230000;54.520000;0.992343;131788;1;0;0;0;0;0;0
17;1;1;1;IDLE;0.000;0.000;1.000;24228.607960;24228.612053;24228.655120;24228.718586;782720;782720;782720;9784;22;12523520;12523560;100.000;1379.170;1379.170;6.924;7.590;3005.654;3.456;6.398;3.285;5.526;18.403;0.002;37.067;27.385;97.451;106.532;43.066;34.795;63.589;2.558;0.756;0.446;1.726;0.040;4.093;110.626;108.171;32.641;0.693;0.353;0.693;0.002;0.370;15.029;0.451;0;2;42.157;42.159;0.120000;57.280000;0.996824;28764;1;0;0;0;0;0;0
18;1;1;1;IDLE;0.000;0.000;1.000;24228.642164;24228.644921;24228.688841;24228.744555;781613;781613;781613;9771;18;12505808;12505848;100.000;1555.841;1555.841;5.571;6.111;3001.404;3.708;6.107;3.265;7.132;19.074;0.001;39.287;29.915;91.596;99.634;43.920;39.431;68.113;4.000;0.910;0.449;1.730;0.044;2.757;102.391;100.808;32.868;0.466;0.360;0.466;0.003;0.299;15.401;0.462;0;2;48.806;48.808;0.130000;56.940000;0.997435;23124;1;0;0;0;0;0;0
19;1;1;1;IDLE;0.000;0.000;1.000;24228.675479;24228.678197;24228.722013;24228.744605;780006;780006;780006;9751;17;12480096;12480136;100.000;1571.068;1571.068;5.390;5.900;2995.233;3.328;6.004;3.493;6.643;18.910;0.001;38.378;28.882;58.464;66.407;43.816;57.792;65.916;3.886;0.752;0.436;1.533;0.036;2.718;69.125;67.523;33.276;0.057;0.341;0.057;0.003;0.818;15.587;0.468;0;2;41.448;41.450;0.130000;57.010000;0.997929;22372;1;0;0;0;0;0;0
20;1;1;1;IDLE;0.000;0.000;1.000;24228.708869;24228.711594;24228.755997;24228.811172;780302;780302;780302;9754;18;12484832;12484872;100.000;1690.886;1690.886;5.571;6.111;2996.369;5.058;4.803;2.328;6.393;22.104;0.002;40.686;33.555;92.195;99.579;44.403;40.859;75.569;3.025;0.763;0.455;2.068;0.082;2.725;102.303;100.758;33.396;0.063;0.324;0.063;0.008;1.382;15.073;0.452;0;2;44.197;44.198;0.100000;57.940000;0.998240;23124;1;0;0;0;0;0;0
21;1;1;1;IDLE;0.000;0.000;1.000;24228.741988;24228.744826;24228.789074;24228.844254;779066;779066;779066;9739;19;12465056;12465096;100.000;1309.383;1309.383;5.932;6.504;2991.623;3.869;5.895;3.595;6.546;18.045;0.002;37.950;28.460;89.908;99.428;44.248;38.169;64.319;3.515;0.753;0.446;1.788;0.044;2.838;102.266;100.506;33.233;0.101;0.310;0.101;0.003;0.643;15.318;0.460;0;2;40.138;40.139;0.090000;58.620000;0.998414;24628;1;0;0;0;0;0;0
22;1;1;1;IDLE;0.000;0.000;1.000;24228.775582;24228.778873;24228.822149;24228.844324;778280;778280;778280;9729;19;12452480;12452520;100.000;1439.845;1439.845;6.022;6.594;2988.605;3.328;5.946;3.357;6.654;18.024;0.001;37.308;28.006;56.803;65.451;43.276;57.001;64.714;3.656;0.755;0.452;1.752;0.040;3.291;68.743;67.243;34.047;0.713;0.335;0.713;0.003;0.643;15.484;0.465;0;2;40.124;40.126;0.080000;58.940000;0.998712;25004;1;0;0;0;0;0;0
23;1;1;1;IDLE;0.000;0.000;1.000;24228.808797;24228.811615;24228.854604;24228.915199;778907;778907;778907;9737;20;12462512;12462552;100.000;1489.315;1489.315;6.248;6.851;2991.012;3.414;6.040;3.293;6.889;18.177;0.002;37.812;28.480;95.216;103.584;42.989;36.504;66.249;3.916;0.754;0.450;1.726;0.044;2.818;106.402;104.784;32.742;0.591;0.351;0.591;0.004;0.217;15.672;0.470;0;2;44.709;44.712;0.080000;59.010000;0.998759;25944;1;0;0;0;0;0;0
24;1;1;1;IDLE;0.000;0.000;1.000;24228.842119;24228.844947;24228.887691;24228.943460;779289;779289;779289;9742;19;12468624;12468664;100.000;1391.437;1391.437;5.796;6.368;2992.479;3.381;6.031;3.243;6.795;17.636;0.002;37.087;27.812;89.552;98.513;42.744;37.647;65.067;3.811;0.763;0.453;1.729;0.039;2.828;101.341;99.712;33.332;0.002;0.329;0.002;0.003;0.072;15.774;0.473;0;2;45.139;45.141;0.080000;59.160000;0.998837;24064;1;0;0;0;0;0;0
25;1;1;1;IDLE;0.000;0.000;1.000;24228.875492;24228.878253;24228.921327;24228.976566;779739;779739;779739;9747;20;12475824;12475864;100.000;1630.854;1630.854;6.067;6.670;2994.207;3.944;5.898;3.496;7.056;18.423;0.003;38.817;29.423;90.662;98.312;43.074;39.483;68.308;4.202;0.912;0.455;1.448;0.039;2.761;101.073;99.484;33.307;0.027;0.310;0.027;0.002;0.548;15.947;0.478;0;2;40.550;40.552;0.080000;59.090000;0.998877;25192;1;0;0;0;0;0;0
26;1;1;1;IDLE;0.000;0.000;1.000;24228.908641;24228.911650;24228.953603;24228.976634;779364;779364;779364;9743;20;12469824;12469864;100.000;1658.985;1658.985;6.338;6.941;2992.767;4.010;5.757;3.542;6.701;18.188;0.002;38.198;28.899;57.467;64.984;41.953;58.781;68.884;4.004;0.752;0.453;1.449;0.043;3.009;67.993;66.219;33.397;0.064;0.295;0.064;0.002;0.244;15.964;0.479;0;2;41.146;41.148;0.080000;59.050000;0.998914;26320;1;0;0;0;0;0;0
27;1;1;1;IDLE;0.000;0.000;1.000;24228.941621;24228.945248;24228.987533;24229.042272;780025;780025;780025;9751;21;12480400;12480440;100.000;1260.724;1260.724;6.383;7.017;2995.306;3.635;6.122;3.286;5.038;17.836;0.003;35.917;26.509;87.124;97.024;42.285;37.019;62.690;2.040;0.756;0.452;1.759;0.032;3.627;100.651;98.524;33.598;0.264;0.293;0.264;0.003;0.099;15.586;0.468;0;2;39.939;39.940;0.080000;58.990000;0.999069;26508;1;0;0;0;0;0;0
28;1;1;1;IDLE;0.000;0.000;1.000;24228.975469;24228.978394;24229.020641;24229.076154;780373;780373;780373;9755;21;12485968;12486008;100.000;1365.742;1365.742;6.428;7.062;2996.642;3.617;6.463;3.137;5.239;18.125;0.003;36.581;26.981;88.617;97.760;42.247;37.419;63.865;2.232;0.760;0.451;1.762;0.034;2.925;100.685;99.072;33.146;0.187;0.286;0.187;0.002;0.136;15.401;0.462;0;2;39.743;39.754;0.080000;59.100000;0.999140;26696;1;0;0;0;0;0;0
29;1;1;1;IDLE;0.000;0.000;1.000;24229.008589;24229.011458;24229.052688;24229.109501;781651;781651;781651;9771;22;12506416;12506456;100.000;1286.694;1286.694;6.699;7.364;3001.549;3.537;6.130;3.247;5.261;16.043;0.003;34.218;24.841;88.324;98.043;41.230;34.901;60.249;2.295;0.755;0.454;1.723;0.034;2.869;100.912;99.087;33.064;0.269;0.285;0.269;0.016;0.812;15.214;0.456;0;2;39.502;39.504;0.080000;58.860000;0.999108;27824;1;0;0;0;0;0;0
30;1;1;1;IDLE;0.000;0.000;1.000;24229.042001;24229.045427;24229.086028;24229.143702;781375;781375;781375;9768;20;12502000;12502040;100.000;1251.374;1251.374;6.338;6.941;3000.490;3.598;5.887;3.203;5.089;16.297;0.003;34.074;24.983;88.284;98.274;40.601;34.672;61.534;2.124;0.764;0.443;1.724;0.033;3.426;101.700;99.954;33.970;0.636;0.307;0.636;0.003;0.130;14.958;0.449;0;2;39.765;39.766;0.080000;58.950000;0.999156;26320;1;0;0;0;0;0;0
31;1;1;1;IDLE;0.000;0.000;1.000;24229.075477;24229.078914;24229.119386;24229.177090;784392;784392;784392;9805;100;12550272;12550312;100.000;1253.606;1253.606;31.380;34.478;3012.075;3.647;5.995;3.251;5.183;15.585;0.007;33.662;24.415;88.164;98.176;40.472;34.287;60.326;2.191;0.762;0.451;1.744;0.035;3.437;101.613;100.009;33.486;0.153;0.298;0.153;0.004;0.441;14.829;0.445;0;2;39.889;39.899;0.220000;54.610000;0.992438;130660;1;0;0;0;0;0;0
32;1;1;1;IDLE;0.000;0.000;1.000;24229.108844;24229.111857;24229.154225;24229.211101;782671;782671;782671;9784;22;12522736;12522776;100.000;1310.221;1310.221;6.924;7.590;3005.466;3.610;6.075;3.253;5.304;18.089;0.002;36.331;27.004;89.686;99.244;42.367;36.608;63.737;2.350;0.750;0.443;1.726;0.035;3.013;102.258;100.687;32.943;0.390;0.303;0.390;0.002;0.085;14.783;0.443;0;2;40.948;40.951;0.120000;57.260000;0.996536;28764;1;0;0;0;0;0;0
33;1;1;1;IDLE;0.000;0.000;1.000;24229.142094;24229.144906;24229.187503;24229.245172;776999;776999;776999;9713;18;12431984;12432024;100.000;1345.639;1345.639;5.661;6.202;2983.686;3.446;5.990;3.246;6.319;17.549;0.002;36.550;27.314;91.027;100.266;42.597;36.453;64.122;3.341;0.762;0.451;1.724;0.042;2.812;103.078;101.424;33.049;0.285;0.302;0.285;0.004;0.249;14.979;0.449;0;2;41.142;41.144;0.130000;57.000000;0.997539;23500;1;0;0;0;0;0;0
34;1;1;1;IDLE;0.000;0.000;1.000;24229.175500;24229.178352;24229.222075;24229.284450;778650;778650;778650;9734;18;12458400;12458440;100.000;1417.146;1417.146;5.526;6.066;2990.026;3.905;6.053;3.249;6.491;19.042;0.001;38.740;29.438;97.307;106.098;43.722;36.513;67.329;3.507;0.760;0.456;1.725;0.043;2.853;108.951;107.369;33.447;0.113;0.290;0.113;0.003;0.091;15.186;0.456;0;2;42.134;42.136;0.130000;57.110000;0.997970;22936;1;0;0;0;0;0;0
35;1;1;1;IDLE;0.000;0.000;1.000;24229.208657;24229.211451;24229.255632;24229.310330;778007;778007;778007;9726;18;12448112;12448152;100.000;1356.129;1356.129;5.571;6.111;2987.556;3.601;6.309;3.703;7.090;17.518;0.002;38.221;28.209;89.700;98.879;44.180;38.655;63.850;4.191;0.759;0.452;1.644;0.044;2.794;101.673;99.916;33.099;0.234;0.287;0.234;0.003;0.375;15.668;0.470;0;2;46.333;46.334;0.100000;57.990000;0.998043;23124;1;0;0;0;0;0;0
36;1;1;1;IDLE;0.000;0.000;1.000;24229.242013;24229.244968;24229.288489;24229.344422;776483;776483;776483;9707;20;12423728;12423768;100.000;1355.877;1355.877;6.067;6.670;2981.704;3.339;6.068;3.641;6.934;17.300;0.003;37.281;27.572;90.291;99.454;43.521;37.486;63.354;3.954;0.762;0.453;1.727;0.038;2.955;102.409;100.674;33.516;0.183;0.280;0.183;0.003;0.412;15.915;0.477;0;2;39.137;39.138;0.090000;58.470000;0.998491;25192;1;0;0;0;0;0;0
37;1;1;1;IDLE;0.000;0.000;1.000;24229.275550;24229.278345;24229.320894;24229.377490;781287;781287;781287;9767;20;12500592;12500632;100.000;1579.739;1579.739;6.248;6.851;3000.152;4.844;5.734;2.683;6.875;18.632;0.002;38.768;30.351;91.232;99.145;42.549;39.103;71.332;4.174;0.760;0.450;1.457;0.035;2.795;101.940;100.409;33.377;0.044;0.266;0.044;0.009;0.702;15.762;0.473;0;2;42.149;42.158;0.090000;58.620000;0.998774;25944;1;0;0;0;0;0;0
38;1;1;1;IDLE;0.000;0.000;1.000;24229.308542;24229.311575;24229.355389;24229.411569;780329;780329;780329;9755;22;12485264;12485304;100.000;1332.978;1332.978;6.744;7.409;2996.473;3.504;5.947;3.395;5.993;19.048;0.002;37.887;28.545;90.627;99.994;43.814;37.890;65.150;3.015;0.756;0.450;1.733;0.039;3.033;103.027;101.154;33.230;0.104;0.256;0.104;0.003;0.060;15.660;0.470;0;2;41.144;41.145;0.090000;58.650000;0.998836;28012;1;0;0;0;0;0;0
39;1;1;1;IDLE;0.000;0.000;1.000;24229.342131;24229.344953;24229.387977;24229.443651;780785;780785;780785;9760;23;12492560;12492600;100.000;1373.355;1373.355;7.015;7.711;2998.224;3.342;6.017;3.508;6.124;17.557;0.002;36.548;27.024;89.601;98.698;43.024;37.030;62.811;3.134;0.767;0.452;1.731;0.041;2.823;101.520;99.903;33.378;0.045;0.242;0.045;0.003;0.717;15.660;0.470;0;2;41.145;41.147;0.090000;58.550000;0.998943;29140;1;0;0;0;0;0;0
40;1;1;1;IDLE;0.000;0.000;1.000;24229.375472;24229.378302;24229.421962;24229.476728;785430;785430;785430;9818;23;12566880;12566920;100.000;1407.199;1407.199;7.195;7.892;3016.061;3.642;5.951;3.237;6.757;18.679;0.003;38.266;29.078;89.495;98.426;43.659;38.878;66.602;3.782;0.758;0.450;1.730;0.038;2.830;101.256;99.647;33.349;0.016;0.228;0.016;0.003;0.100;15.734;0.472;0;2;40.362;40.367;0.090000;58.380000;0.998902;29892;1;0;0;0;0;0;0
41;1;1;1;IDLE;0.000;0.000;1.000;24229.408849;24229.411714;24229.454621;24229.509600;789479;789479;789479;9869;24;12631664;12631704;100.000;1470.992;1470.992;7.421;8.148;3031.609;3.489;6.121;3.655;6.188;18.049;0.002;37.502;27.726;89.298;97.886;42.907;38.312;64.618;3.253;0.763;0.449;1.683;0.041;2.865;100.751;99.185;33.412;0.078;0.219;0.078;0.004;0.302;15.794;0.474;0;2;40.150;40.151;0.100000;58.160000;0.998941;30832;1;0;0;0;0;0;0
42;1;1;1;IDLE;0.000;0.000;1.000;24229.442164;24229.445070;24229.487693;24229.550974;789348;789348;789348;9867;25;12629568;12629608;100.000;1292.615;1292.615;7.646;8.405;3031.106;3.582;6.260;3.322;5.449;17.042;0.002;35.655;26.073;96.133;105.904;42.623;33.668;61.172;2.467;0.765;0.458;1.725;0.034;2.906;108.810;107.226;33.356;0.023;0.207;0.023;0.004;0.774;15.606;0.468;0;2;38.942;38.945;0.100000;58.170000;0.999014;31772;1;0;0;0;0;0;0
43;1;1;1;IDLE;0.000;0.000;1.000;24229.475490;24229.478451;24229.523356;24229.576951;792714;792714;792714;9909;25;12683424;12683464;100.000;1332.141;1332.141;7.646;8.405;3044.031;3.969;6.401;3.237;5.348;20.207;0.002;39.162;29.524;88.979;98.501;44.905;39.758;65.747;2.365;0.770;0.450;1.730;0.035;2.960;101.461;99.870;33.381;0.047;0.197;0.047;0.002;0.187;15.454;0.464;0;2;47.821;47.824;0.100000;58.130000;0.999000;31772;1;0;0;0;0;0;0
44;1;1;1;IDLE;0.000;0.000;1.000;24229.508860;24229.511750;24229.555330;24229.611035;790865;790865;790865;9886;25;12653840;12653880;100.000;1362.413;1362.413;7.646;8.405;3036.931;4.625;5.847;3.098;7.921;16.521;0.003;38.012;29.067;89.997;99.285;43.580;38.285;66.698;5.219;0.815;0.452;1.390;0.045;2.890;102.175;100.621;33.299;0.034;0.186;0.034;0.003;0.901;15.810;0.474;0;2;38.137;38.139;0.100000;57.980000;0.999018;31772;1;0;0;0;0;0;0
45;1;1;1;IDLE;0.000;0.000;1.000;24229.542205;24229.545002;24229.587497;24229.651889;787976;787976;787976;9850;25;12607616;12607656;100.000;1666.500;1666.500;7.692;8.450;3025.837;4.613;5.804;2.696;7.070;18.617;0.002;38.799;30.300;99.322;106.888;42.496;36.299;71.301;4.309;0.762;0.456;1.510;0.032;2.797;109.685;108.142;33.252;0.081;0.180;0.081;0.002;0.740;15.752;0.473;0;2;42.150;42.152;0.100000;58.260000;0.999040;31960;1;0;0;0;0;0;0
46;1;1;1;IDLE;0.000;0.000;1.000;24229.575230;24229.578367;24229.621495;24229.664130;789717;789717;789717;9872;111;12635472;12635512;100.000;1334.196;1334.196;35.079;38.521;3032.523;3.521;6.141;3.418;5.545;18.072;0.004;36.698;27.139;76.292;85.763;43.127;42.790;62.928;2.599;0.765;0.452;1.688;0.042;3.137;88.900;87.049;33.366;0.032;0.171;0.032;0.013;0.466;15.594;0.468;0;2;48.456;48.466;0.260000;53.970000;0.990830;146076;1;0;0;0;0;0;0
47;1;1;1;IDLE;0.000;0.000;1.000;24229.608848;24229.611690;24229.671027;24229.728019;784950;784950;784950;9812;23;12559200;12559240;100.000;1438.473;1438.473;7.195;7.892;3014.218;3.654;5.908;3.416;6.889;34.275;0.003;54.143;44.819;107.598;116.329;59.337;46.543;75.533;3.920;0.754;0.442;1.727;0.046;2.842;119.171;117.605;33.323;0.010;0.161;0.010;0.003;0.112;15.752;0.473;0;2;62.610;62.611;0.160000;56.140000;0.996130;29892;1;0;0;0;0;0;0
48;1;1;1;IDLE;0.000;0.000;1.000;24229.642207;24229.644962;24229.698628;24229.746340;781130;781130;781130;9765;19;12498080;12498120;100.000;1808.513;1808.513;5.932;6.504;2999.549;4.844;4.181;2.197;5.332;15.789;0.002;32.344;25.965;94.467;101.377;53.666;31.904;48.383;2.355;0.773;0.441;1.600;0.163;2.755;104.133;102.592;33.272;0.061;0.154;0.061;0.139;19.116;14.743;0.442;0;2;16.533;45.176;0.180000;55.580000;0.997418;24628;1;0;0;0;0;0;0
49;1;1;1;IDLE;0.000;0.000;1.000;24229.676541;24229.680369;24229.725887;24229.779751;780468;780468;780468;9756;19;12487488;12487528;100.000;1534.349;1534.349;5.932;6.504;2997.007;3.286;4.314;2.223;4.302;18.436;0.003;32.561;26.024;91.243;99.382;45.519;32.763;57.172;1.691;0.749;0.431;1.403;0.028;3.827;103.209;102.670;35.406;2.073;0.274;2.073;0.002;8.102;13.769;0.413;0;3;20.563;38.884;0.180000;55.640000;0.997776;24628;1;0;0;0;0;0;0
50;1;1;1;IDLE;0.000;0.000;1.000;24229.709767;24229.713322;24229.757759;24229.818096;783376;783376;783376;9793;19;12534016;12534056;100.000;853.389;853.389;5.977;6.549;3008.173;12.435;4.476;2.280;6.443;15.777;0.002;41.411;34.656;90.086;104.774;44.437;39.524;77.989;3.272;0.766;0.458;1.913;0.034;3.555;108.329;107.681;32.954;0.380;0.281;0.380;0.058;0.715;13.634;0.409;0;2;37.762;37.765;0.180000;55.700000;0.997866;24816;1;0;0;0;0;0;0
51;1;1;1;IDLE;0.000;0.000;1.000;24229.742823;24229.747020;24229.790776;24229.846055;787237;787237;787237;9841;23;12595792;12595832;100.000;1231.139;1231.139;7.105;7.801;3023.000;4.101;6.350;3.429;5.678;17.412;0.001;36.970;27.191;88.804;99.035;43.755;37.330;62.144;2.860;0.760;0.454;1.572;0.033;4.198;103.232;102.307;33.698;0.365;0.286;0.365;0.002;0.652;14.095;0.423;0;2;44.727;44.729;0.150000;56.490000;0.998255;29516;1;0;0;0;0;0;0
52;1;1;1;IDLE;0.000;0.000;1.000;24229.775677;24229.779403;24229.822798;24229.875500;787734;787734;787734;9847;24;12603744;12603784;100.000;1243.399;1243.399;7.466;8.194;3024.908;3.667;5.797;3.507;6.933;16.563;0.004;36.467;27.163;85.960;96.097;43.395;37.948;62.594;3.871;0.761;0.451;1.808;0.042;3.726;99.823;98.419;32.383;0.951;0.328;0.951;0.003;0.454;14.637;0.439;0;2;39.810;39.815;0.120000;57.260000;0.998450;31020;1;0;0;0;0;0;0
53;1;1;1;IDLE;0.000;0.000;1.000;24229.808437;24229.812371;24229.855132;24229.910192;787059;787059;787059;9839;24;12592944;12592984;100.000;1637.020;1637.020;7.511;8.239;3022.316;4.575;5.561;2.844;7.338;18.800;0.004;39.118;30.713;90.128;97.821;42.762;39.990;71.823;4.609;0.756;0.456;1.473;0.044;3.934;101.755;99.777;32.968;0.365;0.330;0.365;0.002;0.522;14.916;0.447;0;2;39.150;39.153;0.110000;57.790000;0.998691;31208;1;0;0;0;0;0;0
54;1;1;1;IDLE;0.000;0.000;1.000;24229.842055;24229.844943;24229.885498;24229.942814;786051;786051;786051;9826;24;12576816;12576856;100.000;1505.417;1505.417;7.421;8.148;3018.445;3.893;5.734;2.384;6.690;16.922;0.004;35.622;27.504;89.517;97.871;40.554;36.397;67.821;3.564;0.769;0.455;1.860;0.042;2.889;100.760;99.067;32.572;0.761;0.357;0.761;0.002;0.467;14.892;0.447;0;2;41.606;41.609;0.090000;58.370000;0.998833;30832;1;0;0;0;0;0;0
55;1;1;1;IDLE;0.000;0.000;1.000;24229.875650;24229.878917;24229.920164;24229.975709;796213;796213;796213;9953;23;12739408;12739448;100.000;1029.202;1029.202;7.240;7.937;3057.468;4.484;6.202;3.033;5.818;13.495;0.002;33.030;23.796;84.415;96.793;41.248;34.125;57.690;3.144;0.786;0.454;1.398;0.036;3.266;100.059;98.628;33.973;0.640;0.375;0.640;0.006;0.316;14.938;0.448;0;2;36.139;36.141;0.090000;58.400000;0.998887;30080;1;0;0;0;0;0;0
56;1;1;1;IDLE;0.000;0.000;1.000;24229.908106;24229.912146;24229.952571;24230.009966;790191;790191;790191;9878;23;12643056;12643096;100.000;1352.763;1352.763;7.240;7.937;3034.343;3.489;6.095;3.406;5.532;15.838;0.003;34.360;24.859;88.475;97.821;40.425;35.125;61.493;2.529;0.766;0.453;1.748;0.036;4.040;101.861;99.552;33.229;0.104;0.358;0.104;0.003;0.204;14.964;0.449;0;2;38.972;38.974;0.100000;58.340000;0.998944;30080;1;0;0;0;0;0;0
57;1;1;1;IDLE;0.000;0.000;1.000;24229.942320;24229.945364;24229.985851;24230.043040;798808;798808;798808;9986;24;12780928;12780968;100.000;1247.420;1247.420;7.376;8.103;3067.432;3.751;5.848;3.315;5.191;15.539;0.003;33.643;24.481;87.430;97.676;40.487;34.444;60.465;2.200;0.771;0.454;1.722;0.045;3.044;100.719;99.292;33.218;0.115;0.343;0.115;0.003;0.344;14.815;0.444;0;2;39.648;39.650;0.090000;58.450000;0.998912;30644;1;0;0;0;0;0;0
58;1;1;1;IDLE;0.000;0.000;1.000;24229.975700;24229.978762;24230.019982;24230.077119;797924;797924;797924;9975;23;12766784;12766824;100.000;1133.274;1133.274;7.240;7.937;3064.038;3.775;5.553;3.119;4.945;16.093;0.003;33.484;24.813;87.092;98.357;41.220;34.044;60.196;2.225;0.803;0.469;1.418;0.030;3.062;101.419;100.038;33.398;0.065;0.325;0.065;0.003;0.240;14.518;0.436;0;2;39.145;39.147;0.090000;58.480000;0.998868;30080;1;0;0;0;0;0;0
59;1;1;1;IDLE;0.000;0.000;1.000;24230.008949;24230.011931;24230.054042;24230.077198;794477;794477;794477;9931;23;12711632;12711672;100.000;1296.765;1296.765;7.285;7.982;3050.801;3.784;6.130;3.388;5.153;17.476;0.002;35.930;26.413;55.464;65.267;42.110;55.052;62.723;2.179;0.767;0.447;1.725;0.035;2.983;68.249;66.783;33.169;0.164;0.315;0.164;0.003;0.156;14.559;0.437;0;2;40.548;40.550;0.090000;58.460000;0.998990;30268;1;0;0;0;0;0;0
60;1;1;1;IDLE;0.000;0.000;1.000;24230.042229;24230.045241;24230.087513;24230.143236;789053;789053;789053;9864;24;12624848;12624888;100.000;1218.157;1218.157;7.331;8.058;3029.973;3.694;6.142;3.150;5.271;16.468;0.004;34.725;25.433;87.631;97.995;42.271;35.435;60.165;2.285;0.768;0.451;1.733;0.034;3.012;101.007;99.488;33.310;0.023;0.297;0.023;0.003;0.872;14.563;0.437;0;2;39.259;39.261;0.090000;58.510000;0.998965;30456;1;0;0;0;0;0;0
61;1;1;1;IDLE;0.000;0.000;1.000;24230.075616;24230.078535;24230.122168;24230.184077;783874;783874;783874;9799;110;12541984;12542024;100.000;1372.812;1372.812;34.493;37.904;3010.086;3.696;6.035;3.397;5.891;19.048;0.007;38.068;28.636;96.405;105.541;43.633;36.070;65.629;2.904;0.768;0.452;1.726;0.041;2.920;108.461;106.995;33.294;0.039;0.281;0.039;0.004;0.117;14.759;0.443;0;2;40.110;40.114;0.240000;54.250000;0.991168;143632;1;0;0;0;0;0;0
62;1;1;1;IDLE;0.000;0.000;1.000;24230.108900;24230.111818;24230.155853;24230.209422;782785;782785;782785;9785;22;12524560;12524600;100.000;1391.103;1391.103;6.924;7.590;3005.904;3.512;6.150;3.513;5.340;19.656;0.003;38.170;28.508;88.600;97.604;44.035;39.107;64.739;2.437;0.758;0.443;1.667;0.036;2.918;100.522;99.008;33.283;0.050;0.266;0.050;0.004;0.367;14.823;0.445;0;2;47.874;47.876;0.140000;56.590000;0.996201;28764;1;0;0;0;0;0;0
63;1;1;1;IDLE;0.000;0.000;1.000;24230.142229;24230.144991;24230.188269;24230.242868;782791;782791;782791;9785;18;12524656;12524696;100.000;1291.932;1291.932;5.571;6.111;3005.927;3.557;5.827;3.288;6.762;17.302;0.002;36.735;27.621;88.182;97.877;43.278;37.532;63.822;3.779;0.766;0.451;1.727;0.039;2.763;100.640;99.120;33.173;0.160;0.260;0.160;0.003;0.400;15.089;0.453;0;2;38.448;38.450;0.160000;56.080000;0.997117;23124;1;0;0;0;0;0;0
64;1;1;1;IDLE;0.000;0.000;1.000;24230.175613;24230.178386;24230.219393;24230.276820;782127;782127;782127;9777;17;12514032;12514072;100.000;1639.683;1639.683;5.300;5.809;3003.377;4.487;5.470;2.720;6.908;18.046;0.002;37.632;29.442;90.802;98.434;41.007;38.231;71.798;4.138;0.766;0.457;1.515;0.033;2.772;101.206;99.738;33.394;0.061;0.247;0.061;0.010;0.219;15.094;0.453;0;2;41.515;41.518;0.160000;56.030000;0.997644;21996;1;0;0;0;0;0;0
65;1;1;1;IDLE;0.000;0.000;1.000;24230.208640;24230.212080;24230.253472;24230.310545;785507;785507;785507;9819;18;12568112;12568152;100.000;1266.156;1266.156;5.481;6.021;3016.356;3.589;6.026;3.249;6.047;16.038;0.002;34.949;25.674;88.539;98.465;41.393;35.494;62.025;3.048;0.765;0.453;1.743;0.038;3.440;101.905;100.131;33.694;0.361;0.254;0.361;0.003;0.101;15.155;0.455;0;2;39.379;39.381;0.140000;56.760000;0.998041;22748;1;0;0;0;0;0;0
66;1;1;1;IDLE;0.000;0.000;1.000;24230.242429;24230.245498;24230.287242;24230.344736;789017;789017;789017;9863;19;12624272;12624312;100.000;1254.324;1254.324;5.842;6.413;3029.835;3.979;6.244;3.067;5.294;16.869;0.002;35.452;26.142;89.174;99.238;41.744;35.724;62.624;2.322;0.761;0.451;1.726;0.034;3.069;102.308;100.988;33.418;0.085;0.244;0.085;0.002;0.202;15.022;0.451;0;2;40.166;40.168;0.110000;57.840000;0.998428;24252;1;0;0;0;0;0;0
67;1;1;1;IDLE;0.000;0.000;1.000;24230.275619;24230.278604;24230.320908;24230.377812;789641;789641;789641;9871;20;12634256;12634296;100.000;1228.843;1228.843;6.203;6.805;3032.231;3.685;6.524;3.320;5.309;16.845;0.002;35.683;25.838;88.926;99.208;42.304;35.968;61.078;2.314;0.761;0.458;1.741;0.035;2.984;102.192;100.731;33.106;0.227;0.243;0.227;0.003;0.020;15.058;0.452;0;2;40.668;40.670;0.090000;58.390000;0.998792;25756;1;0;0;0;0;0;0
68;1;1;1;IDLE;0.000;0.000;1.000;24230.308997;24230.311954;24230.355111;24230.410362;784718;784718;784718;9809;21;12555488;12555528;100.000;1270.042;1270.042;6.383;7.017;3013.327;3.675;6.048;3.349;5.532;17.555;0.002;36.159;26.762;88.523;98.409;43.157;36.743;62.010;2.539;0.768;0.454;1.729;0.042;2.956;101.365;99.948;33.350;0.016;0.229;0.016;0.004;0.782;15.029;0.451;0;2;40.251;40.253;0.090000;58.580000;0.998887;26508;1;0;0;0;0;0;0
69;1;1;1;IDLE;0.000;0.000;1.000;24230.342214;24230.345043;24230.388785;24230.444774;778159;778159;778159;9727;21;12450544;12450584;100.000;1409.811;1409.811;6.609;7.243;2988.140;3.508;5.981;3.337;6.764;18.044;0.002;37.634;28.316;90.899;99.730;43.742;37.736;64.734;3.783;0.755;0.451;1.730;0.045;2.829;102.559;101.026;33.090;0.244;0.230;0.244;0.004;0.779;15.295;0.459;0;2;39.617;39.618;0.090000;58.640000;0.998945;27448;1;0;0;0;0;0;0
70;1;1;1;IDLE;0.000;0.000;1.000;24230.375533;24230.378365;24230.422864;24230.478045;776327;776327;776327;9705;22;12421232;12421272;100.000;1368.546;1368.546;6.789;7.454;2981.105;3.408;5.864;3.478;6.304;19.048;0.001;38.102;28.760;90.604;99.680;44.499;38.224;64.630;3.312;0.762;0.454;1.725;0.051;2.832;102.512;100.964;33.322;0.011;0.216;0.011;0.003;0.725;15.386;0.462;0;2;40.952;40.954;0.090000;58.650000;0.998944;28200;1;0;0;0;0;0;0
71;1;1;1;IDLE;0.000;0.000;1.000;24230.408888;24230.411762;24230.455941;24230.510504;786883;786883;786883;9837;23;12590128;12590168;100.000;1432.819;1432.819;7.150;7.847;3021.640;5.398;5.902;3.314;7.140;18.679;0.002;40.433;31.217;89.955;98.742;44.179;40.949;70.661;4.162;0.760;0.450;1.728;0.040;2.874;101.616;100.089;33.397;0.064;0.206;0.064;0.003;0.353;15.631;0.469;0;2;40.779;40.780;0.090000;58.410000;0.998975;29704;1;0;0;0;0;0;0
72;1;1;1;IDLE;0.000;0.000;1.000;24230.442267;24230.445130;24230.489019;24230.543379;787146;787146;787146;9840;22;12594336;12594376;100.000;1440.472;1440.472;6.924;7.590;3022.650;3.474;6.049;3.288;6.938;18.046;0.002;37.796;28.458;89.506;98.249;43.889;38.470;64.842;3.941;0.765;0.457;1.729;0.046;2.863;101.112;99.631;33.368;0.034;0.196;0.034;0.003;0.818;15.795;0.474;0;2;39.526;39.528;0.090000;58.640000;0.999055;28764;1;0;0;0;0;0;0
73;1;1;1;IDLE;0.000;0.000;1.000;24230.475548;24230.478377;24230.521024;24230.576022;781047;781047;781047;9764;22;12496752;12496792;100.000;1376.937;1376.937;6.879;7.545;2999.230;3.403;5.912;3.467;6.379;16.973;0.003;36.134;26.755;88.569;97.645;42.648;37.005;62.735;3.392;0.772;0.446;1.730;0.038;2.829;100.474;98.941;33.247;0.087;0.189;0.087;0.014;0.825;15.789;0.474;0;2;39.321;39.323;0.090000;58.480000;0.999019;28576;1;0;0;0;0;0;0
74;1;1;1;IDLE;0.000;0.000;1.000;24230.508914;24230.511840;24230.553449;24230.609231;782459;782459;782459;9781;23;12519344;12519384;100.000;1396.980;1396.980;7.195;7.892;3004.652;3.596;6.001;3.459;5.834;17.324;0.003;36.214;26.754;88.428;97.390;41.608;37.184;64.300;2.861;0.765;0.449;1.717;0.043;2.926;100.316;98.816;33.464;0.131;0.185;0.131;0.003;0.024;15.668;0.470;0;2;39.891;39.893;0.100000;58.340000;0.998966;29892;1;0;0;0;0;0;0
75;1;1;1;IDLE;0.000;0.000;1.000;24230.542226;24230.545145;24230.585710;24230.643406;781579;781579;781579;9770;23;12505264;12505304;100.000;1283.220;1283.220;7.195;7.892;3001.273;3.587;6.155;3.307;5.262;15.506;0.003;33.817;24.356;88.516;98.261;40.565;34.415;60.041;2.282;0.769;0.452;1.723;0.036;2.919;101.180;99.659;33.305;0.029;0.175;0.029;0.003;0.585;15.435;0.463;0;2;39.014;39.016;0.090000;58.500000;0.998969;29892;1;0;0;0;0;0;0
76;1;1;1;IDLE;0.000;0.000;1.000;24230.575546;24230.579040;24230.618825;24230.684644;784181;784181;784181;9803;110;12546896;12546936;100.000;1230.328;1230.328;34.673;38.084;3011.265;3.725;5.685;3.188;5.033;15.546;0.006;33.177;24.304;95.406;105.604;39.785;31.416;61.089;2.031;0.772;0.456;1.739;0.035;3.494;109.098;107.563;33.895;0.561;0.200;0.561;0.007;0.127;15.056;0.452;0;2;40.122;40.124;0.260000;53.960000;0.990755;144384;1;0;0;0;0;0;0
77;1;1;1;IDLE;0.000;0.000;1.000;24230.608882;24230.611894;24230.655930;24230.708542;782861;782861;782861;9786;22;12525776;12525816;100.000;1241.477;1241.477;6.699;7.364;3006.196;3.763;5.831;3.316;5.137;19.573;0.002;37.621;28.473;86.558;96.648;44.035;38.926;64.660;2.168;0.762;0.447;1.724;0.034;3.013;99.661;98.128;32.854;0.479;0.217;0.479;0.003;0.083;14.866;0.446;0;2;48.284;48.286;0.140000;56.610000;0.995866;27824;1;0;0;0;0;0;0
78;1;1;1;IDLE;0.000;0.000;1.000;24230.642247;24230.645002;24230.688357;24230.742670;779451;779451;779451;9744;17;12471216;12471256;100.000;1312.362;1312.362;5.120;5.629;2993.101;3.687;5.767;3.374;7.596;16.920;0.003;37.345;28.204;88.165;97.668;43.356;38.236;65.052;4.926;0.781;0.456;1.397;0.037;2.755;100.423;98.922;33.107;0.226;0.218;0.226;0.004;0.189;15.337;0.460;0;2;37.100;37.102;0.160000;56.080000;0.997397;21244;1;0;0;0;0;0;0
79;1;1;1;IDLE;0.000;0.000;1.000;24230.675613;24230.678409;24230.718279;24230.775690;784719;784719;784719;9809;17;12555504;12555544;100.000;1638.118;1638.118;5.345;5.855;3013.331;4.796;5.804;2.435;6.518;17.273;0.002;36.826;28.587;89.616;97.281;39.870;37.855;71.699;3.740;0.770;0.450;1.515;0.043;2.796;100.077;98.609;33.407;0.074;0.209;0.074;0.002;0.172;15.194;0.456;0;2;41.656;41.661;0.160000;56.130000;0.997833;22184;1;0;0;0;0;0;0
80;1;1;1;IDLE;0.000;0.000;1.000;24230.708721;24230.712151;24230.752629;24230.809257;780701;780701;780701;9759;19;12491216;12491256;100.000;1210.001;1210.001;5.977;6.549;2997.901;3.932;5.822;3.209;5.974;15.035;0.003;33.972;24.941;86.783;97.106;40.478;34.985;61.618;2.994;0.757;0.451;1.737;0.036;3.430;100.537;98.843;33.742;0.409;0.221;0.409;0.003;0.110;15.150;0.455;0;2;38.085;38.087;0.140000;56.580000;0.998145;24816;1;0;0;0;0;0;0
81;1;1;1;IDLE;0.000;0.000;1.000;24230.742325;24230.745407;24230.785708;24230.842901;785754;785754;785754;9822;21;12572064;12572104;100.000;1158.163;1158.163;6.654;7.288;3017.305;3.788;5.704;3.273;5.013;15.429;0.003;33.207;24.230;86.639;97.495;40.302;34.060;60.122;2.031;0.766;0.453;1.730;0.034;3.082;100.577;99.154;33.256;0.078;0.212;0.078;0.003;0.022;14.863;0.446;0;2;38.966;38.967;0.120000;57.490000;0.998617;27636;1;0;0;0;0;0;0
82;1;1;1;IDLE;0.000;0.000;1.000;24230.775624;24230.778647;24230.818850;24230.876509;783308;783308;783308;9792;22;12532928;12532968;100.000;1212.565;1212.565;6.879;7.545;3007.912;3.988;5.782;3.292;5.244;15.105;0.003;33.412;24.337;87.527;97.863;40.204;34.142;60.536;2.262;0.758;0.458;1.733;0.034;3.023;100.886;99.428;33.240;0.093;0.205;0.093;0.020;0.421;14.730;0.442;0;2;39.150;39.155;0.100000;58.160000;0.998736;28576;1;0;0;0;0;0;0
83;1;1;1;IDLE;0.000;0.000;1.000;24230.808908;24230.811925;24230.852720;24230.909355;782737;782737;782737;9785;21;12523792;12523832;100.000;1239.437;1239.437;6.609;7.243;3005.720;3.741;5.873;3.268;5.123;15.899;0.002;33.904;24.763;87.325;97.430;40.795;34.798;60.700;2.160;0.760;0.446;1.724;0.032;3.017;100.446;98.940;33.278;0.055;0.195;0.055;0.004;0.522;14.617;0.438;0;2;39.683;39.685;0.090000;58.560000;0.998771;27448;1;0;0;0;0;0;0
84;1;1;1;IDLE;0.000;0.000;1.000;24230.842299;24230.845303;24230.886585;24230.942660;781874;781874;781874;9774;22;12509984;12510024;100.000;1174.077;1174.077;6.924;7.590;3002.406;3.716;5.785;3.220;5.174;15.683;0.003;33.578;24.573;86.702;97.357;41.281;34.489;59.525;2.216;0.758;0.444;1.723;0.033;3.004;100.361;98.912;33.378;0.045;0.186;0.045;0.004;0.759;14.510;0.435;0;2;38.447;38.449;0.090000;58.730000;0.998819;28764;1;0;0;0;0;0;0
85;1;1;1;IDLE;0.000;0.000;1.000;24230.875552;24230.878523;24230.919080;24230.942729;780545;780545;780545;9757;19;12488720;12488760;100.000;1302.466;1302.466;6.022;6.594;2997.302;3.679;6.117;3.651;5.253;15.123;0.001;33.823;24.055;54.617;64.206;40.556;52.679;59.313;2.268;0.757;0.449;1.745;0.034;2.972;67.178;65.648;33.220;0.113;0.181;0.113;0.003;0.819;14.641;0.439;0;2;38.698;38.700;0.080000;59.040000;0.998940;25004;1;0;0;0;0;0;0
86;1;1;1;IDLE;0.000;0.000;1.000;24230.908925;24230.911929;24230.953103;24231.009291;778343;778343;778343;9730;21;12453488;12453528;100.000;1229.504;1229.504;6.428;7.062;2988.847;3.660;5.890;3.332;5.181;16.048;0.003;34.110;24.889;87.233;97.362;41.174;35.034;60.447;2.204;0.762;0.451;1.729;0.034;3.004;100.366;98.876;33.406;0.072;0.175;0.072;0.003;0.590;14.584;0.438;0;2;39.150;39.152;0.080000;59.210000;0.999044;26696;1;0;0;0;0;0;0
87;1;1;1;IDLE;0.000;0.000;1.000;24230.942266;24230.945756;24230.986171;24231.042274;778458;778458;778458;9731;21;12455328;12455368;100.000;1207.803;1207.803;6.383;7.017;2989.288;3.696;5.724;3.152;5.005;16.039;0.003;33.616;24.740;86.205;96.518;40.415;34.829;61.215;2.034;0.760;0.455;1.723;0.033;3.490;100.007;98.526;33.827;0.494;0.195;0.494;0.003;0.178;14.411;0.432;0;2;39.153;39.155;0.080000;59.180000;0.999098;26508;1;0;0;0;0;0;0
88;1;1;1;IDLE;0.000;0.000;1.000;24230.975533;24230.978568;24231.018819;24231.075306;778592;778592;778592;9733;22;12457472;12457512;100.000;1288.936;1288.936;6.879;7.545;2989.803;3.658;5.937;3.367;5.177;15.601;0.002;33.740;24.436;87.073;96.738;40.251;34.878;60.709;2.201;0.762;0.454;1.725;0.035;3.034;99.772;98.225;32.812;0.521;0.215;0.521;0.003;0.498;14.432;0.433;0;2;39.050;39.054;0.080000;58.920000;0.999008;28576;1;0;0;0;0;0;0
89;1;1;1;IDLE;0.000;0.000;1.000;24231.008932;24231.011905;24231.051516;24231.108518;779952;779952;779952;9750;23;12479232;12479272;100.000;1202.163;1202.163;7.105;7.801;2995.025;3.666;5.743;3.277;5.099;14.638;0.004;32.422;23.402;86.232;96.613;39.611;33.559;59.079;2.126;0.758;0.453;1.727;0.034;2.974;99.587;98.104;33.337;0.004;0.202;0.004;0.003;0.469;14.357;0.431;0;2;38.422;38.424;0.090000;58.730000;0.998954;29516;1;0;0;0;0;0;0
90;1;1;1;IDLE;0.000;0.000;1.000;24231.042238;24231.045715;24231.084782;24231.146935;779674;779674;779674;9746;23;12474784;12474824;100.000;1184.829;1184.829;7.015;7.711;2993.958;3.599;5.622;3.211;4.996;14.418;0.003;31.845;23.012;90.692;101.221;39.067;31.461;58.904;2.022;0.762;0.457;1.721;0.035;3.476;104.697;103.188;33.810;0.476;0.219;0.476;0.016;0.275;14.228;0.427;0;2;38.147;38.150;0.090000;58.760000;0.998954;29140;1;0;0;0;0;0;0
91;1;1;1;IDLE;0.000;0.000;1.000;24231.075678;24231.078634;24231.122503;24231.183776;781083;781083;781083;9764;109;12497328;12497368;100.000;1191.224;1191.224;34.267;37.647;2999.368;3.816;5.659;3.291;5.065;19.061;0.008;36.893;27.942;94.650;105.142;43.869;35.088;63.695;2.091;0.762;0.454;1.723;0.036;2.956;108.098;106.695;32.919;0.414;0.231;0.414;0.003;0.296;14.178;0.425;0;2;43.488;43.492;0.250000;54.140000;0.990948;142692;1;0;0;0;0;0;0
92;1;1;1;IDLE;0.000;0.000;1.000;24231.108991;24231.111880;24231.157568;24231.211793;780537;780537;780537;9757;21;12488592;12488632;100.000;1246.800;1246.800;6.564;7.198;2997.272;4.860;5.858;3.170;7.650;18.310;0.003;39.848;30.820;89.896;99.912;45.688;39.883;67.458;4.666;0.925;0.440;1.580;0.038;2.889;102.801;101.378;33.246;0.087;0.222;0.087;0.003;0.678;14.806;0.444;0;2;44.512;44.515;0.150000;56.510000;0.995868;27260;1;0;0;0;0;0;0
93;1;1;1;IDLE;0.000;0.000;1.000;24231.142287;24231.145474;24231.188851;24231.244827;773046;773046;773046;9664;17;12368736;12368776;100.000;1681.369;1681.369;5.165;5.674;2968.506;3.357;5.910;3.387;5.949;19.616;0.003;38.219;28.922;91.996;99.353;43.377;38.468;66.676;2.798;0.750;0.462;1.908;0.033;3.187;102.539;101.079;33.594;0.260;0.225;0.260;0.002;1.155;14.918;0.448;0;2;42.547;42.551;0.160000;56.120000;0.996647;21432;1;0;0;0;0;0;0
94;1;1;1;IDLE;0.000;0.000;1.000;24231.175643;24231.178379;24231.221341;24231.278732;770822;770822;770822;9636;17;12333152;12333192;100.000;1669.620;1669.620;5.120;5.629;2959.966;4.309;5.651;2.508;6.150;20.098;0.001;38.715;30.557;92.966;100.353;42.963;38.579;71.124;2.994;0.751;0.468;1.903;0.034;2.735;103.088;101.651;32.905;0.429;0.237;0.429;0.002;1.166;14.767;0.443;0;2;43.579;43.581;0.160000;56.130000;0.997372;21244;1;0;0;0;0;0;0
95;1;1;1;IDLE;0.000;0.000;1.000;24231.208612;24231.211903;24231.255795;24231.316078;778859;778859;778859;9736;19;12461744;12461784;100.000;1536.351;1536.351;5.932;6.504;2990.828;3.500;6.027;3.521;6.580;19.107;0.002;38.735;29.187;96.064;104.175;43.892;37.182;66.496;3.888;0.760;0.455;1.446;0.032;3.291;107.466;105.664;33.525;0.191;0.234;0.191;0.002;0.542;15.111;0.453;0;2;42.039;42.041;0.130000;56.990000;0.998234;24628;1;0;0;0;0;0;0
96;1;1;1;IDLE;0.000;0.000;1.000;24231.241633;24231.245267;24231.289144;24231.346933;778333;778333;778333;9730;22;12453328;12453368;100.000;1404.337;1404.337;6.699;7.364;2988.808;3.505;5.870;3.322;6.828;18.315;0.002;37.842;28.649;92.799;101.666;43.877;37.221;65.293;3.838;0.764;0.459;1.726;0.042;3.634;105.300;103.186;33.364;0.030;0.222;0.030;0.004;0.668;15.341;0.460;0;2;45.241;45.245;0.110000;57.570000;0.998509;27824;1;0;0;0;0;0;0
97;1;1;1;IDLE;0.000;0.000;1.000;24231.275533;24231.278397;24231.322113;24231.379718;782798;782798;782798;9785;23;12524768;12524808;100.000;1317.610;1317.610;7.015;7.711;3005.954;3.392;5.996;3.721;7.080;17.205;0.002;37.394;27.677;91.815;101.321;43.716;36.906;63.311;4.096;0.765;0.453;1.725;0.042;2.864;104.185;102.637;33.130;0.203;0.221;0.203;0.003;0.204;15.709;0.471;0;2;42.015;42.022;0.110000;57.910000;0.998514;29140;1;0;0;0;0;0;0
98;1;1;1;IDLE;0.000;0.000;1.000;24231.308699;24231.311687;24231.356168;24231.415780;781418;781418;781418;9768;22;12502688;12502728;100.000;1544.503;1544.503;6.924;7.590;3000.655;4.299;5.902;3.875;7.269;19.182;0.003;40.526;30.749;95.998;104.093;44.481;38.933;69.128;4.562;0.763;0.450;1.455;0.038;2.988;107.081;105.366;33.290;0.043;0.209;0.043;0.002;0.155;16.046;0.481;0;2;42.726;42.729;0.090000;58.410000;0.998713;28764;1;0;0;0;0;0;0
99;1;1;1;IDLE;0.000;0.000;1.000;24231.342059;24231.344960;24231.389524;24231.447453;777382;777382;777382;9718;21;12438112;12438152;100.000;1455.144;1455.144;6.654;7.288;2985.156;3.821;5.161;2.329;7.342;20.995;0.002;39.648;32.158;93.945;102.493;44.564;38.684;72.162;4.380;0.758;0.439;1.724;0.041;2.901;105.393;103.705;33.273;0.061;0.200;0.061;0.010;0.177;15.746;0.472;0;2;47.246;47.249;0.090000;58.560000;0.998778;27636;1;0;0;0;0;0;0
100;1;1;1;IDLE;0.000;0.000;1.000;24231.375570;24231.379064;24231.422140;24231.478367;778267;778267;778267;9729;21;12452272;12452312;100.000;1478.477;1478.477;6.473;7.107;2988.555;3.483;6.324;3.350;6.882;17.999;0.002;38.040;28.365;90.881;99.303;43.076;38.307;65.849;3.919;0.764;0.457;1.709;0.034;3.495;102.798;101.286;34.104;0.771;0.236;0.771;0.002;0.094;15.953;0.479;0;2;43.305;43.310;0.090000;58.760000;0.998876;26884;1;0;0;0;0;0;0
101;1;1;1;IDLE;0.000;0.000;1.000;24231.408395;24231.412334;24231.455065;24231.515817;780699;780699;780699;9759;21;12491184;12491224;100.000;1597.574;1597.574;6.473;7.107;2997.894;3.883;5.883;3.587;6.679;18.137;0.002;38.168;28.699;95.663;103.482;42.731;36.884;67.162;3.981;0.767;0.452;1.446;0.033;3.939;107.421;105.402;33.270;0.063;0.225;0.063;0.002;0.623;16.005;0.480;0;2;41.430;41.431;0.080000;58.910000;0.998925;26884;1;0;0;0;0;0;0
102;1;1;1;IDLE;0.000;0.000;1.000;24231.441680;24231.445223;24231.488895;24231.546958;780328;780328;780328;9755;21;12485248;12485288;100.000;1557.097;1557.097;6.383;7.017;2996.469;3.638;6.149;3.511;6.602;18.714;0.002;38.614;28.953;93.717;101.735;43.672;37.955;66.297;3.903;0.759;0.458;1.449;0.033;3.543;105.278;103.210;32.888;0.445;0.239;0.445;0.002;0.675;16.073;0.482;0;2;45.630;45.633;0.080000;58.960000;0.998960;26508;1;0;0;0;0;0;0
103;1;1;1;IDLE;0.000;0.000;1.000;24231.475537;24231.478482;24231.521553;24231.578778;782351;782351;782351;9780;21;12517616;12517656;100.000;1318.938;1318.938;6.383;7.017;3004.237;3.502;6.320;3.329;6.660;17.182;0.003;36.992;27.343;90.805;100.296;43.071;36.883;63.485;3.654;0.761;0.454;1.748;0.043;2.945;103.241;101.697;33.259;0.074;0.228;0.074;0.004;0.085;16.135;0.484;0;2;42.572;42.585;0.080000;59.050000;0.998920;26508;1;0;0;0;0;0;0
104;1;1;1;IDLE;0.000;0.000;1.000;24231.508883;24231.511815;24231.555314;24231.611672;782164;782164;782164;9778;21;12514624;12514664;100.000;1618.268;1618.268;6.383;7.017;3003.519;4.250;5.626;3.562;6.932;19.251;0.002;39.621;30.432;92.123;99.857;43.499;39.678;69.961;4.246;0.766;0.451;1.434;0.036;2.932;102.788;101.257;33.333;0.000;0.214;0.000;0.002;0.391;16.134;0.484;0;2;42.710;42.712;0.080000;58.960000;0.998975;26508;1;0;0;0;0;0;0
105;1;1;1;IDLE;0.000;0.000;1.000;24231.541701;24231.545257;24231.589573;24231.645965;783021;783021;783021;9788;22;12528336;12528376;100.000;1581.055;1581.055;6.834;7.500;3006.810;3.565;6.232;3.562;6.580;19.172;0.003;39.111;29.316;92.784;100.708;44.316;38.836;66.153;3.887;0.764;0.459;1.436;0.034;3.555;104.264;102.217;33.442;0.108;0.208;0.108;0.002;0.843;16.197;0.486;0;2;41.267;41.268;0.090000;58.830000;0.998979;28388;1;0;0;0;0;0;0
106;1;1;1;IDLE;0.000;0.000;1.000;24231.575569;24231.578462;24231.622650;24231.685800;786829;786829;786829;9836;105;12589264;12589304;100.000;1381.994;1381.994;33.094;36.349;3021.433;3.383;6.054;3.249;6.835;18.045;0.008;37.565;28.263;98.228;107.338;44.188;34.997;63.961;3.837;0.768;0.462;1.727;0.042;2.893;110.231;108.719;33.205;0.128;0.203;0.128;0.004;0.890;16.185;0.486;0;2;41.354;41.357;0.250000;54.170000;0.991429;137804;1;0;0;0;0;0;0
107;1;1;1;IDLE;0.000;0.000;1.000;24231.608894;24231.611815;24231.660590;24231.715459;789365;789365;789365;9868;23;12629840;12629880;100.000;1461.006;1461.006;7.015;7.711;3031.171;3.513;6.084;3.384;6.910;23.722;0.002;43.614;34.145;94.999;103.644;48.775;42.080;70.006;3.936;0.760;0.447;1.723;0.043;2.921;106.565;105.045;33.353;0.020;0.191;0.020;0.005;0.023;16.236;0.487;0;2;30.037;48.930;0.150000;56.280000;0.995833;29140;1;0;0;0;0;0;0
108;1;1;1;IDLE;0.000;0.000;1.000;24231.642220;24231.645092;24231.690068;24231.743980;790807;790807;790807;9886;19;12652912;12652952;100.000;1735.210;1735.210;5.842;6.413;3036.708;4.769;5.853;2.843;5.800;18.105;0.003;37.370;28.673;91.595;98.887;44.975;37.790;63.753;2.935;0.755;0.444;1.626;0.040;2.873;101.760;100.232;33.277;0.056;0.183;0.056;0.007;5.075;15.804;0.474;0;2;43.490;43.493;0.170000;55.840000;0.997167;24252;1;0;0;0;0;0;0
109;1;1;1;IDLE;0.000;0.000;1.000;24231.675545;24231.678418;24231.722416;24231.776621;789334;789334;789334;9867;17;12629344;12629384;100.000;1714.766;1714.766;5.300;5.809;3031.052;5.132;4.747;2.301;6.529;20.471;0.002;39.181;32.132;90.839;98.204;43.998;39.897;73.031;3.130;0.766;0.433;2.062;0.138;2.872;101.076;99.540;33.325;0.008;0.172;0.008;0.075;2.508;15.249;0.457;0;2;42.029;42.031;0.160000;55.970000;0.997603;21996;1;0;0;0;0;0;0
110;1;1;1;IDLE;0.000;0.000;1.000;24231.708771;24231.711676;24231.756961;24231.809696;783753;783753;783753;9797;18;12540048;12540088;100.000;1432.856;1432.856;5.661;6.202;3009.621;5.709;5.561;2.490;7.336;21.051;0.002;42.147;34.097;89.268;98.020;45.284;42.999;75.294;4.137;0.765;0.450;1.868;0.116;2.905;100.925;99.282;33.259;0.075;0.166;0.075;0.002;0.090;15.286;0.459;0;2;40.701;40.703;0.130000;56.910000;0.998010;23500;1;0;0;0;0;0;0
111;1;1;1;IDLE;0.000;0.000;1.000;24231.742110;24231.745214;24231.787030;24231.843224;781240;781240;781240;9766;21;12499840;12499880;100.000;1193.435;1193.435;6.609;7.243;2999.971;4.006;6.075;3.334;5.440;16.039;0.003;34.894;25.484;87.536;98.010;41.816;35.602;60.944;2.454;0.766;0.457;1.728;0.036;3.104;101.114;99.476;33.538;0.204;0.168;0.204;0.005;0.448;15.181;0.455;0;2;38.699;38.701;0.110000;57.650000;0.998235;27448;1;0;0;0;0;0;0
112;1;1;1;IDLE;0.000;0.000;1.000;24231.775621;24231.779192;24231.819706;24231.876680;781247;781247;781247;9766;22;12499952;12499992;100.000;1264.563;1264.563;6.744;7.409;2999.998;3.626;5.849;3.334;5.152;15.639;0.003;33.601;24.418;87.604;97.489;40.514;34.466;60.270;2.165;0.763;0.459;1.731;0.035;3.571;101.059;99.599;33.978;0.644;0.198;0.644;0.003;0.650;14.972;0.449;0;2;39.151;39.153;0.100000;58.290000;0.998540;28012;1;0;0;0;0;0;0
113;1;1;1;IDLE;0.000;0.000;1.000;24231.808895;24231.811966;24231.854218;24231.909373;783523;783523;783523;9795;22;12536368;12536408;100.000;1271.968;1271.968;6.789;7.454;3008.738;3.699;5.979;3.508;5.213;17.646;0.003;36.045;26.557;87.550;97.406;42.252;37.004;62.855;2.212;0.764;0.451;1.754;0.033;3.072;100.478;98.958;32.775;0.559;0.220;0.559;0.003;0.046;14.906;0.447;0;2;40.101;40.103;0.090000;58.560000;0.998705;28200;1;0;0;0;0;0;0
114;1;1;1;IDLE;0.000;0.000;1.000;24231.842210;24231.845263;24231.887264;24231.942458;783046;783046;783046;9789;24;12528736;12528776;100.000;1221.871;1221.871;7.331;8.058;3006.906;3.618;6.096;3.166;5.269;17.042;0.003;35.191;25.929;86.942;97.196;42.002;36.206;61.734;2.280;0.766;0.462;1.726;0.035;3.053;100.249;98.711;33.296;0.037;0.209;0.037;0.004;0.170;14.815;0.444;0;2;39.145;39.147;0.090000;58.680000;0.998894;30456;1;0;0;0;0;0;0
115;1;1;1;IDLE;0.000;0.000;1.000;24231.875567;24231.878634;24231.919088;24231.975528;785712;785712;785712;9822;22;12571392;12571432;100.000;1311.048;1311.048;6.879;7.545;3017.144;3.805;6.046;3.444;5.131;15.791;0.002;34.218;24.728;87.305;96.894;40.453;35.315;61.127;2.155;0.764;0.453;1.727;0.033;3.068;99.961;98.447;33.372;0.038;0.198;0.038;0.003;0.447;14.770;0.443;0;2;39.156;39.160;0.090000;58.810000;0.998988;28576;1;0;0;0;0;0;0
116;1;1;1;IDLE;0.000;0.000;1.000;24231.908875;24231.911971;24231.953450;24232.008607;788409;788409;788409;9856;22;12614544;12614584;100.000;1235.540;1235.540;6.789;7.454;3027.500;3.757;5.749;3.315;5.156;16.881;0.002;34.857;25.793;86.426;96.636;41.479;36.071;62.183;2.166;0.767;0.459;1.729;0.035;3.096;99.732;98.193;33.337;0.004;0.186;0.004;0.004;0.164;14.635;0.439;0;2;38.952;38.954;0.080000;58.870000;0.999014;28200;1;0;0;0;0;0;0
117;1;1;1;IDLE;0.000;0.000;1.000;24231.942243;24231.945324;24231.985159;24232.042690;785289;785289;785289;9817;21;12564624;12564664;100.000;1098.113;1098.113;6.473;7.107;3015.519;3.701;5.545;2.917;5.097;14.707;0.003;31.967;23.505;85.925;97.367;39.835;32.831;59.005;2.087;0.771;0.459;1.746;0.034;3.081;100.448;98.943;33.353;0.019;0.176;0.019;0.018;0.108;14.369;0.431;0;2;38.148;38.151;0.080000;58.960000;0.999034;26884;1;0;0;0;0;0;0
118;1;1;1;IDLE;0.000;0.000;1.000;24231.975587;24231.978664;24232.018570;24232.042756;784314;784314;784314;9804;20;12549024;12549064;100.000;1200.430;1200.430;6.338;6.941;3011.775;3.960;5.399;3.318;5.071;15.041;0.002;32.790;24.073;53.638;64.092;39.907;51.160;60.323;2.086;0.764;0.452;1.736;0.033;3.077;67.170;65.675;33.340;0.007;0.165;0.007;0.003;0.619;14.226;0.427;0;2;39.150;39.152;0.080000;59.050000;0.999038;26320;1;0;0;0;0;0;0
119;1;1;1;IDLE;0.000;0.000;1.000;24232.008973;24232.012015;24232.053697;24232.109842;784830;784830;784830;9811;21;12557280;12557320;100.000;1098.804;1098.804;6.428;7.062;3013.757;3.815;5.444;2.896;6.849;14.644;0.003;33.647;25.308;86.399;97.827;41.682;34.395;60.716;3.676;1.109;0.453;1.577;0.034;3.042;100.869;99.427;33.351;0.018;0.156;0.018;0.003;0.417;14.469;0.434;0;2;36.702;36.704;0.080000;58.970000;0.999009;26696;1;0;0;0;0;0;0
120;1;1;1;IDLE;0.000;0.000;1.000;24232.042153;24232.045350;24232.085069;24232.143858;784742;784742;784742;9810;21;12555872;12555912;100.000;1230.352;1230.352;6.564;7.198;3013.419;3.975;5.782;3.229;5.214;14.384;0.003;32.584;23.573;88.303;98.508;39.719;33.078;59.350;2.219;0.769;0.458;1.733;0.035;3.197;101.705;100.110;33.335;0.002;0.146;0.002;0.003;0.899;14.411;0.432;0;2;39.146;39.148;0.080000;59.040000;0.999048;27260;1;0;0;0;0;0;0
121;1;1;1;IDLE;0.000;0.000;1.000;24232.075581;24232.078646;24232.120806;24232.179303;787186;787186;787186;9840;108;12594976;12595016;100.000;1209.953;1209.953;34.042;37.390;3022.804;3.761;6.015;3.071;5.526;17.043;0.006;35.416;26.330;90.247;100.656;42.160;35.185;62.453;2.525;0.764;0.455;1.748;0.034;3.066;103.722;102.221;33.296;0.037;0.140;0.037;0.004;0.091;14.464;0.434;0;2;40.089;40.092;0.250000;54.100000;0.991023;141752;1;0;0;0;0;0;0
122;1;1;1;IDLE;0.000;0.000;1.000;24232.108887;24232.112030;24232.155672;24232.215461;792161;792161;792161;9903;23;12674576;12674616;100.000;1202.179;1202.179;7.015;7.711;3041.908;3.733;5.791;3.294;5.257;18.326;0.002;36.401;27.316;92.888;103.431;43.642;35.193;62.591;2.281;0.766;0.444;1.731;0.034;3.143;106.574;105.046;33.384;0.051;0.134;0.051;0.004;0.426;14.437;0.433;0;2;41.951;41.953;0.140000;56.580000;0.995807;29140;1;0;0;0;0;0;0
123;1;1;1;IDLE;0.000;0.000;1.000;24232.142221;24232.145108;24232.188693;24232.243178;788290;788290;788290;9854;18;12612640;12612680;100.000;1368.598;1368.598;5.526;6.066;3027.043;3.576;5.937;3.365;6.905;17.995;0.002;37.778;28.476;88.854;98.069;43.585;38.522;65.335;3.918;0.769;0.456;1.724;0.038;2.887;100.957;99.430;33.078;0.255;0.142;0.255;0.003;0.163;14.882;0.446;0;2;44.757;44.760;0.160000;56.030000;0.997005;22936;1;0;0;0;0;0;0
124;1;1;1;IDLE;0.000;0.000;1.000;24232.175536;24232.178405;24232.221415;24232.276650;789222;789222;789222;9866;18;12627552;12627592;100.000;1500.953;1500.953;5.526;6.066;3030.622;3.462;6.203;3.486;6.787;17.604;0.003;37.543;27.853;89.832;98.245;43.009;38.213;64.760;3.872;0.774;0.456;1.649;0.036;2.869;101.114;99.569;33.297;0.036;0.135;0.036;0.003;0.511;15.284;0.459;0;2;39.358;39.362;0.160000;55.970000;0.997740;22936;1;0;0;0;0;0;0
125;1;1;1;IDLE;0.000;0.000;1.000;24232.208873;24232.211770;24232.253802;24232.309088;787173;787173;787173;9840;19;12594768;12594808;100.000;1600.692;1600.692;5.977;6.549;3022.754;4.138;5.777;3.591;6.839;17.728;0.002;38.073;28.705;89.449;97.317;42.032;39.122;68.292;4.125;0.772;0.460;1.442;0.040;2.897;100.214;98.673;33.365;0.032;0.128;0.032;0.002;0.225;15.519;0.466;0;2;40.570;40.572;0.140000;56.720000;0.997971;24816;1;0;0;0;0;0;0
126;1;1;1;IDLE;0.000;0.000;1.000;24232.241677;24232.245322;24232.287213;24232.346130;776279;776279;776279;9704;20;12420464;12420504;100.000;1316.257;1316.257;6.293;6.896;2980.921;3.850;6.250;3.191;5.650;17.065;0.003;36.006;26.565;91.372;100.808;41.891;35.718;63.415;2.588;0.760;0.459;1.793;0.051;3.645;104.453;102.382;33.552;0.219;0.134;0.219;0.017;0.280;15.415;0.462;0;2;38.933;38.935;0.110000;57.710000;0.998410;26132;1;0;0;0;0;0;0
127;1;1;1;IDLE;0.000;0.000;1.000;24232.275498;24232.278520;24232.323277;24232.378478;773912;773912;773912;9674;22;12382592;12382632;100.000;1218.462;1218.462;6.699;7.364;2971.832;3.547;5.837;3.296;5.183;20.051;0.002;37.915;28.782;89.794;99.957;44.756;37.931;64.309;2.202;0.761;0.457;1.730;0.034;3.022;102.980;101.397;33.198;0.135;0.134;0.135;0.004;0.221;15.144;0.454;0;2;42.891;42.893;0.090000;58.360000;0.998518;27824;1;0;0;0;0;0;0
128;1;1;1;IDLE;0.000;0.000;1.000;24232.308828;24232.311783;24232.355251;24232.415214;773302;773302;773302;9667;22;12372832;12372872;100.000;1324.194;1324.194;6.879;7.545;2969.489;4.022;5.812;3.131;6.791;18.098;0.001;37.854;28.911;94.087;103.431;43.468;36.599;66.512;3.813;0.761;0.453;1.727;0.038;2.955;106.386;104.799;33.263;0.071;0.130;0.071;0.004;0.286;15.294;0.459;0;2;41.318;41.322;0.090000;58.660000;0.998713;28576;1;0;0;0;0;0;0
129;1;1;1;IDLE;0.000;0.000;1.000;24232.342181;24232.344954;24232.389427;24232.446808;777001;777001;777001;9713;22;12432016;12432056;100.000;1475.992;1475.992;6.879;7.545;2983.693;3.415;6.060;3.509;6.715;19.298;0.002;38.997;29.428;93.430;101.853;44.472;38.287;66.172;3.826;0.765;0.454;1.636;0.035;2.773;104.627;103.060;33.171;0.162;0.132;0.162;0.004;0.463;15.545;0.466;0;2;45.079;45.082;0.080000;58.930000;0.998960;28576;1;0;0;0;0;0;0
130;1;1;1;IDLE;0.000;0.000;1.000;24232.375566;24232.378378;24232.422262;24232.446930;783174;783174;783174;9790;21;12530784;12530824;100.000;1461.442;1461.442;6.654;7.288;3007.398;4.229;5.858;3.395;6.771;19.144;0.001;39.395;30.143;59.978;68.553;43.885;57.468;68.687;3.854;0.767;0.440;1.671;0.039;2.812;71.364;69.849;33.423;0.090;0.130;0.090;0.003;0.140;15.667;0.470;0;2;43.682;43.686;0.080000;58.980000;0.998947;27636;1;0;0;0;0;0;0
131;1;1;1;IDLE;0.000;0.000;1.000;24232.408861;24232.411656;24232.456126;24232.509766;786108;786108;786108;9827;22;12577728;12577768;100.000;1664.836;1664.836;6.699;7.364;3018.664;3.945;5.531;3.679;6.924;20.592;0.002;40.671;31.460;90.555;98.110;44.470;41.454;70.744;4.193;0.764;0.447;1.485;0.034;2.795;100.905;99.351;33.278;0.055;0.125;0.055;0.002;0.187;15.787;0.474;0;2;49.138;49.139;0.080000;59.050000;0.998916;27824;1;0;0;0;0;0;0
132;1;1;1;IDLE;0.000;0.000;1.000;24232.441691;24232.445210;24232.488483;24232.542546;785622;785622;785622;9821;21;12569952;12569992;100.000;1508.217;1508.217;6.609;7.243;3016.798;3.568;6.372;3.253;7.072;17.906;0.002;38.171;28.546;89.001;97.335;43.273;39.216;65.968;4.025;0.922;0.452;1.632;0.040;3.519;100.855;98.798;33.555;0.221;0.131;0.221;0.003;0.331;16.017;0.481;0;2;39.183;39.185;0.080000;59.190000;0.998974;27448;1;0;0;0;0;0;0
133;1;1;1;IDLE;0.000;0.000;1.000;24232.475655;24232.478455;24232.519495;24232.576332;787265;787265;787265;9841;21;12596240;12596280;100.000;1619.801;1619.801;6.428;7.062;3023.107;4.788;5.542;2.786;7.114;16.901;0.003;37.131;28.802;90.101;97.877;41.040;37.936;70.180;4.396;0.762;0.455;1.467;0.035;2.800;100.677;99.251;33.244;0.089;0.128;0.089;0.002;0.918;15.877;0.476;0;2;39.939;39.941;0.080000;59.210000;0.998935;26696;1;0;0;0;0;0;0
134;1;1;1;IDLE;0.000;0.000;1.000;24232.508811;24232.512089;24232.551865;24232.610001;787734;787734;787734;9847;21;12603744;12603784;100.000;1349.411;1349.411;6.383;7.017;3024.908;3.621;6.058;3.462;5.642;15.096;0.003;33.878;24.358;88.572;97.912;39.776;34.601;61.237;2.766;0.765;0.452;1.624;0.035;3.278;101.190;99.587;33.634;0.301;0.139;0.301;0.004;0.174;15.702;0.471;0;2;39.557;39.558;0.080000;59.110000;0.999091;26508;1;0;0;0;0;0;0
135;1;1;1;IDLE;0.000;0.000;1.000;24232.542237;24232.545300;24232.586914;24232.645796;786766;786766;786766;9835;22;12588256;12588296;100.000;1126.985;1126.985;6.744;7.409;3021.191;3.791;5.621;3.137;4.961;16.068;0.002;33.578;24.820;89.327;100.497;41.614;33.412;59.643;2.255;0.793;0.478;1.405;0.030;3.063;103.560;102.048;33.211;0.123;0.138;0.123;0.017;0.639;15.209;0.456;0;2;39.150;39.152;0.080000;59.040000;0.999102;28012;1;0;0;0;0;0;0
136;1;1;1;IDLE;0.000;0.000;1.000;24232.575525;24232.578557;24232.622972;24232.683308;787622;787622;787622;9846;100;12601952;12601992;100.000;1292.029;1292.029;31.380;34.478;3024.478;3.865;6.143;3.208;5.348;19.389;0.011;37.953;28.602;94.998;104.751;44.416;36.231;64.396;2.370;0.767;0.457;1.721;0.033;3.032;107.783;106.227;33.257;0.076;0.134;0.076;0.003;0.570;15.084;0.453;0;2;42.203;42.209;0.230000;54.590000;0.991372;130660;1;0;0;0;0;0;0
137;1;1;1;IDLE;0.000;0.000;1.000;24232.608856;24232.611801;24232.658052;24232.710100;784509;784509;784509;9807;25;12552144;12552184;100.000;1416.123;1416.123;7.692;8.450;3012.524;4.511;5.942;3.280;6.935;21.053;0.003;41.721;32.499;89.435;98.299;46.250;42.443;70.268;3.966;0.755;0.455;1.721;0.038;2.945;101.244;99.685;33.244;0.089;0.131;0.089;0.003;0.172;15.355;0.461;0;2;46.304;46.307;0.130000;57.080000;0.996328;31960;1;0;0;0;0;0;0
138;1;1;1;IDLE;0.000;0.000;1.000;24232.642172;24232.644953;24232.688978;24232.742933;782962;782962;782962;9788;21;12527392;12527432;100.000;1455.298;1455.298;6.473;7.107;3006.584;4.346;5.900;3.412;6.899;18.978;0.003;39.534;30.222;89.372;97.980;44.025;40.349;68.648;3.982;0.758;0.442;1.679;0.038;2.781;100.761;99.186;33.152;0.181;0.135;0.181;0.004;0.223;15.572;0.467;0;2;40.094;40.096;0.140000;56.770000;0.997743;26884;1;0;0;0;0;0;0
139;1;1;1;IDLE;0.000;0.000;1.000;24232.675563;24232.678351;24232.721200;24232.776382;785441;785441;785441;9819;21;12567056;12567096;100.000;1659.460;1659.460;6.609;7.243;3016.103;4.215;5.515;3.152;7.232;19.038;0.002;39.151;30.485;90.459;98.032;42.849;39.937;71.144;4.436;0.767;0.458;1.534;0.037;2.788;100.820;99.301;33.398;0.064;0.130;0.064;0.002;0.338;15.661;0.470;0;2;40.760;40.762;0.150000;56.440000;0.997893;27448;1;0;0;0;0;0;0
140;1;1;1;IDLE;0.000;0.000;1.000;24232.708542;24232.711742;24232.752742;24232.809065;786857;786857;786857;9836;21;12589712;12589752;100.000;1357.617;1357.617;6.383;7.017;3021.540;3.584;6.395;3.267;5.324;16.510;0.002;35.080;25.418;88.049;97.323;40.999;36.045;61.995;2.460;0.770;0.461;1.598;0.034;3.201;100.523;98.651;33.392;0.058;0.126;0.058;0.003;0.225;15.496;0.465;0;2;40.144;40.146;0.140000;56.590000;0.998333;26508;1;0;0;0;0;0;0
141;1;1;1;IDLE;0.000;0.000;1.000;24232.742247;24232.745278;24232.787353;24232.842542;786209;786209;786209;9828;23;12579344;12579384;100.000;1155.519;1155.519;7.060;7.756;3019.052;3.812;5.917;3.168;4.999;17.045;0.003;34.941;25.857;86.377;97.264;42.075;35.924;61.453;2.012;0.775;0.456;1.724;0.032;3.030;100.294;98.794;33.535;0.202;0.130;0.202;0.003;0.055;15.146;0.454;0;2;38.752;38.754;0.120000;57.320000;0.998558;29328;1;0;0;0;0;0;0
142;1;1;1;IDLE;0.000;0.000;1.000;24232.775529;24232.778544;24232.819430;24232.875379;785895;785895;785895;9824;24;12574320;12574360;100.000;1279.774;1279.774;7.421;8.148;3017.846;3.741;5.922;3.433;5.339;16.045;0.002;34.479;25.124;87.009;96.835;40.886;35.606;61.449;2.351;0.769;0.459;1.725;0.035;3.015;99.850;98.298;33.267;0.067;0.126;0.067;0.003;0.318;15.035;0.451;0;2;39.150;39.152;0.120000;57.400000;0.998717;30832;1;0;0;0;0;0;0
143;1;1;1;IDLE;0.000;0.000;1.000;24232.808815;24232.811852;24232.853530;24232.909697;783109;783109;783109;9789;24;12529744;12529784;100.000;1150.310;1150.310;7.511;8.239;3007.148;3.810;5.499;3.234;5.004;16.873;0.003;34.420;25.686;86.952;97.845;41.678;35.178;61.631;2.018;0.767;0.464;1.722;0.032;3.038;100.882;99.282;33.308;0.025;0.120;0.025;0.015;0.159;14.714;0.441;0;2;38.716;38.718;0.110000;57.700000;0.998859;31208;1;0;0;0;0;0;0
144;1;1;1;IDLE;0.000;0.000;1.000;24232.842160;24232.845192;24232.884834;24232.945791;783994;783994;783994;9800;25;12543904;12543944;100.000;1246.056;1246.056;7.737;8.496;3010.547;4.094;5.728;3.285;5.247;14.856;0.002;33.209;24.196;90.531;100.599;39.642;33.011;61.037;2.267;0.762;0.454;1.729;0.036;3.033;103.631;102.043;33.340;0.007;0.113;0.007;0.004;0.454;14.604;0.438;0;2;39.712;39.714;0.100000;58.110000;0.998842;32148;1;0;0;0;0;0;0
145;1;1;1;IDLE;0.000;0.000;1.000;24232.875612;24232.878606;24232.923670;24232.983809;785959;785959;785959;9825;24;12575344;12575384;100.000;1160.620;1160.620;7.511;8.239;3018.092;3.913;5.784;3.245;5.051;20.050;0.002;38.045;29.015;94.367;105.203;45.063;36.163;64.387;2.063;0.771;0.461;1.723;0.033;2.995;108.197;106.728;33.414;0.080;0.111;0.080;0.003;0.092;14.476;0.434;0;2;42.166;42.169;0.100000;58.310000;0.998892;31208;1;0;0;0;0;0;0
146;1;1;1;IDLE;0.000;0.000;1.000;24232.908992;24232.911903;24232.958750;24233.013305;789030;789030;789030;9863;24;12624480;12624520;100.000;1349.163;1349.163;7.466;8.194;3029.885;3.834;5.891;3.255;8.335;19.877;0.002;41.192;32.046;92.044;101.402;46.847;40.622;68.405;5.494;0.773;0.449;1.580;0.039;2.911;104.313;102.890;33.297;0.037;0.106;0.037;0.004;0.127;15.231;0.457;0;2;44.915;44.918;0.100000;58.350000;0.998917;31020;1;0;0;0;0;0;0
147;1;1;1;IDLE;0.000;0.000;1.000;24232.942350;24232.945251;24232.989263;24233.049008;794594;794594;794594;9933;25;12713504;12713544;100.000;1489.503;1489.503;7.646;8.405;3051.251;4.790;5.869;3.529;5.806;16.219;0.002;36.213;26.815;95.222;103.758;44.013;34.901;60.926;2.769;0.773;0.461;1.769;0.035;2.901;106.658;105.260;33.348;0.015;0.101;0.015;0.004;4.049;15.229;0.457;0;2;40.254;40.257;0.100000;58.350000;0.998850;31772;1;0;0;0;0;0;0
148;1;1;1;IDLE;0.000;0.000;1.000;24232.975777;24232.978609;24233.023901;24233.077324;797998;797998;797998;9975;24;12767968;12768008;100.000;1656.204;1656.204;7.331;8.058;3064.322;4.283;5.695;3.210;6.942;21.373;0.669;41.503;32.598;91.006;98.716;45.292;42.043;71.973;4.202;0.775;0.434;1.498;0.033;2.832;101.548;100.243;33.358;0.025;0.096;0.025;0.002;0.358;15.387;0.462;0;2;46.473;46.479;0.090000;58.380000;0.998968;30456;1;0;0;0;0;0;0
149;1;1;1;IDLE;0.000;0.000;1.000;24233.008696;24233.012026;24233.055999;24233.110589;798639;798639;798639;9983;24;12778224;12778264;100.000;1457.026;1457.026;7.376;8.103;3066.783;3.721;6.165;3.583;6.997;18.069;0.003;38.535;28.787;89.793;98.563;43.973;39.096;65.465;4.043;0.780;0.455;1.683;0.037;3.330;101.893;100.174;33.417;0.084;0.095;0.084;0.004;0.384;15.729;0.472;0;2;38.719;38.722;0.090000;58.640000;0.999027;30644;1;0;0;0;0;0;0
150;1;1;1;IDLE;0.000;0.000;1.000;24233.042403;24233.045258;24233.088073;24233.143746;796693;796693;796693;9959;24;12747088;12747128;100.000;1621.436;1621.436;7.376;8.103;3059.311;4.153;6.010;3.651;6.068;19.067;0.003;38.949;29.288;90.627;98.489;42.816;39.547;68.404;3.360;0.778;0.456;1.434;0.041;2.855;101.343;99.999;33.232;0.101;0.095;0.101;0.002;0.154;15.733;0.472;0;2;41.576;41.578;0.090000;58.570000;0.999087;30644;1;0;0;0;0;0;0
151;1;1;1;IDLE;0.000;0.000;1.000;24233.075155;24233.078701;24233.123132;24233.177048;794717;794717;794717;9934;105;12715472;12715512;100.000;1246.566;1246.566;33.049;36.304;3051.723;3.657;6.432;3.157;5.678;18.045;0.008;36.969;27.380;88.147;98.348;44.431;37.590;61.624;2.672;0.778;0.452;1.741;0.035;3.546;101.894;99.967;33.443;0.110;0.096;0.110;0.003;0.914;15.620;0.469;0;2;38.653;38.657;0.250000;54.220000;0.991617;137616;1;0;0;0;0;0;0
152;1;1;1;IDLE;0.000;0.000;1.000;24233.109059;24233.112054;24233.155205;24233.210390;792861;792861;792861;9911;22;12685776;12685816;100.000;1319.283;1319.283;6.879;7.545;3044.596;3.743;6.122;3.348;5.434;18.044;0.002;36.692;27.222;88.720;98.336;43.151;37.312;63.084;2.447;0.774;0.453;1.724;0.036;2.994;101.331;99.976;33.353;0.019;0.092;0.019;0.021;0.564;15.444;0.463;0;2;39.882;39.884;0.150000;56.470000;0.996286;28576;1;0;0;0;0;0;0
153;1;1;1;IDLE;0.000;0.000;1.000;24233.142319;24233.145216;24233.186993;24233.243486;792789;792789;792789;9910;18;12684624;12684664;100.000;1339.229;1339.229;5.706;6.247;3044.319;3.639;6.428;3.315;5.550;16.756;0.003;35.689;25.946;88.798;98.270;41.777;36.317;62.104;2.541;0.780;0.461;1.727;0.041;2.896;101.166;99.738;33.162;0.171;0.097;0.171;0.004;0.251;15.409;0.462;0;2;40.148;40.150;0.170000;55.850000;0.997670;23688;1;0;0;0;0;0;0
154;1;1;1;IDLE;0.000;0.000;1.000;24233.175642;24233.178603;24233.220595;24233.277544;792309;792309;792309;9904;18;12676944;12676984;100.000;1252.891;1252.891;5.571;6.111;3042.476;3.560;6.274;3.242;5.229;16.761;0.002;35.067;25.550;88.823;98.941;41.993;35.442;60.844;2.226;0.778;0.455;1.737;0.034;2.960;101.902;100.463;33.387;0.054;0.094;0.054;0.003;0.364;15.245;0.457;0;2;39.636;39.649;0.170000;55.870000;0.997946;23124;1;0;0;0;0;0;0
155;1;1;1;IDLE;0.000;0.000;1.000;24233.208977;24233.211987;24233.254439;24233.277609;791925;791925;791925;9900;19;12670800;12670840;100.000;1337.432;1337.432;6.022;6.594;3041.002;3.640;6.404;3.221;5.259;18.048;0.001;36.572;26.947;56.148;65.622;42.452;55.731;63.477;2.250;0.774;0.460;1.742;0.034;3.011;68.633;67.195;33.385;0.051;0.091;0.051;0.003;0.041;15.158;0.455;0;2;41.147;41.149;0.140000;56.750000;0.998260;25004;1;0;0;0;0;0;0
156;1;1;1;IDLE;0.000;0.000;1.000;24233.242345;24233.245461;24233.288163;24233.344293;793795;793795;793795;9923;22;12700720;12700760;100.000;1186.211;1186.211;6.924;7.590;3048.182;3.812;6.151;3.068;5.262;17.043;0.002;35.335;26.116;88.124;98.831;42.702;35.753;61.160;2.267;0.782;0.456;1.723;0.034;3.116;101.947;100.545;33.474;0.141;0.094;0.141;0.003;0.466;14.992;0.450;0;2;40.495;40.496;0.110000;57.530000;0.998486;28764;1;0;0;0;0;0;0
157;1;1;1;IDLE;0.000;0.000;1.000;24233.275711;24233.278666;24233.322593;24233.377892;793460;793460;793460;9919;22;12695360;12695400;100.000;1370.429;1370.429;6.744;7.409;3046.896;3.636;6.116;3.425;5.985;19.025;0.002;38.187;28.646;89.962;99.226;43.927;38.485;65.213;2.969;0.779;0.453;1.743;0.041;2.955;102.181;100.811;33.205;0.128;0.096;0.128;0.004;0.106;15.133;0.454;0;2;40.720;40.722;0.100000;58.020000;0.998729;28012;1;0;0;0;0;0;0
158;1;1;1;IDLE;0.000;0.000;1.000;24233.308984;24233.311860;24233.355670;24233.411874;795527;795527;795527;9945;22;12728432;12728472;100.000;1354.173;1354.173;6.789;7.454;3054.833;3.504;6.063;3.517;6.216;18.045;0.003;37.345;27.765;90.615;100.014;43.809;37.340;63.376;3.191;0.783;0.459;1.738;0.046;2.876;102.890;101.460;33.194;0.139;0.099;0.139;0.003;0.565;15.302;0.459;0;2;40.262;40.264;0.100000;58.340000;0.998816;28200;1;0;0;0;0;0;0
159;1;1;1;IDLE;0.000;0.000;1.000;24233.342416;24233.345344;24233.388702;24233.451134;798776;798776;798776;9985;23;12780416;12780456;100.000;1317.718;1317.718;7.105;7.801;3067.309;3.875;6.143;3.310;6.089;17.999;0.002;37.416;27.963;96.092;105.791;43.358;35.368;64.494;3.082;0.784;0.459;1.722;0.042;2.928;108.719;107.387;33.483;0.150;0.102;0.150;0.003;0.113;15.365;0.461;0;2;41.167;41.169;0.090000;58.640000;0.998937;29516;1;0;0;0;0;0;0
160;1;1;1;IDLE;0.000;0.000;1.000;24233.375694;24233.378622;24233.422998;24233.479146;799362;799362;799362;9993;23;12789792;12789832;100.000;1338.806;1338.806;7.060;7.756;3069.560;3.701;6.611;3.714;5.882;18.216;0.003;38.125;27.800;90.972;100.525;44.376;37.926;62.646;2.870;0.784;0.459;1.729;0.042;2.927;103.452;102.065;33.278;0.056;0.099;0.056;0.003;0.393;15.579;0.467;0;2;46.347;46.351;0.090000;58.670000;0.998922;29328;1;0;0;0;0;0;0
161;1;1;1;IDLE;0.000;0.000;1.000;24233.408943;24233.411801;24233.455795;24233.479265;789777;789777;789777;9873;22;12636432;12636472;100.000;1231.561;1231.561;6.970;7.635;3032.753;3.552;6.383;3.590;6.864;15.925;0.001;36.314;26.342;57.203;67.463;43.994;53.828;59.875;3.826;0.768;0.452;1.771;0.047;2.858;70.321;68.850;33.180;0.154;0.103;0.154;0.013;0.957;15.899;0.477;0;2;39.268;39.271;0.090000;58.670000;0.998892;28952;1;0;0;0;0;0;0
162;1;1;1;IDLE;0.000;0.000;1.000;24233.441806;24233.445122;24233.488661;24233.543050;790930;790930;790930;9887;22;12654880;12654920;100.000;1553.300;1553.300;6.834;7.500;3037.181;4.902;5.828;3.065;7.265;19.037;0.004;40.096;31.203;89.780;97.928;43.539;40.944;71.667;4.482;0.767;0.453;1.523;0.040;3.316;101.243;99.302;33.321;0.013;0.097;0.013;0.002;0.194;15.967;0.479;0;2;40.459;40.461;0.090000;58.660000;0.998976;28388;1;0;0;0;0;0;0
163;1;1;1;IDLE;0.000;0.000;1.000;24233.475552;24233.478432;24233.521057;24233.576017;793734;793734;793734;9922;23;12699744;12699784;100.000;1458.231;1458.231;7.060;7.756;3047.948;3.779;5.849;3.366;6.448;18.046;0.003;37.487;28.272;88.875;97.584;42.625;38.415;66.328;3.601;0.770;0.457;1.577;0.043;2.880;100.464;98.935;33.310;0.023;0.093;0.023;0.002;0.205;15.894;0.477;0;2;40.032;40.034;0.090000;58.690000;0.999079;29328;1;0;0;0;0;0;0
164;1;1;1;IDLE;0.000;0.000;1.000;24233.508872;24233.511923;24233.553008;24233.609691;792883;792883;792883;9912;23;12686128;12686168;100.000;1231.861;1231.861;7.105;7.801;3044.680;3.740;5.894;3.648;5.490;15.371;0.003;34.144;24.601;87.469;97.767;41.085;34.923;59.879;2.762;0.769;0.460;1.465;0.035;3.052;100.819;99.276;33.491;0.158;0.097;0.158;0.003;0.378;15.682;0.470;0;2;38.374;38.376;0.090000;58.750000;0.999010;29516;1;0;0;0;0;0;0
165;1;1;1;IDLE;0.000;0.000;1.000;24233.542256;24233.546003;24233.586205;24233.643438;791299;791299;791299;9892;24;12660784;12660824;100.000;1139.826;1139.826;7.421;8.148;3038.598;3.798;5.771;3.234;5.033;14.537;0.003;32.373;23.368;86.327;97.435;40.201;33.226;58.128;2.046;0.775;0.457;1.723;0.032;3.748;101.182;99.690;34.080;0.747;0.137;0.747;0.003;0.514;15.275;0.458;0;2;38.017;38.019;0.090000;58.610000;0.999037;30832;1;0;0;0;0;0;0
166;1;1;1;IDLE;0.000;0.000;1.000;24233.575676;24233.578766;24233.620312;24233.677476;789485;789485;789485;9869;101;12631760;12631800;100.000;1224.903;1224.903;31.876;35.006;3031.632;3.896;5.885;3.276;5.247;16.774;0.008;35.077;25.916;88.397;98.710;41.546;35.536;62.380;2.242;0.769;0.457;1.746;0.034;3.090;101.800;100.395;32.763;0.571;0.164;0.571;0.003;0.047;15.061;0.452;0;2;39.894;39.896;0.230000;54.510000;0.991894;132728;1;0;0;0;0;0;0
167;1;1;1;IDLE;0.000;0.000;1.000;24233.608956;24233.612003;24233.655207;24233.710548;789977;789977;789977;9875;23;12639632;12639672;100.000;1176.718;1176.718;7.060;7.756;3033.521;3.744;5.714;3.295;5.151;18.275;0.003;36.179;27.169;87.804;98.546;43.205;36.713;62.885;2.192;0.759;0.440;1.727;0.034;3.047;101.592;100.134;33.237;0.096;0.160;0.096;0.003;0.023;14.839;0.445;0;2;40.538;40.540;0.130000;57.110000;0.996593;29328;1;0;0;0;0;0;0
168;1;1;1;IDLE;0.000;0.000;1.000;24233.642270;24233.645189;24233.687871;24233.743638;791598;791598;791598;9895;20;12665568;12665608;100.000;1319.843;1319.843;6.067;6.670;3039.746;3.817;6.076;3.274;6.095;17.475;0.002;36.737;27.387;88.851;98.448;42.682;37.316;64.165;3.101;0.765;0.456;1.730;0.044;2.919;101.367;99.890;33.187;0.147;0.159;0.147;0.005;0.159;14.993;0.450;0;2;40.147;40.148;0.140000;56.710000;0.997535;25192;1;0;0;0;0;0;0
169;1;1;1;IDLE;0.000;0.000;1.000;24233.675625;24233.678532;24233.720573;24233.777083;795034;795034;795034;9938;20;12720544;12720584;100.000;1397.590;1397.590;6.067;6.670;3052.940;3.838;6.390;3.463;5.501;17.099;0.002;36.291;26.438;89.449;98.551;42.041;36.824;62.886;2.527;0.774;0.455;1.697;0.048;2.907;101.458;100.002;33.343;0.009;0.150;0.009;0.004;0.481;15.088;0.453;0;2;40.157;40.162;0.130000;56.840000;0.998095;25192;1;0;0;0;0;0;0
170;1;1;1;IDLE;0.000;0.000;1.000;24233.708941;24233.711925;24233.753887;24233.810798;794863;794863;794863;9936;20;12717808;12717848;100.000;1259.673;1259.673;6.203;6.805;3052.284;3.573;6.175;3.301;5.237;16.334;0.003;34.620;25.144;88.776;98.872;41.962;35.015;59.921;2.242;0.767;0.459;1.735;0.034;2.984;101.857;100.383;33.393;0.060;0.144;0.060;0.012;0.805;14.997;0.450;0;2;39.526;39.527;0.120000;57.490000;0.998472;25756;1;0;0;0;0;0;0
171;1;1;1;IDLE;0.000;0.000;1.000;24233.742307;24233.745285;24233.787583;24233.843923;794885;794885;794885;9937;21;12718160;12718200;100.000;1283.938;1283.938;6.518;7.152;3052.368;3.684;6.406;3.218;5.472;16.950;0.003;35.729;26.106;88.733;98.638;42.298;36.222;61.719;2.488;0.768;0.453;1.729;0.035;2.978;101.617;100.176;33.360;0.026;0.137;0.026;0.003;0.342;15.025;0.451;0;2;40.151;40.153;0.110000;57.860000;0.998785;27072;1;0;0;0;0;0;0
172;1;1;1;IDLE;0.000;0.000;1.000;24233.775478;24233.778343;24233.821317;24233.877314;788905;788905;788905;9862;21;12622480;12622520;100.000;1178.196;1178.196;6.564;7.198;3029.405;3.758;6.235;3.684;5.202;16.609;0.003;35.488;25.568;88.257;98.971;42.974;35.857;59.497;2.213;0.768;0.454;1.734;0.034;2.865;101.836;100.232;33.058;0.275;0.146;0.275;0.003;0.527;15.052;0.452;0;2;39.209;39.211;0.100000;58.210000;0.998777;27260;1;0;0;0;0;0;0
173;1;1;1;IDLE;0.000;0.000;1.000;24233.808962;24233.811914;24233.854539;24233.910272;787376;787376;787376;9843;21;12598016;12598056;100.000;1351.431;1351.431;6.609;7.243;3023.533;3.618;6.083;3.366;5.994;17.756;0.003;36.818;27.368;89.035;98.357;42.625;37.433;64.207;3.009;0.764;0.455;1.726;0.040;2.952;101.309;99.857;33.572;0.238;0.151;0.238;0.003;0.099;15.153;0.455;0;2;40.524;40.526;0.090000;58.670000;0.998921;27448;1;0;0;0;0;0;0
174;1;1;1;IDLE;0.000;0.000;1.000;24233.842331;24233.845247;24233.887877;24233.943721;791921;791921;791921;9900;22;12670736;12670776;100.000;1239.031;1239.031;6.789;7.454;3040.986;3.735;6.324;3.188;5.392;17.012;0.003;35.652;26.139;88.248;98.474;42.630;36.204;61.316;2.401;0.769;0.463;1.725;0.034;2.915;101.389;99.973;33.332;0.001;0.142;0.001;0.003;0.484;15.094;0.453;0;2;39.395;39.397;0.090000;58.750000;0.998940;28200;1;0;0;0;0;0;0
175;1;1;1;IDLE;0.000;0.000;1.000;24233.875622;24233.878537;24233.920539;24233.943796;785044;785044;785044;9814;21;12560704;12560744;100.000;1340.514;1340.514;6.654;7.288;3014.579;3.733;6.281;3.407;5.540;16.733;0.002;35.694;26.006;55.888;65.258;42.001;54.696;61.916;2.557;0.759;0.452;1.724;0.048;2.915;68.174;66.714;33.291;0.043;0.136;0.043;0.004;0.665;15.131;0.454;0;2;39.909;39.911;0.090000;58.640000;0.999031;27636;1;0;0;0;0;0;0
176;1;1;1;IDLE;0.000;0.000;1.000;24233.909083;24233.912057;24233.953775;24234.009184;785759;785759;785759;9822;22;12572144;12572184;100.000;1306.192;1306.192;6.744;7.409;3017.324;3.654;6.297;3.212;5.139;16.759;0.004;35.060;25.552;87.502;97.127;41.718;36.097;61.249;2.144;0.764;0.460;1.738;0.034;2.974;100.101;98.770;33.520;0.187;0.139;0.187;0.005;0.679;15.013;0.450;0;2;39.687;39.689;0.090000;58.810000;0.998970;28012;1;0;0;0;0;0;0
177;1;1;1;IDLE;0.000;0.000;1.000;24233.942280;24233.945189;24233.987136;24234.042868;782963;782963;782963;9788;22;12527408;12527448;100.000;1236.840;1236.840;6.970;7.635;3006.588;3.610;6.222;3.146;5.207;17.043;0.004;35.229;25.860;87.550;97.679;41.947;36.066;61.650;2.232;0.760;0.455;1.727;0.034;2.908;100.587;99.120;33.132;0.202;0.143;0.202;0.003;0.196;14.906;0.447;0;2;39.078;39.081;0.090000;58.650000;0.998984;28952;1;0;0;0;0;0;0
178;1;1;1;IDLE;0.000;0.000;1.000;24233.975583;24233.978526;24234.019211;24234.076210;783666;783666;783666;9796;21;12538656;12538696;100.000;1305.102;1305.102;6.609;7.243;3009.287;3.652;6.006;3.398;5.348;16.041;0.003;34.444;25.040;88.076;97.684;40.685;35.260;61.546;2.372;0.762;0.449;1.730;0.035;2.942;100.626;99.129;33.337;0.004;0.134;0.004;0.003;0.282;14.871;0.446;0;2;39.691;39.696;0.090000;58.820000;0.998993;27448;1;0;0;0;0;0;0
179;1;1;1;IDLE;0.000;0.000;1.000;24234.008909;24234.011976;24234.054291;24234.109218;786714;786714;786714;9834;22;12587424;12587464;100.000;1124.445;1124.445;6.744;7.409;3020.991;3.741;5.531;3.039;5.158;17.042;0.002;34.511;25.942;86.048;97.242;42.315;35.490;61.306;2.186;0.760;0.455;1.725;0.033;3.067;100.309;98.804;33.450;0.117;0.133;0.117;0.019;0.330;14.588;0.438;0;2;38.949;38.951;0.090000;58.810000;0.998923;28012;1;0;0;0;0;0;0
180;1;1;1;IDLE;0.000;0.000;1.000;24234.042240;24234.045293;24234.085876;24234.143152;787583;787583;787583;9845;21;12601328;12601368;100.000;1287.686;1287.686;6.473;7.107;3024.328;4.506;6.146;3.296;5.411;15.550;0.003;34.908;25.466;88.074;97.860;40.583;35.671;62.751;2.442;0.759;0.447;1.726;0.036;3.052;100.912;99.405;33.317;0.017;0.126;0.017;0.003;0.390;14.657;0.440;0;2;38.881;38.883;0.080000;59.030000;0.999048;26884;1;0;0;0;0;0;0
181;1;1;1;IDLE;0.000;0.000;1.000;24234.075586;24234.078627;24234.118681;24234.177557;793719;793719;793719;9922;104;12699504;12699544;100.000;1228.783;1228.783;32.598;35.821;3047.891;3.787;5.898;3.296;5.143;15.277;0.009;33.401;24.207;88.595;98.930;40.054;33.762;60.437;2.169;0.767;0.450;1.722;0.035;3.041;101.971;100.476;33.334;0.001;0.118;0.001;0.003;0.100;14.580;0.437;0;2;39.743;39.745;0.240000;54.410000;0.991103;135736;1;0;0;0;0;0;0
182;1;1;1;IDLE;0.000;0.000;1.000;24234.108901;24234.111953;24234.155525;24234.210705;792329;792329;792329;9905;21;12677264;12677304;100.000;1132.785;1132.785;6.564;7.198;3042.553;3.837;5.562;3.223;5.118;18.044;0.002;35.784;26.999;87.561;98.753;43.572;36.236;61.963;2.148;0.759;0.444;1.733;0.033;3.051;101.804;100.291;33.326;0.008;0.111;0.008;0.003;0.430;14.413;0.432;0;2;40.072;40.074;0.140000;56.550000;0.996145;27260;1;0;0;0;0;0;0
183;1;1;1;IDLE;0.000;0.000;1.000;24234.142291;24234.145226;24234.188606;24234.243558;801464;801464;801464;10019;17;12823424;12823464;100.000;1265.380;1265.380;5.300;5.809;3077.631;3.773;6.643;3.083;5.479;17.504;0.002;36.483;26.757;88.198;98.332;43.380;37.102;61.680;2.482;0.782;0.453;1.721;0.041;2.935;101.267;99.811;33.274;0.060;0.108;0.060;0.003;0.531;14.614;0.438;0;2;39.598;39.599;0.170000;55.910000;0.997093;21996;1;0;0;0;0;0;0
184;1;1;1;IDLE;0.000;0.000;1.000;24234.175629;24234.178550;24234.221681;24234.281458;796948;796948;796948;9962;18;12751168;12751208;100.000;1303.972;1303.972;5.436;5.976;3060.290;3.604;6.465;3.186;5.425;18.046;0.002;36.726;27.075;93.128;102.908;43.130;35.688;62.774;2.451;0.772;0.443;1.724;0.034;2.921;105.829;104.377;33.324;0.009;0.102;0.009;0.005;0.223;14.733;0.442;0;2;39.918;39.920;0.170000;55.820000;0.997793;22560;1;0;0;0;0;0;0
185;1;1;1;IDLE;0.000;0.000;1.000;24234.208990;24234.211991;24234.256762;24234.310944;802598;802598;802598;10033;21;12841568;12841608;100.000;1312.377;1312.377;6.428;7.062;3081.986;3.703;6.473;3.245;5.395;19.658;0.003;38.474;28.756;89.168;98.953;44.771;38.882;64.229;2.414;0.780;0.445;1.725;0.032;3.001;101.954;100.530;33.441;0.108;0.102;0.108;0.002;0.211;14.831;0.445;0;2;44.349;44.352;0.140000;56.750000;0.998183;26696;1;0;0;0;0;0;0
186;1;1;1;IDLE;0.000;0.000;1.000;24234.242301;24234.245329;24234.288192;24234.347580;797039;797039;797039;9963;22;12752624;12752664;100.000;1282.555;1282.555;6.879;7.545;3060.639;4.836;6.023;3.242;7.907;15.397;0.002;37.405;28.140;92.308;102.251;42.863;36.582;65.652;4.727;1.100;0.457;1.574;0.048;3.028;105.279;103.832;33.338;0.005;0.096;0.005;0.003;0.347;15.421;0.463;0;2;38.143;38.146;0.120000;57.430000;0.998551;28576;1;0;0;0;0;0;0
187;1;1;1;IDLE;0.000;0.000;1.000;24234.275128;24234.278355;24234.321911;24234.381199;797511;797511;797511;9969;22;12760176;12760216;100.000;1579.417;1579.417;6.924;7.590;3062.452;4.249;6.186;3.518;6.679;19.040;0.002;39.671;29.967;94.765;102.844;43.557;38.574;68.801;3.970;0.768;0.454;1.453;0.035;3.227;106.071;104.118;33.026;0.308;0.109;0.308;0.002;0.051;15.665;0.470;0;2;44.702;44.705;0.100000;57.980000;0.998753;28764;1;0;0;0;0;0;0
188;1;1;1;IDLE;0.000;0.000;1.000;24234.308386;24234.312025;24234.355610;24234.410972;794879;794879;794879;9936;21;12718064;12718104;100.000;1357.567;1357.567;6.564;7.198;3052.345;3.646;6.090;3.331;6.686;18.048;0.002;37.801;28.381;89.578;98.947;43.585;38.204;65.115;3.694;0.775;0.456;1.725;0.036;3.639;102.585;100.557;33.670;0.337;0.123;0.337;0.016;0.044;15.779;0.473;0;2;43.632;43.634;0.090000;58.460000;0.998862;27260;1;0;0;0;0;0;0
189;1;1;1;IDLE;0.000;0.000;1.000;24234.342297;24234.345114;24234.389069;24234.444382;793590;793590;793590;9920;22;12697440;12697480;100.000;1507.230;1507.230;6.699;7.364;3047.395;3.598;6.350;3.611;6.591;18.205;0.003;38.355;28.393;90.843;99.268;43.955;38.638;64.596;3.889;0.771;0.454;1.442;0.036;2.817;102.085;100.634;33.089;0.244;0.131;0.244;0.002;0.770;15.976;0.479;0;2;40.102;40.104;0.090000;58.420000;0.998982;27824;1;0;0;0;0;0;0
190;1;1;1;IDLE;0.000;0.000;1.000;24234.375521;24234.378564;24234.421349;24234.477385;788938;788938;788938;9862;22;12623008;12623048;100.000;1602.169;1602.169;6.789;7.454;3029.532;3.871;6.015;3.503;6.892;18.245;0.002;38.527;29.009;90.942;98.821;42.785;38.987;67.801;4.197;0.760;0.453;1.448;0.035;3.043;101.864;100.304;33.450;0.117;0.130;0.117;0.002;0.247;16.089;0.483;0;2;41.266;41.276;0.090000;58.700000;0.998956;28200;1;0;0;0;0;0;0
191;1;1;1;IDLE;0.000;0.000;1.000;24234.408430;24234.411943;24234.455148;24234.510406;784846;784846;784846;9811;22;12557536;12557576;100.000;1274.350;1274.350;6.699;7.364;3013.818;3.620;6.072;3.345;5.775;17.971;0.002;36.783;27.366;88.608;98.463;43.205;37.357;63.341;2.796;0.766;0.449;1.724;0.040;3.514;101.976;99.991;33.379;0.046;0.125;0.046;0.003;0.184;15.868;0.476;0;2;40.202;40.204;0.090000;58.560000;0.998878;27824;1;0;0;0;0;0;0
192;1;1;1;IDLE;0.000;0.000;1.000;24234.442315;24234.445217;24234.488297;24234.543862;788004;788004;788004;9851;22;12608064;12608104;100.000;1342.886;1342.886;6.744;7.409;3025.945;3.668;5.905;3.369;6.274;18.043;0.003;37.258;27.985;89.255;98.644;43.079;37.770;64.961;3.291;0.763;0.453;1.724;0.043;2.903;101.547;100.114;33.274;0.059;0.121;0.059;0.003;0.095;15.791;0.474;0;2;40.146;40.149;0.090000;58.450000;0.998878;28012;1;0;0;0;0;0;0
193;1;1;1;IDLE;0.000;0.000;1.000;24234.475672;24234.478601;24234.520819;24234.543935;795964;795964;795964;9950;20;12735424;12735464;100.000;1264.278;1264.278;6.338;6.941;3056.511;3.676;6.378;3.301;5.398;16.488;0.001;35.240;25.561;55.260;65.334;42.218;53.939;60.546;2.385;0.791;0.458;1.726;0.037;2.929;68.263;66.854;33.384;0.050;0.116;0.050;0.002;0.577;15.615;0.468;0;2;39.524;39.526;0.090000;58.800000;0.998994;26320;1;0;0;0;0;0;0
194;1;1;1;IDLE;0.000;0.000;1.000;24234.508975;24234.512015;24234.554197;24234.610183;799207;799207;799207;9991;21;12787312;12787352;100.000;1308.143;1308.143;6.518;7.152;3068.964;4.133;6.348;3.285;5.400;16.799;0.003;35.965;26.332;88.393;98.168;42.183;36.636;62.424;2.420;0.771;0.450;1.725;0.034;3.040;101.209;99.769;33.414;0.080;0.114;0.080;0.005;0.569;15.472;0.464;0;2;39.698;39.700;0.090000;58.750000;0.999100;27072;1;0;0;0;0;0;0
195;1;1;1;IDLE;0.000;0.000;1.000;24234.542331;24234.545325;24234.587442;24234.644231;799402;799402;799402;9993;22;12790432;12790472;100.000;1302.264;1302.264;6.744;7.409;3069.713;3.657;6.471;3.218;5.311;16.956;0.003;35.614;25.924;89.084;98.906;42.117;36.008;61.554;2.320;0.773;0.449;1.734;0.035;2.994;101.900;100.483;33.310;0.023;0.108;0.023;0.004;0.332;15.357;0.461;0;2;39.692;39.694;0.080000;58.860000;0.999087;28012;1;0;0;0;0;0;0
196;1;1;1;IDLE;0.000;0.000;1.000;24234.575704;24234.578735;24234.620235;24234.644796;800483;800483;800483;10007;103;12807728;12807768;100.000;1199.105;1199.105;32.553;35.745;3073.864;3.777;5.985;3.400;5.344;15.669;0.005;34.175;24.789;55.380;66.062;41.500;51.732;59.733;2.359;0.772;0.451;1.726;0.036;3.031;69.093;67.715;33.410;0.077;0.106;0.077;0.014;0.405;15.203;0.456;0;2;39.660;39.663;0.240000;54.310000;0.991394;135548;1;0;0;0;0;0;0
197;1;1;1;IDLE;0.000;0.000;1.000;24234.609170;24234.612199;24234.655685;24234.709866;798336;798336;798336;9980;21;12773376;12773416;100.000;1261.527;1261.527;6.518;7.152;3065.620;3.773;6.169;3.385;5.234;18.044;0.003;36.605;27.051;87.541;97.667;43.486;37.479;62.205;2.260;0.764;0.444;1.732;0.033;3.029;100.696;99.451;33.464;0.131;0.108;0.131;0.003;0.524;15.102;0.453;0;2;45.572;45.575;0.150000;56.410000;0.995977;27072;1;0;0;0;0;0;0
198;1;1;1;IDLE;0.000;0.000;1.000;24234.642134;24234.644996;24234.688638;24234.743375;798454;798454;798454;9981;17;12775264;12775304;100.000;1274.239;1274.239;5.255;5.764;3066.073;3.598;5.956;3.379;6.771;17.306;0.002;37.010;27.675;88.353;98.379;43.642;37.620;63.415;3.782;0.774;0.456;1.723;0.036;2.863;101.241;99.627;32.797;0.536;0.135;0.536;0.003;0.201;15.356;0.461;0;2;38.529;38.530;0.170000;55.930000;0.997073;21808;1;0;0;0;0;0;0
199;1;1;1;IDLE;0.000;0.000;1.000;24234.675709;24234.678555;24234.720173;24234.777568;800770;800770;800770;10010;17;12812320;12812360;100.000;1610.561;1610.561;5.165;5.674;3074.966;4.250;5.899;3.346;6.522;17.374;0.003;37.391;28.146;91.058;99.013;41.618;37.763;67.629;3.828;0.773;0.453;1.425;0.043;2.846;101.859;100.487;33.559;0.225;0.140;0.225;0.002;0.519;15.462;0.464;0;2;40.570;40.572;0.160000;55.980000;0.997639;21432;1;0;0;0;0;0;0
200;1;1;1;IDLE;0.000;0.000;1.000;24234.708611;24234.712093;24234.753943;24234.811693;802378;802378;802378;10030;19;12838048;12838088;100.000;1237.654;1237.654;5.842;6.413;3081.141;3.741;6.118;3.312;6.077;15.945;0.002;35.192;25.762;89.227;99.600;41.849;35.334;61.560;3.052;0.801;0.450;1.738;0.036;3.483;103.082;101.279;33.539;0.205;0.144;0.205;0.003;0.020;15.477;0.464;0;2;39.565;39.566;0.140000;56.790000;0.998059;24252;1;0;0;0;0;0;0
201;1;1;1;IDLE;0.000;0.000;1.000;24234.742348;24234.745544;24234.788072;24234.846916;805285;805285;805285;10067;21;12884560;12884600;100.000;1223.969;1223.969;6.518;7.152;3092.304;4.083;6.325;3.126;5.018;17.122;0.002;35.674;26.223;90.845;101.371;42.528;35.192;61.661;2.043;0.774;0.443;1.723;0.034;3.197;104.568;103.168;33.451;0.118;0.143;0.118;0.003;0.406;15.228;0.457;0;2;40.738;40.740;0.120000;57.450000;0.998416;27072;1;0;0;0;0;0;0
202;1;1;1;IDLE;0.000;0.000;1.000;24234.775710;24234.778674;24234.822300;24234.847022;803318;803318;803318;10042;21;12853088;12853128;100.000;1282.905;1282.905;6.654;7.288;3084.751;3.733;6.152;3.412;5.581;18.273;0.001;37.151;27.587;58.329;68.348;43.627;54.356;63.234;2.577;0.782;0.453;1.726;0.043;2.964;71.312;69.940;33.129;0.204;0.147;0.204;0.003;0.186;15.210;0.456;0;2;42.883;42.885;0.110000;57.910000;0.998563;27636;1;0;0;0;0;0;0
203;1;1;1;IDLE;0.000;0.000;1.000;24234.808998;24234.811903;24234.855693;24234.910330;802036;802036;802036;10026;23;12832576;12832616;100.000;1393.147;1393.147;7.060;7.756;3079.828;3.861;5.875;3.741;6.915;17.695;0.002;38.087;28.471;89.216;98.428;43.791;38.696;65.017;3.918;0.779;0.452;1.729;0.038;2.905;101.333;99.916;33.229;0.104;0.144;0.104;0.003;0.348;15.543;0.466;0;2;47.309;47.311;0.100000;58.000000;0.998786;29328;1;0;0;0;0;0;0
204;1;1;1;IDLE;0.000;0.000;1.000;24234.842398;24234.845264;24234.888561;24234.943217;810228;810228;810228;10128;22;12963648;12963688;100.000;1525.836;1525.836;6.789;7.454;3111.285;3.885;6.321;3.692;6.840;17.376;0.002;38.114;28.101;89.457;97.954;43.298;38.910;64.903;3.960;0.802;0.450;1.594;0.035;2.865;100.819;99.469;33.361;0.027;0.137;0.027;0.003;0.569;15.873;0.476;0;2;39.140;39.142;0.100000;58.240000;0.998934;28200;1;0;0;0;0;0;0
205;1;1;1;IDLE;0.000;0.000;1.000;24234.875637;24234.878648;24234.921333;24234.976938;808185;808185;808185;10103;21;12930960;12931000;100.000;1589.035;1589.035;6.383;7.017;3103.440;4.988;5.685;2.746;6.944;19.077;0.002;39.441;31.010;90.152;98.290;42.685;40.127;72.648;4.200;0.784;0.455;1.449;0.056;3.010;101.301;99.857;33.384;0.051;0.131;0.051;0.009;0.084;15.751;0.473;0;2;40.956;40.958;0.090000;58.390000;0.998900;26508;1;0;0;0;0;0;0
206;1;1;1;IDLE;0.000;0.000;1.000;24234.908791;24234.912009;24234.954416;24234.977009;815223;815223;815223;10191;21;13043568;13043608;100.000;1305.067;1305.067;6.654;7.288;3130.466;4.076;6.169;3.543;5.857;16.615;0.001;36.259;26.547;55.006;65.000;42.407;55.784;62.601;2.807;0.819;0.458;1.736;0.037;3.218;68.218;66.595;33.361;0.028;0.125;0.028;0.003;0.223;15.711;0.471;0;2;39.132;39.134;0.090000;58.360000;0.998955;27636;1;0;0;0;0;0;0
207;1;1;1;IDLE;0.000;0.000;1.000;24234.942406;24234.945497;24234.990183;24235.043529;799426;799426;799426;9993;21;12790816;12790856;100.000;1244.328;1244.328;6.654;7.288;3069.805;3.725;6.241;3.223;5.207;19.710;0.002;38.106;28.642;87.752;98.031;44.686;38.872;64.097;2.222;0.772;0.456;1.723;0.035;3.091;101.122;99.781;33.488;0.155;0.127;0.155;0.003;0.019;15.454;0.464;0;2;47.356;47.358;0.090000;58.380000;0.998960;27636;1;0;0;0;0;0;0
208;1;1;1;IDLE;0.000;0.000;1.000;24234.975663;24234.978559;24235.022172;24235.077387;790320;790320;790320;9879;21;12645120;12645160;100.000;1291.441;1291.441;6.564;7.198;3034.838;3.689;5.822;3.366;8.172;15.994;0.002;37.044;27.856;89.036;98.828;43.613;37.483;63.871;5.329;0.768;0.450;1.585;0.040;2.896;101.724;100.306;33.062;0.272;0.136;0.272;0.003;0.462;15.935;0.478;0;2;37.341;37.350;0.090000;58.600000;0.999103;27260;1;0;0;0;0;0;0
209;1;1;1;IDLE;0.000;0.000;1.000;24235.008621;24235.011777;24235.053882;24235.112813;795945;795945;795945;9950;21;12735120;12735160;100.000;1602.010;1602.010;6.473;7.107;3056.438;4.851;5.613;2.995;7.280;17.892;0.002;38.632;30.024;93.087;101.037;42.105;38.236;71.307;4.595;0.770;0.456;1.424;0.035;3.156;104.193;102.399;33.218;0.116;0.134;0.116;0.002;0.371;15.926;0.478;0;2;41.392;41.394;0.090000;58.560000;0.999055;26884;1;0;0;0;0;0;0
210;1;1;1;IDLE;0.000;0.000;1.000;24235.042022;24235.045138;24235.090698;24235.152539;792891;792891;792891;9912;22;12686256;12686296;100.000;1263.596;1263.596;6.789;7.454;3044.711;3.853;6.384;3.246;5.906;19.770;0.002;39.158;29.528;97.361;107.401;45.561;36.460;64.811;2.918;0.768;0.451;1.732;0.037;3.116;110.517;108.791;33.361;0.028;0.128;0.028;0.004;0.210;15.832;0.475;0;2;41.880;41.882;0.090000;58.510000;0.998988;28200;1;0;0;0;0;0;0
211;1;1;1;IDLE;0.000;0.000;1.000;24235.075762;24235.078754;24235.122709;24235.200131;797320;797320;797320;9967;104;12757120;12757160;100.000;1399.181;1399.181;32.733;35.957;3061.718;5.962;5.821;3.507;7.072;17.984;0.005;40.346;31.018;112.260;121.377;43.955;33.240;70.567;4.076;0.774;0.461;1.721;0.040;2.992;124.369;123.050;33.616;0.283;0.138;0.283;0.003;0.449;15.976;0.479;0;2;47.811;47.812;0.240000;54.270000;0.990963;136300;1;0;0;0;0;0;0
212;1;1;1;IDLE;0.000;0.000;1.000;24235.109079;24235.111942;24235.171674;24235.218106;805214;805214;805214;10066;21;12883424;12883464;100.000;1433.910;1433.910;6.518;7.152;3092.031;3.524;6.058;3.554;6.822;34.215;0.001;54.173;44.561;97.178;106.163;59.731;51.028;74.603;3.839;0.773;0.443;1.729;0.038;2.864;109.027;107.691;33.188;0.145;0.138;0.145;0.003;0.092;16.094;0.483;0;2;62.669;62.670;0.140000;56.550000;0.996188;27072;1;0;0;0;0;0;0
213;1;1;1;IDLE;0.000;0.000;1.000;24235.142359;24235.145197;24235.199290;24235.248611;797126;797126;797126;9965;16;12754016;12754056;100.000;1739.015;1739.015;5.029;5.508;3060.973;5.156;4.294;2.235;5.261;16.253;0.002;33.200;26.670;96.080;103.415;54.093;32.104;49.304;2.540;0.757;0.435;1.501;0.028;2.838;106.253;104.864;33.254;0.079;0.134;0.079;0.135;18.579;15.019;0.451;0;2;17.099;35.065;0.160000;56.040000;0.997148;20868;1;0;0;0;0;0;0
214;1;1;1;IDLE;0.000;0.000;1.000;24235.176553;24235.180448;24235.227268;24235.282235;803136;803136;803136;10040;14;12850176;12850216;100.000;1491.519;1491.519;4.217;4.633;3084.052;3.336;4.399;2.292;4.350;18.985;0.002;33.361;26.671;93.171;101.787;46.820;32.775;56.964;1.719;0.759;0.436;1.407;0.028;3.895;105.681;105.153;35.251;1.918;0.246;1.918;0.011;8.168;14.026;0.421;0;3;40.322;40.325;0.160000;56.220000;0.997250;17484;1;0;0;0;0;0;0
215;1;1;1;IDLE;0.000;0.000;1.000;24235.209623;24235.213468;24235.259175;24235.317736;809297;809297;809297;10117;19;12948752;12948792;100.000;1115.417;1115.417;5.842;6.413;3107.710;4.275;5.366;2.785;8.152;17.124;0.002;37.701;29.550;92.660;104.269;45.707;36.158;64.651;4.695;0.782;0.454;2.180;0.041;3.845;108.114;107.322;33.020;0.313;0.250;0.313;0.004;0.667;14.601;0.438;0;2;40.178;40.180;0.130000;57.070000;0.997692;24252;1;0;0;0;0;0;0
216;1;1;1;IDLE;0.000;0.000;1.000;24235.243318;24235.247262;24235.291598;24235.347751;808156;808156;808156;10102;21;12930496;12930536;100.000;1205.402;1205.402;6.564;7.198;3103.329;4.325;5.950;2.903;6.894;17.723;0.002;37.794;28.942;89.762;100.489;44.336;37.610;65.279;3.641;0.783;0.449;1.977;0.044;3.944;104.433;104.003;33.794;0.461;0.263;0.461;0.002;0.136;14.894;0.447;0;2;43.857;43.859;0.110000;57.620000;0.998156;27260;1;0;0;0;0;0;0
217;1;1;1;IDLE;0.000;0.000;1.000;24235.276032;24235.279441;24235.323411;24235.385552;810355;810355;810355;10130;22;12965680;12965720;100.000;1268.643;1268.643;6.879;7.545;3111.773;4.054;6.197;3.639;7.056;16.453;0.003;37.398;27.563;95.891;106.111;43.971;35.244;62.684;3.926;0.780;0.446;1.863;0.040;3.408;109.519;108.471;32.179;1.155;0.319;1.155;0.003;0.401;15.400;0.462;0;2;40.777;40.780;0.100000;57.980000;0.998495;28576;1;0;0;0;0;0;0
218;1;1;1;IDLE;0.000;0.000;1.000;24235.308600;24235.312170;24235.356730;24235.410497;810211;810211;810211;10128;22;12963376;12963416;100.000;1551.543;1551.543;6.924;7.590;3111.220;4.618;5.809;3.345;6.893;19.770;0.002;40.435;31.281;89.972;98.327;44.559;41.123;70.200;4.190;0.771;0.433;1.466;0.033;3.570;101.897;100.083;32.730;0.603;0.337;0.603;0.002;0.384;15.565;0.467;0;2;48.578;48.580;0.100000;58.130000;0.998645;28764;1;0;0;0;0;0;0
219;1;1;1;IDLE;0.000;0.000;1.000;24235.342131;24235.345124;24235.389081;24235.444179;808645;808645;808645;10109;22;12938320;12938360;100.000;1381.382;1381.382;6.924;7.590;3105.206;5.753;5.800;3.234;6.983;18.286;0.002;40.056;31.022;89.688;99.055;43.957;40.438;70.574;4.276;0.791;0.452;1.430;0.035;2.993;102.048;100.431;32.954;0.380;0.339;0.380;0.005;0.281;15.681;0.470;0;2;39.690;39.692;0.100000;58.230000;0.998908;28764;1;0;0;0;0;0;0
220;1;1;1;IDLE;0.000;0.000;1.000;24235.375528;24235.378430;24235.422469;24235.444245;810783;810783;810783;10135;21;12972528;12972568;100.000;1473.798;1473.798;6.654;7.288;3113.416;5.560;5.812;2.747;6.930;19.427;0.001;40.476;31.917;57.013;65.815;44.039;61.500;72.475;3.811;0.778;0.457;1.840;0.044;2.903;68.718;67.164;33.306;0.027;0.320;0.027;0.002;0.317;15.636;0.469;0;2;41.123;41.126;0.090000;58.600000;0.998974;27636;1;0;0;0;0;0;0
221;1;1;1;IDLE;0.000;0.000;1.000;24235.408939;24235.412059;24235.454851;24235.480663;807088;807088;807088;10089;21;12913408;12913448;100.000;1045.305;1045.305;6.654;7.288;3099.228;5.302;5.778;3.268;6.800;14.340;0.002;35.488;26.442;56.250;68.604;42.792;51.728;61.793;4.101;0.793;0.458;1.410;0.038;3.120;71.724;70.249;33.629;0.295;0.318;0.295;0.003;0.248;15.695;0.471;0;2;40.047;40.049;0.090000;58.490000;0.999054;27636;1;0;0;0;0;0;0
222;1;1;1;IDLE;0.000;0.000;1.000;24235.441196;24235.445167;24235.488619;24235.552176;809369;809369;809369;10118;22;12949904;12949944;100.000;1368.427;1368.427;6.744;7.409;3107.987;3.505;6.210;3.284;6.655;17.259;0.003;36.913;27.419;97.545;107.009;43.452;34.496;63.102;3.630;0.788;0.454;1.739;0.045;3.971;110.980;108.428;33.108;0.225;0.312;0.225;0.003;0.576;15.812;0.474;0;2;41.686;41.690;0.090000;58.460000;0.999004;28012;1;0;0;0;0;0;0
223;1;1;1;IDLE;0.000;0.000;1.000;24235.475450;24235.478278;24235.523700;24235.580034;795354;795354;795354;9942;21;12725664;12725704;100.000;1573.762;1573.762;6.609;7.243;3054.169;3.816;6.724;3.514;6.683;20.339;0.001;41.076;30.837;93.670;101.756;45.423;40.367;67.889;3.938;0.774;0.454;1.476;0.041;2.828;104.584;102.953;33.110;0.223;0.307;0.223;0.012;0.063;16.093;0.483;0;2;48.810;48.811;0.090000;58.530000;0.998925;27448;1;0;0;0;0;0;0
224;1;1;1;IDLE;0.000;0.000;1.000;24235.508524;24235.511899;24235.556392;24235.619150;795455;795455;795455;9944;21;12727280;12727320;100.000;1368.162;1368.162;6.518;7.152;3054.557;3.580;6.664;3.948;6.971;16.949;0.002;38.112;27.500;97.948;107.251;44.493;35.536;61.808;4.043;0.773;0.451;1.664;0.041;3.376;110.627;108.736;33.622;0.288;0.306;0.288;0.003;0.653;16.471;0.494;0;2;40.574;40.579;0.090000;58.740000;0.999006;27072;1;0;0;0;0;0;0
225;1;1;1;IDLE;0.000;0.000;1.000;24235.541833;24235.545201;24235.590855;24235.649081;795720;795720;795720;9947;22;12731520;12731560;100.000;1579.631;1579.631;6.699;7.364;3055.574;5.281;6.004;2.607;6.487;21.946;0.002;42.325;33.714;95.821;103.881;45.655;40.744;73.846;3.251;0.842;0.459;1.809;0.127;3.368;107.248;105.333;33.301;0.032;0.289;0.032;0.002;0.548;16.130;0.484;0;2;50.238;50.239;0.090000;58.600000;0.998911;27824;1;0;0;0;0;0;0
226;1;1;1;IDLE;0.000;0.000;1.000;24235.575708;24235.578699;24235.623543;24235.686807;798723;798723;798723;9985;105;12779568;12779608;100.000;1338.557;1338.557;33.139;36.394;3067.106;3.729;5.908;3.504;7.168;18.655;0.009;38.965;29.552;98.561;108.109;44.845;36.042;65.899;3.900;0.765;0.439;2.025;0.038;2.991;111.100;109.726;33.498;0.165;0.281;0.165;0.002;0.058;16.246;0.487;0;2;44.186;44.191;0.250000;54.210000;0.990650;137992;1;0;0;0;0;0;0
227;1;1;1;IDLE;0.000;0.000;1.000;24235.608496;24235.612461;24235.662703;24235.720088;807441;807441;807441;10094;20;12919056;12919096;100.000;1584.429;1584.429;6.067;6.670;3100.583;5.098;5.831;2.844;7.072;25.740;0.001;46.585;37.910;99.474;107.628;50.242;43.283;75.454;4.350;0.769;0.439;1.484;0.030;3.965;111.593;109.674;33.762;0.429;0.290;0.429;0.003;0.599;16.124;0.484;0;2;31.933;49.842;0.140000;56.740000;0.996211;25192;1;0;0;0;0;0;0
228;1;1;1;IDLE;0.000;0.000;1.000;24235.642187;24235.645069;24235.694099;24235.744141;803316;803316;803316;10042;18;12853056;12853096;100.000;1419.146;1419.146;5.436;5.976;3084.743;6.194;5.554;2.966;6.110;19.625;0.002;40.448;31.929;90.015;99.072;49.030;40.827;65.121;3.226;0.765;0.431;1.650;0.038;2.882;101.954;100.393;32.608;0.725;0.317;0.725;0.126;5.591;15.752;0.473;0;2;45.609;45.612;0.120000;57.290000;0.997300;22560;1;0;0;0;0;0;0
229;1;1;1;IDLE;0.000;0.000;1.000;24235.675542;24235.679349;24235.723939;24235.777369;809074;809074;809074;10114;18;12945184;12945224;100.000;1737.438;1737.438;5.616;6.156;3106.854;5.234;5.082;2.331;6.268;19.050;0.003;37.965;30.552;90.569;98.020;44.591;38.732;68.517;3.256;0.780;0.436;1.718;0.077;3.807;101.827;100.288;34.280;0.947;0.357;0.947;0.057;4.350;15.236;0.457;0;2;39.243;39.249;0.110000;57.540000;0.997801;23312;1;0;0;0;0;0;0
230;1;1;1;IDLE;0.000;0.000;1.000;24235.708942;24235.711986;24235.757245;24235.811257;808265;808265;808265;10104;19;12932240;12932280;100.000;1391.865;1391.865;5.887;6.458;3103.747;6.026;5.400;2.456;7.646;20.051;0.004;41.579;33.722;89.980;99.271;45.258;41.884;74.511;4.454;0.779;0.452;1.895;0.066;3.044;102.316;100.843;32.638;0.696;0.378;0.696;0.002;0.410;15.306;0.459;0;2;40.168;40.171;0.110000;57.890000;0.998149;24440;1;0;0;0;0;0;0
231;1;1;1;IDLE;0.000;0.000;1.000;24235.742362;24235.745826;24235.787766;24235.844504;818848;818848;818848;10236;22;13101568;13101608;100.000;1082.761;1082.761;6.744;7.409;3144.386;4.467;5.889;3.367;6.285;13.710;0.003;33.718;24.462;86.577;98.678;41.940;34.170;58.326;3.069;0.795;0.453;1.927;0.041;3.464;102.142;100.756;33.840;0.507;0.386;0.507;0.004;0.583;15.371;0.461;0;2;37.195;37.196;0.100000;58.040000;0.998392;28012;1;0;0;0;0;0;0
232;1;1;1;IDLE;0.000;0.000;1.000;24235.775128;24235.779160;24235.821944;24235.883127;820617;820617;820617;10258;22;13129872;13129912;100.000;1298.587;1298.587;6.744;7.409;3151.179;3.747;6.467;3.263;5.803;16.592;0.002;35.872;26.142;93.855;103.966;42.784;34.503;61.102;2.768;0.803;0.454;1.742;0.036;4.032;107.998;106.046;33.334;0.001;0.362;0.001;0.007;0.539;15.414;0.462;0;2;39.147;39.149;0.100000;58.140000;0.998665;28012;1;0;0;0;0;0;0
233;1;1;1;IDLE;0.000;0.000;1.000;24235.809074;24235.812095;24235.855472;24235.883229;814146;814146;814146;10177;21;13026336;13026376;100.000;1365.386;1365.386;6.654;7.288;3126.330;3.733;6.194;3.472;5.964;18.046;0.002;37.409;27.743;61.594;71.134;43.378;52.589;63.957;2.959;0.787;0.452;1.725;0.041;3.020;74.154;72.814;32.934;0.399;0.364;0.399;0.003;0.158;15.471;0.464;0;2;45.695;45.697;0.100000;58.340000;0.998905;27636;1;0;0;0;0;0;0
234;1;1;1;IDLE;0.000;0.000;1.000;24235.842318;24235.845779;24235.889209;24235.947199;814852;814852;814852;10186;22;13037632;13037672;100.000;1327.479;1327.479;6.789;7.454;3129.041;3.665;6.132;3.543;6.008;17.703;0.003;37.050;27.376;91.598;101.420;43.430;36.531;63.035;3.001;0.788;0.452;1.730;0.038;3.461;104.881;103.451;33.685;0.351;0.363;0.351;0.003;0.219;15.527;0.466;0;2;41.259;41.261;0.100000;58.330000;0.998907;28200;1;0;0;0;0;0;0
235;1;1;1;IDLE;0.000;0.000;1.000;24235.875693;24235.878622;24235.923280;24235.978819;815725;815725;815725;10197;21;13051600;13051640;100.000;1625.801;1625.801;6.518;7.152;3132.394;4.356;6.016;3.663;6.955;19.696;0.002;40.686;31.007;92.169;100.197;44.659;40.606;69.432;4.236;0.785;0.451;1.447;0.036;2.928;103.126;101.738;32.842;0.491;0.371;0.491;0.002;0.297;15.808;0.474;0;2;43.609;43.611;0.090000;58.520000;0.998997;27072;1;0;0;0;0;0;0
236;1;1;1;IDLE;0.000;0.000;1.000;24235.908607;24235.912073;24235.956705;24236.014338;816078;816078;816078;10201;21;13057248;13057288;100.000;1346.644;1346.644;6.473;7.107;3133.749;3.669;5.974;3.675;6.890;18.202;0.002;38.411;28.762;92.569;102.265;44.633;37.560;64.441;3.865;0.801;0.452;1.732;0.039;3.466;105.732;103.924;33.451;0.118;0.355;0.118;0.003;0.190;15.993;0.480;0;2;40.312;40.313;0.090000;58.680000;0.999040;26884;1;0;0;0;0;0;0
237;1;1;1;IDLE;0.000;0.000;1.000;24235.942158;24235.945262;24235.989222;24236.044965;810868;810868;810868;10136;21;12973888;12973928;100.000;1629.306;1629.306;6.609;7.243;3113.743;3.780;6.300;3.679;6.936;18.486;0.001;39.181;29.202;91.740;99.703;43.961;39.298;66.427;4.182;0.779;0.451;1.488;0.036;3.103;102.806;101.217;33.189;0.145;0.342;0.145;0.003;0.592;16.227;0.487;0;2;43.584;43.586;0.090000;58.550000;0.999064;27448;1;0;0;0;0;0;0
238;1;1;1;IDLE;0.000;0.000;1.000;24235.975549;24235.978532;24236.022862;24236.078044;801907;801907;801907;10024;21;12830512;12830552;100.000;1336.503;1336.503;6.609;7.243;3079.332;3.413;6.004;3.478;6.725;17.336;0.002;36.956;27.474;89.913;99.513;44.330;37.137;61.976;3.710;0.773;0.454;1.749;0.039;2.983;102.496;100.963;33.270;0.063;0.325;0.063;0.002;1.183;16.224;0.487;0;2;39.434;39.436;0.090000;58.590000;0.999109;27448;1;0;0;0;0;0;0
239;1;1;1;IDLE;0.000;0.000;1.000;24236.009044;24236.011899;24236.055936;24236.111239;799196;799196;799196;9990;22;12787136;12787176;100.000;1603.189;1603.189;6.789;7.454;3068.922;3.908;6.243;3.626;6.669;19.108;0.002;39.555;29.686;91.363;99.339;44.036;39.818;67.413;3.968;0.774;0.455;1.439;0.033;2.855;102.194;100.824;33.368;0.035;0.307;0.035;0.002;0.410;16.306;0.489;0;2;41.213;41.214;0.090000;58.370000;0.998971;28200;1;0;0;0;0;0;0
240;1;1;1;IDLE;0.000;0.000;1.000;24236.041914;24236.045255;24236.088712;24236.152633;799621;799621;799621;9996;22;12793936;12793976;100.000;1325.669;1325.669;6.834;7.500;3070.554;3.542;6.153;3.492;6.005;17.745;0.002;36.936;27.291;97.727;107.378;43.457;34.399;62.801;3.009;0.776;0.449;1.727;0.045;3.341;110.718;108.885;33.356;0.022;0.289;0.022;0.003;0.407;16.146;0.484;0;2;40.266;40.268;0.090000;58.490000;0.998906;28388;1;0;0;0;0;0;0
241;1;1;1;IDLE;0.000;0.000;1.000;24236.075698;24236.078656;24236.122539;24236.165204;808174;808174;808174;10103;106;12930784;12930824;100.000;1327.628;1327.628;33.500;36.786;3103.398;3.623;6.236;3.505;5.848;18.494;0.004;37.706;27.964;76.808;86.548;43.883;43.566;63.725;2.857;0.779;0.446;1.724;0.042;2.958;89.505;88.122;33.401;0.068;0.275;0.068;0.019;0.039;16.010;0.480;0;2;48.584;48.586;0.250000;54.140000;0.990671;139496;1;0;0;0;0;0;0
242;1;1;1;IDLE;0.000;0.000;1.000;24236.109036;24236.111981;24236.172037;24236.218434;810609;810609;810609;10133;22;12969744;12969784;100.000;1299.931;1299.931;6.699;7.364;3112.748;3.664;6.239;3.441;5.785;33.913;0.003;53.043;43.363;96.476;106.453;60.056;49.827;72.204;2.786;0.779;0.445;1.733;0.043;2.945;109.398;108.020;33.325;0.008;0.258;0.008;0.003;0.696;15.877;0.476;0;2;62.079;62.080;0.150000;56.360000;0.995965;27824;1;0;0;0;0;0;0
243;1;1;1;IDLE;0.000;0.000;1.000;24236.142361;24236.145235;24236.199482;24236.248339;809086;809086;809086;10114;16;12945376;12945416;100.000;1751.973;1751.973;4.804;5.282;3106.900;5.196;4.391;2.266;5.305;15.929;0.002;33.086;26.429;95.715;103.104;54.247;32.090;48.720;2.464;0.790;0.433;1.498;0.119;2.874;105.978;104.591;33.254;0.080;0.247;0.080;0.135;18.832;14.900;0.447;0;2;16.654;34.877;0.160000;56.000000;0.996708;19928;1;0;0;0;0;0;0
244;1;1;1;IDLE;0.000;0.000;1.000;24236.176445;24236.180467;24236.227285;24236.279377;804105;804105;804105;10052;17;12865680;12865720;100.000;1483.871;1483.871;5.300;5.809;3087.773;3.338;4.407;2.301;4.345;18.818;0.003;33.208;26.500;90.240;98.910;46.818;33.574;56.603;1.732;0.764;0.430;1.392;0.027;4.022;102.933;102.296;35.232;1.899;0.351;1.899;0.002;8.274;13.939;0.418;0;3;39.848;39.855;0.160000;56.010000;0.997304;21996;1;0;0;0;0;0;0
245;1;1;1;IDLE;0.000;0.000;1.000;24236.209629;24236.213478;24236.259150;24236.318645;810243;810243;810243;10129;19;12963888;12963928;100.000;1103.077;1103.077;5.842;6.413;3111.343;4.340;5.830;2.785;7.636;17.406;0.001;37.996;29.381;93.414;105.166;45.672;36.130;64.331;4.160;0.786;0.456;2.188;0.046;3.849;109.016;108.230;33.012;0.322;0.349;0.322;0.003;0.258;14.524;0.436;0;2;37.627;37.629;0.130000;56.850000;0.997881;24252;1;0;0;0;0;0;0
246;1;1;1;IDLE;0.000;0.000;1.000;24236.243307;24236.247307;24236.292507;24236.344625;808451;808451;808451;10106;21;12935216;12935256;100.000;1207.818;1207.818;6.654;7.288;3104.461;4.299;5.961;2.931;6.071;19.067;0.001;38.329;29.437;86.608;97.318;45.200;39.385;65.126;2.818;0.778;0.450;1.989;0.035;4.000;101.317;100.877;33.828;0.495;0.358;0.495;0.002;0.457;14.639;0.439;0;2;45.201;45.203;0.110000;57.550000;0.998236;27636;1;0;0;0;0;0;0
247;1;1;1;IDLE;0.000;0.000;1.000;24236.276060;24236.279540;24236.322785;24236.378752;818595;818595;818595;10233;22;13097520;13097560;100.000;1038.000;1038.000;6.924;7.590;3143.414;4.148;6.166;3.359;7.108;13.518;0.002;34.299;24.774;86.594;99.212;43.245;34.572;57.288;4.382;0.811;0.456;1.416;0.043;3.480;102.692;101.671;32.233;1.100;0.404;1.100;0.005;0.469;15.142;0.454;0;2;35.349;35.357;0.110000;57.830000;0.998496;28764;1;0;0;0;0;0;0
248;1;1;1;IDLE;0.000;0.000;1.000;24236.307461;24236.310507;24236.355632;24236.411566;813416;813416;813416;10168;23;13014656;13014696;100.000;1417.325;1417.325;7.015;7.711;3123.527;6.108;5.826;2.502;7.516;20.050;0.004;42.002;33.674;91.877;101.060;45.126;41.562;74.622;4.509;0.788;0.452;1.640;0.126;3.046;104.106;101.152;30.966;2.367;0.527;2.367;0.002;0.046;15.320;0.460;0;2;43.154;43.156;0.100000;58.020000;0.998593;29140;1;0;0;0;0;0;0
249;1;1;1;IDLE;0.000;0.000;1.000;24236.342209;24236.345183;24236.389709;24236.447385;816251;816251;816251;10204;23;13060016;13060056;100.000;1308.345;1308.345;7.150;7.847;3134.413;4.049;6.445;3.639;5.819;18.038;0.002;37.990;27.906;92.220;102.202;44.525;37.171;62.674;2.873;0.809;0.457;1.638;0.042;2.975;105.176;103.637;34.677;1.344;0.578;1.344;0.018;0.583;15.470;0.464;0;2;39.892;39.893;0.100000;58.080000;0.998807;29704;1;0;0;0;0;0;0
250;1;1;1;IDLE;0.000;0.000;1.000;24236.375328;24236.378878;24236.423756;24236.485518;820584;820584;820584;10258;22;13129344;13129384;100.000;1367.148;1367.148;6.879;7.545;3151.052;3.780;6.328;3.628;5.964;19.013;0.002;38.713;28.757;97.036;106.640;44.877;36.302;64.078;2.941;0.806;0.447;1.731;0.038;3.550;110.190;108.437;33.695;0.362;0.564;0.362;0.003;0.336;15.585;0.468;0;2;42.636;42.639;0.100000;58.260000;0.998962;28576;1;0;0;0;0;0;0
251;1;1;1;IDLE;0.000;0.000;1.000;24236.409046;24236.411998;24236.456866;24236.511042;817535;817535;817535;10220;21;13080560;13080600;100.000;1395.905;1395.905;6.473;7.107;3139.344;5.848;6.063;3.585;6.877;18.349;0.002;40.722;31.074;89.674;99.044;44.868;41.115;69.256;3.862;0.800;0.451;1.725;0.040;2.952;101.996;100.628;33.119;0.214;0.543;0.214;0.003;0.619;15.823;0.475;0;2;46.996;46.998;0.090000;58.580000;0.998951;26884;1;0;0;0;0;0;0
252;1;1;1;IDLE;0.000;0.000;1.000;24236.442177;24236.445226;24236.488954;24236.544771;812707;812707;812707;10159;22;13003312;13003352;100.000;1558.871;1558.871;6.924;7.590;3120.804;3.697;6.305;3.652;7.219;18.056;0.002;38.929;28.972;91.204;99.545;43.729;39.107;66.254;4.315;0.798;0.456;1.614;0.036;3.049;102.594;101.023;33.228;0.105;0.515;0.105;0.003;0.150;16.164;0.485;0;2;40.140;40.141;0.090000;58.530000;0.999085;28764;1;0;0;0;0;0;0
253;1;1;1;IDLE;0.000;0.000;1.000;24236.475653;24236.478588;24236.523020;24236.585346;811017;811017;811017;10138;23;12976272;12976312;100.000;1537.312;1537.312;7.060;7.756;3114.315;5.353;5.802;2.837;7.083;20.047;0.002;41.122;32.483;98.317;106.758;44.431;38.519;73.108;4.358;0.797;0.447;1.447;0.033;2.935;109.694;108.265;33.363;0.029;0.485;0.029;0.002;0.218;16.056;0.482;0;2;41.785;41.787;0.090000;58.480000;0.998981;29328;1;0;0;0;0;0;0
254;1;1;1;IDLE;0.000;0.000;1.000;24236.508828;24236.511779;24236.558102;24236.613649;812416;812416;812416;10156;22;12998656;12998696;100.000;1255.271;1255.271;6.789;7.454;3119.687;3.973;6.581;3.501;5.458;20.048;0.002;39.561;29.479;91.514;101.870;46.323;38.835;63.638;2.493;0.795;0.451;1.676;0.043;2.952;104.821;103.234;33.191;0.142;0.463;0.142;0.003;0.376;15.930;0.478;0;2;47.287;47.289;0.090000;58.450000;0.998975;28200;1;0;0;0;0;0;0
255;1;1;1;IDLE;0.000;0.000;1.000;24236.542225;24236.545429;24236.589624;24236.646344;815874;815874;815874;10199;22;13053984;13054024;100.000;1353.182;1353.182;6.744;7.409;3132.966;4.006;6.232;3.267;7.730;16.713;0.003;37.949;28.449;91.268;100.915;44.195;37.605;64.372;5.043;0.798;0.447;1.396;0.045;3.204;104.119;102.596;33.650;0.317;0.454;0.317;0.004;0.599;16.260;0.488;0;2;40.719;40.722;0.090000;58.490000;0.999025;28012;1;0;0;0;0;0;0
256;1;1;1;IDLE;0.000;0.000;1.000;24236.574993;24236.578554;24236.622994;24236.686041;811813;811813;811813;10148;105;12989008;12989048;100.000;1636.316;1636.316;33.049;36.304;3117.372;5.135;5.727;2.465;7.122;21.056;0.008;41.506;33.314;99.549;107.487;44.440;38.615;74.964;4.256;0.784;0.428;1.598;0.057;3.561;111.048;108.960;33.125;0.209;0.439;0.209;0.002;0.127;16.026;0.481;0;2;44.399;44.405;0.250000;54.080000;0.990379;137616;1;0;0;0;0;0;0
257;1;1;1;IDLE;0.000;0.000;1.000;24236.608818;24236.611730;24236.661341;24236.714636;809323;809323;809323;10117;22;12949168;12949208;100.000;1404.124;1404.124;6.789;7.454;3107.810;3.991;6.383;3.512;6.847;23.055;0.002;43.789;33.893;93.683;102.906;49.611;42.553;68.318;3.914;0.769;0.436;1.687;0.041;2.912;105.818;104.221;33.176;0.157;0.421;0.157;0.003;0.587;16.209;0.486;0;2;29.181;47.753;0.150000;56.360000;0.995727;28200;1;0;0;0;0;0;0
258;1;1;1;IDLE;0.000;0.000;1.000;24236.642190;24236.645267;24236.691075;24236.743450;806066;806066;806066;10076;16;12897056;12897096;100.000;1667.552;1667.552;4.894;5.372;3095.303;4.860;5.812;2.897;5.714;18.574;0.003;37.857;29.148;90.448;98.182;45.808;38.557;63.630;2.778;0.776;0.432;1.694;0.033;3.077;101.260;99.702;33.537;0.204;0.408;0.204;0.027;5.048;15.764;0.473;0;2;42.124;42.129;0.160000;55.990000;0.996622;20304;1;0;0;0;0;0;0
259;1;1;1;IDLE;0.000;0.000;1.000;24236.675667;24236.678511;24236.723248;24236.778126;803994;803994;803994;10050;17;12863904;12863944;100.000;1710.309;1710.309;5.210;5.719;3087.347;5.286;4.807;2.314;6.499;20.003;0.002;38.908;31.788;92.093;99.614;44.737;39.059;71.054;3.495;0.771;0.441;1.759;0.033;2.844;102.458;101.044;33.244;0.090;0.388;0.090;0.063;3.528;15.230;0.457;0;2;40.197;40.200;0.160000;55.980000;0.997423;21620;1;0;0;0;0;0;0
260;1;1;1;IDLE;0.000;0.000;1.000;24236.708912;24236.711862;24236.754586;24236.811740;804675;804675;804675;10059;19;12874800;12874840;100.000;1381.220;1381.220;5.842;6.413;3089.962;4.232;5.646;2.440;6.867;18.072;0.002;37.258;29.171;90.557;99.878;42.724;37.303;68.279;3.595;0.772;0.454;1.893;0.153;2.950;102.828;101.325;33.351;0.017;0.365;0.017;0.002;0.373;15.164;0.455;0;2;41.607;41.609;0.130000;56.950000;0.997709;24252;1;0;0;0;0;0;0
261;1;1;1;IDLE;0.000;0.000;1.000;24236.742310;24236.745766;24236.791644;24236.844823;803023;803023;803023;10038;20;12848368;12848408;100.000;1050.870;1050.870;6.203;6.805;3083.618;4.271;6.059;3.176;5.366;18.926;0.002;37.798;28.563;86.830;99.057;45.878;38.158;62.258;2.619;0.822;0.471;1.413;0.041;3.455;102.512;101.075;33.904;0.571;0.378;0.571;0.003;0.120;15.028;0.451;0;2;39.017;39.019;0.110000;57.760000;0.998294;25756;1;0;0;0;0;0;0
262;1;1;1;IDLE;0.000;0.000;1.000;24236.774931;24236.779054;24236.822716;24236.881052;804900;804900;804900;10062;21;12878400;12878440;100.000;1361.327;1361.327;6.609;7.243;3090.826;4.368;6.153;3.471;5.825;18.046;0.002;37.863;28.239;92.538;101.999;43.662;37.122;64.677;2.823;0.779;0.453;1.731;0.040;4.123;106.122;103.971;33.288;0.045;0.357;0.045;0.003;0.702;15.137;0.454;0;2;40.148;40.149;0.100000;58.170000;0.998569;27448;1;0;0;0;0;0;0
263;1;1;1;IDLE;0.000;0.000;1.000;24236.809035;24236.811920;24236.855305;24236.881150;801032;801032;801032;10013;22;12816512;12816552;100.000;1411.841;1411.841;6.970;7.635;3075.972;3.607;6.100;3.486;6.688;17.558;0.002;37.438;27.852;60.151;69.230;43.385;54.078;64.198;3.689;0.771;0.457;1.727;0.044;2.885;72.115;70.736;32.867;0.467;0.364;0.467;0.004;0.470;15.424;0.463;0;2;43.299;43.302;0.090000;58.380000;0.998717;28952;1;0;0;0;0;0;0
264;1;1;1;IDLE;0.000;0.000;1.000;24236.842321;24236.845214;24236.888868;24236.951611;793638;793638;793638;9921;23;12698208;12698248;100.000;1309.790;1309.790;7.150;7.847;3047.580;3.446;6.066;3.267;6.436;18.045;0.002;37.260;27.927;96.702;106.397;43.654;35.020;63.974;3.445;0.770;0.455;1.729;0.038;2.893;109.290;107.863;33.294;0.039;0.343;0.039;0.003;0.141;15.513;0.465;0;2;42.362;42.365;0.090000;58.460000;0.998853;29704;1;0;0;0;0;0;0
265;1;1;1;IDLE;0.000;0.000;1.000;24236.875675;24236.878577;24236.922928;24236.977128;801156;801156;801156;10015;23;12818496;12818536;100.000;1585.012;1585.012;7.105;7.801;3076.449;3.917;6.563;3.615;6.689;19.024;0.001;39.809;29.630;90.464;98.551;44.351;40.394;66.809;3.943;0.773;0.454;1.482;0.037;2.902;101.453;100.047;33.363;0.030;0.324;0.030;0.002;0.368;15.855;0.476;0;2;47.703;47.705;0.090000;58.510000;0.998940;29516;1;0;0;0;0;0;0
266;1;1;1;IDLE;0.000;0.000;1.000;24236.908491;24236.911885;24236.955219;24237.010339;804749;804749;804749;10060;23;12875984;12876024;100.000;1464.615;1464.615;7.015;7.711;3090.246;3.626;6.141;3.667;6.830;17.576;0.002;37.840;28.032;89.663;98.454;43.334;38.434;64.688;3.884;0.778;0.451;1.681;0.036;3.393;101.848;99.925;33.307;0.026;0.305;0.026;0.003;0.325;16.054;0.482;0;2;39.476;39.478;0.090000;58.490000;0.999142;29140;1;0;0;0;0;0;0
267;1;1;1;IDLE;0.000;0.000;1.000;24236.942376;24236.945235;24236.989102;24237.043294;805449;805449;805449;10069;22;12887184;12887224;100.000;1593.803;1593.803;6.789;7.454;3092.934;5.036;5.678;2.899;7.033;20.074;0.002;40.720;32.142;89.973;98.059;43.867;41.526;73.272;4.322;0.778;0.456;1.444;0.034;2.859;100.918;99.546;33.351;0.017;0.287;0.017;0.011;0.085;15.946;0.478;0;2;41.306;41.308;0.090000;58.670000;0.999143;28200;1;0;0;0;0;0;0
268;1;1;1;IDLE;0.000;0.000;1.000;24236.975428;24236.978579;24237.021205;24237.076846;805329;805329;805329;10067;21;12885264;12885304;100.000;1282.525;1282.525;6.428;7.062;3092.473;3.893;6.444;3.255;5.466;17.292;0.002;36.350;26.651;88.220;98.267;42.626;36.991;62.523;2.464;0.775;0.452;1.740;0.035;3.151;101.418;99.765;33.343;0.010;0.270;0.010;0.004;0.118;15.754;0.473;0;2;39.370;39.372;0.090000;58.750000;0.999140;26696;1;0;0;0;0;0;0
269;1;1;1;IDLE;0.000;0.000;1.000;24237.009071;24237.012129;24237.053299;24237.110445;805419;805419;805419;10068;21;12886704;12886744;100.000;1273.726;1273.726;6.518;7.152;3092.819;3.710;6.095;3.441;5.189;16.089;0.003;34.524;24.988;88.199;98.316;41.170;35.115;60.695;2.181;0.776;0.454;1.743;0.034;3.058;101.374;100.031;33.550;0.217;0.267;0.217;0.003;0.235;15.500;0.465;0;2;39.630;39.632;0.090000;58.830000;0.999083;27072;1;0;0;0;0;0;0
270;1;1;1;IDLE;0.000;0.000;1.000;24237.042351;24237.045914;24237.086990;24237.144344;804474;804474;804474;10056;22;12871584;12871624;100.000;1230.417;1230.417;6.699;7.364;3089.190;3.819;5.888;3.320;5.150;15.701;0.002;33.878;24.670;87.968;98.430;41.076;34.418;60.059;2.160;0.774;0.456;1.727;0.034;3.562;101.992;100.596;33.785;0.451;0.278;0.451;0.004;0.550;15.217;0.457;0;2;39.145;39.147;0.090000;58.800000;0.998953;27824;1;0;0;0;0;0;0
271;1;1;1;IDLE;0.000;0.000;1.000;24237.075673;24237.078713;24237.120701;24237.147825;796101;796101;796101;9952;103;12737616;12737656;100.000;1289.160;1289.160;32.553;35.745;3057.037;3.686;6.318;3.312;5.265;16.664;0.007;35.245;25.615;59.231;69.111;41.987;50.997;61.007;2.288;0.771;0.446;1.727;0.033;3.040;72.151;70.743;32.800;0.534;0.294;0.534;0.004;0.543;15.139;0.454;0;2;40.302;40.306;0.240000;54.300000;0.990866;135548;1;0;0;0;0;0;0
272;1;1;1;IDLE;0.000;0.000;1.000;24237.108992;24237.112020;24237.156488;24237.211489;805073;805073;805073;10064;22;12881168;12881208;100.000;1231.877;1231.877;6.789;7.454;3091.490;3.691;6.084;3.386;5.309;19.045;0.003;37.514;28.045;89.012;99.469;44.468;37.714;63.067;2.340;0.768;0.441;1.726;0.033;3.028;102.497;101.075;33.307;0.026;0.277;0.026;0.003;0.184;15.052;0.452;0;2;41.048;41.049;0.150000;56.430000;0.996152;28200;1;0;0;0;0;0;0
273;1;1;1;IDLE;0.000;0.000;1.000;24237.142345;24237.145222;24237.189566;24237.244751;797204;797204;797204;9966;18;12755264;12755304;100.000;1396.836;1396.836;5.706;6.247;3061.273;4.009;6.001;3.302;7.147;18.588;0.002;39.046;29.743;90.397;99.529;44.344;39.231;67.074;4.157;0.772;0.453;1.721;0.044;2.877;102.406;101.003;33.202;0.132;0.268;0.132;0.003;0.171;15.404;0.462;0;2;40.507;40.508;0.170000;55.780000;0.997084;23688;1;0;0;0;0;0;0
274;1;1;1;IDLE;0.000;0.000;1.000;24237.175738;24237.178684;24237.222643;24237.277942;805139;805139;805139;10065;18;12882224;12882264;100.000;1321.764;1321.764;5.526;6.066;3091.743;3.607;6.189;3.499;6.240;18.045;0.002;37.580;27.892;89.512;99.258;43.959;37.860;63.449;3.234;0.782;0.454;1.729;0.041;2.947;102.205;100.861;33.463;0.129;0.260;0.129;0.003;0.235;15.538;0.466;0;2;40.147;40.151;0.170000;55.790000;0.997820;22936;1;0;0;0;0;0;0
275;1;1;1;IDLE;0.000;0.000;1.000;24237.209066;24237.212025;24237.255379;24237.313454;808073;808073;808073;10101;20;12929168;12929208;100.000;1401.855;1401.855;6.203;6.805;3103.010;3.799;6.172;3.598;6.086;17.703;0.002;37.358;27.589;92.206;101.429;43.354;36.832;63.635;3.078;0.782;0.454;1.729;0.043;2.959;104.388;103.040;33.341;0.007;0.244;0.007;0.004;0.567;15.620;0.469;0;2;40.262;40.264;0.140000;56.700000;0.998170;25756;1;0;0;0;0;0;0
276;1;1;1;IDLE;0.000;0.000;1.000;24237.242391;24237.245354;24237.288794;24237.352217;813584;813584;813584;10170;20;13017344;13017384;100.000;1310.678;1310.678;6.293;6.896;3124.172;3.734;6.293;3.473;5.742;17.297;0.001;36.539;26.773;96.930;106.862;43.440;34.192;61.631;2.730;0.800;0.449;1.723;0.041;2.963;109.826;108.469;33.329;0.004;0.229;0.004;0.015;0.687;15.595;0.468;0;2;41.951;41.953;0.110000;57.650000;0.998345;26132;1;0;0;0;0;0;0
277;1;1;1;IDLE;0.000;0.000;1.000;24237.275721;24237.278676;24237.322590;24237.352270;812306;812306;812306;10154;22;12996896;12996936;100.000;1357.234;1357.234;6.970;7.635;3119.265;3.835;6.202;3.326;6.691;17.760;0.000;37.813;28.286;64.018;73.594;43.913;51.381;64.413;3.679;0.795;0.454;1.726;0.038;2.956;76.550;75.189;33.322;0.011;0.215;0.011;0.003;0.355;15.754;0.473;0;2;47.376;47.378;0.100000;58.020000;0.998517;28952;1;0;0;0;0;0;0
278;1;1;1;IDLE;0.000;0.000;1.000;24237.309084;24237.311989;24237.355447;24237.411539;817500;817500;817500;10219;23;13080000;13080040;100.000;1496.895;1496.895;7.060;7.756;3139.210;3.743;6.264;3.611;6.853;17.800;0.003;38.270;28.395;90.812;99.551;43.458;38.443;65.339;3.875;0.800;0.450;1.691;0.037;2.904;102.455;101.125;33.312;0.021;0.203;0.021;0.003;0.188;16.000;0.480;0;2;39.401;39.403;0.100000;58.290000;0.998731;29328;1;0;0;0;0;0;0
279;1;1;1;IDLE;0.000;0.000;1.000;24237.342487;24237.345440;24237.389054;24237.447594;824803;824803;824803;10311;24;13196848;13196888;100.000;1567.817;1567.817;7.376;8.103;3167.253;5.210;6.040;2.921;6.296;19.435;0.002;39.902;30.941;93.737;102.154;43.615;39.060;70.942;3.568;0.791;0.455;1.444;0.038;2.953;105.107;103.846;33.451;0.118;0.198;0.118;0.002;0.502;15.817;0.475;0;2;41.915;41.917;0.100000;58.350000;0.998940;30644;1;0;0;0;0;0;0
280;1;1;1;IDLE;0.000;0.000;1.000;24237.375488;24237.378483;24237.422137;24237.478137;813944;813944;813944;10175;23;13023104;13023144;100.000;1206.049;1206.049;7.195;7.892;3125.555;4.242;6.494;3.204;6.014;17.068;0.002;37.022;27.324;88.856;99.654;43.654;37.151;62.593;2.961;0.818;0.447;1.743;0.044;2.995;102.650;101.056;33.043;0.290;0.204;0.290;0.003;0.071;15.794;0.474;0;2;42.518;42.521;0.100000;58.340000;0.998930;29892;1;0;0;0;0;0;0
281;1;1;1;IDLE;0.000;0.000;1.000;24237.408738;24237.412643;24237.456185;24237.478200;815307;815307;815307;10192;23;13044912;13044952;100.000;1339.933;1339.933;7.285;7.982;3130.788;3.568;6.469;3.369;5.803;18.044;0.001;37.252;27.414;55.822;65.558;43.542;56.823;62.961;2.798;0.789;0.449;1.723;0.045;3.905;69.462;67.786;34.160;0.826;0.242;0.826;0.004;0.117;15.759;0.473;0;2;39.986;39.988;0.100000;58.210000;0.999037;30268;1;0;0;0;0;0;0
282;1;1;1;IDLE;0.000;0.000;1.000;24237.442461;24237.445359;24237.489262;24237.546531;816329;816329;816329;10205;21;13061264;13061304;100.000;1601.267;1601.267;6.564;7.198;3134.713;3.894;6.449;3.561;6.838;18.655;0.003;39.398;29.387;93.015;101.172;43.903;38.941;66.936;4.062;0.806;0.455;1.477;0.039;2.897;104.069;102.783;32.716;0.617;0.266;0.617;0.002;0.239;16.035;0.481;0;2;43.944;43.946;0.090000;58.450000;0.999075;27260;1;0;0;0;0;0;0
283;1;1;1;IDLE;0.000;0.000;1.000;24237.475513;24237.478754;24237.522811;24237.546626;813249;813249;813249;10166;21;13011984;13012024;100.000;1290.488;1290.488;6.654;7.288;3122.886;3.578;6.210;3.244;6.515;17.895;0.002;37.443;27.989;57.789;67.872;44.057;55.167;63.529;3.514;0.787;0.452;1.726;0.036;3.241;71.113;69.545;33.395;0.062;0.253;0.062;0.004;0.104;16.021;0.481;0;2;41.596;41.599;0.090000;58.620000;0.999110;27636;1;0;0;0;0;0;0
284;1;1;1;IDLE;0.000;0.000;1.000;24237.509069;24237.511968;24237.557421;24237.612616;809333;809333;809333;10117;22;12949328;12949368;100.000;1588.971;1588.971;6.744;7.409;3107.848;3.963;6.451;3.460;6.794;20.135;0.002;40.803;30.892;92.498;100.647;45.453;40.541;67.966;4.067;0.794;0.451;1.443;0.039;2.899;103.546;102.201;33.214;0.119;0.245;0.119;0.002;0.460;16.196;0.486;0;2;44.068;44.071;0.090000;58.670000;0.999157;28012;1;0;0;0;0;0;0
285;1;1;1;IDLE;0.000;0.000;1.000;24237.542034;24237.545328;24237.589109;24237.653505;815482;815482;815482;10194;22;13047712;13047752;100.000;1440.015;1440.015;6.970;7.635;3131.460;3.561;6.210;3.657;6.955;17.804;0.001;38.188;28.321;99.116;108.177;43.781;35.301;64.687;3.940;0.801;0.451;1.726;0.038;3.294;111.471;109.758;33.360;0.027;0.231;0.027;0.020;0.072;16.355;0.491;0;2;41.303;41.306;0.090000;58.710000;0.999140;28952;1;0;0;0;0;0;0
286;1;1;1;IDLE;0.000;0.000;1.000;24237.575768;24237.578671;24237.623792;24237.701506;814633;814633;814633;10183;104;13034128;13034168;100.000;1565.471;1565.471;32.778;36.002;3128.200;4.080;6.598;3.902;6.820;19.258;0.005;40.658;30.158;114.508;122.835;45.120;33.100;66.839;4.081;0.797;0.455;1.434;0.054;2.903;125.738;124.425;33.343;0.010;0.217;0.010;0.002;0.212;16.600;0.498;0;2;48.968;48.971;0.250000;54.210000;0.990726;136488;1;0;0;0;0;0;0
287;1;1;1;IDLE;0.000;0.000;1.000;24237.608549;24237.611999;24237.673777;24237.723604;814941;814941;814941;10187;22;13039056;13039096;100.000;1244.701;1244.701;6.924;7.590;3129.383;4.160;6.429;3.915;6.650;34.165;0.001;55.319;44.975;101.129;111.605;61.778;49.567;72.801;3.526;0.780;0.441;1.862;0.040;3.450;115.055;113.189;33.327;0.006;0.204;0.006;0.003;0.139;16.705;0.501;0;2;61.884;61.885;0.150000;56.420000;0.996062;28764;1;0;0;0;0;0;0
288;1;1;1;IDLE;0.000;0.000;1.000;24237.641888;24237.645545;24237.703305;24237.754362;818847;818847;818847;10236;18;13101552;13101592;100.000;1647.619;1647.619;5.571;6.111;3144.382;5.590;4.555;2.322;5.491;15.852;0.002;33.811;26.934;100.865;108.817;57.760;31.071;46.631;2.720;0.785;0.441;1.512;0.034;3.657;112.474;110.614;33.546;0.213;0.205;0.213;0.134;21.452;15.623;0.469;0;2;36.138;36.141;0.170000;55.940000;0.996897;23124;1;0;0;0;0;0;0
289;1;1;1;IDLE;0.000;0.000;1.000;24237.676437;24237.680457;24237.730705;24237.784775;824052;824052;824052;10301;16;13184832;13184872;100.000;1335.929;1335.929;5.029;5.508;3164.369;3.419;4.437;2.324;4.395;17.150;0.002;31.725;24.964;94.448;104.318;50.248;30.412;49.683;1.766;0.767;0.441;1.394;0.027;4.020;108.337;107.693;34.912;1.579;0.290;1.579;0.003;12.069;14.507;0.435;0;3;40.798;40.803;0.160000;55.970000;0.997687;20868;1;0;0;0;0;0;0
290;1;1;1;IDLE;0.000;0.000;1.000;24237.710384;24237.714909;24237.762413;24237.815139;835458;835458;835458;10444;20;13367328;13367368;100.000;1143.356;1143.356;6.157;6.760;3208.168;4.080;5.733;2.920;7.019;18.424;0.003;38.176;29.523;88.539;100.230;47.504;38.089;62.148;3.288;0.783;0.455;2.433;0.061;4.525;104.755;104.724;34.452;1.119;0.342;1.119;0.003;1.712;14.803;0.444;0;2;40.778;40.781;0.130000;56.860000;0.998155;25568;1;0;0;0;0;0;0
291;1;1;1;IDLE;0.000;0.000;1.000;24237.743714;24237.748196;24237.794351;24237.853913;819605;819605;819605;10246;20;13113680;13113720;100.000;1276.629;1276.629;6.338;6.941;3147.293;4.060;4.961;2.461;6.077;21.233;0.002;38.791;31.370;95.445;105.717;46.155;36.693;67.966;2.945;0.788;0.466;1.843;0.035;4.482;110.200;110.165;33.288;0.046;0.324;0.046;0.002;1.149;14.478;0.434;0;2;42.000;42.003;0.110000;57.610000;0.998306;26320;1;0;0;0;0;0;0
292;1;1;1;IDLE;0.000;0.000;1.000;24237.777376;24237.781563;24237.825900;24237.880583;827799;827799;827799;10348;21;13244784;13244824;100.000;1310.979;1310.979;6.383;7.017;3178.758;4.403;5.107;2.505;8.537;17.897;0.001;38.450;30.838;88.917;99.020;44.337;38.830;69.553;4.976;0.791;0.450;2.276;0.045;4.186;103.206;103.502;33.367;0.033;0.306;0.033;0.003;0.183;14.902;0.447;0;2;45.907;45.910;0.100000;58.150000;0.998644;26508;1;0;0;0;0;0;0
293;1;1;1;IDLE;0.000;0.000;1.000;24237.810337;24237.814359;24237.857545;24237.915285;830771;830771;830771;10385;22;13292336;13292376;100.000;1240.874;1240.874;6.879;7.545;3190.170;4.135;6.878;3.672;5.832;15.799;0.002;36.315;25.765;90.214;100.926;43.186;35.982;59.661;2.756;0.796;0.447;1.790;0.042;4.022;104.948;104.871;32.796;0.537;0.320;0.537;0.002;0.290;15.277;0.458;0;2;38.831;38.833;0.090000;58.390000;0.998831;28576;1;0;0;0;0;0;0
294;1;1;1;IDLE;0.000;0.000;1.000;24237.842580;24237.846315;24237.891215;24237.945381;835004;835004;835004;10438;23;13360064;13360104;100.000;1466.464;1466.464;7.150;7.847;3206.425;5.858;5.958;2.907;7.251;19.194;0.002;41.168;32.303;89.955;99.066;44.900;41.556;71.944;4.215;0.796;0.444;1.758;0.037;3.735;102.800;101.633;31.956;1.378;0.386;1.378;0.002;0.476;15.490;0.465;0;2;43.258;43.260;0.090000;58.500000;0.998940;29704;1;0;0;0;0;0;0
295;1;1;1;IDLE;0.000;0.000;1.000;24237.875736;24237.878976;24237.923268;24237.978450;814967;814967;814967;10188;23;13039472;13039512;100.000;1413.462;1413.462;7.105;7.801;3129.483;4.009;6.678;3.646;6.296;18.038;0.002;38.667;28.343;90.249;99.474;44.292;38.872;63.991;3.548;0.799;0.447;1.465;0.037;3.240;102.714;101.369;32.661;0.672;0.404;0.672;0.002;0.406;15.776;0.473;0;2;40.141;40.143;0.090000;58.560000;0.998995;29516;1;0;0;0;0;0;0
296;1;1;1;IDLE;0.000;0.000;1.000;24237.908629;24237.912654;24237.956344;24238.010285;818656;818656;818656;10234;23;13098496;13098536;100.000;1554.678;1554.678;7.015;7.711;3143.649;3.899;6.753;3.454;6.340;18.036;0.002;38.482;28.274;89.206;97.631;43.689;39.416;64.717;3.590;0.809;0.452;1.448;0.041;4.025;101.656;99.871;33.679;0.345;0.400;0.345;0.003;0.677;15.972;0.479;0;2;40.138;40.139;0.090000;58.600000;0.999088;29140;1;0;0;0;0;0;0
297;1;1;1;IDLE;0.000;0.000;1.000;24237.941846;24237.945507;24237.990427;24238.043208;819807;819807;819807;10248;22;13116912;13116952;100.000;1407.961;1407.961;6.789;7.454;3148.068;3.801;6.167;3.643;6.569;19.049;0.002;39.230;29.419;88.385;97.701;44.920;40.153;65.493;3.543;0.798;0.455;1.727;0.046;3.662;101.363;99.461;32.853;0.481;0.405;0.481;0.003;0.170;16.077;0.482;0;2;38.903;38.904;0.090000;58.670000;0.999136;28200;1;0;0;0;0;0;0
298;1;1;1;IDLE;0.000;0.000;1.000;24237.975638;24237.978669;24238.021500;24238.076665;814766;814766;814766;10185;21;13036256;13036296;100.000;1317.249;1317.249;6.609;7.243;3128.711;3.542;6.480;3.441;5.491;17.043;0.002;35.997;26.076;88.100;97.996;42.832;36.733;60.880;2.481;0.799;0.452;1.725;0.035;3.030;101.027;99.584;33.162;0.172;0.391;0.172;0.003;0.476;15.914;0.477;0;2;38.746;38.748;0.090000;58.730000;0.999139;27448;1;0;0;0;0;0;0
299;1;1;1;IDLE;0.000;0.000;1.000;24238.009057;24238.012119;24238.053322;24238.099604;809259;809259;809259;10116;22;12948144;12948184;100.000;1266.990;1266.990;6.924;7.590;3107.564;3.754;6.153;3.438;5.255;15.790;0.001;34.389;24.798;77.265;87.485;41.202;39.308;60.185;2.265;0.780;0.450;1.725;0.034;3.063;90.547;89.190;33.451;0.118;0.374;0.118;0.003;0.344;15.650;0.469;0;2;39.128;39.128;0.090000;58.810000;0.999069;28764;1;0;0;0;0;0;0
300;1;1;1;IDLE;0.000;0.000;1.000;24238.042367;24238.045454;24238.081346;24238.122479;812212;812212;812212;10153;23;12995392;12995432;100.000;1158.376;1158.376;7.015;7.711;3118.904;3.871;5.769;3.292;5.099;9.736;0.002;27.766;18.705;65.806;77.024;35.891;36.049;52.116;2.091;0.798;0.451;1.725;0.034;3.088;80.112;78.731;33.335;0.001;0.350;0.001;0.003;0.772;15.280;0.458;0;2;27.984;27.985;0.090000;58.670000;0.998938;29140;1;0;0;0;0;0;0
