frame_id;rx_complete;tx_complete;current_skip;yaw;pitch;zoom;camera_send_timestamp;recv_start_timestamp;node_exit_timestamp;original_points;rx_media_bytes;tx_points;rx_packets;tx_packets;payload_bytes;reference_size_bytes;data_integrity_pct;internal_throughput_mbs;reference_throughput_mbs;logical_bitrate_mbps;network_bitrate_mbps;reference_bitrate_mbps;arrived_points;eroded_points;valid_points;erosion_ms;reconstruction_ms;pose_ms;reconstruction_pipeline_ms;tx_duration_ms;active_tx_ms;active_process_ms;reference_process_ms;total_processing_ms;total_residency_ms;reference_residency_ms;node_efficiency_pct;reference_efficiency_pct;gpu_transfer_ms;gpu_copyback_ms;host_overhead_ms;camera_node_ms;e2e_latency_ms;schedule_delay_ms;inter_arrival_ms;instant_jitter_ms;desynced_jitter_ms;pose_control_ms;codec_queue_ms;frame_queue_ms;codec_backlog;decode_service_ms;decode_h265_ms;ffmpeg_write_calls;ffmpeg_write_failures;codec_queue_drops;tx_zero_accepts;tx_partial_accepts;tx_resubmit_calls;tx_resubmitted_packets;mbuf_starvation
1;1;1;1;0.000000;0.000000;1.000000;21243.940091;21243.999733;21244.132565;784142;142128;146318;108;1742;142128;154656;100.000;190.702;207.383;561.874;601.161;37.117;178911;159140;146318;0.228;0.128;0.079;3.922;0.827;0.047;30.844;29.938;132.759;132.832;131.988;23.220;22.682;1.388;0.190;1.909;59.643;192.474;132.832;0.000;0.000;0.000;0.000;0.073;0.000;52;26.095;127.992;4;0;0;0;0;0;0;0
2;1;1;1;0.000000;0.000000;1.000000;21243.973846;21244.028138;21244.162362;783406;28952;144182;22;1717;28952;31504;100.000;1013.696;1099.706;553.671;592.394;7.561;169393;156499;144182;0.207;0.125;0.077;2.068;1.199;0.067;34.543;33.267;106.752;134.224;133.008;25.735;25.011;1.408;0.188;0.063;54.292;188.516;129.295;28.405;4.928;0.308;0.000;27.471;0.001;74;31.275;103.467;1;0;0;0;0;0;0;0
3;1;1;1;0.000000;0.000000;1.000000;21244.007411;21244.062576;21244.190914;780200;22748;141754;18;1688;22748;24836;100.000;0.628;0.683;544.348;582.417;5.961;164369;153953;141754;0.213;0.123;0.076;2.609;1.311;0.202;31.807;30.420;128.305;128.338;127.002;24.784;23.952;1.872;0.210;0.115;55.165;183.503;124.514;34.438;1.105;0.358;0.000;0.033;0.001;16;27.887;124.356;3;0;0;0;0;0;0;0
4;1;1;1;0.000000;0.000000;1.000000;21244.043368;21244.098971;21244.227384;778467;22560;139430;18;1660;22560;24648;100.000;0.836;0.910;535.424;572.861;5.916;160176;150044;139430;0.199;0.116;0.070;2.276;1.430;0.459;40.383;38.884;128.365;128.413;126.958;31.448;30.628;1.573;0.214;0.105;55.603;184.016;127.650;36.394;3.061;0.527;0.000;0.048;0.000;18;36.678;124.632;2;0;0;0;0;0;0;0
5;1;1;1;0.000000;0.000000;1.000000;21244.075002;21244.126105;21244.262038;776427;22372;137802;17;1641;22372;24344;100.000;1026.729;1112.854;529.172;566.181;5.843;157416;147596;137802;0.196;0.116;0.069;2.260;1.163;0.061;38.364;37.132;134.381;135.933;134.752;28.222;27.556;1.615;0.180;0.085;51.103;187.036;128.971;27.134;6.199;0.881;0.000;1.552;0.000;18;34.941;130.938;1;0;0;0;0;0;0;0
6;1;1;1;0.000000;0.000000;1.000000;21244.107468;21244.160422;21244.304411;774893;24440;137230;19;1634;24440;26644;100.000;0.673;0.731;526.976;563.826;6.395;155704;146684;137230;0.205;0.116;0.071;2.171;1.583;0.451;45.784;44.131;143.938;143.989;142.378;31.797;30.995;1.405;0.238;0.137;52.954;196.943;138.011;34.317;0.984;0.888;0.000;0.051;0.000;18;42.030;140.155;2;0;0;0;0;0;0;0
7;1;1;1;0.000000;0.000000;1.000000;21244.143972;21244.196904;21244.333048;775949;25004;137590;19;1638;25004;27208;100.000;691.240;749.532;528.358;565.299;6.530;155769;147285;137590;0.206;0.118;0.073;2.236;1.403;0.084;32.382;30.907;136.099;136.144;134.707;23.785;22.944;1.450;0.281;0.108;52.933;189.077;133.315;36.482;3.149;1.029;0.000;0.045;0.001;19;28.744;132.425;1;0;0;0;0;0;0;0
8;1;1;1;0.000000;0.000000;1.000000;21244.175942;21244.230723;21244.360168;775463;26320;137746;20;1640;26320;28640;100.000;538.286;583.782;528.957;565.943;6.874;154945;147291;137746;0.188;0.108;0.066;2.273;1.297;0.077;30.767;29.404;129.417;129.445;128.126;23.768;22.949;1.604;0.217;0.092;54.781;184.226;127.101;33.819;0.485;0.995;0.000;0.027;0.000;12;27.197;125.823;2;0;0;0;0;0;0;0
9;1;1;1;0.000000;0.000000;1.000000;21244.209326;21244.268904;21244.402998;775698;26132;138024;20;1644;26132;28452;100.000;0.849;0.921;530.025;567.101;6.828;154624;147515;138024;0.196;0.109;0.067;2.414;1.095;0.294;46.396;45.234;134.068;134.095;132.984;34.599;34.015;1.631;0.181;0.232;59.577;193.672;136.598;38.181;4.847;1.236;0.000;0.026;0.000;10;42.886;130.534;4;0;0;0;0;0;0;0
10;1;1;1;0.000000;0.000000;1.000000;21244.242516;21244.299808;21244.434754;778020;25380;138278;20;1647;25380;27700;100.000;0.911;0.991;531.000;568.144;6.648;153992;146840;138278;0.202;0.112;0.069;2.393;1.164;0.067;35.250;34.017;134.915;134.946;133.756;26.121;25.432;1.632;0.283;0.096;57.292;192.238;135.021;30.905;2.429;1.310;0.000;0.031;0.000;15;31.693;131.328;3;0;0;0;0;0;0;0
11;1;1;1;0.000000;0.000000;1.000000;21244.273775;21244.327801;21244.462807;778554;24064;139114;19;1657;24064;26268;100.000;0.585;0.636;534.210;571.580;6.304;154581;147771;139114;0.187;0.109;0.066;2.286;1.698;0.486;31.610;29.846;134.965;135.006;133.286;23.414;22.393;1.613;0.206;0.107;54.026;189.032;129.740;27.993;5.341;1.562;0.000;0.041;0.000;19;27.625;130.958;2;0;0;0;0;0;0;0
12;1;1;1;0.000000;0.000000;1.000000;21244.307888;21244.369123;21244.503569;779986;25756;140496;20;1673;25756;28076;100.000;0.793;0.862;539.517;577.248;6.738;155588;149026;140496;0.201;0.109;0.065;2.442;0.991;0.055;44.745;43.690;134.402;134.446;133.435;33.281;32.743;1.765;0.187;0.115;61.236;195.681;137.169;41.322;7.989;1.964;0.000;0.044;0.000;19;41.313;130.948;2;0;0;0;0;0;0;0
13;1;1;1;0.000000;0.000000;1.000000;21244.342698;21244.401753;21244.536131;780926;25944;142868;20;1701;25944;28264;100.000;0.923;1.002;548.626;586.988;6.783;157785;151108;142868;0.192;0.110;0.068;2.864;0.911;0.054;35.995;35.016;134.368;134.378;133.450;26.786;26.239;1.440;0.186;0.868;59.055;193.433;136.397;32.630;0.704;1.885;0.000;0.010;0.000;14;32.220;130.575;4;0;0;0;0;0;0;0
14;1;1;1;0.000000;0.000000;1.000000;21244.373804;21244.429990;21244.570520;782770;26696;144928;21;1726;26696;29132;100.000;0.653;0.710;556.536;595.462;6.992;159421;153009;144928;0.197;0.112;0.068;2.669;1.402;0.438;38.149;36.679;140.477;140.530;139.098;27.146;26.369;1.554;0.192;0.546;56.186;196.716;137.453;28.237;5.097;2.086;0.000;0.054;0.000;20;34.078;136.374;2;0;0;0;0;0;0;0
15;1;1;1;0.000000;0.000000;1.000000;21244.407375;21244.471086;21244.598056;784474;27072;146044;21;1739;27072;29508;100.000;0.835;0.907;560.821;600.041;7.082;159965;153314;146044;0.185;0.106;0.065;2.009;1.078;0.064;31.610;30.467;126.926;126.970;125.866;24.895;24.206;1.377;0.192;0.084;63.711;190.681;131.656;41.097;7.763;2.441;0.000;0.044;0.000;20;28.522;123.811;2;0;0;0;0;0;0;0
16;1;1;1;0.000000;0.000000;1.000000;21244.442818;21244.503704;21244.635142;785193;131600;145822;100;1736;131600;143200;100.000;128.215;139.424;559.969;599.121;34.368;177968;156948;145822;0.189;0.110;0.069;2.178;2.057;0.472;40.148;38.022;131.379;131.438;129.334;30.545;29.399;1.420;0.279;0.112;60.886;192.324;135.408;32.617;0.716;2.333;0.000;0.060;0.000;30;35.913;127.095;4;0;0;0;0;0;0;0
17;1;1;1;0.000000;0.000000;1.000000;21244.473870;21244.535067;21244.670692;782720;28952;144126;22;1716;28952;31504;100.000;712.258;772.692;553.456;592.157;7.561;169127;155796;144126;1.150;0.106;0.067;4.204;1.057;0.057;39.803;38.680;135.591;135.625;134.543;29.348;28.749;1.603;0.189;1.089;61.198;196.823;137.626;31.364;1.970;2.310;0.000;0.034;0.001;19;34.543;130.304;2;0;0;0;0;0;0;0
18;1;1;1;0.000000;0.000000;1.000000;21244.507159;21244.563744;21244.704115;781613;23124;141930;18;1690;23124;25212;100.000;0.602;0.654;545.024;583.138;6.051;164376;152343;141930;0.200;0.109;0.063;2.993;1.098;0.057;38.679;37.518;140.326;140.372;139.249;27.555;26.943;1.666;0.188;0.767;56.585;196.957;137.715;28.676;4.657;2.457;0.000;0.046;0.000;13;34.588;136.208;4;0;0;0;0;0;0;0
19;1;1;1;0.000000;0.000000;1.000000;21244.540609;21244.602333;21244.735385;780006;22372;139740;17;1664;22372;24344;100.000;713.309;773.143;536.614;574.141;5.843;160684;150225;139740;0.233;0.108;0.067;2.291;1.629;0.685;35.348;33.653;133.036;133.052;131.397;26.567;25.612;1.458;0.286;0.140;61.724;194.776;135.651;38.589;5.256;2.632;0.000;0.016;0.000;13;31.429;129.081;2;0;0;0;0;0;0;0
20;1;1;1;0.000000;0.000000;1.000000;21244.574514;21244.637188;21244.769766;780302;22748;138346;18;1647;22748;24836;100.000;0.708;0.770;531.261;568.405;5.961;157894;148300;138346;0.199;0.106;0.066;2.591;1.003;0.062;38.307;37.238;132.555;132.578;131.558;28.894;28.305;1.548;0.181;0.491;62.674;195.253;136.700;34.855;1.522;2.562;0.000;0.024;0.000;12;34.713;128.942;3;0;0;0;0;0;0;0
21;1;1;1;0.000000;0.087266;1.000000;21244.607144;21244.669456;21244.804916;779066;24816;137844;19;1641;24816;27020;100.000;0.747;0.810;529.333;566.342;6.485;156303;147479;137844;1.271;0.111;0.067;4.356;1.288;0.375;38.741;37.387;135.443;135.460;134.156;28.600;27.868;1.678;0.179;1.051;62.312;197.772;138.516;32.268;1.065;2.469;17.132;0.017;0.001;12;33.097;129.781;4;0;0;0;0;0;0;0
22;1;1;1;0.000000;0.087266;1.000000;21244.640937;21244.702855;21244.829977;778280;24816;138092;19;1644;24816;27020;100.000;0.726;0.788;530.286;567.362;6.485;156434;148303;138092;0.178;0.105;0.063;2.112;1.077;0.065;30.691;29.550;127.082;127.122;126.018;24.143;23.449;1.482;0.182;0.100;61.918;189.040;130.243;33.399;0.066;2.319;0.000;0.039;0.000;18;27.502;123.865;2;0;0;0;0;0;0;0
23;1;1;1;0.000000;0.087266;1.000000;21244.673958;21244.737179;21244.868039;778907;25944;138240;20;1646;25944;28264;100.000;0.829;0.900;530.854;567.975;6.783;155826;148511;138240;0.197;0.109;0.065;2.418;1.420;0.421;41.247;39.763;130.837;130.860;129.415;31.520;30.725;1.674;0.254;0.121;63.221;194.081;134.972;34.323;0.990;2.236;0.000;0.023;0.001;10;37.410;126.971;3;0;0;0;0;0;0;0
24;1;1;1;0.000000;0.087266;1.000000;21244.707545;21244.768607;21244.903649;779289;23876;138556;19;1650;23876;26080;100.000;0.835;0.909;532.068;569.279;6.259;155133;147900;138556;0.235;0.109;0.067;2.836;0.782;0.049;39.453;38.604;135.021;135.043;134.244;29.215;28.757;1.836;0.178;0.412;61.062;196.105;137.249;31.428;1.905;2.215;0.000;0.021;0.000;9;35.835;131.386;4;0;0;0;0;0;0;0
25;1;1;1;0.000000;0.087266;1.000000;21244.740436;21244.797338;21244.934570;779739;25004;138952;19;1655;25004;27208;100.000;734.012;795.911;533.588;570.912;6.530;154951;148061;138952;0.197;0.112;0.070;2.395;1.243;0.082;34.518;33.205;137.191;137.233;135.955;25.153;24.424;1.641;0.270;0.106;56.902;194.135;134.837;28.731;4.602;2.364;0.000;0.042;0.000;19;30.880;133.517;1;0;0;0;0;0;0;0
26;1;1;1;0.000000;0.087266;1.000000;21244.773832;21244.835846;21244.963958;779364;26320;139454;20;1661;26320;28640;100.000;614.182;666.092;535.516;572.976;6.874;155091;148214;139454;0.182;0.104;0.065;2.442;1.398;0.337;33.034;31.572;128.085;128.112;126.692;25.786;24.920;1.805;0.185;0.102;62.014;190.126;130.891;38.508;5.175;2.540;0.000;0.026;0.000;12;29.194;124.221;2;0;0;0;0;0;0;0
27;1;1;1;0.000000;0.087266;1.000000;21244.808520;21244.869275;21245.002956;780025;26508;140520;21;1673;26508;28944;100.000;0.807;0.879;539.609;577.340;6.947;155666;148911;140520;0.197;0.110;0.067;2.461;1.227;0.059;42.835;41.541;133.647;133.682;132.432;32.042;31.368;1.626;0.184;0.277;60.755;194.437;136.556;33.429;0.096;2.387;0.000;0.034;0.000;19;39.147;129.936;2;0;0;0;0;0;0;0
28;1;1;1;0.000000;0.087266;1.000000;21244.840437;21244.902262;21245.037167;780373;26884;141820;21;1689;26884;29320;100.000;0.952;1.035;544.601;582.693;7.037;156450;150058;141820;0.192;0.106;0.066;2.659;1.422;0.466;37.903;36.416;134.896;134.906;133.469;28.096;27.284;1.598;0.185;0.512;61.825;196.731;137.434;32.987;0.347;2.260;0.000;0.010;0.000;15;33.822;130.799;3;0;0;0;0;0;0;0
29;1;1;1;0.000000;0.087266;1.000000;21244.873902;21244.930638;21245.068062;781651;27824;143812;22;1713;27824;30376;100.000;0.695;0.756;552.251;590.883;7.290;158178;151821;143812;0.227;0.109;0.067;2.255;0.981;0.059;34.954;33.907;137.400;137.424;136.423;25.435;24.854;1.469;0.259;0.124;56.735;194.159;134.995;28.376;4.957;2.428;0.000;0.024;0.001;15;31.718;134.130;3;0;0;0;0;0;0;0
30;1;1;1;0.000000;0.087266;1.000000;21244.907342;21244.970886;21245.104793;781375;26320;144756;20;1724;26320;28640;100.000;0.836;0.906;555.876;594.756;6.874;158959;152458;144756;0.227;0.106;0.066;3.328;1.239;0.065;39.965;38.661;133.859;133.906;132.651;29.846;29.145;1.374;0.189;1.366;63.545;197.451;138.393;40.249;6.916;2.709;0.000;0.047;0.000;19;35.398;129.273;2;0;0;0;0;0;0;0
31;1;1;1;0.000000;0.087266;1.000000;21244.942823;21245.002599;21245.134525;784392;130848;143948;100;1714;130848;142448;100.000;3.974;4.323;552.773;591.428;34.188;176776;155937;143948;0.241;0.117;0.069;2.262;1.578;0.622;34.285;32.638;131.892;131.926;130.319;25.988;25.045;1.439;0.295;0.101;59.776;191.702;134.792;31.713;1.620;2.641;0.000;0.034;0.000;89;30.445;128.022;7;0;0;0;0;0;0;0
32;1;1;1;0.000000;0.087266;1.000000;21244.973540;21245.035595;21245.160748;782671;28952;141972;22;1691;28952;31504;100.000;642.495;697.009;545.185;583.321;7.561;167802;154013;141972;0.184;0.104;0.065;2.337;1.439;0.079;30.058;28.554;125.133;125.152;123.683;24.017;23.087;1.644;0.217;0.122;62.055;187.207;127.681;32.996;0.338;2.497;0.000;0.020;0.000;10;26.282;121.325;3;0;0;0;0;0;0;0
33;1;1;1;0.000000;0.087266;1.000000;21245.007081;21245.069721;21245.203331;776999;23688;139814;18;1665;23688;25776;100.000;0.747;0.810;536.898;574.448;6.186;162473;151153;139814;0.187;0.108;0.066;2.329;1.035;0.307;46.370;45.270;133.584;133.610;132.559;34.706;34.151;1.681;0.183;0.104;62.641;196.251;136.931;34.126;0.793;2.390;0.000;0.026;0.000;9;43.007;130.202;3;0;0;0;0;0;0;0
34;1;1;1;0.000000;0.087266;1.000000;21245.040360;21245.101598;21245.234713;778650;22936;137648;18;1639;22936;25024;100.000;0.837;0.910;528.581;565.544;6.006;157983;147475;137648;0.194;0.108;0.068;2.372;1.143;0.064;34.723;33.512;133.106;133.115;131.937;26.085;25.400;1.635;0.272;0.096;61.238;194.353;134.980;31.877;1.457;2.332;0.000;0.009;0.000;13;31.208;129.553;3;0;0;0;0;0;0;0
35;1;1;1;0.000000;0.087266;1.000000;21245.073723;21245.129115;21245.265767;778007;22936;137154;18;1633;22936;25024;100.000;0.567;0.616;526.684;563.512;6.006;156457;146475;137154;0.180;0.104;0.065;2.539;1.244;0.069;34.577;33.268;136.592;136.652;135.385;25.303;24.573;1.385;0.304;0.501;55.392;192.044;132.700;27.517;5.816;2.550;0.000;0.061;0.000;18;30.794;132.783;2;0;0;0;0;0;0;0
36;1;1;1;0.000000;0.087266;1.000000;21245.107639;21245.169788;21245.304870;776483;25192;138046;20;1644;25192;27512;100.000;0.782;0.851;530.109;567.185;6.603;155937;147008;138046;0.193;0.102;0.063;4.525;1.567;0.410;42.877;41.247;135.061;135.081;133.487;31.742;30.900;1.652;0.800;1.713;62.149;197.231;138.470;40.673;7.340;2.849;0.000;0.020;0.000;11;36.786;128.939;3;0;0;0;0;0;0;0
37;1;1;1;0.000000;0.087266;1.000000;21245.142603;21245.202159;21245.337990;781287;26132;139346;20;1659;26132;28452;100.000;0.932;1.011;535.101;572.516;6.828;157460;149487;139346;0.615;0.108;0.065;3.300;1.406;0.076;39.208;37.738;135.811;135.831;134.398;28.865;28.079;1.426;0.209;0.878;59.555;195.387;138.257;32.370;0.963;2.731;0.000;0.021;0.000;12;34.503;131.076;4;0;0;0;0;0;0;0
38;1;1;1;0.000000;0.087266;1.000000;21245.173823;21245.230347;21245.369297;780329;27636;141098;21;1680;27636;30072;100.000;405.074;439.381;541.829;579.717;7.217;157637;150141;141098;0.232;0.110;0.066;2.320;1.535;0.377;36.002;34.401;138.930;138.950;137.382;25.910;25.041;1.415;0.259;0.238;56.524;195.474;136.230;28.188;5.145;2.882;0.000;0.019;0.000;9;32.147;135.039;4;0;0;0;0;0;0;0
39;1;1;1;0.000000;0.087266;1.000000;21245.207259;21245.270242;21245.403459;780785;28952;142238;22;1694;28952;31504;100.000;0.864;0.938;546.206;584.411;7.561;158178;150818;142238;0.187;0.109;0.066;2.727;0.955;0.055;38.022;37.001;133.194;133.217;132.244;28.541;27.979;1.542;0.187;0.637;62.983;196.200;137.059;39.895;6.561;3.112;0.000;0.023;0.000;16;34.340;129.486;4;0;0;0;0;0;0;0
40;1;1;1;0.000000;0.087266;1.000000;21245.242832;21245.303861;21245.437902;785430;29892;143844;23;1713;29892;32560;100.000;0.922;1.002;552.373;591.006;7.814;159340;152098;143844;0.198;0.109;0.066;2.388;1.559;0.544;38.114;36.489;133.992;134.041;132.456;28.434;27.548;1.751;0.188;0.077;61.028;195.069;138.168;33.619;0.285;2.935;0.000;0.049;0.000;22;34.167;130.018;2;0;0;0;0;0;0;0
41;1;1;1;0.000000;0.087266;1.000000;21245.273800;21245.336391;21245.465982;789479;31020;146416;24;1744;31020;33804;100.000;0.899;0.977;562.250;601.582;8.113;161458;154259;146416;0.184;0.108;0.066;2.007;1.640;0.093;32.025;30.320;129.543;129.591;127.926;24.713;23.701;1.376;0.192;0.081;62.592;192.182;132.915;32.531;0.803;2.802;0.000;0.047;0.000;19;28.378;125.870;4;0;0;0;0;0;0;0
42;1;1;1;0.000000;0.087266;1.000000;21245.307428;21245.371056;21245.504076;789348;31772;148106;25;1764;31772;34672;100.000;1.019;1.109;568.740;608.523;8.321;163190;156459;148106;0.201;0.106;0.067;3.059;1.231;0.066;41.737;40.439;132.999;133.020;131.763;31.376;30.691;1.698;0.198;0.788;63.628;196.649;137.676;34.665;1.331;2.710;0.000;0.021;0.000;15;37.447;128.681;3;0;0;0;0;0;0;0
43;1;1;1;0.000000;0.087266;1.000000;21245.341010;21245.402347;21245.535554;792714;31960;149298;25;1778;31960;34860;100.000;1.127;1.226;573.317;613.416;8.366;164183;157597;149298;0.192;0.110;0.069;2.195;1.369;0.336;35.768;34.330;133.177;133.207;131.815;26.852;26.044;1.434;0.286;0.104;61.337;194.544;135.821;31.291;2.042;2.668;0.000;0.031;0.000;16;32.204;129.588;3;0;0;0;0;0;0;0
44;1;1;1;-0.087266;0.087266;1.000000;21245.373674;21245.430847;21245.569390;790865;31960;150365;25;1791;31960;34860;100.000;0.832;0.905;577.414;617.807;8.366;165393;158411;150365;0.192;0.110;0.068;2.400;1.115;0.062;37.403;36.221;135.982;138.543;137.413;26.998;26.359;1.657;0.196;0.177;57.173;195.716;136.323;28.499;4.834;2.804;10.673;2.561;0.000;25;33.889;132.450;2;0;0;0;0;0;0;0
45;1;1;1;-0.087266;0.087266;1.000000;21245.407696;21245.469437;21245.602435;787976;32336;151606;25;1805;32336;35236;100.000;0.977;1.062;582.180;622.888;8.457;166115;159428;151606;0.202;0.115;0.071;2.483;1.574;0.448;36.536;34.891;132.949;132.998;131.388;27.471;26.556;1.663;0.311;0.121;61.740;194.738;136.035;38.590;5.257;2.957;0.000;0.049;0.001;22;32.479;128.854;4;0;0;0;0;0;0;0
46;1;1;1;-0.087266;0.087266;1.000000;21245.440874;21245.502652;21245.629635;789717;145888;151650;111;1806;145888;158764;100.000;4.261;4.634;582.348;623.079;38.103;188890;165163;151650;0.183;0.110;0.067;2.336;1.395;0.077;31.259;29.797;126.879;126.983;125.558;24.617;23.732;1.601;0.248;0.128;61.778;188.761;129.901;33.215;0.119;2.780;0.000;0.104;0.000;47;27.528;123.117;8;0;0;0;0;0;0;0
47;1;1;1;-0.087266;0.087266;1.000000;21245.473843;21245.536970;21245.670160;784950;29704;150558;23;1793;29704;32372;100.000;0.958;1.041;578.155;618.593;7.769;179115;163191;150558;0.748;0.112;0.068;3.301;0.985;0.088;44.265;43.213;133.172;133.190;132.188;33.235;32.690;1.402;0.197;0.776;63.127;196.317;137.093;34.319;0.985;2.667;0.000;0.018;0.000;15;39.979;128.868;3;0;0;0;0;0;0;0
48;1;1;1;-0.087266;0.087266;1.000000;21245.507256;21245.568107;21245.701657;781130;24440;148538;19;1769;24440;26644;100.000;0.845;0.918;570.398;610.295;6.395;174491;161518;148538;0.237;0.116;0.072;2.280;1.683;0.674;35.759;34.005;133.523;133.551;131.830;26.776;25.794;1.452;0.295;0.108;60.850;194.401;135.257;31.137;2.197;2.638;0.000;0.028;0.000;12;31.797;129.522;3;0;0;0;0;0;0;0
49;1;1;1;-0.087266;0.087266;1.000000;21245.540500;21245.597182;21245.728162;780468;24628;147276;19;1754;24628;26832;100.000;0.618;0.671;565.552;605.110;6.440;169683;158314;147276;0.183;0.106;0.067;2.406;1.527;0.091;30.464;28.870;130.886;130.980;129.425;23.258;22.306;1.698;0.234;0.118;56.682;187.662;128.428;29.075;4.258;2.739;0.000;0.094;0.001;18;26.531;126.914;2;0;0;0;0;0;0;0
50;1;1;1;-0.087266;0.087266;1.000000;21245.574049;21245.637213;21245.773105;783376;25004;146748;19;1747;25004;27208;100.000;708.343;768.077;563.525;602.925;6.530;166714;156688;146748;0.195;0.103;0.066;4.513;2.006;0.521;48.872;46.801;135.880;135.892;133.860;35.964;34.962;1.627;1.218;1.305;63.164;199.056;140.039;40.031;6.698;2.987;0.000;0.013;0.001;14;42.353;129.332;3;0;0;0;0;0;0;0
51;1;1;1;-0.087266;0.087266;1.000000;21245.609000;21245.669041;21245.804188;787237;29328;145970;23;1738;29328;31996;100.000;1.037;1.128;560.537;599.734;7.679;163927;154647;145970;0.192;0.111;0.068;2.494;1.146;0.066;37.606;36.392;135.105;135.147;133.983;27.826;27.162;1.616;0.191;0.317;60.040;195.187;137.788;31.828;1.506;2.894;0.000;0.042;0.000;22;33.966;131.445;2;0;0;0;0;0;0;0
52;1;1;1;-0.087266;0.087266;1.000000;21245.640388;21245.697436;21245.839455;787734;31208;147302;24;1754;31208;33992;100.000;0.785;0.853;565.652;605.210;8.158;163921;154970;147302;0.232;0.112;0.070;2.922;1.554;0.454;38.896;37.272;141.974;142.019;140.446;27.388;26.539;1.860;0.194;0.454;57.048;199.067;139.722;28.395;4.938;3.022;0.000;0.045;0.000;17;34.420;137.477;3;0;0;0;0;0;0;0
53;1;1;1;-0.087266;0.087266;1.000000;21245.674203;21245.737370;21245.869912;787059;31396;148046;24;1763;31396;34180;100.000;0.920;0.999;568.509;608.270;8.203;163880;155377;148046;0.188;0.112;0.070;2.423;1.116;0.062;34.922;33.737;132.519;132.542;131.399;26.348;25.675;1.661;0.277;0.114;63.167;195.709;136.846;39.934;6.601;3.246;0.000;0.023;0.001;19;31.383;128.951;3;0;0;0;0;0;0;0
54;1;1;1;-0.087266;0.087266;1.000000;21245.709141;21245.771711;21245.904039;786051;30832;148712;24;1771;30832;33616;100.000;0.967;1.052;571.067;611.008;8.068;163752;156015;148712;0.195;0.112;0.070;2.784;1.707;0.412;37.670;35.893;132.289;132.328;130.602;28.467;27.482;1.571;0.219;0.618;62.570;194.898;137.638;34.340;1.007;3.106;0.000;0.039;0.000;12;33.178;127.778;3;0;0;0;0;0;0;0
55;1;1;1;-0.087266;0.087266;1.000000;21245.740513;21245.803785;21245.934351;796213;30080;148706;23;1771;30080;32748;100.000;0.906;0.984;571.044;610.985;7.860;163350;156198;148706;0.190;0.111;0.070;2.223;1.516;0.088;34.786;33.200;130.523;130.566;129.016;26.642;25.733;1.443;0.298;0.112;63.273;193.838;134.617;32.075;1.259;2.990;0.000;0.043;0.000;15;31.047;126.749;3;0;0;0;0;0;0;0
56;1;1;1;-0.087266;0.087266;1.000000;21245.774055;21245.837123;21245.970570;790191;29892;148654;23;1770;29892;32560;100.000;0.874;0.949;570.844;610.763;7.814;162711;155789;148654;0.189;0.111;0.068;4.583;1.150;0.064;39.964;38.747;133.421;133.447;132.274;29.947;29.293;1.709;1.213;1.294;63.067;196.515;137.503;33.337;0.004;2.804;0.000;0.027;0.000;11;34.231;127.662;4;0;0;0;0;0;0;0
57;1;1;1;-0.087266;0.087266;1.000000;21245.807287;21245.871516;21246.005001;798808;30832;148762;24;1771;30832;33616;100.000;1.015;1.103;571.259;611.200;8.068;162756;155654;148762;0.197;0.110;0.068;2.940;1.709;0.472;40.163;38.387;133.475;133.486;131.757;30.088;29.135;1.417;0.195;0.953;64.229;197.715;138.601;34.393;1.060;2.695;0.000;0.011;0.000;14;35.515;128.805;6;0;0;0;0;0;0;0
58;1;1;1;-0.087266;0.087266;1.000000;21245.841092;21245.902025;21246.035360;797924;30644;149280;24;1778;30644;33428;100.000;0.887;0.964;573.248;613.347;8.023;163186;156181;149280;0.193;0.113;0.072;2.420;1.161;0.062;34.997;33.764;133.263;133.335;132.147;26.248;25.551;1.713;0.219;0.110;60.933;194.268;135.627;30.510;2.823;2.703;0.000;0.072;0.001;22;31.416;129.654;3;0;0;0;0;0;0;0
59;1;1;1;-0.087266;0.087266;1.000000;21245.873602;21245.936739;21246.072217;794477;30644;149798;24;1784;30644;33428;100.000;0.929;1.010;575.237;615.471;8.023;163385;156786;149798;0.185;0.108;0.068;3.304;1.558;0.443;40.433;38.808;135.429;135.478;133.893;29.844;28.984;1.386;0.198;1.360;63.136;198.614;139.150;34.713;1.380;2.620;0.000;0.049;0.000;23;35.571;130.538;2;0;0;0;0;0;0;0
60;1;1;1;-0.087266;0.087266;1.000000;21245.907803;21245.969931;21246.101342;789053;30456;150698;24;1795;30456;33240;100.000;0.921;1.003;578.693;619.176;7.978;164074;157604;150698;0.192;0.113;0.072;2.252;1.515;0.086;33.978;32.391;131.381;131.410;129.866;25.857;24.942;1.466;0.292;0.118;62.129;193.539;134.942;33.193;0.141;2.465;0.000;0.029;0.000;15;30.211;127.579;4;0;0;0;0;0;0;0
61;1;1;1;-0.087266;0.087266;1.000000;21245.940484;21246.003132;21246.127723;783874;143444;149328;109;1778;143444;156088;100.000;74.939;81.495;573.432;613.531;37.461;186216;162709;149328;0.181;0.106;0.067;2.266;1.336;0.101;30.151;28.749;124.571;124.590;123.232;24.200;23.329;1.624;0.198;0.090;62.648;187.238;127.989;33.201;0.133;2.319;0.000;0.019;0.000;40;26.549;120.944;5;0;0;0;0;0;0;0
62;1;1;1;-0.087266;0.087266;1.000000;21245.974287;21246.036772;21246.171211;782785;28764;146986;22;1750;28764;31316;100.000;0.905;0.983;564.439;603.906;7.516;175815;160583;146986;0.181;0.103;0.066;4.562;1.404;0.423;47.090;45.620;134.418;134.439;133.015;35.027;34.297;1.688;1.216;1.308;62.485;196.924;138.144;33.640;0.307;2.193;0.000;0.021;0.000;8;41.124;128.431;6;0;0;0;0;0;0;0
63;1;1;1;-0.087266;0.087266;1.000000;21246.007419;21246.068688;21246.204933;782791;23124;145010;18;1727;23124;25212;100.000;0.811;0.881;556.851;595.800;6.051;170291;157298;145010;0.223;0.104;0.065;4.576;1.339;0.071;39.684;38.280;136.217;136.245;134.887;29.127;28.379;1.671;1.209;1.305;61.269;197.514;138.533;31.916;1.418;2.145;0.000;0.029;0.001;12;33.768;130.280;4;0;0;0;0;0;0;0
64;1;1;1;-0.087266;0.087266;1.000000;21246.040433;21246.097352;21246.239344;782127;22184;143356;17;1707;22184;24156;100.000;0.568;0.616;550.500;588.997;5.797;165344;154096;143356;0.186;0.108;0.066;3.277;1.492;0.478;40.318;38.761;141.945;141.991;140.478;28.395;27.592;1.368;0.189;1.362;56.920;198.911;139.610;28.665;4.669;2.303;0.000;0.046;0.000;16;35.550;137.153;2;0;0;0;0;0;0;0
65;1;1;1;-0.087266;0.087266;1.000000;21246.074127;21246.136624;21246.268065;785507;22748;142428;18;1696;22748;24836;100.000;0.681;0.740;546.936;585.185;5.961;163252;152956;142428;0.238;0.111;0.068;2.440;1.185;0.070;33.477;32.225;131.425;131.441;130.225;25.469;24.745;1.660;0.270;0.092;62.496;193.938;134.998;39.271;5.938;2.530;0.000;0.017;0.000;10;29.853;127.768;3;0;0;0;0;0;0;0
66;1;1;1;-0.087266;0.087266;1.000000;21246.109271;21246.170280;21246.304209;789017;24252;142296;19;1694;24252;26456;100.000;0.722;0.784;546.429;584.633;6.349;161198;152083;142296;0.188;0.103;0.065;4.517;1.439;0.361;39.776;38.272;133.906;133.929;132.470;29.699;28.891;1.651;1.210;1.299;61.009;194.937;137.808;33.656;0.323;2.392;0.000;0.023;0.000;10;33.820;127.928;4;0;0;0;0;0;0;0
67;1;1;1;0.000000;0.087266;1.000000;21246.140307;21246.204136;21246.335103;789641;25756;142550;20;1698;25756;28076;100.000;0.814;0.884;547.404;585.699;6.738;160522;151758;142550;0.187;0.109;0.068;2.449;1.097;0.063;36.841;35.677;130.933;130.966;129.845;28.130;27.476;1.722;0.260;0.103;63.829;194.796;135.369;33.856;0.523;2.275;15.532;0.033;0.000;11;33.296;127.362;4;0;0;0;0;0;0;0
68;1;1;1;0.000000;0.087266;1.000000;21246.173895;21246.235935;21246.370925;784718;26320;142638;20;1699;26320;28640;100.000;689.684;747.976;547.742;586.059;6.874;160295;152025;142638;0.213;0.104;0.065;4.527;1.273;0.072;39.353;38.015;134.967;134.990;133.683;29.153;28.437;1.641;1.207;1.297;62.040;197.030;137.858;31.799;1.535;2.229;0.000;0.023;0.001;15;33.553;129.130;2;0;0;0;0;0;0;0
69;1;1;1;0.000000;0.087266;1.000000;21246.207577;21246.270185;21246.404993;778159;27636;142942;21;1702;27636;30072;100.000;0.840;0.911;548.910;587.294;7.217;159855;152234;142942;0.173;0.104;0.065;2.432;1.700;0.458;39.871;38.106;134.769;134.808;133.080;29.576;28.634;1.821;0.195;0.074;62.609;197.417;138.593;34.251;0.917;2.147;0.000;0.039;0.000;20;35.739;130.608;2;0;0;0;0;0;0;0
70;1;1;1;0.000000;0.087266;1.000000;21246.240802;21246.303282;21246.435021;776327;28200;143886;22;1713;28200;30752;100.000;0.848;0.922;552.535;591.168;7.380;160051;152700;143886;0.188;0.109;0.069;2.218;1.637;0.098;34.139;32.434;131.689;131.739;130.068;25.914;24.936;1.451;0.278;0.123;62.479;194.219;135.287;33.096;0.237;2.028;0.000;0.051;0.000;21;30.284;127.787;2;0;0;0;0;0;0;0
71;1;1;1;0.000000;0.087266;1.000000;21246.273918;21246.336700;21246.471075;786883;29704;145096;23;1728;29704;32372;100.000;0.893;0.970;557.181;596.152;7.769;161076;153849;145096;1.163;0.109;0.067;4.188;1.359;0.392;39.922;38.497;134.346;134.375;132.998;29.709;28.945;1.590;0.189;1.071;62.782;197.157;138.008;33.419;0.085;1.906;0.000;0.029;0.000;11;34.375;128.779;4;0;0;0;0;0;0;0
72;1;1;1;0.000000;0.087266;1.000000;21246.307229;21246.370194;21246.506449;787146;28764;146492;22;1744;28764;31316;100.000;0.889;0.965;562.542;601.874;7.516;162283;155307;146492;0.182;0.108;0.066;3.068;1.372;0.077;40.905;39.468;136.236;136.255;134.853;30.021;29.267;1.405;0.201;1.108;62.965;199.220;140.049;33.494;0.160;1.797;0.000;0.019;0.000;14;36.465;131.764;4;0;0;0;0;0;0;0
73;1;1;1;0.000000;0.087266;1.000000;21246.340381;21246.402680;21246.535752;781047;28576;148748;22;1771;28576;31128;100.000;0.827;0.898;571.205;611.146;7.471;164122;157099;148748;0.191;0.109;0.069;2.251;1.701;0.400;33.746;31.976;133.048;133.072;131.347;25.359;24.345;1.484;0.301;0.098;62.299;195.371;136.019;32.486;0.847;1.738;0.000;0.025;0.000;11;29.794;129.070;4;0;0;0;0;0;0;0
74;1;1;1;0.000000;0.087266;1.000000;21246.374030;21246.437421;21246.569998;782459;29704;150270;23;1789;29704;32372;100.000;0.928;1.009;577.049;617.397;7.769;165082;157991;150270;0.196;0.112;0.070;2.864;1.007;0.062;38.199;37.123;132.550;132.576;131.550;28.813;28.220;1.432;0.195;0.859;63.391;195.967;136.931;34.742;1.408;1.717;0.000;0.026;0.000;14;34.328;128.658;3;0;0;0;0;0;0;0
75;1;1;1;0.000000;0.087266;1.000000;21246.407671;21246.469550;21246.605950;781579;29892;150762;23;1795;29892;32560;100.000;0.895;0.972;578.939;619.421;7.814;165182;158292;150762;0.255;0.108;0.067;4.718;1.482;0.082;39.804;38.256;136.364;136.400;134.882;29.182;28.362;1.747;1.224;1.317;61.879;198.279;139.550;32.128;1.205;1.685;0.000;0.037;0.001;22;33.604;130.126;2;0;0;0;0;0;0;0
76;1;1;1;0.000000;0.087266;1.000000;21246.440327;21246.503113;21246.631916;784181;144196;151052;110;1799;144196;156956;100.000;4.195;4.563;580.052;620.625;37.669;189415;164593;151052;0.183;0.108;0.067;2.011;1.485;0.387;32.179;30.627;128.781;128.803;127.298;24.983;24.060;1.386;0.197;0.071;62.786;191.589;132.182;33.563;0.230;1.594;0.000;0.022;0.000;89;28.683;125.263;5;0;0;0;0;0;0;0
77;1;1;1;0.000000;0.087266;1.000000;21246.473912;21246.537578;21246.671468;782861;27636;150492;21;1792;27636;30072;100.000;776.007;841.729;577.902;618.317;7.217;180202;164530;150492;0.183;0.106;0.068;3.031;1.217;0.071;43.044;41.759;133.846;133.890;132.652;32.149;31.480;1.374;0.197;1.102;63.667;197.556;138.401;34.465;1.132;1.565;0.000;0.043;0.000;21;38.795;129.576;1;0;0;0;0;0;0;0
78;1;1;1;0.000000;0.087266;1.000000;21246.507921;21246.568810;21246.700960;779451;21432;148910;17;1773;21432;23404;100.000;0.751;0.817;571.827;611.813;5.617;175441;161758;148910;0.242;0.114;0.070;2.277;1.771;0.513;33.733;31.892;132.132;132.150;130.354;25.526;24.466;1.445;0.318;0.089;60.888;193.038;134.559;31.231;2.102;1.599;0.000;0.018;0.000;6;29.685;128.058;4;0;0;0;0;0;0;0
79;1;1;1;0.000000;0.087266;1.000000;21246.540199;21246.597511;21246.727289;784719;22184;147042;17;1751;22184;24156;100.000;0.563;0.611;564.654;604.144;5.797;169371;157957;147042;0.185;0.105;0.066;2.328;1.464;0.093;30.374;28.845;129.737;129.778;128.291;23.405;22.484;1.640;0.224;0.108;57.312;187.091;127.556;28.702;4.632;1.788;0.000;0.041;0.000;16;26.583;125.919;2;0;0;0;0;0;0;0
80;1;1;1;0.000000;0.087266;1.000000;21246.574150;21246.637110;21246.770148;780701;24816;146382;19;1743;24816;27020;100.000;0.799;0.867;562.119;601.429;6.485;166138;155937;146382;0.231;0.110;0.067;2.535;1.413;0.434;46.641;45.161;132.993;133.038;131.602;35.058;34.316;1.614;0.191;0.323;62.960;195.998;137.081;39.599;6.266;2.068;0.000;0.045;0.000;18;42.693;129.014;2;0;0;0;0;0;0;0
81;1;1;1;0.000000;0.087266;1.000000;21246.608505;21246.668314;21246.801098;785754;27636;145442;21;1732;27636;30072;100.000;1.012;1.097;558.510;597.571;7.217;164406;154583;145442;0.199;0.113;0.070;2.524;1.338;0.087;34.890;33.483;132.761;132.783;131.418;26.276;25.478;1.752;0.277;0.114;59.810;192.593;134.698;31.204;2.129;2.072;0.000;0.022;0.000;12;31.029;128.871;4;0;0;0;0;0;0;0
82;1;1;1;0.000000;0.087266;1.000000;21246.640420;21246.695775;21246.828425;783308;28388;145720;22;1735;28388;30940;100.000;0.693;0.753;559.577;598.706;7.426;163785;154952;145720;0.183;0.106;0.065;2.270;1.474;0.081;31.178;29.639;132.604;132.650;131.140;23.504;22.601;1.591;0.221;0.105;55.355;188.005;128.692;27.461;5.873;2.310;0.000;0.046;0.000;21;27.433;128.822;2;0;0;0;0;0;0;0
83;1;1;1;0.000000;0.087266;1.000000;21246.673926;21246.736930;21246.869971;782737;27260;145846;21;1737;27260;29696;100.000;0.866;0.940;560.061;599.235;7.127;163373;155271;145846;0.191;0.105;0.067;2.397;1.317;0.376;45.306;43.923;131.716;133.041;131.707;34.055;33.349;1.785;0.190;0.059;63.005;196.046;136.904;41.155;7.822;2.654;0.000;1.325;0.000;21;41.592;127.984;2;0;0;0;0;0;0;0
84;1;1;1;0.000000;0.087266;1.000000;21246.709512;21246.768558;21246.905153;781874;28764;146012;22;1739;28764;31316;100.000;1.016;1.103;560.699;599.918;7.516;163145;155435;146012;0.221;0.109;0.066;3.315;0.938;0.051;38.890;37.887;136.561;136.594;135.637;28.471;27.932;1.390;0.196;1.334;59.046;195.641;138.753;31.628;1.705;2.595;0.000;0.033;0.000;11;34.637;132.287;3;0;0;0;0;0;0;0
85;1;1;1;0.087266;0.087266;1.000000;21246.740398;21246.796980;21246.935149;780545;25192;146308;20;1742;25192;27512;100.000;0.616;0.671;561.835;601.122;6.603;163210;155716;146308;0.198;0.112;0.069;2.397;1.525;0.360;34.244;32.650;138.129;138.169;136.622;24.784;23.898;1.622;0.302;0.096;56.582;194.751;135.416;28.421;4.912;2.740;4.750;0.041;0.000;19;30.321;134.182;2;0;0;0;0;0;0;0
86;1;1;1;0.087266;0.087266;1.000000;21246.773639;21246.838063;21246.962003;778343;27072;146104;21;1740;27072;29508;100.000;0.848;0.921;561.052;600.294;7.082;162519;155044;146104;0.182;0.108;0.066;2.368;1.488;0.088;30.773;29.220;123.899;123.940;122.431;24.829;23.866;1.690;0.210;0.113;64.424;188.364;128.936;41.083;7.750;3.053;0.000;0.041;0.000;20;26.917;120.019;2;0;0;0;0;0;0;0
87;1;1;1;0.087266;0.087266;1.000000;21246.809505;21246.870137;21247.005113;778458;26508;145634;21;1734;26508;28944;100.000;0.832;0.905;559.247;598.354;6.947;161670;154488;145634;0.183;0.109;0.067;3.158;1.389;0.469;46.966;45.511;134.940;134.976;133.571;34.796;34.072;1.389;0.190;1.220;60.632;195.608;138.713;32.074;1.260;2.941;0.000;0.036;0.000;13;42.419;130.375;3;0;0;0;0;0;0;0
88;1;1;1;0.087266;0.087266;1.000000;21246.840069;21246.902159;21247.035275;778592;28764;145652;22;1734;28764;31316;100.000;1.027;1.115;559.316;598.423;7.516;160963;154044;145652;0.196;0.110;0.069;2.218;1.478;0.083;34.689;33.143;133.104;133.115;131.605;26.060;25.183;1.456;0.293;0.095;62.090;195.206;135.541;32.022;1.311;2.839;0.000;0.011;0.001;18;30.994;129.375;3;0;0;0;0;0;0;0
89;1;1;1;0.087266;0.087266;1.000000;21246.873663;21246.930310;21247.065224;779952;29516;146464;23;1744;29516;32184;100.000;0.735;0.799;562.434;601.766;7.724;161089;153992;146464;0.182;0.108;0.066;2.025;1.159;0.066;33.651;32.427;134.871;134.915;133.733;24.943;24.247;1.386;0.198;0.086;56.647;191.562;132.158;28.150;5.183;2.985;0.000;0.044;0.000;17;30.468;131.663;3;0;0;0;0;0;0;0
90;1;1;1;0.087266;0.087266;1.000000;21246.907340;21246.970651;21247.103219;779674;29704;148650;23;1770;29704;32372;100.000;0.946;1.028;570.828;610.747;7.769;163114;156441;148650;0.190;0.110;0.068;2.780;1.439;0.435;41.172;39.666;132.509;132.568;131.111;31.058;30.254;1.471;0.198;0.743;63.311;195.879;136.819;40.341;7.008;3.237;0.000;0.060;0.000;22;36.954;128.263;2;0;0;0;0;0;0;0
91;1;1;1;0.087266;0.087266;1.000000;21246.942579;21247.002210;21247.135191;781083;142504;149974;109;1786;142504;155148;100.000;5.043;5.487;575.913;616.192;37.236;187045;162867;149974;0.200;0.115;0.070;2.662;1.594;0.087;36.167;34.504;132.958;132.981;131.348;27.197;26.269;1.838;0.321;0.120;59.631;192.612;135.458;31.559;1.774;3.145;0.000;0.023;0.000;85;31.911;128.662;4;0;0;0;0;0;0;0
92;1;1;1;0.087266;0.087266;1.000000;21246.973576;21247.030647;21247.162324;780537;27260;150044;21;1787;27260;29696;100.000;0.690;0.749;576.181;616.484;7.127;179165;162902;150044;0.179;0.108;0.066;2.342;1.887;0.528;31.394;29.441;130.618;131.677;129.759;23.842;22.689;1.653;0.222;0.114;57.071;188.748;129.257;28.436;4.897;3.255;0.000;1.059;0.000;34;27.165;126.356;2;0;0;0;0;0;0;0
93;1;1;1;0.087266;0.087266;1.000000;21247.007653;21247.070320;21247.204097;773046;21620;148126;17;1764;21620;23592;100.000;0.695;0.755;568.816;608.600;5.662;174174;159492;148126;1.136;0.111;0.068;4.050;0.967;0.060;46.012;44.977;133.763;133.777;132.793;34.394;33.870;1.481;0.194;1.061;62.667;196.444;137.697;39.673;6.340;3.448;0.000;0.014;0.000;12;40.994;128.726;3;0;0;0;0;0;0;0
94;1;1;1;0.087266;0.087266;1.000000;21247.041900;21247.101610;21247.237994;770822;21056;145994;16;1739;21056;22912;100.000;760.946;824.574;560.629;599.849;5.499;169032;155902;145994;0.187;0.110;0.068;2.716;1.270;0.396;38.911;37.574;136.346;136.384;135.099;28.531;27.812;1.494;0.190;0.668;59.710;196.094;138.260;31.290;2.043;3.360;0.000;0.038;0.000;16;34.926;132.343;1;0;0;0;0;0;0;0
95;1;1;1;0.087266;0.087266;1.000000;21247.073668;21247.128779;21247.271308;778859;24440;143854;19;1713;24440;26644;100.000;0.593;0.644;552.412;591.045;6.395;164229;152844;143854;0.191;0.111;0.070;4.586;1.361;0.080;37.284;35.853;142.498;142.528;141.140;26.159;25.403;1.686;1.213;1.317;55.112;197.640;138.241;27.169;6.164;3.535;0.000;0.030;0.000;8;31.337;136.521;4;0;0;0;0;0;0;0
96;1;1;1;0.087266;0.087266;1.000000;21247.107022;21247.170171;21247.302808;778333;27824;144278;22;1718;27824;30376;100.000;0.852;0.927;554.040;592.786;7.290;162664;152605;144278;0.227;0.110;0.066;2.859;1.115;0.069;37.447;36.267;132.594;132.637;131.498;28.233;27.580;2.051;0.294;0.112;63.149;195.786;136.408;41.392;8.058;3.818;0.000;0.043;0.000;20;33.474;128.594;2;0;0;0;0;0;0;0
97;1;1;1;0.087266;0.087266;1.000000;21247.142546;21247.202963;21247.336855;782798;29328;144196;23;1717;29328;31996;100.000;0.877;0.953;553.725;592.448;7.679;162293;152944;144196;0.194;0.111;0.068;2.617;1.271;0.399;38.025;36.687;133.866;133.892;132.605;28.400;27.666;1.549;0.189;0.506;60.417;194.309;137.122;32.792;0.541;3.613;0.000;0.026;0.000;11;34.138;129.960;4;0;0;0;0;0;0;0
98;1;1;1;0.087266;0.087266;1.000000;21247.173609;21247.236565;21247.367792;781418;28388;144552;22;1721;28388;30940;100.000;0.844;0.917;555.092;593.905;7.426;162900;154500;144552;0.187;0.109;0.069;2.203;1.466;0.087;34.806;33.271;131.200;131.227;129.730;26.523;25.647;1.450;0.267;0.122;62.956;194.183;134.725;33.602;0.269;3.404;0.000;0.026;0.001;12;31.137;127.497;4;0;0;0;0;0;0;0
99;1;1;1;0.087266;0.087266;1.000000;21247.207050;21247.270386;21247.402619;777382;27824;144056;22;1715;27824;30376;100.000;0.822;0.894;553.188;591.865;7.290;160786;153024;144056;0.187;0.110;0.067;2.552;1.175;0.345;38.507;37.266;132.192;132.232;131.042;29.121;28.438;1.590;0.189;0.410;63.337;195.569;136.219;33.821;0.488;3.222;0.000;0.040;0.000;20;34.780;128.449;2;0;0;0;0;0;0;0
100;1;1;1;0.087266;0.087266;1.000000;21247.240620;21247.304410;21247.434643;778267;26884;144366;21;1719;26884;29320;100.000;0.871;0.947;554.378;593.146;7.037;160624;152687;144366;0.197;0.113;0.069;2.458;1.284;0.070;35.728;34.376;130.201;130.233;128.914;27.434;26.666;1.677;0.293;0.110;63.790;194.022;134.909;34.024;0.690;3.064;0.000;0.032;0.001;10;31.987;126.423;4;0;0;0;0;0;0;0
101;1;1;1;0.087266;0.087266;1.000000;21247.273978;21247.335415;21247.461581;780699;27072;144336;21;1719;27072;29508;100.000;0.780;0.848;554.263;593.031;7.082;160035;152065;144336;0.248;0.106;0.066;2.347;1.556;0.115;30.680;29.058;126.122;126.166;124.588;24.317;23.323;1.633;0.206;0.088;61.437;187.603;128.514;31.005;2.328;3.018;0.000;0.044;0.000;20;26.777;122.185;2;0;0;0;0;0;0;0
102;1;1;1;0.087266;0.087266;1.000000;21247.306906;21247.370267;21247.502981;780328;26508;144522;21;1721;26508;28944;100.000;0.858;0.934;554.977;593.790;6.947;159771;152097;144522;0.239;0.112;0.071;2.438;1.549;0.548;45.287;43.667;132.669;132.714;131.132;34.124;33.300;1.626;0.291;0.099;63.361;196.075;136.581;34.852;1.518;2.924;0.000;0.045;0.000;19;41.300;128.647;2;0;0;0;0;0;0;0
103;1;1;1;0.087266;0.087266;1.000000;21247.340376;21247.401296;21247.536565;782351;26508;144662;21;1723;26508;28944;100.000;0.989;1.076;555.515;594.373;6.947;159719;152407;144662;0.198;0.111;0.069;2.665;0.810;0.044;37.584;36.706;135.246;135.269;134.442;27.785;27.303;1.561;0.189;0.538;60.920;196.189;136.832;31.029;2.304;2.885;0.000;0.023;0.000;11;34.109;131.753;4;0;0;0;0;0;0;0
104;1;1;1;0.087266;0.087266;1.000000;21247.373768;21247.428260;21247.571392;782164;26696;144698;21;1723;26696;29132;100.000;0.635;0.690;555.653;594.511;6.992;159574;152422;144698;0.474;0.112;0.069;2.959;1.509;0.459;38.297;36.719;143.117;143.132;141.603;26.756;25.931;1.452;0.187;0.665;54.492;197.624;138.325;26.964;6.370;3.103;0.000;0.016;0.000;16;33.829;138.628;3;0;0;0;0;0;0;0
105;1;1;1;0.087266;0.087266;1.000000;21247.407024;21247.470509;21247.598899;783021;28200;145744;22;1736;28200;30752;100.000;0.831;0.904;559.669;598.821;7.380;161069;153817;145744;0.184;0.108;0.066;1.994;1.314;0.073;31.973;30.593;128.373;128.390;127.057;24.903;24.078;1.382;0.190;0.065;63.484;191.875;132.499;42.249;8.915;3.466;0.000;0.018;0.000;12;28.665;125.044;4;0;0;0;0;0;0;0
106;1;1;1;0.174533;0.087266;1.000000;21247.442776;21247.504660;21247.634981;786829;137992;147616;105;1758;137992;150172;100.000;4.457;4.848;566.858;606.506;36.041;185042;161832;147616;0.194;0.109;0.068;2.558;1.507;0.346;39.381;37.806;130.264;130.321;128.789;30.218;29.355;1.781;0.302;0.105;61.884;192.205;135.247;34.151;0.818;3.301;23.559;0.057;0.001;27;35.315;126.172;8;0;0;0;0;0;0;0
107;1;1;1;0.174533;0.087266;1.000000;21247.473783;21247.535690;21247.672166;789365;29140;150668;23;1794;29140;31808;100.000;1.042;1.134;578.578;619.038;7.634;177772;162814;150668;0.225;0.106;0.066;4.305;1.589;0.098;41.252;39.598;136.461;136.476;134.869;30.226;29.360;1.391;1.215;1.302;61.907;198.383;139.099;31.031;2.303;3.238;0.000;0.015;0.000;15;35.358;130.545;4;0;0;0;0;0;0;0
108;1;1;1;0.174533;0.087266;1.000000;21247.506987;21247.563801;21247.704101;790807;24252;152486;19;1816;24252;26456;100.000;0.623;0.677;585.559;626.515;6.349;176540;163774;152486;0.193;0.112;0.069;2.870;1.364;0.428;37.826;36.393;140.257;140.300;138.920;26.961;26.197;1.444;0.198;0.855;56.814;197.114;137.701;28.111;5.223;3.362;0.000;0.042;0.000;17;33.592;136.006;3;0;0;0;0;0;0;0
109;1;1;1;0.174533;0.087266;1.000000;21247.540490;21247.602893;21247.734928;789334;22184;152368;17;1814;22184;24156;100.000;0.661;0.717;585.106;626.017;5.797;174471;163102;152368;0.190;0.113;0.070;2.197;1.605;0.096;35.050;33.376;132.008;132.036;130.408;26.546;25.593;1.421;0.295;0.108;62.402;194.438;135.195;39.092;5.758;3.512;0.000;0.027;0.000;16;31.248;128.181;2;0;0;0;0;0;0;0
110;1;1;1;0.174533;0.087266;1.000000;21247.574074;21247.636644;21247.770621;783753;23500;151230;18;1801;23500;25588;100.000;0.685;0.743;580.736;621.354;6.141;171577;161672;151230;0.192;0.110;0.068;2.744;1.026;0.055;39.498;38.404;133.855;133.977;132.935;29.481;28.889;1.509;0.197;0.669;62.569;196.546;137.554;33.751;0.418;3.319;0.000;0.122;0.000;17;35.728;130.068;2;0;0;0;0;0;0;0
111;1;1;1;0.174533;0.087266;1.000000;21247.606924;21247.671247;21247.801739;781240;27448;149404;21;1779;27448;29884;100.000;0.880;0.955;573.724;613.846;7.172;171020;161551;149404;0.187;0.112;0.070;2.231;1.752;0.611;34.862;33.040;130.448;130.492;128.708;26.716;25.671;1.442;0.301;0.120;64.324;194.816;135.339;34.604;1.270;3.191;0.000;0.044;0.000;20;30.879;126.424;2;0;0;0;0;0;0;0
112;1;1;1;0.174533;0.087266;1.000000;21247.640364;21247.702573;21247.839036;781247;27824;147314;22;1754;27824;30376;100.000;0.804;0.875;565.698;605.256;7.290;168549;159441;147314;0.186;0.108;0.067;3.385;1.272;0.072;41.280;39.941;136.423;136.462;135.163;30.250;29.551;1.367;0.197;1.460;62.209;198.672;139.302;31.326;2.008;3.117;0.000;0.040;0.000;19;36.623;131.737;4;0;0;0;0;0;0;0
113;1;1;1;0.174533;0.087266;1.000000;21247.674250;21247.737372;21247.868653;783523;28200;145778;22;1736;28200;30752;100.000;0.884;0.961;559.800;598.952;7.380;166838;158745;145778;0.200;0.111;0.068;2.230;1.723;0.465;34.270;32.480;131.243;131.281;129.530;26.104;25.075;1.430;0.313;0.109;63.122;194.403;135.586;34.799;1.465;3.013;0.000;0.039;0.000;11;30.317;127.259;3;0;0;0;0;0;0;0
114;1;1;1;0.174533;0.087266;1.000000;21247.706985;21247.769429;21247.896030;783046;30456;145016;24;1727;30456;33240;100.000;0.894;0.973;556.874;595.823;7.978;164411;156384;145016;0.182;0.109;0.071;2.255;1.271;0.080;31.327;29.986;126.568;126.601;125.303;24.745;23.931;1.563;0.219;0.112;62.444;189.045;129.630;32.057;1.276;2.905;0.000;0.033;0.000;16;27.801;123.012;3;0;0;0;0;0;0;0
115;1;1;1;0.174533;0.087266;1.000000;21247.740350;21247.803641;21247.936599;785712;28764;145068;22;1727;28764;31316;100.000;0.898;0.975;557.074;596.022;7.516;162501;154509;145068;0.182;0.104;0.066;2.430;0.844;0.061;44.101;43.191;132.916;132.958;132.097;33.169;32.697;1.813;0.189;0.076;63.291;196.249;136.866;34.212;0.879;2.778;0.000;0.042;0.001;16;40.827;129.624;3;0;0;0;0;0;0;0
116;1;1;1;0.174533;0.087266;1.000000;21247.774276;21247.835819;21247.968267;788409;28388;145612;22;1734;28388;30940;100.000;0.994;1.080;559.163;598.269;7.426;162735;155125;145612;0.198;0.113;0.069;2.183;1.867;0.645;34.925;32.989;132.400;132.448;130.550;26.369;25.269;1.435;0.271;0.097;61.543;193.991;135.200;32.177;1.156;2.677;0.000;0.048;0.000;21;30.874;128.318;2;0;0;0;0;0;0;0
117;1;1;1;0.174533;0.087266;1.000000;21247.807111;21247.864495;21247.995690;785289;26884;145938;21;1738;26884;29320;100.000;0.676;0.735;560.414;599.611;7.037;162890;155572;145938;0.181;0.106;0.065;2.324;1.510;0.099;31.471;29.897;131.154;131.194;129.655;23.988;23.059;1.637;0.233;0.102;57.385;188.579;129.290;28.677;4.656;2.801;0.000;0.041;0.001;21;27.638;127.288;2;0;0;0;0;0;0;0
118;1;1;1;0.174533;0.087266;1.000000;21247.840783;21247.904501;21248.037816;784314;26508;145782;21;1736;26508;28944;100.000;0.867;0.944;559.815;598.967;6.947;162307;155306;145782;0.227;0.110;0.068;3.061;1.522;0.467;45.970;44.380;132.088;133.316;131.777;34.482;33.678;1.439;0.190;1.028;63.718;197.034;138.083;40.005;6.672;3.043;0.000;1.228;0.000;21;41.386;127.486;2;0;0;0;0;0;0;0
119;1;1;1;0.174533;0.087266;1.000000;21247.875468;21247.935205;21248.073105;784830;26884;145890;21;1737;26884;29320;100.000;0.951;1.033;560.230;599.404;7.037;161878;154794;145890;0.191;0.104;0.065;4.545;1.679;0.096;39.858;38.115;137.880;137.900;136.196;28.903;27.985;1.656;1.212;1.317;59.737;197.637;140.038;30.704;2.629;3.017;0.000;0.020;0.001;15;33.635;131.628;3;0;0;0;0;0;0;0
120;1;1;1;0.174533;0.087266;1.000000;21247.907105;21247.963632;21248.104345;784742;27072;145936;21;1738;27072;29508;100.000;0.673;0.731;560.407;599.604;7.082;161502;154458;145936;0.191;0.113;0.069;2.472;1.499;0.419;37.467;35.899;140.653;140.713;139.196;26.626;25.791;1.611;0.189;0.300;56.527;197.239;137.945;28.427;4.906;3.135;0.000;0.060;0.000;20;33.496;136.663;2;0;0;0;0;0;0;0
121;1;1;1;0.174533;0.087266;1.000000;21247.940279;21248.004097;21248.137619;787186;141752;147208;108;1753;141752;154280;100.000;4.433;4.822;565.291;604.826;37.027;185245;160619;147208;0.194;0.110;0.067;2.479;1.123;0.065;37.227;36.037;133.501;133.522;132.374;27.881;27.224;1.650;0.193;0.266;63.819;197.341;137.886;40.465;7.132;3.385;0.000;0.022;0.000;45;33.625;129.863;7;0;0;0;0;0;0;0
122;1;1;1;0.174533;0.087266;1.000000;21247.976179;21248.036133;21248.171371;792161;28952;148956;22;1774;28952;31504;100.000;812.161;881.071;572.004;612.012;7.561;177219;161017;148956;0.197;0.109;0.066;4.605;1.338;0.071;37.350;35.946;135.220;135.238;133.875;27.618;26.851;1.725;1.215;1.293;59.954;195.192;138.304;32.036;1.298;3.254;0.000;0.019;0.000;14;31.407;129.249;2;0;0;0;0;0;0;0
123;1;1;1;0.174533;0.087266;1.000000;21248.007344;21248.072002;21248.203919;788290;22936;150544;18;1793;22936;25024;100.000;0.743;0.807;578.101;618.539;6.006;175711;162542;150544;0.193;0.111;0.068;2.940;1.413;0.407;38.495;37.015;131.878;131.917;130.486;29.181;28.367;1.429;0.197;0.942;64.658;196.575;137.519;35.869;2.536;3.209;0.000;0.039;0.000;12;34.142;127.506;3;0;0;0;0;0;0;0
124;1;1;1;0.174533;0.087266;1.000000;21248.041110;21248.103068;21248.235466;789222;23124;152352;18;1814;23124;25212;100.000;0.699;0.759;585.044;625.956;6.051;174802;162931;152352;0.193;0.112;0.069;2.505;1.160;0.073;35.886;34.657;132.358;132.399;131.210;27.104;26.414;1.713;0.302;0.117;61.958;194.357;135.733;31.065;2.268;3.150;0.000;0.041;0.000;17;32.221;128.662;2;0;0;0;0;0;0;0
125;1;1;1;0.174533;0.087266;1.000000;21248.073895;21248.136317;21248.270000;787173;24816;151154;19;1800;24816;27020;100.000;0.731;0.793;580.444;621.039;6.485;171599;160739;151154;0.191;0.111;0.070;2.615;1.613;0.492;38.198;36.516;133.669;133.683;132.044;28.574;27.654;1.571;0.198;0.475;62.422;196.105;136.934;33.249;0.084;2.959;0.000;0.015;0.000;11;33.970;129.412;4;0;0;0;0;0;0;0
126;1;1;1;0.261799;0.087266;1.000000;21248.107181;21248.170457;21248.300939;776279;25944;149098;20;1775;25944;28264;100.000;0.818;0.888;572.549;612.580;6.783;169799;159714;149098;0.238;0.116;0.070;2.485;1.326;0.074;35.165;33.768;130.450;130.482;129.130;26.950;26.151;1.672;0.291;0.099;63.276;193.757;134.538;34.140;0.807;2.824;16.828;0.032;0.000;11;31.354;126.612;4;0;0;0;0;0;0;0
127;1;1;1;0.261799;0.087266;1.000000;21248.140449;21248.202332;21248.330785;773912;27636;146584;21;1746;27636;30072;100.000;525.087;569.558;562.895;602.272;7.217;165587;156557;146584;0.192;0.105;0.066;2.228;1.494;0.452;33.653;32.093;128.413;128.453;126.931;26.198;25.284;1.573;0.194;0.098;61.883;190.336;131.051;31.875;1.458;2.739;0.000;0.039;0.000;14;29.930;124.662;3;0;0;0;0;0;0;0
128;1;1;1;0.261799;0.087266;1.000000;21248.173926;21248.237545;21248.364614;773302;28576;144802;22;1724;28576;31128;100.000;0.930;1.010;556.052;594.933;7.471;162940;154855;144802;0.221;0.105;0.065;2.119;1.134;0.065;37.554;36.356;127.033;127.069;125.913;29.554;28.874;1.390;0.189;0.148;63.618;190.688;131.547;35.213;1.879;2.685;0.000;0.036;0.000;12;34.301;123.757;3;0;0;0;0;0;0;0
129;1;1;1;0.261799;0.087266;1.000000;21248.207472;21248.268436;21248.405101;777001;28576;143780;22;1712;28576;31128;100.000;1.061;1.152;552.128;590.738;7.471;160390;152729;143780;0.183;0.104;0.066;4.538;1.790;0.579;43.731;41.875;136.652;136.666;134.847;31.998;31.054;1.670;1.215;1.301;60.964;197.629;138.701;30.891;2.443;2.670;0.000;0.014;0.000;16;37.402;130.293;4;0;0;0;0;0;0;0
130;1;1;1;0.261799;0.087266;1.000000;21248.240253;21248.295489;21248.437535;783174;27448;143698;21;1711;27448;29884;100.000;0.731;0.793;551.813;590.400;7.172;159614;152195;143698;0.189;0.110;0.066;2.453;0.929;0.050;38.771;37.777;142.029;142.045;141.101;27.295;26.773;1.636;0.188;0.266;55.237;197.282;137.801;27.054;6.279;2.896;0.000;0.016;0.000;18;35.389;138.630;3;0;0;0;0;0;0;0
131;1;1;1;0.261799;0.087266;1.000000;21248.273601;21248.333208;21248.468707;786108;27824;144598;22;1722;27824;30376;100.000;0.757;0.823;555.269;594.105;7.290;160270;152859;144598;0.240;0.113;0.068;2.251;1.459;0.082;34.520;32.994;135.477;135.499;134.006;25.476;24.621;1.433;0.286;0.113;59.607;195.106;135.640;37.718;4.385;2.989;0.000;0.022;0.000;11;30.810;131.719;4;0;0;0;0;0;0;0
132;1;1;1;0.261799;0.087266;1.000000;21248.309496;21248.370145;21248.503468;785622;27072;144478;21;1720;27072;29508;100.000;0.810;0.880;554.808;593.599;7.082;159783;152558;144478;0.192;0.111;0.068;2.395;1.508;0.419;38.483;36.907;133.290;133.323;131.796;28.865;28.003;1.680;0.190;0.156;60.648;193.971;137.067;36.937;3.603;3.027;0.000;0.033;0.000;20;34.580;129.366;2;0;0;0;0;0;0;0
133;1;1;1;0.261799;0.087266;1.000000;21248.340501;21248.403737;21248.534585;787265;26696;143954;21;1714;26696;29132;100.000;0.820;0.892;552.796;591.451;6.992;158077;151330;143954;0.193;0.113;0.068;2.408;1.240;0.070;35.009;33.702;130.808;130.848;129.581;26.756;26.008;1.647;0.280;0.107;63.236;194.084;134.851;33.592;0.259;2.854;0.000;0.040;0.000;20;31.362;127.132;2;0;0;0;0;0;0;0
134;1;1;1;0.261799;0.087266;1.000000;21248.373668;21248.436452;21248.570960;787734;26696;143904;21;1714;26696;29132;100.000;0.777;0.845;552.604;591.259;6.992;157228;150671;143904;0.193;0.109;0.067;2.753;1.341;0.391;40.027;38.619;134.476;134.508;133.148;29.758;29.005;1.477;0.189;0.719;62.784;197.292;137.893;32.715;0.618;2.714;0.000;0.032;0.000;20;35.933;130.362;2;0;0;0;0;0;0;0
135;1;1;1;0.261799;0.087266;1.000000;21248.407378;21248.470989;21248.601695;786766;27824;143596;22;1710;27824;30376;100.000;0.873;0.950;551.421;589.986;7.290;156196;150004;143596;0.239;0.113;0.070;2.480;1.001;0.058;34.823;33.752;130.663;130.706;129.684;26.642;26.026;1.666;0.297;0.095;63.610;194.317;135.294;34.537;1.203;2.620;0.000;0.043;0.000;20;31.342;127.158;2;0;0;0;0;0;0;0
136;1;1;1;0.261799;0.087266;1.000000;21248.440758;21248.503032;21248.637592;787622;130848;141136;100;1681;130848;142448;100.000;3.928;4.274;541.975;579.886;34.188;176546;153233;141136;1.128;0.109;0.067;4.254;1.082;0.061;39.371;38.223;134.536;134.560;133.454;29.259;28.641;1.697;0.187;1.067;62.275;196.834;137.858;32.044;1.290;2.537;0.000;0.023;0.000;51;34.036;129.175;5;0;0;0;0;0;0;0
137;1;1;1;0.261799;0.087266;1.000000;21248.473468;21248.536419;21248.673925;784509;32148;139854;25;1665;32148;35048;100.000;0.977;1.062;537.052;574.602;8.412;165368;150562;139854;0.255;0.104;0.066;3.598;1.582;0.591;41.661;40.014;137.474;137.507;135.897;30.298;29.444;1.440;0.185;1.548;62.951;200.457;140.859;33.387;0.053;2.382;0.000;0.032;0.000;18;36.481;132.265;4;0;0;0;0;0;0;0
138;1;1;1;0.261799;0.087266;1.000000;21248.507107;21248.569453;21248.702681;782962;27072;141162;21;1681;27072;29508;100.000;0.799;0.868;542.075;579.985;7.082;162866;151609;141162;0.188;0.109;0.066;2.370;1.098;0.059;33.934;32.770;133.201;133.228;132.105;25.470;24.806;1.626;0.261;0.121;62.347;195.574;136.281;33.035;0.299;2.251;0.000;0.027;0.001;10;30.466;129.705;4;0;0;0;0;0;0;0
139;1;1;1;0.261799;0.087266;1.000000;21248.540497;21248.603489;21248.738980;785441;27260;143262;21;1706;27260;29696;100.000;0.833;0.905;550.139;588.613;7.127;162821;152291;143262;0.182;0.108;0.065;2.251;1.287;0.426;39.766;38.414;135.447;135.491;134.182;29.349;28.628;1.614;0.191;0.091;62.992;198.484;139.247;34.036;0.702;2.155;0.000;0.044;0.000;20;36.228;131.887;2;0;0;0;0;0;0;0
140;1;1;1;0.261799;0.087266;1.000000;21248.573728;21248.636347;21248.768678;786857;26320;145806;20;1736;26320;28640;100.000;667.107;723.490;559.908;599.059;6.874;163653;154012;145806;0.193;0.114;0.071;2.401;1.471;0.092;33.225;31.684;132.287;132.331;130.831;25.108;24.217;1.636;0.278;0.109;62.619;194.950;135.611;32.858;0.475;2.050;0.000;0.044;0.000;19;29.354;128.385;2;0;0;0;0;0;0;0
141;1;1;1;0.261799;0.087266;1.000000;21248.607045;21248.670247;21248.795686;786209;29140;147146;23;1752;29140;31808;100.000;0.860;0.936;565.053;604.566;7.634;163751;154357;147146;0.185;0.106;0.066;2.333;1.404;0.104;30.883;29.413;125.393;125.439;124.013;24.620;23.718;1.673;0.211;0.093;63.202;188.641;129.286;33.900;0.566;1.957;0.000;0.047;0.000;18;27.146;121.632;3;0;0;0;0;0;0;0
142;1;1;1;0.261799;0.087266;1.000000;21248.640530;21248.704291;21248.837770;785895;31020;147490;24;1756;31020;33804;100.000;1.018;1.106;566.374;605.977;8.113;163298;155347;147490;0.223;0.110;0.067;3.230;1.215;0.384;45.812;44.531;133.439;133.479;132.249;34.322;33.672;1.465;0.192;1.173;63.760;197.239;138.036;34.044;0.711;1.879;0.000;0.040;0.000;14;41.368;128.966;3;0;0;0;0;0;0;0
143;1;1;1;0.261799;0.087266;1.000000;21248.674485;21248.734909;21248.868741;783109;31208;146146;24;1740;31208;33992;100.000;1.094;1.188;561.213;600.455;8.158;161136;153355;146146;0.188;0.111;0.070;2.493;1.260;0.072;35.393;34.064;133.787;133.831;132.538;26.446;25.701;1.718;0.285;0.122;60.424;194.256;135.674;30.618;2.715;1.931;0.000;0.044;0.000;23;31.640;129.998;2;0;0;0;0;0;0;0
144;1;1;1;0.261799;0.087266;1.000000;21248.706904;21248.763588;21248.905460;783994;32336;145218;25;1729;32336;35236;100.000;0.798;0.867;557.650;596.643;8.457;159936;152700;145218;0.172;0.105;0.065;2.429;1.330;0.439;40.486;39.091;141.826;141.872;140.524;28.537;27.818;1.829;0.189;0.069;56.685;198.556;139.060;28.679;4.654;2.101;0.000;0.045;0.000;20;36.726;138.048;3;0;0;0;0;0;0;0
145;1;1;1;0.261799;0.087266;1.000000;21248.740635;21248.804306;21248.935850;785959;31020;144768;24;1724;31020;33804;100.000;0.971;1.055;555.922;594.803;8.113;159233;151708;144768;0.190;0.110;0.069;2.418;1.313;0.073;34.128;32.746;131.525;131.545;130.195;25.944;25.152;1.637;0.288;0.124;63.671;195.215;136.117;40.718;7.384;2.432;0.000;0.019;0.000;13;30.397;127.756;4;0;0;0;0;0;0;0
146;1;1;1;0.349066;0.087266;1.000000;21248.775684;21248.836381;21248.970162;789030;31208;145716;24;1735;31208;33992;100.000;0.909;0.987;559.562;598.691;8.158;159772;152938;145716;0.196;0.110;0.069;2.570;1.287;0.408;38.054;36.699;133.741;133.781;132.473;28.445;27.703;1.697;0.189;0.310;60.697;194.478;137.095;32.075;1.258;2.358;15.462;0.040;0.000;23;34.197;129.861;2;0;0;0;0;0;0;0
147;1;1;1;0.349066;0.087266;1.000000;21248.806960;21248.870902;21249.004952;794594;31772;147238;25;1753;31772;34672;100.000;0.977;1.063;565.406;604.942;8.321;161190;154325;147238;0.198;0.111;0.070;2.689;1.050;0.055;38.651;37.531;134.006;134.050;132.985;28.834;28.222;1.522;0.191;0.597;63.942;197.993;138.552;34.521;1.188;2.285;0.000;0.045;0.000;19;34.912;130.251;3;0;0;0;0;0;0;0
148;1;1;1;0.349066;0.087266;1.000000;21248.840671;21248.903555;21249.033620;797998;30456;146864;24;1749;30456;33240;100.000;0.875;0.953;563.970;603.415;7.978;160800;154144;146864;0.185;0.108;0.066;2.010;1.634;0.092;32.402;30.703;130.033;130.065;128.415;24.912;23.909;1.391;0.192;0.070;62.884;192.949;133.887;32.653;0.680;2.185;0.000;0.032;0.000;16;28.758;126.372;3;0;0;0;0;0;0;0
149;1;1;1;0.349066;0.087266;1.000000;21248.873756;21248.938526;21249.072422;798639;30644;147738;24;1759;30644;33428;100.000;1.011;1.100;567.326;606.997;8.023;161813;155104;147738;0.185;0.106;0.066;3.175;1.422;0.487;42.429;40.941;133.855;133.896;132.445;31.688;30.912;1.406;0.198;1.214;64.770;198.666;139.355;34.971;1.638;2.151;0.000;0.041;0.000;23;37.832;129.226;2;0;0;0;0;0;0;0
150;1;1;1;0.349066;0.087266;1.000000;21248.907532;21248.969037;21249.102363;796693;30268;148090;23;1763;30268;32936;100.000;1.042;1.131;568.678;608.439;7.905;161862;155335;148090;0.242;0.114;0.070;2.865;1.103;0.064;34.534;33.361;133.277;133.326;132.194;25.902;25.236;2.015;0.302;0.123;61.505;194.831;135.962;30.511;2.822;2.193;0.000;0.049;0.000;21;30.566;129.278;3;0;0;0;0;0;0;0
151;1;1;1;0.349066;0.087266;1.000000;21248.939969;21248.998193;21249.129794;794717;137616;147952;105;1762;137616;149796;100.000;3.533;3.843;568.148;607.886;35.951;182724;160766;147952;0.185;0.106;0.066;2.385;1.775;0.536;31.390;29.549;131.566;131.601;129.793;23.852;22.766;1.662;0.218;0.147;58.224;189.825;130.061;29.156;4.177;2.317;0.000;0.035;0.000;26;27.230;127.371;8;0;0;0;0;0;0;0
152;1;1;1;0.349066;0.087266;1.000000;21248.973874;21249.037219;21249.168994;792861;28764;148152;22;1764;28764;31316;100.000;0.909;0.987;568.916;608.700;7.516;177426;162397;148152;0.191;0.110;0.070;2.388;1.018;0.058;43.351;42.264;131.748;131.775;130.733;32.898;32.328;1.660;0.224;0.134;63.345;195.120;135.928;39.026;5.693;2.528;0.000;0.027;0.001;10;39.945;128.303;5;0;0;0;0;0;0;0
153;1;1;1;0.349066;0.087266;1.000000;21249.007413;21249.069007;21249.203790;792789;23688;147662;18;1758;23688;25776;100.000;0.840;0.911;567.035;606.683;6.186;172400;160692;147662;0.232;0.112;0.068;3.155;1.115;0.120;38.199;37.016;134.739;134.784;133.646;28.341;27.697;1.483;0.249;1.012;61.594;196.378;137.390;31.788;1.546;2.466;0.000;0.045;0.000;18;33.929;130.444;2;0;0;0;0;0;0;0
154;1;1;1;0.349066;0.087266;1.000000;21249.040311;21249.097354;21249.239318;792309;22936;147945;18;1762;22936;25024;100.000;0.576;0.626;568.121;607.860;6.006;170339;159188;147945;1.359;0.112;0.070;4.452;1.780;0.537;39.790;37.940;141.924;141.964;140.159;28.028;27.070;1.643;0.194;1.074;57.043;199.007;139.585;28.347;4.986;2.624;0.000;0.040;0.000;18;33.558;135.664;2;0;0;0;0;0;0;0
155;1;1;1;0.349066;0.087266;1.000000;21249.074003;21249.137387;21249.265285;791925;24628;147762;19;1760;24628;26832;100.000;0.746;0.810;567.419;607.112;6.440;168591;158413;147762;0.180;0.109;0.065;2.240;1.211;0.067;32.191;30.916;127.872;127.898;126.660;25.169;24.408;1.564;0.190;0.133;63.385;191.283;132.219;40.033;6.700;2.879;0.000;0.026;0.000;11;28.741;124.393;3;0;0;0;0;0;0;0
156;1;1;1;0.349066;0.087266;1.000000;21249.108726;21249.170566;21249.305606;793795;28576;148592;22;1769;28576;31128;100.000;0.900;0.977;570.606;610.502;7.471;167879;158079;148592;0.182;0.108;0.067;2.862;1.553;0.458;43.775;42.155;135.022;135.040;133.468;32.416;31.584;1.372;0.194;0.941;61.839;196.880;139.206;33.178;0.155;2.708;0.000;0.018;0.000;16;39.359;130.586;3;0;0;0;0;0;0;0
157;1;1;1;0.349066;0.087266;1.000000;21249.140769;21249.202487;21249.334629;793460;28012;148650;22;1770;28012;30564;100.000;0.999;1.087;570.828;610.747;7.335;166756;157719;148650;0.236;0.117;0.073;2.334;1.447;0.082;33.423;31.904;130.361;132.142;130.664;25.294;24.417;1.479;0.298;0.131;61.718;193.860;134.896;31.922;1.411;2.627;0.000;1.781;0.000;22;29.643;126.548;2;0;0;0;0;0;0;0
158;1;1;1;0.349066;0.087266;1.000000;21249.173630;21249.230660;21249.361914;795527;28200;147554;22;1757;28200;30752;100.000;0.694;0.755;566.620;606.245;7.380;165007;157250;147554;0.185;0.109;0.066;2.282;1.477;0.180;31.064;29.521;131.214;131.254;129.748;23.667;22.753;1.637;0.195;0.091;57.030;188.284;128.848;28.173;5.161;2.786;0.000;0.040;0.000;22;27.304;127.423;2;0;0;0;0;0;0;0
159;1;1;1;0.349066;0.087266;1.000000;21249.207138;21249.271484;21249.403961;798776;29328;146024;23;1739;29328;31996;100.000;0.961;1.045;560.745;599.964;7.679;161999;154480;146024;0.194;0.111;0.069;2.648;1.289;0.438;45.806;44.448;132.459;132.477;131.163;34.577;33.888;1.537;0.191;0.547;64.345;196.822;137.560;40.824;7.490;3.080;0.000;0.017;0.000;16;41.869;128.496;4;0;0;0;0;0;0;0
160;1;1;1;0.349066;0.087266;1.000000;21249.241861;21249.302142;21249.435586;799362;28764;143192;22;1705;28764;31316;100.000;1.004;1.090;549.870;588.322;7.516;158153;151021;143192;0.228;0.109;0.069;2.195;1.201;0.065;35.547;34.278;133.432;133.443;132.207;26.639;25.927;1.420;0.286;0.085;60.281;193.724;135.852;30.659;2.675;3.054;0.000;0.011;0.001;19;32.151;129.998;3;0;0;0;0;0;0;0
161;1;1;1;0.349066;0.087266;1.000000;21249.273346;21249.330938;21249.472056;789777;29328;141480;23;1685;29328;31996;100.000;0.731;0.795;543.296;581.297;7.679;156114;149118;141480;0.185;0.108;0.065;2.090;1.625;0.457;39.880;38.191;141.061;141.118;139.475;28.260;27.382;1.378;0.185;0.170;57.592;198.710;138.990;28.796;4.537;3.147;0.000;0.058;0.001;22;36.165;137.325;2;0;0;0;0;0;0;0
162;1;1;1;0.349066;0.087266;1.000000;21249.307405;21249.371272;21249.501171;790930;28576;139820;22;1665;28576;31128;100.000;0.902;0.979;536.921;574.471;7.471;154224;147472;139820;0.239;0.111;0.070;2.291;1.444;0.082;32.802;31.289;129.865;129.898;128.422;25.252;24.364;1.473;0.287;0.112;63.867;193.766;134.771;40.334;7.001;3.388;0.000;0.034;0.000;13;29.068;126.087;3;0;0;0;0;0;0;0
163;1;1;1;0.349066;0.087266;1.000000;21249.342444;21249.403069;21249.531029;793734;29704;138532;23;1650;29704;32372;100.000;0.869;0.944;531.975;569.187;7.769;152207;145442;138532;0.182;0.105;0.063;2.454;1.523;0.456;33.599;32.013;127.918;127.960;126.415;26.257;25.323;1.821;0.183;0.099;60.624;188.585;131.295;31.796;1.537;3.272;0.000;0.042;0.000;22;29.622;123.917;2;0;0;0;0;0;0;0
164;1;1;1;0.349066;0.087266;1.000000;21249.373627;21249.437417;21249.570294;792883;29892;138018;23;1644;29892;32560;100.000;0.965;1.048;530.002;567.078;7.814;151597;145064;138018;0.234;0.108;0.066;2.769;1.078;0.059;43.236;42.093;132.854;132.876;131.775;32.538;31.943;1.517;0.179;0.666;63.790;196.667;137.227;34.348;1.015;3.131;0.000;0.022;0.000;14;39.389;128.982;4;0;0;0;0;0;0;0
165;1;1;1;0.349066;0.087266;1.000000;21249.407000;21249.468529;21249.604225;791299;30456;138142;24;1645;30456;33240;100.000;1.047;1.140;530.478;567.576;7.978;151249;144790;138142;0.187;0.106;0.066;3.072;0.795;0.046;37.780;36.919;135.636;135.696;134.881;27.842;27.372;1.500;0.184;1.028;61.529;197.224;137.825;31.112;2.221;3.074;0.000;0.059;0.000;22;33.913;131.749;2;0;0;0;0;0;0;0
166;1;1;1;0.349066;0.087266;1.000000;21249.440415;21249.497775;21249.635790;789485;132916;138460;101;1649;132916;144632;100.000;246.289;267.821;531.699;568.888;34.712;172621;150718;138460;0.191;0.106;0.066;2.305;1.356;0.420;35.424;34.002;137.947;138.015;136.635;25.667;24.885;1.623;0.213;0.106;57.361;195.376;136.057;29.246;4.087;3.138;0.000;0.068;0.000;40;31.763;134.260;3;0;0;0;0;0;0;0
167;1;1;1;0.349066;0.087266;1.000000;21249.474589;21249.537839;21249.669193;789977;29328;138716;23;1652;29328;31996;100.000;0.945;1.027;532.682;569.939;7.679;165456;151144;138716;0.235;0.115;0.067;3.025;1.000;0.061;37.065;35.998;131.310;131.354;130.337;28.218;27.620;2.011;0.387;0.210;63.251;194.605;136.127;40.064;6.731;3.362;0.000;0.044;0.000;15;33.040;127.266;3;0;0;0;0;0;0;0
168;1;1;1;0.349066;0.087266;1.000000;21249.509194;21249.569011;21249.703913;791598;25004;139622;19;1663;25004;27208;100.000;0.734;0.796;536.161;573.666;6.530;164403;152065;139622;0.233;0.106;0.066;2.724;1.358;0.443;38.736;37.312;134.861;134.901;133.521;28.714;27.945;1.518;0.183;0.618;59.818;194.719;137.513;31.172;2.161;3.287;0.000;0.041;0.000;18;34.654;130.755;2;0;0;0;0;0;0;0
169;1;1;1;0.000000;0.000000;1.000000;21249.540052;21249.603235;21249.734880;795034;25004;139918;19;1666;25004;27208;100.000;865.171;938.131;537.298;574.870;6.530;164427;153112;139918;0.190;0.108;0.068;2.203;1.228;0.109;35.036;33.740;131.628;131.645;130.385;26.614;25.877;1.455;0.267;0.117;63.183;194.827;135.146;34.224;0.890;3.137;2.609;0.017;0.001;10;31.604;128.162;2;0;0;0;0;0;0;0
170;1;1;1;0.000000;0.000000;1.000000;21249.573694;21249.637032;21249.770744;794863;25756;140286;20;1671;25756;28076;100.000;0.765;0.831;538.711;576.396;6.738;162948;152059;140286;0.186;0.108;0.066;2.838;1.098;0.059;39.302;38.139;133.674;133.712;132.591;29.393;28.764;1.451;0.185;0.843;63.339;197.050;137.677;33.797;0.464;2.970;0.000;0.038;0.000;19;35.366;129.713;2;0;0;0;0;0;0;0
171;1;1;1;0.000000;0.000000;1.000000;21249.607321;21249.670903;21249.802377;794885;27448;141226;21;1682;27448;29884;100.000;0.875;0.950;542.320;580.254;7.172;162113;151953;141226;0.192;0.108;0.068;2.401;1.400;0.391;35.557;34.089;131.440;131.474;130.044;27.045;26.213;1.635;0.282;0.117;63.582;195.056;135.977;33.871;0.537;2.818;0.000;0.034;0.001;10;31.755;127.605;4;0;0;0;0;0;0;0
172;1;1;1;0.000000;0.000000;1.000000;21249.640280;21249.702392;21249.838492;788905;27448;141276;21;1682;27448;29884;100.000;0.796;0.864;542.512;580.446;7.172;160084;150715;141276;0.186;0.108;0.065;3.278;1.249;0.071;39.902;38.589;136.056;136.100;134.827;29.318;28.621;1.371;0.186;1.363;62.112;198.211;138.758;31.489;1.844;2.757;0.000;0.043;0.000;20;35.375;131.489;2;0;0;0;0;0;0;0
173;1;1;1;0.000000;0.000000;1.000000;21249.673565;21249.737017;21249.867847;787376;27260;140380;21;1672;27260;29696;100.000;0.843;0.916;539.072;576.780;7.127;157763;149155;140380;0.237;0.114;0.071;2.272;1.746;0.449;33.875;32.058;130.813;130.831;129.056;25.892;24.841;1.471;0.272;0.108;63.452;194.282;134.781;34.625;1.291;2.666;0.000;0.018;0.000;11;29.857;126.765;3;0;0;0;0;0;0;0
174;1;1;1;0.000000;0.000000;1.000000;21249.707013;21249.769481;21249.895547;791921;28576;138596;22;1650;28576;31128;100.000;0.831;0.902;532.221;569.433;7.471;155889;148304;138596;0.183;0.104;0.063;2.309;1.467;0.088;31.706;30.175;126.025;126.066;124.561;25.150;24.225;1.650;0.212;0.095;62.468;188.534;129.147;32.464;0.869;2.553;0.000;0.041;0.000;21;27.930;122.210;2;0;0;0;0;0;0;0
175;1;1;1;0.000000;0.000000;1.000000;21249.740379;21249.804055;21249.931082;785044;28200;137098;22;1633;28200;30752;100.000;0.906;0.985;526.469;563.297;7.380;153735;146334;137098;0.186;0.104;0.063;1.980;1.064;0.060;39.328;38.201;126.990;127.027;125.946;30.961;30.331;1.384;0.179;0.063;63.676;190.703;131.348;34.574;1.241;2.471;0.000;0.037;0.000;19;36.285;123.928;3;0;0;0;0;0;0;0
176;1;1;1;0.000000;0.000000;1.000000;21249.774125;21249.835324;21249.971995;785759;28012;136788;22;1629;28012;30564;100.000;0.977;1.063;525.278;562.016;7.335;152496;145443;136788;0.185;0.105;0.063;2.474;1.294;0.449;43.952;42.595;136.661;136.670;135.357;32.159;31.468;1.368;0.179;0.575;61.200;197.870;138.928;31.270;2.064;2.446;0.000;0.009;0.000;16;40.184;132.872;3;0;0;0;0;0;0;0
177;1;1;1;0.000000;0.000000;1.000000;21249.806918;21249.864136;21250.001571;782963;28952;136884;22;1630;28952;31504;100.000;0.843;0.915;525.647;562.407;7.561;151983;144919;136884;0.196;0.111;0.068;2.238;1.495;0.089;33.328;31.765;137.407;137.434;135.907;24.250;23.373;1.474;0.271;0.118;57.218;194.652;135.171;28.812;4.522;2.576;0.000;0.028;0.000;12;29.594;133.639;4;0;0;0;0;0;0;0
178;1;1;1;0.000000;0.000000;1.000000;21249.840920;21249.898618;21250.029361;783666;27636;138258;21;1646;27636;30072;100.000;966.429;1048.278;530.923;568.044;7.217;153091;145898;138258;0.181;0.104;0.063;2.297;1.333;0.161;31.526;30.130;129.811;130.743;129.383;24.113;23.287;1.668;0.193;0.087;57.698;188.441;129.627;34.482;1.149;2.486;0.000;0.931;0.000;22;27.896;126.152;1;0;0;0;0;0;0;0
179;1;1;1;0.000000;0.000000;1.000000;21249.876058;21249.936438;21250.072878;786714;27824;138600;22;1650;27824;30376;100.000;0.864;0.940;532.236;569.448;7.290;153196;146333;138600;1.204;0.106;0.065;4.144;1.641;0.500;47.153;45.447;136.405;136.440;134.782;34.559;33.719;1.509;0.184;1.076;60.379;196.820;139.811;37.819;4.486;2.611;0.000;0.036;0.000;16;41.368;130.600;3;0;0;0;0;0;0;0
180;1;1;1;0.000000;0.000000;1.000000;21249.907482;21249.968804;21250.104430;787583;26696;139086;21;1656;26696;29132;100.000;0.914;0.994;534.103;571.450;6.992;153440;146675;139086;0.195;0.108;0.066;2.964;1.014;0.056;37.333;36.253;135.601;135.626;134.595;27.526;26.935;1.425;0.181;0.990;61.321;196.947;138.030;32.366;0.967;2.509;0.000;0.025;0.000;16;33.354;131.604;3;0;0;0;0;0;0;0
181;1;1;1;0.000000;0.000000;1.000000;21249.940350;21249.998188;21250.141066;793719;135736;139098;104;1656;135736;147800;100.000;3.432;3.735;534.149;571.496;35.472;175008;151952;139098;0.226;0.106;0.063;3.787;1.345;0.429;40.602;39.193;142.848;142.878;141.507;28.417;27.697;1.737;0.192;1.462;57.838;200.716;141.332;29.384;3.949;2.599;0.000;0.030;0.000;74;35.470;137.689;6;0;0;0;0;0;0;0
182;1;1;1;0.000000;0.000000;1.000000;21249.974284;21250.037825;21250.169754;792329;27260;139598;21;1662;27260;29696;100.000;0.823;0.894;536.069;573.551;7.127;166831;152091;139598;0.192;0.108;0.068;2.380;1.025;0.057;33.798;32.705;131.900;131.929;130.861;25.618;24.992;1.637;0.266;0.109;63.541;195.470;136.687;39.637;6.303;2.830;0.000;0.029;0.000;11;30.393;128.449;4;0;0;0;0;0;0;0
183;1;1;1;0.000000;0.000000;1.000000;21250.008843;21250.071103;21250.206116;801464;21996;141888;17;1690;21996;23968;100.000;0.688;0.746;544.862;582.976;5.752;166537;153344;141888;0.189;0.105;0.066;3.361;1.903;0.600;39.768;37.800;134.983;135.013;133.083;29.455;28.403;1.381;0.257;1.363;62.260;197.274;139.716;33.278;0.055;2.657;0.000;0.030;0.000;16;34.505;129.679;2;0;0;0;0;0;0;0
184;1;1;1;0.000000;0.000000;1.000000;21250.040189;21250.103251;21250.234726;796948;22560;145036;18;1727;22560;24648;100.000;0.667;0.726;556.951;595.899;5.916;166858;155236;145036;0.226;0.109;0.065;2.196;1.611;0.095;33.868;32.192;131.444;131.475;129.833;25.760;24.795;1.393;0.251;0.153;63.062;194.537;134.993;32.148;1.185;2.565;0.000;0.031;0.000;16;30.061;127.605;3;0;0;0;0;0;0;0
185;1;1;1;0.000000;0.000000;1.000000;21250.073945;21250.137233;21250.263130;802598;26508;147102;21;1752;26508;28944;100.000;0.776;0.844;564.884;604.397;6.947;167276;156904;147102;0.185;0.108;0.066;2.374;1.164;0.070;32.220;30.991;125.858;125.897;124.715;25.592;24.849;1.732;0.195;0.088;63.288;189.185;130.063;33.982;0.648;2.445;0.000;0.040;0.000;17;28.683;122.300;3;0;0;0;0;0;0;0
186;1;1;1;0.000000;0.000000;1.000000;21250.107275;21250.171586;21250.304199;797039;28388;149128;22;1776;28388;30940;100.000;0.932;1.012;572.664;612.718;7.426;168117;158305;149128;0.294;0.110;0.068;3.067;1.459;0.425;44.607;43.080;132.593;132.612;131.138;33.637;32.851;1.457;0.195;0.944;64.311;196.923;137.798;34.353;1.020;2.356;0.000;0.019;0.000;16;40.080;128.050;3;0;0;0;0;0;0;0
187;1;1;1;0.000000;0.000000;1.000000;21250.141185;21250.202203;21250.335083;797511;28576;148974;22;1774;28576;31128;100.000;0.964;1.047;572.073;612.082;7.471;167064;158365;148974;0.230;0.111;0.070;2.475;1.325;0.080;35.384;33.990;132.843;132.880;131.516;26.629;25.844;1.653;0.308;0.103;61.018;193.898;135.349;30.617;2.716;2.378;0.000;0.036;0.000;21;31.585;129.003;2;0;0;0;0;0;0;0
188;1;1;1;0.000000;0.000000;1.000000;21250.173541;21250.231988;21250.371702;794879;27260;147856;21;1761;27260;29696;100.000;0.705;0.766;567.780;607.495;7.127;164894;157106;147856;0.177;0.105;0.065;2.441;1.545;0.542;40.431;38.822;139.671;139.714;138.146;28.939;28.102;1.821;0.194;0.079;58.447;198.161;138.635;29.785;3.548;2.452;0.000;0.043;0.000;20;36.446;135.661;2;0;0;0;0;0;0;0
189;1;1;1;0.000000;0.000000;1.000000;21250.207937;21250.270839;21250.402698;793590;27072;145718;21;1735;27072;29508;100.000;0.857;0.931;559.570;598.699;7.082;163484;155988;145718;0.234;0.112;0.070;2.520;1.120;0.064;34.968;33.778;131.768;131.859;130.706;26.519;25.843;1.703;0.295;0.107;62.902;194.761;136.298;38.851;5.518;2.643;0.000;0.091;0.000;20;31.328;128.092;2;0;0;0;0;0;0;0
190;1;1;1;0.000000;0.000000;1.000000;21250.241861;21250.302571;21250.438600;788938;28012;143848;22;1713;28012;30564;100.000;0.815;0.886;552.389;591.022;7.335;160004;152996;143848;0.187;0.108;0.067;2.390;1.606;0.495;39.541;37.868;136.002;136.029;134.392;29.068;28.177;1.678;0.190;0.161;60.710;196.739;138.866;31.731;1.602;2.578;0.000;0.028;0.000;12;35.544;131.973;4;0;0;0;0;0;0;0
191;1;1;1;0.000000;0.000000;1.000000;21250.273925;21250.337116;21250.469307;784846;27448;142800;21;1700;27448;29884;100.000;0.848;0.920;548.364;586.704;7.172;158078;151153;142800;0.192;0.111;0.069;2.436;1.301;0.074;34.698;33.328;132.166;132.191;130.856;26.248;25.469;1.648;0.296;0.121;63.191;195.382;136.240;34.545;1.212;2.493;0.000;0.025;0.000;13;30.961;128.394;3;0;0;0;0;0;0;0
192;1;1;1;0.000000;0.000000;1.000000;21250.306975;21250.369629;21250.503637;788004;28012;142404;22;1696;28012;30564;100.000;0.809;0.880;546.844;585.093;7.335;157318;150912;142404;0.192;0.110;0.067;2.741;0.935;0.056;38.079;37.077;133.971;134.008;133.055;28.415;27.866;1.532;0.192;0.648;62.654;196.662;137.237;32.513;0.820;2.388;0.000;0.037;0.001;18;34.403;130.275;4;0;0;0;0;0;0;0
193;1;1;1;0.000000;0.000000;1.000000;21250.340626;21250.404420;21250.536916;795964;26884;142560;21;1698;26884;29320;100.000;0.833;0.906;547.443;585.737;7.037;157059;150730;142560;0.242;0.114;0.071;2.305;1.567;0.463;36.930;35.292;132.461;132.496;130.904;27.873;26.960;1.487;0.232;0.160;63.794;196.289;137.182;34.791;1.458;2.330;0.000;0.034;0.000;15;33.058;128.548;3;0;0;0;0;0;0;0
194;1;1;1;0.000000;0.000000;1.000000;21250.373845;21250.436815;21250.564981;799207;27072;143286;21;1706;27072;29508;100.000;0.785;0.852;550.231;588.706;7.082;157361;151013;143286;0.182;0.105;0.066;2.004;1.128;0.063;31.940;30.747;128.126;128.166;127.020;24.921;24.206;1.386;0.188;0.077;62.970;191.136;131.914;32.395;0.938;2.243;0.000;0.040;0.000;12;28.809;124.975;3;0;0;0;0;0;0;0
195;1;1;1;0.000000;0.000000;1.000000;21250.406893;21250.471504;21250.606202;799402;28012;144392;22;1719;28012;30564;100.000;0.908;0.988;554.478;593.246;7.335;158254;151963;144392;0.189;0.106;0.066;3.022;1.818;0.586;44.338;42.454;134.647;134.698;132.849;32.916;31.957;1.380;0.193;1.088;64.611;199.309;139.802;34.689;1.356;2.188;0.000;0.051;0.000;20;39.498;129.775;2;0;0;0;0;0;0;0
196;1;1;1;0.000000;0.000000;1.000000;21250.441200;21250.502511;21250.634729;800483;135736;145043;104;1727;135736;147800;100.000;4.827;5.253;556.978;595.926;35.472;179847;157023;145043;0.195;0.111;0.068;2.198;1.456;0.083;33.361;31.837;132.179;132.218;130.728;25.232;24.354;1.435;0.286;0.104;61.311;193.530;134.996;31.007;2.327;2.196;0.000;0.039;0.000;78;29.706;128.490;4;0;0;0;0;0;0;0
197;1;1;1;0.000000;0.000000;1.000000;21250.473545;21250.530695;21250.661611;798336;26884;145944;21;1738;26884;29320;100.000;0.685;0.744;560.437;599.634;7.037;172926;158054;145944;0.180;0.106;0.067;2.327;1.471;0.090;30.541;29.003;128.443;130.917;129.419;23.329;22.410;1.642;0.219;0.113;57.150;188.066;128.545;28.184;5.149;2.381;0.000;2.474;0.000;50;26.743;124.615;2;0;0;0;0;0;0;0
198;1;1;1;0.000000;0.000000;1.000000;21250.507653;21250.570122;21250.704252;798454;21808;146568;17;1745;21808;23780;100.000;0.679;0.737;562.834;602.188;5.707;170562;157736;146568;0.194;0.112;0.068;2.846;1.385;0.440;46.448;44.995;134.098;134.131;132.731;34.629;33.899;1.437;0.190;0.846;62.468;196.599;137.852;39.427;6.093;2.613;0.000;0.033;0.000;12;42.216;129.850;3;0;0;0;0;0;0;0
199;1;1;1;0.000000;0.000000;1.000000;21250.540555;21250.602414;21250.735130;800770;21432;147434;17;1756;21432;23404;100.000;0.756;0.822;566.159;605.762;5.617;169423;157747;147434;0.200;0.111;0.069;2.224;1.508;0.085;35.091;33.514;132.674;132.716;131.177;26.440;25.549;1.442;0.297;0.106;61.859;194.575;135.397;32.293;1.041;2.515;0.000;0.043;0.000;16;31.358;128.909;2;0;0;0;0;0;0;0
200;1;1;1;0.000000;0.000000;1.000000;21250.573705;21250.630916;21250.763706;802378;24252;148866;19;1773;24252;26456;100.000;0.599;0.652;571.658;611.644;6.349;169825;159483;148866;0.186;0.105;0.067;2.203;1.495;0.434;32.313;30.751;132.749;132.790;131.272;24.334;23.426;1.555;0.197;0.092;57.211;190.001;130.639;28.502;4.831;2.659;0.000;0.041;0.000;19;28.615;129.025;2;0;0;0;0;0;0;0
201;1;1;1;0.000000;0.000000;1.000000;21250.607487;21250.671589;21250.804911;805285;26884;150350;21;1790;26884;29320;100.000;0.868;0.944;577.356;617.726;7.037;169803;160095;150350;1.179;0.111;0.068;4.249;1.312;0.078;44.903;43.524;133.128;133.322;131.991;33.680;32.975;1.598;0.198;1.097;64.102;197.424;138.511;40.673;7.339;2.952;0.000;0.195;0.000;21;39.343;127.545;2;0;0;0;0;0;0;0
202;1;1;1;0.000000;0.000000;1.000000;21250.642690;21250.702710;21250.837312;803318;27636;152012;21;1810;27636;30072;100.000;665.379;721.731;583.739;624.560;7.217;170564;161477;152012;0.187;0.111;0.070;2.470;1.658;0.428;37.946;36.219;134.586;134.601;132.913;28.191;27.250;1.666;0.307;0.130;60.021;194.622;137.578;31.122;2.212;2.906;0.000;0.016;0.000;11;33.819;130.426;3;0;0;0;0;0;0;0
203;1;1;1;0.000000;0.000000;1.000000;21250.673599;21250.732148;21250.870089;802036;29140;152816;23;1820;29140;31808;100.000;0.756;0.823;586.826;627.873;7.634;170803;162363;152816;0.206;0.112;0.070;2.947;1.036;0.060;36.899;35.794;137.903;137.942;136.884;26.750;26.149;1.985;0.197;0.378;58.549;196.491;137.023;29.437;3.896;2.968;0.000;0.038;0.000;18;32.916;133.886;3;0;0;0;0;0;0;0
204;1;1;1;0.000000;0.000000;1.000000;21250.707189;21250.770890;21250.902217;810228;28388;152942;22;1821;28388;30940;100.000;0.876;0.952;587.310;628.379;7.426;169922;162276;152942;0.187;0.113;0.070;2.293;1.684;0.429;36.103;34.349;131.302;131.327;129.615;27.491;26.501;1.527;0.295;0.101;63.701;195.028;135.817;38.742;5.409;3.120;0.000;0.025;0.000;16;32.125;127.295;3;0;0;0;0;0;0;0
205;1;1;1;0.000000;-0.087266;1.000000;21250.741645;21250.803423;21250.937791;808185;26320;152382;20;1815;26320;28640;100.000;710.420;770.465;585.159;626.093;6.874;169016;161528;152382;0.196;0.110;0.071;4.572;1.327;0.073;39.559;38.161;134.348;134.368;133.024;29.441;28.687;1.683;1.225;1.288;61.778;196.146;138.057;32.533;0.800;2.975;28.803;0.019;0.000;16;33.660;128.430;2;0;0;0;0;0;0;0
206;1;1;1;0.000000;-0.087266;1.000000;21250.773648;21250.838603;21250.971423;815223;27260;150790;21;1796;27260;29696;100.000;0.886;0.962;579.046;619.551;7.127;166373;158970;150790;0.228;0.105;0.066;4.634;1.343;0.073;39.520;38.111;132.775;132.820;131.453;29.754;28.992;1.672;1.217;1.347;64.954;197.775;138.356;35.179;1.846;2.905;0.000;0.045;0.000;20;33.543;126.772;2;0;0;0;0;0;0;0
207;1;1;1;0.000000;-0.087266;1.000000;21250.807787;21250.869596;21251.005915;799426;27824;149044;22;1775;27824;30376;100.000;0.817;0.889;572.341;612.373;7.290;164136;157308;149044;0.192;0.108;0.065;2.378;1.609;0.441;40.465;38.792;136.291;136.320;134.686;29.684;28.802;1.731;0.198;0.085;61.809;198.128;139.515;30.993;2.340;2.869;0.000;0.028;0.000;13;36.478;132.278;4;0;0;0;0;0;0;0
208;1;1;1;0.000000;-0.087266;1.000000;21250.839951;21250.903802;21251.039695;790320;27072;147638;21;1758;27072;29508;100.000;0.821;0.892;566.942;606.590;7.082;161962;155289;147638;0.193;0.105;0.065;4.566;1.704;0.093;37.761;35.992;135.876;135.893;134.161;27.787;26.827;1.673;1.219;1.311;63.852;199.745;139.962;34.207;0.873;2.745;0.000;0.017;0.000;16;31.490;129.576;3;0;0;0;0;0;0;0
209;1;1;1;0.000000;-0.087266;1.000000;21250.873837;21250.936982;21251.075124;795945;26884;145656;21;1734;26884;29320;100.000;0.805;0.875;559.332;598.438;7.037;159733;153188;145656;0.188;0.106;0.066;2.217;1.711;0.579;41.696;39.920;138.116;138.142;136.405;30.183;29.266;1.562;0.195;0.100;63.145;201.287;142.057;33.179;0.154;2.583;0.000;0.026;0.000;13;37.768;134.160;3;0;0;0;0;0;0;0
210;1;1;1;0.000000;-0.087266;1.000000;21250.906950;21250.970594;21251.107105;792891;28200;144144;22;1716;28200;30752;100.000;0.848;0.922;553.525;592.226;7.380;157793;151506;144144;0.234;0.112;0.063;4.417;1.527;0.092;35.892;34.302;136.457;136.511;134.943;26.292;25.419;1.468;1.223;1.317;63.644;200.155;140.705;33.612;0.279;2.439;0.000;0.054;0.000;17;29.948;130.470;3;0;0;0;0;0;0;0
211;1;1;1;0.000000;-0.087266;1.000000;21250.940475;21251.004094;21251.138412;797320;136488;143206;104;1705;136488;148552;100.000;3.970;4.318;549.924;588.376;35.652;179073;155570;143206;0.200;0.110;0.068;2.458;1.672;0.506;37.262;35.522;134.212;134.318;132.619;27.742;26.785;1.661;0.186;0.233;63.619;197.937;138.679;33.500;0.167;2.297;0.000;0.106;0.000;49;33.132;130.054;5;0;0;0;0;0;0;0
212;1;1;1;0.000000;-0.087266;1.000000;21250.974054;21251.038628;21251.173479;805214;26696;142122;21;1692;26696;29132;100.000;0.849;0.923;545.761;583.920;6.992;167541;153603;142122;0.189;0.105;0.066;3.392;1.311;0.071;39.189;37.813;134.799;134.850;133.509;29.061;28.322;1.403;0.193;1.436;64.574;199.425;140.412;34.534;1.201;2.228;0.000;0.051;0.000;20;34.486;130.063;2;0;0;0;0;0;0;0
213;1;1;1;0.000000;-0.087266;1.000000;21251.007338;21251.070232;21251.202850;797126;20868;141596;16;1686;20868;22724;100.000;0.585;0.634;543.741;581.765;5.454;165502;153555;141596;0.235;0.109;0.067;2.258;1.528;0.088;34.069;32.474;132.582;132.618;131.064;25.690;24.777;1.443;0.302;0.103;62.894;195.512;136.450;31.604;1.730;2.197;0.000;0.036;0.000;15;30.283;128.761;2;0;0;0;0;0;0;0
214;1;1;1;0.000000;-0.087266;1.000000;21251.040704;21251.106201;21251.239937;803136;17672;141814;14;1689;17672;19296;100.000;0.555;0.603;544.578;582.670;4.631;164429;152706;141814;0.188;0.106;0.066;3.238;1.501;0.540;40.867;39.300;133.701;133.736;132.207;30.558;29.726;1.425;0.198;1.255;65.497;199.233;140.203;35.969;2.635;2.224;0.000;0.035;0.000;13;36.128;128.932;2;0;0;0;0;0;0;0
215;1;1;1;0.000000;-0.087266;1.000000;21251.074696;21251.138222;21251.270253;809297;24252;143036;19;1703;24252;26456;100.000;0.763;0.829;549.271;587.678;6.349;164168;153489;143036;0.266;0.114;0.067;2.457;1.041;0.061;35.053;33.946;131.979;132.032;130.966;26.549;25.920;1.648;0.243;0.121;63.526;195.557;137.186;32.021;1.312;2.167;0.000;0.053;0.000;17;31.555;128.452;3;0;0;0;0;0;0;0
216;1;1;1;0.000000;-0.087266;1.000000;21251.106754;21251.170177;21251.304458;808156;27072;144130;21;1716;27072;29508;100.000;0.772;0.839;553.472;592.172;7.082;164616;155069;144130;0.207;0.110;0.067;3.038;1.078;0.120;37.692;36.548;134.235;134.281;133.173;28.070;27.444;1.720;0.196;0.739;63.423;197.704;138.058;31.956;1.378;2.118;0.000;0.046;0.000;20;33.576;130.087;2;0;0;0;0;0;0;0
217;1;1;1;0.000000;-0.087266;1.000000;21251.140757;21251.205410;21251.338657;810355;28576;146106;22;1740;28576;31128;100.000;0.899;0.977;561.060;600.301;7.471;164509;155791;146106;0.194;0.112;0.067;2.776;1.640;0.525;38.321;36.615;133.199;133.247;131.585;28.759;27.826;1.484;0.192;0.728;64.653;197.900;138.924;35.233;1.900;2.104;0.000;0.048;0.000;21;33.905;128.760;2;0;0;0;0;0;0;0
218;1;1;1;0.000000;-0.087266;1.000000;21251.174342;21251.237362;21251.369449;810211;28764;148782;22;1772;28764;31316;100.000;0.837;0.909;571.335;611.299;7.516;166448;158794;148782;0.190;0.109;0.068;2.416;1.092;0.060;35.210;34.051;132.043;132.087;130.978;26.657;25.997;1.727;0.224;0.099;63.021;195.108;136.382;31.952;1.381;2.059;0.000;0.044;0.000;13;31.702;128.516;3;0;0;0;0;0;0;0
219;1;1;1;0.000000;-0.087266;1.000000;21251.206525;21251.271897;21251.405992;808645;29328;150220;23;1789;29328;31996;100.000;0.930;1.012;576.857;617.205;7.679;167149;159739;150220;0.184;0.110;0.067;3.480;1.739;0.564;40.043;38.237;134.065;134.094;132.335;29.862;28.894;1.662;0.197;1.261;65.373;199.467;139.591;34.535;1.202;2.006;0.000;0.029;0.000;15;34.824;128.824;3;0;0;0;0;0;0;0
220;1;1;1;0.000000;-0.087266;1.000000;21251.240927;21251.304872;21251.435258;810783;27448;150188;21;1788;27448;29884;100.000;0.862;0.936;576.734;617.059;7.172;167230;159791;150188;0.241;0.116;0.073;2.289;1.502;0.085;34.467;32.892;128.599;130.387;128.848;26.434;25.528;1.457;0.296;0.107;63.944;194.331;135.525;32.974;0.359;1.903;0.000;1.787;0.000;21;30.676;124.770;2;0;0;0;0;0;0;0
221;1;1;1;0.000000;-0.087266;1.000000;21251.273273;21251.336830;21251.462426;807088;27636;149054;21;1775;27636;30072;100.000;946.706;1026.884;572.380;612.411;7.217;165256;157997;149054;0.179;0.106;0.067;2.241;1.708;0.200;30.966;29.191;125.587;125.597;123.862;24.655;23.568;1.558;0.230;0.101;63.557;189.153;129.360;31.958;1.375;1.870;0.000;0.010;0.001;15;27.017;121.608;2;0;0;0;0;0;0;0
222;1;1;1;0.000000;-0.174533;1.000000;21251.307510;21251.371001;21251.505206;809369;28200;147392;22;1755;28200;30752;100.000;0.898;0.976;565.998;605.578;7.380;163230;156186;147392;1.123;0.109;0.068;4.239;1.454;0.470;46.729;45.207;134.151;134.205;132.728;34.819;34.060;1.648;0.195;1.097;63.491;197.696;138.806;34.171;0.838;1.805;40.171;0.054;0.000;21;41.035;128.433;2;0;0;0;0;0;0;0
223;1;1;1;0.000000;-0.174533;1.000000;21251.340718;21251.402564;21251.536855;795354;27448;146064;21;1739;27448;29884;100.000;0.977;1.060;560.898;600.118;7.172;161390;154775;146064;0.191;0.109;0.070;2.481;1.116;0.063;37.328;36.142;134.281;134.292;133.142;27.796;27.146;1.717;0.280;0.116;61.845;196.137;137.122;31.563;1.770;1.803;0.000;0.011;0.000;16;33.731;130.648;3;0;0;0;0;0;0;0
224;1;1;1;0.000000;-0.174533;1.000000;21251.373610;21251.430795;21251.570857;795455;27448;144466;21;1720;27448;29884;100.000;0.689;0.747;554.762;593.553;7.172;159072;152407;144466;0.195;0.110;0.067;2.381;1.309;0.434;37.598;36.223;140.013;140.062;138.734;26.844;26.109;1.710;0.190;0.110;57.185;197.247;137.790;28.231;5.102;2.009;0.000;0.050;0.000;20;33.908;136.289;2;0;0;0;0;0;0;0
225;1;1;1;0.000000;-0.174533;1.000000;21251.407460;21251.470846;21251.603092;795720;27824;143728;22;1712;27824;30376;100.000;0.853;0.929;551.928;590.538;7.290;157998;151193;143728;0.188;0.108;0.068;2.356;1.132;0.072;35.902;34.702;132.227;132.246;131.074;27.148;26.475;1.555;0.321;0.117;63.386;195.631;136.692;40.051;6.718;2.304;0.000;0.018;0.000;12;32.413;128.697;4;0;0;0;0;0;0;0
226;1;1;1;0.000000;-0.174533;1.000000;21251.442350;21251.503597;21251.638488;798723;138180;142930;105;1702;138180;150360;100.000;215.852;234.729;548.864;587.248;36.086;180302;156126;142930;0.193;0.110;0.068;2.776;1.670;0.523;38.899;37.162;134.849;134.891;133.200;28.838;27.899;1.487;0.188;0.730;61.247;196.138;138.754;32.751;0.582;2.196;0.000;0.042;0.000;33;34.454;130.381;4;0;0;0;0;0;0;0
227;1;1;1;0.000000;-0.174533;1.000000;21251.473633;21251.538677;21251.670315;807441;25192;142948;20;1702;25192;27512;100.000;0.816;0.888;548.933;587.317;6.603;170602;155416;142948;0.190;0.109;0.068;2.228;1.510;0.084;36.251;34.674;131.597;131.638;130.089;27.539;26.654;1.466;0.296;0.100;65.044;196.681;137.248;35.080;1.746;2.168;0.000;0.040;0.000;13;32.513;127.818;3;0;0;0;0;0;0;0
228;1;1;1;0.000000;-0.174533;1.000000;21251.507386;21251.569689;21251.704260;803316;22560;143504;18;1709;22560;24648;100.000;0.638;0.694;551.068;589.610;5.916;169925;157355;143504;0.193;0.106;0.063;2.404;1.152;0.065;37.694;36.478;134.555;134.572;133.395;28.010;27.346;1.741;0.184;0.116;62.303;196.875;137.860;31.012;2.322;2.177;0.000;0.017;0.000;10;34.138;130.972;3;0;0;0;0;0;0;0
229;1;1;1;0.000000;-0.174533;1.000000;21251.540044;21251.605237;21251.739394;809074;23500;144280;18;1718;23500;25588;100.000;0.738;0.800;554.048;592.793;6.141;168533;157235;144280;0.188;0.110;0.067;4.592;1.929;0.564;38.662;36.667;134.129;134.157;132.179;28.819;27.740;1.690;1.162;1.377;65.192;199.349;139.660;35.548;2.215;2.180;0.000;0.028;0.000;14;32.141;127.557;3;0;0;0;0;0;0;0
230;1;1;1;0.000000;-0.174533;1.000000;21251.573799;21251.637287;21251.773024;808265;24816;145334;19;1731;24816;27020;100.000;0.709;0.769;558.095;597.134;6.485;167898;157215;145334;0.195;0.111;0.067;2.558;1.274;0.074;40.176;38.835;135.703;135.738;134.442;29.598;28.886;1.775;0.199;0.212;63.487;199.225;139.958;32.050;1.284;2.124;0.000;0.035;0.000;10;36.344;131.848;4;0;0;0;0;0;0;0
231;1;1;1;0.000000;-0.174533;1.000000;21251.606886;21251.672486;21251.807239;818848;28012;147128;22;1752;28012;30564;100.000;0.881;0.958;564.984;604.497;7.335;168031;158180;147128;0.193;0.108;0.065;4.587;2.153;0.566;38.030;35.813;134.731;134.754;132.567;28.222;27.015;1.673;1.222;1.327;65.600;200.354;140.839;35.199;1.866;2.108;0.000;0.022;0.000;10;31.290;127.955;4;0;0;0;0;0;0;0
232;1;1;1;0.000000;-0.174533;1.000000;21251.640694;21251.704448;21251.840552;820617;28012;148796;22;1772;28012;30564;100.000;0.831;0.904;571.389;611.353;7.335;168474;159768;148796;0.184;0.106;0.067;3.024;1.344;0.088;40.053;38.642;136.073;136.103;134.731;29.428;28.681;1.461;0.203;1.003;63.754;199.857;140.818;31.963;1.370;2.062;0.000;0.030;0.001;12;35.685;131.674;3;0;0;0;0;0;0;0
233;1;1;1;0.000000;-0.174533;1.000000;21251.673067;21251.738287;21251.872762;814146;28200;150842;22;1796;28200;30752;100.000;0.852;0.926;579.246;619.751;7.380;169302;161493;150842;0.195;0.110;0.068;2.992;1.758;0.534;36.580;34.755;134.444;134.475;132.694;27.202;26.191;1.413;0.204;1.003;65.219;199.695;139.695;33.838;0.505;1.964;0.000;0.031;0.000;18;31.830;129.669;3;0;0;0;0;0;0;0
234;1;1;1;0.000000;-0.174533;1.000000;21251.707386;21251.771593;21251.903892;814852;28200;152630;22;1818;28200;30752;100.000;0.832;0.905;586.112;627.113;7.380;169952;162529;152630;0.193;0.109;0.070;2.473;1.205;0.072;35.865;34.591;132.267;132.299;131.073;27.109;26.390;1.696;0.302;0.106;64.207;196.506;137.492;33.306;0.027;1.843;0.000;0.032;0.000;14;32.187;128.553;3;0;0;0;0;0;0;0
235;1;1;1;0.000000;-0.174533;1.000000;21251.740997;21251.805705;21251.937702;815725;27072;153174;21;1824;27072;29508;100.000;0.849;0.923;588.201;629.338;7.082;170224;163185;153174;0.194;0.113;0.070;2.503;1.303;0.068;37.479;36.107;131.962;131.997;130.668;28.394;27.632;1.612;0.200;0.314;64.708;196.705;137.968;34.112;0.779;1.777;0.000;0.035;0.000;11;33.673;128.129;3;0;0;0;0;0;0;0
236;1;1;1;0.000000;-0.261799;1.000000;21251.774306;21251.837780;21251.972897;816078;26696;152808;21;1820;26696;29132;100.000;0.812;0.884;586.795;627.842;6.992;169275;162178;152808;0.190;0.113;0.069;4.349;2.026;0.654;38.997;36.902;135.094;135.117;133.065;28.862;27.733;1.432;1.227;1.319;63.475;198.592;139.831;32.075;1.258;1.744;14.506;0.023;0.000;10;32.622;128.690;4;0;0;0;0;0;0;0
237;1;1;1;0.000000;-0.261799;1.000000;21251.807232;21251.870812;21252.007731;810868;27636;151650;21;1806;27636;30072;100.000;0.801;0.868;582.348;623.079;7.217;167918;160843;151650;0.185;0.109;0.067;2.548;1.395;0.079;41.202;39.740;136.868;136.918;135.495;30.092;29.330;1.483;0.205;0.500;63.580;200.498;141.331;33.032;0.301;1.654;0.000;0.051;0.000;20;37.259;132.895;2;0;0;0;0;0;0;0
238;1;1;1;0.000000;-0.261799;1.000000;21251.841120;21251.905508;21252.039867;801907;27260;149972;21;1786;27260;29696;100.000;0.885;0.961;575.905;616.185;7.127;165662;158673;149972;0.222;0.110;0.069;3.146;1.765;0.554;36.081;34.247;134.325;134.359;132.570;26.854;25.833;1.470;0.199;1.077;64.388;198.747;140.134;34.696;1.363;1.636;0.000;0.033;0.000;10;31.170;129.390;4;0;0;0;0;0;0;0
239;1;1;1;0.000000;-0.261799;1.000000;21251.874470;21251.936493;21252.071850;799196;27824;148264;22;1766;27824;30376;100.000;0.798;0.868;569.346;609.175;7.290;163534;156627;148264;0.188;0.109;0.068;2.899;1.372;0.081;36.898;35.459;135.315;135.357;133.970;27.260;26.468;1.433;0.194;0.908;62.023;197.380;138.783;30.985;2.349;1.680;0.000;0.042;0.000;21;32.627;131.027;2;0;0;0;0;0;0;0
240;1;1;1;0.000000;-0.261799;1.000000;21251.907179;21251.971489;21252.105423;799621;28388;146996;22;1750;28388;30940;100.000;0.870;0.945;564.477;603.945;7.426;161872;154942;146996;0.320;0.112;0.068;2.727;1.896;0.526;37.836;35.872;133.887;133.934;132.019;28.250;27.172;1.802;0.223;0.203;64.311;198.244;139.023;34.997;1.663;1.679;0.000;0.046;0.000;21;33.213;129.242;2;0;0;0;0;0;0;0
241;1;1;1;0.000000;-0.261799;1.000000;21251.940529;21252.004351;21252.138664;808174;139496;146062;106;1739;139496;151792;100.000;146.111;158.890;560.891;600.110;36.430;182380;158734;146062;0.182;0.104;0.066;3.131;1.398;0.074;37.861;36.397;134.250;134.313;132.897;28.188;27.387;1.353;0.191;1.236;63.821;198.134;138.930;32.861;0.472;1.604;0.000;0.063;0.000;26;33.331;129.701;7;0;0;0;0;0;0;0
242;1;1;1;0.000000;-0.261799;1.000000;21251.974024;21252.037918;21252.173127;810609;27824;145468;22;1732;27824;30376;100.000;0.863;0.939;558.610;597.671;7.290;172773;157471;145468;0.184;0.104;0.066;2.538;1.354;0.437;38.989;37.569;135.182;135.209;133.837;28.836;28.071;1.922;0.191;0.071;63.895;199.103;140.060;33.567;0.234;1.518;0.000;0.027;0.000;16;35.097;131.271;4;0;0;0;0;0;0;0
243;1;1;1;0.000000;-0.261799;1.000000;21252.007750;21252.070298;21252.204250;809086;19740;145086;15;1728;19740;21480;100.000;0.550;0.596;557.143;596.114;5.155;170794;157218;145086;0.193;0.110;0.070;2.342;1.111;0.065;35.008;33.828;133.928;133.952;132.819;26.135;25.469;1.620;0.241;0.108;62.548;196.500;137.850;32.380;0.953;1.483;0.000;0.024;0.000;9;31.556;130.452;3;0;0;0;0;0;0;0
244;1;1;1;0.000000;-0.261799;1.000000;21252.040611;21252.106427;21252.238725;804105;21808;145538;17;1733;21808;23780;100.000;0.685;0.744;558.878;597.962;5.707;170234;157262;145538;0.658;0.104;0.065;2.905;1.442;0.078;37.918;36.411;132.289;132.298;130.836;28.661;27.830;1.809;0.193;0.076;65.816;198.114;138.991;36.129;2.796;1.565;0.000;0.009;0.000;9;33.571;127.912;5;0;0;0;0;0;0;0
245;1;1;1;0.000000;-0.261799;1.000000;21252.074729;21252.138513;21252.273183;810243;24252;146056;19;1739;24252;26456;100.000;0.747;0.811;560.868;600.087;6.349;169474;158008;146056;0.193;0.109;0.067;2.775;1.597;0.569;38.798;37.134;134.631;134.671;133.049;28.810;27.910;1.533;0.196;0.678;63.784;198.454;140.117;32.086;1.248;1.545;0.000;0.039;0.000;11;34.426;130.233;6;0;0;0;0;0;0;0
246;1;1;1;0.000000;-0.261799;1.000000;21252.106665;21252.171195;21252.304631;808451;27260;146718;21;1747;27260;29696;100.000;0.791;0.859;563.410;602.809;7.127;169067;158913;146718;0.194;0.109;0.067;2.968;0.946;0.053;35.823;34.810;133.386;133.435;132.470;26.847;26.278;1.398;0.193;1.009;64.531;197.966;138.231;32.683;0.651;1.489;0.000;0.049;0.000;20;31.909;129.451;2;0;0;0;0;0;0;0
247;1;1;1;0.000000;-0.261799;1.000000;21252.140881;21252.205837;21252.337607;818595;29140;147758;23;1760;29140;31808;100.000;0.920;1.001;567.403;607.096;7.634;168817;159536;147758;0.316;0.112;0.068;2.998;1.672;0.208;36.871;35.131;131.744;131.770;130.064;27.981;27.011;2.017;0.319;0.166;64.956;196.726;137.874;34.642;1.308;1.478;0.000;0.026;0.000;15;32.201;127.037;3;0;0;0;0;0;0;0
248;1;1;1;0.000000;-0.261799;1.000000;21252.174113;21252.237996;21252.370906;813416;29140;149576;23;1781;29140;31808;100.000;0.876;0.953;574.384;614.551;7.634;169389;161039;149576;0.193;0.106;0.067;2.390;1.486;0.391;37.984;36.431;132.375;132.909;131.408;28.579;27.724;1.767;0.194;0.064;63.884;196.793;137.839;32.159;1.174;1.459;0.000;0.534;0.000;22;34.108;128.482;2;0;0;0;0;0;0;0
249;1;1;1;0.000000;-0.261799;1.000000;21252.206664;21252.271444;21252.402646;816251;29892;151824;23;1808;29892;32560;100.000;0.936;1.016;583.017;623.793;7.814;170836;162494;151824;0.189;0.113;0.070;2.153;1.505;0.091;35.596;34.022;131.176;131.202;129.666;27.131;26.238;1.409;0.285;0.087;64.780;195.982;136.246;33.448;0.115;1.375;0.000;0.026;0.001;16;31.939;127.484;3;0;0;0;0;0;0;0
250;1;1;1;0.000000;-0.261799;1.000000;21252.241332;21252.303525;21252.439529;820584;28576;153370;22;1826;28576;31128;100.000;0.793;0.861;588.953;630.135;7.471;171835;164174;153370;0.230;0.109;0.066;2.481;1.892;0.566;40.549;38.592;135.986;136.004;134.094;29.814;28.780;1.733;0.201;0.143;62.193;198.197;139.795;32.081;1.253;1.367;0.000;0.018;0.000;14;36.176;131.594;3;0;0;0;0;0;0;0
251;1;1;1;0.000000;-0.261799;1.000000;21252.274028;21252.339752;21252.470391;817535;26884;153478;21;1828;26884;29320;100.000;0.894;0.972;589.368;630.595;7.037;171440;164041;153478;0.187;0.111;0.072;2.501;1.262;0.071;35.216;33.883;130.602;130.639;129.344;26.957;26.196;1.705;0.312;0.114;65.723;196.362;137.324;36.227;2.894;1.463;0.000;0.037;0.001;11;31.453;126.802;3;0;0;0;0;0;0;0
252;1;1;1;0.000000;-0.349066;1.000000;21252.307437;21252.370057;21252.503404;812707;28764;152446;22;1815;28764;31316;100.000;0.826;0.897;585.405;626.339;7.516;169183;161852;152446;0.193;0.112;0.070;2.845;1.767;0.479;36.783;34.947;133.329;133.347;131.558;27.585;26.564;1.449;0.199;0.822;62.620;195.967;137.004;30.305;3.028;1.561;30.685;0.018;0.000;10;32.172;128.694;4;0;0;0;0;0;0;0
253;1;1;1;0.000000;-0.349066;1.000000;21252.339756;21252.405060;21252.536355;811017;29140;150768;23;1795;29140;31808;100.000;0.909;0.989;578.962;619.444;7.634;166396;159186;150768;0.192;0.113;0.071;2.249;1.370;0.079;37.543;36.102;131.273;131.295;129.887;28.594;27.795;1.455;0.301;0.117;65.304;196.599;136.622;35.003;1.670;1.567;0.000;0.022;0.000;9;33.924;127.613;4;0;0;0;0;0;0;0
254;1;1;1;0.000000;-0.349066;1.000000;21252.373895;21252.437282;21252.565272;812416;28012;148606;22;1770;28012;30564;100.000;0.810;0.881;570.660;610.578;7.335;163370;157059;148606;0.179;0.105;0.066;2.016;1.514;0.456;32.538;30.959;127.965;127.990;126.456;25.422;24.482;1.392;0.194;0.080;63.387;191.377;132.205;32.222;1.112;1.539;0.000;0.025;0.000;12;29.008;124.401;4;0;0;0;0;0;0;0
255;1;1;1;0.000000;-0.349066;1.000000;21252.407050;21252.472046;21252.603942;815874;28012;147150;22;1752;28012;30564;100.000;0.918;0.999;565.068;604.581;7.335;161479;154993;147150;0.188;0.110;0.067;2.681;1.236;0.073;42.199;40.896;131.794;131.896;130.642;31.994;31.304;1.557;0.192;0.568;64.996;196.893;137.542;34.764;1.430;1.532;0.000;0.103;0.000;20;38.281;127.856;2;0;0;0;0;0;0;0
256;1;1;1;0.000000;-0.349066;1.000000;21252.441045;21252.502645;21252.636892;811813;137804;146080;105;1740;137804;149984;100.000;4.808;5.229;560.960;600.202;35.996;184042;159743;146080;0.201;0.111;0.069;2.519;1.125;0.061;36.856;35.663;134.204;134.246;133.095;27.454;26.795;1.754;0.280;0.106;61.601;195.847;137.158;30.600;2.734;1.607;0.000;0.042;0.000;37;33.212;130.532;4;0;0;0;0;0;0;0
257;1;1;1;0.000000;-0.349066;1.000000;21252.473603;21252.531382;21252.665216;809323;28200;145366;22;1731;28200;30752;100.000;0.707;0.769;558.218;597.257;7.380;172970;158513;145366;0.181;0.105;0.066;1.978;1.544;0.490;31.966;30.356;132.378;133.834;132.264;23.885;22.951;1.371;0.190;0.066;57.780;191.614;132.150;28.737;4.596;1.794;0.000;1.456;0.000;41;28.443;128.828;2;0;0;0;0;0;0;0
258;1;1;1;0.000000;-0.349066;1.000000;21252.507376;21252.571428;21252.704499;806066;20116;145058;16;1727;20116;21972;100.000;0.650;0.707;557.035;595.984;5.273;169582;156681;145058;0.194;0.108;0.068;2.380;1.066;0.060;42.806;41.672;133.031;133.071;131.982;32.167;31.574;1.666;0.192;0.153;64.052;197.123;138.099;40.046;6.713;2.101;0.000;0.040;0.000;15;39.360;129.560;2;0;0;0;0;0;0;0
259;1;1;1;0.000000;-0.349066;1.000000;21252.540870;21252.602526;21252.735834;803994;21620;144584;17;1722;21620;23592;100.000;0.723;0.786;555.215;594.051;5.662;167719;156312;144584;0.188;0.111;0.071;2.205;1.885;0.581;34.762;32.806;133.266;133.308;131.383;26.077;24.970;1.442;0.269;0.124;61.656;194.964;136.101;31.098;2.235;2.110;0.000;0.042;0.000;16;30.672;129.135;2;0;0;0;0;0;0;0
260;1;1;1;0.000000;-0.349066;1.000000;21252.573901;21252.632574;21252.771412;804675;24252;144650;19;1723;24252;26456;100.000;0.639;0.695;555.468;594.327;6.349;166548;156308;144650;0.174;0.104;0.066;2.436;1.112;0.067;39.686;38.508;138.134;138.838;137.707;28.584;27.964;1.826;0.189;0.076;58.673;197.511;138.346;30.048;3.286;2.183;0.000;0.704;0.000;19;36.138;134.566;2;0;0;0;0;0;0;0
261;1;1;1;0.000000;-0.349066;1.000000;21252.607821;21252.670704;21252.802570;803023;25756;143952;20;1714;25756;28076;100.000;0.795;0.863;552.788;591.444;6.738;164901;155537;143952;0.194;0.110;0.070;2.225;1.801;0.428;34.690;32.819;131.839;131.866;130.033;26.307;25.239;1.455;0.279;0.118;62.883;194.749;136.170;38.130;4.797;2.347;0.000;0.026;0.000;11;30.663;127.780;3;0;0;0;0;0;0;0
262;1;1;1;0.000000;-0.349066;1.000000;21252.641106;21252.703261;21252.839639;804900;27636;144058;21;1715;27636;30072;100.000;493.775;535.594;553.195;591.873;7.217;165202;156576;144058;0.230;0.108;0.069;4.971;1.739;0.107;41.093;39.285;136.344;136.378;134.609;30.131;29.185;2.031;1.212;1.322;62.155;198.534;139.906;32.557;0.777;2.249;0.000;0.034;0.001;13;34.383;129.601;4;0;0;0;0;0;0;0
263;1;1;1;0.000000;-0.349066;1.000000;21252.674024;21252.737884;21252.871978;801032;28764;144662;22;1723;28764;31316;100.000;0.907;0.985;555.515;594.373;7.516;164874;156671;144662;0.193;0.106;0.068;2.867;1.263;0.073;39.053;37.723;134.052;134.094;132.809;29.123;28.404;1.440;0.189;0.871;63.860;197.954;138.911;34.623;1.290;2.189;0.000;0.043;0.000;14;34.923;129.897;3;0;0;0;0;0;0;0
264;1;1;1;0.000000;-0.349066;1.000000;21252.707796;21252.769737;21252.903746;793638;29892;145976;23;1738;29892;32560;100.000;0.859;0.933;560.560;599.757;7.814;164432;156549;145976;0.191;0.106;0.067;2.358;1.393;0.408;35.897;34.438;133.995;134.009;132.598;26.787;25.972;1.663;0.195;0.136;61.941;195.950;137.346;31.853;1.481;2.144;0.000;0.014;0.001;18;32.147;130.222;3;0;0;0;0;0;0;0
265;1;1;1;0.000000;-0.349066;1.000000;21252.740461;21252.804705;21252.938499;801156;29516;148478;23;1768;29516;32184;100.000;0.874;0.950;570.168;610.042;7.724;165765;158390;148478;0.187;0.109;0.068;2.425;1.212;0.065;38.491;37.211;133.784;133.795;132.565;28.769;28.070;1.646;0.195;0.220;64.244;198.039;138.766;34.968;1.635;2.112;0.000;0.011;0.000;17;34.854;130.118;3;0;0;0;0;0;0;0
266;1;1;1;0.000000;-0.349066;1.000000;21252.774212;21252.838874;21252.969712;804749;28576;149922;22;1785;28576;31128;100.000;0.906;0.984;575.713;615.970;7.471;166686;159454;149922;0.188;0.112;0.070;2.483;1.330;0.384;34.836;33.437;130.763;130.838;129.481;26.626;25.824;1.683;0.311;0.119;64.662;195.499;136.645;34.169;0.836;2.033;0.000;0.075;0.000;20;31.024;126.920;3;0;0;0;0;0;0;0
267;1;1;1;0.000000;-0.349066;1.000000;21252.806959;21252.870539;21253.003990;805449;28200;150436;22;1791;28200;30752;100.000;0.823;0.895;577.687;618.079;7.380;166812;159513;150436;0.197;0.112;0.068;2.887;1.221;0.066;38.095;36.806;133.435;133.450;132.210;28.546;27.839;1.421;0.197;0.892;63.580;197.031;137.589;31.665;1.668;2.010;0.000;0.015;0.000;17;33.987;129.306;3;0;0;0;0;0;0;0
268;1;1;1;0.000000;-0.349066;1.000000;21252.841125;21252.904995;21253.035791;805329;27072;149636;21;1782;27072;29508;100.000;0.847;0.920;574.615;614.804;7.082;165619;158598;149636;0.189;0.110;0.070;2.219;2.199;0.520;35.894;33.626;130.769;130.796;128.565;27.443;26.155;1.441;0.297;0.113;63.870;194.666;136.057;34.456;1.122;1.954;0.000;0.027;0.000;11;31.477;126.317;3;0;0;0;0;0;0;0
269;1;1;1;0.000000;-0.349066;1.000000;21252.874349;21252.937122;21253.070867;805419;27448;148420;21;1767;27448;29884;100.000;0.809;0.878;569.945;609.796;7.172;163941;157333;148420;0.199;0.111;0.068;2.845;1.091;0.066;39.504;38.346;133.724;133.745;132.635;29.537;28.911;1.439;0.193;0.835;62.773;196.518;137.800;32.127;1.206;1.908;0.000;0.020;0.000;15;35.569;129.769;3;0;0;0;0;0;0;0
270;1;1;1;0.000000;-0.349066;1.000000;21252.907388;21252.971218;21253.102128;804474;28012;146600;22;1746;28012;30564;100.000;0.896;0.975;562.956;602.334;7.335;161579;155109;146600;0.193;0.108;0.069;2.444;1.328;0.076;35.185;33.789;130.871;130.910;129.555;26.878;26.081;1.673;0.306;0.096;63.830;194.740;135.728;34.096;0.762;1.836;0.000;0.039;0.000;15;31.414;127.070;3;0;0;0;0;0;0;0
271;1;1;1;0.000000;-0.349066;1.000000;21252.941034;21253.002620;21253.136392;796101;135548;145088;103;1728;135548;147496;100.000;147.251;160.126;557.150;596.122;35.399;181623;158138;145088;0.192;0.111;0.069;2.422;1.336;0.415;38.040;36.636;133.746;133.772;132.417;28.436;27.667;1.645;0.282;0.124;61.586;195.358;136.658;31.402;1.931;1.842;0.000;0.026;0.000;42;34.283;129.967;4;0;0;0;0;0;0;0
272;1;1;1;0.000000;-0.436332;1.000000;21252.973898;21253.037836;21253.171748;805073;28012;144742;22;1724;28012;30564;100.000;0.886;0.963;555.822;594.703;7.335;170748;156069;144742;1.246;0.110;0.067;4.171;1.142;0.064;39.103;37.894;133.861;133.912;132.746;29.200;28.546;1.533;0.190;1.025;63.938;197.851;138.682;35.216;1.882;1.845;31.129;0.051;0.001;21;33.790;128.521;2;0;0;0;0;0;0;0
273;1;1;1;0.000000;-0.436332;1.000000;21253.007266;21253.069598;21253.204972;797204;23688;144320;18;1719;23688;25776;100.000;0.688;0.746;554.201;592.969;6.186;168031;154647;144320;0.190;0.109;0.068;2.224;1.786;0.437;38.539;36.686;135.345;135.374;133.571;28.469;27.466;1.505;0.185;0.167;62.332;197.706;138.572;31.762;1.571;1.827;0.000;0.028;0.000;14;34.530;131.317;3;0;0;0;0;0;0;0
274;1;1;1;0.000000;-0.436332;1.000000;21253.040448;21253.104218;21253.238118;805139;22748;144042;18;1715;22748;24836;100.000;0.681;0.740;553.134;591.812;5.961;166278;154233;144042;0.197;0.110;0.069;2.746;1.271;0.071;37.147;35.807;133.870;133.900;132.606;27.743;27.003;1.516;0.189;0.665;63.770;197.670;138.384;34.620;1.287;1.794;0.000;0.030;0.000;12;33.130;129.828;4;0;0;0;0;0;0;0
275;1;1;1;0.000000;-0.436332;1.000000;21253.074093;21253.137840;21253.270618;808073;25756;144130;20;1716;25756;28076;100.000;0.794;0.862;553.472;592.172;6.738;164563;153180;144130;0.194;0.109;0.067;2.396;1.788;0.417;36.471;34.616;132.730;132.778;130.943;27.467;26.436;1.605;0.304;0.119;63.747;196.525;137.551;33.622;0.289;1.700;0.000;0.048;0.000;19;32.286;128.477;2;0;0;0;0;0;0;0
276;1;1;1;0.000000;-0.436332;1.000000;21253.107240;21253.170421;21253.303861;813584;26320;144164;20;1717;26320;28640;100.000;0.743;0.806;553.602;592.325;6.874;164571;154318;144164;0.192;0.111;0.068;2.641;0.830;0.045;37.447;36.549;133.416;133.440;132.586;28.063;27.566;1.547;0.188;0.536;63.182;196.622;137.461;32.582;0.752;1.640;0.000;0.023;0.000;8;33.975;129.920;4;0;0;0;0;0;0;0
277;1;1;1;0.000000;-0.436332;1.000000;21253.140428;21253.206039;21253.335990;812306;29140;144334;23;1719;29140;31808;100.000;0.945;1.029;554.255;593.023;7.634;163678;153980;144334;0.189;0.110;0.067;2.182;1.646;0.097;35.592;33.880;129.915;129.951;128.279;27.389;26.411;1.420;0.273;0.123;65.611;195.563;136.257;35.617;2.284;1.681;0.000;0.037;0.001;17;31.765;126.057;3;0;0;0;0;0;0;0
278;1;1;1;0.000000;-0.436332;1.000000;21253.174353;21253.237051;21253.372425;817500;29516;144850;23;1725;29516;32184;100.000;0.834;0.906;556.236;595.140;7.724;163269;154667;144850;0.227;0.104;0.065;2.573;1.491;0.499;40.261;38.705;135.325;135.374;133.859;29.740;28.915;1.805;0.190;0.181;62.698;198.073;139.359;31.012;2.321;1.721;0.000;0.049;0.000;22;36.196;131.236;2;0;0;0;0;0;0;0
279;1;1;1;0.000000;-0.436332;1.000000;21253.207214;21253.272636;21253.403225;824803;30456;147006;24;1751;30456;33240;100.000;1.001;1.089;564.516;604.006;7.978;164265;155679;147006;0.194;0.110;0.069;2.463;1.355;0.083;34.861;33.437;130.545;130.588;129.208;26.695;25.878;1.691;0.288;0.112;65.422;196.010;136.824;35.585;2.252;1.754;0.000;0.043;0.000;11;31.043;126.701;4;0;0;0;0;0;0;0
280;1;1;1;0.000000;-0.436332;1.000000;21253.240782;21253.303274;21253.440141;813944;29704;149388;23;1779;29704;32372;100.000;0.850;0.923;573.662;613.784;7.769;166141;158254;149388;0.223;0.110;0.066;3.411;1.568;0.482;40.737;39.103;136.825;136.867;135.281;29.764;28.905;1.393;0.197;1.423;62.491;199.359;140.407;30.637;2.696;1.813;0.000;0.042;0.000;22;35.757;131.826;2;0;0;0;0;0;0;0
281;1;1;1;0.000000;-0.436332;1.000000;21253.273072;21253.338412;21253.469052;815307;30268;150146;23;1788;30268;32936;100.000;447.189;485.197;576.573;616.898;7.905;166016;158480;150146;0.189;0.112;0.069;2.196;1.547;0.091;33.874;32.258;130.592;130.640;129.061;25.929;24.994;1.425;0.294;0.109;65.339;195.980;135.986;35.138;1.805;1.812;0.000;0.049;0.000;17;30.130;126.814;2;0;0;0;0;0;0;0
282;1;1;1;0.000000;-0.436332;1.000000;21253.307272;21253.370341;21253.507162;816329;27260;149960;21;1786;27260;29696;100.000;0.784;0.851;575.859;616.139;7.127;165440;158206;149960;0.198;0.108;0.066;4.737;2.437;0.610;41.843;39.341;136.790;136.821;134.345;30.583;29.284;1.617;0.918;1.831;63.069;199.890;140.762;31.929;1.404;1.787;0.000;0.031;0.000;10;34.670;129.575;3;0;0;0;0;0;0;0
283;1;1;1;0.000000;-0.436332;1.000000;21253.340200;21253.405329;21253.540607;813249;27636;148574;21;1769;27636;30072;100.000;439.350;476.559;570.537;610.433;7.217;163646;156455;148574;1.212;0.110;0.068;4.308;1.282;0.071;40.633;39.284;135.232;135.277;133.977;30.037;29.322;1.548;0.207;1.163;65.129;200.406;140.873;34.988;1.655;1.778;0.000;0.045;0.000;14;35.044;129.620;2;0;0;0;0;0;0;0
284;1;1;1;0.000000;-0.523599;1.000000;21253.374259;21253.436586;21253.572028;809333;28012;146866;22;1749;28012;30564;100.000;0.807;0.878;563.978;603.423;7.335;161321;154158;146866;0.194;0.111;0.067;2.734;1.355;0.075;36.997;35.576;135.407;135.442;134.059;27.316;26.537;1.506;0.197;0.660;62.328;197.770;138.962;31.257;2.076;1.797;17.404;0.035;0.001;16;32.908;131.288;3;0;0;0;0;0;0;0
285;1;1;1;0.000000;-0.523599;1.000000;21253.406905;21253.471480;21253.605995;815482;29140;145550;23;1733;29140;31808;100.000;0.863;0.940;558.924;598.008;7.634;159554;152609;145550;0.188;0.115;0.068;2.219;2.869;0.880;38.035;35.098;134.466;134.515;131.614;28.275;26.667;1.449;0.288;0.112;64.575;199.090;139.595;34.893;1.560;1.782;0.000;0.049;0.000;21;32.946;129.331;2;0;0;0;0;0;0;0
286;1;1;1;0.000000;-0.523599;1.000000;21253.441180;21253.505517;21253.639009;814633;136300;144160;104;1717;136300;148364;100.000;4.062;4.418;553.587;592.310;35.607;181574;157734;144160;0.195;0.109;0.068;2.376;1.265;0.073;38.108;36.776;133.464;133.492;132.204;28.547;27.817;1.670;0.189;0.146;64.337;197.829;139.276;34.037;0.704;1.715;0.000;0.028;0.000;65;34.467;129.799;4;0;0;0;0;0;0;0
287;1;1;1;0.000000;-0.523599;1.000000;21253.473505;21253.539160;21253.673908;814941;28388;142853;22;1701;28388;30940;100.000;0.903;0.982;548.568;586.930;7.426;171992;156166;142853;0.189;0.110;0.069;4.533;2.074;0.635;38.527;36.384;134.712;134.748;132.640;28.592;27.430;1.624;1.212;1.329;65.656;200.404;140.841;33.643;0.310;1.627;0.000;0.036;0.000;15;31.920;128.070;3;0;0;0;0;0;0;0
288;1;1;1;0.000000;-0.523599;1.000000;21253.507955;21253.570759;21253.707920;818847;23124;142468;18;1697;23124;25212;100.000;0.642;0.698;547.090;585.361;6.051;168291;154504;142468;0.184;0.106;0.066;3.383;1.281;0.075;40.619;39.272;137.117;137.161;135.851;29.614;28.908;1.477;0.192;1.358;62.804;199.965;141.520;31.599;1.735;1.634;0.000;0.045;0.000;17;35.955;132.422;2;0;0;0;0;0;0;0
289;1;1;1;0.000000;-0.523599;1.000000;21253.540046;21253.606954;21253.737484;824052;20868;142484;16;1697;20868;22724;100.000;0.656;0.711;547.151;585.423;5.454;165863;153398;142484;0.189;0.109;0.070;2.396;1.263;0.073;34.220;32.887;130.493;130.531;129.236;26.216;25.447;1.654;0.252;0.123;66.908;197.439;137.751;36.195;2.861;1.710;0.000;0.038;0.001;15;30.561;126.798;2;0;0;0;0;0;0;0
290;1;1;1;0.000000;-0.523599;1.000000;21253.574486;21253.639012;21253.772848;835458;25756;143172;20;1705;25756;28076;100.000;0.775;0.842;549.793;588.245;6.738;164947;153449;143172;0.179;0.109;0.065;2.411;1.836;0.604;39.023;37.122;133.805;133.836;131.973;29.157;28.129;1.374;0.190;0.494;64.526;198.361;139.781;32.059;1.275;1.683;0.000;0.030;0.000;10;34.776;129.530;5;0;0;0;0;0;0;0
291;1;1;1;0.000000;-0.523599;1.000000;21253.607776;21253.672531;21253.803242;819605;26508;143314;21;1707;26508;28944;100.000;0.830;0.904;550.338;588.836;6.947;163739;154107;143314;0.241;0.115;0.071;2.445;1.361;0.079;34.640;33.209;130.675;130.711;129.326;26.502;25.678;1.642;0.286;0.090;64.755;195.466;136.842;33.519;0.185;1.590;0.000;0.036;0.000;15;30.835;126.843;3;0;0;0;0;0;0;0
292;1;1;1;0.000000;-0.523599;1.000000;21253.641186;21253.704624;21253.833289;827799;26508;143732;21;1712;26508;28944;100.000;0.758;0.825;551.943;590.554;6.947;162723;153490;143732;0.183;0.106;0.065;2.360;1.507;0.470;33.847;32.276;128.646;128.665;127.132;26.306;25.388;1.729;0.189;0.087;63.438;192.102;133.555;32.093;1.240;1.568;0.000;0.019;0.000;14;29.980;124.751;3;0;0;0;0;0;0;0
293;1;1;1;0.000000;-0.523599;1.000000;21253.674218;21253.739771;21253.870472;830771;28388;144010;22;1715;28388;30940;100.000;0.940;1.021;553.011;591.689;7.426;162092;153712;144010;0.195;0.112;0.070;2.904;1.108;0.062;41.053;39.876;130.545;130.701;129.573;31.410;30.775;1.446;0.191;0.890;65.553;196.254;137.405;35.147;1.814;1.583;0.000;0.156;0.000;21;37.042;126.512;2;0;0;0;0;0;0;0
294;1;1;1;0.000000;-0.523599;1.000000;21253.708000;21253.770124;21253.902949;835004;29892;145768;23;1736;29892;32560;100.000;1.029;1.117;559.762;598.913;7.814;162951;155410;145768;0.199;0.111;0.071;2.627;1.578;0.161;36.467;34.818;132.782;132.825;131.208;27.455;26.537;1.844;0.297;0.106;62.124;194.949;136.549;30.353;2.980;1.670;0.000;0.042;0.000;13;32.262;128.536;4;0;0;0;0;0;0;0
295;1;1;1;0.000000;-0.523599;1.000000;21253.739935;21253.799317;21253.930801;814967;29328;148094;23;1764;29328;31996;100.000;0.748;0.814;568.693;608.477;7.679;164504;157291;148094;0.182;0.109;0.067;2.268;1.764;0.587;32.048;30.217;131.441;131.485;129.685;24.374;23.301;1.560;0.245;0.106;59.381;190.866;131.068;29.193;4.141;1.825;0.000;0.043;0.001;18;28.016;127.363;3;0;0;0;0;0;0;0
296;1;1;1;0.000000;-0.523599;1.000000;21253.774241;21253.838718;21254.004745;818656;29140;149404;23;1779;29140;31808;100.000;0.952;1.036;573.724;613.846;7.634;165187;157982;149404;0.186;0.111;0.068;1.994;1.133;0.063;77.992;76.791;165.992;166.027;164.878;46.975;46.575;1.373;0.194;0.062;64.478;230.504;171.678;39.402;6.068;2.090;0.000;0.035;0.000;13;74.865;162.848;4;0;0;0;0;0;0;0
297;1;1;1;0.000000;-0.523599;1.000000;21253.807365;21253.869508;21254.024781;819807;28012;149370;22;1779;28012;30564;100.000;1.004;1.092;573.593;613.715;7.335;164876;157862;149370;0.191;0.117;0.072;2.434;1.623;0.513;23.155;21.461;155.253;155.273;153.629;14.912;13.969;1.666;0.249;0.139;62.143;217.416;158.381;30.790;2.544;2.118;0.000;0.020;0.000;12;19.098;151.174;3;0;0;0;0;0;0;0
298;1;1;1;0.000000;-0.610865;1.000000;21253.839965;21253.897550;21254.043018;814766;27636;148012;21;1763;27636;30072;100.000;556.299;603.414;568.379;608.139;7.217;163046;156178;148012;0.183;0.106;0.066;2.001;1.319;0.073;22.293;20.908;145.426;145.468;144.129;15.325;14.506;1.378;0.193;0.074;57.586;203.053;143.285;28.043;5.291;2.317;8.682;0.041;0.000;19;18.973;142.086;3;0;0;0;0;0;0;0
299;1;1;1;0.000000;-0.610865;1.000000;21253.873759;21253.981029;21254.063926;809259;28576;146174;22;1741;28576;31128;100.000;540.998;587.503;561.321;600.585;7.471;160426;153639;146174;0.186;0.106;0.066;1.990;1.493;0.452;24.218;22.659;82.866;82.897;81.377;29.214;27.844;1.372;0.191;0.069;107.270;190.167;130.859;83.478;50.145;5.306;0.000;0.031;0.000;12;20.735;79.355;3;0;0;0;0;0;0;0
300;1;1;1;0.000000;-0.610865;1.000000;21253.908547;21253.981086;21254.095768;812212;28952;144110;22;1716;28952;31504;100.000;11.264;12.220;553.395;592.095;7.561;158215;151340;144110;0.183;0.105;0.066;1.981;1.058;0.059;35.333;34.209;114.410;114.682;113.607;30.809;30.112;1.373;0.187;0.066;72.538;187.221;129.368;0.057;33.276;7.054;0.000;0.272;0.000;29;32.294;111.353;2;0;0;0;0;0;0;0
