frame_id;rx_complete;tx_complete;current_skip;yaw;pitch;zoom;camera_send_timestamp;recv_start_timestamp;node_exit_timestamp;original_points;rx_media_bytes;tx_points;rx_packets;tx_packets;payload_bytes;reference_size_bytes;data_integrity_pct;internal_throughput_mbs;reference_throughput_mbs;logical_bitrate_mbps;network_bitrate_mbps;reference_bitrate_mbps;arrived_points;eroded_points;valid_points;erosion_ms;reconstruction_ms;pose_ms;reconstruction_pipeline_ms;tx_duration_ms;active_tx_ms;active_process_ms;reference_process_ms;total_processing_ms;total_residency_ms;reference_residency_ms;node_efficiency_pct;reference_efficiency_pct;gpu_transfer_ms;gpu_copyback_ms;host_overhead_ms;camera_node_ms;e2e_latency_ms;schedule_delay_ms;inter_arrival_ms;instant_jitter_ms;desynced_jitter_ms;pose_control_ms;codec_queue_ms;frame_queue_ms;codec_backlog;decode_service_ms;decode_h265_ms;ffmpeg_write_calls;ffmpeg_write_failures;codec_queue_drops;tx_zero_accepts;tx_partial_accepts;tx_resubmit_calls;tx_resubmitted_packets;mbuf_starvation
1;1;1;1;0.000000;0.000000;1.000000;21713.096368;21713.157328;21713.297737;784142;141940;146318;108;3658;141940;154468;100.000;3.245;3.529;561.874;644.386;37.072;178911;159140;146318;0.254;0.126;0.077;3.174;1.830;0.186;33.806;31.899;140.381;140.409;138.565;24.077;23.021;1.540;0.191;0.987;60.961;201.369;140.409;0.000;0.000;0.000;0.000;0.027;0.000;51;28.801;135.362;5;0;0;0;0;0;0;0
2;1;1;1;0.000000;0.000000;1.000000;21713.129955;21713.201178;21713.337805;783406;29140;144182;23;3605;29140;31808;100.000;0.744;0.810;553.671;634.988;7.634;169393;156499;144182;0.199;0.115;0.072;2.151;2.443;0.757;45.058;42.544;127.089;136.627;134.158;32.979;31.712;1.411;0.256;0.099;71.223;207.850;147.143;43.850;10.516;0.657;0.000;9.538;0.000;25;40.465;122.469;2;0;0;0;0;0;0;0
3;1;1;1;0.000000;0.000000;1.000000;21713.163099;21713.240515;21713.374694;780200;23124;141754;18;3544;23124;25212;100.000;0.807;0.876;544.348;624.288;6.051;164369;153953;141754;0.199;0.116;0.071;2.464;2.509;0.722;41.482;38.903;134.144;134.179;131.649;30.916;29.550;1.723;0.226;0.129;77.415;211.595;150.699;39.337;6.003;0.991;0.000;0.035;0.000;14;36.510;129.148;4;0;0;0;0;0;0;0
4;1;1;1;0.000000;0.000000;1.000000;21713.197570;21713.269396;21713.405316;778467;22560;139430;18;3486;22560;24648;100.000;0.577;0.627;535.424;614.055;5.916;160176;150044;139430;0.195;0.117;0.076;2.147;2.132;0.623;35.592;33.385;135.897;135.920;133.767;26.186;24.957;1.410;0.258;0.091;71.826;207.746;147.988;28.881;4.452;1.208;0.000;0.023;0.001;6;31.313;131.595;7;0;0;0;0;0;0;0
5;1;1;1;0.000000;0.000000;1.000000;21713.230537;21713.308728;21713.441857;776427;22184;137802;17;3446;22184;24156;100.000;0.623;0.676;529.172;606.901;5.797;157416;147596;137802;0.197;0.114;0.071;2.462;2.549;0.625;40.821;38.201;132.250;133.129;130.563;30.663;29.259;1.756;0.225;0.101;78.192;211.321;151.196;39.332;5.999;1.507;0.000;0.879;0.000;17;35.809;127.220;2;0;0;0;0;0;0;0
6;1;1;1;0.000000;0.000000;1.000000;21713.263685;21713.344542;21713.483489;774893;24440;137230;19;3431;24440;26644;100.000;0.851;0.925;526.976;604.367;6.395;155670;146710;137230;0.183;0.105;0.066;2.458;1.876;0.553;46.638;44.697;138.898;138.948;137.053;33.565;32.613;1.798;0.184;0.122;80.856;219.804;159.494;35.813;2.480;1.568;0.000;0.050;0.000;18;42.304;134.542;2;0;0;0;0;0;0;0
7;1;1;1;0.000000;0.000000;1.000000;21713.297599;21713.377090;21713.510837;775949;24816;137590;19;3440;24816;27020;100.000;0.701;0.760;528.358;605.952;6.485;155681;147307;137590;0.184;0.108;0.066;2.605;2.363;0.729;31.672;29.243;133.709;133.748;131.359;23.680;22.262;1.857;0.267;0.124;79.490;213.238;153.509;32.548;0.785;1.519;0.000;0.039;0.000;18;26.704;128.714;2;0;0;0;0;0;0;0
8;1;1;1;0.000000;0.000000;1.000000;21713.331446;21713.412717;21713.546984;775463;26320;137746;20;3444;26320;28640;100.000;810.661;879.178;528.957;606.641;6.874;154865;147231;137746;0.184;0.108;0.065;2.314;1.976;0.571;41.123;39.082;134.224;134.267;132.277;30.628;29.546;1.681;0.181;0.096;81.272;215.539;156.323;35.628;2.294;1.568;0.000;0.043;0.000;20;36.832;129.919;1;0;0;0;0;0;0;0
9;1;1;1;0.000000;0.000000;1.000000;21713.364110;21713.449988;21713.584678;775698;26320;138024;20;3451;26320;28640;100.000;0.972;1.054;530.025;607.867;6.874;154536;147397;138024;0.182;0.106;0.065;2.570;2.299;0.653;41.965;39.602;134.662;134.689;132.372;31.157;29.917;1.875;0.188;0.153;85.878;220.567;160.683;37.271;3.938;1.716;0.000;0.027;0.000;15;37.096;129.763;3;0;0;0;0;0;0;0
10;1;1;1;0.000000;0.000000;1.000000;21713.399248;21713.481424;21713.613459;778020;25380;138278;20;3457;25380;27700;100.000;0.739;0.804;531.000;608.977;6.648;154048;146829;138278;0.230;0.109;0.067;2.559;2.549;0.670;33.638;31.022;131.974;132.034;129.459;25.476;23.963;1.797;0.224;0.134;82.176;214.210;156.130;31.436;1.898;1.727;0.000;0.061;0.000;19;28.530;126.837;2;0;0;0;0;0;0;0
11;1;1;1;0.000000;0.000000;1.000000;21713.432782;21713.515931;21713.650299;778554;23876;139114;19;3478;23876;26080;100.000;0.679;0.739;534.210;612.661;6.259;154631;147856;139114;0.182;0.104;0.066;2.236;2.020;0.496;41.953;39.868;134.328;134.368;132.331;31.223;30.127;1.578;0.212;0.094;83.150;217.517;159.637;34.507;1.174;1.692;0.000;0.039;0.000;16;37.697;130.053;3;0;0;0;0;0;0;0
12;1;1;1;0.000000;0.000000;1.000000;21713.463981;21713.551342;21713.689354;779986;25568;140496;20;3513;25568;27888;100.000;0.883;0.960;539.517;618.758;6.693;155390;148887;140496;0.185;0.106;0.065;2.099;1.431;0.394;43.312;41.817;137.981;138.012;136.567;31.383;30.620;1.481;0.184;0.078;87.361;225.374;165.359;35.411;2.078;1.717;0.000;0.031;0.000;9;39.782;134.436;5;0;0;0;0;0;0;0
13;1;1;1;0.000000;0.000000;1.000000;21713.498948;21713.582061;21713.718653;780926;26132;142868;20;3572;26132;28452;100.000;0.684;0.743;548.626;629.197;6.828;157628;151036;142868;0.182;0.106;0.066;2.557;2.330;0.647;32.821;30.425;136.550;136.591;134.244;24.029;22.664;1.873;0.205;0.125;83.113;219.705;161.324;30.719;2.614;1.773;0.000;0.042;0.000;19;27.934;131.643;2;0;0;0;0;0;0;0
14;1;1;1;0.000000;0.000000;1.000000;21713.531363;21713.620435;21713.758866;782770;26696;144928;21;3624;26696;29132;100.000;0.752;0.818;556.536;638.281;6.992;159237;152878;144928;0.186;0.107;0.066;1.985;2.673;0.682;45.101;42.363;138.423;138.431;135.745;32.580;31.208;1.373;0.189;0.064;89.072;227.503;168.204;38.374;5.040;1.977;0.000;0.009;0.000;14;40.443;133.749;4;0;0;0;0;0;0;0
15;1;1;1;0.000000;0.000000;1.000000;21713.565881;21713.656080;21713.798186;784474;27260;146044;21;3652;27260;29696;100.000;0.990;1.075;560.821;643.198;7.127;159802;153172;146044;0.190;0.108;0.066;4.497;2.343;0.609;43.962;41.554;142.068;142.106;139.736;30.936;29.737;1.619;1.222;1.293;90.199;232.305;174.191;35.645;2.312;1.998;0.000;0.038;0.000;14;37.122;135.199;4;0;0;0;0;0;0;0
16;1;1;1;0.000000;0.000000;1.000000;21713.597758;21713.683721;21713.828958;785193;131600;145822;100;3646;131600;143200;100.000;49.899;54.261;559.969;642.210;34.368;177968;156948;145822;0.195;0.112;0.069;2.417;2.699;0.648;37.611;34.844;145.206;145.237;142.513;25.896;24.449;1.653;0.271;0.118;85.963;231.200;171.630;27.641;5.693;2.229;0.000;0.031;0.000;51;32.495;140.064;7;0;0;0;0;0;0;0
17;1;1;1;0.000000;0.000000;1.000000;21713.632176;21713.725544;21713.864076;782720;28764;144126;22;3604;28764;31316;100.000;0.756;0.821;553.456;634.750;7.516;169048;155711;144126;0.187;0.108;0.066;2.066;2.208;0.573;40.230;37.957;138.498;138.531;136.298;29.041;27.849;1.384;0.190;0.132;93.368;231.900;173.414;41.824;8.490;2.620;0.000;0.034;0.000;12;35.956;134.196;3;0;0;0;0;0;0;0
18;1;1;1;0.000000;0.000000;1.000000;21713.663232;21713.763756;21713.900926;781613;23124;141930;18;3549;23124;25212;100.000;0.711;0.773;545.024;625.077;6.051;164438;152319;141930;0.183;0.106;0.065;2.053;2.350;0.652;41.129;38.714;137.132;137.170;134.803;29.984;28.719;1.424;0.187;0.087;100.524;237.694;176.931;38.211;4.878;2.761;0.000;0.038;0.001;17;36.726;132.710;2;0;0;0;0;0;0;0
19;1;1;1;0.000000;0.000000;1.000000;21713.698204;21713.796496;21713.932920;780006;22184;139740;17;3494;22184;24156;100.000;0.580;0.629;536.614;615.426;5.797;160724;150232;139740;0.238;0.108;0.065;3.253;3.165;0.882;36.373;33.144;136.379;136.424;133.234;26.662;24.876;2.442;0.278;0.122;98.292;234.716;175.592;32.740;0.593;2.626;0.000;0.045;0.000;16;29.956;129.922;2;0;0;0;0;0;0;0
20;1;1;1;0.000000;0.000000;1.000000;21713.729315;21713.835021;21713.967821;780302;22936;138346;18;3459;22936;25024;100.000;0.623;0.677;531.261;609.284;6.006;158111;148368;138346;0.182;0.104;0.063;1.992;1.664;0.166;41.320;39.592;132.669;132.800;131.114;31.115;30.197;1.392;0.181;0.069;105.706;238.506;177.160;38.525;5.192;2.786;0.000;0.131;0.000;18;37.664;128.990;2;0;0;0;0;0;0;0
21;1;1;1;0.000000;0.000000;1.000000;21713.763232;21713.872078;21714.006000;779066;24816;137844;19;3447;24816;27020;100.000;0.876;0.951;529.333;607.085;6.485;156169;147318;137844;0.181;0.105;0.066;2.448;2.227;0.651;41.824;39.531;133.874;133.922;131.665;31.230;30.024;1.714;0.258;0.124;108.845;242.767;182.005;37.057;3.723;2.845;0.000;0.048;0.000;18;37.149;129.168;2;0;0;0;0;0;0;0
22;1;1;1;0.000000;0.000000;1.000000;21713.795776;21713.900536;21714.033938;778280;25192;138092;20;3453;25192;27512;100.000;0.623;0.678;530.286;608.173;6.603;156257;148169;138092;0.228;0.109;0.067;3.577;2.172;0.580;32.621;30.383;133.338;133.401;131.212;24.453;23.156;2.631;0.184;0.359;104.761;238.162;176.609;28.459;4.875;2.972;0.000;0.063;0.000;20;26.872;127.569;2;0;0;0;0;0;0;0
23;1;1;1;0.000000;0.000000;1.000000;21713.829921;21713.941252;21714.073820;778907;25944;138240;20;3456;25944;28264;100.000;0.780;0.847;530.854;608.809;6.783;155625;148274;138240;0.184;0.105;0.065;2.520;2.525;0.729;45.615;43.025;132.536;132.568;130.012;34.409;33.093;1.771;0.280;0.116;111.331;243.900;183.159;40.716;7.383;3.247;0.000;0.033;0.001;12;40.570;127.458;3;0;0;0;0;0;0;0
24;1;1;1;0.000000;0.000000;1.000000;21713.864016;21713.974697;21714.109609;779289;24064;138556;19;3464;24064;26268;100.000;0.873;0.949;532.068;610.203;6.304;155068;147825;138556;0.219;0.104;0.063;2.366;2.738;0.809;40.835;38.034;134.877;134.912;132.148;30.268;28.781;1.629;0.232;0.118;110.681;245.593;185.614;33.445;0.112;3.051;0.000;0.035;0.000;12;35.732;129.746;3;0;0;0;0;0;0;0
25;1;1;1;0.000000;0.000000;1.000000;21713.897503;21714.002505;21714.152254;779739;25004;138952;19;3474;25004;27208;100.000;456.712;495.226;533.588;611.949;6.530;154886;148003;138952;0.185;0.105;0.065;2.425;2.144;0.650;47.743;45.534;149.683;149.749;147.578;31.882;30.854;1.717;0.241;0.112;105.002;254.751;194.926;27.808;5.526;3.206;0.000;0.066;0.001;19;43.174;145.085;1;0;0;0;0;0;0;0
26;1;1;1;0.000000;0.000000;1.000000;21713.930057;21714.044454;21714.180766;779364;26508;139454;21;3487;26508;28944;100.000;0.774;0.843;535.516;614.170;6.947;155037;148137;139454;0.179;0.105;0.065;2.435;2.757;0.758;33.083;30.261;136.255;136.312;133.534;24.270;22.662;1.785;0.185;0.117;114.397;250.708;190.104;41.949;8.616;3.544;0.000;0.057;0.001;20;27.891;131.039;2;0;0;0;0;0;0;0
27;1;1;1;0.000000;0.000000;1.000000;21713.964402;21714.078910;21714.218991;780025;26508;140520;21;3513;26508;28944;100.000;0.672;0.732;539.609;618.850;6.947;155674;148906;140520;0.184;0.105;0.065;2.453;1.472;0.463;43.418;41.881;140.027;140.081;138.594;30.995;30.219;1.785;0.206;0.108;114.508;254.589;194.996;34.456;1.122;3.393;0.000;0.054;0.000;19;39.493;136.085;2;0;0;0;0;0;0;0
28;1;1;1;0.000000;0.000000;1.000000;21713.997075;21714.118505;21714.247071;780373;26696;141820;21;3546;26696;29132;100.000;1.021;1.110;544.601;624.587;6.992;156436;150018;141820;0.181;0.106;0.065;2.422;2.671;0.769;31.994;29.258;128.528;128.566;125.873;24.885;23.244;1.710;0.232;0.127;121.430;249.996;189.743;39.595;6.262;3.572;0.000;0.038;0.001;20;26.901;123.412;2;0;0;0;0;0;0;0
29;1;1;1;0.000000;0.000000;1.000000;21714.031476;21714.148581;21714.287624;781651;27824;143812;22;3596;27824;30376;100.000;0.817;0.889;552.251;633.364;7.290;158103;151744;143812;0.180;0.106;0.065;2.256;2.070;0.594;45.636;43.501;139.010;139.043;136.956;32.821;31.763;1.604;0.203;0.099;117.105;256.148;196.962;30.076;3.257;3.552;0.000;0.033;0.001;15;41.309;134.654;3;0;0;0;0;0;0;0
30;1;1;1;0.000000;0.000000;1.000000;21714.066272;21714.183506;21714.323553;781375;26508;144756;21;3619;26508;28944;100.000;0.930;1.012;555.876;637.508;6.947;158909;152425;144756;0.223;0.106;0.066;2.127;1.809;0.556;40.250;38.375;139.978;140.047;138.219;28.740;27.764;1.456;0.191;0.086;117.234;257.281;199.558;34.925;1.592;3.430;0.000;0.069;0.000;19;36.314;136.021;2;0;0;0;0;0;0;0
31;1;1;1;0.000000;0.000000;1.000000;21714.097508;21714.212113;21714.352241;784392;130848;143948;100;3599;130848;142448;100.000;3.215;3.498;552.773;633.954;34.188;176776;155937;143948;0.181;0.107;0.066;2.449;2.074;0.630;32.618;30.478;140.077;140.129;138.032;23.277;22.080;1.711;0.262;0.122;114.604;254.733;194.913;28.606;4.727;3.511;0.000;0.052;0.000;32;28.094;135.529;8;0;0;0;0;0;0;0
32;1;1;1;0.000000;0.000000;1.000000;21714.133543;21714.252883;21714.389933;782671;28764;141972;22;3550;28764;31316;100.000;0.779;0.846;545.185;625.260;7.516;167823;154032;141972;0.185;0.105;0.070;2.221;1.922;0.514;42.218;40.227;137.027;137.050;135.114;30.805;29.773;1.502;0.187;0.172;119.340;256.390;199.271;40.770;7.437;3.756;0.000;0.023;0.000;15;38.075;132.867;3;0;0;0;0;0;0;0
33;1;1;1;0.000000;0.000000;1.000000;21714.165219;21714.289954;21714.431812;776999;23688;139814;18;3496;23688;25776;100.000;0.877;0.951;536.898;615.756;6.186;162493;151172;139814;0.221;0.103;0.063;4.384;2.061;0.617;45.998;43.874;141.841;141.858;139.764;32.425;31.391;1.472;1.209;1.315;124.735;266.594;207.817;37.071;3.738;3.755;0.000;0.018;0.001;9;39.553;135.359;4;0;0;0;0;0;0;0
34;1;1;1;0.000000;0.000000;1.000000;21714.198667;21714.319885;21714.464026;778650;23124;137648;18;3442;23124;25212;100.000;0.624;0.678;528.581;606.220;6.051;158009;147496;137648;1.099;0.108;0.068;4.518;2.181;0.582;38.671;36.422;144.111;144.142;141.943;26.828;25.659;1.778;0.184;1.281;121.218;265.359;206.698;29.931;3.402;3.733;0.000;0.031;0.000;11;31.971;137.392;3;0;0;0;0;0;0;0
35;1;1;1;0.000000;0.000000;1.000000;21714.230925;21714.357113;21714.501626;778007;23124;137154;18;3429;23124;25212;100.000;0.605;0.657;526.684;604.030;6.051;156436;146459;137154;0.224;0.104;0.063;2.355;2.755;0.677;44.294;41.475;144.474;144.513;141.739;30.650;29.262;1.690;0.193;0.080;126.188;270.702;210.965;37.228;3.895;3.743;0.000;0.040;0.000;17;39.183;139.343;2;0;0;0;0;0;0;0
36;1;1;1;0.000000;0.000000;1.000000;21714.264746;21714.395542;21714.533973;776483;25004;138046;19;3452;25004;27208;100.000;0.715;0.775;530.109;607.974;6.530;155955;147025;138046;0.226;0.104;0.065;2.451;1.894;0.345;37.451;35.493;138.394;138.431;136.516;27.054;25.999;1.390;0.178;0.487;130.796;269.227;209.978;38.429;5.096;3.828;0.000;0.037;0.001;10;33.107;134.026;3;0;0;0;0;0;0;0
37;1;1;1;0.000000;0.000000;1.000000;21714.296037;21714.430650;21714.567493;781287;26132;139346;20;3484;26132;28452;100.000;0.752;0.816;535.101;613.688;6.828;157465;149465;139346;0.228;0.105;0.063;5.640;2.843;0.928;37.855;34.949;136.809;136.842;133.977;27.663;26.086;2.665;1.206;1.371;134.613;271.455;210.164;35.108;1.774;3.699;0.000;0.034;0.001;20;29.372;128.300;2;0;0;0;0;0;0;0
38;1;1;1;0.000000;0.000000;1.000000;21714.330928;21714.465587;21714.612563;780329;27824;141098;22;3528;27824;30376;100.000;0.756;0.822;541.829;621.408;7.290;157640;150117;141098;0.174;0.102;0.063;2.500;2.344;0.706;53.549;51.142;146.959;146.976;144.609;36.434;35.365;1.696;0.265;0.200;134.659;281.635;221.902;34.937;1.603;3.568;0.000;0.018;0.000;16;48.705;142.090;4;0;0;0;0;0;0;0
39;1;1;1;0.000000;0.000000;1.000000;21714.362624;21714.503307;21714.641769;780785;29140;142238;23;3556;29140;31808;100.000;1.005;1.093;546.206;626.417;7.634;158183;150821;142238;0.183;0.108;0.065;2.600;2.605;0.808;34.033;31.364;138.440;138.461;135.836;24.579;23.089;1.828;0.284;0.134;140.684;279.145;217.774;37.720;4.387;3.620;0.000;0.021;0.000;11;28.828;133.197;4;0;0;0;0;0;0;0
40;1;1;1;0.000000;0.000000;1.000000;21714.396319;21714.532503;21714.672341;785430;29704;143844;23;3597;29704;32372;100.000;0.607;0.660;552.373;633.509;7.769;159338;152086;143844;0.226;0.106;0.065;2.523;2.930;0.840;35.773;32.778;139.805;139.838;136.888;25.582;23.945;1.820;0.188;0.117;136.184;276.022;215.013;29.196;4.137;3.652;0.000;0.033;0.001;9;30.319;134.329;4;0;0;0;0;0;0;0
41;1;1;1;0.000000;0.000000;1.000000;21714.428817;21714.581611;21714.708908;789479;31020;146416;24;3661;31020;33804;100.000;1.108;1.204;562.250;644.830;8.113;161451;154261;146416;0.221;0.107;0.066;3.089;2.495;0.703;42.016;39.456;127.259;127.297;124.785;33.006;31.619;1.718;0.241;0.735;152.794;280.091;218.246;49.107;15.774;4.410;0.000;0.038;0.000;16;36.433;121.656;5;0;0;0;0;0;0;0
42;1;1;1;0.000000;0.000000;1.000000;21714.464011;21714.609779;21714.752605;789348;31584;148106;24;3703;31584;34368;100.000;1.118;1.213;568.740;652.267;8.248;163175;156456;148106;0.186;0.108;0.067;2.525;2.253;0.699;49.274;46.955;142.778;142.825;140.554;34.500;33.407;1.807;0.234;0.124;145.768;288.593;228.610;28.169;5.165;4.457;0.000;0.047;0.001;21;44.496;137.978;3;0;0;0;0;0;0;0
43;1;1;1;0.000000;0.000000;1.000000;21714.496534;21714.638245;21714.778751;792714;31772;149298;25;3733;31772;34672;100.000;0.766;0.833;573.317;657.521;8.321;164202;157630;149298;0.215;0.108;0.066;5.833;2.477;0.787;30.914;28.371;140.475;140.505;138.006;22.002;20.558;3.015;0.264;2.166;141.712;282.217;221.422;28.466;4.867;4.482;0.000;0.031;0.001;17;22.604;132.138;3;0;0;0;0;0;0;0
44;1;1;1;0.000000;0.000000;1.000000;21714.529912;21714.679971;21714.819892;790865;32148;150365;25;3760;32148;35048;100.000;0.878;0.955;577.414;662.227;8.412;165443;158450;150365;0.221;0.109;0.066;2.460;2.488;0.613;49.449;46.896;139.852;139.921;137.416;35.341;34.127;1.720;0.230;0.115;150.059;289.980;229.231;41.726;8.393;4.727;0.000;0.069;0.000;24;44.502;134.884;2;0;0;0;0;0;0;0
45;1;1;1;0.000000;0.000000;1.000000;21714.562621;21714.716793;21714.861145;787976;32712;151606;25;3791;32712;35612;100.000;1.167;1.267;582.180;667.692;8.547;166156;159454;151606;0.186;0.109;0.067;2.046;1.914;0.568;46.198;44.217;144.293;144.352;142.421;32.004;31.047;1.410;0.197;0.078;154.172;298.524;237.150;36.822;3.489;4.649;0.000;0.059;0.000;20;42.238;140.315;3;0;0;0;0;0;0;0
46;1;1;1;0.000000;0.000000;1.000000;21714.598493;21714.744938;21714.892110;789717;145888;151650;111;3792;145888;158764;100.000;3.431;3.732;582.348;667.884;38.103;188890;165163;151650;0.182;0.108;0.066;2.464;2.048;0.610;34.913;32.799;147.092;147.173;145.099;23.723;22.605;1.736;0.262;0.110;146.444;293.617;234.782;28.144;5.189;4.683;0.000;0.081;0.000;41;30.401;142.553;5;0;0;0;0;0;0;0
47;1;1;1;0.000000;0.000000;1.000000;21714.631266;21714.787531;21714.930492;784950;29704;150558;23;3764;29704;32372;100.000;0.734;0.798;578.155;663.059;7.769;179115;163191;150558;0.178;0.108;0.067;2.019;2.504;0.643;42.894;40.324;142.917;142.961;140.435;30.004;28.714;1.384;0.198;0.084;156.265;299.226;239.830;42.594;9.260;4.969;0.000;0.044;0.000;22;38.371;138.370;2;0;0;0;0;0;0;0
48;1;1;1;0.000000;0.000000;1.000000;21714.665680;21714.828164;21714.967025;781130;24628;148538;19;3714;24628;26832;100.000;0.985;1.069;570.398;654.174;6.440;174491;161518;148538;0.185;0.106;0.067;2.051;2.169;0.632;41.054;38.818;138.718;138.862;136.671;29.565;28.403;1.412;0.194;0.087;162.484;301.346;243.030;40.633;7.299;5.115;0.000;0.144;0.000;18;36.833;134.474;2;0;0;0;0;0;0;0
49;1;1;1;0.000000;0.000000;1.000000;21714.698703;21714.853292;21714.999605;780468;24628;147276;19;3682;24628;26832;100.000;0.588;0.638;565.552;648.606;6.440;169683;158314;147276;0.216;0.109;0.066;4.096;2.271;0.560;36.779;34.443;146.270;146.313;144.018;25.137;23.915;1.785;0.197;1.723;154.589;300.902;242.277;25.129;8.205;5.308;0.000;0.043;0.000;19;30.412;139.862;2;0;0;0;0;0;0;0
50;1;1;1;0.000000;0.000000;1.000000;21714.731521;21714.895407;21715.037188;783376;25192;146748;20;3669;25192;27512;100.000;0.631;0.687;563.525;646.285;6.603;166714;156688;146748;0.214;0.107;0.065;2.046;2.459;0.690;43.958;41.434;141.758;141.781;139.309;31.004;29.742;1.403;0.192;0.066;163.886;305.667;246.526;42.114;8.781;5.525;0.000;0.024;0.000;12;39.452;137.238;3;0;0;0;0;0;0;0
51;1;1;1;0.000000;0.000000;1.000000;21714.764219;21714.935550;21715.073505;787237;29140;145970;23;3650;29140;31808;100.000;0.924;1.005;560.537;642.869;7.634;163927;154647;145970;0.185;0.106;0.066;2.016;1.889;0.498;40.816;38.862;137.837;137.956;136.050;29.586;28.564;1.388;0.191;0.080;171.331;309.287;249.510;40.143;6.810;5.605;0.000;0.118;0.000;22;36.911;133.914;2;0;0;0;0;0;0;0
52;1;1;1;0.000000;0.000000;1.000000;21714.798518;21714.967310;21715.103162;787734;30832;147302;24;3683;30832;33616;100.000;0.753;0.819;565.652;648.728;8.068;163921;154970;147302;0.193;0.112;0.065;5.025;2.675;0.812;33.554;30.814;135.814;135.852;133.156;24.699;23.141;2.065;1.213;1.378;168.793;304.645;245.834;31.760;1.573;5.353;0.000;0.038;0.001;13;25.854;128.090;3;0;0;0;0;0;0;0
53;1;1;1;0.000000;0.000000;1.000000;21714.830098;21715.008464;21715.138851;787059;31396;148046;24;3702;31396;34180;100.000;0.845;0.917;568.509;652.014;8.203;163880;155377;148046;0.180;0.108;0.066;1.995;1.821;0.499;43.391;41.504;130.333;130.387;128.552;33.278;32.286;1.370;0.195;0.075;178.365;308.752;248.189;41.153;7.820;5.507;0.000;0.054;0.000;20;39.575;126.502;3;0;0;0;0;0;0;0
54;1;1;1;0.000000;0.000000;1.000000;21714.863553;21715.045824;21715.173750;786051;31584;148712;24;3718;31584;34368;100.000;1.103;1.197;571.067;654.932;8.248;163752;156015;148712;0.181;0.106;0.066;2.558;2.406;0.758;38.698;36.226;127.885;127.926;125.492;30.250;28.867;1.752;0.315;0.138;182.271;310.197;249.755;37.361;4.027;5.415;0.000;0.040;0.000;21;33.734;122.891;3;0;0;0;0;0;0;0
55;1;1;1;0.000000;0.000000;1.000000;21714.896561;21715.074591;21715.201456;796213;29892;148706;23;3718;29892;32560;100.000;0.799;0.868;571.044;654.909;7.814;163350;156198;148706;0.213;0.106;0.066;3.409;1.911;0.489;32.677;30.700;126.844;126.864;124.937;25.758;24.573;2.737;0.194;0.093;178.031;304.895;244.127;28.767;4.566;5.362;0.000;0.021;0.000;10;27.357;121.505;5;0;0;0;0;0;0;0
56;1;1;1;0.000000;0.000000;1.000000;21714.930676;21715.112207;21715.238084;790191;30456;148654;24;3717;30456;33240;100.000;0.880;0.958;570.844;654.687;7.978;162711;155789;148654;0.428;0.108;0.067;2.356;3.036;0.900;41.940;38.838;125.821;125.878;122.820;33.318;31.622;1.434;0.192;0.128;181.530;307.408;247.423;37.615;4.282;5.294;0.000;0.057;0.000;23;36.548;120.405;2;0;0;0;0;0;0;0
57;1;1;1;0.000000;0.000000;1.000000;21714.963711;21715.146962;21715.275709;798808;30832;148762;24;3720;30832;33616;100.000;1.284;1.396;571.259;655.169;8.068;162756;155654;148762;0.184;0.110;0.066;2.010;1.867;0.481;43.016;41.083;128.725;128.747;126.859;33.411;32.385;1.375;0.199;0.076;183.251;311.998;251.714;34.755;1.422;5.052;0.000;0.022;0.000;12;39.139;124.826;4;0;0;0;0;0;0;0
58;1;1;1;0.000000;0.000000;1.000000;21714.997053;21715.171156;21715.298499;797924;30080;149280;23;3732;30080;32748;100.000;0.756;0.821;573.248;657.429;7.860;163186;156181;149280;0.249;0.109;0.067;2.209;2.226;0.680;26.670;24.377;127.264;127.343;125.101;20.943;19.486;1.434;0.197;0.153;174.104;301.447;241.171;24.194;9.139;5.308;0.000;0.079;0.000;22;22.235;122.812;2;0;0;0;0;0;0;0
59;1;1;1;0.000000;0.000000;1.000000;21715.031758;21715.211113;21715.330769;794477;30268;149798;23;3745;30268;32936;100.000;589.605;639.717;575.237;659.712;7.905;163385;156786;149798;0.174;0.106;0.066;1.992;1.583;0.429;36.704;35.055;119.634;119.656;118.060;30.675;29.693;1.386;0.195;0.066;179.355;299.011;240.107;39.956;6.623;5.390;0.000;0.022;0.000;18;33.129;116.045;2;0;0;0;0;0;0;0
61;1;1;2;0.000000;0.000000;1.000000;21715.098250;21715.251281;21715.385423;783874;33276;149328;26;3734;33276;36292;100.000;1.852;2.015;286.716;328.829;8.710;162505;155780;149328;0.177;0.105;0.065;2.373;2.041;0.541;58.207;56.102;134.095;134.142;132.081;43.392;42.475;1.716;0.199;0.111;153.032;287.173;228.094;40.168;26.498;6.709;0.000;0.046;0.001;10;53.793;129.648;5;0;0;0;0;0;0;0
63;1;1;2;0.000000;0.000000;1.000000;21715.164023;21715.269352;21715.439412;782791;138744;145010;106;3626;138744;151040;100.000;3.849;4.188;278.425;319.320;36.250;182267;157577;145010;0.181;0.105;0.065;2.577;2.365;0.494;58.397;55.968;170.044;170.059;167.673;34.339;33.379;1.884;0.225;0.117;105.329;275.388;215.417;18.071;48.595;9.327;0.000;0.015;0.000;50;53.455;165.078;6;0;0;0;0;0;0;0
65;1;1;2;0.000000;0.000000;1.000000;21715.232070;21715.305477;21715.515820;785507;29328;142428;23;3561;29328;31996;100.000;0.586;0.638;273.468;313.630;7.679;170448;155573;142428;0.175;0.102;0.065;2.477;2.466;0.693;81.342;78.811;210.321;210.343;207.852;38.671;37.917;1.777;0.235;0.123;73.407;283.749;225.158;36.124;30.542;10.653;0.000;0.022;0.001;17;76.399;205.350;3;0;0;0;0;0;0;0
67;1;1;2;0.000000;0.000000;1.000000;21715.297699;21715.355678;21715.588319;789641;23500;142550;18;3564;23500;25588;100.000;0.398;0.432;273.702;313.898;6.141;167104;154980;142550;0.177;0.103;0.065;1.983;2.071;0.552;77.450;75.314;232.620;232.641;230.555;33.292;32.666;1.379;0.186;0.073;57.980;290.620;230.991;50.202;16.465;11.016;0.000;0.021;0.000;12;73.396;228.550;3;0;0;0;0;0;0;0
69;1;1;2;0.000000;0.000000;1.000000;21715.363664;21715.414913;21715.640902;778159;22936;142942;18;3574;22936;25024;100.000;0.317;0.344;274.455;314.763;6.006;164714;153480;142942;0.223;0.112;0.066;2.965;2.713;0.697;56.620;53.842;225.956;225.989;223.249;25.054;24.117;2.066;0.381;0.117;51.249;277.237;216.906;59.234;7.432;10.792;0.000;0.033;0.000;13;50.942;220.249;3;0;0;0;0;0;0;0
71;1;1;2;0.000000;0.000000;1.000000;21715.430488;21715.487604;21715.718744;786883;29892;145096;23;3628;29892;32560;100.000;0.435;0.472;278.591;319.508;7.814;164567;154049;145096;0.216;0.106;0.065;3.071;2.275;0.732;83.511;81.171;231.093;231.140;228.840;36.130;35.471;2.259;0.315;0.111;57.116;288.256;228.082;72.691;6.025;10.494;0.000;0.046;0.000;22;78.165;225.713;2;0;0;0;0;0;0;0
73;1;1;2;0.000000;0.000000;1.000000;21715.498026;21715.556585;21715.787899;781047;31396;148748;24;3719;31396;34180;100.000;0.535;0.581;285.602;327.546;8.203;167016;157128;148748;0.228;0.110;0.067;2.333;2.315;0.642;74.503;72.121;231.294;231.314;228.980;32.209;31.497;1.603;0.237;0.089;58.559;289.873;230.571;68.981;2.314;9.983;0.000;0.020;0.000;15;69.855;226.625;3;0;0;0;0;0;0;0
75;1;1;2;0.000000;0.000000;1.000000;21715.563044;21715.615514;21715.839822;781579;32712;150762;25;3770;32712;35612;100.000;0.448;0.486;289.469;331.989;8.547;167891;158854;150762;0.174;0.106;0.066;2.640;2.763;0.773;56.553;53.725;224.267;224.308;221.512;25.212;24.254;1.861;0.302;0.131;52.470;276.778;215.827;58.929;7.737;9.843;0.000;0.041;0.001;23;51.150;218.828;3;0;0;0;0;0;0;0
77;1;1;2;0.000000;0.000000;1.000000;21715.630802;21715.688844;21715.923080;782861;27824;150492;22;3763;27824;30376;100.000;0.409;0.445;288.951;331.391;7.290;166848;158973;150492;0.179;0.108;0.067;2.185;2.221;0.591;88.670;86.383;234.202;234.235;231.995;37.855;37.235;1.535;0.198;0.099;58.043;292.278;232.418;73.330;6.664;9.644;0.000;0.033;0.000;19;84.264;229.775;4;0;0;0;0;0;0;0
79;1;1;2;0.000000;0.000000;1.000000;21715.697039;21715.757139;21715.963980;784719;31396;147042;24;3677;31396;34180;100.000;0.545;0.592;282.327;323.797;8.203;163489;156242;147042;0.187;0.109;0.069;2.237;3.397;0.794;45.300;41.834;206.815;206.842;203.422;21.901;20.565;1.491;0.248;0.133;60.100;266.942;206.652;68.294;1.628;9.143;0.000;0.027;0.000;11;39.666;201.156;4;0;0;0;0;0;0;0
81;1;1;2;0.000000;0.000000;1.000000;21715.763004;21715.814965;21715.998120;785754;32900;145442;25;3637;32900;35800;100.000;693.514;752.631;279.255;320.274;8.592;161051;153838;145442;0.194;0.111;0.070;4.618;2.383;0.566;39.750;37.298;183.114;183.154;180.747;21.703;20.635;1.683;1.231;1.329;51.961;235.116;174.124;57.826;8.840;9.124;0.000;0.040;0.000;23;32.750;176.071;2;0;0;0;0;0;0;0
83;1;1;2;0.000000;0.000000;1.000000;21715.830540;21715.890393;21716.032903;782737;31584;145846;24;3647;31584;34368;100.000;635.309;689.388;280.031;321.162;8.248;161149;154174;145846;0.182;0.108;0.066;2.056;2.309;0.599;41.783;39.409;142.454;142.510;140.180;29.320;28.113;1.417;0.192;0.092;59.853;202.363;142.241;75.428;8.761;9.101;0.000;0.056;0.000;24;37.419;138.066;1;0;0;0;0;0;0;0
84;1;1;1;0.000000;0.000000;1.000000;21715.863008;21715.928662;21716.068315;781874;28952;146012;22;3651;28952;31504;100.000;0.821;0.891;560.699;643.053;7.561;160858;153813;146012;0.183;0.107;0.066;2.064;2.563;0.716;39.774;37.146;139.629;139.653;137.070;28.481;27.100;1.430;0.192;0.086;65.654;205.307;144.320;38.269;4.935;8.841;0.000;0.025;0.000;19;35.148;134.980;3;0;0;0;0;0;0;0
85;1;1;1;0.000000;0.000000;1.000000;21715.896424;21715.964074;21716.098632;780545;25004;146308;19;3658;25004;27208;100.000;480.717;521.255;561.835;644.347;6.530;160949;153854;146308;0.233;0.113;0.069;2.460;2.389;0.543;34.945;32.488;134.522;134.558;132.153;25.970;24.583;1.643;0.282;0.120;67.650;202.208;141.303;35.413;2.079;8.418;0.000;0.036;0.000;11;30.096;129.655;2;0;0;0;0;0;0;0
86;1;1;1;0.000000;0.000000;1.000000;21715.929407;21716.002008;21716.137691;778343;26884;146104;21;3653;26884;29320;100.000;0.742;0.807;561.052;643.451;7.037;160409;153447;146104;0.183;0.108;0.066;2.059;2.592;0.475;43.893;41.235;135.602;135.683;133.063;32.350;30.989;1.414;0.204;0.084;72.601;208.284;147.029;37.934;4.600;8.180;0.000;0.081;0.000;20;39.242;130.922;2;0;0;0;0;0;0;0
87;1;1;1;0.000000;0.000000;1.000000;21715.963454;21716.038405;21716.177408;778458;26696;145634;21;3641;26696;29132;100.000;0.894;0.972;559.247;641.376;6.992;159675;152888;145634;0.188;0.107;0.066;2.680;2.946;0.811;44.372;41.360;138.953;139.003;136.038;31.922;30.403;2.006;0.199;0.114;74.951;213.954;153.413;36.397;3.064;7.860;0.000;0.050;0.000;19;38.746;133.306;2;0;0;0;0;0;0;0
88;1;1;1;0.000000;0.000000;1.000000;21715.995628;21716.068376;21716.203540;778592;142504;145652;109;3642;142504;155148;100.000;3.456;3.760;559.316;641.467;37.236;182584;158897;145652;0.215;0.108;0.066;3.721;2.602;0.669;31.751;29.083;135.101;135.164;132.541;23.491;21.943;3.032;0.193;0.109;72.748;207.912;146.211;29.971;3.363;7.579;0.000;0.063;0.000;33;25.428;128.755;7;0;0;0;0;0;0;0
89;1;1;1;0.000000;0.000000;1.000000;21716.030236;21716.109718;21716.240656;779952;28764;146464;22;3662;28764;31316;100.000;0.844;0.916;562.434;645.036;7.516;173484;158764;146464;0.186;0.106;0.066;2.393;2.316;0.646;43.436;41.054;130.905;130.938;128.601;33.173;31.924;1.675;0.264;0.096;79.482;210.420;149.994;41.342;8.009;7.606;0.000;0.033;0.000;7;38.727;126.173;7;0;0;0;0;0;0;0
90;1;1;1;0.000000;0.000000;1.000000;21716.063490;21716.143974;21716.278719;779674;23124;148650;18;3717;23124;25212;100.000;0.846;0.919;570.828;654.672;6.051;172684;159714;148650;0.230;0.108;0.067;2.536;2.556;0.838;42.753;40.131;134.680;134.745;132.162;31.728;30.365;1.742;0.266;0.124;80.484;215.229;154.724;34.255;0.922;7.188;0.000;0.066;0.000;17;37.661;129.549;2;0;0;0;0;0;0;0
91;1;1;1;0.000000;0.000000;1.000000;21716.098285;21716.172010;21716.304512;781083;22372;149974;17;3750;22372;24344;100.000;324.509;351.729;575.913;660.500;5.843;172773;160675;149974;0.228;0.114;0.070;3.430;2.424;0.603;30.891;28.398;132.458;132.502;130.061;23.314;21.834;2.692;0.200;0.127;73.725;206.227;147.184;28.037;5.297;7.070;0.000;0.044;0.001;11;25.037;126.585;3;0;0;0;0;0;0;0
92;1;1;1;0.000000;0.000000;1.000000;21716.131913;21716.212515;21716.344910;780537;23688;150044;18;3752;23688;25776;100.000;513.025;556.180;576.181;660.814;6.186;171675;160454;150044;0.225;0.110;0.072;2.500;2.156;0.658;46.247;44.020;132.340;132.395;130.223;34.931;33.803;1.764;0.236;0.093;80.601;212.996;154.248;40.504;7.171;7.076;0.000;0.055;0.000;18;41.592;127.666;1;0;0;0;0;0;0;0
93;1;1;1;0.000000;0.000000;1.000000;21716.163345;21716.246987;21716.382682;773046;25944;148126;20;3704;25944;28264;100.000;0.943;1.024;568.816;652.366;6.783;167833;157604;148126;0.178;0.105;0.066;2.511;2.363;0.584;42.427;39.999;135.616;135.695;133.320;31.267;30.002;1.836;0.214;0.112;83.642;219.337;158.687;34.473;1.139;6.705;0.000;0.079;0.001;19;37.554;130.727;2;0;0;0;0;0;0;0
94;1;1;1;0.000000;0.000000;1.000000;21716.199016;21716.274665;21716.411086;770822;25944;145994;20;3650;25944;28264;100.000;0.651;0.707;560.629;642.961;6.783;163767;155022;145994;0.180;0.105;0.066;2.548;3.174;0.848;33.270;30.030;136.374;136.421;133.231;24.388;22.540;1.879;0.200;0.119;75.649;212.069;153.757;27.678;5.656;6.640;0.000;0.046;0.000;19;27.547;130.634;2;0;0;0;0;0;0;0
95;1;1;1;0.000000;0.000000;1.000000;21716.232676;21716.314732;21716.448467;778859;27636;143854;21;3597;27636;30072;100.000;633.147;686.769;552.412;633.548;7.217;160244;152175;143854;0.184;0.105;0.065;2.408;2.348;0.681;43.096;40.683;133.713;133.735;131.368;32.225;30.969;1.680;0.247;0.126;82.056;215.791;157.805;40.067;6.734;6.645;0.000;0.022;0.000;14;38.340;128.937;2;0;0;0;0;0;0;0
96;1;1;1;0.000000;0.000000;1.000000;21716.264542;21716.349723;21716.486156;778333;29516;144278;23;3607;29516;32184;100.000;1.048;1.140;554.040;635.401;7.724;159500;152097;144278;0.181;0.104;0.065;2.505;2.249;0.560;42.446;40.133;136.371;136.433;134.171;31.111;29.911;1.820;0.222;0.113;85.181;221.615;162.161;34.991;1.657;6.334;0.000;0.062;0.000;22;37.692;131.601;2;0;0;0;0;0;0;0
97;1;1;1;0.000000;0.000000;1.000000;21716.298993;21716.380174;21716.520257;782798;29516;144196;23;3605;29516;32184;100.000;0.818;0.890;553.725;635.041;7.724;158834;151629;144196;0.180;0.108;0.066;2.284;2.436;0.707;38.845;36.344;140.047;140.083;137.629;27.730;26.407;1.606;0.215;0.109;81.181;221.265;162.929;30.451;2.882;6.118;0.000;0.036;0.001;13;34.125;135.306;5;0;0;0;0;0;0;0
98;1;1;1;0.000000;0.000000;1.000000;21716.331830;21716.416468;21716.555596;781418;28012;144552;22;3614;28012;30564;100.000;0.770;0.838;555.092;636.612;7.335;158773;151595;144552;0.181;0.108;0.066;2.252;2.153;0.553;40.056;37.838;139.102;139.128;136.958;28.791;27.627;1.616;0.190;0.092;84.638;223.766;164.934;36.294;2.961;5.921;0.000;0.026;0.000;16;35.651;134.678;3;0;0;0;0;0;0;0
99;1;1;1;0.000000;0.000000;1.000000;21716.365101;21716.453003;21716.595155;777382;27824;144056;22;3602;27824;30376;100.000;1.027;1.118;553.188;634.436;7.290;157933;150885;144056;0.201;0.112;0.070;2.581;2.627;0.686;43.949;41.253;142.132;142.152;139.498;30.917;29.572;1.797;0.268;0.134;87.901;230.054;171.160;36.535;3.201;5.751;0.000;0.021;0.001;15;38.741;136.894;3;0;0;0;0;0;0;0
100;1;1;1;0.000000;0.000000;1.000000;21716.398148;21716.483800;21716.623414;778267;26884;144366;21;3610;26884;29320;100.000;0.722;0.785;554.378;635.807;7.037;157855;150634;144366;0.186;0.106;0.065;2.285;2.332;0.908;33.464;31.067;139.571;139.614;137.255;23.969;22.635;1.594;0.227;0.107;85.652;225.265;166.085;30.797;2.536;5.550;0.000;0.043;0.000;20;28.846;134.925;2;0;0;0;0;0;0;0
101;1;1;1;0.000000;0.000000;1.000000;21716.430707;21716.521272;21716.665661;780699;26884;144336;21;3609;26884;29320;100.000;0.657;0.715;554.263;635.669;7.037;157582;150620;144336;0.273;0.111;0.066;3.119;1.891;0.164;46.863;44.906;144.364;144.390;142.485;32.456;31.516;1.485;0.189;0.995;90.565;234.954;174.999;37.472;4.138;5.462;0.000;0.025;0.000;11;41.853;139.328;4;0;0;0;0;0;0;0
102;1;1;1;0.000000;0.000000;1.000000;21716.465860;21716.562372;21716.700982;780328;26696;144522;21;3614;26696;29132;100.000;1.105;1.202;554.977;636.496;6.992;157960;150856;144522;1.115;0.111;0.067;4.319;2.359;0.800;40.314;37.888;138.573;138.610;136.224;29.084;27.813;1.654;0.258;1.115;96.512;235.121;176.987;41.100;7.767;5.606;0.000;0.037;0.000;19;33.636;131.867;2;0;0;0;0;0;0;0
103;1;1;1;0.000000;0.000000;1.000000;21716.496515;21716.586658;21716.732828;782351;138744;144662;106;3617;138744;151040;100.000;3.143;3.419;555.515;637.102;36.250;181322;157024;144662;0.201;0.106;0.067;2.849;2.582;0.649;38.528;35.880;146.070;146.170;143.570;26.359;24.991;2.180;0.204;0.091;90.143;236.313;175.499;24.286;9.048;5.821;0.000;0.100;0.001;57;33.097;140.619;4;0;0;0;0;0;0;0
104;1;1;1;0.000000;0.000000;1.000000;21716.529103;21716.630888;21716.766596;782164;27636;144698;21;3618;27636;30072;100.000;519.645;563.655;555.653;637.262;7.217;171439;156922;144698;0.183;0.108;0.066;2.075;2.250;0.592;39.192;36.877;135.674;135.708;133.438;28.880;27.636;1.427;0.191;0.101;101.786;237.494;175.935;44.231;10.897;6.138;0.000;0.034;0.000;12;34.868;131.327;3;0;0;0;0;0;0;0
105;1;1;1;0.000000;0.000000;1.000000;21716.562945;21716.666427;21716.803287;783021;22560;145744;18;3644;22560;24648;100.000;0.709;0.772;559.669;641.866;5.916;169518;156721;145744;0.183;0.108;0.065;2.175;2.278;0.644;41.018;38.675;136.830;136.861;134.567;29.971;28.741;1.554;0.190;0.075;103.482;240.342;179.292;35.538;2.205;5.892;0.000;0.030;0.000;9;36.565;132.361;4;0;0;0;0;0;0;0
106;1;1;1;0.000000;0.000000;1.000000;21716.596541;21716.698367;21716.839619;786829;23124;147616;18;3691;23124;25212;100.000;0.591;0.642;566.858;650.114;6.051;168911;157011;147616;0.183;0.108;0.067;2.433;3.059;0.931;40.769;37.644;141.201;141.252;138.165;28.863;27.246;1.698;0.259;0.118;101.826;243.078;182.291;31.940;1.393;5.611;0.000;0.051;0.000;19;35.278;135.680;2;0;0;0;0;0;0;0
107;1;1;1;0.000000;0.000000;1.000000;21716.629198;21716.737740;21716.870536;789365;26508;150668;21;3767;26508;28944;100.000;0.720;0.783;578.578;663.549;6.947;170411;160056;150668;0.181;0.109;0.067;2.068;2.664;0.843;36.412;33.681;132.766;132.796;130.110;27.419;25.887;1.437;0.197;0.079;108.542;241.338;179.874;39.373;6.039;5.638;0.000;0.030;0.000;11;31.680;128.011;5;0;0;0;0;0;0;0
108;1;1;1;0.000000;0.000000;1.000000;21716.663665;21716.774800;21716.908872;790807;28388;152486;22;3813;28388;30940;100.000;1.052;1.143;585.559;671.568;7.426;171044;161013;152486;0.191;0.109;0.068;2.672;2.769;0.742;43.058;40.222;134.037;134.071;131.274;32.116;30.640;1.906;0.270;0.129;111.136;245.207;184.877;37.061;3.727;5.518;0.000;0.035;0.000;13;37.617;128.565;3;0;0;0;0;0;0;0
109;1;1;1;0.000000;0.000000;1.000000;21716.696195;21716.806660;21716.934491;789334;26884;152368;21;3810;26884;29320;100.000;0.787;0.855;585.106;671.047;7.037;170127;161306;152368;0.231;0.115;0.073;2.570;2.560;0.863;31.059;28.426;127.785;127.832;125.245;24.297;22.696;1.675;0.325;0.152;110.465;238.296;177.163;31.859;1.474;5.266;0.000;0.047;0.001;17;25.929;122.625;3;0;0;0;0;0;0;0
110;1;1;1;0.000000;0.000000;1.000000;21716.729851;21716.842169;21716.974522;783753;26320;151230;20;3781;26320;28640;100.000;619.145;671.475;580.736;666.023;6.874;167973;159986;151230;0.183;0.109;0.067;2.548;2.664;0.818;45.155;42.424;132.331;132.352;129.659;34.117;32.720;1.765;0.303;0.123;112.318;244.670;183.860;35.510;2.176;5.073;0.000;0.022;0.000;15;39.943;127.088;2;0;0;0;0;0;0;0
111;1;1;1;0.000000;0.000000;1.000000;21716.763833;21716.876002;21717.013553;781240;28952;149404;22;3736;28952;31504;100.000;1.033;1.121;573.724;657.996;7.561;164754;157144;149404;0.223;0.109;0.067;2.567;2.807;0.835;44.237;41.363;137.499;137.551;134.718;32.160;30.704;1.770;0.262;0.137;112.169;249.720;189.558;33.833;0.499;4.787;0.000;0.052;0.000;17;38.862;132.089;3;0;0;0;0;0;0;0
112;1;1;1;0.000000;0.000000;1.000000;21716.797164;21716.904252;21717.039139;781247;27824;147314;22;3683;27824;30376;100.000;0.682;0.742;565.698;648.774;7.290;162404;155369;147314;0.218;0.106;0.067;3.506;2.996;0.818;30.962;27.899;134.848;134.887;131.872;22.954;21.156;2.786;0.189;0.141;107.088;241.975;181.810;28.250;5.084;4.805;0.000;0.039;0.000;21;24.459;128.323;2;0;0;0;0;0;0;0
113;1;1;1;0.000000;0.000000;1.000000;21716.831015;21716.945297;21717.078701;783523;27824;145778;22;3645;27824;30376;100.000;0.810;0.881;559.800;642.019;7.290;160409;153495;145778;0.184;0.107;0.066;2.281;2.470;0.713;46.062;43.526;133.379;133.404;130.917;34.528;33.247;1.609;0.220;0.095;114.282;247.686;188.039;41.046;7.712;4.987;0.000;0.025;0.000;14;41.311;128.608;3;0;0;0;0;0;0;0
114;1;1;1;0.000000;0.000000;1.000000;21716.864731;21716.979851;21717.115469;783046;29892;145016;23;3626;29892;32560;100.000;1.088;1.182;556.874;638.664;7.814;159795;152858;145016;0.185;0.109;0.065;2.545;2.380;0.661;41.518;39.074;134.483;135.617;133.223;30.614;29.329;1.872;0.192;0.122;115.120;250.738;191.474;34.554;1.221;4.752;0.000;1.134;0.000;23;36.594;129.543;2;0;0;0;0;0;0;0
115;1;1;1;0.000000;0.000000;1.000000;21716.896796;21717.007896;21717.144272;785712;28576;145068;22;3627;28576;31128;100.000;0.725;0.787;557.074;638.886;7.471;159515;152346;145068;0.216;0.106;0.066;2.760;2.623;0.805;33.711;31.022;136.284;136.377;133.727;24.719;23.198;2.041;0.209;0.122;111.100;247.476;186.944;28.044;5.289;4.785;0.000;0.092;0.001;22;28.328;130.872;2;0;0;0;0;0;0;0
116;1;1;1;0.000000;0.000000;1.000000;21716.932926;21717.047539;21717.184233;788409;28576;145612;22;3641;28576;31128;100.000;0.817;0.887;559.163;641.291;7.471;159788;152693;145612;0.183;0.107;0.066;2.327;2.696;0.778;45.345;42.584;136.662;136.695;133.980;33.173;31.784;1.636;0.233;0.102;114.613;251.308;193.571;39.643;6.309;4.880;0.000;0.033;0.000;8;40.322;131.617;5;0;0;0;0;0;0;0
117;1;1;1;0.000000;0.000000;1.000000;21716.965693;21717.082740;21717.220526;785289;27072;145938;21;3649;27072;29508;100.000;0.936;1.017;560.414;642.723;7.082;160303;153313;145938;0.176;0.105;0.066;2.396;1.362;0.455;41.312;39.885;137.730;137.786;136.405;29.983;29.240;1.731;0.225;0.093;117.047;254.833;196.531;35.201;1.868;4.692;0.000;0.056;0.000;20;37.554;133.951;2;0;0;0;0;0;0;0
118;1;1;1;0.000000;0.000000;1.000000;21716.997683;21717.111768;21717.257323;784314;139872;145782;107;3645;139872;152284;100.000;3.513;3.823;559.815;642.034;36.548;182044;158638;145782;0.185;0.106;0.065;2.302;1.993;0.502;40.552;38.495;145.451;145.555;143.544;27.860;26.817;1.665;0.191;0.090;114.085;259.639;199.994;29.028;4.305;4.668;0.000;0.104;0.000;32;36.257;141.136;8;0;0;0;0;0;0;0
119;1;1;1;0.000000;0.000000;1.000000;21717.032517;21717.151695;21717.290888;784830;27448;145890;21;3648;27448;29884;100.000;0.745;0.808;560.230;642.516;7.172;173322;158400;145890;0.182;0.108;0.066;2.005;2.149;0.573;37.861;35.647;139.163;139.193;137.031;27.201;26.014;1.391;0.189;0.070;119.178;258.371;200.227;39.927;6.594;4.788;0.000;0.030;0.000;17;33.708;134.994;3;0;0;0;0;0;0;0
120;1;1;1;0.000000;0.000000;1.000000;21717.065628;21717.188704;21717.327651;784742;21244;145936;17;3649;21244;23216;100.000;0.785;0.854;560.407;642.716;5.572;170860;157837;145936;0.196;0.112;0.071;2.279;2.451;0.719;40.901;38.379;138.926;138.948;136.469;29.436;28.123;1.502;0.279;0.118;123.076;262.023;203.656;37.008;3.675;4.719;0.000;0.021;0.000;11;36.171;134.168;3;0;0;0;0;0;0;0
121;1;1;1;0.000000;0.000000;1.000000;21717.098166;21717.220862;21717.356448;787186;22372;147208;17;3681;22372;24344;100.000;751.451;814.485;565.291;648.322;5.843;169970;158188;147208;0.216;0.106;0.067;3.189;2.043;0.548;33.518;31.409;135.546;135.586;133.526;24.721;23.523;2.487;0.194;0.119;122.696;258.282;199.119;32.158;1.175;4.497;0.000;0.040;0.001;17;28.286;130.280;1;0;0;0;0;0;0;0
122;1;1;1;0.000000;0.000000;1.000000;21717.130899;21717.255918;21717.397729;792161;25568;148956;20;3724;25568;27888;100.000;0.654;0.711;572.004;656.004;6.693;169978;158698;148956;0.232;0.112;0.066;2.798;2.352;0.625;46.506;44.088;141.780;141.811;139.438;32.794;31.619;2.032;0.197;0.160;125.019;266.830;207.067;35.057;1.724;4.324;0.000;0.030;0.000;10;41.355;136.608;3;0;0;0;0;0;0;0
123;1;1;1;0.000000;0.000000;1.000000;21717.163853;21717.295238;21717.433024;788290;27448;150544;21;3764;27448;29884;100.000;0.991;1.075;578.101;663.005;7.172;170868;160406;150544;0.178;0.109;0.067;2.405;2.355;0.628;40.442;38.021;137.765;137.786;135.411;29.351;28.078;1.385;0.203;0.465;131.385;269.171;209.029;39.319;5.986;4.428;0.000;0.021;0.000;14;35.682;132.982;3;0;0;0;0;0;0;0
124;1;1;1;0.000000;0.000000;1.000000;21717.197794;21717.323087;21717.465414;789222;28952;152352;22;3809;28952;31504;100.000;700.404;759.833;585.044;670.963;7.561;171533;162479;152352;0.228;0.112;0.071;3.510;3.133;0.700;37.119;33.915;142.277;142.326;139.147;26.080;24.374;2.661;0.273;0.166;125.294;267.620;208.085;27.850;5.484;4.494;0.000;0.049;0.000;22;30.475;135.584;1;0;0;0;0;0;0;0
125;1;1;1;0.000000;0.000000;1.000000;21717.230504;21717.365236;21717.500821;787173;28764;151154;22;3779;28764;31316;100.000;0.793;0.860;580.444;665.686;7.516;169280;161005;151154;0.183;0.109;0.067;2.074;2.291;0.585;42.074;39.716;135.560;135.584;133.274;31.031;29.800;1.427;0.199;0.090;134.732;270.316;210.159;42.149;8.815;4.764;0.000;0.024;0.000;17;37.708;131.174;4;0;0;0;0;0;0;0
126;1;1;1;0.000000;0.000000;1.000000;21717.262542;21717.401725;21717.537319;776279;27448;149098;21;3728;27448;29884;100.000;0.930;1.009;572.549;656.640;7.172;166346;158563;149098;0.187;0.108;0.066;2.263;2.413;0.351;40.857;38.379;135.382;135.593;133.159;30.132;28.822;1.529;0.272;0.102;139.183;274.776;213.324;36.489;3.156;4.663;0.000;0.212;0.000;20;36.182;130.683;2;0;0;0;0;0;0;0
127;1;1;1;0.000000;0.000000;1.000000;21717.296321;21717.431461;21717.569974;773912;28576;146584;22;3665;28576;31128;100.000;0.702;0.763;562.895;645.565;7.471;163299;155905;146584;0.221;0.104;0.066;5.044;2.467;0.660;37.328;34.796;138.483;138.513;136.026;26.949;25.580;2.774;0.188;1.691;135.140;273.653;212.645;29.736;3.598;4.597;0.000;0.030;0.001;11;29.817;130.949;3;0;0;0;0;0;0;0
128;1;1;1;0.000000;0.000000;1.000000;21717.329671;21717.472361;21717.608525;773302;28388;144802;22;3621;28388;30940;100.000;0.793;0.861;556.052;637.729;7.426;160582;153044;144802;0.216;0.108;0.065;3.673;2.331;0.714;46.053;43.658;136.102;136.165;133.811;33.822;32.627;1.640;0.270;1.374;142.689;278.854;217.864;40.900;7.566;4.782;0.000;0.062;0.001;21;40.050;130.073;2;0;0;0;0;0;0;0
129;1;1;1;0.000000;0.000000;1.000000;21717.362109;21717.508383;21717.649391;777001;28200;143780;22;3595;28200;30752;100.000;1.046;1.137;552.128;633.218;7.380;159270;151893;143780;0.216;0.105;0.066;2.520;2.690;0.876;46.864;44.109;140.959;141.008;138.295;33.235;31.895;1.686;0.245;0.203;146.275;287.283;225.396;36.023;2.689;4.652;0.000;0.049;0.000;18;41.654;135.724;3;0;0;0;0;0;0;0
130;1;1;1;0.000000;0.000000;1.000000;21717.397119;21717.535554;21717.674468;783174;27448;143698;21;3593;27448;29884;100.000;0.625;0.679;551.813;632.858;7.172;158386;151542;143698;0.194;0.110;0.065;2.838;3.730;1.007;30.270;26.476;138.859;138.914;135.149;21.791;19.590;2.019;0.334;0.117;138.435;277.349;217.140;27.171;6.162;4.746;0.000;0.055;0.000;20;23.703;132.254;2;0;0;0;0;0;0;0
131;1;1;1;0.000000;0.000000;1.000000;21717.430015;21717.579680;21717.723644;786108;27448;144598;21;3615;27448;29884;100.000;0.753;0.817;555.269;636.811;7.172;159096;152321;144598;0.190;0.108;0.066;2.101;2.781;0.818;55.753;52.906;143.930;143.964;141.169;38.727;37.477;1.478;0.188;0.072;149.665;293.629;232.982;44.126;10.793;5.124;0.000;0.034;0.000;15;50.871;139.024;3;0;0;0;0;0;0;0
132;1;1;1;0.000000;0.000000;1.000000;21717.463817;21717.616344;21717.761173;785622;27448;144478;21;3612;27448;29884;100.000;0.932;1.011;554.808;636.282;7.172;158525;152005;144478;0.181;0.108;0.066;2.028;1.857;0.514;42.404;40.481;144.780;144.829;142.954;29.278;28.317;1.397;0.189;0.087;152.527;297.356;237.178;36.664;3.330;5.012;0.000;0.049;0.000;20;38.518;140.875;2;0;0;0;0;0;0;0
133;1;1;1;0.000000;0.000000;1.000000;21717.497470;21717.645984;21717.792195;787265;134420;143954;103;3599;134420;146368;100.000;3.004;3.269;552.796;633.977;35.128;179929;157026;143954;0.222;0.105;0.066;2.293;1.816;0.491;34.907;33.025;146.172;146.211;144.380;23.874;22.874;1.631;0.188;0.080;148.514;294.725;234.867;29.640;3.693;4.929;0.000;0.040;0.000;47;30.798;142.045;4;0;0;0;0;0;0;0
134;1;1;1;0.000000;0.000000;1.000000;21717.530587;21717.690811;21717.828692;787734;28576;143904;22;3598;28576;31128;100.000;0.812;0.881;552.604;633.762;7.471;169435;155028;143904;0.222;0.106;0.066;2.190;2.398;0.652;40.602;38.138;137.869;137.881;135.468;29.447;28.153;1.530;0.192;0.073;160.224;298.105;238.030;44.827;11.493;5.340;0.000;0.012;0.000;16;36.014;133.265;3;0;0;0;0;0;0;0
135;1;1;1;0.000000;0.000000;1.000000;21717.565090;21717.726167;21717.865879;786766;25192;143596;20;3590;25192;27512;100.000;1.071;1.166;551.421;632.399;6.603;166276;153854;143596;0.184;0.106;0.065;2.065;2.264;0.569;41.764;39.436;139.674;139.711;137.425;29.893;28.696;1.427;0.189;0.095;161.078;300.789;241.884;35.356;2.023;5.132;0.000;0.037;0.000;18;37.435;135.320;2;0;0;0;0;0;0;0
136;1;1;1;0.000000;0.000000;1.000000;21717.599062;21717.752842;21717.899470;787622;25944;141136;20;3529;25944;28264;100.000;0.672;0.729;541.975;621.576;6.783;161054;149689;141136;0.196;0.106;0.065;2.546;4.403;1.245;37.912;33.445;146.589;146.628;142.197;25.856;23.520;1.757;0.328;0.093;153.780;300.408;242.141;26.675;6.658;5.228;0.000;0.038;0.000;10;30.964;139.611;3;0;0;0;0;0;0;0
137;1;1;1;0.000000;0.000000;1.000000;21717.632040;21717.791608;21717.942143;784509;27636;139854;21;3497;27636;30072;100.000;878.323;952.710;537.052;615.932;7.217;157945;147805;139854;0.215;0.105;0.066;3.506;2.342;0.230;49.622;47.215;150.489;150.535;148.170;32.964;31.866;1.716;0.264;1.140;159.568;310.103;251.481;38.766;5.432;5.241;0.000;0.046;0.001;22;43.774;144.615;1;0;0;0;0;0;0;0
138;1;1;1;0.000000;0.000000;1.000000;21717.663925;21717.832228;21717.990479;782962;28200;141162;22;3530;28200;30752;100.000;0.876;0.952;542.075;621.699;7.380;157459;148228;141162;0.183;0.106;0.065;1.999;1.901;0.539;54.190;52.225;158.223;158.252;156.336;34.243;33.406;1.391;0.184;0.070;168.303;326.554;266.484;40.620;7.287;5.368;0.000;0.028;0.000;15;50.290;154.307;3;0;0;0;0;0;0;0
139;1;1;1;0.000000;0.000000;1.000000;21717.696722;21717.864692;21718.014857;785441;29704;143262;23;3582;29704;32372;100.000;0.606;0.658;550.139;630.936;7.769;158703;150112;143262;0.183;0.105;0.065;2.200;1.884;0.505;28.277;26.329;150.139;150.165;148.268;18.831;17.758;1.369;0.190;0.289;167.970;318.135;257.528;32.464;0.869;5.087;0.000;0.025;0.000;13;24.194;146.042;3;0;0;0;0;0;0;0
140;1;1;1;0.000000;0.000000;1.000000;21717.730014;21717.914005;21718.048252;786857;29704;145806;23;3646;29704;32372;100.000;0.748;0.813;559.908;642.149;7.769;161032;153415;145806;0.179;0.106;0.066;2.543;2.607;0.616;37.464;34.792;134.206;134.247;131.616;27.907;26.434;1.818;0.257;0.117;183.991;318.238;257.590;49.313;15.980;5.768;0.000;0.041;0.000;22;32.314;129.030;2;0;0;0;0;0;0;0
141;1;1;1;0.000000;0.000000;1.000000;21717.763384;21717.953899;21718.081140;786209;31020;147146;24;3679;31020;33804;100.000;1.430;1.554;565.053;648.039;8.113;162166;154675;147146;0.190;0.109;0.067;2.022;1.915;0.552;38.041;36.059;127.184;127.242;125.307;29.897;28.777;1.385;0.193;0.079;190.514;317.756;257.145;39.894;6.561;5.818;0.000;0.058;0.000;22;34.104;123.227;3;0;0;0;0;0;0;0
142;1;1;1;0.000000;0.000000;1.000000;21717.796623;21717.985308;21718.102596;785895;31396;147490;24;3688;31396;34180;100.000;1.043;1.132;566.374;649.563;8.203;162654;155882;147490;0.231;0.113;0.071;2.642;2.451;0.844;25.365;22.843;117.246;117.288;114.806;21.626;19.897;1.758;0.320;0.149;188.685;305.973;245.267;31.409;1.924;5.574;0.000;0.042;0.001;13;20.272;112.108;4;0;0;0;0;0;0;0
143;1;1;1;0.000000;0.000000;1.000000;21717.830249;21718.015557;21718.140003;783109;31960;146146;25;3654;31960;34860;100.000;0.778;0.846;561.213;643.635;8.366;160664;153628;146146;0.185;0.108;0.066;1.989;1.884;0.485;42.513;40.564;124.395;124.445;122.549;34.162;33.100;1.376;0.190;0.064;185.308;309.753;249.341;30.249;3.084;5.419;0.000;0.050;0.000;24;38.640;120.509;2;0;0;0;0;0;0;0
144;1;1;1;0.000000;0.000000;1.000000;21717.863514;21718.056816;21718.174703;783994;32148;145218;25;3631;32148;35048;100.000;1.617;1.758;557.650;639.552;8.412;159428;152588;145218;0.184;0.106;0.066;2.504;2.707;0.640;38.556;35.784;117.855;117.886;115.154;32.706;31.075;1.838;0.199;0.111;193.302;311.189;250.707;41.259;7.925;5.575;0.000;0.032;0.000;11;33.345;112.616;4;0;0;0;0;0;0;0
145;1;1;1;0.000000;0.000000;1.000000;21717.898862;21718.076813;21718.201166;785959;30832;144768;24;3620;30832;33616;100.000;0.835;0.907;555.922;637.576;8.068;158386;151393;144768;0.225;0.112;0.070;2.724;2.180;0.762;31.671;29.421;124.302;124.353;122.148;25.469;24.087;1.865;0.318;0.136;177.951;302.304;243.838;19.997;13.336;6.060;0.000;0.051;0.000;23;26.767;119.370;2;0;0;0;0;0;0;0
146;1;1;1;0.000000;0.087266;1.000000;21717.931645;21718.113962;21718.238628;789030;31020;145716;24;3643;31020;33804;100.000;0.931;1.012;559.562;641.736;8.113;159014;152446;145716;0.353;0.109;0.066;2.315;2.623;0.783;42.359;39.670;124.610;124.666;122.013;33.978;32.513;1.443;0.221;0.124;182.317;306.983;247.967;37.149;3.816;5.920;25.701;0.057;0.001;23;37.421;119.640;2;0;0;0;0;0;0;0
147;1;1;2;0.000000;0.087266;1.000000;21717.963600;21718.147430;21718.272359;794594;31772;147238;25;3681;31772;34672;100.000;1.263;1.375;282.703;324.219;8.321;160346;153954;147238;0.172;0.104;0.066;2.309;2.523;0.734;38.675;36.086;124.920;124.929;122.386;30.957;29.485;1.662;0.213;0.092;183.830;308.759;248.364;33.467;0.134;5.558;0.000;0.009;0.000;18;33.842;120.065;3;0;0;0;0;0;0;0
149;1;1;2;0.000000;0.087266;1.000000;21718.031797;21718.172656;21718.310649;798639;136864;147738;104;3694;136864;148928;100.000;24.050;26.153;283.663;325.325;35.743;182961;160903;147738;0.177;0.105;0.065;2.381;2.303;0.733;43.114;40.747;137.907;137.993;135.666;31.243;30.035;1.669;0.238;0.127;140.859;278.851;219.987;25.226;41.440;7.801;0.000;0.085;0.000;34;38.430;133.197;7;0;0;0;0;0;0;0
151;1;1;2;0.000000;0.087266;1.000000;21718.099269;21718.212790;21718.386687;794717;30456;147952;24;3699;30456;33240;100.000;0.929;1.011;284.074;325.793;7.978;175005;159691;147952;0.215;0.106;0.065;2.968;2.100;0.528;80.722;78.557;173.861;173.897;171.777;46.419;45.732;2.039;0.190;0.353;113.521;287.418;229.358;40.134;26.533;8.972;0.000;0.035;0.000;13;75.653;168.770;4;0;0;0;0;0;0;0
153;1;1;2;0.000000;0.087266;1.000000;21718.164104;21718.245758;21718.452284;792789;25756;147662;20;3692;25756;28076;100.000;0.671;0.729;283.517;325.157;6.738;171235;158880;147662;0.216;0.105;0.066;2.411;1.943;0.886;70.652;68.644;206.374;206.526;204.560;34.210;33.557;1.698;0.217;0.109;81.654;288.180;228.289;32.968;33.699;10.517;0.000;0.152;0.000;19;66.298;201.988;2;0;0;0;0;0;0;0
155;1;1;2;0.000000;0.087266;1.000000;21718.232410;21718.284292;21718.508969;791925;25944;147762;20;3695;25944;28264;100.000;0.361;0.392;283.709;325.383;6.783;167856;156737;147762;0.220;0.106;0.066;2.867;2.262;0.219;61.033;58.706;224.256;224.677;222.392;27.165;26.397;2.077;0.253;0.146;51.882;276.559;218.307;38.533;28.133;11.618;0.000;0.421;0.000;20;55.904;219.101;2;0;0;0;0;0;0;0
157;1;1;2;0.000000;0.087266;1.000000;21718.297882;21718.356446;21718.583530;793460;28200;148650;22;3717;28200;30752;100.000;0.428;0.465;285.414;327.336;7.380;166509;157274;148650;0.181;0.106;0.065;2.539;2.578;0.741;79.688;77.045;227.037;227.084;224.484;35.092;34.321;1.814;0.223;0.150;58.564;285.648;226.202;72.155;5.488;11.235;0.000;0.047;0.000;21;74.571;221.896;2;0;0;0;0;0;0;0
159;1;1;2;0.000000;0.087266;1.000000;21718.363131;21718.422586;21718.654282;798776;29140;146024;23;3651;29140;31808;100.000;0.491;0.534;280.372;321.549;7.634;161768;153245;146024;0.178;0.105;0.065;2.006;2.243;0.591;75.869;73.562;231.663;231.696;229.436;32.745;32.062;1.380;0.192;0.086;59.455;291.151;230.287;66.140;0.527;10.566;0.000;0.033;0.000;13;71.621;227.395;4;0;0;0;0;0;0;0
161;1;1;2;0.000000;0.087266;1.000000;21718.430196;21718.482156;21718.706424;789777;31396;141480;24;3537;31396;34180;100.000;0.434;0.472;271.648;311.539;8.203;155968;148141;141480;0.173;0.104;0.063;2.551;2.503;0.727;56.382;53.816;223.344;224.268;221.743;25.141;24.269;1.878;0.191;0.141;51.960;276.227;215.762;59.570;7.097;10.349;0.000;0.924;0.000;25;51.328;218.266;2;0;0;0;0;0;0;0
163;1;1;2;0.000000;0.087266;1.000000;21718.497624;21718.554680;21718.782389;793734;33088;138532;26;3464;33088;36104;100.000;0.479;0.521;265.988;305.055;8.665;152474;145112;138532;0.178;0.104;0.062;2.474;2.402;0.663;81.007;78.542;227.664;227.709;225.290;35.575;34.863;1.852;0.185;0.093;57.057;284.765;225.061;72.524;5.858;10.068;0.000;0.045;0.000;19;76.130;222.756;3;0;0;0;0;0;0;0
165;1;1;2;0.000000;0.087266;1.000000;21718.564366;21718.624039;21718.860876;791299;33840;138142;26;3454;33840;36856;100.000;0.589;0.640;265.239;304.194;8.845;152059;144868;138142;0.195;0.109;0.067;2.193;2.498;0.923;83.358;80.793;236.805;236.837;234.320;35.196;34.480;1.449;0.272;0.101;59.673;296.510;236.881;69.359;2.692;9.607;0.000;0.032;0.000;12;78.667;232.094;4;0;0;0;0;0;0;0
167;1;1;2;0.000000;0.087266;1.000000;21718.629553;21718.681704;21718.891429;789977;31208;138716;24;3468;31208;33992;100.000;0.431;0.468;266.341;305.454;8.158;152140;145347;138716;0.236;0.113;0.069;2.449;2.172;0.517;35.244;33.004;209.689;209.725;207.538;16.805;15.903;1.685;0.237;0.110;52.151;261.876;200.768;57.665;9.002;9.569;0.000;0.036;0.000;20;30.624;205.051;4;0;0;0;0;0;0;0
169;1;1;2;0.000000;0.087266;1.000000;21718.697165;21718.754306;21718.930396;795034;31020;139918;24;3498;31020;33804;100.000;0.427;0.464;268.649;308.100;8.113;153237;146824;139918;0.187;0.106;0.065;2.071;2.127;0.521;43.584;41.393;176.080;176.090;173.949;24.751;23.796;1.407;0.182;0.125;57.141;233.231;173.068;72.602;5.935;9.342;0.000;0.010;0.000;21;39.386;171.866;3;0;0;0;0;0;0;0
171;1;1;2;0.000000;0.087266;1.000000;21718.764500;21718.827302;21718.968786;794885;30644;141226;24;3531;30644;33428;100.000;1.085;1.180;271.160;310.984;8.023;154000;147588;141226;0.219;0.104;0.065;2.065;2.522;0.460;42.586;40.000;141.427;141.484;138.949;30.100;28.788;1.418;0.185;0.074;62.802;204.286;144.791;72.996;6.329;9.154;0.000;0.056;0.000;23;37.999;136.826;2;0;0;0;0;0;0;0
172;1;1;1;0.000000;0.087266;1.000000;21718.797207;21718.855651;21718.998601;788905;27448;141276;21;3532;27448;29884;100.000;0.585;0.635;542.512;622.182;7.172;153999;147741;141276;0.230;0.112;0.068;2.449;2.361;0.761;34.374;31.945;142.903;142.950;140.565;24.046;22.726;1.655;0.252;0.133;58.444;201.394;141.273;28.349;4.984;8.893;0.000;0.047;0.001;21;29.564;138.054;2;0;0;0;0;0;0;0
173;1;1;1;0.000000;0.087266;1.000000;21718.829869;21718.902785;21719.041123;787376;27260;140380;21;3510;27260;29696;100.000;0.782;0.849;539.072;618.245;7.127;152547;146205;140380;0.184;0.105;0.065;2.458;2.276;0.696;47.322;44.981;138.306;138.338;136.032;34.208;33.067;1.727;0.254;0.123;72.916;211.254;150.461;47.134;13.800;9.200;0.000;0.032;0.000;12;42.588;133.541;4;0;0;0;0;0;0;0
174;1;1;1;0.000000;0.087266;1.000000;21718.863322;21718.937796;21719.075523;791921;28576;138596;22;3465;28576;31128;100.000;0.920;0.999;532.221;610.379;7.471;150605;144260;138596;0.183;0.105;0.066;2.551;2.177;0.653;39.143;36.900;137.664;137.727;135.532;28.421;27.226;1.868;0.231;0.098;74.474;212.200;151.528;35.011;1.678;8.730;0.000;0.063;0.000;21;34.415;132.916;2;0;0;0;0;0;0;0
175;1;1;1;0.000000;0.087266;1.000000;21718.895993;21718.968965;21719.102477;785044;132540;137098;101;3428;132540;144256;100.000;3.245;3.529;526.469;603.792;34.621;172986;149148;137098;0.243;0.114;0.071;2.940;2.775;0.946;31.659;28.813;133.476;133.512;130.700;23.712;22.046;1.962;0.381;0.169;72.972;206.484;145.148;31.169;2.164;8.320;0.000;0.035;0.001;36;25.945;127.723;7;0;0;0;0;0;0;0
176;1;1;1;0.000000;0.087266;1.000000;21718.930729;21719.009942;21719.143556;785759;29328;136788;23;3420;29328;31996;100.000;0.841;0.914;525.278;602.421;7.679;163052;149241;136788;0.185;0.104;0.065;2.465;2.211;0.565;46.807;44.532;133.507;133.614;131.384;35.032;33.895;1.745;0.238;0.127;79.213;212.827;152.894;40.977;7.644;8.277;0.000;0.107;0.000;22;42.132;128.811;2;0;0;0;0;0;0;0
177;1;1;1;0.000000;0.087266;1.000000;21718.963334;21719.045022;21719.186911;782963;25192;136884;20;3423;25192;27512;100.000;0.934;1.017;525.647;602.857;6.603;160621;149057;136884;0.174;0.103;0.062;2.380;2.031;0.601;48.026;45.933;141.855;141.889;139.839;33.847;32.847;1.747;0.183;0.111;81.688;223.577;162.916;35.080;1.747;7.869;0.000;0.034;0.001;11;43.615;137.422;3;0;0;0;0;0;0;0
178;1;1;1;0.000000;0.087266;1.000000;21718.998190;21719.072176;21719.218140;783666;23688;138258;18;3457;23688;25776;100.000;501.305;543.474;530.923;608.901;6.186;159547;148859;138258;0.250;0.102;0.062;2.577;2.274;0.697;35.634;33.297;145.941;145.964;143.669;24.413;23.176;1.871;0.186;0.105;73.986;219.950;160.811;27.154;6.179;7.764;0.000;0.023;0.000;9;30.782;141.067;4;0;0;0;0;0;0;0
179;1;1;1;0.000000;0.087266;1.000000;21719.032718;21719.113946;21719.248043;786714;25004;138600;19;3465;25004;27208;100.000;445.656;483.238;532.236;610.394;6.530;158453;148521;138600;0.228;0.106;0.063;2.764;3.078;0.935;34.745;31.603;134.033;134.097;130.993;25.910;24.126;2.010;0.233;0.123;81.228;215.325;157.381;41.770;8.437;7.806;0.000;0.064;0.000;18;28.903;128.162;2;0;0;0;0;0;0;0
180;1;1;1;0.000000;0.087266;1.000000;21719.063704;21719.148625;21719.288999;787583;25192;139086;20;3478;25192;27512;100.000;0.909;0.990;534.103;612.554;6.603;158123;149259;139086;0.183;0.104;0.066;2.036;1.516;0.464;46.808;45.226;140.317;140.374;138.845;33.345;32.573;1.430;0.181;0.071;84.921;225.295;165.004;34.679;1.346;7.402;0.000;0.057;0.000;15;43.255;136.750;3;0;0;0;0;0;0;0
181;1;1;1;0.000000;0.087266;1.000000;21719.100987;21719.184482;21719.318049;793719;27072;139098;21;3478;27072;29508;100.000;0.878;0.954;534.149;612.600;7.082;157438;149205;139098;0.178;0.105;0.063;2.481;2.540;0.752;32.591;29.987;133.528;133.568;131.007;24.400;22.890;1.774;0.228;0.132;83.495;217.062;160.721;35.857;2.523;7.097;0.000;0.040;0.000;14;27.570;128.484;3;0;0;0;0;0;0;0
182;1;1;1;0.000000;0.087266;1.000000;21719.131891;21719.215476;21719.353731;792329;27636;139598;21;3490;27636;30072;100.000;609.658;661.291;536.069;614.791;7.217;157586;149800;139598;0.221;0.104;0.065;3.148;2.066;0.454;40.690;38.559;138.225;138.255;136.160;29.431;28.319;2.374;0.267;0.117;83.585;221.840;163.069;30.994;2.339;6.800;0.000;0.029;0.000;12;35.476;132.981;2;0;0;0;0;0;0;0
183;1;1;1;0.000000;0.087266;1.000000;21719.164118;21719.252571;21719.393470;801464;29140;141888;23;3548;29140;31808;100.000;1.040;1.131;544.862;624.893;7.634;159183;151792;141888;0.196;0.110;0.071;2.238;2.158;0.810;44.948;42.720;140.862;140.899;138.718;31.901;30.796;1.469;0.268;0.124;88.452;229.351;169.475;37.095;3.762;6.610;0.000;0.037;0.000;14;40.553;136.435;3;0;0;0;0;0;0;0
184;1;1;1;0.000000;0.087266;1.000000;21719.199955;21719.285703;21719.421109;796948;28764;145036;22;3626;28764;31316;100.000;0.885;0.961;556.951;638.741;7.516;161132;153978;145036;0.182;0.107;0.066;2.367;2.109;0.664;32.033;29.859;135.364;135.407;133.276;23.657;22.404;1.684;0.215;0.114;85.747;221.154;163.781;33.132;0.201;6.209;0.000;0.043;0.001;18;27.557;130.864;3;0;0;0;0;0;0;0
185;1;1;1;0.000000;0.087266;1.000000;21719.231739;21719.319875;21719.456263;802598;30080;147102;23;3678;30080;32748;100.000;0.864;0.938;564.884;647.847;7.860;162949;155562;147102;0.182;0.106;0.067;2.148;2.232;0.529;39.635;37.337;136.343;136.388;134.143;29.061;27.834;1.508;0.195;0.091;88.136;224.524;165.602;34.173;0.839;5.874;0.000;0.046;0.000;16;35.255;131.947;3;0;0;0;0;0;0;0
186;1;1;1;0.000000;0.087266;1.000000;21719.265569;21719.355999;21719.495734;797039;29328;149128;23;3729;29328;31996;100.000;1.099;1.196;572.664;656.778;7.679;164834;157568;149128;0.240;0.114;0.073;2.568;2.955;0.663;43.825;40.797;139.710;139.735;136.751;31.363;29.833;1.709;0.312;0.120;90.430;230.165;171.739;36.123;2.790;5.681;0.000;0.025;0.000;16;38.302;134.156;3;0;0;0;0;0;0;0
187;1;1;1;0.000000;0.087266;1.000000;21719.298395;21719.385651;21719.529682;797511;28764;148974;22;3725;28764;31316;100.000;0.759;0.824;572.073;656.096;7.516;164097;157024;148974;0.194;0.110;0.070;2.440;3.110;0.745;39.473;36.293;143.981;144.031;140.897;27.406;25.758;1.650;0.302;0.115;87.256;231.287;172.354;29.652;3.681;5.556;0.000;0.051;0.001;16;33.922;138.405;3;0;0;0;0;0;0;0
188;1;1;1;0.000000;0.087266;1.000000;21719.331332;21719.423732;21719.564676;794879;26696;147856;21;3697;26696;29132;100.000;0.690;0.750;567.780;651.171;6.992;162498;155620;147856;0.184;0.106;0.067;2.044;2.305;0.608;40.549;38.177;140.896;140.945;138.624;28.769;27.540;1.404;0.195;0.089;92.399;233.344;174.014;38.081;4.747;5.505;0.000;0.048;0.000;20;36.200;136.530;2;0;0;0;0;0;0;0
189;1;1;1;0.000000;0.087266;1.000000;21719.364794;21719.462617;21719.604372;793590;27636;145718;21;3643;27636;30072;100.000;0.821;0.891;559.570;641.743;7.217;160120;153458;145718;0.176;0.107;0.066;2.296;2.253;0.597;44.039;41.720;141.730;141.755;139.484;31.067;29.911;1.597;0.259;0.091;97.823;239.578;180.377;38.885;5.552;5.508;0.000;0.025;0.000;14;39.490;137.161;3;0;0;0;0;0;0;0
190;1;1;1;0.000000;0.087266;1.000000;21719.396751;21719.496487;21719.634056;788938;132916;143848;101;3597;132916;144632;100.000;199.352;216.781;552.389;633.525;34.712;179615;157186;143848;0.231;0.112;0.070;4.099;2.307;0.677;34.226;31.850;137.525;137.569;135.240;24.879;23.550;3.283;0.266;0.137;99.736;237.305;176.727;33.870;0.537;5.198;0.000;0.043;0.000;34;27.820;131.096;4;0;0;0;0;0;0;0
191;1;1;1;0.000000;0.087266;1.000000;21719.428973;21719.536532;21719.672490;784846;28952;142800;22;3570;28952;31504;100.000;608.287;659.900;548.364;628.891;7.561;169595;155335;142800;0.181;0.105;0.065;2.141;2.400;0.757;44.833;42.369;135.898;135.958;133.533;32.976;31.729;1.427;0.275;0.088;107.559;243.516;181.828;40.045;6.712;5.292;0.000;0.060;0.000;22;40.292;131.331;1;0;0;0;0;0;0;0
192;1;1;1;0.000000;0.087266;1.000000;21719.462240;21719.573259;21719.712409;788004;24440;142404;19;3561;24440;26644;100.000;0.874;0.950;546.844;627.168;6.395;165870;153460;142404;0.241;0.113;0.070;2.722;2.298;0.807;44.454;42.086;138.746;139.149;136.824;31.947;30.759;1.916;0.266;0.117;111.019;250.168;188.413;36.727;3.394;5.174;0.000;0.403;0.000;18;39.434;133.697;2;0;0;0;0;0;0;0
193;1;1;1;0.000000;0.087266;1.000000;21719.496772;21719.601385;21719.739167;795964;23124;142560;18;3564;23124;25212;100.000;0.539;0.586;547.443;627.834;6.051;164110;152656;142560;0.214;0.105;0.065;3.761;3.053;0.850;31.770;28.652;137.741;137.782;134.707;23.058;21.270;3.084;0.189;0.105;104.613;242.395;181.838;28.126;5.208;5.176;0.000;0.040;0.000;17;24.955;130.892;2;0;0;0;0;0;0;0
194;1;1;1;0.000000;0.087266;1.000000;21719.530068;21719.644523;21719.779921;799207;24816;143286;19;3583;24816;27020;100.000;0.727;0.789;550.231;631.051;6.485;163649;152942;143286;0.179;0.105;0.066;2.522;2.349;0.651;47.565;45.150;135.385;135.398;133.028;35.129;33.940;1.825;0.221;0.127;114.456;249.854;189.260;43.138;9.805;5.465;0.000;0.013;0.000;6;42.693;130.490;7;0;0;0;0;0;0;0
195;1;1;1;0.000000;0.087266;1.000000;21719.563699;21719.678874;21719.815608;799402;27448;144392;21;3610;27448;29884;100.000;1.008;1.094;554.478;635.907;7.172;163670;154223;144392;0.214;0.108;0.065;2.645;2.713;0.797;40.554;37.776;136.694;136.733;134.000;29.659;28.191;1.839;0.252;0.168;115.176;251.909;191.613;34.351;1.018;5.187;0.000;0.039;0.001;20;35.196;131.313;2;0;0;0;0;0;0;0
196;1;1;1;0.000000;0.087266;1.000000;21719.596960;21719.706516;21719.842451;800483;25944;145043;20;3627;25944;28264;100.000;0.635;0.690;556.978;638.790;6.783;163479;155047;145043;0.212;0.106;0.066;4.459;2.542;0.782;32.200;29.592;135.900;135.935;133.374;23.688;22.187;3.765;0.199;0.111;109.556;245.491;185.123;27.642;5.691;5.219;0.000;0.035;0.000;19;25.198;128.878;2;0;0;0;0;0;0;0
197;1;1;1;0.000000;0.087266;1.000000;21719.631123;21719.747533;21719.884723;798336;27260;145944;21;3649;27260;29696;100.000;0.779;0.846;560.437;642.746;7.127;163314;155788;145944;0.226;0.108;0.065;2.398;2.745;0.677;49.273;46.463;137.171;137.190;134.430;35.916;34.563;1.706;0.194;0.101;116.410;253.600;194.061;41.017;7.684;5.373;0.000;0.019;0.000;15;44.130;132.010;3;0;0;0;0;0;0;0
198;1;1;1;0.000000;0.087266;1.000000;21719.666333;21719.782738;21719.922879;798454;27448;146568;21;3665;27448;29884;100.000;0.979;1.063;562.834;645.504;7.172;163420;155949;146568;0.184;0.110;0.066;2.319;2.079;0.591;43.291;41.147;140.100;140.141;138.043;30.891;29.808;1.665;0.193;0.102;116.405;256.546;198.884;35.205;1.871;5.154;0.000;0.041;0.000;11;38.894;135.681;5;0;0;0;0;0;0;0
199;1;1;1;0.000000;0.087266;1.000000;21719.697650;21719.810976;21719.958022;800770;27448;147434;21;3686;27448;29884;100.000;0.690;0.749;566.159;649.303;7.172;163912;156747;147434;0.183;0.108;0.067;2.260;2.133;0.575;39.536;37.337;146.997;147.046;144.893;26.887;25.768;1.618;0.195;0.090;113.326;260.372;200.694;28.238;5.095;5.150;0.000;0.049;0.000;20;35.144;142.583;2;0;0;0;0;0;0;0
200;1;1;1;0.000000;0.087266;1.000000;21719.732399;21719.850972;21719.990283;802378;27636;148866;21;3722;27636;30072;100.000;757.632;821.798;571.658;655.614;7.217;165139;157955;148866;0.180;0.109;0.066;2.276;2.156;0.568;36.645;34.424;139.265;139.311;137.130;26.305;25.103;1.621;0.197;0.105;118.573;257.884;199.621;39.996;6.662;5.245;0.000;0.046;0.000;21;32.213;134.806;1;0;0;0;0;0;0;0
201;1;1;1;0.000000;0.087266;1.000000;21719.765502;21719.887600;21720.028491;805285;27636;150350;21;3759;27636;30072;100.000;1.046;1.134;577.356;662.147;7.217;166035;159088;150350;0.187;0.113;0.072;2.262;2.955;0.742;42.637;39.610;140.857;140.891;137.911;30.262;28.722;1.475;0.298;0.118;122.098;262.989;204.496;36.628;3.294;5.123;0.000;0.034;0.000;12;37.420;135.614;3;0;0;0;0;0;0;0
202;1;1;1;0.000000;0.087266;1.000000;21719.798828;21719.919953;21720.057384;803318;27636;152012;21;3801;27636;30072;100.000;396.364;429.932;583.739;669.477;7.217;167016;159984;152012;0.217;0.109;0.067;3.190;2.258;0.581;34.114;31.789;137.392;137.431;135.154;24.822;23.521;2.479;0.200;0.119;121.125;258.555;200.055;32.353;0.980;4.864;0.000;0.039;0.000;12;28.665;131.924;3;0;0;0;0;0;0;0
203;1;1;1;0.000000;0.087266;1.000000;21719.830198;21719.954747;21720.097383;802036;28764;152816;22;3821;28764;31316;100.000;0.771;0.836;586.826;673.015;7.516;167682;160518;152816;0.196;0.112;0.070;2.968;2.817;0.718;45.437;42.550;142.589;142.636;139.803;31.855;30.436;1.673;0.345;0.572;124.549;267.185;206.721;34.794;1.461;4.651;0.000;0.046;0.000;21;39.653;136.778;2;0;0;0;0;0;0;0
204;1;1;1;0.000000;0.087266;1.000000;21719.864878;21719.992249;21720.134082;810228;28200;152942;22;3824;28200;30752;100.000;0.931;1.012;587.310;673.567;7.380;167534;160818;152942;0.176;0.106;0.067;2.046;1.985;0.386;42.482;40.431;141.779;141.832;139.833;29.952;28.914;1.422;0.201;0.075;127.371;269.203;210.086;37.502;4.169;4.621;0.000;0.053;0.000;21;38.451;137.733;2;0;0;0;0;0;0;0
205;1;1;1;0.000000;0.087266;1.000000;21719.899559;21720.022747;21720.164305;808185;139120;152382;106;3810;139120;151416;100.000;3.263;3.550;585.159;671.100;36.340;187844;165277;152382;0.228;0.114;0.071;3.027;3.321;0.992;34.239;30.847;141.539;141.558;138.211;24.187;22.319;2.218;0.292;0.105;123.188;264.746;206.977;30.497;2.836;4.509;0.000;0.020;0.001;41;27.891;135.162;7;0;0;0;0;0;0;0
206;1;1;1;0.000000;0.087266;1.000000;21719.930256;21720.065509;21720.203805;815223;27636;150790;21;3770;27636;30072;100.000;355.519;385.629;579.046;664.085;7.217;177900;163107;150790;0.185;0.108;0.067;2.092;3.022;0.696;45.848;42.760;138.260;138.296;135.253;33.152;31.615;1.442;0.198;0.093;135.252;273.548;213.143;42.762;9.429;4.817;0.000;0.036;0.000;13;40.734;133.122;2;0;0;0;0;0;0;0
207;1;1;1;0.000000;0.087266;1.000000;21719.964556;21720.104224;21720.238333;799426;21808;149044;17;3727;21808;23780;100.000;0.802;0.871;572.341;656.410;5.707;172779;160746;149044;0.182;0.108;0.068;2.525;2.498;0.778;39.627;37.061;133.899;134.109;131.578;29.549;28.167;1.777;0.267;0.125;139.668;273.777;214.338;38.715;5.382;4.852;0.000;0.211;0.001;16;34.604;128.840;2;0;0;0;0;0;0;0
208;1;1;1;0.000000;0.087266;1.000000;21719.996120;21720.131585;21720.275923;790320;21620;147638;17;3691;21620;23592;100.000;0.542;0.589;566.942;650.199;5.662;169222;157884;147638;0.183;0.108;0.066;2.959;2.445;0.713;42.623;40.113;144.304;144.338;141.874;29.530;28.274;1.844;0.241;0.517;135.465;279.803;218.594;27.360;5.973;4.922;0.000;0.034;0.000;16;37.220;138.880;2;0;0;0;0;0;0;0
209;1;1;1;0.000000;0.087266;1.000000;21720.029587;21720.171757;21720.308328;795945;24440;145656;19;3642;24440;26644;100.000;0.666;0.723;559.332;641.483;6.395;164830;154705;145656;0.186;0.108;0.066;2.442;2.708;0.836;37.795;35.022;136.521;136.571;133.833;27.675;26.168;1.712;0.255;0.116;142.170;278.741;217.667;40.173;6.840;5.042;0.000;0.050;0.000;18;32.645;131.340;2;0;0;0;0;0;0;0
210;1;1;1;0.000000;0.087266;1.000000;21720.062210;21720.208693;21720.348323;792891;27636;144144;21;3604;27636;30072;100.000;1.021;1.108;553.525;634.819;7.217;162476;153683;144144;0.188;0.108;0.066;2.409;3.225;0.920;45.149;41.859;139.588;139.630;136.384;32.335;30.692;1.691;0.245;0.111;146.482;286.113;224.328;36.935;3.602;4.952;0.000;0.043;0.000;8;39.516;133.930;4;0;0;0;0;0;0;0
211;1;1;1;0.000000;0.087266;1.000000;21720.097937;21720.241577;21720.374571;797320;27448;143206;21;3581;27448;29884;100.000;0.806;0.874;549.924;630.698;7.172;160821;152786;143206;0.215;0.104;0.065;4.823;2.392;0.752;31.871;29.415;132.969;132.994;130.575;23.964;22.527;4.043;0.253;0.143;143.640;276.635;217.243;32.884;0.449;4.671;0.000;0.025;0.001;15;24.656;125.723;3;0;0;0;0;0;0;0
212;1;1;1;0.000000;0.087266;1.000000;21720.129628;21720.278899;21720.413286;805214;26884;142122;21;3554;26884;29320;100.000;0.785;0.854;545.761;625.927;7.037;158640;150915;142122;0.227;0.108;0.066;2.506;2.642;0.730;45.929;43.222;134.367;134.387;131.722;34.176;32.813;1.708;0.282;0.115;149.272;283.659;222.625;37.322;3.989;4.628;0.000;0.020;0.000;17;40.781;129.193;3;0;0;0;0;0;0;0
213;1;1;1;0.000000;0.087266;1.000000;21720.163714;21720.313346;21720.455624;797126;26884;141596;21;3540;26884;29320;100.000;0.970;1.055;543.741;623.591;7.037;157595;150051;141596;0.220;0.104;0.063;2.500;1.398;0.457;47.483;46.021;142.236;142.278;140.867;33.373;32.670;1.798;0.190;0.123;149.632;291.910;231.629;34.446;1.113;4.408;0.000;0.042;0.000;13;43.584;138.313;3;0;0;0;0;0;0;0
214;1;1;1;0.000000;0.087266;1.000000;21720.197939;21720.343843;21720.487705;803136;23312;141814;18;3546;23312;25400;100.000;0.596;0.647;544.578;624.564;6.096;157540;150299;141814;0.182;0.105;0.066;2.416;2.750;0.779;35.955;33.139;143.815;143.861;141.078;24.993;23.490;1.685;0.256;0.122;145.904;289.765;230.376;30.498;2.836;4.310;0.000;0.047;0.000;17;30.789;138.613;2;0;0;0;0;0;0;0
215;1;1;1;0.000000;0.087266;1.000000;21720.229696;21720.383208;21720.527652;809297;27636;143036;21;3576;27636;30072;100.000;564.197;611.980;549.271;629.933;7.217;158331;151106;143036;0.178;0.105;0.065;2.173;2.131;0.531;45.127;42.931;144.417;144.444;142.297;31.242;30.170;1.450;0.249;0.127;153.512;297.956;236.990;39.365;6.031;4.418;0.000;0.027;0.000;13;40.822;140.095;2;0;0;0;0;0;0;0
216;1;1;1;0.000000;0.087266;1.000000;21720.264958;21720.419850;21720.565053;808156;27636;144130;21;3604;27636;30072;100.000;0.961;1.042;553.472;634.765;7.217;159010;152038;144130;0.184;0.106;0.065;2.026;2.562;0.621;41.703;39.077;145.155;145.202;142.626;28.721;27.398;1.399;0.190;0.082;154.893;300.095;241.058;36.642;3.309;4.348;0.000;0.047;0.001;12;37.115;140.550;3;0;0;0;0;0;0;0
217;1;1;1;0.000000;0.087266;1.000000;21720.298801;21720.454030;21720.599524;810355;28200;146106;22;3653;28200;30752;100.000;0.778;0.846;561.060;643.459;7.380;160689;153741;146106;0.219;0.107;0.066;3.286;2.181;0.522;39.047;36.801;145.388;145.495;143.300;26.837;25.681;1.446;0.190;1.258;155.229;300.724;242.196;34.179;0.846;4.129;0.000;0.107;0.001;21;33.580;139.903;2;0;0;0;0;0;0;0
218;1;1;1;0.000000;0.087266;1.000000;21720.331408;21720.490464;21720.635998;810211;28576;148782;22;3720;28576;31128;100.000;0.716;0.778;571.335;655.246;7.471;163204;156039;148782;0.212;0.106;0.067;2.356;2.657;0.736;41.931;39.207;145.499;145.535;142.859;28.811;27.444;1.696;0.194;0.080;159.056;304.591;245.337;36.434;3.101;4.065;0.000;0.035;0.000;15;36.918;140.467;3;0;0;0;0;0;0;0
219;1;1;1;0.000000;0.087266;1.000000;21720.365507;21720.530536;21720.678206;808645;29328;150220;23;3756;29328;31996;100.000;0.890;0.968;576.857;661.580;7.679;164371;157427;150220;0.179;0.108;0.066;2.559;2.411;0.476;47.212;44.735;147.630;147.670;145.235;31.971;30.802;1.834;0.250;0.123;165.029;312.699;254.211;40.072;6.739;4.232;0.000;0.040;0.000;18;42.242;142.634;3;0;0;0;0;0;0;0
220;1;1;1;0.000000;0.087266;1.000000;21720.398020;21720.563591;21720.704853;810783;136864;150188;104;3755;136864;148928;100.000;124.825;135.741;576.734;661.435;35.743;186922;163930;150188;0.236;0.114;0.072;2.852;3.467;1.046;31.611;28.072;141.199;141.262;137.769;22.377;20.376;1.936;0.331;0.163;165.571;306.833;247.525;33.055;0.278;3.985;0.000;0.064;0.000;33;25.292;134.851;6;0;0;0;0;0;0;0
221;1;1;1;0.000000;0.087266;1.000000;21720.432834;21720.607734;21720.748018;807088;27636;149054;21;3727;27636;30072;100.000;579.159;628.209;572.380;656.448;7.217;176602;161949;149054;0.180;0.108;0.067;1.994;2.294;0.537;49.489;47.128;140.224;140.284;137.973;35.278;34.158;1.371;0.196;0.073;174.899;315.183;257.356;44.143;10.810;4.412;0.000;0.060;0.000;21;45.201;135.918;1;0;0;0;0;0;0;0
222;1;1;1;0.000000;0.087266;1.000000;21720.464916;21720.644720;21720.784798;809369;22372;147392;17;3685;22372;24344;100.000;0.769;0.834;565.998;649.119;5.843;171981;159120;147392;0.178;0.106;0.065;2.512;1.791;0.555;41.057;39.201;140.025;140.078;138.263;29.310;28.353;1.818;0.218;0.127;179.804;319.882;260.803;36.986;3.653;4.364;0.000;0.053;0.001;11;36.754;135.695;3;0;0;0;0;0;0;0
223;1;1;1;0.000000;0.087266;1.000000;21720.496723;21720.674774;21720.816838;795354;22184;146064;17;3652;22184;24156;100.000;0.490;0.531;560.898;643.275;5.797;168501;156779;146064;0.180;0.105;0.066;1.979;1.972;0.531;36.348;34.310;141.885;142.064;140.076;25.585;24.494;1.369;0.191;0.069;178.051;320.115;259.510;30.054;3.279;4.296;0.000;0.179;0.000;16;32.396;137.916;2;0;0;0;0;0;0;0
224;1;1;1;0.000000;0.087266;1.000000;21720.530007;21720.720296;21720.852525;795455;24440;144466;19;3612;24440;26644;100.000;0.800;0.869;554.762;636.236;6.395;164448;154083;144466;0.186;0.106;0.066;2.330;2.058;0.661;39.625;37.502;132.192;132.230;130.155;29.967;28.813;1.657;0.208;0.107;190.289;322.519;261.864;45.521;12.188;4.790;0.000;0.037;0.000;18;35.237;127.777;2;0;0;0;0;0;0;0
225;1;1;1;0.000000;0.087266;1.000000;21720.563502;21720.751010;21720.879731;795720;27448;143728;21;3594;27448;29884;100.000;0.729;0.792;551.928;632.996;7.172;162773;153616;143728;0.178;0.106;0.065;1.976;1.882;0.481;31.583;29.637;128.687;128.721;126.826;24.536;23.368;1.374;0.188;0.065;187.508;316.229;255.736;30.714;2.619;4.654;0.000;0.034;0.000;14;27.726;124.815;3;0;0;0;0;0;0;0
226;1;1;1;0.000000;0.087266;1.000000;21720.597264;21720.788808;21720.905207;798723;27260;142930;21;3574;27260;29696;100.000;0.933;1.013;548.864;629.481;7.127;161383;152962;142930;0.192;0.112;0.070;2.588;2.883;0.962;29.322;26.369;116.359;116.398;113.494;25.191;23.234;1.797;0.273;0.144;191.544;307.943;247.878;37.799;4.465;4.642;0.000;0.039;0.000;20;23.851;110.865;2;0;0;0;0;0;0;0
227;1;1;1;0.000000;0.087266;1.000000;21720.631264;21720.818161;21720.941494;807441;24440;142948;19;3574;24440;26644;100.000;0.700;0.761;548.933;629.550;6.395;161392;153231;142948;0.185;0.106;0.065;1.995;2.055;0.543;41.757;39.638;123.294;123.333;121.259;33.857;32.688;1.373;0.188;0.079;186.897;310.230;250.832;29.352;3.981;4.601;0.000;0.039;0.000;14;37.707;119.223;3;0;0;0;0;0;0;0
228;1;1;1;0.000000;0.087266;1.000000;21720.664472;21720.853896;21720.979011;803316;24064;143504;19;3588;24064;26268;100.000;0.952;1.036;551.068;632.001;6.304;161578;153367;143504;0.181;0.108;0.066;2.633;2.458;0.552;41.552;39.028;125.101;125.115;122.627;33.211;31.827;1.841;0.292;0.146;189.424;314.539;255.016;35.735;2.402;4.463;0.000;0.014;0.001;14;36.460;119.977;3;0;0;0;0;0;0;0
229;1;1;2;0.000000;0.087266;1.000000;21720.699077;21720.879408;21721.001013;809074;26508;144280;21;3607;26508;28944;100.000;0.733;0.798;277.024;317.705;6.947;161764;153753;144280;0.178;0.104;0.065;1.999;1.967;0.551;27.101;25.070;121.554;121.604;119.618;22.286;20.958;1.383;0.189;0.081;180.331;301.935;243.684;25.512;7.821;4.673;0.000;0.050;0.000;20;23.135;117.568;2;0;0;0;0;0;0;0
231;1;1;2;0.000000;0.087266;1.000000;21720.765698;21720.915783;21721.058363;818848;29140;147128;23;3679;29140;31808;100.000;0.899;0.978;282.492;323.985;7.634;163970;155940;147128;0.193;0.113;0.069;2.235;2.411;0.755;61.310;58.830;142.548;142.580;140.144;43.001;41.978;1.446;0.302;0.114;150.085;292.665;234.368;36.375;30.292;6.274;0.000;0.032;0.000;16;56.663;137.876;3;0;0;0;0;0;0;0
233;1;1;2;0.000000;0.087266;1.000000;21720.830324;21720.948372;21721.119919;814146;31396;150842;24;3772;31396;34180;100.000;1.283;1.393;289.623;332.165;8.203;167158;159625;150842;0.175;0.106;0.067;2.369;2.101;0.564;66.208;64.040;171.529;171.547;169.430;38.595;37.797;1.715;0.203;0.103;118.048;289.595;229.257;32.588;34.078;8.012;0.000;0.018;0.000;15;61.738;167.041;4;0;0;0;0;0;0;0
235;1;1;2;0.000000;0.087266;1.000000;21720.897293;21720.973197;21721.176648;815725;29892;153174;23;3830;29892;32560;100.000;0.562;0.610;294.100;337.296;7.814;169148;161271;153174;0.177;0.106;0.068;2.572;2.268;0.611;61.175;58.840;203.403;203.451;201.159;30.069;29.250;1.840;0.253;0.129;75.905;279.355;219.319;24.825;41.841;10.127;0.000;0.048;0.001;22;56.335;198.525;2;0;0;0;0;0;0;0
237;1;1;2;0.000000;0.087266;1.000000;21720.964549;21721.026606;21721.252964;810868;28764;151650;22;3792;28764;31316;100.000;0.459;0.498;291.174;333.942;7.516;167256;159889;151650;0.174;0.106;0.067;2.301;2.123;0.577;81.155;78.966;226.148;226.358;224.215;35.853;35.219;1.663;0.200;0.091;62.057;288.414;228.969;53.409;13.258;10.322;0.000;0.209;0.000;22;76.732;221.703;2;0;0;0;0;0;0;0
239;1;1;2;0.000000;0.087266;1.000000;21721.029838;21721.089551;21721.320315;799196;31020;148264;24;3707;31020;33804;100.000;0.510;0.555;284.673;326.482;8.113;163202;156196;148264;0.178;0.104;0.066;2.174;2.067;0.566;71.774;69.641;230.723;230.764;228.679;31.103;30.454;1.540;0.195;0.092;59.713;290.477;229.653;62.945;3.722;9.910;0.000;0.041;0.000;19;67.532;226.462;4;0;0;0;0;0;0;0
241;1;1;2;0.000000;0.087266;1.000000;21721.096678;21721.150566;21721.373985;808174;139496;146062;106;3652;139496;151792;100.000;346.949;377.293;280.445;321.634;36.430;182380;158734;146062;0.173;0.104;0.065;2.464;2.955;0.799;57.911;54.891;223.398;223.420;220.450;25.920;24.900;1.803;0.214;0.105;53.888;277.307;216.657;61.015;5.652;9.644;0.000;0.022;0.000;53;52.492;217.962;4;0;0;0;0;0;0;0
243;1;1;2;0.000000;0.087266;1.000000;21721.164581;21721.222857;21721.452239;809086;28952;145086;22;3628;28952;31504;100.000;565.453;613.431;278.571;319.489;7.561;172844;157580;145086;0.175;0.104;0.065;2.340;1.948;0.536;83.660;81.647;229.354;229.382;227.411;36.472;35.903;1.674;0.222;0.100;58.276;287.658;228.244;72.291;5.624;9.392;0.000;0.028;0.000;15;79.372;225.040;2;0;0;0;0;0;0;0
245;1;1;2;0.000000;0.087266;1.000000;21721.230297;21721.290168;21721.521379;810243;22372;146056;17;3652;22372;24344;100.000;0.383;0.415;280.434;321.622;5.843;170445;157762;146056;0.178;0.105;0.065;1.990;2.073;0.495;73.428;71.291;231.177;231.211;229.125;31.758;31.114;1.385;0.190;0.068;59.872;291.082;230.717;67.312;0.645;8.846;0.000;0.034;0.000;13;69.365;227.092;3;0;0;0;0;0;0;0
247;1;1;2;0.000000;0.087266;1.000000;21721.296616;21721.348800;21721.582863;818595;24440;147758;19;3694;24440;26644;100.000;0.331;0.360;283.702;325.364;6.395;170939;158991;147758;0.177;0.106;0.065;2.496;3.100;0.980;65.536;62.371;234.025;234.063;230.941;27.999;27.007;1.769;0.273;0.105;52.185;286.247;225.535;58.632;8.035;8.795;0.000;0.038;0.001;18;59.940;228.405;2;0;0;0;0;0;0;0
249;1;1;2;0.000000;0.087266;1.000000;21721.363974;21721.422906;21721.631453;816251;28576;151824;22;3796;28576;31128;100.000;0.420;0.456;291.508;334.321;7.471;172465;161996;151824;0.201;0.112;0.070;2.780;2.522;0.691;54.183;51.592;208.503;208.547;206.005;25.981;25.044;1.676;0.201;0.520;58.932;267.479;207.458;74.106;7.439;8.710;0.000;0.045;0.000;21;48.882;203.180;2;0;0;0;0;0;0;0
251;1;1;2;0.000000;0.087266;1.000000;21721.430635;21721.491176;21721.667596;817535;28576;153478;22;3837;28576;31128;100.000;0.481;0.522;294.684;337.959;7.471;172776;162281;153478;0.183;0.108;0.067;3.019;2.595;0.637;41.440;38.778;176.402;176.419;173.804;23.490;22.312;1.419;0.201;1.042;60.542;236.961;176.934;68.270;1.604;8.266;0.000;0.017;0.000;16;35.826;170.765;3;0;0;0;0;0;0;0
253;1;1;2;0.000000;0.087266;1.000000;21721.496317;21721.550891;21721.697816;811017;30832;150768;24;3770;30832;33616;100.000;0.665;0.723;289.481;332.000;8.068;170829;161880;150768;0.232;0.110;0.073;3.147;2.960;0.717;35.827;32.795;144.833;146.925;143.943;24.385;22.783;2.305;0.314;0.114;54.573;201.499;140.488;59.714;6.952;8.184;0.000;2.092;0.001;24;29.720;138.701;2;0;0;0;0;0;0;0
254;1;1;1;0.000000;0.087266;1.000000;21721.530118;21721.597416;21721.735530;812416;28200;148606;22;3716;28200;30752;100.000;0.757;0.823;570.660;654.480;7.380;166618;158873;148606;0.182;0.109;0.067;2.037;2.270;0.560;43.813;41.477;138.064;138.114;135.826;31.722;30.537;1.408;0.195;0.077;67.298;205.412;144.868;46.525;13.192;8.497;0.000;0.050;0.000;21;39.506;133.729;2;0;0;0;0;0;0;0
255;1;1;1;0.000000;0.087266;1.000000;21721.565082;21721.634864;21721.770358;815874;27824;147150;22;3679;27824;30376;100.000;0.922;1.004;565.068;648.054;7.290;163709;156201;147150;0.218;0.108;0.067;2.715;2.476;0.625;39.127;36.584;135.423;135.494;132.994;28.877;27.508;1.879;0.265;0.179;69.782;205.276;146.363;37.448;4.115;8.223;0.000;0.071;0.000;20;33.936;130.206;2;0;0;0;0;0;0;0
256;1;1;1;0.000000;0.087266;1.000000;21721.595851;21721.665622;21721.801661;811813;28764;146080;22;3652;28764;31316;100.000;0.729;0.791;560.960;643.336;7.516;162024;154845;146080;0.180;0.107;0.067;2.058;2.211;0.616;36.495;34.217;135.988;136.038;133.809;26.827;25.572;1.418;0.196;0.090;69.771;205.810;144.332;30.758;2.575;7.870;0.000;0.050;0.000;21;32.226;131.699;2;0;0;0;0;0;0;0
257;1;1;1;0.000000;0.087266;1.000000;21721.629714;21721.705323;21721.836048;809323;28200;145366;22;3635;28200;30752;100.000;0.809;0.879;558.218;640.211;7.380;160499;153330;145366;0.183;0.106;0.065;2.008;2.403;0.550;38.659;36.191;130.693;130.726;128.309;29.572;28.206;1.395;0.189;0.070;75.608;206.334;145.387;39.700;6.367;7.776;0.000;0.032;0.000;14;34.247;126.267;3;0;0;0;0;0;0;0
258;1;1;1;0.000000;0.087266;1.000000;21721.662760;21721.740392;21721.874843;806066;26132;145058;20;3627;26132;28452;100.000;0.934;1.013;557.035;638.848;6.828;159928;152956;145058;0.186;0.108;0.066;2.464;2.489;0.695;43.200;40.645;134.408;134.452;131.945;32.130;30.804;1.736;0.267;0.102;77.632;212.084;150.848;35.069;1.736;7.399;0.000;0.044;0.000;13;38.246;129.435;3;0;0;0;0;0;0;0
259;1;1;1;0.000000;0.087266;1.000000;21721.697117;21721.773298;21721.900917;803994;27448;144584;21;3615;27448;29884;100.000;0.806;0.875;555.215;636.757;7.172;159199;152356;144584;0.228;0.113;0.070;2.587;2.687;0.931;31.017;28.260;127.594;127.619;124.908;24.304;22.625;1.750;0.302;0.125;76.181;203.799;143.588;32.906;0.427;6.963;0.000;0.025;0.000;12;25.742;122.294;3;0;0;0;0;0;0;0
260;1;1;1;0.000000;0.087266;1.000000;21721.731208;21721.807565;21721.940964;804675;27636;144650;21;3617;27636;30072;100.000;590.072;640.046;555.468;637.056;7.217;158968;152272;144650;0.181;0.107;0.066;2.365;2.396;0.753;45.326;42.864;133.379;133.400;130.987;33.977;32.724;1.692;0.233;0.087;76.356;209.756;150.303;34.267;0.933;6.586;0.000;0.021;0.000;16;40.565;128.599;2;0;0;0;0;0;0;0
261;1;1;1;0.000000;0.087266;1.000000;21721.763048;21721.843003;21721.980371;803023;26884;143952;21;3599;26884;29320;100.000;0.960;1.044;552.788;633.969;7.037;157979;151221;143952;0.188;0.108;0.066;2.448;2.302;0.702;44.164;41.796;137.319;137.368;135.049;32.150;30.949;1.729;0.234;0.125;79.955;217.323;156.376;35.439;2.105;6.306;0.000;0.049;0.000;9;39.414;132.549;5;0;0;0;0;0;0;0
262;1;1;1;0.000000;0.087266;1.000000;21721.798135;21721.871194;21722.006417;804900;135360;144058;103;3602;135360;147308;100.000;3.344;3.637;553.195;634.444;35.354;181145;157603;144058;0.214;0.106;0.066;3.159;2.705;0.828;30.780;28.009;135.190;135.223;132.489;22.762;21.141;2.394;0.263;0.116;73.059;208.282;149.089;28.191;5.142;6.233;0.000;0.033;0.001;42;24.916;129.294;5;0;0;0;0;0;0;0
263;1;1;1;0.000000;0.087266;1.000000;21721.831631;21721.911842;21722.044629;801032;28388;144662;22;3617;28388;30940;100.000;0.816;0.886;555.515;637.102;7.426;172777;157324;144662;0.187;0.106;0.066;2.389;3.126;0.813;44.078;40.886;132.684;132.787;129.639;33.195;31.539;1.659;0.262;0.108;80.211;212.998;153.968;40.648;7.315;6.301;0.000;0.103;0.000;21;38.563;127.146;2;0;0;0;0;0;0;0
264;1;1;1;0.000000;0.087266;1.000000;21721.863481;21721.946843;21722.082715;793638;23688;145976;18;3650;23688;25776;100.000;0.879;0.953;560.560;642.892;6.186;169646;156713;145976;0.183;0.108;0.067;2.468;2.261;0.701;43.595;41.267;135.861;135.872;133.588;32.085;30.891;1.738;0.251;0.122;83.361;219.233;158.720;35.001;1.667;6.011;0.000;0.011;0.000;7;38.865;131.106;4;0;0;0;0;0;0;0
265;1;1;1;0.000000;0.087266;1.000000;21721.899700;21721.974760;21722.110056;801156;23876;148478;19;3712;23876;26080;100.000;0.611;0.665;570.168;653.898;6.259;169532;158389;148478;0.217;0.108;0.067;3.336;2.975;0.697;32.026;28.985;135.246;135.296;132.284;23.671;21.911;2.533;0.259;0.152;75.060;210.356;152.728;27.917;5.416;5.974;0.000;0.050;0.001;18;25.716;128.870;2;0;0;0;0;0;0;0
266;1;1;1;0.000000;0.087266;1.000000;21721.933027;21722.014033;21722.147881;804749;25756;149922;20;3749;25756;28076;100.000;0.733;0.796;575.713;660.278;6.738;169672;159501;149922;0.185;0.108;0.067;2.349;2.446;0.655;44.153;41.641;133.814;133.848;131.388;32.988;31.693;1.691;0.201;0.098;81.006;214.854;157.219;39.273;5.940;5.972;0.000;0.034;0.000;9;39.358;129.003;4;0;0;0;0;0;0;0
267;1;1;1;0.000000;0.087266;1.000000;21721.965001;21722.049391;21722.185905;805449;27072;150436;21;3761;27072;29508;100.000;0.957;1.040;577.687;662.522;7.082;169606;160630;150436;0.175;0.107;0.066;2.536;2.500;0.670;42.805;40.239;136.354;136.514;133.990;31.355;30.032;1.813;0.258;0.118;84.390;220.904;161.910;35.358;2.024;5.725;0.000;0.160;0.000;20;37.769;131.291;2;0;0;0;0;0;0;0
268;1;1;1;0.000000;0.087266;1.000000;21721.998273;21722.079438;21722.215786;805329;26884;149636;21;3741;26884;29320;100.000;0.715;0.778;574.615;658.999;7.037;167535;159085;149636;0.182;0.106;0.068;2.461;2.524;0.691;34.921;32.329;136.303;136.348;133.807;25.611;24.161;1.780;0.204;0.120;81.165;217.513;158.458;30.047;3.286;5.573;0.000;0.046;0.000;20;29.936;131.298;2;0;0;0;0;0;0;0
269;1;1;1;0.000000;0.087266;1.000000;21722.032592;21722.117196;21722.256222;805419;27824;148420;22;3711;27824;30376;100.000;0.815;0.887;569.945;653.653;7.290;165128;157160;148420;0.181;0.106;0.066;2.404;2.439;0.696;45.413;42.908;138.981;139.027;136.566;32.665;31.419;1.730;0.213;0.108;84.604;223.631;165.561;37.758;4.424;5.501;0.000;0.046;0.000;21;40.569;134.114;2;0;0;0;0;0;0;0
270;1;1;1;0.000000;0.087266;1.000000;21722.065469;21722.151511;21722.290694;804474;28200;146600;22;3665;28200;30752;100.000;1.013;1.101;562.956;645.626;7.380;162415;154916;146600;0.180;0.104;0.066;2.487;1.795;0.601;39.316;37.456;139.138;139.182;137.372;28.248;27.266;1.746;0.270;0.121;86.042;225.225;166.699;34.316;0.982;5.219;0.000;0.045;0.000;21;35.034;134.838;2;0;0;0;0;0;0;0
271;1;1;1;0.000000;0.087266;1.000000;21722.097436;21722.183448;21722.325952;796101;28764;145088;22;3628;28764;31316;100.000;0.824;0.894;557.150;638.986;7.516;160368;153751;145088;0.191;0.108;0.065;2.019;2.168;0.566;39.534;37.301;142.460;142.504;140.317;27.742;26.584;1.380;0.190;0.086;86.011;228.515;168.623;31.936;1.397;4.980;0.000;0.044;0.001;16;35.347;138.252;5;0;0;0;0;0;0;0
272;1;1;1;0.000000;0.087266;1.000000;21722.131402;21722.219613;21722.358791;805073;28952;144742;22;3619;28952;31504;100.000;737.926;800.538;555.822;637.454;7.561;159651;152725;144742;0.219;0.105;0.066;2.060;2.013;0.549;37.023;34.945;137.793;139.178;137.145;26.601;25.480;1.395;0.191;0.084;88.211;227.389;168.129;36.165;2.832;4.845;0.000;1.385;0.000;22;32.951;133.700;1;0;0;0;0;0;0;0
273;1;1;1;0.000000;0.087266;1.000000;21722.165083;21722.255580;21722.401356;797204;30080;144320;23;3608;30080;32748;100.000;1.114;1.209;554.201;635.585;7.860;159277;152210;144320;1.020;0.109;0.067;4.077;3.331;0.986;46.639;43.241;145.733;145.775;142.429;31.994;30.360;1.602;0.198;1.082;90.497;236.273;177.361;35.968;2.634;4.707;0.000;0.042;0.000;15;39.230;138.307;3;0;0;0;0;0;0;0
274;1;1;1;0.000000;0.087266;1.000000;21722.198028;21722.288730;21722.432583;805139;28952;144042;22;3602;28952;31504;100.000;568.245;616.460;553.134;634.382;7.561;158588;151576;144042;1.022;0.109;0.068;5.486;2.263;0.605;38.628;36.297;142.742;143.854;141.571;26.852;25.639;2.799;0.187;1.303;90.702;234.555;175.255;33.149;0.184;4.425;0.000;1.112;0.000;22;30.879;134.971;1;0;0;0;0;0;0;0
275;1;1;1;0.000000;0.087266;1.000000;21722.231502;21722.324723;21722.470561;808073;29328;144130;23;3604;29328;31996;100.000;0.749;0.814;553.472;634.765;7.679;158199;151173;144130;0.220;0.108;0.066;2.100;2.217;0.506;45.712;43.429;145.790;145.839;143.601;31.344;30.243;1.425;0.192;0.089;93.221;239.060;179.900;35.993;2.660;4.314;0.000;0.048;0.000;21;41.396;141.441;3;0;0;0;0;0;0;0
276;1;1;1;0.000000;0.087266;1.000000;21722.264296;21722.364071;21722.507497;813584;26884;144164;21;3605;26884;29320;100.000;0.799;0.869;553.602;634.919;7.037;158081;151331;144164;0.174;0.104;0.066;2.529;2.936;0.876;41.243;38.241;143.397;143.426;140.465;28.755;27.225;1.761;0.304;0.120;99.775;243.201;183.502;39.348;6.014;4.421;0.000;0.029;0.000;14;35.778;137.904;3;0;0;0;0;0;0;0
277;1;1;1;0.000000;0.087266;1.000000;21722.296197;21722.397895;21722.537117;812306;141000;144334;108;3609;141000;153528;100.000;3.203;3.486;554.255;635.662;36.847;182361;157220;144334;0.221;0.105;0.066;2.424;2.333;0.640;35.083;32.684;139.158;139.222;136.866;25.200;23.881;1.724;0.191;0.116;101.699;240.920;179.789;33.825;0.491;4.175;0.000;0.064;0.001;32;30.326;134.375;10;0;0;0;0;0;0;0
278;1;1;1;0.000000;0.087266;1.000000;21722.329413;21722.442041;21722.574078;817500;28576;144850;22;3622;28576;31128;100.000;0.844;0.916;556.236;637.936;7.471;172705;157216;144850;0.185;0.106;0.066;2.298;2.730;0.754;41.707;38.912;131.973;132.037;129.279;31.588;30.099;1.582;0.260;0.099;112.628;244.665;183.416;44.145;10.812;4.590;0.000;0.064;0.000;18;36.679;126.915;3;0;0;0;0;0;0;0
279;1;1;1;0.000000;0.087266;1.000000;21722.362608;21722.476110;21722.614888;824803;24064;147006;19;3676;24064;26268;100.000;0.867;0.943;564.516;647.434;6.304;170612;157725;147006;0.186;0.108;0.066;2.435;2.933;0.882;45.833;42.835;138.726;138.778;135.814;33.026;31.539;1.682;0.271;0.123;113.502;252.280;190.893;34.070;0.736;4.349;0.000;0.051;0.000;18;40.465;133.327;2;0;0;0;0;0;0;0
280;1;1;1;0.000000;0.087266;1.000000;21722.396052;21722.504068;21722.640313;813944;23876;149388;19;3735;23876;26080;100.000;0.583;0.634;573.662;657.912;6.259;170487;159100;149388;0.228;0.113;0.071;3.718;2.619;0.824;30.791;28.101;136.183;136.245;133.597;22.599;21.034;2.828;0.287;0.192;108.016;244.261;182.984;27.957;5.376;4.413;0.000;0.062;0.000;17;24.453;129.814;3;0;0;0;0;0;0;0
281;1;1;1;0.000000;0.087266;1.000000;21722.429297;21722.545289;21722.683174;815307;26508;150146;21;3754;26508;28944;100.000;0.761;0.828;576.573;661.251;6.947;169818;159556;150146;0.242;0.115;0.068;2.807;2.845;0.745;49.197;46.284;137.854;137.885;135.014;35.679;34.281;1.804;0.254;0.325;115.991;253.877;192.512;41.221;7.888;4.630;0.000;0.031;0.000;14;43.544;132.172;3;0;0;0;0;0;0;0
282;1;1;1;0.000000;0.087266;1.000000;21722.465531;21722.580358;21722.721781;816329;24628;149960;19;3749;24628;26832;100.000;0.881;0.957;575.859;660.424;6.440;168736;159254;149960;0.173;0.105;0.066;2.430;2.099;0.722;44.260;42.095;141.374;141.423;139.302;31.296;30.219;1.741;0.224;0.120;114.827;256.250;197.785;35.069;1.736;4.449;0.000;0.048;0.001;18;39.731;136.822;2;0;0;0;0;0;0;0
283;1;1;1;0.000000;0.087266;1.000000;21722.496986;21722.608998;21722.756407;813249;26884;148574;21;3715;26884;29320;100.000;0.653;0.710;570.537;654.335;7.037;166585;157896;148574;0.177;0.105;0.065;2.492;1.589;0.465;39.160;37.506;147.339;147.409;145.806;26.565;25.723;1.847;0.194;0.104;112.012;259.421;199.079;28.640;4.693;4.465;0.000;0.070;0.001;21;35.079;143.242;2;0;0;0;0;0;0;0
284;1;1;1;0.000000;0.087266;1.000000;21722.533307;21722.650350;21722.792161;809333;27824;146866;22;3672;27824;30376;100.000;0.816;0.888;563.978;646.806;7.290;164007;156101;146866;0.182;0.108;0.067;2.195;1.864;0.527;39.826;37.895;141.794;141.811;139.928;28.083;27.082;1.544;0.194;0.100;117.043;258.855;201.500;41.352;8.018;4.687;0.000;0.017;0.000;8;35.767;137.714;5;0;0;0;0;0;0;0
285;1;1;1;0.000000;0.087266;1.000000;21722.565292;21722.685955;21722.825541;815482;28952;145550;22;3639;28952;31504;100.000;0.787;0.854;558.924;641.008;7.561;161584;154055;145550;0.183;0.106;0.067;2.220;1.915;0.627;37.425;35.443;139.558;139.586;137.651;26.811;25.748;1.574;0.192;0.099;120.664;260.249;201.546;35.605;2.272;4.536;0.000;0.028;0.000;13;33.289;135.392;5;0;0;0;0;0;0;0
286;1;1;1;0.000000;0.087266;1.000000;21722.598002;21722.722897;21722.858317;814633;28952;144160;22;3604;28952;31504;100.000;927.883;1006.612;553.587;634.881;7.561;159647;152283;144160;0.178;0.108;0.066;2.240;2.177;0.560;36.910;34.667;135.385;135.420;133.226;27.256;26.021;1.586;0.209;0.095;124.895;260.315;200.989;36.942;3.608;4.478;0.000;0.036;0.000;22;32.493;130.949;1;0;0;0;0;0;0;0
287;1;1;1;0.000000;0.087266;1.000000;21722.630671;21722.754324;21722.894217;814941;28576;142853;22;3572;28576;31128;100.000;0.831;0.903;548.568;629.140;7.471;158271;151066;142853;0.226;0.106;0.065;2.038;1.984;0.171;40.316;38.267;139.847;139.892;137.894;28.819;27.751;1.383;0.186;0.072;123.653;263.545;203.555;31.427;1.906;4.317;0.000;0.045;0.000;21;36.294;135.809;2;0;0;0;0;0;0;0
288;1;1;1;0.000000;0.087266;1.000000;21722.665961;21722.788945;21722.931968;818847;29328;142468;23;3562;29328;31996;100.000;1.034;1.125;547.090;627.436;7.679;157640;150504;142468;0.190;0.109;0.066;3.273;2.113;0.719;41.773;39.594;142.987;143.023;140.899;29.207;28.101;1.981;0.212;0.715;122.984;266.007;207.973;34.620;1.287;4.128;0.000;0.036;0.000;13;36.387;137.589;3;0;0;0;0;0;0;0
289;1;1;1;0.000000;0.087266;1.000000;21722.699387;21722.822367;21722.963573;824052;26696;142484;21;3563;26696;29132;100.000;0.734;0.798;547.151;627.520;6.992;157243;150337;142484;0.195;0.113;0.068;2.236;2.982;0.897;36.970;33.921;141.163;141.206;138.195;26.182;24.546;1.475;0.273;0.112;122.980;264.186;206.245;33.423;0.089;3.875;0.000;0.043;0.000;11;31.753;135.915;3;0;0;0;0;0;0;0
290;1;1;1;0.000000;0.087266;1.000000;21722.729278;21722.858929;21723.000143;835458;28952;143172;22;3580;28952;31504;100.000;551.974;598.808;549.793;630.545;7.561;157867;151293;143172;0.187;0.105;0.065;2.052;2.338;0.636;41.797;39.394;141.192;141.214;138.860;29.598;28.370;1.423;0.188;0.083;129.651;270.865;209.481;36.561;3.228;3.835;0.000;0.022;0.000;8;37.407;136.785;7;0;0;0;0;0;0;0
291;1;1;1;0.000000;0.087266;1.000000;21722.764057;21722.899286;21723.038951;819605;27260;143314;21;3583;27260;29696;100.000;0.902;0.979;550.338;631.158;7.127;157511;150789;143314;0.183;0.106;0.065;2.754;2.194;0.348;43.184;40.926;139.622;139.666;137.446;30.920;29.776;1.885;0.302;0.213;135.229;274.894;214.956;40.357;7.024;4.034;0.000;0.044;0.001;10;38.237;134.646;3;0;0;0;0;0;0;0
292;1;1;1;0.000000;0.087266;1.000000;21722.798465;21722.929770;21723.069144;827799;137616;143732;105;3594;137616;149796;100.000;3.367;3.663;551.943;633.012;35.951;181259;157176;143732;0.213;0.106;0.066;4.805;2.324;0.608;35.144;32.754;139.183;139.374;137.033;25.215;23.902;2.493;0.192;1.735;131.306;270.680;211.816;30.485;2.849;3.960;0.000;0.191;0.001;50;28.015;132.034;4;0;0;0;0;0;0;0
293;1;1;1;0.000000;0.087266;1.000000;21722.830865;21722.970769;21723.104311;830771;28200;144010;22;3601;28200;30752;100.000;0.753;0.819;553.011;634.237;7.380;172334;157026;144010;0.214;0.106;0.066;3.612;1.392;0.416;42.293;40.835;133.477;133.542;132.135;31.670;30.904;1.701;0.222;1.304;139.904;273.447;213.650;40.999;7.665;4.192;0.000;0.065;0.000;21;37.289;128.455;2;0;0;0;0;0;0;0
294;1;1;1;0.000000;0.087266;1.000000;21722.864352;21723.008777;21723.169293;835004;23500;145768;18;3645;23500;25588;100.000;0.851;0.923;559.762;641.980;6.141;170927;157659;145768;0.188;0.109;0.067;2.024;1.572;0.495;69.978;68.340;160.444;160.516;158.924;43.596;43.001;1.387;0.193;0.081;144.425;304.941;245.298;38.008;4.674;4.222;0.000;0.072;0.000;17;66.382;156.827;2;0;0;0;0;0;0;0
295;1;1;1;0.000000;0.087266;1.000000;21722.896698;21723.036649;21723.193510;814967;23312;148094;18;3703;23312;25400;100.000;0.560;0.608;568.693;652.221;6.096;170357;158468;148094;0.184;0.111;0.067;1.989;1.913;0.478;27.811;25.832;156.821;156.861;154.935;17.730;16.673;1.369;0.192;0.067;139.951;296.812;236.182;27.873;5.461;4.299;0.000;0.040;0.000;13;23.909;152.898;3;0;0;0;0;0;0;0
296;1;1;1;0.000000;0.087266;1.000000;21722.930683;21723.078488;21723.214245;818656;25756;149404;20;3736;25756;28076;100.000;0.387;0.420;573.724;657.996;6.738;170023;159406;149404;0.189;0.110;0.068;2.008;1.991;0.497;24.630;22.571;135.718;135.757;133.748;18.143;16.876;1.371;0.196;0.074;147.806;283.563;223.584;41.839;8.506;4.562;0.000;0.039;0.000;16;20.631;131.700;3;0;0;0;0;0;0;0
297;1;1;1;0.000000;0.087266;1.000000;21722.963767;21723.145351;21723.234102;819807;26696;149370;21;3735;26696;29132;100.000;1194.334;1299.035;573.593;657.842;6.992;168723;159309;149370;0.186;0.109;0.067;2.039;2.256;0.656;23.850;21.528;88.714;88.751;86.476;26.873;24.895;1.400;0.196;0.081;181.584;270.335;210.107;66.862;33.529;6.373;0.000;0.037;0.000;22;19.556;84.398;1;0;0;0;0;0;0;0
298;1;1;1;0.000000;0.087266;1.000000;21722.997578;21723.146811;21723.252662;814766;27636;148012;21;3701;27636;30072;100.000;615.654;667.795;568.379;651.861;7.217;165975;157388;148012;0.173;0.105;0.066;1.993;1.756;0.496;22.857;21.036;105.816;105.851;104.080;21.594;20.211;1.383;0.194;0.072;149.233;255.084;195.334;1.461;31.873;7.966;0.000;0.034;0.000;18;19.108;102.051;2;0;0;0;0;0;0;0
299;1;1;1;0.000000;0.087266;1.000000;21723.029756;21723.162662;21723.301271;809259;29140;146174;23;3655;29140;31808;100.000;0.914;0.995;561.321;643.765;7.634;163248;154998;146174;0.180;0.107;0.066;1.998;1.806;0.468;52.355;50.483;138.570;138.609;136.787;37.771;36.907;1.374;0.191;0.081;132.906;271.515;210.610;15.851;17.482;8.561;0.000;0.039;0.000;13;48.550;134.748;4;0;0;0;0;0;0;0
300;1;1;1;0.000000;0.087266;1.000000;21723.064903;21723.194688;21723.326882;812212;29140;144110;23;3603;29140;31808;100.000;1.246;1.356;553.395;634.666;7.634;160364;152557;144110;0.177;0.105;0.065;2.013;2.439;0.645;29.405;26.901;132.173;132.194;129.731;22.244;20.736;1.391;0.192;0.083;129.785;261.979;202.887;32.026;1.307;8.108;0.000;0.021;0.000;6;24.953;127.695;6;0;0;0;0;0;0;0
