frame_id;rx_complete;tx_complete;current_skip;event;yaw;pitch;zoom;camera_send_timestamp;recv_start_timestamp;codec_exit_time;node_exit_timestamp;original_points;rx_points;processed_points;rx_packets;tx_packets;payload_bytes;reference_size_bytes;data_integrity_pct;internal_throughput_mbs;reference_throughput_mbs;logical_bitrate_mbps;network_bitrate_mbps;reference_bitrate_mbps;conversion_ms;geometry_aggregation_ms;max_r_ms;projection_ms;codec_write_ms;active_tx_ms;active_process_ms;reference_process_ms;total_processing_ms;total_residency_ms;reference_residency_ms;node_efficiency_pct;reference_efficiency_pct;gpu_transfer_ms;gpu_kernel_ms;gpu_packing_ms;gpu_copyback_ms;host_overhead_ms;camera_node_ms;e2e_latency_ms;schedule_delay_ms;inter_arrival_ms;instant_jitter_ms;desynced_jitter_ms;reference_jitter_ms;raw_queue_ms;render_queue_ms;workload_ewma_ms;workload_ratio;frame_backlog;codec_backlog;encode_service_ms;encode_h265_ms;mse_y;psnr_y;ssim_y;mpeg_bytes_generated;ffmpeg_write_calls;ffmpeg_write_eagain;tx_zero_accepts;tx_partial_accepts;tx_resubmit_calls;tx_resubmitted_packets;mbuf_starvation
1;1;1;1;WARMUP;0.000;0.000;1.000;19616.448554;19616.450844;19616.484305;19616.536780;784142;784142;784142;9802;108;12546272;12546312;100.000;953.131;953.131;34.087;37.435;3011.115;10.896;0.000;0.000;13.852;6.343;0.003;31.091;31.091;72.773;85.936;33.461;36.179;92.916;1.608;0.905;0.506;1.395;9.439;2.289;88.226;85.936;0.000;0.000;0.000;0.000;0.012;0.090;13.866;0.416;0;1;30.154;30.156;nan;nan;nan;141940;1;0;0;0;0;0;0
2;1;1;1;WARMUP;0.000;0.000;1.000;19616.482298;19616.485593;19616.515225;19616.575701;783406;783406;783406;9793;23;12534496;12534536;100.000;870.987;870.987;7.015;7.711;3008.289;2.794;0.000;0.000;4.302;10.418;0.001;17.514;17.514;75.716;90.108;29.631;19.437;59.106;1.469;0.904;0.509;1.388;0.032;3.295;93.403;91.524;34.749;1.416;0.089;1.416;0.011;0.507;11.478;0.344;0;2;31.970;31.971;nan;nan;nan;29140;1;0;0;0;0;0;0
3;1;1;1;WARMUP;0.000;0.000;1.000;19616.515758;19616.521231;19616.549525;19616.606606;780200;780200;780200;9753;18;12483200;12483240;100.000;799.770;799.770;5.526;6.066;2995.978;3.929;0.000;0.000;4.326;7.414;0.001;15.668;15.668;69.766;85.375;28.294;18.353;55.378;1.470;0.907;0.526;1.394;0.027;5.473;90.848;89.095;35.638;2.304;0.227;2.304;0.002;0.944;9.693;0.291;0;1;33.587;33.588;nan;nan;nan;22936;1;0;0;0;0;0;0
4;1;1;1;WARMUP;0.000;0.000;1.000;19616.551305;19616.556317;19616.583322;19616.635376;778467;778467;778467;9731;18;12455472;12455512;100.000;887.871;887.871;5.436;5.976;2989.323;3.281;0.000;0.000;5.335;7.131;0.002;15.747;15.747;65.030;79.059;27.005;19.917;58.310;2.446;0.886;0.510;1.443;0.050;5.013;84.071;84.532;35.086;1.753;0.322;1.753;0.002;0.507;8.606;0.258;0;2;30.410;30.412;nan;nan;nan;22560;1;0;0;0;0;0;0
5;1;1;1;WARMUP;0.000;0.000;1.000;19616.583284;19616.586967;19616.613445;19616.675247;776427;776427;776427;9706;17;12422832;12422872;100.000;845.735;845.735;5.345;5.855;2981.489;3.025;0.000;0.000;4.922;6.179;0.001;14.127;14.127;73.592;88.281;26.478;16.002;53.353;2.057;0.883;0.507;1.444;0.031;3.683;91.964;91.070;30.649;2.684;0.470;2.684;0.002;0.685;4.939;0.148;0;2;28.106;28.108;nan;nan;nan;22184;1;0;0;0;0;0;0
6;1;1;1;IDLE;0.000;0.000;1.000;19616.617576;19616.621713;19616.649943;19616.702541;774893;774893;774893;9687;19;12398288;12398328;100.000;820.325;820.325;5.932;6.504;2975.599;3.624;0.000;0.000;5.383;7.599;0.001;16.605;16.605;65.715;80.828;28.230;20.544;58.821;2.539;0.906;0.520;1.389;0.028;4.137;84.966;85.031;34.746;1.413;0.529;1.413;0.002;0.132;5.053;0.152;0;1;32.901;32.902;nan;nan;nan;24628;1;0;0;0;0;0;0
7;1;1;1;IDLE;0.000;0.000;1.000;19616.651254;19616.656261;19616.681700;19616.702579;775949;775949;775949;9700;19;12415184;12415224;100.000;842.162;842.162;6.022;6.594;2979.654;3.243;0.000;0.000;4.226;6.280;0.000;13.748;13.748;31.576;46.318;25.439;29.681;54.042;1.511;0.823;0.475;1.389;0.026;5.007;51.325;51.735;34.548;1.214;0.572;1.214;0.002;0.189;4.849;0.145;0;2;27.117;27.119;nan;nan;nan;25004;1;0;0;0;0;0;0
8;1;1;1;IDLE;0.000;0.000;1.000;19616.682977;19616.689417;19616.719525;19616.743780;775463;775463;775463;9694;20;12407408;12407448;100.000;791.926;791.926;6.338;6.941;2977.788;4.023;0.000;0.000;5.095;8.997;0.001;18.115;18.115;38.696;54.363;30.108;33.322;60.167;2.231;0.831;0.490;1.395;0.148;6.440;60.803;59.603;33.156;0.177;0.547;0.177;0.002;0.346;4.917;0.148;0;1;33.216;33.217;nan;nan;nan;26320;1;0;0;0;0;0;0
9;1;1;1;IDLE;0.000;0.000;1.000;19616.718066;19616.723586;19616.751599;19616.811032;775698;775698;775698;9697;20;12411168;12411208;100.000;776.228;776.228;6.293;6.896;2978.690;3.910;0.000;0.000;4.153;7.019;0.002;15.083;15.083;71.457;87.446;28.014;17.248;53.840;1.454;0.817;0.467;1.387;0.028;5.520;92.966;93.521;34.169;0.835;0.565;0.835;0.002;0.849;4.729;0.142;0;2;32.769;32.770;nan;nan;nan;26132;1;0;0;0;0;0;0
10;1;1;1;IDLE;0.000;0.000;1.000;19616.749047;19616.753406;19616.784176;19616.843034;778020;778020;778020;9726;20;12448320;12448360;100.000;689.933;689.933;6.157;6.760;2987.606;4.091;0.000;0.000;5.881;6.519;0.001;16.490;16.490;71.586;89.628;30.770;18.398;53.590;3.144;0.815;0.477;1.412;0.033;4.359;93.987;92.190;29.820;3.513;0.749;3.513;0.002;0.325;5.020;0.151;0;2;33.371;33.372;nan;nan;nan;25568;1;0;0;0;0;0;0
11;1;1;1;IDLE;0.000;0.000;1.000;19616.782458;19616.786911;19616.818276;19616.872339;778554;778554;778554;9732;19;12456864;12456904;100.000;684.848;684.848;5.751;6.323;2989.657;3.908;0.000;0.000;5.900;6.539;0.002;16.347;16.347;67.238;85.428;31.365;19.135;52.118;3.112;0.893;0.469;1.394;0.032;4.453;89.881;88.162;33.505;0.172;0.713;0.172;0.009;0.727;5.244;0.157;0;2;31.294;31.295;nan;nan;nan;23876;1;0;0;0;0;0;0
12;1;1;1;IDLE;0.000;0.000;1.000;19616.815773;19616.819301;19616.850775;19616.911832;779986;779986;779986;9750;20;12479776;12479816;100.000;656.622;656.622;6.112;6.715;2995.156;3.878;0.000;0.000;4.702;6.958;0.002;15.538;15.538;73.525;92.531;31.474;16.792;49.368;1.989;0.774;0.447;1.459;0.032;3.527;96.058;94.321;32.390;0.943;0.728;0.943;0.002;0.804;5.112;0.153;0;2;28.517;28.519;nan;nan;nan;25380;1;0;0;0;0;0;0
13;1;1;1;IDLE;0.000;0.000;1.000;19616.849672;19616.855140;19616.888919;19616.944303;780926;780926;780926;9762;20;12494816;12494856;100.000;685.417;685.417;6.293;6.896;2998.765;4.328;0.000;0.000;5.706;9.020;0.001;19.054;19.054;70.933;89.163;33.779;21.370;56.408;3.046;0.775;0.462;1.391;0.033;5.468;94.631;93.459;35.839;2.506;0.839;2.506;0.002;0.821;5.265;0.158;0;1;31.929;31.930;nan;nan;nan;26132;1;0;0;0;0;0;0
14;1;1;1;IDLE;0.000;0.000;1.000;19616.884008;19616.888914;19616.919991;19616.978957;782770;782770;782770;9785;21;12524320;12524360;100.000;669.484;669.484;6.383;7.017;3005.846;3.924;0.000;0.000;4.182;8.023;0.002;16.129;16.129;71.335;90.043;31.077;17.913;51.900;1.531;0.775;0.457;1.394;0.026;4.907;94.950;94.780;33.774;0.441;0.814;0.441;0.002;0.161;4.999;0.150;0;2;32.332;32.333;nan;nan;nan;26508;1;0;0;0;0;0;0
15;1;1;1;IDLE;0.000;0.000;1.000;19616.915746;19616.919123;19616.951889;19617.010956;784474;784474;784474;9806;21;12551584;12551624;100.000;646.015;646.015;6.564;7.198;3012.390;3.903;0.000;0.000;5.732;6.840;0.002;16.476;16.476;72.404;91.834;32.766;17.941;50.282;3.090;0.779;0.441;1.390;0.032;3.376;95.210;93.446;30.208;3.125;0.958;3.125;0.002;0.761;5.185;0.156;0;2;33.905;33.906;nan;nan;nan;27260;1;0;0;0;0;0;0
16;1;1;1;IDLE;0.000;0.000;1.000;19616.949126;19616.953363;19616.985925;19617.045112;785193;785193;785193;9815;101;12563088;12563128;100.000;641.222;641.222;31.650;34.780;3015.151;3.975;0.000;0.000;5.971;6.790;0.003;16.736;16.736;72.157;91.749;32.563;18.241;51.396;3.117;0.762;0.458;1.605;0.030;4.237;95.986;94.268;34.240;0.907;0.955;0.907;0.002;0.206;5.387;0.162;0;2;31.816;31.818;nan;nan;nan;131788;1;0;0;0;0;0;0
17;1;1;1;IDLE;0.000;0.000;1.000;19616.982561;19616.986140;19617.019219;19617.045154;782720;782720;782720;9784;22;12523520;12523560;100.000;631.562;631.562;6.970;7.635;3005.654;3.860;0.000;0.000;4.956;8.011;0.001;16.827;16.827;39.184;59.014;33.078;28.513;50.869;2.085;0.766;0.466;1.609;0.030;3.579;62.593;60.977;32.778;0.556;0.930;0.556;0.002;0.279;5.284;0.159;0;2;33.902;33.903;nan;nan;nan;28952;1;0;0;0;0;0;0
18;1;1;1;IDLE;0.000;0.000;1.000;19617.015788;19617.020087;19617.052317;19617.112378;781613;781613;781613;9771;18;12505808;12505848;100.000;664.465;664.465;5.571;6.111;3001.404;4.105;0.000;0.000;6.180;7.039;0.003;17.325;17.325;73.470;92.291;32.231;18.772;53.753;3.581;0.739;0.434;1.392;0.035;4.299;96.590;94.867;33.946;0.613;0.910;0.613;0.003;0.186;5.512;0.165;0;2;32.139;32.141;nan;nan;nan;23124;1;0;0;0;0;0;0
19;1;1;1;IDLE;0.000;0.000;1.000;19617.049166;19617.052640;19617.084984;19617.144688;780006;780006;780006;9751;18;12480096;12480136;100.000;625.656;625.656;5.436;5.976;2995.233;3.759;0.000;0.000;4.805;7.177;0.002;15.741;15.741;72.100;92.047;32.343;17.101;48.667;2.170;0.739;0.437;1.429;0.029;3.474;95.522;93.844;32.554;0.779;0.902;0.779;0.002;0.411;5.339;0.160;0;2;34.567;34.569;nan;nan;nan;22560;1;0;0;0;0;0;0
20;1;1;1;IDLE;0.000;0.000;1.000;19617.082935;19617.087962;19617.119281;19617.179202;780302;780302;780302;9754;18;12484832;12484872;100.000;680.521;680.521;5.481;6.021;2996.369;4.295;0.000;0.000;6.032;6.846;0.001;17.174;17.174;72.894;91.240;31.319;18.822;54.834;3.431;0.734;0.442;1.389;0.036;5.027;96.267;95.025;35.321;1.988;0.970;1.988;0.009;0.084;5.517;0.166;0;2;32.249;32.251;nan;nan;nan;22748;1;0;0;0;0;0;0
21;1;1;1;IDLE;0.000;0.000;1.000;19617.115647;19617.118844;19617.152981;19617.210154;779066;779066;779066;9739;19;12465056;12465096;100.000;611.191;611.191;6.022;6.594;2991.623;3.963;0.000;0.000;5.428;7.470;0.002;16.861;16.861;70.914;91.309;34.137;18.466;49.392;2.195;0.751;0.451;1.996;0.035;3.197;94.506;92.643;30.883;2.451;1.063;2.451;0.002;0.841;5.498;0.165;0;2;33.687;33.689;nan;nan;nan;25004;1;0;0;0;0;0;0
22;1;1;1;IDLE;0.000;0.000;1.000;19617.149557;19617.154142;19617.186937;19617.238794;778280;778280;778280;9729;20;12452480;12452520;100.000;638.087;638.087;6.067;6.670;2988.605;4.119;0.000;0.000;5.510;7.345;0.002;16.974;16.974;65.136;84.652;32.795;20.052;51.758;2.914;0.733;0.438;1.392;0.033;4.586;89.238;87.950;35.298;1.964;1.119;1.964;0.003;0.421;5.506;0.165;0;2;30.558;30.561;nan;nan;nan;25192;1;0;0;0;0;0;0
23;1;1;1;IDLE;0.000;0.000;1.000;19617.182283;19617.185288;19617.217920;19617.278946;778907;778907;778907;9737;20;12462512;12462552;100.000;623.718;623.718;6.248;6.851;2991.012;3.967;0.000;0.000;4.865;7.255;0.001;16.088;16.088;73.676;93.658;32.631;17.178;49.303;2.081;0.775;0.493;1.488;0.029;3.005;96.663;94.769;31.146;2.187;1.186;2.187;0.002;0.527;5.348;0.160;0;2;28.124;28.127;nan;nan;nan;25944;1;0;0;0;0;0;0
24;1;1;1;IDLE;0.000;0.000;1.000;19617.216303;19617.222735;19617.255787;19617.311209;779289;779289;779289;9742;19;12468624;12468664;100.000;701.877;701.877;5.796;6.368;2992.479;4.389;0.000;0.000;5.417;9.010;0.001;18.816;18.816;70.709;88.474;33.052;21.267;56.927;2.754;0.760;0.461;1.412;0.030;6.432;94.906;93.698;37.446;4.113;1.369;4.113;0.002;0.858;5.370;0.161;0;1;32.166;32.167;nan;nan;nan;24064;1;0;0;0;0;0;0
25;1;1;1;IDLE;0.000;0.000;1.000;19617.250993;19617.256357;19617.287404;19617.345845;779739;779739;779739;9747;20;12475824;12475864;100.000;678.544;678.544;6.067;6.670;2994.207;3.737;0.000;0.000;4.185;7.581;0.001;15.503;15.503;71.102;89.489;31.047;17.324;49.934;1.586;0.751;0.432;1.389;0.027;5.364;94.853;95.001;33.622;0.289;1.301;0.289;0.002;0.892;5.076;0.152;0;2;31.383;31.384;nan;nan;nan;25192;1;0;0;0;0;0;0
26;1;1;1;IDLE;0.000;0.000;1.000;19617.282299;19617.285569;19617.319062;19617.345904;779364;779364;779364;9743;20;12469824;12469864;100.000;605.577;605.577;6.338;6.941;2992.767;4.070;0.000;0.000;5.029;7.165;0.001;16.264;16.264;39.744;60.336;33.493;26.956;48.559;2.102;0.763;0.465;1.670;0.030;3.269;63.605;61.727;29.212;4.121;1.477;4.121;0.002;0.705;5.067;0.152;0;2;33.945;33.946;nan;nan;nan;26320;1;0;0;0;0;0;0
27;1;1;1;IDLE;0.000;0.000;1.000;19617.316030;19617.320725;19617.353996;19617.405180;780025;780025;780025;9751;21;12480400;12480440;100.000;647.065;647.065;6.383;7.017;2995.306;3.997;0.000;0.000;5.799;8.018;0.004;17.814;17.814;65.167;84.455;33.271;21.093;53.543;3.189;0.738;0.434;1.402;0.035;4.695;89.149;87.669;35.156;1.823;1.499;1.823;0.002;0.163;5.255;0.158;0;2;30.996;30.997;nan;nan;nan;26508;1;0;0;0;0;0;0
28;1;1;1;IDLE;0.000;0.000;1.000;19617.349134;19617.352347;19617.385066;19617.441244;780373;780373;780373;9755;21;12485968;12486008;100.000;632.810;632.810;6.383;7.017;2996.642;4.068;0.000;0.000;4.850;8.013;0.001;16.931;16.931;69.166;88.897;32.719;19.045;51.746;2.055;0.760;0.459;1.546;0.030;3.213;92.110;90.400;31.622;1.711;1.512;1.711;0.002;0.121;5.164;0.155;0;2;28.121;28.124;nan;nan;nan;26508;1;0;0;0;0;0;0
29;1;1;1;IDLE;0.000;0.000;1.000;19617.382620;19617.388121;19617.421152;19617.477999;781651;781651;781651;9771;22;12506416;12506456;100.000;685.231;685.231;6.699;7.364;3001.549;4.171;0.000;0.000;5.549;9.025;0.001;18.745;18.745;71.626;89.878;33.031;20.856;56.751;2.909;0.763;0.459;1.388;0.031;5.502;95.379;93.822;35.775;2.441;1.570;2.441;0.009;0.195;5.263;0.158;0;1;29.113;29.114;nan;nan;nan;27824;1;0;0;0;0;0;0
30;1;1;1;IDLE;0.000;0.000;1.000;19617.417931;19617.423752;19617.454336;19617.512935;781375;781375;781375;9768;20;12502000;12502040;100.000;713.026;713.026;6.338;6.941;3000.490;4.314;0.000;0.000;4.238;8.127;0.002;16.679;16.679;71.649;89.183;30.584;18.702;54.536;1.535;0.763;0.455;1.455;0.030;5.821;95.004;95.424;35.631;2.298;1.616;2.298;0.002;0.682;5.014;0.150;0;1;31.788;31.789;nan;nan;nan;26320;1;0;0;0;0;0;0
31;1;1;1;IDLE;0.000;0.000;1.000;19617.450157;19617.455217;19617.485297;19617.544653;784392;784392;784392;9805;100;12550272;12550312;100.000;675.206;675.206;31.380;34.478;3012.075;3.819;0.000;0.000;4.175;7.016;0.012;15.011;15.011;70.849;89.436;30.080;16.784;49.903;1.559;0.768;0.435;1.389;0.025;5.060;94.496;93.809;31.465;1.869;1.632;1.869;0.002;0.297;4.807;0.144;0;2;34.649;34.653;nan;nan;nan;130660;1;0;0;0;0;0;0
32;1;1;1;IDLE;0.000;0.000;1.000;19617.482313;19617.486372;19617.521154;19617.579072;782671;782671;782671;9784;22;12522736;12522776;100.000;649.758;649.758;6.924;7.590;3005.466;4.168;0.000;0.000;7.227;7.785;0.001;19.180;19.180;73.427;92.701;34.782;20.691;55.144;3.970;1.077;0.441;1.703;0.037;4.059;96.759;94.895;31.155;2.179;1.666;2.179;0.002;0.493;5.424;0.163;0;2;31.281;31.283;nan;nan;nan;28764;1;0;0;0;0;0;0
33;1;1;1;IDLE;0.000;0.000;1.000;19617.516176;19617.519219;19617.552423;19617.611179;776999;776999;776999;9713;18;12431984;12432024;100.000;605.704;605.704;5.661;6.202;2983.686;3.945;0.000;0.000;4.889;6.979;0.002;15.812;15.812;71.435;91.960;33.204;17.195;47.622;2.051;0.767;0.477;1.563;0.031;3.043;95.002;93.668;32.847;0.486;1.592;0.486;0.002;0.808;5.293;0.159;0;2;33.625;33.626;nan;nan;nan;23500;1;0;0;0;0;0;0
34;1;1;1;IDLE;0.000;0.000;1.000;19617.549148;19617.553049;19617.587537;19617.645100;778650;778650;778650;9734;18;12458400;12458440;100.000;618.432;618.432;5.526;6.066;2990.026;4.003;0.000;0.000;5.845;8.019;0.001;17.867;17.867;71.905;92.051;34.488;19.410;51.807;3.201;0.736;0.436;1.438;0.034;3.901;95.952;94.256;33.830;0.497;1.524;0.497;0.002;0.476;5.436;0.163;0;2;31.657;31.658;nan;nan;nan;22936;1;0;0;0;0;0;0
35;1;1;1;IDLE;0.000;0.000;1.000;19617.582743;19617.585945;19617.618493;19617.679671;778007;778007;778007;9726;18;12448112;12448152;100.000;620.796;620.796;5.616;6.156;2987.556;4.072;0.000;0.000;5.161;6.902;0.001;16.135;16.135;73.674;93.726;32.547;17.216;49.575;2.223;0.758;0.458;1.692;0.032;3.202;96.928;95.494;32.896;0.437;1.456;0.437;0.002;0.429;5.370;0.161;0;2;33.507;33.508;nan;nan;nan;23312;1;0;0;0;0;0;0
36;1;1;1;IDLE;0.000;0.000;1.000;19617.615773;19617.619960;19617.652684;19617.710911;776483;776483;776483;9707;20;12423728;12423768;100.000;642.638;642.638;6.067;6.670;2981.704;4.032;0.000;0.000;5.787;7.014;0.002;16.833;16.833;71.618;90.951;32.724;18.508;51.439;3.181;0.748;0.434;1.393;0.032;4.187;95.138;93.400;34.014;0.681;1.407;0.681;0.002;0.588;5.477;0.164;0;2;33.997;33.999;nan;nan;nan;25192;1;0;0;0;0;0;0
37;1;1;1;IDLE;0.000;0.000;1.000;19617.649123;19617.652786;19617.687161;19617.744981;781287;781287;781287;9767;20;12500592;12500632;100.000;627.273;627.273;6.293;6.896;3000.152;4.077;0.000;0.000;6.901;7.409;0.001;18.388;18.388;72.267;92.196;34.375;19.944;53.491;4.300;0.736;0.434;1.393;0.038;3.663;95.858;94.137;32.826;0.507;1.351;0.507;0.020;0.115;5.840;0.175;0;2;31.155;31.157;nan;nan;nan;26132;1;0;0;0;0;0;0
38;1;1;1;IDLE;0.000;0.000;1.000;19617.682023;19617.685347;19617.718813;19617.777838;780329;780329;780329;9755;22;12485264;12485304;100.000;604.566;604.566;6.699;7.364;2996.473;4.094;0.000;0.000;4.887;6.985;0.001;15.966;15.966;71.839;92.490;33.466;17.262;47.709;2.131;0.850;0.477;1.400;0.029;3.324;95.815;93.661;32.562;0.771;1.315;0.771;0.002;0.939;5.605;0.168;0;2;33.151;33.152;nan;nan;nan;27824;1;0;0;0;0;0;0
39;1;1;1;IDLE;0.000;0.000;1.000;19617.715691;19617.719908;19617.752993;19617.812832;780785;780785;780785;9760;23;12492560;12492600;100.000;643.402;643.402;7.015;7.711;2998.224;3.912;0.000;0.000;5.637;7.073;0.001;16.622;16.622;73.507;92.924;33.085;17.888;50.241;3.036;0.748;0.439;1.387;0.028;4.216;97.140;95.321;34.560;1.227;1.309;1.227;0.002;0.956;5.616;0.168;0;2;31.915;31.916;nan;nan;nan;29140;1;0;0;0;0;0;0
40;1;1;1;IDLE;0.000;0.000;1.000;19617.749190;19617.752941;19617.785995;19617.843882;785430;785430;785430;9818;23;12566880;12566920;100.000;625.818;625.818;7.105;7.801;3016.061;4.246;0.000;0.000;4.796;8.017;0.002;17.059;17.059;70.860;90.941;33.054;18.758;51.609;2.029;0.764;0.475;1.496;0.032;3.752;94.692;93.038;33.033;0.300;1.246;0.300;0.002;0.157;5.414;0.162;0;2;34.849;34.852;nan;nan;nan;29516;1;0;0;0;0;0;0
41;1;1;1;IDLE;0.000;0.000;1.000;19617.782491;19617.786976;19617.820780;19617.872258;789479;789479;789479;9869;24;12631664;12631704;100.000;640.430;640.430;7.466;8.194;3031.609;4.100;0.000;0.000;6.096;7.720;0.002;17.916;17.916;65.557;85.281;33.804;21.008;53.000;3.495;0.741;0.434;1.392;0.033;4.486;89.767;88.081;34.035;0.702;1.212;0.702;0.002;0.261;5.590;0.168;0;2;30.818;30.819;nan;nan;nan;31020;1;0;0;0;0;0;0
42;1;1;1;IDLE;0.000;0.000;1.000;19617.815465;19617.818490;19617.852148;19617.913007;789348;789348;789348;9867;25;12629568;12629608;100.000;616.790;616.790;7.646;8.405;3031.106;4.208;0.000;0.000;4.893;8.016;0.002;17.117;17.117;74.040;94.517;33.657;18.110;50.857;2.196;0.765;0.457;1.419;0.056;3.025;97.542;95.497;31.514;1.819;1.250;1.819;0.003;0.268;5.419;0.163;0;2;28.121;28.123;nan;nan;nan;31772;1;0;0;0;0;0;0
43;1;1;1;IDLE;0.000;0.000;1.000;19617.849601;19617.854992;19617.887725;19617.944049;792714;792714;792714;9909;25;12683424;12683464;100.000;676.960;676.960;7.646;8.405;3044.031;4.392;0.000;0.000;4.458;8.510;0.002;17.359;17.359;70.321;89.057;32.733;19.493;53.034;1.802;0.775;0.465;1.389;0.027;5.391;94.448;93.205;36.502;3.168;1.370;3.168;0.002;1.026;5.183;0.155;0;1;33.787;33.790;nan;nan;nan;31772;1;0;0;0;0;0;0
44;1;1;1;IDLE;0.000;0.000;1.000;19617.884579;19617.890284;19617.921311;19617.972499;790865;790865;790865;9886;25;12653840;12653880;100.000;690.287;690.287;7.692;8.450;3036.931;4.228;0.000;0.000;4.345;8.011;0.002;16.585;16.585;63.883;82.214;31.027;20.173;53.454;1.656;0.747;0.441;1.470;0.031;5.706;87.920;88.321;35.292;1.959;1.407;1.959;0.002;0.336;4.982;0.149;0;2;30.745;30.747;nan;nan;nan;31960;1;0;0;0;0;0;0
45;1;1;1;IDLE;0.000;0.000;1.000;19617.915601;19617.918540;19617.951378;19618.012242;787976;787976;787976;9850;25;12607616;12607656;100.000;620.778;620.778;7.782;8.541;3025.837;3.742;0.000;0.000;5.179;7.015;0.001;15.936;15.936;73.392;93.702;32.837;17.008;48.532;2.228;0.766;0.468;1.688;0.030;2.940;96.641;94.731;28.256;5.077;1.636;5.077;0.002;0.331;5.034;0.151;0;2;28.131;28.133;nan;nan;nan;32336;1;0;0;0;0;0;0
46;1;1;1;IDLE;0.000;0.000;1.000;19617.949087;19617.954010;19617.987844;19618.043899;789717;789717;789717;9872;111;12635472;12635512;100.000;658.118;658.118;35.034;38.476;3032.523;4.356;0.000;0.000;6.062;8.398;0.006;18.816;18.816;70.690;89.890;33.834;20.932;55.612;3.349;0.774;0.464;1.441;0.034;4.923;94.812;93.055;35.469;2.136;1.667;2.136;0.008;0.166;5.303;0.159;0;1;32.794;32.795;nan;nan;nan;145888;1;0;0;0;0;0;0
47;1;1;1;IDLE;0.000;0.000;1.000;19617.983530;19617.989017;19618.022546;19618.078329;784950;784950;784950;9812;23;12559200;12559240;100.000;664.360;664.360;7.195;7.892;3014.218;4.226;0.000;0.000;4.302;10.026;0.002;18.554;18.554;70.408;89.312;33.529;20.775;55.339;1.677;0.762;0.441;1.394;0.027;5.487;94.799;94.152;35.007;1.674;1.668;1.674;0.002;0.293;5.055;0.152;0;2;31.377;31.378;nan;nan;nan;29892;1;0;0;0;0;0;0
48;1;1;1;IDLE;0.000;0.000;1.000;19618.015569;19618.018660;19618.051455;19618.112576;781130;781130;781130;9765;19;12498080;12498120;100.000;621.374;621.374;5.887;6.458;2999.549;4.218;0.000;0.000;5.106;6.839;0.002;16.163;16.163;73.803;93.916;32.796;17.210;49.284;2.380;0.781;0.474;1.439;0.031;3.091;97.007;95.066;29.643;3.691;1.794;3.691;0.002;0.734;5.071;0.152;0;2;33.708;33.710;nan;nan;nan;24440;1;0;0;0;0;0;0
49;1;1;1;IDLE;0.000;0.000;1.000;19618.049222;19618.053896;19618.085847;19618.146477;780468;780468;780468;9756;19;12487488;12487528;100.000;639.572;639.572;5.977;6.549;2997.007;4.249;0.000;0.000;4.877;7.166;0.002;16.292;16.292;73.056;92.581;31.951;17.597;50.990;2.151;0.744;0.442;1.511;0.029;4.674;97.255;95.633;35.236;1.903;1.801;1.903;0.002;0.380;5.027;0.151;0;2;33.891;33.893;nan;nan;nan;24816;1;0;0;0;0;0;0
50;1;1;1;IDLE;0.000;0.000;1.000;19618.083145;19618.086951;19618.120770;19618.180941;783376;783376;783376;9793;20;12534016;12534056;100.000;631.031;631.031;6.067;6.670;3008.173;4.022;0.000;0.000;5.725;8.017;0.003;17.764;17.764;74.126;93.989;33.819;18.900;52.528;3.109;0.751;0.434;1.397;0.034;3.806;97.796;96.763;33.055;0.278;1.706;0.278;0.003;0.210;5.208;0.156;0;2;33.718;33.721;nan;nan;nan;25192;1;0;0;0;0;0;0
51;1;1;1;IDLE;0.000;0.000;1.000;19618.115639;19618.118835;19618.154283;19618.213080;787237;787237;787237;9841;23;12595792;12595832;100.000;608.928;608.928;7.015;7.711;3023.000;4.154;0.000;0.000;6.913;7.448;0.003;18.514;18.514;73.560;94.245;35.448;19.644;52.228;3.957;0.750;0.433;1.728;0.045;3.195;97.440;95.569;31.883;1.450;1.690;1.450;0.003;0.398;5.641;0.169;0;2;34.102;34.103;nan;nan;nan;29140;1;0;0;0;0;0;0
52;1;1;1;IDLE;0.000;0.000;1.000;19618.150204;19618.153436;19618.191263;19618.243932;787734;787734;787734;9847;24;12603744;12603784;100.000;598.371;598.371;7.421;8.148;3024.908;4.120;0.000;0.000;6.408;9.342;0.004;19.871;19.871;69.433;90.497;37.827;21.958;52.531;3.540;0.745;0.434;1.645;0.044;3.232;93.728;93.088;34.601;1.268;1.664;1.268;0.003;1.008;5.838;0.175;0;2;31.150;31.157;nan;nan;nan;30832;1;0;0;0;0;0;0
53;1;1;1;IDLE;0.000;0.000;1.000;19618.181661;19618.185162;19618.221003;19618.272187;787059;787059;787059;9839;24;12592944;12592984;100.000;611.035;611.035;7.556;8.284;3022.316;3.805;0.000;0.000;5.417;9.713;0.003;18.935;18.935;66.416;87.025;35.842;21.759;52.831;2.300;0.758;0.459;1.870;0.031;3.501;90.526;88.010;31.726;1.607;1.660;1.607;0.002;0.099;5.735;0.172;0;2;32.639;32.640;nan;nan;nan;31396;1;0;0;0;0;0;0
54;1;1;1;IDLE;0.000;0.000;1.000;19618.216155;19618.219096;19618.251060;19618.308258;786051;786051;786051;9826;24;12576816;12576856;100.000;611.814;611.814;7.556;8.284;3018.445;4.131;0.000;0.000;4.257;7.003;0.002;15.392;15.392;68.605;89.162;31.964;17.263;48.153;1.615;0.759;0.437;1.418;0.028;2.941;92.103;90.747;33.934;0.601;1.594;0.601;0.002;0.144;5.369;0.161;0;2;28.124;28.126;nan;nan;nan;31396;1;0;0;0;0;0;0
55;1;1;1;IDLE;0.000;0.000;1.000;19618.249712;19618.255323;19618.288159;19618.308300;796213;796213;796213;9953;23;12739408;12739448;100.000;692.073;692.073;7.285;7.982;3057.468;4.424;0.000;0.000;5.347;9.002;0.001;18.773;18.773;34.569;52.977;32.836;35.437;57.174;2.672;0.780;0.470;1.396;0.030;5.611;58.588;57.456;36.227;2.894;1.675;2.894;0.007;0.071;5.373;0.161;0;1;29.097;29.099;nan;nan;nan;30268;1;0;0;0;0;0;0
56;1;1;1;IDLE;0.000;0.000;1.000;19618.284595;19618.290107;19618.323868;19618.377459;790191;790191;790191;9878;23;12643056;12643096;100.000;670.361;670.361;7.240;7.937;3034.343;4.002;0.000;0.000;4.268;9.646;0.003;17.916;17.916;68.492;87.352;33.761;20.510;53.066;1.614;0.776;0.456;1.391;0.032;5.512;92.864;93.282;34.784;1.451;1.661;1.451;0.002;0.984;5.101;0.153;0;1;32.111;32.112;nan;nan;nan;30080;1;0;0;0;0;0;0
57;1;1;1;IDLE;0.000;0.000;1.000;19618.315500;19618.320807;19618.354316;19618.412075;798808;798808;798808;9986;24;12780928;12780968;100.000;637.693;637.693;7.421;8.148;3067.432;4.600;0.000;0.000;4.248;9.121;0.001;17.969;17.969;71.225;91.268;33.509;19.688;53.625;1.606;0.768;0.458;1.391;0.025;5.307;96.575;94.564;30.700;2.634;1.722;2.634;0.002;0.095;4.891;0.147;0;2;32.261;32.262;nan;nan;nan;30832;1;0;0;0;0;0;0
58;1;1;1;IDLE;0.000;0.000;1.000;19618.348901;19618.352075;19618.385602;19618.445618;797924;797924;797924;9975;24;12766784;12766824;100.000;622.353;622.353;7.331;8.058;3064.038;4.274;0.000;0.000;4.851;7.228;0.001;16.353;16.353;73.029;93.543;33.526;17.482;48.776;2.066;0.783;0.479;1.494;0.029;3.174;96.718;94.775;31.268;2.065;1.743;2.065;0.002;0.932;4.883;0.146;0;2;33.698;33.699;nan;nan;nan;30456;1;0;0;0;0;0;0
59;1;1;1;IDLE;0.000;0.000;1.000;19618.382868;19618.387891;19618.419828;19618.478567;794477;794477;794477;9931;24;12711632;12711672;100.000;661.716;661.716;7.331;8.058;3050.801;4.216;0.000;0.000;4.950;7.381;0.003;16.547;16.547;71.466;90.676;31.937;18.248;51.810;2.330;0.753;0.440;1.389;0.037;5.023;95.699;94.390;35.816;2.482;1.789;2.482;0.004;0.391;4.903;0.147;0;2;33.168;33.170;nan;nan;nan;30456;1;0;0;0;0;0;0
60;1;1;1;IDLE;0.000;0.000;1.000;19618.415614;19618.419044;19618.453968;19618.512963;789053;789053;789053;9864;24;12624848;12624888;100.000;628.955;628.955;7.376;8.103;3029.973;4.247;0.000;0.000;6.480;7.435;0.002;18.161;18.161;73.846;93.919;34.925;19.337;52.001;3.631;0.752;0.445;1.617;0.034;3.429;97.348;95.452;31.153;2.180;1.814;2.180;0.002;0.935;5.300;0.159;0;2;32.030;32.031;nan;nan;nan;30644;1;0;0;0;0;0;0
61;1;1;1;IDLE;0.000;0.000;1.000;19618.449376;19618.452765;19618.486619;19618.545825;783874;783874;783874;9799;110;12541984;12542024;100.000;604.790;604.790;34.493;37.904;3010.086;4.107;0.000;0.000;5.036;8.019;0.011;17.161;17.161;72.322;93.060;33.854;18.441;50.692;2.337;0.760;0.440;1.468;0.030;3.389;96.448;94.981;33.722;0.388;1.725;0.388;0.002;0.059;5.239;0.157;0;2;34.357;34.361;nan;nan;nan;143632;1;0;0;0;0;0;0
62;1;1;1;IDLE;0.000;0.000;1.000;19618.483011;19618.487099;19618.524707;19618.580766;782785;782785;782785;9785;22;12524560;12524600;100.000;627.598;627.598;6.924;7.590;3005.904;4.154;0.000;0.000;5.874;11.024;0.002;21.052;21.052;73.711;93.667;37.608;22.476;55.979;3.230;0.754;0.443;1.413;0.034;4.088;97.755;96.589;34.333;1.000;1.679;1.000;0.002;0.750;5.403;0.162;0;2;32.136;32.137;nan;nan;nan;28764;1;0;0;0;0;0;0
63;1;1;1;IDLE;0.000;0.000;1.000;19618.515248;19618.518388;19618.552750;19618.612000;782791;782791;782791;9785;18;12524656;12524696;100.000;598.262;598.262;5.616;6.156;3005.927;4.099;0.000;0.000;5.095;7.998;0.003;17.192;17.192;72.676;93.612;34.362;18.365;50.031;2.125;0.760;0.458;1.718;0.034;3.141;96.752;94.489;31.289;2.044;1.702;2.044;0.002;0.330;5.332;0.160;0;2;36.008;36.010;nan;nan;nan;23312;1;0;0;0;0;0;0
64;1;1;1;IDLE;0.000;0.000;1.000;19618.549591;19618.552778;19618.589858;19618.647459;782127;782127;782127;9777;17;12514032;12514072;100.000;592.661;592.661;5.345;5.855;3003.377;4.205;0.000;0.000;6.810;9.013;0.002;20.027;20.027;73.565;94.681;37.080;21.152;54.010;3.532;1.084;0.439;1.716;0.039;3.187;97.868;96.615;34.390;1.057;1.662;1.057;0.010;0.132;5.710;0.171;0;2;31.151;31.152;nan;nan;nan;22184;1;0;0;0;0;0;0
65;1;1;1;IDLE;0.000;0.000;1.000;19618.582261;19618.585411;19618.619928;19618.679132;785507;785507;785507;9819;18;12568112;12568152;100.000;612.518;612.518;5.481;6.021;3016.356;3.706;0.000;0.000;5.269;8.013;0.003;16.987;16.987;73.203;93.722;34.517;18.125;49.215;2.354;0.762;0.484;1.639;0.030;3.150;96.871;94.955;32.632;0.701;1.602;0.701;0.002;0.713;5.602;0.168;0;2;35.540;35.542;nan;nan;nan;22748;1;0;0;0;0;0;0
66;1;1;1;IDLE;0.000;0.000;1.000;19618.615980;19618.620007;19618.657073;19618.710560;789017;789017;789017;9863;19;12624272;12624312;100.000;620.328;620.328;5.842;6.413;3029.835;4.152;0.000;0.000;7.042;9.075;0.002;20.269;20.269;70.202;90.553;37.066;22.383;54.682;4.102;0.755;0.435;1.712;0.037;4.027;94.580;93.049;34.596;1.263;1.581;1.263;0.002;0.595;5.973;0.179;0;2;31.128;31.130;nan;nan;nan;24252;1;0;0;0;0;0;0
67;1;1;1;IDLE;0.000;0.000;1.000;19618.648909;19618.652014;19618.686083;19618.739262;789641;789641;789641;9871;20;12634256;12634296;100.000;614.195;614.195;6.203;6.805;3032.231;3.874;0.000;0.000;5.012;8.018;0.002;16.903;16.903;66.677;87.248;34.069;19.374;49.615;2.131;0.762;0.483;1.605;0.030;3.105;90.353;88.418;32.007;1.326;1.565;1.326;0.002;0.466;5.736;0.172;0;2;32.491;32.493;nan;nan;nan;25756;1;0;0;0;0;0;0
68;1;1;1;IDLE;0.000;0.000;1.000;19618.682226;19618.685293;19618.718403;19618.739301;784718;784718;784718;9809;20;12555488;12555528;100.000;625.227;625.227;6.338;6.941;3013.327;4.232;0.000;0.000;5.165;7.260;0.001;16.657;16.657;33.926;54.008;33.109;30.842;50.309;2.390;0.773;0.462;1.510;0.030;3.067;57.075;55.123;33.279;0.054;1.470;0.054;0.002;0.600;5.596;0.168;0;2;28.114;28.116;nan;nan;nan;26320;1;0;0;0;0;0;0
69;1;1;1;IDLE;0.000;0.000;1.000;19618.715876;19618.721281;19618.755241;19618.811216;778159;778159;778159;9727;21;12450544;12450584;100.000;656.632;656.632;6.654;7.288;2988.140;4.238;0.000;0.000;5.833;9.020;0.002;19.090;19.090;70.973;89.934;33.960;21.227;56.215;3.174;0.762;0.462;1.398;0.037;5.405;95.339;93.705;35.988;2.655;1.544;2.655;0.002;0.142;5.660;0.170;0;1;31.975;31.976;nan;nan;nan;27636;1;0;0;0;0;0;0
70;1;1;1;IDLE;0.000;0.000;1.000;19618.750351;19618.755530;19618.784932;19618.845942;776327;776327;776327;9705;22;12421232;12421272;100.000;676.658;676.658;6.789;7.454;2981.105;3.893;0.000;0.000;4.293;6.640;0.001;14.826;14.826;72.056;90.413;29.402;16.398;50.424;1.690;0.749;0.442;1.386;0.026;5.179;95.592;95.099;34.248;0.915;1.505;0.915;0.002;0.110;5.321;0.160;0;2;32.921;32.923;nan;nan;nan;28200;1;0;0;0;0;0;0
71;1;1;1;IDLE;0.000;0.000;1.000;19618.782269;19618.786299;19618.819390;19618.878166;786883;786883;786883;9837;23;12590128;12590168;100.000;648.880;648.880;7.105;7.801;3021.640;3.913;0.000;0.000;5.492;8.020;0.002;17.426;17.426;72.465;91.868;33.092;18.968;52.658;2.579;0.745;0.447;1.690;0.031;4.029;95.897;93.989;30.769;2.564;1.571;2.564;0.002;0.173;5.367;0.161;0;2;34.569;34.570;nan;nan;nan;29516;1;0;0;0;0;0;0
72;1;1;1;IDLE;0.000;0.000;1.000;19618.815708;19618.820029;19618.854246;19618.913229;787146;787146;787146;9840;22;12594336;12594376;100.000;635.620;635.620;6.924;7.590;3022.650;4.274;0.000;0.000;6.067;7.793;0.002;18.135;18.135;73.386;93.200;34.217;19.458;52.998;3.456;0.745;0.440;1.390;0.035;4.321;97.522;95.719;33.730;0.397;1.498;0.397;0.002;0.540;5.547;0.166;0;2;31.711;31.712;nan;nan;nan;28764;1;0;0;0;0;0;0
73;1;1;1;IDLE;0.000;0.000;1.000;19618.848785;19618.851988;19618.885494;19618.944731;781047;781047;781047;9764;22;12496752;12496792;100.000;616.068;616.068;6.879;7.545;2999.230;4.149;0.000;0.000;5.866;6.965;0.003;16.980;16.980;72.458;92.743;33.506;18.309;50.678;3.217;0.777;0.445;1.393;0.034;3.203;95.946;93.887;31.959;1.374;1.490;1.374;0.010;0.379;5.630;0.169;0;2;34.694;34.696;nan;nan;nan;28576;1;0;0;0;0;0;0
74;1;1;1;IDLE;0.000;0.000;1.000;19618.882332;19618.886513;19618.921469;19618.979152;782459;782459;782459;9781;23;12519344;12519384;100.000;616.176;616.176;7.105;7.801;3004.652;4.165;0.000;0.000;6.359;7.855;0.002;18.379;18.379;72.321;92.639;34.956;19.839;52.577;3.593;0.747;0.444;1.544;0.031;4.181;96.820;94.975;34.525;1.192;1.472;1.192;0.002;0.421;5.818;0.175;0;2;31.113;31.114;nan;nan;nan;29516;1;0;0;0;0;0;0
75;1;1;1;IDLE;0.000;0.000;1.000;19618.916039;19618.919200;19618.951504;19619.010947;781579;781579;781579;9770;23;12505264;12505304;100.000;611.661;611.661;7.150;7.847;3001.273;4.092;0.000;0.000;4.918;6.749;0.002;15.759;15.759;71.302;91.747;32.304;17.177;48.784;2.064;0.770;0.482;1.565;0.037;3.162;94.909;93.437;32.687;0.646;1.420;0.646;0.003;0.188;5.595;0.168;0;2;34.393;34.395;nan;nan;nan;29704;1;0;0;0;0;0;0
76;1;1;1;IDLE;0.000;0.000;1.000;19618.948894;19618.952843;19618.987782;19619.045394;784181;784181;784181;9803;110;12546896;12546936;100.000;618.820;618.820;34.628;38.039;3011.265;4.249;0.000;0.000;6.003;8.019;0.004;18.271;18.271;72.276;92.551;34.939;19.741;52.295;3.385;0.744;0.436;1.403;0.034;3.949;96.501;94.550;33.643;0.309;1.350;0.309;0.002;0.638;5.702;0.171;0;2;31.182;31.183;nan;nan;nan;144196;1;0;0;0;0;0;0
77;1;1;1;IDLE;0.000;0.000;1.000;19618.982037;19618.985185;19619.019090;19619.078844;782861;782861;782861;9786;22;12525776;12525816;100.000;605.679;605.679;6.699;7.364;3006.196;4.045;0.000;0.000;4.742;8.259;0.001;17.046;17.046;72.979;93.659;33.905;18.200;50.275;2.111;0.756;0.451;1.395;0.029;3.148;96.807;94.667;32.342;0.991;1.328;0.991;0.002;0.220;5.465;0.164;0;2;34.560;34.561;nan;nan;nan;27824;1;0;0;0;0;0;0
78;1;1;1;IDLE;0.000;0.000;1.000;19619.015954;19619.020518;19619.053088;19619.111176;779451;779451;779451;9744;17;12471216;12471256;100.000;639.783;639.783;5.120;5.629;2993.101;4.272;0.000;0.000;5.362;7.174;0.001;16.808;16.808;71.166;90.659;32.570;18.540;51.605;2.759;0.740;0.440;1.394;0.028;4.564;95.222;93.666;35.333;1.999;1.370;1.999;0.002;0.539;5.443;0.163;0;2;32.928;32.929;nan;nan;nan;21244;1;0;0;0;0;0;0
79;1;1;1;IDLE;0.000;0.000;1.000;19619.048784;19619.052098;19619.087010;19619.146503;784719;784719;784719;9809;17;12555504;12555544;100.000;609.263;609.263;5.345;5.855;3013.331;4.040;0.000;0.000;6.116;8.018;0.001;18.175;18.175;73.798;94.406;34.912;19.252;52.058;3.166;0.867;0.435;1.616;0.033;3.314;97.719;95.659;31.580;1.753;1.394;1.753;0.002;0.167;5.614;0.168;0;2;32.181;32.183;nan;nan;nan;22184;1;0;0;0;0;0;0
80;1;1;1;IDLE;0.000;0.000;1.000;19619.082700;19619.085759;19619.119082;19619.146561;780701;780701;780701;9759;19;12491216;12491256;100.000;606.595;606.595;6.022;6.594;2997.901;4.293;0.000;0.000;4.805;7.609;0.001;16.707;16.707;40.209;60.802;33.324;27.477;50.135;2.115;0.761;0.463;1.437;0.029;3.058;63.860;62.384;33.661;0.328;1.327;0.328;0.002;0.314;5.414;0.162;0;2;35.026;35.027;nan;nan;nan;25004;1;0;0;0;0;0;0
81;1;1;1;IDLE;0.000;0.000;1.000;19619.115710;19619.120018;19619.155806;19619.211728;785754;785754;785754;9822;22;12572064;12572104;100.000;614.928;614.928;6.699;7.364;3017.305;4.244;0.000;0.000;6.009;8.655;0.003;18.907;18.907;71.265;91.710;35.788;20.616;52.831;3.326;0.742;0.437;1.467;0.036;4.308;96.018;94.217;34.259;0.926;1.302;0.926;0.002;0.676;5.568;0.167;0;2;31.136;31.137;nan;nan;nan;27824;1;0;0;0;0;0;0
82;1;1;1;IDLE;0.000;0.000;1.000;19619.148440;19619.151420;19619.184995;19619.244785;783308;783308;783308;9792;22;12532928;12532968;100.000;608.075;608.075;6.789;7.454;3007.912;4.147;0.000;0.000;5.009;7.805;0.001;16.961;16.961;72.754;93.365;33.575;18.166;50.516;2.131;0.760;0.479;1.608;0.030;2.980;96.345;93.942;31.402;1.931;1.342;1.931;0.012;0.137;5.431;0.163;0;2;34.533;34.536;nan;nan;nan;28200;1;0;0;0;0;0;0
83;1;1;1;IDLE;0.000;0.000;1.000;19619.182292;19619.186270;19619.220321;19619.279250;782737;782737;782737;9785;21;12523792;12523832;100.000;639.629;639.629;6.564;7.198;3005.720;4.042;0.000;0.000;5.854;8.023;0.001;17.918;17.918;73.400;92.980;34.051;19.271;52.621;3.170;0.745;0.438;1.468;0.032;3.978;96.957;95.072;34.850;1.517;1.352;1.517;0.002;0.592;5.540;0.166;0;2;32.483;32.484;nan;nan;nan;27260;1;0;0;0;0;0;0
84;1;1;1;IDLE;0.000;0.000;1.000;19619.215713;19619.219386;19619.252392;19619.310685;781874;781874;781874;9774;22;12509984;12510024;100.000;609.698;609.698;6.924;7.590;3002.406;4.210;0.000;0.000;4.862;7.018;0.003;16.090;16.090;70.781;91.300;33.007;17.623;48.748;2.137;0.776;0.459;1.462;0.029;3.672;94.972;93.175;33.116;0.218;1.282;0.218;0.002;0.606;5.373;0.161;0;2;33.872;33.873;nan;nan;nan;28764;1;0;0;0;0;0;0
85;1;1;1;IDLE;0.000;0.000;1.000;19619.249262;19619.253093;19619.286912;19619.345537;780545;780545;780545;9757;19;12488720;12488760;100.000;613.620;613.620;5.932;6.504;2997.302;4.257;0.000;0.000;5.770;7.456;0.001;17.482;17.482;72.091;92.444;33.818;18.911;51.695;3.167;0.746;0.436;1.388;0.033;3.832;96.275;94.693;33.708;0.374;1.225;0.374;0.002;0.237;5.478;0.164;0;2;31.225;31.227;nan;nan;nan;24628;1;0;0;0;0;0;0
86;1;1;1;IDLE;0.000;0.000;1.000;19619.282046;19619.285058;19619.318315;19619.377486;778343;778343;778343;9730;21;12453488;12453528;100.000;616.327;616.327;6.518;7.152;2988.847;4.116;0.000;0.000;5.398;6.782;0.001;16.297;16.297;72.222;92.428;33.257;17.632;49.002;2.508;0.784;0.481;1.594;0.030;3.012;95.440;93.309;31.965;1.369;1.234;1.369;0.002;0.868;5.461;0.164;0;2;34.001;34.002;nan;nan;nan;27072;1;0;0;0;0;0;0
87;1;1;1;IDLE;0.000;0.000;1.000;19619.315597;19619.319560;19619.352623;19619.406802;778458;778458;778458;9731;20;12455328;12455368;100.000;619.355;619.355;6.338;6.941;2989.288;3.979;0.000;0.000;5.846;7.017;0.002;16.841;16.841;67.131;87.242;33.063;19.304;50.938;3.242;0.740;0.442;1.392;0.030;3.963;91.205;89.292;34.502;1.169;1.230;1.169;0.002;0.087;5.560;0.167;0;2;31.877;31.878;nan;nan;nan;26320;1;0;0;0;0;0;0
88;1;1;1;IDLE;0.000;0.000;1.000;19619.348808;19619.351867;19619.385195;19619.445167;778592;778592;778592;9733;22;12457472;12457512;100.000;609.004;609.004;6.924;7.590;2989.803;4.450;0.000;0.000;5.143;7.512;0.001;17.105;17.105;72.844;93.299;33.327;18.334;51.325;2.419;0.765;0.461;1.468;0.030;3.059;96.359;94.323;32.307;1.026;1.217;1.026;0.002;0.213;5.458;0.164;0;2;29.115;29.118;nan;nan;nan;28764;1;0;0;0;0;0;0
89;1;1;1;IDLE;0.000;0.000;1.000;19619.383121;19619.388568;19619.422357;19619.478927;779952;779952;779952;9750;23;12479232;12479272;100.000;658.233;658.233;7.105;7.801;2995.025;4.489;0.000;0.000;5.476;8.562;0.002;18.527;18.527;71.400;90.359;33.789;20.503;54.831;2.772;0.762;0.459;1.452;0.031;5.448;95.807;94.750;36.701;3.368;1.351;3.368;0.002;0.789;5.468;0.164;0;1;31.369;31.370;nan;nan;nan;29516;1;0;0;0;0;0;0
90;1;1;1;IDLE;0.000;0.000;1.000;19619.416993;19619.421893;19619.452796;19619.512802;779674;779674;779674;9746;23;12474784;12474824;100.000;653.240;653.240;7.105;7.801;2993.958;4.167;0.000;0.000;4.153;6.956;0.002;15.277;15.277;71.811;90.908;30.902;16.805;49.436;1.529;0.756;0.454;1.388;0.027;4.901;95.809;95.291;33.325;0.008;1.268;0.008;0.008;0.687;5.142;0.154;0;2;33.084;33.085;nan;nan;nan;29516;1;0;0;0;0;0;0
91;1;1;1;IDLE;0.000;0.000;1.000;19619.448818;19619.452480;19619.485991;19619.545140;781083;781083;781083;9764;109;12497328;12497368;100.000;603.739;603.739;34.267;37.647;2999.368;4.065;0.000;0.000;5.702;7.054;0.010;16.821;16.821;71.960;92.660;33.511;18.154;50.196;3.042;0.763;0.442;1.420;0.036;3.662;96.322;94.296;30.587;2.746;1.360;2.746;0.002;0.052;5.291;0.159;0;2;33.858;33.861;nan;nan;nan;142692;1;0;0;0;0;0;0
92;1;1;1;IDLE;0.000;0.000;1.000;19619.482817;19619.486403;19619.523021;19619.579616;780537;780537;780537;9757;21;12488592;12488632;100.000;615.750;615.750;6.609;7.243;2997.272;4.151;0.000;0.000;6.081;10.020;0.001;20.253;20.253;72.931;93.213;36.618;21.728;55.309;3.170;0.744;0.441;1.690;0.035;3.586;96.799;95.439;33.922;0.589;1.312;0.589;0.002;0.231;5.493;0.165;0;2;32.137;32.138;nan;nan;nan;27448;1;0;0;0;0;0;0
93;1;1;1;IDLE;0.000;0.000;1.000;19619.516068;19619.519036;19619.553089;19619.611013;773046;773046;773046;9664;17;12368736;12368776;100.000;586.458;586.458;5.210;5.719;2968.506;4.077;0.000;0.000;4.791;8.020;0.002;16.887;16.887;70.886;91.976;34.053;18.361;49.592;2.143;0.760;0.457;1.403;0.028;2.968;94.945;93.502;32.634;0.700;1.274;0.700;0.002;0.148;5.321;0.160;0;2;34.543;34.545;nan;nan;nan;21620;1;0;0;0;0;0;0
94;1;1;1;IDLE;0.000;0.000;1.000;19619.549901;19619.554011;19619.589176;19619.639347;770822;770822;770822;9636;17;12333152;12333192;100.000;626.229;626.229;5.120;5.629;2959.966;4.099;0.000;0.000;5.876;9.020;0.002;18.994;18.994;65.642;85.336;35.165;22.258;54.015;3.259;0.733;0.432;1.417;0.035;4.110;89.446;88.504;34.975;1.641;1.297;1.641;0.002;0.572;5.465;0.164;0;2;30.853;30.854;nan;nan;nan;21244;1;0;0;0;0;0;0
95;1;1;1;IDLE;0.000;0.000;1.000;19619.582046;19619.585067;19619.618294;19619.678273;778859;778859;778859;9736;19;12461744;12461784;100.000;605.864;605.864;5.887;6.458;2990.828;4.002;0.000;0.000;5.358;7.069;0.001;16.428;16.428;72.637;93.206;33.227;17.626;49.444;2.399;0.816;0.472;1.641;0.031;3.021;96.227;94.096;31.056;2.277;1.358;2.277;0.002;0.229;5.441;0.163;0;2;28.117;28.119;nan;nan;nan;24440;1;0;0;0;0;0;0
96;1;1;1;IDLE;0.000;0.000;1.000;19619.615980;19619.619544;19619.652501;19619.710933;778333;778333;778333;9730;22;12453328;12453368;100.000;619.438;619.438;6.699;7.364;2988.808;4.276;0.000;0.000;4.884;7.667;0.001;16.827;16.827;71.285;91.389;32.957;18.413;51.057;2.158;0.756;0.485;1.454;0.030;3.564;94.953;93.422;34.476;1.143;1.344;1.143;0.002;0.300;5.304;0.159;0;1;33.435;33.438;nan;nan;nan;27824;1;0;0;0;0;0;0
97;1;1;1;IDLE;0.000;0.000;1.000;19619.649436;19619.654948;19619.685404;19619.745014;782798;782798;782798;9785;23;12524768;12524808;100.000;663.017;663.017;7.060;7.756;3005.954;4.195;0.000;0.000;4.413;7.026;0.001;15.634;15.634;71.176;90.066;30.456;17.358;51.331;1.815;0.746;0.436;1.387;0.029;5.512;95.579;94.170;35.404;2.071;1.390;2.071;0.002;0.123;5.084;0.153;0;2;32.551;32.554;nan;nan;nan;29328;1;0;0;0;0;0;0
98;1;1;1;IDLE;0.000;0.000;1.000;19619.682143;19619.686638;19619.719476;19619.777620;781418;781418;781418;9768;22;12502688;12502728;100.000;641.116;641.116;6.879;7.545;3000.655;4.181;0.000;0.000;4.773;8.015;0.002;16.968;16.968;71.480;90.982;32.837;18.650;51.674;2.089;0.770;0.458;1.428;0.029;4.495;95.477;93.443;31.690;1.643;1.406;1.643;0.002;0.546;5.009;0.150;0;2;33.551;33.552;nan;nan;nan;28576;1;0;0;0;0;0;0
99;1;1;1;IDLE;0.000;0.000;1.000;19619.715350;19619.719268;19619.753553;19619.812260;777382;777382;777382;9718;22;12438112;12438152;100.000;620.678;620.678;6.789;7.454;2985.156;3.948;0.000;0.000;5.676;8.019;0.001;17.643;17.643;72.952;92.992;34.285;18.973;51.461;3.071;0.743;0.439;1.389;0.033;3.919;96.910;94.750;32.630;0.703;1.362;0.703;0.010;0.539;5.179;0.155;0;2;32.083;32.084;nan;nan;nan;28200;1;0;0;0;0;0;0
100;1;1;1;IDLE;0.000;0.000;1.000;19619.748731;19619.751961;19619.785855;19619.845399;778267;778267;778267;9729;21;12452272;12452312;100.000;611.559;611.559;6.428;7.062;2988.555;4.289;0.000;0.000;5.278;7.238;0.001;16.805;16.805;73.077;93.438;33.895;17.985;49.581;2.514;0.745;0.461;1.528;0.030;3.230;96.668;94.555;32.693;0.641;1.317;0.641;0.002;1.013;5.206;0.156;0;2;33.640;33.641;nan;nan;nan;26696;1;0;0;0;0;0;0
101;1;1;1;IDLE;0.000;0.000;1.000;19619.782560;19619.786990;19619.819595;19619.878624;780699;780699;780699;9759;21;12491184;12491224;100.000;632.705;632.705;6.518;7.152;2997.894;4.158;0.000;0.000;5.505;6.903;0.002;16.566;16.566;71.891;91.634;32.605;18.078;50.807;2.905;0.740;0.442;1.389;0.029;4.430;96.064;94.447;35.029;1.696;1.340;1.696;0.002;0.451;5.284;0.159;0;2;32.704;32.705;nan;nan;nan;27072;1;0;0;0;0;0;0
102;1;1;1;IDLE;0.000;0.000;1.000;19619.815453;19619.818506;19619.853786;19619.912934;780328;780328;780328;9755;21;12485248;12485288;100.000;601.121;601.121;6.383;7.017;2996.469;4.175;0.000;0.000;6.097;8.012;0.002;18.283;18.283;73.658;94.428;35.280;19.362;51.823;3.233;0.750;0.435;1.648;0.031;3.052;97.480;95.423;31.516;1.818;1.370;1.818;0.002;0.399;5.491;0.165;0;2;32.847;32.848;nan;nan;nan;26508;1;0;0;0;0;0;0
103;1;1;1;IDLE;0.000;0.000;1.000;19619.849069;19619.852499;19619.885753;19619.943621;782351;782351;782351;9780;21;12517616;12517656;100.000;595.939;595.939;6.428;7.062;3004.237;4.350;0.000;0.000;5.098;6.910;0.002;16.357;16.357;70.117;91.122;33.254;17.951;49.188;2.148;0.748;0.445;1.725;0.031;3.430;94.552;92.777;33.994;0.660;1.326;0.660;0.002;0.238;5.396;0.162;0;2;34.085;34.088;nan;nan;nan;26696;1;0;0;0;0;0;0
104;1;1;1;IDLE;0.000;0.000;1.000;19619.882533;19619.885970;19619.920642;19619.972121;782164;782164;782164;9778;21;12514624;12514664;100.000;598.452;598.452;6.428;7.062;3003.519;4.208;0.000;0.000;6.008;7.713;0.002;17.929;17.929;65.239;86.151;34.672;20.812;51.711;3.390;0.746;0.434;1.397;0.042;3.437;89.588;87.944;33.471;0.137;1.252;0.137;0.003;0.035;5.556;0.167;0;2;30.689;30.690;nan;nan;nan;26696;1;0;0;0;0;0;0
105;1;1;1;IDLE;0.000;0.000;1.000;19619.915261;19619.918400;19619.951410;19620.013867;783021;783021;783021;9788;22;12528336;12528376;100.000;611.507;611.507;6.834;7.500;3006.810;4.007;0.000;0.000;4.711;7.415;0.002;16.133;16.133;74.979;95.467;33.010;16.899;48.872;2.042;0.764;0.460;1.416;0.029;3.140;98.606;96.356;32.430;0.903;1.230;0.903;0.002;0.393;5.348;0.160;0;2;28.121;28.123;nan;nan;nan;28388;1;0;0;0;0;0;0
106;1;1;1;IDLE;0.000;0.000;1.000;19619.949575;19619.955530;19619.988094;19620.044274;786829;786829;786829;9836;105;12589264;12589304;100.000;703.439;703.439;33.094;36.349;3021.433;4.559;0.000;0.000;4.913;8.991;0.009;18.463;18.463;70.847;88.744;32.564;20.805;56.697;2.256;0.771;0.463;1.395;0.028;5.955;94.699;93.430;37.130;3.796;1.390;3.796;0.002;0.761;5.242;0.157;0;1;34.758;34.760;nan;nan;nan;137804;1;0;0;0;0;0;0
107;1;1;1;IDLE;0.000;0.000;1.000;19619.984645;19619.990453;19620.023179;19620.079166;789365;789365;789365;9868;23;12629840;12629880;100.000;666.745;666.745;7.015;7.711;3031.171;3.896;0.000;0.000;4.433;9.018;0.002;17.347;17.347;69.770;88.713;32.726;19.554;53.006;1.758;0.756;0.443;1.447;0.029;5.808;94.521;94.988;34.923;1.590;1.403;1.590;0.002;0.330;5.046;0.151;0;2;30.111;30.112;nan;nan;nan;29140;1;0;0;0;0;0;0
108;1;1;1;IDLE;0.000;0.000;1.000;19620.015416;19620.018439;19620.050827;19620.112893;790807;790807;790807;9886;19;12652912;12652952;100.000;628.077;628.077;5.842;6.413;3036.708;3.929;0.000;0.000;5.034;6.757;0.003;15.720;15.720;74.309;94.454;32.388;16.643;48.536;2.096;0.777;0.470;1.661;0.030;3.023;97.477;95.383;27.986;5.347;1.649;5.347;0.009;0.442;5.046;0.151;0;2;35.092;35.093;nan;nan;nan;24252;1;0;0;0;0;0;0
109;1;1;1;IDLE;0.000;0.000;1.000;19620.048803;19620.052674;19620.086646;19620.145304;789334;789334;789334;9867;17;12629344;12629384;100.000;629.363;629.363;5.345;5.855;3031.052;4.098;0.000;0.000;6.392;7.336;0.002;17.825;17.825;72.563;92.630;33.972;19.243;52.470;3.772;0.754;0.441;1.391;0.034;3.870;96.500;94.460;34.234;0.901;1.602;0.901;0.002;0.175;5.387;0.162;0;2;33.576;33.579;nan;nan;nan;22184;1;0;0;0;0;0;0
110;1;1;1;IDLE;0.000;0.000;1.000;19620.082515;19620.085646;19620.122411;19620.179007;783753;783753;783753;9797;18;12540048;12540088;100.000;608.072;608.072;5.661;6.202;3009.621;4.062;0.000;0.000;6.582;9.018;0.001;19.662;19.662;72.738;93.361;36.764;21.060;53.481;3.294;1.083;0.439;1.731;0.035;3.132;96.493;94.830;32.973;0.361;1.525;0.361;0.002;0.539;5.692;0.171;0;2;31.908;31.909;nan;nan;nan;23500;1;0;0;0;0;0;0
111;1;1;1;IDLE;0.000;0.000;1.000;19620.115962;19620.118995;19620.152387;19620.213312;781240;781240;781240;9766;21;12499840;12499880;100.000;590.367;590.367;6.609;7.243;2999.971;4.253;0.000;0.000;5.117;6.926;0.002;16.296;16.296;73.143;94.317;33.392;17.278;48.803;2.368;0.782;0.476;1.462;0.029;3.033;97.350;95.801;33.349;0.016;1.430;0.016;0.002;0.173;5.551;0.167;0;2;33.542;33.544;nan;nan;nan;27448;1;0;0;0;0;0;0
112;1;1;1;IDLE;0.000;0.000;1.000;19620.148990;19620.152650;19620.187125;19620.243971;781247;781247;781247;9766;22;12499952;12499992;100.000;584.359;584.359;6.789;7.454;2999.998;4.341;0.000;0.000;4.942;7.578;0.003;16.861;16.861;69.930;91.321;34.476;18.463;48.907;2.216;0.756;0.454;1.484;0.031;3.659;94.981;93.127;33.654;0.321;1.361;0.321;0.002;0.562;5.402;0.162;0;2;33.761;33.762;nan;nan;nan;28200;1;0;0;0;0;0;0
113;1;1;1;IDLE;0.000;0.000;1.000;19620.183195;19620.186843;19620.221802;19620.273715;783523;783523;783523;9795;22;12536368;12536408;100.000;606.918;606.918;6.789;7.454;3008.738;4.285;0.000;0.000;5.777;8.179;0.002;18.241;18.241;66.215;86.871;34.959;20.998;52.178;3.144;0.746;0.440;1.414;0.033;3.649;90.520;89.537;34.193;0.860;1.330;0.860;0.002;0.344;5.502;0.165;0;2;30.344;30.345;nan;nan;nan;28200;1;0;0;0;0;0;0
114;1;1;1;IDLE;0.000;0.000;1.000;19620.215185;19620.218192;19620.252710;19620.313154;783046;783046;783046;9789;24;12528736;12528776;100.000;605.507;605.507;7.331;8.058;3006.906;4.019;0.000;0.000;5.067;8.020;0.002;17.106;17.106;74.271;94.963;34.519;18.013;49.555;2.385;0.767;0.453;1.425;0.038;3.007;97.970;95.644;31.348;1.985;1.371;1.985;0.003;0.737;5.396;0.162;0;2;29.018;29.021;nan;nan;nan;30456;1;0;0;0;0;0;0
115;1;1;1;IDLE;0.000;0.000;1.000;19620.249301;19620.254363;19620.288793;19620.344740;785712;785712;785712;9822;22;12571392;12571432;100.000;641.046;641.046;6.924;7.590;3017.144;4.172;0.000;0.000;4.976;9.016;0.002;18.164;18.164;70.766;90.377;34.430;20.098;52.758;2.317;0.772;0.464;1.394;0.029;5.062;95.439;93.896;36.171;2.838;1.462;2.838;0.002;0.824;5.294;0.159;0;1;33.371;33.376;nan;nan;nan;28764;1;0;0;0;0;0;0
116;1;1;1;IDLE;0.000;0.000;1.000;19620.283765;19620.288975;19620.321203;19620.379226;788409;788409;788409;9856;22;12614544;12614584;100.000;640.530;640.530;6.834;7.500;3027.500;4.129;0.000;0.000;4.448;7.350;0.001;15.927;15.927;70.557;90.251;32.228;17.647;49.418;1.566;0.744;0.450;1.659;0.029;5.209;95.460;95.048;34.612;1.279;1.451;1.279;0.002;0.734;5.088;0.153;0;2;30.883;30.884;nan;nan;nan;28388;1;0;0;0;0;0;0
117;1;1;1;IDLE;0.000;0.000;1.000;19620.315943;19620.318994;19620.351679;19620.411189;785289;785289;785289;9817;21;12564624;12564664;100.000;608.087;608.087;6.518;7.152;3015.519;3.650;0.000;0.000;5.056;6.757;0.002;15.464;15.464;71.533;92.195;32.686;16.773;47.311;2.167;0.771;0.477;1.611;0.030;3.050;95.245;93.678;30.019;3.314;1.567;3.314;0.011;0.198;5.082;0.152;0;2;34.300;34.302;nan;nan;nan;27072;1;0;0;0;0;0;0
118;1;1;1;IDLE;0.000;0.000;1.000;19620.348832;19620.352540;19620.388199;19620.411226;784314;784314;784314;9804;20;12549024;12549064;100.000;614.595;614.595;6.338;6.941;3011.775;4.283;0.000;0.000;6.234;8.189;0.001;18.706;18.706;38.267;58.686;35.659;31.875;52.458;3.529;0.752;0.439;1.478;0.035;3.708;62.394;60.382;33.547;0.213;1.483;0.213;0.002;0.814;5.375;0.161;0;2;31.176;31.178;nan;nan;nan;26320;1;0;0;0;0;0;0
119;1;1;1;IDLE;0.000;0.000;1.000;19620.382246;19620.385437;19620.419405;19620.478370;784830;784830;784830;9811;21;12557280;12557320;100.000;600.579;600.579;6.473;7.107;3013.757;4.117;0.000;0.000;4.822;7.324;0.003;16.264;16.264;72.024;92.933;33.967;17.500;47.880;2.095;0.788;0.484;1.427;0.029;3.192;96.125;94.193;32.897;0.436;1.417;0.436;0.002;0.908;5.240;0.157;0;2;34.252;34.253;nan;nan;nan;26884;1;0;0;0;0;0;0
120;1;1;1;IDLE;0.000;0.000;1.000;19620.415656;19620.420128;19620.457183;19620.513187;784742;784742;784742;9810;21;12555872;12555912;100.000;615.529;615.529;6.518;7.152;3013.419;4.162;0.000;0.000;5.778;10.019;0.001;19.960;19.960;72.661;93.060;37.055;21.448;53.864;3.088;0.750;0.442;1.462;0.035;4.471;97.531;95.677;34.690;1.357;1.414;1.357;0.002;0.856;5.380;0.161;0;2;31.204;31.205;nan;nan;nan;27072;1;0;0;0;0;0;0
121;1;1;1;IDLE;0.000;0.000;1.000;19620.448872;19620.451918;19620.486445;19620.545192;787186;787186;787186;9840;108;12594976;12595016;100.000;594.538;594.538;33.996;37.345;3022.804;4.151;0.000;0.000;5.249;7.206;0.010;16.606;16.606;72.089;93.273;34.527;17.804;48.097;2.255;0.768;0.464;1.731;0.031;3.046;96.320;94.348;31.791;1.543;1.422;1.543;0.002;0.884;5.349;0.160;0;2;33.944;33.946;nan;nan;nan;141564;1;0;0;0;0;0;0
122;1;1;1;IDLE;0.000;0.000;1.000;19620.482510;19620.486168;19620.524342;19620.579825;792161;792161;792161;9903;23;12674576;12674616;100.000;607.105;607.105;7.015;7.711;3041.908;4.226;0.000;0.000;6.102;11.025;0.001;21.354;21.354;72.779;93.656;38.173;22.800;55.939;3.446;0.751;0.435;1.435;0.035;3.658;97.315;95.648;34.250;0.917;1.390;0.917;0.002;0.166;5.544;0.166;0;2;31.871;31.872;nan;nan;nan;29140;1;0;0;0;0;0;0
123;1;1;1;IDLE;0.000;0.000;1.000;19620.515306;19620.518428;19620.553407;19620.611600;788290;788290;788290;9854;18;12612640;12612680;100.000;597.847;597.847;5.526;6.066;3027.043;4.078;0.000;0.000;4.800;9.022;0.002;17.900;17.900;72.075;93.172;34.979;19.212;51.174;2.131;0.765;0.456;1.418;0.030;3.122;96.293;94.089;32.259;1.074;1.370;1.074;0.002;0.057;5.361;0.161;0;2;35.436;35.438;nan;nan;nan;22936;1;0;0;0;0;0;0
124;1;1;1;IDLE;0.000;0.000;1.000;19620.549836;19620.553846;19620.588586;19620.646061;789222;789222;789222;9866;18;12627552;12627592;100.000;634.744;634.744;5.571;6.111;3030.622;4.221;0.000;0.000;6.051;8.112;0.002;18.384;18.384;72.321;92.215;34.740;19.936;52.920;3.393;0.757;0.442;1.424;0.035;4.010;96.225;95.217;35.418;2.084;1.415;2.084;0.002;0.680;5.539;0.166;0;2;31.120;31.122;nan;nan;nan;23124;1;0;0;0;0;0;0
125;1;1;1;IDLE;0.000;0.000;1.000;19620.581966;19620.584972;19620.619558;19620.676944;787173;787173;787173;9840;19;12594768;12594808;100.000;590.598;590.598;5.977;6.549;3022.754;3.968;0.000;0.000;4.947;7.925;0.002;16.840;16.840;70.646;91.972;34.587;18.310;48.690;2.302;0.764;0.454;1.393;0.035;3.006;94.978;92.767;31.126;2.207;1.465;2.207;0.002;0.386;5.394;0.162;0;2;34.424;34.425;nan;nan;nan;24816;1;0;0;0;0;0;0
126;1;1;1;IDLE;0.000;0.000;1.000;19620.616240;19620.620400;19620.654184;19620.705815;776279;776279;776279;9704;20;12420464;12420504;100.000;631.615;631.615;6.293;6.896;2980.921;4.172;0.000;0.000;5.953;7.558;0.002;17.683;17.683;65.751;85.416;33.784;20.702;52.341;3.318;0.742;0.442;1.417;0.034;4.159;89.575;88.305;35.428;2.095;1.504;2.095;0.010;0.597;5.540;0.166;0;2;30.315;30.316;nan;nan;nan;26132;1;0;0;0;0;0;0
127;1;1;1;IDLE;0.000;0.000;1.000;19620.648608;19620.651604;19620.685713;19620.740887;773912;773912;773912;9674;22;12382592;12382632;100.000;602.274;602.274;6.699;7.364;2971.832;3.976;0.000;0.000;4.759;8.012;0.001;16.747;16.747;68.722;89.283;34.108;18.757;49.098;1.960;0.773;0.480;1.516;0.030;2.996;92.279;90.043;31.205;2.129;1.543;2.129;0.002;0.774;5.347;0.160;0;2;28.109;28.111;nan;nan;nan;27824;1;0;0;0;0;0;0
128;1;1;1;IDLE;0.000;0.000;1.000;19620.682852;19620.689122;19620.720795;19620.778841;773302;773302;773302;9667;22;12372832;12372872;100.000;699.876;699.876;6.879;7.545;2969.489;4.098;0.000;0.000;4.696;9.023;0.001;17.817;17.817;72.041;89.719;31.673;19.859;56.253;2.060;0.759;0.463;1.392;0.023;6.270;95.989;94.664;37.518;4.184;1.708;4.184;0.002;0.274;5.187;0.156;0;1;29.111;29.113;nan;nan;nan;28576;1;0;0;0;0;0;0
129;1;1;1;IDLE;0.000;0.000;1.000;19620.717898;19620.723565;19620.754875;19620.812463;777001;777001;777001;9713;22;12432016;12432056;100.000;711.841;711.841;6.834;7.500;2983.693;3.951;0.000;0.000;4.160;9.023;0.001;17.135;17.135;71.433;88.898;31.310;19.275;54.728;1.518;0.759;0.461;1.392;0.031;5.667;94.565;94.953;34.443;1.110;1.671;1.110;0.002;0.659;4.933;0.148;0;1;32.987;32.988;nan;nan;nan;28388;1;0;0;0;0;0;0
130;1;1;1;IDLE;0.000;0.000;1.000;19620.750097;19620.756062;19620.785668;19620.812540;783174;783174;783174;9790;21;12530784;12530824;100.000;687.557;687.557;6.654;7.288;3007.398;4.050;0.000;0.000;4.534;6.740;0.003;15.324;15.324;38.253;56.479;29.606;27.133;51.760;1.930;0.747;0.444;1.390;0.023;5.965;62.444;61.696;32.496;0.837;1.619;0.837;0.002;0.105;4.836;0.145;0;2;33.531;33.533;nan;nan;nan;27636;1;0;0;0;0;0;0
131;1;1;1;IDLE;0.000;0.000;1.000;19620.782077;19620.785215;19620.820451;19620.879380;786108;786108;786108;9827;22;12577728;12577768;100.000;608.641;608.641;6.699;7.364;3018.664;4.027;0.000;0.000;6.548;7.436;0.002;18.011;18.011;73.500;94.166;35.236;19.127;51.114;3.327;1.082;0.444;1.661;0.034;3.137;97.303;95.203;29.153;4.180;1.779;4.180;0.002;0.584;5.270;0.158;0;2;32.392;32.393;nan;nan;nan;27824;1;0;0;0;0;0;0
132;1;1;1;IDLE;0.000;0.000;1.000;19620.816140;19620.819371;19620.853425;19620.911238;785622;785622;785622;9821;21;12569952;12569992;100.000;596.556;596.556;6.564;7.198;3016.798;4.285;0.000;0.000;4.948;7.338;0.002;16.570;16.570;70.796;91.867;34.054;18.038;48.659;1.984;0.760;0.449;1.725;0.029;3.231;95.097;93.727;34.156;0.823;1.719;0.823;0.002;0.694;5.192;0.156;0;2;33.290;33.292;nan;nan;nan;27260;1;0;0;0;0;0;0
133;1;1;1;IDLE;0.000;0.000;1.000;19620.849218;19620.852624;19620.889184;19620.944395;787265;787265;787265;9841;21;12596240;12596280;100.000;602.901;602.901;6.428;7.062;3023.107;4.298;0.000;0.000;5.829;9.018;0.001;19.146;19.146;70.878;91.771;36.560;20.863;52.369;3.202;0.753;0.442;1.397;0.035;3.407;95.178;93.551;33.253;0.080;1.616;0.080;0.002;0.816;5.357;0.161;0;2;31.068;31.070;nan;nan;nan;26696;1;0;0;0;0;0;0
134;1;1;1;IDLE;0.000;0.000;1.000;19620.881939;19620.885096;19620.920259;19620.973433;787734;787734;787734;9847;21;12603744;12603784;100.000;595.170;595.170;6.428;7.062;3024.908;4.358;0.000;0.000;4.941;8.016;0.002;17.315;17.315;67.159;88.336;35.162;19.602;49.244;2.144;0.769;0.479;1.518;0.031;3.157;91.493;89.255;32.472;0.861;1.569;0.861;0.002;1.026;5.256;0.158;0;2;32.149;32.151;nan;nan;nan;26696;1;0;0;0;0;0;0
135;1;1;1;IDLE;0.000;0.000;1.000;19620.915640;19620.919771;19620.952660;19621.012447;786766;786766;786766;9835;22;12588256;12588296;100.000;630.700;630.700;6.744;7.409;3021.191;4.069;0.000;0.000;4.635;7.415;0.002;16.118;16.118;72.716;92.675;32.889;17.392;49.008;2.014;0.740;0.438;1.412;0.030;4.131;96.806;94.936;34.675;1.341;1.555;1.341;0.010;0.870;5.104;0.153;0;2;28.182;28.183;nan;nan;nan;28012;1;0;0;0;0;0;0
136;1;1;1;IDLE;0.000;0.000;1.000;19620.949839;19620.955215;19620.988416;19621.043862;787622;787622;787622;9846;100;12601952;12601992;100.000;658.230;658.230;31.380;34.478;3024.478;4.395;0.000;0.000;4.913;9.020;0.008;18.329;18.329;69.501;88.647;33.201;20.677;55.207;2.264;0.762;0.459;1.393;0.035;5.376;94.023;93.018;35.444;2.111;1.590;2.111;0.002;0.119;5.062;0.152;0;1;33.046;33.049;nan;nan;nan;130660;1;0;0;0;0;0;0
137;1;1;1;IDLE;0.000;0.000;1.000;19620.983634;19620.988574;19621.022494;19621.078762;784509;784509;784509;9807;25;12552144;12552184;100.000;638.073;638.073;7.737;8.496;3012.524;4.192;0.000;0.000;4.169;10.026;0.001;18.387;18.387;70.516;90.188;33.920;20.387;54.205;1.566;0.749;0.432;1.393;0.028;4.940;95.128;94.585;33.359;0.026;1.492;0.026;0.002;0.052;4.843;0.145;0;2;31.390;31.391;nan;nan;nan;32148;1;0;0;0;0;0;0
138;1;1;1;IDLE;0.000;0.000;1.000;19621.015567;19621.018702;19621.051332;19621.111070;782962;782962;782962;9788;21;12527392;12527432;100.000;618.248;618.248;6.518;7.152;3006.584;4.134;0.000;0.000;4.878;6.783;0.001;15.795;15.795;72.106;92.368;32.631;17.100;48.407;2.130;0.764;0.483;1.472;0.029;3.135;95.503;93.560;30.128;3.206;1.599;3.206;0.003;0.703;4.854;0.146;0;2;34.210;34.212;nan;nan;nan;27072;1;0;0;0;0;0;0
139;1;1;1;IDLE;0.000;0.000;1.000;19621.048809;19621.053156;19621.087120;19621.145695;785441;785441;785441;9819;21;12567056;12567096;100.000;619.974;619.974;6.564;7.198;3016.103;4.159;0.000;0.000;5.315;7.490;0.001;16.964;16.964;72.269;92.539;33.964;18.332;49.948;2.713;0.746;0.438;1.390;0.028;4.347;96.886;94.851;34.454;1.121;1.569;1.121;0.002;0.885;4.972;0.149;0;2;31.437;31.438;nan;nan;nan;27260;1;0;0;0;0;0;0
140;1;1;1;IDLE;0.000;0.000;1.000;19621.082546;19621.085854;19621.119719;19621.145753;786857;786857;786857;9836;20;12589712;12589752;100.000;626.204;626.204;6.338;6.941;3021.540;4.259;0.000;0.000;5.092;8.017;0.001;17.368;17.368;39.794;59.899;33.865;28.996;51.287;2.218;0.765;0.461;1.619;0.029;3.308;63.207;61.575;32.698;0.635;1.511;0.635;0.002;0.648;5.005;0.150;0;2;33.990;33.991;nan;nan;nan;26320;1;0;0;0;0;0;0
141;1;1;1;IDLE;0.000;0.000;1.000;19621.115445;19621.119291;19621.153148;19621.212760;786209;786209;786209;9828;23;12579344;12579384;100.000;600.685;600.685;7.060;7.756;3019.052;4.072;0.000;0.000;5.432;7.369;0.002;16.874;16.874;72.527;93.469;33.857;18.053;49.839;2.822;0.745;0.442;1.391;0.032;3.846;97.316;95.250;33.437;0.104;1.423;0.104;0.002;0.111;5.116;0.153;0;2;32.017;32.018;nan;nan;nan;29328;1;0;0;0;0;0;0
142;1;1;1;IDLE;0.000;0.000;1.000;19621.148746;19621.152375;19621.184683;19621.244597;785895;785895;785895;9824;24;12574320;12574360;100.000;607.803;607.803;7.421;8.148;3017.846;4.286;0.000;0.000;4.713;6.828;0.002;15.827;15.827;71.534;92.222;32.308;17.162;48.989;2.087;0.764;0.434;1.399;0.028;3.629;95.852;93.754;33.084;0.250;1.350;0.250;0.003;0.074;5.019;0.151;0;2;34.902;34.903;nan;nan;nan;30832;1;0;0;0;0;0;0
143;1;1;1;IDLE;0.000;0.000;1.000;19621.182554;19621.186873;19621.220205;19621.279029;783109;783109;783109;9789;24;12529744;12529784;100.000;640.307;640.307;7.556;8.284;3007.148;4.026;0.000;0.000;6.279;7.270;0.002;17.575;17.575;72.587;92.156;33.332;19.071;52.726;3.643;0.752;0.447;1.399;0.037;4.319;96.475;94.851;34.498;1.165;1.338;1.165;0.013;0.201;5.338;0.160;0;2;31.659;31.661;nan;nan;nan;31396;1;0;0;0;0;0;0
144;1;1;1;IDLE;0.000;0.000;1.000;19621.215238;19621.218408;19621.253029;19621.312451;783994;783994;783994;9800;25;12543904;12543944;100.000;602.289;602.289;7.692;8.450;3010.547;4.075;0.000;0.000;5.341;8.019;0.003;17.434;17.434;73.216;94.043;34.622;18.539;50.357;2.473;0.767;0.460;1.611;0.030;3.169;97.212;94.940;31.535;1.799;1.367;1.799;0.002;0.431;5.342;0.160;0;2;34.015;34.016;nan;nan;nan;31960;1;0;0;0;0;0;0
145;1;1;1;IDLE;0.000;0.000;1.000;19621.248968;19621.252756;19621.286148;19621.347135;785959;785959;785959;9825;24;12575344;12575384;100.000;615.590;615.590;7.556;8.284;3018.092;4.170;0.000;0.000;5.816;7.062;0.003;17.047;17.047;73.951;94.379;33.393;18.062;51.051;3.210;0.749;0.437;1.391;0.029;3.788;98.167;96.291;34.348;1.015;1.345;1.015;0.002;0.084;5.465;0.164;0;2;33.360;33.362;nan;nan;nan;31396;1;0;0;0;0;0;0
146;1;1;1;IDLE;0.000;0.000;1.000;19621.282214;19621.285281;19621.320851;19621.379091;789030;789030;789030;9863;24;12624480;12624520;100.000;612.946;612.946;7.421;8.148;3029.885;4.297;0.000;0.000;6.542;7.679;0.005;18.518;18.518;73.214;93.810;35.570;19.740;52.060;3.704;0.750;0.444;1.608;0.035;3.067;96.877;94.914;32.525;0.808;1.311;0.808;0.002;0.749;5.739;0.172;0;2;33.957;33.959;nan;nan;nan;30832;1;0;0;0;0;0;0
147;1;1;1;IDLE;0.000;0.000;1.000;19621.315889;19621.318993;19621.355793;19621.412036;794594;794594;794594;9933;25;12713504;12713544;100.000;598.055;598.055;7.692;8.450;3051.251;4.329;0.000;0.000;6.808;8.535;0.003;19.671;19.671;71.784;93.043;36.800;21.142;53.456;3.609;0.971;0.446;1.746;0.035;3.104;96.147;94.525;33.713;0.379;1.253;0.379;0.002;0.196;6.020;0.181;0;2;31.829;31.831;nan;nan;nan;31960;1;0;0;0;0;0;0
148;1;1;1;IDLE;0.000;0.000;1.000;19621.349284;19621.352668;19621.387342;19621.446785;797998;797998;797998;9975;24;12767968;12768008;100.000;602.303;602.303;7.331;8.058;3064.322;4.150;0.000;0.000;5.195;8.021;0.545;17.366;17.366;72.918;94.117;34.674;18.452;50.084;2.398;0.792;0.477;1.494;0.034;3.384;97.501;95.941;33.675;0.341;1.196;0.341;0.002;0.256;5.818;0.175;0;2;32.712;32.713;nan;nan;nan;30456;1;0;0;0;0;0;0
149;1;1;1;IDLE;0.000;0.000;1.000;19621.383025;19621.386120;19621.420415;19621.478595;798639;798639;798639;9983;24;12778224;12778264;100.000;607.434;607.434;7.376;8.103;3066.783;3.840;0.000;0.000;4.858;8.015;0.003;16.713;16.713;71.438;92.475;34.295;18.073;48.733;2.105;0.767;0.464;1.494;0.027;3.096;95.570;94.418;33.452;0.119;1.129;0.119;0.003;0.382;5.581;0.167;0;2;33.838;33.839;nan;nan;nan;30644;1;0;0;0;0;0;0
150;1;1;1;IDLE;0.000;0.000;1.000;19621.415825;19621.419138;19621.453846;19621.512682;796693;796693;796693;9959;23;12747088;12747128;100.000;607.433;607.433;7.285;7.982;3059.311;4.304;0.000;0.000;6.080;7.368;0.001;17.752;17.752;72.559;93.545;34.709;18.977;51.144;3.360;0.763;0.439;1.483;0.035;3.313;96.857;95.172;33.017;0.316;1.078;0.316;0.002;0.272;5.712;0.171;0;2;32.113;32.114;nan;nan;nan;30268;1;0;0;0;0;0;0
151;1;1;1;IDLE;0.000;0.000;1.000;19621.448621;19621.451779;19621.487058;19621.545447;794717;794717;794717;9934;105;12715472;12715512;100.000;594.760;594.760;33.094;36.349;3051.723;4.085;0.000;0.000;5.416;7.498;0.010;17.000;17.000;72.288;93.667;35.279;18.149;48.188;2.474;0.776;0.447;1.682;0.037;3.158;96.826;94.603;32.642;0.692;1.054;0.692;0.002;0.981;5.641;0.169;0;2;33.119;33.122;nan;nan;nan;137804;1;0;0;0;0;0;0
152;1;1;1;IDLE;0.000;0.000;1.000;19621.482637;19621.486219;19621.522654;19621.580343;792861;792861;792861;9911;22;12685776;12685816;100.000;613.602;613.602;6.924;7.590;3044.596;4.351;0.000;0.000;5.750;9.019;0.001;19.120;19.120;73.449;94.123;36.435;20.314;52.477;3.104;0.759;0.437;1.414;0.035;3.582;97.705;96.165;34.440;1.106;1.057;1.106;0.009;0.982;5.673;0.170;0;2;31.808;31.809;nan;nan;nan;28764;1;0;0;0;0;0;0
153;1;1;1;IDLE;0.000;0.000;1.000;19621.515388;19621.518472;19621.553730;19621.611864;792789;792789;792789;9910;18;12684624;12684664;100.000;583.095;583.095;5.706;6.247;3044.319;4.107;0.000;0.000;5.199;8.024;0.004;17.330;17.330;71.638;93.392;35.258;18.557;49.154;2.195;0.779;0.464;1.728;0.034;3.084;96.476;94.354;32.253;1.080;1.059;1.080;0.003;0.276;5.558;0.167;0;2;34.632;34.635;nan;nan;nan;23688;1;0;0;0;0;0;0
154;1;1;1;IDLE;0.000;0.000;1.000;19621.549253;19621.552410;19621.589809;19621.640983;792309;792309;792309;9904;18;12676944;12676984;100.000;592.321;592.321;5.571;6.111;3042.476;4.410;0.000;0.000;6.489;9.016;0.002;19.915;19.915;67.171;88.573;37.399;22.484;53.250;3.434;0.852;0.438;1.728;0.037;3.157;91.730;90.139;33.938;0.604;1.030;0.604;0.002;0.489;5.797;0.174;0;2;31.065;31.069;nan;nan;nan;23124;1;0;0;0;0;0;0
155;1;1;1;IDLE;0.000;0.000;1.000;19621.582379;19621.585431;19621.619880;19621.641022;791925;791925;791925;9900;19;12670800;12670840;100.000;596.231;596.231;6.022;6.594;3041.002;4.004;0.000;0.000;5.137;8.021;0.001;17.162;17.162;34.339;55.591;34.448;30.872;49.820;2.295;0.789;0.483;1.539;0.030;3.053;58.643;56.845;33.022;0.312;0.985;0.312;0.002;0.036;5.640;0.169;0;2;29.119;29.121;nan;nan;nan;25004;1;0;0;0;0;0;0
156;1;1;1;IDLE;0.000;0.000;1.000;19621.616735;19621.621098;19621.658969;19621.711270;793795;793795;793795;9923;22;12700720;12700760;100.000;617.948;617.948;6.924;7.590;3048.182;4.395;0.000;0.000;5.696;11.024;0.004;21.115;21.115;69.619;90.172;37.871;23.416;55.755;2.993;0.782;0.457;1.433;0.032;4.363;94.535;93.760;35.666;2.333;1.069;2.333;0.002;0.595;5.659;0.170;0;1;32.122;32.124;nan;nan;nan;28764;1;0;0;0;0;0;0
157;1;1;1;IDLE;0.000;0.000;1.000;19621.648566;19621.653663;19621.687989;19621.745934;793460;793460;793460;9919;22;12695360;12695400;100.000;626.825;626.825;6.699;7.364;3046.896;4.480;0.000;0.000;4.415;9.621;0.001;18.516;18.516;72.017;92.271;34.326;20.068;53.942;1.763;0.777;0.455;1.394;0.026;5.097;97.367;95.090;32.565;0.768;1.051;0.768;0.002;0.034;5.351;0.161;0;2;32.898;32.900;nan;nan;nan;27824;1;0;0;0;0;0;0
158;1;1;1;IDLE;0.000;0.000;1.000;19621.682095;19621.685305;19621.719340;19621.778468;795527;795527;795527;9945;22;12728432;12728472;100.000;616.454;616.454;6.834;7.500;3054.833;4.029;0.000;0.000;5.294;7.249;0.002;16.572;16.572;72.514;93.162;34.035;17.788;48.691;2.240;0.810;0.462;1.742;0.040;3.210;96.373;94.291;31.642;1.691;1.091;1.691;0.002;0.841;5.340;0.160;0;2;33.838;33.840;nan;nan;nan;28388;1;0;0;0;0;0;0
159;1;1;1;IDLE;0.000;0.000;1.000;19621.715926;19621.720289;19621.753612;19621.812985;798776;798776;798776;9985;23;12780416;12780456;100.000;624.011;624.011;7.060;7.756;3067.309;4.249;0.000;0.000;5.129;7.439;0.001;16.818;16.818;72.215;92.696;33.323;18.143;50.469;2.503;0.754;0.434;1.410;0.029;4.363;97.059;95.474;34.983;1.650;1.126;1.650;0.002;0.270;5.293;0.159;0;2;32.292;32.293;nan;nan;nan;29328;1;0;0;0;0;0;0
160;1;1;1;IDLE;0.000;0.000;1.000;19621.748796;19621.752015;19621.786548;19621.844196;799362;799362;799362;9993;23;12789792;12789832;100.000;610.436;610.436;7.015;7.711;3069.560;4.378;0.000;0.000;5.480;7.297;0.003;17.154;17.154;71.230;92.181;34.533;18.609;49.676;2.501;0.773;0.443;1.732;0.031;3.219;95.400;93.352;31.726;1.607;1.156;1.607;0.002;0.801;5.342;0.160;0;2;33.729;33.732;nan;nan;nan;29140;1;0;0;0;0;0;0
161;1;1;1;IDLE;0.000;0.000;1.000;19621.782504;19621.785891;19621.821545;19621.873524;789777;789777;789777;9873;23;12636432;12636472;100.000;587.557;587.557;7.015;7.711;3032.753;4.266;0.000;0.000;5.548;8.218;0.002;18.032;18.032;66.126;87.633;35.653;20.576;50.575;2.926;0.750;0.440;1.400;0.032;3.387;91.020;89.347;33.876;0.543;1.117;0.543;0.008;0.371;5.399;0.162;0;2;30.866;30.867;nan;nan;nan;29140;1;0;0;0;0;0;0
162;1;1;1;IDLE;0.000;0.000;1.000;19621.815308;19621.818349;19621.851894;19621.912055;790930;790930;790930;9887;22;12654880;12654920;100.000;613.577;613.577;6.789;7.454;3037.181;4.217;0.000;0.000;5.202;7.497;0.001;16.917;16.917;73.081;93.706;33.545;18.053;50.430;2.426;0.777;0.477;1.492;0.031;3.041;96.748;94.545;32.458;0.876;1.102;0.876;0.002;0.218;5.353;0.161;0;2;29.123;29.124;nan;nan;nan;28200;1;0;0;0;0;0;0
163;1;1;1;IDLE;0.000;0.000;1.000;19621.849576;19621.854672;19621.890508;19621.943850;793734;793734;793734;9922;23;12699744;12699784;100.000;632.798;632.798;7.105;7.801;3047.948;4.415;0.000;0.000;5.006;10.020;0.001;19.441;19.441;69.108;89.177;35.836;21.800;54.249;2.321;0.772;0.460;1.421;0.032;5.096;94.274;93.006;36.323;2.990;1.220;2.990;0.002;0.739;5.271;0.158;0;1;31.564;31.566;nan;nan;nan;29516;1;0;0;0;0;0;0
164;1;1;1;IDLE;0.000;0.000;1.000;19621.883275;19621.888147;19621.919729;19621.973752;792883;792883;792883;9912;23;12686128;12686168;100.000;649.278;649.278;7.195;7.892;3044.680;4.425;0.000;0.000;4.350;7.174;0.002;15.949;15.949;66.066;85.605;31.582;18.631;50.501;1.705;0.770;0.456;1.392;0.027;4.872;90.477;89.575;33.475;0.142;1.153;0.142;0.002;0.515;5.043;0.151;0;2;31.291;31.292;nan;nan;nan;29892;1;0;0;0;0;0;0
165;1;1;1;IDLE;0.000;0.000;1.000;19621.915414;19621.918724;19621.951732;19622.012803;791299;791299;791299;9892;24;12660784;12660824;100.000;623.170;623.170;7.376;8.103;3038.598;3.934;0.000;0.000;4.785;7.101;0.002;15.821;15.821;73.762;94.079;33.008;16.817;47.931;2.141;0.764;0.437;1.415;0.029;3.311;97.389;95.292;30.577;2.756;1.253;2.756;0.002;0.801;4.982;0.149;0;2;29.117;29.119;nan;nan;nan;30644;1;0;0;0;0;0;0
166;1;1;1;IDLE;0.000;0.000;1.000;19621.949210;19621.954072;19621.988053;19622.014008;789485;789485;789485;9869;101;12631760;12631800;100.000;632.541;632.541;31.921;35.051;3031.632;4.405;0.000;0.000;4.667;8.340;0.008;17.413;17.413;39.966;59.936;33.981;29.052;51.242;2.010;0.774;0.459;1.395;0.028;4.862;64.798;63.164;35.347;2.014;1.301;2.014;0.002;1.001;4.907;0.147;0;1;33.086;33.089;nan;nan;nan;132916;1;0;0;0;0;0;0
167;1;1;1;IDLE;0.000;0.000;1.000;19621.983559;19621.988653;19622.022809;19622.078530;789977;789977;789977;9875;23;12639632;12639672;100.000;646.302;646.302;7.060;7.756;3033.521;4.139;0.000;0.000;4.557;9.018;0.004;17.714;17.714;70.320;89.878;34.157;19.709;51.860;1.939;0.758;0.439;1.391;0.030;5.094;94.972;94.353;34.581;1.248;1.297;1.248;0.002;1.022;4.826;0.145;0;2;32.630;32.631;nan;nan;nan;29328;1;0;0;0;0;0;0
168;1;1;1;IDLE;0.000;0.000;1.000;19622.015504;19622.018996;19622.054884;19622.113803;791598;791598;791598;9895;19;12665568;12665608;100.000;601.874;601.874;6.022;6.594;3039.746;4.195;0.000;0.000;6.349;8.014;0.002;18.559;18.559;73.764;94.807;35.888;19.575;51.712;3.265;0.914;0.442;1.691;0.036;3.492;98.299;96.293;30.343;2.990;1.403;2.990;0.002;0.478;5.212;0.156;0;2;31.657;31.658;nan;nan;nan;25004;1;0;0;0;0;0;0
169;1;1;1;IDLE;0.000;0.000;1.000;19622.049093;19622.052171;19622.086593;19622.144321;795034;795034;795034;9938;20;12720544;12720584;100.000;600.277;600.277;6.067;6.670;3052.940;4.123;0.000;0.000;5.141;7.650;0.002;16.913;16.913;70.958;92.150;34.421;18.354;49.136;2.340;0.842;0.480;1.443;0.036;3.079;95.228;93.477;33.176;0.158;1.325;0.158;0.002;0.437;5.199;0.156;0;2;34.856;34.859;nan;nan;nan;25192;1;0;0;0;0;0;0
170;1;1;1;IDLE;0.000;0.000;1.000;19622.083442;19622.087469;19622.123046;19622.179540;794863;794863;794863;9936;20;12717808;12717848;100.000;622.618;622.618;6.203;6.805;3052.284;4.267;0.000;0.000;5.863;9.019;0.001;19.149;19.149;71.644;92.071;35.577;20.798;53.824;3.095;0.814;0.440;1.482;0.033;4.027;96.098;95.362;35.297;1.964;1.365;1.964;0.012;0.256;5.370;0.161;0;2;30.292;30.293;nan;nan;nan;25756;1;0;0;0;0;0;0
171;1;1;1;IDLE;0.000;0.000;1.000;19622.115254;19622.118315;19622.152558;19622.210886;794885;794885;794885;9937;21;12718160;12718200;100.000;610.415;610.415;6.473;7.107;3052.368;3.899;0.000;0.000;5.151;7.459;0.003;16.508;16.508;71.735;92.571;34.243;17.833;48.209;2.391;0.785;0.474;1.471;0.030;3.061;95.632;93.375;30.846;2.487;1.435;2.487;0.002;0.795;5.318;0.160;0;2;34.437;34.438;nan;nan;nan;26884;1;0;0;0;0;0;0
172;1;1;1;IDLE;0.000;0.000;1.000;19622.149319;19622.154208;19622.187937;19622.240377;788905;788905;788905;9862;21;12622480;12622520;100.000;652.749;652.749;6.609;7.243;3029.405;4.208;0.000;0.000;5.958;7.758;0.002;17.924;17.924;66.831;86.168;33.728;20.802;53.143;3.299;0.758;0.439;1.425;0.037;4.890;91.058;89.533;35.893;2.560;1.506;2.560;0.002;0.672;5.484;0.165;0;2;30.703;30.704;nan;nan;nan;27448;1;0;0;0;0;0;0
173;1;1;1;IDLE;0.000;0.000;1.000;19622.182046;19622.185035;19622.219266;19622.240420;787376;787376;787376;9843;21;12598016;12598056;100.000;602.578;602.578;6.654;7.288;3023.533;4.142;0.000;0.000;4.925;7.999;0.001;17.066;17.066;34.479;55.386;34.231;30.813;49.855;2.200;0.778;0.471;1.446;0.030;2.989;58.375;56.243;30.826;2.507;1.568;2.507;0.002;0.397;5.347;0.160;0;2;29.105;29.107;nan;nan;nan;27636;1;0;0;0;0;0;0
174;1;1;1;IDLE;0.000;0.000;1.000;19622.215748;19622.220375;19622.256525;19622.312053;791921;791921;791921;9900;22;12670736;12670776;100.000;631.160;631.160;6.789;7.454;3040.986;4.499;0.000;0.000;6.242;9.189;0.001;19.930;19.930;71.602;91.678;36.149;21.739;55.132;3.562;0.775;0.463;1.409;0.034;4.628;96.305;94.542;35.341;2.007;1.596;2.007;0.003;0.639;5.574;0.167;0;1;31.102;31.103;nan;nan;nan;28200;1;0;0;0;0;0;0
175;1;1;1;IDLE;0.000;0.000;1.000;19622.249292;19622.253917;19622.285062;19622.346354;785044;785044;785044;9814;22;12560704;12560744;100.000;621.197;621.197;6.699;7.364;3014.579;4.137;0.000;0.000;4.242;6.575;0.001;14.954;14.954;72.217;92.437;31.144;16.178;48.017;1.617;0.761;0.451;1.387;0.027;4.626;97.063;95.510;33.542;0.209;1.509;0.209;0.002;0.103;5.245;0.157;0;2;33.564;33.565;nan;nan;nan;27824;1;0;0;0;0;0;0
176;1;1;1;IDLE;0.000;0.000;1.000;19622.282071;19622.285445;19622.319980;19622.377084;785759;785759;785759;9822;22;12572144;12572184;100.000;616.784;616.784;6.744;7.409;3017.324;4.277;0.000;0.000;6.204;7.499;0.002;17.980;17.980;71.256;91.639;34.536;19.621;52.062;3.257;0.747;0.435;1.726;0.039;3.374;95.013;92.906;31.527;1.806;1.528;1.806;0.003;0.445;5.487;0.165;0;2;33.870;33.871;nan;nan;nan;28012;1;0;0;0;0;0;0
177;1;1;1;IDLE;0.000;0.000;1.000;19622.315701;19622.320376;19622.354192;19622.406763;782963;782963;782963;9788;22;12527408;12527448;100.000;627.667;627.667;6.970;7.635;3006.588;4.085;0.000;0.000;5.983;7.630;0.002;17.699;17.699;66.429;86.387;33.816;20.487;52.338;3.368;0.740;0.446;1.393;0.035;4.675;91.062;89.252;34.931;1.598;1.532;1.598;0.002;0.240;5.618;0.169;0;2;30.519;30.520;nan;nan;nan;28952;1;0;0;0;0;0;0
178;1;1;1;IDLE;0.000;0.000;1.000;19622.348459;19622.351482;19622.384814;19622.444901;783666;783666;783666;9796;21;12538656;12538696;100.000;604.665;604.665;6.564;7.198;3009.287;4.087;0.000;0.000;4.844;7.179;0.001;16.110;16.110;72.683;93.420;33.332;17.245;48.332;2.076;0.778;0.476;1.477;0.037;3.023;96.442;94.058;31.106;2.227;1.575;2.227;0.002;0.569;5.427;0.163;0;2;29.122;29.126;nan;nan;nan;27260;1;0;0;0;0;0;0
179;1;1;1;IDLE;0.000;0.000;1.000;19622.382669;19622.388411;19622.422808;19622.477714;786714;786714;786714;9834;22;12587424;12587464;100.000;674.485;674.485;6.789;7.454;3020.991;4.339;0.000;0.000;5.819;9.089;0.001;19.247;19.247;70.640;89.302;34.396;21.552;55.955;3.172;0.763;0.457;1.392;0.036;5.743;95.045;93.536;36.929;3.596;1.702;3.596;0.013;0.813;5.530;0.166;0;1;31.180;31.181;nan;nan;nan;28200;1;0;0;0;0;0;0
180;1;1;1;IDLE;0.000;0.000;1.000;19622.416099;19622.421037;19622.453813;19622.512228;787583;787583;787583;9845;21;12601328;12601368;100.000;640.432;640.432;6.428;7.062;3024.328;4.324;0.000;0.000;4.170;8.023;0.001;16.517;16.517;71.514;91.191;32.776;18.112;50.393;1.535;0.761;0.458;1.390;0.026;4.937;96.128;94.717;32.626;0.708;1.640;0.708;0.002;0.903;5.193;0.156;0;2;31.920;31.922;nan;nan;nan;26696;1;0;0;0;0;0;0
181;1;1;1;IDLE;0.000;0.000;1.000;19622.448698;19622.452417;19622.484770;19622.545668;793719;793719;793719;9922;104;12699504;12699544;100.000;639.073;639.073;32.688;35.912;3047.891;4.111;0.000;0.000;5.399;6.907;0.006;16.418;16.418;73.379;93.251;32.353;17.606;50.745;2.432;0.755;0.437;1.735;0.040;3.719;96.970;94.824;31.380;1.953;1.659;1.953;0.003;0.171;5.248;0.157;0;2;34.361;34.363;nan;nan;nan;136112;1;0;0;0;0;0;0
182;1;1;1;IDLE;0.000;0.000;1.000;19622.482436;19622.487141;19622.520319;19622.580550;792329;792329;792329;9905;21;12677264;12677304;100.000;650.564;650.564;6.564;7.198;3042.553;4.253;0.000;0.000;5.579;7.372;0.003;17.204;17.204;73.922;93.409;33.177;18.418;51.853;2.964;0.754;0.439;1.392;0.029;4.706;98.114;96.373;34.724;1.391;1.642;1.391;0.002;0.737;5.333;0.160;0;2;32.717;32.718;nan;nan;nan;27260;1;0;0;0;0;0;0
183;1;1;1;IDLE;0.000;0.000;1.000;19622.515571;19622.518908;19622.553262;19622.612230;801464;801464;801464;10019;17;12823424;12823464;100.000;584.809;584.809;5.300;5.809;3077.631;4.388;0.000;0.000;4.806;7.237;0.003;16.431;16.431;71.395;93.322;34.354;17.606;47.828;2.059;0.770;0.457;1.488;0.032;3.337;96.659;94.720;31.767;1.567;1.638;1.567;0.002;0.381;5.205;0.156;0;2;34.519;34.521;nan;nan;nan;21996;1;0;0;0;0;0;0
184;1;1;1;IDLE;0.000;0.000;1.000;19622.549204;19622.552387;19622.589622;19622.647380;796948;796948;796948;9962;18;12751168;12751208;100.000;594.772;594.772;5.481;6.021;3060.290;4.389;0.000;0.000;6.684;8.510;0.002;19.583;19.583;73.555;94.994;37.235;20.615;52.594;3.425;1.071;0.441;1.712;0.035;3.183;98.177;96.536;33.479;0.145;1.544;0.145;0.002;0.599;5.581;0.167;0;2;31.115;31.117;nan;nan;nan;22748;1;0;0;0;0;0;0
185;1;1;1;IDLE;0.000;0.000;1.000;19622.582212;19622.585342;19622.620194;19622.679398;802598;802598;802598;10033;21;12841568;12841608;100.000;581.668;581.668;6.428;7.062;3081.986;4.057;0.000;0.000;4.369;7.937;0.003;16.364;16.364;71.978;94.056;34.852;17.398;46.952;1.694;0.781;0.453;1.413;0.029;3.130;97.186;95.221;32.955;0.378;1.472;0.378;0.002;0.465;5.281;0.158;0;2;35.119;35.121;nan;nan;nan;26696;1;0;0;0;0;0;0
186;1;1;1;IDLE;0.000;0.000;1.000;19622.616450;19622.620127;19622.658209;19622.711483;797039;797039;797039;9963;22;12752624;12752664;100.000;601.502;601.502;6.879;7.545;3060.639;4.347;0.000;0.000;6.014;9.946;0.002;20.307;20.307;70.154;91.356;38.082;22.229;53.325;3.376;0.753;0.438;1.414;0.033;3.677;95.033;93.972;34.785;1.452;1.470;1.452;0.002;0.917;5.471;0.164;0;2;31.130;31.132;nan;nan;nan;28576;1;0;0;0;0;0;0
187;1;1;1;IDLE;0.000;0.000;1.000;19622.647927;19622.650983;19622.686711;19622.746188;797511;797511;797511;9969;22;12760176;12760216;100.000;604.145;604.145;6.879;7.545;3062.452;3.973;0.000;0.000;5.215;9.014;0.001;18.202;18.202;74.084;95.205;35.728;19.118;50.945;2.260;0.776;0.477;1.667;0.035;3.056;98.261;95.344;30.855;2.478;1.533;2.478;0.002;0.376;5.409;0.162;0;2;33.783;33.784;nan;nan;nan;28576;1;0;0;0;0;0;0
188;1;1;1;IDLE;0.000;0.000;1.000;19622.682088;19622.685175;19622.720429;19622.777688;794879;794879;794879;9936;21;12718064;12718104;100.000;604.109;604.109;6.564;7.198;3052.345;4.217;0.000;0.000;5.228;8.017;0.003;17.462;17.462;71.460;92.513;35.254;18.875;49.533;2.231;0.773;0.454;1.740;0.030;3.087;95.600;93.510;34.192;0.859;1.491;0.859;0.011;0.944;5.367;0.161;0;2;33.773;33.774;nan;nan;nan;27260;1;0;0;0;0;0;0
189;1;1;1;IDLE;0.000;0.000;1.000;19622.715792;19622.719645;19622.754230;19622.812594;793590;793590;793590;9920;21;12697440;12697480;100.000;617.862;617.862;6.654;7.288;3047.395;4.166;0.000;0.000;5.962;7.742;0.001;17.870;17.870;72.398;92.949;34.585;19.225;51.668;3.341;0.754;0.441;1.393;0.032;3.852;96.801;95.083;34.470;1.137;1.469;1.137;0.002;0.327;5.520;0.166;0;2;31.197;31.198;nan;nan;nan;27636;1;0;0;0;0;0;0
190;1;1;1;IDLE;0.000;0.000;1.000;19622.748607;19622.751789;19622.785674;19622.844805;788938;788938;788938;9862;22;12623008;12623048;100.000;600.520;600.520;6.789;7.454;3029.532;4.179;0.000;0.000;4.858;7.114;0.002;16.150;16.150;71.995;93.015;33.885;17.363;47.662;2.151;0.757;0.444;1.473;0.032;3.183;96.198;93.961;32.145;1.189;1.451;1.189;0.002;0.890;5.357;0.161;0;2;34.029;34.032;nan;nan;nan;28200;1;0;0;0;0;0;0
191;1;1;1;IDLE;0.000;0.000;1.000;19622.782425;19622.786575;19622.820019;19622.844844;784846;784846;784846;9811;21;12557536;12557576;100.000;611.662;611.662;6.654;7.288;3013.818;4.307;0.000;0.000;5.458;7.379;0.001;17.144;17.144;37.738;58.268;33.444;29.423;51.264;2.843;0.748;0.440;1.396;0.030;4.150;62.418;60.666;34.786;1.452;1.451;1.452;0.002;0.073;5.387;0.162;0;2;32.162;32.163;nan;nan;nan;27636;1;0;0;0;0;0;0
192;1;1;1;IDLE;0.000;0.000;1.000;19622.815460;19622.818553;19622.853737;19622.911295;788004;788004;788004;9851;22;12608064;12608104;100.000;593.688;593.688;6.789;7.454;3025.945;4.207;0.000;0.000;4.995;8.017;0.004;17.219;17.219;71.505;92.742;35.183;18.566;48.940;1.942;0.758;0.441;1.822;0.031;3.093;95.835;93.785;31.978;1.355;1.445;1.355;0.002;0.931;5.292;0.159;0;2;34.481;34.483;nan;nan;nan;28200;1;0;0;0;0;0;0
193;1;1;1;IDLE;0.000;0.000;1.000;19622.849330;19622.853222;19622.889460;19622.947545;795964;795964;795964;9950;21;12735424;12735464;100.000;608.105;608.105;6.473;7.107;3056.511;4.269;0.000;0.000;5.991;8.660;0.001;18.920;18.920;73.380;94.323;36.237;20.059;52.211;3.364;0.752;0.433;1.410;0.033;3.893;98.216;96.701;34.669;1.336;1.439;1.336;0.002;0.641;5.476;0.164;0;2;30.492;30.493;nan;nan;nan;26884;1;0;0;0;0;0;0
194;1;1;1;IDLE;0.000;0.000;1.000;19622.881820;19622.884977;19622.919897;19622.978100;799207;799207;799207;9991;21;12787312;12787352;100.000;604.364;604.364;6.564;7.198;3068.964;3.998;0.000;0.000;5.141;8.023;0.004;17.163;17.163;71.965;93.123;34.920;18.430;49.149;2.368;0.859;0.477;1.404;0.033;3.157;96.280;93.922;31.754;1.579;1.447;1.579;0.002;0.594;5.395;0.162;0;2;35.666;35.668;nan;nan;nan;27260;1;0;0;0;0;0;0
195;1;1;1;IDLE;0.000;0.000;1.000;19622.915580;19622.919598;19622.956976;19623.014203;799402;799402;799402;9993;22;12790432;12790472;100.000;600.278;600.278;6.744;7.409;3069.713;4.413;0.000;0.000;6.595;9.014;0.002;20.022;20.022;73.297;94.605;37.378;21.164;53.567;3.498;0.899;0.436;1.726;0.036;4.018;98.623;96.692;34.621;1.288;1.437;1.288;0.002;0.459;5.702;0.171;0;2;30.133;30.134;nan;nan;nan;28012;1;0;0;0;0;0;0
196;1;1;1;IDLE;0.000;0.000;1.000;19622.948766;19622.951858;19622.984790;19623.046238;800483;800483;800483;10007;104;12807728;12807768;100.000;618.651;618.651;32.598;35.821;3073.864;3.914;0.000;0.000;5.050;6.765;0.007;15.730;15.730;73.678;94.380;32.932;16.666;47.764;2.089;0.774;0.463;1.693;0.031;3.092;97.473;95.394;32.260;1.073;1.415;1.073;0.009;0.404;5.542;0.166;0;2;36.174;36.177;nan;nan;nan;135736;1;0;0;0;0;0;0
197;1;1;1;IDLE;0.000;0.000;1.000;19622.982296;19622.986014;19623.024916;19623.079336;798336;798336;798336;9980;21;12773376;12773416;100.000;598.443;598.443;6.428;7.062;3065.620;4.237;0.000;0.000;6.808;9.803;0.003;20.847;20.847;71.977;93.322;38.902;22.339;53.589;4.135;0.757;0.435;1.444;0.036;3.719;97.040;95.159;34.156;0.823;1.378;0.823;0.002;0.944;5.864;0.176;0;2;31.120;31.122;nan;nan;nan;26696;1;0;0;0;0;0;0
198;1;1;1;IDLE;0.000;0.000;1.000;19623.014840;19623.018177;19623.053506;19623.114018;798454;798454;798454;9981;17;12775264;12775304;100.000;614.060;614.060;5.255;5.764;3066.073;3.915;0.000;0.000;4.968;9.306;0.002;18.189;18.189;75.036;95.840;35.328;18.979;51.487;2.029;0.769;0.456;1.684;0.030;3.337;99.178;96.507;32.163;1.170;1.365;1.170;0.003;0.246;5.643;0.169;0;2;35.132;35.134;nan;nan;nan;21808;1;0;0;0;0;0;0
199;1;1;1;IDLE;0.000;0.000;1.000;19623.048843;19623.051926;19623.088279;19623.144487;800770;800770;800770;10010;17;12812320;12812360;100.000;600.566;600.566;5.255;5.764;3074.966;4.248;0.000;0.000;6.044;8.009;0.002;18.301;18.301;71.227;92.561;36.354;19.772;50.342;3.347;0.819;0.442;1.402;0.034;3.083;95.644;93.643;33.748;0.415;1.305;0.415;0.003;0.963;5.748;0.172;0;2;33.743;33.745;nan;nan;nan;21808;1;0;0;0;0;0;0
200;1;1;1;IDLE;0.000;0.000;1.000;19623.082860;19623.086251;19623.123363;19623.173535;802378;802378;802378;10030;19;12838048;12838088;100.000;592.240;592.240;5.842;6.413;3081.141;4.135;0.000;0.000;6.053;9.021;0.002;19.209;19.209;65.607;87.284;37.112;22.008;51.759;3.345;0.762;0.436;1.475;0.034;3.390;90.675;89.358;34.325;0.992;1.286;0.992;0.002;0.359;5.831;0.175;0;2;30.142;30.143;nan;nan;nan;24252;1;0;0;0;0;0;0
201;1;1;1;IDLE;0.000;0.000;1.000;19623.115210;19623.118292;19623.152430;19623.213627;805285;805285;805285;10067;21;12884560;12884600;100.000;617.622;617.622;6.564;7.198;3092.304;3.994;0.000;0.000;4.932;8.018;0.002;16.944;16.944;74.472;95.334;34.137;17.773;49.635;2.143;0.790;0.475;1.493;0.031;3.082;98.416;96.116;32.042;1.292;1.286;1.292;0.002;0.322;5.609;0.168;0;2;29.119;29.121;nan;nan;nan;27260;1;0;0;0;0;0;0
202;1;1;1;IDLE;0.000;0.000;1.000;19623.148857;19623.153205;19623.191516;19623.213692;803318;803318;803318;10042;21;12853088;12853128;100.000;616.756;616.756;6.654;7.288;3084.751;4.389;0.000;0.000;6.647;10.014;0.002;21.050;21.050;39.647;60.487;38.312;34.801;54.945;3.383;0.984;0.483;1.758;0.040;4.347;64.834;62.848;34.912;1.579;1.304;1.579;0.003;0.807;5.875;0.176;0;1;32.119;32.121;nan;nan;nan;27636;1;0;0;0;0;0;0
203;1;1;1;IDLE;0.000;0.000;1.000;19623.182643;19623.188360;19623.222591;19623.273768;802036;802036;802036;10026;23;12832576;12832616;100.000;626.692;626.692;7.015;7.711;3079.828;4.546;0.000;0.000;4.197;9.453;0.003;18.196;18.196;64.931;85.408;34.231;21.304;53.155;1.539;0.776;0.455;1.399;0.028;5.717;91.125;89.591;35.155;1.822;1.337;1.822;0.002;0.102;5.460;0.164;0;2;31.334;31.335;nan;nan;nan;29140;1;0;0;0;0;0;0
204;1;1;1;IDLE;0.000;0.000;1.000;19623.215201;19623.218362;19623.251736;19623.313041;810228;810228;810228;10128;22;12963648;12963688;100.000;617.321;617.321;6.789;7.454;3111.285;4.127;0.000;0.000;5.095;7.095;0.001;16.317;16.317;73.679;94.679;33.374;17.234;48.891;2.337;0.821;0.478;1.429;0.030;3.161;97.840;95.531;30.002;3.331;1.461;3.331;0.002;0.181;5.371;0.161;0;2;29.121;29.124;nan;nan;nan;28200;1;0;0;0;0;0;0
205;1;1;1;IDLE;0.000;0.000;1.000;19623.249224;19623.254015;19623.290748;19623.313099;808185;808185;808185;10103;20;12930960;12931000;100.000;624.248;624.248;6.338;6.941;3103.440;4.337;0.000;0.000;5.444;10.020;0.001;19.801;19.801;38.369;59.084;36.733;33.514;53.905;2.762;0.788;0.459;1.404;0.031;4.791;63.875;62.255;35.653;2.319;1.515;2.319;0.007;0.547;5.394;0.162;0;1;32.310;32.311;nan;nan;nan;26320;1;0;0;0;0;0;0
206;1;1;1;IDLE;0.000;0.000;1.000;19623.282762;19623.287982;19623.322827;19623.379836;815223;815223;815223;10191;21;13043568;13043608;100.000;628.324;628.324;6.518;7.152;3130.466;4.710;0.000;0.000;4.271;9.023;0.002;18.004;18.004;71.095;91.854;34.845;19.601;51.669;1.596;0.788;0.449;1.412;0.028;5.220;97.075;95.659;33.967;0.634;1.460;0.634;0.002;0.788;5.118;0.154;0;2;31.465;31.466;nan;nan;nan;27072;1;0;0;0;0;0;0
207;1;1;1;IDLE;0.000;0.000;1.000;19623.315213;19623.318408;19623.353897;19623.413498;799426;799426;799426;9993;22;12790816;12790856;100.000;589.875;589.875;6.744;7.409;3069.805;4.172;0.000;0.000;5.159;8.022;0.003;17.352;17.352;73.405;95.089;35.488;18.249;48.896;2.162;0.778;0.459;1.730;0.031;3.195;98.284;95.987;30.427;2.907;1.550;2.907;0.002;0.620;5.131;0.154;0;2;33.957;33.959;nan;nan;nan;28012;1;0;0;0;0;0;0
208;1;1;1;IDLE;0.000;0.000;1.000;19623.349175;19623.352608;19623.387607;19623.445933;790320;790320;790320;9879;21;12645120;12645160;100.000;593.417;593.417;6.564;7.198;3034.838;4.353;0.000;0.000;5.886;7.651;0.003;17.889;17.889;72.015;93.325;34.999;19.169;51.115;3.235;0.745;0.440;1.422;0.043;3.433;96.758;95.089;34.200;0.866;1.508;0.866;0.002;0.149;5.325;0.160;0;2;33.536;33.538;nan;nan;nan;27260;1;0;0;0;0;0;0
209;1;1;1;IDLE;0.000;0.000;1.000;19623.381804;19623.384929;19623.422706;19623.480204;795945;795945;795945;9950;21;12735120;12735160;100.000;595.815;595.815;6.473;7.107;3056.438;3.995;0.000;0.000;7.152;8.664;0.003;19.810;19.810;73.900;95.275;37.777;20.793;52.441;4.135;0.824;0.434;1.721;0.037;3.125;98.400;96.027;32.321;1.012;1.477;1.012;0.002;0.584;5.789;0.174;0;2;31.887;31.888;nan;nan;nan;26884;1;0;0;0;0;0;0
210;1;1;1;IDLE;0.000;0.000;1.000;19623.415905;19623.419322;19623.454129;19623.512360;792891;792891;792891;9912;22;12686256;12686296;100.000;605.474;605.474;6.744;7.409;3044.711;4.301;0.000;0.000;5.613;8.008;0.005;17.923;17.923;72.085;93.038;34.807;19.264;51.491;2.696;1.014;0.472;1.399;0.032;3.417;96.455;94.849;34.393;1.059;1.451;1.059;0.002;0.230;5.753;0.173;0;2;34.077;34.080;nan;nan;nan;28012;1;0;0;0;0;0;0
211;1;1;1;IDLE;0.000;0.000;1.000;19623.449082;19623.452188;19623.489788;19623.545583;797320;797320;797320;9967;104;12757120;12757160;100.000;596.873;596.873;32.733;35.957;3061.718;4.294;0.000;0.000;6.596;8.595;0.009;19.485;19.485;72.021;93.394;37.599;20.863;51.823;3.413;0.963;0.438;1.745;0.037;3.106;96.500;94.739;32.866;0.467;1.389;0.467;0.002;1.032;5.972;0.179;0;2;31.160;31.164;nan;nan;nan;136300;1;0;0;0;0;0;0
212;1;1;1;IDLE;0.000;0.000;1.000;19623.482321;19623.485400;19623.519648;19623.580455;805214;805214;805214;10066;21;12883424;12883464;100.000;588.370;588.370;6.473;7.107;3092.031;4.335;0.000;0.000;4.919;7.261;0.001;16.516;16.516;73.158;95.055;34.248;17.375;48.223;2.165;0.788;0.465;1.472;0.029;3.079;98.134;96.278;33.212;0.122;1.310;0.122;0.002;0.168;5.711;0.171;0;2;33.193;33.194;nan;nan;nan;26884;1;0;0;0;0;0;0
213;1;1;1;IDLE;0.000;0.000;1.000;19623.515705;19623.518888;19623.553669;19623.612555;797126;797126;797126;9965;16;12754016;12754056;100.000;592.280;592.280;5.029;5.508;3060.973;4.226;0.000;0.000;5.141;7.320;0.002;16.687;16.687;72.134;93.667;34.781;17.816;47.978;2.232;0.752;0.447;1.680;0.030;3.183;96.850;95.045;33.488;0.154;1.238;0.154;0.002;0.783;5.571;0.167;0;2;34.102;34.103;nan;nan;nan;20868;1;0;0;0;0;0;0
214;1;1;1;IDLE;0.000;0.000;1.000;19623.549367;19623.552560;19623.591445;19623.645850;803136;803136;803136;10040;14;12850176;12850216;100.000;586.028;586.028;4.217;4.633;3084.052;4.200;0.000;0.000;5.923;10.019;0.003;20.142;20.142;71.362;93.290;38.885;21.591;51.800;3.281;0.753;0.440;1.413;0.036;3.193;96.483;95.006;33.672;0.339;1.182;0.339;0.014;1.000;5.665;0.170;0;2;31.124;31.126;nan;nan;nan;17484;1;0;0;0;0;0;0
215;1;1;1;IDLE;0.000;0.000;1.000;19623.581568;19623.584663;19623.620513;19623.678127;809297;809297;809297;10117;19;12948752;12948792;100.000;608.584;608.584;5.887;6.458;3107.710;4.062;0.000;0.000;5.066;9.020;0.002;18.148;18.148;72.187;93.464;35.850;19.417;50.621;2.200;0.774;0.475;1.587;0.030;3.095;96.559;93.950;32.103;1.231;1.185;1.231;0.002;0.484;5.518;0.166;0;2;34.354;34.355;nan;nan;nan;24440;1;0;0;0;0;0;0
216;1;1;1;IDLE;0.000;0.000;1.000;19623.615637;19623.618758;19623.655596;19623.713066;808156;808156;808156;10102;21;12930496;12930536;100.000;611.138;611.138;6.609;7.243;3103.329;4.207;0.000;0.000;5.901;9.023;0.002;19.131;19.131;73.150;94.308;36.838;20.285;51.932;3.203;0.761;0.439;1.464;0.035;3.122;97.430;95.556;34.095;0.762;1.158;0.762;0.002;0.753;5.619;0.169;0;2;31.550;31.551;nan;nan;nan;27448;1;0;0;0;0;0;0
217;1;1;1;IDLE;0.000;0.000;1.000;19623.648748;19623.651908;19623.685527;19623.745936;810355;810355;810355;10130;22;12965680;12965720;100.000;611.685;611.685;6.879;7.545;3111.773;4.162;0.000;0.000;5.003;6.878;0.004;16.043;16.043;72.831;94.028;33.619;17.062;47.719;2.099;0.783;0.482;1.609;0.029;3.160;97.188;95.092;33.149;0.184;1.097;0.184;0.002;0.538;5.468;0.164;0;2;34.414;34.415;nan;nan;nan;28576;1;0;0;0;0;0;0
218;1;1;1;IDLE;0.000;0.000;1.000;19623.682280;19623.686024;19623.722056;19623.781637;810211;810211;810211;10128;22;12963376;12963416;100.000;601.456;601.456;6.924;7.590;3111.220;4.349;0.000;0.000;5.458;8.326;0.004;18.133;18.133;74.059;95.612;36.031;18.965;50.325;2.806;0.759;0.438;1.424;0.031;3.744;99.356;97.459;34.117;0.783;1.078;0.783;0.002;0.691;5.470;0.164;0;2;32.199;32.201;nan;nan;nan;28764;1;0;0;0;0;0;0
219;1;1;1;IDLE;0.000;0.000;1.000;19623.715503;19623.718642;19623.754550;19623.813016;808645;808645;808645;10109;22;12938320;12938360;100.000;610.276;610.276;6.924;7.590;3105.206;4.244;0.000;0.000;6.053;7.734;0.002;18.031;18.031;73.173;94.374;35.908;19.106;50.213;3.319;0.798;0.452;1.450;0.034;3.139;97.512;95.505;32.617;0.716;1.055;0.716;0.002;0.918;5.622;0.169;0;2;34.817;34.818;nan;nan;nan;28764;1;0;0;0;0;0;0
220;1;1;1;IDLE;0.000;0.000;1.000;19623.750437;19623.753965;19623.791912;19623.813084;810783;810783;810783;10135;21;12972528;12972568;100.000;599.156;599.156;6.654;7.288;3113.416;4.339;0.000;0.000;5.992;10.025;0.002;20.356;20.356;37.468;59.119;37.948;34.432;53.641;3.302;0.772;0.450;1.434;0.034;3.528;62.647;62.240;35.323;1.989;1.113;1.989;0.002;0.277;5.718;0.172;0;2;31.124;31.125;nan;nan;nan;27636;1;0;0;0;0;0;0
221;1;1;1;IDLE;0.000;0.000;1.000;19623.781459;19623.784465;19623.820578;19623.845786;807088;807088;807088;10089;21;12913408;12913448;100.000;618.214;618.214;6.654;7.288;3099.228;3.863;0.000;0.000;5.333;9.626;0.003;18.822;18.822;40.433;61.322;36.114;30.693;52.118;2.353;0.785;0.461;1.704;0.030;3.006;64.327;61.609;30.500;2.833;1.221;2.833;0.002;0.263;5.625;0.169;0;2;34.767;34.768;nan;nan;nan;27636;1;0;0;0;0;0;0
222;1;1;1;IDLE;0.000;0.000;1.000;19623.815689;19623.819153;19623.853366;19623.912355;809369;809369;809369;10118;22;12949904;12949944;100.000;615.328;615.328;6.699;7.364;3107.987;4.170;0.000;0.000;5.496;7.330;0.004;16.996;16.996;72.157;93.202;34.213;18.236;49.678;2.609;0.768;0.455;1.631;0.034;3.464;96.666;94.844;34.688;1.355;1.229;1.355;0.002;0.338;5.597;0.168;0;2;34.108;34.110;nan;nan;nan;27824;1;0;0;0;0;0;0
223;1;1;1;IDLE;0.000;0.000;1.000;19623.849217;19623.852391;19623.889584;19623.947610;795354;795354;795354;9942;21;12725664;12725704;100.000;602.020;602.020;6.609;7.243;3054.169;4.261;0.000;0.000;6.572;8.460;0.003;19.294;19.294;74.080;95.219;37.193;20.262;51.875;3.545;0.836;0.440;1.705;0.046;3.174;98.393;96.766;33.238;0.095;1.158;0.095;0.009;1.011;5.847;0.175;0;2;31.226;31.229;nan;nan;nan;27448;1;0;0;0;0;0;0
224;1;1;1;IDLE;0.000;0.000;1.000;19623.882427;19623.885547;19623.921210;19623.979448;795455;795455;795455;9944;21;12727280;12727320;100.000;598.017;598.017;6.564;7.198;3054.557;4.180;0.000;0.000;5.496;8.004;0.003;17.681;17.681;72.618;93.901;35.663;18.829;49.576;2.426;1.119;0.484;1.435;0.032;3.120;97.021;95.270;33.155;0.178;1.097;0.178;0.002;0.877;5.764;0.173;0;2;34.398;34.402;nan;nan;nan;27260;1;0;0;0;0;0;0
225;1;1;1;IDLE;0.000;0.000;1.000;19623.916372;19623.919829;19623.957341;19624.012778;795720;795720;795720;9947;22;12731520;12731560;100.000;597.706;597.706;6.699;7.364;3055.574;3.996;0.000;0.000;6.441;9.062;0.004;19.499;19.499;71.649;92.949;37.512;20.978;51.980;3.279;0.964;0.435;1.727;0.035;3.457;96.406;95.268;34.282;0.949;1.088;0.949;0.002;0.705;5.939;0.178;0;2;31.161;31.164;nan;nan;nan;27824;1;0;0;0;0;0;0
226;1;1;1;IDLE;0.000;0.000;1.000;19623.948404;19623.951769;19623.986530;19624.013663;798723;798723;798723;9985;105;12779568;12779608;100.000;606.934;606.934;33.184;36.439;3067.106;4.030;0.000;0.000;5.256;8.261;0.009;17.548;17.548;40.837;61.893;34.760;28.351;50.481;2.307;0.767;0.470;1.683;0.029;3.366;65.259;62.819;31.940;1.393;1.107;1.393;0.002;0.184;5.771;0.173;0;2;34.505;34.508;nan;nan;nan;138180;1;0;0;0;0;0;0
227;1;1;1;IDLE;0.000;0.000;1.000;19623.982717;19623.986047;19624.022446;19624.081497;807441;807441;807441;10094;20;12919056;12919096;100.000;592.380;592.380;6.067;6.670;3100.583;4.181;0.000;0.000;4.890;9.018;0.002;18.089;18.089;73.641;95.450;36.399;18.951;49.696;2.168;0.790;0.458;1.442;0.033;3.331;98.780;97.320;34.278;0.945;1.097;0.945;0.002;0.679;5.556;0.167;0;2;31.816;31.817;nan;nan;nan;25192;1;0;0;0;0;0;0
228;1;1;1;IDLE;0.000;0.000;1.000;19624.015926;19624.019002;19624.052510;19624.112702;803316;803316;803316;10042;18;12853056;12853096;100.000;601.064;601.064;5.436;5.976;3084.743;4.430;0.000;0.000;4.842;7.015;0.002;16.286;16.286;72.316;93.700;33.508;17.381;48.604;2.129;0.806;0.456;1.419;0.032;3.076;96.776;95.191;32.955;0.379;1.052;0.379;0.002;0.265;5.380;0.161;0;2;35.997;35.999;nan;nan;nan;22560;1;0;0;0;0;0;0
229;1;1;1;IDLE;0.000;0.000;1.000;19624.049241;19624.052794;19624.090801;19624.148319;809074;809074;809074;10114;18;12945184;12945224;100.000;584.801;584.801;5.571;6.111;3106.854;4.234;0.000;0.000;6.524;9.217;0.002;19.974;19.974;73.388;95.525;38.007;20.910;52.554;3.477;0.828;0.437;1.746;0.035;3.553;99.077;97.475;33.792;0.459;1.015;0.459;0.002;0.127;5.672;0.170;0;2;31.113;31.116;nan;nan;nan;23124;1;0;0;0;0;0;0
230;1;1;1;IDLE;0.000;0.000;1.000;19624.081284;19624.085030;19624.119775;19624.179519;808265;808265;808265;10104;19;12932240;12932280;100.000;610.536;610.536;5.977;6.549;3103.747;3.958;0.000;0.000;4.823;8.126;0.003;16.907;16.907;73.307;94.489;34.744;17.894;48.662;2.154;0.784;0.450;1.408;0.027;3.746;98.235;95.342;32.237;1.097;1.020;1.097;0.002;0.609;5.463;0.164;0;2;36.665;36.667;nan;nan;nan;24816;1;0;0;0;0;0;0
231;1;1;1;IDLE;0.000;0.000;1.000;19624.116112;19624.119340;19624.157935;19624.213840;818848;818848;818848;10236;22;13101568;13101608;100.000;585.394;585.394;6.789;7.454;3144.386;4.359;0.000;0.000;6.535;9.184;0.003;20.078;20.078;72.119;94.500;38.595;21.247;52.023;3.569;0.766;0.435;1.727;0.037;3.228;97.728;96.330;34.310;0.976;1.017;0.976;0.002;0.492;5.744;0.172;0;2;30.764;30.765;nan;nan;nan;28200;1;0;0;0;0;0;0
232;1;1;1;IDLE;0.000;0.000;1.000;19624.149096;19624.152773;19624.187828;19624.244986;820617;820617;820617;10258;22;13129872;13129912;100.000;614.550;614.550;6.789;7.454;3151.179;4.251;0.000;0.000;5.094;8.397;0.002;17.742;17.742;70.848;92.214;35.056;19.240;50.611;2.217;0.800;0.480;1.567;0.030;3.677;95.891;94.142;33.432;0.099;0.960;0.099;0.005;0.194;5.586;0.168;0;2;34.406;34.407;nan;nan;nan;28200;1;0;0;0;0;0;0
233;1;1;1;IDLE;0.000;0.000;1.000;19624.182519;19624.185694;19624.222908;19624.280269;814146;814146;814146;10177;22;13026336;13026376;100.000;587.765;587.765;6.744;7.409;3126.330;4.192;0.000;0.000;5.947;9.019;0.001;19.158;19.158;72.412;94.575;37.213;20.257;51.482;3.254;0.770;0.437;1.441;0.045;3.176;97.750;96.092;32.922;0.412;0.926;0.412;0.002;0.081;5.682;0.170;0;2;31.094;31.095;nan;nan;nan;28012;1;0;0;0;0;0;0
234;1;1;1;IDLE;0.000;0.000;1.000;19624.215232;19624.218736;19624.253206;19624.311982;814852;814852;814852;10186;22;13037632;13037672;100.000;608.661;608.661;6.789;7.454;3129.041;4.289;0.000;0.000;4.809;7.243;0.002;16.341;16.341;71.826;93.246;34.470;17.524;47.405;2.130;0.797;0.449;1.403;0.031;3.504;96.750;94.471;33.041;0.292;0.886;0.292;0.002;0.995;5.467;0.164;0;2;34.303;34.304;nan;nan;nan;28200;1;0;0;0;0;0;0
235;1;1;1;IDLE;0.000;0.000;1.000;19624.249530;19624.253635;19624.291069;19624.347211;815725;815725;815725;10197;21;13051600;13051640;100.000;609.640;609.640;6.473;7.107;3132.394;4.361;0.000;0.000;5.193;10.008;0.001;19.562;19.562;72.167;93.576;37.435;20.905;52.257;2.522;0.787;0.430;1.423;0.030;4.105;97.681;96.367;34.899;1.566;0.928;1.566;0.002;0.822;5.404;0.162;0;2;30.918;30.919;nan;nan;nan;26884;1;0;0;0;0;0;0
236;1;1;1;IDLE;0.000;0.000;1.000;19624.281908;19624.285027;19624.318908;19624.378668;816078;816078;816078;10201;21;13057248;13057288;100.000;605.558;605.558;6.473;7.107;3133.749;4.248;0.000;0.000;5.372;6.791;0.002;16.411;16.411;72.079;93.641;33.881;17.526;48.437;2.388;0.787;0.463;1.703;0.031;3.119;96.760;94.490;31.392;1.941;0.992;1.941;0.002;0.152;5.399;0.162;0;2;35.091;35.092;nan;nan;nan;26884;1;0;0;0;0;0;0
237;1;1;1;IDLE;0.000;0.000;1.000;19624.315921;19624.319576;19624.358223;19624.413786;810868;810868;810868;10136;21;12973888;12973928;100.000;595.736;595.736;6.564;7.198;3113.743;4.291;0.000;0.000;5.825;10.005;0.002;20.120;20.120;72.432;94.210;38.647;21.357;52.062;3.170;0.786;0.435;1.404;0.030;3.655;97.865;96.276;34.549;1.216;1.006;1.216;0.002;1.037;5.511;0.165;0;2;30.446;30.447;nan;nan;nan;27260;1;0;0;0;0;0;0
238;1;1;1;IDLE;0.000;0.000;1.000;19624.348390;19624.351470;19624.385788;19624.444849;801907;801907;801907;10024;21;12830512;12830552;100.000;600.432;600.432;6.609;7.243;3079.332;4.113;0.000;0.000;5.245;7.518;0.003;16.876;16.876;72.010;93.380;34.318;18.073;49.176;2.410;0.774;0.456;1.403;0.202;3.080;96.459;94.005;31.894;1.440;1.033;1.440;0.011;0.174;5.448;0.163;0;2;35.513;35.514;nan;nan;nan;27448;1;0;0;0;0;0;0
239;1;1;1;IDLE;0.000;0.000;1.000;19624.383025;19624.386996;19624.424377;19624.474556;799196;799196;799196;9990;22;12787136;12787176;100.000;618.890;618.890;6.699;7.364;3068.922;4.172;0.000;0.000;6.099;10.025;0.002;20.296;20.296;66.899;87.560;37.382;23.179;54.293;3.453;0.755;0.438;1.419;0.033;3.970;91.531;90.379;35.526;2.193;1.105;2.193;0.002;0.593;5.615;0.168;0;2;30.493;30.494;nan;nan;nan;27824;1;0;0;0;0;0;0
240;1;1;1;IDLE;0.000;0.000;1.000;19624.415067;19624.418217;19624.452438;19624.513557;799621;799621;799621;9996;22;12793936;12793976;100.000;605.377;605.377;6.834;7.500;3070.554;4.176;0.000;0.000;4.884;8.015;0.002;17.075;17.075;74.206;95.340;34.221;17.909;49.895;2.218;0.782;0.457;1.397;0.030;3.150;98.490;96.046;31.221;2.112;1.168;2.112;0.002;0.186;5.436;0.163;0;2;30.126;30.130;nan;nan;nan;28388;1;0;0;0;0;0;0
241;1;1;1;IDLE;0.000;0.000;1.000;19624.449878;19624.454720;19624.492536;19624.514759;808174;808174;808174;10103;106;12930784;12930824;100.000;648.902;648.902;33.500;36.786;3103.398;4.200;0.000;0.000;6.565;11.028;0.008;21.793;21.793;40.112;60.039;37.816;36.298;57.628;3.714;0.894;0.459;1.456;0.041;4.842;64.881;63.915;36.504;3.170;1.293;3.170;0.011;0.283;5.730;0.172;0;1;32.044;32.046;nan;nan;nan;139496;1;0;0;0;0;0;0
242;1;1;1;IDLE;0.000;0.000;1.000;19624.481258;19624.486618;19624.523606;19624.581290;810609;810609;810609;10133;22;12969744;12969784;100.000;615.262;615.262;6.699;7.364;3112.748;4.581;0.000;0.000;4.452;11.235;0.006;20.268;20.268;73.591;94.671;36.988;21.409;54.796;1.814;0.771;0.449;1.391;0.027;5.360;100.031;97.112;31.898;1.435;1.302;1.435;0.002;0.218;5.413;0.162;0;2;34.420;34.423;nan;nan;nan;27824;1;0;0;0;0;0;0
243;1;1;1;IDLE;0.000;0.000;1.000;19624.515398;19624.519009;19624.554065;19624.612888;809086;809086;809086;10114;16;12945376;12945416;100.000;599.167;599.167;4.804;5.282;3106.900;4.114;0.000;0.000;5.195;7.399;0.005;16.707;16.707;72.273;93.879;35.056;17.796;47.658;2.131;0.792;0.461;1.779;0.032;3.611;97.490;95.378;32.391;0.942;1.280;0.942;0.002;0.854;5.363;0.161;0;2;34.618;34.620;nan;nan;nan;19928;1;0;0;0;0;0;0
244;1;1;1;IDLE;0.000;0.000;1.000;19624.549415;19624.552515;19624.591762;19624.647702;804105;804105;804105;10052;17;12865680;12865720;100.000;596.795;596.795;5.255;5.764;3087.773;4.153;0.000;0.000;7.172;10.017;0.003;21.342;21.342;73.629;95.187;39.247;22.421;54.379;3.771;1.119;0.438;1.805;0.039;3.100;98.288;96.859;33.506;0.173;1.211;0.173;0.002;0.496;5.822;0.175;0;2;31.135;31.139;nan;nan;nan;21808;1;0;0;0;0;0;0
245;1;1;1;IDLE;0.000;0.000;1.000;19624.581807;19624.585229;19624.620831;19624.679206;810243;810243;810243;10129;19;12963888;12963928;100.000;595.215;595.215;5.796;6.368;3111.343;4.147;0.000;0.000;4.623;9.019;0.003;17.789;17.789;72.197;93.977;35.601;18.929;49.967;1.858;0.805;0.456;1.469;0.036;3.423;97.400;95.029;32.714;0.619;1.174;0.619;0.002;0.176;5.529;0.166;0;2;35.887;35.888;nan;nan;nan;24064;1;0;0;0;0;0;0
246;1;1;1;IDLE;0.000;0.000;1.000;19624.616477;19624.619978;19624.656656;19624.714128;808451;808451;808451;10106;21;12935216;12935256;100.000;597.772;597.772;6.564;7.198;3104.461;4.292;0.000;0.000;6.048;8.761;0.002;19.101;19.101;72.511;94.150;36.678;20.288;52.077;3.359;0.757;0.437;1.459;0.035;3.501;97.650;96.617;34.749;1.415;1.189;1.415;0.002;0.227;5.665;0.170;0;2;31.307;31.308;nan;nan;nan;27260;1;0;0;0;0;0;0
247;1;1;1;IDLE;0.000;0.000;1.000;19624.648452;19624.651681;19624.687482;19624.714196;818595;818595;818595;10233;22;13097520;13097560;100.000;606.022;606.022;6.970;7.635;3143.414;4.147;0.000;0.000;5.880;7.509;0.002;17.535;17.535;40.903;62.515;35.801;28.049;48.979;2.769;0.808;0.458;1.807;0.038;3.229;65.744;63.352;31.703;1.630;1.216;1.630;0.002;0.797;5.724;0.172;0;2;34.150;34.152;nan;nan;nan;28952;1;0;0;0;0;0;0
248;1;1;1;IDLE;0.000;0.000;1.000;19624.682663;19624.685890;19624.725074;19624.746292;813416;813416;813416;10168;22;13014656;13014696;100.000;584.003;584.003;6.970;7.635;3123.527;4.448;0.000;0.000;5.915;10.023;0.002;20.386;20.386;38.116;60.402;39.184;33.750;52.026;3.212;0.771;0.436;1.461;0.035;3.227;63.628;62.115;34.209;0.876;1.195;0.876;0.002;0.958;5.777;0.173;0;2;31.159;31.161;nan;nan;nan;28952;1;0;0;0;0;0;0
249;1;1;1;IDLE;0.000;0.000;1.000;19624.715262;19624.718410;19624.753189;19624.812388;816251;816251;816251;10204;23;13060016;13060056;100.000;607.105;607.105;7.150;7.847;3134.413;4.214;0.000;0.000;5.107;8.069;0.004;17.390;17.390;72.466;93.978;34.779;18.504;50.002;2.228;0.816;0.480;1.550;0.032;3.148;97.126;94.878;32.520;0.813;1.171;0.813;0.010;0.080;5.613;0.168;0;2;35.809;35.811;nan;nan;nan;29704;1;0;0;0;0;0;0
250;1;1;1;IDLE;0.000;0.000;1.000;19624.749812;19624.753352;19624.790224;19624.846253;820584;820584;820584;10258;22;13129344;13129384;100.000;606.194;606.194;6.879;7.545;3151.052;4.267;0.000;0.000;5.889;9.022;0.003;19.178;19.178;71.243;92.901;36.872;20.644;52.013;3.228;0.783;0.429;1.414;0.035;3.540;96.441;95.409;34.942;1.609;1.199;1.609;0.002;0.299;5.687;0.171;0;2;31.179;31.183;nan;nan;nan;28576;1;0;0;0;0;0;0
251;1;1;1;IDLE;0.000;0.000;1.000;19624.781913;19624.785030;19624.820292;19624.880391;817535;817535;817535;10220;21;13080560;13080600;100.000;606.690;606.690;6.473;7.107;3139.344;4.029;0.000;0.000;5.047;8.013;0.002;17.089;17.089;73.800;95.361;35.262;17.920;48.463;2.142;0.808;0.485;1.578;0.033;3.117;98.478;96.214;31.678;1.655;1.227;1.655;0.002;0.638;5.530;0.166;0;2;33.970;33.972;nan;nan;nan;26884;1;0;0;0;0;0;0
252;1;1;1;IDLE;0.000;0.000;1.000;19624.816044;19624.819821;19624.853847;19624.914753;812707;812707;812707;10159;22;13003312;13003352;100.000;614.425;614.425;6.879;7.545;3120.804;4.209;0.000;0.000;5.236;7.492;0.004;16.937;16.937;73.768;94.932;34.026;17.841;49.777;2.354;0.775;0.464;1.611;0.033;3.778;98.710;97.242;34.791;1.458;1.242;1.458;0.002;0.131;5.461;0.164;0;2;34.031;34.033;nan;nan;nan;28576;1;0;0;0;0;0;0
253;1;1;1;IDLE;0.000;0.000;1.000;19624.849240;19624.852365;19624.888448;19624.946648;811017;811017;811017;10138;23;12976272;12976312;100.000;603.689;603.689;7.060;7.756;3114.315;4.306;0.000;0.000;6.489;8.012;0.004;18.806;18.806;72.788;94.283;36.083;19.947;52.120;3.351;0.949;0.431;1.718;0.040;3.125;97.408;95.804;32.543;0.790;1.213;0.790;0.003;0.083;5.725;0.172;0;2;34.310;34.313;nan;nan;nan;29328;1;0;0;0;0;0;0
254;1;1;1;IDLE;0.000;0.000;1.000;19624.882407;19624.885524;19624.925539;19624.980945;812416;812416;812416;10156;22;12998656;12998696;100.000;589.251;589.251;6.744;7.409;3119.687;4.336;0.000;0.000;7.128;10.023;0.003;21.487;21.487;73.361;95.420;40.015;22.518;53.697;3.371;0.960;0.431;2.328;0.038;3.117;98.537;96.767;33.159;0.174;1.148;0.174;0.002;0.801;6.081;0.182;0;2;31.125;31.127;nan;nan;nan;28012;1;0;0;0;0;0;0
255;1;1;1;IDLE;0.000;0.000;1.000;19624.916319;19624.919416;19624.954601;19625.013581;815874;815874;815874;10199;22;13053984;13054024;100.000;599.442;599.442;6.834;7.500;3132.966;4.183;0.000;0.000;4.880;8.241;0.002;17.303;17.303;72.387;94.164;35.184;18.376;49.179;2.193;0.782;0.451;1.424;0.031;3.098;97.262;96.070;33.892;0.559;1.111;0.559;0.002;0.284;5.787;0.174;0;2;34.581;34.582;nan;nan;nan;28388;1;0;0;0;0;0;0
256;1;1;1;IDLE;0.000;0.000;1.000;19624.949559;19624.952672;19624.990561;19625.046977;811813;811813;811813;10148;105;12989008;12989048;100.000;593.762;593.762;33.094;36.349;3117.372;4.337;0.000;0.000;6.360;8.893;0.012;19.591;19.591;72.429;94.305;37.889;20.774;51.705;3.314;0.839;0.435;1.737;0.035;3.113;97.418;96.133;33.255;0.078;1.047;0.078;0.002;0.757;5.937;0.178;0;2;31.906;31.910;nan;nan;nan;137804;1;0;0;0;0;0;0
257;1;1;1;IDLE;0.000;0.000;1.000;19624.982257;19624.985495;19625.023765;19625.079011;809323;809323;809323;10117;22;12949168;12949208;100.000;604.181;604.181;6.789;7.454;3107.810;4.034;0.000;0.000;5.653;11.029;0.003;20.717;20.717;72.083;93.516;38.270;22.153;54.133;2.598;0.792;0.445;1.781;0.037;3.238;96.753;94.833;32.823;0.510;1.013;0.510;0.002;0.152;5.872;0.176;0;2;34.237;34.239;nan;nan;nan;28200;1;0;0;0;0;0;0
258;1;1;1;IDLE;0.000;0.000;1.000;19625.016269;19625.019367;19625.056725;19625.114641;806066;806066;806066;10076;16;12897056;12897096;100.000;590.727;590.727;4.894;5.372;3095.303;4.297;0.000;0.000;5.739;8.899;0.002;18.934;18.934;73.441;95.274;37.359;19.874;50.683;3.064;0.789;0.434;1.418;0.033;3.098;98.372;97.130;33.872;0.538;0.984;0.538;0.009;0.878;5.844;0.175;0;2;31.180;31.181;nan;nan;nan;20304;1;0;0;0;0;0;0
259;1;1;1;IDLE;0.000;0.000;1.000;19625.049103;19625.052240;19625.087910;19625.145397;803994;803994;803994;10050;17;12863904;12863944;100.000;596.348;596.348;5.210;5.719;3087.347;4.220;0.000;0.000;5.174;8.007;0.002;17.401;17.401;71.586;93.158;35.671;18.679;48.782;2.317;0.805;0.487;1.532;0.033;3.136;96.294;94.553;32.873;0.460;0.951;0.460;0.002;0.916;5.680;0.170;0;2;34.733;34.735;nan;nan;nan;21620;1;0;0;0;0;0;0
260;1;1;1;IDLE;0.000;0.000;1.000;19625.083286;19625.086881;19625.125001;19625.179246;804675;804675;804675;10059;19;12874800;12874840;100.000;592.445;592.445;5.842;6.413;3089.962;4.408;0.000;0.000;5.984;10.025;0.002;20.417;20.417;70.634;92.365;38.120;22.105;53.560;3.220;0.751;0.433;1.544;0.035;3.595;95.960;95.069;34.641;1.308;0.973;1.308;0.012;0.367;5.761;0.173;0;2;30.418;30.419;nan;nan;nan;24252;1;0;0;0;0;0;0
261;1;1;1;IDLE;0.000;0.000;1.000;19625.115345;19625.118561;19625.152202;19625.213869;803023;803023;803023;10038;20;12848368;12848408;100.000;614.374;614.374;6.248;6.851;3083.618;3.960;0.000;0.000;5.120;7.157;0.002;16.236;16.236;74.394;95.308;33.641;17.036;48.264;2.270;0.776;0.479;1.563;0.031;3.216;98.524;96.358;31.680;1.653;1.016;1.653;0.002;0.447;5.608;0.168;0;2;34.198;34.199;nan;nan;nan;25944;1;0;0;0;0;0;0
262;1;1;1;IDLE;0.000;0.000;1.000;19625.149200;19625.152643;19625.187143;19625.244316;804900;804900;804900;10062;21;12878400;12878440;100.000;597.393;597.393;6.609;7.243;3090.826;4.425;0.000;0.000;5.019;7.576;0.003;17.020;17.020;70.114;91.672;34.500;18.566;49.333;2.154;0.802;0.474;1.557;0.031;3.443;95.115;93.472;34.082;0.749;0.999;0.749;0.002;0.345;5.465;0.164;0;2;34.298;34.299;nan;nan;nan;27448;1;0;0;0;0;0;0
263;1;1;1;IDLE;0.000;0.000;1.000;19625.182655;19625.186440;19625.222413;19625.274390;801032;801032;801032;10013;23;12816512;12816552;100.000;598.300;598.300;7.060;7.756;3075.972;4.129;0.000;0.000;5.971;8.206;0.002;18.306;18.306;66.528;87.950;35.973;20.814;50.888;3.287;0.747;0.439;1.462;0.035;3.785;91.735;90.212;33.797;0.463;0.966;0.463;0.003;0.370;5.597;0.168;0;2;30.106;30.107;nan;nan;nan;29328;1;0;0;0;0;0;0
264;1;1;1;IDLE;0.000;0.000;1.000;19625.215254;19625.218532;19625.252981;19625.312648;793638;793638;793638;9921;23;12698208;12698248;100.000;603.494;603.494;7.150;7.847;3047.580;3.928;0.000;0.000;4.717;7.705;0.001;16.351;16.351;73.075;94.116;34.450;17.373;47.464;2.051;0.771;0.457;1.409;0.029;3.278;97.395;95.138;32.092;1.241;0.983;1.241;0.003;0.982;5.381;0.161;0;2;29.109;29.111;nan;nan;nan;29704;1;0;0;0;0;0;0
265;1;1;1;IDLE;0.000;0.000;1.000;19625.250093;19625.255258;19625.290384;19625.347057;801156;801156;801156;10015;23;12818496;12818536;100.000;647.569;647.569;7.060;7.756;3076.449;4.153;0.000;0.000;5.038;10.023;0.002;19.214;19.214;72.005;91.799;35.126;20.931;54.701;2.355;0.788;0.456;1.412;0.027;5.165;96.965;96.213;36.726;3.393;1.133;3.393;0.002;0.267;5.301;0.159;0;1;32.284;32.285;nan;nan;nan;29328;1;0;0;0;0;0;0
266;1;1;1;IDLE;0.000;0.000;1.000;19625.282678;19625.287863;19625.320971;19625.378738;804749;804749;804749;10060;22;12875984;12876024;100.000;633.822;633.822;6.834;7.500;3090.246;4.535;0.000;0.000;4.442;7.536;0.002;16.514;16.514;70.559;90.874;33.108;18.172;49.879;1.775;0.784;0.461;1.394;0.029;5.185;96.059;94.560;32.606;0.728;1.108;0.728;0.002;0.812;5.091;0.153;0;2;33.617;33.619;nan;nan;nan;28388;1;0;0;0;0;0;0
267;1;1;1;IDLE;0.000;0.000;1.000;19625.315561;19625.318749;19625.356144;19625.414209;805449;805449;805449;10069;22;12887184;12887224;100.000;590.337;590.337;6.789;7.454;3092.934;4.168;0.000;0.000;6.428;8.627;0.001;19.223;19.223;73.629;95.460;37.395;20.138;51.406;3.354;0.864;0.440;1.736;0.033;3.188;98.648;96.698;30.886;2.448;1.192;2.448;0.014;0.495;5.430;0.163;0;2;31.218;31.219;nan;nan;nan;28200;1;0;0;0;0;0;0
268;1;1;1;IDLE;0.000;0.000;1.000;19625.348918;19625.352120;19625.386964;19625.444787;805329;805329;805329;10067;21;12885264;12885304;100.000;596.109;596.109;6.473;7.107;3092.473;4.261;0.000;0.000;4.982;7.366;0.003;16.609;16.609;71.051;92.667;34.843;17.923;47.667;2.193;0.789;0.478;1.490;0.032;3.202;95.869;93.943;33.371;0.038;1.120;0.038;0.002;0.877;5.321;0.160;0;2;34.607;34.609;nan;nan;nan;26884;1;0;0;0;0;0;0
269;1;1;1;IDLE;0.000;0.000;1.000;19625.383315;19625.387205;19625.423239;19625.473859;805419;805419;805419;10068;21;12886704;12886744;100.000;615.026;615.026;6.564;7.198;3092.819;4.239;0.000;0.000;6.014;8.569;0.002;18.822;18.822;65.700;86.654;36.034;21.721;52.235;3.176;0.850;0.438;1.514;0.036;3.891;90.544;89.682;35.085;1.752;1.159;1.752;0.002;0.495;5.500;0.165;0;2;30.113;30.114;nan;nan;nan;27260;1;0;0;0;0;0;0
270;1;1;1;IDLE;0.000;0.000;1.000;19625.415367;19625.418644;19625.451693;19625.513425;804474;804474;804474;10056;22;12871584;12871624;100.000;613.130;613.130;6.699;7.364;3089.190;4.082;0.000;0.000;4.978;6.878;0.002;15.938;15.938;73.787;94.781;33.049;16.816;48.227;2.178;0.792;0.483;1.495;0.030;3.276;98.057;95.914;31.439;1.895;1.205;1.895;0.002;0.196;5.372;0.161;0;2;29.041;29.042;nan;nan;nan;27824;1;0;0;0;0;0;0
271;1;1;1;IDLE;0.000;0.000;1.000;19625.449174;19625.453529;19625.487810;19625.544502;796101;796101;796101;9952;103;12737616;12737656;100.000;619.963;619.963;32.508;35.700;3057.037;4.257;0.000;0.000;4.819;7.981;0.009;17.056;17.056;70.427;90.973;34.281;18.749;49.755;2.059;0.764;0.483;1.483;0.029;4.356;95.329;93.658;34.885;1.552;1.227;1.552;0.002;0.933;5.237;0.157;0;1;33.591;33.594;nan;nan;nan;135360;1;0;0;0;0;0;0
272;1;1;1;IDLE;0.000;0.000;1.000;19625.482902;19625.488243;19625.522426;19625.572995;805073;805073;805073;10064;22;12881168;12881208;100.000;618.506;618.506;6.699;7.364;3091.490;4.398;0.000;0.000;4.323;8.526;0.001;17.247;17.247;63.926;84.752;34.183;20.350;50.456;1.689;0.760;0.442;1.402;0.029;5.341;90.093;88.818;34.714;1.381;1.236;1.381;0.002;0.505;5.013;0.150;0;2;30.598;30.599;nan;nan;nan;27824;1;0;0;0;0;0;0
273;1;1;1;IDLE;0.000;0.000;1.000;19625.515035;19625.518255;19625.551268;19625.612172;797204;797204;797204;9966;18;12755264;12755304;100.000;605.155;605.155;5.661;6.202;3061.273;3.897;0.000;0.000;4.818;6.841;0.001;15.555;15.555;72.839;93.917;33.013;16.563;47.119;2.139;0.768;0.462;1.418;0.030;3.220;97.137;94.661;30.012;3.322;1.367;3.322;0.002;0.274;4.967;0.149;0;2;28.565;28.567;nan;nan;nan;23500;1;0;0;0;0;0;0
274;1;1;1;IDLE;0.000;0.000;1.000;19625.549305;19625.554008;19625.590600;19625.645942;805139;805139;805139;10065;18;12882224;12882264;100.000;632.730;632.730;5.571;6.111;3091.743;4.598;0.000;0.000;6.051;9.541;0.002;20.190;20.190;71.574;91.934;36.592;21.962;55.178;3.334;0.792;0.458;1.432;0.035;4.703;96.637;95.098;35.753;2.420;1.433;2.420;0.002;0.637;5.243;0.157;0;1;31.110;31.111;nan;nan;nan;23124;1;0;0;0;0;0;0
275;1;1;1;IDLE;0.000;0.000;1.000;19625.582660;19625.587805;19625.618820;19625.680540;808073;808073;808073;10101;20;12929168;12929208;100.000;653.188;653.188;6.248;6.851;3103.010;4.350;0.000;0.000;4.341;6.617;0.003;15.308;15.308;72.941;92.735;31.015;16.507;49.356;1.696;0.778;0.456;1.387;0.025;5.145;97.881;96.363;33.797;0.463;1.372;0.463;0.002;0.260;5.024;0.151;0;2;33.735;33.737;nan;nan;nan;25944;1;0;0;0;0;0;0
276;1;1;1;IDLE;0.000;0.000;1.000;19625.615644;19625.619174;19625.654226;19625.713072;813584;813584;813584;10170;20;13017344;13017384;100.000;608.762;608.762;6.293;6.896;3124.172;4.474;0.000;0.000;5.332;8.004;0.005;17.810;17.810;72.514;93.898;35.051;18.967;50.810;2.514;0.788;0.465;1.532;0.034;3.531;97.428;95.562;31.370;1.964;1.409;1.964;0.011;0.320;5.109;0.153;0;2;34.314;34.316;nan;nan;nan;26132;1;0;0;0;0;0;0
277;1;1;1;IDLE;0.000;0.000;1.000;19625.649171;19625.652620;19625.690308;19625.747072;812306;812306;812306;10154;23;12996896;12996936;100.000;604.490;604.490;7.060;7.756;3119.265;4.321;0.000;0.000;6.376;9.012;0.003;19.709;19.709;72.951;94.452;37.687;20.867;52.297;3.345;0.824;0.450;1.723;0.035;3.450;97.902;96.228;33.446;0.113;1.328;0.113;0.002;0.795;5.432;0.163;0;2;31.772;31.773;nan;nan;nan;29328;1;0;0;0;0;0;0
278;1;1;1;IDLE;0.000;0.000;1.000;19625.682425;19625.685633;19625.721068;19625.777948;817500;817500;817500;10219;23;13080000;13080040;100.000;584.262;584.262;7.015;7.711;3139.210;4.361;0.000;0.000;5.015;7.703;0.003;17.080;17.080;69.927;92.315;35.435;18.501;48.199;2.292;0.799;0.449;1.443;0.032;3.208;95.523;93.771;33.012;0.321;1.265;0.321;0.002;0.327;5.334;0.160;0;2;33.703;33.705;nan;nan;nan;29140;1;0;0;0;0;0;0
279;1;1;1;IDLE;0.000;0.000;1.000;19625.715948;19625.719371;19625.756462;19625.813568;824803;824803;824803;10311;24;13196848;13196888;100.000;606.822;606.822;7.331;8.058;3167.253;4.378;0.000;0.000;5.918;9.019;0.002;19.315;19.315;72.448;94.196;37.091;20.505;52.076;3.258;0.772;0.449;1.406;0.034;3.423;97.619;96.057;33.739;0.405;1.211;0.405;0.002;0.403;5.486;0.165;0;2;30.502;30.503;nan;nan;nan;30456;1;0;0;0;0;0;0
280;1;1;1;IDLE;0.000;0.000;1.000;19625.748334;19625.751564;19625.785505;19625.846648;813944;813944;813944;10175;23;13023104;13023144;100.000;604.913;604.913;7.150;7.847;3125.555;4.077;0.000;0.000;4.835;6.991;0.003;15.903;15.903;73.555;95.084;33.941;16.725;46.855;2.096;0.813;0.479;1.417;0.029;3.230;98.314;95.804;32.192;1.141;1.207;1.141;0.003;0.583;5.326;0.160;0;2;35.049;35.052;nan;nan;nan;29704;1;0;0;0;0;0;0
281;1;1;1;IDLE;0.000;0.000;1.000;19625.782525;19625.786835;19625.821415;19625.880483;815307;815307;815307;10192;23;13044912;13044952;100.000;617.740;617.740;7.240;7.937;3130.788;4.313;0.000;0.000;5.580;7.820;0.003;17.713;17.713;72.530;93.647;34.580;18.915;51.223;2.900;0.794;0.450;1.402;0.034;4.310;97.958;96.305;35.271;1.938;1.253;1.938;0.002;0.059;5.395;0.162;0;2;33.049;33.050;nan;nan;nan;30080;1;0;0;0;0;0;0
282;1;1;1;IDLE;0.000;0.000;1.000;19625.815216;19625.818876;19625.854593;19625.913060;816329;816329;816329;10205;21;13061264;13061304;100.000;603.332;603.332;6.654;7.288;3134.713;4.190;0.000;0.000;6.069;7.909;0.003;18.167;18.167;72.535;94.183;35.717;19.289;50.864;3.367;0.827;0.440;1.400;0.034;3.661;97.844;95.549;32.041;1.292;1.255;1.292;0.003;0.087;5.574;0.167;0;2;33.794;33.796;nan;nan;nan;27636;1;0;0;0;0;0;0
283;1;1;1;IDLE;0.000;0.000;1.000;19625.848982;19625.852212;19625.888602;19625.913127;813249;813249;813249;10166;21;13011984;13012024;100.000;606.566;606.566;6.654;7.288;3122.886;4.120;0.000;0.000;6.778;7.849;0.002;18.747;18.747;39.463;60.915;36.390;30.775;51.517;3.506;1.070;0.447;1.717;0.038;3.230;64.145;62.284;33.336;0.002;1.177;0.002;0.003;0.307;5.881;0.176;0;2;32.303;32.306;nan;nan;nan;27636;1;0;0;0;0;0;0
284;1;1;1;IDLE;0.000;0.000;1.000;19625.882272;19625.885498;19625.922846;19625.978949;809333;809333;809333;10117;22;12949328;12949368;100.000;602.035;602.035;6.744;7.409;3107.848;4.030;0.000;0.000;6.021;9.011;0.004;19.062;19.062;71.942;93.451;37.348;20.398;51.039;3.368;0.780;0.444;1.392;0.037;3.226;96.677;94.772;33.286;0.048;1.106;0.048;0.002;0.804;5.921;0.178;0;2;34.046;34.049;nan;nan;nan;28012;1;0;0;0;0;0;0
285;1;1;1;IDLE;0.000;0.000;1.000;19625.915725;19625.918962;19625.956819;19626.013839;815482;815482;815482;10194;22;13047712;13047752;100.000;599.466;599.466;6.924;7.590;3131.460;4.363;0.000;0.000;7.105;8.910;0.002;20.377;20.377;73.111;94.877;37.857;21.477;53.827;3.849;0.978;0.451;1.789;0.038;3.237;98.114;96.329;33.465;0.131;1.045;0.131;0.009;0.066;6.225;0.187;0;2;31.036;31.037;nan;nan;nan;28764;1;0;0;0;0;0;0
286;1;1;1;IDLE;0.000;0.000;1.000;19625.948328;19625.952310;19625.985949;19626.047093;814633;814633;814633;10183;104;13034128;13034168;100.000;596.499;596.499;32.733;35.957;3128.200;4.079;0.000;0.000;4.767;6.970;0.009;15.816;15.816;72.932;94.784;33.639;16.687;47.017;2.072;0.791;0.452;1.424;0.028;3.982;98.766;96.249;33.347;0.014;0.981;0.014;0.002;0.048;5.863;0.176;0;2;34.856;34.858;nan;nan;nan;136300;1;0;0;0;0;0;0
287;1;1;1;IDLE;0.000;0.000;1.000;19625.982968;19625.986827;19626.022466;19626.079392;814941;814941;814941;10187;22;13039056;13039096;100.000;618.351;618.351;6.879;7.545;3129.383;4.284;0.000;0.000;5.892;8.407;0.003;18.582;18.582;71.478;92.565;35.639;20.075;52.141;3.235;0.770;0.441;1.413;0.032;3.859;96.424;95.215;34.517;1.184;0.994;1.184;0.002;0.250;5.876;0.176;0;2;33.029;33.031;nan;nan;nan;28576;1;0;0;0;0;0;0
288;1;1;1;IDLE;0.000;0.000;1.000;19626.015075;19626.018270;19626.056155;19626.114714;818847;818847;818847;10236;18;13101552;13101592;100.000;606.162;606.162;5.571;6.111;3144.382;4.097;0.000;0.000;7.168;9.014;0.003;20.280;20.280;74.830;96.444;37.885;21.027;53.529;3.990;0.970;0.441;1.730;0.037;3.195;99.638;97.203;31.443;1.890;1.050;1.890;0.002;0.085;6.206;0.186;0;2;32.246;32.249;nan;nan;nan;23124;1;0;0;0;0;0;0
289;1;1;1;IDLE;0.000;0.000;1.000;19626.049174;19626.052417;19626.088228;19626.114765;824052;824052;824052;10301;16;13184832;13184872;100.000;597.055;597.055;5.075;5.553;3164.369;4.208;0.000;0.000;4.860;8.008;0.001;17.076;17.076;40.265;62.348;35.811;27.388;47.683;2.117;0.825;0.478;1.409;0.031;3.243;65.591;63.921;34.147;0.814;1.035;0.814;0.002;0.856;5.874;0.176;0;2;34.490;34.491;nan;nan;nan;21056;1;0;0;0;0;0;0
290;1;1;1;IDLE;0.000;0.000;1.000;19626.082689;19626.086117;19626.125276;19626.181573;835458;835458;835458;10444;20;13367328;13367368;100.000;593.220;593.220;6.203;6.805;3208.168;4.640;0.000;0.000;6.028;9.979;0.005;20.647;20.647;72.923;95.456;39.159;21.630;52.727;3.326;0.784;0.446;1.438;0.032;3.428;98.884;97.396;33.700;0.367;0.993;0.367;0.002;0.616;5.918;0.178;0;2;31.472;31.473;nan;nan;nan;25756;1;0;0;0;0;0;0
291;1;1;1;IDLE;0.000;0.000;1.000;19626.114778;19626.118277;19626.155385;19626.214577;819605;819605;819605;10246;20;13113680;13113720;100.000;600.289;600.289;6.338;6.941;3147.293;4.284;0.000;0.000;4.848;10.025;0.003;19.158;19.158;74.454;96.300;37.108;19.894;51.627;2.149;0.802;0.457;1.413;0.028;3.499;99.799;97.067;32.161;1.173;1.004;1.173;0.002;0.386;5.654;0.170;0;2;36.209;36.211;nan;nan;nan;26320;1;0;0;0;0;0;0
292;1;1;1;IDLE;0.000;0.000;1.000;19626.149446;19626.152692;19626.192472;19626.246596;827799;827799;827799;10348;21;13244784;13244824;100.000;596.732;596.732;6.383;7.017;3178.758;4.304;0.000;0.000;6.650;10.023;0.002;20.977;20.977;71.708;93.904;39.780;22.338;52.731;3.540;0.786;0.443;1.842;0.038;3.246;97.150;95.752;34.415;1.081;1.009;1.081;0.002;0.909;5.909;0.177;0;2;32.123;32.126;nan;nan;nan;26508;1;0;0;0;0;0;0
293;1;1;1;IDLE;0.000;0.000;1.000;19626.182375;19626.185622;19626.223544;19626.279570;830771;830771;830771;10385;22;13292336;13292376;100.000;599.540;599.540;6.879;7.545;3190.170;4.061;0.000;0.000;5.084;10.066;0.003;19.211;19.211;71.777;93.948;37.921;20.449;50.660;2.372;0.801;0.455;1.425;0.031;3.247;97.196;95.393;32.930;0.403;0.971;0.403;0.002;0.598;5.708;0.171;0;2;33.106;33.107;nan;nan;nan;28576;1;0;0;0;0;0;0
294;1;1;1;IDLE;0.000;0.000;1.000;19626.215926;19626.219190;19626.254647;19626.314576;835004;835004;835004;10438;23;13360064;13360104;100.000;599.759;599.759;7.195;7.892;3206.425;4.258;0.000;0.000;5.084;8.046;0.003;17.388;17.388;73.110;95.386;35.457;18.230;49.041;2.295;0.807;0.457;1.494;0.033;3.264;98.650;97.065;33.568;0.234;0.925;0.234;0.003;0.047;5.558;0.167;0;2;32.966;32.967;nan;nan;nan;29892;1;0;0;0;0;0;0
295;1;1;1;IDLE;0.000;0.000;1.000;19626.249122;19626.252395;19626.287693;19626.345351;814967;814967;814967;10188;23;13039472;13039512;100.000;597.545;597.545;7.060;7.756;3129.483;4.242;0.000;0.000;5.322;8.017;0.003;17.582;17.582;71.134;92.956;35.298;18.914;49.810;2.453;0.809;0.465;1.560;0.036;3.272;96.228;94.507;33.205;0.129;0.875;0.129;0.002;0.134;5.504;0.165;0;2;34.896;34.897;nan;nan;nan;29328;1;0;0;0;0;0;0
296;1;1;1;IDLE;0.000;0.000;1.000;19626.282504;19626.285697;19626.323774;19626.374963;818656;818656;818656;10234;23;13098496;13098536;100.000;583.176;583.176;7.015;7.711;3143.649;4.391;0.000;0.000;6.381;9.018;0.003;19.789;19.789;66.805;89.266;38.077;22.168;51.970;3.435;0.774;0.444;1.691;0.036;3.193;92.459;90.786;33.302;0.031;0.823;0.031;0.002;0.214;5.729;0.172;0;2;30.591;30.592;nan;nan;nan;29140;1;0;0;0;0;0;0
297;1;1;1;IDLE;0.000;0.000;1.000;19626.315246;19626.318414;19626.352385;19626.414047;819807;819807;819807;10248;22;13116912;13116952;100.000;602.683;602.683;6.789;7.454;3148.068;4.086;0.000;0.000;4.900;7.113;0.002;16.098;16.098;73.869;95.633;33.971;16.833;47.389;2.198;0.812;0.460;1.401;0.030;3.168;98.801;96.537;32.717;0.616;0.810;0.616;0.002;0.191;5.525;0.166;0;2;29.685;29.687;nan;nan;nan;28200;1;0;0;0;0;0;0
298;1;1;1;IDLE;0.000;0.000;1.000;19626.349525;19626.353563;19626.392322;19626.445085;814766;814766;814766;10185;21;13036256;13036296;100.000;606.878;606.878;6.609;7.243;3128.711;4.555;0.000;0.000;6.248;10.409;0.003;21.212;21.212;70.040;91.521;38.758;23.177;54.729;3.472;0.812;0.461;1.472;0.031;4.039;95.560;94.241;35.149;1.816;0.873;1.816;0.002;0.617;5.710;0.171;0;1;32.130;32.132;nan;nan;nan;27448;1;0;0;0;0;0;0
299;1;1;1;IDLE;0.000;0.000;1.000;19626.381204;19626.386342;19626.421725;19626.473152;809259;809259;809259;10116;22;12948144;12948184;100.000;611.829;611.829;6.879;7.545;3107.564;4.537;0.000;0.000;4.383;9.748;0.001;18.667;18.667;65.647;86.810;35.383;21.503;52.757;1.719;0.786;0.459;1.391;0.027;5.139;91.949;88.975;32.779;0.555;0.853;0.555;0.002;0.087;5.381;0.161;0;2;33.104;33.106;nan;nan;nan;28576;1;0;0;0;0;0;0
300;1;1;1;IDLE;0.000;0.000;1.000;19626.415631;19626.418729;19626.451331;19626.494999;812212;812212;812212;10153;22;12995392;12995432;100.000;609.435;609.435;6.970;7.635;3118.904;4.175;0.000;0.000;5.013;5.262;0.002;14.450;14.450;54.946;76.270;32.602;18.945;44.322;2.162;0.796;0.476;1.549;0.029;3.098;79.368;77.489;32.387;0.947;0.859;0.947;0.002;1.000;5.292;0.159;0;2;27.080;27.081;nan;nan;nan;28952;1;0;0;0;0;0;0
