frame_id;rx_complete;tx_complete;current_skip;yaw;pitch;zoom;camera_send_timestamp;recv_start_timestamp;node_exit_timestamp;original_points;rx_media_bytes;tx_points;rx_packets;tx_packets;payload_bytes;reference_size_bytes;data_integrity_pct;internal_throughput_mbs;reference_throughput_mbs;logical_bitrate_mbps;network_bitrate_mbps;reference_bitrate_mbps;arrived_points;eroded_points;valid_points;erosion_ms;reconstruction_ms;pose_ms;reconstruction_pipeline_ms;tx_duration_ms;active_tx_ms;active_process_ms;reference_process_ms;total_processing_ms;total_residency_ms;reference_residency_ms;node_efficiency_pct;reference_efficiency_pct;gpu_transfer_ms;gpu_copyback_ms;host_overhead_ms;camera_node_ms;e2e_latency_ms;schedule_delay_ms;inter_arrival_ms;instant_jitter_ms;desynced_jitter_ms;pose_control_ms;codec_queue_ms;frame_queue_ms;codec_backlog;decode_service_ms;decode_h265_ms;ffmpeg_write_calls;ffmpeg_write_failures;codec_queue_drops;tx_zero_accepts;tx_partial_accepts;tx_resubmit_calls;tx_resubmitted_packets;mbuf_starvation
1;1;1;1;0.000000;0.000000;1.000000;24228.074812;24228.143009;24228.280382;784142;142316;146318;109;1829;142316;154960;100.000;3.858;4.198;561.874;603.123;37.190;178911;159140;146318;0.210;0.125;0.077;3.004;1.866;0.109;33.638;31.696;137.355;137.373;133.232;24.487;23.790;1.403;0.192;0.996;68.197;205.570;137.373;0.000;0.000;0.000;0.000;0.018;0.000;56;28.769;130.209;6;0;0;0;0;0;0;0
2;1;1;1;0.000000;0.000000;1.000000;24228.107375;24228.190017;24228.313928;783406;28952;144182;22;1803;28952;31504;100.000;893.199;968.986;553.671;594.335;7.561;169393;156499;144182;0.203;0.117;0.071;2.061;1.864;0.105;38.530;36.596;117.532;123.911;119.890;31.095;30.524;1.381;0.188;0.102;82.642;206.553;137.586;47.008;13.675;0.855;0.000;6.380;0.000;30;34.605;111.447;1;0;0;0;0;0;0;0
3;1;1;1;0.000000;0.000000;1.000000;24228.141427;24228.222682;24228.347894;780200;22936;141754;18;1772;22936;25024;100.000;0.865;0.940;544.348;584.312;6.006;164369;153953;141754;0.196;0.117;0.071;2.049;1.930;0.315;37.831;35.831;125.160;125.212;121.068;30.214;29.595;1.378;0.185;0.103;81.255;206.467;138.218;32.665;0.668;0.843;0.000;0.052;0.000;17;33.852;118.966;2;0;0;0;0;0;0;0
4;1;1;1;0.000000;0.000000;1.000000;24228.174825;24228.249467;24228.381941;778467;22560;139430;18;1743;22560;24648;100.000;0.709;0.771;535.424;574.733;5.916;160176;150044;139430;0.200;0.116;0.071;2.063;2.093;0.580;37.959;35.796;132.442;132.474;128.103;28.654;27.943;1.385;0.183;0.108;74.643;207.116;138.932;26.785;6.548;1.200;0.000;0.032;0.001;10;33.804;126.008;3;0;0;0;0;0;0;0
5;1;1;1;0.000000;0.000000;1.000000;24228.209661;24228.284517;24228.414507;776427;21996;137802;17;1723;21996;23968;100.000;0.768;0.833;529.172;568.031;5.752;157416;147596;137802;0.194;0.115;0.070;2.035;1.540;0.090;36.851;35.241;129.949;129.990;126.305;28.349;27.902;1.378;0.180;0.099;74.856;204.846;138.165;35.049;1.716;1.232;0.000;0.041;0.001;16;33.276;124.228;2;0;0;0;0;0;0;0
6;1;1;1;0.000000;0.000000;1.000000;24228.242127;24228.318154;24228.442327;774893;24440;137230;19;1716;24440;26644;100.000;0.702;0.762;526.976;565.676;6.395;155702;146729;137230;0.201;0.115;0.071;2.017;1.531;0.344;31.625;30.023;124.135;124.173;120.731;25.468;24.867;1.352;0.179;0.100;76.026;200.200;132.651;33.637;0.303;1.174;0.000;0.039;0.001;11;28.076;118.673;3;0;0;0;0;0;0;0
7;1;1;1;0.000000;0.000000;1.000000;24228.275268;24228.353218;24228.474308;775949;24816;137590;19;1720;24816;27020;100.000;0.866;0.939;528.358;567.149;6.485;155688;147260;137590;0.189;0.109;0.065;2.249;1.281;0.075;35.528;34.182;121.056;121.090;117.899;29.340;28.993;1.611;0.179;0.096;77.950;199.040;131.299;35.064;1.731;1.209;0.000;0.035;0.000;18;31.997;115.614;2;0;0;0;0;0;0;0
8;1;1;1;0.000000;0.000000;1.000000;24228.308709;24228.386571;24228.509623;775463;26320;137746;20;1722;26320;28640;100.000;801.901;869.677;528.957;567.793;6.874;154960;147284;137746;0.188;0.109;0.066;1.999;1.545;0.344;38.821;37.210;123.011;123.052;119.576;31.549;31.119;1.355;0.180;0.102;77.862;200.914;133.281;33.353;0.020;1.134;0.000;0.041;0.000;20;35.277;117.534;1;0;0;0;0;0;0;0
9;1;1;1;0.000000;0.000000;1.000000;24228.342096;24228.412975;24228.546631;775698;26320;138024;20;1726;26320;28640;100.000;0.816;0.885;530.025;568.951;6.874;154556;147480;138024;0.182;0.110;0.066;2.021;1.472;0.112;40.502;38.965;133.608;133.657;130.219;30.303;29.923;1.384;0.180;0.099;70.879;204.535;136.955;26.404;6.930;1.497;0.000;0.049;0.001;19;37.009;128.136;2;0;0;0;0;0;0;0
10;1;1;1;0.000000;0.000000;1.000000;24228.375464;24228.445510;24228.580528;778020;25568;138278;20;1729;25568;27888;100.000;0.722;0.784;531.000;569.994;6.693;153976;146817;138278;0.187;0.109;0.067;2.099;1.379;0.087;37.365;35.920;134.967;135.018;131.652;27.674;27.284;1.445;0.182;0.109;70.046;205.064;137.519;32.536;0.798;1.453;0.000;0.051;0.000;19;33.888;129.500;2;0;0;0;0;0;0;0
11;1;1;1;0.000000;0.000000;1.000000;24228.408812;24228.481196;24228.609974;778554;24064;139114;19;1739;24064;26268;100.000;0.640;0.696;534.210;573.430;6.304;154586;147875;139114;1.206;0.111;0.070;4.147;1.509;0.386;32.976;31.398;128.739;128.778;125.339;25.607;25.050;1.472;0.182;1.107;72.384;201.163;133.632;35.686;2.353;1.509;0.000;0.039;0.001;18;27.321;121.150;2;0;0;0;0;0;0;0
12;1;1;1;0.000000;0.000000;1.000000;24228.442318;24228.519141;24228.640215;779986;25380;140496;20;1757;25380;27700;100.000;0.959;1.043;539.517;579.143;6.648;155450;148967;140496;0.178;0.105;0.063;2.577;1.248;0.074;35.890;34.578;121.042;121.075;117.895;29.643;29.330;1.815;0.183;0.232;76.823;197.897;130.540;37.944;4.611;1.703;0.000;0.032;0.001;12;32.065;115.284;3;0;0;0;0;0;0;0
13;1;1;1;0.000000;0.000000;1.000000;24228.475510;24228.552860;24228.673619;780926;26132;142868;20;1786;26132;28452;100.000;1.150;1.248;548.626;588.905;6.828;157559;150948;142868;0.180;0.106;0.066;2.468;1.502;0.384;37.188;35.620;120.725;120.758;117.286;30.795;30.370;1.806;0.186;0.125;77.351;198.109;130.610;33.720;0.386;1.621;0.000;0.033;0.000;19;33.218;114.784;2;0;0;0;0;0;0;0
14;1;1;1;0.000000;0.000000;1.000000;24228.508434;24228.575739;24228.707120;782770;26696;144928;21;1812;26696;29132;100.000;0.766;0.833;556.536;597.402;6.992;159221;152767;144928;0.186;0.108;0.065;2.144;1.319;0.077;37.464;36.081;131.361;131.380;128.087;28.516;28.169;1.505;0.188;0.092;67.306;198.686;130.777;22.879;10.454;2.173;0.000;0.020;0.000;12;34.002;125.922;3;0;0;0;0;0;0;0
15;1;1;1;0.000000;0.000000;1.000000;24228.542074;24228.610800;24228.746132;784474;27072;146044;21;1826;27072;29508;100.000;0.804;0.874;560.821;602.004;7.082;159870;153190;146044;0.179;0.108;0.067;2.021;1.489;0.184;42.437;40.881;135.312;135.332;131.834;31.358;31.010;1.383;0.190;0.094;68.726;204.058;136.456;35.061;1.728;2.145;0.000;0.020;0.000;14;38.927;129.792;3;0;0;0;0;0;0;0
16;1;1;1;0.000000;0.000000;1.000000;24228.575651;24228.644671;24228.774740;785193;131788;145822;101;1823;131788;143504;100.000;3.855;4.195;559.969;601.083;34.441;177968;156948;145822;0.183;0.106;0.066;2.535;1.619;0.361;32.092;30.408;129.990;130.068;126.418;24.673;24.053;1.861;0.191;0.129;69.021;199.089;131.731;33.871;0.538;2.045;0.000;0.078;0.000;52;27.938;123.803;4;0;0;0;0;0;0;0
17;1;1;1;0.000000;0.000000;1.000000;24228.607960;24228.678974;24228.807453;782720;28764;144126;22;1802;28764;31316;100.000;0.728;0.790;553.456;594.097;7.516;169048;155711;144126;0.219;0.108;0.070;2.755;1.315;0.074;36.931;35.546;128.446;128.479;125.199;28.745;28.392;1.791;0.188;0.380;71.014;199.493;131.110;34.303;0.970;1.977;0.000;0.033;0.000;16;32.861;122.410;4;0;0;0;0;0;0;0
18;1;1;1;0.000000;0.000000;1.000000;24228.642164;24228.718729;24228.840388;781613;23124;141930;18;1775;23124;25212;100.000;0.896;0.973;545.024;585.055;6.051;164438;152319;141930;0.182;0.108;0.065;2.430;1.507;0.373;37.013;35.441;121.615;121.659;118.197;30.423;29.985;1.798;0.185;0.092;76.565;198.224;130.712;39.755;6.421;2.255;0.000;0.043;0.000;17;33.076;115.723;2;0;0;0;0;0;0;0
19;1;1;1;0.000000;0.000000;1.000000;24228.675479;24228.744655;24228.873892;780006;22372;139740;17;1747;22372;24344;100.000;1402.770;1520.438;536.614;576.014;5.843;160724;150232;139740;0.179;0.105;0.065;3.128;1.305;0.075;37.459;36.090;129.209;129.237;126.008;28.984;28.641;1.810;0.184;0.786;69.175;198.413;130.883;25.925;7.408;2.577;0.000;0.028;0.000;18;33.026;122.842;1;0;0;0;0;0;0;0
20;1;1;1;0.000000;0.000000;1.000000;24228.708869;24228.778158;24228.909307;780302;23124;138346;18;1730;23124;25212;100.000;0.703;0.763;531.261;570.277;6.051;158111;148368;138346;0.186;0.104;0.065;1.977;1.534;0.353;39.822;38.224;131.111;131.150;127.668;30.364;29.940;1.351;0.180;0.091;69.289;200.438;132.965;33.503;0.170;2.427;0.000;0.038;0.000;17;36.311;125.651;2;0;0;0;0;0;0;0
21;1;1;1;0.000000;0.000000;1.000000;24228.741988;24228.811240;24228.943149;779066;24628;137844;19;1724;24628;26832;100.000;0.749;0.813;529.333;568.214;6.440;156169;147318;137844;0.180;0.104;0.065;1.993;1.301;0.080;37.379;36.014;131.890;131.908;128.689;28.337;27.985;1.369;0.180;0.094;69.252;201.161;133.473;33.083;0.251;2.291;0.000;0.018;0.000;9;34.085;126.677;3;0;0;0;0;0;0;0
22;1;1;1;0.000000;0.000000;1.000000;24228.775582;24228.844337;24228.973708;778280;25004;138092;19;1727;25004;27208;100.000;1067.531;1157.555;530.286;569.234;6.530;156257;148169;138092;0.179;0.105;0.063;2.491;1.538;0.350;33.878;32.276;129.340;129.371;125.942;26.187;25.628;1.850;0.180;0.114;68.756;198.127;130.699;33.097;0.237;2.162;0.000;0.031;0.000;19;29.848;123.418;1;0;0;0;0;0;0;0
23;1;1;1;0.000000;0.000000;1.000000;24228.808797;24228.881230;24229.006100;778907;25944;138240;20;1728;25944;28264;100.000;0.766;0.831;530.854;569.825;6.783;155625;148274;138240;0.184;0.105;0.065;2.609;1.163;0.065;36.432;35.205;124.831;124.870;121.830;29.176;28.897;1.844;0.180;0.231;72.433;197.304;129.758;36.893;3.560;2.250;0.000;0.040;0.000;19;32.660;119.180;2;0;0;0;0;0;0;0
24;1;1;1;0.000000;0.000000;1.000000;24228.842119;24228.915363;24229.039579;779289;24064;138556;19;1732;24064;26268;100.000;0.859;0.935;532.068;571.129;6.304;155068;147825;138556;0.181;0.104;0.063;2.640;1.154;0.070;37.216;35.999;124.153;124.216;121.153;29.961;29.714;1.812;0.181;0.299;73.245;197.461;129.903;34.133;0.800;2.159;0.000;0.063;0.000;18;33.422;118.448;2;0;0;0;0;0;0;0
25;1;1;1;0.000000;0.000000;1.000000;24228.875492;24228.943551;24229.073639;779739;25192;138952;20;1737;25192;27512;100.000;0.766;0.833;533.588;572.762;6.603;154886;148003;138952;0.185;0.106;0.065;2.850;1.471;0.387;37.873;36.337;130.057;130.088;126.729;29.114;28.673;1.801;0.181;0.511;68.059;198.147;130.630;28.188;5.146;2.346;0.000;0.031;0.000;10;33.552;123.847;4;0;0;0;0;0;0;0
26;1;1;1;0.000000;0.000000;1.000000;24228.908641;24228.976649;24229.107250;779364;26320;139454;20;1744;26320;28640;100.000;899.365;975.379;535.516;574.848;6.874;155037;148137;139454;0.182;0.106;0.063;2.974;1.256;0.074;37.836;36.516;130.566;130.602;127.364;28.970;28.671;1.791;0.181;0.650;68.008;198.609;130.908;33.097;0.236;2.214;0.000;0.036;0.000;20;33.605;124.353;1;0;0;0;0;0;0;0
27;1;1;1;0.000000;0.000000;1.000000;24228.941621;24229.009724;24229.140146;780025;26508;140520;21;1757;26508;28944;100.000;0.817;0.889;539.609;579.235;6.947;155674;148906;140520;0.184;0.106;0.063;2.743;1.513;0.396;37.206;35.629;130.382;130.422;127.009;28.527;28.053;1.804;0.184;0.400;68.103;198.525;130.471;33.076;0.258;2.092;0.000;0.040;0.000;19;32.950;124.226;2;0;0;0;0;0;0;0
28;1;1;1;0.000000;0.000000;1.000000;24228.975469;24229.042364;24229.173638;780373;26696;141820;21;1773;26696;29132;100.000;0.792;0.862;544.601;584.588;6.992;156436;150018;141820;0.178;0.108;0.065;2.950;1.290;0.079;37.684;36.329;131.248;131.274;128.024;28.706;28.377;1.807;0.184;0.609;66.895;198.169;130.629;32.639;0.694;2.004;0.000;0.026;0.000;20;33.444;125.047;2;0;0;0;0;0;0;0
29;1;1;1;0.000000;0.000000;1.000000;24229.008589;24229.076243;24229.207130;781651;27824;143812;22;1798;27824;30376;100.000;0.839;0.913;552.251;592.801;7.290;158103;151744;143812;0.182;0.108;0.065;2.606;1.395;0.415;37.590;36.131;130.854;130.887;127.408;28.720;28.358;1.812;0.188;0.252;67.654;198.541;130.788;33.879;0.546;1.913;0.000;0.034;0.000;19;33.590;124.752;3;0;0;0;0;0;0;0
30;1;1;1;0.000000;0.000000;1.000000;24229.042001;24229.109594;24229.242352;781375;26320;144756;20;1810;26320;28640;100.000;0.774;0.840;555.876;596.697;6.874;158909;152425;144756;0.184;0.106;0.065;2.328;1.271;0.076;39.088;37.752;132.701;132.759;129.270;29.443;29.204;1.666;0.191;0.117;67.592;200.351;132.677;33.351;0.018;1.795;0.000;0.058;0.000;10;35.488;126.882;3;0;0;0;0;0;0;0
31;1;1;1;0.000000;0.000000;1.000000;24229.075477;24229.143812;24229.274973;784392;130660;143948;100;1800;130660;142260;100.000;3.928;4.274;552.773;593.368;34.142;176776;155937;143948;0.182;0.106;0.066;2.638;1.303;0.080;36.250;34.881;131.120;131.161;127.674;27.638;27.320;1.815;0.189;0.281;68.335;199.496;131.964;34.218;0.885;1.738;0.000;0.042;0.000;65;32.308;124.993;5;0;0;0;0;0;0;0
32;1;1;1;0.000000;0.000000;1.000000;24229.108844;24229.177174;24229.311967;782671;28764;141972;22;1775;28764;31316;100.000;0.850;0.923;545.185;585.216;7.516;167823;154032;141972;0.185;0.108;0.065;2.024;1.389;0.392;41.158;39.704;134.757;134.793;131.446;30.534;30.206;1.383;0.185;0.099;68.330;203.123;135.625;33.362;0.029;1.631;0.000;0.036;0.000;19;37.744;129.384;3;0;0;0;0;0;0;0
33;1;1;1;0.000000;0.000000;1.000000;24229.142094;24229.211169;24229.340139;776999;23500;139814;18;1748;23500;25588;100.000;0.694;0.752;536.898;576.321;6.141;162493;151172;139814;0.186;0.105;0.065;2.484;1.228;0.074;31.603;30.310;128.953;128.970;125.805;24.504;24.093;1.806;0.183;0.138;69.076;198.046;130.464;33.995;0.662;1.570;0.000;0.017;0.000;11;27.891;123.301;3;0;0;0;0;0;0;0
34;1;1;1;0.000000;0.000000;1.000000;24229.175500;24229.245257;24229.373757;778650;22936;137648;18;1721;22936;25024;100.000;0.587;0.638;528.581;567.394;6.006;158009;147496;137648;0.181;0.105;0.063;2.791;1.486;0.373;37.371;35.821;128.474;128.500;125.120;29.082;28.629;1.813;0.179;0.449;69.757;198.257;130.748;34.087;0.754;1.519;0.000;0.026;0.000;9;33.094;122.302;4;0;0;0;0;0;0;0
35;1;1;1;0.000000;0.000000;1.000000;24229.208657;24229.284599;24229.406995;778007;23124;137154;18;1715;23124;25212;100.000;0.893;0.970;526.684;565.362;6.051;156436;146459;137154;0.184;0.105;0.063;3.081;1.235;0.076;37.505;36.206;122.352;122.397;119.259;30.642;30.359;1.810;0.179;0.740;75.942;198.338;130.653;39.342;6.009;1.800;0.000;0.044;0.000;17;33.188;116.132;2;0;0;0;0;0;0;0
36;1;1;1;0.000000;0.000000;1.000000;24229.242013;24229.310589;24229.440282;776483;25192;138046;20;1726;25192;27512;100.000;0.747;0.813;530.109;569.035;6.603;155955;147025;138046;0.180;0.104;0.063;2.364;1.244;0.070;37.597;36.290;129.657;129.693;126.543;28.989;28.678;1.740;0.181;0.096;68.576;198.269;130.607;25.991;7.343;2.146;0.000;0.036;0.000;19;33.989;124.142;2;0;0;0;0;0;0;0
37;1;1;1;0.000000;0.000000;1.000000;24229.275550;24229.344492;24229.473997;781287;25944;139346;20;1742;25944;28264;100.000;0.789;0.856;535.101;574.388;6.783;157465;149465;139346;0.187;0.105;0.063;2.842;1.517;0.416;37.309;35.728;129.481;129.506;126.071;28.809;28.340;1.803;0.182;0.501;68.942;198.448;130.988;33.902;0.569;2.048;0.000;0.025;0.000;15;32.950;123.203;3;0;0;0;0;0;0;0
38;1;1;1;0.000000;0.000000;1.000000;24229.308542;24229.377572;24229.506833;780329;28012;141098;22;1764;28012;30564;100.000;0.826;0.899;541.829;581.612;7.335;157640;150117;141098;0.185;0.106;0.065;2.805;1.281;0.075;37.209;35.863;129.244;129.261;126.078;28.786;28.445;1.811;0.184;0.454;69.030;198.291;130.490;33.081;0.253;1.936;0.000;0.017;0.000;16;33.123;123.256;3;0;0;0;0;0;0;0
39;1;1;1;0.000000;0.000000;1.000000;24229.342131;24229.411649;24229.541682;780785;29140;142238;23;1778;29140;31808;100.000;0.913;0.993;546.206;586.306;7.634;158183;150821;142238;1.157;0.111;0.067;4.403;1.571;0.399;38.821;37.183;129.995;130.033;126.468;29.855;29.401;1.786;0.184;1.098;69.518;199.552;132.007;34.077;0.743;1.861;0.000;0.038;0.001;14;32.847;122.007;3;0;0;0;0;0;0;0
40;1;1;1;0.000000;0.000000;1.000000;24229.375472;24229.443744;24229.578204;785430;29892;143844;23;1799;29892;32560;100.000;0.909;0.987;552.373;592.946;7.814;159338;152086;143844;0.179;0.108;0.065;2.025;0.968;0.055;42.508;41.475;134.421;134.460;131.514;31.614;31.536;1.386;0.187;0.101;68.271;202.731;135.195;32.095;1.239;1.822;0.000;0.039;0.000;22;39.515;129.449;2;0;0;0;0;0;0;0
41;1;1;1;0.000000;0.000000;1.000000;24229.408849;24229.476826;24229.607434;789479;30832;146416;24;1831;30832;33616;100.000;0.943;1.025;562.250;603.545;8.068;161451;154261;146416;0.179;0.108;0.066;2.385;1.582;0.401;32.191;30.543;130.596;130.608;127.020;24.647;24.046;1.738;0.191;0.104;67.977;198.585;131.091;33.082;0.251;1.724;0.000;0.011;0.001;21;28.224;124.621;3;0;0;0;0;0;0;0
42;1;1;1;0.000000;0.000000;1.000000;24229.442164;24229.509698;24229.640715;789348;31772;148106;25;1852;31772;34672;100.000;0.771;0.840;568.740;610.508;8.321;163175;156456;148106;0.187;0.106;0.065;3.152;1.345;0.081;37.217;35.808;130.994;131.017;127.639;28.407;28.054;1.808;0.193;0.793;67.534;198.551;131.039;32.872;0.462;1.645;0.000;0.023;0.000;12;32.721;124.463;3;0;0;0;0;0;0;0
43;1;1;1;0.000000;0.000000;1.000000;24229.475490;24229.551053;24229.678441;792714;31772;149298;25;1867;31772;34672;100.000;1.217;1.324;573.317;615.424;8.321;164202;157630;149298;0.178;0.105;0.067;2.382;1.628;0.465;42.070;40.375;127.352;127.388;123.577;33.025;32.672;1.726;0.196;0.109;75.563;202.951;135.432;41.355;8.022;2.044;0.000;0.036;0.000;24;38.060;121.156;2;0;0;0;0;0;0;0
44;1;1;1;0.000000;0.000000;1.000000;24229.508860;24229.577247;24229.728235;790865;31772;150365;25;1880;31772;34672;100.000;0.943;1.026;577.414;619.814;8.321;165443;158450;150365;0.177;0.106;0.066;2.114;0.978;0.057;53.797;52.753;150.953;150.988;147.823;35.630;35.687;1.462;0.198;0.105;68.387;219.375;151.892;26.194;7.139;2.362;0.000;0.035;0.001;24;50.705;145.672;2;0;0;0;0;0;0;0
45;1;1;1;0.000000;0.000000;1.000000;24229.542205;24229.611126;24229.760298;787976;31960;151606;25;1896;31960;34860;100.000;0.786;0.855;582.180;624.941;8.366;166156;159454;151606;0.185;0.110;0.067;2.584;1.321;0.342;35.107;33.719;149.151;149.172;145.621;23.534;23.155;1.851;0.225;0.147;68.921;218.093;150.622;33.878;0.545;2.249;0.000;0.021;0.000;18;31.201;143.014;3;0;0;0;0;0;0;0
46;1;1;1;0.000000;0.000000;1.000000;24229.575230;24229.651982;24229.784628;789717;146076;151650;111;1896;146076;158952;100.000;12.002;13.052;582.348;625.110;38.148;188890;165163;151650;0.179;0.108;0.066;2.209;1.682;0.111;27.588;25.841;132.617;132.646;128.089;20.798;20.174;1.403;0.331;0.123;76.752;209.398;141.619;40.857;7.523;2.578;0.000;0.029;0.000;50;23.697;125.850;4;0;0;0;0;0;0;0
47;1;1;1;0.000000;0.000000;1.000000;24229.608848;24229.699455;24229.810130;784950;29892;150558;23;1882;29892;32560;100.000;1.049;1.140;578.155;620.601;7.814;179115;163191;150558;0.183;0.108;0.068;3.255;1.383;0.085;30.033;28.582;110.634;110.675;107.062;27.136;26.697;1.890;0.200;0.806;90.606;201.281;133.787;47.472;14.139;3.301;0.000;0.042;0.001;14;25.395;103.763;3;0;0;0;0;0;0;0
48;1;1;1;0.000000;0.000000;1.000000;24229.642207;24229.728168;24229.846790;781130;24628;148538;19;1857;24628;26832;100.000;1.358;1.474;570.398;612.280;6.440;174491;161518;148538;0.184;0.109;0.066;2.037;2.149;0.636;41.358;39.143;118.595;118.622;114.306;34.866;34.244;1.388;0.193;0.098;85.961;204.582;137.114;28.714;4.620;3.383;0.000;0.027;0.000;15;37.172;112.241;3;0;0;0;0;0;0;0
49;1;1;1;0.000000;0.000000;1.000000;24229.676541;24229.746461;24229.880874;780468;24628;147276;19;1841;24628;26832;100.000;0.742;0.806;565.552;607.073;6.440;169683;158314;147276;0.187;0.109;0.066;2.123;1.582;0.099;38.118;36.470;134.365;134.413;130.528;28.359;27.940;1.467;0.193;0.101;69.920;204.333;137.865;18.293;15.041;4.112;0.000;0.048;0.001;18;34.413;128.343;2;0;0;0;0;0;0;0
50;1;1;1;0.000000;0.000000;1.000000;24229.709767;24229.779873;24229.910327;783376;24816;146748;19;1835;24816;27020;100.000;0.651;0.706;563.525;604.910;6.485;166714;156688;146748;1.184;0.112;0.069;4.233;1.604;0.382;33.301;31.629;130.402;130.454;126.695;25.527;24.964;1.589;0.191;1.089;70.106;200.560;133.985;33.412;0.078;3.860;0.000;0.053;0.001;18;27.464;122.406;2;0;0;0;0;0;0;0
51;1;1;1;0.000000;0.000000;1.000000;24229.742823;24229.818253;24229.940648;787237;29516;145970;23;1825;29516;32184;100.000;1.059;1.151;560.537;601.697;7.724;163927;154647;145970;0.180;0.106;0.066;2.668;1.316;0.077;36.191;34.810;122.342;122.396;118.962;29.569;29.261;1.823;0.190;0.303;75.430;197.826;130.973;38.380;5.047;3.934;0.000;0.054;0.001;22;32.207;116.238;2;0;0;0;0;0;0;0
52;1;1;1;0.000000;0.000000;1.000000;24229.775677;24229.852475;24229.974483;787734;31020;147302;24;1842;31020;33804;100.000;1.350;1.467;565.652;607.195;8.113;163921;154970;147302;0.187;0.108;0.067;3.075;1.681;0.457;37.806;36.059;121.967;122.008;118.201;30.987;30.506;1.811;0.191;0.711;76.798;198.806;131.474;34.222;0.889;3.744;0.000;0.041;0.000;19;33.050;115.083;3;0;0;0;0;0;0;0
53;1;1;1;0.000000;0.000000;1.000000;24229.808437;24229.875645;24230.007344;787059;31208;148046;24;1851;31208;33992;100.000;0.905;0.983;568.509;610.255;8.158;163880;155377;148046;0.226;0.111;0.069;3.074;1.340;0.080;37.599;36.190;131.673;131.699;128.217;28.549;28.226;1.480;0.192;0.996;67.208;198.908;131.002;23.170;10.163;4.145;0.000;0.026;0.000;12;33.185;125.115;3;0;0;0;0;0;0;0
54;1;1;1;0.000000;0.000000;1.000000;24229.842055;24229.910359;24230.040909;786051;30832;148712;24;1859;30832;33616;100.000;0.952;1.035;571.067;612.993;8.068;163752;156015;148712;0.186;0.108;0.066;2.880;1.625;0.400;37.941;36.251;130.511;130.550;126.750;29.063;28.600;1.807;0.193;0.521;68.304;198.854;131.233;34.713;1.380;3.972;0.000;0.039;0.000;23;33.437;123.830;2;0;0;0;0;0;0;0
55;1;1;1;0.000000;0.000000;1.000000;24229.875650;24229.942912;24230.074488;796213;30080;148706;23;1859;30080;32748;100.000;0.920;0.998;571.044;612.970;7.860;163350;156198;148706;0.219;0.109;0.066;3.489;1.376;0.082;38.046;36.605;131.539;131.576;127.990;28.916;28.600;1.809;0.193;1.093;67.262;198.838;131.479;32.553;0.780;3.772;0.000;0.036;0.000;13;33.182;124.464;3;0;0;0;0;0;0;0
56;1;1;1;0.000000;0.000000;1.000000;24229.908106;24229.975799;24230.107491;790191;30080;148654;23;1859;30080;32748;100.000;0.883;0.958;570.844;612.770;7.860;162711;155789;148654;0.182;0.109;0.066;2.639;1.658;0.401;37.938;36.215;131.654;131.692;127.899;28.808;28.315;1.806;0.193;0.284;67.693;199.385;131.149;32.886;0.447;3.565;0.000;0.038;0.000;12;33.642;125.221;4;0;0;0;0;0;0;0
57;1;1;1;0.000000;0.000000;1.000000;24229.942320;24230.010062;24230.140319;798808;30644;148762;24;1860;30644;33428;100.000;0.932;1.013;571.259;613.208;8.023;162756;155654;148762;0.181;0.109;0.066;2.353;1.322;0.080;37.042;35.655;130.226;130.257;126.720;28.438;28.136;1.714;0.193;0.091;67.741;197.999;130.643;34.263;0.930;3.400;0.000;0.031;0.000;12;33.367;124.335;3;0;0;0;0;0;0;0
58;1;1;1;0.000000;0.000000;1.000000;24229.975700;24230.043139;24230.174804;797924;30080;149280;23;1866;30080;32748;100.000;0.888;0.963;573.248;615.332;7.860;163186;156181;149280;0.181;0.109;0.066;3.629;1.371;0.080;38.206;36.770;131.624;131.666;128.129;29.018;28.698;1.808;0.195;1.272;67.438;199.104;131.795;33.077;0.256;3.203;0.000;0.042;0.001;17;33.206;124.457;5;0;0;0;0;0;0;0
59;1;1;1;0.000000;0.000000;1.000000;24230.008949;24230.077215;24230.211722;794477;30268;149798;23;1873;30268;32936;100.000;774.667;840.507;575.237;617.479;7.905;163385;156786;149798;0.185;0.110;0.067;2.060;1.169;0.231;41.849;40.613;134.491;134.506;131.106;31.113;30.977;1.395;0.196;0.108;68.266;202.773;135.379;34.076;0.743;3.050;0.000;0.015;0.000;16;38.620;129.029;3;0;0;0;0;0;0;0
60;1;1;1;0.000000;0.000000;1.000000;24230.042229;24230.110410;24230.242048;789053;30456;150698;24;1884;30456;33240;100.000;0.930;1.012;578.693;621.183;7.978;164074;157604;150698;0.185;0.108;0.067;2.738;1.754;0.419;33.519;31.698;131.591;131.639;127.628;25.463;24.837;1.824;0.195;0.360;68.181;199.819;132.373;33.195;0.139;2.868;0.000;0.047;0.000;22;29.026;124.833;2;0;0;0;0;0;0;0
61;1;1;1;0.000000;0.000000;1.000000;24230.075616;24230.143357;24230.274398;783874;143632;149328;110;1867;143632;156392;100.000;3.529;3.840;573.432;615.539;37.534;186216;162709;149328;0.182;0.106;0.067;3.140;1.360;0.083;36.921;35.495;131.012;131.041;127.506;28.176;27.838;1.804;0.195;0.787;67.742;198.782;131.389;32.947;0.386;2.713;0.000;0.029;0.000;34;32.422;124.336;8;0;0;0;0;0;0;0
62;1;1;1;0.000000;0.000000;1.000000;24230.108900;24230.184186;24230.308512;782785;28764;146986;22;1838;28764;31316;100.000;1.094;1.188;564.439;605.892;7.516;175815;160583;146986;0.181;0.108;0.067;2.838;1.656;0.413;38.641;36.918;124.287;124.325;120.525;31.081;30.631;1.795;0.191;0.497;75.286;199.611;132.169;40.829;7.496;3.012;0.000;0.038;0.000;21;34.147;117.648;2;0;0;0;0;0;0;0
63;1;1;1;0.000000;0.000000;1.000000;24230.142229;24230.210564;24230.341009;782791;23124;145010;18;1813;23124;25212;100.000;0.718;0.780;556.851;597.740;6.051;170291;157298;145010;0.186;0.108;0.066;2.596;1.327;0.079;36.911;35.519;130.417;130.444;126.896;28.297;27.990;1.804;0.189;0.244;68.336;198.780;131.333;26.378;6.956;3.258;0.000;0.028;0.000;17;32.988;124.272;2;0;0;0;0;0;0;0
64;1;1;1;0.000000;0.000000;1.000000;24230.175613;24230.242945;24230.374307;782127;21996;143356;17;1792;21996;23968;100.000;0.652;0.707;550.500;590.915;5.752;165344;154096;143356;0.183;0.108;0.065;2.515;1.588;0.396;37.373;35.720;131.323;131.362;127.707;28.451;27.971;1.812;0.186;0.162;67.332;198.694;131.298;32.381;0.952;3.114;0.000;0.039;0.000;16;33.270;125.152;2;0;0;0;0;0;0;0
65;1;1;1;0.000000;0.000000;1.000000;24230.208640;24230.276901;24230.407122;785507;22748;142428;18;1781;22748;24836;100.000;0.679;0.738;546.936;587.103;5.961;163252;152956;142428;0.186;0.106;0.066;2.717;1.285;0.077;36.924;35.574;130.211;130.221;126.878;28.355;28.038;1.804;0.185;0.369;68.261;198.482;130.780;33.956;0.622;2.958;0.000;0.010;0.000;12;32.923;124.151;3;0;0;0;0;0;0;0
66;1;1;1;0.000000;0.000000;1.000000;24230.242429;24230.310629;24230.441278;789017;24252;142296;19;1779;24252;26456;100.000;0.714;0.776;546.429;586.551;6.349;161194;152080;142296;0.179;0.106;0.065;3.501;1.614;0.453;38.140;36.462;130.624;130.649;126.963;29.193;28.718;1.811;0.185;1.155;68.200;198.849;131.602;33.728;0.395;2.798;0.000;0.025;0.000;6;33.026;123.435;5;0;0;0;0;0;0;0
67;1;1;1;0.000000;0.000000;1.000000;24230.275619;24230.344808;24230.474263;789641;25756;142550;20;1782;25756;28076;100.000;0.783;0.851;547.404;587.594;6.738;160513;151749;142550;0.181;0.106;0.066;2.850;1.308;0.076;38.046;36.673;129.440;129.455;126.023;29.390;29.100;1.803;0.185;0.509;69.189;198.644;131.254;34.180;0.846;2.676;0.000;0.015;0.000;12;33.889;123.157;4;0;0;0;0;0;0;0
68;1;1;1;0.000000;0.000000;1.000000;24230.308997;24230.377887;24230.507581;784718;26508;142638;21;1783;26508;28944;100.000;0.819;0.891;547.742;587.954;6.947;160286;152016;142638;0.183;0.106;0.065;2.615;1.614;0.395;37.540;35.861;129.646;129.694;126.023;28.945;28.456;1.810;0.185;0.266;68.890;198.584;131.239;33.078;0.255;2.525;0.000;0.048;0.000;20;33.311;123.359;2;0;0;0;0;0;0;0
69;1;1;1;0.000000;0.000000;1.000000;24230.342214;24230.410449;24230.540197;778159;27448;142942;21;1787;27448;29884;100.000;0.802;0.870;548.910;589.212;7.172;159851;152237;142942;0.185;0.105;0.065;2.419;1.279;0.076;36.817;35.474;129.726;129.748;126.387;28.376;28.068;1.787;0.186;0.091;68.235;197.983;130.522;32.562;0.771;2.415;0.000;0.022;0.001;13;33.119;123.944;3;0;0;0;0;0;0;0
70;1;1;1;0.000000;0.000000;1.000000;24230.375533;24230.444849;24230.573779;776327;28200;143886;22;1799;28200;30752;100.000;0.852;0.926;552.535;593.108;7.380;160061;152716;143886;0.183;0.105;0.066;2.819;1.318;0.082;37.199;35.815;128.883;128.930;125.461;28.852;28.547;1.807;0.187;0.471;69.316;198.245;130.770;34.400;1.067;2.331;0.000;0.046;0.000;21;33.062;122.585;2;0;0;0;0;0;0;0
71;1;1;1;0.000000;0.000000;1.000000;24230.408888;24230.478126;24230.607564;786883;29704;145096;23;1814;29704;32372;100.000;0.920;1.000;557.181;598.092;7.769;161110;153947;145096;0.183;0.106;0.066;3.151;1.614;0.422;37.958;36.279;129.399;129.438;125.712;29.326;28.859;1.816;0.189;0.792;69.238;198.676;131.221;33.277;0.056;2.189;0.000;0.039;0.000;18;33.193;122.521;3;0;0;0;0;0;0;0
72;1;1;1;0.000000;0.000000;1.000000;24230.442267;24230.510590;24230.640414;787146;28764;146492;22;1832;28764;31316;100.000;0.880;0.955;562.542;603.859;7.516;162263;155321;146492;0.181;0.108;0.065;2.872;1.346;0.079;37.624;36.214;129.774;129.824;126.378;28.981;28.655;1.809;0.191;0.520;68.323;198.147;130.738;32.464;0.870;2.106;0.000;0.050;0.000;21;33.406;123.455;2;0;0;0;0;0;0;0
73;1;1;1;0.000000;0.000000;1.000000;24230.475548;24230.543469;24230.675415;781047;28576;148748;22;1860;28576;31128;100.000;0.880;0.956;571.205;613.154;7.471;164110;157122;148748;1.201;0.113;0.070;4.157;1.704;0.411;39.068;37.294;131.906;131.947;127.993;29.609;29.137;1.485;0.193;1.096;67.921;199.867;132.406;32.879;0.454;2.003;0.000;0.040;0.000;21;33.206;123.795;2;0;0;0;0;0;0;0
74;1;1;1;0.000000;0.000000;1.000000;24230.508914;24230.576123;24230.712312;782459;29892;150270;23;1879;29892;32560;100.000;0.905;0.983;577.049;619.427;7.814;165107;158147;150270;0.179;0.106;0.065;2.041;1.028;0.065;42.728;41.636;136.128;136.188;132.886;31.374;31.332;1.384;0.202;0.104;67.209;203.397;135.969;32.654;0.679;1.920;0.000;0.060;0.000;22;39.659;130.784;2;0;0;0;0;0;0;0
75;1;1;1;0.000000;0.000000;1.000000;24230.542226;24230.609330;24230.742063;781579;29892;150762;23;1885;29892;32560;100.000;0.880;0.955;578.939;621.452;7.814;165269;158787;150762;0.181;0.109;0.067;3.334;1.672;0.416;32.882;31.144;132.679;132.733;128.852;24.773;24.170;1.817;0.196;0.965;67.104;199.837;132.387;33.206;0.127;1.808;0.000;0.054;0.000;22;27.877;125.463;2;0;0;0;0;0;0;0
76;1;1;1;0.000000;0.000000;1.000000;24230.575546;24230.643543;24230.774549;784181;144384;151052;110;1889;144384;157144;100.000;3.515;3.823;580.052;622.656;37.715;189415;164593;151052;0.182;0.109;0.067;3.623;1.406;0.085;37.512;36.039;130.950;131.006;127.414;28.634;28.285;1.812;0.196;1.258;67.997;199.003;131.540;34.214;0.880;1.750;0.000;0.056;0.000;32;32.483;123.734;9;0;0;0;0;0;0;0
77;1;1;1;0.000000;0.000000;1.000000;24230.608882;24230.684827;24230.807937;782861;27824;150492;22;1882;27824;30376;100.000;1.176;1.280;577.902;620.347;7.290;178892;162643;150492;0.180;0.109;0.066;3.089;1.665;0.415;38.346;36.616;123.077;123.110;119.191;31.148;30.720;1.810;0.196;0.730;75.946;199.056;131.595;41.284;7.950;2.138;0.000;0.033;0.000;13;33.592;116.067;3;0;0;0;0;0;0;0
78;1;1;1;0.000000;0.000000;1.000000;24230.642247;24230.708623;24230.840522;779451;21244;148910;17;1862;21244;23216;100.000;0.626;0.682;571.827;613.821;5.572;174747;160995;148910;0.180;0.109;0.066;3.076;1.370;0.082;37.433;35.998;131.865;131.899;128.372;28.380;28.042;1.806;0.193;0.721;66.376;198.275;130.846;23.796;9.538;2.600;0.000;0.034;0.000;15;32.988;125.262;2;0;0;0;0;0;0;0
79;1;1;1;0.000000;0.000000;1.000000;24230.675613;24230.742746;24230.874307;784719;22184;147042;17;1839;22184;24156;100.000;0.676;0.733;564.654;606.129;5.797;168444;157136;147042;0.180;0.109;0.066;3.285;1.345;0.080;38.254;36.844;131.519;131.561;128.086;29.077;28.765;1.801;0.191;0.939;67.133;198.694;131.298;34.123;0.790;2.487;0.000;0.043;0.000;16;33.624;124.757;2;0;0;0;0;0;0;0
80;1;1;1;0.000000;0.000000;1.000000;24230.708721;24230.775768;24230.907588;780701;24816;146382;19;1830;24816;27020;100.000;0.743;0.807;562.119;603.392;6.485;165223;155043;146382;0.185;0.110;0.066;2.439;1.615;0.448;37.854;36.174;131.772;131.820;128.032;28.717;28.254;1.790;0.190;0.098;67.048;198.867;131.246;33.023;0.311;2.351;0.000;0.047;0.000;18;33.801;125.533;2;0;0;0;0;0;0;0
81;1;1;1;0.000000;0.000000;1.000000;24230.742325;24230.809341;24230.940562;785754;27636;145442;21;1819;27636;30072;100.000;0.826;0.896;558.510;599.534;7.217;164125;154526;145442;0.180;0.106;0.066;3.166;1.337;0.079;37.119;35.716;131.173;131.220;127.805;28.288;27.946;1.804;0.189;0.821;67.017;198.237;130.886;33.573;0.239;2.219;0.000;0.048;0.000;20;32.616;124.590;2;0;0;0;0;0;0;0
82;1;1;1;0.000000;0.000000;1.000000;24230.775624;24230.842992;24230.974395;783308;28576;145720;22;1822;28576;31128;100.000;0.855;0.928;559.577;600.669;7.471;163296;154802;145720;0.178;0.108;0.065;3.243;1.631;0.427;38.295;36.599;131.365;131.403;127.655;29.143;28.671;1.813;0.190;0.891;67.368;198.771;131.386;33.650;0.317;2.100;0.000;0.038;0.000;13;33.421;124.372;3;0;0;0;0;0;0;0
83;1;1;1;0.000000;0.000000;1.000000;24230.808908;24230.876598;24231.006904;782737;27448;145846;21;1824;27448;29884;100.000;0.840;0.912;560.061;601.198;7.172;162654;154619;145846;0.184;0.108;0.066;2.634;1.310;0.076;37.315;35.940;130.258;130.305;126.814;28.637;28.341;1.804;0.190;0.283;67.690;197.996;130.561;33.607;0.273;1.986;0.000;0.047;0.000;14;33.372;124.131;3;0;0;0;0;0;0;0
84;1;1;1;0.000000;0.000000;1.000000;24230.842299;24230.909447;24231.040823;781874;28764;146012;22;1826;28764;31316;100.000;0.868;0.943;560.699;601.881;7.516;162736;155088;146012;0.179;0.108;0.066;2.997;1.617;0.419;37.936;36.254;131.324;131.376;127.653;28.876;28.400;1.809;0.190;0.646;67.148;198.524;131.147;32.848;0.485;1.892;0.000;0.052;0.000;21;33.322;124.603;2;0;0;0;0;0;0;0
85;1;1;1;0.000000;0.000000;1.000000;24230.875552;24230.942746;24231.074253;780545;25004;146308;19;1829;25004;27208;100.000;592.821;642.813;561.835;603.085;6.530;162877;155363;146308;0.186;0.108;0.066;3.508;1.341;0.081;38.033;36.626;131.455;131.507;128.052;28.920;28.603;1.805;0.190;1.154;67.194;198.701;131.244;33.299;0.035;1.776;0.000;0.052;0.000;19;33.184;124.490;1;0;0;0;0;0;0;0
86;1;1;1;0.000000;0.000000;1.000000;24230.908925;24230.976299;24231.107566;778343;26696;146104;21;1827;26696;29132;100.000;0.812;0.883;561.052;602.256;6.992;162315;155165;146104;0.184;0.108;0.066;3.158;1.612;0.404;38.161;36.484;131.235;131.267;127.542;29.071;28.605;1.804;0.190;0.806;67.374;198.641;131.224;33.553;0.220;1.679;0.000;0.032;0.000;12;33.392;124.351;3;0;0;0;0;0;0;0
87;1;1;1;0.000000;0.000000;1.000000;24230.942266;24231.009393;24231.141990;778458;26508;145634;21;1821;26508;28944;100.000;0.809;0.880;559.247;600.316;6.947;161315;154508;145634;0.230;0.110;0.066;5.007;1.395;0.082;38.958;37.497;132.570;132.597;128.857;29.380;29.099;2.045;1.215;1.342;67.126;199.724;132.314;33.094;0.240;1.589;0.000;0.027;0.000;11;32.556;123.821;4;0;0;0;0;0;0;0
88;1;1;1;0.000000;0.000000;1.000000;24230.975533;24231.042370;24231.175281;778592;28576;145652;22;1821;28576;31128;100.000;0.870;0.945;559.316;600.385;7.471;160840;154258;145652;0.180;0.106;0.066;1.984;1.378;0.083;39.900;38.456;132.852;132.911;129.399;30.021;29.719;1.352;0.190;0.090;66.837;199.747;132.272;32.978;0.356;1.512;0.000;0.059;0.000;21;36.538;127.355;2;0;0;0;0;0;0;0
89;1;1;1;0.000000;0.000000;1.000000;24231.008932;24231.075415;24231.212382;779952;29516;146464;23;1831;29516;32184;100.000;0.894;0.972;562.434;603.729;7.724;161075;154330;146464;0.182;0.108;0.066;2.040;1.702;0.398;40.442;38.674;136.917;136.967;133.113;29.527;29.054;1.396;0.191;0.098;66.483;203.451;136.040;33.045;0.289;1.435;0.000;0.051;0.001;22;36.700;131.021;2;0;0;0;0;0;0;0
90;1;1;1;0.000000;0.000000;1.000000;24231.042238;24231.108627;24231.243717;779674;29140;148650;23;1859;29140;31808;100.000;0.762;0.830;570.828;612.755;7.634;162940;156395;148650;0.186;0.108;0.067;2.016;1.402;0.079;34.958;33.490;135.044;135.090;131.431;25.878;25.481;1.369;0.193;0.094;66.389;201.479;134.042;33.213;0.121;1.353;0.000;0.046;0.000;10;31.541;129.356;4;0;0;0;0;0;0;0
91;1;1;1;0.000000;0.000000;1.000000;24231.075678;24231.147118;24231.274748;781083;142692;149974;109;1875;142692;155336;100.000;3.894;4.237;575.913;618.200;37.281;187045;162867;149974;0.180;0.109;0.066;2.614;1.708;0.438;34.520;32.746;127.555;127.630;123.738;27.047;26.464;1.804;0.194;0.262;71.440;199.070;131.739;38.491;5.157;1.591;0.000;0.075;0.000;32;30.198;121.048;6;0;0;0;0;0;0;0
92;1;1;1;0.000000;0.000000;1.000000;24231.108991;24231.183881;24231.308971;780537;27260;150044;21;1876;27260;29696;100.000;0.975;1.059;576.181;618.492;7.127;178574;162825;150044;0.186;0.109;0.067;3.001;1.254;0.083;38.431;37.111;125.057;125.089;121.542;30.723;30.533;1.805;0.199;0.636;74.890;199.979;132.628;36.763;3.430;1.706;0.000;0.033;0.000;16;34.177;118.507;3;0;0;0;0;0;0;0
93;1;1;1;0.000000;0.000000;1.000000;24231.142287;24231.214715;24231.346776;773046;21432;148126;17;1852;21432;23404;100.000;0.715;0.777;568.816;610.585;5.617;174005;159520;148126;0.187;0.108;0.067;2.061;1.826;0.291;41.930;40.038;132.024;132.060;127.815;31.751;31.325;1.394;0.195;0.111;72.428;204.488;137.100;30.834;2.499;1.755;0.000;0.036;0.000;12;38.044;125.716;3;0;0;0;0;0;0;0
94;1;1;1;0.000000;0.000000;1.000000;24231.175643;24231.244888;24231.383157;770822;21244;145994;17;1825;21244;23216;100.000;0.630;0.686;560.629;601.789;5.572;168963;156075;145994;0.187;0.106;0.066;2.026;2.170;0.701;39.897;37.661;138.245;138.269;133.310;28.854;28.251;1.381;0.190;0.096;69.245;207.514;140.148;30.173;3.161;1.843;0.000;0.024;0.000;11;35.700;131.259;3;0;0;0;0;0;0;0
95;1;1;1;0.000000;0.000000;1.000000;24231.208612;24231.278825;24231.410062;778859;24628;143854;19;1799;24628;26832;100.000;0.663;0.720;552.412;592.985;6.440;164489;153794;143854;0.183;0.106;0.065;2.028;1.321;0.079;31.724;30.339;131.189;131.237;127.753;24.173;23.748;1.387;0.187;0.100;70.213;201.449;133.719;33.937;0.604;1.766;0.000;0.047;0.000;13;28.375;125.676;3;0;0;0;0;0;0;0
96;1;1;1;0.000000;0.000000;1.000000;24231.241633;24231.316219;24231.444369;778333;27824;144278;22;1804;27824;30376;100.000;0.903;0.983;554.040;594.726;7.290;163211;153471;144278;0.185;0.105;0.066;2.016;1.655;0.429;37.691;35.970;128.091;128.150;124.369;29.412;28.922;1.376;0.188;0.096;74.586;202.736;134.693;37.394;4.061;1.909;0.000;0.059;0.000;20;34.019;122.292;2;0;0;0;0;0;0;0
97;1;1;1;0.000000;0.000000;1.000000;24231.275533;24231.353513;24231.475581;782798;29140;144196;23;1803;29140;31808;100.000;1.041;1.132;553.725;594.388;7.634;163309;154182;144196;0.184;0.108;0.066;1.991;1.365;0.083;34.838;33.407;122.029;122.067;118.534;28.540;28.184;1.358;0.187;0.089;77.980;200.048;132.572;37.294;3.960;2.037;0.000;0.038;0.000;11;31.482;116.504;4;0;0;0;0;0;0;0
98;1;1;1;0.000000;0.000000;1.000000;24231.308699;24231.381613;24231.508719;781418;28764;144552;22;1807;28764;31316;100.000;0.844;0.916;555.092;595.846;7.516;162763;154699;144552;0.183;0.108;0.065;2.944;1.657;0.416;36.538;34.817;127.025;127.106;123.328;28.746;28.231;1.792;0.188;0.610;72.913;200.020;132.377;28.099;5.234;2.237;0.000;0.081;0.000;22;31.937;120.301;2;0;0;0;0;0;0;0
99;1;1;1;0.000000;0.000000;1.000000;24231.342059;24231.415877;24231.544150;777382;27636;144056;21;1801;27636;30072;100.000;0.878;0.952;553.188;593.806;7.217;161502;153880;144056;0.184;0.106;0.065;2.019;1.335;0.079;40.016;38.616;128.237;128.273;124.803;31.196;30.942;1.381;0.188;0.095;73.817;202.090;134.474;34.264;0.931;2.156;0.000;0.036;0.000;13;36.661;122.746;4;0;0;0;0;0;0;0
100;1;1;1;0.000000;0.000000;1.000000;24231.375570;24231.447563;24231.575357;778267;26884;144366;21;1805;26884;29320;100.000;0.875;0.952;554.378;595.086;7.037;161128;153428;144366;0.183;0.108;0.065;1.999;1.650;0.410;34.495;32.780;127.736;127.795;123.946;26.992;26.447;1.354;0.188;0.102;71.993;199.788;132.348;31.686;1.647;2.124;0.000;0.059;0.000;15;30.846;121.887;3;0;0;0;0;0;0;0
101;1;1;1;0.000000;0.000000;1.000000;24231.408395;24231.478443;24231.607835;780699;26884;144336;21;1805;26884;29320;100.000;0.721;0.784;554.263;594.971;7.037;160176;152430;144336;0.181;0.106;0.065;2.759;1.345;0.080;36.220;34.811;129.347;129.392;125.955;27.993;27.638;1.805;0.187;0.415;70.047;199.440;131.493;30.880;2.453;2.144;0.000;0.046;0.000;20;32.116;123.140;2;0;0;0;0;0;0;0
102;1;1;1;0.000000;0.000000;1.000000;24231.441680;24231.515977;24231.640977;780328;26508;144522;21;1807;26508;28944;100.000;0.858;0.934;554.977;595.730;6.947;159982;152535;144522;0.181;0.106;0.065;2.482;1.341;0.080;37.242;35.836;124.956;125.000;121.564;29.793;29.479;1.815;0.188;0.127;74.297;199.297;131.301;37.534;4.201;2.273;0.000;0.043;0.000;14;33.418;119.038;3;0;0;0;0;0;0;0
103;1;1;1;0.000000;0.000000;1.000000;24231.475537;24231.547065;24231.674626;782351;26508;144662;21;1809;26508;28944;100.000;0.838;0.913;555.515;596.313;6.947;159914;152756;144662;0.228;0.112;0.069;2.189;1.639;0.471;36.432;34.725;127.498;127.561;122.791;28.561;28.279;1.417;0.242;0.121;71.528;199.089;131.616;31.088;2.246;2.271;0.000;0.063;0.000;20;32.604;120.537;2;0;0;0;0;0;0;0
104;1;1;1;0.000000;0.000000;1.000000;24231.508883;24231.578889;24231.714426;782164;26508;144698;21;1809;26508;28944;100.000;0.811;0.883;555.653;596.451;6.947;159778;152734;144698;0.187;0.108;0.066;2.026;1.859;0.118;44.372;42.448;135.496;135.537;131.295;32.738;32.330;1.382;0.188;0.096;70.006;205.542;138.083;31.824;1.509;2.224;0.000;0.041;0.000;20;40.487;129.226;2;0;0;0;0;0;0;0
105;1;1;1;0.000000;0.000000;1.000000;24231.541701;24231.611748;24231.748363;783021;28388;145744;22;1822;28388;30940;100.000;0.832;0.904;559.669;600.761;7.426;160754;153613;145744;0.179;0.105;0.065;2.039;1.646;0.289;37.704;35.993;136.583;136.615;132.471;27.598;27.171;1.379;0.208;0.103;70.046;206.661;138.687;32.859;0.475;2.114;0.000;0.032;0.000;15;34.019;130.399;3;0;0;0;0;0;0;0
106;1;1;1;0.000000;0.000000;1.000000;24231.575569;24231.646109;24231.775181;786829;137804;147616;105;1846;137804;149984;100.000;3.474;3.778;566.858;608.491;35.996;185042;161832;147616;0.180;0.108;0.067;2.453;1.734;0.443;30.844;29.043;129.045;129.072;125.185;23.897;23.200;1.797;0.192;0.109;70.540;199.612;132.172;34.361;1.028;2.046;0.000;0.027;0.001;40;26.657;122.702;5;0;0;0;0;0;0;0
107;1;1;1;0.000000;0.000000;1.000000;24231.608894;24231.685870;24231.807755;789365;29140;150668;23;1884;29140;31808;100.000;0.984;1.071;578.578;621.068;7.634;177829;162840;150668;0.184;0.110;0.067;2.898;1.393;0.084;36.666;35.206;121.861;121.886;118.246;30.082;29.773;1.809;0.196;0.533;76.975;198.861;131.413;39.761;6.428;2.320;0.000;0.025;0.000;13;32.375;115.323;3;0;0;0;0;0;0;0
108;1;1;1;0.000000;0.000000;1.000000;24231.642220;24231.718829;24231.841135;790807;24252;152486;19;1907;24252;26456;100.000;0.966;1.050;585.559;628.568;6.349;176566;163815;152486;0.182;0.110;0.068;2.735;1.685;0.439;37.701;35.949;122.258;122.306;118.408;30.825;30.360;1.837;0.198;0.340;76.609;198.915;131.459;32.959;0.374;2.199;0.000;0.048;0.000;18;33.282;115.624;2;0;0;0;0;0;0;0
109;1;1;1;0.000000;0.000000;1.000000;24231.675545;24231.744062;24231.874370;789334;21996;152368;17;1905;21996;23968;100.000;0.678;0.736;585.106;628.070;5.752;174460;163004;152368;0.184;0.109;0.067;3.275;1.398;0.085;37.646;36.181;130.269;130.308;126.690;28.890;28.559;1.802;0.197;0.915;68.517;198.825;131.361;25.234;8.100;2.567;0.000;0.039;0.000;12;32.973;123.376;3;0;0;0;0;0;0;0
110;1;1;1;0.000000;0.000000;1.000000;24231.708771;24231.776697;24231.907465;783753;23500;151230;18;1891;23500;25588;100.000;0.715;0.775;580.736;623.384;6.141;171512;161572;151230;0.182;0.110;0.067;2.557;1.672;0.430;37.743;36.004;130.724;130.768;126.854;28.862;28.382;1.809;0.196;0.194;67.925;198.694;131.123;32.634;0.699;2.451;0.000;0.044;0.000;17;33.514;124.252;2;0;0;0;0;0;0;0
111;1;1;1;0.000000;0.000000;1.000000;24231.742110;24231.809790;24231.940616;781240;27448;149404;21;1868;27448;29884;100.000;0.823;0.894;573.724;615.853;7.172;171400;162005;149404;0.181;0.108;0.067;2.974;1.359;0.081;37.451;36.026;130.768;130.826;127.307;28.627;28.298;1.807;0.194;0.618;67.680;198.506;130.940;33.094;0.239;2.312;0.000;0.058;0.000;20;33.119;124.265;2;0;0;0;0;0;0;0
112;1;1;1;0.000000;0.000000;1.000000;24231.775621;24231.843317;24231.974833;781247;28012;147314;22;1842;28012;30564;100.000;0.842;0.916;565.698;607.241;7.335;168941;160014;147314;0.181;0.108;0.066;3.487;1.660;0.433;38.571;36.845;131.480;131.516;127.720;29.328;28.848;1.826;0.192;1.115;67.696;199.212;131.824;33.526;0.193;2.180;0.000;0.037;0.000;11;33.423;124.195;3;0;0;0;0;0;0;0
113;1;1;1;0.000000;0.000000;1.000000;24231.808895;24231.876774;24232.007027;783523;28200;145778;22;1823;28200;30752;100.000;0.868;0.943;559.800;600.914;7.380;167012;159127;145778;0.183;0.108;0.065;2.779;1.305;0.080;37.350;35.981;130.192;130.253;126.824;28.675;28.371;1.814;0.189;0.420;67.879;198.132;130.684;33.457;0.123;2.051;0.000;0.062;0.000;21;33.266;123.982;2;0;0;0;0;0;0;0
114;1;1;1;0.000000;0.000000;1.000000;24231.842210;24231.909469;24232.042291;783046;30456;145016;24;1813;30456;33240;100.000;0.925;1.007;556.874;597.763;7.978;164674;156972;145016;0.219;0.109;0.066;4.541;1.660;0.412;39.143;37.418;132.771;132.822;128.836;29.471;29.043;1.584;1.211;1.352;67.259;200.081;132.615;32.695;0.638;1.963;0.000;0.051;0.001;22;32.942;124.242;2;0;0;0;0;0;0;0
115;1;1;1;0.000000;0.000000;1.000000;24231.875567;24231.942558;24232.073916;785712;28576;145068;22;1814;28576;31128;100.000;0.869;0.944;557.074;597.985;7.471;162940;155037;145068;0.186;0.108;0.065;2.878;1.319;0.080;38.027;36.644;131.306;131.358;127.919;28.949;28.646;1.811;0.188;0.521;66.991;198.349;130.907;33.089;0.244;1.856;0.000;0.052;0.000;21;33.831;124.988;2;0;0;0;0;0;0;0
116;1;1;1;0.000000;0.000000;1.000000;24231.908875;24231.975623;24232.108115;788409;28200;145612;22;1821;28200;30752;100.000;0.857;0.932;559.163;600.232;7.380;163051;155647;145612;0.179;0.108;0.066;3.204;1.677;0.416;38.400;36.658;132.474;132.492;128.702;28.983;28.483;1.791;0.189;0.872;66.748;199.240;131.773;33.066;0.268;1.756;0.000;0.018;0.000;16;33.520;125.479;3;0;0;0;0;0;0;0
117;1;1;1;0.000000;0.000000;1.000000;24231.942243;24232.008710;24232.141160;785289;26884;145938;21;1825;26884;29320;100.000;0.794;0.863;560.414;601.574;7.037;163179;155948;145938;0.179;0.106;0.066;3.084;1.373;0.082;37.853;36.415;132.393;132.450;128.893;28.579;28.252;1.805;0.190;0.736;66.467;198.917;131.484;33.087;0.246;1.662;0.000;0.057;0.000;20;33.397;125.752;2;0;0;0;0;0;0;0
118;1;1;1;0.000000;0.000000;1.000000;24231.975587;24232.042772;24232.174713;784314;26320;145782;20;1823;26320;28640;100.000;455.500;493.999;559.815;600.930;6.874;162540;155583;145782;0.186;0.109;0.066;3.475;1.350;0.082;38.064;36.648;131.905;131.941;128.465;28.849;28.528;1.804;0.190;1.122;67.185;199.126;131.704;34.061;0.728;1.604;0.000;0.036;0.000;13;33.239;124.953;2;0;0;0;0;0;0;0
119;1;1;1;0.000000;0.000000;1.000000;24232.008973;24232.075849;24232.208109;784830;26696;145890;21;1824;26696;29132;100.000;0.788;0.857;560.230;601.367;6.992;162046;155070;145890;0.186;0.108;0.066;2.314;1.657;0.451;38.233;36.511;132.201;132.259;128.492;28.908;28.415;1.674;0.189;0.091;66.877;199.136;131.766;33.078;0.255;1.519;0.000;0.058;0.000;19;34.263;126.118;3;0;0;0;0;0;0;0
120;1;1;1;0.000000;0.000000;1.000000;24232.042153;24232.109928;24232.244321;784742;27260;145936;21;1825;27260;29696;100.000;0.806;0.875;560.407;601.566;7.127;161855;155097;145936;0.186;0.108;0.066;2.027;1.354;0.082;40.083;38.663;134.333;134.394;130.831;29.825;29.552;1.385;0.190;0.093;67.774;202.168;134.646;34.078;0.745;1.471;0.000;0.060;0.000;17;36.702;128.743;3;0;0;0;0;0;0;0
121;1;1;1;0.000000;0.000000;1.000000;24232.075581;24232.143983;24232.274359;787186;141752;147208;108;1841;141752;154280;100.000;4.015;4.367;565.291;606.812;37.027;185245;160619;147208;0.183;0.108;0.067;2.600;1.654;0.458;33.476;31.756;130.365;130.376;126.583;25.677;25.087;1.870;0.192;0.180;68.403;198.779;131.350;34.055;0.722;1.424;0.000;0.011;0.001;55;29.222;123.961;6;0;0;0;0;0;0;0
122;1;1;1;0.000000;0.000000;1.000000;24232.108887;24232.179408;24232.307204;792161;29140;148956;23;1862;29140;31808;100.000;0.811;0.882;572.004;613.998;7.634;177345;160913;148956;0.183;0.108;0.067;2.709;1.353;0.079;37.085;35.665;127.771;127.796;124.293;29.019;28.695;1.810;0.193;0.349;70.521;198.316;130.861;35.425;2.092;1.466;0.000;0.024;0.000;15;33.023;121.558;4;0;0;0;0;0;0;0
123;1;1;1;0.000000;0.000000;1.000000;24232.142221;24232.215579;24232.341432;788290;22936;150544;18;1882;22936;25024;100.000;0.834;0.906;578.101;620.547;6.006;175932;162668;150544;0.183;0.109;0.066;3.585;1.674;0.413;38.247;36.507;125.804;125.854;121.989;30.390;29.927;1.802;0.196;1.229;73.357;199.211;131.756;36.170;2.837;1.552;0.000;0.050;0.000;17;32.988;118.353;2;0;0;0;0;0;0;0
124;1;1;1;0.000000;0.000000;1.000000;24232.175536;24232.243407;24232.374466;789222;22936;152352;18;1905;22936;25024;100.000;0.692;0.753;585.044;628.008;6.006;175068;163093;152352;0.188;0.110;0.067;2.318;1.418;0.088;38.202;36.718;131.025;131.058;127.363;29.149;28.829;1.663;0.198;0.093;67.871;198.929;131.456;27.829;5.504;1.799;0.000;0.033;0.000;17;34.467;125.010;2;0;0;0;0;0;0;0
125;1;1;1;0.000000;0.000000;1.000000;24232.208873;24232.276738;24232.407816;787173;24816;151154;19;1890;24816;27020;100.000;0.770;0.835;580.444;623.070;6.485;171752;160877;151154;0.185;0.109;0.067;2.517;1.681;0.427;37.168;35.421;131.052;131.078;127.206;28.356;27.846;1.705;0.196;0.257;67.865;198.943;131.474;33.330;0.003;1.686;0.000;0.026;0.001;10;32.971;124.661;4;0;0;0;0;0;0;0
126;1;1;1;0.000000;0.000000;1.000000;24232.241677;24232.309177;24232.443999;776279;26132;149098;20;1864;26132;28452;100.000;0.709;0.770;572.549;614.588;6.828;169862;159758;149098;0.179;0.108;0.067;2.021;1.401;0.084;40.371;38.904;134.795;134.822;131.223;29.944;29.647;1.376;0.194;0.097;67.500;202.322;134.323;32.439;0.894;1.637;0.000;0.027;0.000;14;36.950;129.174;3;0;0;0;0;0;0;0
127;1;1;1;0.000000;0.000000;1.000000;24232.275498;24232.346229;24232.475343;773912;27824;146584;22;1833;27824;30376;100.000;0.865;0.942;562.895;604.235;7.290;165488;156437;146584;0.182;0.106;0.067;2.297;1.801;0.453;34.746;32.878;129.088;129.113;125.099;26.911;26.282;1.662;0.191;0.089;70.731;199.845;132.334;37.052;3.719;1.767;0.000;0.025;0.000;13;30.648;122.775;3;0;0;0;0;0;0;0
128;1;1;1;0.000000;0.000000;1.000000;24232.308828;24232.378702;24232.512258;773302;28576;144802;22;1811;28576;31128;100.000;0.785;0.852;556.052;596.896;7.471;162494;154458;144802;0.185;0.108;0.065;2.075;0.970;0.057;41.016;39.982;133.498;133.557;130.379;30.711;30.666;1.405;0.191;0.123;69.874;203.431;135.916;32.472;0.861;1.710;0.000;0.059;0.000;21;37.971;128.243;2;0;0;0;0;0;0;0
129;1;1;1;0.000000;0.000000;1.000000;24232.342181;24232.415346;24232.541225;777001;28576;143780;22;1798;28576;31128;100.000;0.911;0.989;552.128;592.678;7.471;160101;152462;143780;0.182;0.109;0.065;2.284;1.322;0.080;32.125;30.738;125.824;125.879;122.466;25.521;25.099;1.635;0.188;0.106;73.165;199.044;131.549;36.644;3.311;1.810;0.000;0.055;0.001;21;28.519;120.125;2;0;0;0;0;0;0;0
130;1;1;1;0.000000;0.000000;1.000000;24232.375566;24232.446956;24232.574098;783174;27636;143698;21;1797;27636;30072;100.000;749.142;812.589;551.813;592.341;7.217;159290;151847;143698;0.229;0.112;0.069;3.057;1.602;0.434;36.486;34.815;127.090;127.143;123.460;28.697;28.200;1.420;0.187;1.042;71.390;198.532;131.089;31.610;1.724;1.805;0.000;0.053;0.000;21;31.827;120.349;1;0;0;0;0;0;0;0
131;1;1;1;0.000000;0.000000;1.000000;24232.408861;24232.484743;24232.607165;786108;27824;144598;22;1808;27824;30376;100.000;1.051;1.144;555.269;596.045;7.290;160025;152623;144598;0.178;0.109;0.066;2.764;1.321;0.082;37.655;36.268;122.391;122.422;118.961;30.758;30.487;1.805;0.189;0.418;75.882;198.304;130.823;37.787;4.454;1.971;0.000;0.031;0.000;12;33.569;116.156;3;0;0;0;0;0;0;0
132;1;1;1;0.000000;0.000000;1.000000;24232.441691;24232.511299;24232.641250;785622;27448;144478;21;1806;27448;29884;100.000;0.881;0.956;554.808;595.539;7.172;159588;152365;144478;0.184;0.108;0.065;3.487;1.632;0.421;38.216;36.519;129.911;129.952;126.228;29.408;28.931;1.812;0.188;1.131;69.607;199.559;131.575;26.556;6.778;2.271;0.000;0.040;0.000;21;33.097;122.699;2;0;0;0;0;0;0;0
133;1;1;1;0.000000;0.000000;1.000000;24232.475655;24232.542634;24232.674408;787265;26696;143954;21;1800;26696;29132;100.000;0.795;0.864;552.796;593.391;6.992;157879;151174;143954;0.178;0.108;0.066;2.274;1.343;0.084;38.295;36.886;131.761;131.773;128.360;29.061;28.736;1.637;0.188;0.099;66.979;198.753;131.399;31.336;1.998;2.254;0.000;0.012;0.000;14;34.677;126.072;4;0;0;0;0;0;0;0
134;1;1;1;0.000000;0.000000;1.000000;24232.508811;24232.576426;24232.711916;787734;26508;143904;21;1799;26508;28944;100.000;0.792;0.862;552.604;593.177;6.947;157027;150535;143904;0.179;0.108;0.065;2.046;1.118;0.118;40.987;39.804;135.450;135.491;132.166;30.251;30.117;1.399;0.188;0.108;67.615;203.105;135.574;33.792;0.458;2.142;0.000;0.041;0.000;14;37.823;130.078;4;0;0;0;0;0;0;0
135;1;1;1;0.000000;0.000000;1.000000;24232.542237;24232.610089;24232.741018;786766;28012;143596;22;1795;28012;30564;100.000;0.787;0.855;551.421;591.904;7.335;156063;149876;143596;0.186;0.107;0.066;2.260;1.680;0.437;32.372;30.626;130.908;130.929;127.152;24.725;24.086;1.613;0.187;0.102;67.852;198.782;131.342;33.663;0.330;2.028;0.000;0.022;0.001;10;28.431;124.868;3;0;0;0;0;0;0;0
136;1;1;1;0.000000;0.000000;1.000000;24232.575525;24232.645985;24232.774293;787622;130660;141136;100;1765;130660;142260;100.000;3.501;3.809;541.975;581.781;34.142;176546;153233;141136;0.186;0.106;0.063;3.288;1.303;0.077;37.264;35.898;128.239;128.308;124.960;29.043;28.727;1.811;0.184;0.937;70.460;198.768;131.284;35.896;2.563;2.062;0.000;0.070;0.000;34;32.673;121.602;6;0;0;0;0;0;0;0
137;1;1;1;0.000000;0.000000;1.000000;24232.608856;24232.683492;24232.807455;784509;31960;139854;25;1749;31960;34860;100.000;1.173;1.276;537.052;576.497;8.366;165368;150562;139854;0.187;0.105;0.065;2.738;1.602;0.425;37.695;36.029;123.906;123.963;120.261;30.409;29.959;1.807;0.182;0.392;74.636;198.599;131.112;37.507;4.174;2.194;0.000;0.057;0.000;24;33.356;117.466;2;0;0;0;0;0;0;0
138;1;1;1;0.000000;0.000000;1.000000;24232.642172;24232.710815;24232.840620;782962;26884;141162;21;1765;26884;29320;100.000;0.840;0.913;542.075;581.880;7.037;162866;151609;141162;0.185;0.106;0.065;3.578;1.281;0.078;37.475;36.129;129.776;129.805;126.397;28.870;28.584;1.813;0.186;1.223;68.643;198.448;130.944;27.323;6.010;2.432;0.000;0.029;0.000;20;32.616;122.789;2;0;0;0;0;0;0;0
139;1;1;1;0.000000;0.000000;1.000000;24232.675563;24232.743020;24232.873868;785441;27448;143262;21;1791;27448;29884;100.000;0.825;0.896;550.139;590.531;7.172;162821;152291;143262;0.182;0.108;0.065;2.873;1.595;0.414;38.167;36.508;130.804;130.847;127.189;29.169;28.703;1.807;0.186;0.526;67.458;198.305;130.859;32.205;1.128;2.351;0.000;0.043;0.000;20;33.699;124.271;2;0;0;0;0;0;0;0
140;1;1;1;0.000000;0.000000;1.000000;24232.708542;24232.776478;24232.907698;786857;26508;145806;21;1823;26508;28944;100.000;0.816;0.888;559.908;601.022;6.947;163653;154012;145806;0.182;0.108;0.066;3.371;1.360;0.080;38.242;36.816;131.179;131.220;127.742;29.143;28.820;1.807;0.189;1.019;67.936;199.156;131.355;33.457;0.124;2.212;0.000;0.041;0.000;13;33.510;124.329;5;0;0;0;0;0;0;0
141;1;1;1;0.000000;0.000000;1.000000;24232.742247;24232.809161;24232.942482;786209;29328;147146;23;1840;29328;31996;100.000;0.881;0.958;565.053;606.551;7.679;163751;154357;147146;0.191;0.108;0.067;4.590;1.708;0.435;39.272;37.497;133.264;133.321;129.254;29.457;29.011;1.650;1.214;1.360;66.914;200.235;132.806;32.684;0.650;2.114;0.000;0.057;0.001;22;32.974;124.606;2;0;0;0;0;0;0;0
142;1;1;1;0.000000;0.000000;1.000000;24232.775529;24232.842639;24232.974455;785895;30832;147490;24;1844;30832;33616;100.000;0.944;1.027;566.374;607.962;8.068;163298;155347;147490;0.187;0.108;0.067;2.013;1.351;0.083;38.500;37.082;131.759;131.816;128.353;29.208;28.891;1.363;0.192;0.097;67.109;198.925;131.446;33.477;0.144;1.991;0.000;0.057;0.000;23;35.136;126.268;2;0;0;0;0;0;0;0
143;1;1;1;0.000000;0.000000;1.000000;24232.808815;24232.875501;24233.011902;783109;31208;146146;24;1827;31208;33992;100.000;0.915;0.994;561.213;602.418;8.158;161136;153355;146146;0.184;0.107;0.066;2.024;1.257;0.074;40.774;39.451;136.371;136.402;132.998;29.893;29.663;1.382;0.190;0.095;66.686;203.087;135.560;32.862;0.472;1.896;0.000;0.031;0.000;16;37.493;130.942;3;0;0;0;0;0;0;0
144;1;1;1;0.000000;0.000000;1.000000;24232.842160;24232.909801;24233.042335;783994;32148;145218;25;1816;32148;35048;100.000;0.893;0.971;557.650;598.606;8.412;159936;152700;145218;0.179;0.108;0.067;2.359;1.689;0.480;33.660;31.904;132.474;132.534;128.647;25.397;24.800;1.728;0.188;0.090;67.641;200.175;132.660;34.301;0.968;1.838;0.000;0.060;0.000;24;29.612;126.227;2;0;0;0;0;0;0;0
145;1;1;1;0.000000;0.000000;1.000000;24232.875612;24232.946013;24233.077418;785959;31208;144768;24;1810;31208;33992;100.000;0.828;0.899;555.922;596.743;8.158;159233;151708;144768;0.179;0.108;0.065;2.011;1.383;0.076;39.200;37.752;131.376;131.405;127.897;29.831;29.518;1.376;0.188;0.095;70.401;201.806;134.409;36.211;2.878;1.903;0.000;0.029;0.000;16;35.806;125.855;3;0;0;0;0;0;0;0
146;1;1;1;0.000000;0.000000;1.000000;24232.908992;24232.983913;24233.108642;789030;31020;145716;24;1822;31020;33804;100.000;1.058;1.150;559.562;600.654;8.113;159772;152938;145716;0.186;0.107;0.065;3.012;1.661;0.423;34.629;32.904;124.697;124.729;120.957;27.763;27.203;1.821;0.189;0.645;74.921;199.651;132.300;37.900;4.567;2.069;0.000;0.033;0.000;14;29.956;117.910;3;0;0;0;0;0;0;0
147;1;1;1;0.000000;0.000000;1.000000;24232.942350;24233.013490;24233.140752;794594;31772;147238;25;1841;31772;34672;100.000;0.896;0.975;565.406;606.927;8.321;161190;154325;147238;0.178;0.106;0.066;2.551;1.345;0.086;36.769;35.359;127.203;127.262;123.794;28.893;28.563;1.808;0.191;0.202;71.140;198.402;131.076;29.577;3.756;2.175;0.000;0.059;0.000;19;32.874;121.183;4;0;0;0;0;0;0;0
148;1;1;1;0.000000;0.000000;1.000000;24232.975777;24233.049166;24233.174487;797998;30456;146864;24;1836;30456;33240;100.000;1.084;1.180;563.970;605.378;7.978;160800;154144;146864;0.181;0.108;0.066;2.535;1.626;0.422;37.581;35.889;125.283;125.321;121.524;29.988;29.532;1.816;0.192;0.174;73.390;198.710;131.478;35.676;2.343;2.185;0.000;0.038;0.000;14;33.419;118.950;3;0;0;0;0;0;0;0
149;1;1;1;0.000000;0.000000;1.000000;24233.008696;24233.077453;24233.207661;798639;30644;147738;24;1847;30644;33428;100.000;0.927;1.009;567.326;608.982;8.023;161813;155104;147738;0.186;0.109;0.067;2.963;1.360;0.081;37.370;35.943;130.171;130.209;126.715;28.700;28.366;1.816;0.191;0.595;68.757;198.966;131.319;28.286;5.047;2.364;0.000;0.038;0.000;19;33.047;123.713;4;0;0;0;0;0;0;0
150;1;1;1;0.000000;0.000000;1.000000;24233.042403;24233.110680;24233.240850;796693;30644;148090;24;1852;30644;33428;100.000;0.929;1.010;568.678;610.447;8.023;161862;155335;148090;0.184;0.108;0.067;2.469;1.673;0.434;37.512;35.772;130.116;130.170;126.367;28.818;28.308;1.824;0.192;0.095;68.277;198.447;131.174;33.227;0.106;2.223;0.000;0.053;0.000;14;33.370;123.843;4;0;0;0;0;0;0;0
151;1;1;1;0.000000;0.000000;1.000000;24233.075155;24233.143866;24233.274971;794717;137616;147952;105;1850;137616;149796;100.000;4.149;4.513;568.148;609.872;35.951;182724;160766;147952;0.185;0.106;0.068;3.353;1.388;0.083;38.161;36.706;131.090;131.105;127.487;29.107;28.792;1.803;0.192;0.998;68.711;199.817;131.962;33.186;0.147;2.093;0.000;0.015;0.000;46;33.420;124.118;6;0;0;0;0;0;0;0
152;1;1;1;0.000000;0.000000;1.000000;24233.109059;24233.177139;24233.308155;792861;28576;148152;22;1852;28576;31128;100.000;0.862;0.936;568.916;610.685;7.471;177426;162397;148152;0.227;0.109;0.067;3.050;1.652;0.418;37.933;36.215;130.993;131.016;127.154;28.953;28.481;1.826;0.194;0.627;68.080;199.096;131.813;33.273;0.060;1.966;0.000;0.023;0.000;15;33.231;124.070;4;0;0;0;0;0;0;0
153;1;1;1;0.000000;0.000000;1.000000;24233.142319;24233.210465;24233.341244;792789;23688;147662;18;1846;23688;25776;100.000;0.720;0.780;567.035;608.668;6.186;172400;160692;147662;0.179;0.109;0.066;2.883;1.355;0.079;37.856;36.436;130.742;130.778;127.283;28.947;28.626;1.813;0.192;0.525;68.146;198.924;131.568;33.326;0.007;1.844;0.000;0.036;0.000;17;33.619;124.362;2;0;0;0;0;0;0;0
154;1;1;1;0.000000;0.000000;1.000000;24233.175642;24233.243569;24233.374909;792309;23124;147945;18;1850;23124;25212;100.000;0.683;0.742;568.121;609.845;6.051;170339;159188;147945;0.181;0.106;0.068;3.090;1.382;0.084;37.805;36.356;131.318;131.340;127.723;28.784;28.465;1.811;0.192;0.731;67.927;199.266;131.900;33.104;0.230;1.743;0.000;0.022;0.000;10;33.334;124.610;4;0;0;0;0;0;0;0
155;1;1;1;0.000000;0.000000;1.000000;24233.208977;24233.277627;24233.408987;791925;25004;147762;19;1848;25004;27208;100.000;741.889;804.452;567.419;609.097;6.530;168591;158413;147762;0.180;0.108;0.067;2.547;1.585;0.459;38.478;36.827;131.319;131.360;127.471;29.292;28.891;1.810;0.193;0.190;68.651;200.010;132.645;34.058;0.725;1.679;0.000;0.041;0.000;19;34.347;124.882;1;0;0;0;0;0;0;0
156;1;1;1;0.000000;0.000000;1.000000;24233.242345;24233.311702;24233.443356;793795;28764;148592;22;1858;28764;31316;100.000;0.885;0.961;570.606;612.510;7.516;167879;158079;148592;0.185;0.109;0.067;2.826;1.262;0.076;38.344;37.015;131.622;131.654;127.934;29.125;28.933;1.861;0.195;0.409;69.356;201.010;133.680;34.074;0.741;1.621;0.000;0.032;0.000;12;34.256;125.075;3;0;0;0;0;0;0;0
157;1;1;1;0.000000;0.000000;1.000000;24233.275711;24233.344373;24233.480645;793460;28012;148650;22;1859;28012;30564;100.000;0.838;0.912;570.828;612.755;7.335;166756;157719;148650;0.184;0.109;0.066;2.053;1.864;0.298;41.528;39.599;136.251;136.272;132.104;30.475;29.976;1.391;0.195;0.110;68.662;204.934;137.636;32.672;0.661;1.561;0.000;0.021;0.000;12;37.611;130.028;4;0;0;0;0;0;0;0
158;1;1;1;0.000000;0.000000;1.000000;24233.308984;24233.377981;24233.514285;795527;28200;147554;22;1845;28200;30752;100.000;0.835;0.907;566.620;608.231;7.380;165007;157250;147554;0.186;0.109;0.066;2.045;2.079;0.570;37.505;35.361;136.293;136.304;131.872;27.516;26.814;1.386;0.191;0.108;68.997;205.301;137.943;33.608;0.274;1.480;0.000;0.011;0.000;19;33.381;129.814;3;0;0;0;0;0;0;0
159;1;1;1;0.000000;0.000000;1.000000;24233.342416;24233.411984;24233.542624;798776;29516;146024;23;1826;29516;32184;100.000;0.756;0.822;560.745;601.927;7.724;161999;154480;146024;0.179;0.106;0.066;2.037;1.378;0.081;32.673;31.229;130.587;130.639;127.123;25.010;24.566;1.387;0.190;0.109;69.568;200.208;132.948;34.003;0.670;1.430;0.000;0.052;0.000;22;29.258;125.031;2;0;0;0;0;0;0;0
160;1;1;1;0.000000;0.000000;1.000000;24233.375694;24233.451305;24233.575594;799362;29328;143192;23;1790;29328;31996;100.000;1.049;1.141;549.870;590.240;7.679;158153;151021;143192;0.182;0.105;0.066;3.514;1.660;0.450;36.428;34.702;124.239;124.290;120.536;29.309;28.790;1.806;0.186;1.169;75.610;199.900;132.585;39.320;5.987;1.714;0.000;0.050;0.000;22;31.254;116.970;2;0;0;0;0;0;0;0
161;1;1;1;0.000000;0.000000;1.000000;24233.408943;24233.484199;24233.607598;789777;28952;141480;22;1769;28952;31504;100.000;622.814;675.659;543.296;583.192;7.561;156114;149118;141480;0.180;0.105;0.065;3.158;1.300;0.082;37.142;35.778;123.345;123.400;119.972;30.099;29.822;1.826;0.184;0.798;75.255;198.655;131.256;32.894;0.439;1.635;0.000;0.054;0.000;22;32.685;116.759;1;0;0;0;0;0;0;0
162;1;1;1;0.000000;0.000000;1.000000;24233.441806;24233.512682;24233.641215;790930;28388;139820;22;1748;28388;30940;100.000;0.938;1.019;536.921;576.344;7.426;154224;147472;139820;0.184;0.104;0.063;3.142;1.586;0.417;38.151;36.502;128.477;128.533;124.909;29.682;29.223;1.808;0.181;0.800;70.876;199.409;131.539;28.484;4.849;1.836;0.000;0.056;0.000;21;33.423;121.700;2;0;0;0;0;0;0;0
163;1;1;1;0.000000;0.000000;1.000000;24233.475552;24233.543152;24233.674199;793734;29328;138532;23;1732;29328;31996;100.000;0.895;0.973;531.975;571.037;7.679;152207;145442;138532;0.187;0.107;0.062;3.281;1.269;0.077;37.733;36.401;130.993;131.046;127.763;28.794;28.491;1.804;0.181;0.940;67.600;198.646;131.190;30.470;2.863;1.900;0.000;0.054;0.000;20;33.183;124.427;3;0;0;0;0;0;0;0
164;1;1;1;0.000000;0.000000;1.000000;24233.508872;24233.576110;24233.707532;792883;29516;138018;23;1726;29516;32184;100.000;0.881;0.958;530.002;568.928;7.724;151597;145064;138018;0.185;0.106;0.063;2.349;1.576;0.415;37.889;36.250;131.367;131.422;127.841;28.830;28.356;1.720;0.180;0.094;67.239;198.661;131.190;32.958;0.376;1.805;0.000;0.055;0.001;22;33.964;125.435;2;0;0;0;0;0;0;0
165;1;1;1;0.000000;0.000000;1.000000;24233.542256;24233.609790;24233.740768;791299;30832;138142;24;1727;30832;33616;100.000;0.919;0.999;530.478;569.426;8.068;151249;144790;138142;0.182;0.105;0.063;2.669;1.271;0.082;37.090;35.755;130.921;130.979;127.635;28.318;28.014;1.814;0.184;0.320;67.534;198.513;131.093;33.679;0.346;1.713;0.000;0.058;0.000;23;33.150;124.906;2;0;0;0;0;0;0;0
166;1;1;1;0.000000;0.000000;1.000000;24233.575676;24233.643569;24233.774202;789485;132728;138460;101;1731;132728;144444;100.000;3.916;4.259;531.699;570.738;34.667;172621;150718;138460;0.181;0.105;0.065;2.867;1.052;0.067;37.271;36.154;130.572;130.633;127.408;28.531;28.377;1.812;0.181;0.524;67.893;198.526;131.192;33.779;0.446;1.634;0.000;0.061;0.000;25;33.352;124.479;9;0;0;0;0;0;0;0
167;1;1;1;0.000000;0.000000;1.000000;24233.608956;24233.677562;24233.808488;789977;29328;138716;23;1734;29328;31996;100.000;0.892;0.970;532.682;571.788;7.679;165456;151144;138716;0.185;0.103;0.065;2.519;1.598;0.440;38.342;36.680;130.897;130.926;127.295;29.285;28.815;1.810;0.180;0.176;68.606;199.532;132.146;33.994;0.660;1.573;0.000;0.029;0.000;15;34.226;124.746;3;0;0;0;0;0;0;0
168;1;1;1;0.000000;0.000000;1.000000;24233.642270;24233.710629;24233.840760;791598;25192;139622;20;1746;25192;27512;100.000;0.765;0.833;536.161;575.538;6.603;164403;152065;139622;0.186;0.106;0.063;2.887;1.283;0.077;36.313;34.967;130.120;130.131;126.743;27.905;27.589;1.809;0.182;0.541;68.358;198.490;131.084;33.066;0.267;1.492;0.000;0.012;0.000;16;32.143;123.843;3;0;0;0;0;0;0;0
169;1;1;1;0.000000;0.000000;1.000000;24233.675625;24233.743723;24233.874731;795034;25192;139918;20;1749;25192;27512;100.000;0.758;0.825;537.298;576.743;6.603;164427;153112;139918;0.179;0.106;0.063;2.651;1.627;0.427;38.202;36.511;130.989;131.008;127.339;29.160;28.672;1.805;0.182;0.315;68.098;199.106;131.722;33.094;0.240;1.413;0.000;0.019;0.000;7;33.924;124.668;4;0;0;0;0;0;0;0
170;1;1;1;0.000000;0.000000;1.000000;24233.708941;24233.777161;24233.907320;794863;25756;140286;20;1754;25756;28076;100.000;0.768;0.834;538.711;578.268;6.738;162948;152059;140286;0.182;0.106;0.065;2.568;1.249;0.078;36.658;35.345;130.126;130.159;126.663;28.164;27.905;1.806;0.182;0.226;68.220;198.379;130.978;33.439;0.105;1.332;0.000;0.033;0.000;12;32.842;124.060;3;0;0;0;0;0;0;0
171;1;1;1;0.000000;0.000000;1.000000;24233.742307;24233.810891;24233.940676;794885;27072;141226;21;1766;27072;29508;100.000;0.822;0.893;542.320;582.149;7.082;162112;151948;141226;0.188;0.106;0.065;2.588;1.590;0.421;37.362;35.707;129.761;129.785;126.139;28.788;28.308;1.823;0.184;0.223;68.585;198.370;131.001;33.730;0.397;1.273;0.000;0.024;0.000;13;33.184;123.526;3;0;0;0;0;0;0;0
172;1;1;1;0.000000;0.000000;1.000000;24233.775478;24233.844015;24233.973990;788905;27260;141276;21;1766;27260;29696;100.000;0.821;0.892;542.512;582.341;7.127;160107;150706;141276;0.187;0.105;0.065;2.641;1.292;0.074;37.420;36.064;129.948;129.976;126.569;28.790;28.494;1.808;0.184;0.292;68.537;198.513;130.981;33.123;0.210;1.207;0.000;0.028;0.000;11;33.488;123.890;4;0;0;0;0;0;0;0
173;1;1;1;0.000000;0.000000;1.000000;24233.808962;24233.877398;24234.006850;787376;27448;140380;21;1755;27448;29884;100.000;0.837;0.909;539.072;578.652;7.172;157903;149510;140380;0.186;0.106;0.064;2.576;1.259;0.075;36.881;35.558;129.415;129.452;126.170;28.490;28.183;1.804;0.183;0.234;68.436;197.888;130.507;33.383;0.050;1.135;0.000;0.037;0.000;16;33.046;123.555;4;0;0;0;0;0;0;0
174;1;1;1;0.000000;0.000000;1.000000;24233.842331;24233.910359;24234.041207;791921;28200;138596;22;1733;28200;30752;100.000;0.848;0.922;532.221;571.305;7.380;155770;148219;138596;0.179;0.105;0.065;3.367;1.588;0.446;38.190;36.538;130.839;130.848;127.237;29.187;28.716;1.806;0.180;1.031;68.027;198.875;131.531;32.961;0.373;1.087;0.000;0.009;0.000;14;33.235;123.860;5;0;0;0;0;0;0;0
175;1;1;1;0.000000;0.000000;1.000000;24233.875622;24233.943812;24234.073926;785044;27636;137098;21;1714;27636;30072;100.000;809.293;877.834;526.469;565.124;7.217;153599;146204;137098;0.182;0.105;0.065;3.134;1.249;0.079;37.628;36.314;130.068;130.113;126.798;28.919;28.640;1.804;0.179;0.800;68.190;198.304;130.917;33.454;0.120;1.027;0.000;0.045;0.000;21;33.245;123.618;1;0;0;0;0;0;0;0
176;1;1;1;0.000000;0.000000;1.000000;24233.909083;24233.976799;24234.107544;785759;28012;136788;22;1710;28012;30564;100.000;0.867;0.943;525.278;563.844;7.335;152494;145407;136788;0.187;0.105;0.063;3.044;1.568;0.429;38.076;36.444;130.718;130.744;127.187;29.122;28.654;1.807;0.178;0.703;67.716;198.460;131.201;32.987;0.346;0.984;0.000;0.026;0.000;15;33.464;124.116;3;0;0;0;0;0;0;0
177;1;1;1;0.000000;0.000000;1.000000;24233.942280;24234.009297;24234.140987;782963;28952;136884;22;1712;28952;31504;100.000;0.865;0.938;525.647;564.257;7.561;151939;145000;136884;0.184;0.104;0.063;3.447;1.252;0.075;38.034;36.719;131.643;131.690;128.430;28.882;28.590;1.811;0.178;1.106;67.017;198.707;131.312;32.498;0.835;0.975;0.000;0.048;0.000;21;33.335;124.934;2;0;0;0;0;0;0;0
178;1;1;1;0.000000;0.000000;1.000000;24233.975583;24234.042959;24234.174556;783666;27448;138258;21;1729;27448;29884;100.000;0.828;0.899;530.923;569.917;7.172;152951;145931;138258;0.184;0.105;0.065;3.371;1.277;0.082;38.258;36.916;131.550;131.597;128.304;29.072;28.773;1.810;0.180;1.027;67.376;198.973;131.547;33.662;0.329;0.934;0.000;0.047;0.000;20;33.609;124.884;2;0;0;0;0;0;0;0
179;1;1;1;0.000000;0.000000;1.000000;24234.008909;24234.076299;24234.207779;786714;28012;138600;22;1733;28012;30564;100.000;0.853;0.928;532.236;571.320;7.335;153000;146246;138600;0.181;0.106;0.065;2.526;1.631;0.430;37.823;36.127;131.427;131.480;127.787;28.767;28.272;1.802;0.180;0.193;67.390;198.870;131.437;33.340;0.006;0.876;0.000;0.054;0.000;21;33.666;125.206;2;0;0;0;0;0;0;0
180;1;1;1;0.000000;0.000000;1.000000;24234.042240;24234.109305;24234.240886;787583;26884;139086;21;1739;26884;29320;100.000;0.797;0.866;534.103;573.322;7.037;153281;146453;139086;0.186;0.106;0.065;2.629;1.294;0.087;37.311;35.952;131.534;131.582;128.274;28.356;28.028;1.809;0.181;0.281;67.064;198.646;131.210;33.006;0.328;0.842;0.000;0.048;0.000;20;33.388;125.596;2;0;0;0;0;0;0;0
181;1;1;1;0.000000;0.000000;1.000000;24234.075586;24234.143297;24234.275946;793719;135736;139098;104;1739;135736;147800;100.000;3.964;4.313;534.149;573.368;35.472;175008;151952;139098;0.219;0.105;0.065;4.625;1.631;0.436;38.792;37.097;132.546;132.650;128.818;29.244;28.798;1.643;1.207;1.386;67.710;200.360;132.937;33.992;0.658;0.831;0.000;0.103;0.000;44;32.537;124.088;9;0;0;0;0;0;0;0
182;1;1;1;0.000000;0.000000;1.000000;24234.108901;24234.177645;24234.309708;792329;27260;139598;21;1745;27260;29696;100.000;0.827;0.898;536.069;575.424;7.127;166380;151656;139598;0.186;0.105;0.065;1.988;1.312;0.075;40.085;38.709;132.040;132.063;128.621;30.353;30.095;1.358;0.182;0.092;68.744;200.807;133.365;34.349;1.015;0.842;0.000;0.022;0.000;14;36.785;126.610;4;0;0;0;0;0;0;0
183;1;1;1;0.000000;0.000000;1.000000;24234.142291;24234.210779;24234.341935;801464;21996;141888;17;1774;21996;23968;100.000;0.674;0.731;544.862;584.871;5.752;166117;153419;141888;0.188;0.106;0.066;3.457;1.649;0.447;35.561;33.847;131.135;131.157;127.425;27.114;26.562;1.801;0.185;1.112;68.487;199.644;132.259;33.133;0.200;0.802;0.000;0.022;0.000;6;30.456;123.935;6;0;0;0;0;0;0;0
184;1;1;1;0.000000;0.000000;1.000000;24234.175629;24234.243638;24234.375848;796948;22560;145036;18;1813;22560;24648;100.000;0.598;0.651;556.951;597.840;5.916;166209;155251;145036;0.183;0.108;0.065;1.987;1.373;0.085;38.973;37.535;132.186;132.210;128.712;29.478;29.162;1.352;0.189;0.090;68.009;200.219;132.839;32.859;0.474;0.782;0.000;0.024;0.000;9;35.613;126.700;5;0;0;0;0;0;0;0
185;1;1;1;0.000000;0.000000;1.000000;24234.208990;24234.281615;24234.409912;802598;26696;147102;21;1839;26696;29132;100.000;0.913;0.993;564.884;606.360;6.992;166370;156396;147102;0.183;0.109;0.066;1.999;1.745;0.419;37.385;35.574;128.262;128.297;124.390;29.139;28.599;1.357;0.192;0.093;72.625;200.922;133.569;37.977;4.644;1.023;0.000;0.035;0.000;10;33.641;122.356;4;0;0;0;0;0;0;0
186;1;1;1;0.000000;0.000000;1.000000;24234.242301;24234.311037;24234.441315;797039;28576;149128;22;1865;28576;31128;100.000;0.784;0.851;572.664;614.726;7.471;167755;158367;149128;0.181;0.109;0.066;2.861;1.395;0.086;35.074;33.614;130.220;130.278;126.652;26.922;26.540;1.804;0.194;0.508;68.736;199.014;131.639;29.422;3.912;1.203;0.000;0.058;0.000;21;30.819;123.732;2;0;0;0;0;0;0;0
187;1;1;1;0.000000;0.000000;1.000000;24234.275128;24234.347744;24234.474406;797511;28764;148974;22;1863;28764;31316;100.000;0.862;0.935;572.073;614.089;7.516;167202;158610;148974;0.184;0.109;0.067;2.849;1.384;0.083;37.410;35.959;126.601;126.662;123.113;29.535;29.208;1.802;0.194;0.495;72.616;199.278;131.397;36.708;3.374;1.339;0.000;0.061;0.000;21;33.176;120.201;2;0;0;0;0;0;0;0
188;1;1;1;0.000000;0.000000;1.000000;24234.308386;24234.381388;24234.508287;794879;27260;147856;21;1849;27260;29696;100.000;0.924;1.004;567.780;609.480;7.127;165181;157331;147856;0.179;0.108;0.066;2.793;1.688;0.480;38.125;36.371;126.858;126.899;123.059;30.043;29.556;1.808;0.192;0.441;73.002;199.901;131.945;33.644;0.310;1.275;0.000;0.041;0.000;11;33.644;120.224;3;0;0;0;0;0;0;0
189;1;1;1;0.000000;0.000000;1.000000;24234.342297;24234.411058;24234.541036;793590;27824;145718;22;1822;27824;30376;100.000;0.837;0.911;559.570;600.661;7.290;162300;155107;145718;0.179;0.106;0.066;2.947;1.336;0.081;37.193;35.791;129.955;129.977;126.455;28.615;28.304;1.802;0.190;0.603;68.762;198.739;131.360;29.671;3.663;1.424;0.000;0.022;0.000;11;32.909;123.484;4;0;0;0;0;0;0;0
190;1;1;1;0.000000;0.000000;1.000000;24234.375521;24234.444464;24234.574570;788938;28200;143848;22;1799;28200;30752;100.000;0.859;0.934;552.389;592.962;7.380;159502;152610;143848;0.179;0.108;0.066;2.722;1.649;0.443;37.918;36.204;130.084;130.107;126.374;29.144;28.648;1.815;0.187;0.368;68.942;199.049;131.561;33.405;0.072;1.340;0.000;0.022;0.000;15;33.547;123.628;4;0;0;0;0;0;0;0
191;1;1;1;0.000000;0.000000;1.000000;24234.408430;24234.477471;24234.608263;784846;27824;142800;22;1785;27824;30376;100.000;0.847;0.922;548.364;588.622;7.290;157717;150837;142800;0.185;0.108;0.065;3.118;1.330;0.078;38.059;36.665;130.769;130.792;127.376;29.099;28.785;1.804;0.185;0.772;69.041;199.833;131.921;33.007;0.326;1.276;0.000;0.023;0.000;14;33.612;124.235;3;0;0;0;0;0;0;0
192;1;1;1;0.000000;0.000000;1.000000;24234.442315;24234.510499;24234.641392;788004;28012;142404;22;1781;28012;30564;100.000;0.842;0.916;546.844;587.011;7.335;156979;150370;142404;0.178;0.106;0.065;2.981;1.390;0.426;37.467;36.012;130.842;130.893;127.310;28.624;28.287;1.821;0.185;0.625;68.184;199.077;131.716;33.028;0.306;1.216;0.000;0.051;0.000;21;33.096;124.277;2;0;0;0;0;0;0;0
193;1;1;1;0.000000;0.000000;1.000000;24234.475672;24234.543950;24234.675320;795964;26320;142560;20;1782;26320;28640;100.000;605.329;656.491;547.443;587.632;6.874;156673;150142;142560;0.182;0.106;0.066;3.580;1.347;0.079;38.322;36.909;131.347;131.370;127.866;29.171;28.866;1.804;0.185;1.237;68.278;199.648;132.311;33.451;0.118;1.147;0.000;0.023;0.000;13;33.395;124.252;2;0;0;0;0;0;0;0
194;1;1;1;0.000000;0.000000;1.000000;24234.508975;24234.577185;24234.711396;799207;27072;143286;21;1792;27072;29508;100.000;0.823;0.894;550.231;590.646;7.082;157077;150628;143286;0.180;0.106;0.067;2.018;1.132;0.077;41.022;39.823;134.189;134.211;130.944;30.565;30.412;1.383;0.186;0.096;68.210;202.422;135.054;33.235;0.098;1.081;0.000;0.023;0.000;15;37.872;128.902;3;0;0;0;0;0;0;0
195;1;1;1;0.000000;0.000000;1.000000;24234.542331;24234.610273;24234.742512;799402;28012;144392;22;1805;28012;30564;100.000;0.827;0.900;554.478;595.186;7.335;158070;151790;144392;0.184;0.108;0.065;3.412;1.738;0.467;34.295;32.492;132.197;132.238;128.398;25.935;25.306;1.818;0.187;1.049;67.943;200.181;132.836;33.089;0.245;1.029;0.000;0.041;0.000;20;29.146;124.944;2;0;0;0;0;0;0;0
196;1;1;1;0.000000;0.000000;1.000000;24234.575704;24234.644351;24234.774763;800483;135548;145043;103;1814;135548;147496;100.000;284.575;309.458;556.978;597.889;35.399;179847;157023;145043;0.184;0.108;0.066;3.052;1.349;0.084;37.325;35.911;130.395;130.412;126.887;28.621;28.301;1.807;0.188;0.700;68.648;199.059;131.754;34.078;0.745;1.011;0.000;0.016;0.000;45;32.924;123.818;5;0;0;0;0;0;0;0
197;1;1;1;0.000000;0.000000;1.000000;24234.609170;24234.683348;24234.808325;798336;27072;145944;21;1825;27072;29508;100.000;1.009;1.096;560.437;601.597;7.082;172995;158276;145944;0.186;0.108;0.066;3.194;1.672;0.454;38.018;36.280;124.924;124.977;121.187;30.420;29.937;1.806;0.190;0.838;74.179;199.156;131.983;38.997;5.664;1.302;0.000;0.053;0.000;14;33.152;117.938;3;0;0;0;0;0;0;0
198;1;1;1;0.000000;0.000000;1.000000;24234.642134;24234.710275;24234.841865;798454;21808;146568;17;1833;21808;23780;100.000;0.661;0.718;562.834;604.174;5.707;170827;158420;146568;0.185;0.108;0.066;3.243;1.381;0.083;38.383;36.936;131.560;131.590;128.070;29.168;28.840;1.809;0.190;0.885;68.141;199.731;132.189;26.927;6.407;1.621;0.000;0.029;0.000;16;33.759;124.797;2;0;0;0;0;0;0;0
199;1;1;1;0.000000;0.000000;1.000000;24234.675709;24234.743454;24234.875871;800770;21432;147434;17;1843;21432;23404;100.000;0.631;0.686;566.159;607.725;5.617;169635;158510;147434;0.181;0.108;0.066;2.222;1.720;0.453;38.535;36.749;132.377;132.418;128.466;29.101;28.606;1.584;0.191;0.092;67.745;200.162;132.862;33.178;0.155;1.530;0.000;0.041;0.000;16;34.592;126.202;2;0;0;0;0;0;0;0
200;1;1;1;0.000000;0.000000;1.000000;24234.708611;24234.777646;24234.912485;802378;24252;148866;19;1861;24252;26456;100.000;0.715;0.777;571.658;613.630;6.349;169695;159762;148866;0.186;0.108;0.066;2.037;1.220;0.072;40.602;39.316;134.821;134.839;131.437;30.111;29.912;1.386;0.194;0.098;69.035;203.874;136.142;34.192;0.859;1.488;0.000;0.018;0.000;13;37.344;129.380;3;0;0;0;0;0;0;0
201;1;1;1;0.000000;0.000000;1.000000;24234.742348;24234.811767;24234.942212;805285;27072;150350;21;1880;27072;29508;100.000;0.773;0.839;577.356;619.757;7.082;169670;160273;150350;0.180;0.109;0.067;2.736;1.729;0.439;32.958;31.163;130.415;130.446;126.512;25.266;24.633;1.817;0.195;0.369;69.419;199.865;132.537;34.121;0.787;1.444;0.000;0.031;0.000;15;28.494;123.743;3;0;0;0;0;0;0;0
202;1;1;1;0.000000;0.000000;1.000000;24234.775710;24234.847088;24234.974778;803318;27636;152012;21;1901;27636;30072;100.000;410.518;445.286;583.739;626.613;7.217;170658;161985;152012;0.181;0.109;0.068;3.088;1.424;0.086;37.034;35.543;127.648;127.690;124.067;29.003;28.648;1.806;0.197;0.728;71.378;199.068;131.769;35.321;1.988;1.478;0.000;0.042;0.000;11;32.522;120.936;2;0;0;0;0;0;0;0
203;1;1;1;0.000000;0.000000;1.000000;24234.808998;24234.885386;24235.009600;802036;29328;152816;23;1911;29328;31996;100.000;1.136;1.236;586.826;629.926;7.679;170739;162598;152816;0.189;0.110;0.068;4.616;1.781;0.428;39.072;37.224;124.169;124.214;119.996;31.455;31.021;1.657;1.218;1.375;76.388;200.602;133.257;38.298;4.965;1.696;0.000;0.045;0.000;16;32.675;115.313;4;0;0;0;0;0;0;0
204;1;1;1;0.000000;0.000000;1.000000;24234.842398;24234.911283;24235.045866;810228;28200;152942;22;1912;28200;30752;100.000;0.886;0.963;587.310;630.432;7.380;169990;162533;152942;0.183;0.109;0.067;2.045;1.325;0.081;42.846;41.455;134.546;134.583;131.009;31.836;31.642;1.387;0.199;0.101;68.884;203.467;136.190;25.897;7.436;2.055;0.000;0.037;0.000;21;39.476;128.925;2;0;0;0;0;0;0;0
205;1;1;1;0.000000;0.000000;1.000000;24234.875637;24234.943305;24235.075414;808185;26508;152382;21;1905;26508;28944;100.000;0.791;0.860;585.159;628.124;6.947;169252;161945;152382;0.186;0.110;0.068;2.588;1.776;0.445;32.953;31.110;132.061;132.109;128.121;24.944;24.281;1.810;0.198;0.217;67.668;199.776;132.405;32.022;1.311;2.008;0.000;0.048;0.000;18;28.589;125.484;3;0;0;0;0;0;0;0
206;1;1;1;0.000000;0.000000;1.000000;24234.908791;24234.977024;24235.108664;815223;27636;150790;21;1885;27636;30072;100.000;512.208;555.588;579.046;621.559;7.217;166568;159246;150790;0.182;0.108;0.067;3.654;1.423;0.086;37.564;36.075;131.604;131.640;127.958;28.536;28.193;1.809;0.196;1.292;68.233;199.873;132.322;33.719;0.386;1.907;0.000;0.035;0.000;11;32.488;124.268;3;0;0;0;0;0;0;0
207;1;1;1;0.000000;0.000000;1.000000;24234.942406;24235.017945;24235.141623;799426;27636;149044;21;1864;27636;30072;100.000;1.042;1.131;572.341;614.381;7.217;164036;157346;149044;0.184;0.106;0.066;2.569;1.378;0.086;38.111;36.667;123.614;123.678;120.118;30.814;30.526;1.806;0.194;0.212;75.539;199.217;131.948;40.921;7.587;2.262;0.000;0.065;0.000;20;34.163;117.483;2;0;0;0;0;0;0;0
208;1;1;1;0.000000;0.000000;1.000000;24234.975663;24235.044555;24235.178740;790320;27260;147638;21;1846;27260;29696;100.000;0.833;0.904;566.942;608.576;7.127;161715;155424;147638;0.179;0.106;0.066;2.231;1.581;0.465;40.963;39.316;134.154;134.185;130.323;30.527;30.168;1.535;0.231;0.114;68.892;203.077;135.731;26.610;6.724;2.541;0.000;0.032;0.000;20;37.150;128.058;2;0;0;0;0;0;0;0
209;1;1;1;0.000000;0.000000;1.000000;24235.008621;24235.077473;24235.229975;795945;26884;145656;21;1821;26884;29320;100.000;0.763;0.829;559.332;600.401;7.037;159409;153160;145656;0.188;0.109;0.066;2.133;0.938;0.057;55.204;54.201;152.453;152.501;149.443;36.199;36.268;1.471;0.191;0.109;68.852;221.354;153.632;32.918;0.415;2.408;0.000;0.049;0.000;20;52.133;147.260;2;0;0;0;0;0;0;0
210;1;1;1;0.000000;0.000000;1.000000;24235.042022;24235.112915;24235.257348;792891;28200;144144;22;1802;28200;30752;100.000;0.714;0.776;553.525;594.166;7.380;157456;151047;144144;0.180;0.106;0.063;2.825;1.303;0.229;30.127;28.760;144.379;144.434;140.696;20.858;20.441;2.033;0.294;0.147;70.893;215.327;147.673;35.442;2.108;2.389;0.000;0.054;0.001;17;25.998;137.814;4;0;0;0;0;0;0;0
211;1;1;1;0.000000;0.000000;1.000000;24235.075762;24235.152638;24235.287560;797320;136300;143206;104;1791;136300;148364;100.000;2.871;3.123;549.924;590.316;35.607;179073;155570;143206;0.178;0.105;0.063;2.799;1.930;0.720;33.991;31.998;134.902;134.922;130.214;25.193;24.573;2.085;0.241;0.125;76.876;211.798;144.551;39.723;6.390;2.639;0.000;0.020;0.001;50;29.262;127.393;6;0;0;0;0;0;0;0
212;1;1;1;0.000000;0.000000;1.000000;24235.109079;24235.200213;24235.311047;805214;27072;142122;21;1777;27072;29508;100.000;1.506;1.636;545.761;585.838;7.082;167724;153853;142122;0.180;0.108;0.065;2.544;1.318;0.082;28.855;27.472;110.801;110.834;107.382;26.034;25.584;1.895;0.186;0.110;91.134;201.968;134.704;47.575;14.241;3.364;0.000;0.033;0.001;12;24.993;104.803;3;0;0;0;0;0;0;0
213;1;1;1;0.000000;0.000000;1.000000;24235.142359;24235.225081;24235.346559;797126;20868;141596;16;1770;20868;22724;100.000;0.879;0.953;543.741;583.660;5.454;165846;153977;141596;0.185;0.106;0.065;2.026;1.778;0.324;39.438;37.595;121.418;121.478;117.643;32.465;31.957;1.386;0.184;0.100;82.722;204.200;136.883;24.869;8.465;3.683;0.000;0.060;0.001;15;35.634;115.544;2;0;0;0;0;0;0;0
214;1;1;1;0.000000;0.000000;1.000000;24235.176553;24235.256053;24235.381148;803136;17484;141814;14;1773;17484;19108;100.000;0.671;0.730;544.578;584.565;4.586;164722;153318;141814;0.181;0.106;0.066;2.021;2.296;0.772;38.286;35.925;125.054;125.095;120.639;30.606;29.779;1.384;0.185;0.100;79.499;204.594;138.138;30.971;2.362;3.600;0.000;0.041;0.000;13;33.969;118.575;2;0;0;0;0;0;0;0
215;1;1;1;0.000000;0.000000;1.000000;24235.209623;24235.282328;24235.414790;809297;24252;143036;19;1788;24252;26456;100.000;0.687;0.747;549.271;589.596;6.349;164186;153594;143036;0.182;0.105;0.063;2.023;1.526;0.097;37.739;36.150;132.418;132.462;128.558;28.490;28.119;1.380;0.195;0.097;72.705;205.167;138.447;26.275;7.058;3.817;0.000;0.045;0.000;18;34.190;126.490;2;0;0;0;0;0;0;0
216;1;1;1;0.000000;0.000000;1.000000;24235.243318;24235.317893;24235.444220;808156;27260;144130;21;1802;27260;29696;100.000;0.912;0.990;553.472;594.112;7.127;164878;155331;144130;1.159;0.112;0.069;4.136;1.612;0.429;33.223;31.543;126.267;126.327;122.586;26.300;25.732;1.502;0.190;1.105;74.575;200.902;134.544;35.566;2.232;3.718;0.000;0.060;0.000;20;27.476;118.387;2;0;0;0;0;0;0;0
217;1;1;1;0.000000;0.000000;1.000000;24235.276032;24235.352259;24235.474949;810355;28576;146106;22;1827;28576;31128;100.000;0.861;0.935;561.060;602.264;7.471;164778;155936;146106;0.183;0.106;0.066;3.426;1.115;0.073;36.246;35.066;122.631;122.689;119.218;29.543;29.413;1.815;0.191;1.064;76.227;198.916;131.940;34.366;1.033;3.550;0.000;0.058;0.000;19;31.705;115.733;3;0;0;0;0;0;0;0
218;1;1;1;0.000000;0.000000;1.000000;24235.308600;24235.385695;24235.510098;810211;28764;148782;22;1860;28764;31316;100.000;1.163;1.262;571.335;613.284;7.516;166731;159022;148782;0.187;0.108;0.067;2.016;1.625;0.490;39.539;37.847;124.370;124.403;120.273;31.783;31.467;1.358;0.195;0.103;77.094;201.498;133.755;33.435;0.102;3.334;0.000;0.033;0.000;11;35.897;118.222;3;0;0;0;0;0;0;0
219;1;1;1;0.000000;0.000000;1.000000;24235.342131;24235.410581;24235.543755;808645;28764;150220;22;1878;28764;31316;100.000;0.858;0.932;576.857;619.212;7.516;167449;160007;150220;0.181;0.108;0.067;2.366;1.284;0.081;37.190;35.839;133.147;133.173;129.279;27.926;27.722;1.704;0.197;0.109;68.450;201.623;134.079;24.887;8.447;3.654;0.000;0.026;0.000;14;33.540;126.884;3;0;0;0;0;0;0;0
220;1;1;1;0.000000;0.000000;1.000000;24235.375528;24235.444267;24235.582104;810783;27636;150188;21;1878;27636;30072;100.000;658.822;714.619;576.734;619.090;7.217;166958;159543;150188;0.180;0.110;0.067;2.038;1.904;0.215;42.173;40.203;137.817;137.837;133.501;30.596;30.114;1.385;0.195;0.102;68.739;206.576;139.095;33.686;0.352;3.447;0.000;0.021;0.000;12;38.231;131.440;3;0;0;0;0;0;0;0
221;1;1;1;0.000000;0.000000;1.000000;24235.408939;24235.480683;24235.609978;807088;27636;149054;21;1864;27636;30072;100.000;414.115;449.187;572.380;614.419;7.217;164984;157763;149054;0.185;0.107;0.067;2.696;1.684;0.477;31.787;30.036;129.216;129.295;125.153;24.585;24.000;2.002;0.196;0.139;71.744;201.039;133.635;36.416;3.082;3.425;0.000;0.079;0.000;21;27.407;122.376;1;0;0;0;0;0;0;0
222;1;1;1;0.000000;0.000000;1.000000;24235.441196;24235.513168;24235.648105;809369;28012;147392;22;1843;28012;30564;100.000;0.720;0.783;565.998;607.563;7.335;162852;155713;147392;0.185;0.106;0.066;2.030;2.169;0.146;42.559;40.325;134.862;134.937;130.366;31.540;30.932;1.383;0.192;0.099;71.972;206.909;138.429;32.486;0.848;3.264;0.000;0.075;0.000;21;38.360;128.260;2;0;0;0;0;0;0;0
223;1;1;1;0.000000;0.000000;1.000000;24235.475450;24235.552334;24235.678676;795354;27448;146064;21;1826;27448;29884;100.000;0.988;1.072;560.898;602.080;7.172;161156;154517;146064;0.217;0.109;0.065;3.369;1.593;0.438;35.030;33.372;126.286;126.342;122.609;27.726;27.218;2.675;0.191;0.113;76.885;203.227;135.667;39.166;5.833;3.424;0.000;0.056;0.000;20;30.068;119.183;2;0;0;0;0;0;0;0
224;1;1;1;0.000000;0.000000;1.000000;24235.508524;24235.580221;24235.716346;795455;27072;144466;21;1806;27072;29508;100.000;0.698;0.758;554.762;595.493;7.082;159068;152623;144466;0.178;0.106;0.066;2.011;1.832;0.122;42.052;40.154;136.064;136.125;131.590;30.892;30.514;1.378;0.187;0.095;71.697;207.822;140.003;27.886;5.447;3.551;0.000;0.061;0.000;21;38.209;129.504;2;0;0;0;0;0;0;0
225;1;1;1;0.000000;0.000000;1.000000;24235.541833;24235.619216;24235.749946;795720;27824;143728;22;1797;27824;30376;100.000;0.928;1.010;551.928;592.456;7.290;157867;151260;143728;0.182;0.108;0.066;2.127;1.556;0.240;37.319;35.698;130.701;130.730;126.350;28.547;28.253;1.488;0.188;0.096;77.383;208.113;140.271;38.995;5.662;3.683;0.000;0.030;0.000;12;33.636;124.192;4;0;0;0;0;0;0;0
226;1;1;1;0.000000;0.000000;1.000000;24235.575708;24235.649296;24235.777902;798723;137992;142930;105;1787;137992;150172;100.000;3.681;4.003;548.864;589.166;36.041;180302;156126;142930;0.182;0.106;0.066;3.807;1.603;0.424;32.338;30.669;128.514;128.606;124.880;25.145;24.559;2.012;0.187;1.254;73.589;202.195;134.893;30.080;3.253;3.656;0.000;0.092;0.000;32;26.927;120.980;9;0;0;0;0;0;0;0
227;1;1;1;0.000000;0.000000;1.000000;24235.608496;24235.686867;24235.808964;807441;25192;142948;20;1787;25192;27512;100.000;0.759;0.827;548.933;589.235;6.603;170502;155360;142948;0.187;0.106;0.066;3.512;1.359;0.081;36.493;35.069;122.058;122.097;118.639;29.889;29.559;1.822;0.186;1.145;78.372;200.468;132.622;37.571;4.238;3.692;0.000;0.039;0.000;19;31.623;115.087;2;0;0;0;0;0;0;0
228;1;1;1;0.000000;0.000000;1.000000;24235.642187;24235.720738;24235.841804;803316;22560;143504;18;1794;22560;24648;100.000;0.967;1.052;551.068;591.528;5.916;169818;157196;143504;0.184;0.106;0.066;2.687;1.683;0.449;37.646;35.897;121.030;121.066;117.222;31.096;30.623;1.808;0.186;0.337;78.551;199.617;132.128;33.870;0.537;3.495;0.000;0.036;0.000;16;33.276;114.498;2;0;0;0;0;0;0;0
229;1;1;1;0.000000;0.000000;1.000000;24235.675542;24235.744251;24235.875446;809074;23312;144280;18;1804;23312;25400;100.000;0.706;0.767;554.048;594.733;6.096;168431;157340;144280;0.181;0.105;0.066;3.280;1.355;0.085;38.056;36.636;131.146;131.195;127.727;29.007;28.683;1.810;0.188;0.929;68.708;199.904;132.437;23.513;9.820;3.890;0.000;0.049;0.000;17;33.422;124.397;2;0;0;0;0;0;0;0
230;1;1;1;0.000000;0.000000;1.000000;24235.708942;24235.777561;24235.911790;808265;24440;145334;19;1817;24440;26644;100.000;0.728;0.791;558.095;599.074;6.395;167857;157458;145334;0.186;0.109;0.065;2.029;1.597;0.425;40.955;39.294;134.195;134.229;130.498;30.511;30.111;1.384;0.189;0.097;68.619;202.849;135.448;33.311;0.023;3.648;0.000;0.034;0.000;17;37.329;128.434;3;0;0;0;0;0;0;0
231;1;1;1;0.000000;0.000000;1.000000;24235.742362;24235.811355;24235.942567;818848;28012;147128;22;1840;28012;30564;100.000;0.848;0.922;564.984;606.482;7.335;169802;160029;147128;0.183;0.108;0.066;2.958;1.398;0.082;34.373;32.909;131.181;131.211;127.652;26.197;25.780;1.811;0.191;0.601;68.993;200.205;132.891;33.794;0.461;3.449;0.000;0.030;0.000;16;30.016;124.662;3;0;0;0;0;0;0;0
232;1;1;1;0.000000;0.000000;1.000000;24235.775128;24235.844588;24235.975830;820617;28012;148796;22;1860;28012;30564;100.000;0.729;0.793;571.389;613.338;7.335;169458;160537;148796;0.179;0.108;0.066;2.070;1.728;0.430;37.528;35.735;131.220;131.242;127.264;28.595;28.079;1.434;0.193;0.091;69.460;200.701;132.821;33.233;0.101;3.240;0.000;0.022;0.000;12;33.730;125.171;3;0;0;0;0;0;0;0
233;1;1;1;0.000000;0.000000;1.000000;24235.809074;24235.883258;24236.008667;814146;27636;150842;21;1886;27636;30072;100.000;388.147;421.020;579.246;621.781;7.217;169509;161293;150842;0.179;0.108;0.066;3.458;1.433;0.084;36.690;35.191;125.371;125.409;121.784;29.256;28.897;1.830;0.196;1.081;74.183;199.592;132.324;38.670;5.336;3.371;0.000;0.038;0.000;7;31.798;118.286;4;0;0;0;0;0;0;0
234;1;1;1;0.000000;0.000000;1.000000;24235.842318;24235.912910;24236.043092;814852;28200;152630;22;1908;28200;30752;100.000;0.825;0.896;586.112;629.144;7.380;170328;162468;152630;0.186;0.110;0.068;2.004;1.756;0.435;39.289;37.465;130.100;130.182;126.218;30.180;29.682;1.351;0.198;0.091;70.592;200.774;133.416;29.653;3.681;3.390;0.000;0.082;0.000;21;35.529;124.120;2;0;0;0;0;0;0;0
235;1;1;1;0.000000;0.000000;1.000000;24235.875693;24235.947354;24236.075003;815725;27072;153174;21;1915;27072;29508;100.000;0.863;0.938;588.201;631.391;7.082;170281;162850;153174;0.182;0.109;0.067;2.846;1.459;0.091;35.590;34.065;127.595;127.650;123.906;27.881;27.492;1.806;0.198;0.485;71.660;199.310;131.994;34.443;1.110;3.248;0.000;0.055;0.000;20;31.285;121.004;2;0;0;0;0;0;0;0
236;1;1;1;0.000000;0.000000;1.000000;24235.908607;24235.978924;24236.108372;816078;26884;152808;21;1911;26884;29320;100.000;0.761;0.828;586.795;629.895;7.037;169420;162364;152808;0.179;0.108;0.068;3.149;1.448;0.087;37.744;36.229;129.410;129.448;125.789;29.158;28.801;1.813;0.199;0.783;70.317;199.765;132.029;31.570;1.763;3.155;0.000;0.038;0.000;17;33.147;122.600;3;0;0;0;0;0;0;0
237;1;1;1;0.000000;0.000000;1.000000;24235.942158;24236.014480;24236.142136;810868;27448;151650;21;1896;27448;29884;100.000;0.903;0.980;582.348;625.110;7.172;167966;161222;151650;0.177;0.109;0.066;2.977;1.791;0.493;38.350;36.493;127.599;127.657;123.645;30.042;29.515;1.812;0.197;0.618;72.321;199.978;132.461;35.556;2.223;3.097;0.000;0.057;0.000;20;33.582;120.609;2;0;0;0;0;0;0;0
238;1;1;1;0.000000;0.000000;1.000000;24235.975549;24236.045042;24236.178755;801907;27448;149972;21;1875;27448;29884;100.000;0.834;0.905;575.905;618.192;7.172;165418;158407;149972;0.174;0.105;0.066;2.208;1.175;0.071;41.311;40.070;133.689;133.713;130.244;30.895;30.766;1.531;0.219;0.113;69.494;203.207;135.746;30.562;2.771;3.076;0.000;0.024;0.000;10;37.928;128.010;4;0;0;0;0;0;0;0
239;1;1;1;0.000000;0.000000;1.000000;24236.009044;24236.078123;24236.230773;799196;28200;148264;22;1854;28200;30752;100.000;0.854;0.928;569.346;611.160;7.380;163504;156811;148264;0.187;0.109;0.068;2.150;1.501;0.535;55.422;53.853;152.626;152.650;148.881;36.307;36.172;1.484;0.194;0.109;69.079;221.729;154.430;33.081;0.252;2.900;0.000;0.023;0.000;13;51.771;146.704;3;0;0;0;0;0;0;0
240;1;1;1;0.000000;0.000000;1.000000;24236.041914;24236.111323;24236.257493;799621;28388;146996;22;1838;28388;30940;100.000;0.689;0.749;564.477;605.930;7.426;162111;155297;146996;0.175;0.106;0.066;2.824;1.253;0.070;30.132;28.813;146.143;146.170;142.415;20.614;20.232;2.018;0.300;0.158;69.408;215.579;147.817;33.199;0.134;2.727;0.000;0.028;0.001;13;26.055;139.561;4;0;0;0;0;0;0;0
241;1;1;1;0.000000;0.000000;1.000000;24236.075698;24236.152732;24236.286990;808174;139496;146062;106;1826;139496;151792;100.000;11.178;12.156;560.891;602.073;36.430;182380;158734;146062;0.186;0.108;0.066;2.710;1.749;0.271;33.330;31.516;134.205;134.258;129.766;24.826;24.286;1.901;0.304;0.145;77.034;211.292;143.981;41.409;8.076;3.061;0.000;0.053;0.000;50;28.871;127.002;4;0;0;0;0;0;0;0
242;1;1;1;0.000000;0.000000;1.000000;24236.109036;24236.200284;24236.314083;810609;27824;145468;22;1819;27824;30376;100.000;1.528;1.663;558.610;599.634;7.290;173152;157658;145468;1.154;0.112;0.069;4.304;2.771;0.777;31.991;29.152;113.772;113.799;108.731;28.112;26.811;1.656;0.190;1.124;91.248;205.047;137.741;47.552;14.219;3.759;0.000;0.027;0.001;11;24.916;104.396;3;0;0;0;0;0;0;0
243;1;1;1;0.000000;0.000000;1.000000;24236.142361;24236.225236;24236.347588;809086;19928;145086;16;1814;19928;21784;100.000;0.860;0.936;557.143;598.054;5.228;170706;157100;145086;0.184;0.108;0.066;2.022;1.661;0.101;40.475;38.749;122.296;122.351;118.294;33.081;32.756;1.381;0.189;0.096;82.875;205.227;137.912;24.953;8.381;4.048;0.000;0.056;0.001;11;36.792;116.214;3;0;0;0;0;0;0;0
244;1;1;1;0.000000;0.000000;1.000000;24236.176445;24236.256247;24236.376280;804105;21996;145538;17;1820;21996;23968;100.000;0.954;1.035;558.878;599.925;5.752;169680;157153;145538;0.180;0.108;0.072;2.310;1.833;0.522;32.501;30.596;119.988;120.032;115.942;27.077;26.389;1.662;0.189;0.101;79.803;199.835;133.271;31.011;2.322;3.940;0.000;0.045;0.001;16;28.358;113.576;2;0;0;0;0;0;0;0
245;1;1;1;0.000000;0.000000;1.000000;24236.209629;24236.279482;24236.408623;810243;24252;146056;19;1826;24252;26456;100.000;0.621;0.675;560.868;602.050;6.349;168575;156888;146056;0.185;0.108;0.065;2.592;1.391;0.084;36.608;35.152;129.099;129.140;125.617;28.348;27.984;1.808;0.190;0.238;69.853;198.993;132.280;23.235;10.098;4.325;0.000;0.041;0.000;18;32.625;122.982;2;0;0;0;0;0;0;0
246;1;1;1;0.000000;0.000000;1.000000;24236.243307;24236.318712;24236.442467;808451;27636;146718;21;1834;27636;30072;100.000;1.018;1.105;563.410;604.772;7.217;168544;157985;146718;0.179;0.106;0.066;3.228;1.723;0.459;37.800;36.011;123.715;123.755;119.874;30.544;30.041;1.805;0.190;0.881;75.405;199.160;132.791;39.230;5.896;4.423;0.000;0.040;0.000;20;32.849;116.605;2;0;0;0;0;0;0;0
247;1;1;1;0.000000;0.000000;1.000000;24236.276060;24236.345952;24236.475767;818595;28764;147758;22;1847;28764;31316;100.000;0.876;0.951;567.403;609.059;7.516;168602;159741;147758;0.183;0.108;0.066;2.259;1.447;0.088;38.130;36.618;129.758;129.815;126.092;29.373;29.040;1.612;0.192;0.099;69.892;199.707;132.758;27.240;6.093;4.527;0.000;0.057;0.000;22;34.424;123.775;2;0;0;0;0;0;0;0
248;1;1;1;0.000000;0.000000;1.000000;24236.307461;24236.379394;24236.514109;813416;29140;149576;23;1870;29140;31808;100.000;0.908;0.988;574.384;616.559;7.634;169401;161248;149576;0.184;0.109;0.067;2.036;1.998;0.219;42.034;39.969;134.661;134.715;130.430;31.202;30.644;1.384;0.195;0.098;71.933;206.648;137.766;33.442;0.109;4.251;0.000;0.054;0.000;19;38.000;128.338;3;0;0;0;0;0;0;0
249;1;1;1;0.000000;0.000000;1.000000;24236.342209;24236.411649;24236.542665;816251;29704;151824;23;1898;29704;32372;100.000;0.834;0.906;583.017;625.823;7.769;170816;162744;151824;0.184;0.109;0.067;2.368;1.805;0.463;32.668;30.797;130.991;131.016;127.006;24.934;24.248;1.707;0.198;0.105;69.440;200.456;132.989;32.255;1.079;4.053;0.000;0.025;0.001;11;28.495;124.612;4;0;0;0;0;0;0;0
250;1;1;1;0.000000;0.000000;1.000000;24236.375328;24236.447525;24236.576293;820584;28576;153370;22;1918;28576;31128;100.000;0.754;0.819;588.953;632.211;7.471;171461;163761;153370;1.185;0.113;0.071;4.345;1.455;0.087;37.695;36.169;128.723;128.768;125.007;29.274;28.934;1.686;0.199;1.092;72.197;200.965;133.284;35.876;2.543;3.959;0.000;0.044;0.000;13;31.895;120.614;3;0;0;0;0;0;0;0
251;1;1;1;0.000000;0.000000;1.000000;24236.409046;24236.485678;24236.614733;817535;26884;153478;21;1919;26884;29320;100.000;1.020;1.109;589.368;632.648;7.037;170745;163076;153478;0.182;0.109;0.067;2.034;2.500;0.855;44.204;41.638;129.003;129.054;124.217;34.252;33.520;1.384;0.199;0.093;76.632;205.687;138.390;38.153;4.820;4.012;0.000;0.052;0.001;20;39.670;122.129;2;0;0;0;0;0;0;0
252;1;1;1;0.000000;0.000000;1.000000;24236.442177;24236.512131;24236.642499;812707;28764;152446;22;1906;28764;31316;100.000;0.884;0.959;585.405;628.392;7.516;168596;161094;152446;0.181;0.109;0.066;2.325;1.291;0.080;32.246;30.889;130.293;130.369;126.688;24.734;24.382;1.664;0.199;0.106;69.954;200.322;132.823;26.452;6.881;4.192;0.000;0.076;0.000;21;28.629;124.286;2;0;0;0;0;0;0;0
253;1;1;1;0.000000;0.000000;1.000000;24236.475653;24236.544856;24236.674442;811017;29328;150768;23;1885;29328;31996;100.000;0.726;0.790;578.962;621.475;7.679;166226;159112;150768;0.180;0.106;0.066;2.146;1.712;0.462;35.580;33.803;129.566;129.586;125.509;27.457;26.933;1.505;0.196;0.094;69.203;198.789;131.433;32.726;0.608;3.968;0.000;0.019;0.000;13;31.722;123.342;3;0;0;0;0;0;0;0
254;1;1;1;0.000000;0.000000;1.000000;24236.508828;24236.585502;24236.715428;812416;28200;148606;22;1858;28200;30752;100.000;1.005;1.092;570.660;612.564;7.380;163134;156428;148606;0.181;0.109;0.067;2.027;1.958;0.128;44.639;42.615;129.876;129.926;125.414;34.357;33.979;1.378;0.194;0.099;76.675;206.600;139.086;40.646;7.313;4.177;0.000;0.049;0.001;21;40.654;123.323;2;0;0;0;0;0;0;0
255;1;1;1;0.000000;0.000000;1.000000;24236.542225;24236.613849;24236.749423;815874;28012;147150;22;1840;28012;30564;100.000;0.864;0.940;565.068;606.566;7.335;161116;154248;147150;0.181;0.108;0.067;2.144;1.610;0.242;37.899;36.223;135.535;135.573;131.333;27.955;27.581;1.494;0.193;0.103;71.624;207.198;139.747;28.347;4.986;4.227;0.000;0.039;0.001;11;34.145;129.149;3;0;0;0;0;0;0;0
256;1;1;1;0.000000;0.000000;1.000000;24236.574993;24236.646534;24236.776681;811813;137616;146080;105;1826;137616;149796;100.000;3.485;3.791;560.960;602.142;35.951;184042;159743;146080;0.199;0.111;0.070;3.004;1.736;0.443;31.502;29.697;130.056;130.148;126.276;24.205;23.518;1.383;0.191;1.051;71.541;201.689;133.672;32.684;0.649;4.004;0.000;0.092;0.001;32;26.762;123.177;11;0;0;0;0;0;0;0
257;1;1;1;0.000000;0.000000;1.000000;24236.608818;24236.686110;24236.808215;809323;28200;145366;22;1818;28200;30752;100.000;0.985;1.071;558.218;599.220;7.380;173091;158579;145366;0.182;0.106;0.065;2.785;1.380;0.081;36.222;34.778;122.084;122.105;118.542;29.664;29.338;1.806;0.189;0.437;77.292;199.397;131.872;39.576;6.243;4.144;0.000;0.021;0.000;13;32.057;115.735;3;0;0;0;0;0;0;0
258;1;1;1;0.000000;0.000000;1.000000;24236.642190;24236.720336;24236.841778;806066;20304;145058;16;1814;20304;22160;100.000;0.882;0.958;557.035;597.947;5.318;169484;156707;145058;0.183;0.106;0.066;2.834;1.702;0.475;37.803;36.035;121.406;121.442;117.634;31.129;30.633;1.811;0.189;0.479;78.146;199.588;132.102;34.227;0.893;3.940;0.000;0.036;0.000;15;33.267;114.763;2;0;0;0;0;0;0;0
259;1;1;1;0.000000;0.000000;1.000000;24236.675667;24236.743553;24236.874875;803994;21620;144584;17;1808;21620;23592;100.000;0.628;0.682;555.215;595.991;5.662;167559;156271;144584;0.181;0.106;0.065;3.208;1.381;0.084;37.612;36.166;131.282;131.322;127.817;28.641;28.295;1.808;0.188;0.859;67.886;199.208;131.866;23.217;10.116;4.326;0.000;0.040;0.000;13;33.023;124.567;3;0;0;0;0;0;0;0
260;1;1;1;0.000000;0.000000;1.000000;24236.708912;24236.778194;24236.909917;804675;24252;144650;19;1809;24252;26456;100.000;0.725;0.789;555.468;596.267;6.349;166329;156046;144650;0.186;0.107;0.065;1.990;1.684;0.435;39.538;37.789;131.692;131.723;127.824;30.016;29.563;1.351;0.189;0.092;69.283;201.005;133.575;34.641;1.308;4.138;0.000;0.030;0.000;10;35.865;125.804;3;0;0;0;0;0;0;0
261;1;1;1;0.000000;0.000000;1.000000;24236.742310;24236.811812;24236.941704;803023;25756;143952;20;1800;25756;28076;100.000;0.783;0.850;552.788;593.384;6.738;164586;155184;143952;0.185;0.106;0.066;2.366;1.364;0.082;35.536;34.106;129.851;129.892;126.392;27.358;26.984;1.731;0.187;0.091;69.501;199.393;132.028;33.617;0.284;3.897;0.000;0.041;0.000;19;31.806;123.984;2;0;0;0;0;0;0;0
262;1;1;1;0.000000;0.000000;1.000000;24236.774931;24236.844898;24236.979129;804900;27448;144058;21;1801;27448;29884;100.000;0.761;0.826;553.195;593.813;7.172;165188;156513;144058;0.186;0.107;0.065;2.027;1.218;0.136;41.173;39.891;134.191;134.231;130.898;30.673;30.475;1.387;0.188;0.094;69.967;204.198;136.120;33.087;0.247;3.669;0.000;0.040;0.001;20;37.929;128.831;2;0;0;0;0;0;0;0
263;1;1;1;0.000000;0.000000;1.000000;24236.809035;24236.881192;24237.008328;801032;28952;144662;22;1809;28952;31504;100.000;404.271;438.573;555.515;596.313;7.561;164977;156764;144662;0.178;0.106;0.065;2.474;1.733;0.452;32.442;30.644;127.083;127.136;123.290;25.517;24.856;1.812;0.188;0.124;72.157;199.292;131.985;36.294;2.961;3.625;0.000;0.053;0.000;16;28.235;120.762;2;0;0;0;0;0;0;0
264;1;1;1;0.000000;0.000000;1.000000;24236.842321;24236.913332;24237.041275;793638;29704;145976;23;1825;29704;32372;100.000;0.778;0.845;560.560;601.720;7.769;164424;156508;145976;0.182;0.108;0.065;2.900;1.389;0.086;37.043;35.590;127.889;127.943;124.333;28.952;28.624;1.825;0.189;0.532;71.011;198.954;131.599;32.140;1.193;3.473;0.000;0.054;0.000;13;32.754;121.377;5;0;0;0;0;0;0;0
265;1;1;1;0.000000;0.000000;1.000000;24236.875675;24236.951771;24237.075308;801156;29516;148478;23;1856;29516;32184;100.000;1.132;1.231;570.168;612.027;7.724;165852;158451;148478;0.179;0.108;0.066;3.239;1.734;0.465;38.384;36.585;123.479;123.538;119.658;31.071;30.574;1.806;0.193;0.887;76.096;199.633;132.299;38.438;5.105;3.575;0.000;0.058;0.000;22;33.411;116.349;2;0;0;0;0;0;0;0
266;1;1;1;0.000000;0.000000;1.000000;24236.908491;24236.977923;24237.107755;804749;29140;149922;23;1875;29140;31808;100.000;0.901;0.981;575.713;618.000;7.634;166904;159632;149922;0.181;0.109;0.067;2.850;1.395;0.080;37.399;35.937;129.796;129.833;126.273;28.806;28.460;1.810;0.195;0.489;69.431;199.264;131.413;26.152;7.181;3.800;0.000;0.037;0.000;23;33.154;123.385;2;0;0;0;0;0;0;0
267;1;1;1;0.000000;0.000000;1.000000;24236.942376;24237.010432;24237.141996;805449;28200;150436;22;1881;28200;30752;100.000;0.861;0.936;577.687;620.110;7.380;166910;159468;150436;0.180;0.108;0.066;3.116;1.794;0.495;38.396;36.536;131.518;131.564;127.519;29.184;28.651;1.803;0.196;0.763;68.055;199.620;132.320;32.509;0.824;3.614;0.000;0.046;0.000;21;33.486;124.355;2;0;0;0;0;0;0;0
268;1;1;1;0.000000;0.000000;1.000000;24236.975428;24237.043392;24237.175088;805329;26696;149636;21;1871;26696;29132;100.000;0.800;0.871;574.615;616.812;6.992;165857;158819;149636;0.181;0.110;0.067;3.529;1.414;0.088;38.081;36.601;131.646;131.695;128.112;28.916;28.569;1.802;0.194;1.175;67.964;199.660;132.079;32.961;0.373;3.411;0.000;0.049;0.000;19;33.139;124.532;3;0;0;0;0;0;0;0
269;1;1;1;0.000000;0.000000;1.000000;24237.009071;24237.076931;24237.208971;805419;27072;148420;21;1856;27072;29508;100.000;0.810;0.880;569.945;611.804;7.082;164029;157244;148420;0.185;0.109;0.066;3.140;1.743;0.448;38.823;37.015;131.995;132.039;128.127;29.402;28.889;1.807;0.193;0.781;67.860;199.899;132.628;33.539;0.206;3.211;0.000;0.045;0.000;20;33.940;124.941;2;0;0;0;0;0;0;0
270;1;1;1;0.000000;0.000000;1.000000;24237.042351;24237.110526;24237.241369;804474;27824;146600;22;1833;27824;30376;100.000;0.825;0.898;562.956;604.296;7.290;161712;155235;146600;0.185;0.105;0.066;2.440;1.374;0.084;37.257;35.817;130.815;130.842;127.277;28.475;28.141;1.807;0.190;0.088;68.175;199.017;131.693;33.595;0.262;3.027;0.000;0.028;0.000;9;33.442;124.808;5;0;0;0;0;0;0;0
271;1;1;1;0.000000;0.000000;1.000000;24237.075673;24237.144464;24237.275325;796101;135548;145088;103;1814;135548;147496;100.000;39.919;43.409;557.150;598.062;35.399;181623;158138;145088;0.179;0.108;0.067;2.881;1.718;0.444;37.849;36.064;130.833;130.861;127.032;28.923;28.390;1.802;0.189;0.537;68.791;199.652;132.316;33.938;0.604;2.875;0.000;0.028;0.000;81;33.250;124.122;4;0;0;0;0;0;0;0
272;1;1;1;0.000000;0.000000;1.000000;24237.108992;24237.178579;24237.308656;805073;28200;144742;22;1810;28200;30752;100.000;0.859;0.934;555.822;596.643;7.380;170854;156146;144742;0.184;0.108;0.067;3.630;1.386;0.087;37.935;36.483;130.048;130.077;126.588;29.164;28.820;1.808;0.188;1.276;69.587;199.664;132.313;34.115;0.782;2.744;0.000;0.029;0.000;11;32.919;122.928;3;0;0;0;0;0;0;0
273;1;1;1;0.000000;0.000000;1.000000;24237.142345;24237.211558;24237.341826;797204;23688;144320;18;1804;23688;25776;100.000;0.716;0.776;554.201;594.887;6.186;168268;154831;144320;0.183;0.108;0.065;2.370;1.385;0.082;38.177;36.727;130.241;130.268;126.773;29.306;28.970;1.737;0.187;0.091;69.213;199.481;132.150;32.979;0.355;2.595;0.000;0.027;0.000;11;34.421;124.374;3;0;0;0;0;0;0;0
274;1;1;1;0.000000;0.000000;1.000000;24237.175738;24237.244819;24237.380073;805139;22936;144042;18;1801;22936;25024;100.000;0.695;0.755;553.134;593.752;6.006;166383;154290;144042;0.183;0.108;0.065;2.020;1.672;0.369;41.916;40.180;135.231;135.254;131.389;30.991;30.581;1.380;0.187;0.097;69.081;204.335;137.064;33.261;0.072;2.437;0.000;0.023;0.001;13;38.224;129.344;3;0;0;0;0;0;0;0
275;1;1;1;0.000000;0.000000;1.000000;24237.209066;24237.278020;24237.409561;808073;25756;144130;20;1802;25756;28076;100.000;0.729;0.792;553.472;594.112;6.738;164683;153253;144130;0.185;0.106;0.066;2.777;1.741;0.469;33.240;31.433;131.496;131.541;127.678;25.270;24.619;1.821;0.192;0.406;68.954;200.495;133.219;33.201;0.133;2.293;0.000;0.045;0.000;19;28.722;124.847;2;0;0;0;0;0;0;0
276;1;1;1;0.000000;0.000000;1.000000;24237.242391;24237.313619;24237.442232;813584;26132;144164;20;1803;26132;28452;100.000;0.679;0.737;553.602;594.265;6.828;164652;154350;144164;0.180;0.106;0.066;3.201;1.396;0.089;37.186;35.724;128.575;128.613;125.095;28.913;28.558;1.806;0.188;0.855;71.228;199.841;132.556;35.599;2.266;2.292;0.000;0.038;0.000;11;32.589;121.855;3;0;0;0;0;0;0;0
277;1;1;1;0.000000;0.000000;1.000000;24237.275721;24237.352286;24237.476010;812306;28952;144334;22;1805;28952;31504;100.000;1107.080;1201.014;554.255;594.963;7.561;163619;153988;144334;0.184;0.105;0.065;2.050;1.693;0.460;38.318;36.561;123.714;123.724;119.855;30.971;30.504;1.415;0.188;0.094;76.565;200.289;133.001;38.667;5.334;2.482;0.000;0.010;0.000;16;34.575;117.793;2;0;0;0;0;0;0;0
278;1;1;1;0.000000;0.000000;1.000000;24237.309084;24237.378407;24237.509027;817500;29328;144850;23;1811;29328;31996;100.000;0.888;0.966;556.236;597.080;7.679;163216;154635;144850;0.178;0.106;0.066;3.628;1.393;0.084;36.802;35.344;130.568;130.620;127.096;28.175;27.809;1.807;0.188;1.283;69.323;199.943;132.685;26.121;7.212;2.777;0.000;0.052;0.000;22;31.781;123.414;2;0;0;0;0;0;0;0
279;1;1;1;0.000000;0.000000;1.000000;24237.342487;24237.411623;24237.543193;824803;30644;147006;24;1838;30644;33428;100.000;0.854;0.929;564.516;605.968;8.023;164194;155642;147006;0.179;0.108;0.066;1.988;1.744;0.448;39.166;37.356;131.539;131.570;127.677;29.768;29.259;1.353;0.191;0.092;69.136;200.707;133.517;33.216;0.118;2.611;0.000;0.031;0.001;12;35.434;125.656;3;0;0;0;0;0;0;0
280;1;1;1;0.000000;0.000000;1.000000;24237.375488;24237.447730;24237.575619;813944;29892;149388;23;1868;29892;32560;100.000;0.986;1.071;573.662;615.792;7.814;166099;158190;149388;0.180;0.108;0.067;2.536;1.445;0.097;36.060;34.549;127.833;127.890;124.200;28.197;27.817;1.810;0.194;0.179;72.242;200.132;132.610;36.107;2.773;2.621;0.000;0.057;0.000;22;32.079;121.606;2;0;0;0;0;0;0;0
281;1;1;1;0.000000;0.000000;1.000000;24237.408738;24237.478213;24237.610794;815307;30268;150146;23;1877;30268;32936;100.000;655.529;711.243;576.573;618.906;7.905;165956;158401;150146;0.183;0.109;0.067;2.043;1.545;0.444;39.052;37.440;132.523;132.581;128.689;29.455;29.093;1.379;0.197;0.108;69.475;202.057;134.452;30.484;2.850;2.636;0.000;0.058;0.000;23;35.464;126.587;1;0;0;0;0;0;0;0
282;1;1;1;0.000000;0.000000;1.000000;24237.442461;24237.514671;24237.644045;816329;27260;149960;21;1875;27260;29696;100.000;0.858;0.932;575.859;618.146;7.127;165353;158120;149960;0.184;0.109;0.066;2.919;1.420;0.083;36.756;35.270;129.299;129.374;125.527;28.410;28.098;1.944;0.198;0.419;72.210;201.584;134.369;36.458;3.125;2.666;0.000;0.075;0.000;20;32.417;122.532;2;0;0;0;0;0;0;0
283;1;1;1;0.000000;0.000000;1.000000;24237.475513;24237.546657;24237.680162;813249;27636;148574;21;1858;27636;30072;100.000;562.125;609.732;570.537;612.441;7.217;163563;156398;148574;0.180;0.106;0.065;2.249;1.571;0.423;40.593;38.958;133.444;133.506;129.648;30.406;30.049;1.594;0.197;0.106;71.143;204.649;137.153;31.985;1.348;2.584;0.000;0.062;0.001;21;36.773;127.336;1;0;0;0;0;0;0;0
284;1;1;1;0.000000;0.000000;1.000000;24237.509069;24237.581513;24237.732260;809333;28012;146866;22;1836;28012;30564;100.000;0.900;0.979;563.978;605.386;7.335;161302;154158;146866;0.181;0.111;0.067;2.073;1.125;0.067;56.123;54.931;150.684;150.748;147.544;37.230;37.230;1.420;0.192;0.102;72.444;223.191;155.918;34.856;1.523;2.518;0.000;0.064;0.000;21;52.925;145.406;2;0;0;0;0;0;0;0
285;1;1;1;0.000000;0.000000;1.000000;24237.542034;24237.612754;24237.760875;815482;28952;145550;22;1820;28952;31504;100.000;0.713;0.773;558.924;599.971;7.561;159575;152626;145550;0.180;0.106;0.065;2.605;0.974;0.058;31.586;30.547;148.032;148.121;144.858;21.324;21.087;1.906;0.214;0.134;70.720;218.841;151.200;31.241;2.092;2.491;0.000;0.090;0.001;21;28.007;142.148;2;0;0;0;0;0;0;0
286;1;1;1;0.000000;0.000000;1.000000;24237.575768;24237.653602;24237.791784;814633;136488;144160;104;1802;136488;148552;100.000;2.851;3.101;553.587;594.228;35.652;181574;157734;144160;0.176;0.104;0.063;2.794;1.139;0.252;34.130;32.928;138.158;138.182;134.402;24.700;24.500;2.012;0.292;0.146;77.834;216.016;148.775;40.848;7.514;2.805;0.000;0.024;0.001;50;30.197;131.582;6;0;0;0;0;0;0;0
287;1;1;1;0.000000;0.000000;1.000000;24237.608549;24237.701572;24237.823946;814941;28764;142853;22;1786;28764;31316;100.000;1.306;1.418;548.568;588.848;7.516;172001;156117;142853;0.178;0.105;0.065;2.825;1.721;0.631;36.155;34.369;122.338;122.374;118.077;29.545;29.108;2.044;0.292;0.142;93.023;215.397;147.604;47.971;14.637;3.544;0.000;0.036;0.001;17;31.609;115.212;4;0;0;0;0;0;0;0
288;1;1;1;0.000000;0.000000;1.000000;24237.641888;24237.726612;24237.850227;818847;23124;142468;18;1781;23124;25212;100.000;0.834;0.905;547.090;587.256;6.051;168391;154582;142468;0.180;0.106;0.066;2.013;1.644;0.108;30.730;29.020;123.569;123.614;119.301;24.859;24.325;1.380;0.187;0.093;84.724;208.339;140.551;25.040;8.293;3.841;0.000;0.046;0.000;14;27.073;117.242;3;0;0;0;0;0;0;0
289;1;1;1;0.000000;0.000000;1.000000;24237.676437;24237.759905;24237.883688;824052;20868;142484;16;1782;20868;22724;100.000;0.839;0.909;547.151;587.340;5.454;165899;153462;142484;0.182;0.105;0.063;2.117;1.650;0.291;37.132;35.419;123.756;123.783;119.481;29.998;29.644;1.372;0.288;0.106;83.468;207.251;140.679;33.293;0.040;3.604;0.000;0.027;0.000;15;33.365;117.335;2;0;0;0;0;0;0;0
290;1;1;1;0.000000;0.000000;1.000000;24237.710384;24237.792143;24237.911257;835458;25568;143172;20;1790;25568;27888;100.000;1.110;1.207;549.793;590.163;6.693;165177;153648;143172;0.186;0.106;0.065;2.061;1.688;0.436;31.853;30.101;119.080;119.114;115.295;26.742;26.108;1.408;0.187;0.109;81.759;200.873;134.914;32.238;1.096;3.447;0.000;0.033;0.000;17;28.105;113.199;3;0;0;0;0;0;0;0
291;1;1;1;0.000000;0.000000;1.000000;24237.743714;24237.819835;24237.943497;819605;26320;143314;20;1792;26320;28640;100.000;0.775;0.840;550.338;590.753;6.874;163945;154253;143314;0.178;0.106;0.065;1.997;1.390;0.082;35.993;34.539;123.621;123.662;120.148;29.106;28.747;1.371;0.186;0.091;76.122;199.784;133.822;27.692;5.641;3.584;0.000;0.041;0.000;10;32.606;118.109;3;0;0;0;0;0;0;0
292;1;1;1;0.000000;0.000000;1.000000;24237.777376;24237.854060;24237.975768;827799;26508;143732;21;1797;26508;28944;100.000;0.950;1.034;551.943;592.471;6.947;162988;153764;143732;0.181;0.106;0.065;2.745;1.699;0.460;35.602;33.839;121.660;121.708;117.831;29.252;28.718;1.807;0.187;0.400;76.684;198.392;132.759;34.225;0.892;3.416;0.000;0.048;0.000;20;31.158;115.037;2;0;0;0;0;0;0;0
293;1;1;1;0.000000;0.000000;1.000000;24237.810337;24237.882059;24238.008152;830771;28576;144010;22;1801;28576;31128;100.000;0.862;0.936;553.011;593.629;7.471;162424;154020;144010;0.185;0.108;0.066;2.783;1.372;0.092;36.895;35.457;126.040;126.093;122.612;29.260;28.918;1.802;0.187;0.436;71.722;197.815;131.810;27.999;5.334;3.536;0.000;0.053;0.000;21;32.740;119.775;2;0;0;0;0;0;0;0
294;1;1;1;0.000000;0.000000;1.000000;24237.842580;24237.915424;24238.041692;835004;29704;145768;23;1823;29704;32372;100.000;0.994;1.080;559.762;600.876;7.769;163241;155696;145768;0.181;0.109;0.066;3.075;1.697;0.442;37.687;35.925;126.209;126.267;122.456;29.847;29.337;1.808;0.189;0.723;72.844;199.111;132.016;33.365;0.032;3.317;0.000;0.059;0.000;22;32.915;119.321;2;0;0;0;0;0;0;0
295;1;1;1;0.000000;0.000000;1.000000;24237.875736;24237.945460;24238.074442;814967;29516;148094;23;1852;29516;32184;100.000;0.897;0.975;568.693;610.462;7.724;164677;157383;148094;0.187;0.107;0.067;3.498;0.723;0.039;37.444;36.654;128.956;128.981;126.073;29.031;29.074;1.803;0.192;1.142;69.724;198.706;131.432;30.036;3.297;3.315;0.000;0.025;0.000;10;33.223;122.544;4;0;0;0;0;0;0;0
296;1;1;1;0.000000;0.000000;1.000000;24237.908629;24237.978527;24238.154310;818656;29140;149404;23;1868;29140;31808;100.000;0.920;1.001;573.724;615.853;7.634;165436;158213;149404;0.184;0.108;0.068;2.010;1.387;0.374;83.889;82.434;175.772;175.783;172.012;47.723;47.923;1.356;0.195;0.100;69.898;245.681;177.968;33.066;0.267;3.125;0.000;0.011;0.000;20;80.491;169.990;3;0;0;0;0;0;0;0
297;1;1;1;0.000000;0.000000;1.000000;24237.941846;24238.010381;24238.173497;819807;28200;149370;22;1868;28200;30752;100.000;0.862;0.937;573.593;615.723;7.380;165095;157944;149370;0.223;0.112;0.068;2.224;1.128;0.068;22.816;21.620;163.063;163.115;159.839;13.988;13.526;1.528;0.194;0.100;68.536;231.651;163.821;31.855;1.479;3.022;0.000;0.052;0.000;16;19.463;157.560;3;0;0;0;0;0;0;0
298;1;1;1;0.000000;0.000000;1.000000;24237.975638;24238.043295;24238.191957;814766;27448;148012;21;1851;27448;29884;100.000;0.317;0.344;568.379;610.125;7.172;163322;156439;148012;0.185;0.108;0.067;1.998;1.317;0.397;21.863;20.480;148.606;148.662;145.249;14.707;14.100;1.356;0.192;0.091;67.657;216.319;148.948;32.914;0.420;2.859;0.000;0.056;0.000;20;18.548;143.194;2;0;0;0;0;0;0;0
299;1;1;1;0.000000;0.000000;1.000000;24238.009057;24238.130216;24238.213096;809259;28764;146174;22;1828;28764;31316;100.000;648.874;704.289;561.321;602.548;7.516;160733;153953;146174;0.185;0.106;0.066;1.989;1.117;0.074;24.383;23.200;82.765;82.881;79.599;29.419;29.146;1.352;0.190;0.089;121.159;204.040;136.754;86.921;53.587;6.030;0.000;0.115;0.000;23;21.277;77.494;1;0;0;0;0;0;0;0
300;1;1;1;0.000000;0.000000;1.000000;24238.042367;24238.130273;24238.239755;812212;29140;144110;23;1802;29140;31808;100.000;857.304;932.979;553.395;594.036;7.634;158464;151575;144110;0.179;0.106;0.066;2.192;1.092;0.066;29.849;28.692;109.409;109.482;106.313;27.264;26.988;1.354;0.187;0.300;87.906;197.389;130.080;0.057;33.276;7.733;0.000;0.074;0.000;45;26.565;104.046;1;0;0;0;0;0;0;0
