frame_id;rx_complete;tx_complete;current_skip;yaw;pitch;zoom;camera_send_timestamp;recv_start_timestamp;node_exit_timestamp;original_points;rx_media_bytes;tx_points;rx_packets;tx_packets;payload_bytes;reference_size_bytes;data_integrity_pct;internal_throughput_mbs;reference_throughput_mbs;logical_bitrate_mbps;network_bitrate_mbps;reference_bitrate_mbps;arrived_points;eroded_points;valid_points;erosion_ms;reconstruction_ms;pose_ms;reconstruction_pipeline_ms;tx_duration_ms;active_tx_ms;active_process_ms;reference_process_ms;total_processing_ms;total_residency_ms;reference_residency_ms;node_efficiency_pct;reference_efficiency_pct;gpu_transfer_ms;gpu_copyback_ms;host_overhead_ms;camera_node_ms;e2e_latency_ms;schedule_delay_ms;inter_arrival_ms;instant_jitter_ms;desynced_jitter_ms;pose_control_ms;codec_queue_ms;frame_queue_ms;codec_backlog;decode_service_ms;decode_h265_ms;ffmpeg_write_calls;ffmpeg_write_failures;codec_queue_drops;tx_zero_accepts;tx_partial_accepts;tx_resubmit_calls;tx_resubmitted_packets;mbuf_starvation
1;1;1;1;0.000000;0.000000;1.000000;20573.361420;20573.409028;20573.823851;784142;141940;146318;108;1829;141940;154468;100.000;0.968;1.052;561.874;603.123;37.072;178911;159140;146318;0.181;0.105;0.065;2.882;1.193;0.067;120.610;119.352;414.778;414.823;413.612;29.075;28.856;1.377;0.192;0.962;47.608;462.431;414.823;0.000;0.000;0.000;0.000;0.045;0.000;55;116.534;410.684;7;0;0;0;0;0;0;0
2;1;1;1;0.000000;0.000000;1.000000;20573.505143;20573.555867;20573.965209;783406;29140;144182;23;1803;29140;31808;100.000;0.226;0.246;553.671;594.335;7.634;169393;156499;144182;0.174;0.105;0.063;1.971;1.143;0.058;145.430;144.223;409.325;409.341;408.181;35.528;35.333;1.366;0.189;0.072;50.725;460.066;522.847;146.839;113.506;7.094;0.000;0.016;0.000;9;142.316;406.193;4;0;0;0;0;0;0;0
3;1;1;1;0.000000;0.000000;1.000000;20573.634982;20573.684985;20574.092805;780200;22936;141754;18;1772;22936;25024;100.000;0.197;0.214;544.348;584.312;6.006;164369;153953;141754;0.173;0.108;0.068;1.969;1.354;0.312;130.707;129.285;407.791;407.821;406.449;32.050;31.809;1.368;0.186;0.067;50.003;457.824;617.110;129.117;95.784;12.637;0.000;0.030;0.000;15;127.384;404.449;3;0;0;0;0;0;0;0
4;1;1;1;0.000000;0.000000;1.000000;20573.759833;20573.801812;20574.206844;778467;22560;139430;18;1743;22560;24648;100.000;0.159;0.173;535.424;574.733;5.916;160176;150044;139430;0.179;0.103;0.063;1.999;1.056;0.065;117.353;116.234;405.011;405.032;403.952;28.974;28.774;1.390;0.186;0.077;41.979;447.011;697.816;116.828;83.495;17.066;0.000;0.020;0.000;12;114.298;401.931;3;0;0;0;0;0;0;0
5;1;1;1;0.000000;0.000000;1.000000;20573.892864;20573.944180;20574.339141;776427;21996;137802;17;1723;21996;23968;100.000;0.174;0.188;529.172;568.031;5.752;157416;147596;137802;0.181;0.103;0.063;1.957;1.273;0.308;135.356;134.020;394.917;394.961;393.671;34.271;34.044;1.368;0.179;0.062;51.316;446.277;796.780;142.368;109.034;22.814;0.000;0.045;0.000;16;132.126;391.668;2;0;0;0;0;0;0;0
6;1;1;1;0.000000;0.000000;1.000000;20574.020452;20574.071408;20574.459026;774893;24440;137230;19;1716;24440;26644;100.000;0.216;0.235;526.976;565.676;6.395;155704;146684;137230;0.174;0.102;0.063;1.950;1.071;0.058;123.113;121.978;387.606;387.618;386.530;31.761;31.557;1.368;0.180;0.063;50.956;438.574;883.331;127.228;93.894;27.256;0.000;0.012;0.000;16;120.091;384.566;3;0;0;0;0;0;0;0
7;1;1;1;0.000000;0.087266;1.000000;20574.142412;20574.185002;20574.573767;775949;24816;137590;19;1720;24816;27020;100.000;0.187;0.203;528.358;567.149;6.485;155769;147285;137590;0.180;0.102;0.062;1.965;1.291;0.279;117.758;116.405;388.730;388.765;387.456;30.290;30.043;1.376;0.181;0.063;42.590;431.355;964.738;113.594;80.260;30.569;41.773;0.035;0.001;18;114.502;385.455;2;0;0;0;0;0;0;0
8;1;1;1;0.000000;0.087266;1.000000;20574.267233;20574.318014;20574.700403;775463;26508;137746;21;1722;26508;28944;100.000;0.222;0.241;528.957;567.793;6.947;154945;147291;137746;0.175;0.103;0.062;1.949;1.055;0.059;129.891;128.774;382.366;382.389;381.318;33.968;33.771;1.368;0.180;0.060;50.781;433.170;1058.041;133.012;99.678;34.888;0.000;0.023;0.000;10;126.887;379.344;5;0;0;0;0;0;0;0
9;1;1;1;0.000000;0.087266;1.000000;20574.387528;20574.437970;20574.824840;775698;26132;138024;20;1726;26132;28452;100.000;0.229;0.248;530.025;568.951;6.828;154624;147515;138024;0.180;0.102;0.063;1.958;1.025;0.058;127.429;126.340;386.829;386.871;385.829;32.938;32.745;1.368;0.181;0.063;50.442;437.312;1149.145;119.956;86.623;38.122;0.000;0.042;0.000;19;124.446;383.818;2;0;0;0;0;0;0;0
10;1;1;1;0.000000;0.087266;1.000000;20574.509186;20574.552576;20574.947587;778020;25380;138278;20;1729;25380;27700;100.000;0.201;0.218;531.000;569.994;6.648;153992;146840;138278;0.176;0.102;0.063;1.960;1.247;0.313;125.727;124.417;394.995;395.010;393.747;31.829;31.598;1.374;0.182;0.062;43.391;438.401;1238.558;114.607;81.274;40.819;0.000;0.015;0.000;13;122.520;391.771;3;0;0;0;0;0;0;0
11;1;1;1;0.000000;0.087266;1.000000;20574.629416;20574.679412;20575.084679;778554;24064;139114;19;1739;24064;26268;100.000;0.194;0.211;534.210;573.430;6.304;154581;147771;139114;0.181;0.105;0.062;1.961;1.046;0.062;140.297;139.188;405.235;405.268;404.206;34.618;34.435;1.367;0.182;0.062;49.996;455.264;1342.317;126.835;93.502;44.112;0.000;0.033;0.000;18;137.290;402.211;2;0;0;0;0;0;0;0
12;1;1;1;0.000000;0.087266;1.000000;20574.752495;20574.803768;20575.217122;779986;25568;140496;20;1757;25568;27888;100.000;0.209;0.227;539.517;579.143;6.693;155588;149026;140496;0.173;0.103;0.063;1.955;1.272;0.307;135.446;134.111;413.333;413.353;412.065;32.768;32.546;1.368;0.184;0.062;51.273;464.626;1441.426;124.357;91.023;47.044;0.000;0.021;0.000;11;132.220;410.089;3;0;0;0;0;0;0;0
13;1;1;1;0.000000;0.087266;1.000000;20574.883507;20574.926423;20575.337728;780926;25944;142868;20;1786;25944;28264;100.000;0.190;0.206;548.626;588.905;6.783;157785;151108;142868;0.177;0.104;0.065;1.962;1.075;0.062;123.830;122.690;411.285;411.306;410.214;30.107;29.909;1.367;0.188;0.061;42.915;454.221;1528.700;122.654;89.321;49.686;0.000;0.021;0.000;12;120.793;408.230;4;0;0;0;0;0;0;0
14;1;1;1;0.000000;0.087266;1.000000;20575.013115;20575.063372;20575.462734;782770;26696;144928;21;1812;26696;29132;100.000;0.202;0.220;556.536;597.402;6.992;159421;153009;144928;0.174;0.108;0.068;1.969;1.349;0.331;128.041;126.624;399.339;399.363;397.997;32.061;31.815;1.367;0.190;0.063;50.257;449.620;1620.372;136.949;103.616;53.056;0.000;0.023;0.000;13;124.723;396.004;3;0;0;0;0;0;0;0
15;1;1;1;0.000000;0.087266;1.000000;20575.145797;20575.195709;20575.599037;784474;27260;146044;21;1826;27260;29696;100.000;0.227;0.246;560.821;602.004;7.127;159965;153314;146044;0.179;0.104;0.065;1.969;1.116;0.063;139.617;138.437;403.286;403.328;402.194;34.616;34.420;1.367;0.192;0.062;49.912;453.240;1723.342;132.338;99.004;55.928;0.000;0.042;0.000;20;136.532;400.182;2;0;0;0;0;0;0;0
16;1;1;1;0.000000;0.087266;1.000000;20575.271715;20575.316425;20575.716320;785193;131600;145822;100;1823;131600;143200;100.000;134.331;146.074;559.969;601.083;34.368;177968;156948;145822;0.182;0.104;0.066;1.979;1.131;0.061;120.366;119.169;399.880;399.895;398.747;30.099;29.886;1.366;0.191;0.070;44.710;444.605;1807.291;120.716;87.383;57.894;0.000;0.014;0.000;49;117.256;396.752;6;0;0;0;0;0;0;0
17;1;1;1;0.000000;0.087266;1.000000;20575.390692;20575.441105;20575.845297;782720;28764;144126;22;1802;28764;31316;100.000;0.211;0.229;553.456;594.097;7.516;169127;155796;144126;0.178;0.104;0.065;1.964;1.314;0.319;132.078;130.699;404.161;404.193;402.861;32.677;32.443;1.367;0.189;0.062;50.413;454.605;1902.936;124.680;91.346;59.985;0.000;0.032;0.000;15;128.799;400.864;5;0;0;0;0;0;0;0
18;1;1;1;0.000000;0.087266;1.000000;20575.527793;20575.577618;20575.967319;781613;23124;141930;18;1775;23124;25212;100.000;0.197;0.214;545.024;585.055;6.051;164376;152343;141930;0.174;0.105;0.063;1.963;1.102;0.061;125.298;124.133;389.679;389.701;388.582;32.152;31.945;1.370;0.187;0.064;49.825;439.526;1991.624;136.513;103.180;62.685;0.000;0.022;0.000;8;122.233;386.596;5;0;0;0;0;0;0;0
19;1;1;1;0.000000;0.087266;1.000000;20575.652195;20575.695238;20576.086582;780006;22184;139740;17;1747;22184;24156;100.000;0.173;0.188;536.614;576.014;5.797;160684;150225;139740;0.174;0.104;0.063;1.957;1.272;0.307;122.316;120.980;391.318;391.344;390.055;31.255;31.016;1.365;0.184;0.066;43.043;434.387;2077.554;117.620;84.287;64.035;0.000;0.026;0.000;8;119.087;388.062;3;0;0;0;0;0;0;0
20;1;1;1;0.000000;0.087266;1.000000;20575.774443;20575.824033;20576.214895;780302;22936;138346;18;1730;22936;25024;100.000;0.188;0.205;531.261;570.277;6.006;157894;148300;138346;0.182;0.102;0.063;1.961;1.052;0.058;131.539;130.423;390.841;390.862;389.792;33.654;33.460;1.368;0.182;0.064;49.591;440.453;2172.534;128.795;95.462;65.999;0.000;0.021;0.000;9;128.525;387.809;5;0;0;0;0;0;0;0
21;1;1;1;0.000000;0.087266;1.000000;20575.895785;20575.946431;20576.342954;779066;24816;137844;19;1724;24816;27020;100.000;0.210;0.228;529.333;568.214;6.485;156303;147479;137844;0.175;0.103;0.063;1.963;1.189;0.340;131.066;129.813;396.502;396.523;395.312;33.054;32.838;1.366;0.182;0.072;50.646;447.169;2267.259;122.398;89.065;67.441;0.000;0.021;0.000;9;127.913;393.327;4;0;0;0;0;0;0;0
22;1;1;1;0.000000;0.087266;1.000000;20576.022031;20576.065084;20576.449869;778280;25004;138092;19;1727;25004;27208;100.000;658.369;713.889;530.286;569.234;6.530;156434;148303;138092;0.180;0.103;0.062;1.958;1.055;0.056;110.069;108.951;384.763;384.785;383.713;28.605;28.394;1.368;0.181;0.063;43.053;427.838;2340.840;118.652;85.319;68.558;0.000;0.022;0.000;12;107.056;381.732;2;0;0;0;0;0;0;0
23;1;1;1;0.000000;0.087266;1.000000;20576.143269;20576.194024;20576.580747;778907;25944;138240;20;1728;25944;28264;100.000;0.204;0.222;530.854;569.825;6.783;155826;148511;138240;0.182;0.103;0.063;1.958;1.077;0.064;133.888;132.748;386.699;386.723;385.629;34.621;34.424;1.368;0.181;0.061;50.755;437.478;2438.386;128.941;95.608;70.249;0.000;0.024;0.000;12;130.853;383.645;4;0;0;0;0;0;0;0
24;1;1;1;0.000000;0.087266;1.000000;20576.270805;20576.321448;20576.707287;779289;24064;138556;19;1732;24064;26268;100.000;0.225;0.245;532.068;571.129;6.304;155133;147900;138556;0.175;0.103;0.063;1.954;1.282;0.331;129.573;128.228;385.807;385.839;384.541;33.582;33.346;1.367;0.182;0.063;50.643;436.482;2531.592;127.423;94.090;71.739;0.000;0.032;0.000;18;126.337;382.553;2;0;0;0;0;0;0;0
25;1;1;1;0.000000;0.087266;1.000000;20576.385572;20576.428835;20576.886263;779739;25192;138952;20;1737;25192;27512;100.000;0.193;0.210;533.588;572.762;6.603;154951;148061;138952;0.181;0.103;0.063;1.958;1.063;0.061;182.209;181.083;457.418;457.428;456.348;39.833;39.681;1.366;0.182;0.061;43.263;500.692;2677.235;107.387;74.053;71.883;0.000;0.010;0.000;14;179.188;454.379;4;0;0;0;0;0;0;0
26;1;1;1;0.000000;0.087266;1.000000;20576.509978;20576.559765;20577.016380;779364;26320;139454;20;1744;26320;28640;100.000;677.373;734.625;535.516;574.848;6.874;155091;148214;139454;0.179;0.108;0.062;1.969;1.268;0.310;133.135;131.804;456.594;456.615;455.329;29.157;28.947;1.369;0.184;0.067;49.787;506.401;2774.018;130.930;97.597;73.490;0.000;0.020;0.000;13;129.898;453.339;3;0;0;0;0;0;0;0
27;1;1;1;0.000000;0.087266;1.000000;20576.635628;20576.686226;20577.135094;780025;26508;140520;21;1757;26508;28944;100.000;0.149;0.162;539.609;579.235;6.947;155666;148911;140520;0.182;0.104;0.065;1.963;1.069;0.060;121.949;120.815;448.846;448.869;447.783;27.168;26.981;1.366;0.185;0.061;50.597;499.466;2859.399;126.460;93.127;74.718;0.000;0.023;0.000;11;118.917;445.796;3;0;0;0;0;0;0;0
28;1;1;1;0.000000;0.000000;1.000000;20576.821987;20576.864992;20577.282370;780373;26508;141820;21;1773;26508;28944;100.000;0.205;0.223;544.601;584.588;6.947;156450;150058;141820;0.181;0.103;0.063;1.964;1.342;0.330;150.305;148.900;417.353;417.378;416.020;36.012;35.792;1.367;0.186;0.063;43.004;460.383;2973.342;178.766;145.433;79.137;52.776;0.025;0.000;15;147.000;414.029;3;0;0;0;0;0;0;0
29;1;1;1;0.000000;0.000000;1.000000;20576.944329;20576.994961;20577.397979;781651;28012;143812;22;1798;28012;30564;100.000;0.236;0.257;552.251;592.801;7.335;158178;151821;143812;0.180;0.104;0.063;1.973;1.086;0.062;118.902;117.753;402.996;403.019;401.916;29.503;29.298;1.372;0.189;0.064;50.632;453.651;3055.618;129.969;96.635;80.231;0.000;0.023;0.000;12;115.843;399.909;3;0;0;0;0;0;0;0
30;1;1;1;0.000000;0.000000;1.000000;20577.063258;20577.114113;20577.513627;781375;26320;144756;20;1810;26320;28640;100.000;0.180;0.195;555.876;596.697;6.874;158959;152458;144756;0.182;0.104;0.063;1.968;1.101;0.064;118.704;117.540;399.475;399.514;398.397;29.712;29.503;1.367;0.190;0.062;50.854;450.369;3137.932;119.152;85.819;80.580;0.000;0.039;0.000;19;115.636;396.389;2;0;0;0;0;0;0;0
31;1;1;1;0.000000;0.000000;1.000000;20577.216560;20577.260971;20577.632998;784392;130848;143948;100;1800;130848;142448;100.000;1.131;1.230;552.773;593.368;34.188;176776;155937;143948;0.181;0.104;0.065;1.973;1.331;0.332;122.437;121.041;372.005;372.027;370.678;32.911;32.654;1.366;0.189;0.069;44.411;416.438;3223.970;146.858;113.525;82.639;0.000;0.022;0.000;49;119.132;368.682;6;0;0;0;0;0;0;0
32;1;1;1;0.000000;0.000000;1.000000;20577.325809;20577.376790;20577.758398;782671;28764;141972;22;1775;28764;31316;100.000;0.250;0.271;545.185;585.216;7.516;167802;154013;141972;0.181;0.104;0.063;1.967;1.089;0.062;128.703;127.551;381.588;381.608;380.503;33.726;33.522;1.367;0.187;0.065;50.981;432.589;3316.036;115.819;82.486;82.630;0.000;0.021;0.000;14;125.647;378.514;3;0;0;0;0;0;0;0
33;1;1;1;0.000000;0.000000;1.000000;20577.440756;20577.492169;20577.872816;776999;23500;139814;18;1748;23500;25588;100.000;0.197;0.214;536.898;576.321;6.141;162473;151153;139814;0.181;0.103;0.065;1.973;1.283;0.326;117.470;116.123;380.625;380.647;379.347;30.861;30.611;1.372;0.184;0.068;51.413;432.060;3397.121;115.379;82.046;82.593;0.000;0.021;0.000;12;114.214;377.351;4;0;0;0;0;0;0;0
34;1;1;1;0.000000;0.000000;1.000000;20577.568595;20577.611649;20577.996063;778650;22936;137648;18;1721;22936;25024;100.000;0.183;0.199;528.581;567.394;6.006;157983;147475;137648;0.173;0.104;0.062;1.961;0.903;0.055;126.500;125.534;384.395;384.415;383.493;32.907;32.734;1.371;0.182;0.068;43.054;427.469;3487.035;119.480;86.146;82.815;0.000;0.019;0.000;7;123.636;381.512;4;0;0;0;0;0;0;0
35;1;1;1;0.000000;0.000000;1.000000;20577.687206;20577.737637;20578.129053;778007;23124;137154;18;1715;23124;25212;100.000;0.205;0.222;526.684;565.362;6.051;156457;146475;137154;0.179;0.104;0.062;1.961;1.138;0.342;135.852;134.651;391.399;391.416;390.260;34.708;34.503;1.368;0.181;0.066;50.431;441.847;3586.691;125.988;92.655;83.430;0.000;0.017;0.000;10;132.753;388.281;3;0;0;0;0;0;0;0
36;1;1;1;0.000000;0.000000;1.000000;20577.799759;20577.851114;20578.248689;776483;24816;138046;19;1726;24816;27020;100.000;0.202;0.219;530.109;569.035;6.485;155937;147008;138046;0.174;0.102;0.062;1.957;1.071;0.068;122.733;121.599;397.557;397.575;396.487;30.870;30.669;1.369;0.182;0.067;51.355;448.930;3672.994;113.477;80.143;83.225;0.000;0.018;0.000;13;119.705;394.510;3;0;0;0;0;0;0;0
37;1;1;1;0.000000;0.000000;1.000000;20577.931696;20577.974529;20578.359818;781287;26132;139346;20;1742;26132;28452;100.000;0.197;0.214;535.101;574.388;6.828;157460;149487;139346;0.174;0.102;0.063;1.957;0.945;0.059;114.153;113.144;385.260;385.289;384.324;29.628;29.440;1.368;0.182;0.068;42.833;428.122;3750.789;123.415;90.082;83.653;0.000;0.028;0.000;11;111.250;382.338;4;0;0;0;0;0;0;0
38;1;1;1;0.000000;0.000000;1.000000;20578.056402;20578.107760;20578.491292;780329;28012;141098;22;1764;28012;30564;100.000;0.236;0.256;541.829;581.612;7.335;157637;150141;141098;0.173;0.104;0.065;1.972;1.171;0.365;134.376;133.140;383.507;383.532;382.343;35.036;34.822;1.370;0.186;0.074;51.358;434.890;3848.930;133.231;99.897;84.669;0.000;0.025;0.000;11;131.233;380.345;3;0;0;0;0;0;0;0
39;1;1;1;0.000000;0.000000;1.000000;20578.175805;20578.227099;20578.629241;780785;29140;142238;23;1778;29140;31808;100.000;0.263;0.286;546.206;586.306;7.634;158178;150818;142238;0.177;0.103;0.065;1.959;1.079;0.061;141.083;139.940;402.139;402.142;401.046;35.083;34.894;1.366;0.187;0.061;51.294;453.436;3953.545;119.339;86.006;84.752;0.000;0.003;0.000;20;138.046;399.077;3;0;0;0;0;0;0;0
40;1;1;1;0.000000;0.000000;1.000000;20578.294713;20578.338448;20578.753672;785430;29892;143844;23;1799;29892;32560;100.000;0.229;0.248;552.373;592.946;7.814;159340;152098;143844;0.223;0.104;0.068;2.034;1.224;0.339;127.464;126.172;415.186;415.224;413.981;30.698;30.478;1.379;0.187;0.072;43.735;458.959;4044.643;111.349;78.016;84.331;0.000;0.038;0.000;22;124.206;411.908;2;0;0;0;0;0;0;0
41;1;1;1;0.000000;0.000000;1.000000;20578.418898;20578.469589;20578.885972;789479;30832;146416;24;1831;30832;33616;100.000;0.224;0.243;562.250;603.545;8.068;161458;154259;146416;0.180;0.104;0.066;1.987;1.111;0.063;135.558;134.381;416.347;416.383;415.255;32.556;32.361;1.369;0.193;0.075;50.691;467.074;4143.610;131.141;97.808;85.173;0.000;0.035;0.000;15;132.459;413.232;3;0;0;0;0;0;0;0
42;1;1;1;0.000000;0.000000;1.000000;20578.556191;20578.607818;20579.003846;789348;31960;148106;25;1852;31960;34860;100.000;0.259;0.282;568.740;610.508;8.366;163190;156459;148106;0.174;0.105;0.065;1.979;1.325;0.359;120.968;119.579;396.008;396.028;394.684;30.545;30.297;1.370;0.194;0.070;51.627;447.656;4228.151;138.229;104.896;86.406;0.000;0.020;0.000;15;117.665;392.685;4;0;0;0;0;0;0;0
43;1;1;1;0.000000;0.000000;1.000000;20578.687789;20578.731373;20579.163420;792714;31960;149298;25;1867;31960;34860;100.000;0.244;0.266;573.317;615.424;8.366;164183;157597;149298;0.183;0.106;0.066;1.987;1.139;0.062;162.872;161.668;432.020;432.047;430.886;37.698;37.520;1.370;0.196;0.066;43.584;475.631;4354.392;123.555;90.222;86.645;0.000;0.027;0.000;14;159.746;428.871;3;0;0;0;0;0;0;0
44;1;1;1;0.000000;0.000000;1.000000;20578.810587;20578.862689;20579.289003;790865;31960;150365;25;1880;31960;34860;100.000;0.269;0.293;577.414;619.814;8.366;165393;158411;150365;0.181;0.105;0.066;1.984;1.394;0.322;128.711;127.251;425.067;426.314;424.903;30.192;29.948;1.366;0.197;0.070;52.102;478.416;4446.641;131.315;97.982;87.353;0.000;1.247;0.000;25;125.332;421.671;2;0;0;0;0;0;0;0
45;1;1;1;-0.087266;0.000000;1.000000;20578.930089;20578.981769;20579.421404;787976;32148;151606;25;1896;32148;35048;100.000;0.201;0.218;582.180;624.941;8.412;166115;159428;151606;0.175;0.106;0.066;2.034;1.138;0.062;135.775;134.572;439.585;439.635;438.479;30.884;30.691;1.379;0.196;0.112;51.681;491.315;4545.709;119.080;85.747;87.253;13.434;0.050;0.000;24;132.604;436.394;2;0;0;0;0;0;0;0
46;1;1;1;-0.087266;0.000000;1.000000;20579.098143;20579.142389;20579.530361;789717;145700;151650;111;1896;145700;158576;100.000;1.168;1.270;582.348;625.110;38.058;188890;165163;151650;0.175;0.105;0.067;1.973;1.166;0.064;112.128;110.895;387.959;387.972;386.789;28.901;28.671;1.365;0.198;0.062;44.246;432.218;4621.333;160.620;127.286;89.755;0.000;0.013;0.000;52;108.989;384.802;7;0;0;0;0;0;0;0
47;1;1;1;-0.087266;0.000000;1.000000;20579.215947;20579.267276;20579.657291;784950;30080;150558;23;1882;30080;32748;100.000;0.228;0.248;578.155;620.601;7.860;179115;163191;150558;0.173;0.106;0.067;1.975;1.386;0.365;130.066;128.614;390.005;390.015;388.613;33.349;33.096;1.368;0.197;0.063;51.329;441.344;4714.929;124.887;91.554;89.867;0.000;0.010;0.000;16;126.706;386.627;3;0;0;0;0;0;0;0
48;1;1;1;-0.087266;0.000000;1.000000;20579.348844;20579.399512;20579.773279;781130;24440;148538;19;1857;24440;26644;100.000;0.224;0.243;570.398;612.280;6.395;174491;161518;148538;0.182;0.106;0.065;1.974;1.117;0.062;119.346;118.165;373.728;373.768;372.634;31.931;31.711;1.366;0.192;0.063;50.667;424.435;4797.584;132.236;98.902;90.432;0.000;0.039;0.000;18;116.255;370.620;2;0;0;0;0;0;0;0
49;1;1;1;-0.087266;0.000000;1.000000;20579.465029;20579.509167;20579.888327;780468;24628;147276;19;1841;24628;26832;100.000;0.195;0.211;565.552;607.073;6.440;169683;158314;147276;0.175;0.105;0.063;1.966;1.352;0.336;118.121;116.706;379.136;379.160;377.787;31.153;30.892;1.366;0.193;0.063;44.138;423.298;4879.299;109.655;76.322;89.550;0.000;0.024;0.000;13;114.803;375.786;3;0;0;0;0;0;0;0
50;1;1;1;-0.087266;0.000000;1.000000;20579.584803;20579.636069;20580.026040;783376;25004;146748;19;1835;25004;27208;100.000;708.037;767.746;563.525;604.910;6.530;166714;156688;146748;0.175;0.105;0.066;1.968;1.121;0.065;141.033;139.847;389.952;389.971;388.834;36.165;35.966;1.368;0.192;0.062;51.266;441.237;4983.678;126.902;93.569;89.801;0.000;0.019;0.000;12;137.945;386.846;2;0;0;0;0;0;0;0
51;1;1;1;-0.087266;0.000000;1.000000;20579.700654;20579.752351;20580.143397;787237;29328;145970;23;1825;29328;31996;100.000;0.257;0.279;560.537;601.697;7.679;163927;154647;145970;0.174;0.105;0.065;1.966;1.342;0.342;120.442;119.035;391.008;391.046;389.687;30.800;30.546;1.367;0.192;0.063;51.697;442.743;5067.701;116.282;82.949;89.373;0.000;0.037;0.000;22;117.134;387.683;2;0;0;0;0;0;0;0
52;1;1;1;-0.087266;0.000000;1.000000;20579.823845;20579.866979;20580.254839;787734;31020;147302;24;1842;31020;33804;100.000;0.226;0.245;565.652;607.195;8.113;163921;154970;147302;0.207;0.124;0.077;2.034;1.126;0.064;114.747;113.544;387.830;387.861;386.718;29.585;29.361;1.368;0.194;0.064;43.134;430.995;5145.811;114.628;81.294;88.868;0.000;0.031;0.000;15;111.588;384.652;6;0;0;0;0;0;0;0
53;1;1;1;-0.087266;0.000000;1.000000;20579.954253;20580.004940;20580.389620;787059;31584;148046;24;1851;31584;34368;100.000;823.467;893.563;568.509;610.255;8.248;163880;155377;148046;0.209;0.123;0.079;2.036;1.367;0.343;137.938;136.492;384.657;384.679;383.296;35.858;35.610;1.369;0.194;0.063;50.687;435.367;5247.258;137.962;104.628;89.853;0.000;0.023;0.000;15;134.535;381.235;3;0;0;0;0;0;0;0
54;1;1;1;-0.087266;0.000000;1.000000;20580.070921;20580.122219;20580.521102;786051;31020;148712;24;1859;31020;33804;100.000;0.284;0.308;571.067;612.993;8.113;163752;156015;148712;0.209;0.125;0.078;2.039;1.129;0.065;134.882;133.676;398.859;398.883;397.737;33.815;33.609;1.366;0.195;0.065;51.297;450.181;5345.407;117.278;83.945;89.484;0.000;0.024;0.000;12;131.715;395.673;3;0;0;0;0;0;0;0
55;1;1;1;-0.087266;0.000000;1.000000;20580.184745;20580.231877;20580.636605;796213;30268;148706;23;1859;30268;32936;100.000;754.815;818.968;571.044;612.970;7.905;163350;156198;148706;0.210;0.125;0.077;2.037;1.361;0.318;118.668;117.231;404.707;404.728;403.351;29.320;29.064;1.368;0.196;0.062;47.132;451.860;5427.577;109.658;76.325;88.661;0.000;0.021;0.001;15;115.270;401.291;2;0;0;0;0;0;0;0
56;1;1;1;-0.087266;0.000000;1.000000;20580.313078;20580.366918;20580.762471;790191;30268;148654;23;1859;30268;32936;100.000;707.473;767.602;570.844;612.770;7.905;162711;155789;148654;0.214;0.123;0.078;2.041;1.132;0.062;129.260;128.050;395.533;395.553;394.403;32.678;32.467;1.365;0.196;0.065;53.841;449.393;5520.109;135.041;101.708;89.477;0.000;0.020;0.000;17;126.087;392.341;2;0;0;0;0;0;0;0
57;1;1;1;-0.087266;0.000000;1.000000;20580.443241;20580.498437;20580.880073;798808;30832;148762;24;1860;30832;33616;100.000;0.268;0.292;571.259;613.208;8.068;162756;155654;148762;0.212;0.123;0.078;2.068;1.108;0.066;120.766;119.580;381.580;381.636;380.504;31.644;31.427;1.373;0.197;0.085;55.196;436.832;5604.378;131.519;98.186;90.021;0.000;0.055;0.000;23;117.590;378.380;2;0;0;0;0;0;0;0
58;1;1;1;-0.087266;0.000000;1.000000;20580.566379;20580.613767;20581.008165;797924;30268;149280;23;1866;30268;32936;100.000;694.842;753.897;573.248;615.332;7.905;163186;156181;149280;0.212;0.123;0.078;2.043;1.385;0.372;131.272;129.809;394.374;394.398;392.996;33.284;33.031;1.370;0.195;0.065;47.388;441.786;5699.137;115.329;81.996;89.520;0.000;0.025;0.000;14;127.844;390.928;2;0;0;0;0;0;0;0
59;1;1;1;-0.087266;0.000000;1.000000;20580.684276;20580.739832;20581.136369;794477;30268;149798;23;1873;30268;32936;100.000;722.833;784.267;575.237;617.479;7.905;163385;156786;149798;0.209;0.125;0.078;2.046;1.144;0.064;131.629;130.407;396.505;396.537;395.376;33.195;32.983;1.370;0.197;0.067;55.556;452.093;5794.007;126.065;92.732;89.720;0.000;0.033;0.000;17;128.439;393.296;2;0;0;0;0;0;0;0
60;1;1;1;-0.087266;0.000000;1.000000;20580.802271;20580.857060;20581.246684;789053;30644;150698;24;1884;30644;33428;100.000;0.240;0.261;578.693;621.183;8.023;164074;157604;150698;0.212;0.125;0.078;2.041;1.400;0.348;113.494;112.017;389.594;389.624;388.208;29.129;28.855;1.365;0.198;0.064;54.789;444.413;5870.989;117.229;83.895;89.356;0.000;0.030;0.000;9;110.053;386.126;4;0;0;0;0;0;0;0
61;1;1;1;-0.087266;0.000000;1.000000;20580.936691;20580.985327;20581.362553;783874;143632;149328;110;1867;143632;156392;100.000;1.121;1.220;573.432;615.539;37.534;186216;162709;149328;0.209;0.125;0.078;2.040;1.142;0.069;119.307;118.087;377.193;377.226;376.067;31.627;31.401;1.367;0.196;0.066;48.637;425.863;5953.525;128.267;94.934;89.705;0.000;0.033;0.000;54;116.125;373.993;5;0;0;0;0;0;0;0
62;1;1;1;-0.087266;0.000000;1.000000;20581.058998;20581.113592;20581.501313;782785;28764;146986;22;1838;28764;31316;100.000;0.263;0.285;564.439;605.892;7.516;175811;160606;146986;0.206;0.124;0.078;2.043;1.344;0.338;141.939;140.516;387.711;387.721;386.359;36.608;36.369;1.365;0.200;0.070;54.594;442.315;6058.951;128.264;94.931;90.031;0.000;0.010;0.000;16;138.551;384.305;4;0;0;0;0;0;0;0
63;1;1;1;-0.087266;0.000000;1.000000;20581.168257;20581.223508;20581.617415;782791;23124;145010;18;1813;23124;25212;100.000;0.199;0.216;556.851;597.740;6.051;170311;157273;145010;0.209;0.124;0.077;2.039;1.117;0.062;119.487;118.293;393.883;393.907;392.772;30.334;30.117;1.367;0.192;0.070;55.251;449.158;6141.720;109.916;76.583;89.191;0.000;0.024;0.000;11;116.330;390.708;4;0;0;0;0;0;0;0
64;1;1;1;-0.087266;0.000000;1.000000;20581.292962;20581.340110;20581.733122;782127;22184;143356;17;1792;22184;24156;100.000;0.161;0.174;550.500;590.915;5.797;165342;154121;143356;0.208;0.124;0.077;2.029;1.327;0.330;118.862;117.458;392.977;393.012;391.668;30.244;29.989;1.365;0.189;0.066;47.148;440.159;6224.094;116.602;83.269;88.821;0.000;0.035;0.000;16;115.506;389.603;2;0;0;0;0;0;0;0
65;1;1;1;-0.087266;0.000000;1.000000;20581.425088;20581.478608;20581.914828;785507;22748;142428;18;1781;22748;24836;100.000;0.196;0.214;546.936;587.103;5.961;163256;152932;142428;0.211;0.123;0.076;2.036;1.097;0.063;185.059;183.886;436.197;436.220;435.106;42.423;42.262;1.373;0.187;0.065;53.520;489.740;6372.466;138.498;105.164;89.842;0.000;0.024;0.000;10;181.926;433.045;3;0;0;0;0;0;0;0
66;1;1;1;-0.087266;0.000000;1.000000;20581.539896;20581.594874;20582.045631;789017;24252;142296;19;1779;24252;26456;100.000;0.211;0.229;546.429;586.551;6.349;161217;152060;142296;0.210;0.123;0.076;2.027;1.332;0.323;133.933;132.526;450.730;450.757;449.408;29.713;29.489;1.366;0.188;0.064;54.979;505.736;6469.936;116.266;82.933;89.410;0.000;0.027;0.000;10;130.575;447.354;4;0;0;0;0;0;0;0
67;1;1;1;-0.087266;0.000000;1.000000;20581.663435;20581.710323;20582.158691;789641;25944;142550;20;1782;25944;28264;100.000;0.143;0.155;547.404;587.594;6.783;160619;151848;142550;0.209;0.125;0.076;2.029;1.084;0.060;116.416;115.255;448.349;448.368;447.266;25.964;25.769;1.367;0.188;0.064;46.888;495.256;6549.663;115.449;82.115;88.955;0.000;0.019;0.000;12;113.302;445.216;3;0;0;0;0;0;0;0
68;1;1;1;-0.087266;0.000000;1.000000;20581.838744;20581.892460;20582.284720;784718;26132;142638;20;1783;26132;28452;100.000;0.201;0.218;547.742;587.954;6.828;160187;151982;142638;0.210;0.121;0.077;2.034;1.094;0.061;129.140;127.969;392.241;392.260;391.149;32.922;32.716;1.367;0.188;0.071;53.717;445.976;6642.358;182.137;148.804;92.695;0.000;0.019;0.001;14;126.012;389.095;3;0;0;0;0;0;0;0
69;1;1;1;-0.087266;0.000000;1.000000;20581.968708;20582.022883;20582.442495;778159;27636;142942;21;1787;27636;30072;100.000;0.244;0.265;548.910;589.212;7.217;159755;152113;142942;0.211;0.123;0.076;2.036;1.321;0.343;160.899;159.503;419.591;419.612;418.274;38.345;38.134;1.368;0.189;0.069;54.174;473.787;6766.800;130.422;97.089;92.970;0.000;0.021;0.000;12;157.542;416.215;3;0;0;0;0;0;0;0
70;1;1;1;-0.087266;0.000000;1.000000;20582.089431;20582.136325;20582.551025;776327;28200;143886;22;1799;28200;30752;100.000;0.225;0.244;552.535;593.108;7.380;160023;152604;143886;0.207;0.122;0.077;2.026;1.094;0.061;111.876;110.706;414.677;414.700;413.589;26.978;26.767;1.368;0.190;0.063;46.895;461.594;6841.997;113.443;80.109;92.166;0.000;0.023;0.000;13;108.756;411.529;3;0;0;0;0;0;0;0
71;1;1;1;-0.087266;0.000000;1.000000;20582.208375;20582.262332;20582.679079;786883;29892;145096;23;1814;29892;32560;100.000;0.191;0.207;557.181;598.092;7.814;161095;153892;145096;0.211;0.123;0.077;2.037;1.360;0.349;131.172;129.735;416.727;416.747;415.371;31.475;31.234;1.366;0.191;0.069;53.957;470.704;6936.718;126.007;92.674;92.198;0.000;0.021;0.001;11;127.775;413.312;5;0;0;0;0;0;0;0
72;1;1;1;-0.087266;0.000000;1.000000;20582.365143;20582.419699;20582.789345;787146;28764;146492;22;1832;28764;31316;100.000;0.265;0.287;562.542;603.859;7.516;162226;155282;146492;0.214;0.123;0.077;2.037;1.124;0.064;113.659;112.458;369.636;369.646;368.504;30.748;30.517;1.367;0.191;0.065;54.556;424.202;7013.650;157.367;124.034;94.187;0.000;0.010;0.000;15;110.498;366.457;4;0;0;0;0;0;0;0
73;1;1;1;0.000000;0.000000;1.000000;20582.482051;20582.528746;20582.940979;781047;28576;148748;22;1860;28576;31128;100.000;0.225;0.244;571.205;613.154;7.471;164065;157324;148748;0.209;0.125;0.077;2.040;1.388;0.349;154.792;153.327;412.222;412.232;410.827;37.550;37.322;1.370;0.194;0.065;46.696;458.928;7131.950;109.047;75.714;93.033;68.833;0.010;0.000;17;151.364;408.776;3;0;0;0;0;0;0;0
74;1;1;1;0.000000;0.000000;1.000000;20582.601645;20582.656258;20583.080728;782459;29892;150270;23;1879;29892;32560;100.000;0.271;0.295;577.049;619.427;7.814;165219;158391;150270;0.211;0.127;0.079;2.060;1.134;0.064;143.176;141.963;424.455;424.470;423.320;33.730;33.536;1.367;0.200;0.077;54.613;479.083;7238.367;127.512;94.178;93.104;0.000;0.016;0.000;11;139.982;421.243;5;0;0;0;0;0;0;0
75;1;1;1;0.000000;0.000000;1.000000;20582.712670;20582.766796;20583.197848;781579;29704;150762;23;1885;29704;32372;100.000;0.197;0.214;578.939;621.452;7.769;165464;158743;150762;0.209;0.127;0.077;2.048;1.246;0.359;120.308;118.985;431.028;431.052;429.787;27.910;27.685;1.368;0.199;0.068;54.126;485.178;7322.153;110.538;77.205;92.111;0.000;0.024;0.000;15;117.015;427.714;3;0;0;0;0;0;0;0
76;1;1;1;0.000000;0.000000;1.000000;20582.870854;20582.918219;20583.309531;784181;144196;151052;110;1889;144196;156956;100.000;1.036;1.127;580.052;622.656;37.669;189415;164593;151052;0.206;0.125;0.078;2.037;1.164;0.064;114.976;113.734;391.302;391.312;390.131;29.382;29.153;1.365;0.199;0.065;47.365;438.678;7400.503;151.423;118.090;93.734;0.000;0.010;0.000;51;111.775;388.082;6;0;0;0;0;0;0;0
77;1;1;1;0.000000;0.000000;1.000000;20583.002291;20583.057491;20583.448176;782861;27824;150492;22;1882;27824;30376;100.000;0.238;0.259;577.902;620.347;7.290;180208;164547;150492;0.208;0.126;0.080;2.043;1.146;0.064;141.846;140.620;390.666;390.685;389.523;36.307;36.100;1.367;0.198;0.064;55.200;445.885;7505.815;139.272;105.939;94.497;0.000;0.019;0.000;12;138.657;387.460;4;0;0;0;0;0;0;0
78;1;1;1;0.000000;0.000000;1.000000;20583.120554;20583.174736;20583.578404;779451;21244;148910;17;1862;21244;23216;100.000;0.190;0.207;571.827;613.821;5.572;175447;161762;148910;0.213;0.125;0.078;2.044;1.398;0.378;133.413;131.936;403.637;403.668;402.252;33.050;32.799;1.366;0.196;0.066;54.183;457.850;7602.709;117.245;83.912;93.836;0.000;0.031;0.000;15;129.970;400.176;2;0;0;0;0;0;0;0
79;1;1;1;0.000000;0.000000;1.000000;20583.239556;20583.287007;20583.693591;784719;22184;147042;17;1839;22184;24156;100.000;0.161;0.175;564.654;606.129;5.797;169375;157964;147042;0.209;0.124;0.077;2.037;1.136;0.064;118.627;117.414;406.565;406.584;405.431;29.176;28.960;1.368;0.194;0.065;47.451;454.034;7684.562;112.271;78.938;92.904;0.000;0.019;0.000;11;115.454;403.374;3;0;0;0;0;0;0;0
80;1;1;1;0.000000;0.000000;1.000000;20583.370246;20583.425335;20583.820011;780701;24816;146382;19;1830;24816;27020;100.000;0.191;0.208;562.119;603.392;6.485;166163;156038;146382;0.214;0.123;0.077;2.035;1.356;0.355;129.581;128.149;394.643;394.676;393.303;32.832;32.583;1.365;0.192;0.064;55.089;449.765;7777.649;138.328;104.994;93.660;0.000;0.033;0.000;18;126.190;391.225;2;0;0;0;0;0;0;0
81;1;1;1;0.000000;0.000000;1.000000;20583.501279;20583.555490;20583.943845;785754;27636;145442;21;1819;27636;30072;100.000;0.240;0.261;558.510;599.534;7.217;163857;154023;145442;0.208;0.125;0.077;2.033;1.128;0.063;127.223;126.018;388.328;388.355;387.210;32.760;32.545;1.368;0.192;0.064;54.211;442.565;7868.149;130.155;96.822;93.858;0.000;0.027;0.000;20;124.062;385.149;2;0;0;0;0;0;0;0
82;1;1;1;0.000000;0.000000;1.000000;20583.624032;20583.670919;20584.064946;783308;28200;145720;22;1822;28200;30752;100.000;0.224;0.244;559.577;600.669;7.380;163326;154529;145720;0.205;0.124;0.077;2.036;1.364;0.341;124.260;122.820;394.001;394.027;392.647;31.536;31.280;1.374;0.191;0.064;46.887;440.914;7955.917;115.429;82.095;93.123;0.000;0.026;0.000;11;120.861;390.584;3;0;0;0;0;0;0;0
83;1;1;1;0.000000;0.000000;1.000000;20583.741913;20583.797051;20584.189220;782737;27072;145846;21;1824;27072;29508;100.000;0.219;0.238;560.061;601.198;7.082;162745;154540;145846;0.211;0.124;0.078;2.034;1.113;0.062;127.672;126.481;392.145;392.169;391.039;32.555;32.345;1.366;0.191;0.064;55.139;447.308;8046.859;126.133;92.800;93.102;0.000;0.024;0.000;10;124.524;388.980;3;0;0;0;0;0;0;0
84;1;1;1;0.000000;0.000000;1.000000;20583.866960;20583.921278;20584.305329;781874;28952;146012;22;1826;28952;31504;100.000;0.241;0.262;560.699;601.881;7.561;162507;154716;146012;0.209;0.124;0.077;2.044;1.347;0.330;119.254;117.830;384.034;384.051;382.687;31.052;30.790;1.369;0.192;0.073;54.318;438.369;8129.634;124.226;90.893;92.964;0.000;0.017;0.000;14;115.862;380.625;3;0;0;0;0;0;0;0
85;1;1;1;0.000000;0.000000;1.000000;20583.995421;20584.041779;20584.429147;780545;24816;146308;19;1829;24816;27020;100.000;0.199;0.216;561.835;603.085;6.485;162615;155079;146308;0.207;0.123;0.078;2.032;1.115;0.062;127.207;126.014;387.347;387.368;386.237;32.839;32.626;1.368;0.193;0.063;46.358;433.727;8220.119;120.501;87.168;92.602;0.000;0.021;0.000;11;124.060;384.182;3;0;0;0;0;0;0;0
86;1;1;1;0.087266;0.000000;1.000000;20584.111708;20584.166749;20584.560386;778343;27072;146104;21;1827;27072;29508;100.000;0.235;0.255;561.052;602.256;7.082;161825;154386;146104;0.211;0.123;0.078;2.040;1.116;0.064;134.383;133.189;393.615;393.637;392.504;34.139;33.933;1.368;0.192;0.068;55.041;448.678;8318.024;124.970;91.637;92.542;70.216;0.022;0.000;11;131.227;390.441;3;0;0;0;0;0;0;0
87;1;1;1;0.087266;0.000000;1.000000;20584.227372;20584.282339;20584.681869;778458;26508;145634;21;1821;26508;28944;100.000;0.214;0.233;559.247;600.316;6.947;161041;153840;145634;0.209;0.124;0.076;2.038;1.399;0.351;124.636;123.162;399.507;399.531;398.114;31.196;30.936;1.366;0.191;0.071;54.966;454.497;8406.174;115.589;82.256;91.899;0.000;0.024;0.000;11;121.200;396.052;4;0;0;0;0;0;0;0
88;1;1;1;0.087266;0.000000;1.000000;20584.360983;20584.406641;20584.794092;778592;28576;145652;22;1821;28576;31128;100.000;0.219;0.237;559.316;600.385;7.471;160490;153476;145652;0.209;0.124;0.077;2.037;1.109;0.063;115.657;114.471;387.438;387.451;386.324;29.851;29.631;1.370;0.192;0.064;45.659;433.109;8485.064;124.303;90.969;91.841;0.000;0.012;0.000;10;112.511;384.274;5;0;0;0;0;0;0;0
89;1;1;1;0.087266;0.000000;1.000000;20584.483129;20584.537772;20584.915515;779952;29516;146464;23;1831;29516;32184;100.000;0.244;0.266;562.434;603.729;7.724;160540;153446;146464;0.208;0.125;0.077;2.039;1.357;0.379;124.566;123.132;377.706;377.743;376.368;32.976;32.716;1.369;0.193;0.067;54.644;432.386;8573.153;131.131;97.798;92.213;0.000;0.037;0.000;17;121.170;374.291;3;0;0;0;0;0;0;0
90;1;1;1;0.087266;0.000000;1.000000;20584.604887;20584.658997;20585.037859;779674;29516;148650;23;1859;29516;32184;100.000;0.263;0.286;570.828;612.755;7.724;162461;155740;148650;0.209;0.124;0.078;2.045;1.127;0.064;125.721;124.516;378.832;378.862;377.717;33.184;32.965;1.365;0.196;0.073;54.110;432.972;8662.164;121.224;87.891;91.943;0.000;0.030;0.001;11;122.549;375.625;4;0;0;0;0;0;0;0
91;1;1;1;0.087266;0.000000;1.000000;20584.723220;20584.771544;20585.143748;781083;142692;149974;109;1875;142692;155336;100.000;1.181;1.285;575.913;618.200;37.281;187045;162867;149974;0.208;0.125;0.079;2.066;1.464;0.415;109.049;107.506;372.168;372.204;370.713;29.298;29.000;1.375;0.198;0.081;48.324;420.527;8734.719;112.548;79.214;91.147;0.000;0.035;0.000;41;105.519;368.610;5;0;0;0;0;0;0;0
92;1;1;1;0.087266;0.000000;1.000000;20584.837404;20584.892493;20585.264270;780537;27448;150044;21;1876;27448;29884;100.000;0.225;0.244;576.181;618.492;7.172;179251;162972;150044;0.213;0.125;0.078;2.051;1.144;0.065;124.059;122.837;371.737;371.776;370.615;33.369;33.144;1.367;0.197;0.071;55.090;426.866;8821.908;120.949;87.616;90.927;0.000;0.040;0.000;20;120.864;368.524;2;0;0;0;0;0;0;0
93;1;1;1;0.087266;0.000000;1.000000;20584.960165;20585.014873;20585.390442;773046;21808;148126;17;1852;21808;23780;100.000;0.208;0.226;568.816;610.585;5.707;174182;159468;148126;0.208;0.124;0.078;2.035;1.422;0.358;129.365;127.865;375.549;375.569;374.130;34.445;34.177;1.366;0.194;0.064;54.708;430.277;8914.747;122.380;89.046;90.809;0.000;0.020;0.000;9;125.908;372.074;3;0;0;0;0;0;0;0
94;1;1;1;0.087266;0.000000;1.000000;20585.073954;20585.120302;20585.511652;770822;21056;145994;16;1825;21056;22912;100.000;485.295;525.874;560.629;601.789;5.499;168886;155883;145994;0.211;0.124;0.077;2.035;1.112;0.063;124.664;123.475;391.320;391.350;390.221;31.855;31.642;1.367;0.193;0.064;46.347;437.698;9002.624;105.428;72.095;89.639;0.000;0.031;0.000;9;121.517;388.155;3;0;0;0;0;0;0;0
95;1;1;1;0.087266;0.000000;1.000000;20585.186711;20585.241590;20585.636762;778859;24440;143854;19;1799;24440;26644;100.000;0.195;0.211;552.412;592.985;6.395;164115;152504;143854;0.211;0.123;0.075;2.036;1.365;0.347;128.254;126.815;395.154;395.172;393.790;32.455;32.204;1.371;0.190;0.066;54.879;450.051;9094.401;121.288;87.955;89.534;0.000;0.019;0.000;12;124.854;391.735;3;0;0;0;0;0;0;0
96;1;1;1;0.087266;0.000000;1.000000;20585.314026;20585.367654;20585.755020;778333;27824;144278;22;1804;27824;30376;100.000;0.230;0.250;554.040;594.726;7.290;162786;152587;144278;0.206;0.124;0.076;2.039;0.918;0.056;121.654;120.660;387.342;387.366;386.429;31.405;31.224;1.372;0.189;0.072;53.628;440.994;9179.325;126.064;92.731;89.734;0.000;0.024;0.000;11;118.697;384.366;3;0;0;0;0;0;0;0
97;1;1;1;0.000000;0.000000;1.000000;20585.441902;20585.489174;20585.868246;782798;29140;144196;23;1803;29140;31808;100.000;0.234;0.255;553.725;594.388;7.634;162942;153501;144196;0.209;0.123;0.077;2.027;1.100;0.061;116.181;115.004;379.048;379.071;377.954;30.649;30.428;1.365;0.188;0.066;47.273;426.344;9259.217;121.521;88.187;89.637;88.485;0.024;0.000;14;113.053;375.902;4;0;0;0;0;0;0;0
98;1;1;1;0.000000;0.000000;1.000000;20585.559845;20585.614177;20586.007716;781418;28388;144552;22;1807;28388;30940;100.000;0.240;0.261;555.092;595.846;7.426;163196;154716;144552;0.206;0.123;0.077;2.028;1.356;0.364;142.595;141.162;393.519;393.539;392.166;36.234;35.996;1.367;0.191;0.064;54.332;447.871;9365.354;125.002;91.669;89.764;0.000;0.020;0.000;14;139.211;390.117;3;0;0;0;0;0;0;0
99;1;1;1;0.000000;0.000000;1.000000;20585.677674;20585.732626;20586.130955;777382;27824;144056;22;1801;27824;30376;100.000;0.247;0.269;553.188;593.806;7.290;160806;152949;144056;0.210;0.124;0.076;2.031;1.104;0.073;126.621;125.442;398.304;398.329;397.209;31.788;31.581;1.366;0.190;0.065;54.952;453.281;9455.260;118.449;85.116;89.474;0.000;0.025;0.000;10;123.486;395.151;4;0;0;0;0;0;0;0
100;1;1;1;0.000000;0.000000;1.000000;20585.798470;20585.845750;20586.236666;778267;26508;144366;21;1805;26508;28944;100.000;0.191;0.208;554.378;595.086;6.947;160663;152685;144366;0.211;0.124;0.076;2.030;1.356;0.364;108.843;107.411;390.877;390.915;389.542;27.843;27.574;1.367;0.190;0.062;47.280;438.195;9527.637;113.124;79.791;88.869;0.000;0.039;0.001;20;105.457;387.473;2;0;0;0;0;0;0;0
101;1;1;1;0.000000;0.000000;1.000000;20585.931304;20585.985040;20586.371495;780699;26884;144336;21;1805;26884;29320;100.000;0.219;0.238;554.263;594.971;7.037;159950;151971;144336;0.207;0.123;0.077;2.030;1.103;0.064;138.202;137.021;386.434;386.455;385.334;35.761;35.559;1.366;0.190;0.067;53.736;440.191;9629.133;139.290;105.957;89.937;0.000;0.021;0.000;13;135.069;383.272;3;0;0;0;0;0;0;0
102;1;1;1;0.000000;0.000000;1.000000;20586.053706;20586.108384;20586.502062;780328;26696;144522;21;1807;26696;29132;100.000;0.254;0.276;554.977;595.730;6.992;160062;152526;144522;0.208;0.125;0.076;2.028;1.349;0.340;133.698;132.273;393.643;393.678;392.312;33.961;33.716;1.365;0.191;0.064;54.678;448.356;9726.367;123.344;90.010;89.941;0.000;0.035;0.000;20;130.321;390.248;2;0;0;0;0;0;0;0
103;1;1;1;0.000000;0.000000;1.000000;20586.166407;20586.213864;20586.617348;782351;26884;144662;21;1809;26884;29320;100.000;0.200;0.217;555.515;596.313;7.037;159887;152719;144662;0.209;0.124;0.076;2.034;1.099;0.063;118.660;117.486;403.452;403.483;402.368;29.409;29.199;1.369;0.190;0.066;47.457;450.940;9808.319;105.480;72.147;88.829;0.000;0.031;0.000;11;115.528;400.302;4;0;0;0;0;0;0;0
104;1;1;1;0.000000;0.000000;1.000000;20586.295260;20586.348953;20586.736891;782164;26508;144698;21;1809;26508;28944;100.000;0.204;0.222;555.653;596.451;6.947;159499;152165;144698;0.207;0.122;0.077;2.030;1.397;0.365;122.674;121.200;387.913;387.937;386.524;31.622;31.356;1.369;0.190;0.064;53.693;441.630;9894.529;135.089;101.756;89.637;0.000;0.025;0.000;14;119.246;384.468;5;0;0;0;0;0;0;0
105;1;1;1;0.000000;0.000000;1.000000;20586.424579;20586.479311;20586.857763;783021;28388;145744;22;1822;28388;30940;100.000;0.247;0.268;559.669;600.761;7.426;160371;153196;145744;0.209;0.125;0.077;2.033;1.115;0.064;124.298;123.106;378.433;378.452;377.321;32.844;32.626;1.367;0.192;0.064;54.732;433.184;9982.068;130.358;97.024;90.099;0.000;0.019;0.000;13;121.149;375.267;3;0;0;0;0;0;0;0
106;1;1;1;0.000000;0.000000;1.000000;20586.546077;20586.594811;20587.032349;786829;137992;147616;105;1846;137992;150172;100.000;1.160;1.262;566.858;608.491;36.041;185042;161832;147616;0.209;0.125;0.078;2.054;0.991;0.061;177.728;176.660;437.523;437.538;436.528;40.620;40.469;1.371;0.196;0.076;48.734;486.272;10123.320;115.500;82.166;89.603;0.000;0.014;0.000;49;174.684;434.459;7;0;0;0;0;0;0;0
107;1;1;1;0.000000;-0.087266;1.000000;20586.658908;20586.713869;20587.178607;789365;29140;150668;23;1884;29140;31808;100.000;0.241;0.262;578.578;621.068;7.634;177710;162787;150668;0.208;0.125;0.079;2.043;1.426;0.369;149.303;147.799;464.724;464.739;463.296;32.126;31.902;1.366;0.198;0.067;54.961;519.699;10236.246;119.058;85.725;89.361;140.862;0.014;0.000;16;145.834;461.237;3;0;0;0;0;0;0;0
108;1;1;1;0.000000;-0.087266;1.000000;20586.779514;20586.835089;20587.296654;790807;24252;152486;19;1907;24252;26456;100.000;0.139;0.152;585.559;628.568;6.349;176541;163776;152486;0.210;0.126;0.078;2.051;1.176;0.068;121.513;120.259;461.546;461.565;460.372;26.326;26.122;1.368;0.201;0.069;55.574;517.140;10320.959;121.220;87.886;89.268;0.000;0.019;0.000;10;118.285;458.301;5;0;0;0;0;0;0;0
109;1;1;1;0.000000;-0.087266;1.000000;20586.963303;20587.009718;20587.412498;789334;22184;152368;17;1905;22184;24156;100.000;0.152;0.165;585.106;628.070;5.797;174390;162926;152368;0.208;0.126;0.078;2.043;1.406;0.365;119.069;117.585;402.747;402.779;401.357;29.562;29.297;1.367;0.200;0.065;46.415;449.195;10403.470;174.630;141.297;92.520;0.000;0.032;0.000;16;115.619;399.280;2;0;0;0;0;0;0;0
110;1;1;1;0.000000;-0.087266;1.000000;20587.100743;20587.155831;20587.561216;783753;23500;151230;18;1891;23500;25588;100.000;0.201;0.218;580.736;623.384;6.141;171492;161589;151230;0.211;0.126;0.078;2.045;1.158;0.067;152.164;150.929;405.365;405.385;404.210;37.536;37.339;1.365;0.199;0.066;55.089;460.474;10518.855;146.113;112.780;93.786;0.000;0.020;0.000;9;148.962;402.144;4;0;0;0;0;0;0;0
111;1;1;1;0.000000;-0.087266;1.000000;20587.218771;20587.273349;20587.677981;781240;27260;149404;21;1868;27260;29696;100.000;0.235;0.255;573.724;615.853;7.127;171014;161478;149404;0.209;0.126;0.078;2.041;1.409;0.367;119.955;118.469;404.610;404.632;403.206;29.646;29.382;1.366;0.199;0.064;54.578;459.210;10602.286;117.518;84.184;93.186;0.000;0.022;0.000;13;116.505;401.132;4;0;0;0;0;0;0;0
112;1;1;1;0.000000;-0.087266;1.000000;20587.343467;20587.389629;20587.782703;781247;28012;147314;22;1842;28012;30564;100.000;0.189;0.205;565.698;607.241;7.335;168557;159407;147314;0.209;0.125;0.078;2.037;1.156;0.068;108.169;106.936;393.041;393.074;391.902;27.519;27.286;1.366;0.194;0.065;46.162;439.236;10673.674;116.280;82.947;92.546;0.000;0.032;0.000;19;104.976;389.830;3;0;0;0;0;0;0;0
113;1;1;1;0.000000;-0.087266;1.000000;20587.484348;20587.538734;20587.908267;783523;28200;145778;22;1823;28200;30752;100.000;0.243;0.264;559.800;600.914;7.380;166718;158639;145778;0.209;0.124;0.077;2.032;1.381;0.357;128.755;127.297;369.501;369.533;368.135;34.843;34.579;1.366;0.191;0.065;54.386;423.919;10765.906;149.105;115.772;93.998;0.000;0.032;0.000;21;125.342;366.070;2;0;0;0;0;0;0;0
114;1;1;1;0.000000;-0.087266;1.000000;20587.600732;20587.655171;20588.041395;783046;30268;145016;23;1813;30268;32936;100.000;0.290;0.314;556.874;597.763;7.905;164316;156330;145016;0.213;0.125;0.077;2.042;1.122;0.062;136.537;135.338;386.204;386.224;385.084;35.352;35.145;1.367;0.191;0.070;54.440;440.663;10865.700;116.437;83.104;93.317;0.000;0.020;0.000;15;133.373;383.021;3;0;0;0;0;0;0;0
115;1;1;1;0.000000;-0.087266;1.000000;20587.712307;20587.760039;20588.151190;785712;28576;145068;22;1814;28576;31128;100.000;0.229;0.248;557.074;597.985;7.471;162604;154544;145068;0.210;0.124;0.077;2.034;1.366;0.342;112.958;111.515;391.131;391.151;389.768;28.878;28.611;1.368;0.191;0.065;47.732;438.883;10942.162;104.868;71.535;91.956;0.000;0.020;0.000;12;109.558;387.713;4;0;0;0;0;0;0;0
116;1;1;1;0.000000;-0.087266;1.000000;20587.830254;20587.885491;20588.276407;788409;28388;145612;22;1821;28388;30940;100.000;0.213;0.232;559.163;600.232;7.426;162831;155176;145612;0.207;0.126;0.077;2.040;1.103;0.061;128.614;127.434;390.884;390.916;389.796;32.901;32.692;1.370;0.192;0.069;55.236;446.152;11034.045;125.452;92.118;91.966;0.000;0.032;0.000;21;125.471;387.722;2;0;0;0;0;0;0;0
117;1;1;1;0.000000;-0.087266;1.000000;20587.964972;20588.018913;20588.411090;785289;27072;145938;21;1825;27072;29508;100.000;0.248;0.270;560.414;601.574;7.082;162989;155631;145938;0.212;0.125;0.077;2.051;1.126;0.066;137.824;136.621;392.151;392.177;391.034;35.143;34.938;1.367;0.192;0.079;53.941;446.119;11135.395;133.422;100.089;92.473;0.000;0.026;0.000;12;134.646;388.955;3;0;0;0;0;0;0;0
118;1;1;1;0.000000;0.000000;1.000000;20588.080746;20588.128344;20588.534216;784314;26320;145782;20;1823;26320;28640;100.000;666.206;722.513;559.815;600.930;6.874;162365;155282;145782;0.209;0.123;0.077;2.040;1.373;0.376;126.301;124.851;405.847;405.872;404.482;31.118;30.867;1.370;0.192;0.069;47.598;453.470;11225.188;109.431;76.098;91.450;68.969;0.026;0.000;13;122.888;402.415;2;0;0;0;0;0;0;0
119;1;1;1;0.000000;0.000000;1.000000;20588.198990;20588.253640;20588.662957;784830;26884;145890;21;1824;26884;29320;100.000;0.200;0.217;560.230;601.367;7.037;161836;154726;145890;0.209;0.124;0.077;2.033;1.118;0.063;132.151;130.956;409.280;409.317;408.182;32.286;32.083;1.367;0.192;0.064;54.650;463.967;11320.596;125.296;91.963;91.482;0.000;0.037;0.000;19;129.000;406.111;3;0;0;0;0;0;0;0
120;1;1;1;0.000000;0.000000;1.000000;20588.333815;20588.388723;20588.778346;784742;27260;145936;21;1825;27260;29696;100.000;0.223;0.242;560.407;601.566;7.127;161302;154298;145936;0.206;0.123;0.076;2.028;1.380;0.364;118.538;117.082;389.595;389.623;388.227;30.424;30.158;1.366;0.192;0.065;54.908;444.531;11402.651;135.083;101.749;92.124;0.000;0.028;0.000;13;115.129;386.169;3;0;0;0;0;0;0;0
121;1;1;1;0.000000;0.000000;1.000000;20588.463336;20588.511299;20588.888545;787186;141752;147208;108;1841;141752;154280;100.000;1.100;1.197;565.291;606.812;37.027;185245;160619;147208;0.209;0.124;0.078;2.034;1.121;0.062;113.596;112.397;377.196;377.246;376.108;30.112;29.884;1.366;0.193;0.064;47.963;425.210;11479.517;122.576;89.243;91.944;0.000;0.050;0.000;27;110.440;374.014;8;0;0;0;0;0;0;0
122;1;1;1;0.000000;0.000000;1.000000;20588.585806;20588.640264;20589.022891;792161;29140;148956;23;1862;29140;31808;100.000;0.254;0.276;572.004;613.998;7.634;177322;160890;148956;0.206;0.125;0.078;2.035;1.405;0.359;137.495;136.013;382.617;382.627;381.203;35.935;35.680;1.365;0.196;0.065;54.458;437.085;11580.530;128.965;95.631;92.174;0.000;0.010;0.000;17;134.056;379.156;4;0;0;0;0;0;0;0
123;1;1;1;0.000000;0.000000;1.000000;20588.700396;20588.755352;20589.138042;788290;23124;150544;18;1882;23124;25212;100.000;0.210;0.228;578.101;620.547;6.051;176070;162769;150544;0.210;0.126;0.077;2.046;1.155;0.063;118.592;117.359;382.671;382.691;381.519;30.989;30.761;1.367;0.198;0.067;54.955;437.646;11662.347;115.088;81.755;91.523;0.000;0.020;0.000;10;115.390;379.452;3;0;0;0;0;0;0;0
124;1;1;1;0.000000;0.000000;1.000000;20588.819526;20588.866074;20589.240681;789222;22936;152352;18;1905;22936;25024;100.000;0.172;0.187;585.044;628.008;6.006;175133;163128;152352;0.210;0.126;0.078;2.041;1.409;0.345;105.838;104.351;374.588;374.607;373.181;28.253;27.962;1.365;0.198;0.065;46.549;421.156;11731.653;110.723;77.389;90.640;0.000;0.019;0.000;9;102.387;371.120;3;0;0;0;0;0;0;0
125;1;1;1;0.000000;0.000000;1.000000;20588.945938;20589.000150;20589.374743;787173;24628;151154;19;1890;24628;26832;100.000;0.214;0.233;580.444;623.070;6.440;171753;160777;151154;0.207;0.125;0.078;2.054;1.021;0.067;137.504;136.405;374.573;374.592;373.549;36.708;36.516;1.369;0.199;0.076;54.212;428.804;11832.381;134.076;100.743;91.271;0.000;0.019;0.000;7;134.428;371.475;6;0;0;0;0;0;0;0
126;1;1;1;0.000000;0.087266;1.000000;20589.060907;20589.115590;20589.493333;776279;26132;149098;20;1864;26132;28452;100.000;0.256;0.278;572.549;614.588;6.828;169783;159524;149098;0.207;0.124;0.077;2.033;1.418;0.345;121.668;120.174;377.723;377.744;376.309;32.209;31.935;1.366;0.196;0.063;54.682;432.426;11917.638;115.439;82.106;90.698;21.988;0.021;0.000;11;118.218;374.254;3;0;0;0;0;0;0;0
127;1;1;1;0.000000;0.087266;1.000000;20589.170193;20589.217898;20589.610038;773912;27636;146584;21;1833;27636;30072;100.000;879.864;954.382;562.895;604.235;7.217;165466;156283;146584;0.207;0.125;0.076;2.043;1.146;0.064;120.153;118.931;392.131;392.141;390.978;30.640;30.419;1.379;0.190;0.066;47.705;439.845;12001.010;102.308;68.975;89.340;0.000;0.010;0.000;15;116.964;388.923;3;0;0;0;0;0;0;0
128;1;1;1;0.000000;0.087266;1.000000;20589.298195;20589.351934;20589.736551;773302;28576;144802;22;1811;28576;31128;100.000;0.242;0.263;556.052;596.896;7.471;162472;154311;144802;0.211;0.124;0.077;2.034;1.113;0.063;129.700;128.510;384.587;384.617;383.488;33.722;33.511;1.366;0.191;0.065;53.739;438.356;12094.189;134.036;100.703;90.051;0.000;0.029;0.000;10;126.553;381.424;4;0;0;0;0;0;0;0
129;1;1;1;0.000000;0.087266;1.000000;20589.415789;20589.470495;20589.861758;777001;28576;143780;22;1798;28576;31128;100.000;0.247;0.268;552.128;592.678;7.471;160201;152488;143780;0.209;0.123;0.077;2.030;1.374;0.379;128.350;126.899;391.247;391.263;389.872;32.804;32.549;1.368;0.189;0.064;54.707;445.970;12186.063;118.561;85.228;89.749;0.000;0.016;0.000;14;124.946;387.825;3;0;0;0;0;0;0;0
130;1;1;1;0.000000;0.087266;1.000000;20589.540155;20589.586775;20589.985178;783174;27636;143698;21;1797;27636;30072;100.000;559.097;606.449;551.813;592.341;7.217;159374;151778;143698;0.208;0.122;0.077;2.028;1.098;0.063;126.820;125.646;398.382;398.403;397.288;31.832;31.626;1.367;0.189;0.065;46.620;445.022;12276.149;116.280;82.946;89.324;0.000;0.021;0.000;13;123.695;395.238;2;0;0;0;0;0;0;0
131;1;1;1;0.000000;0.174533;1.000000;20589.658882;20589.714042;20590.110990;786108;27636;144598;21;1808;27636;30072;100.000;604.908;656.139;555.269;596.045;7.217;160080;152578;144598;0.206;0.123;0.077;2.026;1.363;0.355;128.923;127.483;396.925;396.948;395.568;32.479;32.228;1.366;0.190;0.064;55.160;452.108;12368.628;127.267;93.933;89.612;5.516;0.023;0.000;15;125.534;393.506;2;0;0;0;0;0;0;0
132;1;1;1;0.000000;0.174533;1.000000;20589.784132;20589.839120;20590.221585;785622;27260;144478;21;1806;27260;29696;100.000;0.221;0.241;554.808;595.539;7.127;159574;152217;144478;0.208;0.124;0.076;2.030;1.106;0.065;113.982;112.800;382.441;382.465;381.342;29.802;29.580;1.368;0.190;0.064;54.988;437.453;12445.890;125.079;91.745;89.745;0.000;0.024;0.000;11;110.846;379.287;3;0;0;0;0;0;0;0
133;1;1;1;0.000000;0.174533;1.000000;20589.915462;20589.962637;20590.338333;787265;26696;143954;21;1800;26696;29132;100.000;0.214;0.233;552.796;593.391;6.992;157812;151021;143954;0.209;0.124;0.077;2.032;1.357;0.345;119.882;118.448;375.663;375.696;374.322;31.909;31.643;1.370;0.189;0.064;47.175;422.871;12529.304;123.517;90.183;89.773;0.000;0.033;0.000;14;116.493;372.256;3;0;0;0;0;0;0;0
134;1;1;1;0.000000;0.174533;1.000000;20590.032808;20590.087640;20590.474385;787734;26508;143904;21;1799;26508;28944;100.000;0.238;0.260;552.604;593.177;6.947;156970;150412;143904;0.209;0.125;0.077;2.030;1.095;0.063;139.439;138.268;386.724;386.745;385.634;36.054;35.855;1.366;0.190;0.063;54.831;441.577;12632.023;125.003;91.669;89.891;0.000;0.022;0.000;15;136.314;383.581;4;0;0;0;0;0;0;0
135;1;1;1;0.000000;0.174533;1.000000;20590.143975;20590.199194;20590.589899;786766;27824;143596;22;1795;27824;30376;100.000;0.240;0.261;551.421;591.904;7.290;156039;149812;143596;0.208;0.124;0.076;2.027;1.102;0.061;118.636;117.458;390.683;390.705;389.586;30.365;30.149;1.367;0.189;0.063;55.220;445.924;12714.204;111.555;78.221;89.162;0.000;0.022;0.000;12;115.507;387.536;3;0;0;0;0;0;0;0
136;1;1;1;0.000000;0.261799;1.000000;20590.267429;20590.315521;20590.701089;787622;130660;141136;100;1765;130660;142260;100.000;0.961;1.046;541.975;581.781;34.142;176546;153233;141136;0.208;0.124;0.076;2.024;1.369;0.393;114.316;112.872;385.531;385.567;384.181;29.649;29.380;1.366;0.186;0.064;48.093;433.660;12792.060;116.327;82.994;88.776;71.354;0.036;0.000;36;110.924;382.120;5;0;0;0;0;0;0;0
137;1;1;1;0.000000;0.261799;1.000000;20590.397083;20590.451620;20590.830871;784509;32336;139854;25;1749;32336;35236;100.000;0.281;0.305;537.052;576.497;8.457;165368;150562;139854;0.209;0.120;0.076;2.021;1.088;0.060;133.172;132.009;379.226;379.251;378.147;35.114;34.909;1.366;0.183;0.068;54.537;433.788;12888.509;136.099;102.765;89.651;0.000;0.025;0.001;12;130.064;376.099;3;0;0;0;0;0;0;0
138;1;1;1;0.000000;0.261799;1.000000;20590.512167;20590.567047;20590.962528;782962;26884;141162;21;1765;26884;29320;100.000;0.244;0.265;542.075;581.880;7.037;162866;151609;141162;0.208;0.123;0.077;2.026;1.337;0.365;134.763;133.349;395.459;395.481;394.127;34.076;33.834;1.367;0.187;0.065;54.880;450.361;12986.833;115.427;82.094;89.178;0.000;0.023;0.000;11;131.400;392.078;4;0;0;0;0;0;0;0
139;1;1;1;0.000000;0.261799;1.000000;20590.630668;20590.677852;20591.077608;785441;27636;143262;21;1791;27636;30072;100.000;733.919;796.076;550.139;590.531;7.217;162821;152291;143262;0.209;0.125;0.076;2.025;1.098;0.071;118.440;117.266;399.737;399.756;398.641;29.628;29.416;1.366;0.186;0.064;47.184;446.940;13068.580;110.805;77.472;88.447;0.000;0.019;0.000;15;115.316;396.595;2;0;0;0;0;0;0;0
140;1;1;1;0.000000;0.349066;1.000000;20590.753044;20590.808391;20591.201219;786857;26696;145806;21;1823;26696;29132;100.000;0.204;0.222;559.908;601.022;6.992;163653;154012;145806;0.210;0.123;0.077;2.035;1.411;0.347;126.732;125.244;392.806;392.829;391.401;32.261;31.999;1.368;0.192;0.066;55.346;448.175;13158.857;130.538;97.205;88.994;83.299;0.023;0.000;11;123.286;389.341;4;0;0;0;0;0;0;0
141;1;1;1;0.000000;0.349066;1.000000;20590.885285;20590.939761;20591.325190;786209;29140;147146;23;1840;29140;31808;100.000;0.253;0.276;565.053;606.551;7.634;163751;154357;147146;0.209;0.125;0.077;2.042;1.127;0.064;127.414;126.211;385.411;385.429;384.285;33.058;32.843;1.366;0.193;0.072;54.475;439.904;13249.495;131.370;98.037;89.559;0.000;0.018;0.000;13;124.245;382.224;4;0;0;0;0;0;0;0
142;1;1;1;0.000000;0.349066;1.000000;20591.008273;20591.055203;20591.436218;785895;30832;147490;24;1844;30832;33616;100.000;0.251;0.273;566.374;607.962;8.068;163299;155346;147490;0.209;0.125;0.078;2.036;1.387;0.354;114.186;112.721;381.005;381.016;379.612;29.969;29.694;1.367;0.192;0.066;46.930;427.946;13327.190;115.442;82.109;89.094;0.000;0.010;0.000;17;110.763;377.555;4;0;0;0;0;0;0;0
143;1;1;1;0.000000;0.349066;1.000000;20591.123415;20591.178487;20591.564485;783109;31208;146146;24;1827;31208;33992;100.000;0.252;0.274;561.213;602.418;8.158;161136;153352;146146;0.208;0.123;0.078;2.050;1.059;0.063;131.679;130.543;385.980;385.998;384.915;34.114;33.915;1.367;0.194;0.080;55.072;441.070;13422.123;123.284;89.951;89.147;0.000;0.017;0.000;14;128.571;382.847;5;0;0;0;0;0;0;0
144;1;1;1;0.000000;0.349066;1.000000;20591.247753;20591.302548;20591.682206;783994;32148;145218;25;1816;32148;35048;100.000;0.291;0.316;557.650;598.606;8.412;159931;152692;145218;0.213;0.125;0.077;2.038;1.123;0.072;120.835;119.635;379.632;379.658;378.518;31.827;31.606;1.368;0.191;0.066;54.795;434.453;13506.511;124.061;90.728;89.246;0.000;0.025;0.000;13;117.673;376.454;3;0;0;0;0;0;0;0
145;1;1;1;0.000000;0.349066;1.000000;20591.365780;20591.413479;20591.800531;785959;31020;144768;24;1810;31020;33804;100.000;0.244;0.265;555.922;596.743;8.113;159230;151703;144768;0.209;0.124;0.076;2.030;1.392;0.390;121.484;120.016;387.031;387.052;385.644;31.387;31.121;1.369;0.189;0.064;47.699;434.751;13591.502;110.930;77.597;88.518;0.000;0.021;0.000;16;118.062;383.592;3;0;0;0;0;0;0;0
146;1;1;1;0.000000;0.349066;1.000000;20591.486009;20591.541065;20591.933985;789030;30832;145716;24;1822;30832;33616;100.000;0.261;0.284;559.562;600.654;8.068;159775;152935;145716;0.207;0.124;0.076;2.031;1.134;0.063;136.873;135.663;392.879;392.921;391.770;34.835;34.628;1.366;0.192;0.065;55.055;447.976;13691.624;127.586;94.253;88.876;0.000;0.041;0.000;21;133.709;389.697;3;0;0;0;0;0;0;0
147;1;1;1;0.000000;0.349066;1.000000;20591.604562;20591.659630;20592.059120;794594;31772;147238;25;1841;31772;34672;100.000;0.269;0.293;565.406;606.927;8.321;161194;154317;147238;0.210;0.124;0.078;2.037;1.410;0.387;128.297;126.809;399.470;399.490;398.064;32.115;31.857;1.367;0.194;0.064;55.068;454.558;13783.425;118.565;85.232;88.649;0.000;0.021;0.000;15;124.850;396.005;3;0;0;0;0;0;0;0
148;1;1;1;0.000000;0.349066;1.000000;20591.730348;20591.777896;20592.244456;797998;30644;146864;24;1836;30644;33428;100.000;0.230;0.250;563.970;605.378;8.023;160802;154136;146864;0.209;0.123;0.078;2.043;1.114;0.066;188.781;187.590;466.553;466.561;465.430;40.462;40.305;1.371;0.194;0.070;47.548;514.109;13935.428;118.266;84.932;88.416;0.000;0.008;0.000;18;185.624;463.378;4;0;0;0;0;0;0;0
149;1;1;1;0.000000;0.349066;1.000000;20591.855693;20591.911392;20592.378032;798639;30456;147738;24;1847;30456;33240;100.000;0.245;0.266;567.326;608.982;7.978;161803;155081;147738;0.210;0.125;0.078;2.038;1.395;0.360;136.731;135.259;466.631;466.641;465.230;29.301;29.073;1.367;0.194;0.064;55.699;522.340;14035.671;133.496;100.163;89.151;0.000;0.010;0.000;17;133.298;463.181;4;0;0;0;0;0;0;0
150;1;1;1;0.000000;0.349066;1.000000;20591.980955;20592.036262;20592.508240;796693;30268;148090;23;1852;30268;32936;100.000;0.164;0.177;568.678;610.447;7.905;161857;155320;148090;0.209;0.125;0.077;2.037;1.131;0.066;133.638;132.430;471.950;471.978;470.831;28.315;28.127;1.367;0.195;0.064;55.307;527.285;14132.545;124.870;91.537;89.300;0.000;0.028;0.000;14;130.470;468.765;4;0;0;0;0;0;0;0
151;1;1;1;0.000000;0.349066;1.000000;20592.174122;20592.221979;20592.643576;794717;137804;147952;105;1850;137804;149984;100.000;1.037;1.128;568.148;609.872;35.996;182724;160766;147952;0.209;0.123;0.078;2.033;1.422;0.381;138.501;137.001;421.569;421.597;420.160;32.852;32.607;1.366;0.192;0.065;47.857;469.454;14234.548;185.717;152.383;93.242;0.000;0.029;0.000;43;135.046;418.097;5;0;0;0;0;0;0;0
152;1;1;1;0.000000;0.349066;1.000000;20592.299584;20592.354930;20592.770503;792861;28764;148152;22;1852;28764;31316;100.000;0.221;0.240;568.916;610.685;7.516;177426;162397;148152;0.212;0.124;0.077;2.040;1.155;0.075;130.369;129.137;415.546;415.573;414.402;31.371;31.162;1.365;0.193;0.069;55.346;470.919;14328.141;132.951;99.618;93.641;0.000;0.027;0.000;14;127.174;412.325;4;0;0;0;0;0;0;0
153;1;1;1;0.000000;0.349066;1.000000;20592.431230;20592.485358;20592.893845;792789;23876;147662;19;1846;23876;26080;100.000;0.177;0.193;567.035;608.668;6.259;172400;160692;147662;0.212;0.124;0.077;2.047;1.412;0.346;126.534;125.045;408.451;408.487;407.058;30.976;30.719;1.375;0.194;0.064;54.128;462.615;14418.150;130.428;97.095;93.857;0.000;0.035;0.000;17;123.075;404.975;2;0;0;0;0;0;0;0
154;1;1;1;0.000000;0.000000;1.000000;20592.574797;20592.620849;20593.016309;792309;23124;147945;18;1850;23124;25212;100.000;0.183;0.199;568.121;609.845;6.051;170339;159188;147945;0.209;0.125;0.077;2.038;1.130;0.073;125.921;124.715;395.441;395.460;394.314;31.842;31.628;1.365;0.195;0.067;46.052;441.513;14507.281;135.491;102.158;94.376;46.638;0.020;0.000;9;122.754;392.256;4;0;0;0;0;0;0;0
155;1;1;1;0.000000;0.000000;1.000000;20592.692753;20592.747864;20593.141298;791925;24816;147762;19;1848;24816;27020;100.000;0.202;0.219;567.419;609.097;6.485;168591;158413;147762;0.207;0.125;0.077;2.042;1.138;0.062;128.154;126.940;393.410;393.434;392.281;32.573;32.359;1.374;0.195;0.065;55.110;448.545;14598.936;127.015;93.681;94.332;0.000;0.024;0.000;12;124.975;390.214;4;0;0;0;0;0;0;0
156;1;1;1;0.000000;0.000000;1.000000;20592.815629;20592.871277;20593.265846;793795;28764;148592;22;1858;28764;31316;100.000;0.236;0.256;570.606;612.510;7.516;167879;158079;148592;0.209;0.124;0.078;2.041;1.399;0.374;127.725;126.248;394.549;394.569;393.154;32.371;32.112;1.367;0.195;0.067;55.648;450.217;14690.151;123.413;90.080;94.066;0.000;0.019;0.000;13;124.285;391.092;3;0;0;0;0;0;0;0
157;1;1;1;0.000000;0.000000;1.000000;20592.946559;20592.993733;20593.394149;793460;28200;148650;22;1859;28200;30752;100.000;0.226;0.246;570.828;612.755;7.380;166756;157719;148650;0.208;0.125;0.078;2.039;1.136;0.067;131.739;130.526;400.395;400.415;399.263;32.901;32.692;1.367;0.196;0.065;47.175;447.590;14785.120;122.456;89.123;93.757;0.000;0.020;0.001;7;128.565;397.203;7;0;0;0;0;0;0;0
158;1;1;1;0.000000;0.000000;1.000000;20593.063450;20593.118792;20593.528523;795527;28200;147554;22;1845;28200;30752;100.000;0.228;0.247;566.620;608.231;7.380;165007;157250;147554;0.209;0.125;0.077;2.039;1.389;0.368;137.546;136.080;409.712;409.732;408.325;33.570;33.326;1.367;0.194;0.067;55.342;465.073;14886.162;125.058;91.725;93.630;0.000;0.020;0.000;12;134.118;406.266;3;0;0;0;0;0;0;0
159;1;1;1;0.000000;0.000000;1.000000;20593.187872;20593.243147;20593.650755;798776;29704;146024;23;1826;29704;32372;100.000;0.232;0.252;560.745;601.927;7.769;161999;154480;146024;0.211;0.125;0.077;2.055;0.971;0.060;125.653;124.605;407.590;407.608;406.615;30.827;30.644;1.370;0.194;0.079;55.275;462.883;14975.060;124.355;91.022;93.467;0.000;0.018;0.000;9;122.626;404.542;4;0;0;0;0;0;0;0
160;1;1;1;0.000000;0.000000;1.000000;20593.324889;20593.371619;20593.761233;799362;28952;143192;22;1790;28952;31504;100.000;673.249;730.373;549.870;590.240;7.561;158153;151021;143192;0.208;0.122;0.076;2.043;1.333;0.349;113.507;112.098;389.595;389.614;388.265;29.133;28.872;1.370;0.190;0.077;46.730;436.345;15052.205;128.473;95.139;93.572;0.000;0.019;0.000;16;110.131;386.202;3;0;0;0;0;0;0;0
161;1;1;1;0.000000;0.000000;1.000000;20593.451081;20593.505761;20593.892069;789777;29328;141480;23;1769;29328;31996;100.000;0.241;0.262;543.296;583.192;7.679;156114;149118;141480;0.213;0.123;0.076;2.029;1.080;0.063;134.209;133.053;386.289;386.309;385.211;34.741;34.540;1.365;0.186;0.067;54.680;440.989;15149.707;134.141;100.808;94.024;0.000;0.020;0.000;17;131.099;383.161;3;0;0;0;0;0;0;0
162;1;1;1;0.000000;0.000000;1.000000;20593.572622;20593.628041;20594.014746;790930;28576;139820;22;1748;28576;31128;100.000;0.262;0.285;536.921;576.344;7.471;154224;147472;139820;0.209;0.122;0.076;2.021;1.340;0.346;125.775;124.360;386.670;386.705;385.348;32.525;32.272;1.366;0.185;0.064;55.418;442.124;15239.051;122.280;88.947;93.707;0.000;0.035;0.000;16;122.414;383.282;3;0;0;0;0;0;0;0
163;1;1;1;0.000000;0.000000;1.000000;20593.691182;20593.737491;20594.129904;793734;29704;138532;23;1732;29704;32372;100.000;0.226;0.245;531.975;571.037;7.769;152207;145442;138532;0.209;0.121;0.075;2.020;1.065;0.061;118.518;117.378;392.387;392.412;391.332;30.202;29.995;1.369;0.183;0.064;46.309;438.722;15320.875;109.450;76.117;92.607;0.000;0.025;0.000;16;115.433;389.286;4;0;0;0;0;0;0;0
164;1;1;1;0.000000;0.000000;1.000000;20593.814302;20593.869555;20594.248237;792883;29892;138018;23;1726;29892;32560;100.000;0.245;0.266;530.002;568.928;7.814;151597;145064;138018;0.207;0.122;0.076;2.020;1.055;0.062;121.414;120.284;378.663;378.682;377.611;32.062;31.854;1.369;0.181;0.065;55.253;433.934;15405.875;132.064;98.730;92.990;0.000;0.019;0.000;15;118.340;375.571;3;0;0;0;0;0;0;0
165;1;1;1;0.000000;0.000000;1.000000;20593.937338;20593.991898;20594.382675;791299;30644;138142;24;1727;30644;33428;100.000;0.266;0.290;530.478;569.426;8.023;151249;144790;138142;0.208;0.121;0.076;2.017;1.343;0.378;137.512;136.092;390.756;390.777;389.418;35.189;34.948;1.366;0.182;0.064;54.560;445.337;15506.980;122.343;89.010;92.741;0.000;0.021;0.000;13;134.151;387.379;4;0;0;0;0;0;0;0
166;1;1;1;0.000000;0.000000;1.000000;20594.059271;20594.107395;20594.496643;789485;132728;138460;101;1731;132728;144444;100.000;1.124;1.223;531.699;570.738;34.667;172621;150718;138460;0.210;0.121;0.076;2.025;1.062;0.059;117.326;116.189;389.199;389.249;388.170;30.142;29.932;1.367;0.182;0.069;48.124;437.373;15587.615;115.496;82.163;92.080;0.000;0.050;0.000;29;114.240;386.095;9;0;0;0;0;0;0;0
167;1;1;1;0.000000;0.000000;1.000000;20594.170610;20594.225563;20594.629930;789977;29328;138716;23;1734;29328;31996;100.000;0.219;0.239;532.682;571.788;7.679;165456;151144;138716;0.205;0.122;0.076;2.014;1.355;0.365;136.372;134.941;404.351;404.367;402.997;33.725;33.484;1.366;0.183;0.062;54.953;459.320;15687.569;118.168;84.835;91.627;0.000;0.016;0.000;11;133.003;400.966;4;0;0;0;0;0;0;0
168;1;1;1;0.000000;0.000000;1.000000;20594.304793;20594.359691;20594.749179;791598;24816;139622;19;1746;24816;27020;100.000;0.218;0.236;536.161;575.538;6.485;164403;152065;139622;0.208;0.121;0.076;2.020;1.080;0.062;122.614;121.459;389.459;389.488;388.392;31.481;31.272;1.367;0.184;0.064;54.898;444.386;15773.484;134.128;100.795;92.200;0.000;0.029;0.000;18;119.515;386.343;2;0;0;0;0;0;0;0
169;1;1;1;0.000000;0.000000;1.000000;20594.426212;20594.474190;20594.855141;795034;25192;139918;20;1749;25192;27512;100.000;0.190;0.207;537.298;576.743;6.603;164427;153112;139918;0.209;0.122;0.076;2.020;1.353;0.353;109.060;107.630;380.931;380.951;379.582;28.628;28.355;1.366;0.185;0.063;47.978;428.929;15846.113;114.499;81.166;91.511;0.000;0.020;0.001;11;105.686;377.540;4;0;0;0;0;0;0;0
170;1;1;1;0.000000;0.000000;1.000000;20594.552832;20594.607162;20594.996672;794863;25944;140286;20;1754;25944;28264;100.000;0.218;0.236;538.711;578.268;6.783;162948;152059;140286;0.209;0.123;0.076;2.023;1.072;0.061;144.902;143.755;389.492;389.511;388.423;37.201;37.010;1.367;0.185;0.063;54.330;443.840;15954.311;132.971;99.638;92.019;0.000;0.019;0.000;12;141.808;386.380;3;0;0;0;0;0;0;0
171;1;1;1;0.000000;0.000000;1.000000;20594.671266;20594.726782;20595.115879;794885;27260;141226;21;1766;27260;29696;100.000;0.259;0.281;542.320;582.149;7.127;162113;151953;141226;0.206;0.124;0.076;2.023;1.085;0.061;122.299;121.138;389.080;389.097;387.997;31.431;31.221;1.366;0.186;0.065;55.516;444.613;16040.184;119.620;86.287;91.660;0.000;0.018;0.000;10;119.191;385.955;5;0;0;0;0;0;0;0
172;1;1;1;0.000000;0.000000;1.000000;20594.784600;20594.832425;20595.220248;788905;26884;141276;21;1766;26884;29320;100.000;0.190;0.207;542.512;582.341;7.037;160084;150715;141276;0.209;0.124;0.076;2.032;1.366;0.370;107.458;106.016;387.802;387.822;386.440;27.708;27.434;1.366;0.186;0.071;47.826;435.648;16111.219;105.643;72.310;90.451;0.000;0.020;0.000;12;104.060;384.371;3;0;0;0;0;0;0;0
173;1;1;1;0.000000;0.000000;1.000000;20594.919494;20594.974135;20595.355500;787376;27260;140380;21;1755;27260;29696;100.000;0.229;0.249;539.072;578.652;7.127;157763;149155;140380;0.210;0.122;0.076;2.024;1.074;0.059;138.647;137.497;381.349;381.365;380.274;36.356;36.157;1.366;0.185;0.064;54.641;436.006;16213.138;141.710;108.376;91.571;0.000;0.015;0.000;11;135.550;378.234;4;0;0;0;0;0;0;0
174;1;1;1;0.000000;0.000000;1.000000;20595.038172;20595.093608;20595.485964;791921;28388;138596;22;1733;28388;30940;100.000;0.274;0.298;532.221;571.305;7.426;155889;148304;138596;0.213;0.122;0.075;2.023;1.324;0.359;133.560;132.162;392.338;392.356;391.016;34.041;33.800;1.368;0.182;0.064;55.437;447.793;16310.269;119.473;86.140;91.232;0.000;0.018;0.000;11;130.213;388.974;4;0;0;0;0;0;0;0
175;1;1;1;0.000000;0.000000;1.000000;20595.149461;20595.197496;20595.598205;785044;27824;137098;22;1714;27824;30376;100.000;0.206;0.224;526.469;565.124;7.290;153735;146334;137098;0.208;0.121;0.076;2.017;1.053;0.061;115.584;114.455;400.689;400.709;399.638;28.845;28.640;1.367;0.181;0.064;48.035;448.744;16389.177;103.888;70.555;89.940;0.000;0.020;0.000;14;112.513;397.600;3;0;0;0;0;0;0;0
176;1;1;1;0.000000;0.000000;1.000000;20595.278023;20595.332974;20595.720868;785759;28012;136788;22;1710;28012;30564;100.000;0.216;0.235;525.278;563.844;7.335;152496;145443;136788;0.208;0.121;0.075;2.016;1.330;0.347;125.732;124.327;387.867;387.894;386.548;32.414;32.164;1.368;0.180;0.064;54.951;442.844;16478.506;135.478;102.144;90.702;0.000;0.026;0.000;14;122.386;384.504;3;0;0;0;0;0;0;0
177;1;1;1;0.000000;0.000000;1.000000;20595.409348;20595.463337;20595.839969;782963;29140;136884;23;1712;29140;31808;100.000;0.260;0.283;525.647;564.257;7.634;151983;144919;136884;0.209;0.121;0.075;2.028;0.924;0.056;122.442;121.443;376.612;376.632;375.689;32.510;32.325;1.369;0.181;0.073;53.989;430.621;16564.274;130.363;97.029;91.098;0.000;0.020;0.000;15;119.489;373.639;4;0;0;0;0;0;0;0
178;1;1;1;0.000000;0.000000;1.000000;20595.527943;20595.575773;20595.968326;783666;27636;138258;21;1729;27636;30072;100.000;1004.514;1089.588;530.923;569.917;7.217;153091;145898;138258;0.207;0.122;0.075;2.024;1.055;0.061;131.311;130.182;392.509;392.553;391.483;33.450;33.253;1.370;0.182;0.068;47.830;440.384;16659.298;112.436;79.103;90.348;0.000;0.044;0.000;21;128.232;389.414;1;0;0;0;0;0;0;0
179;1;1;1;0.000000;0.000000;1.000000;20595.642581;20595.697960;20596.098429;786714;28012;138600;22;1733;28012;30564;100.000;0.235;0.256;532.236;571.320;7.335;153196;146333;138600;0.209;0.121;0.075;2.030;1.330;0.370;133.179;131.775;400.442;400.469;399.124;33.256;33.016;1.368;0.187;0.071;55.379;455.848;16756.068;122.187;88.854;90.255;0.000;0.027;0.000;11;129.819;397.066;3;0;0;0;0;0;0;0
180;1;1;1;0.000000;0.000000;1.000000;20595.762562;20595.817345;20596.217066;787583;26696;139086;21;1739;26696;29132;100.000;0.209;0.227;534.103;573.322;6.992;153440;146675;139086;0.209;0.123;0.075;2.021;1.062;0.058;121.993;120.857;399.670;399.721;398.644;30.519;30.317;1.367;0.183;0.063;54.782;454.504;16841.371;119.384;86.051;89.992;0.000;0.051;0.000;19;118.911;396.571;2;0;0;0;0;0;0;0
181;1;1;1;0.000000;0.000000;1.000000;20595.897147;20595.945695;20596.338231;793719;135924;139098;104;1739;135924;147988;100.000;1.047;1.139;534.149;573.368;35.517;175008;151952;139098;0.208;0.124;0.075;2.022;1.327;0.349;124.243;122.842;392.518;392.536;391.192;31.651;31.402;1.367;0.184;0.064;48.548;441.083;16929.202;128.351;95.017;90.306;0.000;0.018;0.000;51;120.894;389.150;5;0;0;0;0;0;0;0
182;1;1;1;0.000000;0.000000;1.000000;20596.020600;20596.075659;20596.471899;792329;27260;139598;21;1745;27260;29696;100.000;0.231;0.251;536.069;575.424;7.127;166831;152091;139598;0.206;0.123;0.076;2.018;1.077;0.061;137.016;135.863;396.220;396.240;395.147;34.579;34.383;1.366;0.184;0.063;55.060;451.300;17029.538;129.964;96.631;90.701;0.000;0.020;0.000;14;133.921;393.108;3;0;0;0;0;0;0;0
183;1;1;1;0.000000;0.000000;1.000000;20596.138397;20596.194206;20596.594571;801464;21996;141888;17;1774;21996;23968;100.000;0.182;0.198;544.862;584.871;5.752;166537;153344;141888;0.210;0.121;0.076;2.024;1.094;0.062;125.755;124.585;400.347;400.365;399.255;31.410;31.204;1.367;0.188;0.063;55.809;456.174;17118.876;118.547;85.213;90.358;0.000;0.019;0.000;9;122.636;397.202;5;0;0;0;0;0;0;0
184;1;1;1;0.000000;0.000000;1.000000;20596.268473;20596.315493;20596.707372;796948;22748;145036;18;1813;22748;24836;100.000;0.170;0.185;556.951;597.840;5.961;166858;155236;145036;0.208;0.123;0.077;2.039;1.396;0.400;115.919;114.446;391.851;391.879;390.468;29.580;29.310;1.369;0.194;0.069;47.020;438.899;17198.344;121.287;87.954;90.208;0.000;0.028;0.000;14;112.484;388.400;4;0;0;0;0;0;0;0
185;1;1;1;0.000000;0.000000;1.000000;20596.394422;20596.449586;20596.829081;802598;26696;147102;21;1839;26696;29132;100.000;0.219;0.238;564.884;606.360;6.992;167276;156904;147102;0.211;0.124;0.077;2.035;1.130;0.065;125.139;123.932;379.485;379.495;378.348;32.975;32.756;1.366;0.194;0.063;55.164;434.659;17286.719;134.093;100.760;90.868;0.000;0.010;0.000;15;121.973;376.301;4;0;0;0;0;0;0;0
186;1;1;1;0.000000;0.000000;1.000000;20596.516835;20596.572082;20597.023902;797039;28764;149128;22;1865;28764;31316;100.000;0.257;0.279;572.664;614.726;7.516;168113;158332;149128;0.208;0.125;0.077;2.044;1.408;0.379;197.985;196.499;451.803;451.820;450.395;43.819;43.628;1.366;0.197;0.071;55.248;507.067;17448.207;122.496;89.163;90.761;0.000;0.017;0.000;15;194.532;448.332;3;0;0;0;0;0;0;0
187;1;1;1;0.000000;0.000000;1.000000;20596.637053;20596.684374;20597.137230;797511;28764;148974;22;1863;28764;31316;100.000;0.236;0.256;572.073;614.089;7.516;167079;158342;148974;0.208;0.125;0.077;2.040;1.139;0.065;116.777;115.562;452.821;452.856;451.699;25.787;25.584;1.369;0.196;0.065;47.321;500.177;17528.201;112.292;78.958;90.023;0.000;0.034;0.000;18;113.599;449.624;3;0;0;0;0;0;0;0
188;1;1;1;0.000000;0.000000;1.000000;20596.750814;20596.806627;20597.312422;794879;26884;147856;21;1849;26884;29320;100.000;0.139;0.151;567.780;609.480;7.037;165226;157348;147856;0.208;0.125;0.077;2.035;1.399;0.374;178.370;176.894;505.776;505.795;504.380;35.265;35.072;1.366;0.194;0.064;55.813;561.608;17670.060;122.253;88.920;89.954;0.000;0.019;0.000;14;174.936;502.325;4;0;0;0;0;0;0;0
189;1;1;1;0.000000;0.000000;1.000000;20596.946235;20597.000933;20597.455529;793590;27636;145718;21;1822;27636;30072;100.000;0.244;0.264;559.570;600.661;7.217;163663;156126;145718;0.206;0.123;0.077;2.027;1.118;0.065;146.538;145.343;454.569;454.596;453.461;32.235;32.052;1.366;0.192;0.064;54.698;509.294;17779.834;194.306;160.973;94.393;0.000;0.027;0.000;20;143.393;451.406;2;0;0;0;0;0;0;0
190;1;1;1;0.000000;0.000000;1.000000;20597.067312;20597.114814;20597.580175;788938;28200;143848;22;1799;28200;30752;100.000;0.162;0.176;552.389;592.962;7.380;160205;153145;143848;0.207;0.123;0.077;2.030;1.367;0.357;127.788;126.344;465.339;465.361;463.976;27.460;27.231;1.366;0.190;0.068;47.501;512.863;17871.147;113.881;80.547;93.528;0.000;0.022;0.000;14;124.390;461.923;4;0;0;0;0;0;0;0
191;1;1;1;0.000000;0.000000;1.000000;20597.235243;20597.289556;20597.731094;784846;27636;142800;21;1785;27636;30072;100.000;698.348;757.492;548.364;588.622;7.217;158304;151373;142800;0.209;0.124;0.076;2.029;1.121;0.061;154.316;153.119;441.505;441.539;440.401;34.949;34.768;1.368;0.189;0.064;54.313;495.852;17988.733;174.742;141.409;96.520;0.000;0.033;0.000;19;151.166;438.338;2;0;0;0;0;0;0;0
192;1;1;1;0.000000;0.000000;1.000000;20597.378296;20597.432888;20597.845795;788004;28012;142404;22;1781;28012;30564;100.000;0.226;0.246;546.844;587.011;7.335;157582;151064;142404;0.206;0.123;0.076;2.022;1.378;0.351;117.848;116.395;412.885;412.908;411.514;28.541;28.284;1.367;0.187;0.064;54.591;467.499;18070.100;143.332;109.998;97.363;0.000;0.023;0.000;10;114.448;409.468;4;0;0;0;0;0;0;0
193;1;1;1;0.000000;0.000000;1.000000;20597.510756;20597.557409;20597.964007;795964;26884;142560;21;1782;26884;29320;100.000;0.179;0.194;547.443;587.632;7.037;157368;150939;142560;0.211;0.124;0.076;2.058;1.084;0.064;121.600;120.440;406.564;406.598;405.494;29.907;29.702;1.384;0.188;0.076;46.653;453.251;18154.978;124.521;91.188;96.977;0.000;0.034;0.000;20;118.457;403.395;2;0;0;0;0;0;0;0
194;1;1;1;0.000000;0.000000;1.000000;20597.654415;20597.708483;20598.104243;799207;27260;143286;21;1792;27260;29696;100.000;0.239;0.259;550.231;590.646;7.127;157658;151234;143286;0.208;0.123;0.076;2.030;1.094;0.061;143.379;142.210;395.741;395.760;394.650;36.229;36.034;1.369;0.188;0.066;54.067;449.827;18261.881;151.074;117.740;98.274;0.000;0.020;0.000;13;140.255;392.600;3;0;0;0;0;0;0;0
195;1;1;1;0.000000;0.000000;1.000000;20597.766958;20597.823029;20598.223859;799402;28576;144392;22;1805;28576;31128;100.000;0.243;0.264;554.478;595.186;7.471;158549;152222;144392;0.213;0.122;0.078;2.034;1.383;0.382;122.738;121.277;400.795;400.830;399.431;30.621;30.362;1.368;0.190;0.063;56.071;456.901;18348.164;114.546;81.213;97.208;0.000;0.035;0.000;21;119.321;397.361;2;0;0;0;0;0;0;0
196;1;1;1;0.000000;0.000000;1.000000;20597.891898;20597.940927;20598.337563;800483;135736;145043;104;1814;135736;147800;100.000;0.967;1.052;556.978;597.889;35.472;179847;157023;145043;0.209;0.124;0.076;2.030;1.112;0.063;117.118;115.931;396.582;396.636;395.508;29.528;29.312;1.366;0.191;0.065;49.029;445.665;18428.535;117.898;84.565;96.418;0.000;0.054;0.000;31;113.976;393.422;6;0;0;0;0;0;0;0
197;1;1;1;0.000000;0.000000;1.000000;20598.025854;20598.081462;20598.481967;798336;27072;145944;21;1825;27072;29508;100.000;0.227;0.247;560.437;601.597;7.082;172853;158004;145944;0.213;0.123;0.077;2.036;1.391;0.367;147.542;146.074;400.475;400.505;399.097;36.839;36.601;1.368;0.191;0.064;55.607;456.112;18539.605;140.535;107.201;97.092;0.000;0.030;0.000;19;144.115;397.029;3;0;0;0;0;0;0;0
198;1;1;1;0.000000;0.000000;1.000000;20598.146054;20598.200902;20598.614151;798454;21808;146568;17;1833;21808;23780;100.000;0.192;0.208;562.834;604.174;5.707;170597;157840;146568;0.208;0.124;0.077;2.037;1.135;0.063;135.610;134.398;413.241;413.250;412.098;32.816;32.613;1.366;0.193;0.069;54.848;468.097;18638.456;119.440;86.107;96.405;0.000;0.009;0.000;13;132.438;410.051;3;0;0;0;0;0;0;0
199;1;1;1;0.000000;0.000000;1.000000;20598.267170;20598.315168;20598.730872;800770;21620;147434;17;1843;21620;23592;100.000;0.151;0.164;566.159;607.725;5.662;169569;157934;147434;0.212;0.124;0.077;2.037;1.385;0.357;119.891;118.430;415.676;415.704;414.303;28.841;28.585;1.367;0.193;0.064;47.998;463.702;18721.844;114.267;80.933;95.438;0.000;0.028;0.000;11;116.470;412.237;4;0;0;0;0;0;0;0
200;1;1;1;0.000000;0.000000;1.000000;20598.404625;20598.459170;20598.855785;802378;24440;148866;19;1861;24440;26644;100.000;0.185;0.201;571.658;613.630;6.395;170033;159668;148866;0.208;0.125;0.078;2.040;1.154;0.068;128.331;127.099;396.582;396.615;395.444;32.357;32.141;1.368;0.195;0.066;54.545;451.160;18813.423;144.002;110.669;96.390;0.000;0.032;0.000;18;125.138;393.371;2;0;0;0;0;0;0;0
201;1;1;1;0.000000;0.000000;1.000000;20598.536344;20598.591596;20598.981493;805285;26884;150350;21;1880;26884;29320;100.000;0.232;0.252;577.356;619.757;7.037;169979;160123;150350;0.212;0.126;0.077;2.049;1.430;0.352;128.900;127.392;389.883;389.897;388.450;33.060;32.795;1.369;0.198;0.067;55.252;445.149;18905.798;132.426;99.093;96.559;0.000;0.014;0.000;15;125.421;386.387;4;0;0;0;0;0;0;0
202;1;1;1;0.000000;0.000000;1.000000;20598.659815;20598.708102;20599.104056;803318;27636;152012;21;1901;27636;30072;100.000;553.718;600.613;583.739;626.613;7.217;170750;161593;152012;0.208;0.127;0.079;2.047;1.196;0.066;126.038;124.764;395.921;395.953;394.741;31.832;31.607;1.368;0.200;0.065;48.287;444.241;18995.027;116.506;83.173;95.722;0.000;0.033;0.000;13;122.796;392.660;3;0;0;0;0;0;0;0
203;1;1;1;0.000000;0.000000;1.000000;20598.778031;20598.833219;20599.240910;802036;29140;152816;23;1911;29140;31808;100.000;0.233;0.254;586.826;629.926;7.634;170894;162466;152816;0.212;0.126;0.079;2.049;1.168;0.064;140.084;138.837;407.668;407.691;406.506;34.360;34.154;1.367;0.199;0.066;55.189;462.879;19098.548;125.117;91.784;95.476;0.000;0.022;0.000;10;136.868;404.424;4;0;0;0;0;0;0;0
204;1;1;1;0.000000;0.000000;1.000000;20598.902664;20598.958469;20599.357687;810228;28012;152942;22;1912;28012;30564;100.000;0.229;0.250;587.310;630.432;7.335;170034;162351;152942;0.209;0.127;0.078;2.050;1.461;0.415;119.992;118.453;399.204;399.218;397.741;30.057;29.781;1.373;0.199;0.064;55.806;455.023;19181.992;125.250;91.917;95.254;0.000;0.013;0.000;13;116.481;395.676;3;0;0;0;0;0;0;0
205;1;1;1;0.000000;0.000000;1.000000;20599.032912;20599.080982;20599.480390;808185;26320;152382;20;1905;26320;28640;100.000;604.383;655.466;585.159;628.124;6.874;169092;161653;152382;0.209;0.127;0.078;2.046;1.175;0.065;126.211;124.959;399.391;399.408;398.218;31.600;31.380;1.367;0.201;0.064;48.070;447.478;19271.361;122.512;89.179;94.874;0.000;0.017;0.000;11;122.991;396.154;3;0;0;0;0;0;0;0
206;1;1;1;0.000000;0.000000;1.000000;20599.161333;20599.218216;20599.613791;815223;27636;150790;21;1885;27636;30072;100.000;595.214;645.623;579.046;621.559;7.217;166353;159035;150790;0.208;0.125;0.078;2.048;1.429;0.381;136.617;135.109;395.552;395.574;394.127;34.536;34.281;1.369;0.198;0.070;56.883;452.457;19371.429;137.235;103.901;95.438;0.000;0.023;0.000;11;133.139;392.055;3;0;0;0;0;0;0;0
207;1;1;1;0.000000;0.000000;1.000000;20599.279110;20599.334525;20599.732854;799426;27824;149044;22;1864;27824;30376;100.000;0.226;0.246;572.341;614.381;7.290;164092;157341;149044;0.209;0.125;0.078;2.047;1.143;0.062;122.539;121.318;398.304;398.329;397.169;30.763;30.546;1.369;0.196;0.070;55.414;453.743;19457.159;116.308;82.975;94.659;0.000;0.025;0.000;10;119.348;395.096;4;0;0;0;0;0;0;0
208;1;1;1;0.000000;0.000000;1.000000;20599.410003;20599.457856;20599.844542;790320;27072;147638;21;1846;27072;29508;100.000;0.204;0.222;566.942;608.576;7.082;161918;155269;147638;0.212;0.125;0.078;2.046;1.403;0.380;114.876;113.395;386.663;386.686;385.266;29.708;29.433;1.371;0.195;0.066;47.853;434.539;19535.514;123.331;89.998;94.368;0.000;0.023;0.000;13;111.427;383.196;3;0;0;0;0;0;0;0
209;1;1;1;0.000000;0.000000;1.000000;20599.536653;20599.590933;20599.969418;795945;27072;145656;21;1821;27072;29508;100.000;0.227;0.247;559.332;600.401;7.082;159599;153076;145656;0.212;0.124;0.076;2.034;1.123;0.065;128.322;127.123;378.447;378.485;377.345;33.904;33.689;1.367;0.192;0.064;54.280;432.765;19627.056;133.077;99.743;94.704;0.000;0.037;0.001;20;125.165;375.273;2;0;0;0;0;0;0;0
210;1;1;1;0.000000;0.000000;1.000000;20599.655294;20599.710371;20600.103745;792891;28200;144144;22;1802;28200;30752;100.000;0.254;0.276;553.525;594.166;7.380;157708;151413;144144;0.211;0.124;0.076;2.038;1.359;0.373;137.482;136.047;393.344;393.374;391.999;34.949;34.706;1.368;0.189;0.070;55.077;448.451;19728.050;119.438;86.105;94.167;0.000;0.030;0.000;10;134.085;389.931;4;0;0;0;0;0;0;0
211;1;1;1;0.000000;0.000000;1.000000;20599.773953;20599.821772;20600.221987;797320;136300;143206;104;1791;136300;148364;100.000;1.092;1.188;549.924;590.316;35.607;179073;155570;143206;0.209;0.122;0.076;2.028;1.106;0.065;121.636;120.454;400.204;400.215;399.093;30.393;30.182;1.368;0.188;0.065;47.819;448.034;19812.959;111.401;78.068;93.160;0.000;0.010;0.000;53;118.502;397.054;5;0;0;0;0;0;0;0
212;1;1;1;0.000000;0.000000;1.000000;20599.891042;20599.946715;20600.354412;805214;26696;142122;21;1777;26696;29132;100.000;0.201;0.218;545.761;585.838;6.992;167677;153813;142122;0.207;0.122;0.076;2.023;1.365;0.350;135.555;134.115;407.676;407.697;406.315;33.249;33.008;1.366;0.187;0.065;55.673;463.370;19912.050;124.943;91.609;93.063;0.000;0.021;0.000;12;132.168;404.271;3;0;0;0;0;0;0;0
213;1;1;1;0.000000;0.000000;1.000000;20600.025198;20600.080309;20600.478512;797126;20868;141596;16;1770;20868;22724;100.000;0.176;0.191;543.741;583.660;5.454;165634;153826;141596;0.208;0.124;0.075;2.020;1.096;0.074;127.477;126.306;398.172;398.204;397.091;32.013;31.808;1.365;0.186;0.062;55.111;453.314;20002.817;133.594;100.261;93.513;0.000;0.032;0.000;15;124.361;395.029;2;0;0;0;0;0;0;0
214;1;1;1;0.000000;0.000000;1.000000;20600.152039;20600.199572;20600.602829;803136;17484;141814;14;1773;17484;19108;100.000;0.133;0.145;544.578;584.565;4.586;164584;153253;141814;0.209;0.124;0.076;2.034;1.095;0.063;127.431;126.260;403.231;403.256;402.145;31.600;31.397;1.367;0.187;0.071;47.534;450.790;20093.800;119.264;85.930;93.039;0.000;0.025;0.000;7;124.302;400.085;3;0;0;0;0;0;0;0
215;1;1;1;0.000000;0.000000;1.000000;20600.276715;20600.331721;20600.733241;809297;24252;143036;19;1788;24252;26456;100.000;0.196;0.213;549.271;589.596;6.349;164098;153400;143036;0.206;0.124;0.077;2.027;1.397;0.382;133.538;132.064;401.491;401.519;400.106;33.258;33.007;1.366;0.188;0.066;55.007;456.526;20190.879;132.149;98.816;93.400;0.000;0.029;0.000;11;130.114;398.049;3;0;0;0;0;0;0;0
216;1;1;1;0.000000;0.000000;1.000000;20600.400033;20600.455956;20600.851507;808156;27072;144130;21;1802;27072;29508;100.000;0.218;0.237;553.472;594.112;7.082;164495;154711;144130;0.209;0.123;0.077;2.029;1.107;0.063;121.688;120.504;395.527;395.551;394.428;30.764;30.552;1.366;0.190;0.065;55.923;451.474;20275.812;124.235;90.901;93.244;0.000;0.025;0.000;11;118.552;392.373;4;0;0;0;0;0;0;0
217;1;1;1;0.000000;0.000000;1.000000;20600.533402;20600.580490;20600.974521;810355;28764;146106;22;1827;28764;31316;100.000;0.222;0.241;561.060;602.264;7.516;164617;155714;146106;0.208;0.124;0.077;2.036;1.418;0.398;126.145;124.651;394.007;394.031;392.594;32.014;31.751;1.368;0.192;0.067;47.089;441.119;20365.492;124.534;91.201;93.116;0.000;0.024;0.000;14;122.691;390.533;3;0;0;0;0;0;0;0
218;1;1;1;0.000000;0.000000;1.000000;20600.655813;20600.710448;20601.110016;810211;28952;148782;22;1860;28952;31504;100.000;857.798;930.581;571.335;613.284;7.561;166537;158775;148782;0.212;0.126;0.077;2.045;1.151;0.068;138.949;137.721;399.530;399.569;398.401;34.775;34.568;1.366;0.196;0.068;54.635;454.203;20467.655;129.957;96.624;93.336;0.000;0.039;0.000;22;135.753;396.316;1;0;0;0;0;0;0;0
219;1;1;1;0.000000;0.000000;1.000000;20600.773280;20600.829067;20601.235607;808645;29140;150220;23;1878;29140;31808;100.000;0.239;0.260;576.857;619.212;7.634;167305;159826;150220;0.208;0.126;0.078;2.037;1.422;0.361;128.784;127.285;406.504;406.540;405.102;31.678;31.420;1.366;0.197;0.062;55.786;462.327;20559.912;118.619;85.286;92.833;0.000;0.037;0.000;21;125.326;403.027;2;0;0;0;0;0;0;0
220;1;1;1;0.000000;0.000000;1.000000;20600.904837;20600.951360;20601.352903;810783;27448;150188;21;1878;27448;29884;100.000;0.202;0.220;576.734;619.090;7.172;167015;159584;150188;0.208;0.126;0.077;2.040;1.157;0.068;120.751;119.518;401.524;401.542;400.369;30.072;29.852;1.366;0.198;0.065;46.524;448.066;20643.874;122.294;88.961;92.591;0.000;0.018;0.000;8;117.555;398.309;5;0;0;0;0;0;0;0
221;1;1;1;0.000000;0.000000;1.000000;20601.032303;20601.087498;20601.481780;807088;27636;149054;21;1864;27636;30072;100.000;738.403;800.940;572.380;614.419;7.217;165112;157821;149054;0.207;0.124;0.077;2.038;1.406;0.358;132.073;130.590;394.263;394.283;392.861;33.497;33.241;1.369;0.197;0.064;55.195;449.477;20739.419;136.137;102.804;93.229;0.000;0.020;0.000;14;128.629;390.803;2;0;0;0;0;0;0;0
222;1;1;1;0.000000;0.000000;1.000000;20601.157935;20601.212730;20601.605563;809369;28012;147392;22;1843;28012;30564;100.000;0.239;0.260;565.998;607.563;7.335;162916;155906;147392;0.213;0.125;0.077;2.041;1.160;0.065;127.223;125.986;392.809;392.833;391.657;32.386;32.168;1.367;0.194;0.066;54.795;447.628;20829.868;125.232;91.899;93.146;0.000;0.024;0.000;13;124.022;389.590;3;0;0;0;0;0;0;0
223;1;1;1;0.000000;0.000000;1.000000;20601.282612;20601.330241;20601.721738;795354;27448;146064;21;1826;27448;29884;100.000;0.213;0.232;560.898;602.080;7.172;161109;154353;146064;0.210;0.123;0.077;2.037;1.127;0.071;119.372;118.168;391.469;391.497;390.352;30.491;30.272;1.369;0.193;0.065;47.629;439.126;20912.709;117.511;84.178;92.585;0.000;0.027;0.000;12;116.208;388.287;4;0;0;0;0;0;0;0
224;1;1;1;0.000000;0.000000;1.000000;20601.404321;20601.459259;20601.849254;795455;27260;144466;21;1806;27260;29696;100.000;0.221;0.240;554.762;595.493;7.127;158406;152079;144466;0.207;0.123;0.077;2.029;1.395;0.406;130.669;129.198;389.985;389.995;388.583;33.505;33.248;1.367;0.190;0.065;54.938;444.933;21006.892;129.018;95.685;92.779;0.000;0.010;0.000;15;127.245;386.534;4;0;0;0;0;0;0;0
225;1;1;1;0.000000;0.000000;1.000000;20601.527150;20601.582825;20601.964248;795720;27824;143728;22;1797;27824;30376;100.000;0.240;0.261;551.928;592.456;7.290;157349;150860;143728;0.207;0.124;0.076;2.028;1.098;0.062;118.416;117.243;381.403;381.423;380.309;31.046;30.828;1.368;0.189;0.064;55.675;437.098;21088.553;123.566;90.233;92.620;0.000;0.020;0.000;10;115.291;378.260;4;0;0;0;0;0;0;0
226;1;1;1;0.000000;0.000000;1.000000;20601.650315;20601.699158;20602.088693;798723;137992;142930;105;1787;137992;150172;100.000;1.088;1.183;548.864;589.166;36.041;180302;156126;142930;0.206;0.124;0.076;2.023;1.371;0.383;127.567;126.120;389.516;389.535;388.147;32.749;32.493;1.365;0.188;0.063;48.843;438.378;21179.664;116.333;83.000;92.019;0.000;0.018;0.001;48;124.173;386.105;5;0;0;0;0;0;0;0
227;1;1;1;0.000000;0.000000;1.000000;20601.771096;20601.826162;20602.217960;807441;25004;142948;19;1787;25004;27208;100.000;645.644;700.091;548.933;589.235;6.530;170657;155545;142948;0.208;0.123;0.076;2.034;0.965;0.059;132.654;131.613;391.779;391.798;390.812;33.858;33.677;1.367;0.190;0.071;55.066;446.865;21275.599;127.004;93.671;92.122;0.000;0.020;0.000;14;129.655;388.757;2;0;0;0;0;0;0;0
228;1;1;1;0.000000;0.000000;1.000000;20601.885566;20601.941427;20602.348532;803316;22560;143504;18;1794;22560;24648;100.000;0.182;0.198;551.068;591.528;5.916;169855;157192;143504;0.209;0.124;0.076;2.032;1.379;0.414;133.571;132.117;407.072;407.105;405.708;32.810;32.565;1.367;0.189;0.069;55.861;462.966;21372.837;115.265;81.931;91.485;0.000;0.033;0.000;16;130.160;403.641;2;0;0;0;0;0;0;0
229;1;1;1;0.000000;0.000000;1.000000;20602.019216;20602.065953;20602.493551;809074;23500;144280;18;1804;23500;25588;100.000;0.182;0.198;554.048;594.733;6.141;168460;157017;144280;0.209;0.125;0.077;2.033;1.116;0.065;148.430;147.237;427.564;427.598;426.466;34.713;34.525;1.367;0.190;0.065;46.737;474.335;21484.523;124.526;91.193;91.467;0.000;0.035;0.000;17;145.281;424.397;2;0;0;0;0;0;0;0
230;1;1;1;0.000000;0.000000;1.000000;20602.139644;20602.195267;20602.637782;808265;24628;145334;19;1817;24628;26832;100.000;0.190;0.206;558.095;599.074;6.440;168024;157265;145334;0.206;0.123;0.077;2.030;1.385;0.350;147.378;145.916;442.502;442.514;441.113;33.305;33.079;1.367;0.191;0.066;55.623;498.138;21595.420;129.315;95.981;91.749;0.000;0.012;0.000;15;143.962;439.070;3;0;0;0;0;0;0;0
231;1;1;1;0.000000;0.000000;1.000000;20602.268895;20602.325483;20602.762902;818848;28200;147128;22;1840;28200;30752;100.000;0.195;0.212;564.984;606.482;7.380;167890;158180;147128;0.210;0.123;0.077;2.038;1.136;0.065;128.532;127.320;437.402;437.420;436.267;29.384;29.184;1.366;0.194;0.068;56.588;494.007;21687.207;130.215;96.882;92.070;0.000;0.018;0.000;15;125.359;434.209;3;0;0;0;0;0;0;0
232;1;1;1;0.000000;0.000000;1.000000;20602.422813;20602.470912;20602.895403;820617;27636;148796;21;1860;27636;30072;100.000;645.398;700.058;571.389;613.338;7.217;168679;159954;148796;0.209;0.125;0.077;2.036;1.186;0.068;135.673;134.410;424.463;424.490;423.288;31.961;31.754;1.366;0.196;0.063;48.099;472.590;21786.374;145.430;112.097;93.321;0.000;0.027;0.000;11;132.451;421.224;3;0;0;0;0;0;0;0
233;1;1;1;0.000000;0.000000;1.000000;20602.560085;20602.615015;20603.028711;814146;28012;150842;22;1886;28012;30564;100.000;0.224;0.244;579.246;621.781;7.335;169399;161540;150842;0.208;0.126;0.078;2.060;1.315;0.393;136.524;135.131;413.671;413.695;412.361;33.001;32.770;1.367;0.199;0.082;54.930;468.625;21886.349;144.103;110.769;94.412;0.000;0.025;0.000;14;133.149;410.275;3;0;0;0;0;0;0;0
234;1;1;1;0.000000;0.000000;1.000000;20602.685098;20602.740309;20603.167028;814852;28200;152630;22;1908;28200;30752;100.000;0.213;0.232;586.112;629.144;7.380;170246;162801;152630;0.208;0.126;0.078;2.044;1.178;0.068;141.683;140.427;426.694;426.719;425.525;33.203;33.001;1.367;0.201;0.065;55.211;481.930;21991.333;125.294;91.960;94.259;0.000;0.025;0.000;14;138.461;423.445;3;0;0;0;0;0;0;0
235;1;1;1;0.000000;0.000000;1.000000;20602.826112;20602.872849;20603.282470;815725;26320;153174;20;1915;26320;28640;100.000;611.813;663.523;588.201;631.391;6.874;170352;163280;153174;0.207;0.126;0.079;2.044;1.448;0.383;118.661;117.134;409.600;409.621;408.157;28.969;28.698;1.369;0.201;0.063;46.736;456.358;22073.442;132.540;99.207;94.568;0.000;0.021;0.000;12;115.169;406.091;3;0;0;0;0;0;0;0
236;1;1;1;0.000000;0.000000;1.000000;20602.950614;20603.005610;20603.412402;816078;26884;152808;21;1911;26884;29320;100.000;0.194;0.211;586.795;629.895;7.037;169264;162143;152808;0.210;0.127;0.080;2.046;1.182;0.076;133.420;132.159;406.768;406.792;405.593;32.798;32.584;1.366;0.200;0.064;54.997;461.788;22170.040;132.761;99.428;94.872;0.000;0.023;0.001;11;130.193;403.522;3;0;0;0;0;0;0;0
237;1;1;1;0.000000;0.000000;1.000000;20603.089415;20603.144489;20603.545039;810868;27636;151650;21;1896;27636;30072;100.000;0.241;0.261;582.348;625.110;7.217;167438;160318;151650;0.206;0.125;0.078;2.046;1.454;0.374;135.863;134.331;400.529;400.550;399.079;33.919;33.660;1.369;0.199;0.069;55.074;455.624;22269.344;138.879;105.546;95.539;0.000;0.021;0.000;10;132.363;397.011;4;0;0;0;0;0;0;0
238;1;1;1;0.000000;0.000000;1.000000;20603.211486;20603.259755;20603.666401;801907;27448;149972;21;1875;27448;29884;100.000;0.212;0.230;575.905;618.192;7.172;165270;158114;149972;0.213;0.125;0.078;2.055;1.155;0.066;124.860;123.627;406.620;406.647;405.475;30.705;30.489;1.370;0.198;0.071;48.268;454.915;22357.373;115.265;81.932;94.688;0.000;0.026;0.000;11;121.650;403.393;4;0;0;0;0;0;0;0
239;1;1;1;0.000000;0.000000;1.000000;20603.335232;20603.389886;20603.791750;799196;28200;148264;22;1854;28200;30752;100.000;0.214;0.233;569.346;611.160;7.380;163307;156327;148264;0.209;0.124;0.077;2.046;1.421;0.370;128.556;127.058;401.834;401.864;400.426;31.990;31.731;1.369;0.196;0.072;54.654;456.518;22449.388;130.131;96.798;94.820;0.000;0.030;0.000;19;125.088;398.349;3;0;0;0;0;0;0;0
240;1;1;1;0.000000;0.000000;1.000000;20603.466902;20603.522137;20603.912134;799621;28388;146996;22;1838;28388;30940;100.000;0.234;0.255;564.477;605.930;7.426;161556;154697;146996;0.206;0.125;0.077;2.033;1.149;0.063;123.850;122.624;389.974;389.997;388.832;31.757;31.537;1.368;0.193;0.065;55.235;445.232;22536.439;132.251;98.918;95.076;0.000;0.023;0.000;13;120.668;386.775;4;0;0;0;0;0;0;0
241;1;1;1;0.000000;0.000000;1.000000;20603.595050;20603.643707;20604.023306;808174;139308;146062;106;1826;139308;151604;100.000;1.116;1.214;560.891;602.073;36.385;182380;158734;146062;0.208;0.124;0.077;2.031;1.405;0.361;114.350;112.868;379.575;379.599;378.177;30.124;29.845;1.366;0.192;0.064;48.657;428.256;22614.277;121.570;88.236;94.649;0.000;0.024;0.000;53;110.914;376.121;5;0;0;0;0;0;0;0
242;1;1;1;0.000000;0.000000;1.000000;20603.713573;20603.768659;20604.161553;810609;27824;145468;22;1819;27824;30376;100.000;0.232;0.252;558.610;599.634;7.290;172886;157543;145468;0.209;0.125;0.077;2.046;1.061;0.063;141.677;140.539;392.855;392.894;391.813;36.060;35.869;1.372;0.192;0.072;55.085;447.980;22719.191;124.952;91.618;94.459;0.000;0.039;0.000;21;138.570;389.726;2;0;0;0;0;0;0;0
243;1;1;1;0.000000;0.000000;1.000000;20603.833066;20603.889209;20604.285409;809086;19928;145086;16;1814;19928;21784;100.000;0.180;0.196;557.143;598.054;5.228;170781;157229;145086;0.212;0.123;0.077;2.051;1.318;0.428;126.962;125.567;396.180;396.200;394.863;32.045;31.800;1.378;0.191;0.070;56.142;452.342;22809.714;120.550;87.217;94.007;0.000;0.020;0.000;7;123.592;392.790;4;0;0;0;0;0;0;0
244;1;1;1;0.000000;0.000000;1.000000;20603.952821;20604.000475;20604.404457;804105;21996;145538;17;1820;21996;23968;100.000;0.160;0.173;558.878;599.925;5.752;170149;157179;145538;0.207;0.124;0.077;2.063;1.051;0.064;122.408;121.280;403.949;403.982;402.913;30.300;30.101;1.372;0.193;0.090;47.654;451.636;22895.429;111.266;77.933;93.002;0.000;0.033;0.000;16;119.294;400.808;2;0;0;0;0;0;0;0
245;1;1;1;0.000000;0.000000;1.000000;20604.083415;20604.138813;20604.551736;810243;24252;146056;19;1826;24252;26456;100.000;0.197;0.215;560.868;602.050;6.349;169416;158053;146056;0.208;0.124;0.077;2.053;0.997;0.061;150.389;149.316;412.903;412.923;411.906;36.421;36.250;1.370;0.193;0.081;55.398;468.321;23009.374;138.338;105.005;93.752;0.000;0.019;0.000;13;147.339;409.832;3;0;0;0;0;0;0;0
246;1;1;1;0.000000;0.000000;1.000000;20604.206255;20604.262106;20604.681735;808451;27448;146718;21;1834;27448;29884;100.000;0.231;0.251;563.410;604.772;7.172;169132;158994;146718;0.209;0.124;0.076;2.050;1.333;0.400;133.046;131.637;419.603;419.629;418.275;31.706;31.471;1.371;0.194;0.077;55.851;475.480;23106.040;123.293;89.960;93.515;0.000;0.026;0.000;11;129.663;416.198;3;0;0;0;0;0;0;0
247;1;1;1;0.000000;0.000000;1.000000;20604.334181;20604.381398;20604.797497;818595;29140;147758;23;1847;29140;31808;100.000;0.198;0.216;567.403;609.059;7.634;168881;159627;147758;0.211;0.124;0.078;2.037;1.153;0.067;119.147;117.916;416.078;416.099;414.930;28.634;28.418;1.366;0.194;0.064;47.217;463.316;23188.469;119.292;85.958;93.043;0.000;0.021;0.000;17;115.957;412.870;3;0;0;0;0;0;0;0
248;1;1;1;0.000000;0.000000;1.000000;20604.473484;20604.528735;20604.926749;813416;29140;149576;23;1870;29140;31808;100.000;0.226;0.246;574.384;616.559;7.634;169501;161100;149576;0.210;0.126;0.078;2.044;1.420;0.368;132.439;130.941;397.978;398.014;396.577;33.275;33.018;1.368;0.197;0.066;55.251;453.265;23284.387;147.337;114.003;94.353;0.000;0.036;0.000;19;128.975;394.496;3;0;0;0;0;0;0;0
249;1;1;1;0.000000;0.000000;1.000000;20604.602271;20604.658040;20605.058379;816251;29892;151824;23;1898;29892;32560;100.000;0.256;0.279;583.017;625.823;7.814;170984;162599;151824;0.207;0.125;0.078;2.038;1.175;0.066;135.093;133.840;400.323;400.340;399.148;33.745;33.532;1.366;0.199;0.063;55.769;456.108;23382.684;129.305;95.972;94.454;0.000;0.017;0.000;13;131.880;397.092;4;0;0;0;0;0;0;0
250;1;1;1;0.000000;0.000000;1.000000;20604.726794;20604.774987;20605.187257;820584;28576;153370;22;1918;28576;31128;100.000;0.223;0.242;588.953;632.211;7.471;171780;164085;153370;0.207;0.126;0.078;2.044;1.479;0.384;132.089;130.531;412.245;412.271;410.775;32.039;31.777;1.366;0.201;0.067;48.193;460.463;23478.229;116.947;83.613;93.777;0.000;0.025;0.000;11;128.565;408.704;3;0;0;0;0;0;0;0
251;1;1;1;0.000000;0.000000;1.000000;20604.847347;20604.903577;20605.321653;817535;26696;153478;21;1919;26696;29132;100.000;0.202;0.220;589.368;632.648;6.992;171425;163999;153478;0.210;0.127;0.079;2.059;1.041;0.074;137.915;136.795;418.033;418.077;417.016;32.988;32.803;1.365;0.203;0.075;56.229;474.306;23579.292;128.590;95.257;93.869;0.000;0.044;0.000;20;134.814;414.913;2;0;0;0;0;0;0;0
252;1;1;1;0.000000;0.000000;1.000000;20604.979922;20605.035914;20605.443416;812707;28764;152446;22;1906;28764;31316;100.000;0.225;0.244;585.405;628.392;7.516;169217;161899;152446;0.212;0.125;0.078;2.063;1.350;0.384;124.856;123.428;407.485;407.502;406.128;30.639;30.391;1.367;0.202;0.079;55.992;463.494;23667.721;132.338;99.005;94.190;0.000;0.017;0.000;12;121.443;404.047;3;0;0;0;0;0;0;0
253;1;1;1;0.000000;0.000000;1.000000;20605.116349;20605.164216;20605.568871;811017;29328;150768;23;1885;29328;31996;100.000;0.219;0.238;578.962;621.475;7.679;166432;159201;150768;0.212;0.126;0.078;2.060;1.010;0.062;128.871;127.783;404.626;404.655;403.626;31.847;31.659;1.372;0.197;0.075;47.867;452.522;23759.843;128.302;94.969;94.239;0.000;0.029;0.000;14;125.801;401.536;4;0;0;0;0;0;0;0
254;1;1;1;0.000000;0.000000;1.000000;20605.242554;20605.298535;20605.708246;812416;28012;148606;22;1858;28012;30564;100.000;0.232;0.252;570.660;612.564;7.335;163423;157088;148606;0.211;0.125;0.077;2.072;1.446;0.365;142.435;140.912;409.688;409.711;408.248;34.765;34.516;1.396;0.196;0.068;55.981;465.692;23865.884;134.319;100.985;94.660;0.000;0.023;0.000;15;138.916;406.142;4;0;0;0;0;0;0;0
255;1;1;1;0.000000;0.000000;1.000000;20605.363763;20605.419821;20605.833406;815874;27636;147150;21;1840;27636;30072;100.000;0.220;0.239;565.068;606.566;7.217;161509;155035;147150;0.207;0.124;0.078;2.031;1.144;0.066;128.677;127.455;413.558;413.586;412.425;31.112;30.904;1.365;0.194;0.063;56.057;469.643;23957.711;121.286;87.952;94.241;0.000;0.027;0.000;12;125.501;410.366;3;0;0;0;0;0;0;0
256;1;1;1;0.000000;0.000000;1.000000;20605.496461;20605.545676;20605.951630;811813;137804;146080;105;1826;137804;149984;100.000;0.994;1.081;560.960;602.142;35.996;184042;159743;146080;0.207;0.123;0.078;2.033;1.127;0.065;121.396;120.191;405.933;405.954;404.809;29.904;29.691;1.367;0.192;0.066;49.215;455.169;24042.601;125.856;92.522;94.134;0.000;0.021;0.000;47;118.235;402.754;5;0;0;0;0;0;0;0
257;1;1;1;0.000000;0.000000;1.000000;20605.629299;20605.684434;20606.089955;809323;28200;145366;22;1818;28200;30752;100.000;0.224;0.244;558.218;599.220;7.380;173086;158571;145366;0.214;0.122;0.077;2.034;1.394;0.396;141.484;140.013;405.507;405.521;404.111;34.890;34.647;1.366;0.192;0.064;55.135;460.656;24147.593;138.758;105.425;94.839;0.000;0.013;0.000;14;138.056;402.063;3;0;0;0;0;0;0;0
258;1;1;1;0.000000;0.000000;1.000000;20605.754942;20605.810481;20606.217987;806066;20304;145058;16;1814;20304;22160;100.000;0.172;0.187;557.035;597.947;5.318;169377;156629;145058;0.209;0.124;0.076;2.030;1.130;0.064;131.458;130.252;407.467;407.506;406.361;32.259;32.053;1.367;0.191;0.063;55.539;463.046;24242.292;126.047;92.714;94.707;0.000;0.039;0.000;15;128.298;404.290;2;0;0;0;0;0;0;0
259;1;1;1;0.000000;0.000000;1.000000;20605.881388;20605.929014;20606.332648;803994;21808;144584;17;1808;21808;23780;100.000;0.159;0.172;555.215;595.991;5.707;167488;156192;144584;0.206;0.123;0.077;2.026;1.385;0.378;117.817;116.356;403.601;403.634;402.233;29.189;28.927;1.367;0.191;0.062;47.626;451.260;24323.620;118.533;85.199;94.112;0.000;0.033;0.000;16;114.407;400.173;2;0;0;0;0;0;0;0
260;1;1;1;0.000000;0.000000;1.000000;20606.012409;20606.067145;20606.459687;804675;24440;144650;19;1809;24440;26644;100.000;0.191;0.208;555.468;596.267;6.395;166260;156028;144650;0.209;0.124;0.077;2.041;1.108;0.062;130.446;129.261;392.522;392.542;391.417;33.231;33.024;1.371;0.191;0.070;54.735;447.277;24417.325;138.131;104.797;94.780;0.000;0.020;0.000;11;127.297;389.354;3;0;0;0;0;0;0;0
261;1;1;1;0.000000;0.000000;1.000000;20606.139695;20606.195448;20606.586002;803023;25756;143952;20;1800;25756;28076;100.000;0.226;0.245;552.788;593.384;6.738;164726;155410;143952;0.212;0.123;0.077;2.045;1.400;0.374;129.463;127.986;390.516;390.554;389.137;33.148;32.890;1.368;0.192;0.073;55.753;446.307;24510.307;128.304;94.970;94.792;0.000;0.038;0.000;19;126.018;387.053;2;0;0;0;0;0;0;0
262;1;1;1;0.000000;0.000000;1.000000;20606.262362;20606.309891;20606.698234;804900;27448;144058;21;1801;27448;29884;100.000;0.217;0.235;553.195;593.813;7.172;165114;156483;144058;0.211;0.124;0.076;2.053;1.179;0.070;115.673;114.418;388.306;388.343;387.147;29.786;29.554;1.383;0.190;0.069;47.529;435.872;24589.206;114.442;81.109;93.937;0.000;0.037;0.000;20;112.441;385.056;2;0;0;0;0;0;0;0
263;1;1;1;0.000000;0.000000;1.000000;20606.381493;20606.436965;20606.832886;801032;28952;144662;22;1809;28952;31504;100.000;1114.704;1209.285;555.515;596.313;7.561;164902;156722;144662;0.213;0.125;0.077;2.042;1.399;0.353;137.882;136.406;395.891;395.921;394.506;34.826;34.576;1.367;0.190;0.070;55.471;451.392;24690.524;127.074;93.740;93.925;0.000;0.030;0.000;22;134.441;392.433;1;0;0;0;0;0;0;0
264;1;1;1;0.000000;0.000000;1.000000;20606.506719;20606.562494;20606.957746;793638;29704;145976;23;1825;29704;32372;100.000;0.264;0.287;560.560;601.720;7.769;164505;156640;145976;0.206;0.124;0.077;2.037;1.130;0.066;128.298;127.091;395.235;395.252;394.105;32.460;32.248;1.369;0.193;0.068;55.775;451.027;24782.051;125.529;92.196;93.817;0.000;0.017;0.000;17;125.131;392.050;3;0;0;0;0;0;0;0
265;1;1;1;0.000000;0.000000;1.000000;20606.627347;20606.675240;20607.071462;801156;29516;148478;23;1856;29516;32184;100.000;0.220;0.239;570.168;612.027;7.724;165784;158430;148478;0.258;0.125;0.078;2.107;1.135;0.068;116.866;115.654;396.202;396.222;395.066;29.495;29.275;1.375;0.198;0.074;47.893;444.115;24862.434;112.746;79.413;92.916;0.000;0.020;0.000;16;113.625;392.928;3;0;0;0;0;0;0;0
266;1;1;1;0.000000;0.000000;1.000000;20606.753930;20606.810014;20607.217644;804749;28764;149922;22;1875;28764;31316;100.000;0.232;0.252;575.713;618.000;7.516;166807;159626;149922;0.209;0.125;0.078;2.045;1.425;0.393;149.425;147.922;407.614;407.630;406.188;36.657;36.417;1.368;0.197;0.069;56.084;463.714;24975.283;134.774;101.440;93.449;0.000;0.017;0.000;12;145.954;404.125;3;0;0;0;0;0;0;0
267;1;1;1;0.000000;0.000000;1.000000;20606.879003;20606.934268;20607.342781;805449;28200;150436;22;1881;28200;30752;100.000;0.249;0.270;577.687;620.110;7.380;166939;159678;150436;0.205;0.124;0.078;2.037;1.159;0.067;128.604;127.367;408.491;408.513;407.336;31.481;31.268;1.368;0.198;0.064;55.265;463.778;25067.086;124.254;90.921;93.291;0.000;0.022;0.000;11;125.408;405.276;3;0;0;0;0;0;0;0
268;1;1;1;0.000000;0.000000;1.000000;20606.999978;20607.048102;20607.457223;805329;26884;149636;21;1871;26884;29320;100.000;0.184;0.200;574.615;616.812;7.037;165720;158732;149636;0.213;0.125;0.078;2.044;1.456;0.386;117.636;116.102;409.087;409.121;407.648;28.753;28.481;1.370;0.195;0.064;48.124;457.245;25148.194;113.833;80.500;92.492;0.000;0.034;0.000;20;114.135;405.569;2;0;0;0;0;0;0;0
269;1;1;1;0.000000;0.000000;1.000000;20607.140159;20607.194761;20607.600472;805419;27260;148420;21;1856;27260;29696;100.000;0.218;0.237;569.945;611.804;7.127;163978;157355;148420;0.211;0.124;0.077;2.039;1.153;0.067;146.749;145.519;405.697;405.711;404.542;36.171;35.971;1.368;0.195;0.065;54.602;460.313;25258.110;146.659;113.326;93.794;0.000;0.015;0.000;12;143.556;402.487;3;0;0;0;0;0;0;0
270;1;1;1;0.000000;0.000000;1.000000;20607.264681;20607.320084;20607.732169;804474;27824;146600;22;1833;27824;30376;100.000;0.245;0.267;562.956;604.296;7.290;161619;155223;146600;0.209;0.123;0.078;2.035;1.411;0.375;134.888;133.399;412.063;412.085;410.659;32.733;32.484;1.367;0.192;0.066;55.403;467.488;25356.474;125.323;91.990;93.681;0.000;0.022;0.000;14;131.442;408.601;3;0;0;0;0;0;0;0
271;1;1;1;0.000000;0.000000;1.000000;20607.384952;20607.434013;20607.842880;796101;135360;145088;103;1814;135360;147308;100.000;0.943;1.026;557.150;598.062;35.354;181623;158138;145088;0.209;0.123;0.077;2.031;1.132;0.067;114.153;112.944;408.845;408.867;407.718;27.919;27.702;1.367;0.191;0.065;49.061;457.928;25433.851;113.929;80.596;92.863;0.000;0.022;0.000;50;110.990;405.664;5;0;0;0;0;0;0;0
272;1;1;1;0.000000;0.000000;1.000000;20607.522527;20607.577634;20607.972319;805073;28200;144742;22;1810;28200;30752;100.000;0.216;0.234;555.822;596.643;7.380;170863;156156;144742;0.212;0.124;0.076;2.038;1.418;0.394;132.601;131.107;394.661;394.686;393.252;33.597;33.339;1.365;0.191;0.070;55.106;449.792;25529.958;143.620;110.287;93.952;0.000;0.025;0.000;12;129.145;391.189;4;0;0;0;0;0;0;0
273;1;1;1;0.000000;0.000000;1.000000;20607.654019;20607.708926;20608.102362;797204;23500;144320;18;1804;23500;25588;100.000;0.212;0.230;554.201;594.887;6.141;168273;154837;144320;0.214;0.123;0.077;2.039;1.128;0.064;133.495;132.290;393.409;393.437;392.292;33.931;33.722;1.369;0.190;0.066;54.906;448.343;25626.667;131.292;97.959;94.203;0.000;0.027;0.000;12;130.328;390.224;5;0;0;0;0;0;0;0
274;1;1;1;0.000000;0.000000;1.000000;20607.773023;20607.820420;20608.229524;805139;22936;144042;18;1801;22936;25024;100.000;0.178;0.194;553.134;593.752;6.006;166402;154299;144042;0.211;0.123;0.077;2.033;1.425;0.370;130.326;128.824;409.080;409.104;407.662;31.856;31.601;1.367;0.190;0.066;47.397;456.502;25720.496;111.494;78.161;93.200;0.000;0.024;0.000;12;126.867;405.604;5;0;0;0;0;0;0;0
275;1;1;1;0.000000;0.000000;1.000000;20607.894667;20607.949498;20608.365962;808073;25944;144130;20;1802;25944;28264;100.000;0.200;0.217;553.472;594.112;6.783;164697;153262;144130;0.209;0.124;0.076;2.035;1.117;0.065;139.885;138.692;416.430;416.464;415.331;33.589;33.393;1.368;0.190;0.068;54.831;471.295;25823.600;129.078;95.744;93.359;0.000;0.033;0.000;19;136.733;413.252;2;0;0;0;0;0;0;0
276;1;1;1;0.000000;0.000000;1.000000;20608.025261;20608.079798;20608.494333;813584;26320;144164;20;1803;26320;28640;100.000;0.209;0.226;553.602;594.265;6.874;164673;154357;144164;0.211;0.122;0.077;2.032;1.119;0.063;131.520;130.324;414.500;414.534;413.399;31.727;31.525;1.367;0.190;0.065;54.537;469.072;25918.638;130.301;96.967;93.585;0.000;0.035;0.000;19;128.369;411.331;2;0;0;0;0;0;0;0
277;1;1;1;0.000000;0.000000;1.000000;20608.158882;20608.206330;20608.627125;812306;28764;144334;22;1805;28764;31316;100.000;0.211;0.229;554.255;594.963;7.516;163625;153988;144334;0.210;0.122;0.077;2.030;1.393;0.393;135.941;134.471;420.786;420.795;419.386;32.306;32.064;1.368;0.190;0.064;47.448;468.244;26018.097;126.531;93.198;93.560;0.000;0.009;0.000;18;132.518;417.346;3;0;0;0;0;0;0;0
278;1;1;1;0.000000;0.000000;1.000000;20608.288154;20608.343419;20608.759958;817500;29516;144850;23;1811;29516;32184;100.000;0.231;0.251;556.236;597.080;7.724;163219;154643;144850;0.212;0.124;0.076;2.412;0.954;0.065;136.248;135.219;416.520;416.538;415.563;32.710;32.539;1.436;0.423;0.142;55.265;471.803;26117.596;137.090;103.756;94.198;0.000;0.018;0.000;9;132.883;413.133;6;0;0;0;0;0;0;0
279;1;1;1;0.000000;0.000000;1.000000;20608.416038;20608.471777;20608.882412;824803;30644;147006;24;1838;30644;33428;100.000;0.232;0.252;564.516;605.968;8.023;164202;155653;147006;0.208;0.125;0.077;2.032;1.406;0.381;125.821;124.338;410.612;410.635;409.212;30.641;30.385;1.365;0.193;0.064;55.739;466.374;26206.717;128.358;95.024;94.249;0.000;0.023;0.000;11;122.383;407.156;4;0;0;0;0;0;0;0
280;1;1;1;0.000000;0.000000;1.000000;20608.556678;20608.604300;20609.069056;813944;29892;149388;23;1868;29892;32560;100.000;0.227;0.246;573.662;615.792;7.814;166105;158193;149388;0.210;0.124;0.078;2.039;1.162;0.067;190.079;188.839;464.735;464.756;463.577;40.899;40.735;1.367;0.196;0.065;47.622;512.378;26360.028;132.523;99.190;94.558;0.000;0.021;0.000;14;186.878;461.516;5;0;0;0;0;0;0;0
281;1;1;1;0.000000;0.000000;1.000000;20608.680480;20608.736582;20609.215773;815307;30268;150146;23;1877;30268;32936;100.000;801.385;869.496;576.573;618.906;7.905;165943;158393;150146;0.212;0.127;0.078;2.044;1.426;0.362;149.917;148.413;479.175;479.191;477.749;31.285;31.065;1.367;0.197;0.062;56.103;535.294;26473.412;132.282;98.949;94.832;0.000;0.016;0.000;16;146.447;475.688;2;0;0;0;0;0;0;0
282;1;1;1;0.000000;0.000000;1.000000;20608.804304;20608.859688;20609.353399;816329;27260;149960;21;1875;27260;29696;100.000;0.147;0.159;575.859;618.146;7.127;165340;158116;149960;0.209;0.125;0.078;2.045;1.157;0.066;141.093;139.858;493.690;493.711;492.538;28.578;28.395;1.367;0.197;0.070;55.383;549.094;26577.704;123.106;89.772;94.516;0.000;0.021;0.000;14;137.891;490.471;4;0;0;0;0;0;0;0
283;1;1;1;0.000000;0.000000;1.000000;20608.999282;20609.046293;20609.465045;813249;27448;148574;21;1858;27448;29884;100.000;0.189;0.205;570.537;612.441;7.172;163546;156387;148574;0.207;0.124;0.078;2.039;1.415;0.353;114.845;113.352;418.726;418.752;417.320;27.426;27.162;1.370;0.196;0.064;47.011;465.762;26656.016;186.605;153.272;98.188;0.000;0.025;0.000;16;111.391;415.255;3;0;0;0;0;0;0;0
284;1;1;1;0.000000;0.000000;1.000000;20609.137980;20609.192410;20609.598348;809333;28012;146866;22;1836;28012;30564;100.000;0.203;0.221;563.978;605.386;7.335;161273;154141;146866;0.209;0.124;0.077;2.033;1.136;0.064;136.755;135.542;405.907;405.938;404.785;33.689;33.485;1.366;0.192;0.064;54.430;460.368;26755.986;146.117;112.784;99.101;0.000;0.031;0.000;13;133.587;402.721;4;0;0;0;0;0;0;0
285;1;1;1;0.000000;0.000000;1.000000;20609.275268;20609.330730;20609.730663;815482;28764;145550;22;1820;28764;31316;100.000;0.259;0.281;558.924;599.971;7.516;159529;152581;145550;0.207;0.124;0.076;2.029;1.128;0.065;135.471;134.268;399.880;399.933;398.789;33.873;33.669;1.367;0.191;0.065;55.462;455.395;26854.968;138.320;104.986;99.469;0.000;0.054;0.000;21;132.315;396.696;2;0;0;0;0;0;0;0
286;1;1;1;0.000000;0.000000;1.000000;20609.393158;20609.442275;20609.860883;814633;136112;144160;104;1802;136112;148176;100.000;1.024;1.114;553.587;594.228;35.562;181574;157734;144160;0.210;0.123;0.076;2.028;1.433;0.424;133.374;131.866;418.595;418.608;417.160;31.861;31.610;1.366;0.190;0.064;49.116;467.724;26951.854;111.545;78.211;98.140;0.000;0.013;0.000;51;129.913;415.117;6;0;0;0;0;0;0;0
287;1;1;1;0.000000;0.000000;1.000000;20609.519753;20609.575359;20610.005895;814941;28764;142853;22;1786;28764;31316;100.000;0.218;0.237;548.568;588.848;7.516;172001;156117;142853;0.208;0.123;0.077;2.041;1.110;0.066;148.470;147.284;430.513;430.536;429.410;34.485;34.299;1.378;0.188;0.068;55.606;486.142;27063.533;133.084;99.751;98.241;0.000;0.023;0.000;13;145.319;427.345;3;0;0;0;0;0;0;0
288;1;1;1;0.000000;0.000000;1.000000;20609.651973;20609.707719;20610.133444;818847;23124;142468;18;1781;23124;25212;100.000;0.178;0.193;547.090;587.256;6.051;168391;154582;142468;0.209;0.124;0.076;2.036;1.376;0.380;130.696;129.244;425.696;425.726;424.332;30.700;30.458;1.368;0.188;0.072;55.746;481.472;27157.749;132.360;99.026;98.290;0.000;0.030;0.000;10;127.284;422.264;3;0;0;0;0;0;0;0
289;1;1;1;0.000000;0.000000;1.000000;20609.790608;20609.838132;20610.260572;824052;20868;142484;16;1782;20868;22724;100.000;0.144;0.157;547.151;587.340;5.454;165899;153462;142484;0.209;0.124;0.076;2.027;1.108;0.063;130.538;129.354;422.405;422.439;421.314;30.901;30.703;1.367;0.187;0.064;47.525;469.964;27251.543;130.414;97.080;98.214;0.000;0.035;0.000;12;127.403;419.252;4;0;0;0;0;0;0;0
290;1;1;1;0.000000;0.000000;1.000000;20609.927653;20609.983200;20610.410257;835458;25568;143172;20;1790;25568;27888;100.000;0.201;0.219;549.793;590.163;6.693;165177;153648;143172;0.207;0.124;0.076;2.052;1.262;0.378;152.815;151.477;427.041;427.057;425.776;35.783;35.577;1.373;0.190;0.082;55.547;482.604;27367.895;145.067;111.734;99.059;0.000;0.016;0.000;7;149.501;423.706;4;0;0;0;0;0;0;0
291;1;1;1;0.000000;0.000000;1.000000;20610.055076;20610.110612;20610.530805;819605;26132;143314;20;1792;26132;28452;100.000;0.206;0.223;550.338;590.753;6.828;163945;154253;143314;0.210;0.123;0.076;2.038;0.979;0.060;123.860;122.805;420.173;420.193;419.194;29.477;29.295;1.372;0.189;0.068;55.536;475.729;27455.110;127.413;94.079;98.748;0.000;0.020;0.000;12;120.842;417.134;3;0;0;0;0;0;0;0
292;1;1;1;0.000000;0.000000;1.000000;20610.190451;20610.238082;20610.640416;827799;26320;143732;20;1797;26320;28640;100.000;729.645;791.315;551.943;592.471;6.874;162986;153761;143732;0.207;0.123;0.077;2.057;1.508;0.395;112.624;111.039;402.316;402.334;400.805;27.993;27.704;1.372;0.193;0.087;47.631;449.965;27531.388;127.469;94.136;98.460;0.000;0.018;0.000;12;109.059;398.729;3;0;0;0;0;0;0;0
293;1;1;1;0.000000;0.000000;1.000000;20610.331268;20610.387415;20610.778907;830771;28200;144010;22;1801;28200;30752;100.000;0.235;0.256;553.011;593.629;7.380;162425;154020;144010;0.209;0.122;0.077;2.038;1.099;0.062;142.058;140.883;391.463;391.492;390.376;36.286;36.089;1.372;0.190;0.068;56.147;447.638;27636.545;149.333;116.000;99.556;0.000;0.029;0.000;14;138.922;388.309;4;0;0;0;0;0;0;0
294;1;1;1;0.000000;0.000000;1.000000;20610.452263;20610.507727;20610.909718;835004;29892;145768;23;1823;29892;32560;100.000;0.276;0.300;559.762;600.876;7.814;163241;155696;145768;0.283;0.124;0.078;2.207;1.135;0.064;133.940;132.727;401.979;401.992;400.834;33.319;33.113;1.364;0.194;0.165;55.464;457.455;27734.023;120.311;86.978;98.770;0.000;0.012;0.000;16;130.598;398.614;4;0;0;0;0;0;0;0
295;1;1;1;0.000000;0.000000;1.000000;20610.567830;20610.616430;20611.030662;814967;29328;148094;23;1852;29328;31996;100.000;0.211;0.229;568.693;610.462;7.679;164677;157383;148094;0.205;0.126;0.078;2.035;1.417;0.390;124.282;122.787;414.216;414.232;412.798;30.003;29.745;1.368;0.195;0.064;48.600;462.832;27821.633;108.703;75.370;97.307;0.000;0.015;0.000;17;120.830;410.740;3;0;0;0;0;0;0;0
296;1;1;1;0.000000;0.000000;1.000000;20610.700161;20610.756061;20611.164532;818656;28952;149404;22;1868;28952;31504;100.000;822.498;892.286;573.724;615.853;7.561;165436;158213;149404;0.209;0.125;0.078;2.048;1.158;0.066;137.320;136.084;408.455;408.471;407.297;33.618;33.412;1.368;0.197;0.071;55.900;464.371;27922.171;139.631;106.298;97.869;0.000;0.016;0.000;16;134.114;405.231;2;0;0;0;0;0;0;0
297;1;1;1;0.000000;0.000000;1.000000;20610.830996;20610.886609;20611.289412;819807;28200;149370;22;1868;28200;30752;100.000;0.233;0.254;573.593;615.723;7.380;165095;157944;149370;0.213;0.125;0.077;2.042;1.325;0.414;128.077;126.676;402.776;402.802;401.456;31.797;31.554;1.368;0.194;0.065;55.613;458.415;28013.717;130.548;97.215;97.828;0.000;0.027;0.000;9;124.710;399.386;5;0;0;0;0;0;0;0
298;1;1;1;0.000000;0.000000;1.000000;20610.960394;20611.007883;20611.313635;814766;27636;148012;21;1851;27636;30072;100.000;555.984;603.072;568.379;610.125;7.217;163324;156439;148012;0.211;0.125;0.079;2.079;1.383;0.079;27.593;26.131;305.716;305.752;304.353;9.025;8.586;1.376;0.219;0.069;47.489;353.240;28004.606;121.274;87.940;97.210;0.000;0.035;0.000;15;24.131;302.238;3;0;0;0;0;0;0;0
299;1;1;1;0.000000;0.000000;1.000000;20611.086387;20611.142020;20611.378508;809259;28576;146174;22;1828;28576;31128;100.000;0.230;0.250;561.321;602.548;7.471;160730;153953;146174;0.207;0.126;0.078;2.032;1.578;0.481;68.331;66.676;236.454;236.488;234.893;28.894;28.386;1.366;0.190;0.064;55.633;292.120;28036.146;134.137;100.804;97.435;0.000;0.034;0.000;21;64.722;232.826;2;0;0;0;0;0;0;0
300;1;1;1;0.000000;0.000000;1.000000;20611.209151;20611.266500;20611.403887;812212;28764;144110;22;1802;28764;31316;100.000;1.333;1.446;553.395;594.036;7.516;158462;151577;144110;0.210;0.125;0.077;2.061;1.141;0.068;28.979;27.761;137.350;137.386;136.221;21.093;20.379;1.377;0.189;0.083;57.350;194.736;28028.192;124.480;91.147;97.042;0.000;0.036;0.000;16;25.777;134.123;4;0;0;0;0;0;0;0
