frame_id;rx_complete;current_skip;yaw;pitch;zoom;camera_send_timestamp;recv_start_timestamp;node_exit_timestamp;original_points;arrived_points;eroded_points;valid_points;rx_points;rx_packets;payload_bytes;data_integrity_pct;internal_throughput_mbs;logical_bitrate_mbps;network_bitrate_mbps;arrival_pct;erosion_pct;valid_pct;web_publish_ms;web_ack_ms;active_process_ms;total_residency_ms;node_efficiency_pct;camera_node_ms;e2e_latency_ms;reference_e2e_ms;schedule_delay_ms;inter_arrival_ms;instant_jitter_ms;desynced_jitter_ms;cmd_id;reference_cmd_ms;cmd_apply_ms;cmd_photon_ms;quality_save_ms;pre_classical_mean_error;pre_classical_geom_rmse;pre_classical_chamfer;pre_classical_hausdorff;pre_classical_mean_mm;pre_classical_rmse_mm;pre_classical_chamfer_mm;pre_classical_hausdorff_mm;pre_robust_mean_error;pre_robust_geom_rmse;pre_robust_chamfer;pre_robust_hausdorff;pre_robust_mean_mm;pre_robust_rmse_mm;pre_robust_chamfer_mm;pre_robust_hausdorff_mm;post_classical_mean_error;post_classical_geom_rmse;post_classical_chamfer;post_classical_hausdorff;post_classical_mean_mm;post_classical_rmse_mm;post_classical_chamfer_mm;post_classical_hausdorff_mm;post_robust_mean_error;post_robust_geom_rmse;post_robust_chamfer;post_robust_hausdorff;post_robust_mean_mm;post_robust_rmse_mm;post_robust_chamfer_mm;post_robust_hausdorff_mm
1;1;1;0.000000;0.000000;1.000000;24228.074812;24228.278643;24228.301677;784142;178911;159140;146318;146318;1829;2341088;100.000;101.639;561.874;603.123;22.816;88.949;18.660;0.000;0.000;0.994;23.034;4.316;203.831;226.865;226.865;23.034;0.000;0.000;0.000;0;0.000;0.000;0.000;2.161;4.643630;6.867067;7.150978;131.094719;8.451406;12.498061;13.014780;238.592388;4.643053;3.772744;7.150994;130.986151;8.450356;6.866394;13.014809;238.394795;4.442297;6.361725;6.959285;131.092538;8.084980;11.578339;12.665898;238.588419;4.442225;3.606827;6.961072;130.994359;8.084850;6.564426;12.669151;238.409733
2;1;1;0.000000;0.000000;1.000000;24228.107375;24228.312135;24228.335577;783406;169393;156499;144182;144182;1803;2306912;100.000;98.414;553.671;594.335;21.623;92.388;18.405;0.000;0.000;1.127;23.441;4.808;204.760;228.201;228.201;23.600;33.492;0.158;0.010;0;0.000;0.000;0.000;1.832;4.072616;5.610531;6.614382;63.814719;7.412162;10.211167;12.038176;116.142788;4.071647;3.437528;6.615547;63.717227;7.410397;6.256301;12.040295;115.965353;3.929509;5.316915;6.482793;63.723106;7.151706;9.676786;11.798682;115.976052;3.929311;3.363117;6.485727;63.656074;7.151346;6.120873;11.804023;115.854054
3;1;1;0.000000;0.000000;1.000000;24228.141427;24228.346031;24228.367748;780200;164369;153953;141754;141754;1772;2268064;100.000;104.436;544.348;584.312;21.068;93.663;18.169;0.000;0.000;1.115;21.718;5.136;204.603;226.321;226.321;22.438;33.895;0.562;0.044;0;0.000;0.000;0.000;2.298;4.046695;5.572268;6.641514;61.255344;7.364984;10.141527;12.087555;111.484726;4.046079;3.471613;6.643558;61.223148;7.363864;6.318336;12.091275;111.426129;3.884087;5.216855;6.489072;61.252623;7.069039;9.494676;11.810111;111.479774;3.884120;3.384655;6.493654;61.152410;7.069099;6.160073;11.818450;111.297386
4;1;1;0.000000;0.000000;1.000000;24228.174825;24228.399490;24228.402004;778467;160176;150044;139430;139430;1743;2230880;100.000;887.351;535.424;574.733;20.576;93.674;17.911;0.000;0.000;1.678;2.514;66.728;224.666;227.180;227.180;23.361;53.460;20.126;1.300;0;0.000;0.000;0.000;1.997;3.922293;5.474864;6.544681;71.801762;7.138574;9.964253;11.911320;130.679207;3.922453;3.471745;6.548420;71.863340;7.138865;6.318577;11.918125;130.791278;3.754353;5.079968;6.387953;71.844420;6.832922;9.245542;11.626074;130.756844;3.755289;3.379112;6.393300;71.932864;6.834626;6.149984;11.635805;130.917812
5;1;1;0.000000;0.000000;1.000000;24228.209661;24228.433675;24228.435036;776427;157416;147596;137802;137802;1723;2204832;100.000;1619.459;529.172;568.031;20.274;93.762;17.748;0.000;0.000;0.919;1.361;67.466;224.014;225.375;225.375;23.060;34.185;0.851;1.272;0;0.000;0.000;0.000;1.745;3.874629;5.323284;6.537037;83.777158;7.051825;9.688377;11.897408;152.474428;3.874987;3.474898;6.541307;83.870717;7.052476;6.324315;11.905179;152.644705;3.712351;4.954447;6.389324;83.801398;6.756480;9.017093;11.628570;152.518545;3.714050;3.402168;6.396963;83.952246;6.759571;6.191945;11.642473;152.793088
6;1;1;0.000000;0.000000;1.000000;24228.242127;24228.440846;24228.450944;774893;155702;146729;137230;137230;1716;2195680;100.000;217.459;526.976;565.676;20.093;94.237;17.710;0.000;0.000;9.249;10.097;91.596;198.719;208.816;208.816;5.634;7.171;26.162;2.827;0;0.000;0.000;0.000;3.106;3.771938;5.123839;6.438267;63.767648;6.864926;9.325388;11.717646;116.057120;3.772868;3.434997;6.444219;63.783338;6.866619;6.251695;11.728478;116.085676;3.625449;4.809847;6.306243;63.748646;6.598318;8.753921;11.477361;116.022535;3.627893;3.374118;6.315337;63.741191;6.602766;6.140896;11.493913;116.008967
7;1;1;0.000000;0.000000;1.000000;24228.275268;24228.473079;24228.474366;775949;155688;147260;137590;137590;1720;2201440;100.000;1709.619;528.358;567.149;20.064;94.587;17.732;0.000;0.000;0.709;1.288;55.055;197.810;199.098;199.098;-4.277;32.232;1.101;2.719;0;0.000;0.000;0.000;2.110;3.620938;4.864999;6.273396;65.417877;6.590107;8.854299;11.417581;119.060536;3.621016;3.395618;6.279638;65.599828;6.590249;6.180024;11.428942;119.391687;3.479765;4.557653;6.146192;62.703237;6.333172;8.294928;11.186070;114.119892;3.481006;3.337460;6.153995;62.701577;6.335431;6.074178;11.200272;114.116871
8;1;1;0.000000;0.000000;1.000000;24228.308709;24228.508143;24228.509677;775463;154960;147284;137746;137746;1722;2203936;100.000;1436.882;528.957;567.793;19.983;95.046;17.763;0.000;0.000;0.844;1.534;55.056;199.434;200.968;200.968;-2.300;35.064;1.731;2.657;0;0.000;0.000;0.000;2.079;3.455024;4.660258;6.057344;63.844207;6.288145;8.481669;11.024367;116.196457;3.455271;3.289040;6.061555;63.888801;6.288594;5.986052;11.032030;116.277617;3.321431;4.375995;5.934396;63.809346;6.045004;7.964311;10.800600;116.133009;3.322539;3.233149;5.940094;63.856222;6.047021;5.884332;10.810971;116.218325
9;1;1;0.000000;0.000000;1.000000;24228.342096;24228.565435;24228.567910;775698;154556;147480;138024;138024;1726;2208384;100.000;892.149;530.025;568.951;19.925;95.422;17.794;0.000;0.000;1.699;2.475;68.625;223.339;225.814;225.814;22.600;57.292;23.959;3.989;0;0.000;0.000;0.000;1.980;3.431309;4.592206;6.018314;51.280857;6.244983;8.357814;10.953331;93.331160;3.432433;3.258062;6.025503;51.300307;6.247029;5.929673;10.966415;93.366559;3.302917;4.325426;5.904465;51.273771;6.011310;7.872276;10.746126;93.318264;3.305097;3.214473;5.913609;51.343566;6.015276;5.850340;10.762768;93.445289
10;1;1;0.000000;0.000000;1.000000;24228.375464;24228.599314;24228.601087;778020;153976;146817;138278;138278;1729;2212448;100.000;1247.627;531.000;569.994;19.791;95.351;17.773;0.000;0.000;1.246;1.773;70.267;223.850;225.623;225.623;22.444;33.879;0.546;3.774;0;0.000;0.000;0.000;2.063;3.452576;4.629244;6.073343;50.194628;6.283688;8.425225;11.053484;91.354223;3.452742;3.317117;6.079264;50.370067;6.283990;6.037153;11.064261;91.673522;3.324156;4.365125;5.959958;50.224971;6.049965;7.944527;10.847123;91.409448;3.325116;3.273411;5.967083;50.378897;6.051712;5.957609;10.860090;91.689592
11;1;1;0.000000;0.000000;1.000000;24228.408812;24228.608518;24228.610020;778554;154586;147875;139114;139114;1739;2225824;100.000;1481.585;534.210;573.430;19.856;95.659;17.868;0.000;0.000;0.618;1.502;41.106;199.706;201.208;201.208;-1.957;9.204;24.130;5.046;0;0.000;0.000;0.000;6.576;3.355034;4.508027;5.916848;58.364404;6.106162;8.204610;10.768663;106.223216;3.356879;3.229324;5.925378;58.358446;6.109520;5.877369;10.784188;106.212372;3.232502;4.259626;5.805398;58.286660;5.883153;7.752519;10.565824;106.081721;3.235296;3.182861;5.815764;58.327507;5.888238;5.792807;10.584690;106.156062
12;1;1;0.000000;0.000000;1.000000;24228.442318;24228.639017;24228.640291;779986;155450;148967;140496;140496;1757;2247936;100.000;1764.360;539.517;579.143;19.930;95.830;18.013;0.000;0.000;0.729;1.274;57.230;196.699;197.973;197.973;-5.019;30.499;2.834;4.908;0;0.000;0.000;0.000;2.107;3.268927;4.425327;5.759309;51.735404;5.949446;8.054096;10.481943;94.158436;3.270022;3.142446;5.765860;51.804063;5.951440;5.719252;10.493865;94.283394;3.153043;4.191294;5.656101;51.675387;5.738538;7.628155;10.294104;94.049205;3.154694;3.099794;5.663723;51.772900;5.741544;5.641625;10.307975;94.226677
13;1;1;0.000000;0.000000;1.000000;24228.475510;24228.672167;24228.673669;780926;157559;150948;142868;142868;1786;2285888;100.000;1521.725;548.626;588.905;20.176;95.804;18.295;0.000;0.000;0.743;1.502;49.444;196.658;198.160;198.160;-4.974;33.150;0.183;4.612;0;0.000;0.000;0.000;2.193;3.294473;4.446382;5.786513;47.966187;5.995941;8.092415;10.531454;87.298460;3.295658;3.141055;5.791449;47.998087;5.998098;5.716721;10.540436;87.356519;3.178032;4.209441;5.678550;47.299688;5.784019;7.661182;10.334960;86.085433;3.179594;3.091372;5.684285;47.382681;5.786861;5.626296;10.345399;86.236480
14;1;1;0.000000;0.000000;1.000000;24228.508434;24228.705850;24228.707367;782770;159221;152767;144928;144928;1812;2318848;100.000;1528.521;556.536;597.402;20.341;95.947;18.515;0.000;0.000;1.051;1.517;69.265;197.417;198.934;198.934;-4.609;33.683;0.350;4.346;0;0.000;0.000;0.000;2.173;3.272090;4.420967;5.765647;59.681137;5.955204;8.046159;10.493478;108.619669;3.272130;3.153348;5.769160;59.601482;5.955277;5.739093;10.499872;108.474697;3.159571;4.189377;5.665732;59.642341;5.750419;7.624665;10.311632;108.549062;3.160045;3.108621;5.669034;59.598789;5.751283;5.657690;10.317642;108.469797
15;1;1;0.000000;0.000000;1.000000;24228.542074;24228.767630;24228.769080;784474;159870;153190;146044;146044;1826;2336704;100.000;1611.835;560.821;602.004;20.379;95.822;18.617;0.000;0.000;0.995;1.450;68.647;225.556;227.006;227.006;23.770;61.780;28.446;5.852;0;0.000;0.000;0.000;1.980;3.184848;4.315187;5.658726;51.982059;5.796423;7.853640;10.298881;94.607348;3.184209;3.118523;5.661774;52.069644;5.795260;5.675713;10.304429;94.766751;3.069685;4.071421;5.555686;51.976127;5.586827;7.409987;10.111349;94.596551;3.069244;3.071392;5.558681;52.049469;5.586025;5.589934;10.116799;94.730034
16;1;1;0.000000;0.000000;1.000000;24228.575651;24228.773456;24228.774788;785193;177968;156948;145822;145822;1823;2333152;100.000;1752.439;559.969;601.083;22.666;88.189;18.571;0.000;0.000;0.770;1.331;57.870;197.805;199.137;199.137;-3.856;5.826;27.507;7.206;0;0.000;0.000;0.000;2.326;4.791464;7.118554;7.313147;177.532313;8.720464;12.955768;13.309928;323.108810;4.790916;3.890172;7.313327;177.551539;8.719468;7.080113;13.310255;323.143801;4.562154;6.560864;7.093849;144.386501;8.303121;11.940772;12.910805;262.783432;4.561705;3.667809;7.094998;144.314609;8.302303;6.675413;12.912897;262.652588
17;1;1;0.000000;0.000000;1.000000;24228.607960;24228.806187;24228.807501;782720;169048;155711;144126;144126;1802;2306016;100.000;1755.059;553.456;594.097;21.598;92.111;18.413;0.000;0.000;0.692;1.314;52.654;198.227;199.541;199.541;-4.475;32.731;0.602;6.793;0;0.000;0.000;0.000;2.191;4.056098;5.568003;6.590539;69.776293;7.382099;10.133766;11.994780;126.992854;4.055468;3.430394;6.592448;69.800349;7.380951;6.243318;11.998255;127.036634;3.910057;5.261760;6.457379;57.226477;7.116304;9.576404;11.752430;104.152188;3.909791;3.353140;6.459652;57.250957;7.115820;6.102714;11.756567;104.196742
18;1;1;0.000000;0.000000;1.000000;24228.642164;24228.838929;24228.840436;781613;164438;152319;141930;141930;1775;2270880;100.000;1507.334;545.024;585.055;21.038;92.630;18.159;0.000;0.000;0.680;1.507;45.108;196.765;198.272;198.272;-4.874;32.742;0.592;6.405;0;0.000;0.000;0.000;2.192;3.933972;5.475021;6.529903;72.240665;7.159829;9.964538;11.884423;131.478010;3.934321;3.495289;6.534081;72.554132;7.160464;6.361426;11.892027;132.048520;3.770235;5.110734;6.377572;69.247938;6.861828;9.301536;11.607182;126.031247;3.771243;3.408647;6.382787;69.441415;6.863662;6.203738;11.616672;126.383376
19;1;1;0.000000;0.000000;1.000000;24228.675479;24228.872638;24228.873937;780006;160724;150232;139740;139740;1747;2235840;100.000;1721.291;536.614;576.014;20.605;93.472;17.915;0.000;0.000;0.821;1.299;63.235;197.159;198.458;198.458;-4.706;33.709;0.376;6.029;0;0.000;0.000;0.000;2.189;3.928084;5.523146;6.576566;66.344470;7.149113;10.052125;11.969350;120.746936;3.927962;3.557682;6.579060;66.467046;7.148891;6.474981;11.973890;120.970024;3.755481;5.128569;6.413259;66.397038;6.834975;9.333995;11.672131;120.842608;3.756262;3.465211;6.418213;66.540728;6.836397;6.306684;11.681148;121.104126
20;1;1;0.000000;0.000000;1.000000;24228.708869;24228.907827;24228.909380;780302;158111;148368;138346;138346;1730;2213536;100.000;1426.209;531.261;570.277;20.263;93.838;17.730;0.000;0.000;0.687;1.552;44.265;198.958;200.511;200.511;-2.597;35.189;1.856;5.768;0;0.000;0.000;0.000;2.087;3.665474;5.076401;6.240305;62.170961;6.671163;9.239051;11.357354;113.151149;3.664073;3.377025;6.242236;62.104140;6.668613;6.146185;11.360870;113.029535;3.509302;4.724408;6.094217;55.798260;6.386930;8.598422;11.091475;101.552833;3.508882;3.299050;6.097548;55.883443;6.386164;6.004271;11.097537;101.707867
21;1;1;0.000000;0.000000;1.000000;24228.741988;24228.941903;24228.943195;779066;156169;147318;137844;137844;1724;2205504;100.000;1706.773;529.333;568.214;20.046;94.332;17.693;0.000;0.000;0.700;1.292;54.157;199.915;201.207;201.207;-2.115;34.076;0.742;5.454;0;0.000;0.000;0.000;2.118;3.574568;4.813397;6.159766;60.959307;6.505714;8.760382;11.210775;110.945939;3.574787;3.317500;6.164359;61.117895;6.506112;6.037849;11.219133;111.234570;3.436883;4.515635;6.033028;47.782864;6.255126;8.218455;10.980111;86.964812;3.438375;3.257546;6.039760;47.867304;6.257842;5.928733;10.992363;87.118493
22;1;1;0.000000;0.000000;1.000000;24228.775582;24228.972220;24228.973776;778280;156257;148169;138092;138092;1727;2209472;100.000;1419.453;530.286;569.234;20.077;94.824;17.743;0.000;0.000;0.743;1.557;47.744;196.638;198.195;198.195;-4.867;30.316;3.017;5.301;0;0.000;0.000;0.000;2.218;3.414918;4.637507;5.955604;60.801710;6.215150;8.440263;10.839200;110.659111;3.415752;3.248262;5.961257;60.885982;6.216668;5.911838;10.849487;110.812488;3.277074;4.335913;5.829166;53.116945;5.964274;7.891362;10.609083;96.672840;3.278967;3.188441;5.836161;53.154953;5.967719;5.802962;10.621812;96.742015
23;1;1;0.000000;0.000000;1.000000;24228.808797;24229.004981;24229.006231;778907;155625;148274;138240;138240;1728;2211840;100.000;1770.099;530.854;569.825;19.980;95.276;17.748;0.000;0.000;0.870;1.250;69.611;196.184;197.434;197.434;-5.746;32.762;0.572;5.006;0;0.000;0.000;0.000;2.108;3.425285;4.600078;6.014313;62.228509;6.234019;8.372141;10.946049;113.255886;3.424661;3.279552;6.016503;62.387289;6.232882;5.968785;10.950036;113.544865;3.293609;4.323246;5.893384;50.444940;5.994368;7.868307;10.725959;91.809791;3.294245;3.227701;5.897981;50.459642;5.995526;5.874415;10.734325;91.836548
24;1;1;0.000000;0.000000;1.000000;24228.842119;24229.038476;24229.039626;779289;155068;147825;138556;138556;1732;2216896;100.000;1928.492;532.068;571.129;19.899;95.329;17.780;0.000;0.000;0.643;1.150;55.935;196.358;197.507;197.507;-5.684;33.495;0.162;4.703;0;0.000;0.000;0.000;2.107;3.399489;4.550583;5.992984;61.866184;6.187070;8.282062;10.907231;112.596454;3.399008;3.267450;5.997381;62.059670;6.186194;5.946759;10.915234;112.948599;3.275086;4.295585;5.879316;54.453600;5.960657;7.817965;10.700355;99.105553;3.275404;3.219225;5.884686;54.418083;5.961235;5.858989;10.710128;99.040911
25;1;1;0.000000;0.000000;1.000000;24228.875492;24229.072224;24229.073686;779739;154886;148003;138952;138952;1737;2223232;100.000;1520.912;533.588;572.762;19.864;95.556;17.820;0.000;0.000;0.637;1.462;43.579;196.732;198.194;198.194;-4.958;33.748;0.414;4.435;0;0.000;0.000;0.000;2.064;3.379149;4.556575;5.951544;55.129308;6.150051;8.292967;10.831811;100.335340;3.380111;3.243680;5.958382;55.167882;6.151803;5.903498;10.844255;100.405545;3.255859;4.292828;5.840597;55.090382;5.925664;7.812947;10.629886;100.264496;3.257534;3.195069;5.848536;55.140175;5.928712;5.815026;10.644336;100.355119
26;1;1;0.000000;0.000000;1.000000;24228.908641;24229.106042;24229.107297;779364;155037;148137;139454;139454;1744;2231264;100.000;1778.424;535.516;574.848;19.893;95.549;17.893;0.000;0.000;0.699;1.255;55.681;197.401;198.656;198.656;-4.680;33.818;0.485;4.188;0;0.000;0.000;0.000;2.269;3.389816;4.550387;5.944011;51.443037;6.169466;8.281705;10.818100;93.626328;3.390588;3.209558;5.950064;51.600105;6.170871;5.841396;10.829117;93.912191;3.267438;4.288165;5.833359;51.360887;5.946736;7.804461;10.616713;93.476814;3.268644;3.159553;5.839703;51.564480;5.948932;5.750387;10.628259;93.847354
27;1;1;0.000000;0.000000;1.000000;24228.941621;24229.138677;24229.140199;780025;155674;148906;140520;140520;1757;2248320;100.000;1477.256;539.609;579.235;19.958;95.652;18.015;0.000;0.000;0.780;1.522;51.227;197.056;198.578;198.578;-5.111;32.635;0.699;3.970;0;0.000;0.000;0.000;2.133;3.369526;4.553939;5.904716;50.742367;6.132537;8.288169;10.746583;92.351109;3.370660;3.206335;5.910938;50.857395;6.134601;5.835530;10.757907;92.560459;3.243249;4.280653;5.788052;50.656209;5.902712;7.790789;10.534255;92.194301;3.244927;3.151289;5.795161;50.823322;5.905768;5.735347;10.547193;92.498446
28;1;1;0.000000;0.000000;1.000000;24228.975469;24229.172396;24229.173700;780373;156436;150018;141820;141820;1773;2269120;100.000;1739.808;544.601;584.588;20.046;95.897;18.173;0.000;0.000;0.889;1.304;68.188;196.927;198.232;198.232;-4.943;33.719;0.386;3.746;0;0.000;0.000;0.000;2.146;3.340057;4.502427;5.847874;48.055901;6.078903;8.194417;10.643131;87.461740;3.339804;3.177214;5.850690;48.148122;6.078444;5.782529;10.648255;87.629583;3.217708;4.247676;5.737055;48.070531;5.856229;7.730770;10.441441;87.488367;3.217540;3.129218;5.740299;48.177716;5.855922;5.695177;10.447343;87.683444
29;1;1;0.000000;0.000000;1.000000;24229.008589;24229.213094;24229.220121;781651;158103;151744;143812;143812;1798;2300992;100.000;327.432;552.251;592.801;20.227;95.978;18.398;0.000;0.000;6.097;7.028;86.758;204.505;211.532;211.532;8.144;40.698;7.364;3.972;0;0.000;0.000;0.000;14.455;3.252042;4.424204;5.688151;56.886593;5.918717;8.052052;10.352435;103.533599;3.251452;3.085601;5.690111;57.022886;5.917643;5.615793;10.356002;103.781652;3.127566;4.156823;5.572555;56.893983;5.692170;7.565417;10.142050;103.547050;3.127182;3.028861;5.575038;57.041178;5.691471;5.512528;10.146570;103.814944
30;1;1;0.000000;0.000000;1.000000;24229.042001;24229.241758;24229.244775;781375;158909;152425;144756;144756;1810;2316096;100.000;767.556;555.876;596.697;20.337;95.920;18.526;0.000;0.000;2.566;3.018;85.030;199.757;202.774;202.774;-0.535;28.664;4.669;4.016;0;0.000;0.000;0.000;9.516;3.238470;4.395002;5.717452;55.431518;5.894015;7.998904;10.405763;100.885362;3.237024;3.134399;5.718717;55.458537;5.891383;5.704605;10.408065;100.934537;3.117563;4.128739;5.608598;52.458219;5.673964;7.514305;10.207648;95.473958;3.116659;3.082925;5.610620;52.358237;5.672320;5.610924;10.211329;95.291991
31;1;1;0.000000;0.000000;1.000000;24229.075477;24229.274527;24229.276040;784392;176776;155937;143948;143948;1800;2303168;100.000;1522.044;552.773;593.368;22.537;88.212;18.352;0.000;0.000;1.043;1.513;68.948;199.050;200.564;200.564;-2.603;32.769;0.564;3.800;0;0.000;0.000;0.000;9.946;4.812153;7.179780;7.370209;309.207176;8.758119;13.067199;13.413780;562.757060;4.811538;3.962001;7.371399;309.285753;8.756999;7.210841;13.415947;562.900070;4.576438;6.629205;7.142947;199.901023;8.329117;12.065153;13.000164;363.819861;4.576429;3.736621;7.145559;199.838229;8.329101;6.800650;13.004917;363.705577
32;1;1;0.000000;0.000000;1.000000;24229.108844;24229.333421;24229.335030;782671;167823;154032;141972;141972;1775;2271552;100.000;1412.132;545.185;585.216;21.442;91.782;18.139;0.000;0.000;0.897;1.609;55.739;224.578;226.186;226.186;23.053;58.894;25.561;5.160;0;0.000;0.000;0.000;1.858;4.020244;5.616092;6.530986;76.729747;7.316845;10.221287;11.886395;139.648140;4.018870;3.433167;6.530824;76.784086;7.314343;6.248365;11.886100;139.747036;3.865057;5.281657;6.385052;65.588552;7.034403;9.612617;11.620795;119.371164;3.864796;3.347548;6.387730;65.726317;7.033930;6.092537;11.625669;119.621898
33;1;1;0.000000;0.000000;1.000000;24229.142094;24229.338961;24229.340190;776999;162493;151172;139814;139814;1748;2237024;100.000;1820.446;536.898;576.321;20.913;93.033;17.994;0.000;0.000;0.668;1.229;54.378;196.868;198.097;198.097;-5.120;5.540;27.793;6.575;0;0.000;0.000;0.000;2.175;4.067631;5.653042;6.702160;86.004337;7.403089;10.288537;12.197932;156.527894;4.066557;3.528389;6.702552;86.148020;7.401134;6.421669;12.198644;156.789397;3.892004;5.241914;6.546039;86.028017;7.083447;9.540284;11.913791;156.570990;3.892020;3.448920;6.549411;86.154093;7.083477;6.277034;11.919929;156.800450
34;1;1;0.000000;0.000000;1.000000;24229.175500;24229.372321;24229.373804;778650;158009;147496;137648;137648;1721;2202368;100.000;1485.383;528.581;567.394;20.293;93.347;17.678;0.000;0.000;0.621;1.483;41.910;196.821;198.304;198.304;-4.840;33.360;0.026;6.165;0;0.000;0.000;0.000;2.122;4.008682;5.577327;6.710517;64.219900;7.295801;10.150736;12.213141;116.880218;4.009130;3.597198;6.714883;64.418821;7.296617;6.546900;12.221086;117.242254;3.839924;5.182178;6.557354;62.106193;6.988662;9.431565;11.934384;113.033272;3.841231;3.516002;6.564098;62.190612;6.991041;6.399124;11.946659;113.186914
35;1;1;0.000000;0.000000;1.000000;24229.208657;24229.405809;24229.407044;778007;156436;146459;137154;137154;1715;2194464;100.000;1777.272;526.684;565.362;20.107;93.622;17.629;0.000;0.000;0.669;1.235;54.210;197.152;198.387;198.387;-4.933;33.488;0.155;5.790;0;0.000;0.000;0.000;2.040;3.551689;4.970610;6.091343;59.847765;6.464075;9.046509;11.086243;108.922933;3.551270;3.301749;6.094353;60.153723;6.463311;6.009184;11.091722;109.479776;3.385000;4.575048;5.937998;49.530596;6.160701;8.326588;10.807155;90.145685;3.386074;3.223830;5.944092;49.636807;6.162654;5.867371;10.818248;90.338989
36;1;1;0.000000;0.000000;1.000000;24229.242013;24229.439088;24229.440355;776483;155955;147025;138046;138046;1726;2208736;100.000;1742.680;530.109;569.035;20.085;94.274;17.778;0.000;0.000;0.662;1.267;52.223;197.075;198.342;198.342;-4.955;33.278;0.055;5.431;0;0.000;0.000;0.000;2.144;3.642059;4.921056;6.263854;60.035238;6.628548;8.956323;11.400214;109.264134;3.641346;3.361806;6.266480;60.323627;6.627250;6.118487;11.404994;109.789001;3.497999;4.603049;6.131904;50.051304;6.366357;8.377550;11.160066;91.093373;3.498312;3.297743;6.136728;49.982937;6.366928;6.001892;11.168846;90.968946
37;1;1;0.000000;0.000000;1.000000;24229.275550;24229.472532;24229.474072;781287;157465;149465;139346;139346;1742;2229536;100.000;1448.156;535.101;574.388;20.155;94.920;17.835;0.000;0.000;0.629;1.540;40.852;196.983;198.522;198.522;-4.572;33.444;0.111;5.099;0;0.000;0.000;0.000;2.160;3.589926;4.821270;6.258049;56.195229;6.533666;8.774712;11.389650;102.275317;3.589109;3.415165;6.262308;56.347376;6.532179;6.215600;11.397400;102.552225;3.457061;4.535671;6.138058;56.239975;6.291852;8.254921;11.171266;102.356754;3.457400;3.363054;6.145131;56.378164;6.292467;6.120759;11.184139;102.608258
38;1;1;0.000000;0.000000;1.000000;24229.308542;24229.505600;24229.506881;780329;157640;150117;141098;141098;1764;2257568;100.000;1761.917;541.829;581.612;20.202;95.228;18.082;0.000;0.000;0.757;1.281;59.071;197.058;198.339;198.339;-5.096;33.067;0.266;4.797;0;0.000;0.000;0.000;2.172;3.433017;4.647176;5.963152;55.773701;6.248091;8.457861;10.852936;101.508137;3.433865;3.221440;5.969041;55.753933;6.249634;5.863021;10.863655;101.472158;3.300201;4.362058;5.843083;55.677897;6.006366;7.938946;10.634410;101.333773;3.301570;3.166424;5.850540;55.693682;6.008857;5.762891;10.647982;101.362502
39;1;1;0.000000;0.000000;1.000000;24229.342131;24229.540166;24229.541729;780785;158183;150821;142238;142238;1778;2275808;100.000;1456.189;546.206;586.306;20.259;95.346;18.217;0.000;0.000;0.675;1.563;43.198;198.036;199.599;199.599;-3.581;34.567;1.233;4.574;0;0.000;0.000;0.000;2.180;3.447367;4.671740;5.959626;72.184455;6.274208;8.502567;10.846519;131.375709;3.446933;3.196132;5.962837;72.511705;6.273417;5.816961;10.852363;131.971302;3.315678;4.382672;5.841329;52.846062;6.034535;7.976462;10.631219;96.179832;3.315921;3.138667;5.846095;52.934538;6.034976;5.712373;10.639893;96.340859
40;1;1;0.000000;0.000000;1.000000;24229.375472;24229.600066;24229.601196;785430;159338;152086;143844;143844;1799;2301504;100.000;2036.461;552.373;592.946;20.287;95.449;18.314;0.000;0.000;0.725;1.130;64.133;224.593;225.723;225.723;22.552;59.899;26.566;5.948;0;0.000;0.000;0.000;1.942;3.498338;4.802627;6.020852;58.258046;6.366975;8.740781;10.957951;106.029644;3.497695;3.276991;6.022596;58.309071;6.365805;5.964123;10.961125;106.122510;3.369230;4.522757;5.908861;58.197481;6.131999;8.231418;10.754127;105.919415;3.369112;3.225219;5.911503;58.276641;6.131783;5.869899;10.758936;106.063487
41;1;1;0.000000;0.000000;1.000000;24229.408849;24229.605918;24229.607486;789479;161451;154261;146416;146416;1831;2342656;100.000;1494.134;562.250;603.545;20.450;95.547;18.546;0.000;0.000;0.673;1.568;42.917;197.069;198.637;198.637;-4.491;5.853;27.481;7.294;0;0.000;0.000;0.000;2.171;3.527304;4.803377;6.064426;63.514393;6.419693;8.742147;11.037255;115.596195;3.526148;3.295305;6.066325;63.281402;6.417590;5.997455;11.040712;115.172152;3.407285;4.540964;5.963026;54.262846;6.201259;8.264554;10.852707;98.758380;3.405832;3.246795;5.963642;54.299072;6.198615;5.909166;10.853828;98.824312
42;1;1;0.000000;0.000000;1.000000;24229.442164;24229.639428;24229.640766;789348;163175;156456;148106;148106;1852;2369696;100.000;1771.259;568.740;610.508;20.672;95.882;18.763;0.000;0.000;0.729;1.338;54.487;197.264;198.602;198.602;-4.544;33.510;0.177;6.849;0;0.000;0.000;0.000;2.243;3.447628;4.730649;5.956948;70.732627;6.274682;8.609782;10.841645;128.733380;3.446372;3.294774;5.957712;70.908895;6.272396;5.996488;10.843036;129.054188;3.317693;4.439254;5.842176;57.328105;6.038202;8.079442;10.632760;104.337151;3.316441;3.236112;5.842646;57.300623;6.035922;5.889723;10.633615;104.287134
43;1;1;0.000000;0.000000;1.000000;24229.475490;24229.682954;24229.685609;792714;164202;157630;149298;149298;1867;2388768;100.000;899.570;573.317;615.424;20.714;95.998;18.834;0.000;0.000;1.805;2.656;67.962;207.463;210.119;210.119;6.966;43.526;10.192;7.058;0;0.000;0.000;0.000;5.148;3.366561;4.621968;5.878445;57.946443;6.127141;8.411982;10.698769;105.462527;3.366317;3.290303;5.878019;57.975482;6.126697;5.988351;10.697994;105.515377;3.237916;4.330753;5.764164;54.265803;5.893006;7.881971;10.490779;98.763761;3.237459;3.233394;5.764191;54.206492;5.892176;5.884777;10.490827;98.655815
44;1;1;0.000000;0.000000;1.000000;24229.508860;24229.735650;24229.738603;790865;165443;158450;150365;150365;1880;2405840;100.000;814.698;577.414;619.814;20.919;95.773;19.013;0.000;0.000;1.936;2.953;65.554;226.789;229.743;229.743;26.626;52.696;19.363;7.827;0;0.000;0.000;0.000;3.055;3.466886;4.750906;6.015855;68.254767;6.309733;8.646649;10.948856;124.223677;3.464956;3.358717;6.014780;68.306070;6.306221;6.112865;10.946900;124.317047;3.340850;4.470754;5.908895;68.292684;6.080347;8.136773;10.754190;124.292686;3.338342;3.307432;5.906937;68.323379;6.075782;6.019527;10.750626;124.348549
45;1;1;0.000000;0.000000;1.000000;24229.542205;24229.769659;24229.771905;787976;166156;159454;151606;151606;1896;2425696;100.000;1080.037;582.180;624.941;21.086;95.966;19.240;0.000;0.000;1.508;2.246;67.122;227.455;229.701;229.701;26.595;34.010;0.676;7.380;0;0.000;0.000;0.000;2.016;3.420793;4.643025;5.882604;62.015650;6.225844;8.450306;10.706340;112.868484;3.419113;3.184513;5.882314;62.109448;6.222785;5.795813;10.705811;113.039195;3.305004;4.402579;5.783876;62.036873;6.015107;8.012694;10.526654;112.907109;3.303301;3.137366;5.782770;62.114137;6.012008;5.710007;10.524641;113.047729
46;1;1;0.000000;0.000000;1.000000;24229.575230;24229.803122;24229.804661;789717;188890;165163;151650;151650;1896;2426400;100.000;1576.544;582.348;625.110;23.919;87.439;19.203;0.000;0.000;1.061;1.539;68.920;227.891;229.430;229.430;26.017;33.462;0.129;6.927;0;0.000;0.000;0.000;2.023;4.826358;7.190776;7.357289;167.963043;8.783972;13.087213;13.390266;305.692738;4.824471;3.974608;7.355456;167.961217;8.780536;7.233787;13.386930;305.689415;4.592946;6.615050;7.139317;142.917958;8.359162;12.039391;12.993558;260.110683;4.590772;3.776872;7.137578;142.662064;8.355204;6.873907;12.990391;259.644957
47;1;1;0.000000;0.000000;1.000000;24229.608848;24229.808807;24229.810180;784950;179115;163191;150558;150558;1882;2408928;100.000;1754.836;578.155;620.601;22.819;91.110;19.181;0.000;0.000;0.702;1.373;51.107;199.958;201.331;201.331;-1.797;5.685;27.648;8.222;0;0.000;0.000;0.000;2.326;4.180749;5.840177;6.721721;84.993297;7.608964;10.629123;12.233532;154.687800;4.179574;3.551017;6.722945;84.909329;7.606826;6.462851;12.235759;154.534979;4.010509;5.470820;6.569228;84.933795;7.299127;9.956892;11.955995;154.579507;4.009261;3.458659;6.570447;84.898744;7.296855;6.294759;11.958213;154.515713
48;1;1;0.000000;0.000000;1.000000;24229.642207;24229.844687;24229.868026;781130;174491;161518;148538;148538;1857;2376608;100.000;101.829;570.398;612.280;22.338;92.565;19.016;0.000;0.000;1.404;23.340;6.017;202.479;225.819;225.819;22.716;35.880;2.546;7.867;0;0.000;0.000;0.000;2.252;4.146879;5.981907;6.682728;90.894772;7.547320;10.887070;12.162565;165.428485;4.146652;3.573318;6.685486;90.943218;7.546907;6.503438;12.167585;165.516657;3.941026;5.488433;6.501924;84.510310;7.172667;9.988948;11.833502;153.808763;3.940321;3.460543;6.503747;84.452522;7.171383;6.298188;11.836820;153.703591
49;1;1;0.000000;0.000000;1.000000;24229.676541;24229.898683;24229.900464;780468;169683;158314;147276;147276;1841;2356416;100.000;1323.253;565.552;607.073;21.741;93.300;18.870;0.000;0.000;0.745;1.781;41.822;222.142;223.923;223.923;21.821;53.996;20.663;8.667;0;0.000;0.000;0.000;2.561;3.883148;5.761261;6.351369;70.530127;7.067328;10.485496;11.559492;128.364831;3.882556;3.487296;6.353288;70.390081;7.066253;6.346879;11.562985;128.109947;3.678597;5.260525;6.164493;66.894597;6.695047;9.574155;11.219377;121.748167;3.678706;3.362783;6.166937;66.929753;6.695246;6.120265;11.223826;121.812151
50;1;1;0.000000;0.000000;1.000000;24229.709767;24229.908779;24229.932151;783376;166714;156688;146748;146748;1835;2347968;100.000;100.463;563.525;604.910;21.281;93.986;18.733;0.000;0.000;0.698;23.372;2.986;199.012;222.384;222.384;20.174;10.096;23.237;9.578;0;0.000;0.000;0.000;2.314;3.883786;5.743095;6.402231;87.143190;7.068490;10.452432;11.652060;158.600606;3.881676;3.509130;6.401253;87.056877;7.064650;6.386617;11.650280;158.443516;3.677546;5.221844;6.211577;87.049608;6.693133;9.503756;11.305070;158.430286;3.675825;3.378822;6.211741;86.996423;6.690001;6.149455;11.305369;158.333489
51;1;1;0.000000;0.000000;1.000000;24229.742823;24229.939383;24229.940696;787237;163927;154647;145970;145970;1825;2335520;100.000;1779.530;560.537;601.697;20.823;94.339;18.542;0.000;0.000;0.845;1.312;64.415;196.561;197.873;197.873;-4.614;30.604;2.729;9.150;0;0.000;0.000;0.000;2.462;3.788336;5.493151;6.277327;74.577466;6.894772;9.997535;11.424734;135.730988;3.787182;3.418960;6.278288;74.650104;6.892671;6.222507;11.426484;135.863189;3.594266;5.017047;6.097713;72.161770;6.541563;9.131025;11.097838;131.334421;3.593875;3.301308;6.098670;72.153226;6.540853;6.008380;11.099579;131.318871
52;1;1;0.000000;0.000000;1.000000;24229.775677;24229.972853;24229.975182;787734;163921;154970;147302;147302;1842;2356832;100.000;1012.297;565.652;607.195;20.809;94.539;18.699;0.000;0.000;0.828;2.328;35.543;197.176;199.504;199.504;-3.462;33.470;0.137;8.586;0;0.000;0.000;0.000;2.358;3.696210;5.150481;6.161648;70.705440;6.727103;9.373876;11.214199;128.683901;3.695861;3.268632;6.161701;70.756051;6.726467;5.948911;11.214295;128.776013;3.541686;4.795126;6.019279;62.393736;6.445868;8.727129;10.955089;113.556599;3.540915;3.182691;6.020164;62.450498;6.444465;5.792498;10.956698;113.659906
53;1;1;0.000000;0.000000;1.000000;24229.808437;24230.006054;24230.007394;787059;163880;155377;148046;148046;1851;2368736;100.000;1767.708;568.509;610.255;20.822;94.811;18.810;0.000;0.000;0.720;1.340;53.753;197.617;198.958;198.958;-4.582;33.201;0.132;8.058;0;0.000;0.000;0.000;2.297;3.608530;4.942981;6.091769;66.795145;6.567525;8.996225;11.087019;121.567163;3.608154;3.248799;6.091668;66.988532;6.566840;5.912813;11.086836;121.919128;3.473426;4.638599;5.969108;47.491878;6.321635;8.442249;10.863777;86.435217;3.471995;3.178358;5.969040;47.591336;6.319030;5.784611;10.863652;86.616232
54;1;1;0.000000;0.000000;1.000000;24229.842055;24230.039335;24230.040980;786051;163752;156015;148712;148712;1859;2379392;100.000;1446.695;571.067;612.993;20.832;95.275;18.919;0.000;0.000;0.733;1.645;44.562;197.281;198.925;198.925;-4.330;33.281;0.053;7.558;0;0.000;0.000;0.000;2.467;3.477411;4.698553;5.932268;66.144343;6.328888;8.551366;10.796727;120.382705;3.477307;3.160869;5.932183;66.337566;6.328700;5.752781;10.796574;120.734370;3.350166;4.418806;5.815500;46.332871;6.097302;8.042227;10.584211;84.325826;3.349335;3.098287;5.816702;46.425689;6.095789;5.638881;10.586398;84.494753
55;1;1;0.000000;0.000000;1.000000;24229.875650;24230.073168;24230.074540;796213;163350;156198;148706;148706;1859;2379296;100.000;1734.844;571.044;612.970;20.516;95.622;18.677;0.000;0.000;0.695;1.372;50.664;197.518;198.889;198.889;-4.104;33.833;0.500;7.117;0;0.000;0.000;0.000;2.363;3.526380;4.743280;6.104035;55.230498;6.418011;8.632769;11.109343;100.519506;3.524720;3.381491;6.102025;55.312807;6.414991;6.154314;11.105685;100.669309;3.397130;4.457864;5.985700;52.340313;6.182777;8.113312;10.893974;95.259370;3.395195;3.322019;5.984187;52.526011;6.179254;6.046075;10.891220;95.597340
56;1;1;0.000000;0.000000;1.000000;24229.908106;24230.105893;24230.107538;790191;162711;155789;148654;148654;1859;2378464;100.000;1446.618;570.844;612.770;20.591;95.746;18.812;0.000;0.000;0.700;1.644;42.557;197.788;199.432;199.432;-4.439;32.725;0.608;6.710;0;0.000;0.000;0.000;2.347;3.529728;4.768572;6.025835;48.508470;6.424105;8.678800;10.967019;88.285416;3.526576;3.245105;6.022161;48.654187;6.418368;5.906091;10.960334;88.550620;3.396166;4.485015;5.901111;46.416244;6.181022;8.162726;10.740021;84.477564;3.392571;3.181608;5.899506;46.646106;6.174479;5.790527;10.737101;84.895912
57;1;1;0.000000;0.000000;1.000000;24229.942320;24230.139047;24230.140364;798808;162756;155654;148762;148762;1860;2380192;100.000;1807.835;571.259;613.208;20.375;95.636;18.623;0.000;0.000;0.723;1.317;54.927;196.727;198.044;198.044;-4.946;33.154;0.180;6.302;0;0.000;0.000;0.000;2.408;3.447544;4.669647;6.001481;58.926302;6.274529;8.498758;10.922695;107.245870;3.444699;3.381215;5.998428;59.150698;6.269352;6.153812;10.917139;107.654271;3.319154;4.390855;5.883456;54.679533;6.040860;7.991356;10.707890;99.516751;3.316888;3.324661;5.882405;54.686099;6.036736;6.050884;10.705977;99.528700
58;1;1;0.000000;0.000000;1.000000;24229.975700;24230.173493;24230.174856;797924;163186;156181;149280;149280;1866;2388480;100.000;1752.672;573.248;615.332;20.451;95.707;18.709;0.000;0.000;0.697;1.363;51.147;197.793;199.156;199.156;-3.787;34.446;1.113;5.977;0;0.000;0.000;0.000;2.434;3.400709;4.617515;5.908318;54.006308;6.189290;8.403877;10.753138;98.291481;3.398494;3.284235;5.906811;53.943434;6.185259;5.977307;10.750396;98.177051;3.271600;4.339813;5.792071;54.153666;5.954312;7.898461;10.541570;98.559672;3.270383;3.228364;5.791392;54.041488;5.952098;5.875622;10.540333;98.355508
59;1;1;0.000000;0.000000;1.000000;24230.008949;24230.232104;24230.234408;794477;163385;156786;149798;149798;1873;2396768;100.000;1040.233;575.237;617.479;20.565;95.961;18.855;0.000;0.000;1.538;2.304;66.755;223.156;225.460;225.460;22.432;58.611;25.278;7.184;0;0.000;0.000;0.000;2.051;3.454687;4.681242;5.957528;56.728129;6.287530;8.519861;10.842702;103.245194;3.451673;3.243306;5.953634;56.808036;6.282045;5.902817;10.835614;103.390626;3.324263;4.393533;5.838218;56.705058;6.050158;7.996230;10.625556;103.203206;3.321912;3.181345;5.835879;56.791240;6.045880;5.790047;10.621299;103.360058
60;1;1;0.000000;0.000000;1.000000;24230.042229;24230.240702;24230.242098;789053;164074;157604;150698;150698;1884;2411168;100.000;1727.326;578.693;621.183;20.794;96.057;19.099;0.000;0.000;0.765;1.396;54.838;198.473;199.869;199.869;-3.212;8.597;24.736;8.281;0;0.000;0.000;0.000;2.443;3.469261;4.680688;5.945289;75.472822;6.314055;8.518852;10.820425;137.360537;3.466749;3.197383;5.942390;75.586848;6.309483;5.819238;10.815150;137.568063;3.348769;4.421830;5.836545;60.427337;6.094759;8.047730;10.622512;109.977752;3.346390;3.141519;5.834666;60.364559;6.090429;5.717564;10.619092;109.863497
61;1;1;0.000000;0.000000;1.000000;24230.075616;24230.273093;24230.274445;783874;186216;162709;149328;149328;1867;2389248;100.000;1766.938;573.432;615.539;23.756;87.376;19.050;0.000;0.000;0.743;1.352;54.969;197.477;198.830;198.830;-4.198;32.391;0.942;7.822;0;0.000;0.000;0.000;2.503;5.053447;7.532834;7.588229;198.845438;9.197273;13.709758;13.810577;361.898697;5.052151;4.019343;7.587677;198.728764;9.194915;7.315205;13.809572;361.686350;4.799282;6.900629;7.345001;166.067396;8.734693;12.559145;13.367902;302.242661;4.798590;3.785915;7.345753;166.117491;8.733434;6.890366;13.369270;302.333834
62;1;1;0.000000;0.000000;1.000000;24230.108900;24230.306903;24230.308560;782785;175815;160583;146986;146986;1838;2351776;100.000;1418.952;564.439;605.892;22.460;91.336;18.777;0.000;0.000;0.658;1.657;39.697;198.002;199.660;199.660;-3.417;33.810;0.476;7.363;0;0.000;0.000;0.000;6.605;4.336362;6.053203;6.930651;67.348815;7.892179;11.016829;12.613784;122.574843;4.336082;3.616982;6.932966;67.428983;7.891669;6.582908;12.617999;122.720750;4.158849;5.665896;6.765564;67.417644;7.569105;10.311930;12.313327;122.700112;4.158754;3.510142;6.767599;67.488286;7.568933;6.388459;12.317030;122.828680
63;1;1;0.000000;0.000000;1.000000;24230.142229;24230.339734;24230.341057;782791;170291;157298;145010;145010;1813;2320160;100.000;1752.804;556.851;597.740;21.754;92.370;18.525;0.000;0.000;0.697;1.324;52.635;197.505;198.829;198.829;-4.253;32.831;0.502;6.934;0;0.000;0.000;0.000;2.394;4.108594;5.925851;6.722101;81.029388;7.477642;10.785048;12.234224;147.473485;4.107621;3.648985;6.722732;81.041320;7.475870;6.641153;12.235373;147.495203;3.909721;5.437662;6.539363;70.954712;7.115691;9.896545;11.901641;129.137576;3.908528;3.528390;6.539645;70.959921;7.113521;6.421670;11.902153;129.147056
64;1;1;0.000000;0.000000;1.000000;24230.175613;24230.372775;24230.374359;782127;165344;154096;143356;143356;1792;2293696;100.000;1447.909;550.500;590.915;21.140;93.197;18.329;0.000;0.000;0.713;1.584;45.027;197.162;198.746;198.746;-4.284;33.042;0.292;6.519;0;0.000;0.000;0.000;2.235;4.080563;6.004553;6.754966;86.363484;7.426624;10.928286;12.294039;157.181540;4.080483;3.761953;6.756407;86.343154;7.426480;6.846755;12.296662;157.144540;3.862247;5.431133;6.548908;86.196544;7.029289;9.884663;11.919013;156.877710;3.861884;3.621563;6.550369;86.261487;7.028630;6.591244;11.921671;156.995907
65;1;1;0.000000;0.000000;1.000000;24230.208640;24230.405890;24230.407192;785507;163252;152956;142428;142428;1781;2278848;100.000;1750.798;546.936;587.103;20.783;93.693;18.132;0.000;0.000;0.664;1.302;51.050;197.250;198.552;198.552;-4.785;33.115;0.218;6.125;0;0.000;0.000;0.000;2.285;3.942424;5.603898;6.708800;84.067846;7.175211;10.199095;12.210017;153.003480;3.942081;3.792705;6.708689;83.941668;7.174588;6.902723;12.209815;152.773836;3.763472;5.167909;6.542661;83.988289;6.849520;9.405594;11.907642;152.858687;3.762581;3.698240;6.542464;83.921717;6.847897;6.730797;11.907285;152.737525
66;1;1;0.000000;0.000000;1.000000;24230.242429;24230.439717;24230.444124;789017;161194;152080;142296;142296;1779;2276736;100.000;516.614;546.429;586.551;20.430;94.346;18.035;0.000;0.000;3.884;4.407;88.129;197.288;201.695;201.695;-1.186;33.826;0.493;5.773;0;0.000;0.000;0.000;2.700;3.662014;5.065834;6.366891;64.762419;6.664865;9.219819;11.587741;117.867603;3.660509;3.610323;6.365070;64.735765;6.662126;6.570788;11.584427;117.819092;3.515098;4.738337;6.232918;62.641775;6.397478;8.623773;11.343911;114.008031;3.513161;3.544311;6.230491;62.838499;6.393953;6.450647;11.339493;114.366068
67;1;1;0.000000;0.000000;1.000000;24230.275619;24230.473012;24230.474313;789641;160513;151749;142550;142550;1782;2280800;100.000;1753.529;547.404;587.594;20.327;94.540;18.053;0.000;0.000;0.676;1.301;52.005;197.393;198.693;198.693;-4.331;33.295;0.038;5.415;0;0.000;0.000;0.000;2.209;3.731578;4.978636;6.498189;54.201554;6.791472;9.061118;11.826704;98.646828;3.730010;3.599900;6.495896;54.270500;6.788618;6.551818;11.822530;98.772309;3.597089;4.688371;6.377533;54.118443;6.546702;8.532836;11.607110;98.495567;3.595048;3.544060;6.374820;54.229453;6.542988;6.450190;11.602172;98.697604
68;1;1;0.000000;0.000000;1.000000;24230.308997;24230.506019;24230.507616;784718;160286;152016;142638;142638;1783;2282208;100.000;1428.885;547.742;587.954;20.426;94.840;18.177;0.000;0.000;0.667;1.597;41.783;197.022;198.619;198.619;-4.361;33.007;0.326;5.097;0;0.000;0.000;0.000;3.096;3.582943;4.792322;6.242889;55.968464;6.520957;8.722026;11.362059;101.862604;3.580621;3.411094;6.240004;56.050191;6.516729;6.208192;11.356808;102.011347;3.458768;4.534897;6.134146;55.905022;6.294958;8.253513;11.164145;101.747140;3.457312;3.365431;6.132691;56.049797;6.292309;6.125085;11.161497;102.010630
69;1;1;0.000000;0.000000;1.000000;24230.342214;24230.538969;24230.540264;778159;159851;152237;142942;142942;1787;2287072;100.000;1765.939;548.910;589.212;20.542;95.237;18.369;0.000;0.000;0.694;1.295;53.569;196.755;198.050;198.050;-5.046;32.950;0.383;4.802;0;0.000;0.000;0.000;2.309;3.498817;4.785456;6.056055;69.075643;6.367847;8.709531;11.022021;125.717671;3.495640;3.285389;6.052553;68.787237;6.362065;5.979409;11.015646;125.192770;3.370106;4.516279;5.939370;68.868678;6.133593;8.219628;10.809654;125.340993;3.367225;3.230543;5.937693;68.699346;6.128350;5.879588;10.806601;125.032809
70;1;1;0.000000;0.000000;1.000000;24230.375533;24230.572513;24230.573826;776327;160061;152716;143886;143886;1799;2302176;100.000;1753.207;552.535;593.108;20.618;95.411;18.534;0.000;0.000;0.679;1.313;51.736;196.980;198.293;198.293;-4.817;33.544;0.211;4.515;0;0.000;0.000;0.000;2.283;3.528613;4.786137;6.088780;67.086825;6.422075;8.710769;11.081579;122.098022;3.525933;3.303142;6.086161;67.159766;6.417198;6.011719;11.076813;122.230774;3.394067;4.499356;5.963958;61.785683;6.177202;8.188827;10.854403;112.449944;3.392338;3.241959;5.964796;61.923917;6.174055;5.900365;10.855929;112.701528
71;1;1;0.000000;0.000000;1.000000;24230.408888;24230.606002;24230.607612;786883;161110;153947;145096;145096;1814;2321536;100.000;1442.166;557.181;598.092;20.474;95.554;18.439;0.000;0.000;0.676;1.610;42.018;197.114;198.724;198.724;-4.365;33.489;0.156;4.243;0;0.000;0.000;0.000;2.422;3.546301;4.859510;6.151640;69.278083;6.454268;8.844309;11.195985;126.086110;3.541251;3.406656;6.144721;69.409140;6.445078;6.200114;11.183393;126.324634;3.407341;4.556840;6.025631;47.678317;6.201361;8.293449;10.966648;86.774537;3.403267;3.344286;6.020451;47.697894;6.193946;6.086601;10.957221;86.810167
72;1;1;0.000000;0.000000;1.000000;24230.442267;24230.639149;24230.640467;787146;162263;155321;146492;146492;1832;2343872;100.000;1778.356;562.542;603.859;20.614;95.722;18.611;0.000;0.000;0.808;1.318;61.267;196.881;198.199;198.199;-4.843;33.147;0.187;3.989;0;0.000;0.000;0.000;2.405;3.526665;4.764162;6.109461;65.459437;6.418530;8.670774;11.119219;119.136176;3.523823;3.334951;6.107572;65.388020;6.413357;6.069610;11.115780;119.006197;3.395060;4.473004;5.993005;56.629373;6.179009;8.140867;10.907269;103.065459;3.393640;3.277166;5.992968;56.657741;6.176424;5.964442;10.907202;103.117089
73;1;1;0.000000;0.000000;1.000000;24230.475548;24230.673767;24230.675484;781047;164110;157122;148748;148748;1860;2379968;100.000;1386.888;571.205;613.154;21.012;95.742;19.045;0.000;0.000;0.727;1.716;42.371;198.220;199.936;199.936;-3.160;34.619;1.285;3.820;0;0.000;0.000;0.000;2.286;3.392631;4.601614;5.860547;59.139053;6.174588;8.374938;10.666196;107.633076;3.391424;3.155677;5.860188;59.320167;6.172392;5.743332;10.665542;107.962703;3.260368;4.311407;5.740187;48.633643;5.933870;7.846760;10.447140;88.513231;3.259829;3.092122;5.740903;48.590135;5.932888;5.627661;10.448443;88.434045
74;1;1;0.000000;0.000000;1.000000;24230.508914;24230.732048;24230.734408;782459;165107;158147;150270;150270;1879;2404320;100.000;1018.763;577.049;619.427;21.101;95.785;19.205;0.000;0.000;1.617;2.360;68.496;223.133;225.494;225.494;22.431;58.280;24.947;5.141;0;0.000;0.000;0.000;2.268;3.411565;4.604373;5.861500;49.173112;6.209048;8.379959;10.667930;89.495064;3.410370;3.154238;5.861311;49.135632;6.206872;5.740713;10.667586;89.426850;3.295167;4.365718;5.758098;48.874095;5.997204;7.945607;10.479738;88.950853;3.294171;3.102945;5.758563;48.879144;5.995392;5.647359;10.480584;88.960043
75;1;1;0.000000;0.000000;1.000000;24230.542226;24230.740452;24230.742112;781579;165269;158787;150762;150762;1885;2412192;100.000;1453.491;578.939;621.452;21.146;96.078;19.289;0.000;0.000;0.686;1.660;41.338;198.226;199.886;199.886;-3.198;8.405;24.929;6.377;0;0.000;0.000;0.000;2.525;3.339073;4.524039;5.739753;55.883828;6.077113;8.233751;10.446350;101.708567;3.337765;3.079943;5.738334;56.020621;6.074733;5.605496;10.443767;101.957530;3.215622;4.262436;5.628753;56.079063;5.852432;7.757634;10.244331;102.063894;3.214525;3.022814;5.628208;56.204430;5.850435;5.501521;10.243338;102.292064
76;1;1;0.000000;0.000000;1.000000;24230.575546;24230.773196;24230.774613;784181;189415;164593;151052;151052;1889;2416832;100.000;1705.070;580.052;622.656;24.155;86.895;19.262;0.000;0.000;0.715;1.417;50.447;197.649;199.067;199.067;-4.030;32.743;0.590;6.016;0;0.000;0.000;0.000;2.485;4.951444;7.424854;7.460591;181.211344;9.011627;13.513234;13.578275;329.804647;4.949402;3.979579;7.457241;181.224250;9.007911;7.242833;13.572179;329.828135;4.688110;6.745677;7.207163;170.596800;8.532361;12.277132;13.117037;310.486176;4.686457;3.734854;7.205218;170.560346;8.529352;6.797435;13.113497;310.419829
77;1;1;0.000000;0.000000;1.000000;24230.608882;24230.806324;24230.807988;782861;178892;162643;150492;150492;1882;2407872;100.000;1446.539;577.902;620.347;22.851;90.917;19.223;0.000;0.000;0.747;1.665;44.889;197.442;199.107;199.107;-3.989;33.128;0.206;5.653;0;0.000;0.000;0.000;2.393;4.157519;5.797789;6.649918;75.747869;7.566684;10.551976;12.102850;137.861121;4.155524;3.452172;6.647465;75.776972;7.563054;6.282954;12.098386;137.914090;3.985040;5.427742;6.487703;75.422114;7.252772;9.878490;11.807619;137.268248;3.983708;3.347359;6.486816;75.604854;7.250348;6.092193;11.806005;137.600834
78;1;1;0.000000;0.000000;1.000000;24230.642247;24230.839212;24230.840568;779451;174747;160995;148910;148910;1862;2382560;100.000;1758.152;571.827;613.821;22.419;92.130;19.104;0.000;0.000;0.708;1.355;52.265;196.965;198.320;198.320;-4.743;32.889;0.444;5.327;0;0.000;0.000;0.000;3.636;4.340040;6.020107;7.005798;77.016303;7.898872;10.956594;12.750553;140.169671;4.337514;3.651805;7.001917;76.955782;7.894275;6.646285;12.743489;140.059523;4.149355;5.583966;6.828669;77.045159;7.551827;10.162818;12.428178;140.222189;4.147287;3.537220;6.826309;77.024727;7.548062;6.437741;12.423883;140.185003
79;1;1;0.000000;0.000000;1.000000;24230.675613;24230.873013;24230.874374;784719;168444;157136;147042;147042;1839;2352672;100.000;1728.819;564.654;606.129;21.466;93.287;18.738;0.000;0.000;0.691;1.361;50.740;197.400;198.761;198.761;-4.269;33.801;0.468;5.023;0;0.000;0.000;0.000;2.349;4.052898;5.832524;6.641267;78.436204;7.376275;10.615194;12.087107;142.753891;4.049846;3.575349;6.637139;78.500943;7.370719;6.507136;12.079593;142.871716;3.854704;5.353294;6.456701;78.519439;7.015562;9.742996;11.751195;142.905380;3.852760;3.453665;6.454487;78.539810;7.012023;6.285670;11.747166;142.942454
80;1;1;0.000000;0.000000;1.000000;24230.708721;24230.906029;24230.907637;780701;165223;155043;146382;146382;1830;2342112;100.000;1456.950;562.119;603.392;21.163;93.839;18.750;0.000;0.000;0.655;1.608;40.719;197.308;198.916;198.916;-4.340;33.016;0.318;4.729;0;0.000;0.000;0.000;2.370;4.007882;5.728673;6.620323;77.842039;7.294346;10.426184;12.048988;141.672512;4.004167;3.547606;6.613562;77.972511;7.287584;6.456643;12.036683;141.909970;3.814068;5.243930;6.440477;77.852903;6.941604;9.543952;11.721668;141.692284;3.811072;3.428334;6.436715;77.981394;6.936150;6.239568;11.714821;141.926138
81;1;1;0.000000;0.000000;1.000000;24230.742325;24230.939275;24230.940616;785754;164125;154526;145442;145442;1819;2327072;100.000;1735.050;558.510;599.534;20.888;94.151;18.510;0.000;0.000;0.746;1.341;55.608;196.950;198.291;198.291;-4.694;33.246;0.088;4.439;0;0.000;0.000;0.000;2.428;3.819389;5.287589;6.415847;80.591942;6.951288;9.623412;11.676841;146.677334;3.816912;3.428513;6.412132;80.675387;6.946780;6.239894;11.670081;146.829205;3.657259;4.911089;6.268619;80.499276;6.656212;8.938181;11.408887;146.508682;3.655428;3.342837;6.266396;80.611774;6.652879;6.083964;11.404840;146.713428
82;1;1;0.000000;0.000000;1.000000;24230.775624;24230.972818;24230.974446;783308;163296;154802;145720;145720;1822;2331520;100.000;1432.526;559.577;600.669;20.847;94.798;18.603;0.000;0.000;0.699;1.628;42.934;197.194;198.822;198.822;-4.198;33.543;0.210;4.175;0;0.000;0.000;0.000;2.360;3.640176;4.972933;6.183046;50.819380;6.625121;9.050738;11.253143;92.491272;3.637723;3.307725;6.179227;50.848743;6.620657;6.020059;11.246193;92.544712;3.495256;4.651399;6.052107;50.475737;6.361365;8.465545;11.014835;91.865842;3.493163;3.238192;6.049690;50.561859;6.357557;5.893509;11.010435;92.022583
83;1;1;0.000000;0.000000;1.000000;24230.808908;24231.005647;24231.006952;782737;162654;154619;145846;145846;1824;2333536;100.000;1788.458;560.061;601.198;20.780;95.060;18.633;0.000;0.000;0.682;1.305;52.269;196.739;198.044;198.044;-5.025;32.829;0.504;3.945;0;0.000;0.000;0.000;2.304;3.584934;4.821985;6.101947;52.032604;6.524580;8.776013;11.105543;94.699339;3.582175;3.229575;6.099087;52.081352;6.519559;5.877826;11.100338;94.788060;3.447341;4.523357;5.980911;51.840593;6.274160;8.232510;10.885258;94.349880;3.444961;3.167416;5.978236;51.909876;6.269829;5.764697;10.880389;94.475975
84;1;1;0.000000;0.000000;1.000000;24230.842299;24231.039255;24231.040868;781874;162736;155088;146012;146012;1826;2336192;100.000;1448.192;560.699;601.881;20.814;95.300;18.675;0.000;0.000;0.670;1.613;41.511;196.956;198.569;198.569;-4.442;33.608;0.274;3.716;0;0.000;0.000;0.000;2.460;3.526575;4.742124;6.026283;63.408489;6.418366;8.630666;10.967834;115.403451;3.524675;3.190065;6.023503;63.417206;6.414909;5.805919;10.962776;115.419315;3.394308;4.452163;5.908159;63.434987;6.177641;8.102937;10.752850;115.451676;3.392005;3.127299;5.905238;63.463421;6.173450;5.691684;10.747533;115.503426
85;1;1;0.000000;0.000000;1.000000;24230.875552;24231.072962;24231.074315;780545;162877;155363;146308;146308;1829;2340928;100.000;1730.002;561.835;603.085;20.867;95.387;18.744;0.000;0.000;0.704;1.353;52.060;197.410;198.764;198.764;-4.328;33.707;0.374;3.507;0;0.000;0.000;0.000;2.352;3.421258;4.569573;5.903264;68.577826;6.226690;8.316623;10.743941;124.811643;3.419000;3.131699;5.901907;68.649617;6.222580;5.699692;10.741470;124.942304;3.294758;4.293154;5.788941;68.605910;5.996459;7.813540;10.535873;124.862756;3.292976;3.070325;5.787608;68.660417;5.993217;5.587992;10.533446;124.961959
86;1;1;0.000000;0.000000;1.000000;24230.908925;24231.106005;24231.107616;778343;162315;155165;146104;146104;1827;2337664;100.000;1451.400;561.052;602.256;20.854;95.595;18.771;0.000;0.000;0.683;1.611;42.379;197.080;198.691;198.691;-4.361;33.043;0.290;3.306;0;0.000;0.000;0.000;2.328;3.391841;4.511422;5.885946;48.263510;6.173151;8.210789;10.712423;87.839589;3.390578;3.148194;5.884453;48.230190;6.170852;5.729713;10.709704;87.778946;3.264994;4.234704;5.772108;46.558258;5.942288;7.707161;10.505237;84.736030;3.263854;3.091731;5.771907;46.511626;5.940214;5.626950;10.504871;84.651159
87;1;1;0.000000;0.000000;1.000000;24230.942266;24231.140649;24231.142038;778458;161315;154508;145634;145634;1821;2330144;100.000;1678.542;559.247;600.316;20.722;95.780;18.708;0.000;0.000;0.777;1.388;56.002;198.383;199.771;199.771;-3.272;34.644;1.311;3.181;0;0.000;0.000;0.000;2.352;3.391090;4.522482;5.879625;67.248539;6.171784;8.230917;10.700917;122.392342;3.389282;3.136412;5.878616;67.309594;6.168494;5.708270;10.699081;122.503461;3.259784;4.239909;5.760830;67.290124;5.932807;7.716634;10.484711;122.468027;3.258515;3.074692;5.759812;67.316847;5.930498;5.595939;10.482858;122.516661
88;1;1;0.000000;0.000000;1.000000;24230.975533;24231.173969;24231.175331;778592;160840;154258;145652;145652;1821;2330432;100.000;1710.220;559.316;600.385;20.658;95.908;18.707;0.000;0.000;0.673;1.363;49.414;198.435;199.798;199.798;-3.312;33.319;0.014;2.983;0;0.000;0.000;0.000;2.394;3.324223;4.474641;5.771299;56.951989;6.050085;8.143847;10.503765;103.652621;3.323486;3.086979;5.771122;56.972949;6.048745;5.618302;10.503443;103.690767;3.192503;4.191360;5.649971;49.552259;5.810356;7.628274;10.282948;90.185111;3.192555;3.024131;5.650489;49.519410;5.810451;5.503918;10.283891;90.125326
89;1;1;0.000000;0.000000;1.000000;24231.008932;24231.211049;24231.234183;779952;161075;154330;146464;146464;1831;2343424;100.000;101.300;562.434;603.729;20.652;95.813;18.779;0.000;0.000;0.655;23.134;2.833;202.117;225.251;225.251;22.206;37.080;3.747;3.031;0;0.000;0.000;0.000;2.164;3.377774;4.561571;5.823638;50.353517;6.147548;8.302059;10.599021;91.643401;3.376714;3.095158;5.820878;50.378918;6.145619;5.633187;10.593997;91.689630;3.251008;4.286324;5.709941;50.296640;5.916834;7.801109;10.392093;91.539885;3.249899;3.036389;5.707528;50.259368;5.914815;5.526228;10.387701;91.472049
90;1;1;0.000000;0.000000;1.000000;24231.042238;24231.242372;24231.243777;779674;162940;156395;148650;148650;1859;2378400;100.000;1692.846;570.828;612.755;20.898;95.983;19.066;0.000;0.000;0.700;1.405;49.809;200.133;201.538;201.538;-1.533;31.323;2.011;2.967;0;0.000;0.000;0.000;2.683;3.348784;4.492871;5.803264;54.069070;6.094786;8.177025;10.561940;98.405707;3.346992;3.098610;5.801041;54.165303;6.091526;5.639470;10.557894;98.580852;3.227050;4.232057;5.696480;54.135809;5.873231;7.702343;10.367593;98.527172;3.226339;3.045604;5.695724;54.150641;5.871936;5.543000;10.366217;98.554166
91;1;1;0.000000;0.000000;1.000000;24231.075678;24231.273102;24231.274796;781083;187045;162867;149974;149974;1875;2399584;100.000;1416.498;575.913;618.200;23.947;87.074;19.201;0.000;0.000;0.682;1.694;40.243;197.424;199.118;199.118;-3.847;30.730;2.603;2.945;0;0.000;0.000;0.000;2.344;4.977116;7.444588;7.513230;190.050703;9.058351;13.549150;13.674079;345.892280;4.974819;4.004212;7.510596;189.896038;9.054170;7.287665;13.669286;345.610790;4.721115;6.801630;7.269594;173.672058;8.592430;12.378966;13.230661;316.083145;4.718765;3.760056;7.266046;173.480860;8.588152;6.843302;13.224203;315.735166
92;1;1;0.000000;0.000000;1.000000;24231.108991;24231.317411;24231.330075;780537;178574;162825;150044;150044;1876;2400704;100.000;189.578;576.181;618.492;22.878;91.181;19.223;0.000;0.000;1.626;12.664;12.842;208.420;221.084;221.084;18.098;44.309;10.976;3.446;0;0.000;0.000;0.000;10.047;4.152316;5.801032;6.651523;74.331347;7.557216;10.557878;12.105772;135.283051;4.150438;3.465859;6.650051;74.472265;7.553796;6.307863;12.103093;135.539522;3.985735;5.431961;6.497517;74.256232;7.254039;9.886169;11.825481;135.146343;3.984005;3.363671;6.495968;74.444147;7.250889;6.121882;11.822662;135.488348
93;1;1;0.000000;0.000000;1.000000;24231.142287;24231.350048;24231.368707;773046;174005;159520;148126;148126;1852;2370016;100.000;127.022;568.816;610.585;22.509;91.676;19.161;0.000;0.000;5.455;18.659;29.238;207.761;226.420;226.420;23.397;32.637;0.696;3.275;0;0.000;0.000;0.000;2.228;4.039662;5.768564;6.615530;76.903051;7.352184;10.498787;12.040265;139.963553;4.036585;3.557273;6.610246;76.929329;7.346584;6.474237;12.030648;140.011379;3.857135;5.330921;6.445189;71.095811;7.019986;9.702276;11.730244;129.394375;3.855048;3.442731;6.442313;71.003332;7.016187;6.265770;11.725009;129.226064
94;1;1;0.000000;0.000000;1.000000;24231.175643;24231.401995;24231.403564;770822;168963;156075;145994;145994;1825;2335904;100.000;1488.689;560.629;601.789;21.920;92.372;18.940;0.000;0.000;0.883;1.569;56.261;226.352;227.921;227.921;24.921;51.946;18.613;4.233;0;0.000;0.000;0.000;2.048;3.856049;5.617197;6.404227;78.318655;7.018010;10.223298;11.655692;142.539952;3.854997;3.504365;6.402747;78.339677;7.016095;6.377945;11.652999;142.578212;3.668769;5.153589;6.229305;70.170509;6.677159;9.379532;11.337334;127.710327;3.668020;3.387331;6.228662;70.320372;6.675796;6.164942;11.336165;127.983077
95;1;1;0.000000;0.000000;1.000000;24231.208612;24231.408799;24231.410111;778859;164489;153794;143854;143854;1799;2301664;100.000;1753.818;552.412;592.985;21.119;93.498;18.470;0.000;0.000;0.672;1.312;51.193;200.187;201.499;201.499;-1.866;6.804;26.530;5.627;0;0.000;0.000;0.000;2.321;3.838751;5.401869;6.476848;73.021826;6.986526;9.831401;11.787863;132.899723;3.837296;3.502298;6.475509;73.148860;6.983878;6.374183;11.785427;133.130925;3.676828;5.020011;6.325031;70.702968;6.691826;9.136420;11.511556;128.679402;3.675474;3.410742;6.324589;70.734540;6.689363;6.207551;11.510753;128.736862
96;1;1;0.000000;0.000000;1.000000;24231.241633;24231.442771;24231.444474;778333;163211;153471;144278;144278;1804;2308448;100.000;1355.326;554.040;594.726;20.969;94.032;18.537;0.000;0.000;0.875;1.703;51.352;201.137;202.841;202.841;-0.836;33.972;0.639;5.315;0;0.000;0.000;0.000;3.081;3.751891;5.184938;6.356862;73.573750;6.828442;9.436588;11.569489;133.904225;3.750145;3.415705;6.355344;73.641700;6.825264;6.216582;11.566726;134.027894;3.607568;4.863740;6.223430;68.855076;6.565775;8.852006;11.326643;125.316238;3.606414;3.339738;6.222465;68.892635;6.563673;6.078323;11.324887;125.384595
97;1;1;0.000000;0.000000;1.000000;24231.275533;24231.474273;24231.475629;782798;163309;154182;144196;144196;1803;2307136;100.000;1701.580;553.725;594.388;20.862;94.411;18.421;0.000;0.000;0.685;1.356;50.490;198.740;200.096;200.096;-3.014;31.502;1.831;5.097;0;0.000;0.000;0.000;2.266;3.685984;5.056776;6.294782;53.365166;6.708490;9.203332;11.456504;97.124602;3.683627;3.402438;6.292182;53.471615;6.704202;6.192438;11.451771;97.318340;3.549151;4.751282;6.170336;53.380076;6.459455;8.647333;11.230012;97.151739;3.546679;3.334463;6.167636;53.494682;6.454956;6.068723;11.225097;97.360321
98;1;1;0.000000;0.000000;1.000000;24231.308699;24231.507119;24231.508769;781418;162763;154699;144552;144552;1807;2312832;100.000;1401.281;555.092;595.846;20.829;95.046;18.499;0.000;0.000;0.681;1.651;41.247;198.420;200.070;200.070;-3.207;32.846;0.488;4.809;0;0.000;0.000;0.000;2.477;3.639441;4.915220;6.219713;76.748941;6.623783;8.945700;11.319878;139.683073;3.635874;3.330210;6.213170;77.000528;6.617291;6.060982;11.307969;140.140960;3.502179;4.617260;6.092897;57.835381;6.373965;8.403413;11.089072;105.260393;3.499169;3.264083;6.088264;58.042316;6.368487;5.940631;11.080641;105.637015
99;1;1;0.000000;0.000000;1.000000;24231.342059;24231.542870;24231.544202;777382;161502;153880;144056;144056;1801;2304896;100.000;1731.006;553.188;593.806;20.775;95.281;18.531;0.000;0.000;0.700;1.332;52.565;200.811;202.142;202.142;-1.108;35.751;2.418;4.660;0;0.000;0.000;0.000;2.830;3.632178;4.865147;6.189010;54.985028;6.610563;8.854568;11.263999;100.072752;3.626943;3.279976;6.181661;54.568109;6.601036;5.969557;11.250623;99.313958;3.504273;4.594164;6.075823;54.835529;6.377776;8.361379;11.057997;99.800663;3.500348;3.223465;6.070775;54.531879;6.370634;5.866706;11.048810;99.248021
100;1;1;0.000000;0.000000;1.000000;24231.375570;24231.573765;24231.575406;778267;161128;153428;144366;144366;1805;2309856;100.000;1407.604;554.378;595.086;20.703;95.221;18.550;0.000;0.000;0.679;1.641;41.395;198.195;199.836;199.836;-3.238;30.895;2.439;4.521;0;0.000;0.000;0.000;2.293;3.499784;4.631073;6.031055;50.817887;6.369608;8.428553;10.976520;92.488554;3.496456;3.197211;6.025290;50.568435;6.363549;5.818924;10.966029;92.034551;3.379767;4.384062;5.929167;50.580046;6.151176;7.978993;10.791084;92.055684;3.377074;3.157206;5.925557;50.433543;6.146275;5.746115;10.784514;91.789048
101;1;1;0.000000;0.000000;1.000000;24231.408395;24231.606547;24231.607912;780699;160176;152430;144336;144336;1805;2309376;100.000;1691.129;554.263;594.971;20.517;95.164;18.488;0.000;0.000;0.682;1.366;49.914;198.151;199.517;199.517;-4.065;32.782;0.551;4.273;0;0.000;0.000;0.000;2.269;3.391530;4.532239;5.878662;59.963341;6.172585;8.248674;10.699165;109.133280;3.388066;3.143531;5.873303;59.953379;6.166280;5.721226;10.689412;109.115151;3.267202;4.269723;5.776020;59.954438;5.946307;7.770897;10.512356;109.117076;3.264590;3.115137;5.772562;59.941703;5.941553;5.669549;10.506063;109.093900
102;1;1;0.000000;0.000000;1.000000;24231.441680;24231.639693;24231.641024;780328;159982;152535;144522;144522;1807;2312352;100.000;1737.955;554.977;595.730;20.502;95.345;18.521;0.000;0.000;0.689;1.331;51.751;198.013;199.344;199.344;-4.287;33.146;0.187;4.017;0;0.000;0.000;0.000;2.447;3.439615;4.598607;5.970170;61.798030;6.260100;8.369464;10.865710;112.472414;3.436467;3.197243;5.965377;61.976938;6.254369;5.818983;10.856985;112.798027;3.313947;4.336387;5.862333;57.873756;6.031384;7.892225;10.669445;105.330235;3.311629;3.155290;5.859702;57.881758;6.027164;5.742629;10.664658;105.344800
103;1;1;0.000000;0.000000;1.000000;24231.475537;24231.673034;24231.674674;782351;159914;152756;144662;144662;1809;2314592;100.000;1411.276;555.515;596.313;20.440;95.524;18.491;0.000;0.000;0.635;1.640;38.689;197.498;199.138;199.138;-3.969;33.341;0.008;3.767;0;0.000;0.000;0.000;2.281;3.359253;4.490970;5.841112;64.900659;6.113841;8.173565;10.630824;118.119200;3.357207;3.131990;5.839315;64.994727;6.110117;5.700222;10.627552;118.290404;3.240108;4.239899;5.733232;50.171820;5.896996;7.716615;10.434483;91.312713;3.238280;3.080897;5.732844;50.288207;5.893670;5.607232;10.433776;91.524537
104;1;1;0.000000;0.000000;1.000000;24231.508883;24231.712660;24231.735740;782164;159778;152734;144698;144698;1809;2315168;100.000;100.314;555.653;596.451;20.428;95.591;18.500;0.000;0.000;1.635;23.080;7.086;203.777;226.856;226.856;23.763;39.626;6.293;3.925;0;0.000;0.000;0.000;1.948;3.440609;4.591797;5.953459;63.013205;6.261908;8.357071;10.835295;114.684033;3.438042;3.188135;5.950736;62.976214;6.257237;5.802405;10.830339;114.616709;3.316791;4.326852;5.843263;62.830903;6.036559;7.874871;10.634738;114.352244;3.314416;3.135728;5.841028;62.860123;6.032237;5.707025;10.630670;114.405424
105;1;1;0.000000;0.000000;1.000000;24231.541701;24231.767493;24231.768759;783021;160754;153613;145744;145744;1822;2331904;100.000;1841.065;559.669;600.761;20.530;95.558;18.613;0.000;0.000;0.842;1.267;66.438;225.791;227.058;227.058;23.449;54.833;21.499;5.023;0;0.000;0.000;0.000;2.241;3.390317;4.528954;5.869198;69.918966;6.170377;8.242695;10.681941;127.252518;3.388960;3.137596;5.867645;69.861053;6.167907;5.710424;10.679114;127.147116;3.271482;4.282147;5.762350;46.996056;5.954097;7.793507;10.487477;85.532821;3.269636;3.086163;5.760569;47.057000;5.950738;5.616817;10.484236;85.643739
106;1;1;0.000000;0.000000;1.000000;24231.575569;24231.773858;24231.775231;786829;185042;161832;147616;147616;1846;2361856;100.000;1720.087;566.858;608.491;23.517;87.457;18.761;0.000;0.000;0.716;1.373;52.160;198.289;199.662;199.662;-3.412;6.365;26.968;6.395;0;0.000;0.000;0.000;2.373;4.943357;7.404937;7.474260;297.405213;8.996910;13.476985;13.603153;541.277489;4.942006;3.984825;7.472567;297.378683;8.994450;7.252382;13.600072;541.229203;4.693883;6.777743;7.238514;297.438548;8.542867;12.335492;13.174095;541.338157;4.691696;3.759013;7.236380;297.422359;8.538886;6.841404;13.170212;541.308694
107;1;1;0.000000;0.000000;1.000000;24231.608894;24231.806415;24231.807805;789365;177829;162840;150668;150668;1884;2410688;100.000;1734.130;578.578;621.068;22.528;91.571;19.087;0.000;0.000;0.710;1.390;51.048;197.521;198.911;198.911;-4.172;32.557;0.776;6.044;0;0.000;0.000;0.000;2.413;4.085529;5.786898;6.566500;74.342183;7.435664;10.532155;11.951031;135.302772;4.084428;3.454614;6.565841;74.225919;7.433659;6.287398;11.949832;135.091172;3.910847;5.404295;6.405312;74.201204;7.117742;9.835817;11.657667;135.046192;3.909653;3.351994;6.404959;74.154075;7.115568;6.100629;11.657025;134.960416
108;1;1;0.000000;0.000000;1.000000;24231.642220;24231.839507;24231.841209;790807;176566;163815;152486;152486;1907;2439776;100.000;1433.499;585.559;628.568;22.327;92.778;19.282;0.000;0.000;0.675;1.702;39.655;197.287;198.989;198.989;-4.101;33.092;0.241;5.681;0;0.000;0.000;0.000;2.454;3.900408;5.546887;6.417390;80.126863;7.098742;10.095335;11.679650;145.830891;3.900240;3.440159;6.416788;80.179264;7.098436;6.261090;11.678554;145.926261;3.708322;5.082417;6.240037;80.077282;6.749146;9.250000;11.356867;145.740654;3.708202;3.326533;6.240953;80.140586;6.748928;6.054290;11.358535;145.855866
109;1;1;0.000000;0.000000;1.000000;24231.675545;24231.873026;24231.874421;789334;174460;163004;152368;152368;1905;2437888;100.000;1748.313;585.106;628.070;22.102;93.433;19.303;0.000;0.000;0.719;1.394;51.587;197.481;198.875;198.875;-4.223;33.519;0.186;5.337;0;0.000;0.000;0.000;2.456;3.839110;5.571421;6.322061;73.634314;6.987180;10.139987;11.506151;134.014452;3.837769;3.421435;6.320996;73.596528;6.984740;6.227012;11.504212;133.945681;3.632237;5.066523;6.127303;73.270997;6.610672;9.221072;11.151692;133.353215;3.630945;3.294860;6.127775;73.426790;6.608319;5.996645;11.152551;133.636758
110;1;1;0.000000;0.000000;1.000000;24231.708771;24231.905846;24231.907515;783753;171512;161572;151230;151230;1891;2419680;100.000;1450.403;580.736;623.384;21.883;94.204;19.296;0.000;0.000;0.688;1.668;41.252;197.075;198.743;198.743;-4.462;32.820;0.513;5.036;0;0.000;0.000;0.000;2.434;3.685745;5.201086;6.148465;74.576334;6.708055;9.465977;11.190207;135.728929;3.684416;3.302064;6.146309;74.482357;6.705636;6.009756;11.186282;135.557890;3.507406;4.788838;5.981666;70.245196;6.383479;8.715686;10.886633;127.846256;3.506196;3.201251;5.980691;70.323193;6.381278;5.826276;10.884858;127.988211
111;1;1;0.000000;0.000000;1.000000;24231.742110;24231.939308;24231.940666;781240;171400;162005;149404;149404;1868;2390464;100.000;1760.245;573.724;615.853;21.939;94.519;19.124;0.000;0.000;0.717;1.358;52.816;197.198;198.556;198.556;-4.644;33.462;0.128;4.729;0;0.000;0.000;0.000;2.379;3.596756;4.934146;6.084958;59.263928;6.546096;8.980146;11.074624;107.860349;3.596741;3.245803;6.084888;59.277580;6.546069;5.907362;11.074497;107.885196;3.441700;4.589856;5.941026;53.487882;6.263893;8.353538;10.812667;97.347945;3.441756;3.164403;5.941763;53.444547;6.263995;5.759213;10.814009;97.269076
112;1;1;0.000000;0.000000;1.000000;24231.775621;24231.973227;24231.974884;781247;168941;160014;147314;147314;1842;2357024;100.000;1422.558;565.698;607.241;21.625;94.716;18.856;0.000;0.000;0.664;1.657;40.093;197.606;199.263;199.263;-3.759;33.920;0.586;4.470;0;0.000;0.000;0.000;2.459;3.611802;4.847186;6.176584;60.949399;6.573480;8.821878;11.241384;110.927906;3.611350;3.305583;6.177996;60.897319;6.572656;6.016160;11.243952;110.833121;3.477840;4.551489;6.055562;52.337813;6.329668;8.283710;11.021124;95.254820;3.477356;3.242335;6.058039;52.303354;6.328788;5.901050;11.025631;95.192105
113;1;1;0.000000;0.000000;1.000000;24231.808895;24232.005773;24232.007098;783523;167012;159127;145778;145778;1823;2332448;100.000;1760.506;559.800;600.914;21.316;95.279;18.605;0.000;0.000;0.685;1.325;51.665;196.878;198.203;198.203;-4.879;32.545;0.788;4.240;0;0.000;0.000;0.000;2.314;3.559296;4.777106;6.110209;59.461909;6.477918;8.694334;11.120580;108.220674;3.558738;3.271610;6.110758;59.532775;6.476902;5.954330;11.121579;108.349651;3.432068;4.506574;5.997778;48.255901;6.246364;8.201965;10.915956;87.825740;3.431299;3.218449;5.999307;48.374335;6.244964;5.857577;10.918739;88.041289
114;1;1;0.000000;0.000000;1.000000;24231.842210;24232.040687;24232.042364;783046;164674;156972;145016;145016;1813;2320256;100.000;1383.143;556.874;597.763;21.030;95.323;18.519;0.000;0.000;0.732;1.678;43.641;198.477;200.155;200.155;-2.946;34.914;1.581;4.074;0;0.000;0.000;0.000;2.383;3.570421;4.779646;6.130179;55.214479;6.498166;8.698956;11.156926;100.490351;3.569246;3.284903;6.129608;55.269954;6.496027;5.978523;11.155887;100.591316;3.446695;4.518132;6.019763;52.130898;6.272985;8.223001;10.955969;94.878234;3.445389;3.231788;6.019651;52.169080;6.270607;5.881855;10.955764;94.947725
115;1;1;0.000000;0.000000;1.000000;24231.875567;24232.072649;24232.073965;785712;162940;155037;145068;145068;1814;2321088;100.000;1764.815;557.074;597.985;20.738;95.150;18.463;0.000;0.000;0.692;1.315;52.602;197.083;198.398;198.398;-4.679;31.963;1.371;3.905;0;0.000;0.000;0.000;2.429;3.587939;4.743433;6.170304;46.872385;6.530050;8.633047;11.229953;85.307741;3.586946;3.289780;6.169544;47.026905;6.528242;5.987400;11.228571;85.588966;3.466667;4.490162;6.062733;46.678672;6.309333;8.172095;11.034173;84.955182;3.465418;3.238098;6.061979;46.938517;6.307061;5.893338;11.032801;85.428101
116;1;1;0.000000;0.000000;1.000000;24231.908875;24232.106492;24232.108159;788409;163051;155647;145612;145612;1821;2329792;100.000;1396.926;559.163;600.232;20.681;95.459;18.469;0.000;0.000;0.678;1.668;40.669;197.617;199.284;199.284;-3.817;33.842;0.509;3.693;0;0.000;0.000;0.000;2.273;3.504177;4.661128;6.059137;48.652793;6.377603;8.483254;11.027630;88.548084;3.503307;3.238814;6.058215;48.723699;6.376018;5.894642;11.025951;88.677133;3.378628;4.401167;5.947259;47.053924;6.149103;8.010125;10.824011;85.638142;3.377754;3.187547;5.946754;47.056281;6.147512;5.801335;10.823093;85.642432
117;1;1;0.000000;0.000000;1.000000;24231.942243;24232.139847;24232.141209;785289;163179;155948;145938;145938;1825;2335008;100.000;1714.625;560.414;601.574;20.779;95.569;18.584;0.000;0.000;0.737;1.362;54.125;197.604;198.966;198.966;-4.101;33.356;0.022;3.463;0;0.000;0.000;0.000;2.281;3.437668;4.600468;5.971015;62.247785;6.256555;8.372852;10.867247;113.290968;3.435869;3.210664;5.969008;62.302825;6.253281;5.843408;10.863594;113.391141;3.312972;4.347632;5.860231;62.241406;6.029609;7.912690;10.665620;113.279359;3.311007;3.162429;5.858610;62.308111;6.026033;5.755621;10.662670;113.400762
118;1;1;0.000000;0.000000;1.000000;24231.975587;24232.173416;24232.174766;784314;162540;155583;145782;145782;1823;2332512;100.000;1727.958;559.815;600.930;20.724;95.720;18.587;0.000;0.000;0.688;1.350;50.936;197.830;199.180;199.180;-3.877;33.569;0.236;3.262;0;0.000;0.000;0.000;2.282;3.372134;4.513296;5.869258;58.282960;6.137283;8.214198;10.682050;106.074987;3.371146;3.159760;5.869114;58.313191;6.135486;5.750764;10.681788;106.130007;3.242686;4.242504;5.752266;58.343868;5.901688;7.721358;10.469125;106.185839;3.241248;3.106121;5.751890;58.333699;5.899071;5.653139;10.468439;106.167332
119;1;1;0.000000;0.000000;1.000000;24232.008973;24232.206506;24232.208180;784830;162046;155070;145890;145890;1824;2334240;100.000;1394.942;560.230;601.367;20.647;95.695;18.589;0.000;0.000;0.680;1.673;40.608;197.533;199.207;199.207;-3.797;33.090;0.243;3.073;0;0.000;0.000;0.000;2.386;3.492594;4.637362;6.091018;56.187351;6.356521;8.440000;11.085653;102.260978;3.491395;3.299622;6.089661;56.239825;6.354339;6.005312;11.083183;102.356481;3.367955;4.380692;5.981317;56.243461;6.129678;7.972859;10.885996;102.363099;3.366829;3.254938;5.981625;56.256637;6.127629;5.923987;10.886558;102.387080
120;1;1;0.000000;0.000000;1.000000;24232.042153;24232.243032;24232.267350;784742;161855;155097;145936;145936;1825;2334976;100.000;96.024;560.407;601.566;20.625;95.825;18.597;0.000;0.000;0.777;24.317;3.195;200.879;225.196;225.196;22.039;36.526;3.193;3.080;0;0.000;0.000;0.000;2.048;3.491911;4.646890;6.049096;49.794768;6.355278;8.457339;11.009356;90.626477;3.489936;3.267798;6.046214;49.965585;6.351683;5.947392;11.004110;90.937364;3.360935;4.382689;5.932247;49.337052;6.116902;7.976493;10.796690;89.793434;3.358988;3.217321;5.929775;49.606462;6.113357;5.855524;10.792190;90.283760
121;1;1;0.000000;0.000000;1.000000;24232.075581;24232.272760;24232.274410;787186;185245;160619;147208;147208;1841;2355328;100.000;1427.305;565.291;606.812;23.533;86.706;18.701;0.000;0.000;0.937;1.650;56.760;197.179;198.829;198.829;-4.233;29.727;3.606;3.113;0;0.000;0.000;0.000;2.306;5.127924;7.713369;7.683927;308.777606;9.332821;14.038332;13.984747;561.975243;5.126521;4.104413;7.682896;308.864555;9.330269;7.470031;13.982871;562.133490;4.855834;7.013411;7.424126;308.858864;8.837617;12.764408;13.511910;562.123133;4.854645;3.847579;7.423814;308.862112;8.835453;7.002594;13.511341;562.129043
122;1;1;0.000000;0.000000;1.000000;24232.108887;24232.305904;24232.307268;792161;177345;160913;148956;148956;1862;2383296;100.000;1747.617;572.004;613.998;22.387;90.734;18.804;0.000;0.000;0.720;1.364;52.797;197.016;198.380;198.380;-4.709;33.144;0.189;2.931;0;0.000;0.000;0.000;2.478;4.120376;5.779876;6.644422;80.528105;7.499084;10.519375;12.092848;146.561151;4.118626;3.486855;6.641706;80.334758;7.495899;6.346076;12.087906;146.209260;3.952531;5.418577;6.492893;80.297976;7.193606;9.861811;11.817066;146.142316;3.951646;3.396115;6.491729;80.175077;7.191996;6.180930;11.814946;145.918640
123;1;1;0.000000;0.000000;1.000000;24232.142221;24232.339813;24232.341494;788290;175932;162668;150544;150544;1882;2408704;100.000;1432.727;578.101;620.547;22.318;92.461;19.098;0.000;0.000;0.708;1.681;42.121;197.592;199.273;199.273;-3.816;33.909;0.576;2.783;0;0.000;0.000;0.000;2.351;4.018036;5.728765;6.587314;71.174758;7.312826;10.426353;11.988911;129.538060;4.014578;3.522023;6.580228;71.194470;7.306531;6.410082;11.976015;129.573935;3.821224;5.253124;6.401067;71.132379;6.954627;9.560685;11.649942;129.460930;3.818362;3.398648;6.396281;71.176303;6.949420;6.185540;11.641232;129.540872
124;1;1;0.000000;0.000000;1.000000;24232.175536;24232.373101;24232.374520;789222;175068;163093;152352;152352;1905;2437632;100.000;1718.491;585.044;628.008;22.182;93.160;19.304;0.000;0.000;0.733;1.419;51.704;197.565;198.984;198.984;-4.124;33.288;0.045;2.612;0;0.000;0.000;0.000;2.375;3.907970;5.611504;6.464195;73.583419;7.112506;10.212937;11.764835;133.921823;3.903600;3.500871;6.457587;73.540477;7.104552;6.371586;11.752808;133.843669;3.719667;5.140803;6.291273;73.450222;6.769794;9.356261;11.450117;133.679403;3.716240;3.384991;6.286561;73.463242;6.763556;6.160684;11.441541;133.703101
125;1;1;0.000000;0.000000;1.000000;24232.208873;24232.406196;24232.407864;787173;171752;160877;151154;151154;1890;2418464;100.000;1450.166;580.444;623.070;21.819;93.668;19.202;0.000;0.000;0.681;1.668;40.810;197.323;198.991;198.991;-4.113;33.095;0.238;2.464;0;0.000;0.000;0.000;2.363;3.762476;5.293491;6.285034;67.145514;6.847706;9.634154;11.438761;122.204835;3.761520;3.394171;6.283692;67.036881;6.845966;6.177391;11.436320;122.007124;3.590121;4.874791;6.124575;59.734830;6.534020;8.872120;11.146726;108.717390;3.589738;3.290833;6.124314;59.669598;6.533324;5.989316;11.146252;108.598668
126;1;1;0.000000;0.000000;1.000000;24232.241677;24232.442656;24232.444048;776279;169862;159758;149098;149098;1864;2385568;100.000;1714.010;572.549;614.588;21.882;94.052;19.207;0.000;0.000;0.705;1.392;50.674;200.979;202.371;202.371;-1.262;36.460;3.126;2.505;0;0.000;0.000;0.000;2.631;3.706333;5.057788;6.235365;55.030379;6.745526;9.205175;11.348365;100.155289;3.705050;3.312364;6.234450;55.037342;6.743191;6.028503;11.346699;100.167963;3.563483;4.726302;6.110274;55.013988;6.485539;8.601869;11.120699;100.125458;3.563419;3.240198;6.110865;55.063212;6.485422;5.897161;11.121775;100.215045
127;1;1;0.000000;0.000000;1.000000;24232.275498;24232.473598;24232.475358;773912;165488;156437;146584;146584;1833;2345344;100.000;1332.365;562.895;604.235;21.383;94.531;18.941;0.000;0.000;1.097;1.760;62.330;198.099;199.860;199.860;-3.286;30.942;2.392;2.498;0;0.000;0.000;0.000;2.351;3.449286;4.728744;5.880616;57.485271;6.277700;8.606315;10.702721;104.623192;3.449191;3.146016;5.880967;57.464597;6.277527;5.725748;10.703359;104.585566;3.312908;4.419804;5.759584;57.461348;6.029492;8.044043;10.482442;104.579654;3.313330;3.078431;5.760758;57.427759;6.030261;5.602744;10.484580;104.518521
128;1;1;0.000000;0.000000;1.000000;24232.308828;24232.532782;24232.534252;773302;162494;154458;144802;144802;1811;2316832;100.000;1576.491;556.052;596.896;21.013;95.055;18.725;0.000;0.000;0.862;1.470;58.687;223.954;225.424;225.424;22.275;59.185;25.851;3.958;0;0.000;0.000;0.000;2.201;3.533968;4.753539;6.001471;52.857889;6.431821;8.651442;10.922677;96.201359;3.533822;3.170805;6.002465;52.823868;6.431556;5.770865;10.924486;96.139439;3.402341;4.466438;5.884710;52.838966;6.192261;8.128917;10.710173;96.166919;3.401765;3.109917;5.885054;52.805344;6.191213;5.660049;10.710798;96.105725
129;1;1;0.000000;0.000000;1.000000;24232.342181;24232.539971;24232.541272;777001;160101;152462;143780;143780;1798;2300480;100.000;1767.513;552.128;592.678;20.605;95.229;18.504;0.000;0.000;0.671;1.302;51.533;197.790;199.092;199.092;-4.038;7.189;26.145;5.344;0;0.000;0.000;0.000;2.293;3.559578;4.748800;6.136377;51.168932;6.478431;8.642816;11.168206;93.127457;3.559594;3.291741;6.137230;51.137472;6.478461;5.990969;11.169758;93.070200;3.431571;4.479077;6.026992;48.621828;6.245460;8.151920;10.969125;88.491726;3.431287;3.244899;6.028002;48.735478;6.244942;5.905715;10.970963;88.698570
130;1;1;0.000000;0.000000;1.000000;24232.375566;24232.572548;24232.574150;783174;159290;151847;143698;143698;1797;2299168;100.000;1435.095;551.813;592.341;20.339;95.327;18.348;0.000;0.000;0.645;1.602;40.257;196.982;198.584;198.584;-4.494;32.577;0.757;5.058;0;0.000;0.000;0.000;2.246;3.462880;4.616649;6.023671;53.165893;6.302442;8.402301;10.963081;96.761926;3.461688;3.234271;6.021650;53.055307;6.300272;5.886373;10.959404;96.560658;3.334122;4.343182;5.908228;49.641666;6.068102;7.904591;10.752975;90.347831;3.332109;3.179584;5.905203;49.666286;6.064438;5.786842;10.747470;90.392641
131;1;1;0.000000;0.000000;1.000000;24232.408861;24232.605895;24232.607215;786108;160025;152623;144598;144598;1808;2313568;100.000;1752.382;555.269;596.045;20.357;95.374;18.394;0.000;0.000;0.678;1.320;51.344;197.034;198.354;198.354;-4.761;33.347;0.014;4.742;0;0.000;0.000;0.000;2.320;3.389436;4.549063;5.925358;54.083257;6.168774;8.279294;10.784152;98.431528;3.388095;3.214588;5.922709;54.152804;6.166332;5.850551;10.779330;98.558103;3.260301;4.272744;5.812281;54.108743;5.933749;7.776395;10.578351;98.477913;3.258330;3.165924;5.809919;54.166749;5.930161;5.761981;10.574052;98.583483
132;1;1;0.000000;0.000000;1.000000;24232.441691;24232.639670;24232.641299;785622;159588;152365;144478;144478;1806;2311648;100.000;1418.562;554.808;595.539;20.314;95.474;18.390;0.000;0.000;0.750;1.630;46.046;197.978;199.608;199.608;-4.011;33.775;0.441;4.474;0;0.000;0.000;0.000;2.364;3.405025;4.531388;5.954642;48.114589;6.197146;8.247126;10.837448;87.568551;3.403060;3.211432;5.951916;48.055131;6.193570;5.844805;10.832486;87.460338;3.275211;4.257761;5.839454;46.948616;5.960883;7.749125;10.627806;85.446481;3.273490;3.160616;5.836783;46.875528;5.957752;5.752321;10.622945;85.313461
133;1;1;0.000000;0.000000;1.000000;24232.475655;24232.673122;24232.674454;787265;157879;151174;143954;143954;1800;2303264;100.000;1728.575;552.796;593.391;20.054;95.753;18.285;0.000;0.000;0.693;1.332;52.042;197.467;198.799;198.799;-4.189;33.452;0.119;4.201;0;0.000;0.000;0.000;2.462;3.431788;4.528039;6.001215;47.827189;6.245853;8.241031;10.922212;87.045484;3.430242;3.223804;5.998517;47.984299;6.243041;5.867324;10.917301;87.331425;3.299567;4.241764;5.884400;42.406303;6.005212;7.720010;10.709608;77.179472;3.297370;3.173571;5.881091;42.530117;6.001213;5.775900;10.703586;77.404812
134;1;1;0.000000;0.000000;1.000000;24232.508811;24232.733206;24232.734366;787734;157027;150535;143904;143904;1799;2302464;100.000;1984.754;552.604;593.177;19.934;95.866;18.268;0.000;0.000;0.771;1.160;66.470;224.395;225.555;225.555;22.389;60.084;26.750;5.611;0;0.000;0.000;0.000;2.060;3.441253;4.574340;5.982863;57.301278;6.263081;8.325299;10.888811;104.288326;3.440355;3.214814;5.982195;57.132118;6.261445;5.850961;10.887595;103.980455;3.317500;4.312319;5.875560;53.592888;6.037850;7.848421;10.693519;97.539056;3.316624;3.167283;5.874526;53.569279;6.036256;5.764455;10.691638;97.496087
135;1;1;0.000000;0.000000;1.000000;24232.542237;24232.739756;24232.741067;786766;156063;149876;143596;143596;1795;2297536;100.000;1752.222;551.421;591.904;19.836;96.036;18.251;0.000;0.000;0.720;1.311;54.940;197.520;198.831;198.831;-4.243;6.551;26.783;6.934;0;0.000;0.000;0.000;2.226;3.451016;4.631686;5.983101;45.037120;6.280848;8.429668;10.889243;81.967559;3.450578;3.229040;5.984191;44.984716;6.280052;5.876853;10.891227;81.872184;3.322190;4.352524;5.867322;45.311812;6.046386;7.921593;10.678526;82.467497;3.320821;3.175394;5.867780;45.094625;6.043894;5.779217;10.679359;82.072217
136;1;1;0.000000;0.000000;1.000000;24232.575525;24232.773053;24232.774355;787622;176546;153233;141136;141136;1765;2258176;100.000;1735.387;541.975;581.781;22.415;86.795;17.919;0.000;0.000;0.684;1.301;52.534;197.528;198.830;198.830;-4.289;33.297;0.036;6.503;0;0.000;0.000;0.000;2.257;5.032251;7.497392;7.655298;159.565380;9.158697;13.645254;13.932643;290.408992;5.028885;4.005328;7.650976;159.470138;9.152570;7.289697;13.924777;290.235651;4.777218;6.855816;7.415871;159.343372;8.694538;12.477585;13.496885;290.004937;4.775435;3.800058;7.414315;159.301301;8.691292;6.916105;13.494054;289.928367
137;1;1;0.000000;0.000000;1.000000;24232.608856;24232.805903;24232.807505;784509;165368;150562;139854;139854;1749;2237664;100.000;1397.578;537.052;576.497;21.079;91.047;17.827;0.000;0.000;0.631;1.601;39.398;197.047;198.649;198.649;-4.472;32.850;0.483;6.127;0;0.000;0.000;0.000;2.278;4.186878;5.819391;6.813048;71.202308;7.620118;10.591291;12.399747;129.588200;4.186260;3.549237;6.813514;71.298084;7.618993;6.459611;12.400596;129.762513;4.015339;5.440572;6.655385;61.848878;7.307917;9.901842;12.112801;112.564958;4.015223;3.456902;6.656652;61.763926;7.307706;6.291561;12.115106;112.410346
138;1;1;0.000000;0.000000;1.000000;24232.642172;24232.839392;24232.840670;782962;162866;151609;141162;141162;1765;2258592;100.000;1766.919;542.075;581.880;20.801;93.088;18.029;0.000;0.000;0.670;1.278;52.429;197.220;198.498;198.498;-4.640;33.489;0.155;5.753;0;0.000;0.000;0.000;2.301;3.952157;5.570851;6.641437;69.119504;7.192926;10.138949;12.087415;125.797496;3.951071;3.600805;6.641269;69.207721;7.190948;6.553464;12.087109;125.958052;3.778724;5.173637;6.485644;69.164303;6.877278;9.416020;11.803871;125.879031;3.778556;3.519407;6.487585;69.229237;6.876971;6.405321;11.807404;125.997211
139;1;1;0.000000;0.000000;1.000000;24232.675563;24232.872323;24232.873919;785441;162821;152291;143262;143262;1791;2292192;100.000;1436.654;550.139;590.531;20.730;93.533;18.240;0.000;0.000;0.656;1.596;41.094;196.760;198.356;198.356;-4.725;32.931;0.402;5.419;0;0.000;0.000;0.000;2.506;3.799612;5.495511;6.427841;76.052235;6.915294;10.001831;11.698671;138.415067;3.798809;3.565476;6.427297;76.137655;6.913833;6.489167;11.697680;138.570532;3.625619;5.077902;6.273635;76.096167;6.598627;9.241782;11.418016;138.495024;3.625364;3.483106;6.274452;76.153556;6.598162;6.339253;11.419503;138.599472
140;1;1;0.000000;0.000000;1.000000;24232.708542;24232.906391;24232.907749;786857;163653;154012;145806;145806;1823;2332896;100.000;1717.845;559.908;601.022;20.798;94.109;18.530;0.000;0.000;0.678;1.358;49.949;197.849;199.207;199.207;-4.228;34.068;0.734;5.126;0;0.000;0.000;0.000;2.317;3.667257;5.244228;6.260699;82.988870;6.674408;9.544495;11.394473;151.039744;3.665967;3.491866;6.258994;83.044577;6.672060;6.355196;11.391369;151.141131;3.503400;4.840676;6.118523;83.049927;6.376187;8.810030;11.135712;151.150867;3.502442;3.419687;6.118087;83.092343;6.374445;6.223830;11.134918;151.228065
141;1;1;0.000000;0.000000;1.000000;24232.742247;24232.940839;24232.942534;786209;163751;154357;147146;147146;1840;2354336;100.000;1389.012;565.053;606.551;20.828;94.263;18.716;0.000;0.000;0.714;1.695;42.138;198.591;200.286;200.286;-2.777;34.448;1.114;4.875;0;0.000;0.000;0.000;2.350;3.471781;4.819862;5.996678;62.713509;6.318642;8.772148;10.913954;114.138587;3.471199;3.309317;5.996603;62.636728;6.317581;6.022957;10.913818;113.998844;3.331085;4.492698;5.875124;62.511818;6.062574;8.176710;10.692726;113.771509;3.331178;3.250677;5.876474;62.554889;6.062744;5.916232;10.695182;113.849898
142;1;1;0.000000;0.000000;1.000000;24232.775529;24232.973156;24232.974506;785895;163298;155347;147490;147490;1844;2359840;100.000;1749.064;566.374;607.962;20.779;95.131;18.767;0.000;0.000;0.682;1.349;50.519;197.627;198.976;198.976;-4.138;32.318;1.015;4.634;0;0.000;0.000;0.000;2.295;3.549415;4.878772;6.073501;62.352895;6.459936;8.879365;11.053772;113.482269;3.548515;3.294510;6.074406;62.252359;6.458297;5.996008;11.055419;113.299293;3.415224;4.583140;5.960204;62.178071;6.215707;8.341315;10.847571;113.164089;3.415164;3.240562;5.961615;62.133477;6.215599;5.897823;10.850140;113.082927
143;1;1;0.000000;0.000000;1.000000;24232.808815;24233.010698;24233.011950;783109;161136;153355;146146;146146;1827;2338336;100.000;1868.565;561.213;602.418;20.576;95.171;18.662;0.000;0.000;0.665;1.251;53.126;201.883;203.135;203.135;-0.027;37.542;4.208;4.608;0;0.000;0.000;0.000;3.013;3.582590;4.874177;6.148059;62.762460;6.520314;8.871003;11.189468;114.227677;3.581461;3.333719;6.147827;62.662444;6.518258;6.067368;11.189044;114.045649;3.448404;4.576703;6.038097;56.635907;6.276096;8.329600;10.989336;103.077350;3.447722;3.287724;6.039442;56.683743;6.274855;5.983659;10.991784;103.164412
144;1;1;0.000000;0.000000;1.000000;24232.842160;24233.040703;24233.042385;783994;159936;152700;145218;145218;1816;2323488;100.000;1381.455;557.650;598.606;20.400;95.476;18.523;0.000;0.000;0.631;1.682;37.499;198.543;200.225;200.225;-2.925;30.005;3.328;4.528;0;0.000;0.000;0.000;2.242;3.567841;4.816103;6.134162;55.743420;6.493471;8.765308;11.164175;101.453024;3.567686;3.312035;6.137566;55.767168;6.493189;6.027903;11.170369;101.496245;3.438820;4.539193;6.030533;55.745547;6.258653;8.261331;10.975570;101.456896;3.438855;3.275684;6.033906;55.757881;6.258716;5.961745;10.981708;101.479343
145;1;1;0.000000;0.000000;1.000000;24232.875612;24233.076092;24233.100472;785959;159233;151708;144768;144768;1810;2316288;100.000;95.010;555.922;596.743;20.260;95.274;18.419;0.000;0.000;0.883;24.380;3.622;200.480;224.860;224.860;21.829;35.389;2.055;4.373;0;0.000;0.000;0.000;2.089;3.503579;4.759338;6.033442;61.059154;6.376513;8.661995;10.980865;111.127661;3.503193;3.264527;6.035955;61.057588;6.375812;5.941440;10.985438;111.124811;3.376403;4.488420;5.927828;60.974197;6.145054;8.168924;10.788648;110.973039;3.376438;3.222815;5.931191;61.045077;6.145118;5.865524;10.794767;111.102041
146;1;1;0.000000;0.000000;1.000000;24232.908992;24233.107036;24233.108691;789030;159772;152938;145716;145716;1822;2331456;100.000;1408.876;559.562;600.654;20.249;95.723;18.468;0.000;0.000;0.673;1.655;40.677;198.044;199.699;199.699;-3.286;30.944;2.390;4.249;0;0.000;0.000;0.000;2.282;3.554458;4.793959;6.105769;54.704106;6.469114;8.725005;11.112500;99.561473;3.554438;3.311896;6.110215;54.711403;6.469077;6.027651;11.120591;99.574754;3.438055;4.548031;6.013039;54.804423;6.257261;8.277417;10.943731;99.744050;3.438732;3.278713;6.018415;54.757316;6.258491;5.967258;10.953516;99.658315
147;1;1;0.000000;0.000000;1.000000;24232.942350;24233.139461;24233.140800;794594;161190;154325;147238;147238;1841;2355808;100.000;1758.772;565.406;606.927;20.286;95.741;18.530;0.000;0.000;0.688;1.339;51.373;197.111;198.450;198.450;-4.510;32.425;0.909;4.040;0;0.000;0.000;0.000;2.452;3.429903;4.652847;5.899839;54.613419;6.242424;8.468181;10.737707;99.396422;3.428151;3.186455;5.901278;54.545435;6.239234;5.799348;10.740326;99.272691;3.315315;4.426474;5.797411;54.583773;6.033874;8.056182;10.551288;99.342468;3.314698;3.138897;5.800440;54.516744;6.032750;5.712792;10.556801;99.220474
148;1;1;0.000000;0.000000;1.000000;24232.975777;24233.172916;24233.174536;797998;160800;154144;146864;146864;1836;2349824;100.000;1450.792;563.970;605.378;20.150;95.861;18.404;0.000;0.000;0.692;1.620;42.728;197.140;198.759;198.759;-4.108;33.456;0.122;3.795;0;0.000;0.000;0.000;2.265;3.414568;4.627839;5.904626;52.873785;6.214514;8.422667;10.746420;96.230289;3.413605;3.203361;5.908144;53.197907;6.212761;5.830118;10.752823;96.820191;3.297642;4.391692;5.801460;52.740046;6.001708;7.992879;10.558658;95.986883;3.297405;3.159210;5.806622;53.124597;6.001278;5.749763;10.568053;96.686766
149;1;1;0.000000;0.000000;1.000000;24233.008696;24233.206359;24233.207719;798639;161813;155104;147738;147738;1847;2363808;100.000;1737.596;567.326;608.982;20.261;95.854;18.499;0.000;0.000;0.695;1.360;51.116;197.663;199.023;199.023;-4.258;33.442;0.109;3.565;0;0.000;0.000;0.000;2.297;3.358088;4.516983;5.823327;60.492297;6.111721;8.220909;10.598455;110.095980;3.357186;3.135695;5.826523;60.637865;6.110079;5.706965;10.604272;110.360915;3.242650;4.285368;5.726805;60.465628;5.901622;7.799370;10.422785;110.047443;3.242593;3.105295;5.731628;60.641536;5.901520;5.651636;10.431562;110.367595
150;1;1;0.000000;0.000000;1.000000;24233.042403;24233.239229;24233.240898;796693;161862;155335;148090;148090;1852;2369440;100.000;1419.642;568.678;610.447;20.317;95.968;18.588;0.000;0.000;0.686;1.669;41.097;196.826;198.495;198.495;-4.412;32.871;0.463;3.371;0;0.000;0.000;0.000;2.459;3.358391;4.568219;5.812513;80.436924;6.112272;8.314159;10.578773;146.395202;3.356135;3.137198;5.811154;80.650769;6.108166;5.709700;10.576300;146.784400;3.242113;4.328050;5.711937;57.334761;5.900647;7.877051;10.395725;104.349265;3.241125;3.095259;5.713373;57.498921;5.898848;5.633371;10.398339;104.648037
151;1;1;0.000000;0.000000;1.000000;24233.075155;24233.273639;24233.275022;794717;182724;160766;147952;147952;1850;2367232;100.000;1712.680;568.148;609.872;22.992;87.983;18.617;0.000;0.000;0.709;1.382;51.271;198.485;199.867;199.867;-3.622;34.410;1.077;3.228;0;0.000;0.000;0.000;2.318;4.850178;7.286053;7.333358;175.662732;8.827325;13.260616;13.346712;319.706172;4.850732;3.890661;7.336292;175.606100;8.828332;7.081003;13.352052;319.603102;4.616674;6.726387;7.114829;127.770788;8.402346;12.242025;12.948988;232.542834;4.617585;3.688873;7.118700;127.824128;8.404005;6.713749;12.956035;232.639913
152;1;1;0.000000;0.000000;1.000000;24233.109059;24233.306568;24233.308220;792861;177426;162397;148152;148152;1852;2370432;100.000;1435.255;568.916;610.685;22.378;91.529;18.686;0.000;0.000;0.691;1.652;41.850;197.509;199.161;199.161;-3.757;32.929;0.404;3.051;0;0.000;0.000;0.000;2.689;4.147630;5.823794;6.662705;74.486461;7.548686;10.599305;12.126123;135.565359;4.148500;3.500561;6.668632;74.586734;7.550271;6.371022;12.136911;135.747857;3.974468;5.448833;6.505423;57.900437;7.233531;9.916876;11.839871;105.378796;3.976274;3.407846;6.513374;57.802112;7.236819;6.202280;11.854341;105.199843
153;1;1;0.000000;0.000000;1.000000;24233.142319;24233.339944;24233.343315;792789;172400;160692;147662;147662;1846;2362592;100.000;700.854;567.035;608.668;21.746;93.209;18.626;0.000;0.000;2.926;3.371;86.787;197.625;200.996;200.996;-1.995;33.376;0.043;2.863;0;0.000;0.000;0.000;2.341;4.144594;5.906812;6.759794;94.728042;7.543162;10.750397;12.302825;172.405037;4.143845;3.631875;6.762324;94.633408;7.541798;6.610013;12.307430;172.232802;3.952961;5.476747;6.583079;94.663420;7.194389;9.967680;11.981205;172.287425;3.952922;3.526742;6.587293;94.619833;7.194319;6.418671;11.988873;172.208096
154;1;1;0.000000;0.000000;1.000000;24233.175642;24233.373582;24233.374961;792309;170339;159188;147945;147945;1850;2367120;100.000;1716.826;568.121;609.845;21.499;93.454;18.673;0.000;0.000;0.677;1.379;49.065;197.940;199.318;199.318;-3.683;33.638;0.305;2.703;0;0.000;0.000;0.000;2.357;3.753575;5.488443;6.277669;72.528522;6.831506;9.988966;11.425358;132.001910;3.754719;3.454557;6.282734;72.647173;6.833589;6.287294;11.434575;132.217855;3.561380;5.020844;6.099633;72.585619;6.481712;9.137937;11.101331;132.105827;3.563608;3.346211;6.106739;72.624740;6.485767;6.090105;11.114265;132.177027
155;1;1;0.000000;0.000000;1.000000;24233.208977;24233.412850;24233.418770;791925;168591;158413;147762;147762;1848;2364192;100.000;399.330;567.419;609.097;21.289;93.963;18.659;0.000;0.000;4.954;5.921;83.682;203.873;209.794;209.794;6.794;39.268;5.935;2.905;0;0.000;0.000;0.000;17.394;3.589916;5.084859;6.104102;59.356294;6.533647;9.254444;11.109466;108.028455;3.592130;3.338518;6.111506;59.331611;6.537677;6.076104;11.122942;107.983532;3.425243;4.695861;5.959037;59.330595;6.233942;8.546466;10.845447;107.981683;3.428369;3.263421;5.968216;59.286072;6.239632;5.939427;10.862154;107.900651
156;1;1;0.000000;0.000000;1.000000;24233.242345;24233.444837;24233.447561;793795;167879;158079;148592;148592;1858;2377472;100.000;872.655;570.606;612.510;21.149;94.162;18.719;0.000;0.000;1.906;2.724;69.974;202.492;205.216;205.216;2.251;31.987;1.346;2.808;0;0.000;0.000;0.000;16.560;3.370990;4.713866;5.849981;55.380933;6.135203;8.579236;10.646965;100.793297;3.372999;3.220868;5.857577;55.456412;6.138859;5.861981;10.660790;100.930670;3.226901;4.381784;5.719965;55.418481;5.872960;7.974847;10.410336;100.861635;3.230183;3.155540;5.730460;55.482832;5.878932;5.743082;10.429438;100.978754
157;1;1;0.000000;0.000000;1.000000;24233.275711;24233.478855;24233.502136;793460;166756;157719;148650;148650;1859;2378400;100.000;102.164;570.828;612.755;21.016;94.581;18.734;0.000;0.000;1.360;23.281;5.842;203.145;226.425;226.425;23.493;34.019;0.685;2.675;0;0.000;0.000;0.000;2.092;3.363588;4.608671;5.858463;70.886247;6.121730;8.387782;10.662404;129.012970;3.366373;3.217917;5.867643;70.974037;6.126799;5.856609;10.679110;129.172748;3.239652;4.327584;5.751159;60.128588;5.896166;7.876204;10.467110;109.434029;3.243838;3.168159;5.763203;60.238268;5.903785;5.766050;10.489030;109.633649
158;1;1;0.000000;0.000000;1.000000;24233.308984;24233.533523;24233.535214;795527;165007;157250;147554;147554;1845;2360864;100.000;1396.534;566.620;608.231;20.742;95.299;18.548;0.000;0.000;1.140;1.691;67.420;224.539;226.230;226.230;23.237;54.668;21.334;3.841;0;0.000;0.000;0.000;2.146;3.336454;4.529923;5.840301;52.626815;6.072346;8.244460;10.629348;95.780803;3.337911;3.208866;5.846089;52.703451;6.074998;5.840135;10.639882;95.920281;3.220324;4.273023;5.746586;47.944259;5.860990;7.776903;10.458787;87.258551;3.222599;3.180042;5.753606;47.913319;5.865130;5.787677;10.471563;87.202240
159;1;1;0.000000;0.000000;1.000000;24233.342416;24233.541300;24233.542670;798776;161999;154480;146024;146024;1826;2336384;100.000;1705.602;560.745;601.927;20.281;95.359;18.281;0.000;0.000;0.679;1.370;49.568;198.885;200.254;200.254;-2.640;7.777;25.556;5.199;0;0.000;0.000;0.000;2.427;3.397212;4.530196;6.031865;54.857883;6.182927;8.244957;10.977995;99.841347;3.399477;3.383496;6.040487;55.224193;6.187047;6.157962;10.993686;100.508031;3.286700;4.290332;5.940553;54.480172;5.981793;7.808404;10.811806;99.153912;3.289966;3.351547;5.950297;54.483539;5.987738;6.099816;10.829541;99.160041
160;1;1;0.000000;0.000000;1.000000;24233.375694;24233.573991;24233.575646;799362;158153;151021;143192;143192;1790;2291072;100.000;1384.270;549.870;590.240;19.785;95.490;17.913;0.000;0.000;0.661;1.655;39.913;198.297;199.952;199.952;-2.997;32.691;0.643;4.914;0;0.000;0.000;0.000;2.314;3.404416;4.566325;6.023399;53.118452;6.196036;8.310711;10.962587;96.675582;3.404389;3.358489;6.026923;53.260314;6.195989;6.112451;10.968999;96.933772;3.300965;4.343239;5.943993;53.136979;6.007755;7.904694;10.818066;96.709302;3.301695;3.337971;5.948341;53.277561;6.009085;6.075107;10.825981;96.965161
161;1;1;0.000000;0.000000;1.000000;24233.408943;24233.606352;24233.607654;789777;156114;149118;141480;141480;1769;2263680;100.000;1739.099;543.296;583.192;19.767;95.519;17.914;0.000;0.000;0.658;1.302;50.552;197.409;198.711;198.711;-4.323;32.361;0.972;4.667;0;0.000;0.000;0.000;2.745;3.379229;4.554887;5.927967;47.460436;6.150197;8.289894;10.788900;86.377994;3.381261;3.227192;5.935950;47.542029;6.153894;5.873489;10.803429;86.526493;3.271703;4.319298;5.840309;47.486274;5.954499;7.861122;10.629362;86.425019;3.275115;3.194655;5.850247;47.555108;5.960710;5.814272;10.647450;86.550296
162;1;1;0.000000;0.000000;1.000000;24233.441806;24233.639681;24233.641285;790930;154224;147472;139820;139820;1748;2237120;100.000;1394.250;536.921;576.344;19.499;95.622;17.678;0.000;0.000;0.658;1.605;41.037;197.874;199.479;199.479;-4.025;33.328;0.005;4.376;0;0.000;0.000;0.000;2.250;3.458167;4.630039;6.068668;58.850622;6.293864;8.426672;11.044976;107.108131;3.461192;3.304034;6.079754;58.868812;6.299370;6.013342;11.065153;107.141237;3.344913;4.371027;5.979467;48.160417;6.087741;7.955269;10.882630;87.651959;3.349199;3.273109;5.992198;48.233263;6.095543;5.957059;10.905800;87.784539
163;1;1;0.000000;0.000000;1.000000;24233.475552;24233.672982;24233.674251;793734;152207;145442;138532;138532;1732;2216512;100.000;1747.402;531.975;571.037;19.176;95.555;17.453;0.000;0.000;0.651;1.268;51.304;197.430;198.699;198.699;-4.392;33.302;0.032;4.105;0;0.000;0.000;0.000;2.181;3.433875;4.628454;6.042084;58.112989;6.249653;8.423787;10.996593;105.765640;3.434648;3.307180;6.047069;58.550436;6.251060;6.019068;11.005666;106.561793;3.322748;4.382514;5.949524;50.063363;6.047401;7.976175;10.828133;91.115321;3.324960;3.272866;5.956832;50.051971;6.051428;5.956616;10.841435;91.094586
164;1;1;0.000000;0.000000;1.000000;24233.508872;24233.706009;24233.707586;792883;151597;145064;138018;138018;1726;2208288;100.000;1400.024;530.002;568.928;19.120;95.691;17.407;0.000;0.000;0.662;1.577;41.964;197.137;198.714;198.714;-4.391;33.026;0.307;3.867;0;0.000;0.000;0.000;2.205;3.492414;4.708441;6.146298;58.676245;6.356193;8.569362;11.186263;106.790766;3.493953;3.383239;6.154348;58.598673;6.358995;6.157496;11.200913;106.649586;3.378052;4.462283;6.046965;49.394272;6.148054;8.121354;11.005476;89.897576;3.381477;3.342420;6.058010;49.326884;6.154288;6.083204;11.025578;89.774929
165;1;1;0.000000;0.000000;1.000000;24233.542256;24233.739558;24233.740818;791299;151249;144790;138142;138142;1727;2210272;100.000;1754.482;530.478;569.426;19.114;95.730;17.458;0.000;0.000;0.665;1.260;52.810;197.302;198.562;198.562;-4.492;33.549;0.216;3.639;0;0.000;0.000;0.000;2.163;3.584564;4.835263;6.252043;47.127528;6.523906;8.800179;11.378718;85.772101;3.583955;3.394610;6.255754;47.148188;6.522798;6.178190;11.385472;85.809702;3.471641;4.589559;6.156350;47.176882;6.318386;8.352997;11.204556;85.861926;3.472483;3.352958;6.162072;47.173854;6.319919;6.102383;11.214970;85.856415
166;1;1;0.000000;0.000000;1.000000;24233.575676;24233.782697;24233.793384;789485;172621;150718;138460;138460;1731;2215360;100.000;207.299;531.699;570.738;21.865;87.312;17.538;0.000;0.000;5.826;10.687;54.510;207.021;217.708;217.708;14.741;43.139;9.806;4.024;0;0.000;0.000;0.000;3.256;4.932973;7.322807;7.566672;290.044788;8.978010;13.327508;13.771343;527.881514;4.931706;3.984530;7.566493;290.148419;8.975705;7.251844;13.771017;528.070123;4.697188;6.740142;7.344056;163.903832;8.548882;12.267059;13.366183;298.304973;4.697228;3.782878;7.346241;163.944507;8.548955;6.884838;13.370159;298.379002
167;1;1;0.000000;0.000000;1.000000;24233.608956;24233.806947;24233.808537;789977;165456;151144;138716;138716;1734;2219456;100.000;1396.172;532.682;571.788;20.944;91.350;17.559;0.000;0.000;0.630;1.590;39.652;197.991;199.581;199.581;-3.440;24.250;9.084;4.341;0;0.000;0.000;0.000;2.165;4.113604;5.736557;6.716356;72.661157;7.486760;10.440534;12.223768;132.243306;4.114219;3.520904;6.720114;72.665394;7.487879;6.408045;12.230608;132.251016;3.953828;5.404539;6.571813;58.025744;7.195968;9.836261;11.960700;105.606854;3.955336;3.445723;6.577279;58.101839;7.198712;6.271216;11.970648;105.745348
168;1;1;0.000000;0.000000;1.000000;24233.642270;24233.839540;24233.840829;791598;164403;152065;139622;139622;1746;2233952;100.000;1733.315;536.161;575.538;20.768;92.495;17.638;0.000;0.000;0.758;1.289;58.795;197.270;198.559;198.559;-4.481;32.593;0.740;4.116;0;0.000;0.000;0.000;2.184;3.955058;5.612476;6.588286;66.714323;7.198205;10.214707;11.990680;121.420068;3.956258;3.534106;6.593784;66.801711;7.200389;6.432072;12.000687;121.579114;3.782932;5.219759;6.433051;64.955827;6.884937;9.499962;11.708154;118.219606;3.785133;3.449954;6.440592;65.010086;6.888942;6.278916;11.721878;118.318357
169;1;1;0.000000;0.000000;1.000000;24233.675625;24233.873158;24233.874781;795034;164427;153112;139918;139918;1749;2238688;100.000;1379.745;537.298;576.743;20.682;93.119;17.599;0.000;0.000;0.711;1.623;43.806;197.533;199.156;199.156;-3.863;33.618;0.285;3.876;0;0.000;0.000;0.000;2.160;3.805346;5.380817;6.496247;89.519812;6.925731;9.793088;11.823170;162.926058;3.804192;3.566145;6.498577;89.447320;6.923630;6.490384;11.827411;162.794122;3.645580;5.005540;6.352957;89.411782;6.634956;9.110083;11.562382;162.729444;3.645663;3.491726;6.357339;89.403430;6.635106;6.354941;11.570358;162.714243
170;1;1;0.000000;0.000000;1.000000;24233.708941;24233.906847;24233.908318;794863;162948;152059;140286;140286;1754;2244576;100.000;1526.285;538.711;578.268;20.500;93.318;17.649;0.000;0.000;1.013;1.471;68.897;197.906;199.377;199.377;-3.659;33.689;0.356;3.656;0;0.000;0.000;0.000;2.919;3.667671;5.062811;6.343833;86.707210;6.675161;9.214316;11.545776;157.807123;3.667008;3.464163;6.345966;86.663227;6.673954;6.304777;11.549657;157.727074;3.523735;4.736575;6.217753;86.627755;6.413198;8.620566;11.316311;157.662514;3.524133;3.406576;6.221977;86.640962;6.413922;6.199968;11.323999;157.686551
171;1;1;0.000000;0.000000;1.000000;24233.742307;24233.939138;24233.940740;794885;162112;151948;141226;141226;1766;2259616;100.000;1410.348;542.320;582.149;20.394;93.730;17.767;0.000;0.000;0.670;1.602;41.793;196.831;198.433;198.433;-4.570;32.291;1.043;3.493;0;0.000;0.000;0.000;2.201;3.538692;4.891257;6.214042;57.234002;6.440420;8.902088;11.309557;104.165883;3.538523;3.457500;6.215489;57.072913;6.440112;6.292650;11.312190;103.872702;3.406940;4.594414;6.105870;57.251733;6.200631;8.361833;11.112683;104.198155;3.407780;3.421104;6.109271;57.083157;6.202159;6.226409;11.118873;103.891346
172;1;1;0.000000;0.000000;1.000000;24233.775478;24233.972750;24233.974041;788905;160107;150706;141276;141276;1766;2260416;100.000;1751.279;542.512;582.341;20.295;94.128;17.908;0.000;0.000;0.672;1.291;52.061;197.273;198.564;198.564;-4.602;33.613;0.279;3.292;0;0.000;0.000;0.000;2.261;3.393765;4.694317;5.949446;62.532611;6.176653;8.543658;10.827991;113.809353;3.393385;3.262275;5.951659;62.542020;6.175961;5.937340;10.832019;113.826477;3.272038;4.417815;5.862587;52.220498;5.955109;8.040424;10.669909;95.041307;3.272453;3.254163;5.866373;52.250898;5.955864;5.922577;10.676799;95.096634
173;1;1;0.000000;0.000000;1.000000;24233.808962;24234.005644;24234.006899;787376;157903;149510;140380;140380;1755;2246080;100.000;1789.964;539.072;578.652;20.054;94.685;17.829;0.000;0.000;0.648;1.255;51.602;196.682;197.937;197.937;-5.078;32.894;0.439;3.114;0;0.000;0.000;0.000;2.241;3.413055;4.610693;5.978357;48.787656;6.211760;8.391461;10.880610;88.793535;3.414210;3.261163;5.984131;48.888341;6.213862;5.935317;10.891118;88.976780;3.292254;4.352746;5.878770;48.880434;5.991902;7.921998;10.699362;88.962389;3.294426;3.231014;5.886327;48.971384;5.995856;5.880445;10.713116;89.127918
174;1;1;0.000000;0.000000;1.000000;24233.842331;24234.039678;24234.041265;791921;155770;148219;138596;138596;1733;2217536;100.000;1397.036;532.221;571.305;19.670;95.152;17.501;0.000;0.000;0.622;1.587;39.207;197.347;198.934;198.934;-4.045;34.034;0.700;2.963;0;0.000;0.000;0.000;2.241;3.391279;4.578943;6.053126;76.463495;6.172129;8.333676;11.016690;139.163562;3.392285;3.441576;6.059185;76.553161;6.173958;6.263668;11.027716;139.326753;3.271619;4.323289;5.959882;76.476047;5.954347;7.868386;10.846985;139.186406;3.273082;3.426145;5.966540;76.556202;5.957009;6.235584;10.859102;139.332287
175;1;1;0.000000;0.000000;1.000000;24233.875622;24234.072729;24234.073975;785044;153599;146204;137098;137098;1714;2193568;100.000;1760.850;526.469;565.124;19.566;95.186;17.464;0.000;0.000;0.641;1.246;51.436;197.107;198.353;198.353;-4.668;33.051;0.282;2.795;0;0.000;0.000;0.000;2.327;3.550790;4.724304;6.259581;56.645602;6.462439;8.598233;11.392437;103.094996;3.552094;3.469669;6.266736;56.624280;6.464812;6.314797;11.405460;103.056190;3.428742;4.463187;6.160780;56.647737;6.240311;8.123001;11.212620;103.098882;3.430859;3.442445;6.169129;56.617902;6.244164;6.265250;11.227815;103.044582
176;1;1;0.000000;0.000000;1.000000;24233.909083;24234.106029;24234.107593;785759;152494;145407;136788;136788;1710;2188608;100.000;1399.081;525.278;563.844;19.407;95.353;17.408;0.000;0.000;0.666;1.564;42.577;196.945;198.510;198.510;-4.384;33.300;0.034;2.623;0;0.000;0.000;0.000;2.177;3.408397;4.579402;6.036254;61.712546;6.203283;8.334512;10.985982;112.316834;3.410641;3.363638;6.043683;62.057677;6.207367;6.121820;10.999503;112.944973;3.297577;4.341039;5.946518;57.593081;6.001591;7.900691;10.822662;104.819408;3.300707;3.334790;5.955240;57.743780;6.007286;6.069318;10.838538;105.093679
177;1;1;0.000000;0.000000;1.000000;24233.942280;24234.139788;24234.141064;782963;151939;145000;136884;136884;1712;2190144;100.000;1716.418;525.647;564.257;19.406;95.433;17.483;0.000;0.000;0.638;1.276;49.996;197.508;198.784;198.784;-4.246;33.760;0.426;2.485;0;0.000;0.000;0.000;2.185;3.561195;4.754785;6.235378;81.169212;6.481376;8.653709;11.348388;147.727965;3.562570;3.375269;6.243092;81.172040;6.483877;6.142990;11.362428;147.733114;3.445748;4.505913;6.140039;81.127841;6.271261;8.200762;11.174871;147.652671;3.448327;3.339252;6.149606;81.160792;6.275955;6.077438;11.192283;147.712641
178;1;1;0.000000;0.000000;1.000000;24233.975583;24234.173335;24234.174633;783666;152951;145931;138258;138258;1729;2212128;100.000;1703.712;530.923;569.917;19.517;95.410;17.642;0.000;0.000;0.662;1.298;50.975;197.751;199.050;199.050;-4.010;33.546;0.213;2.343;0;0.000;0.000;0.000;2.419;3.439330;4.650496;5.998635;50.792678;6.259580;8.463902;10.917516;92.442673;3.438845;3.235634;6.000677;50.780370;6.258699;5.888853;10.921231;92.420273;3.325292;4.408459;5.901217;50.516503;6.052032;8.023394;10.740214;91.940036;3.325880;3.196839;5.904993;50.527796;6.053101;5.818248;10.747087;91.960589
179;1;1;0.000000;0.000000;1.000000;24234.008909;24234.206560;24234.207832;786714;153000;146246;138600;138600;1733;2217600;100.000;1743.281;532.236;571.320;19.448;95.586;17.618;0.000;0.000;0.640;1.272;50.338;197.651;198.923;198.923;-4.145;33.225;0.108;2.204;0;0.000;0.000;0.000;2.157;3.479308;4.695649;6.097468;48.370968;6.332341;8.546081;11.097392;88.035162;3.479359;3.335394;6.101082;48.380076;6.332433;6.070417;11.103969;88.051739;3.371229;4.473511;6.006898;48.388888;6.135637;8.141789;10.932554;88.067777;3.372222;3.302349;6.011888;48.385804;6.137444;6.010276;10.941637;88.062163
180;1;1;0.000000;0.000000;1.000000;24234.042240;24234.239646;24234.240940;787583;153281;146453;139086;139086;1739;2225376;100.000;1720.396;534.103;573.322;19.462;95.545;17.660;0.000;0.000;0.667;1.294;51.564;197.406;198.699;198.699;-4.370;33.086;0.247;2.081;0;0.000;0.000;0.000;2.197;3.406812;4.578427;6.009723;58.935505;6.200398;8.332738;10.937697;107.262619;3.408014;3.312032;6.015556;59.238476;6.202586;6.027899;10.948311;107.814026;3.298185;4.340818;5.918095;50.712948;6.002696;7.900288;10.770932;92.297565;3.300356;3.276697;5.925366;50.919533;6.006648;5.963588;10.784166;92.673549
181;1;1;0.000000;0.000000;1.000000;24234.075586;24234.274373;24234.275996;793719;175008;151952;139098;139098;1739;2225568;100.000;1371.818;534.149;573.368;22.049;86.826;17.525;0.000;0.000;0.652;1.622;40.198;198.787;200.409;200.409;-2.648;34.727;1.394;2.038;0;0.000;0.000;0.000;2.201;4.880194;7.352883;7.503534;292.714891;8.881952;13.382247;13.656433;532.741102;4.880734;4.033371;7.506179;292.709557;8.882937;7.340734;13.661246;532.731393;4.628638;6.732476;7.265648;149.239731;8.424121;12.253106;13.223480;271.616311;4.629893;3.824634;7.270248;149.228516;8.426406;6.960835;13.231851;271.595900
182;1;1;0.000000;0.000000;1.000000;24234.108901;24234.308453;24234.309758;792329;166380;151656;139598;139598;1745;2233568;100.000;1711.005;536.069;575.424;20.999;91.150;17.619;0.000;0.000;0.681;1.305;52.164;199.552;200.857;200.857;-2.218;34.080;0.746;1.958;0;0.000;0.000;0.000;2.243;4.106702;5.832782;6.725274;67.388759;7.474198;10.615663;12.239998;122.647541;4.107540;3.607924;6.729876;67.570184;7.475723;6.566422;12.248374;122.977735;3.934840;5.438575;6.566717;67.478482;7.161409;9.898206;11.951424;122.810837;3.935983;3.512653;6.571524;67.572159;7.163490;6.393029;11.960173;122.981330
183;1;1;0.000000;0.000000;1.000000;24234.142291;24234.340343;24234.341996;801464;166117;153419;141888;141888;1774;2270208;100.000;1373.651;544.862;584.871;20.727;92.356;17.704;0.000;0.000;0.663;1.653;40.095;198.052;199.704;199.704;-3.314;31.890;1.443;1.925;0;0.000;0.000;0.000;2.334;3.900312;5.756960;6.554224;70.542588;7.098567;10.477667;11.928689;128.387511;3.901267;3.674909;6.558524;70.310369;7.100305;6.688334;11.936513;127.964871;3.715286;5.311604;6.381146;67.662965;6.761821;9.667119;11.613685;123.146595;3.716632;3.571502;6.385850;67.436534;6.764270;6.500133;11.622247;122.734493
184;1;1;0.000000;0.000000;1.000000;24234.175629;24234.374543;24234.375896;796948;166209;155251;145036;145036;1813;2320576;100.000;1715.752;556.951;597.840;20.856;93.407;18.199;0.000;0.000;0.704;1.353;52.016;198.914;200.267;200.267;-2.747;34.200;0.867;1.859;0;0.000;0.000;0.000;2.237;3.786679;5.697601;6.383302;75.474138;6.891756;10.369635;11.617610;137.362931;3.787677;3.606171;6.388053;75.496449;6.893572;6.563231;11.626257;137.403537;3.597126;5.234036;6.207373;75.540353;6.546769;9.525945;11.297419;137.483443;3.599360;3.498220;6.214266;75.505109;6.550835;6.366761;11.309965;137.419298
185;1;1;0.000000;0.000000;1.000000;24234.208990;24234.408231;24234.409958;802598;166370;156396;147102;147102;1839;2353632;100.000;1362.865;564.884;606.360;20.729;94.005;18.328;0.000;0.000;0.725;1.727;41.974;199.241;200.968;200.968;-2.019;33.688;0.354;1.765;0;0.000;0.000;0.000;2.407;3.645666;5.217304;6.243576;69.814470;6.635113;9.495493;11.363309;127.062336;3.646677;3.509244;6.248408;69.601689;6.636952;6.386824;11.372103;126.675074;3.491080;4.849045;6.104678;69.842176;6.353766;8.825262;11.110514;127.112760;3.492842;3.432771;6.110715;69.595960;6.356973;6.247644;11.121502;126.664646
186;1;1;0.000000;0.000000;1.000000;24234.242301;24234.439976;24234.441368;797039;167755;158367;149128;149128;1865;2386048;100.000;1714.446;572.664;614.726;21.047;94.404;18.710;0.000;0.000;0.706;1.392;50.717;197.675;199.067;199.067;-3.942;31.745;1.588;1.754;0;0.000;0.000;0.000;2.327;3.486115;4.829564;6.018404;58.404081;6.344729;8.789806;10.953495;106.295427;3.486581;3.325071;6.021584;58.156874;6.345577;6.051630;10.959284;105.845510;3.354865;4.534497;5.907608;52.992954;6.105855;8.252784;10.751846;96.447175;3.355997;3.278718;5.912254;53.218929;6.107914;5.967267;10.760303;96.858451
187;1;1;0.000000;0.000000;1.000000;24234.275128;24234.473076;24234.474456;797511;167202;158610;148974;148974;1863;2383584;100.000;1726.407;572.073;614.089;20.965;94.861;18.680;0.000;0.000;0.699;1.381;50.627;197.948;199.328;199.328;-4.187;33.100;0.234;1.659;0;0.000;0.000;0.000;2.345;3.320121;4.611775;5.798008;64.943277;6.042620;8.393431;10.552375;118.196763;3.320247;3.230543;5.801711;65.089328;6.042849;5.879588;10.559113;118.462577;3.194275;4.339198;5.689930;64.885528;5.813581;7.897341;10.355673;118.091661;3.194636;3.185992;5.692971;65.064152;5.814237;5.798506;10.361207;118.416757
188;1;1;0.000000;0.000000;1.000000;24234.308386;24234.506666;24234.508352;794879;165181;157331;147856;147856;1849;2365696;100.000;1403.135;567.780;609.480;20.781;95.248;18.601;0.000;0.000;0.653;1.686;38.701;198.280;199.966;199.966;-3.625;33.590;0.257;1.572;0;0.000;0.000;0.000;2.371;3.374346;4.585268;5.877390;60.965535;6.141310;8.345188;10.696849;110.957274;3.375243;3.229466;5.883093;61.039713;6.142943;5.877629;10.707229;111.092278;3.254723;4.336547;5.774517;60.893208;5.923597;7.892515;10.509622;110.825638;3.256580;3.187053;5.781335;60.990818;5.926975;5.800437;10.522029;111.003289
189;1;1;0.000000;0.000000;1.000000;24234.342297;24234.539751;24234.541086;793590;162300;155107;145718;145718;1822;2331488;100.000;1746.479;559.570;600.661;20.451;95.568;18.362;0.000;0.000;0.679;1.335;50.882;197.455;198.790;198.790;-4.224;33.086;0.248;1.489;0;0.000;0.000;0.000;2.402;3.393315;4.606335;5.930606;65.924853;6.175833;8.383529;10.793704;119.983233;3.394083;3.269593;5.935567;65.981124;6.177231;5.950659;10.802732;120.085645;3.270501;4.347686;5.829311;65.891825;5.952312;7.912788;10.609345;119.923121;3.272060;3.235951;5.835156;65.969363;5.955150;5.889431;10.619984;120.064241
190;1;1;0.000000;0.000000;1.000000;24234.375521;24234.572977;24234.578280;788938;159502;152610;143848;143848;1799;2301568;100.000;434.013;552.389;592.962;20.217;95.679;18.233;0.000;0.000;4.434;5.303;83.614;197.456;202.759;202.759;-0.363;33.226;0.107;1.402;0;0.000;0.000;0.000;2.624;3.454376;4.642018;5.991759;55.988301;6.286965;8.448473;10.905002;101.898707;3.454710;3.248064;5.996561;56.008252;6.287571;5.911477;10.913740;101.935020;3.332223;4.387710;5.894036;46.196011;6.064646;7.985633;10.727146;84.076741;3.333266;3.221368;5.899721;46.300694;6.066544;5.862890;10.737493;84.267264
191;1;1;0.000000;0.000000;1.000000;24234.408430;24234.606996;24234.608313;784846;157717;150837;142800;142800;1785;2284800;100.000;1734.958;548.364;588.622;20.095;95.638;18.195;0.000;0.000;0.707;1.317;53.675;198.567;199.883;199.883;-3.663;34.019;0.686;1.358;0;0.000;0.000;0.000;2.361;3.412995;4.617350;5.931206;47.570496;6.211652;8.403578;10.794795;86.578302;3.413770;3.201754;5.936683;47.677254;6.213062;5.827192;10.804763;86.772603;3.291275;4.366952;5.821996;47.595744;5.990120;7.947852;10.596032;86.624253;3.293070;3.153003;5.828823;47.695707;5.993388;5.738466;10.608458;86.806187
192;1;1;0.000000;0.000000;1.000000;24234.442315;24234.641665;24234.643192;788004;156979;150370;142404;142404;1781;2278464;100.000;1492.235;546.844;587.011;19.921;95.790;18.071;0.000;0.000;1.036;1.527;67.851;199.351;200.878;200.878;-2.118;34.669;1.336;1.356;0;0.000;0.000;0.000;8.295;3.389783;4.625425;5.916482;56.566961;6.169405;8.418273;10.767997;102.951869;3.391622;3.227656;5.924829;56.668074;6.172753;5.874333;10.783189;103.135894;3.261322;4.354138;5.803873;56.557121;5.935607;7.924530;10.563049;102.933960;3.264190;3.180341;5.813474;56.644166;5.940825;5.788220;10.580522;103.092381
193;1;1;0.000000;0.000000;1.000000;24234.475672;24234.674031;24234.675369;795964;156673;150142;142560;142560;1782;2280960;100.000;1705.238;547.443;587.632;19.683;95.831;17.910;0.000;0.000;0.646;1.338;48.303;198.360;199.697;199.697;-3.274;32.366;0.967;1.332;0;0.000;0.000;0.000;2.245;3.317086;4.514213;5.852825;49.051275;6.037096;8.215868;10.652141;89.273321;3.318622;3.243875;5.861112;49.410924;6.039892;5.903852;10.667224;89.927882;3.189794;4.241442;5.740342;48.145567;5.805425;7.719424;10.447422;87.624932;3.192777;3.199143;5.750327;48.375187;5.810854;5.822441;10.465595;88.042840
194;1;1;0.000000;0.000000;1.000000;24234.508975;24234.733052;24234.735117;799207;157077;150628;143286;143286;1792;2292576;100.000;1110.301;550.231;590.646;19.654;95.894;17.929;0.000;0.000;1.419;2.065;68.702;224.077;226.142;226.142;23.140;59.020;25.687;2.854;0;0.000;0.000;0.000;2.023;3.285083;4.495730;5.868357;54.142745;5.978852;8.182228;10.680409;98.539796;3.285357;3.381424;5.873107;54.198311;5.979349;6.154191;10.689055;98.640925;3.162033;4.221243;5.762462;54.097703;5.754899;7.682662;10.487681;98.457820;3.163622;3.342515;5.769499;54.176867;5.757792;6.083377;10.500489;98.601898
195;1;1;0.000000;0.000000;1.000000;24234.542331;24234.741216;24234.742559;799402;158070;151790;144392;144392;1805;2310272;100.000;1720.114;554.478;595.186;19.774;96.027;18.063;0.000;0.000;0.696;1.343;51.817;198.886;200.229;200.229;-2.751;8.165;25.169;4.249;0;0.000;0.000;0.000;2.346;3.275178;4.455324;5.868478;53.687749;5.960824;8.108689;10.680630;97.711704;3.276240;3.399758;5.874660;53.818431;5.962757;6.187559;10.691882;97.949545;3.158543;4.209646;5.766421;53.684749;5.748549;7.661555;10.494885;97.706243;3.160756;3.361982;5.774338;53.801602;5.752575;6.118806;10.509295;97.918916
196;1;1;0.000000;0.000000;1.000000;24234.575704;24234.773468;24234.774814;800483;179847;157023;145043;145043;1814;2320688;100.000;1723.541;556.978;597.889;22.467;87.309;18.119;0.000;0.000;0.707;1.346;52.542;197.764;199.111;199.111;-3.829;32.252;1.082;4.051;0;0.000;0.000;0.000;2.328;4.725483;7.161264;7.306574;192.363600;8.600379;13.033501;13.297964;350.101753;4.723940;4.009206;7.305512;192.439903;8.597571;7.296754;13.296031;350.240623;4.484324;6.556427;7.077531;131.893462;8.161470;11.932697;12.881107;240.046102;4.483241;3.795779;7.077191;131.887359;8.159498;6.908318;12.880487;240.034993
197;1;1;0.000000;0.000000;1.000000;24234.609170;24234.806708;24234.808372;798336;172995;158276;145944;145944;1825;2335104;100.000;1402.861;560.437;601.597;21.669;91.492;18.281;0.000;0.000;0.680;1.665;40.871;197.538;199.203;199.203;-3.604;33.240;0.093;3.804;0;0.000;0.000;0.000;2.256;4.186674;5.946089;6.768830;68.812571;7.619747;10.821882;12.319270;125.238879;4.186171;3.666129;6.771218;68.923394;7.618831;6.672355;12.323617;125.440577;4.017288;5.577794;6.610403;68.815567;7.311465;10.151586;12.030933;125.244333;4.017487;3.572179;6.614007;68.927596;7.311827;6.501365;12.037493;125.448225
198;1;1;0.000000;0.000000;1.000000;24234.642134;24234.840540;24234.841914;798454;170827;158420;146568;146568;1833;2345088;100.000;1707.118;562.834;604.174;21.395;92.737;18.356;0.000;0.000;0.698;1.374;50.845;198.406;199.780;199.780;-3.397;33.832;0.499;3.597;0;0.000;0.000;0.000;2.457;3.952839;5.794925;6.517909;75.094438;7.194166;10.546763;11.862594;136.671878;3.951711;3.609290;6.519097;75.222265;7.192114;6.568907;11.864757;136.904523;3.766906;5.371832;6.343936;75.053578;6.855769;9.776734;11.545964;136.597513;3.766413;3.505395;6.346022;75.169425;6.854872;6.379819;11.549760;136.808354
199;1;1;0.000000;0.000000;1.000000;24234.675709;24234.874212;24234.875921;800770;169635;158510;147434;147434;1843;2358944;100.000;1380.822;566.159;607.725;21.184;93.442;18.412;0.000;0.000;0.660;1.708;38.644;198.503;200.212;200.212;-2.723;33.672;0.339;3.393;0;0.000;0.000;0.000;2.342;3.940358;5.751531;6.571454;78.782315;7.171451;10.467786;11.960046;143.383814;3.940857;3.674660;6.575029;78.679396;7.172360;6.687880;11.966554;143.196500;3.759720;5.317614;6.405868;78.810741;6.842691;9.678057;11.658679;143.435548;3.760113;3.573555;6.409681;78.680673;6.843406;6.503870;11.665619;143.198824
200;1;1;0.000000;0.000000;1.000000;24234.708611;24234.933510;24234.935313;802378;169695;159762;148866;148866;1861;2381856;100.000;1320.940;571.658;613.630;21.149;94.147;18.553;0.000;0.000;1.215;1.803;67.362;224.899;226.702;226.702;23.337;59.298;25.965;4.804;0;0.000;0.000;0.000;2.199;3.533484;5.125764;6.048944;64.901994;6.430942;9.328890;11.009079;118.121629;3.534460;3.450168;6.053925;64.963152;6.432718;6.279305;11.018143;118.232937;3.378292;4.750954;5.904297;64.850482;6.148492;8.646736;10.745821;118.027877;3.379703;3.365412;5.910214;64.886359;6.151060;6.125050;10.756590;118.093174
201;1;1;0.000000;0.000000;1.000000;24234.742348;24234.940537;24234.942266;805285;169670;160273;150350;150350;1880;2405600;100.000;1391.486;577.356;619.757;21.070;94.462;18.670;0.000;0.000;0.704;1.729;40.693;198.189;199.918;199.918;-3.044;7.027;26.307;6.148;0;0.000;0.000;0.000;2.442;3.456033;4.848873;6.027316;64.961832;6.289979;8.824949;10.969715;118.230533;3.456575;3.477452;6.029843;64.935968;6.290966;6.328963;10.974314;118.183462;3.315146;4.528991;5.897335;55.910238;6.033566;8.242763;10.733150;101.756634;3.315778;3.411781;5.900241;56.056233;6.034715;6.209442;10.738439;102.022343
202;1;1;0.000000;0.000000;1.000000;24234.775710;24234.973409;24234.974850;803318;170658;161985;152012;152012;1901;2432192;100.000;1687.206;583.739;626.613;21.244;94.918;18.923;0.000;0.000;0.727;1.442;50.464;197.699;199.140;199.140;-3.793;32.872;0.462;5.793;0;0.000;0.000;0.000;2.337;3.320449;4.575331;5.836345;67.533008;6.043217;8.327103;10.622147;122.910075;3.320501;3.303027;5.839002;67.593002;6.043311;6.011509;10.626984;123.019263;3.197354;4.298009;5.725451;54.410613;5.819185;7.822376;10.420321;99.027316;3.197402;3.248106;5.727864;54.401432;5.819272;5.911554;10.424713;99.010606
203;1;1;0.000000;0.000000;1.000000;24234.808998;24235.007874;24235.009650;802036;170739;162598;152816;152816;1911;2445056;100.000;1377.137;586.826;629.926;21.288;95.232;19.054;0.000;0.000;0.740;1.776;41.696;198.877;200.652;200.652;-2.327;34.466;1.132;5.501;0;0.000;0.000;0.000;2.481;3.298515;4.540084;5.772654;64.784613;6.003297;8.262954;10.506231;117.907996;3.297832;3.209273;5.774904;64.843768;6.002055;5.840877;10.510324;118.015658;3.177572;4.275826;5.666696;64.666214;5.783181;7.782003;10.313386;117.692509;3.177209;3.157918;5.669090;64.794425;5.782521;5.747411;10.317744;117.925853
204;1;1;0.000000;0.000000;1.000000;24234.842398;24235.065413;24235.068491;810228;169990;162533;152942;152942;1912;2447072;100.000;794.840;587.310;630.432;20.981;95.613;18.876;0.000;0.000;1.334;3.079;43.315;223.014;226.093;226.093;23.181;57.538;24.205;6.670;0;0.000;0.000;0.000;2.414;3.215659;4.397468;5.726610;62.175313;5.852499;8.003392;10.422430;113.159070;3.215518;3.245651;5.729086;62.280717;5.852242;5.907084;10.426937;113.350905;3.100456;4.145845;5.627480;62.245590;5.642830;7.545438;10.242014;113.286974;3.100744;3.203908;5.630046;62.336227;5.643355;5.831113;10.246683;113.451934
205;1;1;0.000000;0.000000;1.000000;24234.875637;24235.073700;24235.075479;808185;169252;161945;152382;152382;1905;2438112;100.000;1370.378;585.159;628.124;20.942;95.683;18.855;0.000;0.000;0.715;1.779;40.205;198.062;199.841;199.841;-3.165;8.287;25.046;7.819;0;0.000;0.000;0.000;2.405;3.162982;4.301426;5.672056;48.141323;5.756628;7.828595;10.323143;87.617208;3.163273;3.254168;5.674597;48.246002;5.757157;5.922586;10.327766;87.807724;3.047957;4.046462;5.570681;46.151596;5.547282;7.364560;10.138639;83.995905;3.048223;3.209935;5.572632;46.284581;5.547766;5.842081;10.142191;84.237938
206;1;1;0.000000;0.000000;1.000000;24234.908791;24235.107297;24235.108718;815223;166568;159246;150790;150790;1885;2412640;100.000;1698.295;579.046;621.559;20.432;95.604;18.497;0.000;0.000;0.740;1.421;52.105;198.506;199.926;199.926;-3.259;33.597;0.264;7.347;0;0.000;0.000;0.000;2.457;3.244726;4.445141;5.859046;54.063418;5.905401;8.090157;10.663464;98.395422;3.244059;3.486530;5.860811;54.177240;5.904188;6.345484;10.666676;98.602577;3.122903;4.168378;5.751216;49.238893;5.683684;7.586448;10.467213;89.614784;3.122501;3.440990;5.752998;49.376754;5.682952;6.262601;10.470456;89.865692
207;1;1;0.000000;0.000000;1.000000;24234.942406;24235.140317;24235.141674;799426;164036;157346;149044;149044;1864;2384704;100.000;1757.557;572.341;614.381;20.519;95.922;18.644;0.000;0.000;0.713;1.357;52.553;197.911;199.268;199.268;-3.636;33.020;0.313;6.907;0;0.000;0.000;0.000;2.320;3.349999;4.562645;5.932779;53.854775;6.096999;8.304014;10.797657;98.015691;3.350614;3.448670;5.938205;53.930114;6.098117;6.276579;10.807533;98.152807;3.228554;4.299080;5.824299;51.172484;5.875968;7.824325;10.600224;93.133920;3.229679;3.401632;5.829847;51.212617;5.878016;6.190970;10.610321;93.206964
208;1;1;0.000000;0.000000;1.000000;24234.975663;24235.183174;24235.185990;790320;161715;155424;147638;147638;1846;2362208;100.000;838.904;566.942;608.576;20.462;96.110;18.681;0.000;0.000;1.882;2.816;66.821;207.511;210.327;210.327;7.347;42.857;9.523;7.071;0;0.000;0.000;0.000;2.673;3.378210;4.535558;5.889368;49.070869;6.148342;8.254715;10.718650;89.308981;3.379502;3.232592;5.895969;49.208005;6.150694;5.883317;10.730664;89.558569;3.263756;4.296109;5.787225;46.722661;5.940035;7.818918;10.532750;85.035243;3.265729;3.185559;5.794713;46.590779;5.943626;5.797717;10.546377;84.795218
209;1;1;0.000000;0.000000;1.000000;24235.008621;24235.238408;24235.241588;795945;159409;153160;145656;145656;1821;2330496;100.000;732.951;559.332;600.401;20.028;96.080;18.300;0.000;0.000;2.241;3.180;70.487;229.787;232.967;232.967;29.611;55.234;21.901;7.997;0;0.000;0.000;0.000;2.334;3.415054;4.605024;5.996172;63.212054;6.215398;8.381144;10.913033;115.045938;3.415306;3.343942;6.000583;63.031053;6.215858;6.085974;10.921061;114.716517;3.297364;4.362651;5.889339;62.622872;6.001202;7.940025;10.718597;113.973627;3.298108;3.296646;5.894053;62.530431;6.002557;5.999895;10.727177;113.805384
210;1;1;0.000000;0.000000;1.000000;24235.042022;24235.270623;24235.273155;792891;157456;151047;144144;144144;1802;2306304;100.000;910.687;553.525;594.166;19.858;95.930;18.180;0.000;0.000;1.777;2.533;70.154;228.601;231.133;231.133;27.845;32.215;1.119;7.567;0;0.000;0.000;0.000;2.318;3.463175;4.735015;6.014722;62.136363;6.302979;8.617727;10.946793;113.088180;3.463485;3.308440;6.019582;62.408325;6.303542;6.021361;10.955639;113.583151;3.337770;4.473441;5.900652;59.923583;6.074742;8.141662;10.739188;109.060922;3.338728;3.255028;5.906305;59.991576;6.076485;5.924151;10.749475;109.184668
211;1;1;0.000000;0.000000;1.000000;24235.075762;24235.303589;24235.304901;797320;179073;155570;143206;143206;1791;2291296;100.000;1746.233;549.924;590.316;22.459;86.875;17.961;0.000;0.000;0.874;1.312;66.591;227.827;229.139;229.139;26.258;32.966;0.367;7.117;0;0.000;0.000;0.000;2.297;4.801834;7.247996;7.387663;298.659920;8.739338;13.191353;13.445548;543.561055;4.802826;4.056720;7.391190;298.743268;8.741143;7.383231;13.451966;543.712747;4.565525;6.677517;7.164670;124.432977;8.309255;12.153081;13.039699;226.468018;4.567527;3.842772;7.170433;124.377334;8.312899;6.993845;13.050188;226.366748
212;1;1;0.000000;0.000000;1.000000;24235.109079;24235.309787;24235.311094;805214;167724;153853;142122;142122;1777;2273952;100.000;1739.315;545.761;585.838;20.830;91.730;17.650;0.000;0.000;0.672;1.307;51.380;200.708;202.016;202.016;-0.882;6.198;27.135;8.369;0;0.000;0.000;0.000;2.474;4.170098;5.875008;6.857097;66.600382;7.589578;10.692514;12.479916;121.212695;4.170453;3.762841;6.862378;66.651919;7.590224;6.848371;12.489528;121.306493;4.004916;5.513850;6.704655;65.098531;7.288947;10.035207;12.202473;118.479326;4.006033;3.680138;6.711567;65.093570;7.290981;6.697852;12.215053;118.470297
213;1;1;0.000000;0.000000;1.000000;24235.142359;24235.344831;24235.347216;797126;165846;153977;141596;141596;1770;2265536;100.000;949.733;543.741;583.660;20.805;92.843;17.763;0.000;0.000;0.978;2.385;41.009;202.472;204.857;204.857;1.906;35.044;1.710;7.952;0;0.000;0.000;0.000;3.054;4.047431;5.821137;6.704808;76.754990;7.366325;10.594470;12.202751;139.694082;4.047780;3.648010;6.710789;76.994014;7.366960;6.639379;12.213636;140.129106;3.847982;5.335889;6.517507;76.660504;7.003327;9.711318;11.861862;139.522118;3.849382;3.536129;6.525693;77.035118;7.005875;6.435755;11.876761;140.203914
214;1;1;0.000000;0.000000;1.000000;24235.176553;24235.400457;24235.402886;803136;164722;153318;141814;141814;1773;2269024;100.000;934.407;544.578;584.565;20.510;93.077;17.658;0.000;0.000;1.709;2.428;70.373;223.904;226.333;226.333;24.242;55.627;22.294;8.849;0;0.000;0.000;0.000;1.863;3.814621;5.601850;6.521491;66.257773;6.942610;10.195367;11.869113;120.589147;3.815654;3.825200;6.527406;66.336377;6.944490;6.961864;11.879879;120.732207;3.612598;5.098225;6.331757;65.700452;6.574928;9.278769;11.523798;119.574823;3.614461;3.722043;6.339240;65.775607;6.578319;6.774118;11.537417;119.711606
215;1;1;0.000000;0.000000;1.000000;24235.209623;24235.433749;24235.435924;809297;164186;153594;143036;143036;1788;2288576;100.000;1052.427;549.271;589.596;20.287;93.549;17.674;0.000;0.000;1.496;2.175;68.810;224.127;226.301;226.301;23.947;33.292;0.041;8.298;0;0.000;0.000;0.000;2.236;3.558557;5.113527;6.316091;67.321695;6.476573;9.306620;11.495285;122.525485;3.559702;3.912391;6.323416;67.455060;6.478657;7.120552;11.508617;122.768210;3.390569;4.703744;6.163453;60.559526;6.170836;8.560814;11.217484;110.218337;3.392792;3.844509;6.172141;60.664165;6.174882;6.997007;11.233296;110.408780
216;1;1;0.000000;0.000000;1.000000;24235.243318;24235.442669;24235.467454;808156;164878;155331;144130;144130;1802;2306080;100.000;93.046;553.472;594.112;20.402;94.210;17.834;0.000;0.000;0.673;24.785;2.715;199.350;224.135;224.135;22.144;8.919;24.414;9.306;0;0.000;0.000;0.000;2.134;3.588011;4.997563;6.331803;67.066890;6.530179;9.095565;11.523882;122.061740;3.588730;3.697271;6.338379;67.110566;6.531488;6.729034;11.535850;122.141231;3.446076;4.680942;6.206069;55.188357;6.271859;8.519314;11.295045;100.442809;3.447506;3.646921;6.214231;55.046424;6.274461;6.637396;11.309900;100.184492
217;1;1;0.000000;0.000000;1.000000;24235.276032;24235.506683;24235.512245;810355;164778;155936;146106;146106;1827;2337696;100.000;420.308;561.060;602.264;20.334;94.634;18.030;0.000;0.000;5.050;5.562;90.797;230.650;236.212;236.212;33.601;64.014;30.681;10.641;0;0.000;0.000;0.000;14.956;3.425202;4.709836;6.092114;60.570726;6.233867;8.571901;11.087647;110.238721;3.425822;3.510719;6.096156;60.599487;6.234996;6.389508;11.095003;110.291066;3.298025;4.429746;5.979132;60.549667;6.002406;8.062137;10.882020;110.200394;3.299669;3.464669;5.984884;60.581284;6.005398;6.305697;10.892489;110.257937
218;1;1;0.000000;0.000000;1.000000;24235.308600;24235.527463;24235.540249;810211;166731;159022;148782;148782;1860;2380512;100.000;186.192;571.335;613.284;20.579;95.376;18.363;0.000;0.000;1.659;12.786;12.979;218.863;231.648;231.648;28.272;20.780;12.553;10.761;0;0.000;0.000;0.000;9.582;3.303450;4.564654;5.883479;59.652431;6.012280;8.307671;10.707931;108.567425;3.303795;3.418300;5.886899;59.661106;6.012906;6.221307;10.714157;108.583212;3.182111;4.300571;5.777909;59.679471;5.791442;7.827038;10.515794;108.616637;3.183316;3.379643;5.782451;59.687940;5.793635;6.150950;10.524061;108.632051
219;1;1;0.000000;0.000000;1.000000;24235.342131;24235.554813;24235.557802;808645;167449;160007;150220;150220;1878;2403520;100.000;804.338;576.857;619.212;20.707;95.556;18.577;0.000;0.000;2.409;2.988;80.616;212.682;215.670;215.670;12.491;27.350;5.983;10.462;0;0.000;0.000;0.000;14.648;3.311547;4.510282;5.899464;56.218434;6.027015;8.208712;10.737025;102.317550;3.311094;3.381793;5.901207;56.445972;6.026192;6.154863;10.740196;102.731669;3.200181;4.262327;5.803930;52.060809;5.824330;7.757435;10.563153;94.750672;3.199867;3.339358;5.805452;52.078571;5.823759;6.077632;10.565923;94.782999
220;1;1;0.000000;0.000000;1.000000;24235.375528;24235.602991;24235.604945;810783;166958;159543;150188;150188;1878;2403008;100.000;1230.221;576.734;619.090;20.592;95.559;18.524;0.000;0.000;1.349;1.953;69.084;227.464;229.417;229.417;26.301;48.178;14.845;10.736;0;0.000;0.000;0.000;2.094;3.404221;4.580653;6.073672;65.562838;6.195683;8.336789;11.054083;119.324366;3.403718;3.526139;6.074820;65.599640;6.194767;6.417573;11.056171;119.391344;3.298293;4.355833;5.984346;65.582860;6.002892;7.927616;10.891509;119.360805;3.298022;3.492657;5.985402;65.615181;6.002400;6.356635;10.893432;119.419630
221;1;1;0.000000;0.000000;1.000000;24235.408939;24235.611197;24235.613091;807088;164984;157763;149054;149054;1864;2384864;100.000;1259.122;572.380;614.419;20.442;95.623;18.468;0.000;0.000;1.308;1.894;69.055;202.258;204.152;204.152;1.115;8.206;25.128;11.636;0;0.000;0.000;0.000;3.077;3.421652;4.571756;6.106946;51.007631;6.227407;8.320595;11.114642;92.833888;3.422136;3.564936;6.110500;51.086956;6.228288;6.488184;11.121110;92.978261;3.309811;4.343234;6.010374;51.013908;6.023856;7.904686;10.938881;92.845312;3.310720;3.531460;6.014761;51.128599;6.025510;6.427257;10.946866;93.054049
222;1;1;0.000000;0.000000;1.000000;24235.441196;24235.646033;24235.649138;809369;162852;155713;147392;147392;1843;2358272;100.000;759.715;565.998;607.563;20.121;95.616;18.211;0.000;0.000;1.025;3.104;33.019;204.837;207.942;207.942;3.828;34.836;1.503;11.002;0;0.000;0.000;0.000;2.825;3.379687;4.578463;6.057714;77.465582;6.151031;8.332802;11.025039;140.987360;3.380405;3.595719;6.062268;77.440160;6.152338;6.544209;11.033328;140.941091;3.261903;4.325903;5.956432;50.094037;5.936663;7.873144;10.840706;91.171147;3.263178;3.558605;5.961848;50.208480;5.938984;6.476661;10.850564;91.379433
223;1;1;0.000000;0.000000;1.000000;24235.475450;24235.677139;24235.678724;795354;161156;154517;146064;146064;1826;2337024;100.000;1474.130;560.898;602.080;20.262;95.880;18.365;0.000;0.000;0.653;1.585;41.180;201.689;203.275;203.275;0.081;31.105;2.228;10.454;0;0.000;0.000;0.000;2.829;3.380606;4.561386;5.918328;76.912332;6.152702;8.301723;10.771358;139.980444;3.381044;3.289667;5.922420;76.895550;6.153500;5.987193;10.778804;139.949901;3.266526;4.326083;5.817293;76.926165;5.945078;7.873472;10.587474;140.005620;3.267727;3.246587;5.822695;76.883470;5.947264;5.908788;10.597305;139.927916
224;1;1;0.000000;0.000000;1.000000;24235.508524;24235.714604;24235.736570;795455;159068;152623;144466;144466;1806;2311456;100.000;105.233;554.762;595.493;19.997;95.948;18.161;0.000;0.000;1.237;21.966;5.632;206.081;228.046;228.046;24.593;37.466;4.132;10.059;0;0.000;0.000;0.000;2.122;3.440089;4.611187;6.034570;48.268180;6.260962;8.392361;10.982918;87.848087;3.439650;3.361156;6.037736;48.336947;6.260162;6.117303;10.988679;87.973244;3.331639;4.394065;5.941022;48.263849;6.063583;7.997199;10.812660;87.840205;3.331802;3.325884;5.944911;48.359623;6.063879;6.053108;10.819738;88.014514
225;1;1;0.000000;0.000000;1.000000;24235.541833;24235.767718;24235.769808;795720;157867;151260;143728;143728;1797;2299648;100.000;1100.334;551.928;592.456;19.840;95.815;18.063;0.000;0.000;1.441;2.090;68.928;225.885;227.975;227.975;24.498;53.114;19.780;10.666;0;0.000;0.000;0.000;2.203;3.325423;4.511402;5.858811;48.534971;6.052269;8.210751;10.663035;88.333647;3.326371;3.279627;5.863468;48.491680;6.053995;5.968920;10.671512;88.254857;3.204411;4.256317;5.753029;47.831512;5.832028;7.746497;10.470513;87.053351;3.206828;3.242744;5.760571;47.885289;5.836427;5.901793;10.484238;87.151226
226;1;1;0.000000;0.000000;1.000000;24235.575708;24235.776707;24235.801683;798723;180302;156126;142930;142930;1787;2286880;100.000;91.563;548.864;589.166;22.574;86.591;17.895;0.000;0.000;0.802;24.977;3.210;200.999;225.976;225.976;23.040;8.989;24.345;11.521;0;0.000;0.000;0.000;2.108;4.936526;7.437439;7.577417;173.327389;8.984477;13.536138;13.790899;315.455848;4.937909;4.160274;7.582145;173.396785;8.986995;7.571698;13.799503;315.582148;4.693232;6.840922;7.347866;173.279441;8.541683;12.450479;13.373116;315.368583;4.696041;3.948142;7.355641;173.404063;8.546794;7.185619;13.387267;315.595394
227;1;1;0.000000;0.000000;1.000000;24235.608496;24235.807662;24235.809016;807441;170502;155360;142948;142948;1787;2287168;100.000;1690.117;548.933;589.235;21.116;91.119;17.704;0.000;0.000;0.681;1.353;50.314;199.167;200.520;200.520;-2.961;30.956;2.378;10.950;0;0.000;0.000;0.000;2.215;4.110551;5.810497;6.834680;72.539856;7.481202;10.575105;12.439118;132.022538;4.112043;3.967630;6.840794;72.579389;7.483919;7.221087;12.450245;132.094488;3.946721;5.464367;6.684143;64.177488;7.183032;9.945148;12.165140;116.803029;3.949375;3.895854;6.692119;64.114647;7.187862;7.090455;12.179657;116.688658
228;1;1;0.000000;0.000000;1.000000;24235.642187;24235.840178;24235.841853;803316;169818;157196;143504;143504;1794;2296064;100.000;1370.814;551.068;591.528;21.140;92.567;17.864;0.000;0.000;0.642;1.675;38.337;197.992;199.667;199.667;-3.457;32.516;0.817;10.317;0;0.000;0.000;0.000;2.375;3.843894;5.386081;6.540816;70.037567;6.995887;9.802667;11.904284;127.468372;3.845113;3.816015;6.548694;70.089340;6.998106;6.945148;11.918624;127.562599;3.690954;5.067895;6.400931;63.842103;6.717537;9.223568;11.649694;116.192628;3.693177;3.753468;6.410225;63.753147;6.721582;6.831312;11.666609;116.030727
229;1;1;0.000000;0.000000;1.000000;24235.675542;24235.874148;24235.875555;809074;168431;157340;144280;144280;1804;2308480;100.000;1640.464;554.048;594.733;20.818;93.415;17.833;0.000;0.000;0.678;1.407;48.190;198.606;200.013;200.013;-3.088;33.970;0.636;9.712;0;0.000;0.000;0.000;2.218;3.544627;4.981617;6.246161;64.302070;6.451221;9.066544;11.368012;117.029767;3.546524;3.792233;6.253270;64.257355;6.454673;6.901865;11.380951;116.948386;3.398649;4.663446;6.111888;64.247317;6.185541;8.487471;11.123636;116.930117;3.402028;3.735784;6.121206;64.235653;6.191690;6.799126;11.140595;116.908889
230;1;1;0.000000;0.000000;1.000000;24235.708942;24235.910247;24235.911842;808265;167857;157458;145334;145334;1817;2325344;100.000;1457.939;558.095;599.074;20.768;93.805;17.981;0.000;0.000;0.666;1.595;41.765;201.305;202.900;202.900;-0.135;36.099;2.765;9.277;0;0.000;0.000;0.000;2.745;3.515916;4.835476;6.206920;67.475807;6.398967;8.800567;11.296595;122.805968;3.517408;3.673989;6.212646;67.484295;6.401682;6.686661;11.307015;122.821418;3.379361;4.532333;6.081418;67.434388;6.150436;8.248846;11.068181;122.730587;3.381913;3.618792;6.088871;67.459730;6.155082;6.586201;11.081745;122.776708
231;1;1;0.000000;0.000000;1.000000;24235.742362;24235.941227;24235.942617;818848;169802;160029;147128;147128;1840;2354048;100.000;1693.682;564.984;606.482;20.737;94.244;17.968;0.000;0.000;0.744;1.390;53.495;198.864;200.254;200.254;-2.694;30.980;2.353;8.845;0;0.000;0.000;0.000;2.273;3.369547;4.665084;6.169520;69.121725;6.132576;8.490453;11.228527;125.801539;3.370340;3.984655;6.173399;69.183243;6.134019;7.252072;11.235585;125.913502;3.238835;4.377133;6.050684;69.210995;5.894679;7.966382;11.012245;125.964010;3.240438;3.941831;6.055525;69.249825;5.897597;7.174132;11.021055;126.034682
232;1;1;0.000000;0.000000;1.000000;24235.775128;24235.974170;24235.975879;820617;169458;160537;148796;148796;1860;2380736;100.000;1392.990;571.389;613.338;20.650;94.736;18.132;0.000;0.000;0.704;1.709;41.204;199.042;200.751;200.751;-2.764;32.943;0.390;8.316;0;0.000;0.000;0.000;2.346;3.327016;4.545346;6.116142;59.156077;6.055170;8.272529;11.131379;107.664061;3.327358;3.899723;6.117958;59.194129;6.055791;7.097495;11.134683;107.733314;3.213870;4.300340;6.016914;59.220614;5.849244;7.826619;10.950784;107.781518;3.214663;3.865027;6.018595;59.218653;5.850687;7.034349;10.953842;107.777948
233;1;1;0.000000;0.000000;1.000000;24235.809074;24236.007290;24236.008719;814146;169509;161293;150842;150842;1886;2413472;100.000;1688.895;579.246;621.781;20.820;95.153;18.528;0.000;0.000;0.742;1.429;51.918;198.215;199.644;199.644;-3.258;33.120;0.214;7.810;0;0.000;0.000;0.000;2.332;3.290678;4.466707;5.963389;46.666639;5.989035;8.129408;10.853368;84.933283;3.290773;3.643919;5.967049;46.789833;5.989206;6.631932;10.860029;85.157496;3.183524;4.244581;5.871319;46.688811;5.794014;7.725137;10.685801;84.973636;3.183745;3.611861;5.874867;46.802370;5.794417;6.573586;10.692258;85.180314
234;1;1;0.000000;0.000000;1.000000;24235.842318;24236.041393;24236.043156;814852;170328;162468;152630;152630;1908;2442080;100.000;1385.798;586.112;629.144;20.903;95.385;18.731;0.000;0.000;0.724;1.762;41.093;199.075;200.837;200.837;-2.154;34.104;0.770;7.370;0;0.000;0.000;0.000;2.694;3.256020;4.397788;5.933745;58.275296;5.925956;8.003975;10.799417;106.061039;3.255284;3.636614;5.935084;58.361498;5.924617;6.618637;10.801853;106.217926;3.151768;4.176960;5.845015;58.303988;5.736217;7.602068;10.637928;106.113258;3.151243;3.605155;5.846078;58.376380;5.735261;6.561382;10.639862;106.245012
235;1;1;0.000000;0.000000;1.000000;24235.875693;24236.073599;24236.075055;815725;170281;162850;153174;153174;1915;2450784;100.000;1683.417;588.201;631.391;20.875;95.636;18.778;0.000;0.000;0.748;1.456;51.388;197.906;199.362;199.362;-3.589;32.205;1.128;6.980;0;0.000;0.000;0.000;2.362;3.197114;4.317494;5.835719;50.197778;5.818747;7.857839;10.621009;91.359956;3.196342;3.554237;5.837422;50.251832;5.817343;6.468710;10.624109;91.458335;3.088821;4.085025;5.742345;50.140146;5.621654;7.434746;10.451068;91.255065;3.088390;3.519472;5.743801;50.196035;5.620870;6.405439;10.453718;91.356784
236;1;1;0.000000;0.000000;1.000000;24235.908607;24236.106983;24236.108420;816078;169420;162364;152808;152808;1911;2444928;100.000;1701.056;586.795;629.895;20.760;95.835;18.725;0.000;0.000;0.697;1.437;48.507;198.376;199.814;199.814;-3.556;33.384;0.051;6.547;0;0.000;0.000;0.000;2.494;3.219725;4.382291;5.964563;75.490578;5.859900;7.975770;10.855504;137.392852;3.218685;3.841805;5.965289;75.490558;5.858007;6.992085;10.856826;137.392815;3.109307;4.147926;5.868848;75.514244;5.658939;7.549225;10.681303;137.435925;3.108958;3.811411;5.869814;75.515497;5.658304;6.936769;10.683061;137.438204
237;1;1;0.000000;0.000000;1.000000;24235.942158;24236.140400;24236.142200;810868;167966;161222;151650;151650;1896;2426400;100.000;1348.578;582.348;625.110;20.714;95.985;18.702;0.000;0.000;0.873;1.799;48.519;198.242;200.041;200.041;-3.110;33.417;0.084;6.143;0;0.000;0.000;0.000;2.347;3.330986;4.478470;6.050063;56.517045;6.062395;8.150816;11.011115;102.861022;3.331046;3.715255;6.053485;56.547111;6.062504;6.761764;11.017342;102.915741;3.215220;4.227726;5.947891;56.512628;5.851701;7.694462;10.825161;102.852983;3.215768;3.676587;5.951403;56.521530;5.852697;6.691389;10.831553;102.869185
238;1;1;0.000000;0.000000;1.000000;24235.975549;24236.183665;24236.186337;801907;165418;158407;149972;149972;1875;2399552;100.000;898.011;575.905;618.192;20.628;95.762;18.702;0.000;0.000;1.840;2.672;68.871;208.117;210.789;210.789;7.694;43.265;9.931;6.380;0;0.000;0.000;0.000;2.787;3.366544;4.522850;5.966747;69.658342;6.127111;8.231587;10.859480;126.778182;3.366441;3.454652;5.970878;69.790552;6.126922;6.287466;10.866998;127.018805;3.250498;4.278520;5.864131;69.672009;5.915907;7.786907;10.672719;126.803056;3.251530;3.413321;5.869723;69.784487;5.917785;6.212244;10.682896;127.007766
239;1;1;0.000000;0.000000;1.000000;24236.009044;24236.238500;24236.241732;799196;163504;156811;148264;148264;1854;2372224;100.000;734.052;569.346;611.160;20.459;95.907;18.552;0.000;0.000;2.299;3.232;71.126;229.456;232.688;232.688;29.755;54.835;21.502;7.325;0;0.000;0.000;0.000;2.440;3.412630;4.582382;6.011945;56.905456;6.210986;8.339935;10.941740;103.567929;3.412673;3.416724;6.015820;56.981037;6.211064;6.218438;10.948792;103.705487;3.288702;4.323345;5.898668;56.872024;5.985438;7.868488;10.735576;103.507084;3.289307;3.366827;5.903241;56.956269;5.986539;6.127625;10.743899;103.660409
240;1;1;0.000000;0.000000;1.000000;24236.041914;24236.270323;24236.273093;799621;162111;155297;146996;146996;1838;2351936;100.000;849.329;564.477;605.930;20.273;95.797;18.383;0.000;0.000;1.956;2.769;70.626;228.409;231.179;231.179;27.783;31.823;1.510;6.961;0;0.000;0.000;0.000;2.141;3.374154;4.543047;5.969308;55.141188;6.140961;8.268346;10.864141;100.356961;3.374619;3.392478;5.974188;55.291893;6.141806;6.174311;10.873021;100.631246;3.246288;4.265811;5.852806;55.111061;5.908243;7.763776;10.652108;100.302130;3.247753;3.340703;5.859190;55.257426;5.910910;6.080079;10.663726;100.568514
241;1;1;0.000000;0.000000;1.000000;24236.075698;24236.303142;24236.305374;808174;182380;158734;146062;146062;1826;2336992;100.000;1047.212;560.891;602.073;22.567;87.035;18.073;0.000;0.000;1.530;2.232;68.568;227.444;229.675;229.675;26.730;32.818;0.515;6.558;0;0.000;0.000;0.000;2.297;4.849787;7.199570;7.509106;196.399503;8.826612;13.103218;13.666573;357.447095;4.849576;4.177164;7.510590;196.465107;8.826228;7.602438;13.669274;357.566495;4.612063;6.636561;7.284000;144.903501;8.393955;12.078540;13.256879;263.724371;4.612475;3.978633;7.287082;144.966639;8.394705;7.241112;13.262490;263.839283
242;1;1;0.000000;0.000000;1.000000;24236.109036;24236.312033;24236.335018;810609;173152;157658;145468;145468;1819;2327488;100.000;101.265;558.610;599.634;21.361;91.052;17.946;0.000;0.000;1.029;22.985;4.479;202.997;225.981;225.981;23.041;8.891;24.442;7.676;0;0.000;0.000;0.000;2.022;4.271738;5.970940;7.005098;74.671324;7.774563;10.867111;12.749279;135.901809;4.271194;3.878780;7.006691;74.973190;7.773572;7.059380;12.752177;136.451206;4.102053;5.607568;6.848869;74.592396;7.465736;10.205775;12.464942;135.758161;4.102360;3.795468;6.851472;74.911191;7.466295;6.907751;12.469679;136.338368
243;1;1;0.000000;0.000000;1.000000;24236.142361;24236.367914;24236.369205;809086;170706;157100;145086;145086;1814;2321376;100.000;1798.904;557.143;598.054;21.099;92.030;17.932;0.000;0.000;0.819;1.290;63.457;225.553;226.844;226.844;23.895;55.881;22.548;8.606;0;0.000;0.000;0.000;2.284;4.127863;5.854709;6.893270;73.488258;7.512710;10.655571;12.545752;133.748629;4.126891;3.884722;6.895112;73.523207;7.510941;7.070194;12.549103;133.812236;3.939920;5.413186;6.718574;73.515046;7.170654;9.851998;12.227804;133.797384;3.939945;3.787197;6.722250;73.575614;7.170700;6.892699;12.234496;133.907617
244;1;1;0.000000;0.000000;1.000000;24236.176445;24236.375227;24236.376708;804105;169680;157153;145538;145538;1820;2328608;100.000;1572.377;558.878;599.925;21.102;92.617;18.099;0.000;0.000;1.026;1.481;69.246;198.783;200.264;200.264;-1.935;7.313;26.020;9.694;0;0.000;0.000;0.000;2.274;3.975044;5.742999;6.687711;72.363914;7.234581;10.452258;12.171634;131.702324;3.975146;3.806224;6.691627;72.451771;7.234766;6.927328;12.178760;131.862224;3.779165;5.271401;6.505952;72.401821;6.878081;9.593949;11.840832;131.771314;3.780142;3.704247;6.511105;72.440959;6.879858;6.741730;11.850211;131.842545
245;1;1;0.000000;0.000000;1.000000;24236.209629;24236.407290;24236.408674;810243;168575;156888;146056;146056;1826;2336896;100.000;1688.874;560.868;602.050;20.805;93.067;18.026;0.000;0.000;0.694;1.384;50.134;197.661;199.045;199.045;-3.303;32.062;1.271;9.168;0;0.000;0.000;0.000;2.288;3.740597;5.256591;6.547777;64.809693;6.807887;9.566995;11.916954;117.953642;3.739782;3.962557;6.549504;64.731203;6.806404;7.211853;11.920098;117.810790;3.570954;4.856993;6.392086;55.891187;6.499137;8.839727;11.633597;101.721961;3.570797;3.892320;6.394953;56.057157;6.498851;7.084022;11.638814;102.024025
246;1;1;0.000000;0.000000;1.000000;24236.243307;24236.440802;24236.442515;808451;168544;157985;146718;146718;1834;2347488;100.000;1370.375;563.410;604.772;20.848;93.735;18.148;0.000;0.000;0.702;1.713;40.988;197.494;199.207;199.207;-2.795;33.512;0.178;8.606;0;0.000;0.000;0.000;2.274;3.533872;4.872732;6.248022;62.151301;6.431647;8.868372;11.371400;113.115368;3.534303;3.777262;6.251816;62.257336;6.432431;6.874617;11.378304;113.308351;3.389639;4.562308;6.115273;62.155182;6.169144;8.303400;11.129796;113.122432;3.390763;3.722848;6.120271;62.258085;6.171189;6.775584;11.138893;113.309715
247;1;1;0.000000;0.000000;1.000000;24236.276060;24236.474377;24236.475964;818595;168602;159741;147758;147758;1847;2364128;100.000;1490.261;567.403;609.059;20.597;94.744;18.050;0.000;0.000;1.101;1.586;69.374;198.317;199.904;199.904;-2.680;33.576;0.242;8.083;0;0.000;0.000;0.000;12.296;3.420925;4.716021;6.262326;52.803057;6.226084;8.583159;11.397433;96.101564;3.420357;4.012936;6.264734;52.838626;6.225050;7.303544;11.401815;96.166299;3.290015;4.438035;6.142317;52.856641;5.987827;8.077224;11.179016;96.199087;3.290130;3.971895;6.146087;52.865585;5.988037;7.228849;11.185879;96.215365
248;1;1;0.000000;0.000000;1.000000;24236.307461;24236.534852;24236.536114;813416;169401;161248;149576;149576;1870;2393216;100.000;1896.986;574.384;616.559;20.826;95.187;18.389;0.000;0.000;0.833;1.262;66.023;227.392;228.653;228.653;24.137;60.475;27.142;9.274;0;0.000;0.000;0.000;2.213;3.302814;4.540618;5.992006;61.354723;6.011122;8.263925;10.905451;111.665596;3.303480;3.721487;5.997892;61.400810;6.012334;6.773107;10.916163;111.749475;3.176811;4.258120;5.884338;61.419179;5.781796;7.749779;10.709495;111.782906;3.178505;3.686014;5.891686;61.460541;5.784878;6.708546;10.722868;111.858184
249;1;1;0.000000;0.000000;1.000000;24236.342209;24236.541299;24236.542724;816251;170816;162744;151824;151824;1898;2429184;100.000;1704.527;583.017;625.823;20.927;95.274;18.600;0.000;0.000;0.705;1.425;49.452;199.090;200.516;200.516;-2.586;6.447;26.886;10.375;0;0.000;0.000;0.000;2.403;3.336259;4.530449;6.108691;58.743729;6.071990;8.245418;11.117817;106.913587;3.335919;3.885058;6.111430;58.807213;6.071373;7.070805;11.122802;107.029128;3.223635;4.284685;6.011729;58.780046;5.867015;7.798127;10.941348;106.979684;3.223694;3.852570;6.014588;58.837675;5.867124;7.011678;10.946550;107.084569
250;1;1;0.000000;0.000000;1.000000;24236.375328;24236.574896;24236.576341;820584;171461;163761;153370;153370;1918;2453920;100.000;1698.399;588.953;632.211;20.895;95.509;18.690;0.000;0.000;0.719;1.445;49.744;199.568;201.013;201.013;-2.302;33.597;0.264;9.743;0;0.000;0.000;0.000;2.400;3.264945;4.473860;6.021426;64.453098;5.942200;8.142425;10.958996;117.304639;3.265155;3.877914;6.024274;64.508193;5.942582;7.057804;10.964179;117.404911;3.154736;4.238452;5.928189;64.466639;5.741620;7.713982;10.789304;117.329283;3.155274;3.848711;5.930861;64.514752;5.742599;7.004654;10.794168;117.416849
251;1;1;0.000000;0.000000;1.000000;24236.409046;24236.612307;24236.636214;817535;170745;163076;153478;153478;1919;2455648;100.000;102.718;589.368;632.648;20.885;95.509;18.773;0.000;0.000;0.787;23.907;3.291;203.261;227.168;227.168;24.237;37.411;4.077;9.389;0;0.000;0.000;0.000;2.327;3.219203;4.387316;5.948702;58.162047;5.858950;7.984915;10.826638;105.854925;3.218610;3.856753;5.950844;58.176127;5.857871;7.019291;10.830536;105.880551;3.107220;4.150000;5.851657;58.177389;5.655140;7.553001;10.650015;105.882847;3.106707;3.826447;5.853669;58.186757;5.654208;6.964134;10.653678;105.899898
252;1;1;0.000000;0.000000;1.000000;24236.442177;24236.642614;24236.644218;812707;168596;161094;152446;152446;1906;2439136;100.000;1520.646;585.405;628.392;20.745;95.550;18.758;0.000;0.000;1.099;1.604;68.545;200.438;202.042;202.042;-1.092;30.307;3.026;8.991;0;0.000;0.000;0.000;2.622;3.312280;4.461484;6.081109;54.521891;6.028350;8.119900;11.067618;99.229841;3.311367;3.872658;6.081945;54.599156;6.026688;7.048237;11.069140;99.370464;3.201191;4.227852;5.982949;54.397839;5.826168;7.694690;10.888968;99.004066;3.200316;3.840723;5.984194;54.537814;5.824575;6.990116;10.891233;99.258821
253;1;1;0.000000;0.000000;1.000000;24236.475653;24236.672780;24236.674493;811017;166226;159112;150768;150768;1885;2412288;100.000;1408.299;578.962;621.475;20.496;95.720;18.590;0.000;0.000;0.733;1.713;42.812;197.127;198.840;198.840;-4.150;30.166;3.167;8.627;0;0.000;0.000;0.000;2.346;3.286531;4.443937;6.012593;59.577816;5.981487;8.087966;10.942919;108.431626;3.286612;3.821502;6.015455;59.838838;5.981635;6.955133;10.948129;108.906685;3.168906;4.199867;5.906082;47.821626;5.767409;7.643758;10.749070;87.035360;3.169695;3.784625;5.909655;47.859467;5.768845;6.888018;10.755572;87.104231
254;1;1;0.000000;0.000000;1.000000;24236.508828;24236.714474;24236.736123;812416;163134;156428;148606;148606;1858;2377696;100.000;109.830;570.660;612.564;20.080;95.889;18.292;0.000;0.000;1.558;21.649;7.198;205.647;227.296;227.296;24.147;41.694;8.361;8.611;0;0.000;0.000;0.000;2.148;3.294507;4.480190;5.999862;55.483943;5.996002;8.153945;10.919749;100.980776;3.294767;3.767731;6.004292;55.599677;5.996475;6.857270;10.927812;101.191411;3.176462;4.233922;5.894868;53.952682;5.781161;7.705738;10.728659;98.193881;3.177367;3.731724;5.899868;54.055045;5.782809;6.791737;10.737760;98.380182
255;1;1;0.000000;0.000000;1.000000;24236.542225;24236.766791;24236.768395;815874;161116;154248;147150;147150;1840;2354400;100.000;1467.731;565.068;606.566;19.748;95.737;18.036;0.000;0.000;0.868;1.604;54.099;224.566;226.170;226.170;23.085;52.317;18.984;9.259;0;0.000;0.000;0.000;2.345;3.440172;4.644114;6.213657;50.775194;6.261113;8.452288;11.308855;92.410853;3.439507;3.806691;6.217282;50.766137;6.259902;6.928178;11.315453;92.394370;3.319261;4.391825;6.113583;50.789611;6.041054;7.993122;11.126721;92.437092;3.319502;3.778689;6.117806;50.764306;6.041494;6.877213;11.134407;92.391037
256;1;1;0.000000;0.000000;1.000000;24236.574993;24236.775369;24236.776732;811813;184042;159743;146080;146080;1826;2337280;100.000;1714.731;560.960;602.142;22.670;86.797;17.994;0.000;0.000;0.694;1.363;50.939;200.376;201.739;201.739;-1.911;8.578;24.756;10.227;0;0.000;0.000;0.000;2.325;4.874739;7.307452;7.651612;180.741680;8.872025;13.299562;13.925933;328.949858;4.873732;4.398842;7.652372;180.579634;8.870192;8.005892;13.927318;328.654934;4.647762;6.742305;7.438404;147.945562;8.458927;12.270995;13.537895;269.260923;4.647159;4.227490;7.439896;147.988248;8.457829;7.694032;13.540611;269.338612
257;1;1;0.000000;0.000000;1.000000;24236.608818;24236.806899;24236.808265;809323;173091;158579;145366;145366;1818;2325856;100.000;1703.419;558.218;599.220;21.387;91.616;17.961;0.000;0.000;0.692;1.365;50.648;198.082;199.447;199.447;-3.712;31.531;1.803;9.701;0;0.000;0.000;0.000;2.526;4.250490;5.910751;7.042362;76.993239;7.735891;10.757568;12.817098;140.127695;4.249198;4.049194;7.045798;77.063037;7.733540;7.369533;12.823353;140.254727;4.090185;5.557277;6.900052;76.943797;7.444136;10.114243;12.558094;140.037711;4.089985;3.978473;6.904596;77.040301;7.443773;7.240820;12.566365;140.213347
258;1;1;0.000000;0.000000;1.000000;24236.642190;24236.840135;24236.841827;806066;169484;156707;145058;145058;1814;2320928;100.000;1371.829;557.035;597.947;21.026;92.461;17.996;0.000;0.000;0.655;1.692;38.722;197.945;199.637;199.637;-3.483;33.235;0.098;9.101;0;0.000;0.000;0.000;2.308;4.043882;5.785514;6.844936;83.167412;7.359865;10.529635;12.457784;151.364690;4.044196;4.114823;6.850498;82.759365;7.360437;7.488979;12.467907;150.622044;3.860046;5.338594;6.679048;83.229586;7.025284;9.716241;12.155866;151.477846;3.861857;4.029408;6.685729;82.786668;7.028580;7.333523;12.168027;150.671735
259;1;1;0.000000;0.000000;1.000000;24236.675667;24236.873552;24236.874932;803994;167559;156271;144584;144584;1808;2313344;100.000;1676.300;555.215;595.991;20.841;93.263;17.983;0.000;0.000;0.706;1.380;51.182;197.884;199.264;199.264;-3.712;33.417;0.084;8.537;0;0.000;0.000;0.000;3.372;4.004756;5.780425;6.829096;85.593485;7.288656;10.520374;12.428954;155.780142;4.003971;4.072442;6.833134;85.597063;7.287226;7.411844;12.436304;155.786654;3.820968;5.327264;6.665084;85.541842;6.954161;9.695621;12.130452;155.686153;3.821178;3.985933;6.668999;85.578301;6.954544;7.254399;12.137578;155.752509
260;1;1;0.000000;0.000000;1.000000;24236.708912;24236.908292;24236.909964;804675;166329;156046;144650;144650;1809;2314400;100.000;1384.817;555.468;596.267;20.670;93.818;17.976;0.000;0.000;0.685;1.671;40.978;199.381;201.052;201.052;-2.013;34.741;1.407;8.092;0;0.000;0.000;0.000;2.320;3.630700;5.104178;6.393629;65.314056;6.607874;9.289604;11.636405;118.871581;3.631591;3.974501;6.398498;65.062464;6.609496;7.233591;11.645267;118.413684;3.474696;4.731393;6.250669;64.328944;6.323946;8.611136;11.376217;117.078678;3.476857;3.909361;6.256887;64.461539;6.327880;7.115037;11.387534;117.320002
261;1;1;0.000000;0.000000;1.000000;24236.742310;24236.940396;24236.941753;803023;164586;155184;143952;143952;1800;2303232;100.000;1696.239;552.788;593.384;20.496;94.287;17.926;0.000;0.000;0.706;1.358;52.004;198.085;199.443;199.443;-3.557;32.103;1.230;7.663;0;0.000;0.000;0.000;2.268;3.563146;4.930660;6.275692;65.388543;6.484926;8.973800;11.421760;119.007149;3.563369;3.770620;6.280756;65.339173;6.485332;6.862529;11.430977;118.917295;3.424638;4.607804;6.154731;52.813007;6.232841;8.386203;11.201610;96.119673;3.425855;3.720081;6.161653;52.906372;6.235056;6.770547;11.214209;96.289598
262;1;1;0.000000;0.000000;1.000000;24236.774931;24237.000777;24237.002089;804900;165188;156513;144058;144058;1801;2304928;100.000;1756.343;553.195;593.813;20.523;94.748;17.898;0.000;0.000;0.868;1.312;66.105;225.846;227.158;227.158;23.446;60.381;27.048;8.874;0;0.000;0.000;0.000;2.170;3.503899;4.798979;6.262055;52.360575;6.377097;8.734141;11.396940;95.296247;3.504838;3.885090;6.268827;52.338562;6.378805;7.070864;11.409265;95.256183;3.387094;4.549729;6.166204;45.885334;6.164511;8.280508;11.222491;83.511308;3.389072;3.856944;6.174368;46.013558;6.168110;7.019638;11.237349;83.744675
263;1;1;0.000000;0.000000;1.000000;24236.809035;24237.007027;24237.008376;801032;164977;156764;144662;144662;1809;2314592;100.000;1715.296;555.515;596.313;20.596;95.022;18.059;0.000;0.000;0.694;1.349;51.413;197.991;199.341;199.341;-3.601;6.250;27.083;10.012;0;0.000;0.000;0.000;2.320;3.316374;4.561710;6.001524;55.340549;6.035801;8.302311;10.922774;100.719799;3.316827;3.746829;6.007550;55.344066;6.036624;6.819229;10.933740;100.726200;3.198725;4.307686;5.899655;55.312706;5.821679;7.839989;10.737371;100.669125;3.200169;3.711309;5.906649;55.309115;5.824308;6.754582;10.750102;100.662590
264;1;1;0.000000;0.000000;1.000000;24236.842321;24237.039951;24237.041327;793638;164424;156508;145976;145976;1825;2335616;100.000;1697.668;560.560;601.720;20.718;95.186;18.393;0.000;0.000;0.739;1.376;53.713;197.631;199.006;199.006;-3.983;32.925;0.409;9.412;0;0.000;0.000;0.000;2.276;3.345207;4.533848;5.992669;52.449975;6.088277;8.251604;10.906658;95.458954;3.343970;3.598668;5.994788;52.792913;6.086026;6.549576;10.910514;96.083101;3.238904;4.306116;5.902743;51.801448;5.894806;7.837132;10.742993;94.278635;3.238604;3.566882;5.905758;51.705910;5.894260;6.491726;10.748480;94.104756
265;1;1;0.000000;0.000000;1.000000;24236.875675;24237.073630;24237.075359;801156;165852;158451;148478;148478;1856;2375648;100.000;1374.552;570.168;612.027;20.702;95.538;18.533;0.000;0.000;0.685;1.728;39.635;197.955;199.683;199.683;-3.285;33.679;0.345;8.845;0;0.000;0.000;0.000;2.372;3.207195;4.338652;5.868190;48.218726;5.837095;7.896346;10.680107;87.758082;3.206721;3.645757;5.872094;48.356838;5.836232;6.635277;10.687211;88.009444;3.102928;4.119428;5.778867;48.148847;5.647329;7.497359;10.517539;87.630902;3.103285;3.616807;5.783226;48.329669;5.647978;6.582588;10.525471;87.959998
266;1;1;0.000000;0.000000;1.000000;24236.908491;24237.106414;24237.107804;804749;166904;159632;149922;149922;1875;2398752;100.000;1726.009;575.713;618.000;20.740;95.643;18.630;0.000;0.000;0.740;1.390;53.241;197.923;199.313;199.313;-4.173;32.784;0.549;8.327;0;0.000;0.000;0.000;2.411;3.227153;4.335775;5.949145;51.412164;5.873419;7.891111;10.827443;93.570138;3.227326;3.722476;5.953447;51.494495;5.873734;6.774906;10.835273;93.719982;3.121927;4.111788;5.860257;49.005605;5.681906;7.483454;10.665669;89.190201;3.122335;3.695800;5.864128;49.129626;5.682650;6.726357;10.672712;89.415919
267;1;1;0.000000;0.000000;1.000000;24236.942376;24237.140260;24237.142049;805449;166910;159468;150436;150436;1881;2406976;100.000;1345.486;577.687;620.110;20.723;95.541;18.677;0.000;0.000;0.726;1.789;40.598;197.884;199.673;199.673;-3.261;33.845;0.512;7.839;0;0.000;0.000;0.000;2.589;3.118072;4.204785;5.776751;48.733422;5.674891;7.652708;10.513687;88.694827;3.116766;3.638663;5.778809;48.786461;5.672515;6.622367;10.517433;88.791359;3.015846;3.984539;5.689823;48.704788;5.488839;7.251861;10.355478;88.642714;3.014935;3.611363;5.692280;48.766352;5.487183;6.572680;10.359950;88.754760
268;1;1;0.000000;0.000000;1.000000;24236.975428;24237.173727;24237.175140;805329;165857;158819;149636;149636;1871;2394176;100.000;1694.528;574.615;616.812;20.595;95.757;18.581;0.000;0.000;0.746;1.413;52.766;198.299;199.712;199.712;-3.503;33.468;0.134;7.357;0;0.000;0.000;0.000;2.323;3.208620;4.243329;5.977766;48.360685;5.839688;7.722860;10.879534;88.016446;3.208671;3.850198;5.982192;48.385936;5.839781;7.007360;10.887590;88.062404;3.108899;4.036102;5.894609;48.335911;5.658196;7.345706;10.728189;87.971358;3.109406;3.828685;5.899400;48.365143;5.659118;6.968206;10.736908;88.024560
269;1;1;0.000000;0.000000;1.000000;24237.009071;24237.207287;24237.209022;805419;164029;157244;148420;148420;1856;2374720;100.000;1368.387;569.945;611.804;20.366;95.864;18.428;0.000;0.000;0.781;1.735;44.978;198.215;199.951;199.951;-2.955;33.559;0.226;6.911;0;0.000;0.000;0.000;2.255;3.215348;4.278535;6.041615;53.837433;5.851934;7.786934;10.995739;97.984127;3.216102;4.046340;6.046984;54.079350;5.853305;7.364339;11.005511;98.424418;3.110787;4.066680;5.955030;47.292338;5.661633;7.401358;10.838154;86.072055;3.112113;4.029378;5.960572;47.323020;5.664046;7.333468;10.848241;86.127896
270;1;1;0.000000;0.000000;1.000000;24237.042351;24237.240045;24237.241422;804474;161712;155235;146600;146600;1833;2345600;100.000;1704.154;562.956;604.296;20.102;95.995;18.223;0.000;0.000;0.737;1.376;53.536;197.694;199.070;199.070;-3.889;32.759;0.575;6.515;0;0.000;0.000;0.000;2.288;3.203636;4.298551;6.016945;51.814644;5.830617;7.823363;10.950839;94.302653;3.204590;4.040700;6.023104;51.693742;5.832353;7.354074;10.962049;94.082611;3.091127;4.055160;5.919301;51.902049;5.625850;7.380391;10.773128;94.461730;3.092859;4.016607;5.926064;51.740222;5.629003;7.310225;10.785437;94.167205
271;1;1;0.000000;0.000000;1.000000;24237.075673;24237.273679;24237.275377;796101;181623;158138;145088;145088;1814;2321408;100.000;1366.570;557.150;598.062;22.814;87.069;18.225;0.000;0.000;0.721;1.699;42.462;198.005;199.704;199.704;-3.266;33.633;0.300;6.127;0;0.000;0.000;0.000;2.363;4.732991;7.154240;7.397206;168.539672;8.614044;13.020718;13.462916;306.742202;4.732634;4.169128;7.400909;168.434476;8.613393;7.587814;13.469654;306.550746;4.509190;6.596411;7.189472;138.882724;8.206726;12.005467;13.084840;252.766558;4.509046;4.000715;7.193982;138.697609;8.206463;7.281301;13.093047;252.429648
272;1;1;0.000000;0.000000;1.000000;24237.108992;24237.307328;24237.308706;805073;170854;156146;144742;144742;1810;2315872;100.000;1680.318;555.822;596.643;21.222;91.391;17.979;0.000;0.000;0.720;1.378;52.232;198.336;199.714;199.714;-3.270;33.649;0.316;5.764;0;0.000;0.000;0.000;2.272;4.154883;5.824950;6.986287;68.206048;7.561888;10.601410;12.715043;124.135008;4.155470;4.187795;6.992746;68.158577;7.562955;7.621787;12.726799;124.048609;3.993226;5.476682;6.836136;68.148624;7.267671;9.967561;12.441768;124.030496;3.994826;4.116771;6.843334;68.126537;7.270583;7.492523;12.454868;123.990297
273;1;1;0.000000;0.000000;1.000000;24237.142345;24237.340506;24237.341874;797204;168268;154831;144320;144320;1804;2309120;100.000;1688.340;554.201;594.887;21.107;92.015;18.103;0.000;0.000;0.708;1.368;51.763;198.161;199.529;199.529;-3.436;33.178;0.155;5.413;0;0.000;0.000;0.000;2.277;4.032569;5.832511;6.695785;73.654150;7.339276;10.615170;12.186328;134.050553;4.033048;3.764462;6.702903;73.769814;7.340148;6.851321;12.199283;134.261062;3.828674;5.316960;6.506787;70.324739;6.968187;9.676867;11.842352;127.991026;3.830252;3.649227;6.515080;70.336894;6.971059;6.641593;11.857447;128.013148
274;1;1;0.000000;0.000000;1.000000;24237.175738;24237.400638;24237.402470;805139;166383;154290;144042;144042;1801;2304672;100.000;1258.112;553.134;593.752;20.665;92.732;17.890;0.000;0.000;1.218;1.832;66.462;224.900;226.732;226.732;23.827;60.132;26.799;6.750;0;0.000;0.000;0.000;2.037;4.026491;5.776004;6.842337;71.657490;7.328214;10.512328;12.453053;130.416631;4.028650;4.017658;6.852472;71.576400;7.332142;7.312137;12.471499;130.269047;3.825560;5.276322;6.657432;67.704644;6.962519;9.602906;12.116526;123.222452;3.829455;3.919564;6.670130;67.758282;6.969607;7.133606;12.139637;123.320074
275;1;1;0.000000;0.000000;1.000000;24237.209066;24237.408269;24237.409611;808073;164683;153253;144130;144130;1802;2306080;100.000;1717.910;553.472;594.112;20.380;93.059;17.836;0.000;0.000;0.669;1.342;49.868;199.203;200.546;200.546;-2.365;7.631;25.703;7.934;0;0.000;0.000;0.000;2.267;3.791272;5.330844;6.608291;64.151121;6.900114;9.702137;12.027089;116.755040;3.791887;3.983974;6.614116;64.325932;6.901234;7.250832;12.037691;117.073197;3.620761;4.932974;6.452609;55.683362;6.589784;8.978013;11.743749;101.343719;3.622875;3.914848;6.460910;55.906238;6.593632;7.125024;11.758857;101.749353
276;1;1;0.000000;0.000000;1.000000;24237.242391;24237.440895;24237.442288;813584;164652;154350;144164;144164;1803;2306624;100.000;1655.452;553.602;594.265;20.238;93.743;17.720;0.000;0.000;0.678;1.393;48.645;198.504;199.898;199.898;-3.022;32.626;0.707;7.483;0;0.000;0.000;0.000;2.233;3.557658;4.862360;6.405636;53.051238;6.474938;8.849496;11.658258;96.553254;3.558171;4.003898;6.411199;53.160154;6.475871;7.287095;11.668382;96.751481;3.415258;4.542163;6.282209;52.727669;6.215769;8.266736;11.433620;95.964358;3.417497;3.966403;6.290597;52.871320;6.219844;7.218854;11.448887;96.225802
277;1;1;0.000000;0.000000;1.000000;24237.275721;24237.474377;24237.476072;812306;163619;153988;144334;144334;1805;2309344;100.000;1362.390;554.255;594.963;20.143;94.114;17.768;0.000;0.000;0.671;1.695;39.608;198.656;200.351;200.351;-2.571;33.482;0.149;7.024;0;0.000;0.000;0.000;2.340;3.387535;4.638836;6.159946;49.192746;6.165313;8.442681;11.211101;89.530797;3.387552;3.802782;6.163452;49.348459;6.165344;6.921063;11.217483;89.814195;3.251355;4.343390;6.044832;49.162723;5.917465;7.904970;11.001594;89.476156;3.252457;3.774125;6.050025;49.343791;5.919472;6.868908;11.011045;89.805699
278;1;1;0.000000;0.000000;1.000000;24237.309084;24237.507694;24237.509075;817500;163216;154635;144850;144850;1811;2317600;100.000;1678.837;556.236;597.080;19.965;94.743;17.719;0.000;0.000;0.763;1.381;55.234;198.610;199.991;199.991;-2.902;33.317;0.016;6.586;0;0.000;0.000;0.000;2.223;3.451940;4.682751;6.336522;53.192297;6.282531;8.522607;11.532470;96.809980;3.450921;4.023174;6.338480;53.435113;6.280677;7.322178;11.536033;97.251905;3.330396;4.422914;6.234448;50.176183;6.061321;8.049704;11.346695;91.320653;3.329954;4.002999;6.236544;50.105513;6.060517;7.285458;11.350510;91.192034
279;1;1;0.000000;0.000000;1.000000;24237.342487;24237.541509;24237.543242;824803;164194;155642;147006;147006;1838;2352096;100.000;1356.720;564.516;605.968;19.907;94.792;17.823;0.000;0.000;0.710;1.734;40.978;199.022;200.756;200.756;-2.068;33.814;0.481;6.205;0;0.000;0.000;0.000;2.408;3.311706;4.482032;6.139814;60.478758;6.027305;8.157298;11.174462;110.071339;3.312139;3.874196;6.145562;60.406768;6.028093;7.051036;11.184923;109.940318;3.200418;4.247763;6.044932;60.436881;5.824761;7.730929;11.001775;109.995123;3.201797;3.853624;6.052100;60.369243;5.827271;7.013596;11.014822;109.872023
280;1;1;0.000000;0.000000;1.000000;24237.375488;24237.574244;24237.575698;813944;166099;158190;149388;149388;1868;2390208;100.000;1643.820;573.662;615.792;20.407;95.238;18.354;0.000;0.000;0.758;1.454;52.099;198.756;200.210;200.210;-2.945;32.735;0.598;5.854;0;0.000;0.000;0.000;2.291;3.196909;4.364353;5.807298;62.358165;5.818375;7.943123;10.569282;113.491860;3.196706;3.450618;5.810077;62.545801;5.818005;6.280126;10.574340;113.833357;3.084619;4.124250;5.713333;62.286760;5.614006;7.506135;10.398266;113.361903;3.085333;3.426997;5.717293;62.511126;5.615306;6.237134;10.405473;113.770249
281;1;1;0.000000;0.000000;1.000000;24237.408738;24237.612580;24237.627864;815307;165956;158401;150146;150146;1877;2402336;100.000;157.175;576.573;618.906;20.355;95.448;18.416;0.000;0.000;14.298;15.285;93.545;203.842;219.127;219.127;15.888;38.336;5.002;5.801;0;0.000;0.000;0.000;10.386;3.226090;4.391119;5.872765;62.863114;5.871483;7.991836;10.688432;114.410867;3.225728;3.481374;5.875440;62.819634;5.870825;6.336100;10.693301;114.331734;3.110923;4.142446;5.779774;45.700069;5.661880;7.539252;10.519189;83.174125;3.111213;3.460841;5.783283;45.722639;5.662408;6.298730;10.525574;83.215203
282;1;1;0.000000;0.000000;1.000000;24237.442461;24237.642694;24237.649378;816329;165353;158120;149960;149960;1875;2399360;100.000;358.977;575.859;618.146;20.256;95.626;18.370;0.000;0.000;5.979;6.684;89.459;200.232;206.916;206.916;4.068;30.114;3.219;5.640;0;0.000;0.000;0.000;7.886;3.146385;4.260461;5.782134;70.574002;5.726421;7.754039;10.523483;128.444683;3.145966;3.435059;5.784513;70.594072;5.725658;6.251807;10.527814;128.481211;3.030817;4.011289;5.689647;45.977453;5.516087;7.300546;10.355157;83.678964;3.031210;3.416131;5.692937;45.991135;5.516803;6.217358;10.361145;83.703866
283;1;1;0.000000;0.000000;1.000000;24237.475513;24237.686776;24237.689135;813249;163563;156398;148574;148574;1858;2377184;100.000;1007.551;570.537;612.441;20.112;95.619;18.269;0.000;0.000;1.607;2.359;68.114;211.263;213.622;213.622;10.492;44.082;10.749;5.959;0;0.000;0.000;0.000;2.474;3.271540;4.350590;5.965634;43.563757;5.954202;7.918074;10.857453;79.286037;3.271736;3.498895;5.967899;43.544356;5.954560;6.367989;10.861575;79.250728;3.160389;4.115218;5.877332;42.232589;5.751907;7.489696;10.696744;76.863313;3.161314;3.482053;5.881001;42.286870;5.753592;6.337336;10.703422;76.962104
284;1;1;0.000000;0.000000;1.000000;24237.509069;24237.744075;24237.746414;809333;161302;154158;146866;146866;1836;2349856;100.000;1004.609;563.978;605.386;19.930;95.571;18.147;0.000;0.000;1.587;2.339;67.851;235.006;237.345;237.345;34.438;57.299;23.966;7.084;0;0.000;0.000;0.000;2.208;3.264889;4.347756;5.880929;46.398588;5.942099;7.912916;10.703291;84.445430;3.264931;3.348767;5.884483;46.577569;5.942174;6.094756;10.709758;84.771175;3.150325;4.100141;5.787004;46.375806;5.733592;7.462257;10.532348;84.403967;3.150932;3.320893;5.791277;46.567255;5.734695;6.044025;10.540124;84.752405
285;1;1;0.000000;0.000000;1.000000;24237.542034;24237.773197;24237.775543;815482;159575;152626;145550;145550;1820;2328800;100.000;992.911;558.924;599.971;19.568;95.645;17.848;0.000;0.000;1.588;2.345;67.707;231.163;233.509;233.509;30.233;29.122;4.211;6.905;0;0.000;0.000;0.000;2.561;3.298581;4.396767;5.976232;51.973205;6.003418;8.002116;10.876742;94.591232;3.299090;3.522871;5.979808;52.032777;6.004343;6.411626;10.883250;94.699654;3.186538;4.170330;5.883142;51.919585;5.799498;7.590001;10.707319;94.493644;3.187813;3.498586;5.887674;52.008884;5.801819;6.367427;10.715566;94.656169
286;1;1;0.000000;0.000000;1.000000;24237.575768;24237.805488;24237.808782;814633;181574;157734;144160;144160;1802;2306560;100.000;700.213;553.587;594.228;22.289;86.870;17.696;0.000;0.000;2.162;3.294;65.622;229.720;233.014;233.014;30.138;32.290;1.043;6.538;0;0.000;0.000;0.000;2.200;4.968089;7.472765;7.644727;287.342412;9.041922;13.600432;13.913404;522.963191;4.968664;4.121348;7.648173;287.263335;9.042969;7.500853;13.919674;522.819270;4.727995;6.857173;7.422003;130.913234;8.604950;12.480055;13.508045;238.262087;4.730148;3.921112;7.428656;131.081868;8.608869;7.136424;13.520154;238.569001
287;1;1;0.000000;0.000000;1.000000;24237.608549;24237.838167;24237.840015;814941;172001;156117;142853;142853;1786;2285648;100.000;1237.089;548.568;588.848;21.106;90.765;17.529;0.000;0.000;1.259;1.848;68.133;229.618;231.466;231.466;28.038;32.680;0.654;6.171;0;0.000;0.000;0.000;2.442;4.245894;5.936864;6.968019;66.636620;7.727528;10.805093;12.681795;121.278649;4.247442;3.765420;6.974614;66.628706;7.730345;6.853064;12.693797;121.264245;4.078826;5.570385;6.817061;66.529292;7.423463;10.138100;12.407052;121.083312;4.081362;3.687051;6.825165;66.592666;7.428078;6.710434;12.421800;121.198651
288;1;1;0.000000;0.000000;1.000000;24237.641888;24237.869095;24237.871436;818847;168391;154582;142468;142468;1781;2279488;100.000;973.827;547.090;587.256;20.564;91.799;17.399;0.000;0.000;1.633;2.341;69.757;227.207;229.548;229.548;26.126;30.928;2.405;5.935;0;0.000;0.000;0.000;1.905;4.046589;5.846064;6.824750;77.848040;7.364791;10.639837;12.421045;141.683432;4.046447;3.867515;6.827834;77.902108;7.364533;7.038878;12.426659;141.781837;3.843725;5.348696;6.642835;77.816158;6.995579;9.734626;12.089960;141.625408;3.845622;3.780123;6.649358;77.876759;6.999033;6.879823;12.101832;141.735702
289;1;1;0.000000;0.000000;1.000000;24237.676437;24237.902230;24237.903507;824052;165899;153462;142484;142484;1782;2279744;100.000;1784.702;547.151;587.340;20.132;92.503;17.291;0.000;0.000;0.838;1.277;65.611;225.793;227.070;227.070;24.864;33.135;0.199;5.577;0;0.000;0.000;0.000;2.257;4.098761;5.868022;7.044579;76.338874;7.459745;10.679800;12.821134;138.936750;4.097129;4.108084;7.045175;76.414476;7.456776;7.476713;12.822219;139.074347;3.889466;5.357620;6.858861;69.748226;7.078828;9.750869;12.483128;126.941772;3.889744;4.030670;6.863051;69.801144;7.079333;7.335819;12.490752;127.038082
290;1;1;0.000000;0.000000;1.000000;24237.710384;24237.909984;24237.911322;835458;165177;153648;143172;143172;1790;2290752;100.000;1713.219;549.793;590.163;19.771;93.020;17.137;0.000;0.000;0.676;1.337;50.566;199.600;200.937;200.937;-0.655;7.755;25.579;6.827;0;0.000;0.000;0.000;2.505;3.830328;5.379304;6.908206;71.454938;6.971197;9.790334;12.572935;130.047988;3.829823;4.372320;6.911274;71.557543;6.970278;7.957622;12.578518;130.234729;3.646893;4.944693;6.750239;71.512088;6.637346;8.999342;12.285435;130.152000;3.648221;4.327592;6.756704;71.609172;6.639763;7.876217;12.297201;130.328693
291;1;1;0.000000;0.000000;1.000000;24237.743714;24237.942168;24237.943549;819605;163945;154253;143314;143314;1792;2293024;100.000;1660.415;550.338;590.753;20.003;94.088;17.486;0.000;0.000;0.719;1.381;52.041;198.454;199.835;199.835;-1.761;32.184;1.150;6.472;0;0.000;0.000;0.000;2.344;3.602966;4.926119;6.457473;58.497672;6.557398;8.965536;11.752601;106.465762;3.604112;3.959196;6.462680;58.529169;6.559484;7.205736;11.762077;106.523088;3.453984;4.592249;6.336980;56.912690;6.286250;8.357894;11.533303;103.581096;3.456615;3.936767;6.345407;57.093939;6.291039;7.164916;11.548640;103.910968
292;1;1;0.000000;0.000000;1.000000;24237.777376;24237.974129;24237.975820;827799;162988;153764;143732;143732;1797;2299712;100.000;1360.129;551.943;592.471;19.689;94.341;17.363;0.000;0.000;0.695;1.691;41.129;196.752;198.443;198.443;-2.824;31.961;1.373;6.153;0;0.000;0.000;0.000;2.307;3.536803;4.791245;6.445766;61.810713;6.436982;8.720066;11.731295;112.495497;3.538160;4.001994;6.450506;61.832280;6.439452;7.283630;11.739920;112.534749;3.397844;4.492207;6.332117;61.443822;6.184076;8.175816;11.524452;111.827756;3.400501;3.983918;6.338943;61.364553;6.188912;7.250730;11.536876;111.683486
293;1;1;0.000000;0.000000;1.000000;24237.810337;24238.006835;24238.008214;830771;162424;154020;144010;144010;1801;2304160;100.000;1671.017;553.011;593.629;19.551;94.826;17.335;0.000;0.000;0.724;1.379;52.530;196.498;197.877;197.877;-3.762;32.707;0.627;5.808;0;0.000;0.000;0.000;2.301;3.462228;4.675997;6.414040;74.992229;6.301256;8.510314;11.673553;136.485857;3.462996;4.097236;6.419450;75.002722;6.302653;7.456970;11.683399;136.504954;3.337381;4.417581;6.314886;66.832018;6.074033;8.039998;11.493093;121.634272;3.338831;4.088967;6.321210;66.693305;6.076673;7.441921;11.504601;121.381816
294;1;1;0.000000;0.000000;1.000000;24237.842580;24238.040051;24238.041741;835004;163241;155696;145768;145768;1823;2332288;100.000;1379.921;559.762;600.876;19.550;95.378;17.457;0.000;0.000;0.697;1.690;41.267;197.471;199.161;199.161;-3.569;33.216;0.118;5.452;0;0.000;0.000;0.000;2.358;3.293293;4.457877;6.145900;66.009542;5.993793;8.113337;11.185539;120.137367;3.293825;3.865661;6.151316;65.894344;5.994762;7.035503;11.195395;119.927707;3.173755;4.204543;6.043806;65.986118;5.776234;7.652268;10.999727;120.094735;3.174924;3.840545;6.049866;65.912338;5.778361;6.989793;11.010756;119.960455
295;1;1;0.000000;0.000000;1.000000;24237.875736;24238.132215;24238.135528;814967;164677;157383;148094;148094;1852;2369504;100.000;715.286;568.693;610.462;20.207;95.571;18.172;0.000;0.000;2.671;3.313;80.618;256.479;259.792;259.792;56.884;92.164;58.831;8.788;0;0.000;0.000;0.000;6.183;3.238951;4.336024;5.817411;69.254209;5.894890;7.891564;10.587689;126.042660;3.239596;3.302956;5.822123;69.150911;5.896064;6.011380;10.596263;125.854658;3.134328;4.111670;5.733173;69.261319;5.704476;7.483240;10.434374;126.055600;3.135533;3.279819;5.738626;69.146521;5.706670;5.969270;10.444299;125.846668
296;1;1;0.000000;0.000000;1.000000;24237.908629;24238.152966;24238.154355;818656;165436;158213;149404;149404;1868;2390464;100.000;1720.591;573.724;615.853;20.208;95.634;18.250;0.000;0.000;0.720;1.389;51.810;244.337;245.726;245.726;42.379;20.751;12.582;9.026;0;0.000;0.000;0.000;2.489;3.198819;4.273366;5.819456;50.348898;5.821851;7.777527;10.591409;91.634993;3.198964;3.397705;5.821578;50.601194;5.822115;6.183823;10.595272;92.094172;3.094804;4.050479;5.738238;44.549750;5.632543;7.371871;10.443592;81.080545;3.095121;3.379232;5.740513;44.530842;5.633119;6.150202;10.447733;81.046133
297;1;1;0.000000;0.000000;1.000000;24237.941846;24238.172410;24238.173543;819807;165095;157944;149370;149370;1868;2389920;100.000;2109.282;573.593;615.723;20.138;95.669;18.220;0.000;0.000;0.670;1.133;59.142;230.564;231.697;231.697;28.233;19.444;13.889;9.330;0;0.000;0.000;0.000;2.535;3.179615;4.237502;5.849000;54.741069;5.786899;7.712253;10.645180;99.628746;3.179288;3.583306;5.850413;54.942105;5.786304;6.521617;10.647752;99.994632;3.078350;4.025980;5.770329;50.249050;5.602597;7.327284;10.501998;91.453270;3.078061;3.570968;5.771767;50.336089;5.602071;6.499161;10.504616;91.611683
298;1;1;0.000000;0.000000;1.000000;24237.975638;24238.190682;24238.202309;814766;163322;156439;148012;148012;1851;2368192;100.000;203.681;568.379;610.125;20.045;95.786;18.166;0.000;0.000;1.556;11.627;13.382;215.043;226.671;226.671;23.666;18.272;15.061;9.688;0;0.000;0.000;0.000;1.889;3.254162;4.312092;5.907672;56.244456;5.922575;7.848007;10.751964;102.364910;3.254097;3.468529;5.909461;56.385069;5.922456;6.312722;10.755220;102.620825;3.152064;4.111390;5.832942;56.168340;5.736756;7.482729;10.615954;102.226378;3.152359;3.465935;5.835065;56.345032;5.737293;6.308003;10.619818;102.547959
299;1;1;0.000000;0.000000;1.000000;24238.009057;24238.212020;24238.213147;809259;160733;153953;146174;146174;1828;2338784;100.000;2075.513;561.321;602.548;19.862;95.782;18.063;0.000;0.000;0.699;1.127;62.058;202.963;204.090;204.090;1.170;21.338;11.995;9.832;0;0.000;0.000;0.000;2.222;3.316221;4.394616;6.005261;51.938813;6.035522;7.998200;10.929574;94.528640;3.317454;3.574321;6.010314;52.177103;6.037766;6.505264;10.938771;94.962328;3.209960;4.183059;5.921783;51.841972;5.842127;7.613168;10.777645;94.352389;3.212011;3.560813;5.928078;52.135793;5.845861;6.480679;10.789101;94.887144
300;1;1;0.000000;0.000000;1.000000;24238.042367;24238.238705;24238.239790;812212;158464;151575;144110;144110;1802;2305760;100.000;2126.171;553.395;594.036;19.510;95.653;17.743;0.000;0.000;0.658;1.084;60.720;196.338;197.423;197.423;-5.521;26.685;6.648;9.633;0;0.000;0.000;0.000;2.248;3.403028;4.556485;6.216461;63.805781;6.193510;8.292802;11.313958;116.126522;3.405658;3.860977;6.225312;63.773143;6.198297;7.026978;11.330067;116.067120;3.289163;4.324377;6.120339;63.757152;5.986276;7.870367;11.139017;116.038016;3.292919;3.836784;6.130688;63.739159;5.993113;6.982947;11.157852;116.005269
