frame_id;rx_complete;tx_complete;current_skip;event;yaw;pitch;zoom;camera_send_timestamp;recv_start_timestamp;codec_exit_time;node_exit_timestamp;original_points;rx_points;processed_points;rx_packets;tx_packets;payload_bytes;reference_size_bytes;data_integrity_pct;internal_throughput_mbs;reference_throughput_mbs;logical_bitrate_mbps;network_bitrate_mbps;reference_bitrate_mbps;conversion_ms;geometry_aggregation_ms;max_r_ms;projection_ms;codec_write_ms;active_tx_ms;active_process_ms;reference_process_ms;total_processing_ms;total_residency_ms;reference_residency_ms;node_efficiency_pct;reference_efficiency_pct;gpu_transfer_ms;gpu_kernel_ms;gpu_packing_ms;gpu_copyback_ms;host_overhead_ms;camera_node_ms;e2e_latency_ms;schedule_delay_ms;inter_arrival_ms;instant_jitter_ms;desynced_jitter_ms;reference_jitter_ms;raw_queue_ms;render_queue_ms;workload_ewma_ms;workload_ratio;frame_backlog;codec_backlog;encode_service_ms;encode_h265_ms;mse_y;psnr_y;ssim_y;mpeg_bytes_generated;ffmpeg_write_calls;ffmpeg_write_eagain;tx_zero_accepts;tx_partial_accepts;tx_resubmit_calls;tx_resubmitted_packets;mbuf_starvation
1;1;1;1;WARMUP;0.000;0.000;1.000;18829.936837;18829.939246;18829.972699;18830.030373;784142;784142;784142;9802;108;12546272;12546312;100.000;920.281;920.281;34.087;37.435;3011.115;10.563;0.000;0.000;11.202;8.528;0.004;30.292;30.292;77.494;91.127;33.453;33.242;90.552;1.604;0.925;0.496;1.397;6.780;2.410;93.537;91.127;0.000;0.000;0.000;0.000;0.013;0.076;11.217;0.337;0;1;33.913;33.914;nan;nan;nan;141940;1;0;0;0;0;0;0
2;1;1;1;WARMUP;0.000;0.000;1.000;18829.970405;18829.973327;18830.005643;18830.062783;783406;783406;783406;9793;22;12534496;12534536;100.000;853.066;853.066;6.924;7.590;3008.289;2.878;0.000;0.000;4.303;13.008;0.001;20.189;20.189;74.762;89.456;32.316;22.569;62.475;1.462;0.903;0.516;1.394;0.028;2.922;92.378;90.204;34.081;0.748;0.047;0.748;0.012;0.298;9.491;0.285;0;2;37.735;37.736;nan;nan;nan;28764;1;0;0;0;0;0;0
3;1;1;1;WARMUP;0.000;0.000;1.000;18830.003716;18830.006886;18830.036633;18830.097286;780200;780200;780200;9753;18;12483200;12483240;100.000;735.278;735.278;5.526;6.066;2995.978;3.460;0.000;0.000;4.896;7.330;0.001;15.686;15.686;73.422;90.399;29.746;17.352;52.733;2.017;0.913;0.512;1.422;0.032;3.171;93.570;91.373;33.559;0.226;0.058;0.226;0.003;0.539;8.346;0.250;0;2;33.479;33.479;nan;nan;nan;22936;1;0;0;0;0;0;0
4;1;1;1;WARMUP;0.000;0.000;1.000;18830.037664;18830.043201;18830.071422;18830.128585;778467;778467;778467;9731;18;12455472;12455512;100.000;817.107;817.107;5.436;5.976;2989.323;3.950;0.000;0.000;4.321;8.022;0.002;16.292;16.292;70.141;85.384;28.221;19.081;57.731;1.469;0.904;0.523;1.397;0.027;5.537;90.921;89.339;36.315;2.982;0.241;2.982;0.002;0.632;7.342;0.220;0;2;33.882;33.883;nan;nan;nan;22560;1;0;0;0;0;0;0
5;1;1;1;WARMUP;0.000;0.000;1.000;18830.072791;18830.077794;18830.104691;18830.128621;776427;776427;776427;9706;17;12422832;12422872;100.000;886.150;886.150;5.390;5.900;2981.489;3.249;0.000;0.000;5.452;7.211;0.001;15.911;15.911;36.808;50.827;26.896;31.305;59.158;2.432;0.911;0.505;1.480;0.123;5.003;55.830;56.042;34.593;1.260;0.304;1.260;0.002;0.212;5.463;0.164;0;2;31.103;31.104;nan;nan;nan;22372;1;0;0;0;0;0;0
6;1;1;1;IDLE;0.000;0.000;1.000;18830.104674;18830.109021;18830.135893;18830.191766;774893;774893;774893;9687;19;12398288;12398328;100.000;844.110;844.110;5.887;6.458;2975.599;2.783;0.000;0.000;4.852;6.334;0.002;13.969;13.969;68.057;82.746;26.872;16.882;51.984;1.998;0.890;0.507;1.428;0.028;4.347;87.093;85.854;31.226;2.107;0.417;2.107;0.002;0.995;5.314;0.159;0;2;28.109;28.111;nan;nan;nan;24440;1;0;0;0;0;0;0
7;1;1;1;IDLE;0.000;0.000;1.000;18830.138241;18830.144342;18830.170459;18830.232806;775949;775949;775949;9700;19;12415184;12415224;100.000;887.530;887.530;5.977;6.549;2979.654;3.011;0.000;0.000;4.529;6.817;0.001;14.357;14.357;74.475;88.464;26.117;16.230;54.974;1.687;0.899;0.505;1.411;0.028;6.101;94.565;93.560;35.321;1.988;0.515;1.988;0.002;0.779;5.121;0.154;0;1;28.120;28.122;nan;nan;nan;24816;1;0;0;0;0;0;0
8;1;1;1;IDLE;0.000;0.000;1.000;18830.171327;18830.176771;18830.208853;18830.266621;775463;775463;775463;9694;20;12407408;12407448;100.000;756.081;756.081;6.293;6.896;2977.788;3.793;0.000;0.000;6.882;8.126;0.001;18.800;18.800;73.439;89.850;32.082;20.924;58.601;3.402;1.325;0.513;1.607;0.034;5.444;95.294;94.042;32.429;0.904;0.539;0.904;0.002;0.661;5.564;0.167;0;1;32.075;32.076;nan;nan;nan;26132;1;0;0;0;0;0;0
9;1;1;1;IDLE;0.000;0.000;1.000;18830.205782;18830.211164;18830.242821;18830.298985;775698;775698;775698;9697;20;12411168;12411208;100.000;711.891;711.891;6.338;6.941;2978.690;3.858;0.000;0.000;4.190;9.024;0.003;17.072;17.072;70.387;87.821;31.658;19.439;53.926;1.438;0.841;0.489;1.392;0.028;5.382;93.203;93.072;34.392;1.059;0.572;1.059;0.002;1.007;5.223;0.157;0;2;32.821;32.822;nan;nan;nan;26320;1;0;0;0;0;0;0
10;1;1;1;IDLE;0.000;0.000;1.000;18830.237502;18830.241078;18830.273799;18830.332685;778020;778020;778020;9726;20;12448320;12448360;100.000;641.810;641.810;6.112;6.715;2987.606;4.077;0.000;0.000;6.124;6.921;0.001;17.122;17.122;72.211;91.607;32.721;18.691;52.328;3.141;0.877;0.467;1.605;0.033;3.576;95.183;93.439;29.915;3.419;0.750;3.419;0.003;0.276;5.451;0.164;0;2;32.102;32.105;nan;nan;nan;25380;1;0;0;0;0;0;0
11;1;1;1;IDLE;0.000;0.000;1.000;18830.271345;18830.275143;18830.306781;18830.367697;778554;778554;778554;9732;19;12456864;12456904;100.000;648.913;648.913;5.751;6.323;2989.657;3.983;0.000;0.000;4.610;6.825;0.001;15.418;15.418;73.357;92.554;31.638;16.659;48.733;1.823;0.837;0.485;1.432;0.032;3.798;96.352;95.118;34.065;0.732;0.749;0.732;0.011;0.995;5.245;0.157;0;2;32.726;32.727;nan;nan;nan;23876;1;0;0;0;0;0;0
12;1;1;1;IDLE;0.000;0.000;1.000;18830.304650;18830.308335;18830.339647;18830.400125;779986;779986;779986;9750;20;12479776;12479816;100.000;647.653;647.653;6.112;6.715;2995.156;4.056;0.000;0.000;5.059;6.616;0.002;15.731;15.731;72.520;91.790;31.312;17.138;50.240;2.243;0.826;0.495;1.466;0.030;3.686;95.475;94.212;33.192;0.141;0.711;0.141;0.002;0.364;5.201;0.156;0;2;34.661;34.663;nan;nan;nan;25380;1;0;0;0;0;0;0
13;1;1;1;IDLE;0.000;0.000;1.000;18830.337408;18830.341107;18830.375001;18830.400161;780926;780926;780926;9762;20;12494816;12494856;100.000;635.918;635.918;6.338;6.941;2998.765;4.215;0.000;0.000;6.899;6.880;0.000;17.994;17.994;39.406;59.054;33.894;30.470;53.088;3.428;1.261;0.473;1.699;0.039;3.699;62.753;60.915;32.772;0.562;0.701;0.562;0.002;0.463;5.633;0.169;0;2;32.001;32.002;nan;nan;nan;26320;1;0;0;0;0;0;0
14;1;1;1;IDLE;0.000;0.000;1.000;18830.371192;18830.374308;18830.406876;18830.466081;782770;782770;782770;9785;21;12524320;12524360;100.000;603.415;603.415;6.428;7.062;3005.846;3.966;0.000;0.000;5.041;6.692;0.004;15.699;15.699;71.017;91.773;32.568;17.107;48.205;2.117;0.849;0.522;1.522;0.032;3.116;94.890;93.502;33.201;0.132;0.666;0.132;0.003;0.075;5.488;0.165;0;2;34.828;34.829;nan;nan;nan;26696;1;0;0;0;0;0;0
15;1;1;1;IDLE;0.000;0.000;1.000;18830.404294;18830.407833;18830.443285;18830.500588;784474;784474;784474;9806;21;12551584;12551624;100.000;621.779;621.779;6.518;7.152;3012.390;4.233;0.000;0.000;6.957;8.016;0.001;19.206;19.206;72.568;92.755;35.452;20.706;54.175;3.635;1.126;0.450;1.707;0.039;3.539;96.294;94.676;33.525;0.192;0.636;0.192;0.002;0.288;5.861;0.176;0;2;30.810;30.810;nan;nan;nan;27072;1;0;0;0;0;0;0
16;1;1;1;IDLE;0.000;0.000;1.000;18830.437552;18830.440546;18830.474356;18830.532441;785193;785193;785193;9815;101;12563088;12563128;100.000;619.718;619.718;31.650;34.780;3015.151;3.704;0.000;0.000;5.242;8.017;0.006;16.963;16.963;71.621;91.894;33.809;18.459;50.173;2.327;0.787;0.485;1.611;0.031;2.994;94.888;93.194;32.713;0.620;0.635;0.620;0.002;0.275;5.709;0.171;0;2;34.247;34.248;nan;nan;nan;131788;1;0;0;0;0;0;0
17;1;1;1;IDLE;0.000;0.000;1.000;18830.471007;18830.475507;18830.508925;18830.559598;782720;782720;782720;9784;22;12523520;12523560;100.000;655.545;655.545;6.879;7.545;3005.654;4.117;0.000;0.000;5.955;7.479;0.002;17.550;17.550;64.986;84.091;33.418;20.871;52.519;3.274;0.786;0.454;1.406;0.036;4.501;88.591;87.019;34.961;1.628;0.697;1.628;0.003;0.876;5.774;0.173;0;2;30.991;30.992;nan;nan;nan;28576;1;0;0;0;0;0;0
18;1;1;1;IDLE;0.000;0.000;1.000;18830.504574;18830.507874;18830.539164;18830.599815;781613;781613;781613;9771;18;12505808;12505848;100.000;641.036;641.036;5.571;6.111;3001.404;3.856;0.000;0.000;5.020;6.653;0.002;15.529;15.529;72.432;91.941;31.290;16.890;49.629;2.237;0.783;0.462;1.506;0.031;3.300;95.240;93.902;32.367;0.967;0.714;0.967;0.003;0.104;5.592;0.168;0;2;27.081;27.083;nan;nan;nan;23124;1;0;0;0;0;0;0
19;1;1;1;IDLE;0.000;0.000;1.000;18830.537887;18830.543293;18830.576594;18830.599847;780006;780006;780006;9751;17;12480096;12480136;100.000;684.741;684.741;5.390;5.900;2995.233;4.195;0.000;0.000;5.988;9.021;0.000;19.204;19.204;38.327;56.553;33.300;33.958;57.670;3.294;0.783;0.477;1.395;0.038;5.406;61.959;60.600;35.419;2.086;0.800;2.086;0.002;0.062;5.697;0.171;0;1;32.239;32.240;nan;nan;nan;22372;1;0;0;0;0;0;0
20;1;1;1;IDLE;0.000;0.000;1.000;18830.571682;18830.576867;18830.608021;18830.667876;780302;780302;780302;9754;18;12484832;12484872;100.000;664.342;664.342;5.481;6.021;2996.369;8.715;0.000;0.000;4.127;7.373;0.002;20.215;20.215;72.216;91.009;31.154;22.212;64.889;1.504;0.760;0.439;1.396;0.028;5.185;96.194;95.297;33.574;0.240;0.765;0.240;0.010;0.850;5.307;0.159;0;2;31.915;31.916;nan;nan;nan;22748;1;0;0;0;0;0;0
21;1;1;1;IDLE;0.000;0.000;1.000;18830.603706;18830.607142;18830.641744;18830.699950;779066;779066;779066;9739;19;12465056;12465096;100.000;636.251;636.251;5.977;6.549;2991.623;4.341;0.000;0.000;5.813;9.022;0.002;19.176;19.176;73.217;92.809;34.603;20.662;55.419;3.189;0.756;0.443;1.394;0.032;3.436;96.244;94.038;30.275;3.059;0.908;3.059;0.002;0.172;5.436;0.163;0;2;35.151;35.152;nan;nan;nan;24816;1;0;0;0;0;0;0
22;1;1;1;IDLE;0.000;0.000;1.000;18830.637058;18830.641153;18830.677402;18830.699994;778280;778280;778280;9729;19;12452480;12452520;100.000;635.619;635.619;6.022;6.594;2988.605;4.099;0.000;0.000;7.101;8.593;0.001;19.793;19.793;39.249;58.840;36.248;33.639;54.604;3.543;1.667;0.442;1.413;0.036;4.095;62.935;60.748;34.012;0.678;0.894;0.678;0.002;0.960;5.857;0.176;0;2;31.137;31.138;nan;nan;nan;25004;1;0;0;0;0;0;0
23;1;1;1;IDLE;0.000;0.000;1.000;18830.670645;18830.673623;18830.706895;18830.767847;778907;778907;778907;9737;20;12462512;12462552;100.000;623.488;623.488;6.293;6.896;2991.012;4.067;0.000;0.000;4.940;8.020;0.002;17.027;17.027;74.235;94.224;33.271;18.071;51.176;2.021;0.753;0.460;1.676;0.030;2.979;97.203;95.268;32.470;0.863;0.892;0.863;0.002;0.319;5.631;0.169;0;2;34.370;34.370;nan;nan;nan;26132;1;0;0;0;0;0;0
24;1;1;1;IDLE;0.000;0.000;1.000;18830.703918;18830.707896;18830.741016;18830.798661;779289;779289;779289;9742;19;12468624;12468664;100.000;639.800;639.800;5.842;6.413;2992.479;4.086;0.000;0.000;5.842;7.050;0.002;16.978;16.978;71.277;90.766;33.121;18.705;51.261;2.622;1.081;0.463;1.639;0.036;3.978;94.743;92.749;34.272;0.939;0.895;0.939;0.003;0.736;5.686;0.171;0;2;33.877;33.878;nan;nan;nan;24252;1;0;0;0;0;0;0
25;1;1;1;IDLE;0.000;0.000;1.000;18830.737909;18830.741919;18830.776055;18830.826235;779739;779739;779739;9747;20;12475824;12475864;100.000;616.606;616.606;6.067;6.670;2994.207;4.102;0.000;0.000;5.661;8.017;0.001;17.780;17.780;64.083;84.316;34.136;21.088;52.086;3.034;0.749;0.449;1.396;0.034;4.010;88.326;86.989;34.023;0.690;0.882;0.690;0.003;0.221;5.685;0.171;0;2;30.621;30.621;nan;nan;nan;25192;1;0;0;0;0;0;0
26;1;1;1;IDLE;0.000;0.000;1.000;18830.770706;18830.773679;18830.806067;18830.866671;779364;779364;779364;9743;21;12469824;12469864;100.000;626.986;626.986;6.383;7.017;2992.767;4.143;0.000;0.000;5.072;6.956;0.001;16.171;16.171;73.104;92.992;32.388;17.389;49.927;2.367;0.758;0.451;1.466;0.030;2.973;95.966;94.092;31.760;1.573;0.925;1.573;0.003;0.468;5.535;0.166;0;2;27.119;27.122;nan;nan;nan;26508;1;0;0;0;0;0;0
27;1;1;1;IDLE;0.000;0.000;1.000;18830.804556;18830.810917;18830.845215;18830.899245;780025;780025;780025;9751;20;12480400;12480440;100.000;690.729;690.729;6.338;6.941;2995.306;4.486;0.000;0.000;5.700;10.018;0.001;20.203;20.203;70.260;88.328;34.298;22.873;58.905;3.012;0.765;0.467;1.424;0.032;6.361;94.689;93.332;37.238;3.905;1.111;3.905;0.002;0.509;5.581;0.167;0;1;31.472;31.473;nan;nan;nan;26320;1;0;0;0;0;0;0
28;1;1;1;IDLE;0.000;0.000;1.000;18830.838526;18830.843400;18830.875291;18830.927463;780373;780373;780373;9755;21;12485968;12486008;100.000;655.424;655.424;6.428;7.062;2996.642;4.055;0.000;0.000;4.202;8.024;0.001;16.281;16.281;65.013;84.063;31.891;19.368;51.052;1.563;0.765;0.452;1.397;0.026;4.874;88.937;88.217;32.483;0.851;1.095;0.851;0.002;0.611;5.239;0.157;0;2;31.975;31.977;nan;nan;nan;26696;1;0;0;0;0;0;0
29;1;1;1;IDLE;0.000;0.000;1.000;18830.870679;18830.874225;18830.906143;18830.967052;781651;781651;781651;9771;22;12506416;12506456;100.000;627.483;627.483;6.789;7.454;3001.549;4.139;0.000;0.000;5.060;6.803;0.001;16.002;16.002;72.896;92.827;31.918;17.238;50.133;2.115;0.746;0.444;1.722;0.032;3.546;96.373;94.472;30.825;2.508;1.183;2.508;0.010;0.114;5.197;0.156;0;2;28.119;28.121;nan;nan;nan;28200;1;0;0;0;0;0;0
30;1;1;1;IDLE;0.000;0.000;1.000;18830.904001;18830.908501;18830.942952;18830.998824;781375;781375;781375;9768;21;12502000;12502040;100.000;645.330;645.330;6.428;7.062;3000.490;4.279;0.000;0.000;5.756;8.523;0.001;18.558;18.558;70.950;90.323;34.451;20.546;53.867;3.100;0.764;0.466;1.396;0.030;4.500;94.823;92.911;34.276;0.943;1.168;0.943;0.002;0.797;5.340;0.160;0;1;32.620;32.621;nan;nan;nan;26696;1;0;0;0;0;0;0
31;1;1;1;IDLE;0.000;0.000;1.000;18830.939119;18830.944317;18830.975521;18831.027717;784392;784392;784392;9805;100;12550272;12550312;100.000;683.979;683.979;31.425;34.524;3012.075;3.927;0.000;0.000;4.366;8.022;0.005;16.316;16.316;65.051;83.400;31.204;19.563;52.287;1.721;0.752;0.441;1.426;0.026;5.198;88.598;88.471;35.816;2.483;1.251;2.483;0.002;0.464;5.099;0.153;0;2;31.321;31.323;nan;nan;nan;130848;1;0;0;0;0;0;0
32;1;1;1;IDLE;0.000;0.000;1.000;18830.970453;18830.973485;18831.006587;18831.067997;782671;782671;782671;9784;23;12522736;12522776;100.000;615.768;615.768;7.015;7.711;3005.466;4.204;0.000;0.000;4.981;7.009;0.001;16.194;16.194;74.176;94.513;33.102;17.135;48.922;2.072;0.755;0.464;1.658;0.031;3.031;97.544;95.418;29.167;4.166;1.433;4.166;0.002;0.772;5.073;0.152;0;2;28.132;28.136;nan;nan;nan;29140;1;0;0;0;0;0;0
33;1;1;1;IDLE;0.000;0.000;1.000;18831.004268;18831.009482;18831.043567;18831.098897;776999;776999;776999;9713;18;12431984;12432024;100.000;671.975;671.975;5.661;6.202;2983.686;3.984;0.000;0.000;5.977;8.905;0.002;18.866;18.866;70.914;89.415;34.085;21.099;55.349;3.327;0.762;0.461;1.397;0.029;5.214;94.629;92.985;35.997;2.664;1.510;2.664;0.002;0.700;5.302;0.159;0;1;33.332;33.333;nan;nan;nan;23500;1;0;0;0;0;0;0
34;1;1;1;IDLE;0.000;0.000;1.000;18831.040441;18831.045775;18831.076753;18831.126929;778650;778650;778650;9734;18;12458400;12458440;100.000;697.986;697.986;5.526;6.066;2990.026;3.910;0.000;0.000;4.346;8.016;0.002;16.273;16.273;63.305;81.154;30.978;20.052;52.529;1.742;0.743;0.440;1.393;0.028;5.334;86.488;87.683;36.293;2.960;1.600;2.960;0.002;0.764;5.067;0.152;0;2;30.156;30.158;nan;nan;nan;22936;1;0;0;0;0;0;0
35;1;1;1;IDLE;0.000;0.000;1.000;18831.070487;18831.073476;18831.105837;18831.161001;778007;778007;778007;9726;18;12448112;12448152;100.000;618.231;618.231;5.571;6.111;2987.556;3.862;0.000;0.000;4.905;7.015;0.002;15.782;15.782;67.389;87.525;32.361;18.031;48.768;1.992;0.755;0.471;1.656;0.031;2.989;90.513;88.421;27.701;5.632;1.852;5.632;0.003;0.302;5.029;0.151;0;2;28.103;28.104;nan;nan;nan;23124;1;0;0;0;0;0;0
36;1;1;1;IDLE;0.000;0.000;1.000;18831.103840;18831.108872;18831.140393;18831.200080;776483;776483;776483;9707;19;12423728;12423768;100.000;658.698;658.698;6.022;6.594;2981.704;4.300;0.000;0.000;4.872;7.509;0.001;16.681;16.681;72.347;91.208;31.520;18.289;52.923;2.023;0.744;0.469;1.606;0.031;5.033;96.240;94.167;35.396;2.063;1.866;2.063;0.002;0.275;4.993;0.150;0;1;28.111;28.113;nan;nan;nan;25004;1;0;0;0;0;0;0
37;1;1;1;IDLE;0.000;0.000;1.000;18831.137724;18831.143431;18831.175347;18831.231811;781287;781287;781287;9767;20;12500592;12500632;100.000;679.997;679.997;6.293;6.896;3000.152;4.442;0.000;0.000;4.872;8.385;0.002;17.700;17.700;69.996;88.379;31.916;20.027;55.457;2.236;0.762;0.455;1.396;0.024;5.707;94.087;92.565;34.559;1.225;1.826;1.225;0.009;0.265;4.966;0.149;0;1;33.116;33.118;nan;nan;nan;26132;1;0;0;0;0;0;0
38;1;1;1;IDLE;0.000;0.000;1.000;18831.172635;18831.178183;18831.208412;18831.259239;780329;780329;780329;9755;22;12485264;12485304;100.000;706.500;706.500;6.699;7.364;2996.473;3.814;0.000;0.000;4.201;7.370;0.001;15.385;15.385;63.384;81.056;30.230;18.980;50.893;1.603;0.744;0.436;1.393;0.026;5.547;86.603;86.659;34.751;1.418;1.800;1.418;0.002;0.984;4.778;0.143;0;2;30.763;30.765;nan;nan;nan;27824;1;0;0;0;0;0;0
39;1;1;1;IDLE;0.000;0.000;1.000;18831.203737;18831.207603;18831.240132;18831.300123;780785;780785;780785;9760;22;12492560;12492600;100.000;644.766;644.766;6.924;7.590;2998.224;3.808;0.000;0.000;4.806;8.016;0.001;16.630;16.630;73.145;92.520;32.529;17.974;51.122;2.165;0.760;0.451;1.402;0.030;3.866;96.386;94.210;29.420;3.913;1.932;3.913;0.003;0.328;4.788;0.144;0;2;27.118;27.121;nan;nan;nan;28764;1;0;0;0;0;0;0
40;1;1;1;IDLE;0.000;0.000;1.000;18831.237799;18831.243880;18831.275790;18831.333775;785430;785430;785430;9818;23;12566880;12566920;100.000;716.003;716.003;7.195;7.892;3016.061;4.459;0.000;0.000;5.207;8.594;0.001;18.261;18.261;72.343;89.894;31.909;20.313;57.226;2.553;0.763;0.461;1.403;0.027;6.081;95.976;94.529;36.278;2.944;1.995;2.944;0.002;0.553;4.900;0.147;0;1;32.925;32.926;nan;nan;nan;29892;1;0;0;0;0;0;0
41;1;1;1;IDLE;0.000;0.000;1.000;18831.272680;18831.278157;18831.308290;18831.367482;789479;789479;789479;9869;24;12631664;12631704;100.000;714.967;714.967;7.511;8.239;3031.609;3.794;0.000;0.000;4.264;8.005;0.002;16.063;16.063;71.658;89.325;30.134;17.982;53.304;1.664;0.743;0.437;1.393;0.027;5.477;94.802;94.903;34.276;0.943;1.930;0.943;0.002;0.194;4.747;0.142;0;2;33.487;33.488;nan;nan;nan;31208;1;0;0;0;0;0;0
42;1;1;1;IDLE;0.000;0.000;1.000;18831.303829;18831.307357;18831.341870;18831.399802;789348;789348;789348;9867;24;12629568;12629608;100.000;640.168;640.168;7.601;8.329;3031.106;4.269;0.000;0.000;6.646;7.512;0.003;18.427;18.427;72.717;92.446;34.513;19.932;53.390;3.822;0.751;0.440;1.597;0.036;3.527;95.973;93.890;29.200;4.133;2.067;4.133;0.003;0.623;5.228;0.157;0;2;33.120;33.121;nan;nan;nan;31584;1;0;0;0;0;0;0
43;1;1;1;IDLE;0.000;0.000;1.000;18831.337645;18831.341206;18831.376435;18831.399845;792714;792714;792714;9909;24;12683424;12683464;100.000;599.048;599.048;7.601;8.329;3044.031;4.831;0.000;0.000;5.074;7.998;0.001;17.903;17.903;37.467;58.640;35.229;30.530;50.818;2.249;0.763;0.461;1.568;0.033;3.560;62.200;60.599;33.849;0.516;1.970;0.516;0.003;0.982;5.194;0.156;0;2;31.361;31.364;nan;nan;nan;31584;1;0;0;0;0;0;0
44;1;1;1;IDLE;0.000;0.000;1.000;18831.370952;18831.374086;18831.407494;18831.467887;790865;790865;790865;9886;25;12653840;12653880;100.000;606.867;606.867;7.646;8.405;3036.931;4.314;0.000;0.000;4.844;6.985;0.002;16.144;16.144;72.949;93.801;33.407;17.211;48.326;2.056;0.783;0.481;1.495;0.030;3.135;96.936;95.308;32.881;0.453;1.876;0.453;0.003;0.723;5.109;0.153;0;2;32.781;32.782;nan;nan;nan;31772;1;0;0;0;0;0;0
45;1;1;1;IDLE;0.000;0.000;1.000;18831.404036;18831.407847;18831.441601;18831.500081;787976;787976;787976;9850;25;12607616;12607656;100.000;599.504;599.504;7.782;8.541;3025.837;4.141;0.000;0.000;4.394;8.020;0.002;16.555;16.555;71.204;92.234;33.754;17.949;49.047;1.786;0.744;0.439;1.395;0.029;3.811;96.045;94.168;33.761;0.427;1.785;0.427;0.002;0.306;4.933;0.148;0;2;34.303;34.304;nan;nan;nan;32336;1;0;0;0;0;0;0
46;1;1;1;IDLE;0.000;0.000;1.000;18831.437760;18831.441558;18831.476906;18831.533171;789717;789717;789717;9872;111;12635472;12635512;100.000;619.766;619.766;35.034;38.476;3032.523;4.202;0.000;0.000;5.902;8.241;0.007;18.346;18.346;71.225;91.612;35.347;20.026;51.902;3.264;0.748;0.437;1.419;0.034;3.799;95.411;93.925;33.711;0.378;1.697;0.378;0.008;0.807;5.181;0.155;0;2;31.413;31.414;nan;nan;nan;145888;1;0;0;0;0;0;0
47;1;1;1;IDLE;0.000;0.000;1.000;18831.470224;18831.473269;18831.508756;18831.567577;784950;784950;784950;9812;23;12559200;12559240;100.000;607.532;607.532;7.195;7.892;3014.218;4.078;0.000;0.000;5.092;9.285;0.002;18.455;18.455;73.635;94.308;35.486;19.569;52.006;2.155;0.756;0.461;1.688;0.032;3.045;97.353;94.998;31.711;1.622;1.692;1.622;0.002;0.434;5.162;0.155;0;2;33.697;33.698;nan;nan;nan;29892;1;0;0;0;0;0;0
48;1;1;1;IDLE;0.000;0.000;1.000;18831.504676;18831.508683;18831.541833;18831.599333;781130;781130;781130;9765;19;12498080;12498120;100.000;635.498;635.498;5.887;6.458;2999.549;4.016;0.000;0.000;4.800;8.017;0.002;16.833;16.833;70.984;90.650;33.150;18.569;50.779;2.001;0.751;0.462;1.556;0.030;4.007;94.658;93.421;35.414;2.080;1.717;2.080;0.002;0.663;5.074;0.152;0;2;33.757;33.759;nan;nan;nan;24440;1;0;0;0;0;0;0
49;1;1;1;IDLE;0.000;0.000;1.000;18831.537654;18831.541497;18831.575428;18831.635757;780468;780468;780468;9756;19;12487488;12487528;100.000;622.672;622.672;5.977;6.549;2997.007;4.122;0.000;0.000;5.991;7.534;0.002;17.648;17.648;74.205;94.260;33.930;18.723;52.014;3.368;0.754;0.442;1.392;0.036;3.844;98.103;96.511;32.815;0.519;1.642;0.519;0.002;0.346;5.309;0.159;0;2;31.437;31.438;nan;nan;nan;24816;1;0;0;0;0;0;0
50;1;1;1;IDLE;0.000;0.000;1.000;18831.570653;18831.573647;18831.607277;18831.667190;783376;783376;783376;9793;20;12534016;12534056;100.000;607.931;607.931;6.067;6.670;3008.173;4.032;0.000;0.000;5.047;7.306;0.002;16.384;16.384;72.925;93.543;33.630;17.515;48.719;2.316;0.769;0.459;1.472;0.031;2.994;96.538;94.611;32.150;1.184;1.613;1.184;0.003;0.656;5.246;0.157;0;2;35.780;35.782;nan;nan;nan;25192;1;0;0;0;0;0;0
51;1;1;1;IDLE;0.000;0.000;1.000;18831.603890;18831.609102;18831.646075;18831.700011;787237;787237;787237;9841;23;12595792;12595832;100.000;639.818;639.818;7.105;7.801;3023.000;4.212;0.000;0.000;6.924;10.019;0.002;21.155;21.155;71.223;90.909;36.973;23.270;57.217;3.921;0.744;0.443;1.778;0.037;5.212;96.122;94.099;35.455;2.121;1.645;2.121;0.003;0.340;5.672;0.170;0;2;31.131;31.132;nan;nan;nan;29516;1;0;0;0;0;0;0
52;1;1;1;IDLE;0.000;0.000;1.000;18831.637556;18831.640527;18831.674196;18831.729325;787734;787734;787734;9847;24;12603744;12603784;100.000;619.168;619.168;7.421;8.148;3024.908;3.810;0.000;0.000;5.222;7.089;0.002;16.121;16.121;68.441;88.797;33.669;18.155;47.882;2.213;0.768;0.459;1.749;0.034;2.972;91.769;90.079;31.425;1.908;1.661;1.908;0.002;0.999;5.566;0.167;0;2;32.901;32.903;nan;nan;nan;30832;1;0;0;0;0;0;0
53;1;1;1;IDLE;0.000;0.000;1.000;18831.670731;18831.673866;18831.707832;18831.767100;787059;787059;787059;9839;24;12592944;12592984;100.000;603.179;603.179;7.556;8.284;3022.316;4.207;0.000;0.000;5.247;7.634;0.001;17.088;17.088;72.357;93.234;33.967;18.328;50.309;2.511;0.752;0.457;1.491;0.037;3.134;96.369;94.521;33.338;0.005;1.558;0.005;0.002;0.205;5.489;0.165;0;2;29.122;29.124;nan;nan;nan;31396;1;0;0;0;0;0;0
54;1;1;1;IDLE;0.000;0.000;1.000;18831.705045;18831.709607;18831.746304;18831.799503;786051;786051;786051;9826;24;12576816;12576856;100.000;628.229;628.229;7.466;8.194;3018.445;4.218;0.000;0.000;5.840;10.014;0.002;20.072;20.072;69.876;89.895;36.697;22.328;54.696;3.145;0.764;0.465;1.431;0.034;4.562;94.457;93.590;35.742;2.408;1.611;2.408;0.002;0.821;5.582;0.167;0;1;30.807;30.808;nan;nan;nan;31020;1;0;0;0;0;0;0
55;1;1;1;IDLE;0.000;0.000;1.000;18831.737182;18831.742160;18831.773751;18831.834306;796213;796213;796213;9953;23;12739408;12739448;100.000;645.553;645.553;7.240;7.937;3057.468;4.220;0.000;0.000;4.331;7.401;0.001;15.953;15.953;72.412;92.146;31.591;17.312;50.497;1.685;0.775;0.453;1.391;0.027;4.978;97.124;95.060;32.553;0.780;1.559;0.780;0.009;0.115;5.272;0.158;0;2;33.148;33.150;nan;nan;nan;30080;1;0;0;0;0;0;0
56;1;1;1;IDLE;0.000;0.000;1.000;18831.770617;18831.773888;18831.808451;18831.868384;790191;790191;790191;9878;23;12643056;12643096;100.000;625.941;625.941;7.195;7.892;3034.343;3.892;0.000;0.000;5.391;8.004;0.002;17.288;17.288;74.297;94.496;34.563;18.295;50.017;2.773;0.749;0.435;1.403;0.032;3.271;97.767;95.805;31.728;1.606;1.562;1.606;0.002;0.966;5.305;0.159;0;2;33.855;33.857;nan;nan;nan;29892;1;0;0;0;0;0;0
57;1;1;1;IDLE;0.000;0.000;1.000;18831.804423;18831.808877;18831.841370;18831.900457;798808;798808;798808;9986;23;12780928;12780968;100.000;640.779;640.779;7.285;7.982;3067.432;4.094;0.000;0.000;5.450;6.859;0.002;16.403;16.403;71.634;91.580;32.494;17.911;50.481;2.824;0.751;0.438;1.404;0.033;4.454;96.034;94.544;34.989;1.655;1.568;1.655;0.002;0.236;5.347;0.160;0;2;33.866;33.869;nan;nan;nan;30268;1;0;0;0;0;0;0
58;1;1;1;IDLE;0.000;0.000;1.000;18831.837669;18831.840816;18831.876608;18831.935879;797924;797924;797924;9975;24;12766784;12766824;100.000;618.267;618.267;7.421;8.148;3064.038;4.120;0.000;0.000;6.843;7.996;0.002;18.959;18.959;74.414;95.063;35.792;19.944;52.970;3.359;0.960;0.444;2.037;0.043;3.147;98.211;96.633;31.939;1.394;1.557;1.394;0.003;0.300;5.735;0.172;0;2;31.842;31.844;nan;nan;nan;30832;1;0;0;0;0;0;0
59;1;1;1;IDLE;0.000;0.000;1.000;18831.872001;18831.875086;18831.907742;18831.966965;794477;794477;794477;9931;24;12711632;12711672;100.000;615.474;615.474;7.331;8.058;3050.801;4.230;0.000;0.000;4.692;7.075;0.003;15.998;15.998;71.225;91.879;32.655;17.412;48.989;2.025;0.776;0.430;1.432;0.030;3.085;94.964;94.386;34.270;0.937;1.518;0.937;0.002;0.231;5.478;0.164;0;2;35.205;35.208;nan;nan;nan;30456;1;0;0;0;0;0;0
60;1;1;1;IDLE;0.000;0.000;1.000;18831.905023;18831.908780;18831.945718;18832.001983;789053;789053;789053;9864;23;12624848;12624888;100.000;629.206;629.206;7.285;7.982;3029.973;4.209;0.000;0.000;6.985;8.959;0.001;20.153;20.153;73.138;93.203;36.937;21.623;54.559;3.963;0.754;0.437;1.795;0.037;3.758;96.960;96.070;33.694;0.361;1.446;0.361;0.003;0.925;5.862;0.176;0;2;30.202;30.203;nan;nan;nan;30268;1;0;0;0;0;0;0
61;1;1;1;IDLE;0.000;0.000;1.000;18831.937758;18831.940816;18831.975838;18832.033215;783874;783874;783874;9799;110;12541984;12542024;100.000;603.234;603.234;34.493;37.904;3010.086;3.980;0.000;0.000;5.238;8.956;0.010;18.174;18.174;71.608;92.399;35.022;19.669;51.893;2.231;0.769;0.482;1.724;0.031;3.058;95.457;93.969;32.036;1.298;1.437;1.298;0.002;0.034;5.710;0.171;0;2;35.097;35.100;nan;nan;nan;143632;1;0;0;0;0;0;0
62;1;1;1;IDLE;0.000;0.000;1.000;18831.971620;18831.975716;18832.011921;18832.033256;782785;782785;782785;9785;22;12524560;12524600;100.000;625.052;625.052;6.970;7.635;3005.904;4.141;0.000;0.000;6.191;9.019;0.001;19.351;19.351;37.502;57.540;36.204;33.631;53.451;3.305;0.765;0.436;1.650;0.035;4.096;61.636;60.677;34.900;1.567;1.445;1.567;0.003;0.952;5.837;0.175;0;2;30.310;30.311;nan;nan;nan;28952;1;0;0;0;0;0;0
63;1;1;1;IDLE;0.000;0.000;1.000;18832.004399;18832.007409;18832.039970;18832.098952;782791;782791;782791;9785;18;12524656;12524696;100.000;602.462;602.462;5.571;6.111;3005.927;4.037;0.000;0.000;4.995;6.744;0.002;15.776;15.776;70.754;91.543;32.561;17.233;48.450;2.208;0.765;0.474;1.518;0.030;3.010;94.553;93.039;31.693;1.641;1.457;1.641;0.002;0.029;5.629;0.169;0;2;33.962;33.963;nan;nan;nan;23124;1;0;0;0;0;0;0
64;1;1;1;IDLE;0.000;0.000;1.000;18832.037453;18832.041265;18832.075398;18832.127167;782127;782127;782127;9777;17;12514032;12514072;100.000;624.145;624.145;5.345;5.855;3003.377;4.152;0.000;0.000;5.840;7.345;0.002;17.337;17.337;65.852;85.902;34.133;20.183;50.793;3.185;0.763;0.440;1.418;0.033;3.812;89.714;87.921;33.856;0.523;1.399;0.523;0.013;0.884;5.685;0.171;0;2;30.895;30.897;nan;nan;nan;22184;1;0;0;0;0;0;0
65;1;1;1;IDLE;0.000;0.000;1.000;18832.070671;18832.073639;18832.105920;18832.166970;785507;785507;785507;9819;18;12568112;12568152;100.000;617.277;617.277;5.481;6.021;3016.356;4.142;0.000;0.000;4.932;6.796;0.002;15.870;15.870;72.971;93.332;32.281;17.004;49.163;2.206;0.771;0.475;1.448;0.031;2.968;96.299;94.391;32.374;0.959;1.371;0.959;0.003;0.188;5.500;0.165;0;2;28.037;28.040;nan;nan;nan;22748;1;0;0;0;0;0;0
66;1;1;1;IDLE;0.000;0.000;1.000;18832.104379;18832.110006;18832.146232;18832.198777;789017;789017;789017;9863;19;12624272;12624312;100.000;653.749;653.749;5.796;6.368;3029.835;4.226;0.000;0.000;5.972;10.020;0.001;20.218;20.218;69.460;88.771;36.226;22.775;55.810;3.262;0.765;0.468;1.442;0.035;5.627;94.399;92.864;36.367;3.034;1.475;3.034;0.002;0.921;5.625;0.169;0;1;30.756;30.757;nan;nan;nan;24064;1;0;0;0;0;0;0
67;1;1;1;IDLE;0.000;0.000;1.000;18832.136884;18832.141895;18832.175302;18832.228494;789641;789641;789641;9871;20;12634256;12634296;100.000;641.334;641.334;6.248;6.851;3032.231;4.238;0.000;0.000;4.973;8.398;0.001;17.609;17.609;66.898;86.598;33.407;20.334;52.710;2.339;0.760;0.456;1.393;0.026;5.012;91.610;89.248;31.890;1.444;1.473;1.444;0.003;0.332;5.465;0.164;0;2;31.870;31.871;nan;nan;nan;25944;1;0;0;0;0;0;0
68;1;1;1;IDLE;0.000;0.000;1.000;18832.170415;18832.173531;18832.206966;18832.228536;784718;784718;784718;9809;20;12555488;12555528;100.000;611.879;611.879;6.338;6.941;3013.327;4.138;0.000;0.000;4.705;7.609;0.001;16.452;16.452;34.486;55.006;33.435;29.910;49.206;1.964;0.825;0.459;1.426;0.031;3.116;58.121;55.957;31.635;1.698;1.487;1.698;0.002;0.598;5.278;0.158;0;2;29.131;29.134;nan;nan;nan;26320;1;0;0;0;0;0;0
69;1;1;1;IDLE;0.000;0.000;1.000;18832.204261;18832.209375;18832.244465;18832.298977;778159;778159;778159;9727;21;12450544;12450584;100.000;639.772;639.772;6.654;7.288;2988.140;4.282;0.000;0.000;5.608;9.020;0.002;18.910;18.910;70.142;89.603;35.091;21.104;53.888;2.960;0.760;0.454;1.403;0.031;5.113;94.716;93.065;35.844;2.510;1.551;2.510;0.002;0.999;5.365;0.161;0;1;31.177;31.178;nan;nan;nan;27636;1;0;0;0;0;0;0
70;1;1;1;IDLE;0.000;0.000;1.000;18832.238651;18832.243504;18832.275534;18832.327717;776327;776327;776327;9705;22;12421232;12421272;100.000;658.606;658.606;6.789;7.454;2981.105;4.105;0.000;0.000;4.243;8.020;0.001;16.367;16.367;65.354;84.214;32.030;19.436;51.100;1.626;0.755;0.446;1.389;0.026;4.853;89.067;88.471;34.129;0.796;1.504;0.796;0.002;0.905;5.087;0.153;0;2;31.459;31.462;nan;nan;nan;28200;1;0;0;0;0;0;0
71;1;1;1;IDLE;0.000;0.000;1.000;18832.270431;18832.273894;18832.307610;18832.366775;786883;786883;786883;9837;23;12590128;12590168;100.000;613.281;613.281;7.240;7.937;3021.640;4.258;0.000;0.000;4.531;8.020;0.001;16.810;16.810;72.352;92.881;33.716;18.098;49.856;1.891;0.759;0.434;1.416;0.031;3.463;96.344;94.196;30.390;2.943;1.594;2.943;0.002;0.633;4.951;0.149;0;2;28.123;28.124;nan;nan;nan;30080;1;0;0;0;0;0;0
72;1;1;1;IDLE;0.000;0.000;1.000;18832.304391;18832.309567;18832.343361;18832.400016;787146;787146;787146;9840;22;12594336;12594376;100.000;656.649;656.649;6.924;7.590;3022.650;4.309;0.000;0.000;5.452;8.689;0.001;18.449;18.449;71.270;90.450;33.794;20.397;54.593;2.814;0.765;0.450;1.394;0.030;5.175;95.625;94.103;35.672;2.339;1.640;2.339;0.002;0.471;5.081;0.152;0;1;32.101;32.102;nan;nan;nan;28764;1;0;0;0;0;0;0
73;1;1;1;IDLE;0.000;0.000;1.000;18832.339051;18832.344254;18832.375767;18832.432978;781047;781047;781047;9764;22;12496752;12496792;100.000;682.318;682.318;6.879;7.545;2999.230;3.740;0.000;0.000;4.180;8.020;0.002;15.940;15.940;70.409;88.724;31.512;17.965;50.582;1.562;0.765;0.436;1.391;0.026;5.204;93.928;93.732;34.688;1.354;1.623;1.354;0.009;0.987;4.859;0.146;0;2;32.266;32.268;nan;nan;nan;28576;1;0;0;0;0;0;0
74;1;1;1;IDLE;0.000;0.000;1.000;18832.370856;18832.374287;18832.408165;18832.467252;782459;782459;782459;9781;23;12519344;12519384;100.000;627.941;627.941;7.105;7.801;3004.652;4.213;0.000;0.000;5.770;7.341;0.001;17.324;17.324;73.028;92.965;33.878;18.635;51.136;3.148;0.746;0.438;1.405;0.033;3.431;96.396;94.673;30.033;3.301;1.727;3.301;0.002;0.827;5.089;0.153;0;2;32.151;32.152;nan;nan;nan;29516;1;0;0;0;0;0;0
75;1;1;1;IDLE;0.000;0.000;1.000;18832.404456;18832.408601;18832.441920;18832.500554;781579;781579;781579;9770;23;12505264;12505304;100.000;641.615;641.615;7.150;7.847;3001.273;3.761;0.000;0.000;4.865;8.014;0.001;16.639;16.639;72.462;91.952;33.318;18.096;49.941;2.022;0.775;0.456;1.582;0.030;4.146;96.098;94.641;34.315;0.981;1.681;0.981;0.002;0.946;5.036;0.151;0;2;33.344;33.345;nan;nan;nan;29704;1;0;0;0;0;0;0
76;1;1;1;IDLE;0.000;0.000;1.000;18832.437712;18832.441991;18832.475997;18832.533184;784181;784181;784181;9803;110;12546896;12546936;100.000;643.996;643.996;34.673;38.084;3011.265;4.146;0.000;0.000;5.759;8.016;0.006;17.921;17.921;71.710;91.193;34.006;19.651;52.699;3.144;0.747;0.440;1.397;0.030;4.278;95.471;93.938;33.389;0.056;1.579;0.056;0.002;0.745;5.219;0.157;0;2;32.570;32.571;nan;nan;nan;144384;1;0;0;0;0;0;0
77;1;1;1;IDLE;0.000;0.000;1.000;18832.470409;18832.473632;18832.510949;18832.567920;782861;782861;782861;9786;22;12525776;12525816;100.000;597.243;597.243;6.699;7.364;3006.196;4.065;0.000;0.000;5.929;9.894;0.002;19.888;19.888;73.316;94.288;37.317;21.093;53.294;3.167;0.756;0.440;1.532;0.034;3.223;97.511;95.341;31.641;1.692;1.586;1.692;0.002;0.518;5.400;0.162;0;2;32.124;32.126;nan;nan;nan;27824;1;0;0;0;0;0;0
78;1;1;1;IDLE;0.000;0.000;1.000;18832.503630;18832.507375;18832.540145;18832.601612;779451;779451;779451;9744;17;12471216;12471256;100.000;597.063;597.063;5.120;5.629;2993.101;4.347;0.000;0.000;4.737;6.933;0.003;16.016;16.016;73.349;94.237;32.770;16.996;48.875;2.047;0.779;0.452;1.429;0.030;3.745;97.982;95.699;33.743;0.410;1.513;0.410;0.002;0.209;5.237;0.157;0;2;34.703;34.705;nan;nan;nan;21244;1;0;0;0;0;0;0
79;1;1;1;IDLE;0.000;0.000;1.000;18832.537678;18832.541503;18832.575517;18832.634323;784719;784719;784719;9809;17;12555504;12555544;100.000;628.662;628.662;5.345;5.855;3013.331;4.273;0.000;0.000;6.408;7.303;0.002;17.984;17.984;72.847;92.820;34.014;19.375;52.872;3.323;0.901;0.440;1.708;0.035;3.825;96.644;95.077;34.128;0.795;1.468;0.795;0.002;0.328;5.535;0.166;0;2;33.393;33.396;nan;nan;nan;22184;1;0;0;0;0;0;0
80;1;1;1;IDLE;0.000;0.000;1.000;18832.571094;18832.574145;18832.610490;18832.634390;780701;780701;780701;9759;19;12491216;12491256;100.000;591.924;591.924;6.022;6.594;2997.901;3.956;0.000;0.000;6.321;8.543;0.002;18.820;18.820;39.142;60.245;36.345;31.239;51.781;3.311;0.759;0.436;1.782;0.033;3.050;63.296;61.811;32.641;0.692;1.419;0.692;0.002;0.375;5.740;0.172;0;2;32.373;32.374;nan;nan;nan;25004;1;0;0;0;0;0;0
81;1;1;1;IDLE;0.000;0.000;1.000;18832.604677;18832.608003;18832.641459;18832.699594;785754;785754;785754;9822;21;12572064;12572104;100.000;589.429;589.429;6.654;7.288;3017.305;4.320;0.000;0.000;4.961;7.091;0.004;16.372;16.372;70.262;91.591;33.456;17.875;48.936;2.179;0.772;0.466;1.504;0.040;3.326;94.917;93.681;33.858;0.525;1.364;0.525;0.002;0.071;5.550;0.166;0;2;34.402;34.404;nan;nan;nan;27636;1;0;0;0;0;0;0
82;1;1;1;IDLE;0.000;0.000;1.000;18832.637945;18832.641164;18832.677828;18832.733068;783308;783308;783308;9792;22;12532928;12532968;100.000;603.026;603.026;6.834;7.500;3007.912;4.261;0.000;0.000;6.777;8.375;0.002;19.413;19.413;71.120;91.904;36.664;21.123;52.948;3.537;1.006;0.440;1.758;0.036;3.219;95.123;93.822;33.161;0.172;1.289;0.172;0.009;0.719;5.863;0.176;0;2;30.137;30.140;nan;nan;nan;28388;1;0;0;0;0;0;0
83;1;1;1;IDLE;0.000;0.000;1.000;18832.671017;18832.673995;18832.707535;18832.767096;782737;782737;782737;9785;21;12523792;12523832;100.000;607.148;607.148;6.609;7.243;3005.720;4.010;0.000;0.000;4.951;7.943;0.002;16.904;16.904;72.474;93.102;33.541;18.157;50.399;2.066;0.768;0.516;1.572;0.029;2.977;96.079;94.517;32.831;0.503;1.240;0.503;0.003;0.016;5.638;0.169;0;2;33.472;33.473;nan;nan;nan;27448;1;0;0;0;0;0;0
84;1;1;1;IDLE;0.000;0.000;1.000;18832.703979;18832.707976;18832.740540;18832.799081;781874;781874;781874;9774;22;12509984;12510024;100.000;620.746;620.746;6.970;7.635;3002.406;4.115;0.000;0.000;4.917;6.941;0.001;15.973;15.973;70.952;91.105;32.564;17.532;49.050;2.097;0.750;0.462;1.574;0.034;3.998;95.103;93.168;33.982;0.648;1.203;0.648;0.003;0.549;5.460;0.164;0;2;33.493;33.495;nan;nan;nan;28952;1;0;0;0;0;0;0
85;1;1;1;IDLE;0.000;0.000;1.000;18832.737194;18832.740817;18832.775693;18832.833099;780545;780545;780545;9757;19;12488720;12488760;100.000;611.247;611.247;5.977;6.549;2997.302;4.093;0.000;0.000;5.824;8.018;0.001;17.935;17.935;71.850;92.281;34.875;19.435;51.427;3.221;0.746;0.429;1.395;0.033;3.623;95.905;93.853;32.841;0.492;1.158;0.492;0.003;0.598;5.554;0.167;0;2;31.403;31.406;nan;nan;nan;24816;1;0;0;0;0;0;0
86;1;1;1;IDLE;0.000;0.000;1.000;18832.770469;18832.773789;18832.807768;18832.866296;778343;778343;778343;9730;21;12453488;12453528;100.000;613.166;613.166;6.518;7.152;2988.847;4.378;0.000;0.000;4.962;8.015;0.001;17.355;17.355;72.196;92.506;33.978;18.761;51.078;2.194;0.775;0.471;1.491;0.031;3.320;95.826;93.716;32.972;0.361;1.109;0.361;0.002;0.688;5.409;0.162;0;2;33.343;33.344;nan;nan;nan;27072;1;0;0;0;0;0;0
87;1;1;1;IDLE;0.000;0.000;1.000;18832.803802;18832.807785;18832.841849;18832.900128;778458;778458;778458;9731;20;12455328;12455368;100.000;641.978;641.978;6.338;6.941;2989.288;3.992;0.000;0.000;5.890;8.021;0.001;17.903;17.903;72.941;92.343;34.063;19.388;52.558;3.280;0.738;0.442;1.398;0.032;3.983;96.326;94.216;33.996;0.662;1.081;0.662;0.002;0.747;5.532;0.166;0;2;32.465;32.467;nan;nan;nan;26320;1;0;0;0;0;0;0
88;1;1;1;IDLE;0.000;0.000;1.000;18832.837131;18832.840671;18832.873863;18832.933367;778592;778592;778592;9733;22;12457472;12457512;100.000;626.042;626.042;6.879;7.545;2989.803;3.964;0.000;0.000;5.706;6.959;0.002;16.629;16.629;72.797;92.696;33.192;17.940;50.101;3.101;0.740;0.435;1.398;0.032;3.540;96.235;94.121;32.886;0.448;1.041;0.448;0.002;0.624;5.578;0.167;0;2;33.221;33.224;nan;nan;nan;28576;1;0;0;0;0;0;0
89;1;1;1;IDLE;0.000;0.000;1.000;18832.870662;18832.874736;18832.909004;18832.967288;779952;779952;779952;9750;23;12479232;12479272;100.000;637.792;637.792;7.105;7.801;2995.025;4.095;0.000;0.000;5.799;8.018;0.001;17.912;17.912;72.985;92.552;34.268;19.353;52.270;3.133;0.742;0.437;1.437;0.050;4.074;96.625;94.708;34.065;0.732;1.022;0.732;0.003;0.880;5.637;0.169;0;2;32.377;32.378;nan;nan;nan;29516;1;0;0;0;0;0;0
90;1;1;1;IDLE;0.000;0.000;1.000;18832.904333;18832.908105;18832.942080;18833.000959;779674;779674;779674;9746;23;12474784;12474824;100.000;615.038;615.038;7.105;7.801;2993.958;4.180;0.000;0.000;4.951;8.018;0.002;17.148;17.148;72.570;92.853;33.975;18.468;50.473;2.205;0.750;0.499;1.466;0.031;3.772;96.626;95.046;33.369;0.036;0.960;0.036;0.010;0.713;5.468;0.164;0;2;33.221;33.222;nan;nan;nan;29516;1;0;0;0;0;0;0
91;1;1;1;IDLE;0.000;0.000;1.000;18832.937419;18832.940855;18832.975837;18833.034318;781083;781083;781083;9764;109;12497328;12497368;100.000;610.804;610.804;34.267;37.647;2999.368;4.182;0.000;0.000;5.948;7.691;0.010;17.821;17.821;73.003;93.463;34.982;19.067;50.943;3.115;0.743;0.433;1.624;0.032;3.436;96.899;95.072;32.750;0.583;0.937;0.583;0.002;0.879;5.591;0.168;0;2;32.806;32.809;nan;nan;nan;142692;1;0;0;0;0;0;0
92;1;1;1;IDLE;0.000;0.000;1.000;18832.971222;18832.974863;18833.008870;18833.066447;780537;780537;780537;9757;21;12488592;12488632;100.000;623.922;623.922;6.564;7.198;2997.272;4.183;0.000;0.000;6.035;7.651;0.003;17.870;17.870;71.567;91.584;34.007;19.512;52.548;3.119;0.768;0.437;1.677;0.034;3.641;95.225;93.867;34.008;0.675;0.920;0.675;0.002;0.301;5.708;0.171;0;2;33.095;33.097;nan;nan;nan;27260;1;0;0;0;0;0;0
93;1;1;1;IDLE;0.000;0.000;1.000;18833.004281;18833.007290;18833.044318;18833.101023;773046;773046;773046;9664;17;12368736;12368776;100.000;585.807;585.807;5.255;5.764;2968.506;4.008;0.000;0.000;5.883;9.017;0.001;18.909;18.909;72.619;93.733;37.028;20.173;51.066;3.089;0.915;0.436;1.404;0.039;3.009;96.742;95.110;32.427;0.906;0.919;0.906;0.002;1.010;5.757;0.173;0;2;31.142;31.143;nan;nan;nan;21808;1;0;0;0;0;0;0
94;1;1;1;IDLE;0.000;0.000;1.000;18833.037578;18833.040549;18833.073836;18833.132651;770822;770822;770822;9636;17;12333152;12333192;100.000;590.902;590.902;5.120;5.629;2959.966;4.139;0.000;0.000;4.923;7.467;0.002;16.529;16.529;71.230;92.102;33.287;17.947;49.657;2.280;0.754;0.447;1.411;0.031;2.971;95.073;93.405;33.259;0.075;0.867;0.075;0.002;0.022;5.552;0.167;0;2;34.651;34.653;nan;nan;nan;21244;1;0;0;0;0;0;0
95;1;1;1;IDLE;0.000;0.000;1.000;18833.071527;18833.075841;18833.109467;18833.161648;778859;778859;778859;9736;19;12461744;12461784;100.000;644.384;644.384;5.932;6.504;2990.828;4.165;0.000;0.000;5.809;8.018;0.002;17.992;17.992;66.468;85.808;33.626;20.968;53.506;3.181;0.758;0.438;1.398;0.034;4.314;90.121;89.069;35.292;1.958;0.935;1.958;0.002;0.456;5.622;0.169;0;2;31.199;31.200;nan;nan;nan;24628;1;0;0;0;0;0;0
96;1;1;1;IDLE;0.000;0.000;1.000;18833.103628;18833.106648;18833.141544;18833.200558;778333;778333;778333;9730;22;12453328;12453368;100.000;594.809;594.809;6.699;7.364;2988.808;4.229;0.000;0.000;5.044;8.578;0.001;17.852;17.852;72.973;93.910;34.896;19.009;51.157;2.188;0.763;0.472;1.593;0.029;3.020;96.930;94.646;30.808;2.526;1.034;2.526;0.003;0.333;5.481;0.164;0;2;28.677;28.679;nan;nan;nan;27824;1;0;0;0;0;0;0
97;1;1;1;IDLE;0.000;0.000;1.000;18833.137848;18833.142859;18833.177107;18833.232345;782798;782798;782798;9785;23;12524768;12524808;100.000;646.381;646.381;7.060;7.756;3005.954;4.199;0.000;0.000;5.661;8.497;0.002;18.357;18.357;70.108;89.485;34.247;20.514;53.600;2.972;0.799;0.465;1.395;0.031;5.011;94.497;93.099;36.211;2.878;1.150;2.878;0.002;0.710;5.531;0.166;0;1;31.944;31.947;nan;nan;nan;29328;1;0;0;0;0;0;0
98;1;1;1;IDLE;0.000;0.000;1.000;18833.172392;18833.177125;18833.207608;18833.260590;781418;781418;781418;9768;22;12502688;12502728;100.000;650.035;650.035;6.879;7.545;3000.655;3.870;0.000;0.000;4.179;6.932;0.002;14.981;14.981;64.231;83.465;30.483;17.949;49.146;1.535;0.755;0.468;1.395;0.026;4.733;88.198;88.010;34.265;0.932;1.136;0.932;0.002;0.135;5.195;0.156;0;2;31.665;31.666;nan;nan;nan;28576;1;0;0;0;0;0;0
99;1;1;1;IDLE;0.000;0.000;1.000;18833.203816;18833.206887;18833.240772;18833.300868;777382;777382;777382;9718;22;12438112;12438152;100.000;607.398;607.398;6.699;7.364;2985.156;4.190;0.000;0.000;4.947;8.020;0.002;17.157;17.157;73.503;93.981;33.884;18.256;50.636;2.321;0.753;0.438;1.399;0.036;3.071;97.052;94.956;29.763;3.571;1.288;3.571;0.013;0.425;5.136;0.154;0;2;27.833;27.835;nan;nan;nan;27824;1;0;0;0;0;0;0
100;1;1;1;IDLE;0.000;0.000;1.000;18833.237493;18833.242547;18833.276544;18833.331984;778267;778267;778267;9729;21;12452272;12452312;100.000;655.809;655.809;6.428;7.062;2988.555;4.248;0.000;0.000;5.670;8.710;0.002;18.627;18.627;70.449;89.437;33.996;20.827;54.792;3.028;0.758;0.458;1.399;0.026;5.055;94.492;92.738;35.660;2.327;1.353;2.327;0.002;0.626;5.275;0.158;0;1;33.030;33.033;nan;nan;nan;26696;1;0;0;0;0;0;0
101;1;1;1;IDLE;0.000;0.000;1.000;18833.272306;18833.277456;18833.308927;18833.359100;780699;780699;780699;9759;21;12491184;12491224;100.000;652.323;652.323;6.473;7.107;2997.894;4.049;0.000;0.000;4.210;7.999;0.002;16.257;16.257;62.495;81.644;31.471;19.913;51.658;1.591;0.738;0.460;1.391;0.029;5.150;86.794;86.521;34.909;1.575;1.367;1.575;0.002;0.111;5.019;0.151;0;2;31.052;31.053;nan;nan;nan;26884;1;0;0;0;0;0;0
102;1;1;1;IDLE;0.000;0.000;1.000;18833.303765;18833.306816;18833.338831;18833.400725;780328;780328;780328;9755;21;12485248;12485288;100.000;615.727;615.727;6.383;7.017;2996.469;4.258;0.000;0.000;4.864;6.848;0.001;15.970;15.970;73.632;93.909;32.015;17.006;49.881;2.211;0.758;0.456;1.409;0.031;3.051;96.960;94.812;29.360;3.973;1.530;3.973;0.002;0.023;4.984;0.150;0;2;27.112;27.114;nan;nan;nan;26508;1;0;0;0;0;0;0
103;1;1;1;IDLE;0.000;0.000;1.000;18833.337561;18833.343261;18833.376709;18833.432218;782351;782351;782351;9780;21;12517616;12517656;100.000;687.142;687.142;6.383;7.017;3004.237;4.588;0.000;0.000;5.868;8.643;0.002;19.099;19.099;70.739;88.957;33.447;21.470;57.101;3.218;0.762;0.456;1.399;0.034;5.700;94.657;92.972;36.445;3.112;1.629;3.112;0.003;0.716;5.208;0.156;0;1;32.654;32.657;nan;nan;nan;26508;1;0;0;0;0;0;0
104;1;1;1;IDLE;0.000;0.000;1.000;18833.372405;18833.377252;18833.408717;18833.462342;782164;782164;782164;9778;21;12514624;12514664;100.000;653.206;653.206;6.428;7.062;3003.519;3.727;0.000;0.000;4.290;7.574;0.001;15.591;15.591;65.931;85.090;31.465;18.323;49.549;1.696;0.741;0.431;1.393;0.028;4.847;89.937;89.763;33.991;0.657;1.568;0.657;0.002;0.439;4.982;0.149;0;2;31.072;31.073;nan;nan;nan;26696;1;0;0;0;0;0;0
105;1;1;1;IDLE;0.000;0.000;1.000;18833.403827;18833.406876;18833.441238;18833.500577;783021;783021;783021;9788;22;12528336;12528376;100.000;617.030;617.030;6.789;7.454;3006.810;4.226;0.000;0.000;5.014;8.015;0.001;17.255;17.255;73.397;93.701;34.362;18.415;50.215;2.255;0.775;0.477;1.467;0.039;3.049;96.750;94.665;29.624;3.710;1.702;3.710;0.003;1.025;4.993;0.150;0;2;29.115;29.117;nan;nan;nan;28200;1;0;0;0;0;0;0
106;1;1;1;IDLE;0.000;0.000;1.000;18833.437891;18833.441948;18833.475282;18833.535180;786829;786829;786829;9836;105;12589264;12589304;100.000;615.918;615.918;33.094;36.349;3021.433;4.404;0.000;0.000;4.747;7.987;0.006;17.139;17.139;72.792;93.232;33.334;18.383;51.415;2.009;0.770;0.480;1.458;0.030;4.057;97.289;95.934;35.072;1.739;1.704;1.739;0.002;0.157;4.935;0.148;0;1;33.279;33.280;nan;nan;nan;137804;1;0;0;0;0;0;0
107;1;1;1;IDLE;0.000;0.000;1.000;18833.471034;18833.476358;18833.508934;18833.535271;789365;789365;789365;9868;22;12629840;12629880;100.000;657.906;657.906;6.970;7.635;3031.171;4.184;0.000;0.000;5.000;7.557;0.003;16.741;16.741;39.716;58.913;32.575;28.417;51.393;2.402;0.748;0.433;1.392;0.025;5.324;64.237;62.692;34.410;1.077;1.665;1.077;0.003;0.817;4.954;0.149;0;2;33.798;33.800;nan;nan;nan;28952;1;0;0;0;0;0;0
108;1;1;1;IDLE;0.000;0.000;1.000;18833.504278;18833.507561;18833.543053;18833.602244;790807;790807;790807;9886;19;12652912;12652952;100.000;621.549;621.549;5.842;6.413;3036.708;4.346;0.000;0.000;7.205;7.595;0.002;19.146;19.146;74.326;94.684;35.492;20.221;53.944;3.446;1.080;0.453;2.185;0.041;3.282;97.966;96.332;31.202;2.131;1.694;2.131;0.014;0.320;5.524;0.166;0;2;31.740;31.741;nan;nan;nan;24252;1;0;0;0;0;0;0
109;1;1;1;IDLE;0.000;0.000;1.000;18833.538084;18833.541024;18833.574685;18833.633122;789334;789334;789334;9867;17;12629344;12629384;100.000;595.631;595.631;5.345;5.855;3031.052;4.145;0.000;0.000;4.949;7.149;0.002;16.243;16.243;70.894;92.097;33.660;17.636;48.255;2.272;0.769;0.431;1.448;0.029;2.940;95.038;93.876;33.464;0.130;1.596;0.130;0.002;0.356;5.383;0.162;0;2;34.702;34.705;nan;nan;nan;22184;1;0;0;0;0;0;0
110;1;1;1;IDLE;0.000;0.000;1.000;18833.571471;18833.574742;18833.611267;18833.666919;783753;783753;783753;9797;18;12540048;12540088;100.000;603.831;603.831;5.616;6.156;3009.621;4.201;0.000;0.000;6.693;8.648;0.001;19.542;19.542;71.409;92.177;36.525;21.200;53.503;3.413;1.056;0.436;1.753;0.035;3.271;95.447;94.339;33.718;0.384;1.521;0.384;0.003;0.413;5.717;0.172;0;2;30.500;30.501;nan;nan;nan;23312;1;0;0;0;0;0;0
111;1;1;1;IDLE;0.000;0.000;1.000;18833.603886;18833.606905;18833.641703;18833.701787;781240;781240;781240;9766;21;12499840;12499880;100.000;602.728;602.728;6.654;7.288;2999.971;3.960;0.000;0.000;5.458;8.020;0.001;17.438;17.438;74.143;94.882;34.798;18.379;50.113;2.466;0.770;0.454;1.731;0.038;3.019;97.901;95.874;32.163;1.171;1.499;1.171;0.002;0.578;5.655;0.170;0;2;33.233;33.234;nan;nan;nan;27636;1;0;0;0;0;0;0
112;1;1;1;IDLE;0.000;0.000;1.000;18833.637364;18833.641544;18833.675336;18833.733891;781247;781247;781247;9766;22;12499952;12499992;100.000;609.006;609.006;6.699;7.364;2999.998;4.253;0.000;0.000;4.829;7.567;0.003;16.649;16.649;71.822;92.347;33.791;18.029;49.271;2.142;0.762;0.454;1.443;0.028;4.181;96.528;94.645;34.640;1.306;1.487;1.306;0.002;0.867;5.451;0.164;0;2;34.011;34.017;nan;nan;nan;27824;1;0;0;0;0;0;0
113;1;1;1;IDLE;0.000;0.000;1.000;18833.670746;18833.674135;18833.710863;18833.768431;783523;783523;783523;9795;22;12536368;12536408;100.000;598.705;598.705;6.789;7.454;3008.738;4.459;0.000;0.000;6.673;9.018;0.002;20.150;20.150;73.356;94.296;36.727;21.369;54.865;3.397;1.087;0.437;1.717;0.035;3.389;97.685;95.852;32.591;0.742;1.440;0.742;0.002;0.094;5.763;0.173;0;2;32.043;32.044;nan;nan;nan;28200;1;0;0;0;0;0;0
114;1;1;1;IDLE;0.000;0.000;1.000;18833.704091;18833.707147;18833.741932;18833.799767;783046;783046;783046;9789;24;12528736;12528776;100.000;589.368;589.368;7.376;8.103;3006.906;4.081;0.000;0.000;5.454;8.018;0.002;17.553;17.553;71.362;92.620;34.785;18.952;50.461;2.101;0.768;0.471;2.083;0.031;3.056;95.676;93.854;33.012;0.322;1.370;0.322;0.003;0.052;5.691;0.171;0;2;34.513;34.514;nan;nan;nan;30644;1;0;0;0;0;0;0
115;1;1;1;IDLE;0.000;0.000;1.000;18833.738140;18833.741854;18833.776894;18833.799807;785712;785712;785712;9822;22;12571392;12571432;100.000;608.040;608.040;6.970;7.635;3017.144;4.184;0.000;0.000;5.869;7.895;0.000;17.948;17.948;37.278;57.953;35.040;30.970;51.223;3.228;0.747;0.438;1.419;0.037;3.714;61.667;60.561;34.707;1.374;1.370;1.374;0.002;0.597;5.740;0.172;0;2;30.766;30.767;nan;nan;nan;28952;1;0;0;0;0;0;0
116;1;1;1;IDLE;0.000;0.000;1.000;18833.770743;18833.773761;18833.808095;18833.867626;788409;788409;788409;9856;22;12614544;12614584;100.000;602.925;602.925;6.879;7.545;3027.500;4.023;0.000;0.000;5.065;8.027;0.002;17.115;17.115;72.943;93.865;34.334;18.233;49.847;2.365;0.787;0.474;1.410;0.029;3.018;96.883;95.046;31.907;1.427;1.374;1.427;0.003;0.317;5.574;0.167;0;2;29.124;29.126;nan;nan;nan;28576;1;0;0;0;0;0;0
117;1;1;1;IDLE;0.000;0.000;1.000;18833.804726;18833.809632;18833.843414;18833.901020;785289;785289;785289;9817;21;12564624;12564664;100.000;632.164;632.164;6.518;7.152;3015.519;4.334;0.000;0.000;4.899;8.254;0.002;17.487;17.487;71.513;91.388;33.782;19.135;51.764;2.051;0.843;0.483;1.488;0.033;4.906;96.294;95.107;35.871;2.538;1.447;2.538;0.013;0.740;5.411;0.162;0;1;32.462;32.463;nan;nan;nan;27072;1;0;0;0;0;0;0
118;1;1;1;IDLE;0.000;0.000;1.000;18833.839026;18833.844116;18833.876249;18833.933809;784314;784314;784314;9804;21;12549024;12549064;100.000;656.936;656.936;6.383;7.017;3011.775;4.113;0.000;0.000;4.379;8.023;0.002;16.515;16.515;70.590;89.693;32.133;18.413;51.396;1.777;0.745;0.432;1.394;0.030;5.090;94.783;94.563;34.484;1.151;1.428;1.151;0.002;0.625;5.157;0.155;0;2;32.787;32.790;nan;nan;nan;26508;1;0;0;0;0;0;0
119;1;1;1;IDLE;0.000;0.000;1.000;18833.870706;18833.873741;18833.908609;18833.968639;784830;784830;784830;9811;21;12557280;12557320;100.000;607.355;607.355;6.428;7.062;3013.757;4.135;0.000;0.000;6.565;7.303;0.001;18.003;18.003;74.222;94.898;34.868;18.971;51.633;3.301;1.085;0.439;1.705;0.035;3.035;97.933;96.059;29.625;3.708;1.571;3.708;0.003;0.321;5.515;0.165;0;2;32.500;32.501;nan;nan;nan;26696;1;0;0;0;0;0;0
120;1;1;1;IDLE;0.000;0.000;1.000;18833.904529;18833.907762;18833.942398;18834.000647;784742;784742;784742;9810;21;12555872;12555912;100.000;594.228;594.228;6.518;7.152;3013.419;4.280;0.000;0.000;4.880;7.997;0.002;17.156;17.156;71.755;92.885;34.636;18.471;49.534;2.107;0.747;0.431;1.566;0.029;3.233;96.118;94.734;34.021;0.688;1.516;0.688;0.002;0.626;5.363;0.161;0;2;34.234;34.235;nan;nan;nan;27072;1;0;0;0;0;0;0
121;1;1;1;IDLE;0.000;0.000;1.000;18833.937932;18833.941869;18833.978629;18834.032650;787186;787186;787186;9840;108;12594976;12595016;100.000;601.448;601.448;34.042;37.390;3022.804;4.216;0.000;0.000;5.794;9.164;0.008;19.175;19.175;69.839;90.780;36.760;21.122;52.163;3.162;0.745;0.433;1.422;0.031;3.938;94.718;93.404;34.107;0.774;1.469;0.774;0.003;0.856;5.476;0.164;0;2;31.176;31.178;nan;nan;nan;141752;1;0;0;0;0;0;0
122;1;1;1;IDLE;0.000;0.000;1.000;18833.970123;18833.973155;18834.009349;18834.032693;792161;792161;792161;9903;22;12674576;12674616;100.000;614.675;614.675;6.970;7.635;3041.908;4.029;0.000;0.000;5.324;9.791;0.001;19.144;19.144;38.918;59.538;36.194;32.154;52.892;2.354;0.764;0.468;1.705;0.033;3.032;62.570;60.113;31.286;2.048;1.505;2.048;0.002;0.456;5.445;0.163;0;2;33.087;33.089;nan;nan;nan;28952;1;0;0;0;0;0;0
123;1;1;1;IDLE;0.000;0.000;1.000;18834.004256;18834.007641;18834.040755;18834.101090;788290;788290;788290;9854;18;12612640;12612680;100.000;621.220;621.220;5.526;6.066;3027.043;4.251;0.000;0.000;4.683;7.145;0.003;16.078;16.078;73.146;93.449;33.114;17.206;48.555;2.029;0.767;0.454;1.403;0.030;3.385;96.833;95.177;34.486;1.153;1.483;1.153;0.003;0.980;5.258;0.158;0;2;28.118;28.120;nan;nan;nan;22936;1;0;0;0;0;0;0
124;1;1;1;IDLE;0.000;0.000;1.000;18834.037877;18834.042395;18834.077745;18834.132990;789222;789222;789222;9866;18;12627552;12627592;100.000;631.558;631.558;5.526;6.066;3030.622;4.197;0.000;0.000;6.086;9.033;0.002;19.316;19.316;70.600;90.595;35.350;21.321;54.642;3.390;0.773;0.459;1.432;0.032;4.518;95.113;93.744;34.754;1.420;1.479;1.420;0.002;0.234;5.470;0.164;0;1;32.373;32.375;nan;nan;nan;22936;1;0;0;0;0;0;0
125;1;1;1;IDLE;0.000;0.000;1.000;18834.071595;18834.076817;18834.110796;18834.167493;787173;787173;787173;9840;19;12594768;12594808;100.000;640.675;640.675;5.932;6.504;3022.754;4.305;0.000;0.000;4.583;9.027;0.001;17.915;17.915;71.018;90.677;33.979;19.757;52.723;1.947;0.762;0.447;1.396;0.031;5.221;95.898;94.914;34.422;1.088;1.455;1.088;0.003;0.706;5.253;0.158;0;2;31.218;31.219;nan;nan;nan;24628;1;0;0;0;0;0;0
126;1;1;1;IDLE;0.000;0.000;1.000;18834.103922;18834.107163;18834.140899;18834.199134;776279;776279;776279;9704;20;12420464;12420504;100.000;590.755;590.755;6.293;6.896;2980.921;4.164;0.000;0.000;4.774;7.052;0.003;15.990;15.990;70.946;91.971;33.736;17.386;47.398;2.000;0.775;0.476;1.491;0.032;3.241;95.212;93.221;30.347;2.986;1.551;2.986;0.010;0.875;5.136;0.154;0;2;33.641;33.643;nan;nan;nan;26132;1;0;0;0;0;0;0
127;1;1;1;IDLE;0.000;0.000;1.000;18834.137255;18834.140963;18834.175940;18834.234474;773912;773912;773912;9674;22;12382592;12382632;100.000;611.521;611.521;6.699;7.364;2971.832;4.124;0.000;0.000;6.235;8.009;0.001;18.368;18.368;73.263;93.512;34.977;19.643;52.515;3.462;0.741;0.434;1.559;0.038;3.707;97.219;95.228;33.799;0.466;1.483;0.466;0.002;0.481;5.419;0.163;0;2;31.199;31.200;nan;nan;nan;27824;1;0;0;0;0;0;0
128;1;1;1;IDLE;0.000;0.000;1.000;18834.170554;18834.173706;18834.207453;18834.265833;773302;773302;773302;9667;22;12372832;12372872;100.000;608.998;608.998;6.834;7.500;2969.489;4.302;0.000;0.000;5.090;7.457;0.003;16.849;16.849;71.810;92.127;33.747;18.289;49.926;2.350;0.757;0.459;1.492;0.032;3.152;95.279;93.254;32.743;0.590;1.427;0.590;0.002;0.881;5.340;0.160;0;2;34.473;34.476;nan;nan;nan;28388;1;0;0;0;0;0;0
129;1;1;1;IDLE;0.000;0.000;1.000;18834.204226;18834.209108;18834.243159;18834.300793;777001;777001;777001;9713;22;12432016;12432056;100.000;627.350;627.350;6.879;7.545;2983.693;4.145;0.000;0.000;5.515;8.081;0.001;17.741;17.741;71.868;91.685;34.051;19.350;52.101;2.880;0.738;0.436;1.430;0.030;4.883;96.568;94.880;35.402;2.069;1.467;2.069;0.002;0.635;5.389;0.162;0;2;30.752;30.753;nan;nan;nan;28576;1;0;0;0;0;0;0
130;1;1;1;IDLE;0.000;0.000;1.000;18834.237147;18834.240231;18834.274169;18834.300858;783174;783174;783174;9790;21;12530784;12530824;100.000;611.908;611.908;6.654;7.288;3007.398;4.174;0.000;0.000;5.088;8.005;0.002;17.266;17.266;40.149;60.627;33.938;28.479;50.876;2.042;0.766;0.473;1.777;0.030;3.084;63.711;61.612;31.123;2.211;1.514;2.211;0.002;0.364;5.320;0.160;0;2;34.624;34.626;nan;nan;nan;27636;1;0;0;0;0;0;0
131;1;1;1;IDLE;0.000;0.000;1.000;18834.270615;18834.275082;18834.308525;18834.367826;786108;786108;786108;9827;22;12577728;12577768;100.000;642.194;642.194;6.699;7.364;3018.664;4.389;0.000;0.000;6.085;7.296;0.002;17.771;17.771;73.158;92.744;33.443;19.161;53.136;3.468;0.738;0.436;1.407;0.036;4.467;97.211;95.246;34.851;1.518;1.514;1.518;0.002;0.473;5.519;0.166;0;2;32.272;32.273;nan;nan;nan;27824;1;0;0;0;0;0;0
132;1;1;1;IDLE;0.000;0.000;1.000;18834.304034;18834.307213;18834.341580;18834.400788;785622;785622;785622;9821;21;12569952;12569992;100.000;591.702;591.702;6.564;7.198;3016.798;4.167;0.000;0.000;5.029;7.268;0.003;16.463;16.463;72.331;93.575;34.368;17.593;47.903;2.139;0.751;0.459;1.648;0.032;3.178;96.753;94.875;32.131;1.203;1.494;1.203;0.002;0.825;5.399;0.162;0;2;33.510;33.511;nan;nan;nan;27260;1;0;0;0;0;0;0
133;1;1;1;IDLE;0.000;0.000;1.000;18834.337841;18834.341603;18834.376062;18834.435630;787265;787265;787265;9841;21;12596240;12596280;100.000;619.614;619.614;6.428;7.062;3023.107;4.166;0.000;0.000;5.837;7.656;0.003;17.659;17.659;73.698;94.027;34.459;18.781;51.246;3.177;0.742;0.438;1.445;0.035;3.762;97.790;96.384;34.390;1.057;1.467;1.057;0.002;0.634;5.520;0.166;0;2;32.376;32.378;nan;nan;nan;26696;1;0;0;0;0;0;0
134;1;1;1;IDLE;0.000;0.000;1.000;18834.370405;18834.373461;18834.408965;18834.467687;787734;787734;787734;9847;21;12603744;12603784;100.000;596.914;596.914;6.428;7.062;3024.908;4.085;0.000;0.000;6.178;7.498;0.004;17.761;17.761;73.111;94.226;35.504;18.849;50.025;3.300;0.770;0.441;1.632;0.035;3.056;97.282;95.107;31.858;1.476;1.468;1.476;0.003;0.710;5.689;0.171;0;2;34.157;34.160;nan;nan;nan;26696;1;0;0;0;0;0;0
135;1;1;1;IDLE;0.000;0.000;1.000;18834.404548;18834.407955;18834.445321;18834.502721;786766;786766;786766;9835;22;12588256;12588296;100.000;605.307;605.307;6.699;7.364;3021.191;4.301;0.000;0.000;6.831;8.771;0.003;19.903;19.903;73.970;94.767;37.366;21.002;53.264;3.890;0.742;0.435;1.726;0.037;3.406;98.173;96.809;34.494;1.161;1.448;1.161;0.011;0.956;5.980;0.179;0;2;31.132;31.134;nan;nan;nan;27824;1;0;0;0;0;0;0
136;1;1;1;IDLE;0.000;0.000;1.000;18834.437514;18834.440536;18834.474711;18834.534824;787622;787622;787622;9846;100;12601952;12601992;100.000;605.959;605.959;31.425;34.524;3024.478;4.133;0.000;0.000;5.106;8.098;0.015;17.338;17.338;73.491;94.288;34.175;18.388;50.731;2.152;0.757;0.464;1.703;0.031;3.022;97.310;95.578;32.581;0.752;1.405;0.752;0.002;0.171;5.765;0.173;0;2;36.102;36.106;nan;nan;nan;130848;1;0;0;0;0;0;0
137;1;1;1;IDLE;0.000;0.000;1.000;18834.471058;18834.474151;18834.512973;18834.566876;784509;784509;784509;9807;25;12552144;12552184;100.000;590.300;590.300;7.737;8.496;3012.524;4.095;0.000;0.000;7.228;10.255;0.003;21.578;21.578;71.461;92.725;38.822;23.271;55.583;3.694;1.077;0.432;1.986;0.039;3.093;95.819;94.297;33.615;0.282;1.335;0.282;0.003;0.071;6.146;0.184;0;2;32.101;32.103;nan;nan;nan;32148;1;0;0;0;0;0;0
138;1;1;1;IDLE;0.000;0.000;1.000;18834.504344;18834.507637;18834.542121;18834.601816;782962;782962;782962;9788;21;12527392;12527432;100.000;604.766;604.766;6.564;7.198;3006.584;4.056;0.000;0.000;4.723;9.009;0.001;17.788;17.788;73.465;94.180;34.484;18.887;51.584;2.034;0.751;0.454;1.457;0.027;3.292;97.472;95.904;33.486;0.152;1.261;0.152;0.002;0.034;5.793;0.174;0;2;33.762;33.763;nan;nan;nan;27260;1;0;0;0;0;0;0
139;1;1;1;IDLE;0.000;0.000;1.000;18834.538053;18834.541076;18834.574888;18834.633781;785441;785441;785441;9819;21;12567056;12567096;100.000;599.283;599.283;6.564;7.198;3016.103;4.100;0.000;0.000;4.809;7.031;0.003;15.940;15.940;71.735;92.705;33.812;17.194;47.143;2.130;0.759;0.452;1.437;0.031;3.023;95.729;94.535;33.439;0.106;1.189;0.106;0.003;0.998;5.550;0.167;0;2;33.953;33.956;nan;nan;nan;27260;1;0;0;0;0;0;0
140;1;1;1;IDLE;0.000;0.000;1.000;18834.571354;18834.575234;18834.609835;18834.633820;786857;786857;786857;9836;20;12589712;12589752;100.000;616.015;616.015;6.338;6.941;3021.540;4.163;0.000;0.000;6.101;7.903;0.001;18.168;18.168;38.148;58.585;34.601;31.011;52.507;3.203;0.745;0.434;1.683;0.036;3.880;62.466;61.240;34.158;0.825;1.166;0.825;0.003;0.155;5.694;0.171;0;2;31.845;31.847;nan;nan;nan;26320;1;0;0;0;0;0;0
141;1;1;1;IDLE;0.000;0.000;1.000;18834.604651;18834.607739;18834.641523;18834.701218;786209;786209;786209;9828;23;12579344;12579384;100.000;601.064;601.064;7.015;7.711;3019.052;4.037;0.000;0.000;5.090;7.521;0.002;16.648;16.648;72.550;93.479;33.784;17.810;49.279;2.451;0.759;0.437;1.406;0.036;3.089;96.567;95.305;32.505;0.828;1.145;0.828;0.003;0.241;5.546;0.166;0;2;29.126;29.128;nan;nan;nan;29140;1;0;0;0;0;0;0
142;1;1;1;IDLE;0.000;0.000;1.000;18834.638528;18834.642796;18834.680110;18834.733063;785895;785895;785895;9824;24;12574320;12574360;100.000;616.635;616.635;7.466;8.194;3017.846;4.187;0.000;0.000;5.957;10.016;0.003;20.160;20.160;69.874;90.266;37.313;22.333;54.028;3.242;0.768;0.458;1.457;0.033;4.268;94.535;93.817;35.057;1.724;1.181;1.724;0.002;0.946;5.655;0.170;0;1;31.119;31.122;nan;nan;nan;31020;1;0;0;0;0;0;0
143;1;1;1;IDLE;0.000;0.000;1.000;18834.670608;18834.675631;18834.708589;18834.762362;783109;783109;783109;9789;24;12529744;12529784;100.000;633.425;633.425;7.466;8.194;3007.148;4.332;0.000;0.000;4.197;8.499;0.001;17.027;17.027;66.950;86.731;32.959;19.632;51.661;1.559;0.766;0.455;1.391;0.025;5.023;91.754;89.782;32.834;0.499;1.138;0.499;0.009;0.473;5.293;0.159;0;2;32.969;32.970;nan;nan;nan;31020;1;0;0;0;0;0;0
144;1;1;1;IDLE;0.000;0.000;1.000;18834.703946;18834.707013;18834.742254;18834.800438;783994;783994;783994;9800;25;12543904;12543944;100.000;601.317;601.317;7.737;8.496;3010.547;4.054;0.000;0.000;5.170;9.022;0.001;18.246;18.246;72.564;93.425;35.241;19.530;51.775;2.418;0.846;0.459;1.417;0.031;3.067;96.492;94.525;31.382;1.951;1.189;1.951;0.002;0.185;5.265;0.158;0;2;29.125;29.127;nan;nan;nan;32148;1;0;0;0;0;0;0
145;1;1;1;IDLE;0.000;0.000;1.000;18834.738090;18834.743041;18834.778978;18834.833274;785959;785959;785959;9825;24;12575344;12575384;100.000;633.442;633.442;7.466;8.194;3018.092;4.297;0.000;0.000;5.972;9.658;0.002;19.927;19.927;70.380;90.233;35.937;22.084;55.450;3.255;0.769;0.461;1.454;0.033;4.952;95.184;94.028;36.029;2.696;1.283;2.696;0.002;0.451;5.453;0.164;0;1;31.115;31.116;nan;nan;nan;31020;1;0;0;0;0;0;0
146;1;1;1;IDLE;0.000;0.000;1.000;18834.770881;18834.775758;18834.807072;18834.861597;789030;789030;789030;9863;24;12624480;12624520;100.000;641.951;641.951;7.466;8.194;3029.885;4.320;0.000;0.000;4.269;7.206;0.002;15.795;15.795;66.174;85.840;31.315;18.400;50.438;1.636;0.763;0.447;1.398;0.025;4.877;90.717;89.018;32.716;0.617;1.242;0.617;0.002;0.171;5.160;0.155;0;2;33.404;33.405;nan;nan;nan;31020;1;0;0;0;0;0;0
147;1;1;1;IDLE;0.000;0.000;1.000;18834.804529;18834.808251;18834.840465;18834.901239;794594;794594;794594;9933;25;12713504;12713544;100.000;633.998;633.998;7.646;8.405;3051.251;4.336;0.000;0.000;4.943;7.002;0.002;16.281;16.281;72.935;92.988;32.214;17.509;50.540;2.310;0.757;0.437;1.410;0.029;3.723;96.710;95.326;32.494;0.840;1.217;0.840;0.003;0.213;5.110;0.153;0;2;28.128;28.131;nan;nan;nan;31772;1;0;0;0;0;0;0
148;1;1;1;IDLE;0.000;0.000;1.000;18834.838327;18834.843381;18834.879573;18834.901307;797998;797998;797998;9975;23;12767968;12768008;100.000;653.487;653.487;7.285;7.982;3064.322;4.337;0.000;0.000;6.020;10.010;0.001;20.366;20.366;38.387;57.926;36.191;35.160;56.275;3.281;0.785;0.460;1.463;0.032;5.054;62.980;62.061;35.130;1.797;1.253;1.797;0.002;0.620;5.341;0.160;0;1;31.671;31.675;nan;nan;nan;30268;1;0;0;0;0;0;0
149;1;1;1;IDLE;0.000;0.000;1.000;18834.871539;18834.876918;18834.909327;18834.967515;798639;798639;798639;9983;24;12778224;12778264;100.000;636.458;636.458;7.331;8.058;3066.783;4.510;0.000;0.000;4.212;7.702;0.402;16.424;16.424;70.520;90.597;32.409;18.129;50.677;1.557;0.781;0.447;1.400;0.028;5.379;95.976;94.935;33.536;0.203;1.187;0.203;0.002;0.414;5.064;0.152;0;2;31.511;31.512;nan;nan;nan;30456;1;0;0;0;0;0;0
150;1;1;1;IDLE;0.000;0.000;1.000;18834.903650;18834.906723;18834.940537;18835.001441;796693;796693;796693;9959;23;12747088;12747128;100.000;593.441;593.441;7.240;7.937;3059.311;4.182;0.000;0.000;4.917;6.839;0.003;15.937;15.937;73.237;94.718;33.814;16.826;47.133;2.149;0.869;0.463;1.405;0.031;3.073;97.791;95.528;29.805;3.528;1.334;3.528;0.002;0.574;5.030;0.151;0;2;33.813;33.814;nan;nan;nan;30080;1;0;0;0;0;0;0
151;1;1;1;IDLE;0.000;0.000;1.000;18834.937491;18834.941127;18834.976800;18835.033416;794717;794717;794717;9934;105;12715472;12715512;100.000;603.240;603.240;33.094;36.349;3051.723;4.188;0.000;0.000;5.274;9.021;0.009;18.483;18.483;71.209;92.288;35.672;20.028;51.814;2.425;0.758;0.460;1.598;0.033;3.636;95.925;94.170;34.404;1.071;1.317;1.071;0.002;0.294;5.096;0.153;0;2;33.658;33.659;nan;nan;nan;137804;1;0;0;0;0;0;0
152;1;1;1;IDLE;0.000;0.000;1.000;18834.970916;18834.974153;18835.010352;18835.067194;792861;792861;792861;9911;22;12685776;12685816;100.000;590.825;590.825;6.924;7.590;3044.596;4.350;0.000;0.000;5.774;8.494;0.002;18.618;18.618;71.569;93.040;36.199;20.010;51.432;3.130;0.775;0.434;1.401;0.035;3.237;96.277;94.614;33.026;0.307;1.254;0.307;0.011;0.448;5.271;0.158;0;2;31.554;31.555;nan;nan;nan;28764;1;0;0;0;0;0;0
153;1;1;1;IDLE;0.000;0.000;1.000;18835.004122;18835.007179;18835.040985;18835.101631;792789;792789;792789;9910;19;12684624;12684664;100.000;595.984;595.984;5.751;6.323;3044.319;4.258;0.000;0.000;4.933;7.052;0.002;16.242;16.242;73.169;94.452;33.806;17.196;48.044;2.164;0.791;0.477;1.470;0.030;3.057;97.510;95.719;33.026;0.308;1.195;0.308;0.002;0.535;5.189;0.156;0;2;33.256;33.257;nan;nan;nan;23876;1;0;0;0;0;0;0
154;1;1;1;IDLE;0.000;0.000;1.000;18835.037730;18835.041372;18835.075432;18835.133125;792309;792309;792309;9904;18;12676944;12676984;100.000;607.658;607.658;5.526;6.066;3042.476;4.136;0.000;0.000;4.937;7.417;0.002;16.490;16.490;70.891;91.753;34.060;17.972;48.414;2.102;0.762;0.455;1.588;0.031;3.643;95.396;93.879;34.193;0.860;1.174;0.860;0.002;0.840;5.129;0.154;0;2;33.611;33.614;nan;nan;nan;22936;1;0;0;0;0;0;0
155;1;1;1;IDLE;0.000;0.000;1.000;18835.071228;18835.074557;18835.110541;18835.133165;791925;791925;791925;9900;19;12670800;12670840;100.000;595.893;595.893;6.022;6.594;3041.002;4.227;0.000;0.000;5.779;8.452;0.001;18.458;18.458;37.344;58.608;35.984;31.494;51.296;3.151;0.762;0.433;1.398;0.034;3.328;61.936;60.585;33.184;0.149;1.110;0.149;0.002;0.486;5.297;0.159;0;2;31.034;31.035;nan;nan;nan;25004;1;0;0;0;0;0;0
156;1;1;1;IDLE;0.000;0.000;1.000;18835.103948;18835.107162;18835.139869;18835.200890;793795;793795;793795;9923;22;12700720;12700760;100.000;604.214;604.214;6.924;7.590;3048.182;4.414;0.000;0.000;4.923;6.709;0.002;16.045;16.045;72.708;93.729;32.707;17.118;49.056;2.138;0.785;0.473;1.497;0.030;3.214;96.942;94.977;32.605;0.728;1.086;0.728;0.002;0.053;5.206;0.156;0;2;28.124;28.127;nan;nan;nan;28764;1;0;0;0;0;0;0
157;1;1;1;IDLE;0.000;0.000;1.000;18835.137625;18835.141902;18835.177264;18835.233412;793460;793460;793460;9919;22;12695360;12695400;100.000;624.975;624.975;6.789;7.454;3046.896;4.361;0.000;0.000;5.768;9.021;0.002;19.150;19.150;71.196;91.510;35.362;20.927;54.154;3.084;0.775;0.458;1.420;0.031;4.277;95.787;94.165;34.740;1.407;1.106;1.407;0.011;0.247;5.352;0.161;0;1;32.643;32.645;nan;nan;nan;28200;1;0;0;0;0;0;0
158;1;1;1;IDLE;0.000;0.000;1.000;18835.172195;18835.177158;18835.208794;18835.268293;795527;795527;795527;9945;22;12728432;12728472;100.000;653.481;653.481;6.834;7.500;3054.833;4.122;0.000;0.000;4.223;7.476;0.001;15.821;15.821;71.657;91.135;31.636;17.360;50.010;1.581;0.774;0.438;1.403;0.026;4.963;96.098;95.713;35.256;1.923;1.157;1.923;0.002;0.456;5.075;0.152;0;2;32.091;32.092;nan;nan;nan;28388;1;0;0;0;0;0;0
159;1;1;1;IDLE;0.000;0.000;1.000;18835.204011;18835.207147;18835.241648;18835.298960;798776;798776;798776;9985;23;12780416;12780456;100.000;608.299;608.299;7.060;7.756;3067.309;4.277;0.000;0.000;5.235;7.249;0.003;16.761;16.761;70.803;91.813;34.501;18.255;48.580;2.278;0.776;0.458;1.693;0.030;3.137;94.950;93.048;29.989;3.344;1.294;3.344;0.002;1.003;5.117;0.154;0;2;33.890;33.891;nan;nan;nan;29328;1;0;0;0;0;0;0
160;1;1;1;IDLE;0.000;0.000;1.000;18835.237489;18835.241194;18835.276414;18835.299003;799362;799362;799362;9993;22;12789792;12789832;100.000;613.924;613.924;6.970;7.635;3069.560;4.278;0.000;0.000;6.211;7.929;0.001;18.417;18.417;36.975;57.808;35.220;31.859;52.292;3.228;0.750;0.431;1.766;0.035;3.705;61.514;59.757;34.047;0.714;1.258;0.714;0.002;0.244;5.402;0.162;0;2;30.470;30.473;nan;nan;nan;28952;1;0;0;0;0;0;0
161;1;1;1;IDLE;0.000;0.000;1.000;18835.270510;18835.273684;18835.306560;18835.327715;789777;789777;789777;9873;22;12636432;12636472;100.000;622.619;622.619;6.970;7.635;3032.753;4.152;0.000;0.000;4.952;7.011;0.002;16.116;16.116;33.736;54.032;32.877;29.826;49.018;2.074;0.771;0.472;1.603;0.032;3.174;57.205;55.136;32.489;0.844;1.232;0.844;0.009;0.607;5.292;0.159;0;2;28.118;28.121;nan;nan;nan;28952;1;0;0;0;0;0;0
162;1;1;1;IDLE;0.000;0.000;1.000;18835.304024;18835.309009;18835.343175;18835.400455;790930;790930;790930;9887;22;12654880;12654920;100.000;665.351;665.351;6.834;7.500;3037.181;4.192;0.000;0.000;5.675;8.545;0.003;18.412;18.412;72.426;91.446;34.165;20.134;53.890;3.022;0.766;0.457;1.400;0.030;4.985;96.430;94.542;35.326;1.992;1.279;1.992;0.002;0.923;5.391;0.162;0;1;33.360;33.361;nan;nan;nan;28388;1;0;0;0;0;0;0
163;1;1;1;IDLE;0.000;0.000;1.000;18835.339374;18835.344417;18835.377729;18835.435401;793734;793734;793734;9922;23;12699744;12699784;100.000;660.725;660.725;7.105;7.801;3047.948;4.044;0.000;0.000;4.327;9.021;0.001;17.392;17.392;71.762;90.983;33.312;19.116;52.210;1.710;0.752;0.433;1.405;0.027;5.043;96.027;96.154;35.408;2.075;1.329;2.075;0.002;0.740;5.129;0.154;0;2;31.744;31.745;nan;nan;nan;29516;1;0;0;0;0;0;0
164;1;1;1;IDLE;0.000;0.000;1.000;18835.370927;18835.374609;18835.408803;18835.467037;792883;792883;792883;9912;23;12686128;12686168;100.000;605.854;605.854;7.150;7.847;3044.680;4.480;0.000;0.000;4.887;8.022;0.002;17.388;17.388;71.488;92.427;34.194;18.813;50.852;2.027;0.777;0.465;1.588;0.029;3.682;96.109;94.457;30.192;3.141;1.442;3.141;0.002;0.344;5.071;0.152;0;2;34.615;34.617;nan;nan;nan;29704;1;0;0;0;0;0;0
165;1;1;1;IDLE;0.000;0.000;1.000;18835.404488;18835.408067;18835.445888;18835.499863;791299;791299;791299;9892;24;12660784;12660824;100.000;592.374;592.374;7.376;8.103;3038.598;4.260;0.000;0.000;5.927;10.021;0.002;20.208;20.208;70.423;91.796;37.821;22.014;53.431;3.289;0.747;0.440;1.414;0.036;3.580;95.375;93.950;33.458;0.124;1.360;0.124;0.002;0.497;5.290;0.159;0;2;31.164;31.167;nan;nan;nan;30644;1;0;0;0;0;0;0
166;1;1;1;IDLE;0.000;0.000;1.000;18835.436919;18835.440182;18835.473709;18835.529140;789485;789485;789485;9869;101;12631760;12631800;100.000;615.094;615.094;31.876;35.006;3031.632;4.017;0.000;0.000;5.204;6.770;0.004;15.991;15.991;68.421;88.957;33.527;17.976;47.695;2.248;0.764;0.456;1.703;0.033;3.263;92.220;89.893;32.115;1.218;1.351;1.218;0.002;1.013;5.272;0.158;0;2;32.919;32.922;nan;nan;nan;132728;1;0;0;0;0;0;0
167;1;1;1;IDLE;0.000;0.000;1.000;18835.470715;18835.474109;18835.508028;18835.567608;789977;789977;789977;9875;23;12639632;12639672;100.000;605.872;605.872;7.105;7.801;3033.521;4.349;0.000;0.000;4.870;8.019;0.001;17.238;17.238;72.637;93.500;33.920;18.436;50.819;2.162;0.757;0.431;1.480;0.040;3.393;96.893;95.029;33.927;0.593;1.304;0.593;0.002;0.166;5.174;0.155;0;2;29.125;29.127;nan;nan;nan;29516;1;0;0;0;0;0;0
168;1;1;1;IDLE;0.000;0.000;1.000;18835.504426;18835.508942;18835.546270;18835.600169;791598;791598;791598;9895;19;12665568;12665608;100.000;614.911;614.911;6.022;6.594;3039.746;4.390;0.000;0.000;5.855;10.171;0.002;20.416;20.416;70.630;91.228;37.329;22.379;54.692;3.175;0.770;0.459;1.415;0.035;4.516;95.743;94.257;34.833;1.499;1.316;1.499;0.002;0.702;5.349;0.160;0;1;31.505;31.507;nan;nan;nan;25004;1;0;0;0;0;0;0
169;1;1;1;IDLE;0.000;0.000;1.000;18835.537127;18835.542264;18835.575184;18835.600206;795034;795034;795034;9938;19;12720544;12720584;100.000;616.830;616.830;6.022;6.594;3052.940;4.580;0.000;0.000;4.293;7.669;0.000;16.541;16.541;37.319;57.942;32.920;28.548;50.247;1.657;0.762;0.455;1.393;0.025;5.137;63.079;60.960;33.322;0.011;1.234;0.011;0.002;0.333;5.089;0.153;0;2;32.651;32.653;nan;nan;nan;25004;1;0;0;0;0;0;0
170;1;1;1;IDLE;0.000;0.000;1.000;18835.570885;18835.574014;18835.607291;18835.667302;794863;794863;794863;9936;20;12717808;12717848;100.000;600.052;600.052;6.203;6.805;3052.284;4.272;0.000;0.000;4.933;7.050;0.003;16.255;16.255;72.093;93.288;33.277;17.425;48.848;2.057;0.746;0.454;1.640;0.037;3.129;96.417;94.723;31.750;1.583;1.256;1.583;0.009;0.090;5.053;0.152;0;2;34.591;34.592;nan;nan;nan;25756;1;0;0;0;0;0;0
171;1;1;1;IDLE;0.000;0.000;1.000;18835.604273;18835.608430;18835.643000;18835.702046;794885;794885;794885;9937;21;12718160;12718200;100.000;624.250;624.250;6.564;7.198;3052.368;4.187;0.000;0.000;6.002;7.674;0.002;17.862;17.862;73.243;93.617;34.570;19.080;51.670;3.390;0.753;0.430;1.394;0.036;4.157;97.774;96.134;34.416;1.082;1.245;1.082;0.002;0.517;5.295;0.159;0;2;31.973;31.974;nan;nan;nan;27260;1;0;0;0;0;0;0
172;1;1;1;IDLE;0.000;0.000;1.000;18835.637449;18835.640509;18835.674304;18835.733199;788905;788905;788905;9862;21;12622480;12622520;100.000;591.254;591.254;6.609;7.243;3029.405;4.197;0.000;0.000;5.422;6.907;0.003;16.526;16.526;71.340;92.689;33.795;17.829;48.900;2.348;0.763;0.446;1.780;0.084;3.061;95.750;93.953;32.080;1.254;1.246;1.254;0.003;0.113;5.330;0.160;0;2;34.644;34.646;nan;nan;nan;27448;1;0;0;0;0;0;0
173;1;1;1;IDLE;0.000;0.000;1.000;18835.671112;18835.674377;18835.710834;18835.769238;787376;787376;787376;9843;21;12598016;12598056;100.000;596.478;596.478;6.609;7.243;3023.533;4.246;0.000;0.000;6.510;8.342;0.001;19.098;19.098;73.740;94.861;36.457;20.132;52.384;3.567;0.745;0.430;1.733;0.035;3.266;98.126;96.658;33.868;0.534;1.201;0.534;0.002;0.482;5.631;0.169;0;2;30.703;30.704;nan;nan;nan;27448;1;0;0;0;0;0;0
174;1;1;1;IDLE;0.000;0.000;1.000;18835.703956;18835.707110;18835.741570;18835.799818;791921;791921;791921;9900;22;12670736;12670776;100.000;601.084;601.084;6.834;7.500;3040.986;4.081;0.000;0.000;4.987;8.014;0.003;17.083;17.083;71.628;92.707;34.459;18.426;49.573;2.069;0.763;0.476;1.650;0.029;3.154;95.862;93.905;32.733;0.600;1.164;0.600;0.002;0.375;5.473;0.164;0;2;35.677;35.679;nan;nan;nan;28388;1;0;0;0;0;0;0
175;1;1;1;IDLE;0.000;0.000;1.000;18835.737596;18835.741813;18835.778248;18835.834459;785044;785044;785044;9814;22;12560704;12560744;100.000;598.983;598.983;6.789;7.454;3014.579;4.311;0.000;0.000;6.420;8.608;0.001;19.339;19.339;71.676;92.646;36.435;20.874;53.079;3.447;0.766;0.432;1.733;0.043;4.217;96.863;95.213;34.703;1.370;1.177;1.370;0.002;0.433;5.715;0.171;0;2;30.174;30.175;nan;nan;nan;28200;1;0;0;0;0;0;0
176;1;1;1;IDLE;0.000;0.000;1.000;18835.770671;18835.773878;18835.807725;18835.865536;785759;785759;785759;9822;22;12572144;12572184;100.000;605.952;605.952;6.699;7.364;3017.324;3.972;0.000;0.000;5.108;7.884;0.003;16.964;16.964;70.910;91.658;33.847;18.508;50.121;2.106;0.763;0.455;1.745;0.039;3.207;94.865;92.957;32.065;1.268;1.182;1.268;0.002;0.103;5.568;0.167;0;2;34.615;34.617;nan;nan;nan;27824;1;0;0;0;0;0;0
177;1;1;1;IDLE;0.000;0.000;1.000;18835.804135;18835.808262;18835.842694;18835.893989;782963;782963;782963;9788;22;12527408;12527448;100.000;620.315;620.315;6.970;7.635;3006.588;4.225;0.000;0.000;5.969;7.907;0.001;18.101;18.101;65.532;85.728;34.433;21.114;52.568;3.364;0.741;0.439;1.391;0.034;4.127;89.855;88.076;34.383;1.050;1.174;1.050;0.002;0.358;5.674;0.170;0;2;30.746;30.747;nan;nan;nan;28952;1;0;0;0;0;0;0
178;1;1;1;IDLE;0.000;0.000;1.000;18835.837100;18835.840141;18835.873877;18835.894030;783666;783666;783666;9796;21;12538656;12538696;100.000;608.657;608.657;6.654;7.288;3009.287;4.192;0.000;0.000;4.756;7.994;0.001;16.942;16.942;33.289;53.889;33.737;31.439;50.219;2.007;0.764;0.451;1.504;0.030;3.041;56.930;54.784;31.879;1.454;1.192;1.454;0.002;0.383;5.452;0.164;0;2;28.102;28.105;nan;nan;nan;27636;1;0;0;0;0;0;0
179;1;1;1;IDLE;0.000;0.000;1.000;18835.871163;18835.876925;18835.910966;18835.966322;786714;786714;786714;9834;22;12587424;12587464;100.000;688.528;688.528;6.699;7.364;3020.991;4.527;0.000;0.000;5.742;8.986;0.003;19.255;19.255;71.115;89.396;34.041;21.539;56.566;3.088;0.765;0.452;1.406;0.032;5.763;95.159;93.742;36.785;3.451;1.333;3.451;0.012;1.018;5.530;0.166;0;1;33.081;33.083;nan;nan;nan;27824;1;0;0;0;0;0;0
180;1;1;1;IDLE;0.000;0.000;1.000;18835.906230;18835.911093;18835.944722;18835.994531;787583;787583;787583;9845;21;12601328;12601368;100.000;638.780;638.780;6.383;7.017;3024.328;3.990;0.000;0.000;4.214;8.698;0.002;16.902;16.902;63.711;83.438;33.630;20.256;50.258;1.612;0.742;0.434;1.397;0.027;4.863;88.301;88.618;34.167;0.834;1.302;0.834;0.002;0.988;5.206;0.156;0;2;30.295;30.296;nan;nan;nan;26508;1;0;0;0;0;0;0
181;1;1;1;IDLE;0.000;0.000;1.000;18835.936808;18835.940090;18835.974109;18836.034744;793719;793719;793719;9922;104;12699504;12699544;100.000;613.236;613.236;32.598;35.821;3047.891;4.047;0.000;0.000;5.071;8.020;0.005;17.138;17.138;73.945;94.654;34.020;18.106;50.378;2.206;0.774;0.476;1.585;0.031;3.282;97.936;95.498;28.997;4.337;1.491;4.337;0.002;0.216;5.175;0.155;0;2;28.436;28.440;nan;nan;nan;135736;1;0;0;0;0;0;0
182;1;1;1;IDLE;0.000;0.000;1.000;18835.970662;18835.974463;18836.008187;18836.066286;792329;792329;792329;9905;21;12677264;12677304;100.000;620.979;620.979;6.564;7.198;3042.553;4.079;0.000;0.000;4.671;8.017;0.003;16.767;16.767;71.407;91.822;33.724;18.260;49.718;2.058;0.752;0.429;1.403;0.029;3.801;95.624;93.706;34.374;1.040;1.463;1.040;0.002;0.618;5.052;0.152;0;1;34.571;34.572;nan;nan;nan;27260;1;0;0;0;0;0;0
183;1;1;1;IDLE;0.000;0.000;1.000;18836.004501;18836.010188;18836.044277;18836.095511;801464;801464;801464;10019;17;12823424;12823464;100.000;655.416;655.416;5.345;5.855;3077.631;4.414;0.000;0.000;4.958;9.022;0.001;18.395;18.395;65.757;85.322;34.089;21.559;53.961;2.256;0.754;0.432;1.394;0.123;5.687;91.009;89.598;35.725;2.392;1.521;2.392;0.002;0.540;5.034;0.151;0;2;31.028;31.028;nan;nan;nan;22184;1;0;0;0;0;0;0
184;1;1;1;IDLE;0.000;0.000;1.000;18836.036894;18836.040072;18836.074343;18836.133523;796948;796948;796948;9962;18;12751168;12751208;100.000;601.906;601.906;5.481;6.021;3060.290;4.011;0.000;0.000;5.010;8.022;0.001;17.043;17.043;72.266;93.451;34.271;18.237;49.730;2.185;0.867;0.475;1.454;0.029;3.177;96.629;94.277;29.884;3.450;1.642;3.450;0.002;0.052;5.030;0.151;0;2;29.183;29.186;nan;nan;nan;22748;1;0;0;0;0;0;0
185;1;1;1;IDLE;0.000;0.000;1.000;18836.071111;18836.076476;18836.111723;18836.167598;802598;802598;802598;10033;21;12841568;12841608;100.000;643.357;643.357;6.383;7.017;3081.986;4.380;0.000;0.000;5.703;9.313;0.001;19.396;19.396;71.161;91.122;35.248;21.286;55.028;2.980;0.775;0.449;1.468;0.032;5.365;96.487;95.018;36.404;3.071;1.731;3.071;0.002;0.268;5.204;0.156;0;1;31.110;31.111;nan;nan;nan;26508;1;0;0;0;0;0;0
186;1;1;1;IDLE;0.000;0.000;1.000;18836.104200;18836.109259;18836.140098;18836.200416;797039;797039;797039;9963;22;12752624;12752664;100.000;641.003;641.003;6.924;7.590;3060.639;4.450;0.000;0.000;4.239;6.543;0.003;15.232;15.232;71.262;91.157;30.839;16.709;49.392;1.596;0.774;0.449;1.395;0.025;5.059;96.216;94.503;32.783;0.550;1.657;0.550;0.002;0.159;4.966;0.149;0;2;34.039;34.040;nan;nan;nan;28764;1;0;0;0;0;0;0
187;1;1;1;IDLE;0.000;0.000;1.000;18836.137611;18836.141670;18836.176051;18836.234664;797511;797511;797511;9969;22;12760176;12760216;100.000;652.904;652.904;6.924;7.590;3062.452;4.371;0.000;0.000;6.354;7.490;0.001;18.215;18.215;73.450;92.994;34.382;19.587;52.978;3.489;0.756;0.435;1.616;0.058;4.058;97.053;95.418;32.411;0.923;1.611;0.923;0.003;0.990;5.317;0.160;0;2;31.851;31.852;nan;nan;nan;28764;1;0;0;0;0;0;0
188;1;1;1;IDLE;0.000;0.000;1.000;18836.170775;18836.174295;18836.207501;18836.266795;794879;794879;794879;9936;21;12718064;12718104;100.000;599.218;599.218;6.609;7.243;3052.345;4.135;0.000;0.000;4.869;6.865;0.003;15.869;15.869;71.274;92.499;33.206;17.156;47.791;2.155;0.802;0.459;1.423;0.031;3.520;96.020;94.215;32.626;0.708;1.555;0.708;0.010;0.236;5.208;0.156;0;2;34.024;34.025;nan;nan;nan;27448;1;0;0;0;0;0;0
189;1;1;1;IDLE;0.000;0.000;1.000;18836.204132;18836.207537;18836.242176;18836.301317;793590;793590;793590;9920;21;12697440;12697480;100.000;604.920;604.920;6.654;7.288;3047.395;4.303;0.000;0.000;6.102;7.461;0.001;17.866;17.866;72.790;93.781;34.639;19.051;51.579;3.424;0.746;0.431;1.464;0.036;3.404;97.185;95.405;33.241;0.092;1.463;0.092;0.003;0.082;5.437;0.163;0;2;32.075;32.076;nan;nan;nan;27636;1;0;0;0;0;0;0
190;1;1;1;IDLE;0.000;0.000;1.000;18836.236971;18836.240247;18836.273607;18836.332732;788938;788938;788938;9862;22;12623008;12623048;100.000;598.373;598.373;6.744;7.409;3029.532;3.981;0.000;0.000;5.420;6.818;0.002;16.219;16.219;71.389;92.485;33.360;17.537;48.619;2.451;0.759;0.432;1.742;0.036;3.277;95.761;93.486;32.711;0.623;1.411;0.623;0.003;0.022;5.437;0.163;0;2;34.524;34.527;nan;nan;nan;28012;1;0;0;0;0;0;0
191;1;1;1;IDLE;0.000;0.000;1.000;18836.270786;18836.274534;18836.309856;18836.361068;784846;784846;784846;9811;21;12557536;12557576;100.000;603.803;603.803;6.609;7.243;3013.818;4.240;0.000;0.000;5.953;7.983;0.002;18.177;18.177;65.737;86.535;35.322;21.005;51.460;3.291;0.763;0.434;1.429;0.037;3.748;90.282;88.489;34.286;0.953;1.382;0.953;0.002;0.585;5.572;0.167;0;2;30.856;30.857;nan;nan;nan;27448;1;0;0;0;0;0;0
192;1;1;1;IDLE;0.000;0.000;1.000;18836.303577;18836.306787;18836.340458;18836.401257;788004;788004;788004;9851;22;12608064;12608104;100.000;609.474;609.474;6.744;7.409;3025.945;4.115;0.000;0.000;5.237;7.516;0.002;16.868;16.868;73.784;94.470;33.671;17.855;50.097;2.381;0.777;0.477;1.573;0.029;3.210;97.680;95.345;32.253;1.080;1.363;1.080;0.002;0.228;5.491;0.165;0;2;28.121;28.124;nan;nan;nan;28012;1;0;0;0;0;0;0
193;1;1;1;IDLE;0.000;0.000;1.000;18836.338010;18836.343455;18836.378046;18836.435210;795964;795964;795964;9950;21;12735424;12735464;100.000;648.229;648.229;6.473;7.107;3056.511;4.447;0.000;0.000;5.519;9.009;0.003;18.974;18.974;72.108;91.755;34.591;20.679;54.852;2.851;0.775;0.456;1.408;0.030;5.445;97.200;95.963;36.668;3.334;1.487;3.334;0.010;0.406;5.507;0.165;0;1;32.216;32.217;nan;nan;nan;26884;1;0;0;0;0;0;0
194;1;1;1;IDLE;0.000;0.000;1.000;18836.372116;18836.377234;18836.409760;18836.467853;799207;799207;799207;9991;21;12787312;12787352;100.000;645.368;645.368;6.564;7.198;3068.964;4.159;0.000;0.000;4.180;7.656;0.004;15.995;15.995;70.805;90.619;32.526;17.650;49.175;1.558;0.768;0.429;1.398;0.026;5.118;95.737;95.274;33.779;0.446;1.422;0.446;0.002;0.873;5.180;0.155;0;2;33.099;33.101;nan;nan;nan;27260;1;0;0;0;0;0;0
195;1;1;1;IDLE;0.000;0.000;1.000;18836.404040;18836.407296;18836.444668;18836.502821;799402;799402;799402;9993;22;12790432;12790472;100.000;601.982;601.982;6.879;7.545;3069.713;4.206;0.000;0.000;6.599;8.479;0.002;19.284;19.284;74.278;95.525;37.371;20.187;51.600;3.371;0.959;0.440;1.788;0.040;3.257;98.782;96.909;30.062;3.271;1.537;3.271;0.003;1.042;5.546;0.166;0;2;31.660;31.661;nan;nan;nan;28576;1;0;0;0;0;0;0
196;1;1;1;IDLE;0.000;0.000;1.000;18836.437845;18836.441210;18836.476419;18836.503498;800483;800483;800483;10007;103;12807728;12807768;100.000;596.397;596.397;32.553;35.745;3073.864;4.363;0.000;0.000;5.123;8.161;0.007;17.647;17.647;40.813;62.288;35.209;28.332;50.121;2.166;0.786;0.473;1.661;0.038;3.365;65.653;64.252;33.914;0.581;1.477;0.581;0.012;0.436;5.446;0.163;0;2;34.559;34.561;nan;nan;nan;135548;1;0;0;0;0;0;0
197;1;1;1;IDLE;0.000;0.000;1.000;18836.470792;18836.474695;18836.512921;18836.569067;798336;798336;798336;9980;21;12773376;12773416;100.000;576.270;576.270;6.518;7.152;3065.620;4.360;0.000;0.000;5.927;9.582;0.004;19.869;19.869;72.206;94.372;38.227;21.054;51.978;3.140;0.841;0.429;1.482;0.035;3.903;98.275;96.487;33.484;0.151;1.394;0.151;0.002;0.549;5.572;0.167;0;2;31.912;31.914;nan;nan;nan;27072;1;0;0;0;0;0;0
198;1;1;1;IDLE;0.000;0.000;1.000;18836.503388;18836.506679;18836.542925;18836.601015;798454;798454;798454;9981;17;12775264;12775304;100.000;598.731;598.731;5.255;5.764;3066.073;4.173;0.000;0.000;4.744;9.893;0.003;18.809;18.809;72.999;94.336;36.246;19.939;51.894;2.072;0.783;0.447;1.411;0.031;3.291;97.628;95.103;31.984;1.349;1.392;1.349;0.002;0.269;5.368;0.161;0;2;36.029;36.031;nan;nan;nan;21808;1;0;0;0;0;0;0
199;1;1;1;IDLE;0.000;0.000;1.000;18836.537762;18836.540994;18836.578103;18836.634822;800770;800770;800770;10010;17;12812320;12812360;100.000;589.769;589.769;5.210;5.719;3074.966;4.156;0.000;0.000;6.311;8.610;0.002;19.077;19.077;72.104;93.829;37.110;20.332;51.407;3.413;0.815;0.428;1.619;0.037;3.231;97.060;95.576;34.315;0.981;1.366;0.981;0.003;0.461;5.610;0.168;0;2;31.517;31.519;nan;nan;nan;21620;1;0;0;0;0;0;0
200;1;1;1;IDLE;0.000;0.000;1.000;18836.571203;18836.574363;18836.609349;18836.668672;802378;802378;802378;10030;19;12838048;12838088;100.000;596.320;596.320;5.887;6.458;3081.141;4.156;0.000;0.000;5.091;7.781;0.003;17.028;17.028;72.780;94.309;34.986;18.056;48.672;2.045;0.782;0.455;1.775;0.034;3.160;97.468;96.092;33.369;0.036;1.283;0.036;0.003;0.581;5.485;0.165;0;2;33.252;33.253;nan;nan;nan;24440;1;0;0;0;0;0;0
201;1;1;1;IDLE;0.000;0.000;1.000;18836.604293;18836.607548;18836.644668;18836.700274;805285;805285;805285;10067;21;12884560;12884600;100.000;604.785;604.785;6.564;7.198;3092.304;4.426;0.000;0.000;5.940;9.020;0.003;19.387;19.387;71.421;92.726;37.119;20.908;52.230;3.240;0.775;0.434;1.453;0.038;3.255;95.981;94.361;33.185;0.148;1.212;0.148;0.003;0.850;5.603;0.168;0;2;33.020;33.022;nan;nan;nan;27260;1;0;0;0;0;0;0
202;1;1;1;IDLE;0.000;0.000;1.000;18836.638005;18836.641802;18836.676895;18836.736480;803318;803318;803318;10042;22;12853088;12853128;100.000;592.935;592.935;6.699;7.364;3084.751;4.239;0.000;0.000;5.159;8.169;0.002;17.567;17.567;73.001;94.678;35.093;18.554;50.058;2.177;0.765;0.459;1.726;0.032;3.796;98.475;97.234;34.253;0.920;1.194;0.920;0.002;0.085;5.498;0.165;0;2;31.545;31.546;nan;nan;nan;27824;1;0;0;0;0;0;0
203;1;1;1;IDLE;0.000;0.000;1.000;18836.670928;18836.674111;18836.707905;18836.768025;802036;802036;802036;10026;23;12832576;12832616;100.000;606.989;606.989;7.015;7.711;3079.828;4.225;0.000;0.000;5.002;7.107;0.002;16.333;16.333;72.773;93.914;33.794;17.392;48.332;2.157;0.784;0.470;1.561;0.029;3.182;97.097;95.446;32.309;1.024;1.183;1.024;0.002;0.541;5.377;0.161;0;2;35.679;35.680;nan;nan;nan;29140;1;0;0;0;0;0;0
204;1;1;1;IDLE;0.000;0.000;1.000;18836.704237;18836.707944;18836.746715;18836.802450;810228;810228;810228;10128;22;12963648;12963688;100.000;593.004;593.004;6.789;7.454;3111.285;4.529;0.000;0.000;6.644;9.832;0.004;21.006;21.006;72.645;94.506;38.771;22.227;54.179;3.884;0.786;0.437;1.502;0.035;3.707;98.213;96.537;33.833;0.500;1.140;0.500;0.002;0.429;5.698;0.171;0;2;31.137;31.139;nan;nan;nan;28200;1;0;0;0;0;0;0
205;1;1;1;IDLE;0.000;0.000;1.000;18836.736293;18836.739561;18836.775971;18836.802514;808185;808185;808185;10103;20;12930960;12931000;100.000;617.318;617.318;6.338;6.941;3103.440;3.983;0.000;0.000;4.896;10.467;0.001;19.346;19.346;42.006;62.953;36.410;30.731;53.134;2.188;0.797;0.461;1.419;0.031;3.267;66.220;63.268;31.617;1.716;1.176;1.716;0.011;0.087;5.501;0.165;0;2;36.943;36.944;nan;nan;nan;26320;1;0;0;0;0;0;0
206;1;1;1;IDLE;0.000;0.000;1.000;18836.771164;18836.774445;18836.811873;18836.868857;815223;815223;815223;10191;21;13043568;13043608;100.000;601.689;601.689;6.518;7.152;3130.466;4.276;0.000;0.000;6.290;8.839;0.003;19.404;19.404;72.733;94.412;37.427;20.553;51.846;3.469;0.776;0.439;1.568;0.037;3.282;97.694;96.278;34.885;1.551;1.200;1.551;0.002;0.617;5.704;0.171;0;2;31.128;31.130;nan;nan;nan;27072;1;0;0;0;0;0;0
207;1;1;1;IDLE;0.000;0.000;1.000;18836.803740;18836.806924;18836.842125;18836.900071;799426;799426;799426;9993;22;12790816;12790856;100.000;604.654;604.654;6.699;7.364;3069.805;3.973;0.000;0.000;5.338;8.630;0.002;17.941;17.941;71.993;93.147;35.201;19.261;50.968;2.649;0.789;0.461;1.407;0.032;3.183;96.330;94.158;32.478;0.855;1.178;0.855;0.009;0.069;5.616;0.168;0;2;35.359;35.360;nan;nan;nan;27824;1;0;0;0;0;0;0
208;1;1;1;IDLE;0.000;0.000;1.000;18836.838212;18836.841781;18836.878207;18836.929388;790320;790320;790320;9879;21;12645120;12645160;100.000;600.255;600.255;6.564;7.198;3034.838;4.271;0.000;0.000;5.976;9.020;0.002;19.267;19.267;66.540;87.607;36.426;21.993;52.894;3.348;0.749;0.435;1.409;0.035;3.569;91.176;90.142;34.858;1.524;1.200;1.524;0.003;0.360;5.711;0.171;0;2;30.880;30.882;nan;nan;nan;27260;1;0;0;0;0;0;0
209;1;1;1;IDLE;0.000;0.000;1.000;18836.870638;18836.873795;18836.908277;18836.968470;795945;795945;795945;9950;21;12735120;12735160;100.000;617.328;617.328;6.518;7.152;3056.438;4.102;0.000;0.000;5.617;8.020;0.002;17.739;17.739;74.045;94.675;34.482;18.737;51.445;2.211;0.790;0.483;2.098;0.034;3.157;97.831;95.890;32.014;1.319;1.207;1.319;0.003;0.211;5.693;0.171;0;2;29.126;29.128;nan;nan;nan;27072;1;0;0;0;0;0;0
210;1;1;1;IDLE;0.000;0.000;1.000;18836.905189;18836.910348;18836.946363;18836.999545;792891;792891;792891;9912;22;12686256;12686296;100.000;634.504;634.504;6.744;7.409;3044.711;4.442;0.000;0.000;5.034;10.019;0.003;19.496;19.496;69.203;89.197;36.015;21.857;54.132;2.368;0.770;0.459;1.408;0.030;5.159;94.356;93.632;36.553;3.219;1.333;3.219;0.002;0.965;5.533;0.166;0;1;32.122;32.123;nan;nan;nan;28012;1;0;0;0;0;0;0
211;1;1;1;IDLE;0.000;0.000;1.000;18836.937932;18836.943195;18836.976165;18837.028622;797320;797320;797320;9967;104;12757120;12757160;100.000;643.631;643.631;32.733;35.957;3061.718;4.487;0.000;0.000;4.329;8.765;0.004;17.581;17.581;65.606;85.427;32.970;20.581;53.324;1.685;0.778;0.449;1.391;0.026;5.263;90.689;89.376;32.847;0.486;1.280;0.486;0.002;0.052;5.235;0.157;0;2;32.139;32.143;nan;nan;nan;136300;1;0;0;0;0;0;0
212;1;1;1;IDLE;0.000;0.000;1.000;18836.970689;18836.973871;18837.007505;18837.068699;805214;805214;805214;10066;21;12883424;12883464;100.000;618.908;618.908;6.473;7.107;3092.031;4.336;0.000;0.000;4.834;7.648;0.002;16.818;16.818;74.011;94.828;33.634;17.735;50.002;2.049;0.787;0.474;1.495;0.029;3.182;98.009;96.119;30.676;2.658;1.366;2.658;0.002;0.333;5.137;0.154;0;2;28.760;28.762;nan;nan;nan;26884;1;0;0;0;0;0;0
213;1;1;1;IDLE;0.000;0.000;1.000;18837.004209;18837.008784;18837.047602;18837.101176;797126;797126;797126;9965;16;12754016;12754056;100.000;612.890;612.890;5.029;5.508;3060.973;4.495;0.000;0.000;6.026;11.023;0.002;21.545;21.545;71.582;92.391;38.817;23.319;55.503;3.366;0.768;0.454;1.404;0.034;4.576;96.967;95.263;34.914;1.580;1.380;1.580;0.002;0.955;5.364;0.161;0;1;32.116;32.118;nan;nan;nan;20868;1;0;0;0;0;0;0
214;1;1;1;IDLE;0.000;0.000;1.000;18837.036881;18837.041929;18837.076666;18837.134430;803136;803136;803136;10040;14;12850176;12850216;100.000;611.693;611.693;4.217;4.633;3084.052;4.537;0.000;0.000;5.005;8.498;0.003;18.039;18.039;71.494;92.501;34.737;19.502;51.932;2.351;0.775;0.453;1.398;0.027;5.048;97.550;95.184;33.144;0.189;1.305;0.189;0.010;0.216;5.279;0.158;0;2;33.003;33.005;nan;nan;nan;17484;1;0;0;0;0;0;0
215;1;1;1;IDLE;0.000;0.000;1.000;18837.070759;18837.074142;18837.109340;18837.169991;809297;809297;809297;10117;19;12948752;12948792;100.000;611.498;611.498;5.842;6.413;3107.710;4.167;0.000;0.000;5.826;7.610;0.003;17.602;17.602;74.673;95.848;35.198;18.365;50.010;3.187;0.777;0.431;1.397;0.033;3.383;99.231;97.411;32.213;1.120;1.294;1.120;0.002;0.584;5.421;0.163;0;2;32.695;32.697;nan;nan;nan;24252;1;0;0;0;0;0;0
216;1;1;1;IDLE;0.000;0.000;1.000;18837.104592;18837.107802;18837.142823;18837.202053;808156;808156;808156;10102;21;12930496;12930536;100.000;593.673;593.673;6.518;7.152;3103.329;4.408;0.000;0.000;4.808;8.017;0.004;17.233;17.233;72.470;94.251;35.020;18.285;49.209;2.125;0.773;0.432;1.446;0.033;3.211;97.461;96.140;33.660;0.327;1.233;0.327;0.002;0.411;5.274;0.158;0;2;35.180;35.182;nan;nan;nan;27072;1;0;0;0;0;0;0
217;1;1;1;IDLE;0.000;0.000;1.000;18837.138435;18837.141912;18837.180907;18837.234722;810355;810355;810355;10130;22;12965680;12965720;100.000;588.367;588.367;6.879;7.545;3111.773;4.474;0.000;0.000;6.005;10.017;0.003;20.496;20.496;70.773;92.810;38.996;22.084;52.560;3.291;0.758;0.432;1.490;0.035;3.477;96.287;95.476;34.109;0.776;1.205;0.776;0.002;0.934;5.463;0.164;0;2;31.155;31.159;nan;nan;nan;28576;1;0;0;0;0;0;0
218;1;1;1;IDLE;0.000;0.000;1.000;18837.170303;18837.173362;18837.210978;18837.234787;810211;810211;810211;10128;22;12963376;12963416;100.000;619.120;619.120;6.970;7.635;3111.220;4.054;0.000;0.000;4.866;11.655;0.002;20.574;20.574;40.487;61.425;37.616;33.494;54.695;2.179;0.784;0.456;1.417;0.030;3.059;64.485;62.208;31.451;1.883;1.247;1.883;0.002;0.154;5.317;0.159;0;2;35.395;35.396;nan;nan;nan;28952;1;0;0;0;0;0;0
219;1;1;1;IDLE;0.000;0.000;1.000;18837.204504;18837.207883;18837.243084;18837.301807;808645;808645;808645;10109;23;12938320;12938360;100.000;597.188;597.188;7.060;7.756;3105.206;4.198;0.000;0.000;5.140;8.042;0.004;17.381;17.381;72.259;93.925;35.201;18.505;49.375;2.059;0.775;0.438;1.836;0.032;3.379;97.304;95.895;34.521;1.187;1.243;1.187;0.002;0.350;5.278;0.158;0;2;33.397;33.399;nan;nan;nan;29328;1;0;0;0;0;0;0
220;1;1;1;IDLE;0.000;0.000;1.000;18837.237766;18837.240902;18837.278136;18837.334765;810783;810783;810783;10135;21;12972528;12972568;100.000;599.068;599.068;6.609;7.243;3113.416;4.442;0.000;0.000;5.856;9.016;0.003;19.314;19.314;72.208;93.863;37.234;20.577;51.871;3.205;0.780;0.438;1.397;0.035;3.136;96.999;95.519;33.019;0.315;1.185;0.315;0.002;0.705;5.427;0.163;0;2;32.683;32.685;nan;nan;nan;27448;1;0;0;0;0;0;0
221;1;1;1;IDLE;0.000;0.000;1.000;18837.270987;18837.274067;18837.311211;18837.334833;807088;807088;807088;10089;21;12913408;12913448;100.000;592.610;592.610;6.654;7.288;3099.228;4.157;0.000;0.000;5.917;9.017;0.002;19.091;19.091;38.976;60.767;37.144;31.417;51.398;3.240;0.808;0.435;1.400;0.034;3.080;63.846;62.254;33.165;0.168;1.122;0.168;0.002;0.415;5.555;0.167;0;2;32.567;32.569;nan;nan;nan;27636;1;0;0;0;0;0;0
222;1;1;1;IDLE;0.000;0.000;1.000;18837.304239;18837.307299;18837.343313;18837.400519;809369;809369;809369;10118;22;12949904;12949944;100.000;594.467;594.467;6.699;7.364;3107.987;4.420;0.000;0.000;5.651;8.044;0.004;18.116;18.116;71.435;93.219;36.014;19.433;50.301;2.361;0.813;0.474;1.971;0.033;3.060;96.279;94.606;33.232;0.101;1.058;0.101;0.002;0.532;5.584;0.168;0;2;33.215;33.217;nan;nan;nan;27824;1;0;0;0;0;0;0
223;1;1;1;IDLE;0.000;0.000;1.000;18837.337688;18837.340750;18837.379370;18837.400585;795354;795354;795354;9942;21;12725664;12725704;100.000;580.508;580.508;6.654;7.288;3054.169;4.311;0.000;0.000;5.776;10.018;0.001;20.104;20.104;37.914;59.836;38.621;33.599;52.055;3.122;0.774;0.435;1.410;0.034;3.061;62.897;61.339;33.450;0.117;0.999;0.117;0.010;0.895;5.637;0.169;0;2;31.162;31.165;nan;nan;nan;27636;1;0;0;0;0;0;0
224;1;1;1;IDLE;0.000;0.000;1.000;18837.371137;18837.374269;18837.409440;18837.468195;795455;795455;795455;9944;21;12727280;12727320;100.000;600.511;600.511;6.564;7.198;3054.557;4.269;0.000;0.000;5.035;8.015;0.003;17.319;17.319;72.732;93.926;35.171;18.439;49.242;2.221;0.791;0.492;1.502;0.030;3.132;97.058;95.615;33.519;0.186;0.948;0.186;0.002;0.924;5.489;0.165;0;2;33.279;33.282;nan;nan;nan;27260;1;0;0;0;0;0;0
225;1;1;1;IDLE;0.000;0.000;1.000;18837.404390;18837.407828;18837.443789;18837.500994;795720;795720;795720;9947;22;12731520;12731560;100.000;608.896;608.896;6.699;7.364;3055.574;4.335;0.000;0.000;5.937;8.286;0.003;18.559;18.559;72.256;93.166;35.961;19.920;51.608;3.186;0.846;0.432;1.439;0.034;3.438;96.604;95.081;33.559;0.226;0.903;0.226;0.002;0.824;5.606;0.168;0;2;32.687;32.689;nan;nan;nan;27824;1;0;0;0;0;0;0
226;1;1;1;IDLE;0.000;0.000;1.000;18837.437051;18837.440270;18837.476364;18837.501895;798723;798723;798723;9985;105;12779568;12779608;100.000;605.190;605.190;33.184;36.439;3067.106;4.224;0.000;0.000;6.737;7.754;0.008;18.715;18.715;40.508;61.625;36.094;30.369;51.850;3.494;1.085;0.439;1.681;0.037;3.219;64.844;62.649;32.443;0.891;0.902;0.891;0.003;0.483;5.903;0.177;0;2;32.378;32.382;nan;nan;nan;138180;1;0;0;0;0;0;0
227;1;1;1;IDLE;0.000;0.000;1.000;18837.471276;18837.474403;18837.509361;18837.566847;807441;807441;807441;10094;20;12919056;12919096;100.000;600.908;600.908;6.112;6.715;3100.583;4.443;0.000;0.000;5.061;7.706;0.003;17.210;17.210;70.945;92.445;34.959;18.617;49.230;2.274;0.876;0.478;1.401;0.032;3.127;95.572;94.268;34.132;0.799;0.896;0.799;0.003;0.689;5.697;0.171;0;2;34.163;34.164;nan;nan;nan;25380;1;0;0;0;0;0;0
228;1;1;1;IDLE;0.000;0.000;1.000;18837.504900;18837.508358;18837.545780;18837.595900;803316;803316;803316;10042;18;12853056;12853096;100.000;593.971;593.971;5.436;5.976;3084.743;4.338;0.000;0.000;5.793;9.043;0.001;19.174;19.174;65.902;87.541;37.421;21.903;51.238;3.117;0.756;0.439;1.448;0.033;3.458;90.999;89.987;33.956;0.622;0.879;0.622;0.002;0.942;5.726;0.172;0;2;30.108;30.108;nan;nan;nan;22560;1;0;0;0;0;0;0
229;1;1;1;IDLE;0.000;0.000;1.000;18837.537262;18837.540511;18837.573615;18837.634824;809074;809074;809074;10114;18;12945184;12945224;100.000;628.847;628.847;5.616;6.156;3106.854;3.988;0.000;0.000;4.870;7.249;0.002;16.108;16.108;73.727;94.313;33.104;17.079;48.658;2.136;0.789;0.457;1.457;0.031;3.248;97.561;95.578;32.152;1.181;0.898;1.181;0.002;0.396;5.516;0.165;0;2;29.527;29.533;nan;nan;nan;23312;1;0;0;0;0;0;0
230;1;1;1;IDLE;0.000;0.000;1.000;18837.571221;18837.575108;18837.612285;18837.668321;808265;808265;808265;10104;19;12932240;12932280;100.000;620.615;620.615;5.932;6.504;3103.747;4.462;0.000;0.000;6.014;9.372;0.002;19.848;19.848;72.375;93.213;37.177;21.293;53.387;3.305;0.781;0.451;1.442;0.034;3.887;97.100;95.742;34.597;1.264;0.921;1.264;0.002;0.950;5.646;0.169;0;1;31.907;31.908;nan;nan;nan;24628;1;0;0;0;0;0;0
231;1;1;1;IDLE;0.000;0.000;1.000;18837.605014;18837.609999;18837.642381;18837.702822;818848;818848;818848;10236;22;13101568;13101608;100.000;642.186;642.186;6.699;7.364;3144.386;5.586;0.000;0.000;4.377;7.407;0.003;17.370;17.370;72.421;92.823;32.382;18.713;53.641;1.700;0.800;0.452;1.396;0.029;4.985;97.808;96.909;34.891;1.558;0.960;1.558;0.002;0.193;5.337;0.160;0;2;33.343;33.344;nan;nan;nan;27824;1;0;0;0;0;0;0
232;1;1;1;IDLE;0.000;0.000;1.000;18837.637127;18837.640280;18837.676905;18837.735083;820617;820617;820617;10258;22;13129872;13129912;100.000;614.482;614.482;6.699;7.364;3151.179;4.189;0.000;0.000;6.620;7.847;0.004;18.656;18.656;73.435;94.803;36.625;19.679;50.939;3.322;0.946;0.446;1.869;0.036;3.154;97.956;95.837;30.281;3.052;1.091;3.052;0.005;0.785;5.667;0.170;0;2;33.756;33.761;nan;nan;nan;27824;1;0;0;0;0;0;0
233;1;1;1;IDLE;0.000;0.000;1.000;18837.671608;18837.674822;18837.711654;18837.768769;814146;814146;814146;10177;22;13026336;13026376;100.000;606.833;606.833;6.789;7.454;3126.330;4.463;0.000;0.000;6.493;8.534;0.003;19.490;19.490;72.481;93.947;36.833;20.745;52.915;3.338;0.785;0.437;1.899;0.035;3.214;97.161;96.190;34.542;1.208;1.098;1.208;0.003;0.336;5.879;0.176;0;2;31.958;31.959;nan;nan;nan;28200;1;0;0;0;0;0;0
234;1;1;1;IDLE;0.000;0.000;1.000;18837.704555;18837.707660;18837.743224;18837.802698;814852;814852;814852;10186;22;13037632;13037672;100.000;583.338;583.338;6.834;7.500;3129.041;4.391;0.000;0.000;5.041;8.027;0.002;17.459;17.459;72.688;95.038;35.564;18.370;49.091;2.089;0.796;0.477;1.645;0.034;3.105;98.144;96.785;32.838;0.495;1.061;0.495;0.003;0.142;5.675;0.170;0;2;33.569;33.570;nan;nan;nan;28388;1;0;0;0;0;0;0
235;1;1;1;IDLE;0.000;0.000;1.000;18837.737732;18837.740836;18837.777878;18837.834622;815725;815725;815725;10197;21;13051600;13051640;100.000;603.071;603.071;6.518;7.152;3132.394;4.375;0.000;0.000;6.239;8.580;0.003;19.194;19.194;72.144;93.786;37.042;20.466;51.817;3.564;0.785;0.442;1.410;0.037;3.104;96.890;95.376;33.176;0.157;1.004;0.157;0.003;0.578;5.826;0.175;0;2;33.396;33.398;nan;nan;nan;27072;1;0;0;0;0;0;0
236;1;1;1;IDLE;0.000;0.000;1.000;18837.770657;18837.773954;18837.812623;18837.868093;816078;816078;816078;10201;21;13057248;13057288;100.000;573.357;573.357;6.518;7.152;3133.749;4.364;0.000;0.000;5.941;9.268;0.003;19.573;19.573;71.366;94.139;38.669;20.792;50.617;2.585;0.801;0.447;2.073;0.035;3.297;97.436;95.514;33.118;0.215;0.955;0.215;0.003;0.682;5.860;0.176;0;2;31.264;31.265;nan;nan;nan;27072;1;0;0;0;0;0;0
237;1;1;1;IDLE;0.000;0.000;1.000;18837.804521;18837.807848;18837.843515;18837.901104;810868;810868;810868;10136;21;12973888;12973928;100.000;606.088;606.088;6.654;7.288;3113.743;4.248;0.000;0.000;5.337;8.083;0.002;17.668;17.668;71.850;93.256;35.667;18.946;49.536;2.479;0.800;0.489;1.537;0.032;3.327;96.583;95.191;33.894;0.560;0.930;0.560;0.002;0.838;5.734;0.172;0;2;32.658;32.659;nan;nan;nan;27636;1;0;0;0;0;0;0
238;1;1;1;IDLE;0.000;0.000;1.000;18837.837753;18837.840884;18837.876359;18837.934768;801907;801907;801907;10024;21;12830512;12830552;100.000;582.884;582.884;6.564;7.198;3079.332;4.291;0.000;0.000;5.159;7.854;0.003;17.304;17.304;71.871;93.884;35.475;18.432;48.779;2.043;0.776;0.460;1.846;0.035;3.131;97.014;95.522;33.036;0.297;0.891;0.297;0.010;0.439;5.595;0.168;0;2;32.595;32.598;nan;nan;nan;27260;1;0;0;0;0;0;0
239;1;1;1;IDLE;0.000;0.000;1.000;18837.871156;18837.874257;18837.909328;18837.968680;799196;799196;799196;9990;22;12787136;12787176;100.000;585.629;585.629;6.789;7.454;3068.922;4.471;0.000;0.000;4.982;7.746;0.003;17.199;17.199;72.588;94.423;35.071;18.215;49.040;2.239;0.787;0.470;1.454;0.031;3.100;97.524;96.101;33.373;0.039;0.838;0.039;0.003;0.504;5.447;0.163;0;2;33.182;33.183;nan;nan;nan;28200;1;0;0;0;0;0;0
240;1;1;1;IDLE;0.000;0.000;1.000;18837.904368;18837.907535;18837.943765;18838.000798;799621;799621;799621;9996;22;12793936;12793976;100.000;602.008;602.008;6.834;7.500;3070.554;4.338;0.000;0.000;5.949;8.099;0.003;18.385;18.385;72.010;93.262;36.230;19.713;50.746;3.276;0.784;0.447;1.409;0.032;3.167;96.429;94.885;33.279;0.055;0.789;0.055;0.002;0.927;5.577;0.167;0;2;33.010;33.011;nan;nan;nan;28388;1;0;0;0;0;0;0
241;1;1;1;IDLE;0.000;0.000;1.000;18837.937950;18837.941275;18837.977756;18838.037072;808174;808174;808174;10103;106;12930784;12930824;100.000;593.283;593.283;33.455;36.741;3103.398;4.245;0.000;0.000;5.569;9.018;0.011;18.832;18.832;74.002;95.797;36.481;19.658;51.620;2.535;0.778;0.468;1.749;0.039;3.325;99.122;97.826;33.739;0.406;0.765;0.406;0.012;0.086;5.580;0.167;0;2;32.056;32.057;nan;nan;nan;139308;1;0;0;0;0;0;0
242;1;1;1;IDLE;0.000;0.000;1.000;18837.971063;18837.974104;18838.009830;18838.069025;810609;810609;810609;10133;22;12969744;12969784;100.000;600.226;600.226;6.744;7.409;3112.748;4.288;0.000;0.000;5.056;9.021;0.002;18.365;18.365;73.312;94.921;35.726;19.348;51.406;2.133;0.785;0.476;1.631;0.030;3.041;97.961;96.445;32.830;0.504;0.748;0.504;0.003;0.037;5.453;0.164;0;2;36.259;36.260;nan;nan;nan;28012;1;0;0;0;0;0;0
243;1;1;1;IDLE;0.000;0.000;1.000;18838.004608;18838.008009;18838.047916;18838.100581;809086;809086;809086;10114;15;12945376;12945416;100.000;582.035;582.035;4.759;5.206;3106.900;4.269;0.000;0.000;6.789;10.019;0.002;21.076;21.076;70.330;92.572;39.907;22.768;52.814;3.931;0.799;0.441;1.578;0.039;3.401;95.973;94.668;33.905;0.572;0.737;0.572;0.002;0.855;5.792;0.174;0;2;31.123;31.125;nan;nan;nan;19740;1;0;0;0;0;0;0
244;1;1;1;IDLE;0.000;0.000;1.000;18838.037113;18838.040266;18838.077995;18838.137082;804105;804105;804105;10052;17;12865680;12865720;100.000;631.774;631.774;5.255;5.764;3087.773;3.995;0.000;0.000;4.878;12.035;0.002;20.908;20.908;76.451;96.816;37.729;21.595;55.416;2.186;0.780;0.452;1.429;0.032;3.154;99.969;97.836;32.257;1.076;0.759;1.076;0.002;0.448;5.567;0.167;0;2;34.618;34.620;nan;nan;nan;21808;1;0;0;0;0;0;0
245;1;1;1;IDLE;0.000;0.000;1.000;18838.071306;18838.074409;18838.107827;18838.168260;810243;810243;810243;10129;19;12963888;12963928;100.000;609.271;609.271;5.842;6.413;3111.343;4.273;0.000;0.000;4.876;6.972;0.003;16.120;16.120;72.573;93.851;33.418;17.176;48.237;2.097;0.800;0.462;1.487;0.030;3.103;96.953;95.680;34.143;0.809;0.762;0.809;0.002;0.291;5.397;0.162;0;2;36.221;36.223;nan;nan;nan;24252;1;0;0;0;0;0;0
246;1;1;1;IDLE;0.000;0.000;1.000;18838.104267;18838.107705;18838.146684;18838.202873;808451;808451;808451;10106;21;12935216;12935256;100.000;591.014;591.014;6.564;7.198;3104.461;4.638;0.000;0.000;7.449;9.552;0.003;21.639;21.639;73.281;95.168;38.979;22.738;55.516;3.995;1.175;0.437;1.804;0.038;3.438;98.606;96.961;33.297;0.037;0.716;0.037;0.003;0.088;5.916;0.177;0;2;31.122;31.124;nan;nan;nan;27260;1;0;0;0;0;0;0
247;1;1;1;IDLE;0.000;0.000;1.000;18838.136267;18838.139965;18838.176215;18838.234374;818595;818595;818595;10233;22;13097520;13097560;100.000;611.604;611.604;6.924;7.590;3143.414;3.830;0.000;0.000;4.875;9.032;0.002;17.736;17.736;72.994;94.409;36.250;18.787;48.928;2.198;0.793;0.457;1.397;0.030;3.698;98.107;95.128;32.259;1.074;0.739;1.074;0.002;0.925;5.659;0.170;0;2;35.683;35.687;nan;nan;nan;28764;1;0;0;0;0;0;0
248;1;1;1;IDLE;0.000;0.000;1.000;18838.171326;18838.174480;18838.213302;18838.269237;813416;813416;813416;10168;22;13014656;13014696;100.000;596.199;596.199;6.924;7.590;3123.527;4.490;0.000;0.000;6.517;10.021;0.004;21.028;21.028;72.927;94.757;38.822;22.192;54.165;3.670;0.824;0.443;1.531;0.049;3.154;97.911;96.658;34.515;1.182;0.766;1.182;0.003;0.450;5.880;0.176;0;2;31.089;31.091;nan;nan;nan;28764;1;0;0;0;0;0;0
249;1;1;1;IDLE;0.000;0.000;1.000;18838.203767;18838.207476;18838.242370;18838.299681;816251;816251;816251;10204;23;13060016;13060056;100.000;605.400;605.400;7.150;7.847;3134.413;4.131;0.000;0.000;4.987;8.096;0.002;17.213;17.213;70.633;92.206;34.894;18.669;49.330;2.213;0.805;0.484;1.456;0.029;3.709;95.914;93.768;32.995;0.338;0.740;0.338;0.009;0.229;5.661;0.170;0;2;34.958;34.960;nan;nan;nan;29704;1;0;0;0;0;0;0
250;1;1;1;IDLE;0.000;0.000;1.000;18838.238619;18838.242642;18838.277942;18838.336255;820584;820584;820584;10258;22;13129344;13129384;100.000;631.369;631.369;6.879;7.545;3151.052;4.266;0.000;0.000;5.763;8.507;0.002;18.535;18.535;72.817;93.612;35.299;19.800;52.509;3.091;0.784;0.442;1.411;0.034;4.024;97.636;97.008;35.167;1.833;0.808;1.833;0.003;0.231;5.692;0.171;0;2;30.243;30.244;nan;nan;nan;28576;1;0;0;0;0;0;0
251;1;1;1;IDLE;0.000;0.000;1.000;18838.270230;18838.273387;18838.308523;18838.367423;817535;817535;817535;10220;21;13080560;13080600;100.000;617.833;617.833;6.473;7.107;3139.344;4.033;0.000;0.000;5.103;8.014;0.003;17.150;17.150;72.865;94.037;35.137;18.237;48.808;2.220;0.812;0.479;1.562;0.030;3.156;97.193;94.844;30.744;2.589;0.919;2.589;0.003;0.844;5.547;0.166;0;2;35.739;35.741;nan;nan;nan;26884;1;0;0;0;0;0;0
252;1;1;1;IDLE;0.000;0.000;1.000;18838.304310;18838.308625;18838.345609;18838.402227;812707;812707;812707;10159;22;13003312;13003352;100.000;622.610;622.610;6.879;7.545;3120.804;4.326;0.000;0.000;6.698;9.012;0.003;20.037;20.037;72.717;93.603;36.984;21.406;54.176;3.635;0.789;0.443;1.793;0.038;4.315;97.918;96.315;35.238;1.905;0.981;1.905;0.002;0.385;5.842;0.175;0;2;30.823;30.825;nan;nan;nan;28576;1;0;0;0;0;0;0
253;1;1;1;IDLE;0.000;0.000;1.000;18838.337540;18838.340798;18838.375683;18838.434718;811017;811017;811017;10138;23;12976272;12976312;100.000;606.271;606.271;7.060;7.756;3114.315;4.070;0.000;0.000;5.190;8.022;0.002;17.282;17.282;72.516;93.920;34.885;18.401;49.539;2.237;0.790;0.473;1.658;0.032;3.258;97.178;95.472;32.173;1.160;0.992;1.160;0.003;0.266;5.684;0.171;0;2;34.563;34.564;nan;nan;nan;29328;1;0;0;0;0;0;0
254;1;1;1;IDLE;0.000;0.000;1.000;18838.371040;18838.374263;18838.410760;18838.469756;812416;812416;812416;10156;22;12998656;12998696;100.000;603.169;603.169;6.744;7.409;3119.687;4.471;0.000;0.000;6.376;8.015;0.002;18.863;18.863;73.942;95.493;36.497;19.753;51.683;3.466;0.785;0.445;1.643;0.038;3.223;98.715;97.177;33.465;0.132;0.938;0.132;0.003;0.551;5.863;0.176;0;2;31.969;31.970;nan;nan;nan;28012;1;0;0;0;0;0;0
255;1;1;1;IDLE;0.000;0.000;1.000;18838.404522;18838.407676;18838.442834;18838.501089;815874;815874;815874;10199;22;13053984;13054024;100.000;597.578;597.578;6.744;7.409;3132.966;4.171;0.000;0.000;5.167;8.019;0.003;17.358;17.358;71.569;93.414;35.159;18.581;49.369;2.103;0.788;0.459;1.785;0.032;3.154;96.568;95.177;33.412;0.079;0.885;0.079;0.002;0.124;5.694;0.171;0;2;34.937;34.938;nan;nan;nan;28012;1;0;0;0;0;0;0
256;1;1;1;IDLE;0.000;0.000;1.000;18838.438697;18838.442410;18838.478860;18838.535526;811813;811813;811813;10148;105;12989008;12989048;100.000;611.362;611.362;33.094;36.349;3117.372;4.318;0.000;0.000;6.062;8.959;0.009;19.340;19.340;71.870;93.117;36.450;20.769;53.059;3.259;0.781;0.452;1.535;0.035;3.713;96.830;96.280;34.734;1.401;0.917;1.401;0.002;0.179;5.792;0.174;0;2;31.180;31.186;nan;nan;nan;137804;1;0;0;0;0;0;0
257;1;1;1;IDLE;0.000;0.000;1.000;18838.470351;18838.473606;18838.510074;18838.566704;809323;809323;809323;10117;22;12949168;12949208;100.000;601.334;601.334;6.744;7.409;3107.810;4.098;0.000;0.000;4.869;10.034;0.003;19.002;19.002;71.563;93.098;36.468;20.410;52.105;2.175;0.773;0.438;1.454;0.030;3.256;96.354;94.125;31.196;2.137;0.993;2.137;0.002;0.027;5.565;0.167;0;2;35.483;35.484;nan;nan;nan;28012;1;0;0;0;0;0;0
258;1;1;1;IDLE;0.000;0.000;1.000;18838.504724;18838.508258;18838.544416;18838.601548;806066;806066;806066;10076;16;12897056;12897096;100.000;606.091;606.091;4.939;5.417;3095.303;4.568;0.000;0.000;5.948;8.363;0.002;18.879;18.879;72.011;93.290;36.158;20.236;52.212;3.254;0.777;0.443;1.436;0.038;3.534;96.824;95.635;34.652;1.318;1.013;1.318;0.011;0.556;5.666;0.170;0;2;30.648;30.649;nan;nan;nan;20492;1;0;0;0;0;0;0
259;1;1;1;IDLE;0.000;0.000;1.000;18838.537122;18838.540291;18838.574108;18838.636531;803994;803994;803994;10050;17;12863904;12863944;100.000;606.787;606.787;5.255;5.764;3087.347;4.027;0.000;0.000;5.193;6.983;0.002;16.202;16.202;75.040;96.240;33.818;16.835;47.911;2.263;0.789;0.478;1.632;0.032;3.169;99.409;97.285;32.033;1.301;1.031;1.301;0.002;0.439;5.550;0.167;0;2;34.415;34.418;nan;nan;nan;21808;1;0;0;0;0;0;0
260;1;1;1;IDLE;0.000;0.000;1.000;18838.571047;18838.574688;18838.611226;18838.668425;804675;804675;804675;10059;19;12874800;12874840;100.000;589.647;589.647;5.842;6.413;3089.962;4.592;0.000;0.000;4.983;9.016;0.002;18.590;18.590;71.902;93.737;36.538;19.832;50.879;2.192;0.766;0.441;1.552;0.031;3.641;97.378;95.846;34.397;1.064;1.033;1.064;0.002;0.701;5.415;0.162;0;2;34.318;34.319;nan;nan;nan;24252;1;0;0;0;0;0;0
261;1;1;1;IDLE;0.000;0.000;1.000;18838.604950;18838.608105;18838.646876;18838.701887;803023;803023;803023;10038;20;12848368;12848408;100.000;590.588;590.588;6.203;6.805;3083.618;4.324;0.000;0.000;6.641;9.580;0.002;20.545;20.545;72.026;93.781;38.771;21.908;52.991;3.337;1.073;0.446;1.749;0.036;3.155;96.936;95.974;33.418;0.084;0.974;0.084;0.002;0.791;5.726;0.172;0;2;31.124;31.126;nan;nan;nan;25756;1;0;0;0;0;0;0
262;1;1;1;IDLE;0.000;0.000;1.000;18838.636519;18838.640081;18838.676382;18838.701950;804900;804900;804900;10062;21;12878400;12878440;100.000;612.085;612.085;6.654;7.288;3090.826;3.858;0.000;0.000;5.345;9.617;0.001;18.820;18.820;40.828;61.869;36.301;30.419;51.844;2.336;0.776;0.459;1.744;0.030;3.562;65.431;62.704;31.975;1.358;0.998;1.358;0.003;0.296;5.633;0.169;0;2;35.118;35.119;nan;nan;nan;27636;1;0;0;0;0;0;0
263;1;1;1;IDLE;0.000;0.000;1.000;18838.671645;18838.674894;18838.711460;18838.768378;801032;801032;801032;10013;22;12816512;12816552;100.000;609.990;609.990;6.924;7.590;3075.972;4.510;0.000;0.000;5.940;9.020;0.003;19.471;19.471;72.473;93.484;36.566;20.828;53.248;2.376;0.756;0.447;2.328;0.033;3.248;96.733;95.799;34.813;1.480;1.028;1.480;0.003;0.591;5.718;0.172;0;2;31.570;31.570;nan;nan;nan;28764;1;0;0;0;0;0;0
264;1;1;1;IDLE;0.000;0.000;1.000;18838.704497;18838.707473;18838.742530;18838.802245;793638;793638;793638;9921;23;12698208;12698248;100.000;591.324;591.324;7.105;7.801;3047.580;4.269;0.000;0.000;5.046;8.017;0.003;17.331;17.331;73.298;94.772;35.057;18.287;49.438;2.285;0.780;0.466;1.485;0.030;2.976;97.749;96.333;32.579;0.754;1.011;0.754;0.002;0.517;5.552;0.167;0;2;33.861;33.863;nan;nan;nan;29516;1;0;0;0;0;0;0
265;1;1;1;IDLE;0.000;0.000;1.000;18838.737771;18838.741174;18838.776187;18838.834919;801156;801156;801156;10015;23;12818496;12818536;100.000;606.862;606.862;7.105;7.801;3076.449;4.336;0.000;0.000;6.047;7.595;0.003;17.977;17.977;72.622;93.745;35.013;19.176;51.344;3.285;0.769;0.440;1.517;0.036;3.403;97.148;95.673;33.701;0.368;0.971;0.368;0.003;0.245;5.681;0.170;0;2;33.647;33.650;nan;nan;nan;29516;1;0;0;0;0;0;0
266;1;1;1;IDLE;0.000;0.000;1.000;18838.770665;18838.773766;18838.810686;18838.869759;804749;804749;804749;10060;22;12875984;12876024;100.000;601.716;601.716;6.834;7.500;3090.246;4.318;0.000;0.000;7.029;8.006;0.003;19.353;19.353;74.593;95.992;36.919;20.161;52.420;3.506;1.082;0.440;1.963;0.038;3.101;99.093;97.179;32.592;0.741;0.956;0.741;0.002;0.482;6.026;0.181;0;2;32.236;32.237;nan;nan;nan;28388;1;0;0;0;0;0;0
267;1;1;1;IDLE;0.000;0.000;1.000;18838.805080;18838.808151;18838.843766;18838.901077;805449;805449;805449;10069;22;12887184;12887224;100.000;597.852;597.852;6.789;7.454;3092.934;4.266;0.000;0.000;5.174;8.594;0.005;18.034;18.034;71.370;92.926;35.615;19.407;50.636;2.160;0.788;0.476;1.711;0.040;3.071;95.997;95.164;34.385;1.051;0.962;1.051;0.011;0.279;5.818;0.175;0;2;34.580;34.583;nan;nan;nan;28200;1;0;0;0;0;0;0
268;1;1;1;IDLE;0.000;0.000;1.000;18838.837867;18838.841002;18838.878948;18838.934581;805329;805329;805329;10067;21;12885264;12885304;100.000;581.010;581.010;6.518;7.152;3092.473;4.309;0.000;0.000;6.530;9.117;0.003;19.956;19.956;71.402;93.579;37.947;21.325;52.590;3.267;0.994;0.444;1.789;0.036;3.134;96.714;95.335;32.851;0.483;0.932;0.483;0.002;0.119;6.003;0.180;0;2;31.241;31.243;nan;nan;nan;27072;1;0;0;0;0;0;0
269;1;1;1;IDLE;0.000;0.000;1.000;18838.870225;18838.873506;18838.909319;18838.966923;805419;805419;805419;10068;21;12886704;12886744;100.000;596.895;596.895;6.564;7.198;3092.819;4.107;0.000;0.000;5.949;7.413;0.002;17.469;17.469;71.827;93.416;35.812;18.700;48.779;2.770;0.797;0.476;1.873;0.032;3.281;96.698;94.344;32.505;0.828;0.926;0.828;0.002;0.858;5.994;0.180;0;2;32.672;32.673;nan;nan;nan;27260;1;0;0;0;0;0;0
270;1;1;1;IDLE;0.000;0.000;1.000;18838.904766;18838.907822;18838.942894;18838.997095;804474;804474;804474;10056;22;12871584;12871624;100.000;594.909;594.909;6.744;7.409;3089.190;4.149;0.000;0.000;5.090;7.913;0.001;17.153;17.153;67.637;89.274;35.072;19.214;48.907;2.224;0.771;0.461;1.603;0.031;3.055;92.329;91.183;34.315;0.982;0.929;0.982;0.002;0.429;5.774;0.173;0;2;31.940;31.940;nan;nan;nan;28012;1;0;0;0;0;0;0
271;1;1;1;IDLE;0.000;0.000;1.000;18838.937598;18838.940712;18838.974429;18839.035262;796101;796101;796101;9952;103;12737616;12737656;100.000;597.033;597.033;32.508;35.700;3057.037;4.367;0.000;0.000;4.856;7.379;0.006;16.603;16.603;73.215;94.550;33.717;17.560;49.242;2.064;0.794;0.458;1.512;0.029;3.113;97.663;96.016;32.890;0.443;0.899;0.443;0.003;0.143;5.547;0.166;0;2;30.041;30.044;nan;nan;nan;135360;1;0;0;0;0;0;0
272;1;1;1;IDLE;0.000;0.000;1.000;18838.971427;18838.976307;18839.013448;18839.066438;805073;805073;805073;10064;22;12881168;12881208;100.000;615.957;615.957;6.744;7.409;3091.490;4.361;0.000;0.000;5.591;10.312;0.002;20.263;20.263;69.218;90.130;37.141;22.482;54.558;2.909;0.774;0.462;1.411;0.035;4.881;95.011;93.858;35.596;2.263;0.984;2.263;0.003;0.322;5.564;0.167;0;1;32.121;32.123;nan;nan;nan;28012;1;0;0;0;0;0;0
273;1;1;1;IDLE;0.000;0.000;1.000;18839.003651;18839.009275;18839.043227;18839.103420;797204;797204;797204;9966;18;12755264;12755304;100.000;631.898;631.898;5.661;6.202;3061.273;4.490;0.000;0.000;4.301;9.023;0.001;17.814;17.814;73.959;94.145;33.952;18.922;52.469;1.657;0.765;0.456;1.397;0.026;5.624;99.769;97.507;32.967;0.366;0.946;0.366;0.002;0.439;5.251;0.158;0;2;32.231;32.232;nan;nan;nan;23500;1;0;0;0;0;0;0
274;1;1;1;IDLE;0.000;0.000;1.000;18839.037448;18839.040556;18839.074456;18839.135185;805139;805139;805139;10065;18;12882224;12882264;100.000;623.698;623.698;5.526;6.066;3091.743;4.134;0.000;0.000;5.207;7.168;0.002;16.510;16.510;73.974;94.628;33.900;17.447;48.700;2.392;0.781;0.474;1.531;0.029;3.109;97.737;95.938;31.281;2.052;1.015;2.052;0.002;0.867;5.243;0.157;0;2;36.128;36.129;nan;nan;nan;22936;1;0;0;0;0;0;0
275;1;1;1;IDLE;0.000;0.000;1.000;18839.071310;18839.075417;18839.115396;18839.169464;808073;808073;808073;10101;20;12929168;12929208;100.000;611.665;611.665;6.248;6.851;3103.010;4.443;0.000;0.000;6.837;11.025;0.003;22.305;22.305;72.909;94.047;39.979;23.717;55.792;4.078;0.780;0.444;1.497;0.037;4.107;98.154;96.885;34.861;1.527;1.047;1.527;0.003;0.976;5.645;0.169;0;2;30.809;30.811;nan;nan;nan;25944;1;0;0;0;0;0;0
276;1;1;1;IDLE;0.000;0.000;1.000;18839.103078;18839.106123;18839.142146;18839.200646;813584;813584;813584;10170;20;13017344;13017384;100.000;620.783;620.783;6.248;6.851;3124.172;4.029;0.000;0.000;5.125;9.714;0.003;18.868;18.868;73.553;94.522;36.023;19.961;52.378;2.442;0.794;0.456;1.405;0.029;3.045;97.568;94.733;30.706;2.627;1.146;2.627;0.008;0.206;5.518;0.166;0;2;37.026;37.028;nan;nan;nan;25944;1;0;0;0;0;0;0
277;1;1;1;IDLE;0.000;0.000;1.000;18839.137896;18839.141010;18839.178178;18839.229718;812306;812306;812306;10154;22;12996896;12996936;100.000;594.618;594.618;6.924;7.590;3119.265;4.240;0.000;0.000;6.552;8.652;0.002;19.444;19.444;66.850;88.708;37.169;21.919;52.312;3.357;0.994;0.435;1.732;0.034;3.113;91.822;90.472;34.886;1.553;1.171;1.553;0.002;0.104;5.784;0.174;0;2;31.116;31.117;nan;nan;nan;28764;1;0;0;0;0;0;0
278;1;1;1;IDLE;0.000;0.000;1.000;18839.170486;18839.173721;18839.207966;18839.269813;817500;817500;817500;10219;23;13080000;13080040;100.000;606.659;606.659;7.060;7.756;3139.210;4.105;0.000;0.000;5.201;7.294;0.002;16.600;16.600;74.531;96.092;34.245;17.275;48.473;2.322;0.810;0.479;1.559;0.029;3.235;99.327;97.233;32.711;0.622;1.137;0.622;0.002;0.187;5.641;0.169;0;2;29.040;29.042;nan;nan;nan;29328;1;0;0;0;0;0;0
279;1;1;1;IDLE;0.000;0.000;1.000;18839.204916;18839.209922;18839.248550;18839.299707;824803;824803;824803;10311;24;13196848;13196888;100.000;618.763;618.763;7.331;8.058;3167.253;4.541;0.000;0.000;6.305;10.844;0.003;21.690;21.690;68.457;89.785;38.628;24.158;56.152;3.541;0.805;0.469;1.457;0.031;5.006;94.791;93.795;36.201;2.868;1.245;2.868;0.002;0.148;5.817;0.174;0;1;32.103;32.104;nan;nan;nan;30456;1;0;0;0;0;0;0
280;1;1;1;IDLE;0.000;0.000;1.000;18839.237257;18839.242199;18839.278780;18839.327953;813944;813944;813944;10175;23;13023104;13023144;100.000;601.297;601.297;7.195;7.892;3125.555;4.614;0.000;0.000;4.637;10.074;0.002;19.325;19.325;64.095;85.753;36.580;22.536;52.829;1.958;0.788;0.455;1.402;0.034;4.942;90.696;88.707;32.277;1.056;1.233;1.056;0.004;0.206;5.526;0.166;0;2;30.997;31.000;nan;nan;nan;29892;1;0;0;0;0;0;0
281;1;1;1;IDLE;0.000;0.000;1.000;18839.270421;18839.273555;18839.307168;18839.328001;815307;815307;815307;10192;23;13044912;13044952;100.000;626.960;626.960;7.285;7.982;3130.788;3.907;0.000;0.000;5.305;7.337;0.001;16.550;16.550;33.639;54.446;33.613;30.397;49.237;2.075;0.830;0.461;1.910;0.029;3.134;57.580;55.422;31.356;1.978;1.280;1.978;0.002;0.161;5.479;0.164;0;2;28.117;28.119;nan;nan;nan;30268;1;0;0;0;0;0;0
282;1;1;1;IDLE;0.000;0.000;1.000;18839.305083;18839.310796;18839.345932;18839.402480;816329;816329;816329;10205;21;13061264;13061304;100.000;657.193;657.193;6.564;7.198;3134.713;4.514;0.000;0.000;5.111;10.004;0.003;19.629;19.629;71.810;91.685;35.136;21.409;55.864;2.268;0.816;0.461;1.542;0.025;5.713;97.397;96.568;37.241;3.907;1.444;3.907;0.002;0.144;5.401;0.162;0;1;31.654;31.655;nan;nan;nan;27260;1;0;0;0;0;0;0
283;1;1;1;IDLE;0.000;0.000;1.000;18839.338197;18839.343201;18839.374994;18839.402546;813249;813249;813249;10166;21;13011984;13012024;100.000;648.566;648.566;6.654;7.288;3122.886;4.510;0.000;0.000;4.295;7.014;0.002;15.820;15.820;39.282;59.345;31.793;26.657;49.758;1.640;0.779;0.458;1.390;0.028;5.004;64.349;63.300;32.405;0.928;1.412;0.928;0.002;0.417;5.129;0.154;0;2;34.496;34.498;nan;nan;nan;27636;1;0;0;0;0;0;0
284;1;1;1;IDLE;0.000;0.000;1.000;18839.370850;18839.374169;18839.412084;18839.469586;809333;809333;809333;10117;22;12949328;12949368;100.000;601.803;601.803;6.699;7.364;3107.848;4.244;0.000;0.000;6.757;9.020;0.004;20.021;20.021;73.899;95.417;37.915;20.983;52.805;3.989;0.794;0.436;1.499;0.039;3.319;98.736;97.007;30.968;2.365;1.471;2.365;0.002;0.617;5.541;0.166;0;2;32.057;32.058;nan;nan;nan;27824;1;0;0;0;0;0;0
285;1;1;1;IDLE;0.000;0.000;1.000;18839.404226;18839.407375;18839.443156;18839.501778;815482;815482;815482;10194;22;13047712;13047752;100.000;612.167;612.167;6.924;7.590;3131.460;4.210;0.000;0.000;6.371;8.021;0.003;18.602;18.602;73.088;94.403;35.781;19.705;51.989;3.688;0.798;0.443;1.401;0.041;3.149;97.552;95.865;33.206;0.127;1.387;0.127;0.013;0.062;5.760;0.173;0;2;34.445;34.447;nan;nan;nan;28764;1;0;0;0;0;0;0
286;1;1;1;IDLE;0.000;0.000;1.000;18839.437801;18839.440898;18839.479602;18839.534983;814633;814633;814633;10183;104;13034128;13034168;100.000;593.573;593.573;32.778;36.002;3128.200;4.344;0.000;0.000;6.683;9.377;0.009;20.405;20.405;72.126;94.085;38.703;21.688;52.721;3.440;0.948;0.436;1.823;0.037;3.097;97.182;95.737;33.523;0.190;1.312;0.190;0.002;0.680;5.998;0.180;0;2;31.548;31.551;nan;nan;nan;136488;1;0;0;0;0;0;0
287;1;1;1;IDLE;0.000;0.000;1.000;18839.470318;18839.473579;18839.510311;18839.568736;814941;814941;814941;10187;22;13039056;13039096;100.000;605.595;605.595;6.879;7.545;3129.383;4.177;0.000;0.000;5.146;10.026;0.002;19.350;19.350;73.625;95.157;36.732;20.335;52.678;2.308;0.783;0.468;1.556;0.031;3.262;98.418;96.156;32.681;0.653;1.271;0.653;0.003;0.024;5.788;0.174;0;2;34.693;34.694;nan;nan;nan;28576;1;0;0;0;0;0;0
288;1;1;1;IDLE;0.000;0.000;1.000;18839.504591;18839.507905;18839.543678;18839.603397;818847;818847;818847;10236;18;13101552;13101592;100.000;599.002;599.002;5.616;6.156;3144.382;4.352;0.000;0.000;5.173;8.303;0.002;17.827;17.827;73.619;95.492;35.772;18.669;49.836;2.308;0.783;0.452;1.596;0.035;3.315;98.807;97.485;34.326;0.993;1.254;0.993;0.003;0.420;5.639;0.169;0;2;33.357;33.359;nan;nan;nan;23312;1;0;0;0;0;0;0
289;1;1;1;IDLE;0.000;0.000;1.000;18839.537562;18839.540759;18839.577368;18839.633639;824052;824052;824052;10301;17;13184832;13184872;100.000;606.857;606.857;5.120;5.629;3164.369;4.376;0.000;0.000;6.212;7.895;0.002;18.482;18.482;71.153;92.880;36.609;19.899;50.485;3.215;0.818;0.438;1.704;0.036;3.197;96.077;94.393;32.853;0.480;1.205;0.480;0.002;0.773;5.789;0.174;0;2;33.920;33.922;nan;nan;nan;21244;1;0;0;0;0;0;0
290;1;1;1;IDLE;0.000;0.000;1.000;18839.571482;18839.574660;18839.612386;18839.662720;835458;835458;835458;10444;20;13367328;13367368;100.000;594.387;594.387;6.203;6.805;3208.168;4.563;0.000;0.000;6.209;8.855;0.002;19.627;19.627;65.570;88.060;37.726;22.288;52.025;3.247;0.799;0.435;1.690;0.038;3.177;91.237;90.140;33.901;0.568;1.166;0.568;0.002;0.169;5.901;0.177;0;2;30.105;30.106;nan;nan;nan;25756;1;0;0;0;0;0;0
291;1;1;1;IDLE;0.000;0.000;1.000;18839.603963;18839.607221;18839.640997;18839.701836;819605;819605;819605;10246;20;13113680;13113720;100.000;626.716;626.716;6.338;6.941;3147.293;4.101;0.000;0.000;5.072;7.648;0.001;16.822;16.822;73.691;94.615;33.776;17.779;49.804;2.040;0.798;0.456;1.746;0.033;3.258;97.873;95.924;32.561;0.772;1.141;0.772;0.002;0.128;5.697;0.171;0;2;29.365;29.368;nan;nan;nan;26320;1;0;0;0;0;0;0
292;1;1;1;IDLE;0.000;0.000;1.000;18839.638242;18839.642767;18839.681708;18839.734958;827799;827799;827799;10348;21;13244784;13244824;100.000;618.452;618.452;6.383;7.017;3178.758;4.458;0.000;0.000;5.853;11.024;0.002;21.335;21.335;70.775;92.191;38.941;23.142;54.789;3.072;0.796;0.461;1.492;0.032;4.524;96.716;95.712;35.545;2.212;1.208;2.212;0.002;0.645;5.742;0.172;0;1;31.147;31.151;nan;nan;nan;26508;1;0;0;0;0;0;0
293;1;1;1;IDLE;0.000;0.000;1.000;18839.670420;18839.675802;18839.709772;18839.769104;830771;830771;830771;10385;22;13292336;13292376;100.000;623.320;623.320;6.879;7.545;3190.170;4.553;0.000;0.000;4.326;8.017;0.003;16.896;16.896;71.977;93.302;33.970;18.109;49.738;1.656;0.793;0.453;1.396;0.029;5.382;98.684;96.524;33.035;0.298;1.151;0.298;0.002;0.299;5.392;0.162;0;2;33.199;33.201;nan;nan;nan;28576;1;0;0;0;0;0;0
294;1;1;1;IDLE;0.000;0.000;1.000;18839.703786;18839.706949;18839.744856;18839.801042;835004;835004;835004;10438;23;13360064;13360104;100.000;623.648;623.648;7.195;7.892;3206.425;4.407;0.000;0.000;6.549;9.019;0.003;19.975;19.975;72.671;94.094;37.907;21.228;52.694;3.326;1.056;0.438;1.695;0.034;3.163;97.256;95.130;31.147;2.186;1.216;2.186;0.002;0.914;5.687;0.171;0;2;33.263;33.264;nan;nan;nan;29892;1;0;0;0;0;0;0
295;1;1;1;IDLE;0.000;0.000;1.000;18839.738023;18839.741163;18839.778932;18839.836049;814967;814967;814967;10188;23;13039472;13039512;100.000;576.373;576.373;7.105;7.801;3129.483;4.450;0.000;0.000;5.284;9.011;0.002;18.746;18.746;72.262;94.886;37.769;19.756;49.633;2.256;0.797;0.459;1.740;0.033;3.140;98.026;96.803;34.215;0.881;1.195;0.881;0.003;0.847;5.591;0.168;0;2;31.116;31.118;nan;nan;nan;29516;1;0;0;0;0;0;0
296;1;1;1;IDLE;0.000;0.000;1.000;18839.771040;18839.774211;18839.807974;18839.866308;818656;818656;818656;10234;23;13098496;13098536;100.000;606.548;606.548;7.015;7.711;3143.649;4.235;0.000;0.000;5.175;6.929;0.003;16.339;16.339;70.502;92.097;33.763;17.741;48.393;2.397;0.852;0.481;1.415;0.030;3.171;95.268;93.729;33.048;0.285;1.138;0.285;0.003;0.060;5.492;0.165;0;2;35.000;35.002;nan;nan;nan;29140;1;0;0;0;0;0;0
297;1;1;1;IDLE;0.000;0.000;1.000;18839.804589;18839.807931;18839.846090;18839.901048;819807;819807;819807;10248;22;13116912;13116952;100.000;596.767;596.767;6.789;7.454;3148.068;4.447;0.000;0.000;6.101;10.021;0.001;20.569;20.569;71.137;93.117;38.159;22.089;53.904;3.432;0.782;0.441;1.413;0.033;3.341;96.459;95.135;33.719;0.386;1.091;0.386;0.003;0.053;5.650;0.170;0;2;30.237;30.238;nan;nan;nan;28200;1;0;0;0;0;0;0
298;1;1;1;IDLE;0.000;0.000;1.000;18839.836636;18839.839810;18839.872906;18839.901111;814766;814766;814766;10185;21;13036256;13036296;100.000;624.254;624.254;6.654;7.288;3128.711;4.015;0.000;0.000;5.137;6.772;0.001;15.925;15.925;40.418;61.301;33.097;25.977;48.115;2.202;0.796;0.472;1.636;0.030;3.173;64.475;61.865;31.879;1.454;1.114;1.454;0.002;0.301;5.525;0.166;0;2;34.910;34.912;nan;nan;nan;27636;1;0;0;0;0;0;0
299;1;1;1;IDLE;0.000;0.000;1.000;18839.870734;18839.874944;18839.908230;18839.961189;809259;809259;809259;10116;22;12948144;12948184;100.000;643.466;643.466;6.924;7.590;3107.564;4.279;0.000;0.000;5.949;7.012;0.002;17.239;17.239;66.123;86.246;33.286;19.989;51.791;3.261;0.764;0.432;1.458;0.035;4.210;90.455;88.610;35.134;1.801;1.157;1.801;0.002;0.200;5.636;0.169;0;2;34.913;34.914;nan;nan;nan;28764;1;0;0;0;0;0;0
300;1;1;1;IDLE;0.000;0.000;1.000;18839.904173;18839.907429;18839.941869;18839.984453;812212;812212;812212;10153;22;12995392;12995432;100.000;591.577;591.577;6.970;7.635;3118.904;4.345;0.000;0.000;6.715;5.571;0.001;16.632;16.632;55.056;77.024;34.440;21.593;48.292;3.589;1.073;0.431;1.587;0.034;3.257;80.280;78.540;32.486;0.848;1.137;0.848;0.002;0.183;5.909;0.177;0;2;24.883;24.887;nan;nan;nan;28952;1;0;0;0;0;0;0
