frame_id;rx_complete;tx_complete;current_skip;event;yaw;pitch;zoom;camera_send_timestamp;recv_start_timestamp;codec_exit_time;node_exit_timestamp;original_points;rx_points;processed_points;rx_packets;tx_packets;payload_bytes;reference_size_bytes;data_integrity_pct;internal_throughput_mbs;reference_throughput_mbs;logical_bitrate_mbps;network_bitrate_mbps;reference_bitrate_mbps;conversion_ms;geometry_aggregation_ms;max_r_ms;projection_ms;codec_write_ms;active_tx_ms;active_process_ms;reference_process_ms;total_processing_ms;total_residency_ms;reference_residency_ms;node_efficiency_pct;reference_efficiency_pct;gpu_transfer_ms;gpu_kernel_ms;gpu_packing_ms;gpu_copyback_ms;host_overhead_ms;camera_node_ms;e2e_latency_ms;schedule_delay_ms;inter_arrival_ms;instant_jitter_ms;desynced_jitter_ms;reference_jitter_ms;raw_queue_ms;render_queue_ms;workload_ewma_ms;workload_ratio;frame_backlog;codec_backlog;encode_service_ms;encode_h265_ms;mse_y;psnr_y;ssim_y;mpeg_bytes_generated;ffmpeg_write_calls;ffmpeg_write_eagain;tx_zero_accepts;tx_partial_accepts;tx_resubmit_calls;tx_resubmitted_packets;mbuf_starvation
1;1;1;1;WARMUP;0.000;0.000;1.000;20117.869164;20117.869273;20117.903006;20117.928125;784142;784142;784142;9802;108;12546272;12546312;100.000;935.506;935.506;34.132;37.480;3011.115;11.109;0.000;0.000;14.098;6.048;0.003;31.254;31.254;45.440;58.852;33.733;53.107;92.652;1.548;0.908;0.502;1.392;9.748;0.109;58.960;58.852;0.000;0.000;0.000;0.000;0.011;0.164;14.113;0.423;0;1;30.359;30.360;nan;nan;nan;142128;1;0;0;0;0;0;0
2;1;1;1;WARMUP;0.000;0.000;1.000;20117.902499;20117.903178;20117.934110;20117.989977;783406;783406;783406;9793;22;12534496;12534536;100.000;819.340;819.340;6.924;7.590;3008.289;3.052;0.000;0.000;4.339;11.089;0.002;18.479;18.479;71.500;86.799;30.931;21.289;59.742;1.507;0.902;0.507;1.395;0.028;0.680;87.478;87.371;33.905;0.572;0.036;0.572;0.009;0.196;11.673;0.350;0;2;35.216;35.217;nan;nan;nan;28764;1;0;0;0;0;0;0
3;1;1;1;WARMUP;0.000;0.000;1.000;20117.935832;20117.936625;20117.965315;20118.022816;780200;780200;780200;9753;18;12483200;12483240;100.000;745.673;745.673;5.571;6.111;2995.978;4.108;0.000;0.000;4.852;6.209;0.001;15.169;15.169;69.451;86.192;28.690;17.599;52.872;2.028;0.894;0.506;1.392;0.031;0.792;86.984;86.877;33.446;0.113;0.041;0.113;0.003;0.884;9.971;0.299;0;2;30.869;30.870;nan;nan;nan;23124;1;0;0;0;0;0;0
4;1;1;1;WARMUP;0.000;0.000;1.000;20117.969166;20117.970307;20117.996989;20118.049378;778467;778467;778467;9731;18;12455472;12455512;100.000;811.718;811.718;5.481;6.021;2989.323;4.132;0.000;0.000;4.306;6.812;0.001;15.250;15.250;63.726;79.070;26.681;19.286;57.155;1.468;0.899;0.525;1.387;0.027;1.141;80.211;80.104;33.683;0.349;0.060;0.349;0.002;0.217;8.557;0.257;0;2;32.635;32.637;nan;nan;nan;22748;1;0;0;0;0;0;0
5;1;1;1;WARMUP;0.000;0.000;1.000;20118.002499;20118.003187;20118.029838;20118.082014;776427;776427;776427;9706;17;12422832;12422872;100.000;883.101;883.101;5.345;5.855;2981.489;3.459;0.000;0.000;5.541;6.582;0.001;15.582;15.582;64.760;78.827;26.652;19.767;58.465;2.647;0.895;0.511;1.457;0.031;0.687;79.514;79.407;32.879;0.454;0.084;0.454;0.003;0.457;5.552;0.167;0;2;26.118;26.119;nan;nan;nan;22184;1;0;0;0;0;0;0
6;1;1;1;IDLE;0.000;0.000;1.000;20118.035832;20118.036413;20118.062535;20118.114697;774893;774893;774893;9687;19;12398288;12398328;100.000;826.191;826.191;5.887;6.458;2975.599;3.185;0.000;0.000;4.782;6.198;0.002;14.165;14.165;63.278;78.284;26.123;18.094;54.225;1.935;0.882;0.502;1.433;0.030;0.581;78.865;78.757;33.226;0.107;0.086;0.107;0.002;0.134;5.364;0.161;0;1;25.673;25.674;nan;nan;nan;24440;1;0;0;0;0;0;0
7;1;1;1;IDLE;0.000;0.000;1.000;20118.069166;20118.069834;20118.095754;20118.150603;775949;775949;775949;9700;19;12415184;12415224;100.000;848.366;848.366;5.932;6.504;2979.654;3.357;0.000;0.000;4.671;6.336;0.001;14.363;14.363;66.134;80.769;25.920;17.783;55.413;1.954;0.815;0.476;1.397;0.029;0.667;81.436;81.329;33.421;0.088;0.086;0.088;0.002;0.277;5.194;0.156;0;1;25.273;25.276;nan;nan;nan;24628;1;0;0;0;0;0;0
8;1;1;1;IDLE;0.000;0.000;1.000;20118.102499;20118.103347;20118.131782;20118.183639;775463;775463;775463;9694;20;12407408;12407448;100.000;780.036;780.036;6.293;6.896;2977.788;4.168;0.000;0.000;4.612;7.285;0.001;16.065;16.065;64.385;80.292;28.435;20.009;56.498;1.867;0.832;0.493;1.394;0.027;0.848;81.140;81.033;33.513;0.180;0.092;0.180;0.002;0.628;5.051;0.152;0;1;26.103;26.104;nan;nan;nan;26132;1;0;0;0;0;0;0
9;1;1;1;IDLE;0.000;0.000;1.000;20118.135834;20118.136695;20118.163762;20118.214767;775698;775698;775698;9697;20;12411168;12411208;100.000;811.408;811.408;6.248;6.851;2978.690;3.733;0.000;0.000;4.333;7.190;0.001;15.257;15.257;62.776;78.072;27.067;19.542;56.367;1.591;0.837;0.489;1.389;0.027;0.861;78.934;78.828;33.348;0.014;0.087;0.014;0.002;0.245;4.875;0.146;0;1;27.065;27.066;nan;nan;nan;25944;1;0;0;0;0;0;0
10;1;1;1;IDLE;0.000;0.000;1.000;20118.169165;20118.169871;20118.196719;20118.248836;778020;778020;778020;9726;20;12448320;12448360;100.000;813.046;813.046;6.112;6.715;2987.606;3.664;0.000;0.000;4.315;7.070;0.001;15.048;15.048;63.654;78.965;26.848;19.056;56.049;1.577;0.834;0.485;1.391;0.027;0.706;79.671;79.563;33.176;0.157;0.091;0.157;0.002;0.150;4.737;0.142;0;1;25.114;25.116;nan;nan;nan;25380;1;0;0;0;0;0;0
11;1;1;1;IDLE;0.000;0.000;1.000;20118.202499;20118.203236;20118.230928;20118.280918;778554;778554;778554;9732;19;12456864;12456904;100.000;804.149;804.149;5.796;6.368;2989.657;3.485;0.000;0.000;4.406;7.187;0.001;15.078;15.078;62.190;77.681;27.691;19.410;54.451;1.456;0.833;0.493;1.598;0.028;0.738;78.419;78.311;33.365;0.032;0.088;0.032;0.008;0.599;4.660;0.140;0;1;25.092;25.094;nan;nan;nan;24064;1;0;0;0;0;0;0
12;1;1;1;IDLE;0.000;0.000;1.000;20118.235832;20118.236536;20118.263090;20118.314999;779986;779986;779986;9750;20;12479776;12479816;100.000;839.782;839.782;6.203;6.805;2995.156;3.454;0.000;0.000;4.202;7.267;0.001;14.923;14.923;63.602;78.463;26.554;19.020;56.200;1.536;0.777;0.466;1.397;0.027;0.704;79.167;79.059;33.299;0.034;0.084;0.034;0.002;0.221;4.553;0.137;0;1;25.093;25.094;nan;nan;nan;25756;1;0;0;0;0;0;0
13;1;1;1;IDLE;0.000;0.000;1.000;20118.269165;20118.269861;20118.297253;20118.315036;780926;780926;780926;9762;20;12494816;12494856;100.000;825.738;825.738;6.338;6.941;2998.765;3.604;0.000;0.000;4.511;7.358;0.000;15.473;15.473;30.043;45.175;27.392;34.251;56.486;1.645;0.778;0.450;1.611;0.027;0.695;45.870;45.763;33.325;0.008;0.080;0.008;0.002;0.389;4.547;0.136;0;1;25.101;25.103;nan;nan;nan;26320;1;0;0;0;0;0;0
14;1;1;1;IDLE;0.000;0.000;1.000;20118.302499;20118.303208;20118.331148;20118.383125;782770;782770;782770;9785;21;12524320;12524360;100.000;822.991;822.991;6.473;7.107;3005.846;3.330;0.000;0.000;4.792;7.173;0.002;15.294;15.294;64.699;79.917;27.940;19.137;54.740;1.610;0.787;0.465;1.902;0.027;0.709;80.627;80.519;33.348;0.014;0.076;0.014;0.002;0.754;4.613;0.138;0;1;25.099;25.101;nan;nan;nan;26884;1;0;0;0;0;0;0
15;1;1;1;IDLE;0.000;0.000;1.000;20118.335833;20118.336591;20118.363950;20118.416272;784474;784474;784474;9806;21;12551584;12551624;100.000;815.776;815.776;6.564;7.198;3012.390;4.836;0.000;0.000;4.222;6.902;0.001;15.960;15.960;64.294;79.681;27.359;20.030;58.336;1.552;0.780;0.465;1.400;0.026;0.759;80.439;80.332;33.383;0.050;0.074;0.050;0.002;0.846;4.518;0.136;0;1;26.074;26.075;nan;nan;nan;27260;1;0;0;0;0;0;0
16;1;1;1;IDLE;0.000;0.000;1.000;20118.369166;20118.369950;20118.398240;20118.448315;785193;785193;785193;9815;101;12563088;12563128;100.000;781.827;781.827;31.650;34.780;3015.151;4.283;0.000;0.000;4.213;7.115;0.003;15.611;15.611;62.296;78.365;28.291;19.921;55.180;1.544;0.783;0.463;1.397;0.027;0.784;79.149;79.042;33.359;0.025;0.071;0.025;0.002;0.891;4.444;0.133;0;1;25.144;25.145;nan;nan;nan;131788;1;0;0;0;0;0;0
17;1;1;1;IDLE;0.000;0.000;1.000;20118.402501;20118.403322;20118.430625;20118.448353;782720;782720;782720;9784;22;12523520;12523560;100.000;813.257;813.257;6.970;7.635;3005.654;3.641;0.000;0.000;4.245;7.419;0.000;15.305;15.305;29.631;45.030;27.303;33.988;56.055;1.601;0.768;0.458;1.390;0.028;0.821;45.851;45.746;33.372;0.039;0.069;0.039;0.002;0.238;4.400;0.132;0;1;25.105;25.107;nan;nan;nan;28952;1;0;0;0;0;0;0
18;1;1;1;IDLE;0.000;0.000;1.000;20118.435832;20118.436552;20118.464448;20118.515423;781613;781613;781613;9771;18;12505808;12505848;100.000;798.925;798.925;5.571;6.111;3001.404;3.693;0.000;0.000;4.341;7.165;0.001;15.199;15.199;63.218;78.872;27.896;19.271;54.484;1.530;0.760;0.437;1.586;0.028;0.719;79.591;79.483;33.229;0.104;0.071;0.104;0.002;0.734;4.388;0.132;0;1;24.540;24.542;nan;nan;nan;23124;1;0;0;0;0;0;0
19;1;1;1;IDLE;0.000;0.000;1.000;20118.469166;20118.469882;20118.497695;20118.548861;780006;780006;780006;9751;17;12480096;12480136;100.000;800.667;800.667;5.345;5.855;2995.233;3.580;0.000;0.000;4.372;7.327;0.001;15.279;15.279;63.392;78.979;27.813;19.346;54.935;1.564;0.756;0.445;1.581;0.026;0.716;79.696;79.588;33.330;0.003;0.067;0.003;0.002;0.525;4.390;0.132;0;1;25.051;25.053;nan;nan;nan;22184;1;0;0;0;0;0;0
20;1;1;1;IDLE;0.000;0.000;1.000;20118.502500;20118.503426;20118.531530;20118.581303;780302;780302;780302;9754;18;12484832;12484872;100.000;785.119;785.119;5.526;6.066;2996.369;3.594;0.000;0.000;4.315;7.089;0.001;14.998;14.998;61.975;77.877;28.104;19.259;53.366;1.523;0.747;0.440;1.577;0.028;0.926;78.803;78.697;33.544;0.211;0.076;0.211;0.008;0.789;4.374;0.131;0;1;24.418;24.419;nan;nan;nan;22936;1;0;0;0;0;0;0
21;1;1;1;IDLE;0.000;0.000;1.000;20118.535833;20118.536605;20118.563940;20118.614705;779066;779066;779066;9739;19;12465056;12465096;100.000;821.078;821.078;5.977;6.549;2991.623;3.626;0.000;0.000;4.195;7.424;0.001;15.245;15.245;62.918;78.100;27.335;19.520;55.770;1.564;0.754;0.456;1.395;0.026;0.773;78.873;78.765;33.180;0.154;0.081;0.154;0.002;0.533;4.332;0.130;0;1;24.782;24.784;nan;nan;nan;24816;1;0;0;0;0;0;0
22;1;1;1;IDLE;0.000;0.000;1.000;20118.569167;20118.570082;20118.597558;20118.648520;778280;778280;778280;9729;20;12452480;12452520;100.000;796.102;796.102;6.067;6.670;2988.605;3.471;0.000;0.000;4.785;6.956;0.001;15.212;15.212;62.796;78.438;27.476;19.393;55.363;1.562;1.229;0.459;1.508;0.027;0.915;79.353;79.247;33.477;0.143;0.085;0.143;0.002;0.091;4.450;0.133;0;1;24.100;24.101;nan;nan;nan;25192;1;0;0;0;0;0;0
23;1;1;1;IDLE;0.000;0.000;1.000;20118.602499;20118.603205;20118.630757;20118.681861;778907;778907;778907;9737;20;12462512;12462552;100.000;820.501;820.501;6.248;6.851;2991.012;3.516;0.000;0.000;4.281;7.083;0.001;14.879;14.879;63.467;78.656;27.552;18.917;54.004;1.465;0.759;0.436;1.582;0.037;0.706;79.362;79.255;33.123;0.211;0.092;0.211;0.002;0.998;4.410;0.132;0;1;24.842;24.843;nan;nan;nan;25944;1;0;0;0;0;0;0
24;1;1;1;IDLE;0.000;0.000;1.000;20118.635832;20118.636560;20118.664878;20118.714391;779289;779289;779289;9742;19;12468624;12468664;100.000;785.669;785.669;5.796;6.368;2992.479;3.959;0.000;0.000;4.383;7.122;0.001;15.464;15.464;61.961;77.831;28.319;19.869;54.609;1.585;0.752;0.440;1.581;0.026;0.727;78.558;78.451;33.355;0.022;0.088;0.022;0.002;0.940;4.406;0.132;0;1;24.102;24.103;nan;nan;nan;24064;1;0;0;0;0;0;0
25;1;1;1;IDLE;0.000;0.000;1.000;20118.669165;20118.669921;20118.697039;20118.714424;779739;779739;779739;9747;19;12475824;12475864;100.000;815.670;815.670;6.022;6.594;2994.207;3.678;0.000;0.000;4.352;7.200;0.000;15.231;15.231;29.208;44.503;27.118;34.224;56.165;1.530;0.763;0.446;1.586;0.027;0.756;45.259;45.151;33.361;0.028;0.084;0.028;0.002;0.267;4.398;0.132;0;1;24.549;24.551;nan;nan;nan;25004;1;0;0;0;0;0;0
26;1;1;1;IDLE;0.000;0.000;1.000;20118.702499;20118.703203;20118.729957;20118.781438;779364;779364;779364;9743;21;12469824;12469864;100.000;831.789;831.789;6.383;7.017;2992.767;3.346;0.000;0.000;4.245;7.041;0.001;14.632;14.632;63.243;78.235;26.754;18.702;54.689;1.454;0.756;0.441;1.566;0.026;0.704;78.939;78.832;33.282;0.051;0.082;0.051;0.002;0.475;4.364;0.131;0;1;24.565;24.567;nan;nan;nan;26508;1;0;0;0;0;0;0
27;1;1;1;IDLE;0.000;0.000;1.000;20118.735832;20118.736564;20118.764212;20118.814781;780025;780025;780025;9751;21;12480400;12480440;100.000;821.398;821.398;6.383;7.017;2995.306;3.296;0.000;0.000;4.372;7.223;0.001;14.891;14.891;63.023;78.217;27.648;19.038;53.859;1.576;0.744;0.436;1.588;0.027;0.732;78.949;78.841;33.361;0.027;0.079;0.027;0.002;0.857;4.369;0.131;0;1;24.447;24.448;nan;nan;nan;26508;1;0;0;0;0;0;0
28;1;1;1;IDLE;0.000;0.000;1.000;20118.769165;20118.769893;20118.797181;20118.849715;780373;780373;780373;9755;21;12485968;12486008;100.000;835.493;835.493;6.383;7.017;2996.642;3.417;0.000;0.000;4.369;7.113;0.001;14.899;14.899;64.877;79.822;27.288;18.665;54.598;1.567;0.759;0.444;1.573;0.026;0.728;80.550;80.442;33.329;0.004;0.074;0.004;0.002;0.858;4.371;0.131;0;1;24.709;24.712;nan;nan;nan;26508;1;0;0;0;0;0;0
29;1;1;1;IDLE;0.000;0.000;1.000;20118.802499;20118.803199;20118.832254;20118.884573;781651;781651;781651;9771;22;12506416;12506456;100.000;777.361;777.361;6.699;7.364;3001.549;3.780;0.000;0.000;5.102;7.096;0.001;15.978;15.978;65.286;81.374;29.055;19.635;54.991;1.581;1.586;0.462;1.445;0.028;0.700;82.074;81.967;33.306;0.027;0.071;0.027;0.008;0.760;4.559;0.137;0;1;24.554;24.555;nan;nan;nan;27824;1;0;0;0;0;0;0
30;1;1;1;IDLE;0.000;0.000;1.000;20118.835833;20118.836892;20118.864505;20118.916457;781375;781375;781375;9768;21;12502000;12502040;100.000;814.218;814.218;6.383;7.017;3000.490;3.619;0.000;0.000;4.177;7.279;0.001;15.075;15.075;64.211;79.565;27.614;18.946;54.592;1.526;0.766;0.456;1.404;0.026;1.058;80.623;80.517;33.692;0.359;0.089;0.359;0.002;0.800;4.466;0.134;0;1;27.344;27.345;nan;nan;nan;26508;1;0;0;0;0;0;0
31;1;1;1;IDLE;0.000;0.000;1.000;20118.869166;20118.869874;20118.897654;20118.948522;784392;784392;784392;9805;100;12550272;12550312;100.000;828.668;828.668;31.380;34.478;3012.075;12.631;0.000;0.000;4.316;7.350;0.003;24.297;24.297;63.502;78.648;27.779;30.894;87.465;1.666;0.768;0.459;1.396;0.028;0.708;79.356;79.249;32.983;0.351;0.106;0.351;0.002;0.965;4.431;0.133;0;1;26.150;26.152;nan;nan;nan;130660;1;0;0;0;0;0;0
32;1;1;1;IDLE;0.000;0.000;1.000;20118.902499;20118.903240;20118.931402;20118.982119;782671;782671;782671;9784;22;12522736;12522776;100.000;789.440;789.440;6.924;7.590;3005.466;3.722;0.000;0.000;4.256;8.002;0.001;15.980;15.980;63.016;78.879;28.162;20.259;56.744;1.605;0.766;0.462;1.397;0.027;0.741;79.620;79.513;33.366;0.032;0.101;0.032;0.002;0.038;4.395;0.132;0;1;25.116;25.119;nan;nan;nan;28764;1;0;0;0;0;0;0
33;1;1;1;IDLE;0.000;0.000;1.000;20118.935833;20118.936721;20118.964855;20119.015337;776999;776999;776999;9713;18;12431984;12432024;100.000;768.180;768.180;5.661;6.202;2983.686;3.705;0.000;0.000;4.362;7.394;0.001;15.461;15.461;62.433;78.617;28.134;19.667;54.955;1.567;0.752;0.438;1.578;0.027;0.888;79.505;79.397;33.481;0.147;0.104;0.147;0.002;0.191;4.392;0.132;0;1;24.656;24.657;nan;nan;nan;23500;1;0;0;0;0;0;0
34;1;1;1;IDLE;0.000;0.000;1.000;20118.969167;20118.969909;20118.998054;20119.048190;778650;778650;778650;9734;18;12458400;12458440;100.000;799.678;799.678;5.571;6.111;2990.026;3.573;0.000;0.000;4.164;7.513;0.001;15.251;15.251;62.702;78.281;28.145;19.482;54.187;1.535;0.752;0.456;1.396;0.026;0.742;79.023;78.917;33.188;0.145;0.106;0.145;0.002;0.886;4.337;0.130;0;1;24.794;24.795;nan;nan;nan;23124;1;0;0;0;0;0;0
35;1;1;1;IDLE;0.000;0.000;1.000;20119.002499;20119.003277;20119.030799;20119.081564;778007;778007;778007;9726;18;12448112;12448152;100.000;808.895;808.895;5.526;6.066;2987.556;3.495;0.000;0.000;4.363;7.172;0.001;15.030;15.030;62.898;78.287;27.522;19.198;54.609;1.565;0.745;0.446;1.580;0.027;0.778;79.065;78.958;33.368;0.035;0.102;0.035;0.002;0.596;4.349;0.130;0;1;24.560;24.561;nan;nan;nan;22936;1;0;0;0;0;0;0
36;1;1;1;IDLE;0.000;0.000;1.000;20119.035832;20119.036549;20119.063959;20119.115342;776483;776483;776483;9707;20;12423728;12423768;100.000;796.350;796.350;6.067;6.670;2981.704;3.419;0.000;0.000;4.332;7.255;0.001;15.006;15.006;63.192;78.793;27.410;19.045;54.747;1.521;0.753;0.435;1.596;0.027;0.717;79.510;79.402;33.272;0.061;0.099;0.061;0.002;0.219;4.350;0.130;0;1;24.857;24.859;nan;nan;nan;25192;1;0;0;0;0;0;0
37;1;1;1;IDLE;0.000;0.000;1.000;20119.069165;20119.069880;20119.098050;20119.115376;781287;781287;781287;9767;20;12500592;12500632;100.000;792.685;792.685;6.338;6.941;3000.152;3.767;0.000;0.000;4.304;7.271;0.000;15.342;15.342;29.726;45.496;28.170;33.721;54.462;1.484;0.758;0.440;1.596;0.026;0.715;46.211;46.103;33.331;0.002;0.093;0.002;0.008;0.817;4.341;0.130;0;1;24.559;24.561;nan;nan;nan;26320;1;0;0;0;0;0;0
38;1;1;1;IDLE;0.000;0.000;1.000;20119.102500;20119.103279;20119.131230;20119.181757;780329;780329;780329;9755;22;12485264;12485304;100.000;817.903;817.903;6.699;7.364;2996.473;3.508;0.000;0.000;4.796;7.362;0.001;15.666;15.666;63.213;78.478;27.951;19.962;56.047;1.969;0.758;0.436;1.604;0.029;0.779;79.257;79.151;33.399;0.066;0.092;0.066;0.002;0.525;4.461;0.134;0;1;24.701;24.703;nan;nan;nan;27824;1;0;0;0;0;0;0
39;1;1;1;IDLE;0.000;0.000;1.000;20119.135834;20119.136558;20119.164822;20119.215007;780785;780785;780785;9760;22;12492560;12492600;100.000;796.287;796.287;6.970;7.635;2998.224;3.455;0.000;0.000;4.303;7.880;0.001;15.638;15.638;62.760;78.449;28.265;19.934;55.328;1.486;0.764;0.435;1.593;0.026;0.724;79.173;79.067;33.279;0.055;0.089;0.055;0.002;0.390;4.427;0.133;0;1;24.813;24.814;nan;nan;nan;28952;1;0;0;0;0;0;0
40;1;1;1;IDLE;0.000;0.000;1.000;20119.169166;20119.169868;20119.197338;20119.248725;785430;785430;785430;9818;23;12566880;12566920;100.000;810.536;810.536;7.150;7.847;3016.061;3.667;0.000;0.000;4.270;7.326;0.001;15.262;15.262;63.352;78.857;27.469;19.354;55.561;1.455;0.760;0.437;1.591;0.026;0.702;79.559;79.452;33.311;0.023;0.085;0.023;0.002;0.367;4.392;0.132;0;1;24.991;24.994;nan;nan;nan;29704;1;0;0;0;0;0;0
41;1;1;1;IDLE;0.000;0.000;1.000;20119.202499;20119.203209;20119.231464;20119.281811;789479;789479;789479;9869;24;12631664;12631704;100.000;784.164;784.164;7.466;8.194;3031.609;3.608;0.000;0.000;4.444;7.367;0.001;15.419;15.419;62.493;78.602;28.256;19.617;54.571;1.636;0.744;0.430;1.605;0.028;0.710;79.312;79.204;33.341;0.007;0.080;0.007;0.002;0.334;4.411;0.132;0;1;24.624;24.625;nan;nan;nan;31020;1;0;0;0;0;0;0
42;1;1;1;IDLE;0.000;0.000;1.000;20119.235833;20119.236592;20119.264519;20119.315014;789348;789348;789348;9867;24;12629568;12629608;100.000;788.143;788.143;7.556;8.284;3031.106;3.903;0.000;0.000;4.379;7.343;0.001;15.625;15.625;62.397;78.422;27.927;19.924;55.949;1.563;0.764;0.433;1.592;0.026;0.760;79.181;79.074;33.383;0.050;0.078;0.050;0.002;0.178;4.408;0.132;0;1;24.632;24.634;nan;nan;nan;31396;1;0;0;0;0;0;0
43;1;1;1;IDLE;0.000;0.000;1.000;20119.269165;20119.269887;20119.297477;20119.315056;792714;792714;792714;9909;24;12683424;12683464;100.000;805.721;805.721;7.601;8.329;3044.031;3.789;0.000;0.000;4.397;7.223;0.001;15.409;15.409;29.427;45.169;27.589;34.113;55.849;1.582;0.770;0.439;1.579;0.027;0.722;45.890;45.783;33.295;0.038;0.076;0.038;0.002;0.225;4.410;0.132;0;1;24.756;24.758;nan;nan;nan;31584;1;0;0;0;0;0;0
44;1;1;1;IDLE;0.000;0.000;1.000;20119.302499;20119.303223;20119.331173;20119.384518;790865;790865;790865;9886;25;12653840;12653880;100.000;774.798;774.798;7.646;8.405;3036.931;3.729;0.000;0.000;4.671;6.847;0.002;15.247;15.247;64.963;81.295;27.950;18.755;54.551;1.778;1.003;0.457;1.407;0.028;0.724;82.019;81.912;33.335;0.002;0.071;0.002;0.002;0.098;4.478;0.134;0;1;24.959;24.961;nan;nan;nan;31772;1;0;0;0;0;0;0
45;1;1;1;IDLE;0.000;0.000;1.000;20119.335832;20119.336670;20119.366413;20119.417562;787976;787976;787976;9850;25;12607616;12607656;100.000;733.714;733.714;7.692;8.450;3025.837;3.934;0.000;0.000;4.708;6.995;0.001;15.637;15.637;63.708;80.892;29.743;19.330;52.571;1.962;0.767;0.457;1.494;0.028;0.838;81.730;81.622;33.447;0.114;0.074;0.114;0.002;0.855;4.541;0.136;0;1;25.097;25.098;nan;nan;nan;31960;1;0;0;0;0;0;0
46;1;1;1;IDLE;0.000;0.000;1.000;20119.369167;20119.370226;20119.398781;20119.449378;789717;789717;789717;9872;111;12635472;12635512;100.000;788.403;788.403;35.034;38.476;3032.523;3.959;0.000;0.000;4.257;7.292;0.003;15.509;15.509;63.125;79.152;28.555;19.594;54.313;1.616;0.768;0.455;1.392;0.026;1.059;80.211;80.105;33.557;0.223;0.083;0.223;0.007;0.970;4.472;0.134;0;1;26.069;26.072;nan;nan;nan;145888;1;0;0;0;0;0;0
47;1;1;1;IDLE;0.000;0.000;1.000;20119.402499;20119.403401;20119.431883;20119.449417;784950;784950;784950;9812;23;12559200;12559240;100.000;786.307;786.307;7.285;7.982;3014.218;3.749;0.000;0.000;4.236;7.317;0.000;15.302;15.302;30.043;46.016;28.482;33.255;53.727;1.590;0.773;0.456;1.390;0.027;0.902;46.918;46.811;33.175;0.158;0.088;0.158;0.002;0.954;4.416;0.132;0;1;24.809;24.811;nan;nan;nan;30268;1;0;0;0;0;0;0
48;1;1;1;IDLE;0.000;0.000;1.000;20119.435833;20119.437274;20119.464680;20119.515464;781130;781130;781130;9765;19;12498080;12498120;100.000;801.420;801.420;5.887;6.458;2999.549;3.620;0.000;0.000;4.199;7.038;0.002;14.857;14.857;62.596;78.191;27.407;19.001;54.208;1.551;0.763;0.456;1.402;0.027;1.441;79.631;79.524;33.872;0.539;0.116;0.539;0.002;0.572;4.364;0.131;0;1;25.405;25.407;nan;nan;nan;24440;1;0;0;0;0;0;0
49;1;1;1;IDLE;0.000;0.000;1.000;20119.469166;20119.469971;20119.498124;20119.548534;780468;780468;780468;9756;19;12487488;12487528;100.000;762.698;762.698;5.932;6.504;2997.007;4.872;0.000;0.000;4.280;7.405;0.001;16.557;16.557;62.190;78.563;28.153;21.075;58.812;1.646;0.756;0.455;1.397;0.027;0.805;79.368;79.261;32.698;0.635;0.149;0.635;0.002;0.092;4.346;0.130;0;1;24.742;24.743;nan;nan;nan;24628;1;0;0;0;0;0;0
50;1;1;1;IDLE;0.000;0.000;1.000;20119.502499;20119.503259;20119.531820;20119.581939;783376;783376;783376;9793;20;12534016;12534056;100.000;785.793;785.793;6.067;6.670;3008.173;3.477;0.000;0.000;4.491;8.012;0.001;15.980;15.980;62.728;78.679;28.561;20.311;55.952;1.607;0.751;0.437;1.668;0.028;0.760;79.440;79.333;33.288;0.045;0.142;0.045;0.002;0.104;4.387;0.132;0;1;24.723;24.724;nan;nan;nan;25192;1;0;0;0;0;0;0
51;1;1;1;IDLE;0.000;0.000;1.000;20119.535833;20119.536532;20119.564213;20119.616078;787237;787237;787237;9841;23;12595792;12595832;100.000;806.947;806.947;7.060;7.756;3023.000;3.626;0.000;0.000;4.416;7.337;0.001;15.378;15.378;63.937;79.546;27.681;19.332;55.555;1.621;0.759;0.435;1.574;0.026;0.699;80.245;80.138;33.273;0.061;0.137;0.061;0.002;0.317;4.399;0.132;0;1;25.059;25.061;nan;nan;nan;29328;1;0;0;0;0;0;0
52;1;1;1;IDLE;0.000;0.000;1.000;20119.569166;20119.569921;20119.597947;20119.649717;787734;787734;787734;9847;24;12603744;12603784;100.000;807.303;807.303;7.511;8.239;3024.908;3.550;0.000;0.000;4.450;6.990;0.001;14.990;14.990;64.183;79.796;28.026;18.785;53.486;1.643;0.760;0.435;1.585;0.027;0.755;80.551;80.444;33.389;0.056;0.132;0.056;0.002;0.971;4.415;0.132;0;1;25.118;25.120;nan;nan;nan;31208;1;0;0;0;0;0;0
53;1;1;1;IDLE;0.000;0.000;1.000;20119.602499;20119.603395;20119.632267;20119.649757;787059;787059;787059;9839;24;12592944;12592984;100.000;761.758;761.758;7.601;8.329;3022.316;3.692;0.000;0.000;4.467;7.221;0.001;15.380;15.380;29.830;46.361;28.871;33.175;53.272;1.672;0.756;0.433;1.574;0.032;0.897;47.258;47.150;33.474;0.141;0.133;0.141;0.002;0.649;4.433;0.133;0;1;24.668;24.669;nan;nan;nan;31584;1;0;0;0;0;0;0
54;1;1;1;IDLE;0.000;0.000;1.000;20119.635833;20119.636766;20119.664457;20119.716047;786051;786051;786051;9826;24;12576816;12576856;100.000;797.806;797.806;7.421;8.148;3018.445;3.753;0.000;0.000;4.525;7.337;0.002;15.615;15.615;63.517;79.282;27.692;19.696;56.390;1.554;0.762;0.456;1.728;0.026;0.933;80.215;80.108;33.370;0.037;0.127;0.037;0.002;0.062;4.461;0.134;0;1;24.713;24.714;nan;nan;nan;30832;1;0;0;0;0;0;0
55;1;1;1;IDLE;0.000;0.000;1.000;20119.669166;20119.669974;20119.698290;20119.749931;796213;796213;796213;9953;24;12739408;12739448;100.000;805.854;805.854;7.421;8.148;3057.468;3.809;0.000;0.000;4.387;7.098;0.001;15.295;15.295;64.148;79.957;28.316;19.129;54.014;1.569;0.773;0.435;1.583;0.026;0.809;80.766;80.658;33.208;0.125;0.126;0.125;0.005;1.016;4.449;0.133;0;1;24.853;24.854;nan;nan;nan;30832;1;0;0;0;0;0;0
56;1;1;1;IDLE;0.000;0.000;1.000;20119.702501;20119.703441;20119.732546;20119.782293;790191;790191;790191;9878;23;12643056;12643096;100.000;767.275;767.275;7.240;7.937;3034.343;3.606;0.000;0.000;4.385;7.274;0.001;15.265;15.265;62.374;78.852;29.106;19.359;52.447;1.582;0.763;0.436;1.577;0.027;0.940;79.792;79.687;33.467;0.134;0.127;0.134;0.002;0.966;4.435;0.133;0;1;24.656;24.657;nan;nan;nan;30080;1;0;0;0;0;0;0
57;1;1;1;IDLE;0.000;0.000;1.000;20119.735832;20119.736838;20119.764596;20119.816230;798808;798808;798808;9986;24;12780928;12780968;100.000;794.444;794.444;7.421;8.148;3067.432;4.038;0.000;0.000;4.202;7.249;0.001;15.489;15.489;63.303;79.391;27.758;19.509;55.798;1.547;0.771;0.461;1.397;0.026;1.006;80.398;80.290;33.397;0.064;0.123;0.064;0.002;0.217;4.380;0.131;0;1;24.941;24.943;nan;nan;nan;30832;1;0;0;0;0;0;0
58;1;1;1;IDLE;0.000;0.000;1.000;20119.769166;20119.769963;20119.798850;20119.849086;797924;797924;797924;9975;24;12766784;12766824;100.000;779.855;779.855;7.421;8.148;3064.038;3.831;0.000;0.000;4.412;7.421;0.001;15.663;15.663;62.752;79.123;28.887;19.796;54.224;1.602;0.772;0.439;1.572;0.026;0.798;79.920;79.813;33.125;0.208;0.128;0.208;0.002;0.681;4.390;0.132;0;1;24.797;24.799;nan;nan;nan;30832;1;0;0;0;0;0;0
59;1;1;1;IDLE;0.000;0.000;1.000;20119.802499;20119.803379;20119.831635;20119.882701;794477;794477;794477;9931;24;12711632;12711672;100.000;789.917;789.917;7.376;8.103;3050.801;3.634;0.000;0.000;4.379;7.127;0.001;15.140;15.140;63.229;79.322;28.256;19.087;53.582;1.559;0.771;0.450;1.574;0.025;0.880;80.201;80.094;33.416;0.082;0.125;0.082;0.002;0.655;4.392;0.132;0;1;24.575;24.576;nan;nan;nan;30644;1;0;0;0;0;0;0
60;1;1;1;IDLE;0.000;0.000;1.000;20119.835833;20119.836661;20119.865606;20119.915814;789053;789053;789053;9864;24;12624848;12624888;100.000;796.776;796.776;7.376;8.103;3029.973;3.852;0.000;0.000;4.632;8.011;0.001;16.494;16.494;63.308;79.153;28.945;20.839;56.984;1.809;0.776;0.440;1.581;0.026;0.828;79.981;79.874;33.282;0.052;0.121;0.052;0.002;0.455;4.457;0.134;0;1;25.102;25.103;nan;nan;nan;30644;1;0;0;0;0;0;0
61;1;1;1;IDLE;0.000;0.000;1.000;20119.869166;20119.870148;20119.897895;20119.916825;783874;783874;783874;9799;109;12541984;12542024;100.000;784.536;784.536;34.448;37.827;3010.086;3.620;0.000;0.000;4.324;7.232;0.002;15.176;15.176;30.690;46.677;27.747;32.513;54.695;1.503;0.764;0.454;1.577;0.026;0.982;47.659;47.552;33.487;0.154;0.123;0.154;0.002;0.202;4.430;0.133;0;1;25.147;25.149;nan;nan;nan;143444;1;0;0;0;0;0;0
62;1;1;1;IDLE;0.000;0.000;1.000;20119.902499;20119.903215;20119.931221;20119.982246;782785;782785;782785;9785;22;12524560;12524600;100.000;796.242;796.242;6.924;7.590;3005.904;3.819;0.000;0.000;4.260;7.477;0.001;15.556;15.556;63.302;79.031;28.006;19.683;55.545;1.615;0.770;0.453;1.394;0.027;0.716;79.748;79.640;33.067;0.266;0.132;0.266;0.002;0.537;4.390;0.132;0;1;25.120;25.121;nan;nan;nan;28764;1;0;0;0;0;0;0
63;1;1;1;IDLE;0.000;0.000;1.000;20119.935833;20119.936651;20119.965031;20120.014741;782791;782791;782791;9785;18;12524656;12524696;100.000;779.992;779.992;5.571;6.111;3005.927;4.003;0.000;0.000;4.409;7.208;0.001;15.620;15.620;62.032;78.090;28.379;20.003;55.042;1.598;0.764;0.441;1.579;0.027;0.819;78.909;78.802;33.436;0.103;0.130;0.103;0.002;0.702;4.397;0.132;0;1;24.421;24.422;nan;nan;nan;23124;1;0;0;0;0;0;0
64;1;1;1;IDLE;0.000;0.000;1.000;20119.969166;20119.970016;20119.997919;20120.048991;782127;782127;782127;9777;17;12514032;12514072;100.000;802.204;802.204;5.345;5.855;3003.377;3.586;0.000;0.000;4.184;8.022;0.001;15.791;15.791;63.375;78.974;27.902;19.996;56.595;1.545;0.760;0.459;1.395;0.026;0.851;79.825;79.718;33.365;0.031;0.124;0.031;0.008;0.089;4.347;0.130;0;1;24.840;24.843;nan;nan;nan;22184;1;0;0;0;0;0;0
65;1;1;1;IDLE;0.000;0.000;1.000;20120.002499;20120.003237;20120.031495;20120.082552;785507;785507;785507;9819;18;12568112;12568152;100.000;790.362;790.362;5.481;6.021;3016.356;3.467;0.000;0.000;4.289;7.516;0.001;15.271;15.271;63.413;79.315;28.258;19.254;54.042;1.500;0.746;0.437;1.579;0.026;0.738;80.053;79.946;33.221;0.112;0.123;0.112;0.002;0.549;4.337;0.130;0;1;25.008;25.010;nan;nan;nan;22748;1;0;0;0;0;0;0
66;1;1;1;IDLE;0.000;0.000;1.000;20120.035832;20120.036698;20120.066083;20120.114702;789017;789017;789017;9863;19;12624272;12624312;100.000;786.141;786.141;5.796;6.368;3029.835;3.670;0.000;0.000;4.428;8.024;0.001;16.122;16.122;61.945;78.003;29.384;20.668;54.867;1.635;0.759;0.437;1.572;0.026;0.867;78.870;78.762;33.461;0.128;0.123;0.128;0.002;0.871;4.365;0.131;0;1;24.491;24.492;nan;nan;nan;24064;1;0;0;0;0;0;0
67;1;1;1;IDLE;0.000;0.000;1.000;20120.069166;20120.070007;20120.098156;20120.147349;789641;789641;789641;9871;20;12634256;12634296;100.000;811.166;811.166;6.203;6.805;3032.231;3.674;0.000;0.000;4.149;8.022;0.001;15.845;15.845;61.766;77.342;28.148;20.487;56.290;1.512;0.760;0.460;1.391;0.025;0.842;78.183;78.076;33.309;0.025;0.117;0.025;0.002;0.400;4.313;0.129;0;1;24.565;24.567;nan;nan;nan;25756;1;0;0;0;0;0;0
68;1;1;1;IDLE;0.000;0.000;1.000;20120.102499;20120.103215;20120.130438;20120.147385;784718;784718;784718;9809;20;12555488;12555528;100.000;810.454;810.454;6.338;6.941;3013.327;3.502;0.000;0.000;4.316;7.226;0.000;15.045;15.045;28.678;44.170;27.223;34.060;55.264;1.518;0.756;0.440;1.576;0.026;0.716;44.886;44.779;33.208;0.126;0.118;0.126;0.002;0.186;4.319;0.130;0;1;24.133;24.135;nan;nan;nan;26320;1;0;0;0;0;0;0
69;1;1;1;IDLE;0.000;0.000;1.000;20120.135832;20120.136572;20120.165316;20120.215024;778159;778159;778159;9727;21;12450544;12450584;100.000;802.339;802.339;6.654;7.288;2988.140;3.391;0.000;0.000;4.484;8.024;0.002;15.899;15.899;62.933;78.451;28.744;20.266;55.312;1.515;1.009;0.458;1.477;0.026;0.740;79.192;79.084;33.357;0.024;0.112;0.024;0.002;0.714;4.363;0.131;0;1;24.435;24.437;nan;nan;nan;27636;1;0;0;0;0;0;0
70;1;1;1;IDLE;0.000;0.000;1.000;20120.169166;20120.169922;20120.197710;20120.248514;776327;776327;776327;9705;22;12421232;12421272;100.000;799.271;799.271;6.744;7.409;2981.105;3.935;0.000;0.000;4.603;7.339;0.001;15.877;15.877;63.051;78.592;27.788;20.201;57.135;1.812;0.750;0.441;1.573;0.026;0.757;79.348;79.241;33.350;0.016;0.106;0.016;0.002;0.302;4.427;0.133;0;1;24.648;24.652;nan;nan;nan;28012;1;0;0;0;0;0;0
71;1;1;1;IDLE;0.000;0.000;1.000;20120.202499;20120.203202;20120.230932;20120.281487;786883;786883;786883;9837;23;12590128;12590168;100.000;792.235;792.235;7.195;7.892;3021.640;3.559;0.000;0.000;4.319;7.477;0.001;15.355;15.355;62.393;78.285;27.730;19.614;55.373;1.525;0.759;0.436;1.572;0.027;0.703;78.988;78.880;33.280;0.053;0.103;0.053;0.002;0.040;4.405;0.132;0;1;25.056;25.057;nan;nan;nan;29892;1;0;0;0;0;0;0
72;1;1;1;IDLE;0.000;0.000;1.000;20120.235832;20120.236589;20120.264547;20120.316114;787146;787146;787146;9840;22;12594336;12594376;100.000;819.468;819.468;6.924;7.590;3022.650;3.596;0.000;0.000;4.404;8.013;0.001;16.013;16.013;64.156;79.525;27.958;20.136;57.277;1.586;0.767;0.445;1.578;0.027;0.757;80.282;80.175;33.387;0.054;0.100;0.054;0.002;0.169;4.410;0.132;0;1;24.950;24.951;nan;nan;nan;28764;1;0;0;0;0;0;0
73;1;1;1;IDLE;0.000;0.000;1.000;20120.269166;20120.269869;20120.298524;20120.348320;781047;781047;781047;9764;22;12496752;12496792;100.000;765.336;765.336;6.879;7.545;2999.230;3.793;0.000;0.000;4.552;6.915;0.001;15.260;15.260;62.122;78.451;28.655;19.451;53.253;1.545;1.051;0.458;1.471;0.027;0.703;79.154;79.047;33.280;0.054;0.097;0.054;0.008;0.851;4.448;0.133;0;1;24.502;24.503;nan;nan;nan;28576;1;0;0;0;0;0;0
74;1;1;1;IDLE;0.000;0.000;1.000;20120.302500;20120.303383;20120.330879;20120.381890;782459;782459;782459;9781;23;12519344;12519384;100.000;809.015;809.015;7.195;7.892;3004.652;3.889;0.000;0.000;4.177;7.194;0.001;15.260;15.260;63.032;78.507;27.496;19.438;55.499;1.533;0.766;0.456;1.397;0.025;0.883;79.390;79.284;33.514;0.180;0.102;0.180;0.002;0.648;4.383;0.131;0;1;24.632;24.633;nan;nan;nan;29892;1;0;0;0;0;0;0
75;1;1;1;IDLE;0.000;0.000;1.000;20120.335832;20120.336591;20120.363761;20120.415997;781579;781579;781579;9770;23;12505264;12505304;100.000;794.147;794.147;7.150;7.847;3001.273;3.410;0.000;0.000;4.387;6.991;0.001;14.788;14.788;63.659;79.406;27.171;18.623;54.426;1.519;0.761;0.442;1.639;0.027;0.758;80.165;80.057;33.208;0.126;0.103;0.126;0.002;0.043;4.389;0.132;0;1;25.116;25.117;nan;nan;nan;29704;1;0;0;0;0;0;0
76;1;1;1;IDLE;0.000;0.000;1.000;20120.369166;20120.369886;20120.397894;20120.448038;784181;784181;784181;9803;110;12546896;12546936;100.000;792.719;792.719;34.673;38.084;3011.265;3.693;0.000;0.000;4.444;7.049;0.003;15.186;15.186;62.324;78.152;28.008;19.431;54.219;1.626;0.767;0.441;1.583;0.027;0.720;78.873;78.765;33.295;0.038;0.099;0.038;0.002;0.685;4.405;0.132;0;1;25.149;25.150;nan;nan;nan;144384;1;0;0;0;0;0;0
77;1;1;1;IDLE;0.000;0.000;1.000;20120.402500;20120.403235;20120.431065;20120.448076;782861;782861;782861;9786;21;12525776;12525816;100.000;792.738;792.738;6.654;7.288;3006.196;3.690;0.000;0.000;4.151;7.143;0.000;14.983;14.983;29.041;44.841;27.830;33.414;53.839;1.513;0.765;0.452;1.396;0.025;0.735;45.577;45.470;33.349;0.016;0.094;0.016;0.010;0.725;4.344;0.130;0;1;24.113;24.114;nan;nan;nan;27636;1;0;0;0;0;0;0
78;1;1;1;IDLE;0.000;0.000;1.000;20120.435832;20120.436552;20120.464099;20120.515204;779451;779451;779451;9744;17;12471216;12471256;100.000;805.799;805.799;5.120;5.629;2993.101;3.419;0.000;0.000;4.313;7.100;0.001;14.832;14.832;63.176;78.653;27.547;18.857;53.841;1.512;0.760;0.438;1.577;0.025;0.719;79.372;79.265;33.317;0.017;0.089;0.017;0.002;0.655;4.341;0.130;0;1;24.349;24.351;nan;nan;nan;21244;1;0;0;0;0;0;0
79;1;1;1;IDLE;0.000;0.000;1.000;20120.469165;20120.469869;20120.498164;20120.548271;784719;784719;784719;9809;17;12555504;12555544;100.000;809.020;809.020;5.345;5.855;3013.331;3.696;0.000;0.000;4.708;7.084;0.001;15.487;15.487;62.882;78.402;28.295;19.754;54.736;1.913;0.758;0.435;1.576;0.026;0.704;79.105;78.997;33.317;0.016;0.085;0.016;0.002;0.981;4.435;0.133;0;1;24.121;24.124;nan;nan;nan;22184;1;0;0;0;0;0;0
80;1;1;1;IDLE;0.000;0.000;1.000;20120.502499;20120.503292;20120.531207;20120.548304;780701;780701;780701;9759;19;12491216;12491256;100.000;805.823;805.823;6.022;6.594;2997.901;3.496;0.000;0.000;4.369;7.049;0.000;14.914;14.914;29.510;45.012;27.915;33.135;53.429;1.569;0.764;0.436;1.574;0.026;0.793;45.805;45.697;33.423;0.090;0.085;0.090;0.002;0.993;4.421;0.133;0;1;24.110;24.111;nan;nan;nan;25004;1;0;0;0;0;0;0
81;1;1;1;IDLE;0.000;0.000;1.000;20120.535833;20120.536565;20120.564418;20120.616429;785754;785754;785754;9822;22;12572064;12572104;100.000;791.433;791.433;6.699;7.364;3017.305;3.551;0.000;0.000;4.307;7.172;0.002;15.031;15.031;63.979;79.864;27.852;18.821;53.967;1.513;0.752;0.432;1.586;0.025;0.732;80.597;80.490;33.273;0.060;0.084;0.060;0.002;0.485;4.397;0.132;0;1;24.881;24.882;nan;nan;nan;27824;1;0;0;0;0;0;0
82;1;1;1;IDLE;0.000;0.000;1.000;20120.569166;20120.570023;20120.599242;20120.648031;783308;783308;783308;9792;22;12532928;12532968;100.000;761.772;761.772;6.879;7.545;3007.912;3.840;0.000;0.000;4.848;6.922;0.001;15.609;15.609;61.555;78.008;29.218;20.010;53.423;1.575;1.301;0.456;1.489;0.027;0.858;78.866;78.758;33.458;0.125;0.086;0.125;0.009;0.987;4.513;0.135;0;1;24.105;24.108;nan;nan;nan;28576;1;0;0;0;0;0;0
83;1;1;1;IDLE;0.000;0.000;1.000;20120.602502;20120.603428;20120.630666;20120.682584;782737;782737;782737;9785;21;12523792;12523832;100.000;804.585;804.585;6.564;7.198;3005.720;3.781;0.000;0.000;4.178;7.251;0.001;15.209;15.209;63.590;79.156;27.238;19.214;55.838;1.517;0.777;0.460;1.395;0.027;0.926;80.082;79.977;33.404;0.071;0.085;0.071;0.002;0.241;4.436;0.133;0;1;24.613;24.615;nan;nan;nan;27260;1;0;0;0;0;0;0
84;1;1;1;IDLE;0.000;0.000;1.000;20120.635832;20120.636550;20120.665493;20120.715661;781874;781874;781874;9774;22;12509984;12510024;100.000;805.367;805.367;6.924;7.590;3002.406;3.814;0.000;0.000;4.711;8.020;0.001;16.545;16.545;63.578;79.111;28.943;20.914;57.165;1.726;0.782;0.439;1.737;0.027;0.718;79.829;79.721;33.122;0.211;0.093;0.211;0.002;0.676;4.507;0.135;0;1;25.108;25.110;nan;nan;nan;28764;1;0;0;0;0;0;0
85;1;1;1;IDLE;0.000;0.000;1.000;20120.669166;20120.670105;20120.698607;20120.748251;780545;780545;780545;9757;20;12488720;12488760;100.000;775.705;775.705;6.067;6.670;2997.302;3.640;0.000;0.000;4.326;7.053;0.001;15.020;15.020;62.046;78.146;28.501;19.220;52.698;1.525;0.759;0.438;1.577;0.027;0.939;79.085;78.978;33.555;0.222;0.101;0.222;0.002;1.019;4.468;0.134;0;1;24.104;24.105;nan;nan;nan;25192;1;0;0;0;0;0;0
86;1;1;1;IDLE;0.000;0.000;1.000;20120.702499;20120.703412;20120.730897;20120.781513;778343;778343;778343;9730;21;12453488;12453528;100.000;822.055;822.055;6.473;7.107;2988.847;3.501;0.000;0.000;4.237;7.268;0.001;15.005;15.005;62.952;78.102;27.486;19.212;54.593;1.578;0.768;0.473;1.391;0.026;0.912;79.014;78.907;33.306;0.027;0.096;0.027;0.002;0.830;4.413;0.132;0;1;24.619;24.620;nan;nan;nan;26884;1;0;0;0;0;0;0
87;1;1;1;IDLE;0.000;0.000;1.000;20120.735832;20120.736567;20120.763758;20120.815289;778458;778458;778458;9731;20;12455328;12455368;100.000;800.489;800.489;6.338;6.941;2989.288;3.772;0.000;0.000;4.522;7.044;0.001;15.338;15.338;63.162;78.722;27.191;19.484;56.410;1.689;0.762;0.430;1.594;0.047;0.735;79.458;79.350;33.156;0.178;0.102;0.178;0.002;0.061;4.445;0.133;0;1;24.796;24.798;nan;nan;nan;26320;1;0;0;0;0;0;0
88;1;1;1;IDLE;0.000;0.000;1.000;20120.769165;20120.769922;20120.798023;20120.847974;778592;778592;778592;9733;22;12457472;12457512;100.000;794.030;794.030;6.924;7.590;2989.803;3.381;0.000;0.000;4.361;7.235;0.001;14.977;14.977;62.363;78.052;28.101;19.188;53.296;1.531;0.766;0.450;1.588;0.026;0.756;78.808;78.701;33.355;0.021;0.097;0.021;0.002;0.814;4.427;0.133;0;1;24.497;24.500;nan;nan;nan;28764;1;0;0;0;0;0;0
89;1;1;1;IDLE;0.000;0.000;1.000;20120.802499;20120.803262;20120.831887;20120.881754;779952;779952;779952;9750;23;12479232;12479272;100.000;816.277;816.277;7.105;7.801;2995.025;3.525;0.000;0.000;4.462;8.023;0.001;16.010;16.010;63.204;78.492;28.625;20.397;55.930;1.626;0.769;0.461;1.580;0.026;0.762;79.254;79.147;33.340;0.007;0.091;0.007;0.002;0.850;4.438;0.133;0;1;24.106;24.108;nan;nan;nan;29516;1;0;0;0;0;0;0
90;1;1;1;IDLE;0.000;0.000;1.000;20120.835833;20120.836549;20120.864171;20120.916189;779674;779674;779674;9746;23;12474784;12474824;100.000;811.285;811.285;7.105;7.801;2993.958;3.458;0.000;0.000;4.364;7.228;0.001;15.051;15.051;64.263;79.640;27.622;18.898;54.489;1.539;0.763;0.449;1.587;0.026;0.717;80.356;80.249;33.287;0.046;0.088;0.046;0.008;0.644;4.425;0.133;0;1;24.808;24.809;nan;nan;nan;29516;1;0;0;0;0;0;0
91;1;1;1;IDLE;0.000;0.000;1.000;20120.869167;20120.869856;20120.898105;20120.948706;781083;781083;781083;9764;109;12497328;12497368;100.000;776.202;776.202;34.267;37.647;2999.368;3.819;0.000;0.000;4.292;7.080;0.004;15.191;15.191;62.749;78.849;28.249;19.266;53.778;1.481;0.769;0.441;1.574;0.027;0.689;79.539;79.433;33.307;0.026;0.084;0.026;0.002;0.773;4.394;0.132;0;1;25.161;25.162;nan;nan;nan;142692;1;0;0;0;0;0;0
92;1;1;1;IDLE;0.000;0.000;1.000;20120.902499;20120.903279;20120.931413;20120.982179;780537;780537;780537;9757;21;12488592;12488632;100.000;784.906;784.906;6.564;7.198;2997.272;3.726;0.000;0.000;4.191;7.311;0.001;15.228;15.228;62.989;78.900;28.134;19.300;54.127;1.543;0.773;0.455;1.394;0.025;0.780;79.680;79.573;33.422;0.089;0.085;0.089;0.002;0.718;4.346;0.130;0;1;24.600;24.602;nan;nan;nan;27260;1;0;0;0;0;0;0
93;1;1;1;IDLE;0.000;0.000;1.000;20120.935834;20120.936690;20120.964465;20121.014750;773046;773046;773046;9664;17;12368736;12368776;100.000;773.577;773.577;5.210;5.719;2968.506;3.610;0.000;0.000;4.053;7.257;0.001;14.919;14.919;62.071;78.060;27.775;19.113;53.716;1.424;0.774;0.439;1.391;0.025;0.857;78.917;78.811;33.412;0.078;0.084;0.078;0.002;0.473;4.280;0.128;0;1;24.968;24.969;nan;nan;nan;21620;1;0;0;0;0;0;0
94;1;1;1;IDLE;0.000;0.000;1.000;20120.969166;20120.970067;20120.997405;20121.014781;770822;770822;770822;9636;16;12333152;12333192;100.000;811.790;811.790;5.075;5.553;2959.966;3.431;0.000;0.000;4.073;7.147;0.000;14.651;14.651;29.522;44.714;27.338;32.765;53.591;1.428;0.759;0.469;1.392;0.025;0.901;45.616;45.508;33.376;0.043;0.082;0.043;0.002;0.923;4.230;0.127;0;1;24.489;24.490;nan;nan;nan;21056;1;0;0;0;0;0;0
95;1;1;1;IDLE;0.000;0.000;1.000;20121.002498;20121.003757;20121.030734;20121.081839;778859;778859;778859;9736;19;12461744;12461784;100.000;821.075;821.075;5.887;6.458;2990.828;3.436;0.000;0.000;4.336;7.389;0.001;15.162;15.162;62.905;78.083;26.977;19.417;56.202;1.532;0.750;0.449;1.580;0.026;1.258;79.341;79.233;33.690;0.357;0.099;0.357;0.002;0.071;4.262;0.128;0;1;25.727;25.728;nan;nan;nan;24440;1;0;0;0;0;0;0
96;1;1;1;IDLE;0.000;0.000;1.000;20121.035832;20121.036679;20121.064607;20121.115329;778333;778333;778333;9730;22;12453328;12453368;100.000;779.226;779.226;6.744;7.409;2988.808;3.959;0.000;0.000;4.315;7.180;0.001;15.454;15.454;62.668;78.649;27.927;19.649;55.337;1.488;0.766;0.455;1.580;0.027;0.847;79.496;79.389;32.922;0.411;0.118;0.411;0.002;0.448;4.281;0.128;0;1;24.408;24.411;nan;nan;nan;28012;1;0;0;0;0;0;0
97;1;1;1;IDLE;0.000;0.000;1.000;20121.069167;20121.069911;20121.097766;20121.148682;782798;782798;782798;9785;23;12524768;12524808;100.000;805.191;805.191;7.060;7.756;3005.954;3.643;0.000;0.000;4.290;7.270;0.001;15.203;15.203;63.216;78.771;27.855;19.300;54.578;1.454;0.760;0.450;1.592;0.034;0.744;79.515;79.409;33.231;0.102;0.117;0.102;0.002;0.738;4.285;0.129;0;1;24.828;24.831;nan;nan;nan;29328;1;0;0;0;0;0;0
98;1;1;1;IDLE;0.000;0.000;1.000;20121.102501;20121.103256;20121.131524;20121.182433;781418;781418;781418;9768;22;12502688;12502728;100.000;764.151;764.151;6.789;7.454;3000.655;3.442;0.000;0.000;4.922;6.950;0.001;15.315;15.315;62.816;79.177;28.268;19.342;54.178;1.640;1.323;0.458;1.474;0.026;0.755;79.933;79.827;33.345;0.012;0.111;0.012;0.002;0.031;4.447;0.133;0;1;24.105;24.107;nan;nan;nan;28200;1;0;0;0;0;0;0
99;1;1;1;IDLE;0.000;0.000;1.000;20121.135833;20121.136693;20121.164837;20121.215180;777382;777382;777382;9718;22;12438112;12438152;100.000;806.882;806.882;6.699;7.364;2985.156;3.628;0.000;0.000;4.819;7.177;0.001;15.623;15.623;63.073;78.488;28.144;19.906;55.512;1.680;0.760;0.450;1.900;0.030;0.859;79.347;79.241;33.437;0.103;0.110;0.103;0.008;0.725;4.546;0.136;0;1;24.770;24.772;nan;nan;nan;27824;1;0;0;0;0;0;0
100;1;1;1;IDLE;0.000;0.000;1.000;20121.169167;20121.170091;20121.197960;20121.248514;778267;778267;778267;9729;21;12452272;12452312;100.000;770.706;770.706;6.428;7.062;2988.555;3.713;0.000;0.000;4.355;7.222;0.001;15.290;15.290;62.266;78.424;27.869;19.496;54.861;1.537;0.764;0.459;1.568;0.027;0.924;79.347;79.241;33.398;0.064;0.107;0.064;0.002;0.133;4.503;0.135;0;1;24.438;24.441;nan;nan;nan;26696;1;0;0;0;0;0;0
101;1;1;1;IDLE;0.000;0.000;1.000;20121.202501;20121.203495;20121.231058;20121.283679;780699;780699;780699;9759;21;12491184;12491224;100.000;792.630;792.630;6.518;7.152;2997.894;3.384;0.000;0.000;4.302;7.240;0.001;14.926;14.926;64.425;80.184;27.563;18.614;54.152;1.479;0.763;0.455;1.579;0.027;0.994;81.178;81.073;33.404;0.071;0.105;0.071;0.002;0.258;4.458;0.134;0;1;24.693;24.694;nan;nan;nan;27072;1;0;0;0;0;0;0
102;1;1;1;IDLE;0.000;0.000;1.000;20121.235839;20121.236618;20121.265043;20121.316263;780328;780328;780328;9755;21;12485248;12485288;100.000;791.650;791.650;6.383;7.017;2996.469;3.779;0.000;0.000;4.636;7.154;0.001;15.569;15.569;63.874;79.645;28.425;19.548;54.770;1.567;0.766;0.446;1.829;0.028;0.778;80.423;80.323;33.123;0.211;0.112;0.211;0.002;0.862;4.505;0.135;0;1;25.786;25.787;nan;nan;nan;26508;1;0;0;0;0;0;0
103;1;1;1;IDLE;0.000;0.000;1.000;20121.269167;20121.270112;20121.299058;20121.348936;782351;782351;782351;9780;21;12517616;12517656;100.000;746.972;746.972;6.428;7.062;3004.237;3.936;0.000;0.000;4.389;7.088;0.001;15.413;15.413;62.066;78.824;28.946;19.553;53.246;1.552;0.769;0.458;1.584;0.025;0.944;79.768;79.663;33.494;0.161;0.115;0.161;0.002;0.709;4.478;0.134;0;1;24.289;24.292;nan;nan;nan;26696;1;0;0;0;0;0;0
104;1;1;1;IDLE;0.000;0.000;1.000;20121.302499;20121.303414;20121.331144;20121.382901;782164;782164;782164;9778;21;12514624;12514664;100.000;793.270;793.270;6.428;7.062;3003.519;3.867;0.000;0.000;4.196;7.098;0.001;15.160;15.160;63.712;79.488;27.730;19.073;54.672;1.543;0.762;0.469;1.397;0.025;0.915;80.403;80.295;33.302;0.031;0.110;0.031;0.002;0.658;4.410;0.132;0;1;24.887;24.888;nan;nan;nan;26696;1;0;0;0;0;0;0
105;1;1;1;IDLE;0.000;0.000;1.000;20121.335832;20121.336679;20121.365366;20121.417178;783021;783021;783021;9788;22;12528336;12528376;100.000;774.390;774.390;6.834;7.500;3006.810;3.933;0.000;0.000;4.467;7.239;0.001;15.639;15.639;64.321;80.499;28.687;19.428;54.517;1.644;0.768;0.451;1.578;0.026;0.846;81.346;81.238;33.265;0.068;0.107;0.068;0.002;0.799;4.427;0.133;0;1;24.772;24.773;nan;nan;nan;28388;1;0;0;0;0;0;0
106;1;1;1;IDLE;0.000;0.000;1.000;20121.369166;20121.370071;20121.398445;20121.448779;786829;786829;786829;9836;105;12589264;12589304;100.000;787.319;787.319;33.094;36.349;3021.433;3.535;0.000;0.000;4.477;7.240;0.003;15.252;15.252;62.718;78.708;28.374;19.378;53.753;1.635;0.772;0.466;1.577;0.027;0.904;79.612;79.506;33.392;0.059;0.104;0.059;0.002;0.664;4.442;0.133;0;1;25.970;25.971;nan;nan;nan;137804;1;0;0;0;0;0;0
107;1;1;1;IDLE;0.000;0.000;1.000;20121.402500;20121.403528;20121.431511;20121.448817;789365;789365;789365;9868;22;12629840;12629880;100.000;792.089;792.089;6.970;7.635;3031.171;3.679;0.000;0.000;4.230;7.219;0.000;15.128;15.128;29.344;45.289;27.983;33.404;54.062;1.565;0.774;0.466;1.399;0.026;1.027;46.316;46.210;33.457;0.123;0.105;0.123;0.002;0.587;4.395;0.132;0;1;24.485;24.486;nan;nan;nan;28952;1;0;0;0;0;0;0
108;1;1;1;IDLE;0.000;0.000;1.000;20121.435832;20121.436570;20121.464720;20121.516737;790807;790807;790807;9886;19;12652912;12652952;100.000;795.314;795.314;5.796;6.368;3036.708;3.701;0.000;0.000;4.408;7.350;0.002;15.459;15.459;64.258;80.167;28.150;19.284;54.917;1.566;0.779;0.445;1.592;0.026;0.738;80.905;80.797;33.042;0.291;0.117;0.291;0.008;0.474;4.403;0.132;0;1;24.725;24.727;nan;nan;nan;24064;1;0;0;0;0;0;0
109;1;1;1;IDLE;0.000;0.000;1.000;20121.469166;20121.469960;20121.499389;20121.549288;789334;789334;789334;9867;17;12629344;12629384;100.000;744.167;744.167;5.345;5.855;3031.052;4.020;0.000;0.000;4.754;6.945;0.001;15.718;15.718;62.357;79.328;29.429;19.814;53.411;2.033;0.781;0.461;1.451;0.027;0.794;80.122;80.015;33.390;0.057;0.113;0.057;0.002;0.757;4.493;0.135;0;1;24.289;24.291;nan;nan;nan;22184;1;0;0;0;0;0;0
110;1;1;1;IDLE;0.000;0.000;1.000;20121.502500;20121.503481;20121.531768;20121.583091;783753;783753;783753;9797;18;12540048;12540088;100.000;787.015;787.015;5.661;6.202;3009.621;3.883;0.000;0.000;4.205;7.249;0.001;15.337;15.337;63.676;79.610;28.287;19.265;54.220;1.558;0.763;0.458;1.401;0.025;0.982;80.591;80.484;33.521;0.188;0.118;0.188;0.002;0.896;4.424;0.133;0;1;24.766;24.768;nan;nan;nan;23500;1;0;0;0;0;0;0
111;1;1;1;IDLE;0.000;0.000;1.000;20121.535835;20121.536945;20121.565741;20121.615181;781240;781240;781240;9766;21;12499840;12499880;100.000;749.213;749.213;6.609;7.243;2999.971;3.888;0.000;0.000;4.270;7.141;0.001;15.299;15.299;61.553;78.237;28.796;19.555;53.129;1.443;0.765;0.446;1.589;0.027;1.110;79.347;79.242;33.463;0.130;0.118;0.130;0.002;0.698;4.388;0.132;0;1;24.488;24.489;nan;nan;nan;27448;1;0;0;0;0;0;0
112;1;1;1;IDLE;0.000;0.000;1.000;20121.569166;20121.570070;20121.597810;20121.649715;781247;781247;781247;9766;22;12499952;12499992;100.000;774.449;774.449;6.699;7.364;2999.998;3.947;0.000;0.000;4.379;7.129;0.001;15.455;15.455;63.504;79.645;27.739;19.405;55.716;1.542;0.772;0.466;1.574;0.025;0.904;80.549;80.442;33.126;0.207;0.124;0.207;0.002;0.088;4.391;0.132;0;1;24.497;24.499;nan;nan;nan;27824;1;0;0;0;0;0;0
113;1;1;1;IDLE;0.000;0.000;1.000;20121.602500;20121.603247;20121.631913;20121.681944;783523;783523;783523;9795;22;12536368;12536408;100.000;779.068;779.068;6.789;7.454;3008.738;3.721;0.000;0.000;4.790;7.150;0.001;15.661;15.661;62.605;78.697;28.666;19.900;54.632;1.990;0.744;0.444;1.585;0.027;0.747;79.444;79.338;33.177;0.157;0.126;0.157;0.002;0.632;4.496;0.135;0;1;24.949;24.951;nan;nan;nan;28200;1;0;0;0;0;0;0
114;1;1;1;IDLE;0.000;0.000;1.000;20121.635832;20121.636712;20121.664889;20121.716404;783046;783046;783046;9789;23;12528736;12528776;100.000;778.594;778.594;7.285;7.982;3006.906;3.670;0.000;0.000;4.180;7.056;0.001;14.906;14.906;63.600;79.692;28.177;18.705;52.901;1.522;0.766;0.463;1.400;0.030;0.880;80.572;80.464;33.465;0.132;0.126;0.132;0.002;0.847;4.419;0.133;0;1;24.108;24.109;nan;nan;nan;30268;1;0;0;0;0;0;0
115;1;1;1;IDLE;0.000;0.000;1.000;20121.669166;20121.670001;20121.699207;20121.748616;785712;785712;785712;9822;22;12571392;12571432;100.000;788.200;788.200;6.924;7.590;3017.144;3.910;0.000;0.000;5.210;7.294;0.001;16.414;16.414;62.665;78.614;29.206;20.879;56.202;2.026;1.140;0.468;1.400;0.176;0.836;79.450;79.343;33.289;0.044;0.121;0.044;0.002;0.749;4.620;0.139;0;1;24.488;24.490;nan;nan;nan;28764;1;0;0;0;0;0;0
116;1;1;1;IDLE;0.000;0.000;1.000;20121.702500;20121.703368;20121.732009;20121.783180;788409;788409;788409;9856;22;12614544;12614584;100.000;798.906;798.906;6.789;7.454;3027.500;3.662;0.000;0.000;4.199;8.020;0.001;15.880;15.880;64.022;79.812;28.641;19.897;55.446;1.543;0.765;0.467;1.397;0.026;0.868;80.679;80.573;33.367;0.033;0.116;0.033;0.002;0.631;4.517;0.136;0;1;24.623;24.625;nan;nan;nan;28200;1;0;0;0;0;0;0
117;1;1;1;IDLE;0.000;0.000;1.000;20121.735832;20121.736598;20121.766090;20121.815672;785289;785289;785289;9817;21;12564624;12564664;100.000;781.950;781.950;6.473;7.107;3015.519;3.619;0.000;0.000;4.432;8.020;0.001;16.071;16.071;63.005;79.074;29.492;20.324;54.494;1.606;0.763;0.440;1.594;0.029;0.766;79.840;79.733;33.230;0.103;0.115;0.103;0.008;0.963;4.498;0.135;0;1;25.107;25.108;nan;nan;nan;26884;1;0;0;0;0;0;0
118;1;1;1;IDLE;0.000;0.000;1.000;20121.769166;20121.770057;20121.798477;20121.850340;784314;784314;784314;9804;20;12549024;12549064;100.000;754.176;754.176;6.293;6.896;3011.775;3.929;0.000;0.000;4.301;7.329;0.001;15.559;15.559;63.643;80.282;28.419;19.381;54.749;1.483;0.770;0.447;1.575;0.026;0.891;81.174;81.067;33.459;0.126;0.116;0.126;0.002;0.147;4.454;0.134;0;1;24.522;24.523;nan;nan;nan;26132;1;0;0;0;0;0;0
119;1;1;1;IDLE;0.000;0.000;1.000;20121.802500;20121.803329;20121.831423;20121.882742;784830;784830;784830;9811;21;12557280;12557320;100.000;792.495;792.495;6.428;7.062;3013.757;3.644;0.000;0.000;4.290;7.196;0.001;15.130;15.130;63.568;79.413;28.094;19.052;53.854;1.463;0.766;0.451;1.585;0.025;0.829;80.242;80.136;33.272;0.062;0.112;0.062;0.002;0.760;4.416;0.132;0;1;26.110;26.112;nan;nan;nan;26696;1;0;0;0;0;0;0
120;1;1;1;IDLE;0.000;0.000;1.000;20121.835835;20121.836908;20121.865429;20121.918010;784742;784742;784742;9810;21;12555872;12555912;100.000;773.089;773.089;6.564;7.198;3013.419;3.942;0.000;0.000;4.258;7.123;0.001;15.323;15.323;64.861;81.103;28.521;18.894;53.727;1.604;0.765;0.464;1.399;0.026;1.073;82.176;82.071;33.579;0.246;0.121;0.246;0.002;0.896;4.379;0.131;0;1;24.434;24.435;nan;nan;nan;27260;1;0;0;0;0;0;0
121;1;1;1;IDLE;0.000;0.000;1.000;20121.869166;20121.870085;20121.898431;20121.949336;787186;787186;787186;9840;108;12594976;12595016;100.000;783.058;783.058;33.996;37.345;3022.804;3.435;0.000;0.000;4.433;7.046;0.003;14.914;14.914;63.167;79.251;28.346;18.819;52.615;1.618;0.769;0.441;1.579;0.026;0.918;80.170;80.063;33.177;0.157;0.123;0.157;0.002;0.780;4.395;0.132;0;1;26.623;26.625;nan;nan;nan;141564;1;0;0;0;0;0;0
122;1;1;1;IDLE;0.000;0.000;1.000;20121.902501;20121.903475;20121.932482;20121.949374;792161;792161;792161;9903;22;12674576;12674616;100.000;776.352;776.352;6.970;7.635;3041.908;4.098;0.000;0.000;4.262;8.019;0.000;16.378;16.378;29.573;45.899;29.006;35.684;56.465;1.600;0.778;0.463;1.394;0.026;0.974;46.873;46.768;33.391;0.058;0.119;0.058;0.002;0.398;4.364;0.131;0;1;24.870;24.871;nan;nan;nan;28952;1;0;0;0;0;0;0
123;1;1;1;IDLE;0.000;0.000;1.000;20121.935835;20121.936742;20121.965560;20122.016122;788290;788290;788290;9854;18;12612640;12612680;100.000;786.488;786.488;5.526;6.066;3027.043;3.576;0.000;0.000;4.429;8.018;0.001;16.023;16.023;63.343;79.380;28.819;20.185;55.599;1.583;0.772;0.458;1.590;0.026;0.907;80.287;80.182;33.266;0.067;0.116;0.067;0.002;0.332;4.386;0.132;0;1;25.104;25.105;nan;nan;nan;22936;1;0;0;0;0;0;0
124;1;1;1;IDLE;0.000;0.000;1.000;20121.969166;20121.970282;20121.998747;20122.049416;789222;789222;789222;9866;18;12627552;12627592;100.000;783.195;783.195;5.526;6.066;3030.622;3.938;0.000;0.000;4.455;7.126;0.001;15.520;15.520;63.011;79.134;28.465;19.612;54.522;1.636;0.773;0.439;1.579;0.027;1.116;80.250;80.143;33.540;0.207;0.121;0.207;0.002;0.758;4.406;0.132;0;1;24.499;24.500;nan;nan;nan;22936;1;0;0;0;0;0;0
125;1;1;1;IDLE;0.000;0.000;1.000;20122.002499;20122.003412;20122.031958;20122.082264;787173;787173;787173;9840;19;12594768;12594808;100.000;789.364;789.364;5.932;6.504;3022.754;3.713;0.000;0.000;4.399;7.258;0.001;15.370;15.370;62.896;78.852;28.546;19.492;53.843;1.592;0.759;0.451;1.572;0.026;0.913;79.765;79.657;33.130;0.203;0.126;0.203;0.002;0.931;4.407;0.132;0;1;24.713;24.714;nan;nan;nan;24628;1;0;0;0;0;0;0
126;1;1;1;IDLE;0.000;0.000;1.000;20122.035833;20122.036852;20122.065007;20122.115826;776279;776279;776279;9704;20;12420464;12420504;100.000;756.926;756.926;6.293;6.896;2980.921;3.671;0.000;0.000;4.288;7.223;0.001;15.183;15.183;62.565;78.975;28.156;19.225;53.924;1.482;0.760;0.442;1.576;0.029;1.019;79.994;79.887;33.440;0.106;0.125;0.106;0.008;0.227;4.383;0.131;0;1;24.477;24.478;nan;nan;nan;26132;1;0;0;0;0;0;0
127;1;1;1;IDLE;0.000;0.000;1.000;20122.069166;20122.069975;20122.098034;20122.149357;773912;773912;773912;9674;21;12382592;12382632;100.000;778.061;778.061;6.609;7.243;2971.832;3.731;0.000;0.000;4.333;7.169;0.001;15.233;15.233;63.467;79.382;28.059;19.190;54.289;1.511;0.767;0.441;1.587;0.026;0.809;80.191;80.084;33.123;0.210;0.130;0.210;0.002;0.640;4.375;0.131;0;1;24.958;24.960;nan;nan;nan;27448;1;0;0;0;0;0;0
128;1;1;1;IDLE;0.000;0.000;1.000;20122.102500;20122.103366;20122.132064;20122.181713;773302;773302;773302;9667;22;12372832;12372872;100.000;743.340;743.340;6.879;7.545;2969.489;4.055;0.000;0.000;4.312;7.118;0.001;15.485;15.485;61.702;78.347;28.698;19.764;53.958;1.448;0.813;0.433;1.593;0.026;0.866;79.212;79.106;33.391;0.058;0.126;0.058;0.002;0.621;4.365;0.131;0;1;24.407;24.410;nan;nan;nan;28576;1;0;0;0;0;0;0
129;1;1;1;IDLE;0.000;0.000;1.000;20122.135832;20122.136713;20122.164336;20122.215516;777001;777001;777001;9713;22;12432016;12432056;100.000;801.529;801.529;6.879;7.545;2983.693;3.620;0.000;0.000;4.253;7.325;0.001;15.198;15.198;63.293;78.803;27.623;19.285;55.017;1.612;0.757;0.460;1.398;0.025;0.880;79.684;79.577;33.347;0.014;0.119;0.014;0.002;0.533;4.340;0.130;0;1;24.696;24.699;nan;nan;nan;28576;1;0;0;0;0;0;0
130;1;1;1;IDLE;0.000;0.000;1.000;20122.169165;20122.169909;20122.198165;20122.247633;783174;783174;783174;9790;21;12530784;12530824;100.000;750.791;750.791;6.609;7.243;3007.398;3.780;0.000;0.000;4.337;7.066;0.001;15.183;15.183;61.033;77.724;28.256;19.535;53.733;1.646;0.760;0.459;1.446;0.027;0.744;78.467;78.360;33.196;0.137;0.120;0.137;0.002;0.161;4.344;0.130;0;1;24.414;24.415;nan;nan;nan;27448;1;0;0;0;0;0;0
131;1;1;1;IDLE;0.000;0.000;1.000;20122.202500;20122.203316;20122.230337;20122.281374;786108;786108;786108;9827;22;12577728;12577768;100.000;815.117;815.117;6.744;7.409;3018.664;3.658;0.000;0.000;4.376;7.163;0.001;15.197;15.197;62.626;78.057;27.021;19.469;56.243;1.555;0.763;0.457;1.575;0.026;0.817;78.874;78.767;33.408;0.074;0.117;0.074;0.002;0.048;4.357;0.131;0;1;24.454;24.456;nan;nan;nan;28012;1;0;0;0;0;0;0
132;1;1;1;IDLE;0.000;0.000;1.000;20122.235832;20122.236568;20122.264190;20122.315222;785622;785622;785622;9821;21;12569952;12569992;100.000;807.724;807.724;6.564;7.198;3016.798;3.710;0.000;0.000;4.693;6.942;0.001;15.345;15.345;63.092;78.654;27.621;19.509;55.553;1.540;1.218;0.463;1.444;0.027;0.736;79.390;79.283;33.252;0.082;0.115;0.082;0.002;0.422;4.443;0.133;0;1;24.123;24.124;nan;nan;nan;27260;1;0;0;0;0;0;0
133;1;1;1;IDLE;0.000;0.000;1.000;20122.269165;20122.269918;20122.297635;20122.349185;787265;787265;787265;9841;21;12596240;12596280;100.000;803.759;803.759;6.383;7.017;3023.107;3.378;0.000;0.000;4.406;7.303;0.001;15.087;15.087;63.595;79.267;27.717;19.033;54.431;1.639;0.741;0.432;1.567;0.026;0.753;80.020;79.912;33.350;0.017;0.109;0.017;0.002;0.334;4.439;0.133;0;1;24.887;24.888;nan;nan;nan;26508;1;0;0;0;0;0;0
134;1;1;1;IDLE;0.000;0.000;1.000;20122.302500;20122.303194;20122.331806;20122.381606;787734;787734;787734;9847;21;12603744;12603784;100.000;787.776;787.776;6.383;7.017;3024.908;3.685;0.000;0.000;4.652;7.390;0.001;15.727;15.727;62.412;78.412;28.611;20.057;54.968;1.859;0.744;0.434;1.585;0.029;0.695;79.106;79.000;33.276;0.057;0.106;0.057;0.002;0.568;4.497;0.135;0;1;24.767;24.768;nan;nan;nan;26508;1;0;0;0;0;0;0
135;1;1;1;IDLE;0.000;0.000;1.000;20122.335833;20122.336667;20122.364587;20122.416708;786766;786766;786766;9835;22;12588256;12588296;100.000;800.472;800.472;6.789;7.454;3021.191;3.642;0.000;0.000;4.522;7.094;0.001;15.258;15.258;64.314;80.040;27.920;19.063;54.650;1.705;0.763;0.446;1.581;0.027;0.834;80.874;80.768;33.473;0.139;0.108;0.139;0.007;0.570;4.508;0.135;0;1;24.110;24.112;nan;nan;nan;28200;1;0;0;0;0;0;0
136;1;1;1;IDLE;0.000;0.000;1.000;20122.369166;20122.369904;20122.398509;20122.448766;787622;787622;787622;9846;100;12601952;12601992;100.000;783.858;783.858;31.425;34.524;3024.478;3.635;0.000;0.000;4.798;6.944;0.003;15.378;15.378;62.785;78.862;28.605;19.500;53.760;2.081;0.768;0.458;1.464;0.028;0.738;79.601;79.493;33.237;0.096;0.107;0.096;0.002;0.783;4.583;0.138;0;1;25.139;25.141;nan;nan;nan;130848;1;0;0;0;0;0;0
137;1;1;1;IDLE;0.000;0.000;1.000;20122.402498;20122.403372;20122.430843;20122.482162;784509;784509;784509;9807;25;12552144;12552184;100.000;807.620;807.620;7.782;8.541;3012.524;3.649;0.000;0.000;4.265;7.179;0.001;15.092;15.092;63.248;78.790;27.471;19.154;54.937;1.619;0.757;0.464;1.399;0.025;0.874;79.664;79.556;33.468;0.135;0.109;0.135;0.002;0.483;4.511;0.135;0;1;25.098;25.100;nan;nan;nan;32336;1;0;0;0;0;0;0
138;1;1;1;IDLE;0.000;0.000;1.000;20122.435833;20122.436616;20122.464871;20122.515913;782962;782962;782962;9788;21;12527392;12527432;100.000;777.092;777.092;6.518;7.152;3006.584;3.802;0.000;0.000;4.394;7.141;0.001;15.337;15.337;63.175;79.296;28.254;19.341;54.281;1.595;0.756;0.439;1.576;0.027;0.783;80.080;79.973;33.244;0.089;0.107;0.089;0.002;0.595;4.487;0.135;0;1;24.431;24.431;nan;nan;nan;27072;1;0;0;0;0;0;0
139;1;1;1;IDLE;0.000;0.000;1.000;20122.469167;20122.469948;20122.498219;20122.548854;785441;785441;785441;9819;21;12567056;12567096;100.000;789.903;789.903;6.564;7.198;3016.103;3.444;0.000;0.000;4.362;7.409;0.001;15.215;15.215;62.997;78.907;28.271;19.282;53.818;1.545;0.768;0.453;1.571;0.026;0.781;79.687;79.581;33.331;0.002;0.101;0.002;0.002;0.587;4.461;0.134;0;1;25.100;25.101;nan;nan;nan;27260;1;0;0;0;0;0;0
140;1;1;1;IDLE;0.000;0.000;1.000;20122.502499;20122.503496;20122.531097;20122.582091;786857;786857;786857;9836;21;12589712;12589752;100.000;794.191;794.191;6.383;7.017;3021.540;3.722;0.000;0.000;4.364;7.211;0.001;15.297;15.297;62.742;78.594;27.601;19.463;55.422;1.564;0.754;0.449;1.573;0.025;0.997;79.592;79.484;33.548;0.215;0.108;0.215;0.002;0.171;4.441;0.133;0;1;24.965;24.967;nan;nan;nan;26508;1;0;0;0;0;0;0
141;1;1;1;IDLE;0.000;0.000;1.000;20122.535832;20122.536689;20122.564516;20122.618557;786209;786209;786209;9828;22;12579344;12579384;100.000;801.519;801.519;6.970;7.635;3019.052;3.645;0.000;0.000;4.332;7.554;0.001;15.530;15.530;66.173;81.867;27.827;18.970;55.810;1.522;0.761;0.436;1.588;0.025;0.857;82.725;82.617;33.193;0.140;0.110;0.140;0.002;0.244;4.419;0.133;0;1;25.125;25.127;nan;nan;nan;28952;1;0;0;0;0;0;0
142;1;1;1;IDLE;0.000;0.000;1.000;20122.569167;20122.569960;20122.600058;20122.650012;785895;785895;785895;9824;24;12574320;12574360;100.000;755.870;755.870;7.421;8.148;3017.846;3.654;0.000;0.000;4.600;8.021;0.001;16.275;16.275;63.417;80.052;30.098;20.330;54.072;1.474;1.244;0.456;1.399;0.027;0.793;80.845;80.739;33.270;0.063;0.107;0.063;0.002;0.838;4.466;0.134;0;1;26.517;26.519;nan;nan;nan;30832;1;0;0;0;0;0;0
143;1;1;1;IDLE;0.000;0.000;1.000;20122.602500;20122.603744;20122.633135;20122.686312;783109;783109;783109;9789;24;12529744;12529784;100.000;785.227;785.227;7.511;8.239;3007.148;5.104;0.000;0.000;4.195;9.023;0.002;18.321;18.321;66.610;82.567;29.390;22.189;62.337;1.549;0.771;0.462;1.388;0.025;1.244;83.811;83.705;33.784;0.451;0.129;0.451;0.008;0.208;4.401;0.132;0;1;25.897;25.898;nan;nan;nan;31208;1;0;0;0;0;0;0
144;1;1;1;IDLE;0.000;0.000;1.000;20122.635832;20122.636825;20122.668222;20122.719396;783994;783994;783994;9800;25;12543904;12543944;100.000;733.201;733.201;7.782;8.541;3010.547;4.112;0.000;0.000;4.385;9.026;0.001;17.523;17.523;65.463;82.572;31.397;21.221;55.810;1.579;0.763;0.441;1.575;0.027;0.992;83.564;83.456;33.080;0.253;0.136;0.253;0.002;0.875;4.400;0.132;0;1;27.112;27.113;nan;nan;nan;32336;1;0;0;0;0;0;0
145;1;1;1;IDLE;0.000;0.000;1.000;20122.669167;20122.670266;20122.700712;20122.754474;785959;785959;785959;9825;24;12575344;12575384;100.000;742.105;742.105;7.511;8.239;3018.092;4.195;0.000;0.000;4.113;8.438;0.001;16.746;16.746;67.262;84.207;30.446;19.887;55.004;1.463;0.769;0.466;1.390;0.025;1.099;85.306;85.201;33.442;0.108;0.135;0.108;0.002;0.946;4.331;0.130;0;1;27.119;27.120;nan;nan;nan;31208;1;0;0;0;0;0;0
146;1;1;1;IDLE;0.000;0.000;1.000;20122.702499;20122.703574;20122.734594;20122.787555;789030;789030;789030;9863;24;12624480;12624520;100.000;684.411;684.411;7.466;8.194;3029.885;4.830;0.000;0.000;4.229;8.222;0.001;17.281;17.281;65.535;83.981;31.020;20.577;55.709;1.569;0.770;0.465;1.398;0.027;1.075;85.056;84.949;33.308;0.026;0.128;0.026;0.002;0.121;4.312;0.129;0;1;28.098;28.100;nan;nan;nan;31020;1;0;0;0;0;0;0
147;1;1;1;IDLE;0.000;0.000;1.000;20122.735833;20122.736901;20122.767585;20122.826522;794594;794594;794594;9933;25;12713504;12713544;100.000;707.966;707.966;7.692;8.450;3051.251;4.205;0.000;0.000;4.133;8.154;0.001;16.491;16.491;71.663;89.621;30.684;18.401;53.745;1.484;0.771;0.461;1.391;0.026;1.068;90.689;90.583;33.327;0.006;0.120;0.006;0.002;0.437;4.271;0.128;0;1;28.119;28.121;nan;nan;nan;31960;1;0;0;0;0;0;0
148;1;1;1;IDLE;0.000;0.000;1.000;20122.769167;20122.770222;20122.801660;20122.855143;797998;797998;797998;9975;24;12767968;12768008;100.000;708.438;708.438;7.331;8.058;3064.322;4.290;0.000;0.000;4.443;8.148;0.423;16.881;16.881;66.898;84.921;31.438;19.879;53.697;1.780;0.784;0.460;1.393;0.027;1.055;85.976;85.870;33.321;0.012;0.113;0.012;0.002;0.822;4.316;0.129;0;1;33.008;33.009;nan;nan;nan;30456;1;0;0;0;0;0;0
149;1;1;1;IDLE;0.000;0.000;1.000;20122.802500;20122.803765;20122.833822;20122.894654;798639;798639;798639;9983;24;12778224;12778264;100.000;688.880;688.880;7.331;8.058;3066.783;4.161;0.000;0.000;4.189;7.232;0.001;15.582;15.582;72.339;90.889;30.057;17.144;51.843;1.577;0.759;0.437;1.390;0.025;1.265;92.154;92.047;33.543;0.209;0.119;0.209;0.002;0.083;4.287;0.129;0;2;28.127;28.129;nan;nan;nan;30456;1;0;0;0;0;0;0
150;1;1;1;IDLE;0.000;0.000;1.000;20122.835833;20122.837067;20122.870698;20122.929957;796693;796693;796693;9959;23;12747088;12747128;100.000;681.577;681.577;7.285;7.982;3059.311;5.253;0.000;0.000;5.037;9.011;0.001;19.300;19.300;74.187;92.890;33.631;20.777;57.387;1.998;0.786;0.494;1.727;0.032;1.233;94.123;94.017;33.302;0.031;0.114;0.031;0.002;0.879;4.481;0.134;0;1;32.964;32.965;nan;nan;nan;30268;1;0;0;0;0;0;0
151;1;1;1;IDLE;0.000;0.000;1.000;20122.869167;20122.870254;20122.902067;20122.964240;794717;794717;794717;9934;105;12715472;12715512;100.000;630.748;630.748;33.094;36.349;3051.723;4.479;0.000;0.000;4.221;7.317;0.005;16.016;16.016;73.826;93.986;31.813;17.041;50.345;1.577;0.777;0.451;1.390;0.026;1.088;95.074;94.967;33.187;0.146;0.116;0.146;0.002;0.113;4.419;0.133;0;2;35.201;35.205;nan;nan;nan;137804;1;0;0;0;0;0;0
152;1;1;1;IDLE;0.000;0.000;1.000;20122.902501;20122.903727;20122.940861;20122.996562;792861;792861;792861;9911;22;12685776;12685816;100.000;652.308;652.308;6.924;7.590;3044.596;4.509;0.000;0.000;6.739;10.021;0.002;21.270;21.270;73.387;92.834;37.134;22.912;57.279;3.790;0.855;0.435;1.623;0.035;1.227;94.061;93.955;33.473;0.140;0.117;0.140;0.012;0.912;5.003;0.150;0;2;33.397;33.398;nan;nan;nan;28764;1;0;0;0;0;0;0
153;1;1;1;IDLE;0.000;0.000;1.000;20122.935832;20122.936620;20122.974075;20123.029798;792789;792789;792789;9910;18;12684624;12684664;100.000;582.747;582.747;5.706;6.247;3044.319;4.556;0.000;0.000;5.834;9.154;0.002;19.545;19.545;71.411;93.178;37.456;20.976;52.182;3.206;0.770;0.433;1.393;0.032;0.788;93.966;93.858;32.892;0.441;0.138;0.441;0.002;0.697;5.214;0.156;0;2;31.637;31.638;nan;nan;nan;23688;1;0;0;0;0;0;0
154;1;1;1;IDLE;0.000;0.000;1.000;20122.969166;20122.969820;20123.005498;20123.062589;792309;792309;792309;9904;18;12676944;12676984;100.000;591.623;591.623;5.571;6.111;3042.476;4.198;0.000;0.000;5.293;8.503;0.001;17.994;17.994;71.341;92.769;35.678;19.397;50.435;2.119;0.773;0.465;1.903;0.033;0.655;93.423;93.316;33.201;0.133;0.137;0.133;0.002;0.452;5.236;0.157;0;2;32.800;32.802;nan;nan;nan;23124;1;0;0;0;0;0;0
155;1;1;1;IDLE;0.000;0.000;1.000;20123.002499;20123.003176;20123.038254;20123.096430;791925;791925;791925;9900;19;12670800;12670840;100.000;582.153;582.153;5.932;6.504;3041.002;4.328;0.000;0.000;4.837;8.182;0.001;17.346;17.346;71.488;93.253;35.077;18.601;49.452;2.129;0.788;0.455;1.436;0.030;0.678;93.931;93.823;33.356;0.023;0.130;0.023;0.002;0.291;5.139;0.154;0;2;32.514;32.515;nan;nan;nan;24628;1;0;0;0;0;0;0
156;1;1;1;IDLE;0.000;0.000;1.000;20123.035832;20123.036628;20123.071286;20123.131312;793795;793795;793795;9923;22;12700720;12700760;100.000;603.372;603.372;6.924;7.590;3048.182;4.510;0.000;0.000;4.890;8.133;0.001;17.534;17.534;73.634;94.684;34.657;18.519;50.593;2.142;0.860;0.459;1.401;0.029;0.797;95.481;95.373;33.452;0.118;0.129;0.118;0.002;0.581;5.080;0.152;0;2;33.274;33.275;nan;nan;nan;28764;1;0;0;0;0;0;0
157;1;1;1;IDLE;0.000;0.000;1.000;20123.069165;20123.070226;20123.106256;20123.163911;793460;793460;793460;9919;22;12695360;12695400;100.000;599.050;599.050;6.789;7.454;3046.896;4.583;0.000;0.000;4.989;9.022;0.003;18.594;18.594;72.492;93.684;36.029;19.848;51.609;2.133;0.763;0.458;1.606;0.029;1.061;94.745;94.637;33.598;0.265;0.138;0.265;0.002;0.822;5.060;0.152;0;2;34.075;34.076;nan;nan;nan;28200;1;0;0;0;0;0;0
158;1;1;1;IDLE;0.000;0.000;1.000;20123.102499;20123.103340;20123.141334;20123.196451;795527;795527;795527;9945;22;12728432;12728472;100.000;585.347;585.347;6.834;7.500;3054.833;4.538;0.000;0.000;6.201;10.023;0.002;20.762;20.762;71.367;93.112;37.995;22.298;54.645;3.239;0.855;0.439;1.635;0.033;0.841;93.953;93.845;33.113;0.220;0.143;0.220;0.002;0.022;5.350;0.160;0;2;32.594;32.595;nan;nan;nan;28388;1;0;0;0;0;0;0
159;1;1;1;IDLE;0.000;0.000;1.000;20123.135832;20123.136483;20123.173410;20123.229328;798776;798776;798776;9985;23;12780416;12780456;100.000;595.476;595.476;7.105;7.801;3067.309;4.217;0.000;0.000;5.921;9.019;0.002;19.158;19.158;71.383;92.845;36.927;20.634;51.881;2.185;1.242;0.482;1.978;0.034;0.651;93.496;93.388;33.143;0.190;0.146;0.190;0.003;0.520;5.500;0.165;0;2;32.058;32.059;nan;nan;nan;29516;1;0;0;0;0;0;0
160;1;1;1;IDLE;0.000;0.000;1.000;20123.169166;20123.169855;20123.205490;20123.264647;799362;799362;799362;9993;23;12789792;12789832;100.000;597.447;597.447;7.060;7.756;3069.560;4.194;0.000;0.000;5.160;9.026;0.001;18.381;18.381;73.385;94.792;35.635;19.390;51.580;2.310;0.775;0.456;1.588;0.031;0.689;95.482;95.374;33.372;0.039;0.139;0.039;0.002;0.039;5.420;0.163;0;2;32.860;32.862;nan;nan;nan;29328;1;0;0;0;0;0;0
161;1;1;1;IDLE;0.000;0.000;1.000;20123.202499;20123.203273;20123.237560;20123.264690;789777;789777;789777;9873;22;12636432;12636472;100.000;603.165;603.165;6.970;7.635;3032.753;4.449;0.000;0.000;5.077;8.018;0.001;17.544;17.544;40.467;61.417;34.287;28.565;51.168;2.387;0.781;0.460;1.418;0.030;0.774;62.191;62.084;33.417;0.084;0.136;0.084;0.010;0.232;5.337;0.160;0;2;35.102;35.104;nan;nan;nan;28952;1;0;0;0;0;0;0
162;1;1;1;IDLE;0.000;0.000;1.000;20123.235832;20123.236895;20123.275126;20123.329919;790930;790930;790930;9887;22;12654880;12654920;100.000;580.852;580.852;6.789;7.454;3037.181;4.646;0.000;0.000;5.943;9.498;0.002;20.087;20.087;71.236;93.023;38.231;21.593;52.541;3.318;0.758;0.440;1.393;0.034;1.063;94.086;93.979;33.623;0.289;0.145;0.289;0.002;1.000;5.492;0.165;0;2;31.253;31.254;nan;nan;nan;28200;1;0;0;0;0;0;0
163;1;1;1;IDLE;0.000;0.000;1.000;20123.269166;20123.269832;20123.305234;20123.363342;793734;793734;793734;9922;23;12699744;12699784;100.000;600.555;600.555;7.150;7.847;3047.948;4.298;0.000;0.000;5.073;8.632;0.001;18.004;18.004;72.363;93.510;35.402;19.254;50.856;2.092;0.773;0.467;1.711;0.030;0.666;94.176;94.069;32.937;0.396;0.161;0.396;0.002;0.547;5.390;0.162;0;2;33.313;33.315;nan;nan;nan;29704;1;0;0;0;0;0;0
164;1;1;1;IDLE;0.000;0.000;1.000;20123.302498;20123.303205;20123.339454;20123.396386;792883;792883;792883;9912;23;12686128;12686168;100.000;586.102;586.102;7.150;7.847;3044.680;4.572;0.000;0.000;5.048;8.668;0.002;18.288;18.288;71.536;93.181;36.249;19.627;50.452;2.212;0.784;0.464;1.559;0.030;0.706;93.887;93.779;33.373;0.039;0.154;0.039;0.002;0.885;5.307;0.159;0;2;32.553;32.554;nan;nan;nan;29704;1;0;0;0;0;0;0
165;1;1;1;IDLE;0.000;0.000;1.000;20123.335832;20123.336720;20123.372544;20123.429972;791299;791299;791299;9892;24;12660784;12660824;100.000;580.124;580.124;7.376;8.103;3038.598;4.578;0.000;0.000;4.777;8.684;0.002;18.040;18.040;71.427;93.251;35.824;19.345;50.357;2.032;0.786;0.461;1.470;0.029;0.889;94.140;94.032;33.516;0.182;0.155;0.182;0.002;0.535;5.178;0.155;0;2;32.522;32.523;nan;nan;nan;30644;1;0;0;0;0;0;0
166;1;1;1;IDLE;0.000;0.000;1.000;20123.369165;20123.369950;20123.405487;20123.462396;789485;789485;789485;9869;101;12631760;12631800;100.000;592.085;592.085;31.876;35.006;3031.632;4.602;0.000;0.000;5.060;8.524;0.004;18.187;18.187;71.112;92.446;35.537;19.673;51.177;2.264;0.788;0.462;1.516;0.031;0.785;93.231;93.123;33.229;0.104;0.152;0.104;0.002;0.615;5.156;0.155;0;2;33.005;33.007;nan;nan;nan;132728;1;0;0;0;0;0;0
167;1;1;1;IDLE;0.000;0.000;1.000;20123.402499;20123.403562;20123.440037;20123.496950;789977;789977;789977;9875;23;12639632;12639672;100.000;592.941;592.941;7.060;7.756;3033.521;4.430;0.000;0.000;5.071;10.023;0.001;19.524;19.524;72.071;93.388;36.475;20.906;53.527;2.179;0.768;0.469;1.624;0.031;1.063;94.451;94.344;33.612;0.279;0.160;0.279;0.002;0.061;5.138;0.154;0;2;32.379;32.380;nan;nan;nan;29328;1;0;0;0;0;0;0
168;1;1;1;IDLE;0.000;0.000;1.000;20123.435832;20123.436640;20123.471036;20123.529891;791598;791598;791598;9895;20;12665568;12665608;100.000;608.432;608.432;6.067;6.670;3039.746;4.534;0.000;0.000;4.920;7.942;0.001;17.397;17.397;72.434;93.251;34.396;18.656;50.577;2.136;0.779;0.492;1.482;0.031;0.808;94.059;93.951;33.078;0.256;0.166;0.256;0.003;0.714;5.086;0.153;0;2;33.853;33.854;nan;nan;nan;25192;1;0;0;0;0;0;0
169;1;1;1;IDLE;0.000;0.000;1.000;20123.469165;20123.470253;20123.505771;20123.563414;795034;795034;795034;9938;20;12720544;12720584;100.000;584.519;584.519;6.067;6.670;3052.940;4.583;0.000;0.000;4.908;8.597;0.001;18.087;18.087;71.398;93.161;35.518;19.415;50.926;2.031;0.760;0.458;1.631;0.028;1.088;94.249;94.141;33.613;0.280;0.173;0.280;0.002;0.248;5.046;0.151;0;2;32.713;32.715;nan;nan;nan;25192;1;0;0;0;0;0;0
170;1;1;1;IDLE;0.000;0.000;1.000;20123.502499;20123.503188;20123.538537;20123.596373;794863;794863;794863;9936;20;12717808;12717848;100.000;588.906;588.906;6.203;6.805;3052.284;4.654;0.000;0.000;5.078;8.285;0.002;18.017;18.017;71.589;93.185;35.349;19.335;50.969;2.130;0.778;0.455;1.681;0.034;0.689;93.874;93.766;32.934;0.399;0.187;0.399;0.011;0.378;5.057;0.152;0;2;33.160;33.160;nan;nan;nan;25756;1;0;0;0;0;0;0
171;1;1;1;IDLE;0.000;0.000;1.000;20123.535832;20123.536611;20123.572923;20123.629296;794885;794885;794885;9937;21;12718160;12718200;100.000;594.553;594.553;6.518;7.152;3052.368;4.627;0.000;0.000;5.393;8.580;0.002;18.600;18.600;71.294;92.686;36.312;20.068;51.223;2.637;0.851;0.453;1.420;0.032;0.779;93.464;93.357;33.423;0.090;0.181;0.090;0.002;0.945;5.143;0.154;0;2;32.027;32.028;nan;nan;nan;27072;1;0;0;0;0;0;0
172;1;1;1;IDLE;0.000;0.000;1.000;20123.569165;20123.569996;20123.604303;20123.663377;788905;788905;788905;9862;21;12622480;12622520;100.000;585.056;585.056;6.609;7.243;3029.405;4.548;0.000;0.000;4.781;7.894;0.002;17.224;17.224;71.805;93.380;34.306;18.445;50.206;2.133;0.770;0.442;1.405;0.031;0.831;94.211;94.104;33.385;0.052;0.173;0.052;0.002;0.053;5.056;0.152;0;2;32.885;32.886;nan;nan;nan;27448;1;0;0;0;0;0;0
173;1;1;1;IDLE;0.000;0.000;1.000;20123.602499;20123.603349;20123.637505;20123.696015;787376;787376;787376;9843;21;12598016;12598056;100.000;609.416;609.416;6.564;7.198;3023.533;4.414;0.000;0.000;5.254;8.020;0.002;17.689;17.689;71.994;92.666;34.156;19.089;51.789;2.553;0.778;0.476;1.416;0.031;0.851;93.517;93.409;33.353;0.020;0.163;0.020;0.002;0.206;5.108;0.153;0;2;33.888;33.889;nan;nan;nan;27260;1;0;0;0;0;0;0
174;1;1;1;IDLE;0.000;0.000;1.000;20123.635833;20123.636874;20123.671745;20123.731503;791921;791921;791921;9900;22;12670736;12670776;100.000;592.038;592.038;6.879;7.545;3040.986;4.306;0.000;0.000;5.082;8.179;0.001;17.567;17.567;73.227;94.629;34.871;18.564;50.377;2.180;0.757;0.463;1.653;0.029;1.041;95.670;95.563;33.525;0.191;0.165;0.191;0.002;0.205;5.104;0.153;0;2;32.447;32.448;nan;nan;nan;28576;1;0;0;0;0;0;0
175;1;1;1;IDLE;0.000;0.000;1.000;20123.669165;20123.669895;20123.704921;20123.762847;785044;785044;785044;9814;22;12560704;12560744;100.000;602.422;602.422;6.744;7.409;3014.579;4.317;0.000;0.000;5.247;8.276;0.002;17.840;17.840;72.101;92.952;35.026;19.193;50.936;2.422;0.764;0.475;1.550;0.037;0.730;93.682;93.574;33.022;0.312;0.174;0.312;0.002;0.649;5.143;0.154;0;2;34.854;34.855;nan;nan;nan;28012;1;0;0;0;0;0;0
176;1;1;1;IDLE;0.000;0.000;1.000;20123.702499;20123.703588;20123.740605;20123.798135;785759;785759;785759;9822;22;12572144;12572184;100.000;590.538;590.538;6.744;7.409;3017.324;4.656;0.000;0.000;6.599;8.874;0.001;20.129;20.129;73.257;94.547;37.016;21.290;54.377;3.651;0.859;0.438;1.615;0.036;1.089;95.636;95.528;33.693;0.360;0.186;0.360;0.003;0.250;5.511;0.165;0;2;31.114;31.114;nan;nan;nan;28012;1;0;0;0;0;0;0
177;1;1;1;IDLE;0.000;0.000;1.000;20123.735832;20123.736496;20123.770528;20123.830012;782963;782963;782963;9788;22;12527408;12527448;100.000;594.976;594.976;6.970;7.635;3006.588;4.109;0.000;0.000;5.031;7.646;0.002;16.785;16.785;72.461;93.516;34.033;17.949;49.321;2.053;0.767;0.460;1.718;0.033;0.664;94.180;94.072;32.908;0.426;0.201;0.426;0.002;0.297;5.394;0.162;0;2;35.249;35.250;nan;nan;nan;28952;1;0;0;0;0;0;0
178;1;1;1;IDLE;0.000;0.000;1.000;20123.769166;20123.770129;20123.808909;20123.863082;783666;783666;783666;9796;21;12538656;12538696;100.000;590.429;590.429;6.609;7.243;3009.287;4.459;0.000;0.000;6.743;10.017;0.001;21.219;21.219;71.716;92.953;38.780;22.828;54.717;3.570;0.998;0.438;1.704;0.033;0.963;93.916;93.809;33.634;0.300;0.207;0.300;0.002;0.781;5.735;0.172;0;2;31.115;31.118;nan;nan;nan;27448;1;0;0;0;0;0;0
179;1;1;1;IDLE;0.000;0.000;1.000;20123.802499;20123.803189;20123.838982;20123.896092;786714;786714;786714;9834;22;12587424;12587464;100.000;591.704;591.704;6.699;7.364;3020.991;4.103;0.000;0.000;4.609;9.360;0.002;18.072;18.072;71.630;92.904;35.793;19.452;50.490;1.958;0.759;0.462;1.403;0.028;0.690;93.593;93.486;33.060;0.274;0.211;0.274;0.011;0.538;5.456;0.164;0;2;33.457;33.458;nan;nan;nan;27824;1;0;0;0;0;0;0
180;1;1;1;IDLE;0.000;0.000;1.000;20123.835832;20123.836556;20123.874065;20123.930917;787583;787583;787583;9845;21;12601328;12601368;100.000;590.715;590.715;6.473;7.107;3024.328;4.484;0.000;0.000;5.173;10.020;0.001;19.677;19.677;73.029;94.361;37.509;20.853;52.459;2.430;0.755;0.477;1.481;0.031;0.725;95.086;94.978;33.368;0.034;0.200;0.034;0.002;0.980;5.388;0.162;0;2;32.043;32.044;nan;nan;nan;26884;1;0;0;0;0;0;0
181;1;1;1;IDLE;0.000;0.000;1.000;20123.869182;20123.870005;20123.904135;20123.963450;793719;793719;793719;9922;104;12699504;12699544;100.000;596.998;596.998;32.688;35.912;3047.891;4.395;0.000;0.000;4.791;8.016;0.004;17.203;17.203;72.172;93.445;34.130;18.409;50.403;2.094;0.774;0.458;1.434;0.031;0.823;94.268;94.177;33.449;0.115;0.195;0.115;0.003;0.047;5.242;0.157;0;2;34.796;34.797;nan;nan;nan;136112;1;0;0;0;0;0;0
182;1;1;1;IDLE;0.000;0.000;1.000;20123.902499;20123.903496;20123.939980;20123.997555;792329;792329;792329;9905;21;12677264;12677304;100.000;607.586;607.586;6.518;7.152;3042.553;4.451;0.000;0.000;6.536;8.781;0.002;19.769;19.769;73.194;94.059;36.484;21.017;54.184;3.396;1.083;0.437;1.587;0.034;0.996;95.056;94.949;33.491;0.157;0.193;0.157;0.002;0.298;5.569;0.167;0;2;32.247;32.248;nan;nan;nan;27072;1;0;0;0;0;0;0
183;1;1;1;IDLE;0.000;0.000;1.000;20123.935832;20123.936575;20123.973297;20124.029784;801464;801464;801464;10019;17;12823424;12823464;100.000;582.859;582.859;5.345;5.855;3077.631;4.421;0.000;0.000;4.849;9.021;0.002;18.291;18.291;71.208;93.209;36.722;19.624;49.809;2.148;0.784;0.465;1.423;0.028;0.742;93.952;93.844;33.079;0.254;0.196;0.254;0.002;0.849;5.392;0.162;0;2;33.276;33.276;nan;nan;nan;22184;1;0;0;0;0;0;0
184;1;1;1;IDLE;0.000;0.000;1.000;20123.969166;20123.969964;20124.007762;20124.063125;796948;796948;796948;9962;18;12751168;12751208;100.000;587.941;587.941;5.481;6.021;3060.290;4.444;0.000;0.000;5.882;9.401;0.001;19.727;19.727;71.472;93.160;37.798;21.175;52.191;3.234;0.779;0.442;1.394;0.032;0.799;93.959;93.852;33.390;0.056;0.188;0.056;0.002;0.824;5.518;0.166;0;2;31.420;31.421;nan;nan;nan;22748;1;0;0;0;0;0;0
185;1;1;1;IDLE;0.000;0.000;1.000;20124.002499;20124.003230;20124.038596;20124.098385;802598;802598;802598;10033;21;12841568;12841608;100.000;593.397;593.397;6.383;7.017;3081.986;4.299;0.000;0.000;4.892;8.162;0.001;17.354;17.354;73.514;95.155;35.366;18.237;49.069;2.094;0.784;0.466;1.421;0.128;0.731;95.886;95.779;33.266;0.068;0.180;0.068;0.002;0.667;5.364;0.161;0;2;32.688;32.689;nan;nan;nan;26508;1;0;0;0;0;0;0
186;1;1;1;IDLE;0.000;0.000;1.000;20124.035832;20124.036603;20124.071574;20124.130125;797039;797039;797039;9963;22;12752624;12752664;100.000;589.338;589.338;6.834;7.500;3060.639;4.340;0.000;0.000;4.861;8.061;0.002;17.262;17.262;71.883;93.522;34.971;18.458;49.361;2.094;0.783;0.472;1.482;0.030;0.771;94.293;94.185;33.373;0.039;0.171;0.039;0.003;0.406;5.241;0.157;0;2;34.869;34.871;nan;nan;nan;28388;1;0;0;0;0;0;0
187;1;1;1;IDLE;0.000;0.000;1.000;20124.069165;20124.070180;20124.107613;20124.163391;797511;797511;797511;9969;22;12760176;12760216;100.000;596.990;596.990;6.879;7.545;3062.452;4.529;0.000;0.000;6.808;9.018;0.001;20.355;20.355;71.837;93.212;37.434;21.838;54.376;3.802;0.934;0.433;1.596;0.043;1.014;94.226;94.118;33.577;0.244;0.176;0.244;0.002;0.231;5.637;0.169;0;2;31.526;31.527;nan;nan;nan;28576;1;0;0;0;0;0;0
188;1;1;1;IDLE;0.000;0.000;1.000;20124.102499;20124.103228;20124.139689;20124.196623;794879;794879;794879;9936;21;12718064;12718104;100.000;586.684;586.684;6.564;7.198;3052.345;4.205;0.000;0.000;5.187;9.021;0.002;18.412;18.412;71.717;93.396;36.461;19.714;50.499;2.177;0.775;0.465;1.740;0.030;0.729;94.125;94.017;33.048;0.285;0.183;0.285;0.014;0.561;5.527;0.166;0;2;32.720;32.721;nan;nan;nan;27260;1;0;0;0;0;0;0
189;1;1;1;IDLE;0.000;0.000;1.000;20124.135832;20124.136656;20124.172567;20124.231568;793590;793590;793590;9920;21;12697440;12697480;100.000;587.743;587.743;6.654;7.288;3047.395;4.602;0.000;0.000;5.111;8.821;0.001;18.534;18.534;73.308;94.912;35.911;19.528;51.612;2.237;0.783;0.468;1.591;0.032;0.824;95.736;95.629;33.428;0.095;0.177;0.095;0.002;0.371;5.426;0.163;0;2;32.875;32.876;nan;nan;nan;27636;1;0;0;0;0;0;0
190;1;1;1;IDLE;0.000;0.000;1.000;20124.169165;20124.170029;20124.204842;20124.264062;788938;788938;788938;9862;22;12623008;12623048;100.000;585.993;585.993;6.789;7.454;3029.532;4.615;0.000;0.000;5.033;8.019;0.002;17.666;17.666;72.492;94.033;34.813;18.787;50.744;2.153;0.766;0.477;1.606;0.031;0.864;94.897;94.789;33.373;0.040;0.169;0.040;0.002;0.218;5.331;0.160;0;2;34.741;34.744;nan;nan;nan;28200;1;0;0;0;0;0;0
191;1;1;1;IDLE;0.000;0.000;1.000;20124.202498;20124.203262;20124.241931;20124.296544;784846;784846;784846;9811;21;12557536;12557576;100.000;578.940;578.940;6.609;7.243;3013.818;4.282;0.000;0.000;6.592;10.021;0.002;20.894;20.894;71.592;93.283;38.670;22.399;54.033;3.491;1.018;0.439;1.609;0.035;0.764;94.046;93.938;33.233;0.101;0.164;0.101;0.003;0.363;5.649;0.169;0;2;32.148;32.149;nan;nan;nan;27448;1;0;0;0;0;0;0
192;1;1;1;IDLE;0.000;0.000;1.000;20124.235832;20124.236493;20124.272323;20124.331803;788004;788004;788004;9851;22;12608064;12608104;100.000;580.938;580.938;6.789;7.454;3025.945;4.361;0.000;0.000;4.923;8.337;0.001;17.620;17.620;73.607;95.310;35.830;18.487;49.177;2.252;0.763;0.457;1.422;0.030;0.661;95.972;95.863;33.231;0.102;0.160;0.102;0.002;0.865;5.471;0.164;0;2;32.554;32.556;nan;nan;nan;28200;1;0;0;0;0;0;0
193;1;1;1;IDLE;0.000;0.000;1.000;20124.269165;20124.269811;20124.306083;20124.364280;795964;795964;795964;9950;21;12735424;12735464;100.000;585.369;585.369;6.473;7.107;3056.511;4.272;0.000;0.000;4.955;9.018;0.002;18.246;18.246;72.713;94.469;36.272;19.314;50.301;2.138;0.780;0.464;1.538;0.036;0.645;95.114;95.007;33.318;0.016;0.151;0.016;0.003;0.538;5.345;0.160;0;2;34.734;34.735;nan;nan;nan;26884;1;0;0;0;0;0;0
194;1;1;1;IDLE;0.000;0.000;1.000;20124.302498;20124.303326;20124.341852;20124.396562;799207;799207;799207;9991;21;12787312;12787352;100.000;599.437;599.437;6.564;7.198;3068.964;4.510;0.000;0.000;7.102;9.704;0.001;21.315;21.315;71.904;93.236;38.526;22.862;55.327;3.805;0.987;0.455;1.819;0.036;0.828;94.064;93.956;33.516;0.182;0.153;0.182;0.002;0.385;5.792;0.174;0;2;32.127;32.129;nan;nan;nan;27260;1;0;0;0;0;0;0
195;1;1;1;IDLE;0.000;0.000;1.000;20124.335832;20124.336514;20124.373040;20124.429389;799402;799402;799402;9993;22;12790432;12790472;100.000;578.125;578.125;6.744;7.409;3069.713;4.292;0.000;0.000;5.076;8.731;0.001;18.100;18.100;70.750;92.874;36.526;19.489;49.554;2.110;0.776;0.465;1.696;0.030;0.682;93.557;93.449;33.188;0.145;0.153;0.145;0.003;0.591;5.615;0.168;0;2;32.251;32.251;nan;nan;nan;28012;1;0;0;0;0;0;0
196;1;1;1;IDLE;0.000;0.000;1.000;20124.369166;20124.369827;20124.405317;20124.430515;800483;800483;800483;10007;103;12807728;12807768;100.000;597.303;597.303;32.553;35.745;3073.864;4.438;0.000;0.000;5.257;8.473;0.003;18.168;18.168;39.245;60.688;35.490;29.937;51.193;2.404;0.783;0.479;1.558;0.033;0.662;61.349;61.242;33.313;0.021;0.145;0.021;0.018;0.298;5.529;0.166;0;2;32.540;32.543;nan;nan;nan;135548;1;0;0;0;0;0;0
197;1;1;1;IDLE;0.000;0.000;1.000;20124.402499;20124.403312;20124.439400;20124.495508;798336;798336;798336;9980;21;12773376;12773416;100.000;600.910;600.910;6.473;7.107;3065.620;4.297;0.000;0.000;4.790;9.023;0.002;18.111;18.111;70.940;92.196;36.088;19.644;50.185;2.131;0.772;0.440;1.418;0.030;0.813;93.010;92.902;33.485;0.151;0.145;0.151;0.002;1.015;5.349;0.160;0;2;33.774;33.775;nan;nan;nan;26884;1;0;0;0;0;0;0
198;1;1;1;IDLE;0.000;0.000;1.000;20124.435832;20124.436847;20124.473117;20124.531751;798454;798454;798454;9981;17;12775264;12775304;100.000;599.640;599.640;5.300;5.809;3066.073;4.357;0.000;0.000;5.976;8.661;0.001;18.995;18.995;73.600;94.905;36.270;20.014;52.369;3.323;0.754;0.449;1.418;0.033;1.015;95.919;95.812;33.535;0.201;0.149;0.201;0.003;0.324;5.510;0.165;0;2;31.050;31.051;nan;nan;nan;21996;1;0;0;0;0;0;0
199;1;1;1;IDLE;0.000;0.000;1.000;20124.469165;20124.469828;20124.503546;20124.563704;800770;800770;800770;10010;17;12812320;12812360;100.000;617.082;617.082;5.210;5.719;3074.966;4.309;0.000;0.000;4.898;8.018;0.001;17.225;17.225;73.113;93.876;33.718;18.349;51.085;2.040;0.787;0.482;1.559;0.029;0.663;94.539;94.431;32.981;0.352;0.161;0.352;0.002;0.036;5.359;0.161;0;2;36.221;36.222;nan;nan;nan;21620;1;0;0;0;0;0;0
200;1;1;1;IDLE;0.000;0.000;1.000;20124.502499;20124.503799;20124.543644;20124.597437;802378;802378;802378;10030;19;12838048;12838088;100.000;600.892;600.892;5.887;6.458;3081.141;4.438;0.000;0.000;6.566;11.028;0.001;22.032;22.032;72.273;93.638;39.845;23.529;55.295;3.924;0.769;0.445;1.393;0.035;1.300;94.938;94.831;33.971;0.638;0.191;0.638;0.002;0.883;5.664;0.170;0;2;31.086;31.086;nan;nan;nan;24440;1;0;0;0;0;0;0
201;1;1;1;IDLE;0.000;0.000;1.000;20124.535832;20124.536482;20124.572713;20124.629704;805285;805285;805285;10067;21;12884560;12884600;100.000;603.229;603.229;6.518;7.152;3092.304;4.303;0.000;0.000;5.256;9.095;0.001;18.654;18.654;71.862;93.222;36.231;20.010;51.487;2.261;0.787;0.460;1.718;0.030;0.650;93.871;93.764;32.683;0.650;0.220;0.650;0.002;0.517;5.565;0.167;0;2;33.817;33.817;nan;nan;nan;27072;1;0;0;0;0;0;0
202;1;1;1;IDLE;0.000;0.000;1.000;20124.569165;20124.569870;20124.606744;20124.629743;803318;803318;803318;10042;21;12853088;12853128;100.000;591.807;591.807;6.654;7.288;3084.751;4.329;0.000;0.000;5.830;8.972;0.001;19.131;19.131;38.155;59.873;36.874;31.952;51.881;3.185;0.774;0.449;1.390;0.032;0.704;60.578;60.470;33.387;0.054;0.209;0.054;0.002;0.350;5.634;0.169;0;2;31.929;31.930;nan;nan;nan;27636;1;0;0;0;0;0;0
203;1;1;1;IDLE;0.000;0.000;1.000;20124.602498;20124.603163;20124.637750;20124.663357;802036;802036;802036;10026;22;12832576;12832616;100.000;593.424;593.424;6.970;7.635;3079.828;4.544;0.000;0.000;4.896;7.903;0.002;17.343;17.343;38.569;60.194;34.587;28.812;50.144;2.059;0.785;0.480;1.541;0.030;0.665;60.858;60.750;33.293;0.040;0.199;0.040;0.002;0.160;5.452;0.164;0;2;33.463;33.464;nan;nan;nan;28952;1;0;0;0;0;0;0
204;1;1;1;IDLE;0.000;0.000;1.000;20124.635832;20124.636749;20124.672452;20124.731273;810228;810228;810228;10128;22;12963648;12963688;100.000;607.780;607.780;6.834;7.500;3111.285;4.484;0.000;0.000;5.209;8.526;0.002;18.219;18.219;73.194;94.524;35.703;19.275;51.030;2.156;0.765;0.444;1.811;0.033;0.917;95.441;95.334;33.586;0.253;0.202;0.253;0.002;0.636;5.395;0.162;0;2;34.649;34.650;nan;nan;nan;28388;1;0;0;0;0;0;0
205;1;1;1;IDLE;0.000;0.000;1.000;20124.669191;20124.669944;20124.709035;20124.731311;808185;808185;808185;10103;20;12930960;12931000;100.000;588.521;588.521;6.338;6.941;3103.440;4.708;0.000;0.000;6.626;10.025;0.000;21.360;21.360;39.396;61.368;39.092;34.806;54.640;3.475;1.087;0.445;1.585;0.033;0.753;62.121;62.038;33.195;0.139;0.198;0.139;0.018;0.450;5.705;0.171;0;2;32.260;32.261;nan;nan;nan;26320;1;0;0;0;0;0;0
206;1;1;1;IDLE;0.000;0.000;1.000;20124.702499;20124.703187;20124.741748;20124.796045;815223;815223;815223;10191;21;13043568;13043608;100.000;582.331;582.331;6.518;7.152;3130.466;4.436;0.000;0.000;5.667;9.655;0.002;19.758;19.758;70.459;92.858;38.561;21.278;51.239;2.841;0.846;0.487;1.459;0.033;0.688;93.546;93.438;33.243;0.090;0.191;0.090;0.002;0.837;5.699;0.171;0;2;32.115;32.116;nan;nan;nan;27072;1;0;0;0;0;0;0
207;1;1;1;IDLE;0.000;0.000;1.000;20124.735832;20124.736488;20124.772729;20124.831347;799426;799426;799426;9993;21;12790816;12790856;100.000;596.925;596.925;6.609;7.243;3069.805;4.321;0.000;0.000;5.163;9.582;0.001;19.067;19.067;73.431;94.859;36.241;20.100;52.611;2.186;0.771;0.466;1.710;0.030;0.656;95.515;95.408;33.301;0.032;0.182;0.032;0.002;0.064;5.568;0.167;0;2;32.895;32.896;nan;nan;nan;27448;1;0;0;0;0;0;0
208;1;1;1;IDLE;0.000;0.000;1.000;20124.769170;20124.769847;20124.802864;20124.862429;790320;790320;790320;9879;21;12645120;12645160;100.000;592.858;592.858;6.609;7.243;3034.838;4.275;0.000;0.000;4.849;6.624;0.001;15.748;15.748;71.253;92.582;33.017;17.010;47.697;2.082;0.777;0.473;1.486;0.031;0.677;93.259;93.156;33.359;0.026;0.172;0.026;0.002;0.212;5.391;0.162;0;2;35.104;35.106;nan;nan;nan;27448;1;0;0;0;0;0;0
209;1;1;1;IDLE;0.000;0.000;1.000;20124.802499;20124.803607;20124.841349;20124.896030;795945;795945;795945;9950;21;12735120;12735160;100.000;601.890;601.890;6.473;7.107;3056.438;4.427;0.000;0.000;6.559;9.026;0.002;20.013;20.013;71.265;92.423;37.742;21.653;53.025;3.919;0.760;0.447;1.397;0.036;1.107;93.531;93.424;33.760;0.427;0.188;0.427;0.002;0.995;5.686;0.171;0;2;30.104;30.105;nan;nan;nan;26884;1;0;0;0;0;0;0
210;1;1;1;IDLE;0.000;0.000;1.000;20124.835832;20124.836522;20124.869811;20124.930266;792891;792891;792891;9912;22;12686256;12686296;100.000;609.719;609.719;6.744;7.409;3044.711;4.303;0.000;0.000;5.081;6.407;0.001;15.791;15.791;72.937;93.744;33.289;16.844;47.435;2.241;0.785;0.475;1.548;0.032;0.690;94.434;94.327;32.915;0.418;0.202;0.418;0.002;0.991;5.537;0.166;0;2;32.623;32.624;nan;nan;nan;28012;1;0;0;0;0;0;0
211;1;1;1;IDLE;0.000;0.000;1.000;20124.869166;20124.870638;20124.902717;20124.963676;797320;797320;797320;9967;104;12757120;12757160;100.000;632.762;632.762;32.688;35.912;3061.718;4.336;0.000;0.000;5.208;6.237;0.004;15.781;15.781;72.877;93.038;32.078;16.962;49.196;2.538;0.752;0.442;1.444;0.031;1.472;94.510;94.403;34.116;0.783;0.238;0.783;0.002;0.470;5.458;0.164;0;2;33.783;33.785;nan;nan;nan;136112;1;0;0;0;0;0;0
212;1;1;1;IDLE;0.000;0.000;1.000;20124.902499;20124.903586;20124.936863;20124.995779;805214;805214;805214;10066;21;12883424;12883464;100.000;617.879;617.879;6.473;7.107;3092.031;4.339;0.000;0.000;5.806;6.308;0.002;16.453;16.453;71.341;92.193;33.277;17.846;49.441;3.190;0.759;0.435;1.390;0.032;1.087;93.280;93.172;32.948;0.386;0.248;0.386;0.002;0.309;5.548;0.166;0;2;33.118;33.119;nan;nan;nan;26884;1;0;0;0;0;0;0
213;1;1;1;IDLE;0.000;0.000;1.000;20124.935832;20124.936551;20124.972658;20125.030848;797126;797126;797126;9965;16;12754016;12754056;100.000;609.758;609.758;4.984;5.462;3060.973;4.371;0.000;0.000;6.184;8.019;0.001;18.574;18.574;73.380;94.296;36.107;19.697;51.440;3.216;0.848;0.438;1.648;0.033;0.719;95.016;94.908;32.965;0.368;0.255;0.368;0.002;0.984;5.710;0.171;0;2;31.136;31.137;nan;nan;nan;20680;1;0;0;0;0;0;0
214;1;1;1;IDLE;0.000;0.000;1.000;20124.969165;20124.969914;20125.003055;20125.064214;803136;803136;803136;10040;14;12850176;12850216;100.000;611.357;611.357;4.262;4.678;3084.052;4.517;0.000;0.000;4.813;6.342;0.001;15.672;15.672;73.281;94.300;33.141;16.619;47.287;2.060;0.777;0.460;1.486;0.031;0.749;95.049;94.941;33.363;0.029;0.241;0.029;0.011;0.955;5.489;0.165;0;2;34.131;34.132;nan;nan;nan;17672;1;0;0;0;0;0;0
215;1;1;1;IDLE;0.000;0.000;1.000;20125.002499;20125.003615;20125.039816;20125.096800;809297;809297;809297;10117;19;12948752;12948792;100.000;605.389;605.389;5.887;6.458;3107.710;4.476;0.000;0.000;5.822;8.022;0.002;18.320;18.320;71.795;93.184;36.200;19.660;50.607;3.201;0.763;0.436;1.393;0.029;1.116;94.301;94.193;33.701;0.368;0.249;0.368;0.002;0.965;5.575;0.167;0;2;32.418;32.418;nan;nan;nan;24440;1;0;0;0;0;0;0
216;1;1;1;IDLE;0.000;0.000;1.000;20125.035832;20125.036540;20125.072390;20125.130957;808156;808156;808156;10102;21;12930496;12930536;100.000;612.835;612.835;6.564;7.198;3103.329;4.616;0.000;0.000;6.554;7.513;0.001;18.683;18.683;73.318;94.417;35.851;19.788;52.113;3.403;1.071;0.441;1.605;0.034;0.708;95.125;95.017;32.924;0.409;0.259;0.409;0.002;0.681;5.823;0.175;0;2;31.918;31.920;nan;nan;nan;27260;1;0;0;0;0;0;0
217;1;1;1;IDLE;0.000;0.000;1.000;20125.069165;20125.069824;20125.103350;20125.164583;810355;810355;810355;10130;22;12965680;12965720;100.000;603.043;603.043;6.924;7.590;3111.773;4.399;0.000;0.000;5.440;6.395;0.002;16.235;16.235;73.259;94.759;33.527;17.133;48.423;2.633;0.808;0.461;1.501;0.037;0.658;95.418;95.310;33.284;0.049;0.246;0.049;0.003;0.186;5.733;0.172;0;2;33.999;34.000;nan;nan;nan;28764;1;0;0;0;0;0;0
218;1;1;1;IDLE;0.000;0.000;1.000;20125.102498;20125.103248;20125.139049;20125.164629;810211;810211;810211;10128;22;12963376;12963416;100.000;596.111;596.111;6.970;7.635;3111.220;4.361;0.000;0.000;5.940;8.021;0.001;18.322;18.322;39.634;61.381;35.801;29.850;51.178;3.285;0.762;0.441;1.411;0.041;0.750;62.131;62.022;33.424;0.091;0.236;0.091;0.002;0.090;5.788;0.174;0;2;33.552;33.553;nan;nan;nan;28952;1;0;0;0;0;0;0
219;1;1;1;IDLE;0.000;0.000;1.000;20125.135832;20125.136511;20125.172144;20125.230596;808645;808645;808645;10109;23;12938320;12938360;100.000;608.753;608.753;7.015;7.711;3105.206;4.573;0.000;0.000;6.793;7.030;0.002;18.396;18.396;72.831;94.085;35.633;19.552;51.625;3.869;0.807;0.443;1.638;0.036;0.679;94.764;94.657;33.263;0.070;0.226;0.070;0.002;0.552;6.043;0.181;0;2;31.461;31.462;nan;nan;nan;29140;1;0;0;0;0;0;0
220;1;1;1;IDLE;0.000;0.000;1.000;20125.169165;20125.169817;20125.203578;20125.263027;810783;810783;810783;10135;21;12972528;12972568;100.000;595.827;595.827;6.609;7.243;3113.416;4.466;0.000;0.000;4.969;6.389;0.002;15.824;15.824;71.437;93.210;33.760;16.977;46.873;2.182;0.794;0.457;1.507;0.029;0.652;93.862;93.754;33.306;0.027;0.213;0.027;0.002;0.627;5.777;0.173;0;2;33.405;33.407;nan;nan;nan;27448;1;0;0;0;0;0;0
221;1;1;1;IDLE;0.000;0.000;1.000;20125.202499;20125.203270;20125.239285;20125.296940;807088;807088;807088;10089;21;12913408;12913448;100.000;607.057;607.057;6.609;7.243;3099.228;4.511;0.000;0.000;6.031;8.022;0.001;18.564;18.564;72.397;93.670;36.015;19.819;51.545;3.295;0.835;0.440;1.429;0.032;0.772;94.441;94.334;33.453;0.120;0.208;0.120;0.002;0.687;5.844;0.175;0;2;31.759;31.760;nan;nan;nan;27448;1;0;0;0;0;0;0
222;1;1;1;IDLE;0.000;0.000;1.000;20125.235832;20125.236659;20125.269585;20125.331060;809369;809369;809369;10118;22;12949904;12949944;100.000;601.327;601.327;6.744;7.409;3107.987;4.338;0.000;0.000;4.810;6.246;0.001;15.394;15.394;72.865;94.401;32.926;16.307;46.754;2.148;0.794;0.443;1.395;0.030;0.828;95.228;95.120;33.389;0.056;0.198;0.056;0.002;0.331;5.588;0.168;0;2;33.598;33.599;nan;nan;nan;28012;1;0;0;0;0;0;0
223;1;1;1;IDLE;0.000;0.000;1.000;20125.269165;20125.270148;20125.303877;20125.331101;795354;795354;795354;9942;21;12725664;12725704;100.000;614.271;614.271;6.654;7.288;3054.169;4.519;0.000;0.000;6.044;6.456;0.001;17.020;17.020;40.237;60.954;33.729;27.923;50.460;3.427;0.755;0.440;1.388;0.035;0.983;61.936;61.828;33.488;0.155;0.195;0.155;0.011;0.500;5.706;0.171;0;2;33.636;33.638;nan;nan;nan;27636;1;0;0;0;0;0;0
224;1;1;1;IDLE;0.000;0.000;1.000;20125.302498;20125.303307;20125.338833;20125.390733;795455;795455;795455;9944;21;12727280;12727320;100.000;598.716;598.716;6.564;7.198;3054.557;4.347;0.000;0.000;6.465;7.325;0.004;18.137;18.137;66.169;87.426;35.527;20.745;51.051;3.728;0.751;0.442;1.508;0.034;0.808;88.235;88.127;33.159;0.174;0.194;0.174;0.002;0.476;5.901;0.177;0;2;30.409;30.411;nan;nan;nan;27260;1;0;0;0;0;0;0
225;1;1;1;IDLE;0.000;0.000;1.000;20125.335832;20125.336513;20125.368812;20125.429298;795720;795720;795720;9947;22;12731520;12731560;100.000;621.835;621.835;6.744;7.409;3055.574;4.298;0.000;0.000;4.913;6.237;0.001;15.449;15.449;72.311;92.785;32.299;16.650;47.831;2.120;0.773;0.473;1.518;0.029;0.681;93.466;93.358;33.206;0.127;0.190;0.127;0.002;0.671;5.657;0.170;0;2;28.151;28.154;nan;nan;nan;28012;1;0;0;0;0;0;0
226;1;1;1;IDLE;0.000;0.000;1.000;20125.369168;20125.370477;20125.407683;20125.463743;798723;798723;798723;9985;106;12779568;12779608;100.000;617.636;617.636;33.229;36.516;3067.106;4.411;0.000;0.000;5.711;10.020;0.003;20.142;20.142;72.574;93.265;37.205;21.596;54.136;3.011;0.773;0.462;1.437;0.028;1.310;94.575;94.470;33.964;0.631;0.217;0.631;0.002;0.781;5.673;0.170;0;1;31.632;31.634;nan;nan;nan;138368;1;0;0;0;0;0;0
227;1;1;1;IDLE;0.000;0.000;1.000;20125.402499;20125.403399;20125.435823;20125.463779;807441;807441;807441;10094;19;12919056;12919096;100.000;625.061;625.061;6.022;6.594;3100.583;4.640;0.000;0.000;4.253;7.094;0.001;15.987;15.987;39.711;60.380;32.424;26.478;49.307;1.612;0.772;0.452;1.391;0.027;0.900;61.280;61.172;32.922;0.412;0.230;0.412;0.002;0.405;5.321;0.160;0;2;35.012;35.013;nan;nan;nan;25004;1;0;0;0;0;0;0
228;1;1;1;IDLE;0.000;0.000;1.000;20125.435834;20125.437091;20125.470832;20125.530409;803316;803316;803316;10042;17;12853056;12853096;100.000;633.433;633.433;5.390;5.900;3084.743;4.536;0.000;0.000;6.341;7.020;0.002;17.897;17.897;73.027;93.318;33.741;19.179;53.043;3.720;0.754;0.440;1.394;0.033;1.257;94.576;94.470;33.692;0.359;0.238;0.359;0.003;0.084;5.578;0.167;0;2;32.449;32.450;nan;nan;nan;22372;1;0;0;0;0;0;0
229;1;1;1;IDLE;0.000;0.000;1.000;20125.469166;20125.469852;20125.503075;20125.564052;809074;809074;809074;10114;18;12945184;12945224;100.000;608.935;608.935;5.661;6.202;3106.854;4.486;0.000;0.000;5.131;6.548;0.001;16.166;16.166;72.941;94.200;33.223;17.161;48.660;2.247;0.764;0.464;1.626;0.030;0.686;94.887;94.779;32.761;0.572;0.259;0.572;0.002;0.282;5.470;0.164;0;2;33.880;33.882;nan;nan;nan;23500;1;0;0;0;0;0;0
230;1;1;1;IDLE;0.000;0.000;1.000;20125.502499;20125.503291;20125.537377;20125.598096;808265;808265;808265;10104;19;12932240;12932280;100.000;609.467;609.467;5.977;6.549;3103.747;4.429;0.000;0.000;5.878;6.405;0.001;16.712;16.712;73.587;94.806;34.086;17.628;49.029;3.256;0.764;0.434;1.393;0.032;0.792;95.597;95.490;33.439;0.105;0.249;0.105;0.002;0.581;5.575;0.167;0;2;33.078;33.078;nan;nan;nan;24816;1;0;0;0;0;0;0
231;1;1;1;IDLE;0.000;0.000;1.000;20125.535833;20125.536632;20125.572070;20125.632163;818848;818848;818848;10236;22;13101568;13101608;100.000;588.220;588.220;6.789;7.454;3144.386;4.693;0.000;0.000;5.121;8.019;0.001;17.833;17.833;73.257;95.531;35.438;18.667;50.321;2.392;0.800;0.460;1.434;0.035;0.799;96.330;96.223;33.341;0.008;0.234;0.008;0.003;0.021;5.465;0.164;0;2;34.042;34.043;nan;nan;nan;28200;1;0;0;0;0;0;0
232;1;1;1;IDLE;0.000;0.000;1.000;20125.569190;20125.569917;20125.606152;20125.663284;820617;820617;820617;10258;22;13129872;13129912;100.000;602.306;602.306;6.744;7.409;3151.179;4.598;0.000;0.000;6.354;8.021;0.001;18.972;18.972;71.567;93.367;36.235;20.320;52.359;3.471;0.803;0.437;1.608;0.034;0.727;94.093;94.011;33.285;0.048;0.222;0.048;0.005;0.056;5.691;0.171;0;2;34.027;34.029;nan;nan;nan;28012;1;0;0;0;0;0;0
233;1;1;1;IDLE;0.000;0.000;1.000;20125.602499;20125.603173;20125.640228;20125.691414;814146;814146;814146;10177;22;13026336;13026376;100.000;592.979;592.979;6.744;7.409;3126.330;4.383;0.000;0.000;6.997;8.013;0.002;19.394;19.394;66.273;88.241;37.054;21.978;52.339;4.151;0.774;0.440;1.597;0.035;0.674;88.915;88.808;33.257;0.077;0.213;0.077;0.002;0.072;6.021;0.181;0;2;31.067;31.067;nan;nan;nan;28012;1;0;0;0;0;0;0
234;1;1;1;IDLE;0.000;0.000;1.000;20125.635832;20125.636545;20125.670305;20125.729765;814852;814852;814852;10186;22;13037632;13037672;100.000;604.138;604.138;6.834;7.500;3129.041;4.072;0.000;0.000;5.135;7.022;0.001;16.230;16.230;71.640;93.220;33.760;17.410;48.074;2.334;0.806;0.477;1.487;0.031;0.713;93.933;93.825;33.371;0.038;0.202;0.038;0.002;0.019;5.803;0.174;0;2;28.126;28.128;nan;nan;nan;28388;1;0;0;0;0;0;0
235;1;1;1;IDLE;0.000;0.000;1.000;20125.669166;20125.670149;20125.707284;20125.764228;815725;815725;815725;10197;21;13051600;13051640;100.000;608.738;608.738;6.564;7.198;3132.394;4.477;0.000;0.000;6.085;8.918;0.001;19.480;19.480;72.638;94.079;37.135;20.706;52.457;3.393;0.804;0.458;1.395;0.035;0.983;95.062;94.955;33.604;0.271;0.207;0.271;0.002;0.689;5.876;0.176;0;1;31.397;31.398;nan;nan;nan;27260;1;0;0;0;0;0;0
236;1;1;1;IDLE;0.000;0.000;1.000;20125.702499;20125.703475;20125.736730;20125.795884;816078;816078;816078;10201;21;13057248;13057288;100.000;606.433;606.433;6.428;7.062;3133.749;4.829;0.000;0.000;4.739;6.290;0.001;15.857;15.857;70.878;92.410;33.256;17.160;47.683;2.085;0.787;0.454;1.390;0.023;0.975;93.385;93.278;33.326;0.008;0.194;0.008;0.003;0.692;5.595;0.168;0;2;33.784;33.785;nan;nan;nan;26696;1;0;0;0;0;0;0
237;1;1;1;IDLE;0.000;0.000;1.000;20125.735832;20125.736770;20125.771555;20125.830694;810868;810868;810868;10136;22;12973888;12973928;100.000;608.582;608.582;6.699;7.364;3113.743;4.460;0.000;0.000;6.102;7.020;0.001;17.581;17.581;72.605;93.924;34.785;18.719;50.543;3.447;0.790;0.444;1.389;0.032;0.938;94.862;94.754;33.295;0.038;0.184;0.038;0.003;0.341;5.729;0.172;0;2;31.346;31.347;nan;nan;nan;27824;1;0;0;0;0;0;0
238;1;1;1;IDLE;0.000;0.000;1.000;20125.769165;20125.769856;20125.803234;20125.862564;801907;801907;801907;10024;21;12830512;12830552;100.000;604.065;604.065;6.518;7.152;3079.332;4.597;0.000;0.000;4.766;6.637;0.002;16.000;16.000;71.468;92.709;33.379;17.258;47.934;2.110;0.770;0.436;1.419;0.030;0.690;93.399;93.291;33.086;0.247;0.188;0.247;0.002;0.732;5.491;0.165;0;2;34.093;34.095;nan;nan;nan;27072;1;0;0;0;0;0;0
239;1;1;1;IDLE;0.000;0.000;1.000;20125.802500;20125.803677;20125.839228;20125.897909;799196;799196;799196;9990;22;12787136;12787176;100.000;605.856;605.856;6.699;7.364;3068.922;4.471;0.000;0.000;5.888;7.547;0.001;17.906;17.906;73.126;94.232;35.551;19.002;50.367;3.266;0.754;0.438;1.396;0.034;1.177;95.409;95.302;33.821;0.488;0.207;0.488;0.002;1.007;5.594;0.168;0;2;30.879;30.880;nan;nan;nan;27824;1;0;0;0;0;0;0
240;1;1;1;IDLE;0.000;0.000;1.000;20125.835832;20125.836565;20125.869305;20125.929619;799621;799621;799621;9996;22;12793936;12793976;100.000;606.064;606.064;6.789;7.454;3070.554;4.527;0.000;0.000;4.862;6.548;0.001;15.937;15.937;71.944;93.054;32.740;17.127;48.679;2.029;0.775;0.458;1.460;0.141;0.733;93.787;93.679;32.888;0.445;0.222;0.445;0.002;0.217;5.415;0.162;0;2;35.149;35.150;nan;nan;nan;28200;1;0;0;0;0;0;0
241;1;1;1;IDLE;0.000;0.000;1.000;20125.869165;20125.870269;20125.907864;20125.930076;808174;808174;808174;10103;106;12930784;12930824;100.000;598.915;598.915;33.500;36.786;3103.398;4.695;0.000;0.000;6.019;9.024;0.004;19.737;19.737;38.217;59.807;37.595;33.001;52.499;3.381;0.767;0.442;1.394;0.034;1.104;60.911;60.803;33.704;0.371;0.231;0.371;0.011;0.949;5.569;0.167;0;2;30.776;30.777;nan;nan;nan;139496;1;0;0;0;0;0;0
242;1;1;1;IDLE;0.000;0.000;1.000;20125.902499;20125.903172;20125.936545;20125.996190;810609;810609;810609;10133;22;12969744;12969784;100.000;608.551;608.551;6.699;7.364;3112.748;4.392;0.000;0.000;5.113;6.631;0.002;16.136;16.136;71.705;93.018;33.373;17.347;48.350;2.328;0.805;0.470;1.478;0.033;0.674;93.692;93.584;32.903;0.430;0.244;0.430;0.003;0.312;5.458;0.164;0;2;35.013;35.014;nan;nan;nan;27824;1;0;0;0;0;0;0
243;1;1;1;IDLE;0.000;0.000;1.000;20125.935832;20125.936497;20125.973015;20126.031340;809086;809086;809086;10114;16;12945376;12945416;100.000;591.140;591.140;4.804;5.282;3106.900;4.510;0.000;0.000;6.513;8.020;0.001;19.043;19.043;72.943;94.842;36.517;20.078;52.147;3.586;0.869;0.444;1.581;0.031;0.665;95.508;95.400;33.325;0.008;0.229;0.008;0.002;0.083;5.724;0.172;0;2;31.192;31.193;nan;nan;nan;19928;1;0;0;0;0;0;0
244;1;1;1;IDLE;0.000;0.000;1.000;20125.969165;20125.969826;20126.003622;20126.064121;804105;804105;804105;10052;17;12865680;12865720;100.000;605.528;605.528;5.300;5.809;3087.773;4.222;0.000;0.000;5.094;6.545;0.002;15.862;15.862;73.048;94.295;33.796;16.821;46.934;2.225;0.781;0.464;1.594;0.031;0.661;94.956;94.848;33.329;0.004;0.215;0.004;0.002;0.906;5.570;0.167;0;2;34.260;34.262;nan;nan;nan;21996;1;0;0;0;0;0;0
245;1;1;1;IDLE;0.000;0.000;1.000;20126.002499;20126.003293;20126.041178;20126.098562;810243;810243;810243;10129;19;12963888;12963928;100.000;595.525;595.525;5.796;6.368;3111.343;4.504;0.000;0.000;6.255;9.024;0.001;19.783;19.783;73.500;95.269;37.886;20.765;52.218;3.569;0.769;0.438;1.445;0.034;0.794;96.063;95.955;33.466;0.133;0.210;0.133;0.002;0.835;5.744;0.172;0;2;31.964;31.965;nan;nan;nan;24064;1;0;0;0;0;0;0
246;1;1;1;IDLE;0.000;0.000;1.000;20126.035833;20126.036552;20126.070907;20126.129029;808451;808451;808451;10106;21;12935216;12935256;100.000;601.962;601.962;6.564;7.198;3104.461;4.454;0.000;0.000;6.060;6.679;0.001;17.193;17.193;70.988;92.477;34.355;18.592;50.045;3.396;0.800;0.443;1.389;0.032;0.720;93.197;93.090;33.260;0.074;0.201;0.074;0.003;0.124;5.826;0.175;0;2;34.331;34.332;nan;nan;nan;27260;1;0;0;0;0;0;0
247;1;1;1;IDLE;0.000;0.000;1.000;20126.069165;20126.069831;20126.106762;20126.157524;818595;818595;818595;10233;23;13097520;13097560;100.000;587.276;587.276;7.060;7.756;3143.414;4.518;0.000;0.000;6.406;8.002;0.002;18.926;18.926;65.391;87.693;36.931;21.582;51.247;3.729;0.765;0.442;1.432;0.038;0.665;88.359;88.251;33.278;0.055;0.192;0.055;0.002;0.217;5.974;0.179;0;2;30.267;30.268;nan;nan;nan;29328;1;0;0;0;0;0;0
248;1;1;1;IDLE;0.000;0.000;1.000;20126.102499;20126.103150;20126.135618;20126.157569;813416;813416;813416;10168;22;13014656;13014696;100.000;624.674;624.674;6.970;7.635;3123.527;4.135;0.000;0.000;5.026;6.231;0.001;15.392;15.392;33.585;54.419;32.468;28.284;47.407;2.190;0.804;0.481;1.515;0.035;0.651;55.071;54.963;33.319;0.014;0.181;0.014;0.002;0.374;5.740;0.172;0;2;28.134;28.135;nan;nan;nan;28952;1;0;0;0;0;0;0
249;1;1;1;IDLE;0.000;0.000;1.000;20126.135834;20126.137083;20126.173250;20126.230115;816251;816251;816251;10204;23;13060016;13060056;100.000;623.037;623.037;7.150;7.847;3134.413;4.547;0.000;0.000;5.970;8.767;0.002;19.283;19.283;72.070;93.032;36.167;20.728;53.318;3.295;0.794;0.455;1.398;0.029;1.250;94.281;94.175;33.933;0.600;0.207;0.600;0.010;0.458;5.800;0.174;0;1;31.293;31.293;nan;nan;nan;29704;1;0;0;0;0;0;0
250;1;1;1;IDLE;0.000;0.000;1.000;20126.169167;20126.170069;20126.202693;20126.262628;820584;820584;820584;10258;22;13129344;13129384;100.000;615.257;615.257;6.879;7.545;3151.052;4.667;0.000;0.000;4.337;6.139;0.002;15.142;15.142;71.220;92.559;32.624;16.359;46.414;1.668;0.793;0.461;1.389;0.026;0.902;93.461;93.355;32.985;0.348;0.216;0.348;0.002;0.806;5.441;0.163;0;2;33.558;33.559;nan;nan;nan;28576;1;0;0;0;0;0;0
251;1;1;1;IDLE;0.000;0.000;1.000;20126.202500;20126.203738;20126.237145;20126.290831;817535;817535;817535;10220;21;13080560;13080600;100.000;638.343;638.343;6.518;7.152;3139.344;4.498;0.000;0.000;5.863;6.524;0.002;16.885;16.885;66.601;87.093;33.407;19.387;50.542;3.220;0.785;0.439;1.389;0.030;1.238;88.331;88.224;33.669;0.336;0.223;0.336;0.002;0.526;5.549;0.166;0;2;32.003;32.004;nan;nan;nan;27072;1;0;0;0;0;0;0
252;1;1;1;IDLE;0.000;0.000;1.000;20126.235833;20126.236706;20126.268933;20126.328380;812707;812707;812707;10159;22;13003312;13003352;100.000;617.326;617.326;6.879;7.545;3120.804;4.531;0.000;0.000;4.834;6.230;0.001;15.595;15.595;70.610;91.674;32.227;17.012;48.392;2.160;0.774;0.443;1.425;0.031;0.874;92.548;92.441;32.968;0.365;0.232;0.365;0.002;0.096;5.374;0.161;0;2;28.123;28.125;nan;nan;nan;28576;1;0;0;0;0;0;0
253;1;1;1;IDLE;0.000;0.000;1.000;20126.269168;20126.270555;20126.306066;20126.356738;811017;811017;811017;10138;23;12976272;12976312;100.000;615.096;615.096;7.015;7.711;3114.315;4.685;0.000;0.000;5.883;8.287;0.002;18.854;18.854;65.087;86.183;35.511;21.877;53.093;3.211;0.786;0.458;1.395;0.033;1.387;87.570;87.465;33.849;0.516;0.250;0.516;0.002;0.243;5.504;0.165;0;1;30.598;30.599;nan;nan;nan;29140;1;0;0;0;0;0;0
254;1;1;1;IDLE;0.000;0.000;1.000;20126.302500;20126.303448;20126.335209;20126.395633;812416;812416;812416;10156;22;12998656;12998696;100.000;631.317;631.317;6.744;7.409;3119.687;4.786;0.000;0.000;4.324;6.355;0.001;15.464;15.464;71.595;92.185;31.761;16.775;48.690;1.675;0.782;0.447;1.392;0.026;0.948;93.133;93.026;32.893;0.441;0.262;0.441;0.002;0.490;5.212;0.156;0;2;27.880;27.882;nan;nan;nan;28012;1;0;0;0;0;0;0
255;1;1;1;IDLE;0.000;0.000;1.000;20126.335833;20126.337085;20126.371958;20126.429732;815874;815874;815874;10199;22;13053984;13054024;100.000;656.563;656.563;6.744;7.409;3132.966;4.631;0.000;0.000;6.131;8.012;0.001;18.774;18.774;72.765;92.647;34.873;20.264;53.835;3.461;0.795;0.454;1.389;0.033;1.253;93.900;93.793;33.637;0.304;0.265;0.304;0.003;0.844;5.444;0.163;0;1;31.684;31.685;nan;nan;nan;28012;1;0;0;0;0;0;0
256;1;1;1;IDLE;0.000;0.000;1.000;20126.369166;20126.370789;20126.402102;20126.464064;811813;811813;811813;10148;105;12989008;12989048;100.000;632.359;632.359;33.049;36.304;3117.372;4.418;0.000;0.000;4.285;6.091;0.004;14.794;14.794;72.734;93.274;31.312;15.860;47.246;1.657;0.771;0.437;1.394;0.026;1.623;94.898;94.791;33.704;0.371;0.271;0.371;0.002;0.393;5.157;0.155;0;2;33.716;33.720;nan;nan;nan;137616;1;0;0;0;0;0;0
257;1;1;1;IDLE;0.000;0.000;1.000;20126.402501;20126.403917;20126.436446;20126.495935;809323;809323;809323;10117;22;12949168;12949208;100.000;629.405;629.405;6.744;7.409;3107.810;4.831;0.000;0.000;5.218;6.352;0.001;16.401;16.401;71.445;92.018;32.529;17.823;50.418;2.412;0.778;0.466;1.530;0.032;1.416;93.434;93.329;33.128;0.206;0.267;0.206;0.002;0.383;5.175;0.155;0;2;33.966;33.967;nan;nan;nan;28012;1;0;0;0;0;0;0
258;1;1;1;IDLE;0.000;0.000;1.000;20126.435832;20126.436763;20126.470603;20126.524378;806066;806066;806066;10076;16;12897056;12897096;100.000;600.074;600.074;4.894;5.372;3095.303;4.368;0.000;0.000;5.774;6.430;0.002;16.571;16.571;66.122;87.615;33.840;18.914;48.970;3.164;0.754;0.437;1.388;0.030;0.931;88.546;88.438;32.846;0.488;0.281;0.488;0.015;0.127;5.328;0.160;0;2;31.760;31.761;nan;nan;nan;20304;1;0;0;0;0;0;0
259;1;1;1;IDLE;0.000;0.000;1.000;20126.469166;20126.469864;20126.502545;20126.562015;803994;803994;803994;10050;17;12863904;12863944;100.000;621.350;621.350;5.210;5.719;3087.347;4.421;0.000;0.000;5.348;6.294;0.002;16.062;16.062;71.447;92.151;32.681;17.431;49.150;2.690;0.789;0.441;1.395;0.033;0.698;92.849;92.742;33.101;0.232;0.278;0.232;0.002;0.333;5.336;0.160;0;2;28.122;28.124;nan;nan;nan;21620;1;0;0;0;0;0;0
260;1;1;1;IDLE;0.000;0.000;1.000;20126.502498;20126.503669;20126.540142;20126.590540;804675;804675;804675;10059;19;12874800;12874840;100.000;598.985;598.985;5.842;6.413;3089.962;4.636;0.000;0.000;5.876;8.810;0.003;19.323;19.323;65.376;86.871;36.473;22.243;52.979;3.235;0.763;0.453;1.393;0.033;1.170;88.041;87.933;33.805;0.472;0.290;0.472;0.002;0.289;5.474;0.164;0;1;30.681;30.682;nan;nan;nan;24252;1;0;0;0;0;0;0
261;1;1;1;IDLE;0.000;0.000;1.000;20126.535834;20126.536801;20126.569423;20126.627999;803023;803023;803023;10038;20;12848368;12848408;100.000;622.110;622.110;6.203;6.805;3083.618;4.637;0.000;0.000;4.533;7.018;0.001;16.188;16.188;70.545;91.198;32.622;17.750;49.622;1.684;0.767;0.453;1.603;0.026;0.967;92.165;92.060;33.132;0.201;0.284;0.201;0.002;0.415;5.244;0.157;0;2;28.128;28.131;nan;nan;nan;25756;1;0;0;0;0;0;0
262;1;1;1;IDLE;0.000;0.000;1.000;20126.569167;20126.570484;20126.606200;20126.656634;804900;804900;804900;10062;22;12878400;12878440;100.000;635.370;635.370;6.699;7.364;3090.826;4.591;0.000;0.000;5.816;8.711;0.001;19.118;19.118;65.881;86.150;35.716;22.191;53.527;3.160;0.776;0.459;1.391;0.030;1.317;87.467;87.361;33.683;0.350;0.289;0.350;0.002;0.918;5.390;0.162;0;1;30.507;30.508;nan;nan;nan;27824;1;0;0;0;0;0;0
263;1;1;1;IDLE;0.000;0.000;1.000;20126.602499;20126.603504;20126.634649;20126.694771;801032;801032;801032;10013;23;12816512;12816552;100.000;634.244;634.244;7.015;7.711;3075.972;4.546;0.000;0.000;4.268;6.088;0.001;14.902;14.902;71.059;91.267;31.145;16.328;47.847;1.623;0.767;0.453;1.398;0.026;1.005;92.272;92.164;33.020;0.313;0.290;0.313;0.002;0.579;5.112;0.153;0;2;28.070;28.071;nan;nan;nan;29140;1;0;0;0;0;0;0
264;1;1;1;IDLE;0.000;0.000;1.000;20126.635835;20126.637109;20126.671704;20126.722841;793638;793638;793638;9921;23;12698208;12698248;100.000;647.970;647.970;7.150;7.847;3047.580;4.404;0.000;0.000;6.739;8.056;0.001;19.199;19.199;66.135;85.732;34.595;22.394;55.497;3.727;0.882;0.458;1.639;0.033;1.274;87.006;86.901;33.605;0.272;0.289;0.272;0.002;0.200;5.522;0.166;0;1;31.120;31.122;nan;nan;nan;29704;1;0;0;0;0;0;0
265;1;1;1;IDLE;0.000;0.000;1.000;20126.669167;20126.670079;20126.702739;20126.761093;801156;801156;801156;10015;23;12818496;12818536;100.000;631.808;631.808;7.105;7.801;3076.449;4.482;0.000;0.000;4.384;7.021;0.001;15.887;15.887;70.724;91.013;32.659;17.456;48.644;1.739;0.775;0.456;1.388;0.026;0.913;91.926;91.820;32.971;0.363;0.294;0.363;0.002;0.963;5.240;0.157;0;2;27.118;27.120;nan;nan;nan;29516;1;0;0;0;0;0;0
266;1;1;1;IDLE;0.000;0.000;1.000;20126.702501;20126.703769;20126.736210;20126.788997;804749;804749;804749;10060;23;12875984;12876024;100.000;656.308;656.308;7.015;7.711;3090.246;4.564;0.000;0.000;5.252;7.413;0.002;17.230;17.230;65.609;85.228;32.441;20.216;53.111;2.594;0.783;0.457;1.392;0.028;1.268;86.496;86.391;33.690;0.357;0.297;0.357;0.002;0.154;5.246;0.157;0;1;32.293;32.294;nan;nan;nan;29140;1;0;0;0;0;0;0
267;1;1;1;IDLE;0.000;0.000;1.000;20126.735832;20126.736987;20126.767970;20126.829104;805449;805449;805449;10069;22;12887184;12887224;100.000;651.043;651.043;6.789;7.454;3092.934;4.419;0.000;0.000;4.285;6.096;0.001;14.800;14.800;72.322;92.117;30.983;16.067;47.769;1.672;0.760;0.440;1.387;0.026;1.155;93.272;93.164;33.218;0.115;0.286;0.115;0.009;0.798;5.009;0.150;0;2;27.119;27.120;nan;nan;nan;28200;1;0;0;0;0;0;0
268;1;1;1;IDLE;0.000;0.000;1.000;20126.769166;20126.770294;20126.804976;20126.862982;805329;805329;805329;10067;21;12885264;12885304;100.000;654.739;654.739;6.518;7.152;3092.473;4.597;0.000;0.000;6.543;8.014;0.001;19.154;19.154;73.008;92.688;34.682;20.665;55.228;3.366;1.104;0.462;1.577;0.035;1.128;93.816;93.709;33.306;0.027;0.270;0.027;0.002;0.441;5.395;0.162;0;1;32.139;32.140;nan;nan;nan;27072;1;0;0;0;0;0;0
269;1;1;1;IDLE;0.000;0.000;1.000;20126.802501;20126.803467;20126.837055;20126.895769;805419;805419;805419;10068;21;12886704;12886744;100.000;602.838;602.838;6.564;7.198;3092.819;4.421;0.000;0.000;4.240;7.018;0.002;15.679;15.679;70.925;92.302;33.587;16.987;46.682;1.618;0.771;0.438;1.388;0.025;0.967;93.269;93.163;33.174;0.160;0.263;0.160;0.002;0.949;5.109;0.153;0;2;32.942;32.943;nan;nan;nan;27260;1;0;0;0;0;0;0
270;1;1;1;IDLE;0.000;0.000;1.000;20126.835833;20126.837039;20126.869172;20126.930680;804474;804474;804474;10056;22;12871584;12871624;100.000;644.159;644.159;6.699;7.364;3089.190;4.414;0.000;0.000;5.938;6.057;0.001;16.409;16.409;73.659;93.641;32.133;17.523;51.065;3.315;0.759;0.439;1.390;0.033;1.205;94.846;94.740;33.571;0.238;0.261;0.238;0.002;0.153;5.320;0.160;0;2;32.652;32.653;nan;nan;nan;27824;1;0;0;0;0;0;0
271;1;1;1;IDLE;0.000;0.000;1.000;20126.869165;20126.870410;20126.902353;20126.964392;796101;796101;796101;9952;103;12737616;12737656;100.000;626.047;626.047;32.508;35.700;3057.037;4.373;0.000;0.000;4.991;6.157;0.003;15.521;15.521;73.636;93.982;31.943;16.515;48.589;2.230;0.759;0.463;1.509;0.030;1.245;95.228;95.119;33.371;0.038;0.247;0.038;0.003;0.446;5.240;0.157;0;2;34.480;34.482;nan;nan;nan;135360;1;0;0;0;0;0;0
272;1;1;1;IDLE;0.000;0.000;1.000;20126.902501;20126.903821;20126.938313;20126.996020;805073;805073;805073;10064;22;12881168;12881208;100.000;616.691;616.691;6.789;7.454;3091.490;4.547;0.000;0.000;5.947;7.038;0.002;17.532;17.532;71.311;92.199;34.492;19.016;50.831;3.331;0.753;0.440;1.389;0.034;1.321;93.520;93.414;33.411;0.078;0.237;0.078;0.002;0.616;5.421;0.163;0;2;33.113;33.115;nan;nan;nan;28200;1;0;0;0;0;0;0
273;1;1;1;IDLE;0.000;0.000;1.000;20126.935832;20126.936522;20126.973130;20127.024556;797204;797204;797204;9966;18;12755264;12755304;100.000;601.405;601.405;5.661;6.202;3061.273;4.384;0.000;0.000;6.634;7.768;0.002;18.786;18.786;66.824;88.033;36.607;21.339;51.317;3.600;0.831;0.442;1.724;0.037;0.691;88.724;88.616;32.701;0.632;0.262;0.632;0.002;0.994;5.728;0.172;0;2;30.655;30.656;nan;nan;nan;23500;1;0;0;0;0;0;0
274;1;1;1;IDLE;0.000;0.000;1.000;20126.969165;20126.969853;20127.002673;20127.062965;805139;805139;805139;10065;18;12882224;12882264;100.000;611.828;611.828;5.526;6.066;3091.743;4.350;0.000;0.000;5.093;6.241;0.002;15.684;15.684;72.056;93.112;32.820;16.845;47.789;2.332;0.813;0.479;1.437;0.033;0.688;93.799;93.691;33.330;0.003;0.245;0.003;0.002;0.427;5.572;0.167;0;2;28.118;28.121;nan;nan;nan;22936;1;0;0;0;0;0;0
275;1;1;1;IDLE;0.000;0.000;1.000;20127.002535;20127.003590;20127.040540;20127.097173;808073;808073;808073;10101;20;12929168;12929208;100.000;612.011;612.011;6.248;6.851;3103.010;4.562;0.000;0.000;5.977;9.029;0.001;19.569;19.569;72.457;93.583;36.950;20.911;52.961;3.330;0.767;0.452;1.397;0.032;1.055;94.638;94.566;33.737;0.404;0.255;0.404;0.002;0.815;5.676;0.170;0;1;31.451;31.452;nan;nan;nan;25944;1;0;0;0;0;0;0
276;1;1;1;IDLE;0.000;0.000;1.000;20127.035833;20127.036828;20127.070097;20127.130342;813584;813584;813584;10170;20;13017344;13017384;100.000;614.079;614.079;6.293;6.896;3124.172;4.804;0.000;0.000;4.908;6.491;0.001;16.203;16.203;72.316;93.515;33.270;17.327;48.703;2.258;0.781;0.454;1.388;0.028;0.995;94.509;94.403;33.238;0.096;0.245;0.096;0.012;0.658;5.487;0.165;0;2;33.564;33.565;nan;nan;nan;26132;1;0;0;0;0;0;0
277;1;1;1;IDLE;0.000;0.000;1.000;20127.069165;20127.070112;20127.104491;20127.165333;812306;812306;812306;10154;23;12996896;12996936;100.000;612.006;612.006;7.015;7.711;3119.265;4.720;0.000;0.000;5.800;6.824;0.001;17.345;17.345;73.984;95.221;34.379;18.215;50.451;3.176;0.765;0.438;1.390;0.031;0.946;96.167;96.060;33.284;0.049;0.233;0.049;0.003;0.514;5.569;0.167;0;2;32.672;32.673;nan;nan;nan;29140;1;0;0;0;0;0;0
278;1;1;1;IDLE;0.000;0.000;1.000;20127.102499;20127.103212;20127.137341;20127.196494;817500;817500;817500;10219;23;13080000;13080040;100.000;606.209;606.209;7.060;7.756;3139.210;4.770;0.000;0.000;5.532;6.594;0.002;16.895;16.895;71.705;93.282;34.129;18.112;49.504;2.576;0.781;0.445;1.692;0.037;0.713;93.995;93.887;33.100;0.233;0.233;0.233;0.003;0.423;5.562;0.167;0;2;34.583;34.584;nan;nan;nan;29328;1;0;0;0;0;0;0
279;1;1;1;IDLE;0.000;0.000;1.000;20127.135832;20127.136543;20127.173842;20127.231681;824803;824803;824803;10311;24;13196848;13196888;100.000;582.705;582.705;7.376;8.103;3167.253;4.778;0.000;0.000;6.116;8.013;0.001;18.907;18.907;72.491;95.138;37.300;19.873;50.689;3.429;0.768;0.435;1.451;0.033;0.710;95.849;95.741;33.331;0.002;0.219;0.002;0.002;0.519;5.705;0.171;0;2;30.661;30.662;nan;nan;nan;30644;1;0;0;0;0;0;0
280;1;1;1;IDLE;0.000;0.000;1.000;20127.169166;20127.169860;20127.203122;20127.262855;813944;813944;813944;10175;23;13023104;13023144;100.000;609.873;609.873;7.195;7.892;3125.555;4.326;0.000;0.000;5.258;6.218;0.001;15.803;15.803;71.641;92.995;33.262;16.993;47.510;2.573;0.797;0.454;1.403;0.032;0.695;93.690;93.582;33.317;0.016;0.206;0.016;0.002;0.429;5.596;0.168;0;2;34.774;34.776;nan;nan;nan;29892;1;0;0;0;0;0;0
281;1;1;1;IDLE;0.000;0.000;1.000;20127.202499;20127.203373;20127.240008;20127.262899;815307;815307;815307;10192;23;13044912;13044952;100.000;585.756;585.756;7.285;7.982;3130.788;4.696;0.000;0.000;6.016;8.023;0.001;18.734;18.734;37.256;59.526;36.635;31.473;51.138;3.353;0.779;0.440;1.410;0.033;0.873;60.400;60.293;33.512;0.179;0.204;0.179;0.002;0.323;5.704;0.171;0;2;30.867;30.868;nan;nan;nan;30268;1;0;0;0;0;0;0
282;1;1;1;IDLE;0.000;0.000;1.000;20127.235832;20127.236551;20127.269536;20127.329336;816329;816329;816329;10205;21;13061264;13061304;100.000;616.358;616.358;6.564;7.198;3134.713;4.368;0.000;0.000;5.093;6.477;0.002;15.938;15.938;71.594;92.785;32.985;17.177;48.319;2.257;0.802;0.477;1.524;0.032;0.719;93.504;93.397;33.179;0.154;0.201;0.154;0.003;0.221;5.554;0.167;0;2;35.307;35.308;nan;nan;nan;27260;1;0;0;0;0;0;0
283;1;1;1;IDLE;0.000;0.000;1.000;20127.269165;20127.270171;20127.307249;20127.329376;813249;813249;813249;10166;21;13011984;13012024;100.000;605.903;605.903;6.654;7.288;3122.886;4.547;0.000;0.000;6.704;8.107;0.001;19.358;19.358;37.729;59.205;37.078;32.697;52.209;4.066;0.766;0.439;1.398;0.035;1.006;60.211;60.102;33.619;0.286;0.206;0.286;0.003;0.788;5.844;0.175;0;2;30.191;30.192;nan;nan;nan;27636;1;0;0;0;0;0;0
284;1;1;1;IDLE;0.000;0.000;1.000;20127.302499;20127.303176;20127.337235;20127.397347;809333;809333;809333;10117;22;12949328;12949368;100.000;617.559;617.559;6.744;7.409;3107.848;4.296;0.000;0.000;5.172;7.014;0.002;16.481;16.481;73.202;94.171;34.059;17.502;48.391;2.423;0.792;0.475;1.451;0.031;0.677;94.848;94.741;33.006;0.328;0.214;0.328;0.002;0.901;5.679;0.170;0;2;35.033;35.035;nan;nan;nan;28012;1;0;0;0;0;0;0
285;1;1;1;IDLE;0.000;0.000;1.000;20127.335831;20127.336934;20127.373320;20127.431883;815482;815482;815482;10194;22;13047712;13047752;100.000;612.575;612.575;6.924;7.590;3131.460;4.499;0.000;0.000;6.972;8.016;0.001;19.488;19.488;73.649;94.949;36.386;20.524;53.559;3.598;0.946;0.439;1.952;0.037;1.103;96.052;95.943;33.758;0.425;0.227;0.425;0.013;0.084;6.010;0.180;0;2;32.041;32.042;nan;nan;nan;28764;1;0;0;0;0;0;0
286;1;1;1;IDLE;0.000;0.000;1.000;20127.369165;20127.369874;20127.403911;20127.463553;814633;814633;814633;10183;104;13034128;13034168;100.000;602.889;602.889;32.733;35.957;3128.200;4.291;0.000;0.000;5.834;6.538;0.005;16.662;16.662;72.059;93.679;34.037;17.787;48.953;3.194;0.787;0.432;1.388;0.033;0.708;94.387;94.279;32.940;0.394;0.238;0.394;0.002;0.043;5.969;0.179;0;2;34.505;34.507;nan;nan;nan;136300;1;0;0;0;0;0;0
287;1;1;1;IDLE;0.000;0.000;1.000;20127.402499;20127.403178;20127.440809;20127.498374;814941;814941;814941;10187;22;13039056;13039096;100.000;598.846;598.846;6.879;7.545;3129.383;4.558;0.000;0.000;6.902;8.344;0.001;19.804;19.804;73.422;95.196;37.631;20.804;52.627;3.345;1.063;0.434;2.022;0.038;0.679;95.874;95.767;33.304;0.029;0.225;0.029;0.003;0.606;6.206;0.186;0;2;31.085;31.086;nan;nan;nan;28576;1;0;0;0;0;0;0
288;1;1;1;IDLE;0.000;0.000;1.000;20127.435832;20127.436513;20127.472555;20127.531510;818847;818847;818847;10236;18;13101552;13101592;100.000;593.605;593.605;5.571;6.111;3144.382;4.293;0.000;0.000;4.949;8.015;0.002;17.257;17.257;72.926;94.997;36.042;18.165;47.879;2.129;0.802;0.499;1.490;0.030;0.681;95.678;95.570;33.335;0.002;0.211;0.002;0.002;1.004;5.894;0.177;0;2;33.828;33.831;nan;nan;nan;23124;1;0;0;0;0;0;0
289;1;1;1;IDLE;0.000;0.000;1.000;20127.469166;20127.469884;20127.507639;20127.531541;824052;824052;824052;10301;16;13184832;13184872;100.000;598.779;598.779;5.075;5.553;3164.369;4.661;0.000;0.000;6.443;9.023;0.000;20.127;20.127;39.638;61.657;37.755;32.643;53.310;3.400;0.939;0.438;1.632;0.035;0.718;62.375;62.268;33.371;0.038;0.200;0.038;0.002;0.266;6.035;0.181;0;2;32.891;32.892;nan;nan;nan;21056;1;0;0;0;0;0;0
290;1;1;1;IDLE;0.000;0.000;1.000;20127.502499;20127.503238;20127.539031;20127.597207;835458;835458;835458;10444;20;13367328;13367368;100.000;598.380;598.380;6.157;6.760;3208.168;4.469;0.000;0.000;5.912;7.340;0.002;17.721;17.721;71.630;93.969;35.793;18.859;49.510;3.263;0.787;0.438;1.391;0.032;0.739;94.708;94.601;33.354;0.021;0.189;0.021;0.002;0.199;6.007;0.180;0;2;33.206;33.207;nan;nan;nan;25568;1;0;0;0;0;0;0
291;1;1;1;IDLE;0.000;0.000;1.000;20127.535832;20127.536499;20127.574301;20127.632072;819605;819605;819605;10246;21;13113680;13113720;100.000;582.489;582.489;6.383;7.017;3147.293;4.465;0.000;0.000;5.867;8.524;0.001;18.856;18.856;73.059;95.572;37.801;19.729;49.882;3.218;0.786;0.437;1.394;0.032;0.668;96.240;96.132;33.261;0.072;0.181;0.072;0.002;0.893;5.975;0.179;0;2;31.427;31.428;nan;nan;nan;26508;1;0;0;0;0;0;0
292;1;1;1;IDLE;0.000;0.000;1.000;20127.569165;20127.569839;20127.605077;20127.664543;827799;827799;827799;10348;21;13244784;13244824;100.000;592.877;592.877;6.428;7.062;3178.758;4.535;0.000;0.000;5.005;7.230;0.002;16.771;16.771;72.364;94.704;35.238;17.709;47.593;2.262;0.804;0.503;1.406;0.030;0.674;95.377;95.270;33.340;0.006;0.170;0.006;0.003;0.659;5.736;0.172;0;2;34.221;34.223;nan;nan;nan;26696;1;0;0;0;0;0;0
293;1;1;1;IDLE;0.000;0.000;1.000;20127.602499;20127.603227;20127.641587;20127.696903;830771;830771;830771;10385;22;13292336;13292376;100.000;580.732;580.732;6.834;7.500;3190.170;4.725;0.000;0.000;5.931;8.655;0.001;19.311;19.311;70.787;93.676;38.360;20.615;50.342;3.282;0.782;0.438;1.395;0.033;0.728;94.404;94.297;33.388;0.055;0.163;0.055;0.002;0.882;5.788;0.174;0;2;31.606;31.607;nan;nan;nan;28388;1;0;0;0;0;0;0
294;1;1;1;IDLE;0.000;0.000;1.000;20127.635832;20127.636513;20127.672135;20127.731011;835004;835004;835004;10438;23;13360064;13360104;100.000;614.306;614.306;7.105;7.801;3206.425;4.402;0.000;0.000;6.257;7.124;0.001;17.783;17.783;72.749;94.498;35.622;18.818;49.920;3.479;0.868;0.453;1.422;0.034;0.681;95.178;95.071;33.286;0.048;0.156;0.048;0.002;0.490;5.909;0.177;0;2;31.890;31.891;nan;nan;nan;29516;1;0;0;0;0;0;0
295;1;1;1;IDLE;0.000;0.000;1.000;20127.669165;20127.669844;20127.704104;20127.763609;814967;814967;814967;10188;23;13039472;13039512;100.000;592.339;592.339;7.060;7.756;3129.483;4.243;0.000;0.000;5.027;7.022;0.001;16.292;16.292;71.752;93.765;34.260;17.375;47.552;2.137;0.795;0.458;1.607;0.030;0.679;94.444;94.336;33.331;0.002;0.146;0.002;0.002;0.194;5.691;0.171;0;2;33.926;33.927;nan;nan;nan;29328;1;0;0;0;0;0;0
296;1;1;1;IDLE;0.000;0.000;1.000;20127.702499;20127.703257;20127.738403;20127.798308;818656;818656;818656;10234;23;13098496;13098536;100.000;603.438;603.438;7.015;7.711;3143.649;4.558;0.000;0.000;6.025;7.242;0.001;17.824;17.824;73.344;95.051;35.146;18.752;50.715;3.398;0.768;0.437;1.389;0.033;0.758;95.809;95.701;33.413;0.080;0.142;0.080;0.002;0.170;5.778;0.173;0;2;32.445;32.446;nan;nan;nan;29140;1;0;0;0;0;0;0
297;1;1;1;IDLE;0.000;0.000;1.000;20127.735832;20127.736504;20127.772260;20127.830498;819807;819807;819807;10248;22;13116912;13116952;100.000;589.639;589.639;6.744;7.409;3148.068;4.578;0.000;0.000;4.840;8.018;0.002;17.436;17.436;71.748;93.994;35.756;18.550;48.764;2.079;0.778;0.459;1.493;0.031;0.672;94.666;94.559;33.247;0.086;0.139;0.086;0.002;0.649;5.546;0.166;0;2;34.063;34.064;nan;nan;nan;28012;1;0;0;0;0;0;0
298;1;1;1;IDLE;0.000;0.000;1.000;20127.769165;20127.769923;20127.806340;20127.830541;814766;814766;814766;10185;21;13036256;13036296;100.000;597.907;597.907;6.654;7.288;3128.711;4.591;0.000;0.000;6.554;8.015;0.001;19.160;19.160;38.815;60.618;36.417;31.608;52.612;3.539;0.873;0.438;1.671;0.033;0.757;61.376;61.268;33.419;0.085;0.135;0.085;0.003;0.042;5.802;0.174;0;2;32.169;32.171;nan;nan;nan;27636;1;0;0;0;0;0;0
299;1;1;1;IDLE;0.000;0.000;1.000;20127.802499;20127.803171;20127.838802;20127.891574;809259;809259;809259;10116;22;12948144;12948184;100.000;579.459;579.459;6.924;7.590;3107.564;4.428;0.000;0.000;4.960;7.403;0.002;16.791;16.791;66.057;88.403;35.631;18.993;47.124;2.232;0.780;0.438;1.476;0.034;0.673;89.075;88.968;33.249;0.085;0.132;0.085;0.002;0.919;5.595;0.168;0;2;32.440;32.441;nan;nan;nan;28764;1;0;0;0;0;0;0
300;1;1;1;IDLE;0.000;0.000;1.000;20127.835832;20127.836556;20127.871493;20127.913626;812212;812212;812212;10153;23;12995392;12995432;100.000;605.109;605.109;7.015;7.711;3118.904;4.508;0.000;0.000;5.790;7.011;0.001;17.308;17.308;55.594;77.070;34.937;22.458;49.542;3.158;0.777;0.433;1.389;0.032;0.724;77.794;77.687;33.385;0.051;0.127;0.051;0.002;0.657;5.646;0.169;0;2;27.088;27.090;nan;nan;nan;29140;1;0;0;0;0;0;0
