frame_id;rx_complete;tx_complete;current_skip;yaw;pitch;zoom;camera_send_timestamp;recv_start_timestamp;node_exit_timestamp;original_points;rx_media_bytes;tx_points;rx_packets;tx_packets;payload_bytes;reference_size_bytes;data_integrity_pct;internal_throughput_mbs;reference_throughput_mbs;logical_bitrate_mbps;network_bitrate_mbps;reference_bitrate_mbps;arrived_points;eroded_points;valid_points;erosion_ms;reconstruction_ms;pose_ms;reconstruction_pipeline_ms;tx_duration_ms;active_tx_ms;active_process_ms;reference_process_ms;total_processing_ms;total_residency_ms;reference_residency_ms;node_efficiency_pct;reference_efficiency_pct;gpu_transfer_ms;gpu_copyback_ms;host_overhead_ms;camera_node_ms;e2e_latency_ms;schedule_delay_ms;inter_arrival_ms;instant_jitter_ms;desynced_jitter_ms;pose_control_ms;codec_queue_ms;frame_queue_ms;codec_backlog;decode_service_ms;decode_h265_ms;ffmpeg_write_calls;ffmpeg_write_failures;codec_queue_drops;tx_zero_accepts;tx_partial_accepts;tx_resubmit_calls;tx_resubmitted_packets;mbuf_starvation
1;1;1;1;0.000000;0.000000;1.000000;21981.221431;21981.282837;21981.422220;784142;142128;146318;108;3658;142128;154656;100.000;189.826;206.430;561.874;644.386;37.117;178911;159140;146318;0.259;0.124;0.078;5.855;1.840;0.189;35.136;33.218;139.324;139.383;137.524;25.208;24.154;1.691;1.209;2.494;61.407;200.789;139.383;0.000;0.000;0.000;0.000;0.059;0.000;52;27.441;131.609;4;0;0;0;0;0;0;0
2;1;1;1;0.000000;0.000000;1.000000;21981.254810;21981.312649;21981.459720;783406;28952;144182;22;3605;28952;31504;100.000;1120.370;1215.432;553.671;634.988;7.561;169393;156499;144182;0.211;0.125;0.077;2.244;2.369;1.052;45.190;42.744;121.225;147.071;144.682;30.727;29.544;1.534;0.212;0.085;57.839;204.911;143.550;29.812;3.521;0.220;0.000;25.846;0.000;25;40.577;116.591;1;0;0;0;0;0;0;0
3;1;1;1;0.000000;0.000000;1.000000;21981.288410;21981.354897;21981.488390;780200;22936;141754;18;3544;22936;25024;100.000;0.743;0.808;544.348;624.288;6.006;164369;153953;141754;0.204;0.118;0.073;2.262;2.347;0.252;33.277;30.857;132.740;133.493;131.124;24.928;23.533;1.523;0.271;0.074;66.487;199.980;138.886;42.248;8.915;0.764;0.000;0.753;0.000;17;28.667;128.106;2;0;0;0;0;0;0;0
4;1;1;1;0.000000;0.000000;1.000000;21981.323735;21981.385946;21981.522663;778467;22560;139430;18;3486;22560;24648;100.000;0.648;0.705;535.424;614.055;5.916;160176;150044;139430;0.207;0.116;0.070;2.630;2.131;0.556;38.884;36.684;136.691;136.717;134.569;28.441;27.260;1.979;0.183;0.075;62.211;198.927;139.825;31.049;2.284;0.859;0.000;0.026;0.000;10;34.124;131.913;3;0;0;0;0;0;0;0
5;1;1;1;0.000000;0.000000;1.000000;21981.355683;21981.421004;21981.557416;776427;22184;137802;17;3446;22184;24156;100.000;0.697;0.756;529.172;606.901;5.797;157416;147596;137802;1.260;0.118;0.072;4.415;2.022;0.512;39.516;37.422;136.376;136.411;134.377;28.968;27.849;1.723;0.187;1.057;65.322;201.733;141.245;35.058;1.725;0.913;0.000;0.035;0.000;9;33.078;129.925;3;0;0;0;0;0;0;0
6;1;1;1;0.000000;0.000000;1.000000;21981.388890;21981.453008;21981.588460;774893;24440;137230;19;3431;24440;26644;100.000;0.658;0.715;526.976;604.367;6.395;155558;146567;137230;0.219;0.119;0.071;2.969;1.816;0.400;37.474;35.587;135.402;135.452;133.619;27.666;26.633;1.435;0.183;0.942;64.118;199.569;138.956;32.004;1.330;0.939;0.000;0.049;0.000;18;32.689;130.600;2;0;0;0;0;0;0;0
7;1;1;1;0.000000;0.000000;1.000000;21981.421152;21981.490324;21981.623006;775949;25004;137590;19;3440;25004;27208;100.000;678.766;736.007;528.358;605.952;6.530;155858;147450;137590;0.207;0.115;0.072;2.431;2.702;0.772;39.324;36.551;132.639;132.682;129.960;29.638;28.125;1.686;0.269;0.082;69.172;201.854;140.168;37.316;3.982;1.129;0.000;0.042;0.000;19;34.192;127.485;1;0;0;0;0;0;0;0
8;1;1;1;0.000000;0.000000;1.000000;21981.455805;21981.523157;21981.656207;775463;26132;137746;20;3444;26132;28452;100.000;0.818;0.888;528.957;606.641;6.828;155030;147422;137746;0.201;0.112;0.068;2.706;1.930;0.496;38.330;36.333;133.026;133.049;131.099;28.809;27.714;1.725;0.183;0.418;67.352;200.401;140.036;32.833;0.500;1.090;0.000;0.024;0.000;12;33.695;128.369;5;0;0;0;0;0;0;0
9;1;1;1;0.000000;0.000000;1.000000;21981.488682;21981.555256;21981.692247;775698;26132;138024;20;3451;26132;28452;100.000;0.792;0.860;530.025;607.867;6.828;154710;147662;138024;0.193;0.109;0.067;2.960;2.044;0.477;40.659;38.548;136.966;136.991;134.924;29.680;28.570;1.506;0.187;0.900;66.574;203.565;142.743;32.099;1.234;1.099;0.000;0.024;0.000;10;35.655;131.926;3;0;0;0;0;0;0;0
10;1;1;1;0.000000;0.000000;1.000000;21981.522164;21981.589108;21981.722700;778020;25380;138278;20;3457;25380;27700;100.000;0.736;0.801;531.000;608.977;6.648;154031;146939;138278;0.197;0.108;0.066;2.430;2.964;0.742;35.446;32.416;133.555;133.592;130.598;26.533;24.822;1.684;0.259;0.116;66.944;200.535;139.863;33.852;0.519;1.062;0.000;0.037;0.000;14;30.052;128.129;3;0;0;0;0;0;0;0
11;1;1;1;0.000000;0.000000;1.000000;21981.553946;21981.623741;21981.757237;778554;24064;139114;19;3478;24064;26268;100.000;0.744;0.810;534.210;612.661;6.304;154513;147757;139114;0.202;0.113;0.069;2.897;2.298;0.627;39.944;37.578;133.477;133.496;131.185;29.922;28.645;1.623;0.183;0.709;69.795;203.291;141.066;34.633;1.300;1.077;0.000;0.018;0.000;11;34.749;128.268;4;0;0;0;0;0;0;0
12;1;1;1;0.000000;0.000000;1.000000;21981.589416;21981.656255;21981.791712;779986;25568;140496;20;3513;25568;27888;100.000;0.806;0.876;539.517;618.758;6.693;155495;148938;140496;0.227;0.109;0.067;3.077;1.830;0.464;39.661;37.765;135.416;135.458;133.610;29.279;28.265;1.570;0.184;0.921;66.838;202.296;142.209;32.514;0.820;1.061;0.000;0.042;0.000;19;34.754;130.488;2;0;0;0;0;0;0;0
13;1;1;1;0.000000;0.000000;1.000000;21981.621886;21981.688170;21981.821384;780926;26132;142868;20;3572;26132;28452;100.000;0.730;0.792;548.626;629.197;6.828;157630;151000;142868;0.194;0.113;0.067;2.227;2.274;0.248;34.564;32.224;133.176;133.214;130.911;25.947;24.615;1.461;0.269;0.123;66.284;199.497;138.546;31.915;1.418;1.084;0.000;0.038;0.000;18;30.064;128.645;3;0;0;0;0;0;0;0
14;1;1;1;0.000000;0.000000;1.000000;21981.655252;21981.724145;21981.856408;782770;26508;144928;21;3624;26508;28944;100.000;0.843;0.917;556.536;638.281;6.947;159326;152945;144928;0.198;0.106;0.066;2.651;2.056;0.518;39.534;37.413;132.221;132.262;130.190;29.891;28.737;2.012;0.190;0.078;68.893;201.155;140.237;35.975;2.642;1.181;0.000;0.042;0.000;20;34.827;127.496;2;0;0;0;0;0;0;0
15;1;1;1;0.000000;0.000000;1.000000;21981.688227;21981.755832;21981.890910;784474;27260;146044;21;3652;27260;29696;100.000;0.859;0.933;560.821;643.198;7.127;159835;153202;146044;0.197;0.110;0.070;2.365;2.961;0.761;39.199;36.168;135.038;135.078;132.094;29.020;27.380;1.591;0.295;0.103;67.606;202.683;141.406;31.687;1.646;1.210;0.000;0.040;0.001;15;33.872;129.686;4;0;0;0;0;0;0;0
16;1;1;1;0.000000;0.000000;1.000000;21981.722422;21981.787828;21981.923710;785193;131788;145822;101;3646;131788;143504;100.000;3.637;3.957;559.969;642.210;34.441;177968;156948;145822;0.180;0.106;0.067;2.762;2.372;0.676;38.123;35.685;135.849;135.882;133.488;28.056;26.732;2.127;0.193;0.088;65.406;201.288;140.873;31.996;1.337;1.218;0.000;0.033;0.000;50;32.990;130.692;5;0;0;0;0;0;0;0
17;1;1;1;0.000000;0.000000;1.000000;21981.754331;21981.824148;21981.956689;782720;28952;144126;22;3604;28952;31504;100.000;829.812;900.220;553.456;634.750;7.561;169127;155796;144126;0.233;0.112;0.069;2.919;2.785;0.710;38.107;35.253;132.496;132.541;129.732;28.751;27.174;2.108;0.269;0.129;69.817;202.358;140.518;36.319;2.986;1.328;0.000;0.046;0.000;22;32.402;126.766;1;0;0;0;0;0;0;0
18;1;1;1;0.000000;0.000000;1.000000;21981.788776;21981.855402;21981.990309;781613;23124;141930;18;3549;23124;25212;100.000;0.643;0.699;545.024;625.077;6.051;164376;152343;141930;0.201;0.110;0.068;2.637;2.296;0.643;39.323;36.959;134.870;134.908;132.591;29.148;27.875;1.945;0.190;0.124;66.626;201.534;140.805;31.254;2.079;1.375;0.000;0.038;0.000;8;34.389;129.913;5;0;0;0;0;0;0;0
19;1;1;1;0.000000;0.000000;1.000000;21981.822141;21981.891526;21982.022732;780006;22372;139740;17;3494;22372;24344;100.000;664.185;719.898;536.614;615.426;5.843;160684;150225;139740;0.194;0.104;0.066;2.423;3.006;0.711;37.340;34.268;131.167;131.206;128.176;28.459;26.735;1.672;0.274;0.114;69.385;200.591;139.895;36.124;2.791;1.464;0.000;0.039;0.000;17;31.911;125.702;1;0;0;0;0;0;0;0
20;1;1;1;0.000000;0.000000;1.000000;21981.855274;21981.922400;21982.058809;780302;22748;138346;18;3459;22748;24836;100.000;0.633;0.689;531.261;609.284;5.961;157894;148300;138346;1.084;0.109;0.067;4.265;2.300;0.289;41.508;39.141;136.357;136.409;134.091;30.429;29.190;1.717;0.184;1.105;67.126;203.535;142.638;30.874;2.459;1.526;0.000;0.051;0.000;17;34.943;129.772;2;0;0;0;0;0;0;0
21;1;1;1;0.000000;0.000000;1.000000;21981.888487;21981.958516;21982.090357;779066;25004;137844;19;3447;25004;27208;100.000;0.810;0.878;529.333;607.085;6.530;156303;147479;137844;1.203;0.109;0.068;4.342;2.116;0.584;38.103;35.919;131.801;131.841;129.702;28.900;27.693;1.545;0.195;1.222;70.029;201.871;140.853;36.115;2.782;1.605;0.000;0.041;0.001;12;31.645;125.317;3;0;0;0;0;0;0;0
22;1;1;1;0.000000;0.000000;1.000000;21981.921937;21981.989501;21982.123842;778280;24816;138092;19;3453;24816;27020;100.000;0.729;0.791;530.286;608.173;6.485;156434;148303;138092;0.190;0.108;0.066;2.880;2.098;0.511;39.948;37.784;134.296;134.341;132.230;29.736;28.575;1.820;0.187;0.509;67.564;201.904;141.004;30.985;2.348;1.651;0.000;0.045;0.000;19;34.970;129.303;2;0;0;0;0;0;0;0
23;1;1;1;0.000000;0.000000;1.000000;21981.956231;21982.023736;21982.156058;778907;25756;138240;20;3456;25756;28076;100.000;0.793;0.862;530.854;608.809;6.738;155826;148511;138240;0.198;0.105;0.070;2.485;2.659;0.665;37.186;34.457;132.288;132.323;129.646;28.102;26.577;1.746;0.253;0.114;67.504;199.827;139.888;34.235;0.901;1.604;0.000;0.035;0.000;11;32.041;127.124;3;0;0;0;0;0;0;0
24;1;1;1;0.000000;0.000000;1.000000;21981.988184;21982.056344;21982.192193;779289;24064;138556;19;3464;24064;26268;100.000;0.747;0.813;532.068;610.203;6.304;155133;147900;138556;0.185;0.106;0.065;3.450;2.442;0.636;41.273;38.766;135.821;135.850;133.389;30.381;29.062;1.427;0.188;1.478;68.160;204.009;142.689;32.608;0.725;1.549;0.000;0.029;0.001;18;35.380;129.907;2;0;0;0;0;0;0;0
25;1;1;1;0.000000;0.000000;1.000000;21982.022628;21982.088680;21982.221698;779739;25192;138952;20;3474;25192;27512;100.000;0.769;0.837;533.588;611.949;6.603;154951;148061;138952;0.197;0.109;0.069;2.437;2.709;0.626;35.394;32.617;132.989;133.019;130.291;26.608;25.034;1.656;0.290;0.117;66.052;199.070;138.861;32.336;0.997;1.515;0.000;0.029;0.000;19;30.249;127.825;2;0;0;0;0;0;0;0
26;1;1;1;0.000000;0.000000;1.000000;21982.054452;21982.121605;21982.258753;779364;26320;139454;20;3487;26320;28640;100.000;635.608;689.329;535.516;614.170;6.874;155091;148214;139454;0.230;0.103;0.065;4.742;2.514;0.349;42.186;39.607;137.124;137.148;134.605;30.760;29.425;1.807;1.234;1.303;67.153;204.301;142.582;32.925;0.408;1.446;0.000;0.024;0.000;12;34.930;129.838;3;0;0;0;0;0;0;0
27;1;1;1;0.000000;0.000000;1.000000;21982.087401;21982.156550;21982.291313;780025;26320;140520;20;3513;26320;28640;100.000;0.847;0.919;539.609;618.850;6.874;155666;148911;140520;0.186;0.106;0.065;2.112;2.233;0.636;39.825;37.528;134.715;134.763;132.517;29.552;28.320;1.452;0.202;0.100;69.150;203.913;141.810;34.946;1.612;1.456;0.000;0.048;0.000;19;35.481;130.355;2;0;0;0;0;0;0;0
28;1;1;1;0.000000;0.000000;1.000000;21982.121281;21982.187801;21982.321860;780373;26696;141820;21;3546;26696;29132;100.000;0.757;0.823;544.601;624.587;6.992;156450;150058;141820;0.194;0.111;0.068;2.266;2.815;0.820;34.875;31.993;134.018;134.059;131.218;26.015;24.382;1.511;0.260;0.124;66.520;200.579;139.023;31.251;2.083;1.495;0.000;0.042;0.000;20;29.794;128.909;2;0;0;0;0;0;0;0
29;1;1;1;0.000000;0.000000;1.000000;21982.155309;21982.223263;21982.357717;781651;28012;143812;22;3596;28012;30564;100.000;0.837;0.910;552.251;633.364;7.335;158178;151821;143812;0.197;0.111;0.068;2.902;2.136;0.541;40.931;38.727;134.409;134.454;132.300;30.442;29.272;1.847;0.190;0.490;67.954;202.408;141.546;35.462;2.129;1.535;0.000;0.045;0.000;21;35.893;129.340;2;0;0;0;0;0;0;0
30;1;1;1;0.000000;0.000000;1.000000;21982.187709;21982.262446;21982.391394;781375;26508;144756;21;3619;26508;28944;100.000;1.042;1.134;555.876;637.508;6.947;158959;152458;144756;0.990;0.110;0.069;4.209;2.369;0.589;38.707;36.269;128.891;128.948;126.558;30.018;28.658;1.693;0.192;1.155;74.737;203.685;141.890;39.183;5.850;1.804;0.000;0.057;0.001;19;32.129;122.289;2;0;0;0;0;0;0;0
31;1;1;1;0.000000;0.000000;1.000000;21982.222215;21982.288074;21982.424624;784392;130660;143948;100;3599;130660;142260;100.000;3.623;3.942;552.773;633.954;34.142;176776;155937;143948;0.184;0.106;0.066;3.338;2.185;0.653;39.804;37.554;136.537;136.550;134.346;29.150;27.953;1.432;0.205;1.346;65.859;202.409;141.786;25.628;7.705;2.173;0.000;0.012;0.001;50;34.281;130.993;5;0;0;0;0;0;0;0
32;1;1;1;0.000000;0.000000;1.000000;21982.254446;21982.324233;21982.455018;782671;28952;141972;22;3550;28952;31504;100.000;970.359;1052.693;545.185;625.260;7.561;167802;154013;141972;0.188;0.108;0.070;2.213;2.917;0.775;35.903;32.916;130.269;130.784;127.839;27.452;25.748;1.458;0.270;0.120;69.787;200.571;138.847;36.159;2.826;2.214;0.000;0.515;0.000;23;30.773;125.109;1;0;0;0;0;0;0;0
33;1;1;1;0.000000;0.000000;1.000000;21982.288764;21982.356175;21982.490767;776999;23688;139814;18;3496;23688;25776;100.000;0.729;0.790;536.898;615.756;6.186;162473;151153;139814;0.222;0.105;0.065;4.539;2.348;0.303;40.880;38.468;134.550;134.592;132.221;30.374;29.094;1.623;1.208;1.315;67.411;202.003;141.263;31.942;1.392;2.163;0.000;0.042;0.000;17;33.993;127.637;2;0;0;0;0;0;0;0
34;1;1;1;0.000000;0.000000;1.000000;21982.322175;21982.388835;21982.525584;778650;22936;137648;18;3442;22936;25024;100.000;0.729;0.793;528.581;606.220;6.006;157983;147475;137648;0.216;0.105;0.063;2.550;2.223;0.602;41.702;39.416;136.720;136.749;134.504;30.495;29.304;1.827;0.183;0.155;66.660;203.410;142.747;32.660;0.673;2.070;0.000;0.029;0.000;10;36.929;131.923;3;0;0;0;0;0;0;0
35;1;1;1;0.000000;0.000000;1.000000;21982.354727;21982.420467;21982.555565;778007;23312;137154;18;3429;23312;25400;100.000;0.646;0.701;526.684;604.030;6.096;156457;146475;137154;0.194;0.109;0.070;2.187;2.966;0.877;34.757;31.721;135.069;135.098;132.115;25.727;24.010;1.454;0.273;0.087;65.740;200.838;139.395;31.633;1.701;2.047;0.000;0.029;0.000;8;29.604;129.899;4;0;0;0;0;0;0;0
36;1;1;1;0.000000;0.000000;1.000000;21982.387441;21982.456763;21982.584677;776483;25192;138046;20;3452;25192;27512;100.000;0.786;0.856;530.109;607.974;6.603;155937;147008;138046;0.180;0.105;0.065;2.007;1.895;0.493;34.264;32.305;127.894;127.915;126.006;26.787;25.638;1.395;0.182;0.081;69.322;197.237;135.174;36.295;2.962;2.104;0.000;0.021;0.000;10;30.363;123.977;4;0;0;0;0;0;0;0
37;1;1;1;0.000000;0.000000;1.000000;21982.421683;21982.489012;21982.623138;781287;26132;139346;20;3484;26132;28452;100.000;0.833;0.903;535.101;613.688;6.828;157460;149487;139346;0.233;0.106;0.067;2.844;1.960;0.512;42.360;40.333;134.097;134.126;132.153;31.582;30.520;1.661;0.190;0.587;67.329;201.455;140.300;32.249;1.084;2.040;0.000;0.029;0.000;12;37.556;129.279;3;0;0;0;0;0;0;0
38;1;1;1;0.000000;0.000000;1.000000;21982.455229;21982.520591;21982.655010;780329;28012;141098;22;3528;28012;30564;100.000;0.939;1.022;541.829;621.408;7.335;157637;150141;141098;0.194;0.109;0.069;2.493;2.819;0.709;36.666;33.779;134.378;134.419;131.581;27.278;25.672;1.744;0.270;0.108;65.362;199.781;138.839;31.579;1.754;2.022;0.000;0.041;0.000;11;31.355;129.046;3;0;0;0;0;0;0;0
39;1;1;1;0.000000;0.000000;1.000000;21982.487048;21982.550558;21982.692035;780785;29140;142238;23;3556;29140;31808;100.000;0.737;0.802;546.206;626.417;7.634;158178;150818;142238;0.225;0.108;0.066;3.465;1.942;0.266;42.314;40.307;141.445;141.478;139.514;29.909;28.891;1.471;0.189;1.407;63.509;204.987;142.532;29.967;3.366;2.106;0.000;0.033;0.000;21;36.908;135.998;2;0;0;0;0;0;0;0
40;1;1;1;0.000000;0.000000;1.000000;21982.522775;21982.590273;21982.722348;785430;29892;143844;23;3597;29892;32560;100.000;0.976;1.060;552.373;633.509;7.814;159340;152098;143844;0.192;0.104;0.069;2.408;2.907;0.806;35.715;32.739;132.037;132.075;129.147;27.041;25.350;1.632;0.295;0.117;67.498;199.573;139.511;39.715;6.382;2.373;0.000;0.039;0.001;17;30.400;126.697;3;0;0;0;0;0;0;0
41;1;1;1;0.000000;0.087266;1.000000;21982.555700;21982.621079;21982.758047;789479;31020;146416;24;3661;31020;33804;100.000;0.873;0.949;562.250;644.830;8.113;161458;154259;146416;0.190;0.106;0.065;2.687;2.405;0.680;41.011;38.542;136.948;136.968;134.543;29.942;28.647;2.020;0.206;0.101;65.380;202.347;141.877;30.807;2.527;2.383;21.061;0.020;0.000;13;35.919;131.834;4;0;0;0;0;0;0;0
42;1;1;1;0.000000;0.087266;1.000000;21982.587848;21982.656766;21982.789743;789348;31772;148106;25;3703;31772;34672;100.000;1.020;1.110;568.740;652.267;8.321;163190;156459;148106;0.235;0.111;0.069;2.548;2.954;0.704;36.767;33.745;132.941;132.977;129.988;27.649;25.960;1.731;0.287;0.115;68.917;201.894;140.239;35.686;2.353;2.381;0.000;0.036;0.000;13;31.266;127.402;3;0;0;0;0;0;0;0
43;1;1;1;0.000000;0.087266;1.000000;21982.621090;21982.688056;21982.824959;792714;31772;149298;25;3733;31772;34672;100.000;0.899;0.979;573.317;657.521;8.321;164183;157597;149298;0.197;0.106;0.066;4.696;2.449;0.595;40.724;38.210;136.847;136.903;134.431;29.746;28.423;1.779;1.214;1.334;66.966;203.869;142.121;31.290;2.043;2.360;0.000;0.056;0.001;24;33.579;129.677;2;0;0;0;0;0;0;0
44;1;1;1;0.000000;0.087266;1.000000;21982.655376;21982.723570;21982.860697;790865;31772;150365;25;3760;31772;34672;100.000;1.007;1.096;577.414;662.227;8.321;165393;158411;150365;0.189;0.108;0.068;2.275;2.746;0.642;42.878;40.064;137.078;137.127;134.357;31.269;29.819;1.606;0.203;0.102;68.194;205.321;144.526;35.514;2.181;2.349;0.000;0.050;0.000;24;37.857;132.032;2;0;0;0;0;0;0;0
45;1;1;1;0.000000;0.087266;1.000000;21982.687914;21982.755274;21982.890279;787976;32148;151606;25;3791;32148;35048;100.000;0.929;1.010;582.180;667.692;8.412;166115;159428;151606;0.189;0.112;0.070;2.493;3.288;0.891;34.591;31.234;134.947;135.006;131.685;25.622;23.719;1.726;0.297;0.099;67.359;202.365;140.775;31.704;1.629;2.304;0.000;0.059;0.000;24;28.811;129.132;2;0;0;0;0;0;0;0
46;1;1;1;0.000000;0.087266;1.000000;21982.722269;21982.790081;21982.920328;789717;145888;151650;111;3792;145888;158764;100.000;4.423;4.811;582.348;667.884;38.103;188890;165163;151650;0.181;0.109;0.067;2.135;2.937;0.865;35.844;32.841;130.222;130.247;127.297;27.520;25.799;1.484;0.198;0.097;67.813;198.060;137.491;34.808;1.474;2.252;0.000;0.025;0.000;50;30.772;125.134;7;0;0;0;0;0;0;0
47;1;1;1;0.000000;0.087266;1.000000;21982.754643;21982.823644;21982.958522;784950;29892;150558;23;3764;29892;32560;100.000;0.963;1.045;578.155;663.059;7.814;179115;163191;150558;0.185;0.110;0.067;2.178;2.447;0.680;43.256;40.742;134.846;134.878;132.412;32.070;30.769;1.512;0.201;0.104;69.000;203.878;142.351;33.562;0.229;2.126;0.000;0.032;0.000;12;38.631;130.200;3;0;0;0;0;0;0;0
48;1;1;1;0.000000;0.087266;1.000000;21982.788311;21982.854854;21982.988328;781130;24628;148538;19;3714;24628;26832;100.000;0.840;0.912;570.398;654.174;6.440;174491;161518;148538;0.192;0.113;0.072;2.209;3.151;0.863;34.429;31.206;133.435;133.474;130.304;25.794;23.948;1.437;0.297;0.098;66.544;200.017;138.824;31.211;2.123;2.125;0.000;0.039;0.000;18;29.069;128.055;2;0;0;0;0;0;0;0
49;1;1;1;0.000000;0.087266;1.000000;21982.820947;21982.884320;21983.017425;780468;24628;147276;19;3682;24628;26832;100.000;0.618;0.671;565.552;648.606;6.440;169683;158314;147276;0.223;0.108;0.067;2.393;1.642;0.235;34.452;32.744;133.059;133.105;131.450;25.883;24.910;1.734;0.192;0.070;63.373;196.478;134.588;29.466;3.868;2.234;0.000;0.046;0.000;18;30.418;129.003;2;0;0;0;0;0;0;0
50;1;1;1;0.000000;0.087266;1.000000;21982.855483;21982.924346;21983.056494;783376;25192;146748;20;3669;25192;27512;100.000;0.868;0.945;563.525;646.285;6.603;166714;156688;146748;0.186;0.108;0.067;2.509;2.026;0.632;43.092;40.999;132.102;132.148;130.103;32.609;31.513;1.511;0.197;0.440;68.862;201.010;140.323;40.026;6.693;2.513;0.000;0.046;0.001;19;38.557;127.544;2;0;0;0;0;0;0;0
51;1;1;1;0.000000;0.087266;1.000000;21982.888811;21982.953539;21983.088146;787237;29328;145970;23;3650;29328;31996;100.000;1.015;1.104;560.537;642.869;7.679;163927;154647;145970;0.234;0.113;0.070;2.211;3.150;0.985;36.173;32.954;134.553;134.607;131.430;26.873;25.073;1.393;0.287;0.116;64.728;199.335;138.642;29.193;4.140;2.615;0.000;0.054;0.000;22;30.812;129.163;2;0;0;0;0;0;0;0
52;1;1;1;0.000000;0.087266;1.000000;21982.922006;21982.982579;21983.119818;787734;30832;147302;24;3683;30832;33616;100.000;0.771;0.838;565.652;648.728;8.068;163921;154970;147302;0.222;0.108;0.066;2.095;2.568;0.597;37.036;34.402;137.181;137.239;134.649;26.986;25.549;1.390;0.189;0.121;60.573;197.812;136.981;29.040;4.294;2.720;0.000;0.058;0.000;24;32.372;132.494;2;0;0;0;0;0;0;0
53;1;1;1;0.000000;0.087266;1.000000;21982.955796;21983.022759;21983.156633;787059;31396;148046;24;3702;31396;34180;100.000;1.051;1.141;568.509;652.014;8.203;163880;155377;148046;0.200;0.111;0.069;2.629;2.365;0.690;41.483;39.050;133.837;133.874;131.494;30.987;29.697;1.975;0.194;0.081;66.963;200.837;140.462;40.180;6.847;2.978;0.000;0.037;0.000;17;36.489;128.827;4;0;0;0;0;0;0;0
54;1;1;1;0.000000;0.087266;1.000000;21982.988674;21983.052813;21983.190644;786051;31208;148712;24;3718;31208;33992;100.000;1.082;1.175;571.067;654.932;8.158;163752;156015;148712;0.194;0.109;0.067;2.660;3.320;0.965;38.983;35.596;137.819;137.831;134.476;28.283;26.470;1.534;0.309;0.448;64.139;201.970;141.140;30.054;3.279;2.996;0.000;0.012;0.000;20;33.003;131.803;3;0;0;0;0;0;0;0
55;1;1;1;0.000000;0.087266;1.000000;21983.021030;21983.081799;21983.221513;796213;30644;148706;24;3718;30644;33428;100.000;0.717;0.780;571.044;654.909;8.023;163350;156198;148706;0.186;0.108;0.067;2.133;3.202;0.958;36.851;33.582;139.686;139.714;136.482;26.376;24.605;1.374;0.283;0.116;60.769;200.482;138.675;28.985;4.348;3.081;0.000;0.028;0.000;8;31.515;134.320;4;0;0;0;0;0;0;0
56;1;1;1;0.000000;0.087266;1.000000;21983.055902;21983.124715;21983.258825;790191;30080;148654;23;3717;30080;32748;100.000;1.009;1.095;570.844;654.687;7.860;162711;155789;148654;0.186;0.109;0.067;2.452;2.345;0.711;42.654;40.243;134.092;134.110;131.746;31.805;30.546;1.641;0.207;0.242;68.814;202.924;142.655;42.916;9.583;3.487;0.000;0.019;0.001;18;37.858;129.273;3;0;0;0;0;0;0;0
57;1;1;1;0.000000;0.087266;1.000000;21983.088868;21983.154888;21983.289919;798808;30832;148762;24;3720;30832;33616;100.000;1.062;1.154;571.259;655.169;8.068;162756;155654;148762;0.234;0.111;0.071;2.296;3.192;0.882;35.879;32.616;134.978;135.031;131.813;26.571;24.744;1.489;0.290;0.102;66.020;201.051;140.415;30.173;3.161;3.467;0.000;0.053;0.000;23;30.391;129.463;2;0;0;0;0;0;0;0
58;1;1;1;0.000000;0.087266;1.000000;21983.121897;21983.184055;21983.324016;797924;30456;149280;24;3732;30456;33240;100.000;0.745;0.811;573.248;657.429;7.978;163186;156181;149280;0.180;0.108;0.066;3.254;1.740;0.258;39.588;37.782;139.916;139.961;138.203;28.285;27.338;1.414;0.198;1.289;62.158;202.119;141.179;29.167;4.166;3.511;0.000;0.045;0.000;24;34.594;134.901;2;0;0;0;0;0;0;0
59;1;1;1;0.000000;0.087266;1.000000;21983.155333;21983.225133;21983.359431;794477;30832;149798;24;3745;30832;33616;100.000;1.037;1.127;575.237;659.712;8.068;163385;156786;149798;0.189;0.109;0.066;2.728;2.623;0.611;40.411;37.722;134.233;134.298;131.663;30.091;28.651;2.073;0.195;0.096;69.800;204.098;143.261;41.078;7.745;3.775;0.000;0.066;0.001;23;35.060;128.868;2;0;0;0;0;0;0;0
60;1;1;1;0.000000;0.087266;1.000000;21983.189150;21983.255065;21983.393042;789053;30832;150698;24;3768;30832;33616;100.000;0.840;0.913;578.693;663.686;8.068;164074;157604;150698;0.222;0.106;0.067;4.642;3.557;1.068;38.927;35.303;137.925;137.977;134.397;28.212;26.268;1.714;1.219;1.314;65.915;203.892;143.538;29.932;3.402;3.752;0.000;0.053;0.001;17;30.728;129.681;3;0;0;0;0;0;0;0
61;1;1;1;0.000000;0.087266;1.000000;21983.222045;21983.292003;21983.423655;783874;143632;149328;110;3734;143632;156392;100.000;4.649;5.059;573.432;657.659;37.534;186216;162709;149328;0.236;0.111;0.069;2.894;2.319;0.774;38.816;36.429;131.637;131.652;129.318;29.484;28.170;1.866;0.199;0.414;69.958;201.610;140.818;36.938;3.605;3.743;0.000;0.015;0.000;48;33.603;126.408;7;0;0;0;0;0;0;0
62;1;1;1;0.000000;0.087266;1.000000;21983.255972;21983.323154;21983.456544;782785;28764;146986;22;3675;28764;31316;100.000;0.866;0.940;564.439;647.334;7.516;175815;160583;146986;0.237;0.110;0.065;2.690;3.191;0.926;38.081;34.826;133.366;133.390;130.166;28.549;26.755;1.847;0.325;0.107;67.182;200.572;140.373;31.151;2.182;3.645;0.000;0.024;0.000;12;32.201;127.451;3;0;0;0;0;0;0;0
63;1;1;1;0.000000;0.087266;1.000000;21983.288831;21983.356515;21983.490308;782791;23124;145010;18;3626;23124;25212;100.000;0.681;0.739;556.851;638.641;6.051;170291;157298;145010;0.196;0.112;0.068;3.051;2.122;0.578;39.655;37.465;133.772;133.793;131.653;29.639;28.458;1.554;0.191;0.930;67.684;201.477;140.804;33.360;0.027;3.419;0.000;0.021;0.000;9;34.482;128.579;4;0;0;0;0;0;0;0
64;1;1;1;0.000000;0.087266;1.000000;21983.321639;21983.390619;21983.523818;782127;22184;143356;17;3584;22184;24156;100.000;0.720;0.781;550.500;631.342;5.797;165344;154096;143356;0.193;0.106;0.068;4.535;2.432;0.669;38.671;36.172;133.116;133.198;130.742;29.033;27.667;1.646;1.207;1.314;68.980;202.179;140.981;34.104;0.771;3.253;0.000;0.083;0.000;16;31.705;126.122;2;0;0;0;0;0;0;0
65;1;1;1;0.000000;0.087266;1.000000;21983.355175;21983.421684;21983.556797;785507;22748;142428;18;3561;22748;24836;100.000;0.628;0.683;546.936;627.260;5.961;163252;152956;142428;0.228;0.105;0.065;4.581;2.396;0.601;39.940;37.479;135.096;135.113;132.693;29.560;28.245;1.634;1.210;1.339;66.509;201.621;140.626;31.065;2.269;3.192;0.000;0.017;0.000;13;32.963;128.093;3;0;0;0;0;0;0;0
66;1;1;1;0.000000;0.087266;1.000000;21983.387390;21983.458089;21983.588404;789017;24252;142296;19;3558;24252;26456;100.000;0.798;0.868;546.429;626.685;6.349;161195;152082;142296;0.204;0.108;0.071;2.490;2.433;0.380;38.582;36.078;130.265;130.316;127.861;29.607;28.217;1.751;0.256;0.101;70.698;201.014;138.900;36.405;3.071;3.184;0.000;0.051;0.001;18;33.659;125.318;2;0;0;0;0;0;0;0
67;1;1;1;0.000000;0.087266;1.000000;21983.421644;21983.488712;21983.626286;789641;25944;142550;20;3564;25944;28264;100.000;0.784;0.851;547.404;627.796;6.783;160515;151752;142550;0.235;0.108;0.067;5.333;3.183;0.809;42.805;39.555;137.550;137.574;134.375;31.114;29.437;2.416;1.207;1.301;67.068;204.642;143.448;30.623;2.710;3.155;0.000;0.024;0.000;11;34.289;129.016;5;0;0;0;0;0;0;0
68;1;1;1;0.000000;0.087266;1.000000;21983.456285;21983.522041;21983.656498;784718;26320;142638;20;3566;26320;28640;100.000;661.026;716.896;547.742;628.179;6.874;160288;152019;142638;0.203;0.111;0.069;2.696;2.126;0.532;38.727;36.532;134.400;134.457;132.317;28.802;27.609;2.028;0.192;0.094;65.756;200.213;140.328;33.329;0.004;2.958;0.000;0.058;0.000;20;33.904;129.562;1;0;0;0;0;0;0;0
69;1;1;1;0.000000;0.087266;1.000000;21983.487545;21983.555098;21983.688789;778159;27636;142942;21;3574;27636;30072;100.000;0.800;0.868;548.910;629.527;7.217;159851;152237;142942;0.191;0.109;0.070;2.381;2.743;0.797;37.105;34.293;133.641;133.692;130.931;27.754;26.191;1.649;0.280;0.083;67.553;201.245;139.286;33.057;0.276;2.790;0.000;0.051;0.000;20;31.981;128.496;2;0;0;0;0;0;0;0
70;1;1;1;0.000000;0.087266;1.000000;21983.520520;21983.589810;21983.724961;776327;28012;143886;22;3598;28012;30564;100.000;0.830;0.903;552.535;633.693;7.335;160060;152716;143886;0.187;0.109;0.066;2.428;2.340;0.668;41.274;38.868;135.097;135.152;132.790;30.539;29.270;1.497;0.192;0.379;69.289;204.441;142.124;34.712;1.378;2.702;0.000;0.055;0.000;22;36.505;130.292;2;0;0;0;0;0;0;0
71;1;1;1;0.000000;0.087266;1.000000;21983.553960;21983.623661;21983.755554;786883;29892;145096;23;3628;29892;32560;100.000;0.952;1.033;557.181;639.016;7.814;161105;153947;145096;0.189;0.111;0.067;2.195;3.098;0.868;35.344;32.180;131.806;131.893;128.761;26.797;24.992;1.439;0.281;0.107;69.700;201.594;139.384;33.851;0.518;2.566;0.000;0.087;0.000;22;30.052;126.478;2;0;0;0;0;0;0;0
72;1;1;1;0.000000;0.087266;1.000000;21983.589089;21983.655209;21983.791695;787146;28576;146492;22;3663;28576;31128;100.000;0.820;0.891;562.542;645.167;7.471;162257;155322;146492;0.181;0.106;0.066;2.893;2.388;0.611;41.445;38.992;136.463;136.486;134.080;30.366;29.081;1.401;0.192;0.947;66.121;202.607;142.191;31.549;1.785;2.517;0.000;0.023;0.001;19;36.164;131.161;3;0;0;0;0;0;0;0
73;1;1;1;0.000000;0.087266;1.000000;21983.621287;21983.690210;21983.825703;781047;28764;148748;22;3719;28764;31316;100.000;0.931;1.011;571.205;655.093;7.516;164106;157124;148748;0.237;0.108;0.067;4.743;2.745;0.422;39.278;36.466;135.439;135.493;132.723;28.989;27.476;1.791;1.219;1.322;68.923;204.416;142.866;35.001;1.668;2.464;0.000;0.054;0.000;21;31.790;127.925;2;0;0;0;0;0;0;0
74;1;1;1;0.000000;0.087266;1.000000;21983.655287;21983.721284;21983.857842;782459;29704;150270;23;3757;29704;32372;100.000;0.822;0.893;577.049;661.795;7.769;165104;158147;150270;0.188;0.109;0.068;2.268;2.392;0.736;39.631;37.171;136.504;136.557;134.148;29.022;27.709;1.605;0.205;0.094;65.997;202.554;141.671;31.074;2.259;2.451;0.000;0.053;0.000;22;34.970;131.825;2;0;0;0;0;0;0;0
75;1;1;1;0.000000;0.087266;1.000000;21983.688673;21983.757590;21983.890210;781579;29704;150762;23;3770;29704;32372;100.000;0.921;1.001;578.939;663.977;7.769;165267;158786;150762;0.187;0.115;0.069;2.257;3.267;0.970;37.014;33.678;132.612;132.621;129.324;27.909;26.042;1.497;0.303;0.086;68.916;201.537;140.706;36.305;2.972;2.483;0.000;0.009;0.000;19;31.490;127.057;3;0;0;0;0;0;0;0
76;1;1;1;0.000000;0.087266;1.000000;21983.722023;21983.790060;21983.921134;784181;144196;151052;110;3777;144196;156956;100.000;4.302;4.680;580.052;665.249;37.669;189415;164593;151052;0.186;0.109;0.068;2.031;3.426;0.977;36.455;32.961;131.043;131.074;127.628;27.812;25.826;1.394;0.197;0.078;68.037;199.111;138.297;32.471;0.863;2.382;0.000;0.031;0.000;46;30.998;125.565;6;0;0;0;0;0;0;0
77;1;1;1;0.000000;0.087266;1.000000;21983.755722;21983.828631;21983.957804;782861;27824;150492;22;3763;27824;30376;100.000;1.120;1.219;577.902;662.783;7.290;178892;162643;150492;0.174;0.106;0.066;2.150;1.870;0.678;42.131;40.196;129.137;129.173;127.291;32.616;31.578;1.478;0.219;0.106;72.909;202.082;141.634;38.571;5.237;2.561;0.000;0.036;0.000;11;38.112;125.104;4;0;0;0;0;0;0;0
78;1;1;1;0.000000;0.087266;1.000000;21983.788173;21983.853639;21983.990530;779451;21244;148910;17;3723;21244;23216;100.000;0.711;0.774;571.827;655.805;5.572;174747;160995;148910;0.197;0.109;0.071;2.613;2.879;0.644;36.732;33.782;136.858;136.891;133.989;26.833;25.213;1.827;0.301;0.109;65.466;202.357;141.027;25.008;8.325;2.921;0.000;0.033;0.000;11;31.240;131.342;3;0;0;0;0;0;0;0
79;1;1;1;0.000000;0.087266;1.000000;21983.820801;21983.883650;21984.024478;784719;22184;147042;17;3677;22184;24156;100.000;0.529;0.574;564.654;647.594;5.797;168444;157136;147042;0.181;0.109;0.066;3.470;2.249;0.579;39.440;37.125;140.810;140.829;138.561;28.006;26.793;1.499;0.194;1.422;62.849;203.678;141.641;30.010;3.323;2.946;0.000;0.019;0.000;8;33.720;135.070;4;0;0;0;0;0;0;0
80;1;1;1;0.000000;0.087266;1.000000;21983.856669;21983.925808;21984.060248;780701;24816;146382;19;3660;24816;27020;100.000;0.831;0.902;562.119;644.676;6.485;165223;155043;146382;0.184;0.108;0.067;2.905;2.600;0.323;41.467;38.801;134.363;134.440;131.820;30.844;29.434;1.490;0.192;0.864;69.139;203.578;144.077;42.158;8.825;3.313;0.000;0.076;0.000;19;35.962;128.821;2;0;0;0;0;0;0;0
81;1;1;1;0.000000;0.087266;1.000000;21983.889328;21983.955868;21984.089725;785754;28012;145442;22;3637;28012;30564;100.000;0.781;0.849;558.510;640.548;7.335;164125;154526;145442;0.197;0.110;0.068;2.549;3.113;0.750;34.977;31.797;133.825;133.857;130.724;26.130;24.323;1.801;0.267;0.107;66.540;200.397;140.221;30.060;3.273;3.311;0.000;0.032;0.001;13;29.315;128.141;4;0;0;0;0;0;0;0
82;1;1;1;0.000000;0.087266;1.000000;21983.921964;21983.991994;21984.126711;783308;28388;145720;22;3643;28388;30940;100.000;0.920;1.000;559.577;641.751;7.426;163296;154802;145720;0.183;0.108;0.066;3.456;2.921;0.668;42.650;39.664;134.648;134.718;131.783;31.659;30.098;1.494;0.190;1.417;70.030;204.748;143.874;36.126;2.792;3.278;0.000;0.069;0.001;21;36.273;128.255;2;0;0;0;0;0;0;0
83;1;1;1;-0.087266;0.087266;1.000000;21983.955893;21984.023069;21984.158183;782737;27448;145846;21;3647;27448;29884;100.000;0.847;0.920;560.061;642.325;7.172;162654;154619;145846;0.186;0.105;0.065;4.652;2.283;0.647;37.842;35.494;135.082;135.114;132.815;28.007;26.724;1.775;1.210;1.310;67.176;202.290;142.013;31.075;2.258;3.215;3.717;0.033;0.001;11;30.907;128.129;4;0;0;0;0;0;0;0
84;1;1;1;-0.087266;0.087266;1.000000;21983.988523;21984.055636;21984.189318;781874;28952;146012;22;3651;28952;31504;100.000;0.851;0.923;560.699;643.053;7.561;162736;155088;146012;0.174;0.105;0.066;2.052;2.323;0.653;38.061;35.673;133.649;133.682;131.339;28.471;27.161;1.418;0.197;0.092;67.113;200.795;139.814;32.568;0.766;3.062;0.000;0.033;0.000;21;33.686;129.253;2;0;0;0;0;0;0;0
85;1;1;1;-0.087266;0.087266;1.000000;21984.021713;21984.089828;21984.221630;780545;25004;146308;19;3658;25004;27208;100.000;431.356;467.733;561.835;644.347;6.530;162877;155363;146308;0.193;0.113;0.071;2.198;3.039;0.818;36.682;33.572;131.757;131.802;128.741;27.831;26.078;1.440;0.275;0.107;68.115;199.917;138.793;34.192;0.859;2.924;0.000;0.045;0.000;16;31.445;126.496;2;0;0;0;0;0;0;0
86;1;1;1;-0.087266;0.087266;1.000000;21984.054814;21984.121789;21984.253311;778343;27072;146104;21;3653;27072;29508;100.000;0.785;0.853;561.052;643.451;7.082;162315;155165;146104;0.184;0.108;0.067;2.017;2.891;0.674;36.918;33.961;131.500;131.522;128.611;28.070;26.406;1.381;0.192;0.085;66.974;198.497;137.141;31.961;1.373;2.827;0.000;0.022;0.000;16;32.010;126.571;3;0;0;0;0;0;0;0
87;1;1;1;-0.087266;0.087266;1.000000;21984.088483;21984.160806;21984.289333;778458;26508;145634;21;3641;26508;28944;100.000;1.042;1.134;559.247;641.376;6.947;161315;154508;145634;0.194;0.113;0.068;2.638;2.554;0.639;40.929;38.307;128.483;128.528;125.956;31.845;30.413;1.839;0.192;0.234;72.322;200.850;139.830;39.017;5.684;3.006;0.000;0.045;0.000;11;35.737;123.272;3;0;0;0;0;0;0;0
88;1;1;1;-0.087266;0.087266;1.000000;21984.121129;21984.186405;21984.324044;778592;28576;145652;22;3642;28576;31128;100.000;0.989;1.074;559.316;641.467;7.471;160840;154258;145652;0.233;0.111;0.068;2.837;1.451;0.363;39.905;38.386;137.592;137.639;136.176;28.992;28.189;1.830;0.201;0.395;65.275;202.915;141.207;25.599;7.734;3.301;0.000;0.047;0.000;20;35.617;133.291;3;0;0;0;0;0;0;0
89;1;1;1;-0.087266;0.087266;1.000000;21984.154212;21984.215444;21984.356413;779952;29516;146464;23;3662;29516;32184;100.000;0.711;0.773;562.434;645.036;7.724;161075;154330;146464;0.191;0.110;0.067;2.950;2.302;0.566;36.653;34.285;140.927;140.970;138.655;26.001;24.727;1.574;0.197;0.812;61.232;202.202;140.243;29.039;4.294;3.363;0.000;0.043;0.000;22;31.401;135.660;2;0;0;0;0;0;0;0
90;1;1;1;-0.087266;0.087266;1.000000;21984.189036;21984.257173;21984.389239;779674;29516;148650;23;3717;29516;32184;100.000;0.944;1.026;570.828;654.672;7.724;162940;156395;148650;0.235;0.113;0.071;2.926;2.780;0.848;38.051;35.200;132.029;132.066;129.270;28.812;27.230;1.728;0.288;0.491;68.136;200.203;139.735;41.729;8.396;3.678;0.000;0.038;0.000;18;32.345;126.284;3;0;0;0;0;0;0;0
91;1;1;1;-0.087266;0.087266;1.000000;21984.222254;21984.288678;21984.423497;781083;142504;149974;109;3750;142504;155148;100.000;4.230;4.602;575.913;660.500;37.236;187045;162867;149974;0.194;0.114;0.069;2.816;2.124;0.616;39.957;37.764;134.750;134.820;132.676;29.637;28.463;1.786;0.198;0.454;66.424;201.244;140.660;31.505;1.829;3.562;0.000;0.070;0.000;33;35.017;129.790;8;0;0;0;0;0;0;0
92;1;1;1;-0.087266;0.087266;1.000000;21984.255014;21984.322462;21984.456435;780537;27260;150044;21;3752;27260;29696;100.000;0.869;0.944;576.181;660.814;7.127;178654;162881;150044;0.191;0.109;0.069;2.559;2.984;0.733;37.877;34.824;133.947;133.973;130.972;28.272;26.589;1.819;0.268;0.104;67.448;201.420;140.264;33.785;0.451;3.368;0.000;0.026;0.000;12;32.334;128.386;4;0;0;0;0;0;0;0
93;1;1;1;-0.087266;0.087266;1.000000;21984.288767;21984.353981;21984.491261;773046;21620;148126;17;3704;21620;23592;100.000;0.584;0.634;568.816;652.366;5.662;174081;159793;148126;0.198;0.111;0.068;2.891;2.052;0.532;40.370;38.250;137.261;137.279;135.215;29.407;28.288;1.779;0.199;0.538;65.215;202.494;141.757;31.519;1.814;3.271;0.000;0.018;0.000;8;35.427;132.305;3;0;0;0;0;0;0;0
94;1;1;1;-0.087266;0.087266;1.000000;21984.321562;21984.391232;21984.523933;770822;21056;145994;16;3650;21056;22912;100.000;485.786;526.407;560.629;642.961;5.499;168979;156258;145994;1.066;0.111;0.068;4.350;2.015;0.574;37.607;35.524;132.664;132.701;130.670;28.340;27.186;1.633;0.221;1.251;69.670;202.370;141.095;37.250;3.917;3.311;0.000;0.037;0.001;14;31.242;126.281;2;0;0;0;0;0;0;0
95;1;1;1;-0.087266;0.087266;1.000000;21984.354448;21984.422222;21984.558365;778859;24628;143854;19;3597;24628;26832;100.000;0.717;0.779;552.412;633.548;6.440;164208;153398;143854;0.234;0.105;0.068;4.710;2.624;0.679;40.762;38.070;136.108;136.143;133.474;29.940;28.523;1.738;1.216;1.349;67.774;203.917;142.195;30.990;2.343;3.251;0.000;0.036;0.000;18;33.428;128.725;2;0;0;0;0;0;0;0
96;1;1;1;-0.087266;0.087266;1.000000;21984.389270;21984.456738;21984.589914;778333;27824;144278;22;3607;27824;30376;100.000;0.865;0.941;554.040;635.401;7.290;162825;152916;144278;0.228;0.110;0.068;3.153;2.314;0.649;38.911;36.529;133.145;133.176;130.848;29.218;27.917;1.475;0.206;1.067;67.468;200.644;140.410;34.516;1.183;3.121;0.000;0.031;0.000;10;33.444;127.663;3;0;0;0;0;0;0;0
97;1;1;1;-0.087266;0.087266;1.000000;21984.421287;21984.489070;21984.623043;782798;29328;144196;23;3605;29328;31996;100.000;0.902;0.981;553.725;635.041;7.679;162930;153933;144196;0.239;0.106;0.067;2.704;3.746;0.986;38.576;34.764;133.945;133.973;130.198;28.794;26.701;1.910;0.258;0.124;67.783;201.756;140.206;32.332;1.001;2.989;0.000;0.028;0.001;12;32.127;127.464;3;0;0;0;0;0;0;0
98;1;1;1;-0.087266;0.087266;1.000000;21984.454926;21984.521762;21984.658513;781418;28388;144552;22;3614;28388;30940;100.000;0.825;0.897;555.092;636.612;7.426;161992;154157;144552;0.240;0.112;0.068;3.042;2.371;0.600;41.923;39.485;136.718;136.751;134.359;30.657;29.388;1.685;0.191;0.746;66.836;203.588;142.343;32.693;0.641;2.842;0.000;0.033;0.000;15;36.510;131.283;3;0;0;0;0;0;0;0
99;1;1;1;-0.087266;0.087266;1.000000;21984.488044;21984.556391;21984.690392;777382;28012;144056;22;3602;28012;30564;100.000;0.906;0.986;553.188;634.436;7.335;160552;153123;144056;0.198;0.109;0.067;3.264;2.132;0.568;37.295;35.096;133.975;134.001;131.855;27.832;26.617;1.784;0.205;0.902;68.347;202.348;140.889;34.629;1.295;2.745;0.000;0.026;0.000;8;31.898;128.563;4;0;0;0;0;0;0;0
100;1;1;1;-0.087266;0.087266;1.000000;21984.520831;21984.587464;21984.723213;778267;26696;144366;21;3610;26696;29132;100.000;0.725;0.788;554.378;635.807;6.992;160226;152650;144366;0.191;0.110;0.065;2.729;2.657;0.264;38.198;35.476;135.710;135.749;133.062;28.138;26.661;1.975;0.291;0.098;66.633;202.382;140.376;31.073;2.261;2.715;0.000;0.040;0.000;12;32.811;130.291;3;0;0;0;0;0;0;0
101;1;1;1;-0.087266;0.087266;1.000000;21984.554650;21984.624490;21984.757320;780699;27072;144336;21;3609;27072;29508;100.000;0.850;0.923;554.263;635.669;7.082;159608;151933;144336;0.196;0.111;0.070;3.043;2.449;0.669;39.489;36.971;132.799;132.830;130.360;29.729;28.360;1.635;0.191;0.840;69.840;202.669;141.149;37.026;3.693;2.776;0.000;0.031;0.000;15;33.997;127.275;3;0;0;0;0;0;0;0
102;1;1;1;-0.087266;0.087266;1.000000;21984.587573;21984.656564;21984.792068;780328;26320;144522;20;3614;26320;28640;100.000;0.839;0.910;554.977;636.496;6.874;159635;152258;144522;0.195;0.111;0.068;3.434;2.082;0.553;40.246;38.096;135.465;135.504;133.410;29.701;28.556;2.210;0.203;0.647;68.990;204.494;142.564;32.073;1.260;2.681;0.000;0.039;0.000;12;34.730;129.936;4;0;0;0;0;0;0;0
103;1;1;1;-0.087266;0.087266;1.000000;21984.622933;21984.688104;21984.823816;782351;26696;144662;21;3617;26696;29132;100.000;0.734;0.798;555.515;637.102;6.992;160034;152868;144662;0.193;0.108;0.068;2.555;2.922;0.750;37.248;34.258;135.661;135.712;132.767;27.446;25.804;1.803;0.211;0.174;65.171;200.883;140.979;31.540;1.793;2.626;0.000;0.051;0.000;20;31.771;130.159;2;0;0;0;0;0;0;0
104;1;1;1;-0.087266;0.087266;1.000000;21984.654895;21984.724679;21984.857145;782164;26696;144698;21;3618;26696;29132;100.000;0.864;0.940;555.653;637.262;6.992;159475;152469;144698;0.199;0.111;0.069;3.034;2.187;0.567;38.812;36.556;132.436;132.465;130.264;29.300;28.063;1.665;0.194;0.797;69.785;202.250;140.974;36.575;3.242;2.664;0.000;0.030;0.000;15;33.591;127.199;3;0;0;0;0;0;0;0
105;1;1;1;-0.087266;0.087266;1.000000;21984.687994;21984.755781;21984.891465;783021;28200;145744;22;3644;28200;30752;100.000;0.838;0.911;559.669;641.866;7.380;160667;153830;145744;0.182;0.105;0.065;2.859;2.316;0.626;39.531;37.150;135.670;135.684;133.346;29.135;27.860;2.205;0.198;0.104;67.787;203.471;141.961;31.102;2.231;2.637;0.000;0.014;0.000;19;34.355;130.471;3;0;0;0;0;0;0;0
106;1;1;1;-0.087266;0.087266;1.000000;21984.722559;21984.789568;21984.922666;786829;137992;147616;105;3691;137992;150172;100.000;4.027;4.380;566.858;650.114;36.041;185042;161832;147616;0.195;0.109;0.071;2.438;3.235;0.864;36.372;33.066;133.073;133.098;129.843;27.327;25.466;1.672;0.289;0.102;67.009;200.107;139.829;33.786;0.453;2.501;0.000;0.025;0.000;93;30.699;127.377;4;0;0;0;0;0;0;0
107;1;1;1;0.000000;0.087266;1.000000;21984.754348;21984.823917;21984.957908;789365;29140;150668;23;3767;29140;31808;100.000;0.904;0.984;578.578;663.549;7.634;177843;162874;150668;0.191;0.108;0.067;4.589;2.357;0.370;40.909;38.486;133.966;133.992;131.614;30.531;29.242;1.700;1.221;1.302;69.569;203.560;141.738;34.349;1.016;2.408;30.523;0.025;0.000;17;33.964;126.997;3;0;0;0;0;0;0;0
108;1;1;1;0.000000;0.087266;1.000000;21984.788276;21984.856244;21984.992139;790807;24064;152486;19;3813;24064;26268;100.000;0.747;0.813;585.559;671.568;6.304;176523;163772;152486;0.181;0.108;0.068;2.973;2.725;0.677;41.172;38.379;135.864;135.896;133.149;30.297;28.824;1.397;0.201;1.019;67.967;203.863;142.636;32.327;1.006;2.320;0.000;0.032;0.000;18;35.474;130.142;2;0;0;0;0;0;0;0
109;1;1;1;0.000000;0.087266;1.000000;21984.821391;21984.888607;21985.024005;789334;22184;152368;17;3810;22184;24156;100.000;0.649;0.704;585.106;671.047;5.797;174471;163016;152368;0.188;0.110;0.069;3.031;2.364;0.674;37.561;35.128;135.366;135.398;133.014;27.741;26.409;1.732;0.213;0.720;67.216;202.614;141.168;32.364;0.970;2.236;0.000;0.032;0.000;10;32.166;129.950;3;0;0;0;0;0;0;0
110;1;1;1;0.000000;0.087266;1.000000;21984.854368;21984.922994;21985.056772;783753;23500;151230;18;3781;23500;25588;100.000;0.713;0.773;580.736;666.023;6.141;171466;161567;151230;0.198;0.111;0.069;2.467;3.540;1.061;38.130;34.522;133.756;133.778;130.192;28.502;26.516;1.674;0.288;0.128;68.626;202.403;140.601;34.386;1.053;2.162;0.000;0.022;0.000;11;32.123;127.700;3;0;0;0;0;0;0;0
111;1;1;1;0.000000;0.087266;1.000000;21984.887957;21984.956223;21985.093478;781240;27448;149404;21;3736;27448;29884;100.000;0.815;0.885;573.724;657.996;7.172;171444;162124;149404;0.196;0.107;0.067;4.842;2.823;0.758;42.706;39.817;137.221;137.255;134.396;31.114;29.626;1.849;1.303;1.321;68.266;205.521;143.974;33.229;0.104;2.033;0.000;0.033;0.000;10;35.041;129.506;4;0;0;0;0;0;0;0
112;1;1;1;0.000000;0.087266;1.000000;21984.921631;21984.990120;21985.126298;781247;28012;147314;22;3683;28012;30564;100.000;0.898;0.977;565.698;648.774;7.335;168475;159571;147314;0.190;0.110;0.067;2.768;2.344;0.753;40.491;38.081;136.155;136.178;133.810;29.734;28.459;2.058;0.214;0.130;68.489;204.667;143.461;33.897;0.564;1.942;0.000;0.022;0.001;12;35.380;131.017;3;0;0;0;0;0;0;0
113;1;1;1;0.000000;0.087266;1.000000;21984.953941;21985.021480;21985.156877;783523;28388;145778;22;3645;28388;30940;100.000;0.783;0.850;559.800;642.019;7.426;166673;158883;145778;0.225;0.106;0.067;2.245;3.328;0.876;35.667;32.273;135.384;135.396;132.047;26.343;24.440;1.450;0.270;0.126;67.540;202.936;140.706;31.360;1.973;1.944;0.000;0.013;0.000;18;30.094;129.788;3;0;0;0;0;0;0;0
114;1;1;1;0.000000;0.087266;1.000000;21984.987875;21985.057924;21985.188177;783046;30456;145016;24;3626;30456;33240;100.000;0.910;0.991;556.874;638.664;7.978;163970;156223;145016;0.192;0.112;0.070;2.207;3.074;0.886;36.870;33.726;130.227;130.253;127.157;28.306;26.523;1.458;0.272;0.105;70.049;200.301;138.673;36.444;3.111;2.016;0.000;0.026;0.000;15;31.589;124.922;4;0;0;0;0;0;0;0
115;1;1;1;0.000000;0.087266;1.000000;21985.021139;21985.096054;21985.225105;785712;28576;145068;22;3627;28576;31128;100.000;1.141;1.239;557.074;638.886;7.471;162554;154746;145068;0.187;0.108;0.066;2.456;1.904;0.543;42.213;40.244;129.017;129.051;127.134;32.711;31.655;1.477;0.192;0.426;74.915;203.966;142.268;38.130;4.796;2.190;0.000;0.034;0.001;15;37.854;124.641;3;0;0;0;0;0;0;0
116;1;1;1;0.000000;0.087266;1.000000;21985.055982;21985.121302;21985.256470;788409;28388;145612;22;3641;28388;30940;100.000;0.912;0.991;559.163;641.291;7.426;162477;154947;145612;0.194;0.106;0.067;2.238;3.198;0.896;35.700;32.436;135.120;135.168;131.938;26.412;24.584;1.473;0.272;0.126;65.319;200.487;140.299;25.248;8.086;2.559;0.000;0.048;0.001;21;30.264;129.650;2;0;0;0;0;0;0;0
117;1;1;1;0.000000;0.087266;1.000000;21985.088097;21985.152609;21985.292465;785289;26884;145938;21;3649;26884;29320;100.000;0.691;0.751;560.414;642.723;7.037;162829;155846;145938;0.180;0.105;0.065;2.046;2.544;0.573;41.441;38.833;139.805;139.855;137.293;29.631;28.284;1.420;0.193;0.083;64.513;204.368;142.961;31.308;2.025;2.525;0.000;0.051;0.000;20;36.851;135.195;2;0;0;0;0;0;0;0
118;1;1;1;0.000000;0.087266;1.000000;21985.122859;21985.191765;21985.325086;784314;26508;145782;21;3645;26508;28944;100.000;0.891;0.970;559.815;642.034;6.947;162221;155435;145782;0.238;0.112;0.070;2.814;2.422;0.589;37.205;34.713;133.246;133.321;130.878;27.906;26.523;1.958;0.194;0.244;68.906;202.227;142.249;39.156;5.822;2.731;0.000;0.075;0.000;20;31.968;127.987;2;0;0;0;0;0;0;0
119;1;1;1;0.000000;0.087266;1.000000;21985.155783;21985.221713;21985.359946;784830;26696;145890;21;3648;26696;29132;100.000;0.723;0.786;560.230;642.516;6.992;161767;154747;145890;0.194;0.105;0.065;5.075;2.759;0.381;40.085;37.261;138.176;138.233;135.447;28.998;27.510;2.186;1.214;1.311;65.930;204.162;143.775;29.948;3.386;2.772;0.000;0.057;0.001;20;32.251;130.313;2;0;0;0;0;0;0;0
120;1;1;1;0.000000;0.087266;1.000000;21985.188638;21985.258859;21985.392221;784742;27260;145936;21;3649;27260;29696;100.000;0.821;0.892;560.407;642.716;7.127;161570;154467;145936;0.187;0.108;0.066;2.227;2.298;0.670;40.108;37.745;133.291;133.361;131.040;30.075;28.804;1.560;0.196;0.111;70.222;203.583;142.717;37.147;3.813;2.837;0.000;0.071;0.000;20;35.584;128.741;2;0;0;0;0;0;0;0
121;1;1;1;0.000000;0.087266;1.000000;21985.222021;21985.292172;21985.422846;787186;141564;147208;108;3681;141564;154092;100.000;4.601;5.006;565.291;648.322;36.982;185245;160619;147208;0.190;0.109;0.068;2.222;3.218;0.869;35.136;31.850;130.557;130.674;127.433;26.888;24.993;1.460;0.291;0.105;70.151;200.825;140.009;33.313;0.020;2.661;0.000;0.117;0.000;32;29.696;125.081;6;0;0;0;0;0;0;0
122;1;1;1;0.000000;0.087266;1.000000;21985.255725;21985.323063;21985.458561;792161;29140;148956;23;3724;29140;31808;100.000;0.843;0.917;572.004;656.004;7.634;177196;160994;148956;0.178;0.106;0.066;2.635;2.495;0.763;41.157;38.597;135.476;135.498;132.989;30.374;29.023;1.414;0.196;0.676;67.338;202.836;142.391;30.890;2.443;2.648;0.000;0.022;0.000;17;36.027;130.329;3;0;0;0;0;0;0;0
123;1;1;1;0.000000;0.087266;1.000000;21985.288267;21985.362401;21985.490437;788290;23124;150544;18;3764;23124;25212;100.000;0.904;0.982;578.101;663.005;6.051;175849;162643;150544;0.193;0.109;0.068;2.566;3.164;0.761;36.983;33.752;127.983;128.036;124.841;28.885;27.036;1.819;0.255;0.124;74.134;202.170;140.933;39.338;6.005;2.857;0.000;0.053;0.001;17;31.253;122.220;2;0;0;0;0;0;0;0
124;1;1;1;0.000000;0.087266;1.000000;21985.321637;21985.388171;21985.526693;789222;23124;152352;18;3809;23124;25212;100.000;0.634;0.689;585.044;670.963;6.051;174867;162966;152352;0.186;0.109;0.068;3.584;2.588;0.879;41.993;39.338;138.500;138.522;135.915;30.315;28.943;1.515;0.202;1.505;66.534;205.056;143.856;25.770;7.563;3.152;0.000;0.022;0.000;12;35.822;132.306;3;0;0;0;0;0;0;0
125;1;1;1;0.000000;0.087266;1.000000;21985.355282;21985.424808;21985.556665;787173;24628;151154;19;3779;24628;26832;100.000;0.785;0.852;580.444;665.686;6.440;171600;160639;151154;0.191;0.109;0.068;2.576;3.045;0.874;36.133;33.020;131.832;131.857;128.788;27.403;25.639;1.801;0.275;0.134;69.526;201.383;140.494;36.637;3.303;3.161;0.000;0.025;0.001;13;30.511;126.184;3;0;0;0;0;0;0;0
126;1;1;1;0.000000;0.087266;1.000000;21985.388923;21985.456390;21985.592399;776279;25944;149098;20;3728;25944;28264;100.000;0.764;0.829;572.549;656.640;6.783;169720;159480;149098;0.222;0.109;0.067;4.740;2.758;0.482;41.350;38.525;135.982;136.009;133.227;30.402;28.917;1.822;1.219;1.302;67.466;203.476;142.895;31.582;1.752;3.073;0.000;0.027;0.001;11;33.852;128.457;4;0;0;0;0;0;0;0
127;1;1;1;0.000000;0.087266;1.000000;21985.422314;21985.490533;21985.625889;773912;27824;146584;22;3665;27824;30376;100.000;0.875;0.952;562.895;645.565;7.290;165565;156403;146584;0.182;0.108;0.067;2.141;2.407;0.685;40.987;38.514;135.308;135.356;132.929;30.281;28.973;1.481;0.197;0.107;68.220;203.576;143.052;34.144;0.810;2.932;0.000;0.048;0.000;21;36.439;130.738;2;0;0;0;0;0;0;0
128;1;1;1;0.000000;0.087266;1.000000;21985.454822;21985.522505;21985.656076;773302;28576;144802;22;3621;28576;31128;100.000;0.839;0.911;556.052;637.729;7.471;162918;154708;144802;0.194;0.108;0.071;2.248;3.033;0.824;34.734;31.630;133.546;133.571;130.520;26.004;24.234;1.500;0.281;0.094;67.683;201.254;139.906;31.971;1.362;2.833;0.000;0.025;0.000;17;29.453;128.246;3;0;0;0;0;0;0;0
129;1;1;1;0.000000;0.087266;1.000000;21985.488058;21985.556732;21985.691112;777001;28388;143780;22;3595;28388;30940;100.000;0.847;0.920;552.128;633.218;7.426;160490;152755;143780;0.450;0.112;0.073;3.016;3.076;0.823;40.313;37.164;134.331;134.380;131.285;29.999;28.308;2.039;0.206;0.136;68.674;203.054;141.608;34.227;0.894;2.712;0.000;0.049;0.000;21;34.222;128.220;2;0;0;0;0;0;0;0
130;1;1;1;0.000000;0.087266;1.000000;21985.521459;21985.598726;21985.724388;783174;27824;143698;22;3593;27824;30376;100.000;1.332;1.450;551.813;632.858;7.290;159698;152126;143698;0.201;0.112;0.070;3.053;2.101;0.620;39.363;37.192;125.621;125.662;123.541;31.325;30.105;1.646;0.201;0.823;77.267;202.929;141.550;41.994;8.661;3.084;0.000;0.040;0.000;7;34.209;120.447;5;0;0;0;0;0;0;0
131;1;1;1;0.000000;0.087266;1.000000;21985.555128;21985.619763;21985.758068;786108;28012;144598;22;3615;28012;30564;100.000;0.938;1.020;555.269;636.811;7.335;160325;152814;144598;0.196;0.111;0.071;4.660;2.647;0.601;38.816;36.099;138.180;138.305;135.636;28.066;26.615;1.741;1.212;1.330;64.635;202.940;141.897;21.037;12.296;3.660;0.000;0.124;0.000;21;31.510;130.839;2;0;0;0;0;0;0;0
132;1;1;1;0.000000;0.087266;1.000000;21985.587500;21985.649776;21985.790285;785622;27260;144478;21;3612;27260;29696;100.000;0.650;0.706;554.808;636.282;7.127;159769;152410;144478;1.131;0.112;0.068;4.181;2.189;0.559;39.525;37.269;140.496;140.510;138.305;28.130;26.947;1.505;0.198;1.167;62.276;202.786;140.781;30.013;3.321;3.639;0.000;0.014;0.000;12;33.156;134.108;4;0;0;0;0;0;0;0
133;1;1;1;0.000000;0.087266;1.000000;21985.622677;21985.691880;21985.823520;787265;26508;143954;21;3599;26508;28944;100.000;0.881;0.958;552.796;633.977;6.947;158010;151177;143954;0.235;0.111;0.067;4.618;2.054;0.283;39.571;37.450;131.617;131.640;129.543;30.060;28.909;1.680;1.229;1.296;69.203;200.843;140.683;42.104;8.771;3.959;0.000;0.022;0.000;12;32.898;124.901;4;0;0;0;0;0;0;0
134;1;1;1;0.000000;0.087266;1.000000;21985.655774;21985.722126;21985.857999;787734;26696;143904;21;3598;26696;29132;100.000;0.792;0.862;552.604;633.762;6.992;157171;150548;143904;0.181;0.109;0.066;3.622;2.110;0.682;41.164;38.989;135.853;135.874;133.740;30.296;29.153;1.547;0.197;1.523;66.351;202.225;141.829;30.246;3.088;3.905;0.000;0.021;0.001;17;35.433;130.095;3;0;0;0;0;0;0;0
135;1;1;1;0.000000;0.087266;1.000000;21985.688055;21985.756070;21985.887787;786766;28012;143596;22;3590;28012;30564;100.000;0.866;0.941;551.421;632.399;7.335;156172;149940;143596;0.191;0.109;0.069;2.192;2.617;0.777;35.521;32.835;131.690;131.717;129.083;26.968;25.437;1.428;0.297;0.098;68.015;199.732;138.283;33.944;0.611;3.699;0.000;0.027;0.000;8;30.712;126.862;4;0;0;0;0;0;0;0
136;1;1;1;0.000000;0.087266;1.000000;21985.721228;21985.788637;21985.923728;787622;130848;141136;100;3529;130848;142448;100.000;3.920;4.264;541.975;621.576;34.188;176546;153233;141136;1.161;0.110;0.068;4.390;2.148;0.672;40.742;38.527;135.046;135.091;132.922;30.159;28.985;1.703;0.231;1.118;67.409;202.500;140.891;32.567;0.766;3.516;0.000;0.046;0.000;32;34.205;128.485;6;0;0;0;0;0;0;0
137;1;1;1;0.000000;0.087266;1.000000;21985.754116;21985.822169;21985.957718;784509;32148;139854;25;3497;32148;35048;100.000;1.021;1.111;537.052;615.932;8.412;165368;150562;139854;0.193;0.106;0.066;4.689;2.908;0.766;40.521;37.548;135.528;135.549;132.616;29.894;28.313;1.693;1.332;1.298;68.053;203.602;141.548;33.532;0.199;3.308;0.000;0.021;0.000;16;32.925;127.906;4;0;0;0;0;0;0;0
138;1;1;1;0.000000;0.087266;1.000000;21985.787260;21985.853807;21985.990668;782962;26884;141162;21;3530;26884;29320;100.000;0.761;0.827;542.075;621.699;7.037;162866;151609;141162;0.196;0.110;0.067;2.819;2.302;0.672;40.549;38.181;136.817;136.861;134.541;29.628;28.378;1.880;0.200;0.367;66.547;203.408;141.164;31.638;1.696;3.208;0.000;0.045;0.001;17;35.428;131.674;3;0;0;0;0;0;0;0
139;1;1;1;0.000000;0.087266;1.000000;21985.820517;21985.889311;21986.021950;785441;27448;143262;21;3582;27448;29884;100.000;0.859;0.933;550.139;630.936;7.172;162821;152291;143262;0.187;0.110;0.068;2.409;3.143;0.808;36.391;33.180;132.620;132.639;129.470;27.436;25.628;1.654;0.266;0.124;68.793;201.433;139.113;35.504;2.171;3.143;0.000;0.019;0.001;9;30.839;127.040;6;0;0;0;0;0;0;0
140;1;1;1;0.000000;0.000000;1.000000;21985.854787;21985.921449;21986.056462;786857;26320;145806;20;3646;26320;28640;100.000;563.000;610.584;559.908;642.149;6.874;163653;154012;145806;0.193;0.110;0.069;4.572;2.594;0.675;40.061;37.399;134.995;135.013;132.397;29.672;28.247;1.623;1.231;1.346;66.662;201.675;140.291;32.138;1.195;3.021;31.028;0.018;0.001;16;32.895;127.804;2;0;0;0;0;0;0;0
141;1;1;1;0.000000;0.000000;1.000000;21985.888339;21985.955694;21986.089369;786209;28952;147146;22;3679;28952;31504;100.000;0.894;0.970;565.053;648.039;7.561;163751;154357;147146;0.190;0.108;0.071;2.446;3.195;0.973;40.072;36.807;133.650;133.675;130.463;29.977;28.212;1.726;0.275;0.076;67.355;201.030;139.865;34.245;0.912;2.889;0.000;0.025;0.000;19;34.431;127.990;3;0;0;0;0;0;0;0
142;1;1;1;0.000000;0.000000;1.000000;21985.920551;21985.988222;21986.124084;785895;30832;147490;24;3688;30832;33616;100.000;0.894;0.972;566.374;649.563;8.068;163298;155347;147490;0.192;0.111;0.067;2.989;1.911;0.176;40.343;38.365;135.843;135.862;133.934;29.694;28.645;1.730;0.213;0.677;67.671;203.533;141.247;32.528;0.806;2.759;0.000;0.019;0.000;18;35.442;130.914;3;0;0;0;0;0;0;0
143;1;1;1;0.000000;0.000000;1.000000;21985.953867;21986.022874;21986.156387;783109;31208;146146;24;3654;31208;33992;100.000;0.990;1.075;561.213;643.635;8.158;161136;153355;146146;0.193;0.106;0.070;2.442;3.200;0.924;37.187;33.917;133.493;133.514;130.284;27.853;26.033;1.685;0.286;0.102;69.006;202.520;140.217;34.652;1.319;2.669;0.000;0.021;0.001;15;31.545;127.819;4;0;0;0;0;0;0;0
144;1;1;1;0.000000;0.000000;1.000000;21985.987891;21986.054700;21986.192140;783994;32148;145218;25;3631;32148;35048;100.000;0.909;0.989;557.650;639.552;8.412;159936;152700;145218;0.196;0.110;0.067;2.668;2.178;0.986;41.407;39.162;137.421;137.440;135.250;30.127;28.956;1.876;0.198;0.222;66.808;204.249;142.636;31.826;1.507;2.596;0.000;0.019;0.000;14;36.561;132.561;6;0;0;0;0;0;0;0
145;1;1;1;0.000000;0.000000;1.000000;21986.021943;21986.090226;21986.224516;785959;31020;144768;24;3620;31020;33804;100.000;0.980;1.065;555.922;637.576;8.113;159233;151708;144768;1.003;0.109;0.068;4.299;1.814;0.249;37.213;35.332;134.242;134.291;132.461;27.711;26.673;1.766;0.194;1.160;68.282;202.573;141.679;35.526;2.193;2.571;0.000;0.049;0.001;23;31.100;128.111;2;0;0;0;0;0;0;0
146;1;1;1;0.000000;0.000000;1.000000;21986.054257;21986.122034;21986.258596;789030;31020;145716;24;3643;31020;33804;100.000;0.885;0.962;559.562;641.736;8.113;159772;152938;145716;0.187;0.108;0.066;2.623;1.828;0.559;40.188;38.295;136.542;136.562;134.719;29.428;28.426;1.640;0.187;0.436;67.777;204.339;142.426;31.809;1.525;2.506;0.000;0.020;0.000;10;35.738;132.075;4;0;0;0;0;0;0;0
147;1;1;1;0.000000;0.000000;1.000000;21986.088814;21986.157242;21986.289304;794594;31584;147238;24;3681;31584;34368;100.000;0.974;1.057;565.406;648.437;8.248;161190;154325;147238;0.229;0.112;0.069;2.219;3.180;0.927;35.140;31.891;132.021;132.061;128.851;26.609;24.751;1.424;0.281;0.104;68.429;200.490;139.800;35.208;1.875;2.466;0.000;0.040;0.000;17;29.741;126.591;4;0;0;0;0;0;0;0
148;1;1;1;0.000000;0.000000;1.000000;21986.121292;21986.189821;21986.319507;797998;30456;146864;24;3672;30456;33240;100.000;0.919;1.000;563.970;646.798;7.978;160800;154144;146864;0.179;0.106;0.066;2.035;2.720;0.636;35.612;32.826;129.658;129.686;126.947;27.460;25.858;1.416;0.192;0.075;68.529;198.215;136.670;32.579;0.754;2.359;0.000;0.028;0.000;12;30.856;124.883;3;0;0;0;0;0;0;0
149;1;1;1;0.000000;0.000000;1.000000;21986.155537;21986.226475;21986.357860;798639;30268;147738;23;3694;30268;32936;100.000;463.039;502.393;567.326;650.651;7.905;161813;155104;147738;0.221;0.106;0.066;2.923;2.555;0.705;43.105;40.484;131.350;131.385;128.811;32.808;31.429;2.209;0.220;0.101;70.938;202.323;141.690;36.654;3.321;2.419;0.000;0.035;0.001;17;37.627;125.851;2;0;0;0;0;0;0;0
150;1;1;1;0.000000;0.000000;1.000000;21986.188197;21986.253281;21986.389788;796693;30080;148090;23;3703;30080;32748;100.000;1.003;1.088;568.678;652.205;7.860;161862;155335;148090;0.196;0.109;0.069;2.560;3.110;0.828;37.399;34.220;135.757;136.506;133.375;27.397;25.657;1.781;0.289;0.116;65.084;201.591;140.284;26.806;6.527;2.676;0.000;0.749;0.000;22;31.729;130.064;2;0;0;0;0;0;0;0
151;1;1;1;0.000000;0.000000;1.000000;21986.220841;21986.283453;21986.426953;794717;137804;147952;105;3699;137804;149984;100.000;3.378;3.674;568.148;651.585;35.996;182724;160766;147952;0.227;0.110;0.067;3.895;2.237;0.528;42.836;40.533;143.455;143.500;141.249;29.851;28.696;1.810;0.194;1.488;62.612;206.112;144.116;30.172;3.161;2.706;0.000;0.045;0.001;28;36.704;137.306;10;0;0;0;0;0;0;0
152;1;1;1;0.000000;0.000000;1.000000;21986.256125;21986.324348;21986.456570;792861;28764;148152;22;3704;28764;31316;100.000;0.936;1.016;568.916;652.466;7.516;177426;162397;148152;0.198;0.111;0.071;2.492;3.001;0.927;35.712;32.641;132.194;132.222;129.197;27.009;25.264;1.714;0.297;0.101;68.223;200.445;140.400;40.895;7.562;3.010;0.000;0.027;0.000;11;30.219;126.653;4;0;0;0;0;0;0;0
153;1;1;1;0.000000;0.000000;1.000000;21986.288970;21986.355228;21986.491169;792789;23876;147662;19;3692;23876;26080;100.000;0.671;0.730;567.035;650.314;6.259;172400;160692;147662;0.235;0.110;0.069;3.795;2.126;0.693;40.097;37.902;135.931;135.940;133.800;29.496;28.328;1.839;0.227;1.316;66.259;202.199;141.665;30.880;2.453;2.975;0.000;0.009;0.000;14;34.177;129.995;3;0;0;0;0;0;0;0
154;1;1;1;0.000000;0.000000;1.000000;21986.321418;21986.390989;21986.528031;792309;23124;147945;18;3699;23124;25212;100.000;0.742;0.805;568.121;651.558;6.051;170339;159188;147945;0.193;0.113;0.071;4.641;3.416;1.040;42.759;39.272;137.031;137.042;133.592;31.201;29.397;1.626;1.307;1.332;69.572;206.613;145.194;35.761;2.428;2.941;0.000;0.011;0.001;8;34.702;128.937;5;0;0;0;0;0;0;0
155;1;1;1;0.000000;0.000000;1.000000;21986.355047;21986.422366;21986.559137;791925;25004;147762;19;3695;25004;27208;100.000;742.070;804.648;567.419;650.765;6.530;168591;158413;147762;0.186;0.109;0.067;2.308;2.037;0.599;39.170;37.067;136.756;136.771;134.714;28.639;27.515;1.645;0.196;0.106;67.319;204.089;142.966;31.377;1.956;2.879;0.000;0.015;0.000;13;34.825;132.388;2;0;0;0;0;0;0;0
156;1;1;1;0.000000;0.000000;1.000000;21986.388746;21986.457797;21986.592025;793795;28576;148592;22;3715;28576;31128;100.000;0.912;0.990;570.606;654.404;7.471;167879;158079;148592;0.202;0.115;0.075;2.587;2.768;0.610;37.226;34.383;134.201;134.228;131.438;27.733;26.159;1.815;0.295;0.085;69.051;203.279;142.521;35.431;2.097;2.830;0.000;0.027;0.000;12;31.871;128.821;3;0;0;0;0;0;0;0
157;1;1;1;0.000000;0.000000;1.000000;21986.421367;21986.491386;21986.622053;793460;28200;148650;22;3717;28200;30752;100.000;0.832;0.904;570.828;654.672;7.380;166756;157719;148650;0.191;0.114;0.071;2.210;3.206;0.890;35.380;32.104;130.628;130.667;127.441;27.077;25.191;1.398;0.273;0.163;70.019;200.686;139.216;33.589;0.255;2.670;0.000;0.039;0.000;13;29.965;125.190;3;0;0;0;0;0;0;0
158;1;1;1;0.000000;0.000000;1.000000;21986.455231;21986.530415;21986.659420;795527;28200;147554;22;3689;28200;30752;100.000;1.153;1.254;566.620;649.831;7.380;165007;157250;147554;0.224;0.106;0.066;3.675;2.763;0.621;42.779;39.950;128.972;129.005;126.222;33.160;31.651;1.463;0.200;1.615;75.184;204.189;143.249;39.029;5.695;2.859;0.000;0.034;0.000;14;36.341;122.511;4;0;0;0;0;0;0;0
159;1;1;1;0.000000;0.000000;1.000000;21986.488035;21986.555026;21986.691244;798776;29328;146024;23;3651;29328;31996;100.000;0.985;1.071;560.745;643.099;7.679;161999;154480;146024;0.198;0.111;0.070;2.669;2.719;0.663;38.246;35.458;136.130;136.218;133.467;28.077;26.567;1.877;0.291;0.123;66.991;203.209;141.740;24.612;8.722;3.225;0.000;0.088;0.000;22;32.859;130.708;2;0;0;0;0;0;0;0
160;1;1;1;0.000000;0.000000;1.000000;21986.521705;21986.584956;21986.725374;799362;29140;143192;23;3580;29140;31808;100.000;0.712;0.775;549.870;630.622;7.634;158153;151021;143192;0.218;0.105;0.065;3.390;2.244;0.550;39.522;37.214;140.372;140.418;138.151;28.146;26.937;1.408;0.193;1.401;63.251;203.669;142.536;29.930;3.404;3.236;0.000;0.046;0.000;22;33.888;134.714;2;0;0;0;0;0;0;0
161;1;1;1;0.000000;0.000000;1.000000;21986.556183;21986.626124;21986.759656;789777;29140;141480;23;3537;29140;31808;100.000;0.952;1.036;543.296;623.078;7.634;156114;149118;141480;0.182;0.108;0.066;2.414;2.278;0.357;39.916;37.572;133.462;133.532;131.237;29.893;28.630;1.498;0.192;0.369;69.941;203.473;143.486;41.168;7.835;3.524;0.000;0.070;0.000;22;35.224;128.750;2;0;0;0;0;0;0;0
162;1;1;1;0.000000;0.000000;1.000000;21986.588304;21986.656918;21986.789864;790930;28388;139820;22;3496;28388;30940;100.000;0.809;0.879;536.921;615.779;7.426;154224;147472;139820;0.234;0.106;0.067;2.620;3.001;0.866;34.883;31.815;132.907;132.945;129.927;26.238;24.487;1.856;0.268;0.089;68.614;201.560;140.360;30.794;2.539;3.462;0.000;0.039;0.001;11;29.262;127.255;3;0;0;0;0;0;0;0
163;1;1;1;0.000000;0.000000;1.000000;21986.622147;21986.692240;21986.827437;793734;29140;138532;23;3464;29140;31808;100.000;0.945;1.028;531.975;610.111;7.634;152207;145442;138532;0.186;0.106;0.065;3.582;3.112;1.055;43.185;40.009;135.167;135.197;132.065;31.942;30.295;1.498;0.184;1.543;70.093;205.290;144.600;35.322;1.988;3.370;0.000;0.030;0.000;16;36.491;128.449;3;0;0;0;0;0;0;0
164;1;1;1;0.000000;0.000000;1.000000;21986.654661;21986.723285;21986.856868;792883;29516;138018;23;3451;29516;32184;100.000;0.924;1.005;530.002;607.844;7.724;151597;145064;138018;0.229;0.105;0.069;2.521;2.802;0.678;36.112;33.242;133.535;133.583;130.753;27.033;25.423;1.735;0.277;0.106;68.623;202.206;140.697;31.045;2.289;3.302;0.000;0.048;0.001;15;30.789;128.182;4;0;0;0;0;0;0;0
165;1;1;1;0.000000;0.000000;1.000000;21986.688513;21986.755402;21986.891959;791299;30456;138142;24;3454;30456;33240;100.000;0.857;0.933;530.478;608.388;7.978;151249;144790;138142;0.825;0.109;0.065;4.574;2.211;0.421;40.415;38.140;136.519;136.557;134.322;29.596;28.394;2.016;0.261;1.299;66.889;203.446;142.455;32.117;1.216;3.172;0.000;0.038;0.000;12;33.630;129.708;3;0;0;0;0;0;0;0
166;1;1;1;0.000000;0.000000;1.000000;21986.721323;21986.791122;21986.925024;789485;132728;138460;101;3462;132728;144444;100.000;4.269;4.643;531.699;609.789;34.667;172621;150718;138460;0.227;0.108;0.067;3.234;2.154;0.627;39.852;37.631;133.795;133.902;131.730;29.762;28.567;1.757;0.190;0.886;69.799;203.701;142.187;35.720;2.387;3.123;0.000;0.107;0.000;49;34.464;128.387;4;0;0;0;0;0;0;0
167;1;1;1;0.000000;0.000000;1.000000;21986.754844;21986.822304;21986.955992;789977;29328;138716;23;3468;29328;31996;100.000;0.838;0.912;532.682;610.908;7.679;165456;151144;138716;0.195;0.108;0.070;2.492;2.868;0.795;36.351;33.413;133.636;133.688;130.801;27.191;25.545;1.738;0.277;0.104;67.460;201.148;139.821;31.182;2.151;3.062;0.000;0.052;0.001;22;30.991;128.255;2;0;0;0;0;0;0;0
168;1;1;1;0.000000;-0.087266;1.000000;21986.788865;21986.857463;21986.992375;791598;24816;139622;19;3491;24816;27020;100.000;0.778;0.844;536.161;614.905;6.485;164403;152065;139622;0.186;0.108;0.065;2.166;1.849;0.521;41.743;39.829;134.869;134.912;133.049;30.941;29.936;1.548;0.183;0.077;68.598;203.510;142.871;35.159;1.826;2.985;30.086;0.043;0.000;18;37.728;130.839;2;0;0;0;0;0;0;0
169;1;1;1;0.000000;-0.087266;1.000000;21986.821351;21986.889574;21987.023368;795034;25192;139918;20;3498;25192;27512;100.000;0.764;0.831;537.298;616.200;6.603;164427;153112;139918;0.234;0.105;0.069;2.585;2.977;0.739;34.996;31.950;132.423;133.793;130.793;26.157;24.428;1.752;0.269;0.155;68.224;202.017;140.531;32.112;1.222;2.875;0.000;1.370;0.000;20;29.434;126.837;2;0;0;0;0;0;0;0
170;1;1;1;0.000000;-0.087266;1.000000;21986.854980;21986.922722;21987.059119;794863;25756;140286;20;3508;25756;28076;100.000;0.757;0.822;538.711;617.839;6.738;162948;152059;140286;0.184;0.108;0.065;3.364;2.151;0.422;41.318;39.103;136.369;136.397;134.234;30.292;29.130;1.436;0.186;1.386;67.743;204.139;142.948;33.148;0.185;2.707;0.000;0.028;0.000;14;35.803;130.839;3;0;0;0;0;0;0;0
171;1;1;1;0.000000;-0.087266;1.000000;21986.888075;21986.956941;21987.093012;794885;27260;141226;21;3531;27260;29696;100.000;0.857;0.931;542.320;621.967;7.127;162112;151948;141226;0.219;0.105;0.065;4.759;3.125;1.051;39.391;36.202;136.012;136.071;132.924;28.949;27.235;1.862;1.205;1.303;68.866;204.938;143.509;34.219;0.885;2.593;0.000;0.059;0.000;20;31.508;128.102;2;0;0;0;0;0;0;0
172;1;1;1;0.000000;-0.087266;1.000000;21986.921669;21986.988933;21987.123391;788905;27260;141276;21;3532;27260;29696;100.000;0.773;0.840;542.512;622.182;7.127;160107;150706;141276;0.198;0.106;0.065;2.753;2.110;0.549;38.257;36.082;134.428;134.458;132.332;28.453;27.266;2.104;0.189;0.091;67.263;201.721;140.553;31.991;1.342;2.515;0.000;0.030;0.000;15;33.393;129.539;3;0;0;0;0;0;0;0
173;1;1;1;0.000000;-0.087266;1.000000;21986.955153;21987.024353;21987.159606;787376;27448;140380;21;3510;27448;29884;100.000;0.870;0.945;539.072;618.245;7.172;157903;149510;140380;0.229;0.104;0.069;4.583;2.647;0.687;41.058;38.343;135.215;135.252;132.573;30.357;28.922;1.579;1.294;1.308;69.201;204.453;143.435;35.421;2.088;2.488;0.000;0.037;0.000;17;33.829;127.951;3;0;0;0;0;0;0;0
174;1;1;1;0.000000;-0.087266;1.000000;21986.988088;21987.056059;21987.190898;791921;28388;138596;22;3465;28388;30940;100.000;0.822;0.893;532.221;610.379;7.426;155770;148219;138596;0.188;0.106;0.063;2.198;2.036;0.602;38.535;36.435;134.818;134.839;132.789;28.578;27.438;1.572;0.183;0.085;67.970;202.809;141.394;31.705;1.628;2.434;0.000;0.021;0.001;15;34.301;130.568;3;0;0;0;0;0;0;0
175;1;1;1;0.000000;-0.087266;1.000000;21987.021973;21987.090726;21987.228255;785044;28012;137098;22;3428;28012;30564;100.000;0.894;0.973;526.469;603.792;7.335;153599;146204;137098;0.198;0.109;0.068;4.998;3.171;0.870;41.547;38.309;137.463;137.529;134.304;30.210;28.524;1.959;1.303;1.361;68.752;206.282;145.418;34.667;1.334;2.365;0.000;0.066;0.001;21;33.378;129.238;2;0;0;0;0;0;0;0
176;1;1;1;0.000000;-0.087266;1.000000;21987.054627;21987.122282;21987.256337;785759;28012;136788;22;3420;28012;30564;100.000;0.794;0.864;525.278;602.421;7.335;152494;145407;136788;0.199;0.105;0.068;2.244;3.107;0.926;36.278;33.103;134.025;134.055;130.927;27.062;25.284;1.492;0.270;0.110;67.654;201.709;140.166;31.556;1.777;2.329;0.000;0.031;0.000;14;30.927;128.651;3;0;0;0;0;0;0;0
177;1;1;1;0.000000;-0.087266;1.000000;21987.087795;21987.162317;21987.303451;782963;28952;136884;22;3423;28952;31504;100.000;1.162;1.260;525.647;602.857;7.561;151939;145000;136884;0.173;0.103;0.063;2.388;2.200;0.661;52.460;50.197;141.081;141.134;138.910;37.170;36.136;1.702;0.224;0.122;74.522;215.656;153.947;40.036;6.702;2.602;0.000;0.053;0.000;17;47.872;136.467;3;0;0;0;0;0;0;0
178;1;1;1;0.000000;-0.087266;1.000000;21987.121862;21987.187402;21987.343551;783666;27448;138258;21;3457;27448;29884;100.000;0.919;0.997;530.923;608.901;7.172;152951;145931;138258;0.178;0.102;0.065;2.597;2.783;0.984;44.677;41.829;156.121;156.149;153.335;28.612;27.280;1.846;0.271;0.135;65.540;221.689;160.714;25.085;8.249;2.955;0.000;0.028;0.001;15;39.297;150.708;3;0;0;0;0;0;0;0
179;1;1;1;0.000000;-0.087266;1.000000;21987.154665;21987.217421;21987.374794;786714;27824;138600;22;3465;27824;30376;100.000;0.499;0.543;532.236;610.394;7.290;153000;146246;138600;0.173;0.103;0.063;2.359;2.349;0.707;36.623;34.210;157.349;157.373;154.997;23.271;22.072;1.690;0.216;0.113;62.756;220.129;158.624;30.020;3.314;2.977;0.000;0.024;0.000;12;31.914;152.611;3;0;0;0;0;0;0;0
180;1;1;1;0.000000;-0.087266;1.000000;21987.189084;21987.273401;21987.414132;787583;26884;139086;21;3478;26884;29320;100.000;0.718;0.781;534.103;612.554;7.037;153281;146453;139086;0.175;0.103;0.063;2.487;1.913;0.557;44.054;42.078;140.685;140.730;138.803;31.304;30.315;1.763;0.212;0.169;84.317;225.047;164.628;55.980;22.646;4.207;0.000;0.045;0.000;11;39.654;136.269;3;0;0;0;0;0;0;0
181;1;1;1;0.000000;-0.087266;1.000000;21987.221967;21987.311023;21987.450486;793719;135924;139098;104;3478;135924;147988;100.000;5.024;5.466;534.149;612.600;35.517;175008;151952;139098;0.237;0.111;0.068;3.141;2.678;0.749;40.738;37.992;139.426;139.463;136.759;29.210;27.780;2.089;0.244;0.392;89.056;228.519;167.649;37.622;4.288;4.212;0.000;0.037;0.000;34;34.918;133.578;6;0;0;0;0;0;0;0
182;1;1;1;0.000000;-0.087266;1.000000;21987.255537;21987.339782;21987.483213;792329;27260;139598;21;3490;27260;29696;100.000;0.671;0.728;536.069;614.791;7.127;166728;152107;139598;0.237;0.113;0.070;2.292;2.139;0.530;38.554;36.345;143.378;143.430;141.277;26.880;25.726;1.540;0.230;0.103;84.246;227.676;167.042;28.759;4.574;4.234;0.000;0.052;0.000;19;34.123;138.932;3;0;0;0;0;0;0;0
183;1;1;1;0.000000;-0.087266;1.000000;21987.290326;21987.380604;21987.515354;801464;21996;141888;17;3548;21996;23968;100.000;0.825;0.895;544.862;624.893;5.752;166489;153256;141888;0.237;0.114;0.071;2.978;2.328;0.604;36.541;34.142;134.707;134.750;132.397;27.118;25.787;1.746;0.617;0.194;90.278;225.028;165.850;40.822;7.489;4.438;0.000;0.042;0.000;16;31.235;129.359;2;0;0;0;0;0;0;0
184;1;1;1;0.000000;-0.087266;1.000000;21987.325386;21987.411880;21987.542849;796948;22560;145036;18;3626;22560;24648;100.000;0.996;1.084;556.951;638.741;5.916;166752;155220;145036;0.185;0.108;0.066;2.517;2.854;0.553;32.794;29.874;130.945;130.969;128.087;25.039;23.324;1.763;0.278;0.117;86.494;217.463;160.012;31.276;2.058;4.289;0.000;0.024;0.000;12;27.423;125.545;3;0;0;0;0;0;0;0
185;1;1;1;0.000000;-0.087266;1.000000;21987.357889;21987.447293;21987.568300;802598;26508;147102;21;3678;26508;28944;100.000;1.593;1.733;564.884;647.847;6.947;166889;156670;147102;0.183;0.109;0.067;2.476;2.992;0.951;30.816;27.758;120.464;121.007;117.987;25.467;23.526;1.750;0.261;0.108;89.404;210.411;152.129;35.413;2.080;4.151;0.000;0.542;0.000;20;25.348;114.966;2;0;0;0;0;0;0;0
186;1;1;1;0.000000;-0.087266;1.000000;21987.388559;21987.464147;21987.597233;797039;28576;149128;22;3729;28576;31128;100.000;0.937;1.017;572.664;656.778;7.471;167691;158005;149128;0.406;0.109;0.068;3.799;2.286;0.769;34.403;32.049;132.164;133.086;130.778;25.850;24.506;2.818;0.248;0.151;75.588;208.674;147.729;16.854;16.479;4.922;0.000;0.921;0.000;22;28.317;126.056;2;0;0;0;0;0;0;0
187;1;1;1;0.000000;-0.087266;1.000000;21987.423784;21987.506091;21987.629524;797511;28576;148974;22;3725;28576;31128;100.000;1.414;1.535;572.073;656.096;7.471;166650;157890;148974;0.182;0.105;0.066;2.948;2.750;0.840;38.363;35.548;123.361;123.433;120.653;31.080;29.463;2.231;0.266;0.098;82.308;205.741;146.687;41.944;8.611;5.152;0.000;0.072;0.001;21;32.665;117.631;2;0;0;0;0;0;0;0
188;1;1;1;0.000000;-0.087266;1.000000;21987.455433;21987.526450;21987.661388;794879;27260;147856;21;3697;27260;29696;100.000;0.814;0.884;567.780;651.171;7.127;164891;157172;147856;1.052;0.110;0.068;4.474;2.267;0.721;37.566;35.231;134.174;134.938;132.649;27.839;26.559;1.664;0.301;1.280;71.017;205.956;145.218;20.359;12.975;5.641;0.000;0.764;0.001;21;30.825;127.409;2;0;0;0;0;0;0;0
189;1;1;1;0.000000;-0.087266;1.000000;21987.488181;21987.562931;21987.696620;793590;27636;145718;21;3643;27636;30072;100.000;0.899;0.975;559.570;641.743;7.217;163290;155841;145718;0.175;0.105;0.066;2.744;3.535;0.982;41.965;38.365;133.634;133.689;130.131;31.390;29.482;1.644;0.296;0.459;74.750;208.439;147.116;36.481;3.147;5.485;0.000;0.055;0.000;20;35.686;127.329;2;0;0;0;0;0;0;0
190;1;1;1;0.000000;-0.087266;1.000000;21987.522919;21987.593872;21987.741990;788938;28200;143848;22;3597;28200;30752;100.000;0.878;0.954;552.389;633.525;7.380;159986;152939;143848;0.187;0.110;0.068;2.369;2.306;0.720;51.642;49.268;148.087;148.118;145.785;34.866;33.795;1.634;0.241;0.130;70.954;219.072;159.153;30.942;2.392;5.292;0.000;0.031;0.001;16;46.967;143.383;3;0;0;0;0;0;0;0
191;1;1;1;0.000000;-0.087266;1.000000;21987.556370;21987.626152;21987.767098;784846;27636;142800;21;3570;27636;30072;100.000;642.065;696.443;548.364;628.891;7.217;158244;151309;142800;0.187;0.108;0.067;2.590;2.255;0.699;29.783;27.461;140.927;140.946;138.669;21.131;19.804;1.891;0.226;0.112;69.782;210.727;150.927;32.280;1.054;5.027;0.000;0.019;0.000;17;24.938;136.058;2;0;0;0;0;0;0;0
192;1;1;1;0.000000;-0.087266;1.000000;21987.589947;21987.658861;21987.799419;788004;27824;142404;22;3561;27824;30376;100.000;0.536;0.584;546.844;627.168;7.290;157448;150948;142404;0.218;0.108;0.065;4.058;2.835;0.676;37.166;34.266;140.502;140.558;137.706;26.441;24.883;3.326;0.236;0.105;68.914;209.472;149.915;32.709;0.624;4.752;0.000;0.057;0.000;14;30.273;133.590;3;0;0;0;0;0;0;0
193;1;1;1;0.000000;-0.087266;1.000000;21987.622681;21987.710931;21987.839969;795964;26696;142560;21;3564;26696;29132;100.000;3.138;3.413;547.443;627.834;6.992;157199;150825;142560;0.180;0.108;0.066;2.574;2.333;0.624;47.414;45.015;128.987;129.039;126.677;36.744;35.536;1.827;0.269;0.124;88.249;217.288;157.132;52.069;18.736;5.626;0.000;0.052;0.000;20;42.507;124.036;2;0;0;0;0;0;0;0
194;1;1;1;0.000000;-0.087266;1.000000;21987.655609;21987.719541;21987.872706;799207;27260;143286;21;3583;27260;29696;100.000;0.941;1.022;550.231;631.051;7.127;157474;151089;143286;0.187;0.108;0.066;2.590;2.551;0.849;37.643;35.026;152.799;153.165;150.590;24.577;23.259;1.932;0.190;0.107;63.931;217.096;156.535;8.610;24.723;6.819;0.000;0.366;0.000;21;32.502;147.631;2;0;0;0;0;0;0;0
195;1;1;1;0.000000;-0.174533;1.000000;21987.688566;21987.748659;21987.901316;799402;28200;144392;22;3610;28200;30752;100.000;0.471;0.512;554.478;635.907;7.380;158462;152112;144392;0.175;0.105;0.065;2.542;2.523;0.806;33.752;31.165;151.778;152.657;150.115;22.110;20.761;1.885;0.204;0.109;60.093;212.750;151.812;29.118;4.215;6.657;3.115;0.879;0.000;22;28.687;146.692;2;0;0;0;0;0;0;0
196;1;1;1;0.000000;-0.174533;1.000000;21987.723810;21987.808839;21987.947374;800483;135548;145043;103;3627;135548;147496;100.000;141.741;154.135;556.978;638.790;35.399;179847;157023;145043;0.226;0.111;0.068;2.558;2.096;0.610;51.121;48.957;138.511;138.535;136.423;36.901;35.887;1.807;0.225;0.121;85.029;223.564;164.537;60.180;26.847;7.918;0.000;0.024;0.000;52;46.467;133.839;4;0;0;0;0;0;0;0
197;1;1;1;0.000000;-0.174533;1.000000;21987.756138;21987.836449;21987.978941;798336;26884;145944;21;3649;26884;29320;100.000;0.942;1.024;560.437;642.746;7.037;172879;158033;145944;0.227;0.114;0.073;3.592;1.970;0.635;36.209;34.167;142.465;142.492;140.500;25.411;24.318;2.740;0.265;0.173;80.311;222.803;162.771;27.610;5.723;7.781;0.000;0.027;0.001;18;30.648;136.878;3;0;0;0;0;0;0;0
198;1;1;1;0.000000;-0.174533;1.000000;21987.788662;21987.865189;21988.004162;798454;21996;146568;17;3665;21996;23968;100.000;0.472;0.512;562.834;645.504;5.752;170588;157836;146568;0.182;0.105;0.065;2.445;2.863;0.723;30.779;27.852;138.911;138.973;136.088;22.148;20.466;1.762;0.227;0.103;76.527;215.500;154.658;28.740;4.593;7.582;0.000;0.062;0.000;16;25.472;133.580;2;0;0;0;0;0;0;0
199;1;1;1;0.000000;-0.174533;1.000000;21987.824558;21987.912104;21988.041516;800770;21432;147434;17;3686;21432;23404;100.000;1.779;1.935;566.159;649.303;5.617;169556;157921;147434;0.174;0.108;0.074;2.346;2.305;0.748;42.655;40.277;129.386;129.412;127.083;32.961;31.693;1.647;0.238;0.105;87.546;216.958;158.679;46.915;13.581;7.957;0.000;0.025;0.000;8;38.004;124.710;4;0;0;0;0;0;0;0
200;1;1;1;0.000000;-0.174533;1.000000;21987.857204;21987.924260;21988.071846;802378;24440;148866;19;3722;24440;26644;100.000;0.737;0.800;571.658;655.614;6.395;170011;159651;148866;0.185;0.106;0.068;2.487;2.771;0.833;34.976;32.138;146.677;147.587;144.790;23.699;22.196;1.715;0.279;0.133;67.056;214.643;155.676;12.156;21.177;8.783;0.000;0.909;0.000;19;29.718;141.392;2;0;0;0;0;0;0;0
201;1;1;1;0.000000;-0.174533;1.000000;21987.889569;21987.957628;21988.100964;805285;27072;150350;21;3759;27072;29508;100.000;0.505;0.549;577.356;662.147;7.082;169966;160111;150350;0.184;0.110;0.068;3.755;2.525;0.818;34.372;31.779;142.937;143.336;140.787;23.980;22.572;1.799;0.292;1.303;68.059;211.395;151.460;33.368;0.035;8.236;0.000;0.399;0.001;21;28.091;136.629;2;0;0;0;0;0;0;0
202;1;1;1;0.000000;-0.174533;1.000000;21987.921351;21988.011466;21988.132810;803318;27448;152012;21;3801;27448;29884;100.000;1.026;1.113;583.739;669.477;7.172;170774;161651;152012;0.182;0.110;0.068;2.808;2.804;0.871;38.115;35.244;121.294;121.344;118.512;31.411;29.739;1.728;0.307;0.413;90.114;211.458;149.973;53.838;20.505;9.003;0.000;0.050;0.000;20;32.504;115.651;2;0;0;0;0;0;0;0
203;1;1;1;0.000000;-0.174533;1.000000;21987.955564;21988.038442;21988.162579;802036;29140;152816;23;3821;29140;31808;100.000;1.011;1.100;586.826;673.015;7.634;170930;162509;152816;0.239;0.113;0.070;3.449;2.360;0.775;35.364;32.934;124.113;124.137;121.755;28.488;27.050;1.706;0.321;1.001;82.878;207.015;146.408;26.976;6.357;8.838;0.000;0.024;0.000;11;29.555;118.263;4;0;0;0;0;0;0;0
204;1;1;1;0.000000;-0.174533;1.000000;21987.989932;21988.067423;21988.194155;810228;28012;152942;22;3824;28012;30564;100.000;0.946;1.029;587.310;673.567;7.335;170071;162359;152942;0.193;0.113;0.071;2.770;3.036;0.707;37.383;34.276;126.691;126.732;123.675;29.498;27.715;1.984;0.200;0.210;77.491;204.223;144.651;28.981;4.352;8.557;0.000;0.042;0.000;16;31.576;120.861;3;0;0;0;0;0;0;0
205;1;1;1;0.000000;-0.174533;1.000000;21988.025509;21988.097193;21988.229118;808185;26884;152382;21;3810;26884;29320;100.000;0.866;0.942;585.159;671.100;7.037;169073;161631;152382;0.194;0.112;0.073;5.044;3.387;1.050;40.752;37.291;131.860;131.925;128.505;30.890;29.020;2.031;1.328;1.307;71.684;203.609;146.281;29.770;3.564;8.245;0.000;0.065;0.000;20;32.320;123.393;2;0;0;0;0;0;0;0
206;1;1;1;0.000000;-0.174533;1.000000;21988.057854;21988.128437;21988.262316;815223;27448;150790;21;3770;27448;29884;100.000;0.876;0.950;579.046;664.085;7.172;166279;159004;150790;0.190;0.109;0.067;2.331;3.360;0.977;41.631;38.205;133.849;133.878;130.492;31.096;29.277;1.543;0.299;0.125;70.584;204.462;146.145;31.245;2.089;7.861;0.000;0.029;0.001;15;35.940;128.130;3;0;0;0;0;0;0;0
207;1;1;1;0.000000;-0.174533;1.000000;21988.089751;21988.160007;21988.290917;799426;27636;149044;21;3727;27636;30072;100.000;0.875;0.949;572.341;656.410;7.217;164086;157370;149044;0.195;0.111;0.071;2.667;2.961;0.887;34.281;31.248;130.844;130.909;127.916;26.186;24.429;1.877;0.286;0.127;70.256;201.165;141.413;31.570;1.764;7.480;0.000;0.065;0.000;20;28.652;125.181;2;0;0;0;0;0;0;0
208;1;1;1;0.000000;-0.174533;1.000000;21988.122449;21988.191722;21988.327164;790320;27072;147638;21;3691;27072;29508;100.000;0.775;0.842;566.942;650.199;7.082;161919;155284;147638;0.174;0.106;0.065;2.516;2.766;0.867;41.873;39.043;135.408;135.442;132.657;30.916;29.431;1.403;0.196;0.572;69.273;204.715;144.327;31.715;1.618;7.113;0.000;0.034;0.001;19;36.591;130.095;3;0;0;0;0;0;0;0
209;1;1;1;0.000000;-0.174533;1.000000;21988.156259;21988.231761;21988.360623;795945;26884;145656;21;3642;26884;29320;100.000;1.077;1.171;559.332;641.483;7.037;159570;153060;145656;0.217;0.103;0.065;4.879;2.897;0.740;38.711;35.750;128.822;128.861;125.922;30.041;28.391;1.875;1.306;1.312;75.503;204.364;144.452;40.039;6.706;7.088;0.000;0.039;0.001;13;30.936;121.002;3;0;0;0;0;0;0;0
210;1;1;1;0.000000;-0.174533;1.000000;21988.188811;21988.256876;21988.392932;792891;27824;144144;22;3604;27824;30376;100.000;0.800;0.870;553.525;634.819;7.290;157683;151394;144144;0.190;0.108;0.065;2.311;2.549;0.695;40.100;37.487;135.998;136.057;133.485;29.473;28.083;1.609;0.188;0.153;68.064;204.121;143.428;25.114;8.219;7.158;0.000;0.059;0.000;20;35.241;131.114;2;0;0;0;0;0;0;0
211;1;1;1;0.000000;-0.174533;1.000000;21988.222594;21988.291859;21988.426912;797320;136112;143206;104;3581;136112;148176;100.000;4.247;4.621;549.924;630.698;35.562;179073;155570;143206;0.201;0.115;0.076;2.719;3.276;0.736;38.826;35.475;135.021;135.053;131.747;28.749;26.927;1.923;0.300;0.105;69.266;204.319;144.075;34.984;1.650;6.814;0.000;0.032;0.000;62;32.832;128.993;7;0;0;0;0;0;0;0
212;1;1;1;0.000000;-0.174533;1.000000;21988.254753;21988.323982;21988.456406;805214;27072;142122;21;3554;27072;29508;100.000;0.787;0.856;545.761;625.927;7.082;167676;153819;142122;0.181;0.106;0.065;2.188;3.372;0.957;35.497;32.060;132.384;132.424;129.035;26.806;24.846;1.402;0.269;0.166;69.229;201.653;140.236;32.123;1.210;6.464;0.000;0.040;0.001;11;29.936;126.805;3;0;0;0;0;0;0;0
213;1;1;1;0.000000;-0.174533;1.000000;21988.288692;21988.363030;21988.506107;797126;21056;141596;16;3540;21056;22912;100.000;0.843;0.913;543.741;623.591;5.499;165627;153827;141596;0.175;0.103;0.063;2.512;1.833;0.472;55.237;53.341;143.050;143.076;141.225;38.607;37.770;1.826;0.234;0.111;74.339;217.415;156.603;39.048;5.715;6.417;0.000;0.027;0.000;9;50.892;138.665;4;0;0;0;0;0;0;0
214;1;1;1;0.000000;-0.174533;1.000000;21988.321426;21988.388227;21988.547432;803136;17672;141814;14;3546;17672;19296;100.000;0.580;0.630;544.578;624.564;4.631;164570;153212;141814;0.259;0.113;0.071;2.741;2.647;0.944;45.656;42.939;159.193;159.205;156.531;28.678;27.432;1.925;0.243;0.131;66.801;226.006;164.595;25.197;8.136;6.525;0.000;0.011;0.001;10;40.269;153.776;3;0;0;0;0;0;0;0
215;1;1;1;0.000000;-0.174533;1.000000;21988.355042;21988.419028;21988.574147;809297;24440;143036;19;3576;24440;26644;100.000;0.445;0.484;549.271;629.933;6.395;164106;153392;143036;0.185;0.108;0.066;2.755;2.868;0.727;32.079;29.145;155.057;155.119;152.205;20.680;19.149;1.956;0.296;0.145;63.987;219.106;157.977;30.801;2.532;6.275;0.000;0.062;0.001;18;26.455;149.386;2;0;0;0;0;0;0;0
216;1;1;1;0.000000;0.000000;1.000000;21988.389602;21988.474136;21988.602346;808156;27448;144130;21;3604;27448;29884;100.000;0.699;0.759;553.472;634.765;7.172;164521;154724;144130;0.222;0.105;0.065;2.640;2.256;0.612;33.840;31.519;128.194;128.210;125.931;26.394;25.029;1.860;0.226;0.163;84.534;212.744;152.842;55.108;21.775;7.244;36.247;0.016;0.000;16;28.944;123.272;3;0;0;0;0;0;0;0
217;1;1;1;0.000000;0.000000;1.000000;21988.422077;21988.513590;21988.642471;810355;28952;146106;22;3653;28952;31504;100.000;626.657;679.827;561.060;643.459;7.561;164631;155718;146106;0.182;0.108;0.066;2.449;2.218;0.708;45.014;42.731;128.823;128.881;126.640;34.927;33.742;1.717;0.244;0.132;91.513;220.394;159.634;39.453;6.120;7.174;0.000;0.058;0.000;22;40.347;124.131;1;0;0;0;0;0;0;0
218;1;1;1;0.000000;0.000000;1.000000;21988.456214;21988.527636;21988.672774;810211;28764;148782;22;3720;28764;31316;100.000;0.944;1.025;571.335;655.246;7.516;166545;158797;148782;0.181;0.110;0.066;2.534;2.041;0.681;34.970;32.864;143.408;145.138;143.080;24.094;22.969;1.820;0.250;0.109;71.421;216.559;156.603;14.046;19.287;7.931;0.000;1.730;0.000;21;30.395;138.813;2;0;0;0;0;0;0;0
219;1;1;1;0.000000;0.000000;1.000000;21988.490432;21988.558276;21988.704364;808645;28952;150220;22;3756;28952;31504;100.000;0.544;0.591;576.857;661.580;7.561;167311;159855;150220;0.190;0.109;0.067;2.635;2.794;0.853;36.152;33.292;145.943;146.088;143.268;24.747;23.237;1.869;0.265;0.136;67.844;213.932;154.861;30.641;2.693;7.603;0.000;0.145;0.000;22;30.723;140.485;2;0;0;0;0;0;0;0
220;1;1;1;0.000000;0.000000;1.000000;21988.520749;21988.611677;21988.733109;810783;27448;150188;21;3755;27448;29884;100.000;1.020;1.107;576.734;661.435;7.172;167041;159612;150188;0.181;0.105;0.067;2.490;2.665;0.871;34.164;31.432;121.420;121.432;118.736;28.134;26.472;1.748;0.264;0.124;90.928;212.360;150.271;53.400;20.067;8.382;0.000;0.012;0.000;11;29.009;116.232;4;0;0;0;0;0;0;0
221;1;1;1;0.000000;0.000000;1.000000;21988.555883;21988.638719;21988.777209;807088;27448;149054;21;3727;27448;29884;100.000;0.980;1.064;572.380;656.448;7.172;165114;157816;149054;0.175;0.109;0.071;2.687;2.753;0.821;49.257;46.433;138.430;138.489;135.714;35.567;34.214;1.870;0.275;0.187;82.836;221.325;161.038;27.043;6.291;8.252;0.000;0.059;0.000;20;43.817;132.965;2;0;0;0;0;0;0;0
222;1;1;1;0.000000;0.000000;1.000000;21988.589974;21988.669558;21988.817235;809369;28012;147392;22;3685;28012;30564;100.000;1.024;1.114;565.998;649.119;7.335;162913;155909;147392;0.234;0.115;0.073;2.334;2.674;0.676;45.467;42.720;147.628;147.677;144.985;30.788;29.465;1.558;0.252;0.103;79.584;227.261;167.731;30.838;2.495;7.892;0.000;0.049;0.000;21;40.458;142.600;2;0;0;0;0;0;0;0
223;1;1;1;0.000000;0.000000;1.000000;21988.625490;21988.700206;21988.851409;795354;27448;146064;21;3652;27448;29884;100.000;0.638;0.693;560.898;643.275;7.172;161116;154336;146064;0.221;0.112;0.068;3.748;2.137;0.579;39.178;36.974;151.151;151.203;149.047;25.911;24.807;2.654;0.190;0.503;74.716;225.919;168.572;30.649;2.685;7.566;0.000;0.052;0.001;11;33.294;145.245;5;0;0;0;0;0;0;0
224;1;1;1;0.000000;0.000000;1.000000;21988.657765;21988.743403;21988.880623;795455;27072;144466;21;3612;27072;29508;100.000;0.720;0.782;554.762;636.236;7.082;158429;152092;144466;0.190;0.108;0.066;2.734;2.554;0.675;35.081;32.460;137.198;137.219;134.643;25.565;24.108;1.969;0.274;0.127;85.638;222.857;164.452;43.197;9.864;7.710;0.000;0.022;0.000;12;29.792;131.875;3;0;0;0;0;0;0;0
225;1;1;1;0.000000;0.000000;1.000000;21988.690371;21988.781198;21988.908127;795720;27824;143728;22;3594;27824;30376;100.000;1.643;1.788;551.928;632.996;7.290;157365;150863;143728;0.181;0.105;0.065;2.608;3.578;0.941;32.784;29.141;126.842;126.929;123.325;25.828;23.630;1.849;0.286;0.122;90.827;217.756;158.623;37.795;4.462;7.507;0.000;0.087;0.000;20;26.597;120.628;2;0;0;0;0;0;0;0
226;1;1;1;0.000000;0.000000;1.000000;21988.722635;21988.798289;21988.936837;798723;138180;142930;105;3574;138180;150360;100.000;12.733;13.847;548.864;629.481;36.086;180302;156126;142930;0.445;0.104;0.063;2.760;2.485;0.788;34.892;32.343;137.841;138.548;136.038;25.184;23.775;1.800;0.224;0.123;75.654;214.202;154.000;17.091;16.242;8.053;0.000;0.707;0.001;64;29.647;132.569;3;0;0;0;0;0;0;0
227;1;1;1;0.000000;0.000000;1.000000;21988.757847;21988.838752;21988.978160;807441;25192;142948;20;3574;25192;27512;100.000;1.126;1.225;548.933;629.550;6.603;170496;155469;142948;0.181;0.105;0.066;2.586;2.904;0.820;46.570;43.600;132.488;139.409;136.486;33.405;31.945;1.851;0.252;0.132;80.904;220.313;161.990;40.462;7.129;7.995;0.000;6.920;0.000;19;41.080;126.977;2;0;0;0;0;0;0;0
228;1;1;1;0.000000;0.000000;1.000000;21988.787740;21988.861265;21989.011429;803316;22560;143504;18;3588;22560;24648;100.000;0.713;0.776;551.068;632.001;5.916;169845;157443;143504;0.229;0.106;0.066;2.569;2.426;0.755;38.746;36.254;150.095;150.164;147.711;25.802;24.544;1.782;0.254;0.132;73.525;223.689;161.925;22.514;10.820;8.172;0.000;0.069;0.000;17;33.751;145.072;2;0;0;0;0;0;0;0
229;1;1;1;0.000000;0.000000;1.000000;21988.821353;21988.893067;21989.040633;809074;23312;144280;18;3607;23312;25400;100.000;0.445;0.483;554.048;635.409;6.096;168555;157355;144280;0.176;0.105;0.065;2.285;2.660;0.707;34.205;31.481;147.433;147.565;144.890;23.180;21.728;1.631;0.215;0.093;71.714;219.279;157.795;31.802;1.531;7.757;0.000;0.132;0.001;19;29.261;142.470;2;0;0;0;0;0;0;0
230;1;1;1;0.000000;0.000000;1.000000;21988.856072;21988.945744;21989.083620;808265;24440;145334;19;3634;24440;26644;100.000;0.915;0.994;558.095;640.066;6.395;167886;157101;145334;0.179;0.104;0.066;2.161;2.024;0.542;47.929;45.839;137.857;137.875;135.836;34.762;33.746;1.533;0.192;0.087;89.673;227.548;167.449;52.677;19.344;8.481;0.000;0.019;0.000;13;43.744;133.656;3;0;0;0;0;0;0;0
231;1;1;1;0.000000;0.000000;1.000000;21988.889847;21988.974392;21989.117112;818848;27824;147128;22;3679;27824;30376;100.000;1.041;1.133;564.984;647.970;7.290;169442;159461;147128;0.190;0.109;0.066;2.131;2.787;0.704;37.672;34.819;142.675;142.720;139.916;26.396;24.886;1.405;0.193;0.169;84.546;227.265;167.608;28.648;4.685;8.244;0.000;0.044;0.000;12;32.754;137.739;3;0;0;0;0;0;0;0
232;1;1;1;0.000000;0.000000;1.000000;21988.923140;21989.007683;21989.148986;820617;27824;148796;22;3720;27824;30376;100.000;0.717;0.780;571.389;655.300;7.290;169665;160237;148796;0.178;0.105;0.066;2.636;2.623;0.618;36.775;34.087;141.247;141.303;138.651;26.026;24.584;1.844;0.313;0.131;84.542;225.846;166.149;33.290;0.043;7.731;0.000;0.056;0.001;21;31.516;135.956;2;0;0;0;0;0;0;0
233;1;1;1;0.000000;0.000000;1.000000;21988.958142;21989.046687;21989.185898;814146;28012;150842;22;3772;28012;30564;100.000;0.792;0.861;579.246;664.330;7.335;170293;161955;150842;0.188;0.111;0.068;2.336;2.815;0.678;42.180;39.298;139.192;139.210;136.379;30.300;28.815;1.676;0.214;0.080;88.546;227.756;169.727;39.005;5.672;7.602;0.000;0.019;0.000;8;37.030;134.023;4;0;0;0;0;0;0;0
234;1;1;1;0.000000;0.000000;1.000000;21988.991827;21989.082194;21989.216848;814852;28388;152630;22;3816;28388;30940;100.000;0.923;1.003;586.112;672.188;7.426;170983;163115;152630;0.237;0.116;0.073;2.553;2.163;0.583;36.085;33.849;134.617;134.654;132.477;26.799;25.551;1.762;0.252;0.114;90.367;225.021;167.344;35.506;2.173;7.263;0.000;0.037;0.000;21;31.369;129.870;2;0;0;0;0;0;0;0
235;1;1;1;0.000000;0.000000;1.000000;21989.024037;21989.113082;21989.250187;815725;27072;153174;21;3830;27072;29508;100.000;0.940;1.022;588.201;674.593;7.082;171106;163682;153174;0.239;0.115;0.074;3.768;2.266;0.591;38.043;35.703;137.082;137.104;134.817;27.748;26.483;2.751;0.197;0.392;89.046;226.150;167.349;30.889;2.445;6.962;0.000;0.022;0.000;12;32.009;131.025;4;0;0;0;0;0;0;0
236;1;1;1;0.000000;0.000000;1.000000;21989.055122;21989.149770;21989.278741;816078;26884;152808;21;3821;26884;29320;100.000;1.339;1.455;586.795;672.984;7.037;169857;162421;152808;0.188;0.110;0.068;2.764;3.838;0.982;34.573;30.667;128.911;128.971;125.101;26.806;24.514;1.954;0.304;0.140;94.648;223.619;162.571;36.688;3.355;6.736;0.000;0.060;0.000;20;27.971;122.276;2;0;0;0;0;0;0;0
237;1;1;1;0.000000;0.000000;1.000000;21989.089793;21989.179090;21989.306162;810868;27448;151650;21;3792;27448;29884;100.000;1.478;1.604;582.348;667.884;7.172;168071;160546;151650;0.183;0.108;0.068;2.472;2.431;0.706;34.033;31.534;127.031;127.071;124.624;26.782;25.304;1.757;0.248;0.110;89.297;216.369;156.658;29.320;4.013;6.566;0.000;0.040;0.000;14;29.129;122.109;4;0;0;0;0;0;0;0
238;1;1;1;0.000000;0.000000;1.000000;21989.122595;21989.209053;21989.335015;801907;27260;149972;21;3750;27260;29696;100.000;1.438;1.562;575.905;660.492;7.127;165800;158209;149972;0.186;0.109;0.068;2.620;2.770;0.878;33.738;30.901;125.917;125.962;123.163;26.784;25.090;1.818;0.291;0.149;86.457;212.420;152.178;29.962;3.371;6.367;0.000;0.046;0.000;9;28.349;120.495;5;0;0;0;0;0;0;0
239;1;1;1;0.000000;0.087266;1.000000;21989.156157;21989.228159;21989.364687;799196;28012;148264;22;3707;28012;30564;100.000;0.883;0.960;569.346;652.964;7.335;162994;155571;148264;0.184;0.108;0.068;3.781;2.027;0.688;35.064;32.970;135.001;136.528;134.479;25.682;24.516;1.927;0.282;1.213;72.002;208.530;148.517;19.106;14.227;6.858;6.699;1.527;0.000;22;29.256;129.168;2;0;0;0;0;0;0;0
240;1;1;1;0.000000;0.087266;1.000000;21989.189375;21989.260059;21989.396450;799621;28200;146996;22;3675;28200;30752;100.000;0.803;0.873;564.477;647.373;7.380;161492;154325;146996;1.077;0.110;0.071;4.470;2.841;0.776;37.566;34.655;135.390;136.390;133.528;27.543;25.953;1.665;0.252;1.296;70.685;207.075;146.946;31.901;1.433;6.519;0.000;1.001;0.000;21;30.255;128.055;2;0;0;0;0;0;0;0
241;1;1;1;0.000000;0.087266;1.000000;21989.222400;21989.295311;21989.442171;808174;139308;146062;106;3652;139308;151604;100.000;4.187;4.554;560.891;643.267;36.385;182380;158734;146062;0.180;0.105;0.066;2.432;3.128;0.949;53.024;49.831;143.827;146.860;143.708;36.105;34.675;1.688;0.269;0.124;72.911;219.771;159.334;35.251;1.918;6.231;0.000;3.033;0.001;97;47.464;138.240;4;0;0;0;0;0;0;0
242;1;1;1;0.000000;0.087266;1.000000;21989.256593;21989.330643;21989.483752;810609;27824;145468;22;3637;27824;30376;100.000;0.939;1.021;558.610;640.648;7.290;172920;157715;145468;0.219;0.110;0.067;2.433;2.254;0.531;47.142;44.822;153.072;153.109;150.837;30.790;29.715;1.751;0.193;0.095;74.050;227.159;167.581;35.332;1.998;5.967;0.000;0.037;0.001;14;42.455;148.364;4;0;0;0;0;0;0;0
243;1;1;1;0.000000;0.087266;1.000000;21989.290134;21989.360451;21989.515509;809086;19928;145086;16;3628;19928;21784;100.000;0.418;0.455;557.143;638.978;5.228;170716;157434;145086;0.233;0.108;0.067;2.317;1.993;0.497;36.437;34.377;155.016;155.058;153.044;23.499;22.463;1.577;0.214;0.119;70.317;225.375;166.005;29.808;3.525;5.814;0.000;0.042;0.000;7;32.127;150.683;3;0;0;0;0;0;0;0
244;1;1;1;0.000000;0.087266;1.000000;21989.322943;21989.408392;21989.544993;804105;21996;145538;17;3639;21996;23968;100.000;0.562;0.610;558.878;640.962;5.752;169716;157504;145538;0.183;0.108;0.066;2.580;3.561;0.884;33.782;30.155;136.565;136.601;133.022;24.731;22.669;1.919;0.206;0.099;85.449;222.050;162.156;47.942;14.608;6.364;0.000;0.036;0.000;16;27.641;130.393;2;0;0;0;0;0;0;0
245;1;1;1;0.000000;0.087266;1.000000;21989.356085;21989.447708;21989.569359;810243;24064;146056;19;3652;24064;26268;100.000;1.752;1.905;560.868;643.244;6.304;168695;157353;146056;0.181;0.105;0.065;2.438;2.336;0.752;30.499;28.098;121.609;121.651;119.294;25.071;23.554;1.742;0.234;0.111;91.623;213.275;153.189;39.316;5.982;6.340;0.000;0.042;0.001;8;25.725;116.812;4;0;0;0;0;0;0;0
246;1;1;1;0.000000;0.087266;1.000000;21989.389269;21989.461668;21989.612776;808451;27260;146718;21;3668;27260;29696;100.000;0.898;0.975;563.410;646.147;7.127;168715;158033;146718;0.218;0.105;0.065;2.624;2.264;0.683;48.188;45.859;150.242;151.108;148.825;31.890;30.814;1.918;0.199;0.119;72.400;223.508;163.272;13.960;19.373;7.154;0.000;0.866;0.000;21;43.299;145.332;2;0;0;0;0;0;0;0
247;1;1;1;0.000000;0.087266;1.000000;21989.423693;21989.492224;21989.644463;818595;29328;147758;23;3694;29328;31996;100.000;0.853;0.928;567.403;650.727;7.679;168696;159530;147758;0.190;0.109;0.067;2.545;1.758;0.605;36.571;34.747;151.866;152.240;150.464;24.022;23.093;1.827;0.240;0.113;68.531;220.771;161.626;30.555;2.778;6.881;0.000;0.373;0.000;23;32.268;147.543;2;0;0;0;0;0;0;0
248;1;1;1;0.000000;0.087266;1.000000;21989.454411;21989.526766;21989.680185;813416;29328;149576;23;3740;29328;31996;100.000;0.560;0.609;574.384;658.746;7.679;169513;161415;149576;0.185;0.109;0.068;2.734;3.273;0.954;40.011;36.671;152.497;153.420;150.121;26.080;24.428;1.959;0.279;0.136;72.355;225.774;164.015;34.542;1.209;6.526;0.000;0.922;0.001;23;34.004;146.462;2;0;0;0;0;0;0;0
249;1;1;1;0.000000;0.087266;1.000000;21989.488038;21989.579384;21989.707592;816251;29704;151824;23;3796;29704;32372;100.000;1.081;1.174;583.017;668.642;7.769;171010;162608;151824;0.228;0.110;0.067;2.628;2.682;0.829;33.416;30.667;128.170;128.208;125.506;26.064;24.435;1.837;0.277;0.110;91.345;219.554;158.088;52.618;19.285;7.324;0.000;0.039;0.000;21;28.106;122.838;3;0;0;0;0;0;0;0
250;1;1;1;0.000000;0.087266;1.000000;21989.523372;21989.610305;21989.734660;820584;28764;153370;22;3835;28764;31316;100.000;1.194;1.296;588.953;675.458;7.516;171891;164298;153370;0.184;0.109;0.068;2.597;2.837;0.935;32.356;29.451;124.306;124.355;121.479;26.019;24.244;1.789;0.323;0.125;86.933;211.288;151.823;30.921;2.412;7.017;0.000;0.049;0.000;19;26.922;118.831;3;0;0;0;0;0;0;0
251;1;1;1;0.000000;0.087266;1.000000;21989.556739;21989.641145;21989.766138;817535;26884;153478;21;3837;26884;29320;100.000;1.172;1.274;589.368;675.918;7.037;171208;163442;153478;0.182;0.110;0.068;3.342;1.957;0.665;36.915;34.890;124.951;124.993;123.007;29.534;28.365;1.797;0.291;0.895;84.406;209.399;149.968;30.840;2.494;6.734;0.000;0.043;0.001;18;31.616;119.618;4;0;0;0;0;0;0;0
252;1;1;1;0.000000;0.087266;1.000000;21989.590027;21989.675766;21989.798001;812707;28576;152446;22;3812;28576;31128;100.000;1.546;1.679;585.405;671.391;7.471;169323;162055;152446;0.236;0.113;0.077;3.726;3.180;0.814;37.165;33.909;122.195;122.235;119.036;30.404;28.486;1.559;0.297;1.445;85.739;207.974;148.497;34.621;1.288;6.394;0.000;0.041;0.001;17;30.259;115.266;3;0;0;0;0;0;0;0
253;1;1;1;0.000000;0.087266;1.000000;21989.624228;21989.694369;21989.829147;811017;28952;150768;22;3770;28952;31504;100.000;487.128;528.460;578.962;664.000;7.561;166760;159411;150768;0.189;0.106;0.066;2.981;3.063;0.777;38.035;34.907;134.709;134.778;131.685;28.221;26.508;2.230;0.291;0.099;70.141;204.920;146.310;18.603;14.730;6.915;0.000;0.069;0.000;22;31.991;128.634;1;0;0;0;0;0;0;0
254;1;1;1;0.000000;0.087266;1.000000;21989.656528;21989.729909;21989.864029;812416;28200;148606;22;3716;28200;30752;100.000;0.891;0.969;570.660;654.480;7.380;163899;157410;148606;0.229;0.110;0.067;4.278;2.234;0.684;40.909;38.608;134.079;134.120;131.855;30.502;29.281;1.998;0.283;1.593;73.381;207.501;147.858;35.540;2.207;6.621;0.000;0.041;0.001;16;34.396;127.522;4;0;0;0;0;0;0;0
255;1;1;1;0.000000;0.087266;1.000000;21989.690250;21989.761721;21989.893506;815874;27824;147150;22;3679;27824;30376;100.000;0.828;0.901;565.068;648.054;7.290;162047;155231;147150;0.194;0.112;0.069;3.095;2.692;0.644;35.997;33.236;131.730;131.785;129.076;27.315;25.749;1.702;0.196;0.823;71.470;203.255;144.002;31.812;1.522;6.302;0.000;0.055;0.000;20;30.210;125.924;2;0;0;0;0;0;0;0
256;1;1;1;0.000000;0.087266;1.000000;21989.723170;21989.795435;21989.927201;811813;137428;146080;105;3652;137428;149608;100.000;4.381;4.766;560.960;643.336;35.906;184042;159743;146080;0.220;0.105;0.066;4.778;2.632;0.816;39.454;36.757;131.716;131.766;129.093;29.942;28.473;1.858;1.214;1.314;72.265;204.031;144.364;33.715;0.381;5.932;0.000;0.050;0.000;78;32.044;124.262;6;0;0;0;0;0;0;0
257;1;1;1;0.000000;0.087266;1.000000;21989.756083;21989.826834;21989.959987;809323;28200;145366;22;3635;28200;30752;100.000;0.879;0.955;558.218;640.211;7.380;172969;158516;145366;0.181;0.109;0.066;2.165;2.441;0.632;40.216;37.709;133.119;133.153;130.696;30.203;28.853;1.535;0.193;0.083;70.751;203.904;143.817;31.399;1.935;5.682;0.000;0.034;0.000;12;35.610;128.495;3;0;0;0;0;0;0;0
258;1;1;1;0.000000;0.087266;1.000000;21989.789297;21989.859139;21989.990118;806066;20492;145058;16;3627;20492;22348;100.000;0.633;0.688;557.035;638.848;5.364;169645;156712;145058;0.195;0.109;0.069;2.502;3.034;0.909;34.725;31.622;130.944;130.979;127.918;26.512;24.720;1.741;0.286;0.102;69.842;200.821;140.614;32.306;1.028;5.391;0.000;0.034;0.000;8;29.188;125.381;4;0;0;0;0;0;0;0
259;1;1;1;0.000000;0.087266;1.000000;21989.822541;21989.891769;21990.023359;803994;21620;144584;17;3615;21620;23592;100.000;0.646;0.702;555.215;636.757;5.662;167790;156356;144584;0.197;0.111;0.066;2.629;2.178;0.552;38.782;36.539;131.553;131.591;129.394;29.472;28.238;1.987;0.191;0.078;69.228;200.818;140.522;32.629;0.704;5.098;0.000;0.038;0.000;15;33.975;126.726;3;0;0;0;0;0;0;0
260;1;1;1;0.000000;0.087266;1.000000;21989.856133;21989.930505;21990.055537;804675;24440;144650;19;3617;24440;26644;100.000;0.972;1.056;555.468;637.056;6.395;166608;156367;144650;0.190;0.112;0.069;2.232;3.224;1.041;36.978;33.685;124.998;125.032;121.785;29.575;27.659;1.471;0.279;0.112;74.371;199.403;139.366;38.736;5.402;5.117;0.000;0.034;0.000;9;31.522;119.518;4;0;0;0;0;0;0;0
261;1;1;1;0.000000;0.087266;1.000000;21989.888724;21989.955818;21990.091622;803023;25756;143952;20;3599;25756;28076;100.000;0.724;0.787;552.788;633.969;6.738;164869;155539;143952;0.198;0.110;0.067;3.038;2.207;0.588;41.546;39.273;135.764;135.804;133.583;30.593;29.400;1.554;0.193;0.916;67.094;202.898;142.118;25.313;8.020;5.299;0.000;0.040;0.000;13;36.302;130.504;4;0;0;0;0;0;0;0
262;1;1;1;0.000000;0.087266;1.000000;21989.921901;21989.991558;21990.123616;804900;27448;144058;21;3602;27448;29884;100.000;0.901;0.978;553.195;634.444;7.172;165125;156529;144058;0.189;0.108;0.067;2.550;2.966;0.782;37.228;34.195;132.020;132.058;129.069;28.190;26.493;1.754;0.294;0.139;69.657;201.715;140.779;35.740;2.407;5.118;0.000;0.037;0.000;12;31.711;126.480;4;0;0;0;0;0;0;0
263;1;1;1;0.000000;0.087266;1.000000;21989.955118;21990.022161;21990.158498;801032;28952;144662;22;3617;28952;31504;100.000;582.981;632.446;555.515;637.102;7.561;164715;156577;144662;0.191;0.110;0.068;2.927;2.255;0.722;40.403;38.080;136.310;136.337;134.069;29.635;28.403;1.669;0.202;0.688;67.043;203.380;142.328;30.603;2.730;4.969;0.000;0.027;0.000;13;35.221;131.113;2;0;0;0;0;0;0;0
264;1;1;1;0.000000;0.087266;1.000000;21989.988754;21990.057711;21990.191166;793638;29704;145976;23;3650;29704;32372;100.000;0.947;1.029;560.560;642.892;7.769;164402;156514;145976;0.199;0.109;0.068;2.603;2.954;0.868;37.831;34.810;133.404;133.455;130.473;28.347;26.679;1.846;0.275;0.107;68.957;202.412;141.662;35.550;2.217;4.797;0.000;0.051;0.000;22;32.275;127.818;2;0;0;0;0;0;0;0
265;1;1;1;0.000000;0.087266;1.000000;21990.021702;21990.089218;21990.225730;801156;29328;148478;23;3712;29328;31996;100.000;0.845;0.919;570.168;653.898;7.679;165791;158450;148478;0.222;0.108;0.067;4.721;2.439;0.225;40.086;37.581;136.454;136.512;134.030;29.364;28.039;1.731;1.279;1.314;67.516;204.029;142.893;31.507;1.826;4.611;0.000;0.058;0.001;22;32.927;129.235;2;0;0;0;0;0;0;0
266;1;1;1;0.000000;0.087266;1.000000;21990.055881;21990.124102;21990.260160;804749;28576;149922;22;3749;28576;31128;100.000;0.898;0.975;575.713;660.278;7.471;166725;159532;149922;0.188;0.108;0.067;2.210;2.276;0.668;41.605;39.262;136.024;136.058;133.759;30.579;29.353;1.537;0.201;0.110;68.221;204.279;143.990;34.884;1.551;4.420;0.000;0.034;0.000;14;37.119;131.513;3;0;0;0;0;0;0;0
267;1;1;1;0.000000;0.087266;1.000000;21990.088159;21990.156105;21990.289725;805449;28388;150436;22;3761;28388;30940;100.000;0.811;0.881;577.687;662.522;7.426;166899;159708;150436;0.194;0.111;0.075;2.284;3.288;0.922;34.043;30.681;133.604;133.620;130.305;25.478;23.545;1.518;0.292;0.095;67.946;201.566;140.221;32.002;1.331;4.227;0.000;0.016;0.000;15;28.472;128.003;3;0;0;0;0;0;0;0
268;1;1;1;0.000000;0.087266;1.000000;21990.121968;21990.191298;21990.320560;805329;26696;149636;21;3741;26696;29132;100.000;0.820;0.892;574.615;658.999;6.992;165680;158731;149636;0.223;0.109;0.067;2.062;3.026;0.864;36.413;33.320;129.238;129.261;126.217;28.170;26.399;1.391;0.195;0.077;69.330;198.591;137.722;35.194;1.861;4.079;0.000;0.023;0.000;15;31.324;124.131;3;0;0;0;0;0;0;0
269;1;1;1;0.000000;0.000000;1.000000;21990.155007;21990.228904;21990.357460;805419;27072;148420;21;3711;27072;29508;100.000;1.071;1.164;569.945;653.653;7.082;163886;157045;148420;0.186;0.108;0.066;3.051;2.189;0.605;41.987;39.732;128.509;128.556;126.352;32.661;31.446;1.384;0.194;1.112;73.897;202.453;141.289;37.606;4.272;4.091;22.111;0.046;0.000;12;36.747;123.252;3;0;0;0;0;0;0;0
270;1;1;1;0.000000;0.000000;1.000000;21990.188495;21990.254359;21990.389736;804474;27824;146600;22;3665;27824;30376;100.000;0.924;1.005;562.956;645.626;7.290;161591;154940;146600;0.198;0.105;0.069;2.271;2.973;0.714;37.502;34.461;135.352;135.378;132.381;27.702;26.032;1.486;0.293;0.120;65.864;201.242;140.233;25.455;7.879;4.328;0.000;0.025;0.001;16;32.258;130.082;3;0;0;0;0;0;0;0
271;1;1;1;0.000000;0.000000;1.000000;21990.220927;21990.284660;21990.424082;796101;135548;145088;103;3628;135548;147496;100.000;17.157;18.657;557.150;638.986;35.399;181623;158138;145088;0.196;0.110;0.066;2.727;3.197;1.213;39.586;36.323;139.390;139.422;136.201;28.393;26.669;1.971;0.282;0.103;63.733;203.155;141.245;30.301;3.032;4.247;0.000;0.032;0.000;46;33.662;133.442;4;0;0;0;0;0;0;0
272;1;1;1;0.000000;0.000000;1.000000;21990.256122;21990.325697;21990.457640;805073;28200;144742;22;3619;28200;30752;100.000;0.943;1.025;555.822;637.454;7.380;170947;156107;144742;0.197;0.109;0.070;2.689;2.472;0.209;39.474;36.933;131.891;131.943;129.446;29.918;28.532;1.861;0.310;0.144;69.575;201.518;141.469;41.037;7.704;4.463;0.000;0.052;0.000;14;34.313;126.702;4;0;0;0;0;0;0;0
273;1;1;1;0.000000;0.000000;1.000000;21990.289217;21990.355946;21990.493834;797204;23688;144320;18;3608;23688;25776;100.000;0.681;0.738;554.201;635.585;6.186;168447;155097;144320;0.254;0.106;0.066;4.887;2.732;0.829;41.345;38.547;137.848;137.888;135.128;29.985;28.527;1.836;1.295;1.330;66.728;204.617;144.330;30.249;3.085;4.377;0.000;0.040;0.000;11;33.725;130.197;3;0;0;0;0;0;0;0
274;1;1;1;0.000000;0.000000;1.000000;21990.321888;21990.390914;21990.526140;805139;22748;144042;18;3602;22748;24836;100.000;0.684;0.744;553.134;634.382;5.961;166881;155436;144042;0.184;0.108;0.066;2.174;2.261;0.778;39.927;37.601;135.189;135.226;132.943;29.526;28.284;1.515;0.206;0.096;69.026;204.252;143.303;34.968;1.635;4.205;0.000;0.037;0.000;15;35.492;130.730;4;0;0;0;0;0;0;0
275;1;1;1;0.000000;0.000000;1.000000;21990.354804;21990.424362;21990.557520;808073;25944;144130;20;3604;25944;28264;100.000;0.759;0.824;553.472;634.765;6.783;164941;154208;144130;0.189;0.112;0.073;2.298;3.312;0.942;35.807;32.423;133.113;133.157;129.828;26.891;24.974;1.548;0.279;0.098;69.558;202.716;141.349;33.448;0.115;3.950;0.000;0.044;0.000;19;30.197;127.476;2;0;0;0;0;0;0;0
276;1;1;1;0.000000;0.000000;1.000000;21990.388569;21990.458726;21990.588398;813584;26132;144164;20;3605;26132;28452;100.000;0.789;0.856;553.602;634.919;6.828;164753;155138;144164;0.179;0.108;0.065;2.001;3.003;0.788;36.490;33.422;129.648;129.672;126.655;28.140;26.388;1.393;0.188;0.068;70.157;199.830;138.894;34.363;1.030;3.767;0.000;0.025;0.000;13;31.486;124.629;3;0;0;0;0;0;0;0
277;1;1;1;0.000000;0.000000;1.000000;21990.422536;21990.496554;21990.637576;812306;29140;144334;23;3609;29140;31808;100.000;1.190;1.296;554.255;635.662;7.634;163650;154415;144334;0.184;0.106;0.066;2.668;3.116;0.831;54.160;50.978;140.988;141.022;137.874;38.406;36.974;1.909;0.269;0.134;74.018;215.040;154.739;37.828;4.495;3.813;0.000;0.033;0.001;12;48.376;135.171;5;0;0;0;0;0;0;0
278;1;1;1;0.000000;0.000000;1.000000;21990.455401;21990.521199;21990.664227;817500;29328;144850;23;3622;29328;31996;100.000;0.950;1.034;556.236;637.936;7.679;163296;154990;144850;0.186;0.109;0.066;3.561;2.965;0.888;32.436;29.405;142.986;143.028;140.037;22.678;20.998;1.881;0.254;1.065;65.798;208.826;148.057;24.645;8.688;4.117;0.000;0.043;0.000;14;25.910;136.432;3;0;0;0;0;0;0;0
279;1;1;1;0.000000;0.000000;1.000000;21990.488449;21990.552255;21990.696212;824803;30456;147006;24;3676;30456;33240;100.000;0.556;0.605;564.516;647.434;7.978;164121;156129;147006;0.200;0.116;0.072;5.538;3.324;0.939;38.496;35.100;143.777;143.957;140.597;26.741;24.965;1.976;1.289;1.886;63.805;207.762;146.708;31.056;2.278;4.002;0.000;0.180;0.000;22;29.633;134.877;2;0;0;0;0;0;0;0
280;1;1;1;0.000000;0.000000;1.000000;21990.522476;21990.607325;21990.740600;813944;29892;149388;23;3735;29892;32560;100.000;2.121;2.303;573.662;657.912;7.814;166097;158567;149388;0.189;0.110;0.068;2.612;2.864;0.810;53.259;50.327;133.236;133.275;130.386;39.961;38.599;1.848;0.271;0.127;84.849;218.124;157.763;55.070;21.737;5.111;0.000;0.039;0.000;14;47.783;127.734;3;0;0;0;0;0;0;0
281;1;1;1;0.000000;0.000000;1.000000;21990.556095;21990.621545;21990.769489;815307;30080;150146;23;3754;30080;32748;100.000;1.048;1.138;576.573;661.251;7.860;166161;158814;150146;0.231;0.110;0.067;2.949;2.468;0.765;34.357;31.822;147.259;147.944;145.446;23.223;21.879;2.134;0.290;0.117;65.450;213.394;153.319;14.221;19.113;5.986;0.000;0.685;0.001;23;28.940;141.811;2;0;0;0;0;0;0;0
282;1;1;1;0.000000;0.000000;1.000000;21990.589378;21990.650389;21990.801263;816329;27448;149960;21;3749;27448;29884;100.000;0.462;0.502;575.859;660.424;7.172;165489;158517;149960;0.175;0.108;0.066;2.693;2.836;0.743;37.196;34.294;150.820;150.874;148.018;24.654;23.169;1.782;0.257;0.304;61.011;211.885;151.759;28.844;4.489;5.892;0.000;0.054;0.001;20;31.667;145.270;2;0;0;0;0;0;0;0
283;1;1;1;0.000000;0.000000;1.000000;21990.621721;21990.709997;21990.845639;813249;27636;148574;21;3715;27636;30072;100.000;531.686;576.716;570.537;654.335;7.217;163554;156642;148574;0.175;0.105;0.065;2.613;2.150;0.712;49.895;47.680;135.607;135.642;133.469;36.784;35.724;1.866;0.271;0.132;88.276;223.917;162.802;59.608;26.274;7.166;0.000;0.035;0.000;12;45.131;130.819;3;0;0;0;0;0;0;0
284;1;1;1;0.000000;0.000000;1.000000;21990.655966;21990.736221;21990.887331;809333;27824;146866;22;3672;27824;30376;100.000;0.947;1.030;563.978;646.806;7.290;161420;154623;146866;0.221;0.110;0.068;2.889;2.709;0.564;46.462;43.685;151.034;151.110;148.387;30.747;29.440;2.221;0.191;0.079;80.255;231.365;171.160;26.224;7.109;7.163;0.000;0.076;0.000;19;40.863;145.420;3;0;0;0;0;0;0;0
285;1;1;1;0.000000;0.000000;1.000000;21990.688798;21990.765791;21990.915831;815482;28764;145550;22;3639;28764;31316;100.000;0.625;0.678;558.924;641.008;7.516;159670;152780;145550;0.179;0.108;0.066;2.038;2.633;0.644;34.083;31.385;149.957;150.040;147.390;22.716;21.294;1.409;0.192;0.085;76.993;227.033;166.327;29.570;3.763;6.950;0.000;0.082;0.000;21;29.413;145.261;2;0;0;0;0;0;0;0
286;1;1;1;0.000000;0.000000;1.000000;21990.724891;21990.812016;21990.946982;814633;136112;144160;104;3604;136112;148176;100.000;3.792;4.125;553.587;634.881;35.562;181574;157734;144160;0.178;0.104;0.065;2.823;2.335;0.610;35.790;33.391;134.927;134.966;132.587;26.518;25.184;2.000;0.300;0.176;87.126;222.092;164.145;46.225;12.891;7.322;0.000;0.039;0.000;36;30.632;129.723;6;0;0;0;0;0;0;0
287;1;1;1;0.000000;0.000000;1.000000;21990.757218;21990.847981;21990.985220;814941;28576;142853;22;3572;28576;31128;100.000;1.593;1.730;548.568;629.140;7.471;172058;156133;142853;0.181;0.106;0.066;2.578;2.627;0.727;43.414;40.721;137.212;137.238;134.590;31.634;30.256;1.864;0.250;0.110;90.763;228.002;169.049;35.965;2.632;7.028;0.000;0.027;0.000;13;38.209;131.983;3;0;0;0;0;0;0;0
288;1;1;1;0.000000;0.000000;1.000000;21990.790237;21990.878974;21991.015081;818847;23312;142468;18;3562;23312;25400;100.000;0.704;0.764;547.090;627.436;6.096;168427;154557;142468;0.181;0.105;0.063;2.614;2.465;0.802;35.066;32.538;136.036;136.107;133.624;25.764;24.350;1.592;0.183;0.489;88.737;224.843;165.577;30.993;2.341;6.735;0.000;0.071;0.000;17;29.987;130.937;2;0;0;0;0;0;0;0
289;1;1;1;0.000000;0.000000;1.000000;21990.822903;21990.912271;21991.050807;824052;21056;142484;16;3563;21056;22912;100.000;613.990;665.330;547.151;627.520;5.499;165753;153310;142484;0.186;0.108;0.065;2.149;2.473;0.642;40.800;38.262;138.513;138.536;136.043;29.451;28.125;1.501;0.190;0.099;89.368;227.904;167.970;33.297;0.036;6.317;0.000;0.023;0.000;10;36.178;133.870;2;0;0;0;0;0;0;0
290;1;1;1;0.000000;0.000000;1.000000;21990.856648;21990.949636;21991.080974;835458;25756;143172;20;3580;25756;28076;100.000;1.452;1.577;549.793;630.545;6.738;164891;153586;143172;0.177;0.105;0.066;2.477;1.811;0.427;34.787;32.910;131.273;131.338;129.508;26.487;25.412;1.780;0.233;0.116;92.988;224.326;164.803;37.365;4.032;6.174;0.000;0.065;0.000;19;30.499;126.965;2;0;0;0;0;0;0;0
291;1;1;1;0.000000;0.000000;1.000000;21990.889774;21990.981083;21991.120408;819605;26508;143314;21;3583;26508;28944;100.000;0.802;0.873;550.338;631.158;6.947;163535;154112;143314;0.224;0.108;0.067;2.258;2.795;0.560;43.724;40.862;139.254;139.325;136.517;31.383;29.932;1.591;0.187;0.083;91.309;230.634;170.904;31.447;1.887;5.906;0.000;0.071;0.000;19;38.671;134.185;2;0;0;0;0;0;0;0
292;1;1;1;0.000000;0.000000;1.000000;21990.924789;21991.014265;21991.150603;827799;26508;143732;21;3594;26508;28944;100.000;0.811;0.882;551.943;633.012;6.947;162725;153549;143732;0.220;0.109;0.067;2.338;2.127;0.592;35.235;33.042;136.288;136.338;134.191;25.844;24.623;1.658;0.189;0.096;89.475;225.813;167.766;33.182;0.152;5.546;0.000;0.050;0.000;20;30.770;131.800;2;0;0;0;0;0;0;0
293;1;1;1;0.000000;0.000000;1.000000;21990.956761;21991.047134;21991.182977;830771;28576;144010;22;3601;28576;31128;100.000;1.177;1.279;553.011;634.237;7.471;161832;153586;144010;0.187;0.109;0.067;2.659;2.174;0.567;36.838;34.598;135.782;135.843;133.653;27.118;25.886;2.013;0.190;0.094;90.373;226.216;166.806;32.869;0.464;5.229;0.000;0.061;0.001;21;32.005;130.931;2;0;0;0;0;0;0;0
294;1;1;1;0.000000;0.000000;1.000000;21990.989139;21991.081168;21991.212651;835004;29516;145768;23;3645;29516;32184;100.000;1.747;1.899;559.762;641.980;7.724;162450;155112;145768;0.199;0.117;0.073;2.788;3.010;0.697;34.505;31.422;131.442;131.483;128.458;26.243;24.461;1.965;0.263;0.172;92.029;223.512;163.148;34.034;0.701;4.946;0.000;0.041;0.000;13;28.707;125.627;3;0;0;0;0;0;0;0
295;1;1;1;0.000000;0.000000;1.000000;21991.021130;21991.098194;21991.233300;814967;29328;148094;23;3703;29328;31996;100.000;0.973;1.058;568.693;652.221;7.679;164346;157166;148094;0.215;0.105;0.065;2.119;2.718;0.625;26.430;23.648;134.933;135.107;132.369;19.562;17.865;1.444;0.196;0.094;77.064;212.171;150.463;17.026;16.308;5.656;0.000;0.173;0.001;23;21.593;130.067;2;0;0;0;0;0;0;0
296;1;1;1;0.000000;0.000000;1.000000;21991.056282;21991.128645;21991.286007;818656;29328;149404;23;3736;29328;31996;100.000;0.948;1.032;573.724;657.996;7.679;165026;157952;149404;0.222;0.111;0.069;2.371;1.943;0.510;57.547;55.536;156.414;157.362;155.407;36.570;35.736;1.714;0.194;0.062;72.363;229.726;169.837;30.451;2.882;5.482;0.000;0.949;0.000;23;53.234;152.086;2;0;0;0;0;0;0;0
297;1;1;1;0.000000;0.000000;1.000000;21991.089128;21991.160543;21991.303502;819807;28012;149370;22;3735;28012;30564;100.000;0.886;0.964;573.593;657.842;7.335;164828;157706;149370;0.183;0.109;0.067;1.975;1.764;0.471;21.806;19.975;142.569;142.959;141.182;15.253;14.149;1.368;0.194;0.056;71.416;214.374;153.998;31.899;1.435;5.229;0.000;0.389;0.000;21;18.067;138.816;2;0;0;0;0;0;0;0
298;1;1;1;0.000000;0.000000;1.000000;21991.122331;21991.192333;21991.324820;814766;27636;148012;21;3701;27636;30072;100.000;977.696;1060.499;568.379;651.861;7.217;162967;156066;148012;0.184;0.108;0.067;1.967;1.956;0.467;25.055;23.033;132.267;132.487;130.519;18.911;17.647;1.364;0.192;0.054;70.002;202.489;141.983;31.789;1.544;4.999;0.000;0.220;0.000;22;21.132;128.330;1;0;0;0;0;0;0;0
299;1;1;1;0.000000;0.000000;1.000000;21991.155676;21991.262264;21991.352769;809259;28764;146174;22;3655;28764;31316;100.000;431.327;468.163;561.321;643.765;7.516;160381;153711;146174;0.187;0.108;0.067;2.028;1.947;0.483;31.862;29.849;90.466;90.505;88.539;35.205;33.713;1.401;0.191;0.075;106.588;197.093;136.599;69.931;36.597;6.974;0.000;0.040;0.000;15;27.887;86.469;3;0;0;0;0;0;0;0
300;1;1;1;0.000000;0.000000;1.000000;21991.189955;21991.263889;21991.384258;812212;29140;144110;23;3603;29140;31808;100.000;3.699;4.025;553.395;634.666;7.634;158639;151863;144110;0.178;0.106;0.066;1.973;1.995;0.537;35.468;33.408;120.342;120.369;118.361;29.466;28.225;1.370;0.187;0.065;73.934;194.303;134.754;1.626;31.708;8.520;0.000;0.027;0.000;8;31.501;116.360;4;0;0;0;0;0;0;0
