frame_id;rx_complete;tx_complete;current_skip;yaw;pitch;zoom;camera_send_timestamp;recv_start_timestamp;node_exit_timestamp;original_points;rx_media_bytes;tx_points;rx_packets;tx_packets;payload_bytes;reference_size_bytes;data_integrity_pct;internal_throughput_mbs;reference_throughput_mbs;logical_bitrate_mbps;network_bitrate_mbps;reference_bitrate_mbps;arrived_points;eroded_points;valid_points;erosion_ms;reconstruction_ms;pose_ms;reconstruction_pipeline_ms;tx_duration_ms;active_tx_ms;active_process_ms;reference_process_ms;total_processing_ms;total_residency_ms;reference_residency_ms;node_efficiency_pct;reference_efficiency_pct;gpu_transfer_ms;gpu_copyback_ms;host_overhead_ms;camera_node_ms;e2e_latency_ms;schedule_delay_ms;inter_arrival_ms;instant_jitter_ms;desynced_jitter_ms;pose_control_ms;codec_queue_ms;frame_queue_ms;codec_backlog;decode_service_ms;decode_h265_ms;ffmpeg_write_calls;ffmpeg_write_failures;codec_queue_drops;tx_zero_accepts;tx_partial_accepts;tx_resubmit_calls;tx_resubmitted_packets;mbuf_starvation
1;1;1;1;0.000000;0.000000;1.000000;20953.664910;20953.725205;20953.854640;784142;141940;146318;142;1829;141940;158412;100.000;4.450;4.963;561.874;603.123;38.019;178911;159140;146318;0.212;0.127;0.078;2.956;1.650;0.098;31.019;29.292;129.389;129.434;127.769;23.965;22.926;1.384;0.190;0.964;60.295;189.729;129.434;0.000;0.000;0.000;0.000;0.046;0.000;68;26.414;124.766;8;0;0;0;0;0;0;0
2;1;1;1;0.000000;0.000000;1.000000;20953.698462;20953.757166;20953.893506;783406;28764;144182;29;1803;28764;32128;100.000;0.987;1.099;553.671;594.335;7.711;169393;156499;144182;0.217;0.127;0.077;4.544;1.323;0.067;43.466;42.066;115.113;136.340;134.999;31.881;31.160;1.403;1.209;1.512;58.704;195.044;134.968;31.961;1.373;0.086;0.000;21.227;0.001;32;37.599;109.226;2;0;0;0;0;0;0;0
3;1;1;1;0.000000;0.000000;1.000000;20953.731926;20953.786445;20953.925606;780200;23124;141754;24;1772;23124;25908;100.000;0.636;0.709;544.348;584.312;6.218;164369;153953;141754;0.219;0.129;0.082;2.236;1.175;0.365;37.960;36.703;139.151;139.161;137.965;27.277;26.603;1.464;0.231;0.110;54.519;193.680;133.734;29.279;4.054;0.334;0.000;0.010;0.000;13;34.549;135.718;4;0;0;0;0;0;0;0
4;1;1;1;0.000000;0.000000;1.000000;20953.768070;20953.823006;20953.962302;778467;22748;139430;23;1743;22748;25416;100.000;0.794;0.883;535.424;574.733;6.100;160176;150044;139430;0.234;0.114;0.071;5.007;1.090;0.062;40.103;38.942;139.262;139.296;138.184;28.790;28.181;1.637;1.535;1.416;54.937;194.233;137.097;36.561;3.228;0.515;0.000;0.034;0.000;15;34.006;133.142;3;0;0;0;0;0;0;0
5;1;1;1;0.000000;0.000000;1.000000;20953.799404;20953.851827;20953.994968;776427;22184;137802;23;1723;22184;24852;100.000;0.546;0.609;529.172;568.031;5.964;157416;147596;137802;0.210;0.118;0.071;2.766;1.189;0.356;38.763;37.503;143.120;143.141;141.934;27.080;26.423;1.477;0.180;0.711;52.423;195.564;136.429;28.821;4.512;0.765;0.000;0.021;0.000;14;34.807;139.145;3;0;0;0;0;0;0;0
6;1;1;1;0.000000;0.000000;1.000000;20953.833577;20953.892731;20954.030991;774893;24440;137230;25;1716;24440;27340;100.000;0.712;0.794;526.976;565.676;6.562;155702;146729;137230;0.198;0.115;0.071;2.089;1.553;0.089;39.967;38.343;138.216;138.260;136.680;28.907;28.053;1.424;0.186;0.095;59.153;197.414;139.119;40.903;7.570;1.190;0.000;0.044;0.000;20;36.325;134.546;3;0;0;0;0;0;0;0
7;1;1;1;0.000000;0.000000;1.000000;20953.866021;20953.927215;20954.060466;775949;25004;137590;26;1720;25004;28020;100.000;0.742;0.829;528.358;567.149;6.725;155688;147260;137590;0.205;0.116;0.072;2.247;1.432;0.373;33.109;31.605;133.211;133.251;131.787;24.847;23.982;1.459;0.284;0.113;61.194;194.445;135.260;34.484;1.151;1.187;0.000;0.040;0.000;14;29.430;129.499;4;0;0;0;0;0;0;0
8;1;1;1;0.000000;0.000000;1.000000;20953.898543;20953.961080;20954.094400;775463;26320;137746;27;1722;26320;29452;100.000;0.812;0.906;528.957;567.793;7.068;154960;147284;137746;0.212;0.117;0.072;2.442;0.823;0.053;37.625;36.730;133.293;133.320;132.478;28.221;27.725;1.635;0.180;0.227;62.537;195.857;135.862;33.866;0.533;1.146;0.000;0.027;0.000;13;34.360;130.009;4;0;0;0;0;0;0;0
9;1;1;1;0.000000;0.000000;1.000000;20953.931866;20953.993621;20954.126951;775698;25944;138024;26;1726;25944;28960;100.000;0.789;0.878;530.025;568.951;6.950;154556;147480;138024;0.193;0.111;0.069;2.185;0.982;0.056;35.803;34.753;133.295;133.330;132.330;26.853;26.262;1.501;0.204;0.107;61.754;195.084;135.079;32.540;0.793;1.124;0.000;0.035;0.001;16;32.637;130.100;4;0;0;0;0;0;0;0
10;1;1;1;0.000000;0.000000;1.000000;20953.965279;20954.026645;20954.162144;778020;25380;138278;26;1729;25380;28396;100.000;0.721;0.803;531.000;569.994;6.815;153976;146817;138278;0.192;0.111;0.067;2.853;1.379;0.453;38.351;36.906;135.473;135.499;134.097;28.304;27.522;1.456;0.183;0.845;61.366;196.865;136.939;33.024;0.309;1.073;0.000;0.026;0.000;14;34.119;131.216;4;0;0;0;0;0;0;0
11;1;1;1;0.000000;0.000000;1.000000;20953.998599;20954.062044;20954.198141;778554;24064;139114;25;1739;24064;26964;100.000;0.771;0.860;534.210;573.430;6.471;154586;147875;139114;0.193;0.110;0.066;2.666;1.431;0.088;40.225;38.729;136.046;136.097;134.641;29.556;28.764;1.451;0.199;0.649;63.445;199.542;139.602;35.399;2.066;1.135;0.000;0.051;0.000;24;36.128;131.922;2;0;0;0;0;0;0;0
12;1;1;1;0.000000;0.000000;1.000000;20954.032809;20954.093427;20954.228042;779986;25756;140496;26;1757;25756;28772;100.000;0.736;0.820;539.517;579.143;6.905;155450;148967;140496;0.201;0.112;0.070;2.379;1.458;0.412;33.989;32.462;134.590;134.616;133.127;25.249;24.384;1.617;0.273;0.107;60.617;195.233;136.170;31.383;1.951;1.186;0.000;0.026;0.000;14;30.152;130.721;4;0;0;0;0;0;0;0
13;1;1;1;0.000000;0.000000;1.000000;20954.065217;20954.128576;20954.262108;780926;25944;142868;26;1786;25944;28960;100.000;0.815;0.907;548.626;588.905;6.950;157559;150948;142868;0.185;0.108;0.068;3.357;0.920;0.059;37.909;36.921;133.484;133.532;132.591;28.389;27.846;1.353;0.191;1.453;63.359;196.891;136.903;35.149;1.816;1.226;0.000;0.049;0.000;25;33.632;129.184;2;0;0;0;0;0;0;0
14;1;1;1;0.000000;0.000000;1.000000;20954.098746;20954.160566;20954.296215;782770;26696;144928;27;1812;26696;29828;100.000;0.786;0.876;556.536;597.402;7.159;159221;152767;144928;0.187;0.108;0.067;2.760;1.571;0.465;38.381;36.743;135.632;135.649;134.055;28.294;27.409;1.479;0.191;0.729;61.820;197.469;137.676;31.990;1.343;1.233;0.000;0.016;0.000;22;34.050;131.278;3;0;0;0;0;0;0;0
15;1;1;1;0.000000;0.000000;1.000000;20954.132100;20954.194694;20954.329965;784474;27260;146044;28;1826;27260;30508;100.000;0.782;0.872;560.821;602.004;7.322;159870;153190;146044;0.192;0.109;0.068;4.386;1.525;0.088;38.078;36.485;135.223;135.271;133.724;28.149;27.284;1.525;1.209;1.284;62.594;197.865;138.093;34.128;0.794;1.206;0.000;0.049;0.000;26;32.167;129.287;2;0;0;0;0;0;0;0
16;1;1;1;0.000000;0.000000;1.000000;20954.165324;20954.229737;20954.365121;785193;131600;145822;132;1823;131600;146912;100.000;4.114;4.590;559.969;601.083;35.259;177968;156948;145822;0.186;0.106;0.067;3.427;1.533;0.083;41.050;39.451;135.353;135.384;133.815;30.321;29.482;1.432;0.218;1.419;64.413;199.797;139.916;35.043;1.710;1.237;0.000;0.031;0.000;46;36.090;130.355;8;0;0;0;0;0;0;0
17;1;1;1;0.000000;0.000000;1.000000;20954.199507;20954.261963;20954.394205;782720;28764;144126;29;1802;28764;32128;100.000;0.888;0.989;553.456;594.097;7.711;169048;155711;144126;0.191;0.111;0.068;2.426;1.558;0.506;34.039;32.413;132.223;132.242;130.645;25.740;24.810;1.671;0.276;0.111;62.456;194.697;135.666;32.226;1.107;1.229;0.000;0.019;0.000;20;30.055;128.199;3;0;0;0;0;0;0;0
18;1;1;1;0.000000;0.000000;1.000000;20954.231399;20954.294466;20954.429854;781613;23124;141930;24;1775;23124;25908;100.000;0.673;0.751;545.024;585.055;6.218;164438;152319;141930;0.187;0.108;0.065;2.476;0.987;0.065;39.648;38.596;135.340;135.388;134.380;29.284;28.721;1.389;0.190;0.538;63.067;198.455;137.982;32.503;0.831;1.204;0.000;0.048;0.000;20;36.185;131.855;4;0;0;0;0;0;0;0
19;1;1;1;0.000000;0.000000;1.000000;20954.265424;20954.329030;20954.459701;780006;22372;139740;23;1747;22372;25040;100.000;0.692;0.772;536.614;576.014;6.010;160724;150232;139740;0.203;0.109;0.068;2.240;1.713;0.467;33.293;31.512;130.660;130.671;128.930;25.479;24.441;1.449;0.294;0.118;63.606;194.277;134.496;34.564;1.231;1.206;0.000;0.011;0.000;18;29.340;126.671;3;0;0;0;0;0;0;0
20;1;1;1;0.000000;0.000000;1.000000;20954.298822;20954.361520;20954.486517;780302;22748;138346;23;1730;22748;25416;100.000;0.664;0.739;531.261;570.277;6.100;158111;148368;138346;0.178;0.104;0.063;2.224;1.567;0.088;30.766;29.136;124.956;124.996;123.401;24.613;23.611;1.566;0.218;0.094;62.698;187.694;127.978;32.490;0.843;1.183;0.000;0.040;0.000;17;26.975;121.135;4;0;0;0;0;0;0;0
21;1;1;1;0.000000;0.000000;1.000000;20954.332522;20954.395956;20954.527247;779066;25004;137844;26;1724;25004;28020;100.000;0.811;0.906;529.333;568.214;6.725;156169;147318;137844;0.195;0.110;0.066;2.376;1.382;0.417;44.520;43.073;131.283;131.291;129.883;33.909;33.163;1.634;0.255;0.117;63.434;194.726;135.375;34.436;1.102;1.178;0.000;0.009;0.000;19;40.762;127.496;5;0;0;0;0;0;0;0
22;1;1;1;0.000000;0.087266;1.000000;20954.366371;20954.426923;20954.562836;778280;24816;138092;25;1727;24816;27716;100.000;0.912;1.015;530.286;569.234;6.652;156257;148169;138092;1.143;0.108;0.066;4.231;1.217;0.067;39.347;38.064;135.867;135.913;134.674;28.950;28.264;1.633;0.181;1.101;60.552;196.465;137.631;30.967;2.366;1.252;21.121;0.046;0.000;20;33.899;130.395;4;0;0;0;0;0;0;0
23;1;1;1;0.000000;0.087266;1.000000;20954.398640;20954.454283;20954.595930;778907;26132;138240;27;1728;26132;29264;100.000;0.642;0.717;530.854;569.825;7.023;155625;148274;138240;0.188;0.108;0.066;2.699;1.066;0.063;38.545;37.413;141.595;141.646;140.565;27.212;26.617;1.517;0.181;0.640;55.644;197.290;137.391;27.360;5.973;1.547;0.000;0.052;0.000;26;34.780;137.813;2;0;0;0;0;0;0;0
24;1;1;1;0.000000;0.087266;1.000000;20954.432365;20954.495155;20954.626997;779289;24064;138556;25;1732;24064;26964;100.000;0.724;0.809;532.068;571.129;6.471;155068;147825;138556;0.239;0.111;0.070;2.459;1.560;0.512;34.818;33.189;131.785;131.842;130.255;26.409;25.480;1.649;0.290;0.101;62.790;194.632;135.125;40.872;7.538;1.922;0.000;0.057;0.000;23;30.800;127.738;2;0;0;0;0;0;0;0
25;1;1;1;0.000000;0.087266;1.000000;20954.467668;20954.528529;20954.661287;779739;25192;138952;26;1737;25192;28208;100.000;0.769;0.858;533.588;572.762;6.770;154886;148003;138952;0.187;0.106;0.066;2.670;0.983;0.063;38.315;37.266;132.733;132.758;131.756;28.861;28.284;1.548;0.183;0.580;60.861;193.619;136.082;33.374;0.041;1.804;0.000;0.025;0.000;11;34.662;129.060;4;0;0;0;0;0;0;0
26;1;1;1;0.000000;0.087266;1.000000;20954.499112;20954.561456;20954.693020;779364;26508;139454;27;1744;26508;29640;100.000;0.801;0.892;535.516;574.848;7.114;155037;148137;139454;0.226;0.108;0.069;2.288;1.684;0.471;35.368;33.615;131.535;131.564;129.846;26.883;25.889;1.441;0.279;0.166;62.344;193.908;134.482;32.927;0.407;1.717;0.000;0.029;0.000;13;31.396;127.528;3;0;0;0;0;0;0;0
27;1;1;1;0.000000;0.087266;1.000000;20954.531945;20954.594713;20954.719712;780025;26696;140520;27;1757;26696;29828;100.000;0.789;0.879;539.609;579.235;7.159;155674;148906;140520;0.185;0.104;0.063;2.270;1.352;0.078;30.674;29.259;124.988;124.999;123.625;24.539;23.667;1.620;0.208;0.089;62.768;187.767;127.840;33.257;0.076;1.614;0.000;0.010;0.000;21;27.052;121.344;4;0;0;0;0;0;0;0
28;1;1;1;0.000000;0.087266;1.000000;20954.565504;20954.628735;20954.762106;780373;26696;141820;27;1773;26696;29828;100.000;0.854;0.951;544.601;584.588;7.159;156436;150018;141820;0.193;0.109;0.068;2.632;1.413;0.416;46.011;44.530;133.329;133.372;131.935;34.498;33.752;1.558;0.186;0.518;63.231;196.602;136.901;34.021;0.688;1.556;0.000;0.042;0.000;18;41.966;129.260;3;0;0;0;0;0;0;0
29;1;1;1;0.000000;0.087266;1.000000;20954.599023;20954.660151;20954.793461;781651;27824;143812;28;1798;27824;31072;100.000;0.975;1.086;552.251;592.801;7.457;158103;151744;143812;0.188;0.108;0.069;2.199;1.415;0.087;35.383;33.900;133.259;133.310;131.872;26.542;25.707;1.449;0.290;0.095;61.128;194.437;134.922;31.416;1.917;1.579;0.000;0.051;0.001;27;31.770;129.608;2;0;0;0;0;0;0;0
30;1;1;1;0.000000;0.087266;1.000000;20954.631958;20954.688814;20954.829192;781375;26320;144756;27;1810;26320;29452;100.000;0.663;0.739;555.876;596.697;7.068;158909;152425;144756;0.183;0.104;0.063;2.394;1.136;0.066;39.342;38.143;140.348;140.378;139.218;28.026;27.398;1.774;0.191;0.078;56.857;197.234;137.320;28.664;4.670;1.772;0.000;0.029;0.000;13;35.813;136.794;3;0;0;0;0;0;0;0
31;1;1;1;0.000000;0.087266;1.000000;20954.665788;20954.728713;20954.860437;784392;130848;143948;131;1800;130848;146044;100.000;4.120;4.596;552.773;593.368;35.051;176776;155937;143948;0.229;0.110;0.067;2.741;1.311;0.326;34.770;33.393;131.708;131.724;130.389;26.396;25.610;1.796;0.286;0.254;62.926;194.649;135.231;39.899;6.565;2.072;0.000;0.015;0.000;92;30.718;127.630;5;0;0;0;0;0;0;0
32;1;1;1;0.000000;0.087266;1.000000;20954.700689;20954.760531;20954.895670;782671;28764;141972;29;1775;28764;32128;100.000;0.823;0.917;545.185;585.216;7.711;167823;154032;141972;0.194;0.108;0.063;4.526;1.185;0.068;39.283;38.035;135.115;135.139;133.933;29.069;28.399;1.658;1.210;1.293;59.842;194.981;137.131;31.818;1.515;2.037;0.000;0.024;0.000;13;33.573;129.380;4;0;0;0;0;0;0;0
33;1;1;1;0.000000;0.087266;1.000000;20954.732191;20954.795642;20954.929423;776999;23500;139814;24;1748;23500;26284;100.000;0.738;0.823;536.898;576.321;6.308;162493;151172;139814;0.197;0.108;0.067;2.743;1.365;0.359;39.460;38.028;133.763;133.781;132.396;29.496;28.723;1.476;0.183;0.713;63.451;197.232;137.551;35.110;1.777;2.021;0.000;0.018;0.000;15;35.352;129.635;4;0;0;0;0;0;0;0
34;1;1;1;0.000000;0.087266;1.000000;20954.765257;20954.827628;20954.959812;778650;22936;137648;23;1721;22936;25604;100.000;0.673;0.748;528.581;567.394;6.145;158009;147496;137648;0.192;0.108;0.066;2.185;0.978;0.057;34.493;33.450;132.166;132.184;131.187;26.095;25.498;1.430;0.263;0.127;62.371;194.555;134.607;31.986;1.347;1.979;0.000;0.018;0.001;16;31.331;128.982;3;0;0;0;0;0;0;0
35;1;1;1;0.000000;0.087266;1.000000;20954.798723;20954.861899;20954.997204;778007;23124;137154;24;1715;23124;25908;100.000;0.704;0.786;526.684;565.362;6.218;156436;146459;137154;0.187;0.104;0.065;3.351;1.624;0.505;40.549;38.861;135.270;135.306;133.661;29.969;29.074;1.384;0.186;1.425;63.176;198.482;138.666;34.271;0.938;1.914;0.000;0.036;0.000;11;35.574;130.273;4;0;0;0;0;0;0;0
36;1;1;1;0.000000;0.087266;1.000000;20954.832041;20954.895024;20955.027068;776483;25004;138046;26;1726;25004;28020;100.000;0.764;0.853;530.109;569.035;6.725;155955;147025;138046;0.199;0.109;0.069;2.453;1.243;0.076;34.825;33.513;132.022;132.044;130.770;26.374;25.628;1.682;0.296;0.098;62.983;195.027;135.196;33.126;0.207;1.807;0.000;0.022;0.000;19;31.129;128.294;3;0;0;0;0;0;0;0
37;1;1;1;0.000000;0.087266;1.000000;20954.865219;20954.927904;20955.055600;781287;26132;139346;27;1742;26132;29264;100.000;0.781;0.872;535.101;574.388;7.023;157465;149465;139346;0.185;0.105;0.065;2.835;1.503;0.086;32.230;30.662;127.679;127.696;126.168;25.240;24.303;1.725;0.215;0.541;62.685;190.381;130.394;32.880;0.454;1.722;0.000;0.016;0.001;16;27.891;123.314;4;0;0;0;0;0;0;0
38;1;1;1;0.000000;0.087266;1.000000;20954.899269;20954.961536;20955.095164;780329;28012;141098;29;1764;28012;31376;100.000;0.876;0.978;541.829;581.612;7.530;157640;150117;141098;0.197;0.110;0.067;2.985;1.170;0.335;43.909;42.672;133.603;133.628;132.443;32.859;32.219;1.382;0.180;1.050;62.267;195.895;136.625;33.632;0.298;1.633;0.000;0.025;0.000;13;39.754;129.432;6;0;0;0;0;0;0;0
39;1;1;1;0.000000;0.087266;1.000000;20954.932119;20954.993663;20955.129191;780785;28952;142238;29;1778;28952;32316;100.000;1.006;1.119;546.206;586.306;7.756;158183;150821;142238;0.221;0.109;0.066;3.169;1.056;0.058;38.172;37.050;135.474;135.528;134.457;28.165;27.555;1.500;0.187;1.086;61.543;197.072;137.319;32.127;1.206;1.607;0.000;0.055;0.000;28;33.947;131.224;2;0;0;0;0;0;0;0
40;1;1;1;0.000000;0.087266;1.000000;20954.965417;20955.022609;20955.160461;785430;30080;143844;31;1799;30080;33676;100.000;0.752;0.840;552.373;592.946;8.082;159338;152086;143844;0.235;0.113;0.068;2.457;1.275;0.333;35.489;34.147;137.789;137.852;136.561;25.744;25.005;1.653;0.290;0.099;57.192;195.044;135.256;28.946;4.387;1.780;0.000;0.063;0.000;31;31.758;134.039;2;0;0;0;0;0;0;0
41;1;1;1;0.000000;0.087266;1.000000;20954.999031;20955.062778;20955.197181;789479;31020;146416;32;1831;31020;34732;100.000;1.004;1.121;562.250;603.545;8.336;161451;154261;146416;0.194;0.111;0.066;4.613;1.948;0.118;40.433;38.420;134.387;134.403;132.425;30.084;29.013;1.722;1.223;1.298;63.747;198.150;138.643;40.169;6.836;2.096;0.000;0.016;0.000;20;33.873;127.794;4;0;0;0;0;0;0;0
42;1;1;1;0.000000;0.087266;1.000000;20955.033269;20955.093806;20955.231063;789348;31584;148106;32;1852;31584;35296;100.000;0.928;1.034;568.740;610.508;8.471;163175;156456;148106;0.184;0.108;0.067;2.386;1.509;0.474;40.451;38.875;137.233;137.257;135.730;29.471;28.642;1.379;0.197;0.453;60.536;197.794;139.191;31.027;2.306;2.110;0.000;0.025;0.000;23;36.556;133.317;4;0;0;0;0;0;0;0
43;1;1;1;0.000000;0.087266;1.000000;20955.064877;20955.127975;20955.260426;792714;31584;149298;32;1867;31584;35296;100.000;0.934;1.041;573.317;615.424;8.471;164202;157630;149298;0.188;0.113;0.069;2.507;1.266;0.078;33.243;31.908;132.365;132.451;131.156;25.098;24.328;1.694;0.312;0.131;63.098;195.549;135.220;34.169;0.836;2.030;0.000;0.086;0.001;32;29.470;128.561;2;0;0;0;0;0;0;0
44;1;1;1;-0.087266;0.087266;1.000000;20955.098698;20955.161978;20955.297765;790865;31960;150365;32;1880;31960;35672;100.000;0.937;1.043;577.414;619.814;8.561;165443;158450;150365;0.188;0.109;0.067;2.684;1.715;0.529;41.113;39.331;135.760;135.787;134.048;30.277;29.341;1.412;0.203;0.706;63.279;199.066;139.226;34.003;0.670;1.945;12.081;0.027;0.000;20;36.713;131.336;3;0;0;0;0;0;0;0
45;1;1;1;-0.087266;0.087266;1.000000;20955.132372;20955.196392;20955.327653;787976;32148;151606;33;1896;32148;35976;100.000;1.018;1.136;582.180;624.941;8.634;166156;159454;151606;0.196;0.112;0.070;2.440;1.254;0.074;34.277;32.953;130.588;131.261;129.975;26.114;25.353;1.660;0.304;0.099;64.020;195.281;135.781;34.415;1.081;1.891;0.000;0.673;0.000;32;30.583;126.861;2;0;0;0;0;0;0;0
46;1;1;1;-0.087266;0.087266;1.000000;20955.165257;20955.228132;20955.356137;789717;145700;151650;146;1896;145700;162636;100.000;4.259;4.751;582.348;625.110;39.033;188890;165163;151650;0.180;0.108;0.066;2.001;1.425;0.086;32.187;30.697;127.985;128.006;126.563;25.145;24.254;1.382;0.197;0.069;62.875;190.880;130.932;31.740;1.594;1.872;0.000;0.021;0.000;74;28.761;124.539;6;0;0;0;0;0;0;0
47;1;1;1;-0.087266;0.087266;1.000000;20955.199557;20955.262446;20955.396018;784950;29704;150558;30;1882;29704;33184;100.000;0.944;1.051;578.155;620.601;7.964;179115;163191;150558;0.231;0.111;0.069;2.430;1.621;0.492;43.296;41.607;133.506;133.572;131.926;32.414;31.538;1.647;0.199;0.174;62.889;196.461;137.479;34.314;0.981;1.817;0.000;0.066;0.000;29;39.245;129.429;2;0;0;0;0;0;0;0
48;1;1;1;-0.087266;0.087266;1.000000;20955.232312;20955.294056;20955.426678;781130;24628;148538;25;1857;24628;27528;100.000;0.877;0.977;570.398;612.280;6.607;174491;161518;148538;0.193;0.111;0.071;2.470;1.147;0.070;34.712;33.494;132.601;132.622;131.453;26.174;25.480;1.718;0.302;0.077;61.743;194.365;134.805;31.610;1.723;1.811;0.000;0.021;0.000;17;31.094;128.961;3;0;0;0;0;0;0;0
49;1;1;1;-0.087266;0.087266;1.000000;20955.265389;20955.322291;20955.454131;780468;24628;147276;25;1841;24628;27528;100.000;0.629;0.701;565.552;607.073;6.607;169683;158314;147276;0.187;0.105;0.067;2.208;1.599;0.290;31.058;29.392;131.799;131.840;130.222;23.557;22.571;1.547;0.211;0.091;56.902;188.742;128.926;28.235;5.098;2.016;0.000;0.041;0.000;18;27.250;127.959;3;0;0;0;0;0;0;0
50;1;1;1;-0.087266;0.087266;1.000000;20955.299210;20955.361602;20955.497590;783376;24816;146748;25;1835;24816;27716;100.000;0.764;0.851;563.525;604.910;6.652;166714;156688;146748;0.216;0.105;0.066;4.507;1.664;0.495;47.257;45.527;135.948;135.988;134.300;34.751;33.900;1.615;1.215;1.290;62.392;198.380;139.051;39.311;5.977;2.264;0.000;0.041;0.000;24;41.086;129.750;2;0;0;0;0;0;0;0
51;1;1;1;-0.087266;0.087266;1.000000;20955.332641;20955.394229;20955.529258;787237;29328;145970;30;1825;29328;32808;100.000;1.041;1.161;560.537;601.697;7.874;163927;154647;145970;0.236;0.110;0.067;2.672;1.136;0.072;37.840;36.637;135.005;135.029;133.872;28.023;27.367;1.574;0.196;0.490;61.588;196.617;137.386;32.628;0.706;2.166;0.000;0.024;0.000;20;34.032;131.175;4;0;0;0;0;0;0;0
52;1;1;1;-0.087266;0.087266;1.000000;20955.365728;20955.422548;20955.560305;787734;31020;147302;32;1842;31020;34732;100.000;0.786;0.877;565.652;607.195;8.336;163921;154970;147302;0.195;0.110;0.070;2.455;1.594;0.531;34.839;33.175;137.729;137.757;136.129;25.290;24.370;1.688;0.292;0.100;56.820;194.577;135.100;28.319;5.014;2.344;0.000;0.028;0.000;11;30.790;133.645;5;0;0;0;0;0;0;0
53;1;1;1;-0.087266;0.087266;1.000000;20955.398962;20955.462214;20955.593959;787059;31396;148046;32;1851;31396;35108;100.000;0.922;1.028;568.509;610.255;8.426;163880;155377;148046;0.189;0.110;0.071;2.373;1.089;0.062;37.716;36.556;131.689;131.746;130.640;28.628;27.982;1.686;0.224;0.094;63.251;194.997;135.421;39.665;6.332;2.594;0.000;0.056;0.000;29;34.254;128.209;3;0;0;0;0;0;0;0
54;1;1;1;-0.087266;0.087266;1.000000;20955.433862;20955.496366;20955.629314;786051;31396;148712;32;1859;31396;35108;100.000;0.999;1.114;571.067;612.993;8.426;163752;156015;148712;0.181;0.106;0.066;2.411;1.513;0.458;38.808;37.230;132.886;132.948;131.413;29.190;28.330;1.787;0.196;0.075;62.503;195.452;137.442;34.152;0.819;2.483;0.000;0.062;0.000;29;34.884;128.939;4;0;0;0;0;0;0;0
55;1;1;1;-0.087266;0.087266;1.000000;20955.465142;20955.527914;20955.659822;796213;30456;148706;31;1859;30456;34052;100.000;0.896;0.999;571.044;612.970;8.172;163350;156198;148706;0.192;0.110;0.069;2.192;1.575;0.091;34.429;32.786;131.900;131.909;130.311;26.101;25.160;1.434;0.293;0.095;62.772;194.680;134.617;31.548;1.785;2.439;0.000;0.008;0.000;27;30.663;128.110;3;0;0;0;0;0;0;0
56;1;1;1;-0.087266;0.087266;1.000000;20955.498682;20955.562073;20955.695016;790191;30456;148654;31;1859;30456;34052;100.000;0.916;1.021;570.844;612.770;8.172;162711;155789;148654;0.199;0.112;0.069;2.764;1.352;0.404;38.957;37.536;132.905;132.943;131.568;29.304;28.530;1.515;0.195;0.674;63.391;196.334;136.477;34.160;0.826;2.338;0.000;0.038;0.000;18;34.841;128.764;3;0;0;0;0;0;0;0
57;1;1;1;-0.087266;0.087266;1.000000;20955.532248;20955.595501;20955.726774;798808;30832;148762;31;1860;30832;34428;100.000;0.973;1.083;571.259;613.208;8.263;162756;155654;148762;0.195;0.114;0.073;2.249;1.798;0.110;35.867;33.996;131.250;131.273;129.449;27.322;26.262;1.465;0.297;0.106;63.253;194.526;134.902;33.428;0.095;2.198;0.000;0.023;0.000;19;31.819;127.174;4;0;0;0;0;0;0;0
58;1;1;1;-0.087266;0.087266;1.000000;20955.565233;20955.627343;20955.753817;797924;30268;149280;31;1866;30268;33864;100.000;0.870;0.970;573.248;615.332;8.127;163186;156181;149280;0.180;0.106;0.067;2.315;1.518;0.138;31.096;29.511;126.457;126.474;124.940;24.587;23.620;1.655;0.199;0.107;62.110;188.584;128.611;31.842;1.492;2.154;0.000;0.018;0.001;24;27.263;122.604;3;0;0;0;0;0;0;0
59;1;1;1;-0.087266;0.087266;1.000000;20955.598522;20955.662322;20955.797070;794477;30456;149798;31;1873;30456;34052;100.000;0.981;1.094;575.237;617.479;8.172;163385;156786;149798;0.218;0.106;0.066;2.504;1.825;0.500;47.074;45.184;134.713;134.748;132.898;34.935;33.999;1.831;0.197;0.085;63.800;198.548;138.531;34.979;1.646;2.122;0.000;0.035;0.000;16;42.745;130.358;4;0;0;0;0;0;0;0
60;1;1;1;-0.087266;0.087266;1.000000;20955.632115;20955.693500;20955.830036;789053;30456;150698;31;1884;30456;34052;100.000;1.035;1.154;578.693;621.183;8.172;164074;157604;150698;0.187;0.113;0.070;4.561;1.422;0.081;37.283;35.792;136.503;136.536;135.091;27.307;26.494;1.663;1.217;1.312;61.386;197.922;138.164;31.179;2.155;2.124;0.000;0.032;0.000;21;31.300;130.484;4;0;0;0;0;0;0;0
61;1;1;1;-0.087266;0.087266;1.000000;20955.664979;20955.723066;20955.864887;783874;143444;149328;144;1867;143444;160148;100.000;3.678;4.104;573.432;615.539;38.436;186216;162709;149328;0.194;0.110;0.067;2.479;1.864;0.566;40.828;38.898;141.765;141.821;139.932;28.789;27.798;1.732;0.217;0.161;58.087;199.908;139.682;29.565;3.768;2.227;0.000;0.056;0.000;115;36.485;137.396;5;0;0;0;0;0;0;0
62;1;1;1;-0.087266;0.087266;1.000000;20955.698883;20955.762160;20955.896281;782785;28576;146986;29;1838;28576;31940;100.000;0.886;0.987;564.439;605.892;7.666;175811;160606;146986;0.187;0.109;0.068;2.767;1.082;0.070;35.741;34.592;134.069;134.121;133.021;26.649;26.005;1.527;0.193;0.683;63.277;197.398;137.742;39.094;5.761;2.448;0.000;0.053;0.000;23;31.893;130.201;3;0;0;0;0;0;0;0
63;1;1;1;-0.087266;0.087266;1.000000;20955.733434;20955.794573;20955.927547;782791;23312;145010;24;1813;23312;26096;100.000;0.677;0.755;556.851;597.740;6.263;170311;157273;145010;0.189;0.110;0.072;2.411;1.549;0.446;35.087;33.466;132.943;132.973;131.383;26.386;25.472;1.638;0.272;0.130;61.140;194.113;135.675;32.414;0.920;2.352;0.000;0.030;0.001;13;31.127;128.939;4;0;0;0;0;0;0;0
64;1;1;1;-0.087266;0.087266;1.000000;20955.765181;20955.829247;20955.964619;782127;22184;143356;23;1792;22184;24852;100.000;0.664;0.741;550.500;590.915;5.964;165342;154121;143356;0.246;0.109;0.067;2.435;1.024;0.064;41.048;39.957;135.347;135.373;134.327;30.322;29.746;1.578;0.188;0.247;64.065;199.438;139.414;34.673;1.340;2.289;0.000;0.026;0.000;15;37.589;131.865;3;0;0;0;0;0;0;0
65;1;1;1;-0.087266;0.087266;1.000000;20955.799080;20955.862884;20955.993733;785507;22748;142428;23;1781;22748;25416;100.000;0.713;0.794;546.936;587.103;6.100;163256;152932;142428;0.196;0.109;0.069;2.439;1.518;0.442;32.559;30.973;130.823;130.849;129.299;24.883;23.954;1.640;0.299;0.127;63.804;194.653;135.194;33.637;0.304;2.165;0.000;0.026;0.000;17;28.602;126.832;3;0;0;0;0;0;0;0
66;1;1;1;-0.087266;0.087266;1.000000;20955.832386;20955.894927;20956.020613;789017;24252;142296;25;1779;24252;27152;100.000;0.714;0.796;546.429;586.551;6.516;161217;152060;142296;0.223;0.105;0.065;2.278;1.398;0.089;30.833;29.370;125.658;125.686;124.256;24.532;23.637;1.566;0.213;0.106;62.541;188.227;128.741;32.043;1.290;2.110;0.000;0.028;0.000;13;27.156;121.948;3;0;0;0;0;0;0;0
67;1;1;1;-0.087266;0.087266;1.000000;20955.865670;20955.929090;20956.062467;789641;25756;142550;26;1782;25756;28772;100.000;0.829;0.923;547.404;587.594;6.905;160619;151848;142550;0.176;0.105;0.066;2.413;1.244;0.456;45.543;44.234;133.353;133.377;132.118;34.146;33.481;1.816;0.186;0.064;63.420;196.797;137.261;34.163;0.829;2.030;0.000;0.024;0.001;15;41.886;129.679;4;0;0;0;0;0;0;0
68;1;1;1;-0.087266;0.087266;1.000000;20955.898720;20955.960298;20956.093438;784718;26320;142638;27;1783;26320;29452;100.000;0.926;1.033;547.742;587.954;7.068;160189;151984;142638;0.246;0.113;0.071;2.549;1.117;0.066;34.609;33.421;133.110;133.140;131.992;25.994;25.321;1.739;0.265;0.116;61.579;194.719;134.900;31.208;2.125;2.036;0.000;0.030;0.000;16;30.943;129.411;4;0;0;0;0;0;0;0
69;1;1;1;-0.087266;0.087266;1.000000;20955.931703;20955.988848;20956.120444;778159;27636;142942;28;1787;27636;30884;100.000;0.694;0.773;548.910;589.212;7.412;159752;152109;142942;0.184;0.106;0.066;2.233;1.289;0.085;30.677;29.323;131.545;131.596;130.285;23.312;22.507;1.564;0.215;0.098;57.145;188.741;128.572;28.549;4.784;2.208;0.000;0.051;0.000;27;27.155;127.999;2;0;0;0;0;0;0;0
70;1;1;1;-0.087266;0.087266;1.000000;20955.966020;20956.028862;20956.163562;776327;28200;143886;29;1799;28200;31564;100.000;0.890;0.993;552.535;593.108;7.575;160022;152605;143886;0.184;0.108;0.066;2.909;1.568;0.553;46.623;44.989;134.668;134.700;133.103;34.612;33.800;1.389;0.190;0.973;62.842;197.542;138.356;40.014;6.681;2.487;0.000;0.031;0.000;14;42.146;130.153;3;0;0;0;0;0;0;0
71;1;1;1;0.000000;0.087266;1.000000;20956.000207;20956.060703;20956.192435;786883;29892;145096;30;1814;29892;33372;100.000;1.059;1.178;557.181;598.092;8.009;161105;153902;145096;0.199;0.111;0.070;2.163;1.529;0.093;33.355;31.756;131.723;131.732;130.182;25.320;24.394;1.411;0.295;0.078;60.496;192.228;133.896;31.841;1.492;2.425;14.027;0.009;0.000;23;29.663;128.008;4;0;0;0;0;0;0;0
72;1;1;1;0.000000;0.087266;1.000000;20956.031937;20956.089085;20956.220276;787146;28764;146492;29;1832;28764;32128;100.000;0.731;0.814;562.542;603.859;7.711;162220;155308;146492;0.180;0.108;0.066;2.238;1.989;0.295;31.520;29.466;131.172;131.191;129.172;24.026;22.812;1.543;0.232;0.110;57.148;188.339;128.404;28.382;4.951;2.583;0.000;0.020;0.000;6;27.294;126.912;7;0;0;0;0;0;0;0
73;1;1;1;0.000000;0.087266;1.000000;20956.065156;20956.128629;20956.264336;781047;28576;148748;29;1860;28576;31940;100.000;0.914;1.018;571.205;613.154;7.666;164096;157376;148748;0.229;0.109;0.068;4.743;1.944;0.622;48.282;46.270;135.669;135.707;133.732;35.578;34.599;1.729;1.222;1.387;63.473;199.180;139.131;39.544;6.211;2.810;0.000;0.039;0.001;16;41.595;128.948;3;0;0;0;0;0;0;0
74;1;1;1;0.000000;0.087266;1.000000;20956.100440;20956.160044;20956.295691;782459;29892;150270;30;1879;29892;33372;100.000;1.100;1.225;577.049;619.427;8.009;165200;158366;150270;0.195;0.112;0.068;2.530;1.153;0.071;38.050;36.829;135.633;135.647;134.475;28.051;27.388;1.626;0.199;0.331;59.604;195.251;137.153;31.415;1.918;2.754;0.000;0.015;0.000;19;34.367;131.929;4;0;0;0;0;0;0;0
75;1;1;1;0.000000;0.087266;1.000000;20956.131784;20956.187351;20956.331504;781579;29892;150762;30;1885;29892;33372;100.000;0.722;0.804;578.939;621.452;8.009;165443;158701;150762;0.222;0.109;0.067;3.507;1.654;0.476;39.490;37.769;144.106;144.153;142.477;27.394;26.509;1.396;0.200;1.515;55.567;199.720;139.632;27.307;6.027;2.959;0.000;0.047;0.001;29;34.328;138.920;2;0;0;0;0;0;0;0
76;1;1;1;0.000000;0.087266;1.000000;20956.165540;20956.228958;20956.360837;784181;144384;151052;145;1889;144384;161204;100.000;4.251;4.743;580.052;622.656;38.689;189415;164593;151052;0.189;0.110;0.069;2.441;1.384;0.082;34.486;33.034;131.837;131.879;130.468;26.150;25.319;1.662;0.307;0.104;63.418;195.297;135.632;41.607;8.274;3.291;0.000;0.042;0.000;46;30.661;127.984;6;0;0;0;0;0;0;0
77;1;1;1;0.000000;0.087266;1.000000;20956.200652;20956.262948;20956.395613;782861;27824;150492;28;1882;27824;31072;100.000;0.890;0.990;577.902;620.347;7.457;178911;162722;150492;0.545;0.113;0.071;3.463;1.302;0.364;38.609;37.236;132.637;132.666;131.348;29.103;28.349;1.534;0.197;1.005;62.296;194.961;137.074;33.990;0.656;3.126;0.000;0.029;0.000;18;33.844;127.854;3;0;0;0;0;0;0;0
78;1;1;1;0.000000;0.087266;1.000000;20956.232201;20956.294363;20956.426324;779451;21244;148910;22;1862;21244;23796;100.000;0.638;0.711;571.827;613.821;5.711;174854;160921;148910;0.189;0.111;0.069;2.226;1.606;0.092;35.469;33.794;131.931;131.961;130.334;26.878;25.929;1.466;0.297;0.095;62.162;194.123;134.452;31.415;1.918;3.051;0.000;0.030;0.000;15;31.637;128.078;5;0;0;0;0;0;0;0
79;1;1;1;0.000000;0.087266;1.000000;20956.265546;20956.327848;20956.462103;784719;22184;147042;23;1839;22184;24852;100.000;0.638;0.712;564.654;606.129;5.964;168345;156705;147042;0.198;0.110;0.068;2.761;1.275;0.384;39.603;38.260;134.200;134.255;132.954;29.499;28.777;1.534;0.192;0.659;62.302;196.557;136.898;33.485;0.152;2.870;0.000;0.055;0.000;22;35.568;130.137;2;0;0;0;0;0;0;0
80;1;1;1;0.000000;0.087266;1.000000;20956.298599;20956.362841;20956.493537;780701;24816;146382;25;1830;24816;27716;100.000;0.797;0.886;562.119;603.392;6.652;165412;154869;146382;0.200;0.112;0.071;2.453;1.327;0.078;35.464;34.067;130.670;130.697;129.345;27.135;26.338;1.655;0.307;0.109;64.241;194.938;134.998;34.992;1.659;2.794;0.000;0.027;0.000;13;31.684;126.860;3;0;0;0;0;0;0;0
81;1;1;1;0.000000;0.087266;1.000000;20956.332518;20956.394127;20956.520941;785754;27824;145442;28;1819;27824;31072;100.000;0.804;0.895;558.510;599.534;7.457;164620;154911;145442;0.185;0.106;0.067;2.333;1.613;0.153;31.182;29.502;126.782;126.814;125.178;24.589;23.568;1.679;0.203;0.092;61.608;188.423;129.069;31.286;2.047;2.747;0.000;0.032;0.000;19;27.236;122.811;4;0;0;0;0;0;0;0
82;1;1;1;0.000000;0.087266;1.000000;20956.364888;20956.428940;20956.562973;783308;28388;145720;29;1822;28388;31752;100.000;0.899;1.002;559.577;600.669;7.620;163904;155342;145720;0.175;0.105;0.066;2.617;1.269;0.374;45.981;44.646;134.024;134.033;132.748;34.305;33.632;1.362;0.190;0.719;64.051;198.084;137.767;34.813;1.479;2.668;0.000;0.009;0.000;25;42.094;130.120;3;0;0;0;0;0;0;0
83;1;1;1;0.000000;0.087266;1.000000;20956.398756;20956.460655;20956.593449;782737;27636;145846;28;1824;27636;30884;100.000;0.979;1.091;560.061;601.198;7.412;163526;155172;145846;0.196;0.110;0.072;2.159;1.552;0.093;34.351;32.728;132.740;132.794;131.218;25.868;24.942;1.410;0.285;0.087;61.899;194.693;134.910;31.715;1.618;2.602;0.000;0.053;0.000;27;30.640;129.004;2;0;0;0;0;0;0;0
84;1;1;1;0.087266;0.087266;1.000000;20956.431811;20956.489029;20956.621412;781874;28764;146012;29;1826;28764;32128;100.000;0.721;0.803;560.699;601.881;7.711;163192;155341;146012;0.185;0.108;0.067;2.269;1.648;0.516;31.664;29.950;132.348;132.383;130.704;23.919;22.914;1.554;0.220;0.136;57.218;189.601;129.540;28.374;4.959;2.750;15.968;0.035;0.000;16;27.748;128.398;4;0;0;0;0;0;0;0
85;1;1;1;0.087266;0.087266;1.000000;20956.466089;20956.529100;20956.661637;780545;25004;146308;26;1829;25004;28020;100.000;0.784;0.875;561.835;603.085;6.725;163019;155223;146308;0.189;0.111;0.067;3.131;1.046;0.059;44.152;43.040;132.516;132.537;131.474;33.313;32.736;1.483;0.191;1.090;63.011;195.548;136.431;40.071;6.737;2.999;0.000;0.021;0.000;15;39.976;128.321;5;0;0;0;0;0;0;0
86;1;1;1;0.087266;0.087266;1.000000;20956.500646;20956.561163;20956.692858;778343;26884;146104;27;1827;26884;30016;100.000;0.962;1.071;561.052;602.256;7.204;162622;155492;146104;0.189;0.112;0.068;2.213;1.955;0.512;35.378;33.356;131.680;131.695;129.707;26.864;25.716;1.433;0.290;0.123;60.517;192.211;134.319;32.063;1.270;2.891;0.000;0.015;0.000;17;31.210;127.478;5;0;0;0;0;0;0;0
87;1;1;1;0.087266;0.087266;1.000000;20956.531464;20956.589248;20956.729170;778458;26508;145634;27;1821;26508;29640;100.000;0.671;0.748;559.247;600.316;7.114;161814;154922;145634;0.193;0.109;0.068;2.587;1.335;0.069;40.487;39.085;139.892;139.922;138.564;28.936;28.207;1.561;0.191;0.466;57.784;197.706;137.298;28.085;5.248;3.038;0.000;0.029;0.000;14;36.566;135.947;4;0;0;0;0;0;0;0
88;1;1;1;0.087266;0.087266;1.000000;20956.565873;20956.628976;20956.760322;778592;28764;145652;29;1821;28764;32128;100.000;0.920;1.024;559.316;600.385;7.711;161176;154554;145652;0.190;0.110;0.068;2.299;1.386;0.378;35.074;33.621;131.294;131.346;129.941;26.703;25.874;1.624;0.209;0.099;63.103;194.449;135.117;39.727;6.394;3.248;0.000;0.053;0.000;28;31.389;127.588;2;0;0;0;0;0;0;0
89;1;1;1;0.087266;0.087266;1.000000;20956.600059;20956.660378;20956.795703;779952;29516;146464;30;1831;29516;32996;100.000;0.859;0.957;562.434;603.729;7.919;161348;154629;146464;0.192;0.109;0.068;2.536;1.185;0.070;39.057;37.803;135.323;135.325;134.114;28.861;28.188;1.600;0.193;0.375;60.319;195.644;137.165;31.403;1.931;3.166;0.000;0.002;0.000;27;35.335;131.575;4;0;0;0;0;0;0;0
90;1;1;1;0.087266;0.087266;1.000000;20956.631795;20956.694900;20956.827478;779674;29328;148650;30;1859;29328;32808;100.000;0.898;1.002;570.828;612.755;7.874;163378;156800;148650;0.190;0.114;0.072;2.418;1.690;0.378;35.492;33.730;132.552;132.579;130.866;26.771;25.775;1.632;0.299;0.112;63.105;195.683;135.606;34.521;1.188;3.042;0.000;0.027;0.000;18;31.384;128.415;4;0;0;0;0;0;0;0
91;1;1;1;0.087266;0.087266;1.000000;20956.665249;20956.727678;20956.856285;781083;142504;149974;143;1875;142504;159092;100.000;4.222;4.710;575.913;618.200;38.182;187045;162867;149974;0.183;0.108;0.067;2.296;1.253;0.078;32.912;31.592;128.573;128.607;127.333;25.591;24.810;1.646;0.195;0.098;62.428;191.035;131.080;32.778;0.555;2.887;0.000;0.034;0.000;53;29.362;125.000;7;0;0;0;0;0;0;0
92;1;1;1;0.087266;0.087266;1.000000;20956.698948;20956.761519;20956.896533;780537;27260;150044;28;1876;27260;30508;100.000;0.834;0.930;576.181;618.492;7.322;178896;162990;150044;1.168;0.110;0.069;4.237;1.224;0.071;43.791;42.498;134.959;135.014;133.766;32.435;31.771;1.578;0.194;1.120;62.571;197.585;137.995;33.841;0.508;2.738;0.000;0.055;0.000;27;38.330;129.472;2;0;0;0;0;0;0;0
93;1;1;1;0.087266;0.087266;1.000000;20956.731928;20956.794330;20956.926912;773046;21620;148126;22;1852;21620;24172;100.000;0.764;0.850;568.816;610.585;5.801;174194;159631;148126;0.192;0.110;0.068;2.427;1.533;0.571;35.827;34.226;132.559;132.582;131.015;27.022;26.124;1.651;0.288;0.119;62.402;194.984;135.040;32.812;0.522;2.599;0.000;0.023;0.000;14;31.867;128.563;3;0;0;0;0;0;0;0
94;1;1;1;0.087266;0.087266;1.000000;20956.765679;20956.822797;20956.962712;770822;21056;145994;22;1825;21056;23608;100.000;0.534;0.597;560.629;601.789;5.666;169259;156321;145994;0.193;0.110;0.068;2.593;1.251;0.069;39.774;38.456;139.866;139.914;138.646;28.428;27.737;1.581;0.202;0.440;57.119;197.033;137.506;28.467;4.866;2.741;0.000;0.048;0.000;21;35.931;136.004;2;0;0;0;0;0;0;0
95;1;1;1;0.087266;0.087266;1.000000;20956.799479;20956.862421;20956.993984;778859;24440;143854;25;1799;24440;27340;100.000;0.751;0.838;552.412;592.985;6.562;164475;153679;143854;0.189;0.106;0.067;2.389;1.608;0.437;35.110;33.436;131.541;131.562;129.936;26.687;25.733;1.636;0.292;0.098;62.943;194.505;135.445;39.624;6.291;2.963;0.000;0.021;0.000;11;31.114;127.524;6;0;0;0;0;0;0;0
96;1;1;1;0.087266;0.087266;1.000000;20956.833814;20956.895081;20957.031078;778333;27824;144278;28;1804;27824;31072;100.000;0.831;0.925;554.040;594.726;7.457;163041;153656;144278;0.188;0.108;0.066;3.209;1.208;0.076;41.080;39.807;135.982;135.997;134.764;30.206;29.538;1.401;0.192;1.255;61.267;197.264;139.206;32.659;0.674;2.820;0.000;0.015;0.000;23;36.664;131.538;3;0;0;0;0;0;0;0
97;1;1;1;0.087266;0.087266;1.000000;20956.865275;20956.928739;20957.060719;782798;29328;144196;30;1803;29328;32808;100.000;0.905;1.009;553.725;594.388;7.874;162266;153539;144196;0.246;0.114;0.072;2.294;1.689;0.450;34.057;32.297;131.950;131.979;130.267;25.805;24.793;1.460;0.308;0.095;63.465;195.444;135.513;33.659;0.325;2.664;0.000;0.029;0.000;18;30.075;127.944;3;0;0;0;0;0;0;0
98;1;1;1;0.087266;0.087266;1.000000;20956.899212;20956.961306;20957.087567;781418;28200;144552;29;1807;28200;31564;100.000;0.826;0.922;555.092;595.846;7.575;162031;153974;144552;0.185;0.109;0.072;2.380;1.353;0.080;30.823;29.398;126.218;126.261;124.880;24.412;23.541;1.646;0.218;0.152;62.094;188.355;129.028;32.567;0.767;2.545;0.000;0.043;0.000;20;27.090;122.456;3;0;0;0;0;0;0;0
99;1;1;1;0.174533;0.087266;1.000000;20956.932393;20956.995610;20957.128776;777382;28012;144056;29;1801;28012;31376;100.000;0.871;0.973;553.188;593.806;7.530;160549;152996;144056;0.189;0.109;0.066;2.483;1.538;0.478;44.943;43.339;133.133;133.166;131.604;33.749;32.932;1.626;0.190;0.304;63.217;196.383;136.904;34.304;0.971;2.447;37.446;0.033;0.001;16;40.922;129.086;5;0;0;0;0;0;0;0
100;1;1;1;0.174533;0.087266;1.000000;20956.965787;20957.027893;20957.160018;778267;26884;144366;27;1805;26884;30016;100.000;0.950;1.057;554.378;595.086;7.204;160227;152597;144366;0.240;0.114;0.073;2.259;1.448;0.088;35.252;33.732;132.097;132.124;130.645;26.681;25.819;1.444;0.274;0.113;62.106;194.230;134.812;32.283;1.050;2.360;0.000;0.027;0.000;14;31.545;128.358;3;0;0;0;0;0;0;0
101;1;1;1;0.174533;0.087266;1.000000;20956.998790;20957.056348;20957.187583;780699;27072;144336;28;1805;27072;30320;100.000;0.696;0.777;554.263;594.971;7.277;159588;151977;144336;0.186;0.108;0.066;2.253;1.328;0.085;31.264;29.871;131.219;131.235;129.882;23.823;22.998;1.569;0.220;0.105;57.558;188.793;129.044;28.455;4.878;2.517;0.000;0.016;0.000;18;27.683;127.600;4;0;0;0;0;0;0;0
102;1;1;1;0.174533;0.087266;1.000000;20957.032763;20957.095421;20957.228971;780328;26508;144522;27;1807;26508;29640;100.000;0.841;0.938;554.977;595.730;7.114;159365;151953;144522;0.175;0.105;0.065;2.443;1.276;0.369;44.970;43.630;133.532;133.550;132.253;33.673;32.989;1.825;0.191;0.082;62.658;196.208;137.099;39.073;5.740;2.719;0.000;0.018;0.000;20;41.251;129.791;3;0;0;0;0;0;0;0
103;1;1;1;0.174533;0.087266;1.000000;20957.067002;20957.127069;20957.260153;782351;26508;144662;27;1809;26508;29640;100.000;0.934;1.041;555.515;596.313;7.114;159440;152381;144662;0.193;0.112;0.069;2.315;1.521;0.096;34.888;33.299;133.023;133.084;131.533;26.215;25.316;1.540;0.282;0.120;60.067;193.151;134.948;31.648;1.686;2.654;0.000;0.061;0.000;26;31.053;129.156;2;0;0;0;0;0;0;0
104;1;1;1;0.174533;0.087266;1.000000;20957.098675;20957.155635;20957.290854;782164;26884;144698;27;1809;26884;30016;100.000;0.668;0.744;555.653;596.451;7.204;159154;152036;144698;0.186;0.106;0.066;2.027;1.510;0.471;34.543;32.968;135.169;135.219;133.688;25.546;24.660;1.393;0.189;0.086;56.960;192.179;132.315;28.566;4.767;2.786;0.000;0.050;0.000;26;31.006;131.610;2;0;0;0;0;0;0;0
105;1;1;1;0.174533;0.087266;1.000000;20957.132230;20957.196080;20957.327850;783021;28388;145744;29;1822;28388;31752;100.000;0.909;1.014;559.669;600.761;7.620;160177;153074;145744;0.197;0.112;0.070;2.708;0.908;0.049;40.532;39.555;131.746;131.769;130.843;30.760;30.231;1.513;0.192;0.625;63.850;195.619;135.978;40.445;7.112;3.056;0.000;0.024;0.000;22;36.916;128.110;3;0;0;0;0;0;0;0
106;1;1;1;0.174533;0.087266;1.000000;20957.167400;20957.227490;20957.360541;786829;137804;147616;138;1846;137804;153812;100.000;4.877;5.440;566.858;608.491;36.915;185042;161832;147616;0.192;0.112;0.070;2.512;1.901;0.416;36.286;34.315;133.032;133.051;131.112;27.272;26.172;1.725;0.288;0.126;60.090;193.141;135.336;31.410;1.924;2.986;0.000;0.019;0.000;66;31.873;128.580;4;0;0;0;0;0;0;0
107;1;1;1;0.174533;0.087266;1.000000;20957.198447;20957.255826;20957.389605;789365;29140;150668;30;1884;29140;32620;100.000;0.731;0.816;578.578;621.068;7.829;177815;162834;150668;0.179;0.108;0.068;1.983;1.247;0.079;33.495;32.180;133.150;133.779;132.515;25.037;24.284;1.371;0.196;0.063;57.378;191.157;131.066;28.336;4.997;3.111;0.000;0.629;0.000;94;30.265;129.902;2;0;0;0;0;0;0;0
108;1;1;1;0.174533;0.087266;1.000000;20957.231887;20957.295878;20957.426822;790807;24252;152486;25;1907;24252;27152;100.000;0.783;0.874;585.559;628.568;6.516;176561;163823;152486;0.190;0.110;0.071;2.511;1.728;0.159;40.435;38.636;130.907;130.944;129.189;30.879;29.906;1.718;0.314;0.108;63.992;194.936;134.950;40.053;6.719;3.337;0.000;0.037;0.000;12;36.195;126.639;4;0;0;0;0;0;0;0
109;1;1;1;0.174533;0.087266;1.000000;20957.266751;20957.327078;20957.462556;789334;22184;152368;23;1905;22184;24852;100.000;0.797;0.890;585.106;628.070;5.964;174442;162978;152368;0.238;0.110;0.069;2.845;1.622;0.438;39.969;38.278;135.441;135.478;133.829;29.502;28.602;1.476;0.195;0.759;60.327;195.805;137.351;31.200;2.134;3.262;0.000;0.036;0.000;19;35.501;130.946;4;0;0;0;0;0;0;0
110;1;1;1;0.174533;0.087266;1.000000;20957.298179;20957.355065;20957.494112;783753;23500;151230;24;1891;23500;26284;100.000;0.599;0.667;580.736;623.384;6.308;171497;161526;151230;0.190;0.113;0.069;2.243;1.162;0.068;36.023;34.792;139.007;139.046;137.861;25.907;25.237;1.468;0.282;0.122;56.886;195.933;135.573;27.987;5.346;3.392;0.000;0.039;0.001;17;32.617;135.576;3;0;0;0;0;0;0;0
111;1;1;1;0.174533;0.087266;1.000000;20957.332042;20957.394516;20957.531376;781240;27260;149404;28;1868;27260;30508;100.000;0.792;0.883;573.724;615.853;7.322;171472;162025;149404;0.185;0.110;0.067;3.408;1.921;0.599;40.651;38.663;136.839;136.859;134.909;29.703;28.659;1.374;0.203;1.471;62.474;199.334;139.504;39.451;6.118;3.562;0.000;0.020;0.000;20;35.322;131.472;3;0;0;0;0;0;0;0
112;1;1;1;0.174533;0.087266;1.000000;20957.366794;20957.429158;20957.560545;781247;27824;147314;28;1842;27824;31072;100.000;0.868;0.967;565.698;607.241;7.457;168992;159959;147314;0.190;0.112;0.070;2.465;1.308;0.076;34.491;33.113;131.325;131.387;130.047;26.252;25.462;1.690;0.284;0.120;62.364;193.751;135.339;34.641;1.308;3.421;0.000;0.062;0.000;27;30.718;127.518;2;0;0;0;0;0;0;0
113;1;1;1;0.174533;0.087266;1.000000;20957.398377;20957.461311;20957.596358;783523;28388;145778;29;1823;28388;31752;100.000;0.832;0.927;559.800;600.914;7.620;166924;158971;145778;0.196;0.109;0.068;2.659;1.543;0.492;39.593;37.983;135.016;135.046;133.483;29.318;28.455;1.537;0.191;0.559;62.934;197.981;137.819;32.153;1.180;3.281;0.000;0.030;0.000;17;35.391;130.792;3;0;0;0;0;0;0;0
114;1;1;1;0.174533;0.087266;1.000000;20957.432204;20957.495634;20957.630680;783046;30268;145016;31;1813;30268;33864;100.000;0.954;1.064;556.874;597.763;8.127;164616;156857;145016;0.219;0.104;0.065;4.634;1.556;0.090;38.514;36.893;135.029;135.046;133.462;28.519;27.643;1.627;1.212;1.407;63.430;198.477;138.808;34.323;0.989;3.138;0.000;0.017;0.000;22;32.323;128.808;3;0;0;0;0;0;0;0
115;1;1;1;0.174533;0.087266;1.000000;20957.465283;20957.527505;20957.663869;785712;28576;145068;29;1814;28576;31940;100.000;0.824;0.918;557.074;597.985;7.666;162847;154927;145068;0.191;0.105;0.063;2.415;1.787;0.546;39.382;37.531;136.280;136.364;134.554;28.880;27.893;1.787;0.191;0.077;62.222;198.587;138.664;31.871;1.462;3.033;0.000;0.085;0.000;30;35.180;132.054;2;0;0;0;0;0;0;0
116;1;1;1;0.174533;0.087266;1.000000;20957.498363;20957.562367;20957.694423;788409;28388;145612;29;1821;28388;31752;100.000;0.883;0.985;559.163;600.232;7.620;162976;155513;145612;0.199;0.109;0.067;2.349;1.005;0.059;34.751;33.679;131.988;132.056;131.027;26.315;25.704;1.635;0.228;0.112;64.004;196.060;135.884;34.862;1.529;2.939;0.000;0.069;0.000;28;31.396;128.606;2;0;0;0;0;0;0;0
117;1;1;1;0.174533;0.087266;1.000000;20957.532281;20957.594648;20957.728726;785289;26884;145938;27;1825;26884;30016;100.000;0.771;0.858;560.414;601.574;7.204;163076;155856;145938;0.226;0.109;0.068;3.050;1.538;0.362;37.662;36.056;134.026;134.078;132.524;28.089;27.207;1.432;0.190;1.025;62.367;196.445;136.854;32.282;1.052;2.821;0.000;0.052;0.001;26;33.073;129.420;2;0;0;0;0;0;0;0
118;1;1;1;0.174533;0.087266;1.000000;20957.565086;20957.629721;20957.760135;784314;26132;145782;27;1823;26132;29264;100.000;0.821;0.916;559.815;600.930;7.023;162444;155529;145782;0.189;0.111;0.070;2.529;1.210;0.074;35.976;34.697;130.380;130.414;129.173;27.586;26.861;1.761;0.271;0.128;64.635;195.049;134.929;35.072;1.739;2.754;0.000;0.034;0.000;14;32.238;126.608;4;0;0;0;0;0;0;0
119;1;1;1;0.174533;0.087266;1.000000;20957.598703;20957.661712;20957.796009;784830;26884;145890;27;1824;26884;30016;100.000;0.787;0.876;560.230;601.367;7.204;161983;155018;145890;0.188;0.110;0.067;2.903;1.233;0.075;39.621;38.321;134.240;134.297;133.045;29.503;28.803;1.410;0.192;0.938;63.009;197.306;137.470;31.991;1.342;2.665;0.000;0.057;0.000;26;35.484;130.084;2;0;0;0;0;0;0;0
120;1;1;1;0.174533;0.087266;1.000000;20957.631995;20957.696061;20957.827925;784742;27260;145936;28;1825;27260;30508;100.000;0.857;0.956;560.407;601.566;7.322;161752;154989;145936;0.189;0.109;0.070;2.260;1.335;0.414;36.044;34.639;131.836;131.863;130.504;27.334;26.543;1.515;0.264;0.113;64.066;195.929;136.053;34.349;1.016;2.562;0.000;0.027;0.000;19;32.449;128.216;3;0;0;0;0;0;0;0
121;1;1;1;0.174533;0.087266;1.000000;20957.665709;20957.728019;20957.861499;787186;141564;147208;142;1841;141564;158036;100.000;4.165;4.646;565.291;606.812;37.929;185245;160619;147208;0.198;0.112;0.069;2.532;1.183;0.062;37.168;35.916;133.458;133.481;132.281;27.845;27.151;1.610;0.191;0.353;62.310;195.790;136.294;31.958;1.376;2.488;0.000;0.023;0.000;68;33.452;129.718;6;0;0;0;0;0;0;0
122;1;1;1;0.174533;0.087266;1.000000;20957.698279;20957.762114;20957.896127;792161;28952;148956;29;1862;28952;32316;100.000;0.895;0.996;572.004;613.998;7.756;177120;160957;148956;0.215;0.104;0.066;4.325;1.658;0.442;38.332;36.609;133.968;134.012;132.332;28.603;27.664;1.424;1.216;1.301;63.835;197.848;137.588;34.095;0.762;2.380;0.000;0.045;0.000;15;32.349;127.960;3;0;0;0;0;0;0;0
123;1;1;1;0.174533;0.087266;1.000000;20957.731837;20957.794595;20957.929923;788290;22936;150544;23;1882;22936;25604;100.000;0.664;0.738;578.101;620.547;6.145;175701;162523;150544;0.194;0.111;0.068;3.231;1.262;0.072;39.781;38.452;135.291;135.328;134.049;29.396;28.685;1.465;0.201;1.194;62.758;198.086;138.051;32.481;0.852;2.285;0.000;0.037;0.000;18;35.288;130.780;3;0;0;0;0;0;0;0
124;1;1;1;0.174533;0.087266;1.000000;20957.765196;20957.829353;20957.960914;789222;22936;152352;23;1905;22936;25604;100.000;0.723;0.804;585.044;628.008;6.145;174824;163040;152352;0.188;0.113;0.071;2.171;1.443;0.380;35.474;33.960;131.550;131.561;130.094;26.964;26.105;1.482;0.218;0.100;64.158;195.718;135.709;34.758;1.425;2.231;0.000;0.011;0.000;20;31.860;127.910;3;0;0;0;0;0;0;0
125;1;1;1;0.174533;0.087266;1.000000;20957.798638;20957.861350;20957.996176;787173;24628;151154;25;1890;24628;27528;100.000;0.738;0.822;580.444;623.070;6.607;171477;160637;151154;1.137;0.112;0.069;4.153;1.164;0.069;38.873;37.641;134.800;134.826;133.640;28.832;28.166;1.483;0.213;1.139;62.712;197.538;137.637;31.997;1.336;2.175;0.000;0.026;0.000;13;33.557;129.459;4;0;0;0;0;0;0;0
126;1;1;1;0.174533;0.087266;1.000000;20957.831508;20957.894903;20958.027819;776279;26132;149098;27;1864;26132;29264;100.000;0.784;0.875;572.549;614.588;7.023;169597;159566;149098;0.191;0.110;0.070;2.413;1.674;0.425;36.948;35.204;132.873;132.917;131.212;27.798;26.829;1.635;0.287;0.121;63.395;196.311;135.947;33.552;0.219;2.053;0.000;0.044;0.000;18;32.860;128.753;4;0;0;0;0;0;0;0
127;1;1;1;0.174533;0.087266;1.000000;20957.865046;20957.928367;20958.061601;773912;27448;146584;28;1833;27448;30696;100.000;0.817;0.911;562.895;604.235;7.367;165412;156414;146584;0.238;0.112;0.069;2.627;1.188;0.066;37.880;36.624;133.205;133.234;132.030;28.431;27.739;1.546;0.190;0.472;63.320;196.554;136.395;33.464;0.131;1.933;0.000;0.029;0.000;14;34.065;129.373;3;0;0;0;0;0;0;0
128;1;1;1;0.174533;0.087266;1.000000;20957.898728;20957.962143;20958.097953;773302;28576;144802;29;1811;28576;31940;100.000;0.878;0.978;556.052;596.896;7.666;162489;154380;144802;1.182;0.113;0.070;4.377;1.680;0.509;40.158;38.409;135.762;135.810;134.108;29.569;28.640;1.730;0.192;1.091;63.416;199.225;139.415;33.777;0.443;1.840;0.000;0.047;0.000;25;34.101;129.681;3;0;0;0;0;0;0;0
129;1;1;1;0.000000;0.000000;1.000000;20957.932272;20957.994846;20958.123785;777001;28576;143780;29;1798;28576;31940;100.000;0.825;0.920;552.128;592.678;7.666;160192;152439;143780;0.219;0.104;0.066;2.128;1.137;0.071;31.882;30.679;128.909;128.939;127.776;24.726;24.010;1.385;0.190;0.164;62.574;191.513;131.913;32.702;0.631;1.764;28.453;0.030;0.000;20;28.616;125.617;3;0;0;0;0;0;0;0
130;1;1;1;0.000000;0.000000;1.000000;20957.965123;20958.029652;20958.163379;783174;27448;143698;28;1797;27448;30696;100.000;0.889;0.991;551.813;592.341;7.367;159321;151808;143698;1.163;0.110;0.067;4.271;1.263;0.077;42.853;41.524;133.693;133.727;132.436;32.045;31.354;1.660;0.203;1.069;64.529;198.256;138.174;34.806;1.473;1.746;0.000;0.034;0.000;22;37.319;128.129;4;0;0;0;0;0;0;0
131;1;1;1;0.000000;0.000000;1.000000;20957.998866;20958.060743;20958.195531;786108;27824;144598;28;1808;27824;31072;100.000;0.999;1.112;555.269;596.045;7.457;160041;152571;144598;0.191;0.109;0.070;2.422;1.619;0.468;37.672;35.983;134.731;134.788;133.140;27.949;27.027;1.640;0.293;0.120;61.877;196.665;136.992;31.091;2.243;1.777;0.000;0.057;0.000;27;33.631;130.650;2;0;0;0;0;0;0;0
132;1;1;1;0.000000;0.000000;1.000000;20958.031316;20958.088756;20958.229526;785622;27260;144478;28;1806;27260;30508;100.000;0.683;0.762;554.808;595.539;7.322;159553;152274;144478;0.178;0.106;0.066;2.880;1.396;0.071;38.043;36.581;140.722;140.771;139.356;27.025;26.250;1.373;0.189;0.968;57.440;198.211;137.654;28.013;5.321;1.998;0.000;0.049;0.000;23;33.767;136.426;3;0;0;0;0;0;0;0
133;1;1;1;0.000000;0.000000;1.000000;20958.065265;20958.128881;20958.263800;787265;26696;143954;27;1800;26696;29828;100.000;0.811;0.904;552.796;593.391;7.159;157899;151175;143954;0.191;0.111;0.067;2.691;1.773;0.553;38.539;36.700;134.862;134.919;133.120;28.565;27.569;1.516;0.189;0.618;63.616;198.535;138.594;40.125;6.792;2.298;0.000;0.056;0.000;26;34.076;130.372;2;0;0;0;0;0;0;0
134;1;1;1;0.000000;0.000000;1.000000;20958.099027;20958.161939;20958.296235;787734;26884;143904;27;1799;26884;30016;100.000;0.766;0.852;552.604;593.177;7.204;157050;150532;143904;0.238;0.109;0.069;2.938;1.273;0.074;36.907;35.566;134.276;134.296;133.009;27.482;26.740;1.425;0.188;0.910;62.912;197.208;137.696;33.058;0.276;2.172;0.000;0.021;0.000;20;32.697;130.049;3;0;0;0;0;0;0;0
135;1;1;1;0.000000;0.000000;1.000000;20958.131684;20958.197243;20958.328526;786766;27824;143596;28;1795;27824;31072;100.000;0.875;0.974;551.421;591.904;7.457;155972;149741;143596;0.233;0.113;0.069;2.576;1.345;0.158;36.449;35.036;131.247;131.282;129.875;27.764;26.977;1.584;0.432;0.145;65.560;196.842;136.654;35.305;1.971;2.159;0.000;0.035;0.001;18;32.529;127.262;3;0;0;0;0;0;0;0
136;1;1;1;0.000000;0.000000;1.000000;20958.165656;20958.229278;20958.361995;787622;130848;141136;131;1765;130848;146044;100.000;4.024;4.488;541.975;581.781;35.051;176546;153233;141136;0.241;0.114;0.068;2.850;1.380;0.427;37.429;35.982;132.641;132.718;131.318;28.202;27.400;1.639;0.182;0.606;63.622;196.339;136.790;32.034;1.299;2.105;0.000;0.077;0.000;36;33.200;128.390;12;0;0;0;0;0;0;0
137;1;1;1;0.000000;0.000000;1.000000;20958.197849;20958.261862;20958.392763;784509;32148;139854;33;1749;32148;35976;100.000;0.980;1.093;537.052;576.497;8.634;165368;150562;139854;0.195;0.113;0.070;2.389;1.216;0.072;34.986;33.700;130.884;130.900;129.656;26.727;25.992;1.638;0.267;0.107;64.013;194.913;134.224;32.585;0.749;2.021;0.000;0.016;0.000;26;31.381;127.250;3;0;0;0;0;0;0;0
138;1;1;1;0.000000;0.000000;1.000000;20958.232214;20958.294809;20958.424383;782962;26884;141162;27;1765;26884;30016;100.000;0.763;0.849;542.075;581.880;7.204;162866;151609;141162;0.181;0.105;0.065;2.001;1.467;0.481;35.225;33.694;129.563;129.574;128.083;27.186;26.307;1.380;0.186;0.085;62.595;192.169;132.511;32.947;0.386;1.918;0.000;0.010;0.000;18;31.758;126.070;4;0;0;0;0;0;0;0
139;1;1;1;0.000000;0.000000;1.000000;20958.265519;20958.330260;20958.461702;785441;27448;143262;28;1791;27448;30696;100.000;0.914;1.019;550.139;590.531;7.367;162821;152291;143262;0.196;0.109;0.068;2.793;1.007;0.063;40.789;39.715;131.401;131.442;130.417;31.032;30.452;1.465;0.199;0.757;64.741;196.184;136.497;35.450;2.117;1.931;0.000;0.041;0.000;22;36.989;127.581;3;0;0;0;0;0;0;0
140;1;1;1;0.000000;0.000000;1.000000;20958.298758;20958.360411;20958.498626;786857;26320;145806;27;1823;26320;29452;100.000;0.944;1.052;559.908;601.022;7.068;163653;154012;145806;0.454;0.110;0.068;3.200;1.739;0.551;40.713;38.907;138.194;138.215;136.449;29.457;28.514;1.849;0.191;0.529;61.654;199.869;140.088;30.151;3.182;2.009;0.000;0.021;0.000;17;35.775;133.227;3;0;0;0;0;0;0;0
141;1;1;1;0.000000;0.000000;1.000000;20958.331743;20958.388462;20958.526458;786209;28952;147146;29;1840;28952;32316;100.000;0.719;0.800;565.053;606.551;7.756;163751;154357;147146;0.192;0.109;0.070;2.253;1.580;0.095;32.769;31.119;137.957;137.996;136.391;23.746;22.816;1.472;0.294;0.117;56.719;194.715;134.586;28.050;5.283;2.214;0.000;0.039;0.000;15;28.936;134.098;3;0;0;0;0;0;0;0
142;1;1;1;0.000000;0.000000;1.000000;20958.365100;20958.428924;20958.553881;785895;30832;147490;31;1844;30832;34428;100.000;0.980;1.091;566.374;607.962;8.263;163298;155347;147490;0.185;0.106;0.066;2.290;1.624;0.139;31.241;29.552;124.926;124.958;123.307;25.002;23.966;1.593;0.242;0.098;63.823;188.781;128.676;40.462;7.129;2.521;0.000;0.032;0.000;15;27.327;120.971;4;0;0;0;0;0;0;0
143;1;1;1;0.000000;0.000000;1.000000;20958.400922;20958.460550;20958.595618;783109;31208;146146;32;1827;31208;34920;100.000;1.115;1.244;561.213;602.418;8.381;161136;153355;146146;0.200;0.112;0.068;2.658;1.542;0.473;45.654;44.044;135.051;135.068;133.505;33.801;32.991;1.541;0.195;0.543;59.628;194.696;137.079;31.626;1.707;2.470;0.000;0.017;0.000;22;41.454;130.828;3;0;0;0;0;0;0;0
144;1;1;1;0.000000;0.000000;1.000000;20958.432059;20958.488675;20958.626652;783994;32336;145218;33;1816;32336;36164;100.000;0.952;1.062;557.650;598.606;8.679;159936;152700;145218;0.198;0.112;0.070;2.427;1.309;0.086;35.227;33.848;135.466;137.977;136.642;25.531;24.771;1.666;0.280;0.102;56.616;194.593;134.780;28.126;5.208;2.641;0.000;2.511;0.000;32;31.490;131.702;2;0;0;0;0;0;0;0
145;1;1;1;0.000000;0.000000;1.000000;20958.465179;20958.522795;20958.656508;785959;31208;144768;32;1810;31208;34920;100.000;0.779;0.869;555.922;596.743;8.381;159233;151708;144768;0.223;0.105;0.066;2.177;1.497;0.456;33.598;32.036;133.661;133.713;132.199;25.127;24.233;1.513;0.189;0.080;57.616;191.329;131.302;34.119;0.786;2.525;0.000;0.052;0.000;25;29.925;129.970;4;0;0;0;0;0;0;0
146;1;1;1;0.000000;-0.087266;1.000000;20958.499244;20958.563072;20958.694574;789030;31020;145716;32;1822;31020;34732;100.000;1.010;1.128;559.562;600.654;8.336;159772;152938;145716;0.189;0.109;0.069;2.448;1.143;0.067;41.734;40.523;131.478;131.502;130.339;31.737;31.090;1.640;0.193;0.249;63.828;195.330;136.036;40.278;6.945;2.801;7.955;0.024;0.000;20;38.143;127.866;3;0;0;0;0;0;0;0
147;1;1;1;0.000000;-0.087266;1.000000;20958.533533;20958.593926;20958.728241;794594;31960;147238;32;1841;31960;35672;100.000;1.144;1.273;565.406;606.927;8.561;161190;154325;147238;0.198;0.112;0.071;2.511;1.700;0.445;37.243;35.472;134.283;134.315;132.583;27.728;26.754;1.713;0.311;0.108;60.393;194.708;136.369;30.854;2.480;2.781;0.000;0.031;0.000;24;33.031;130.038;3;0;0;0;0;0;0;0
148;1;1;1;0.000000;-0.087266;1.000000;20958.564704;20958.622008;20958.754989;797998;30456;146864;31;1836;30456;34052;100.000;0.747;0.832;563.970;605.378;8.172;160800;154144;146864;0.178;0.108;0.066;2.230;1.288;0.078;30.956;29.602;132.934;132.980;131.662;23.279;22.484;1.570;0.203;0.107;57.304;190.285;129.783;28.082;5.251;2.936;0.000;0.046;0.001;30;27.437;129.383;2;0;0;0;0;0;0;0
149;1;1;1;0.000000;-0.087266;1.000000;20958.598539;20958.663017;20958.795174;798639;30644;147738;31;1847;30644;34240;100.000;1.017;1.134;567.326;608.982;8.218;161813;155104;147738;0.188;0.109;0.068;2.990;1.094;0.133;43.713;42.551;132.129;132.157;131.045;33.077;32.471;1.426;0.194;1.006;64.478;196.635;136.635;41.009;7.675;3.232;0.000;0.028;0.000;21;39.629;128.026;3;0;0;0;0;0;0;0
150;1;1;1;0.000000;-0.087266;1.000000;20958.633903;20958.693273;20958.827236;796693;30080;148090;31;1852;30080;33676;100.000;1.015;1.133;568.678;610.447;8.082;161862;155335;148090;0.235;0.114;0.072;2.246;1.784;0.685;36.135;34.280;133.942;133.963;132.154;26.974;25.939;1.438;0.293;0.094;59.370;193.333;135.364;30.256;3.077;3.222;0.000;0.021;0.000;17;32.105;129.885;5;0;0;0;0;0;0;0
151;1;1;1;0.000000;-0.087266;1.000000;20958.664756;20958.723049;20958.854560;794717;137804;147952;138;1850;137804;153812;100.000;3.534;3.943;568.148;609.872;36.915;182724;160766;147952;0.179;0.108;0.067;2.356;1.274;0.075;31.349;30.009;131.422;131.511;130.210;23.838;23.046;1.669;0.224;0.111;58.293;189.804;129.354;29.776;3.558;3.243;0.000;0.089;0.000;89;27.720;127.764;4;0;0;0;0;0;0;0
152;1;1;1;0.000000;-0.087266;1.000000;20958.698520;20958.762134;20958.896577;792861;28764;148152;29;1852;28764;32128;100.000;0.909;1.012;568.916;610.685;7.711;177426;162397;148152;0.188;0.110;0.069;2.348;1.836;0.487;45.645;43.741;134.426;134.443;132.589;33.952;32.990;1.697;0.193;0.092;63.614;198.057;138.038;39.085;5.752;3.400;0.000;0.016;0.000;24;41.461;130.216;3;0;0;0;0;0;0;0
153;1;1;1;0.000000;-0.087266;1.000000;20958.732792;20958.793908;20958.926847;792789;23688;147662;24;1846;23688;26472;100.000;0.834;0.929;567.035;608.668;6.353;172400;160692;147662;0.195;0.112;0.070;2.223;1.560;0.090;34.437;32.807;132.908;132.939;131.348;25.904;24.978;1.429;0.306;0.111;61.116;194.055;134.975;31.774;1.560;3.285;0.000;0.031;0.000;15;30.654;129.093;3;0;0;0;0;0;0;0
154;1;1;1;0.000000;-0.087266;1.000000;20958.765101;20958.822454;20958.964794;792309;23124;147945;24;1850;23124;25908;100.000;0.585;0.653;568.121;609.845;6.218;170339;159188;147945;0.185;0.110;0.067;3.088;1.636;0.540;41.741;40.039;142.301;142.340;140.687;29.325;28.460;1.405;0.194;1.127;57.354;199.693;139.588;28.546;4.787;3.379;0.000;0.038;0.000;22;37.018;137.560;3;0;0;0;0;0;0;0
155;1;1;1;0.000000;-0.087266;1.000000;20958.798974;20958.862183;20958.993799;791925;25004;147762;26;1848;25004;28020;100.000;0.776;0.866;567.419;609.097;6.725;168591;158413;147762;0.196;0.113;0.072;2.242;1.416;0.089;33.724;32.236;131.589;131.616;130.181;25.623;24.763;1.464;0.299;0.099;63.209;194.825;135.260;39.729;6.396;3.567;0.000;0.027;0.000;13;30.066;127.911;4;0;0;0;0;0;0;0
156;1;1;1;0.000000;-0.087266;1.000000;20958.833363;20958.894592;20959.022466;793795;28764;148592;29;1858;28764;32128;100.000;0.836;0.931;570.606;612.510;7.711;167879;158079;148592;0.182;0.108;0.066;2.129;1.452;0.439;32.320;30.802;127.823;127.874;126.400;25.275;24.369;1.482;0.196;0.096;61.229;189.104;130.594;32.409;0.924;3.402;0.000;0.051;0.000;28;28.739;124.219;2;0;0;0;0;0;0;0
157;1;1;1;0.000000;-0.087266;1.000000;20958.865074;20958.929173;20959.060782;793460;28200;148650;29;1859;28200;31564;100.000;0.885;0.987;570.828;612.755;7.575;166756;157719;148650;0.238;0.112;0.070;2.458;1.108;0.065;41.888;40.711;131.583;131.608;130.475;31.828;31.202;1.664;0.256;0.119;64.100;195.708;135.576;34.581;1.248;3.268;0.000;0.025;0.001;20;38.322;127.988;3;0;0;0;0;0;0;0
158;1;1;1;0.000000;-0.087266;1.000000;20958.899279;20958.961201;20959.095859;795527;28388;147554;29;1845;28388;31752;100.000;0.962;1.073;566.620;608.231;7.620;165007;157250;147554;0.228;0.110;0.069;3.034;1.697;0.509;38.647;36.881;134.630;134.658;132.944;28.700;27.742;1.403;0.192;1.032;61.923;196.580;137.320;32.028;1.305;3.145;0.000;0.028;0.000;15;33.917;129.881;3;0;0;0;0;0;0;0
159;1;1;1;0.000000;-0.087266;1.000000;20958.931644;20958.990853;20959.131202;798776;29516;146024;30;1826;29516;32996;100.000;0.782;0.872;560.745;601.927;7.919;161999;154480;146024;0.200;0.108;0.066;4.573;1.524;0.089;40.052;38.462;140.304;140.349;138.792;28.537;27.712;1.637;1.214;1.349;59.209;199.558;139.330;29.652;3.681;3.178;0.000;0.045;0.001;20;33.955;134.171;3;0;0;0;0;0;0;0
160;1;1;1;0.000000;-0.087266;1.000000;20958.965846;20959.028790;20959.157544;799362;28952;143192;29;1790;28952;32316;100.000;0.868;0.966;549.870;590.240;7.756;158153;151021;143192;0.184;0.106;0.065;2.008;1.182;0.068;32.450;31.204;128.709;128.754;127.555;25.203;24.463;1.388;0.187;0.077;62.944;191.698;132.338;37.936;4.603;3.267;0.000;0.045;0.000;16;29.260;125.500;3;0;0;0;0;0;0;0
161;1;1;1;0.000000;-0.087266;1.000000;20958.999235;20959.062333;20959.199009;789777;28952;141480;29;1769;28952;32316;100.000;0.918;1.022;543.296;583.192;7.756;156114;149118;141480;0.182;0.108;0.066;2.152;1.784;0.592;44.631;42.782;136.631;136.676;134.854;32.655;31.725;1.492;0.191;0.114;63.098;199.774;140.471;33.543;0.210;3.076;0.000;0.046;0.000;17;40.696;132.655;3;0;0;0;0;0;0;0
162;1;1;1;0.000000;-0.087266;1.000000;20959.032018;20959.094011;20959.227937;790930;28200;139820;29;1748;28200;31564;100.000;1.006;1.123;536.921;576.344;7.575;154224;147472;139820;0.194;0.112;0.071;2.548;1.060;0.101;32.867;31.737;133.908;133.925;132.841;24.542;23.891;1.796;0.264;0.112;61.994;195.919;136.065;31.678;1.655;2.988;0.000;0.018;0.000;18;29.260;130.268;3;0;0;0;0;0;0;0
163;1;1;1;0.000000;-0.174533;1.000000;20959.064937;20959.122171;20959.255756;793734;29516;138532;30;1732;29516;32996;100.000;0.722;0.804;531.975;571.037;7.919;152207;145442;138532;0.182;0.105;0.065;2.277;1.468;0.438;31.427;29.895;133.557;133.585;132.096;23.526;22.631;1.521;0.181;0.223;57.235;190.820;130.551;28.160;5.173;3.124;25.084;0.028;0.000;15;27.683;129.790;5;0;0;0;0;0;0;0
164;1;1;1;0.000000;-0.174533;1.000000;20959.098527;20959.163274;20959.296037;792883;29892;138018;30;1726;29892;33372;100.000;0.980;1.091;530.002;568.928;8.009;151597;145064;138018;0.192;0.104;0.062;2.349;1.110;0.067;44.028;42.855;132.732;132.763;131.638;33.162;32.555;1.744;0.180;0.066;64.747;197.510;137.499;41.103;7.770;3.414;0.000;0.031;0.000;18;40.569;129.257;4;0;0;0;0;0;0;0
165;1;1;1;0.000000;-0.174533;1.000000;20959.132148;20959.193933;20959.327552;791299;30832;138142;31;1727;30832;34428;100.000;1.070;1.191;530.478;569.426;8.263;151249;144790;138142;0.232;0.109;0.068;2.442;1.566;0.453;34.952;33.318;133.570;133.619;132.021;26.158;25.237;1.631;0.296;0.107;61.785;195.404;135.680;30.659;2.675;3.368;0.000;0.049;0.000;17;30.944;129.527;3;0;0;0;0;0;0;0
166;1;1;1;0.000000;-0.174533;1.000000;20959.165021;20959.222919;20959.364006;789485;132916;138460;133;1731;132916;148344;100.000;3.455;3.854;531.699;570.738;35.603;172621;150718;138460;0.188;0.106;0.065;3.323;1.244;0.072;40.472;39.163;141.045;141.087;139.824;28.686;28.009;1.372;0.185;1.407;57.899;198.986;138.801;28.986;4.347;3.429;0.000;0.042;0.000;66;35.905;136.458;11;0;0;0;0;0;0;0
167;1;1;1;0.000000;-0.174533;1.000000;20959.199309;20959.261467;20959.393764;789977;29328;138716;30;1734;29328;32808;100.000;0.888;0.991;532.682;571.788;7.874;165456;151144;138716;0.229;0.106;0.067;2.246;1.444;0.086;34.309;32.798;132.270;132.297;130.822;25.933;25.071;1.445;0.286;0.112;62.159;194.456;135.225;38.548;5.215;3.541;0.000;0.027;0.000;17;30.619;128.547;4;0;0;0;0;0;0;0
168;1;1;1;0.000000;-0.174533;1.000000;20959.232662;20959.294626;20959.428259;791598;25004;139622;26;1746;25004;28020;100.000;0.727;0.812;536.161;575.538;6.725;164403;152065;139622;0.195;0.109;0.067;2.617;1.056;0.241;38.195;37.072;133.624;133.633;132.559;28.582;27.967;1.670;0.183;0.394;61.964;195.597;136.387;33.159;0.175;3.331;0.000;0.009;0.000;21;34.521;129.931;3;0;0;0;0;0;0;0
169;1;1;1;0.000000;-0.174533;1.000000;20959.265186;20959.329190;20959.460884;795034;25004;139918;26;1749;25004;28020;100.000;0.794;0.887;537.298;576.743;6.725;164427;153112;139918;0.232;0.111;0.069;2.453;1.587;0.628;36.283;34.628;131.654;131.694;130.076;27.551;26.621;1.651;0.279;0.113;64.004;195.698;135.679;34.564;1.230;3.199;0.000;0.041;0.000;17;32.243;127.581;3;0;0;0;0;0;0;0
170;1;1;1;0.000000;-0.174533;1.000000;20959.298768;20959.360846;20959.488274;794863;25756;140286;26;1754;25756;28772;100.000;0.731;0.814;538.711;578.268;6.905;162948;152059;140286;0.218;0.106;0.063;2.329;1.152;0.078;31.432;30.217;127.387;127.428;126.250;24.667;23.934;1.651;0.186;0.104;62.078;189.505;129.735;31.656;1.677;3.104;0.000;0.041;0.000;18;27.951;123.878;3;0;0;0;0;0;0;0
171;1;1;1;0.000000;-0.174533;1.000000;20959.331746;20959.396274;20959.527892;794885;27260;141226;28;1766;27260;30508;100.000;0.889;0.992;542.320;582.149;7.322;162113;151953;141226;0.238;0.109;0.068;2.496;1.405;0.424;43.099;41.626;131.592;131.618;130.189;32.745;31.973;1.718;0.266;0.098;64.528;196.146;136.020;35.428;2.094;3.041;0.000;0.026;0.000;17;39.198;127.666;5;0;0;0;0;0;0;0
172;1;1;1;0.000000;-0.174533;1.000000;20959.365513;20959.427065;20959.561469;788905;27072;141276;28;1766;27072;30320;100.000;0.910;1.016;542.512;582.341;7.277;160084;150715;141276;0.240;0.110;0.067;2.663;1.170;0.072;37.467;36.231;133.718;134.404;133.212;27.876;27.198;1.543;0.186;0.517;61.552;195.957;136.264;30.791;2.542;3.010;0.000;0.687;0.000;29;33.634;129.851;2;0;0;0;0;0;0;0
173;1;1;1;0.000000;-0.174533;1.000000;20959.398264;20959.456953;20959.593812;787376;27448;140380;28;1755;27448;30696;100.000;0.723;0.806;539.072;578.652;7.367;157763;149155;140380;0.195;0.114;0.077;2.434;1.631;0.437;36.166;34.458;136.836;136.859;135.199;26.426;25.487;1.649;0.286;0.113;58.689;195.548;135.273;29.888;3.446;3.037;0.000;0.023;0.000;22;32.101;132.741;3;0;0;0;0;0;0;0
174;1;1;1;0.000000;-0.174533;1.000000;20959.432254;20959.495088;20959.621065;791921;28764;138596;29;1733;28764;32128;100.000;0.847;0.943;532.221;571.305;7.711;155889;148304;138596;0.181;0.104;0.065;2.274;1.472;0.081;31.325;29.789;125.949;125.977;124.486;24.866;23.929;1.646;0.183;0.095;62.834;188.811;129.193;38.136;4.802;3.147;0.000;0.028;0.000;15;27.579;122.183;4;0;0;0;0;0;0;0
175;1;1;1;0.000000;-0.174533;1.000000;20959.466372;20959.529245;20959.663436;785044;28200;137098;29;1714;28200;31564;100.000;0.917;1.023;526.469;565.124;7.575;153735;146334;137098;0.181;0.106;0.065;2.966;1.183;0.077;46.107;44.860;134.158;134.190;132.983;34.360;33.733;1.394;0.186;1.033;62.874;197.064;138.230;34.157;0.824;3.002;0.000;0.032;0.000;16;41.958;129.984;3;0;0;0;0;0;0;0
176;1;1;1;0.000000;-0.174533;1.000000;20959.499057;20959.560165;20959.693068;785759;28012;136788;29;1710;28012;31376;100.000;1.002;1.119;525.278;563.844;7.530;152496;145443;136788;0.187;0.112;0.071;2.119;1.878;0.692;33.781;31.832;132.877;132.903;131.003;25.418;24.299;1.386;0.284;0.080;61.108;194.011;134.529;30.920;2.413;2.965;0.000;0.026;0.000;18;29.784;128.857;3;0;0;0;0;0;0;0
177;1;1;1;0.000000;-0.174533;1.000000;20959.531598;20959.588249;20959.722659;782963;29140;136884;30;1712;29140;32620;100.000;0.708;0.790;525.647;564.257;7.829;151983;144919;136884;0.183;0.102;0.063;2.686;1.143;0.080;33.581;32.375;134.354;134.410;133.241;24.984;24.298;2.047;0.190;0.100;56.651;191.061;130.787;28.084;5.249;3.108;0.000;0.057;0.000;28;29.752;130.497;2;0;0;0;0;0;0;0
178;1;1;1;0.000000;-0.174533;1.000000;20959.565486;20959.629586;20959.761930;783666;27636;138258;28;1729;27636;30884;100.000;0.904;1.007;530.923;569.917;7.412;153091;145898;138258;0.200;0.109;0.067;2.413;1.443;0.467;43.101;41.591;132.319;132.344;130.879;32.567;31.778;1.666;0.182;0.189;64.100;196.445;136.725;41.337;8.004;3.414;0.000;0.025;0.000;15;39.245;128.440;4;0;0;0;0;0;0;0
179;1;1;1;0.000000;-0.174533;1.000000;20959.600227;20959.660315;20959.794138;786714;27824;138600;28;1733;27824;31072;100.000;1.029;1.146;532.236;571.320;7.457;153196;146333;138600;0.194;0.109;0.069;2.718;1.576;0.087;36.051;34.406;133.799;133.823;132.215;26.940;26.023;1.429;0.269;0.648;60.088;193.911;135.599;30.729;2.604;3.363;0.000;0.023;0.000;22;31.757;129.472;3;0;0;0;0;0;0;0
180;1;1;1;0.000000;-0.174533;1.000000;20959.631424;20959.687483;20959.826320;787583;26696;139086;27;1739;26696;29828;100.000;0.635;0.708;534.103;573.322;7.159;153440;146675;139086;0.182;0.105;0.065;1.985;2.088;0.639;36.488;34.336;138.787;138.837;136.733;26.281;25.112;1.381;0.182;0.071;56.058;194.896;134.448;27.167;6.166;3.539;0.000;0.051;0.000;14;32.416;134.696;3;0;0;0;0;0;0;0
181;1;1;1;0.000000;-0.174533;1.000000;20959.665980;20959.729721;20959.861671;793719;135736;139098;136;1739;135736;151512;100.000;4.400;4.908;534.149;573.368;36.363;175008;151952;139098;0.190;0.108;0.066;2.988;0.981;0.058;39.421;38.375;131.914;131.950;130.954;29.876;29.304;1.430;0.181;1.014;63.741;195.690;136.465;42.238;8.905;3.874;0.000;0.035;0.000;49;35.452;127.928;6;0;0;0;0;0;0;0
182;1;1;1;0.000000;-0.174533;1.000000;20959.700853;20959.760642;20959.894454;792329;27260;139598;28;1745;27260;30508;100.000;0.976;1.089;536.069;575.424;7.322;166548;151765;139598;0.196;0.109;0.068;2.391;1.096;0.062;36.743;35.580;133.765;133.813;132.696;27.459;26.813;1.637;0.284;0.098;59.788;193.601;135.915;30.921;2.413;3.783;0.000;0.047;0.000;27;33.256;130.256;2;0;0;0;0;0;0;0
183;1;1;1;0.000000;-0.174533;1.000000;20959.731203;20959.788708;20959.922810;801464;22184;141888;23;1774;22184;24852;100.000;0.547;0.611;544.862;584.871;5.964;166196;153593;141888;0.178;0.105;0.066;2.010;1.339;0.416;31.834;30.429;134.059;134.103;132.746;23.738;22.923;1.401;0.185;0.076;57.504;191.607;130.938;28.066;5.267;3.875;0.000;0.044;0.000;21;28.484;130.682;2;0;0;0;0;0;0;0
184;1;1;1;0.000000;-0.174533;1.000000;20959.765147;20959.829462;20959.962691;796948;22748;145036;23;1813;22748;25416;100.000;0.736;0.819;556.951;597.840;6.100;166531;155363;145036;1.155;0.109;0.067;4.488;0.984;0.065;43.225;42.174;133.174;133.230;132.226;32.444;31.896;1.633;0.187;1.338;64.314;197.544;137.486;40.754;7.421;4.097;0.000;0.056;0.000;20;37.753;127.680;3;0;0;0;0;0;0;0
185;1;1;1;0.000000;-0.174533;1.000000;20959.800034;20959.860544;20959.998656;802598;26696;147102;27;1839;26696;29828;100.000;0.912;1.016;564.884;606.360;7.159;166640;156434;147102;0.236;0.105;0.066;4.528;2.265;0.631;41.419;39.089;138.101;138.112;135.814;29.990;28.781;1.603;1.221;1.297;60.510;198.622;140.117;31.083;2.251;3.982;0.000;0.010;0.000;20;34.626;131.274;3;0;0;0;0;0;0;0
186;1;1;1;0.000000;-0.174533;1.000000;20959.831461;20959.889963;20960.029384;797039;28576;149128;29;1865;28576;31940;100.000;0.736;0.821;572.664;614.726;7.666;167794;158190;149128;0.173;0.106;0.066;2.442;1.015;0.064;37.531;36.450;139.333;139.421;138.387;26.919;26.339;1.824;0.196;0.077;58.502;197.923;137.512;29.418;3.915;3.977;0.000;0.088;0.000;28;34.073;135.856;2;0;0;0;0;0;0;0
187;1;1;1;0.000000;-0.174533;1.000000;20959.865393;20959.928973;20960.060372;797511;28764;148974;29;1863;28764;32128;100.000;0.888;0.989;572.073;614.089;7.711;167880;159016;148974;0.193;0.110;0.070;2.443;1.515;0.432;34.432;32.848;131.344;131.399;129.856;26.205;25.296;1.659;0.297;0.116;63.579;194.978;135.166;39.010;5.677;4.084;0.000;0.055;0.000;28;30.475;127.357;2;0;0;0;0;0;0;0
188;1;1;1;0.000000;-0.174533;1.000000;20959.898966;20959.961493;20960.096440;794879;27448;147856;28;1849;27448;30696;100.000;0.777;0.866;567.780;609.480;7.367;165763;157891;147856;0.189;0.110;0.067;4.573;1.417;0.081;40.029;38.545;134.896;134.947;133.509;29.662;28.871;1.688;1.218;1.303;62.527;197.474;137.901;32.520;0.813;3.879;0.000;0.051;0.000;26;34.039;128.883;3;0;0;0;0;0;0;0
189;1;1;1;0.000000;-0.174533;1.000000;20959.931695;20959.997563;20960.130382;793590;27636;145718;28;1822;27636;30884;100.000;0.917;1.022;559.570;600.661;7.412;162610;155326;145718;0.189;0.109;0.068;2.454;1.760;0.500;39.928;38.100;132.784;132.819;131.037;30.062;29.076;1.816;0.192;0.080;65.869;198.688;138.510;36.070;2.737;3.808;0.000;0.035;0.000;9;35.714;128.547;7;0;0;0;0;0;0;0
190;1;1;1;0.000000;-0.174533;1.000000;20959.965768;20960.027831;20960.161368;788938;28200;143848;29;1799;28200;31564;100.000;0.832;0.928;552.389;592.962;7.575;159582;152602;143848;0.194;0.109;0.073;2.219;1.746;0.103;35.186;33.368;133.499;133.537;131.759;26.349;25.325;1.449;0.290;0.106;62.063;195.600;136.162;30.267;3.066;3.762;0.000;0.039;0.000;19;31.221;129.499;3;0;0;0;0;0;0;0
191;1;1;1;0.000000;0.000000;1.000000;20959.998772;20960.061879;20960.194928;784846;27636;142800;28;1785;27636;30884;100.000;0.826;0.921;548.364;588.622;7.412;157975;151062;142800;0.201;0.109;0.065;2.398;1.187;0.065;37.533;36.282;133.027;133.049;131.841;28.210;27.519;1.755;0.193;0.076;63.107;196.156;136.389;34.048;0.715;3.571;7.945;0.022;0.000;18;33.948;129.420;4;0;0;0;0;0;0;0
192;1;1;1;0.000000;0.000000;1.000000;20960.031944;20960.095537;20960.229882;788004;28012;142404;29;1781;28012;31376;100.000;0.854;0.954;546.844;587.011;7.530;157218;150730;142404;0.194;0.109;0.067;2.566;1.525;0.521;38.535;36.944;134.318;134.345;132.797;28.684;27.820;1.594;0.189;0.414;63.593;197.938;138.010;33.658;0.325;3.368;0.000;0.027;0.000;17;34.445;130.203;4;0;0;0;0;0;0;0
193;1;1;1;0.000000;0.000000;1.000000;20960.065189;20960.128459;20960.261251;795964;27072;142560;28;1782;27072;30320;100.000;0.764;0.853;547.443;587.632;7.277;157094;150627;142560;0.297;0.110;0.066;2.528;1.104;0.066;35.428;34.259;132.775;132.792;131.653;26.679;26.022;1.656;0.273;0.128;63.270;196.062;136.046;32.922;0.412;3.183;0.000;0.017;0.001;22;31.796;129.090;3;0;0;0;0;0;0;0
194;1;1;1;0.000000;0.000000;1.000000;20960.098903;20960.164077;20960.296610;799207;27448;143286;28;1792;27448;30696;100.000;0.902;1.005;550.231;590.646;7.367;157487;151182;143286;0.198;0.111;0.069;2.702;2.215;0.477;39.006;36.722;132.492;132.533;130.301;29.431;28.183;1.537;0.230;0.558;65.174;197.707;138.072;35.619;2.285;3.127;0.000;0.041;0.000;14;34.089;127.556;3;0;0;0;0;0;0;0
195;1;1;1;0.000000;0.000000;1.000000;20960.132338;20960.194712;20960.326955;799402;28012;144392;29;1805;28012;31376;100.000;0.840;0.938;554.478;595.186;7.530;158485;152211;144392;0.214;0.113;0.070;2.194;1.653;0.103;35.250;33.527;132.222;132.243;130.563;26.656;25.679;1.393;0.281;0.124;62.374;194.617;135.083;30.635;2.699;3.100;0.000;0.021;0.000;19;31.403;128.347;3;0;0;0;0;0;0;0
196;1;1;1;0.000000;0.000000;1.000000;20960.164483;20960.228209;20960.356399;800483;135360;145043;136;1814;135360;151136;100.000;3.891;4.342;556.978;597.889;36.273;179847;157023;145043;0.180;0.107;0.066;2.032;1.566;0.485;33.298;31.667;128.149;128.190;126.608;25.975;25.012;1.418;0.189;0.074;63.726;191.916;131.194;33.497;0.164;2.917;0.000;0.042;0.001;51;29.700;124.532;5;0;0;0;0;0;0;0
197;1;1;1;0.000000;0.000000;1.000000;20960.198498;20960.263099;20960.396551;798336;27072;145944;28;1825;27072;30320;100.000;0.875;0.976;560.437;601.597;7.277;172774;158068;145944;0.227;0.109;0.068;3.089;1.332;0.076;43.738;42.338;133.415;133.452;132.095;32.774;32.051;1.476;0.199;1.011;64.602;198.053;138.012;34.890;1.557;2.832;0.000;0.037;0.000;15;39.317;128.967;3;0;0;0;0;0;0;0
198;1;1;1;0.000000;0.000000;1.000000;20960.232145;20960.294180;20960.428230;798454;21996;146568;22;1833;21996;24548;100.000;0.743;0.826;562.834;604.174;5.892;170637;158309;146568;0.232;0.112;0.067;2.554;1.559;0.435;36.085;34.460;134.026;134.050;132.457;26.919;26.016;1.633;0.275;0.236;62.035;196.085;136.358;31.080;2.253;2.796;0.000;0.024;0.000;15;31.972;129.876;3;0;0;0;0;0;0;0
199;1;1;1;0.000000;0.000000;1.000000;20960.264867;20960.323937;20960.464755;800770;21432;147434;22;1843;21432;23984;100.000;0.568;0.633;566.159;607.725;5.756;169582;158624;147434;0.190;0.118;0.069;4.759;1.644;0.093;40.640;38.927;140.776;140.818;139.145;28.860;27.976;1.845;1.216;1.322;59.071;199.889;139.550;29.757;3.576;2.845;0.000;0.042;0.001;21;34.236;134.342;2;0;0;0;0;0;0;0
200;1;1;1;0.000000;0.000000;1.000000;20960.299450;20960.361861;20960.496126;802378;24252;148866;25;1861;24252;27152;100.000;0.734;0.819;571.658;613.630;6.516;169717;159951;148866;0.241;0.113;0.069;2.690;1.118;0.060;37.783;36.596;134.257;134.266;133.131;28.140;27.489;1.509;0.193;0.566;62.410;196.676;137.588;37.923;4.590;2.954;0.000;0.008;0.000;21;33.975;130.432;3;0;0;0;0;0;0;0
201;1;1;1;0.000000;0.000000;1.000000;20960.332337;20960.395042;20960.528926;805285;27072;150350;28;1880;27072;30320;100.000;0.782;0.873;577.356;619.757;7.277;169765;160386;150350;0.189;0.111;0.070;2.155;1.772;0.461;36.597;34.756;133.840;133.885;132.089;27.335;26.312;1.427;0.247;0.112;62.704;196.589;137.054;33.181;0.152;2.779;0.000;0.044;0.000;15;32.670;129.887;4;0;0;0;0;0;0;0
202;1;1;1;0.000000;0.000000;1.000000;20960.365324;20960.429822;20960.563962;803318;27636;152012;28;1901;27636;30884;100.000;0.820;0.913;583.739;626.613;7.412;170736;162030;152012;0.182;0.110;0.068;3.231;1.039;0.061;38.965;37.858;134.088;134.139;133.083;29.048;28.447;1.531;0.199;1.141;64.499;198.638;138.756;34.781;1.447;2.695;0.000;0.052;0.001;27;34.695;129.800;2;0;0;0;0;0;0;0
203;1;1;1;0.000000;0.000000;1.000000;20960.398839;20960.463774;20960.594663;802036;28952;152816;29;1911;28952;32316;100.000;0.921;1.025;586.826;629.926;7.756;170825;162660;152816;0.233;0.112;0.069;2.319;1.555;0.448;34.946;33.322;130.824;130.889;129.310;26.699;25.769;1.512;0.311;0.083;64.936;195.825;136.125;33.952;0.618;2.566;0.000;0.066;0.000;28;31.072;126.910;2;0;0;0;0;0;0;0
204;1;1;1;0.000000;0.000000;1.000000;20960.431508;20960.495503;20960.628698;810228;28012;152942;29;1912;28012;31376;100.000;0.815;0.910;587.310;630.432;7.530;170078;162545;152942;0.234;0.111;0.069;2.991;1.212;0.070;37.903;36.623;133.147;133.195;131.957;28.457;27.753;1.435;0.200;0.943;63.995;197.190;136.826;31.729;1.605;2.505;0.000;0.048;0.000;27;33.700;128.917;2;0;0;0;0;0;0;0
205;1;1;1;0.000000;0.000000;1.000000;20960.465380;20960.530051;20960.664935;808185;26508;152382;27;1905;26508;29640;100.000;0.847;0.944;585.159;628.124;7.114;169279;161936;152382;0.228;0.108;0.068;3.371;1.834;0.602;40.434;38.533;134.840;134.884;133.021;29.977;28.967;1.402;0.201;1.363;64.671;199.555;139.730;34.548;1.215;2.425;0.000;0.045;0.000;16;35.230;129.605;3;0;0;0;0;0;0;0
206;1;1;1;0.000000;0.000000;1.000000;20960.498775;20960.561529;20960.693633;815223;27636;150790;28;1885;27636;30884;100.000;0.802;0.893;579.046;621.559;7.412;166592;159204;150790;0.189;0.112;0.073;2.213;1.533;0.094;33.903;32.297;132.079;132.104;130.545;25.664;24.740;1.442;0.302;0.096;62.754;194.858;135.094;31.478;1.855;2.389;0.000;0.025;0.000;11;30.157;128.305;6;0;0;0;0;0;0;0
207;1;1;1;0.000000;0.087266;1.000000;20960.531685;20960.596184;20960.729448;799426;27636;149044;28;1864;27636;30884;100.000;0.892;0.994;572.341;614.381;7.412;164053;157342;149044;0.200;0.112;0.068;3.034;1.476;0.433;39.565;38.021;133.232;133.264;131.768;29.689;28.855;1.413;0.197;1.046;64.499;197.762;137.576;34.655;1.321;2.322;20.109;0.031;0.000;17;35.054;128.701;3;0;0;0;0;0;0;0
208;1;1;1;0.000000;0.087266;1.000000;20960.565627;20960.627303;20960.761376;790320;27260;147638;28;1846;27260;30508;100.000;0.811;0.905;566.942;608.576;7.322;161729;155470;147638;0.193;0.114;0.070;2.247;1.552;0.092;36.425;34.803;134.056;134.073;132.490;27.168;26.269;1.451;0.311;0.109;61.676;195.750;136.171;31.119;2.214;2.316;0.000;0.017;0.000;17;32.626;130.224;4;0;0;0;0;0;0;0
209;1;1;1;0.000000;0.087266;1.000000;20960.598217;20960.661065;20960.790144;795945;26696;145656;27;1821;26696;29828;100.000;0.766;0.853;559.332;600.401;7.159;159417;153158;145656;0.182;0.106;0.066;1.998;1.606;0.478;32.572;30.900;129.063;129.079;127.449;25.234;24.245;1.378;0.191;0.076;62.848;191.927;131.605;33.762;0.429;2.198;0.000;0.016;0.000;20;28.967;125.434;3;0;0;0;0;0;0;0
210;1;1;1;0.000000;0.087266;1.000000;20960.631838;20960.696114;20960.831291;792891;27824;144144;28;1802;27824;31072;100.000;0.884;0.984;553.525;594.166;7.457;157527;151133;144144;0.183;0.108;0.066;2.065;1.378;0.087;44.746;43.302;135.131;135.177;133.772;33.102;32.370;1.426;0.193;0.091;64.276;199.453;139.418;35.049;1.715;2.168;0.000;0.046;0.000;16;41.302;131.660;4;0;0;0;0;0;0;0
211;1;1;1;0.000000;0.087266;1.000000;20960.665676;20960.727789;20960.861396;797320;136300;143206;137;1791;136300;152192;100.000;4.681;5.223;549.924;590.316;36.526;179073;155570;143206;0.203;0.115;0.069;2.456;1.786;0.455;33.540;31.685;133.561;133.607;131.788;25.104;24.042;1.676;0.273;0.122;62.113;195.720;136.191;31.675;1.658;2.136;0.000;0.047;0.000;87;29.297;129.284;4;0;0;0;0;0;0;0
212;1;1;1;0.000000;0.087266;1.000000;20960.698393;20960.756988;20960.888564;805214;26884;142122;27;1777;26884;30016;100.000;0.711;0.792;545.761;585.838;7.204;167714;153850;142122;0.183;0.106;0.066;2.404;1.193;0.070;31.423;30.165;130.921;131.576;130.367;23.882;23.138;1.765;0.186;0.097;58.595;190.171;130.025;29.199;4.134;2.261;0.000;0.655;0.001;54;27.827;127.305;2;0;0;0;0;0;0;0
213;1;1;1;0.000000;0.087266;1.000000;20960.732467;20960.794946;20960.928392;797126;20868;141596;21;1770;20868;23304;100.000;0.638;0.709;543.741;583.660;5.593;165655;153845;141596;0.195;0.108;0.068;2.395;1.102;0.061;43.403;42.234;133.421;133.446;132.329;32.525;31.916;1.691;0.182;0.152;62.479;195.925;136.520;37.958;4.624;2.408;0.000;0.026;0.001;10;39.906;129.889;3;0;0;0;0;0;0;0
214;1;1;1;0.000000;0.087266;1.000000;20960.764841;20960.827856;20960.963361;803136;17860;141814;18;1773;17860;19948;100.000;0.612;0.681;544.578;584.565;4.788;164533;153207;141814;1.247;0.106;0.067;4.241;1.570;0.516;38.454;36.817;135.463;135.505;133.911;28.378;27.493;1.538;0.188;1.095;63.015;198.520;138.156;32.911;0.422;2.284;0.000;0.042;0.001;17;32.643;129.626;2;0;0;0;0;0;0;0
215;1;1;1;0.000000;0.087266;1.000000;20960.798650;20960.857217;20960.998076;809297;24440;143036;25;1788;24440;27340;100.000;0.637;0.710;549.271;589.596;6.562;164032;153456;143036;0.234;0.109;0.067;3.120;1.412;0.085;40.521;39.043;140.817;140.858;139.423;28.767;28.003;1.520;0.198;0.993;58.568;199.426;139.537;29.361;3.972;2.390;0.000;0.042;0.000;22;35.989;136.260;4;0;0;0;0;0;0;0
216;1;1;1;0.000000;0.087266;1.000000;20960.832453;20960.895828;20961.029976;808156;27260;144130;28;1802;27260;30508;100.000;0.804;0.897;553.472;594.112;7.322;164795;155190;144130;0.193;0.112;0.068;2.766;1.839;0.593;36.429;34.522;134.093;134.149;132.285;27.155;26.097;1.495;0.189;0.710;63.375;197.523;138.104;38.611;5.277;2.570;0.000;0.056;0.000;14;31.824;129.462;4;0;0;0;0;0;0;0
217;1;1;1;0.000000;0.087266;1.000000;20960.865644;20960.929917;20961.065282;810355;28952;146106;29;1827;28952;32316;100.000;0.917;1.020;561.060;602.264;7.756;164742;155908;146106;0.181;0.109;0.067;3.119;1.039;0.063;39.909;38.803;135.331;135.365;134.302;29.482;28.892;1.423;0.195;1.146;64.273;199.638;140.077;34.089;0.756;2.457;0.000;0.035;0.000;16;35.750;131.147;4;0;0;0;0;0;0;0
218;1;1;1;0.000000;0.087266;1.000000;20960.898896;20960.961620;20961.098893;810211;28764;148782;29;1860;28764;32128;100.000;0.828;0.922;571.335;613.284;7.711;166599;158998;148782;0.215;0.105;0.067;4.364;2.120;0.562;37.752;35.566;137.243;137.273;135.117;27.501;26.322;1.439;1.221;1.315;62.724;199.997;140.355;31.703;1.630;2.405;0.000;0.030;0.001;17;31.269;130.720;4;0;0;0;0;0;0;0
219;1;1;1;0.000000;0.087266;1.000000;20960.931447;20960.996534;20961.129358;808645;28764;150220;29;1878;28764;32128;100.000;0.901;1.003;576.857;619.212;7.711;167435;160028;150220;0.194;0.112;0.069;2.772;1.128;0.071;36.962;35.766;132.780;132.824;131.678;27.828;27.162;1.547;0.199;0.652;65.087;197.911;137.486;34.914;1.581;2.354;0.000;0.044;0.000;15;33.062;128.860;5;0;0;0;0;0;0;0
220;1;1;1;0.000000;0.087266;1.000000;20960.965533;20961.028670;20961.165625;810783;27636;150188;28;1878;27636;30884;100.000;0.826;0.920;576.734;619.090;7.412;167005;159699;150188;0.217;0.106;0.067;4.317;2.147;0.594;40.151;37.937;136.895;136.956;134.778;29.317;28.148;1.411;1.219;1.297;63.136;200.092;140.420;32.135;1.198;2.281;0.000;0.060;0.000;27;33.687;130.398;2;0;0;0;0;0;0;0
221;1;1;1;0.000000;0.087266;1.000000;20960.998682;20961.062307;20961.196322;807088;27636;149054;28;1864;27636;30884;100.000;0.792;0.882;572.380;614.419;7.412;165011;157832;149054;0.197;0.112;0.069;2.576;1.421;0.075;37.164;35.675;133.991;134.015;132.569;27.731;26.910;1.585;0.197;0.416;63.626;197.640;137.783;33.638;0.304;2.158;0.000;0.024;0.000;20;33.168;129.969;3;0;0;0;0;0;0;0
222;1;1;1;0.000000;0.087266;1.000000;20961.032244;20961.097418;20961.230447;809369;28012;147392;29;1843;28012;31376;100.000;0.918;1.025;565.998;607.563;7.530;162955;155861;147392;0.181;0.105;0.066;2.427;1.333;0.076;38.124;36.725;132.986;133.029;131.676;28.658;27.891;1.806;0.206;0.064;65.175;198.204;138.575;35.111;1.778;2.134;0.000;0.043;0.000;16;34.363;129.205;3;0;0;0;0;0;0;0
223;1;1;1;0.000000;0.087266;1.000000;20961.065769;20961.128075;20961.261555;795354;27448;146064;28;1826;27448;30696;100.000;0.766;0.854;560.898;602.080;7.367;161305;154689;146064;0.191;0.110;0.070;2.487;1.493;0.490;34.854;33.291;133.457;133.479;131.956;26.112;25.229;1.667;0.295;0.155;62.306;195.785;136.349;30.657;2.676;2.168;0.000;0.022;0.000;16;30.874;129.445;3;0;0;0;0;0;0;0
224;1;1;1;0.000000;0.087266;1.000000;20961.098292;20961.164173;20961.295512;795455;27260;144466;28;1806;27260;30508;100.000;0.859;0.958;554.762;595.493;7.322;159167;152753;144466;0.239;0.110;0.069;2.768;1.001;0.059;37.927;36.857;131.326;131.340;130.312;28.877;28.284;1.502;0.190;0.659;65.880;197.220;136.973;36.097;2.764;2.205;0.000;0.014;0.000;24;34.158;127.519;3;0;0;0;0;0;0;0
225;1;1;1;0.000000;0.087266;1.000000;20961.132110;20961.196153;20961.330777;795720;28200;143728;29;1797;28200;31564;100.000;0.873;0.974;551.928;592.456;7.575;158047;151423;143728;0.193;0.108;0.065;2.441;1.601;0.560;39.027;37.361;134.562;134.624;132.992;28.989;28.093;1.809;0.189;0.077;64.042;198.666;138.905;31.980;1.353;2.152;0.000;0.062;0.000;27;34.984;130.488;2;0;0;0;0;0;0;0
226;1;1;1;0.000000;0.087266;1.000000;20961.165067;20961.228602;20961.359349;798723;137992;142930;138;1787;137992;154000;100.000;3.992;4.453;548.864;589.166;36.960;180302;156126;142930;0.223;0.105;0.066;2.058;1.491;0.093;32.618;31.061;130.723;130.746;129.231;24.947;24.036;1.385;0.188;0.092;63.535;194.282;134.143;32.450;0.884;2.073;0.000;0.023;0.000;53;29.069;127.148;8;0;0;0;0;0;0;0
227;1;1;1;0.000000;0.087266;1.000000;20961.198909;20961.263269;20961.398174;807441;25192;142948;26;1787;25192;28208;100.000;0.805;0.898;548.933;589.235;6.770;170599;155415;142948;0.224;0.109;0.068;3.196;1.762;0.602;42.374;40.544;134.881;134.904;133.120;31.410;30.457;1.676;0.191;0.929;64.360;199.265;139.635;34.667;1.334;2.027;0.000;0.024;0.000;14;37.415;129.898;3;0;0;0;0;0;0;0
228;1;1;1;0.000000;0.087266;1.000000;20961.232287;20961.294791;20961.427842;803316;22748;143504;23;1794;22748;25416;100.000;0.808;0.900;551.068;591.528;6.100;169850;157225;143504;0.318;0.112;0.070;2.639;1.433;0.088;34.615;33.113;133.008;133.051;131.588;26.016;25.164;1.738;0.286;0.115;62.503;195.554;135.970;31.521;1.812;2.013;0.000;0.044;0.000;22;30.544;128.904;2;0;0;0;0;0;0;0
229;1;1;1;0.000000;0.087266;1.000000;20961.264818;20961.323084;20961.456005;809074;23500;144280;24;1804;23500;26284;100.000;0.585;0.651;554.048;594.733;6.308;168316;156917;144280;0.184;0.106;0.066;2.262;1.782;0.463;32.244;30.396;129.721;132.921;131.122;24.258;23.182;1.633;0.188;0.084;58.266;191.187;130.799;28.293;5.040;2.202;0.000;3.200;0.001;23;28.200;125.658;2;0;0;0;0;0;0;0
230;1;1;1;0.000000;0.087266;1.000000;20961.298787;20961.363506;20961.498169;808265;25004;145334;26;1817;25004;28020;100.000;0.810;0.905;558.095;599.074;6.725;167723;156722;145334;1.170;0.110;0.067;4.377;1.371;0.085;46.194;44.756;134.611;134.664;133.265;34.303;33.584;1.689;0.223;1.120;64.718;199.382;139.631;40.422;7.089;2.508;0.000;0.052;0.000;25;40.446;128.834;2;0;0;0;0;0;0;0
231;1;1;1;0.000000;0.087266;1.000000;20961.332187;20961.394548;20961.529849;818848;27824;147128;28;1840;27824;31072;100.000;0.964;1.073;564.984;606.482;7.457;168052;158088;147128;0.189;0.110;0.067;2.840;1.331;0.082;37.427;36.029;135.213;135.300;133.945;27.662;26.899;1.482;0.206;0.786;62.361;197.661;137.977;31.043;2.291;2.494;0.000;0.088;0.000;27;33.256;131.016;2;0;0;0;0;0;0;0
232;1;1;1;0.000000;0.087266;1.000000;20961.364737;20961.423588;20961.566335;820617;28012;148796;29;1860;28012;31376;100.000;0.712;0.795;571.389;613.338;7.530;168630;159733;148796;0.345;0.115;0.071;4.860;2.029;0.537;40.644;38.544;142.706;142.748;140.684;28.473;27.398;1.787;1.221;1.322;58.850;201.598;141.130;29.039;4.294;2.607;0.000;0.041;0.000;16;33.754;135.781;3;0;0;0;0;0;0;0
233;1;1;1;0.000000;0.087266;1.000000;20961.399237;20961.463140;20961.596670;814146;28200;150842;29;1886;28200;31564;100.000;0.847;0.945;579.246;621.781;7.575;169106;160755;150842;0.182;0.108;0.067;2.715;1.317;0.075;37.238;35.854;133.468;133.530;132.197;27.887;27.122;1.355;0.196;0.808;63.903;197.433;138.131;39.552;6.219;2.832;0.000;0.062;0.000;28;33.206;129.418;2;0;0;0;0;0;0;0
234;1;1;1;0.000000;0.087266;1.000000;20961.432699;20961.496651;20961.631396;814852;28388;152630;29;1908;28388;31752;100.000;0.900;1.003;586.112;629.144;7.620;170172;162427;152630;0.176;0.106;0.067;2.567;1.874;0.580;38.738;36.798;134.662;134.745;132.845;28.749;27.700;1.933;0.201;0.084;63.951;198.696;139.524;33.511;0.178;2.666;0.000;0.083;0.000;28;34.297;130.187;2;0;0;0;0;0;0;0
235;1;1;1;0.000000;0.087266;1.000000;20961.465258;20961.528336;20961.665047;815725;26884;153174;27;1915;26884;30016;100.000;0.732;0.815;588.201;631.391;7.204;170154;162629;153174;0.189;0.113;0.069;4.606;1.748;0.102;38.081;36.264;136.679;136.710;134.929;27.855;26.877;1.698;1.227;1.311;63.078;199.788;139.841;31.686;1.648;2.603;0.000;0.032;0.000;21;31.727;130.290;3;0;0;0;0;0;0;0
236;1;1;1;0.000000;0.087266;1.000000;20961.498593;20961.565218;20961.697153;816078;27072;152808;28;1911;27072;30320;100.000;0.858;0.958;586.795;629.895;7.277;169191;161721;152808;0.190;0.110;0.069;3.084;1.156;0.183;38.474;37.250;131.883;131.935;130.763;29.161;28.486;1.659;0.204;0.852;66.625;198.560;138.614;36.882;3.548;2.662;0.000;0.052;0.000;28;34.234;127.624;2;0;0;0;0;0;0;0
237;1;1;1;0.000000;0.087266;1.000000;20961.532361;20961.596963;20961.730497;810868;27448;151650;28;1896;27448;30696;100.000;0.862;0.961;582.348;625.110;7.367;168179;161119;151650;0.191;0.110;0.069;2.340;1.588;0.477;37.582;35.925;133.508;133.533;131.930;28.144;27.230;1.688;0.210;0.074;64.603;198.136;138.625;31.745;1.588;2.595;0.000;0.026;0.000;16;33.653;129.563;3;0;0;0;0;0;0;0
238;1;1;1;0.000000;0.087266;1.000000;20961.564111;20961.628989;20961.762036;801907;27636;149972;28;1875;27636;30884;100.000;0.796;0.887;575.905;618.192;7.412;165912;158685;149972;0.192;0.111;0.070;2.575;1.122;0.067;35.457;34.265;133.036;133.047;131.902;26.650;25.977;1.772;0.290;0.140;64.878;197.925;136.831;32.026;1.308;2.514;0.000;0.012;0.000;24;31.760;129.314;3;0;0;0;0;0;0;0
239;1;1;1;0.000000;0.087266;1.000000;20961.599256;20961.663939;20961.797187;799196;27824;148264;28;1854;27824;31072;100.000;0.876;0.975;569.346;611.160;7.457;163881;156857;148264;0.199;0.111;0.069;2.494;1.823;0.611;38.848;36.956;133.209;133.247;131.405;29.155;28.124;1.629;0.195;0.291;64.684;197.931;138.648;34.950;1.617;2.458;0.000;0.038;0.001;17;34.531;128.871;4;0;0;0;0;0;0;0
240;1;1;1;0.000000;0.087266;1.000000;20961.632356;20961.695883;20961.828416;799621;28388;146996;29;1838;28388;31752;100.000;0.868;0.968;564.477;605.930;7.620;162069;155020;146996;0.194;0.111;0.070;2.225;1.577;0.095;35.526;33.879;130.503;132.533;130.920;26.805;25.878;1.437;0.297;0.116;63.527;196.060;136.544;31.944;1.390;2.391;0.000;2.030;0.001;28;31.724;126.663;2;0;0;0;0;0;0;0
241;1;1;1;0.000000;0.087266;1.000000;20961.665271;20961.728782;20961.866418;808174;139496;146062;140;1826;139496;155736;100.000;4.006;4.469;560.891;602.073;37.377;182380;158734;146062;0.185;0.108;0.066;2.176;1.753;0.550;41.807;39.989;137.599;137.636;135.855;30.375;29.435;1.507;0.199;0.112;63.510;201.146;141.212;32.898;0.435;2.269;0.000;0.037;0.000;55;37.879;133.640;5;0;0;0;0;0;0;0
242;1;1;1;0.000000;0.087266;1.000000;20961.699051;20961.763705;20961.896032;810609;27824;145468;28;1819;27824;31072;100.000;0.885;0.985;558.610;599.634;7.457;172914;157709;145468;0.190;0.110;0.070;2.201;1.568;0.098;33.548;31.910;132.282;132.327;130.738;25.352;24.408;1.449;0.290;0.093;64.653;196.981;137.494;34.923;1.590;2.227;0.000;0.045;0.000;22;29.779;128.490;3;0;0;0;0;0;0;0
243;1;1;1;0.000000;0.087266;1.000000;20961.732262;20961.795299;20961.930268;809086;19740;145086;20;1814;19740;22060;100.000;0.559;0.622;557.143;598.054;5.294;170725;157451;145086;0.245;0.110;0.068;2.658;1.979;0.509;37.999;35.953;134.943;134.969;132.966;28.154;27.039;1.838;0.192;0.206;63.037;198.006;138.396;31.594;1.739;2.196;0.000;0.025;0.000;17;33.363;130.283;3;0;0;0;0;0;0;0
244;1;1;1;0.000000;0.087266;1.000000;20961.764822;20961.830803;20961.963740;804105;21808;145538;22;1820;21808;24360;100.000;0.690;0.768;558.878;599.925;5.846;169738;157467;145538;0.189;0.111;0.068;2.385;1.190;0.071;38.099;36.842;132.883;132.937;131.724;28.659;27.969;1.655;0.197;0.166;65.981;198.918;138.535;35.504;2.170;2.195;0.000;0.055;0.000;21;34.524;129.276;2;0;0;0;0;0;0;0
245;1;1;1;0.000000;0.087266;1.000000;20961.799086;20961.862608;20961.995197;810243;24440;146056;25;1826;24440;27340;100.000;0.692;0.772;560.868;602.050;6.562;168715;157306;146056;0.191;0.111;0.068;2.377;1.399;0.424;35.033;33.566;132.552;132.588;131.171;26.422;25.590;1.644;0.249;0.113;63.522;196.111;136.658;31.805;1.528;2.153;0.000;0.036;0.000;13;31.257;128.756;3;0;0;0;0;0;0;0
246;1;1;1;0.000000;0.000000;1.000000;20961.831013;20961.898123;20962.030853;808451;27636;146718;28;1834;27636;30884;100.000;0.878;0.978;563.410;604.772;7.412;168757;158040;146718;0.223;0.104;0.066;4.654;1.549;0.088;39.415;37.801;132.695;132.730;131.150;29.696;28.823;1.723;1.217;1.321;67.110;199.840;138.981;35.515;2.182;2.155;28.826;0.035;0.000;19;33.213;126.460;4;0;0;0;0;0;0;0
247;1;1;1;0.000000;0.000000;1.000000;20961.866181;20961.929856;20962.064086;818595;29140;147758;30;1847;29140;32620;100.000;0.900;1.004;567.403;609.059;7.829;168783;159598;147758;0.191;0.110;0.068;2.832;1.442;0.079;39.438;37.928;134.196;134.230;132.763;29.381;28.569;1.559;0.212;0.693;63.675;197.905;138.880;31.733;1.601;2.120;0.000;0.034;0.000;20;35.164;129.895;3;0;0;0;0;0;0;0
248;1;1;1;0.000000;0.000000;1.000000;20961.897967;20961.962426;20962.095365;813416;29328;149576;30;1870;29328;32808;100.000;0.865;0.965;574.384;616.559;7.874;169567;161464;149576;0.190;0.113;0.070;2.458;1.364;0.402;35.556;34.123;132.873;132.938;131.556;26.746;25.938;1.732;0.245;0.108;64.459;197.398;136.826;32.570;0.763;2.035;0.000;0.066;0.000;29;31.734;129.031;2;0;0;0;0;0;0;0
249;1;1;1;0.000000;0.000000;1.000000;20961.932551;20961.996510;20962.129655;816251;30080;151824;31;1898;30080;33676;100.000;0.906;1.011;583.017;625.823;8.082;171077;162698;151824;0.411;0.110;0.070;3.176;1.477;0.082;38.108;36.562;133.133;133.145;131.649;28.622;27.773;1.587;0.198;0.800;63.959;197.105;137.783;34.084;0.751;1.955;0.000;0.012;0.000;20;33.456;128.460;4;0;0;0;0;0;0;0
250;1;1;1;0.000000;0.000000;1.000000;20961.965602;20962.029948;20962.161974;820584;28764;153370;29;1918;28764;32128;100.000;0.889;0.989;588.953;632.211;7.711;171883;164278;153370;0.243;0.117;0.072;2.493;1.590;0.478;36.954;35.293;131.996;132.025;130.401;27.990;27.065;1.661;0.290;0.111;64.346;196.371;136.768;33.438;0.105;1.839;0.000;0.029;0.000;15;32.872;127.878;4;0;0;0;0;0;0;0
251;1;1;1;0.000000;0.000000;1.000000;20961.998287;20962.062494;20962.189569;817535;26884;153478;27;1919;26884;30016;100.000;0.790;0.879;589.368;632.648;7.204;171060;163240;153478;0.179;0.109;0.069;2.054;1.125;0.072;31.688;30.494;127.045;127.075;125.928;24.936;24.215;1.411;0.200;0.086;64.207;191.282;131.030;32.545;0.788;1.774;0.000;0.031;0.000;21;28.508;123.842;3;0;0;0;0;0;0;0
252;1;1;1;0.000000;0.000000;1.000000;20962.032596;20962.096728;20962.231140;812707;28764;152446;29;1906;28764;32128;100.000;0.919;1.024;585.405;628.392;7.711;169253;161939;152446;0.194;0.110;0.067;4.517;2.230;0.498;44.737;42.440;134.392;134.412;132.149;33.283;32.115;1.622;1.220;1.305;64.132;198.544;139.268;34.235;0.901;1.719;0.000;0.020;0.001;22;37.990;127.611;3;0;0;0;0;0;0;0
253;1;1;1;0.000000;0.000000;1.000000;20962.065693;20962.128183;20962.264545;811017;29328;150768;30;1885;29328;32808;100.000;1.014;1.131;578.962;621.475;7.874;166777;159423;150768;0.179;0.105;0.066;2.577;1.057;0.071;40.163;39.041;136.327;136.361;135.286;29.453;28.858;1.953;0.200;0.073;62.490;198.851;139.339;31.455;1.878;1.729;0.000;0.034;0.000;14;36.529;132.674;4;0;0;0;0;0;0;0
254;1;1;1;0.000000;0.000000;1.000000;20962.098143;20962.157266;20962.297207;812416;27824;148606;28;1858;27824;31072;100.000;0.730;0.813;570.660;612.564;7.457;163786;157274;148606;0.230;0.110;0.069;2.820;1.760;0.596;36.278;34.449;139.916;139.941;138.154;25.924;24.935;1.499;0.190;0.724;59.123;199.064;138.669;29.083;4.250;1.887;0.000;0.025;0.000;22;31.698;135.301;3;0;0;0;0;0;0;0
255;1;1;1;0.000000;0.000000;1.000000;20962.132648;20962.195571;20962.328022;815874;27824;147150;28;1840;27824;31072;100.000;0.825;0.919;565.068;606.566;7.457;162013;155221;147150;0.188;0.110;0.069;2.400;1.296;0.079;35.381;34.017;132.419;132.451;131.117;26.713;25.944;1.630;0.293;0.110;62.923;195.374;136.150;38.305;4.972;2.080;0.000;0.032;0.000;16;31.686;128.684;3;0;0;0;0;0;0;0
256;1;1;1;0.000000;0.000000;1.000000;20962.165106;20962.229527;20962.361993;811813;137616;146080;138;1826;137616;153624;100.000;4.122;4.599;560.960;602.142;36.870;184042;159743;146080;0.195;0.112;0.069;2.890;1.208;0.378;37.681;36.404;132.410;132.466;131.238;28.446;27.739;1.427;0.193;0.894;64.421;196.887;136.787;33.956;0.622;1.988;0.000;0.056;0.000;42;33.583;128.291;9;0;0;0;0;0;0;0
257;1;1;1;0.000000;0.000000;1.000000;20962.198514;20962.263008;20962.393487;809323;28200;145366;29;1818;28200;31564;100.000;0.879;0.981;558.218;599.220;7.575;172933;158491;145366;0.192;0.111;0.071;2.408;1.724;0.124;35.587;33.792;130.458;130.479;128.733;27.274;26.250;1.618;0.308;0.109;64.493;194.973;134.948;33.481;0.148;1.873;0.000;0.021;0.000;15;31.455;126.302;3;0;0;0;0;0;0;0
258;1;1;1;0.000000;0.000000;1.000000;20962.232295;20962.295224;20962.426232;806066;20304;145058;21;1814;20304;22740;100.000;0.587;0.654;557.035;597.947;5.458;169635;156687;145058;0.205;0.110;0.070;2.233;1.535;0.094;36.873;35.268;130.999;131.008;129.449;28.146;27.245;1.455;0.296;0.098;62.929;193.937;134.360;32.216;1.117;1.826;0.000;0.009;0.000;17;33.105;127.206;3;0;0;0;0;0;0;0
259;1;1;1;0.000000;0.000000;1.000000;20962.265561;20962.330030;20962.461164;803994;21432;144584;22;1808;21432;23984;100.000;0.704;0.785;555.215;595.991;5.756;167775;156316;144584;0.190;0.111;0.067;2.421;1.440;0.419;38.704;37.197;131.099;131.135;129.676;29.515;28.684;1.720;0.186;0.147;64.468;195.603;135.959;34.806;1.472;1.804;0.000;0.036;0.000;21;34.843;127.218;2;0;0;0;0;0;0;0
260;1;1;1;0.000000;0.000000;1.000000;20962.299135;20962.360622;20962.496671;804675;24252;144650;25;1809;24252;27152;100.000;0.865;0.965;555.468;596.267;6.516;166580;156311;144650;0.193;0.109;0.069;2.539;1.354;0.078;39.358;37.935;136.032;136.049;134.672;28.929;28.169;1.584;0.189;0.395;61.487;197.536;138.132;30.592;2.741;1.863;0.000;0.017;0.000;19;35.465;132.114;3;0;0;0;0;0;0;0
261;1;1;1;0.000000;0.000000;1.000000;20962.331390;20962.388821;20962.528046;803023;25944;143952;26;1800;25944;28960;100.000;0.655;0.729;552.788;593.384;6.950;164790;155429;143952;0.193;0.110;0.069;2.424;1.541;0.429;35.258;33.648;139.137;139.225;137.653;25.324;24.444;1.645;0.281;0.127;57.431;196.655;136.174;28.199;5.134;2.067;0.000;0.088;0.000;25;31.293;135.140;2;0;0;0;0;0;0;0
262;1;1;1;0.000000;0.000000;1.000000;20962.365273;20962.428609;20962.564188;804900;27260;144058;28;1801;27260;30508;100.000;0.812;0.906;553.195;593.813;7.322;165112;156503;144058;0.185;0.108;0.066;3.116;1.017;0.060;40.113;39.030;135.560;135.579;134.542;29.587;29.010;1.392;0.196;1.170;63.335;198.915;138.983;39.788;6.454;2.341;0.000;0.019;0.000;20;35.979;131.405;3;0;0;0;0;0;0;0
263;1;1;1;0.000000;0.000000;1.000000;20962.398831;20962.462375;20962.593804;801032;28764;144662;29;1809;28764;32128;100.000;0.881;0.981;555.515;596.313;7.711;164620;156488;144662;0.197;0.111;0.071;2.190;1.861;0.538;33.744;31.812;131.409;131.429;129.545;25.675;24.557;1.423;0.281;0.108;63.544;194.973;135.265;33.766;0.433;2.222;0.000;0.020;0.000;19;29.693;127.334;3;0;0;0;0;0;0;0
264;1;1;1;0.000000;0.000000;1.000000;20962.432103;20962.495157;20962.631926;793638;29704;145976;30;1825;29704;33184;100.000;0.862;0.960;560.560;601.720;7.964;164267;156413;145976;0.180;0.106;0.067;3.074;1.132;0.070;42.174;40.976;136.756;136.769;135.617;30.836;30.214;1.454;0.192;1.075;63.054;199.823;140.054;32.782;0.551;2.118;0.000;0.013;0.000;20;37.968;132.529;4;0;0;0;0;0;0;0
265;1;1;1;0.000000;0.000000;1.000000;20962.465293;20962.529809;20962.662833;801156;29516;148478;30;1856;29516;32996;100.000;0.944;1.052;570.168;612.027;7.919;165681;158366;148478;0.191;0.112;0.071;2.184;1.735;0.531;35.093;33.288;132.999;133.024;131.264;26.381;25.359;1.416;0.280;0.115;64.515;197.539;137.627;34.651;1.318;2.068;0.000;0.025;0.000;17;31.174;129.042;8;0;0;0;0;0;0;0
266;1;1;1;0.000000;0.000000;1.000000;20962.499239;20962.561215;20962.695564;804749;28576;149922;29;1875;28576;31940;100.000;0.829;0.924;575.713;618.000;7.666;166631;159451;149922;0.193;0.112;0.070;2.682;1.142;0.066;36.651;35.440;134.314;134.349;133.186;27.281;26.609;1.535;0.197;0.575;61.976;196.324;137.025;31.406;1.927;2.059;0.000;0.034;0.000;14;32.827;130.468;4;0;0;0;0;0;0;0
267;1;1;1;0.000000;0.000000;1.000000;20962.531845;20962.595852;20962.727826;805449;28388;150436;29;1881;28388;31752;100.000;0.865;0.965;577.687;620.110;7.620;166809;159640;150436;0.241;0.116;0.072;2.336;1.914;0.481;36.073;34.087;131.913;131.973;130.028;27.334;26.215;1.475;0.303;0.129;64.007;195.981;135.954;34.637;1.304;2.012;0.000;0.061;0.000;28;31.823;127.630;2;0;0;0;0;0;0;0
268;1;1;1;0.000000;0.000000;1.000000;20962.565840;20962.628866;20962.755293;805329;26884;149636;27;1871;26884;30016;100.000;0.769;0.856;574.615;616.812;7.204;165620;158681;149636;0.183;0.108;0.067;2.174;1.200;0.073;31.722;30.455;126.383;126.427;125.202;25.091;24.325;1.533;0.196;0.088;63.026;189.452;130.087;33.014;0.320;1.906;0.000;0.044;0.000;13;28.347;122.983;4;0;0;0;0;0;0;0
269;1;1;1;0.000000;0.000000;1.000000;20962.598477;20962.664019;20962.796500;805419;27260;148420;28;1856;27260;30508;100.000;0.899;1.003;569.945;611.804;7.322;163857;157015;148420;0.179;0.104;0.066;2.438;1.328;0.082;44.575;43.181;132.470;132.480;131.125;33.646;32.932;1.815;0.197;0.077;65.542;198.023;137.961;35.154;1.820;1.901;0.000;0.011;0.000;24;40.809;128.674;3;0;0;0;0;0;0;0
270;1;1;1;0.000000;0.000000;1.000000;20962.632674;20962.694547;20962.827834;804474;28012;146600;29;1833;28012;31376;100.000;0.966;1.079;562.956;604.296;7.530;161586;154930;146600;0.199;0.112;0.071;2.225;1.898;0.747;35.098;33.129;133.269;133.287;131.362;26.333;25.220;1.450;0.294;0.100;61.873;195.160;135.962;30.527;2.806;1.957;0.000;0.018;0.000;20;30.975;129.117;4;0;0;0;0;0;0;0
271;1;1;1;0.000000;0.000000;1.000000;20962.665125;20962.723685;20962.856922;796101;135172;145088;136;1814;135172;150948;100.000;3.497;3.903;557.150;598.062;36.228;181623;158138;145088;0.179;0.106;0.066;2.199;1.471;0.081;33.211;31.675;133.160;133.237;131.741;24.926;24.043;1.564;0.191;0.093;58.560;191.797;131.717;29.138;4.195;2.097;0.000;0.077;0.000;35;29.541;129.463;8;0;0;0;0;0;0;0
272;1;1;1;0.000000;0.000000;1.000000;20962.699541;20962.762437;20962.896062;805073;28200;144742;29;1810;28200;31564;100.000;0.881;0.983;555.822;596.643;7.575;170832;156020;144742;0.196;0.110;0.068;2.569;1.528;0.454;42.808;41.213;133.575;133.625;132.073;32.036;31.204;1.573;0.189;0.434;62.896;196.521;137.523;38.752;5.419;2.305;0.000;0.050;0.000;20;38.711;129.453;3;0;0;0;0;0;0;0
273;1;1;1;0.000000;0.000000;1.000000;20962.732803;20962.794601;20962.927238;797204;23500;144320;24;1804;23500;26284;100.000;0.815;0.908;554.201;594.887;6.308;168205;154907;144320;0.206;0.114;0.069;2.422;1.789;0.109;35.267;33.409;132.598;132.637;130.821;26.589;25.538;1.633;0.265;0.136;61.798;194.435;135.366;32.164;1.170;2.234;0.000;0.039;0.000;16;31.056;128.359;4;0;0;0;0;0;0;0
274;1;1;1;0.000000;0.000000;1.000000;20962.765178;20962.823572;20962.956183;805139;22936;144042;23;1801;22936;25604;100.000;0.578;0.642;553.134;593.752;6.145;166757;155370;144042;0.182;0.105;0.067;2.286;1.559;0.481;33.154;31.529;132.557;132.611;131.028;25.001;24.063;1.643;0.190;0.099;58.394;191.005;130.978;28.971;4.362;2.367;0.000;0.055;0.001;22;29.309;128.684;2;0;0;0;0;0;0;0
275;1;1;1;0.000000;0.000000;1.000000;20962.799395;20962.863501;20962.997546;808073;25944;144130;26;1802;25944;28960;100.000;0.845;0.940;553.472;594.112;6.950;164807;154126;144130;0.192;0.108;0.065;4.581;1.676;0.089;45.188;43.448;134.028;134.045;132.337;33.711;32.831;1.624;1.286;1.306;64.106;198.151;139.008;39.929;6.596;2.631;0.000;0.017;0.000;16;38.932;127.728;3;0;0;0;0;0;0;0
276;1;1;1;0.000000;0.000000;1.000000;20962.833024;20962.894360;20963.030982;813584;25944;144164;26;1803;25944;28960;100.000;0.879;0.978;553.602;594.265;6.950;164648;155233;144164;0.191;0.109;0.067;2.432;1.614;0.456;39.705;38.024;136.587;136.622;134.991;29.062;28.168;1.635;0.192;0.239;61.336;197.958;139.110;30.859;2.475;2.621;0.000;0.035;0.000;14;35.659;132.524;3;0;0;0;0;0;0;0
277;1;1;1;0.000000;0.000000;1.000000;20962.864795;20962.924024;20963.061821;812306;28952;144334;29;1805;28952;32316;100.000;0.745;0.829;554.255;594.963;7.756;163599;154399;144334;0.187;0.110;0.069;2.379;1.126;0.064;34.870;33.676;137.750;137.797;136.642;25.306;24.645;1.633;0.269;0.112;59.229;197.026;136.616;29.665;3.669;2.687;0.000;0.047;0.000;28;31.365;134.214;2;0;0;0;0;0;0;0
278;1;1;1;0.000000;0.000000;1.000000;20962.899027;20962.963088;20963.097554;817500;29140;144850;30;1811;29140;32620;100.000;0.873;0.975;556.236;597.080;7.829;163237;154950;144850;0.186;0.106;0.066;2.860;1.007;0.060;39.245;38.172;134.444;134.466;133.441;29.186;28.606;1.418;0.190;0.894;64.060;198.526;139.015;39.063;5.730;2.877;0.000;0.022;0.000;19;35.378;130.557;3;0;0;0;0;0;0;0
279;1;1;1;0.000000;0.000000;1.000000;20962.932637;20962.996814;20963.128018;824803;30644;147006;31;1838;30644;34240;100.000;0.950;1.058;564.516;605.968;8.218;163987;156001;147006;0.186;0.110;0.071;2.193;1.807;0.717;34.317;32.439;131.150;131.205;129.368;26.155;25.075;1.420;0.295;0.112;64.177;195.381;136.146;33.726;0.393;2.722;0.000;0.054;0.000;19;30.317;127.119;3;0;0;0;0;0;0;0
280;1;1;1;0.000000;0.000000;1.000000;20962.965040;20963.029261;20963.162968;813944;29892;149388;30;1868;29892;33372;100.000;0.877;0.976;573.662;615.792;8.009;165964;158467;149388;0.195;0.112;0.070;3.053;1.314;0.073;38.957;37.573;133.677;133.707;132.373;29.136;28.384;1.375;0.250;1.050;64.221;197.928;137.763;32.448;0.886;2.607;0.000;0.030;0.000;15;34.590;129.289;3;0;0;0;0;0;0;0
281;1;1;1;0.000000;0.000000;1.000000;20962.999549;20963.063535;20963.195055;815307;30456;150146;31;1877;30456;34052;100.000;0.958;1.069;576.573;618.906;8.172;166072;158776;150146;0.200;0.111;0.072;2.220;1.854;0.591;36.450;34.524;131.479;131.520;129.644;27.714;26.630;1.440;0.309;0.089;63.987;195.507;136.517;34.274;0.941;2.503;0.000;0.041;0.000;17;32.375;127.382;4;0;0;0;0;0;0;0
282;1;1;1;0.000000;0.000000;1.000000;20963.032176;20963.095488;20963.222895;816329;27260;149960;28;1875;27260;30508;100.000;0.796;0.888;575.859;618.146;7.322;165354;158391;149960;0.182;0.108;0.068;2.002;1.177;0.071;31.916;30.671;127.383;127.407;126.212;25.050;24.301;1.378;0.195;0.072;63.312;190.719;131.023;31.953;1.381;2.433;0.000;0.025;0.000;17;28.737;124.184;4;0;0;0;0;0;0;0
283;1;1;1;0.000000;0.000000;1.000000;20963.064908;20963.129907;20963.263937;813249;27636;148574;28;1858;27636;30884;100.000;0.881;0.981;570.537;612.441;7.412;163474;156550;148574;0.190;0.111;0.068;2.502;1.892;0.583;44.221;42.262;133.990;134.030;132.123;32.994;31.987;1.616;0.193;0.324;64.999;199.029;138.731;34.419;1.085;2.348;0.000;0.040;0.000;17;39.828;129.580;4;0;0;0;0;0;0;0
284;1;1;1;0.000000;0.000000;1.000000;20963.099512;20963.161437;20963.294641;809333;27824;146866;28;1836;27824;31072;100.000;0.957;1.065;563.978;605.386;7.457;161238;154400;146866;0.190;0.111;0.070;2.204;1.661;0.112;35.078;33.348;133.142;133.204;131.511;26.334;25.357;1.436;0.277;0.121;61.925;195.129;136.102;31.530;1.803;2.314;0.000;0.062;0.000;27;31.213;129.244;2;0;0;0;0;0;0;0
285;1;1;1;0.000000;0.000000;1.000000;20963.131469;20963.190681;20963.332291;815482;28764;145550;29;1820;28764;32128;100.000;0.743;0.828;558.924;599.971;7.711;159505;152633;145550;0.233;0.108;0.065;3.358;2.081;0.646;41.487;39.341;141.571;141.610;139.492;29.296;28.203;1.419;0.321;1.213;59.212;200.822;140.419;29.244;4.089;2.425;0.000;0.039;0.000;16;36.047;136.072;3;0;0;0;0;0;0;0
286;1;1;1;0.000000;0.000000;1.000000;20963.166310;20963.229596;20963.361076;814633;136112;144160;137;1802;136112;152004;100.000;4.224;4.714;553.587;594.228;36.481;181574;157734;144160;0.200;0.114;0.073;2.212;1.577;0.097;34.230;32.580;131.467;131.480;129.874;26.034;25.086;1.416;0.299;0.111;63.286;194.766;135.870;38.916;5.582;2.623;0.000;0.013;0.000;111;30.441;127.648;5;0;0;0;0;0;0;0
287;1;1;1;0.000000;0.000000;1.000000;20963.198508;20963.261886;20963.389688;814941;28200;142853;29;1786;28200;31564;100.000;0.801;0.894;548.568;588.848;7.575;171859;156101;142853;0.185;0.108;0.065;2.154;1.269;0.078;32.409;31.076;127.792;127.802;126.516;25.359;24.563;1.525;0.186;0.086;63.378;191.180;131.149;32.290;1.043;2.524;0.000;0.010;0.001;26;28.986;124.349;3;0;0;0;0;0;0;0
288;1;1;1;0.000000;0.000000;1.000000;20963.231817;20963.297252;20963.432547;818847;23124;142468;24;1781;23124;25908;100.000;0.755;0.843;547.090;587.256;6.218;168159;154380;142468;0.193;0.108;0.063;4.534;1.974;0.689;46.257;44.219;135.257;135.296;133.282;34.189;33.177;1.637;1.216;1.318;65.434;200.730;140.675;35.365;2.032;2.493;0.000;0.038;0.001;13;39.748;128.708;4;0;0;0;0;0;0;0
289;1;1;1;0.000000;0.000000;1.000000;20963.265901;20963.328025;20963.463143;824052;20868;142484;21;1782;20868;23304;100.000;0.700;0.778;547.151;587.340;5.593;165634;153148;142484;0.194;0.110;0.070;2.685;1.260;0.079;37.116;35.787;135.087;135.118;133.835;27.469;26.739;1.524;0.187;0.600;62.123;197.241;137.937;30.773;2.560;2.497;0.000;0.031;0.000;20;33.171;131.118;2;0;0;0;0;0;0;0
290;1;1;1;0.000000;0.000000;1.000000;20963.297956;20963.358030;20963.496276;835458;25568;143172;26;1790;25568;28584;100.000;0.668;0.744;549.793;590.163;6.860;164784;153523;143172;0.188;0.110;0.069;2.225;2.175;0.683;37.060;34.816;138.228;138.246;136.033;26.807;25.594;1.443;0.295;0.120;60.074;198.319;137.737;30.005;3.328;2.549;0.000;0.017;0.000;20;32.660;133.789;3;0;0;0;0;0;0;0
291;1;1;1;0.000000;0.000000;1.000000;20963.333201;20963.396520;20963.529619;819605;26132;143314;27;1792;26132;29264;100.000;0.754;0.842;550.338;590.753;7.023;163314;153911;143314;0.200;0.109;0.068;2.318;1.306;0.070;37.757;36.383;133.054;133.099;131.772;28.367;27.611;1.692;0.186;0.064;63.319;196.418;137.747;38.490;5.156;2.712;0.000;0.045;0.000;16;34.132;129.407;3;0;0;0;0;0;0;0
292;1;1;1;0.000000;0.000000;1.000000;20963.365159;20963.431280;20963.565367;827799;26508;143732;27;1797;26508;29640;100.000;0.858;0.956;551.943;592.471;7.114;162558;153374;143732;0.194;0.110;0.067;2.779;1.990;0.604;39.372;37.315;134.030;134.087;132.078;29.363;28.252;1.574;0.199;0.635;66.121;200.208;140.162;34.761;1.427;2.632;0.000;0.057;0.001;26;34.603;129.241;2;0;0;0;0;0;0;0
293;1;1;1;0.000000;0.000000;1.000000;20963.398734;20963.462375;20963.598351;830771;28576;144010;29;1801;28576;31940;100.000;0.806;0.898;553.011;593.629;7.666;161584;153316;144010;1.181;0.110;0.066;4.384;1.378;0.083;37.746;36.302;135.945;135.976;134.576;27.759;26.975;1.710;0.202;1.117;63.641;199.617;139.812;31.095;2.239;2.607;0.000;0.031;0.000;17;31.983;130.159;4;0;0;0;0;0;0;0
294;1;1;1;0.000000;0.000000;1.000000;20963.431016;20963.498033;20963.630822;835004;29704;145768;30;1823;29704;33184;100.000;0.974;1.085;559.762;600.876;7.964;162266;154986;145768;0.190;0.110;0.067;3.172;1.688;0.473;38.228;36.473;132.739;132.789;131.077;28.788;27.826;1.661;0.202;0.943;67.017;199.807;138.950;35.658;2.325;2.590;0.000;0.051;0.000;19;33.368;127.852;3;0;0;0;0;0;0;0
295;1;1;1;0.000000;0.000000;1.000000;20963.465688;20963.528731;20963.661684;814967;29328;148094;30;1852;29328;32808;100.000;0.854;0.953;568.693;610.462;7.874;164218;157192;148094;0.237;0.114;0.073;2.487;1.401;0.083;35.710;34.237;132.938;132.954;131.526;26.859;26.030;1.669;0.297;0.097;63.043;195.997;136.479;30.698;2.635;2.593;0.000;0.015;0.000;27;31.822;129.016;3;0;0;0;0;0;0;0
296;1;1;1;0.000000;0.000000;1.000000;20963.498370;20963.563253;20963.729578;818656;29328;149404;30;1868;29328;32808;100.000;0.878;0.979;573.724;615.853;7.874;164834;157778;149404;0.190;0.112;0.068;1.997;1.164;0.069;71.789;70.558;166.262;166.325;165.145;43.162;42.725;1.371;0.194;0.062;64.883;231.208;171.039;34.522;1.189;2.505;0.000;0.063;0.000;29;68.629;163.084;2;0;0;0;0;0;0;0
297;1;1;1;0.000000;0.000000;1.000000;20963.532347;20963.596831;20963.749188;819807;28200;149370;29;1868;28200;31564;100.000;0.881;0.984;573.593;615.723;7.575;164689;157706;149370;0.187;0.109;0.067;2.214;2.091;0.565;22.761;20.603;152.302;152.357;150.243;14.939;13.713;1.574;0.208;0.070;64.483;216.840;157.316;33.577;0.244;2.363;0.000;0.056;0.000;25;18.456;147.972;3;0;0;0;0;0;0;0
298;1;1;1;0.000000;0.000000;1.000000;20963.566041;20963.628992;20963.766154;814766;27636;148012;28;1851;27636;30884;100.000;0.361;0.402;568.379;610.125;7.412;162773;155910;148012;0.186;0.108;0.067;1.976;1.141;0.068;21.276;20.069;137.122;137.162;136.005;15.511;14.756;1.367;0.192;0.057;62.951;200.112;140.948;32.161;1.172;2.289;0.000;0.040;0.000;14;18.160;133.989;4;0;0;0;0;0;0;0
299;1;1;1;0.000000;0.000000;1.000000;20963.598501;20963.705761;20963.787268;809259;28200;146174;29;1828;28200;31564;100.000;654.414;730.201;561.321;602.548;7.575;160250;153659;146174;0.219;0.106;0.067;2.270;1.428;0.443;24.220;22.725;81.484;81.507;80.054;29.715;28.387;1.604;0.192;0.083;107.260;188.767;128.729;76.769;43.436;4.861;0.000;0.023;0.000;18;20.522;77.760;2;0;0;0;0;0;0;0
300;1;1;1;0.000000;0.000000;1.000000;20963.632414;20963.705806;20963.820226;812212;29140;144110;30;1802;29140;32620;100.000;6.368;7.106;553.395;594.036;7.829;158484;151765;144110;0.217;0.108;0.065;2.801;0.984;0.061;36.654;35.605;114.234;114.420;113.413;32.034;31.394;2.134;0.189;0.089;73.392;187.812;128.354;0.045;33.288;6.637;0.000;0.185;0.000;39;32.869;110.424;2;0;0;0;0;0;0;0
