frame_id;rx_complete;tx_complete;current_skip;yaw;pitch;zoom;camera_send_timestamp;recv_start_timestamp;node_exit_timestamp;original_points;rx_media_bytes;tx_points;rx_packets;tx_packets;payload_bytes;reference_size_bytes;data_integrity_pct;internal_throughput_mbs;reference_throughput_mbs;logical_bitrate_mbps;network_bitrate_mbps;reference_bitrate_mbps;arrived_points;eroded_points;valid_points;erosion_ms;reconstruction_ms;pose_ms;reconstruction_pipeline_ms;tx_duration_ms;active_tx_ms;active_process_ms;reference_process_ms;total_processing_ms;total_residency_ms;reference_residency_ms;node_efficiency_pct;reference_efficiency_pct;gpu_transfer_ms;gpu_copyback_ms;host_overhead_ms;camera_node_ms;e2e_latency_ms;schedule_delay_ms;inter_arrival_ms;instant_jitter_ms;desynced_jitter_ms;pose_control_ms;codec_queue_ms;frame_queue_ms;codec_backlog;decode_service_ms;decode_h265_ms;ffmpeg_write_calls;ffmpeg_write_failures;codec_queue_drops;tx_zero_accepts;tx_partial_accepts;tx_resubmit_calls;tx_resubmitted_packets;mbuf_starvation
1;1;1;1;0.000000;0.000000;1.000000;2799.153300;2799.209804;2799.335887;784142;142128;146318;108;1829;142128;154656;100.000;354.624;385.644;561.874;603.123;37.117;178911;159140;146318;0.212;0.125;0.079;3.327;1.529;0.085;29.860;28.251;126.049;126.082;124.533;23.683;22.686;1.608;0.217;1.087;56.504;182.587;126.082;0.000;0.000;0.000;0.000;0.034;0.000;58;25.003;121.171;7;0;0;0;0;0;0;0
2;1;1;1;0.000000;0.000000;1.000000;2799.186900;2799.237231;2799.376141;783406;28952;144182;22;1803;28952;31504;100.000;1257.047;1363.705;553.671;594.335;7.561;169393;156499;144182;0.211;0.125;0.078;2.060;0.998;0.065;45.105;44.029;118.408;138.910;137.890;32.471;31.930;1.380;0.188;0.077;50.330;189.240;133.003;27.426;5.907;0.369;0.000;20.502;0.000;31;42.047;115.327;1;0;0;0;0;0;0;0
3;1;1;1;0.000000;0.000000;1.000000;2799.222534;2799.278552;2799.408092;780200;22936;141754;18;1772;22936;25024;100.000;0.828;0.900;544.348;584.312;6.006;164369;153953;141754;0.197;0.117;0.072;2.403;1.383;0.355;34.999;33.544;129.516;129.540;128.129;27.018;26.180;1.687;0.221;0.109;56.018;185.558;131.621;41.321;7.988;0.845;0.000;0.024;0.001;10;31.213;125.700;6;0;0;0;0;0;0;0
4;1;1;1;0.000000;0.000000;1.000000;2799.255183;2799.306409;2799.447591;778467;22560;139430;18;1743;22560;24648;100.000;0.648;0.705;535.424;574.733;5.916;160176;150044;139430;0.206;0.120;0.075;2.498;0.926;0.057;43.286;42.286;141.157;141.182;140.234;30.660;30.154;1.703;0.287;0.108;51.226;192.408;137.787;27.857;5.476;1.135;0.000;0.025;0.001;9;39.863;137.710;4;0;0;0;0;0;0;0
5;1;1;1;0.000000;0.000000;1.000000;2799.287651;2799.341385;2799.484579;776427;22184;137802;17;1723;22184;24156;100.000;0.637;0.691;529.172;568.031;5.797;157416;147596;137802;0.204;0.116;0.072;2.153;1.339;0.466;40.413;39.003;140.165;143.193;141.838;28.223;27.498;1.380;0.180;0.202;53.734;196.928;141.441;34.976;1.643;1.167;0.000;3.028;0.000;17;36.921;136.655;2;0;0;0;0;0;0;0
6;1;1;1;0.000000;0.000000;1.000000;2799.323069;2799.376408;2799.514494;774893;24440;137230;19;1716;24440;26644;100.000;0.624;0.677;526.976;565.676;6.395;155704;146684;137230;0.207;0.118;0.074;2.512;1.019;0.059;33.392;32.299;138.077;138.087;137.038;24.182;23.570;1.725;0.290;0.099;53.338;191.425;138.023;35.023;1.689;1.199;0.000;0.010;0.000;15;29.861;134.515;3;0;0;0;0;0;0;0
7;1;1;1;0.000000;0.000000;1.000000;2799.355352;2799.415791;2799.542458;775949;25004;137590;19;1720;25004;27208;100.000;707.908;767.605;528.358;567.149;6.530;155769;147285;137590;0.197;0.117;0.072;2.172;1.266;0.354;31.500;30.162;126.651;126.667;125.380;24.868;24.056;1.520;0.181;0.086;60.439;187.106;132.653;39.383;6.050;1.502;0.000;0.016;0.000;10;28.062;123.190;3;0;0;0;0;0;0;0
8;1;1;1;0.000000;0.000000;1.000000;2799.389246;2799.449507;2799.582924;775463;26508;137746;21;1722;26508;28944;100.000;0.838;0.912;528.957;567.793;6.947;154945;147291;137746;0.488;0.111;0.068;3.004;0.967;0.057;43.896;42.861;133.390;133.417;132.424;32.901;32.367;1.414;0.183;0.741;60.261;193.678;139.786;33.716;0.383;1.432;0.000;0.027;0.000;12;39.925;129.392;3;0;0;0;0;0;0;0
9;1;1;1;0.000000;0.000000;1.000000;2799.420268;2799.481300;2799.614043;775698;26132;138024;20;1726;26132;28452;100.000;0.906;0.983;530.025;568.951;6.828;154624;147515;138024;0.201;0.111;0.070;2.204;1.328;0.087;35.081;33.684;132.720;132.744;131.389;26.428;25.637;1.442;0.281;0.100;61.032;193.776;137.572;31.793;1.540;1.439;0.000;0.024;0.000;11;31.549;129.154;3;0;0;0;0;0;0;0
10;1;1;1;0.000000;0.000000;1.000000;2799.454080;2799.510299;2799.640892;778020;25568;138278;20;1729;25568;27888;100.000;0.634;0.689;531.000;569.994;6.693;153992;146840;138278;0.185;0.108;0.066;2.277;1.311;0.223;30.386;29.010;130.570;130.592;129.263;23.268;22.443;1.622;0.196;0.100;56.220;186.812;131.087;29.000;4.334;1.620;0.000;0.022;0.000;12;26.798;126.962;3;0;0;0;0;0;0;0
11;1;1;1;0.000000;0.000000;1.000000;2799.487077;2799.550850;2799.684045;778554;24064;139114;19;1739;24064;26268;100.000;0.783;0.851;534.210;573.430;6.304;154581;147771;139114;0.201;0.111;0.068;2.591;1.332;0.373;46.734;45.334;133.164;133.195;131.840;35.087;34.386;1.654;0.311;0.247;63.773;196.968;140.907;40.550;7.217;1.970;0.000;0.031;0.000;12;42.811;129.217;4;0;0;0;0;0;0;0
12;1;1;1;0.000000;0.000000;1.000000;2799.522190;2799.581768;2799.715074;779986;25568;140496;20;1757;25568;27888;100.000;0.919;0.999;539.517;579.143;6.693;155588;149026;140496;0.192;0.112;0.066;2.426;1.316;0.084;34.944;33.563;133.269;133.306;131.962;26.214;25.434;1.663;0.282;0.111;59.578;192.885;138.603;30.918;2.415;1.998;0.000;0.037;0.000;19;31.203;129.498;2;0;0;0;0;0;0;0
13;1;1;1;0.000000;0.000000;1.000000;2799.553537;2799.609729;2799.750216;780926;26132;142868;20;1786;26132;28452;100.000;0.640;0.694;548.626;588.905;6.828;157785;151108;142868;0.193;0.111;0.069;2.933;1.171;0.374;38.892;37.652;140.183;140.487;139.300;27.683;27.030;1.409;0.192;0.959;56.192;196.679;140.411;27.961;5.373;2.209;0.000;0.303;0.000;20;34.788;136.062;2;0;0;0;0;0;0;0
14;1;1;1;0.000000;0.000000;1.000000;2799.586992;2799.650779;2799.780614;782770;26508;144928;21;1812;26508;28944;100.000;0.842;0.916;556.536;597.402;6.947;159421;153009;144928;0.231;0.112;0.070;2.330;1.380;0.094;34.481;33.031;129.817;129.835;128.420;26.558;25.721;1.471;0.303;0.143;63.786;193.621;137.476;41.050;7.717;2.553;0.000;0.018;0.001;9;30.771;126.071;4;0;0;0;0;0;0;0
15;1;1;1;0.000000;0.000000;1.000000;2799.622851;2799.682422;2799.815434;784474;27260;146044;21;1826;27260;29696;100.000;0.783;0.850;560.821;602.004;7.127;159965;153314;146044;0.186;0.110;0.071;2.444;1.401;0.375;38.530;37.059;132.835;133.011;131.580;28.967;28.164;1.654;0.298;0.126;59.571;192.583;138.963;31.644;1.690;2.499;0.000;0.176;0.001;21;34.685;128.957;2;0;0;0;0;0;0;0
16;1;1;1;0.000000;0.000000;1.000000;2799.653713;2799.717453;2799.851742;785193;131788;145822;101;1823;131788;143504;100.000;4.201;4.571;559.969;601.083;34.441;177968;156948;145822;0.239;0.108;0.065;4.692;1.470;0.085;40.156;38.622;134.254;134.289;132.797;29.903;29.084;1.663;1.211;1.407;63.740;198.029;141.937;35.030;1.697;2.449;0.000;0.035;0.000;37;33.995;128.068;8;0;0;0;0;0;0;0
17;1;1;1;0.087266;0.000000;1.000000;2799.687103;2799.748878;2799.886760;782720;28764;144126;22;1802;28764;31316;100.000;0.847;0.920;553.456;594.097;7.516;169127;155796;144126;0.188;0.106;0.067;2.884;1.789;0.560;41.176;39.321;137.838;137.882;136.072;29.863;28.897;1.443;0.194;0.886;61.774;199.656;143.622;31.425;1.908;2.415;18.698;0.044;0.000;17;36.503;133.143;3;0;0;0;0;0;0;0
18;1;1;1;0.087266;0.000000;1.000000;2799.720236;2799.782974;2799.914958;781613;23124;141930;18;1775;23124;25212;100.000;0.684;0.743;545.024;585.055;6.051;164376;152343;141930;0.189;0.111;0.069;2.206;1.313;0.074;32.861;31.480;131.946;131.983;130.643;24.898;24.096;1.449;0.280;0.108;62.738;194.722;138.487;34.097;0.763;2.312;0.000;0.037;0.001;17;29.343;128.399;2;0;0;0;0;0;0;0
19;1;1;1;0.087266;0.000000;1.000000;2799.753652;2799.816964;2799.951326;780006;22184;139740;17;1747;22184;24156;100.000;0.660;0.715;536.614;576.014;5.797;160684;150225;139740;1.139;0.109;0.068;4.061;1.130;0.061;39.883;38.685;134.342;134.362;133.215;29.683;29.040;1.478;0.183;1.086;63.312;197.674;141.522;33.990;0.656;2.208;0.000;0.020;0.000;11;34.692;129.121;3;0;0;0;0;0;0;0
20;1;1;1;0.087266;0.000000;1.000000;2799.787030;2799.850820;2799.982294;780302;22936;138346;18;1730;22936;25024;100.000;0.717;0.779;531.261;570.277;6.006;157894;148300;138346;0.195;0.113;0.069;2.453;1.546;0.516;36.147;34.532;131.426;131.473;129.902;27.494;26.583;1.616;0.306;0.154;63.790;195.263;139.156;33.856;0.523;2.103;0.000;0.047;0.000;17;32.148;127.401;2;0;0;0;0;0;0;0
21;1;1;1;0.087266;0.000000;1.000000;2799.820344;2799.882971;2800.016907;779066;24816;137844;19;1724;24816;27020;100.000;0.722;0.783;529.333;568.214;6.485;156303;147479;137844;0.193;0.105;0.063;2.365;0.871;0.051;38.618;37.684;133.911;133.936;133.050;28.833;28.323;1.749;0.181;0.072;62.627;196.563;140.436;32.150;1.183;2.046;0.000;0.025;0.000;10;35.383;130.658;4;0;0;0;0;0;0;0
22;1;1;1;0.174533;0.000000;1.000000;2799.854081;2799.917545;2800.048773;778280;25192;138092;20;1727;25192;27512;100.000;0.779;0.848;530.286;569.234;6.603;156434;148303;138092;0.190;0.110;0.068;2.205;1.506;0.383;35.077;33.503;131.199;131.228;129.686;26.730;25.834;1.428;0.271;0.139;63.464;194.692;138.969;34.574;1.241;1.995;3.533;0.029;0.000;10;31.365;127.449;3;0;0;0;0;0;0;0
23;1;1;1;0.174533;0.000000;1.000000;2799.887660;2799.950024;2800.080925;778907;25944;138240;20;1728;25944;28264;100.000;0.765;0.831;530.854;569.825;6.783;155826;148511;138240;0.197;0.108;0.067;2.293;0.975;0.061;35.869;34.827;130.897;130.902;129.901;27.401;26.811;1.620;0.202;0.100;62.363;193.265;137.788;32.479;0.855;1.924;0.000;0.004;0.000;18;32.601;127.602;3;0;0;0;0;0;0;0
24;1;1;1;0.174533;0.000000;1.000000;2799.920448;2799.984095;2800.114697;779289;23876;138556;19;1732;23876;26080;100.000;0.758;0.825;532.068;571.129;6.259;155133;147900;138556;0.236;0.111;0.069;2.254;1.472;0.093;37.039;35.499;130.577;130.602;129.108;28.360;27.496;1.452;0.299;0.089;63.647;194.249;138.226;34.071;0.738;1.850;0.000;0.025;0.000;11;33.313;126.827;4;0;0;0;0;0;0;0
25;1;1;1;0.174533;0.000000;1.000000;2799.954076;2800.015755;2800.150945;779739;25004;138952;19;1737;25004;27208;100.000;628.057;681.021;533.588;572.762;6.530;154951;148061;138952;0.185;0.104;0.063;2.414;1.081;0.310;39.978;38.833;135.164;135.189;134.094;29.572;28.960;1.813;0.181;0.067;61.679;196.869;141.140;31.660;1.673;1.839;0.000;0.026;0.000;13;36.483;131.652;2;0;0;0;0;0;0;0
26;1;1;1;0.174533;0.000000;1.000000;2799.986791;2800.050415;2800.181407;779364;26508;139454;21;1744;26508;28944;100.000;0.830;0.904;535.516;574.848;6.947;155091;148214;139454;0.194;0.110;0.069;2.196;1.569;0.100;33.933;32.296;130.975;130.991;129.387;25.905;24.960;1.449;0.263;0.112;63.624;194.615;138.269;34.660;1.327;1.807;0.000;0.017;0.000;9;30.168;127.172;4;0;0;0;0;0;0;0
27;1;1;1;0.174533;0.000000;1.000000;2800.020297;2800.082494;2800.217755;780025;26696;140520;21;1757;26696;29132;100.000;0.768;0.835;539.609;579.235;6.992;155666;148911;140520;0.190;0.109;0.067;2.552;1.472;0.428;40.125;38.586;135.230;135.260;133.768;29.665;28.846;1.632;0.182;0.374;62.197;197.457;141.284;32.079;1.255;1.772;0.000;0.030;0.000;11;36.100;131.184;4;0;0;0;0;0;0;0
28;1;1;1;0.174533;0.000000;1.000000;2800.053487;2800.117464;2800.248282;780373;26884;141820;21;1773;26884;29320;100.000;0.846;0.919;544.601;584.588;7.037;156450;150058;141820;0.186;0.110;0.068;2.435;1.269;0.076;34.536;33.200;130.798;130.818;129.517;26.400;25.634;1.672;0.282;0.118;63.978;194.796;138.478;34.970;1.637;1.764;0.000;0.020;0.000;7;30.832;127.060;5;0;0;0;0;0;0;0
29;1;1;1;0.174533;0.000000;1.000000;2800.087296;2800.149404;2800.285314;781651;27824;143812;22;1798;27824;30376;100.000;0.810;0.881;552.251;592.801;7.290;158178;151821;143812;0.223;0.105;0.065;4.522;1.658;0.445;40.730;39.007;135.890;135.910;134.233;29.969;29.059;1.641;1.215;1.274;62.108;198.018;142.176;31.939;1.394;1.741;0.000;0.020;0.000;15;34.550;129.675;3;0;0;0;0;0;0;0
30;1;1;1;0.174533;0.000000;1.000000;2800.120519;2800.183914;2800.318686;781375;26508;144756;21;1810;26508;28944;100.000;0.827;0.900;555.876;596.697;6.947;158959;152458;144756;0.189;0.109;0.065;2.404;1.275;0.071;39.536;38.196;134.732;134.772;133.465;29.335;28.619;1.759;0.199;0.083;63.396;198.167;142.215;34.511;1.177;1.705;0.000;0.040;0.001;17;35.857;131.020;4;0;0;0;0;0;0;0
31;1;1;1;0.174533;0.000000;1.000000;2800.153729;2800.216114;2800.349778;784392;130660;143948;100;1800;130660;142260;100.000;3.817;4.153;552.773;593.368;34.142;176776;155937;143948;0.191;0.112;0.068;2.359;1.528;0.435;34.779;33.183;133.628;133.664;132.117;26.019;25.116;1.642;0.227;0.121;62.385;196.049;139.974;32.199;1.134;1.670;0.000;0.036;0.000;30;30.891;129.719;5;0;0;0;0;0;0;0
32;1;1;1;0.261799;0.000000;1.000000;2800.187013;2800.250416;2800.384430;782671;28764;141972;22;1775;28764;31316;100.000;0.856;0.929;545.185;585.216;7.516;167802;154013;141972;0.238;0.110;0.066;4.600;1.125;0.067;38.536;37.346;133.994;134.015;132.872;28.755;28.107;1.663;1.210;1.314;63.402;197.417;141.293;34.302;0.969;1.626;30.959;0.021;0.000;16;32.811;128.248;3;0;0;0;0;0;0;0
33;1;1;1;0.261799;0.000000;1.000000;2800.220505;2800.284255;2800.419120;776999;23500;139814;18;1748;23500;25588;100.000;0.719;0.780;536.898;576.321;6.141;162473;151153;139814;0.218;0.103;0.065;4.569;1.382;0.085;40.399;38.953;134.834;134.865;133.455;29.955;29.188;1.692;1.212;1.279;63.750;198.615;142.649;33.840;0.506;1.556;0.000;0.031;0.001;8;34.448;128.851;4;0;0;0;0;0;0;0
34;1;1;1;0.261799;0.000000;1.000000;2800.253735;2800.317091;2800.452966;778650;23124;137648;18;1721;23124;25212;100.000;0.688;0.747;528.581;567.394;6.051;157983;147475;137648;0.185;0.105;0.065;3.095;1.308;0.416;39.793;38.421;135.848;135.875;134.539;29.287;28.558;1.408;0.185;1.146;63.355;199.230;143.161;32.835;0.498;1.490;0.000;0.027;0.000;14;35.391;131.415;3;0;0;0;0;0;0;0
35;1;1;1;0.261799;0.000000;1.000000;2800.287410;2800.350905;2800.483049;778007;22936;137154;18;1715;22936;25024;100.000;0.702;0.763;526.684;565.362;6.006;156457;146475;137154;0.194;0.110;0.069;2.408;1.140;0.068;34.489;33.280;132.111;132.144;130.982;26.099;25.408;1.658;0.274;0.104;63.495;195.639;139.911;33.814;0.480;1.427;0.000;0.033;0.000;17;30.940;128.539;2;0;0;0;0;0;0;0
36;1;1;1;0.261799;0.000000;1.000000;2800.320763;2800.383830;2800.511341;776483;25192;138046;20;1726;25192;27512;100.000;0.735;0.800;530.109;569.035;6.603;155937;147008;138046;0.184;0.105;0.066;2.019;1.496;0.474;31.836;30.274;127.472;127.511;125.992;24.967;24.029;1.397;0.181;0.085;63.068;190.578;134.870;32.926;0.408;1.363;0.000;0.038;0.000;18;28.321;123.933;2;0;0;0;0;0;0;0
37;1;1;1;0.349066;0.000000;1.000000;2800.353490;2800.418314;2800.550894;781287;26132;139346;20;1742;26132;28452;100.000;0.830;0.901;535.101;574.388;6.828;157460;149487;139346;1.050;0.108;0.067;4.118;0.939;0.054;43.070;42.065;132.535;132.580;131.626;32.486;31.958;1.646;0.181;1.066;64.824;197.404;141.090;34.484;1.151;1.350;16.178;0.044;0.000;19;38.014;127.461;2;0;0;0;0;0;0;0
38;1;1;1;0.349066;0.000000;1.000000;2800.387205;2800.449945;2800.583308;780329;27636;141098;21;1764;27636;30072;100.000;485.539;526.660;541.829;581.612;7.217;157637;150141;141098;0.192;0.110;0.068;2.211;1.380;0.369;37.458;36.010;133.332;133.362;131.959;28.087;27.289;1.510;0.215;0.117;62.741;196.103;140.170;31.631;1.702;1.372;0.000;0.031;0.000;10;33.867;129.716;3;0;0;0;0;0;0;0
39;1;1;1;0.349066;0.000000;1.000000;2800.420557;2800.479201;2800.618067;780785;28952;142238;22;1778;28952;31504;100.000;0.744;0.807;546.206;586.306;7.561;158178;150818;142238;1.166;0.108;0.066;4.184;1.068;0.066;38.341;37.206;138.825;138.867;137.781;27.610;27.003;1.591;0.186;1.067;58.643;197.510;141.596;29.255;4.078;1.541;0.000;0.042;0.000;13;33.088;133.542;6;0;0;0;0;0;0;0
40;1;1;1;0.349066;0.000000;1.000000;2800.454089;2800.518290;2800.649749;785430;29892;143844;23;1799;29892;32560;100.000;0.953;1.035;552.373;592.946;7.814;159340;152098;143844;0.228;0.113;0.071;2.499;1.213;0.075;36.910;35.627;131.444;131.458;130.209;28.078;27.361;1.682;0.301;0.105;64.201;195.659;139.944;39.090;5.757;1.804;0.000;0.015;0.000;16;33.198;127.694;3;0;0;0;0;0;0;0
41;1;1;1;0.349066;0.000000;1.000000;2800.486910;2800.549809;2800.685005;789479;30644;146416;24;1831;30644;33428;100.000;0.886;0.963;562.250;603.545;8.023;161458;154259;146416;1.075;0.111;0.070;4.179;1.419;0.412;38.984;37.495;135.176;135.196;133.761;28.835;28.032;1.655;0.195;1.074;62.898;198.095;141.867;31.518;1.815;1.805;0.000;0.020;0.001;18;33.386;129.559;3;0;0;0;0;0;0;0
42;1;1;1;0.349066;0.000000;1.000000;2800.520289;2800.584585;2800.716021;789348;31584;148106;24;1852;31584;34368;100.000;0.983;1.067;568.740;610.508;8.248;163190;156459;148106;0.236;0.112;0.072;2.500;1.196;0.072;36.598;35.330;131.408;131.435;130.214;27.845;27.133;1.667;0.293;0.121;64.296;195.732;139.550;34.777;1.443;1.782;0.000;0.027;0.000;12;32.902;127.683;4;0;0;0;0;0;0;0
43;1;1;1;0.436332;0.000000;1.000000;2800.553672;2800.616843;2800.752486;792714;31960;149298;25;1867;31960;34860;100.000;0.915;0.995;573.317;615.424;8.366;164183;157597;149298;0.187;0.110;0.067;2.136;1.384;0.238;40.159;38.708;135.629;135.642;134.235;29.606;28.836;1.416;0.212;0.145;63.171;198.813;142.681;32.258;1.075;1.738;34.307;0.013;0.000;19;36.639;132.085;3;0;0;0;0;0;0;0
44;1;1;1;0.436332;0.000000;1.000000;2800.586748;2800.651969;2800.782402;790865;31772;150365;25;1880;31772;34672;100.000;1.014;1.104;577.414;619.814;8.321;165393;158411;150365;0.200;0.111;0.070;2.320;1.767;0.665;33.429;31.592;130.398;130.433;128.638;25.629;24.559;1.479;0.304;0.157;65.222;195.655;139.265;35.126;1.792;1.742;0.000;0.036;0.000;12;29.341;126.281;4;0;0;0;0;0;0;0
45;1;1;1;0.436332;0.000000;1.000000;2800.620612;2800.683417;2800.810683;787976;32336;151606;25;1896;32336;35236;100.000;0.944;1.026;582.180;624.941;8.457;166115;159428;151606;0.239;0.111;0.068;2.347;1.247;0.070;32.374;31.059;127.216;127.265;126.001;25.438;24.650;1.648;0.198;0.085;62.805;190.070;134.212;31.448;1.885;1.751;0.000;0.050;0.001;15;28.780;123.601;4;0;0;0;0;0;0;0
46;1;1;1;0.436332;0.000000;1.000000;2800.653393;2800.717874;2800.851813;789717;145888;151650;111;1896;145888;158764;100.000;4.682;5.092;582.348;625.110;38.103;188890;165163;151650;0.230;0.111;0.067;4.654;1.695;0.429;44.715;42.954;133.928;133.939;132.221;33.384;32.486;1.653;1.298;1.296;64.481;198.419;142.008;34.457;1.123;1.711;0.000;0.011;0.000;39;38.366;127.555;9;0;0;0;0;0;0;0
47;1;1;1;0.436332;0.000000;1.000000;2800.687490;2800.749101;2800.885656;784950;30080;150558;23;1882;30080;32748;100.000;1.014;1.101;578.155;620.601;7.860;179115;163191;150558;0.228;0.112;0.067;4.606;1.439;0.082;40.181;38.675;136.519;136.555;135.088;29.425;28.630;1.670;1.224;1.306;61.610;198.166;142.518;31.227;2.107;1.736;0.000;0.036;0.001;22;34.136;130.443;2;0;0;0;0;0;0;0
48;1;1;1;0.523599;0.000000;1.000000;2800.720318;2800.778876;2800.919849;781130;24440;148538;19;1857;24440;26644;100.000;0.635;0.690;570.398;612.280;6.395;174491;161518;148538;0.197;0.110;0.068;4.928;1.867;0.511;40.226;38.292;140.922;140.974;139.070;28.535;27.534;1.718;1.223;1.614;58.558;199.532;143.378;29.775;3.558;1.850;27.877;0.052;0.000;18;33.431;134.088;2;0;0;0;0;0;0;0
49;1;1;1;0.523599;0.000000;1.000000;2800.754457;2800.817560;2800.950783;780468;24816;147276;19;1841;24816;27020;100.000;0.750;0.814;565.552;607.073;6.485;169683;158314;147276;0.240;0.113;0.068;2.908;0.970;0.063;37.741;36.704;133.181;133.222;132.232;28.330;27.757;1.447;0.193;0.848;63.103;196.325;140.978;38.684;5.351;2.069;0.000;0.042;0.000;18;33.863;129.280;2;0;0;0;0;0;0;0
50;1;1;1;0.523599;0.000000;1.000000;2800.788359;2800.850784;2800.985544;783376;25192;146748;20;1835;25192;27512;100.000;0.745;0.811;563.525;604.910;6.603;166714;156688;146748;0.189;0.110;0.069;2.584;1.467;0.427;38.628;37.092;134.715;134.760;133.276;28.664;27.831;1.657;0.194;0.367;62.425;197.185;142.407;33.224;0.109;1.946;0.000;0.045;0.000;19;34.576;130.632;2;0;0;0;0;0;0;0
51;1;1;1;0.523599;0.000000;1.000000;2800.820144;2800.884829;2801.015921;787237;29516;145970;23;1825;29516;32184;100.000;0.881;0.958;560.537;601.697;7.724;163927;154647;145970;0.232;0.115;0.068;2.439;1.003;0.062;34.417;33.346;131.060;131.092;130.062;26.254;25.639;1.624;0.306;0.094;64.685;195.777;139.450;34.045;0.712;1.869;0.000;0.032;0.000;16;30.975;127.590;3;0;0;0;0;0;0;0
52;1;1;1;0.523599;0.000000;1.000000;2800.854106;2800.918567;2801.051430;787734;31020;147302;24;1842;31020;33804;100.000;1.002;1.089;565.652;607.195;8.113;163921;154970;147302;1.166;0.110;0.068;4.230;1.371;0.379;38.957;37.518;132.806;132.863;131.477;29.321;28.536;1.624;0.191;1.072;64.461;197.324;141.625;33.737;0.404;1.778;0.000;0.057;0.000;23;33.356;127.188;2;0;0;0;0;0;0;0
53;1;1;1;0.523599;0.000000;1.000000;2800.887511;2800.949636;2801.082157;787059;31584;148046;24;1851;31584;34368;100.000;578.459;627.699;568.509;610.255;8.248;163880;155377;148046;0.193;0.111;0.068;2.232;1.613;0.088;36.319;34.638;132.488;132.521;130.888;27.406;26.464;1.446;0.310;0.104;62.125;194.646;139.019;31.070;2.264;1.808;0.000;0.033;0.000;12;32.474;128.621;3;0;0;0;0;0;0;0
54;1;1;1;0.523599;0.000000;1.000000;2800.920546;2800.983923;2801.118350;786051;31020;148712;24;1859;31020;33804;100.000;0.917;0.996;571.067;612.993;8.113;163752;156015;148712;1.234;0.111;0.067;4.203;1.418;0.424;40.037;38.552;134.398;134.427;132.992;29.783;28.988;1.524;0.194;1.074;63.377;197.804;141.879;34.287;0.954;1.755;0.000;0.029;0.001;12;34.416;128.757;4;0;0;0;0;0;0;0
55;1;1;1;0.610865;0.000000;1.000000;2800.953791;2801.017931;2801.149078;796213;30832;148706;24;1859;30832;33616;100.000;0.969;1.053;571.044;612.970;8.068;163350;156198;148706;0.188;0.109;0.070;2.425;1.441;0.088;36.329;34.818;131.117;131.147;129.674;27.701;26.851;1.659;0.305;0.095;64.140;195.287;139.274;34.008;0.675;1.687;20.281;0.030;0.000;16;32.463;127.218;3;0;0;0;0;0;0;0
56;1;1;1;0.610865;0.000000;1.000000;2800.987486;2801.049895;2801.182613;790191;30080;148654;23;1859;30080;32748;100.000;0.871;0.946;570.844;612.770;7.860;162711;155789;148654;0.197;0.113;0.070;2.949;1.365;0.071;37.410;35.975;132.698;132.718;131.334;28.188;27.392;1.498;0.232;0.839;62.409;195.127;139.475;31.964;1.370;1.667;0.000;0.020;0.000;14;33.096;128.365;4;0;0;0;0;0;0;0
57;1;1;1;0.610865;0.000000;1.000000;2801.020172;2801.084602;2801.214038;798808;30456;148762;24;1860;30456;33240;100.000;0.951;1.035;571.259;613.208;7.978;162756;155654;148762;0.235;0.113;0.072;2.293;1.575;0.600;35.729;34.082;129.413;129.436;127.835;27.603;26.661;1.445;0.290;0.139;64.430;193.866;137.567;34.707;1.374;1.649;0.000;0.024;0.000;12;31.861;125.517;4;0;0;0;0;0;0;0
58;1;1;1;0.698132;0.000000;1.000000;2801.054091;2801.116763;2801.240744;797924;30644;149280;24;1866;30644;33428;100.000;0.895;0.973;573.248;615.332;8.023;163186;156181;149280;0.185;0.109;0.067;2.411;1.583;0.095;30.573;28.923;123.949;123.981;122.374;24.659;23.635;1.692;0.236;0.123;62.673;186.654;130.940;32.161;1.172;1.619;7.663;0.032;0.001;12;26.578;119.927;4;0;0;0;0;0;0;0
59;1;1;1;0.698132;0.000000;1.000000;2801.086798;2801.151180;2801.276223;794477;31020;149798;24;1873;31020;33804;100.000;1.016;1.104;575.237;617.479;8.113;163385;156786;149798;0.185;0.108;0.067;2.305;1.523;0.520;39.474;37.885;125.004;125.044;123.501;31.569;30.676;1.662;0.196;0.089;64.381;189.425;133.086;34.416;1.083;1.586;0.000;0.039;0.000;23;35.646;121.155;2;0;0;0;0;0;0;0
60;1;1;1;0.698132;0.000000;1.000000;2801.120606;2801.181903;2801.320120;789053;30644;150698;24;1884;30644;33428;100.000;1.104;1.201;578.693;621.183;8.023;164074;157604;150698;0.188;0.109;0.067;3.275;1.292;0.091;47.699;46.340;138.146;138.217;136.896;34.510;33.850;1.461;0.201;1.250;61.297;199.514;143.649;30.723;2.610;1.650;0.000;0.071;0.000;17;43.131;133.534;3;0;0;0;0;0;0;0
61;1;1;1;0.698132;0.000000;1.000000;2801.153309;2801.209835;2801.349616;783874;143632;149328;110;1867;143632;156392;100.000;4.099;4.460;573.432;615.539;37.534;186216;162709;149328;0.192;0.111;0.070;2.243;1.932;0.566;34.054;32.053;139.712;139.781;137.815;24.363;23.258;1.438;0.304;0.130;56.526;196.307;139.811;27.932;5.402;1.884;0.000;0.069;0.000;45;29.879;135.501;6;0;0;0;0;0;0;0
62;1;1;1;0.698132;0.000000;1.000000;2801.187056;2801.244948;2801.383784;782785;28764;146986;22;1838;28764;31316;100.000;0.753;0.817;564.439;605.892;7.516;175815;160583;146986;0.198;0.112;0.069;3.035;0.998;0.062;38.351;37.285;138.797;138.835;137.815;27.624;27.054;1.384;0.189;1.084;57.893;196.728;140.646;35.114;1.780;1.878;0.000;0.038;0.000;16;34.319;134.740;4;0;0;0;0;0;0;0
63;1;1;1;0.785398;0.000000;1.000000;2801.222604;2801.283323;2801.414256;782791;23124;145010;18;1813;23124;25212;100.000;0.695;0.755;556.851;597.740;6.051;170291;157298;145010;0.190;0.110;0.069;2.192;1.827;0.369;34.498;32.603;130.908;130.934;129.081;26.348;25.258;1.438;0.287;0.099;60.719;191.653;137.785;38.374;5.041;2.075;25.748;0.026;0.000;10;30.480;126.862;4;0;0;0;0;0;0;0
64;1;1;1;0.785398;0.000000;1.000000;2801.254946;2801.316773;2801.447977;782127;22184;143356;17;1792;22184;24156;100.000;0.633;0.686;550.500;590.915;5.797;165344;154096;143356;0.194;0.111;0.067;2.415;1.019;0.062;37.741;36.655;131.171;131.204;130.164;28.765;28.161;1.677;0.268;0.099;61.827;193.032;138.173;33.450;0.117;1.953;0.000;0.034;0.000;16;34.307;127.714;2;0;0;0;0;0;0;0
65;1;1;1;0.785398;0.000000;1.000000;2801.286931;2801.352032;2801.482542;785507;23124;142428;18;1781;23124;25212;100.000;0.761;0.826;546.936;587.103;6.051;163252;152956;142428;0.456;0.113;0.069;3.298;1.091;0.060;37.989;36.830;130.501;130.510;129.391;29.108;28.464;2.073;0.293;0.295;65.102;195.611;139.404;35.260;1.926;1.951;0.000;0.009;0.000;14;33.601;126.083;3;0;0;0;0;0;0;0
66;1;1;1;0.785398;0.000000;1.000000;2801.321090;2801.382563;2801.517930;789017;24252;142296;19;1779;24252;26456;100.000;0.720;0.782;546.429;586.551;6.349;161227;152122;142296;0.191;0.105;0.065;2.374;1.267;0.363;39.785;38.453;135.340;135.367;134.084;29.391;28.679;1.761;0.186;0.067;61.473;196.840;141.459;30.530;2.803;2.005;0.000;0.027;0.000;9;36.144;131.681;3;0;0;0;0;0;0;0
67;1;1;1;0.785398;0.000000;1.000000;2801.353429;2801.416431;2801.549063;789641;25944;142550;20;1782;25944;28264;100.000;0.786;0.854;547.404;587.594;6.783;160558;151521;142550;0.192;0.111;0.067;2.213;1.792;0.105;34.743;32.885;132.623;132.632;130.795;26.195;25.142;1.455;0.300;0.089;63.002;195.634;139.259;33.869;0.535;1.913;0.000;0.009;0.000;16;30.738;128.572;3;0;0;0;0;0;0;0
68;1;1;1;0.785398;0.000000;1.000000;2801.387073;2801.449579;2801.583693;784718;26320;142638;20;1783;26320;28640;100.000;772.895;838.220;547.742;587.954;6.874;160400;152556;142638;0.196;0.112;0.068;2.683;1.324;0.386;38.657;37.264;134.090;134.114;132.770;28.824;28.067;1.521;0.186;0.599;62.506;196.620;140.555;33.148;0.185;1.805;0.000;0.024;0.000;11;34.650;130.062;2;0;0;0;0;0;0;0
69;1;1;1;0.785398;0.000000;1.000000;2801.420178;2801.484285;2801.618218;778159;27448;142942;21;1787;27448;29884;100.000;0.860;0.934;548.910;589.212;7.172;159402;152063;142942;0.194;0.112;0.070;5.183;1.334;0.085;38.518;37.113;133.885;133.933;132.568;28.759;27.996;1.633;1.210;1.965;64.107;198.040;141.747;34.706;1.372;1.778;0.000;0.049;0.000;20;32.000;127.335;2;0;0;0;0;0;0;0
70;1;1;1;0.785398;0.000000;1.000000;2801.453623;2801.516335;2801.643089;776327;28012;143886;22;1799;28012;30564;100.000;0.794;0.863;552.535;593.108;7.335;159599;152208;143886;0.221;0.108;0.066;2.774;1.418;0.185;31.369;29.885;126.735;126.754;125.304;24.748;23.850;2.028;0.218;0.133;62.712;189.466;133.284;32.050;1.283;1.747;0.000;0.019;0.001;13;27.177;122.495;4;0;0;0;0;0;0;0
71;1;1;1;0.785398;0.000000;1.000000;2801.487008;2801.551803;2801.683483;786883;29892;145096;23;1814;29892;32560;100.000;0.960;1.043;557.181;598.092;7.814;160640;153259;145096;0.192;0.110;0.069;2.665;1.521;0.383;44.588;42.999;131.629;131.680;130.134;33.861;33.042;1.549;0.191;0.554;64.794;196.475;140.345;35.468;2.134;1.771;0.000;0.051;0.000;22;40.403;127.417;2;0;0;0;0;0;0;0
72;1;1;1;0.785398;0.000000;1.000000;2801.520653;2801.583026;2801.715153;787146;28952;146492;22;1832;28952;31504;100.000;1.043;1.131;562.542;603.859;7.561;161766;154365;146492;0.189;0.113;0.067;2.436;1.017;0.060;35.843;34.758;132.090;132.127;131.076;27.127;26.517;1.665;0.294;0.108;62.373;194.500;138.682;31.223;2.110;1.792;0.000;0.037;0.000;21;32.389;128.600;2;0;0;0;0;0;0;0
73;1;1;1;0.785398;0.000000;1.000000;2801.553121;2801.610890;2801.753093;781047;28576;148748;22;1860;28576;31128;100.000;0.698;0.758;571.205;613.154;7.471;164129;157201;148748;0.235;0.110;0.066;4.417;1.751;0.467;41.396;39.580;142.150;142.203;140.425;29.111;28.186;1.491;1.221;1.295;57.769;199.972;143.289;27.864;5.469;2.022;0.000;0.053;0.000;22;35.228;135.953;2;0;0;0;0;0;0;0
74;1;1;1;0.785398;0.000000;1.000000;2801.586915;2801.652004;2801.784180;782459;29704;150270;23;1879;29704;32372;100.000;0.963;1.046;577.049;619.427;7.769;165080;158043;150270;0.249;0.111;0.069;2.381;1.265;0.072;37.261;35.927;132.158;132.175;130.895;28.190;27.447;1.686;0.195;0.072;65.089;197.264;141.042;41.114;7.781;2.382;0.000;0.018;0.000;17;33.615;128.495;3;0;0;0;0;0;0;0
75;1;1;1;0.785398;0.000000;1.000000;2801.622868;2801.683076;2801.815499;781579;29704;150762;23;1885;29704;32372;100.000;0.884;0.960;578.939;621.452;7.769;165269;158184;150762;0.191;0.111;0.070;2.392;1.432;0.346;34.951;33.449;132.397;132.423;130.967;26.393;25.540;1.614;0.310;0.097;60.208;192.631;139.028;31.072;2.262;2.374;0.000;0.026;0.001;12;31.127;128.546;4;0;0;0;0;0;0;0
76;1;1;1;0.785398;0.000000;1.000000;2801.653119;2801.716859;2801.849048;784181;144196;151052;110;1889;144196;156956;100.000;4.077;4.435;580.052;622.656;37.669;189415;164593;151052;0.191;0.111;0.075;2.716;1.626;0.086;37.364;35.664;132.142;132.189;130.535;28.266;27.321;1.791;0.366;0.183;63.740;195.929;139.243;33.783;0.450;2.254;0.000;0.047;0.000;87;33.022;127.771;4;0;0;0;0;0;0;0
77;1;1;1;0.785398;0.000000;1.000000;2801.686955;2801.752256;2801.883762;782861;27636;150492;21;1882;27636;30072;100.000;745.611;808.758;577.902;620.347;7.217;178899;162661;150492;0.229;0.112;0.068;3.094;1.441;0.443;39.061;37.552;131.454;131.506;130.046;29.703;28.876;1.435;0.206;1.045;65.301;196.807;140.625;35.397;2.063;2.242;0.000;0.052;0.000;22;34.526;126.898;1;0;0;0;0;0;0;0
78;1;1;1;0.785398;0.000000;1.000000;2801.720697;2801.782759;2801.915230;779451;21244;148910;17;1862;21244;23216;100.000;0.624;0.679;571.827;613.821;5.572;174734;160914;148910;0.197;0.111;0.071;2.242;1.692;0.103;35.999;34.236;132.445;132.471;130.759;27.175;26.183;1.476;0.304;0.083;62.062;194.533;138.759;30.503;2.830;2.279;0.000;0.026;0.000;15;32.065;128.489;2;0;0;0;0;0;0;0
79;1;1;1;0.785398;0.000000;1.000000;2801.753761;2801.816968;2801.942900;784719;22184;147042;17;1839;22184;24156;100.000;0.651;0.706;564.654;606.129;5.797;168492;156923;147042;0.183;0.109;0.067;2.329;1.950;0.610;31.591;29.574;125.906;125.932;123.952;25.085;23.859;1.573;0.228;0.170;63.207;189.139;133.095;34.209;0.875;2.191;0.000;0.026;0.001;12;27.312;121.595;3;0;0;0;0;0;0;0
80;1;1;1;0.785398;0.000000;1.000000;2801.787045;2801.851242;2801.985546;780701;25004;146382;19;1830;25004;27208;100.000;455.814;494.252;562.119;603.392;6.530;165392;155149;146382;1.135;0.111;0.067;4.290;1.279;0.076;46.911;45.565;134.270;134.304;132.998;34.929;34.260;1.654;0.192;1.132;64.198;198.501;142.408;34.275;0.941;2.113;0.000;0.034;0.000;11;41.342;128.659;3;0;0;0;0;0;0;0
81;1;1;1;0.785398;0.000000;1.000000;2801.820359;2801.882132;2802.015917;785754;27824;145442;22;1819;27824;30376;100.000;0.984;1.071;558.510;599.534;7.290;164286;154622;145442;0.189;0.110;0.070;2.398;1.301;0.073;35.927;34.557;133.744;133.786;132.450;26.854;26.090;1.628;0.283;0.119;61.773;195.558;139.446;30.889;2.444;2.134;0.000;0.042;0.000;16;32.229;130.009;3;0;0;0;0;0;0;0
82;1;1;1;0.785398;0.087266;1.000000;2801.853637;2801.910530;2802.050236;783308;28576;145720;22;1822;28576;31128;100.000;0.710;0.771;559.577;600.669;7.471;163230;154752;145720;0.193;0.112;0.071;2.806;1.424;0.436;38.026;36.531;139.670;139.706;138.260;27.218;26.422;1.489;0.193;0.749;56.892;196.599;140.432;28.398;4.935;2.309;10.144;0.037;0.000;14;33.796;135.416;3;0;0;0;0;0;0;0
83;1;1;1;0.785398;0.087266;1.000000;2801.886983;2801.950959;2802.081446;782737;27260;145846;21;1824;27260;29696;100.000;0.827;0.898;560.061;601.198;7.127;162739;154676;145846;0.195;0.112;0.071;2.199;1.498;0.090;35.432;33.863;130.428;130.487;128.962;27.154;26.259;1.427;0.310;0.085;63.977;194.464;138.308;40.430;7.096;2.608;0.000;0.059;0.000;20;31.735;126.703;2;0;0;0;0;0;0;0
84;1;1;1;0.785398;0.087266;1.000000;2801.921928;2801.984071;2802.110661;781874;28764;146012;22;1826;28764;31316;100.000;0.854;0.927;560.699;601.881;7.516;162599;154905;146012;0.181;0.106;0.067;2.273;1.622;0.481;32.910;31.222;126.548;126.590;124.943;25.998;24.989;1.630;0.193;0.096;62.143;188.733;134.190;33.112;0.221;2.459;0.000;0.042;0.001;21;29.015;122.626;2;0;0;0;0;0;0;0
85;1;1;1;0.785398;0.087266;1.000000;2801.954054;2802.017911;2802.150901;780545;25192;146308;20;1829;25192;27512;100.000;0.821;0.894;561.835;603.085;6.603;162627;154973;146308;1.110;0.112;0.067;4.137;0.978;0.055;44.141;43.096;132.956;132.991;131.996;33.191;32.650;1.579;0.194;1.077;63.857;196.847;141.097;33.839;0.506;2.337;0.000;0.035;0.000;19;39.025;127.822;2;0;0;0;0;0;0;0
86;1;1;1;0.785398;0.087266;1.000000;2801.987261;2802.048741;2802.181874;778343;27072;146104;21;1827;27072;29508;100.000;0.967;1.050;561.052;602.256;7.082;162193;154980;146104;0.187;0.112;0.070;2.219;1.671;0.469;36.073;34.333;133.087;133.133;131.434;27.096;26.121;1.444;0.300;0.107;61.480;194.614;138.737;30.830;2.503;2.347;0.000;0.046;0.000;20;32.183;129.168;2;0;0;0;0;0;0;0
87;1;1;1;0.785398;0.087266;1.000000;2802.020127;2802.076893;2802.218268;778458;26320;145634;20;1821;26320;28640;100.000;0.651;0.706;559.247;600.316;6.874;161274;154501;145634;0.190;0.111;0.069;4.526;1.346;0.074;40.288;38.873;141.336;141.375;140.009;28.497;27.764;1.642;1.211;1.303;56.766;198.141;141.797;28.152;5.181;2.524;0.000;0.039;0.001;20;34.416;135.441;2;0;0;0;0;0;0;0
88;1;1;1;0.785398;0.174533;1.000000;2802.053633;2802.117507;2802.253402;778592;28576;145652;22;1821;28576;31128;100.000;0.890;0.966;559.316;600.385;7.471;160767;154257;145652;0.181;0.106;0.067;3.459;1.744;0.524;40.991;39.180;135.855;135.895;134.121;30.164;29.213;1.413;0.196;1.496;63.874;199.769;143.597;40.614;7.281;2.822;25.501;0.039;0.000;21;35.788;130.621;2;0;0;0;0;0;0;0
89;1;1;1;0.785398;0.174533;1.000000;2802.088996;2802.149748;2802.281842;779952;29328;146464;23;1831;29328;31996;100.000;0.859;0.934;562.434;603.729;7.679;160896;154107;146464;0.189;0.112;0.071;2.216;1.378;0.092;33.641;32.193;132.074;132.093;130.687;25.468;24.633;1.451;0.283;0.111;60.753;192.846;138.704;32.241;1.092;2.714;0.000;0.020;0.000;16;30.048;128.450;3;0;0;0;0;0;0;0
90;1;1;1;0.785398;0.174533;1.000000;2802.120150;2802.184088;2802.318375;779674;29328;148650;23;1859;29328;31996;100.000;0.884;0.961;570.828;612.755;7.679;162912;156302;148650;1.131;0.110;0.069;4.064;1.278;0.076;40.134;38.788;134.232;134.287;132.992;29.887;29.166;1.487;0.193;1.074;63.938;198.225;141.904;34.340;1.006;2.607;0.000;0.055;0.000;21;34.793;128.870;2;0;0;0;0;0;0;0
91;1;1;1;0.785398;0.174533;1.000000;2802.153775;2802.217516;2802.349026;781083;142504;149974;109;1875;142504;155148;100.000;4.443;4.834;575.913;618.200;37.236;187045;162867;149974;0.188;0.112;0.071;2.212;1.750;0.686;35.961;34.140;131.470;131.510;129.727;27.344;26.317;1.426;0.307;0.109;63.741;195.251;139.221;33.428;0.094;2.450;0.000;0.040;0.000;44;31.999;127.463;8;0;0;0;0;0;0;0
92;1;1;1;0.785398;0.174533;1.000000;2802.187143;2802.249674;2802.385156;780537;27448;150044;21;1876;27448;29884;100.000;0.796;0.864;576.181;618.492;7.172;178920;162993;150044;1.101;0.111;0.069;4.270;1.166;0.071;40.106;38.871;135.439;135.482;134.299;29.602;28.943;1.582;0.198;1.210;62.531;198.013;142.019;32.158;1.175;2.370;0.000;0.044;0.000;20;34.670;129.984;2;0;0;0;0;0;0;0
93;1;1;1;0.785398;0.261799;1.000000;2802.220523;2802.284340;2802.415941;773046;21620;148126;17;1852;21620;23592;100.000;0.667;0.725;568.816;610.585;5.662;174270;159882;148126;0.194;0.111;0.070;2.400;1.629;0.478;36.214;34.515;131.561;131.601;129.951;27.518;26.560;1.625;0.308;0.094;63.817;195.418;139.470;34.667;1.333;2.305;26.030;0.040;0.000;16;32.184;127.509;2;0;0;0;0;0;0;0
94;1;1;1;0.785398;0.261799;1.000000;2802.254386;2802.316921;2802.450013;770822;20868;145994;16;1825;20868;22724;100.000;0.619;0.671;560.629;601.789;5.454;169268;156348;145994;1.149;0.109;0.069;4.232;0.935;0.060;38.103;37.099;133.072;133.092;132.141;28.629;28.076;1.642;0.192;1.072;62.534;195.627;140.208;32.580;0.753;2.208;0.000;0.020;0.000;10;32.936;127.887;3;0;0;0;0;0;0;0
95;1;1;1;0.785398;0.261799;1.000000;2802.287063;2802.350840;2802.482459;778859;24440;143854;19;1799;24440;26644;100.000;0.748;0.812;552.412;592.985;6.395;164476;153250;143854;0.237;0.110;0.069;2.804;1.676;0.427;37.604;35.860;131.596;131.620;129.921;28.570;27.601;1.803;0.279;0.307;63.777;195.396;139.322;33.919;0.586;2.107;0.000;0.024;0.000;12;33.124;127.092;3;0;0;0;0;0;0;0
96;1;1;1;0.785398;0.261799;1.000000;2802.320771;2802.383683;2802.517351;778333;28012;144278;22;1804;28012;30564;100.000;0.828;0.900;554.040;594.726;7.335;162630;152684;144278;0.188;0.108;0.068;2.450;0.988;0.057;39.373;38.318;133.641;133.668;132.662;29.456;28.884;1.629;0.188;0.270;62.912;196.580;140.880;32.843;0.490;2.006;0.000;0.027;0.000;11;35.935;130.184;4;0;0;0;0;0;0;0
97;1;1;1;0.785398;0.261799;1.000000;2802.353524;2802.417707;2802.548295;782798;29328;144196;23;1803;29328;31996;100.000;0.944;1.027;553.725;594.388;7.679;162963;154000;144196;0.187;0.111;0.070;2.221;1.790;0.425;34.356;32.496;130.548;130.587;128.757;26.309;25.238;1.441;0.291;0.121;64.183;194.770;138.490;34.025;0.692;1.924;0.000;0.039;0.000;22;30.345;126.495;2;0;0;0;0;0;0;0
98;1;1;1;0.785398;0.349066;1.000000;2802.387462;2802.448909;2802.582312;781418;28388;144552;22;1807;28388;30940;100.000;0.804;0.873;555.092;595.846;7.426;161829;153970;144552;0.192;0.112;0.067;2.440;1.183;0.072;38.027;36.777;133.372;133.404;132.183;28.505;27.823;1.670;0.286;0.113;61.447;194.850;139.175;31.201;2.132;1.937;16.420;0.032;0.001;20;34.403;129.708;3;0;0;0;0;0;0;0
99;1;1;1;0.785398;0.349066;1.000000;2802.419955;2802.484410;2802.618396;777382;27824;144056;22;1801;27824;30376;100.000;0.879;0.956;553.188;593.806;7.290;160660;153160;144056;1.198;0.110;0.067;4.294;1.596;0.569;39.719;38.057;133.944;133.986;132.372;29.644;28.750;1.607;0.191;1.122;64.455;198.440;141.925;35.501;2.168;1.951;0.000;0.042;0.000;18;33.829;128.033;4;0;0;0;0;0;0;0
100;1;1;1;0.785398;0.349066;1.000000;2802.453916;2802.516200;2802.648511;778267;26884;144366;21;1805;26884;29320;100.000;0.793;0.862;554.378;595.086;7.037;160169;152693;144366;0.192;0.109;0.069;2.188;1.504;0.092;35.988;34.416;132.299;132.311;130.776;27.200;26.317;1.432;0.286;0.101;62.284;194.595;138.707;31.791;1.543;1.926;0.000;0.012;0.001;15;32.297;128.574;3;0;0;0;0;0;0;0
101;1;1;1;0.785398;0.349066;1.000000;2802.487061;2802.550268;2802.682467;780699;27072;144336;21;1805;27072;29508;100.000;0.796;0.865;554.263;594.971;7.082;159539;152094;144336;0.190;0.110;0.069;2.476;1.176;0.069;37.646;36.402;132.166;132.200;131.003;28.477;27.787;1.713;0.306;0.089;63.207;195.406;139.330;34.067;0.734;1.851;0.000;0.034;0.000;20;33.994;128.482;2;0;0;0;0;0;0;0
102;1;1;1;0.785398;0.349066;1.000000;2802.520375;2802.584449;2802.718179;780328;26508;144522;21;1807;26508;28944;100.000;0.828;0.901;554.977;595.730;6.947;159550;152344;144522;0.232;0.110;0.068;2.685;1.584;0.450;39.359;37.707;133.691;133.729;132.123;29.431;28.539;1.594;0.191;0.491;64.074;197.803;141.707;34.181;0.848;1.789;0.000;0.039;0.000;19;35.090;129.398;2;0;0;0;0;0;0;0
103;1;1;1;0.785398;0.349066;1.000000;2802.554314;2802.616589;2802.748509;782351;26696;144662;21;1809;26696;29132;100.000;0.783;0.852;555.515;596.313;6.992;160292;153203;144662;0.195;0.111;0.072;2.214;1.466;0.092;34.589;33.051;131.883;131.920;130.425;26.220;25.341;1.450;0.274;0.113;62.275;194.195;138.705;32.140;1.193;1.751;0.000;0.037;0.000;20;30.909;128.172;2;0;0;0;0;0;0;0
104;1;1;1;0.785398;0.436332;1.000000;2802.587025;2802.650859;2802.784348;782164;26696;144698;21;1809;26696;29132;100.000;0.802;0.872;555.653;596.451;6.992;159853;152879;144698;1.056;0.108;0.068;4.224;0.951;0.155;39.528;38.510;133.357;133.489;132.523;29.612;29.059;1.746;0.188;1.059;63.834;197.323;141.210;34.270;0.937;1.700;27.434;0.132;0.000;20;34.354;128.165;2;0;0;0;0;0;0;0
105;1;1;1;0.785398;0.436332;1.000000;2802.620649;2802.684339;2802.815279;783021;28200;145744;22;1822;28200;30752;100.000;0.883;0.959;559.669;600.761;7.380;161047;154068;145744;0.189;0.111;0.070;2.470;1.436;0.362;36.099;34.594;130.907;130.940;129.487;27.569;26.716;1.678;0.312;0.112;63.690;194.630;138.808;33.480;0.146;1.603;0.000;0.033;0.000;12;32.193;126.982;5;0;0;0;0;0;0;0
106;1;1;1;0.785398;0.436332;1.000000;2802.653683;2802.716444;2802.848991;786829;137804;147616;105;1846;137804;149984;100.000;3.986;4.335;566.858;608.491;35.996;185042;161832;147616;0.190;0.111;0.070;2.444;1.297;0.076;37.604;36.237;132.497;132.547;131.221;28.370;27.615;1.666;0.306;0.101;62.761;195.308;139.186;32.105;1.228;1.580;0.000;0.050;0.000;24;33.862;128.725;9;0;0;0;0;0;0;0
107;1;1;1;0.785398;0.436332;1.000000;2802.687041;2802.751117;2802.885931;789365;29140;150668;23;1884;29140;31808;100.000;0.911;0.992;578.578;621.068;7.634;177747;162823;150668;0.228;0.108;0.067;4.682;1.777;0.480;40.681;38.838;134.791;134.814;133.011;30.176;29.199;1.681;1.223;1.375;64.077;198.891;142.794;34.673;1.340;1.565;0.000;0.024;0.000;14;34.223;128.304;3;0;0;0;0;0;0;0
108;1;1;1;0.785398;0.436332;1.000000;2802.720671;2802.783247;2802.918979;790807;24064;152486;19;1907;24064;26268;100.000;0.725;0.788;585.559;628.568;6.304;176585;163849;152486;1.159;0.112;0.070;4.177;1.023;0.062;39.511;38.419;135.702;135.732;134.692;29.109;28.523;1.532;0.219;1.086;62.576;198.308;142.508;32.130;1.204;1.542;0.000;0.030;0.001;18;34.311;130.482;2;0;0;0;0;0;0;0
109;1;1;1;0.785398;0.523599;1.000000;2802.753742;2802.816610;2802.955211;789334;21996;152368;17;1905;21996;23968;100.000;0.643;0.698;585.106;628.070;5.752;174305;162979;152368;0.183;0.110;0.068;2.310;1.835;0.569;41.418;39.516;138.560;138.601;136.740;29.883;28.899;1.608;0.239;0.103;62.868;201.469;145.406;33.363;0.029;1.448;37.911;0.041;0.000;16;37.274;134.387;2;0;0;0;0;0;0;0
110;1;1;1;0.785398;0.523599;1.000000;2802.787107;2802.851014;2802.983712;783753;23500;151230;18;1891;23500;25588;100.000;0.695;0.754;580.736;623.384;6.141;171416;161545;151230;0.191;0.114;0.069;2.420;1.356;0.083;32.633;31.208;132.665;132.698;131.306;24.592;23.768;1.626;0.303;0.118;63.907;196.605;140.574;34.404;1.071;1.424;0.000;0.034;0.000;11;28.857;128.851;4;0;0;0;0;0;0;0
111;1;1;1;0.785398;0.523599;1.000000;2802.820349;2802.884987;2803.017733;781240;27448;149404;21;1868;27448;29884;100.000;0.841;0.913;573.724;615.853;7.172;171274;161768;149404;0.194;0.112;0.070;2.690;1.458;0.473;37.803;36.274;132.714;132.746;131.269;28.477;27.634;1.562;0.191;0.562;64.638;197.384;141.262;33.973;0.640;1.375;0.000;0.032;0.000;12;33.654;128.536;3;0;0;0;0;0;0;0
112;1;1;1;0.785398;0.610865;1.000000;2802.853723;2802.917814;2803.049716;781247;28012;147314;22;1842;28012;30564;100.000;0.873;0.949;565.698;607.241;7.335;168498;159387;147314;0.572;0.112;0.067;3.009;1.088;0.058;36.128;34.974;131.886;131.902;130.797;27.390;26.739;1.799;0.294;0.165;64.091;195.993;139.912;32.827;0.507;1.321;8.701;0.017;0.001;11;32.031;127.769;5;0;0;0;0;0;0;0
113;1;1;1;0.785398;0.610865;1.000000;2802.887555;2802.950060;2803.084623;783523;28200;145778;22;1823;28200;30752;100.000;0.789;0.858;559.800;600.914;7.380;167328;159346;145778;1.190;0.110;0.067;4.178;1.191;0.069;39.002;37.744;134.525;134.563;133.356;28.984;28.303;1.548;0.190;1.074;62.505;197.067;141.485;32.246;1.087;1.306;0.000;0.038;0.000;21;33.633;129.139;2;0;0;0;0;0;0;0
114;1;1;1;0.785398;0.610865;1.000000;2802.920514;2802.985986;2803.115297;783046;30268;145016;23;1813;30268;32936;100.000;0.986;1.070;556.874;597.763;7.905;164827;156971;145016;0.192;0.113;0.068;2.189;1.753;0.605;36.034;34.213;129.287;129.312;127.537;27.866;26.826;1.438;0.267;0.111;65.472;194.784;138.826;35.926;2.592;1.387;0.000;0.025;0.000;13;32.092;125.322;4;0;0;0;0;0;0;0
115;1;1;1;0.785398;0.610865;1.000000;2802.955362;2803.016880;2803.151862;785712;28764;145068;22;1814;28764;31316;100.000;0.838;0.909;557.074;597.985;7.516;162956;155065;145068;0.199;0.113;0.069;4.604;1.311;0.089;40.503;39.123;134.950;134.981;133.649;30.006;29.273;1.712;1.213;1.299;61.518;196.499;142.057;30.895;2.439;1.452;0.000;0.031;0.000;13;34.587;129.011;3;0;0;0;0;0;0;0
116;1;1;1;0.785398;0.610865;1.000000;2802.986733;2803.051387;2803.185631;788409;28388;145612;22;1821;28388;30940;100.000;0.894;0.972;559.163;600.232;7.426;163003;155774;145612;0.820;0.109;0.068;3.139;1.633;0.469;39.681;37.980;134.214;134.244;132.592;29.559;28.644;1.535;0.190;0.418;64.653;198.897;142.493;34.506;1.173;1.435;0.000;0.030;0.000;13;34.908;129.420;3;0;0;0;0;0;0;0
117;1;1;1;0.785398;0.610865;1.000000;2803.020563;2803.083270;2803.216484;785289;27072;145938;21;1825;27072;29508;100.000;0.800;0.869;560.414;601.574;7.082;163248;156334;145938;0.192;0.112;0.068;2.227;1.670;0.103;35.612;33.874;133.192;133.214;131.515;26.733;25.757;1.432;0.300;0.123;62.707;195.921;140.013;31.883;1.450;1.436;0.000;0.022;0.000;11;31.715;129.265;3;0;0;0;0;0;0;0
118;1;1;1;0.785398;0.698132;1.000000;2803.053466;2803.117286;2803.250716;784314;26320;145782;20;1823;26320;28640;100.000;577.900;626.744;559.815;600.930;6.874;162469;155534;145782;0.192;0.112;0.069;2.614;1.423;0.431;38.133;36.641;133.401;133.430;131.985;28.579;27.761;1.557;0.190;0.494;63.820;197.250;140.911;34.016;0.683;1.389;14.763;0.029;0.000;7;34.096;129.341;3;0;0;0;0;0;0;0
119;1;1;1;0.785398;0.698132;1.000000;2803.087452;2803.152398;2803.282233;784830;26884;145890;21;1824;26884;29320;100.000;0.859;0.934;560.230;601.367;7.037;162159;155071;145890;0.192;0.110;0.067;2.225;1.152;0.069;35.539;34.320;128.835;129.834;128.650;27.372;26.677;1.443;0.293;0.120;64.946;194.780;139.095;35.113;1.779;1.413;0.000;0.999;0.000;20;32.162;125.423;2;0;0;0;0;0;0;0
120;1;1;1;0.785398;0.698132;1.000000;2803.120400;2803.183824;2803.316316;784742;27260;145936;21;1825;27260;29696;100.000;0.776;0.843;560.407;601.566;7.127;161950;154904;145936;0.191;0.111;0.069;2.434;1.337;0.371;37.454;36.049;132.446;132.492;131.122;28.269;27.492;1.660;0.293;0.111;63.424;195.916;139.845;31.426;1.907;1.444;0.000;0.046;0.000;20;33.683;128.639;2;0;0;0;0;0;0;0
121;1;1;1;0.785398;0.698132;1.000000;2803.154500;2803.219167;2803.351337;787186;141564;147208;108;1841;141564;154092;100.000;4.557;4.957;565.291;606.812;36.982;185245;160619;147208;0.218;0.109;0.067;4.566;1.181;0.072;38.788;37.541;132.146;132.170;130.968;29.347;28.664;1.648;1.216;1.309;64.667;196.837;141.533;35.343;2.010;1.479;0.000;0.024;0.000;44;33.041;126.365;5;0;0;0;0;0;0;0
122;1;1;1;0.785398;0.785398;1.000000;2803.187561;2803.250257;2803.385941;792161;28952;148956;22;1862;28952;31504;100.000;640.079;694.389;572.004;613.998;7.561;177208;161000;148956;0.189;0.111;0.071;4.359;1.572;0.094;40.344;38.701;135.628;135.683;134.089;29.734;28.862;1.489;1.215;1.285;62.697;198.380;142.803;31.090;2.243;1.527;13.690;0.055;0.000;22;34.413;129.673;1;0;0;0;0;0;0;0
123;1;1;1;0.785398;0.785398;1.000000;2803.219827;2803.284122;2803.420353;788290;23124;150544;18;1882;23124;25212;100.000;0.689;0.749;578.101;620.547;6.051;175907;162688;150544;0.187;0.109;0.068;2.330;1.703;0.533;40.340;38.570;136.197;136.231;134.506;29.612;28.675;1.416;0.206;0.344;64.295;200.526;143.882;33.865;0.531;1.465;0.000;0.034;0.001;17;36.308;132.141;2;0;0;0;0;0;0;0
124;1;1;1;0.785398;0.785398;1.000000;2803.254134;2803.317862;2803.449025;789222;22748;152352;18;1905;22748;24836;100.000;0.699;0.760;585.044;628.008;5.961;174920;163021;152352;0.193;0.112;0.070;2.196;1.532;0.091;32.694;31.093;131.124;131.163;129.603;24.926;23.991;1.419;0.298;0.105;63.728;194.891;139.220;33.740;0.407;1.399;0.000;0.039;0.000;14;28.966;127.366;4;0;0;0;0;0;0;0
125;1;1;1;0.785398;0.785398;1.000000;2803.287265;2803.350665;2803.486576;787173;24628;151154;19;1890;24628;26832;100.000;0.722;0.784;580.444;623.070;6.440;171725;160754;151154;0.220;0.109;0.067;4.574;2.026;0.551;41.281;39.189;135.879;135.912;133.862;30.373;29.275;1.641;1.227;1.310;63.399;199.311;143.438;32.803;0.531;1.345;0.000;0.033;0.000;14;34.681;129.254;3;0;0;0;0;0;0;0
126;1;1;1;0.785398;0.785398;1.000000;2803.320461;2803.385021;2803.517702;776279;26132;149098;20;1864;26132;28452;100.000;0.830;0.901;572.549;614.588;6.828;169786;159541;149098;0.224;0.111;0.069;3.019;1.078;0.065;37.729;36.583;132.641;132.682;131.588;28.436;27.801;1.396;0.194;1.026;64.560;197.242;141.231;34.356;1.023;1.324;0.000;0.041;0.000;11;33.633;128.527;6;0;0;0;0;0;0;0
127;1;1;1;0.785398;0.785398;1.000000;2803.354232;2803.416654;2803.549067;773912;27636;146584;21;1833;27636;30072;100.000;1090.839;1183.225;562.895;604.235;7.217;165583;156317;146584;0.189;0.113;0.070;2.374;1.963;0.618;35.446;33.414;132.382;132.412;130.422;26.770;25.620;1.614;0.305;0.085;62.423;194.835;139.262;31.634;1.699;1.348;0.000;0.030;0.000;21;31.109;128.016;1;0;0;0;0;0;0;0
128;1;1;1;0.785398;0.785398;1.000000;2803.387453;2803.451451;2803.582386;773302;28576;144802;22;1811;28576;31128;100.000;0.843;0.916;556.052;596.896;7.471;162762;154666;144802;0.238;0.110;0.068;2.562;1.113;0.065;37.647;36.467;130.896;130.935;129.789;28.753;28.097;1.735;0.309;0.102;63.998;194.933;139.248;34.797;1.463;1.355;0.000;0.039;0.000;21;33.972;127.187;2;0;0;0;0;0;0;0
129;1;1;1;0.785398;0.785398;1.000000;2803.421148;2803.485490;2803.618889;777001;28576;143780;22;1798;28576;31128;100.000;0.927;1.006;552.128;592.678;7.471;160464;152774;143780;0.193;0.104;0.066;4.615;1.686;0.481;40.182;38.431;133.338;133.398;131.689;30.122;29.183;1.747;1.215;1.290;64.343;197.741;142.418;34.039;0.706;1.315;0.000;0.060;0.000;21;33.882;127.012;2;0;0;0;0;0;0;0
130;1;1;1;0.785398;0.785398;1.000000;2803.453344;2803.516456;2803.650057;783174;27448;143698;21;1797;27448;29884;100.000;0.803;0.872;551.813;592.341;7.172;159506;152140;143698;0.220;0.110;0.067;2.831;1.042;0.062;37.469;36.360;133.579;133.601;132.539;28.045;27.433;1.960;0.309;0.165;63.112;196.713;140.253;30.965;2.368;1.380;0.000;0.022;0.000;12;33.596;129.684;3;0;0;0;0;0;0;0
131;1;1;1;0.785398;0.872665;1.000000;2803.487463;2803.550799;2803.683673;786108;27636;144598;21;1808;27636;30072;100.000;654.649;710.093;555.269;596.045;7.217;160134;152736;144598;0.231;0.112;0.069;3.053;1.321;0.406;37.485;36.095;132.849;132.874;131.534;28.211;27.441;1.426;0.189;1.026;63.335;196.209;140.535;34.343;1.009;1.357;19.341;0.025;0.001;12;33.110;128.454;2;0;0;0;0;0;0;0
132;1;1;1;0.785398;0.872665;1.000000;2803.520539;2803.584122;2803.715536;785622;27072;144478;21;1806;27072;29508;100.000;0.810;0.880;554.808;595.539;7.082;159547;152317;144478;0.943;0.113;0.067;3.308;1.065;0.069;36.225;35.093;131.325;131.415;130.332;27.565;26.925;1.674;0.292;0.220;63.583;194.998;139.065;33.323;0.010;1.273;0.000;0.090;0.000;20;31.851;126.921;2;0;0;0;0;0;0;0
133;1;1;1;0.785398;0.959931;1.000000;2803.553646;2803.617807;2803.748560;787265;26508;143954;21;1800;26508;28944;100.000;0.782;0.851;552.796;593.391;6.947;157762;151088;143954;0.194;0.112;0.069;2.432;1.443;0.086;37.376;35.865;130.726;130.753;129.276;28.585;27.743;1.645;0.301;0.112;64.161;194.914;138.756;33.686;0.352;1.215;32.490;0.026;0.001;13;33.501;126.816;3;0;0;0;0;0;0;0
134;1;1;1;0.785398;0.959931;1.000000;2803.587051;2803.651886;2803.786123;787734;26508;143904;21;1799;26508;28944;100.000;0.871;0.948;552.604;593.177;6.947;156902;150405;143904;0.187;0.109;0.066;2.123;1.381;0.445;41.444;39.998;134.227;134.237;132.832;30.874;30.112;1.464;0.204;0.093;64.834;199.071;142.985;34.079;0.745;1.186;0.000;0.010;0.000;17;37.941;130.697;3;0;0;0;0;0;0;0
135;1;1;1;0.785398;0.959931;1.000000;2803.620808;2803.682471;2803.815654;786766;27824;143596;22;1795;27824;30376;100.000;0.805;0.877;551.421;591.904;7.290;155997;149757;143596;0.254;0.121;0.071;2.362;1.576;0.097;33.029;31.383;133.154;133.183;131.580;24.800;23.851;1.426;0.269;0.222;61.663;194.846;139.183;30.585;2.749;1.284;0.000;0.029;0.000;10;29.092;129.188;4;0;0;0;0;0;0;0
136;1;1;1;0.785398;0.959931;1.000000;2803.653418;2803.717191;2803.843458;787622;130660;141136;100;1765;130660;142260;100.000;3.923;4.268;541.975;581.781;34.142;176546;153233;141136;0.182;0.108;0.066;2.230;1.612;0.426;31.747;30.069;126.160;126.268;124.636;25.142;24.126;1.575;0.203;0.097;63.773;190.040;133.654;34.720;1.387;1.290;0.000;0.108;0.000;49;27.905;122.297;8;0;0;0;0;0;0;0
137;1;1;1;0.785398;1.047198;1.000000;2803.686917;2803.750572;2803.884432;784509;31960;139854;25;1749;31960;34860;100.000;1.003;1.091;537.052;576.497;8.366;165388;150680;139854;1.100;0.108;0.066;4.206;1.067;0.069;44.808;43.675;133.807;133.860;132.770;33.474;32.895;1.658;0.185;1.090;63.655;197.515;141.294;33.381;0.048;1.213;12.782;0.053;0.000;24;39.534;128.508;2;0;0;0;0;0;0;0
138;1;1;1;0.785398;1.047198;1.000000;2803.720361;2803.782549;2803.915671;782962;26884;141162;21;1765;26884;29320;100.000;0.951;1.034;542.075;581.880;7.037;162474;151111;141162;0.232;0.112;0.069;2.245;1.781;0.431;36.505;34.656;133.073;133.122;131.315;27.422;26.391;1.446;0.290;0.096;62.188;195.310;139.200;31.976;1.357;1.222;0.000;0.050;0.000;21;32.480;129.019;2;0;0;0;0;0;0;0
139;1;1;1;0.785398;1.047198;1.000000;2803.753681;2803.810961;2803.951288;785441;27448;143262;21;1791;27448;29884;100.000;0.684;0.743;550.139;590.531;7.172;162425;151966;143262;1.201;0.107;0.067;4.288;0.955;0.057;39.642;38.620;140.311;140.327;139.349;28.250;27.715;1.599;0.186;1.128;57.280;197.607;141.484;28.413;4.921;1.453;0.000;0.016;0.001;18;34.399;135.042;3;0;0;0;0;0;0;0
140;1;1;1;0.785398;1.047198;1.000000;2803.787525;2803.851275;2803.982938;786857;26320;145806;20;1823;26320;28640;100.000;841.019;912.102;559.908;601.022;6.874;163290;153775;145806;0.231;0.112;0.069;2.375;1.459;0.092;36.877;35.350;131.626;131.663;130.170;28.009;27.156;1.550;0.299;0.114;63.750;195.413;139.801;40.314;6.980;1.798;0.000;0.037;0.000;20;33.043;127.755;1;0;0;0;0;0;0;0
141;1;1;1;0.785398;1.047198;1.000000;2803.821581;2803.883195;2804.019100;786209;29328;147146;23;1840;29328;31996;100.000;0.853;0.927;565.053;606.551;7.679;163483;154120;147146;0.183;0.108;0.067;3.318;1.560;0.507;40.006;38.379;135.875;135.904;134.326;29.437;28.572;1.398;0.205;1.359;61.614;197.518;142.629;31.920;1.413;1.774;0.000;0.029;0.001;14;35.128;130.976;3;0;0;0;0;0;0;0
142;1;1;1;0.785398;1.047198;1.000000;2803.853441;2803.917776;2804.049411;785895;30832;147490;24;1844;30832;33616;100.000;0.957;1.040;566.374;607.962;8.068;163177;155169;147490;0.198;0.113;0.071;2.209;1.477;0.091;35.175;33.627;131.617;131.635;130.131;26.721;25.841;1.426;0.298;0.103;64.335;195.970;139.607;34.581;1.248;1.741;0.000;0.018;0.000;17;31.489;127.900;3;0;0;0;0;0;0;0
143;1;1;1;0.785398;1.134464;1.000000;2803.887277;2803.950139;2804.077080;783109;31208;146146;24;1827;31208;33992;100.000;0.886;0.962;561.213;602.418;8.158;161144;153272;146146;0.181;0.108;0.066;2.151;1.521;0.405;31.362;29.776;126.896;126.941;125.404;24.706;23.744;1.530;0.191;0.075;62.862;189.803;133.942;32.363;0.970;1.693;10.866;0.045;0.000;17;27.691;123.206;3;0;0;0;0;0;0;0
144;1;1;1;0.785398;1.134464;1.000000;2803.920227;2803.985551;2804.117643;783994;32524;145218;25;1816;32524;35424;100.000;1.054;1.145;557.650;598.606;8.502;159918;152477;145218;1.139;0.111;0.067;4.176;1.188;0.067;44.229;42.974;132.043;132.091;130.885;33.484;32.833;1.602;0.190;1.068;65.324;197.415;141.172;35.412;2.079;1.717;0.000;0.048;0.000;24;38.865;126.659;2;0;0;0;0;0;0;0
145;1;1;1;0.785398;1.134464;1.000000;2803.953806;2804.016559;2804.148692;785959;31208;144768;24;1810;31208;33992;100.000;1.082;1.176;555.922;596.743;8.158;159241;151554;144768;0.182;0.111;0.071;2.171;1.799;0.600;36.404;34.534;132.019;132.133;130.310;27.551;26.501;1.400;0.306;0.102;62.753;194.886;138.888;31.008;2.325;1.755;0.000;0.114;0.000;24;32.434;128.023;2;0;0;0;0;0;0;0
146;1;1;1;0.785398;1.134464;1.000000;2803.986614;2804.045526;2804.177756;789030;31020;145716;24;1822;31020;33804;100.000;0.803;0.872;559.562;600.654;8.113;159756;152861;145716;0.182;0.109;0.067;2.169;1.191;0.070;33.037;31.779;132.183;132.229;131.021;24.984;24.255;1.546;0.190;0.075;58.912;191.141;134.618;28.967;4.366;1.918;0.000;0.046;0.000;24;29.677;128.805;2;0;0;0;0;0;0;0
147;1;1;1;0.785398;1.221730;1.000000;2804.020794;2804.084351;2804.219700;794594;31960;147238;25;1841;31960;34860;100.000;1.005;1.093;565.406;606.927;8.366;161080;154253;147238;0.191;0.112;0.067;5.127;2.060;0.541;45.293;43.167;135.333;135.350;133.266;33.464;32.392;1.665;1.213;1.880;63.557;198.906;143.229;38.824;5.491;2.142;26.500;0.017;0.000;16;38.106;128.118;4;0;0;0;0;0;0;0
148;1;1;1;0.785398;1.221730;1.000000;2804.054591;2804.116293;2804.252505;797998;30456;146864;24;1836;30456;33240;100.000;1.025;1.116;563.970;605.378;7.978;160521;153860;146864;0.192;0.109;0.068;2.974;1.294;0.080;39.995;38.634;136.202;136.211;134.901;29.363;28.639;1.536;0.198;0.872;61.702;197.914;142.700;31.943;1.391;2.095;0.000;0.010;0.000;20;35.727;131.915;3;0;0;0;0;0;0;0
149;1;1;1;0.785398;1.221730;1.000000;2804.086692;2804.146143;2804.286735;798639;30456;147738;24;1847;30456;33240;100.000;0.798;0.868;567.326;608.982;7.978;161639;155042;147738;0.187;0.106;0.066;4.509;2.030;0.477;38.484;36.388;140.535;140.592;138.534;27.373;26.266;1.624;1.216;1.309;59.451;200.043;143.597;29.850;3.483;2.182;0.000;0.056;0.000;22;31.944;133.967;3;0;0;0;0;0;0;0
150;1;1;1;0.785398;1.221730;1.000000;2804.120825;2804.184488;2804.320322;796693;30268;148090;23;1852;30268;32936;100.000;0.902;0.979;568.678;610.447;7.905;161712;155250;148090;0.190;0.105;0.067;4.639;1.698;0.098;40.121;38.357;135.795;135.833;134.108;29.537;28.601;1.696;1.221;1.360;63.663;199.497;143.851;38.345;5.012;2.358;0.000;0.038;0.000;12;33.785;129.429;4;0;0;0;0;0;0;0
151;1;1;1;0.785398;1.221730;1.000000;2804.154427;2804.218286;2804.352239;794717;137804;147952;105;1850;137804;149984;100.000;4.215;4.584;568.148;609.872;35.996;182724;160766;147952;1.181;0.112;0.071;4.139;1.221;0.070;38.251;36.959;133.933;133.953;132.706;28.555;27.850;1.506;0.196;1.074;63.859;197.812;142.434;33.798;0.464;2.240;0.000;0.019;0.001;44;32.891;128.545;5;0;0;0;0;0;0;0
152;1;1;1;0.785398;1.221730;1.000000;2804.186810;2804.251071;2804.384681;792861;28576;148152;22;1852;28576;31128;100.000;0.839;0.911;568.916;610.685;7.471;177402;162385;148152;0.234;0.114;0.071;2.778;1.604;0.407;37.787;36.112;133.576;133.610;131.989;28.282;27.360;1.906;0.230;0.224;64.261;197.871;141.543;32.785;0.548;2.134;0.000;0.033;0.000;21;33.405;129.157;2;0;0;0;0;0;0;0
153;1;1;1;0.785398;1.308997;1.000000;2804.220668;2804.285338;2804.418656;792789;23876;147662;19;1846;23876;26080;100.000;0.707;0.770;567.035;608.668;6.259;172270;160585;147662;1.217;0.110;0.068;4.287;1.149;0.069;38.352;37.136;133.296;133.318;132.152;28.767;28.101;1.610;0.199;1.084;64.670;197.988;142.185;34.267;0.934;2.059;30.449;0.022;0.000;9;32.916;127.840;3;0;0;0;0;0;0;0
154;1;1;1;0.785398;1.308997;1.000000;2804.254107;2804.319280;2804.450581;792309;23124;147945;18;1850;23124;25212;100.000;0.727;0.790;568.121;609.845;6.051;170077;158905;147945;0.192;0.109;0.068;2.561;1.614;0.418;37.346;35.665;131.262;131.301;129.661;28.443;27.506;1.671;0.402;0.120;65.173;196.474;140.777;33.942;0.609;1.969;0.000;0.039;0.001;12;33.172;127.058;5;0;0;0;0;0;0;0
155;1;1;1;0.785398;1.308997;1.000000;2804.287501;2804.351312;2804.485649;791925;24816;147762;19;1848;24816;27020;100.000;0.718;0.779;567.419;609.097;6.485;168432;158260;147762;0.231;0.112;0.069;3.516;1.348;0.080;39.237;37.820;134.324;134.338;132.962;29.207;28.444;1.685;0.306;1.114;63.811;198.149;142.512;32.031;1.302;1.927;0.000;0.014;0.000;14;34.372;129.430;3;0;0;0;0;0;0;0
156;1;1;1;0.785398;1.308997;1.000000;2804.320413;2804.386102;2804.519750;793795;28952;148592;22;1858;28952;31504;100.000;0.931;1.010;570.606;612.510;7.561;167739;157928;148592;0.192;0.110;0.068;4.719;1.952;0.508;38.962;36.943;133.600;133.648;131.670;29.153;28.057;1.704;1.301;1.345;65.690;199.338;143.279;34.791;1.457;1.898;0.000;0.047;0.000;21;32.292;126.902;2;0;0;0;0;0;0;0
157;1;1;1;0.785398;1.308997;1.000000;2804.354025;2804.417361;2804.553435;793460;28200;148650;22;1859;28200;30752;100.000;0.806;0.876;570.828;612.755;7.380;166820;157721;148650;0.192;0.111;0.065;4.616;1.563;0.090;40.346;38.719;136.047;136.074;134.480;29.650;28.791;1.732;1.225;1.291;63.336;199.410;143.630;31.259;2.075;1.909;0.000;0.027;0.000;12;34.168;129.836;4;0;0;0;0;0;0;0
158;1;1;1;0.785398;1.396263;1.000000;2804.387088;2804.452559;2804.584997;795527;28200;147554;22;1845;28200;30752;100.000;0.885;0.962;566.620;608.231;7.380;165032;157259;147554;0.195;0.110;0.068;2.671;1.860;0.584;37.745;35.818;132.390;132.438;130.555;28.500;27.435;1.553;0.194;0.552;65.471;197.910;141.860;35.198;1.865;1.906;18.494;0.049;0.000;21;33.214;127.834;2;0;0;0;0;0;0;0
159;1;1;1;0.785398;1.396263;1.000000;2804.420832;2804.484624;2804.615308;798776;29516;146024;23;1826;29516;32184;100.000;0.874;0.950;560.745;601.927;7.724;162029;154478;146024;0.199;0.114;0.070;2.206;1.586;0.094;34.830;33.175;130.662;130.684;129.065;26.652;25.704;1.437;0.288;0.098;63.793;194.476;138.837;32.065;1.268;1.866;0.000;0.022;0.000;14;31.038;126.836;3;0;0;0;0;0;0;0
160;1;1;1;0.785398;1.396263;1.000000;2804.453217;2804.518642;2804.642929;799362;28952;143192;22;1790;28952;31504;100.000;532.631;577.824;549.870;590.240;7.561;158252;151102;143192;0.223;0.108;0.066;2.281;1.317;0.077;31.411;30.029;124.263;124.287;122.940;25.273;24.426;1.562;0.219;0.104;65.425;189.712;133.125;34.017;0.684;1.792;0.000;0.024;0.000;13;27.813;120.632;5;0;0;0;0;0;0;0
161;1;1;1;0.785398;1.396263;1.000000;2804.487583;2804.552555;2804.685647;789777;28952;141480;22;1769;28952;31504;100.000;398.492;432.304;543.296;583.192;7.561;156145;149160;141480;0.193;0.106;0.065;4.528;1.860;0.611;46.326;44.401;133.053;133.093;131.215;34.807;33.839;1.662;1.207;1.296;64.971;198.064;142.510;33.913;0.579;1.716;0.000;0.040;0.001;18;39.938;126.645;2;0;0;0;0;0;0;0
162;1;1;1;0.785398;1.396263;1.000000;2804.521016;2804.582958;2804.719837;790930;28388;139820;22;1748;28388;30940;100.000;0.988;1.073;536.921;576.344;7.426;154168;147403;139820;0.193;0.111;0.067;3.026;1.282;0.073;40.562;39.213;136.851;136.878;135.578;29.634;28.923;1.599;0.205;0.852;61.942;198.821;143.366;30.404;2.930;1.792;0.000;0.028;0.000;12;36.254;132.512;3;0;0;0;0;0;0;0
163;1;1;1;0.785398;1.483530;1.000000;2804.553829;2804.611847;2804.753160;793734;29704;138532;23;1732;29704;32372;100.000;0.758;0.824;531.975;571.037;7.769;152131;145323;138532;0.222;0.105;0.066;4.601;1.804;0.506;37.615;35.746;141.276;141.313;139.478;26.618;25.628;1.707;1.207;1.295;58.018;199.330;143.355;28.889;4.444;1.958;28.725;0.036;0.000;15;31.210;134.839;3;0;0;0;0;0;0;0
164;1;1;1;0.785398;1.483530;1.000000;2804.587581;2804.651223;2804.786889;792883;30080;138018;23;1726;30080;32748;100.000;0.910;0.988;530.002;568.928;7.860;151617;145050;138018;0.220;0.103;0.063;4.479;1.597;0.093;40.129;38.469;135.648;135.666;134.038;29.580;28.700;1.590;1.207;1.294;63.642;199.308;143.751;39.376;6.042;2.213;0.000;0.018;0.000;15;34.054;129.539;3;0;0;0;0;0;0;0
165;1;1;1;0.785398;1.483530;1.000000;2804.621755;2804.684373;2804.818844;791299;30644;138142;24;1727;30644;33428;100.000;0.905;0.985;530.478;569.426;8.023;151165;144726;138142;0.192;0.109;0.067;2.703;1.718;0.539;38.040;36.256;134.428;134.471;132.735;28.289;27.315;1.528;0.181;0.626;62.618;197.088;142.373;33.150;0.183;2.086;0.000;0.043;0.000;21;33.620;129.988;3;0;0;0;0;0;0;0
166;1;1;1;0.785398;1.483530;1.000000;2804.653382;2804.718441;2804.849800;789485;132728;138460;101;1731;132728;144444;100.000;3.968;4.315;531.699;570.738;34.667;172621;150718;138460;0.193;0.106;0.067;2.442;1.396;0.081;35.371;33.908;131.327;131.359;129.942;26.927;26.095;1.692;0.295;0.089;65.059;196.418;139.995;34.068;0.734;2.002;0.000;0.032;0.000;43;31.533;127.467;5;0;0;0;0;0;0;0
167;1;1;1;0.785398;1.570796;1.000000;2804.687683;2804.752423;2804.883525;789977;29516;138716;23;1734;29516;32184;100.000;0.880;0.956;532.682;571.788;7.724;165439;151129;138716;0.197;0.109;0.068;2.507;1.041;0.060;37.554;36.446;131.054;131.102;130.035;28.645;28.028;1.630;0.182;0.322;64.740;195.842;140.387;33.982;0.649;1.917;10.987;0.048;0.000;22;34.007;127.480;2;0;0;0;0;0;0;0
168;1;1;1;0.785398;1.570796;1.000000;2804.720676;2804.786228;2804.918041;791598;25004;139622;19;1746;25004;27208;100.000;0.809;0.877;536.161;575.538;6.530;164367;152051;139622;0.187;0.109;0.066;2.346;1.303;0.410;38.070;36.702;131.772;131.814;130.494;28.882;28.125;1.732;0.183;0.070;65.551;197.365;141.570;33.804;0.471;1.827;0.000;0.041;0.000;16;34.421;128.106;3;0;0;0;0;0;0;0
169;1;1;1;0.785398;1.570796;1.000000;2804.753980;2804.817347;2804.949396;795034;25004;139918;19;1749;25004;27208;100.000;546.702;592.805;537.298;576.743;6.530;164323;153044;139918;0.192;0.108;0.068;2.165;1.574;0.093;34.996;33.355;132.031;132.049;130.454;26.502;25.568;1.418;0.291;0.089;63.367;195.416;139.592;31.119;2.214;1.851;0.000;0.018;0.000;14;31.258;128.270;2;0;0;0;0;0;0;0
170;1;1;1;0.785398;1.570796;1.000000;2804.787368;2804.852569;2804.984312;794863;25568;140286;20;1754;25568;27888;100.000;0.806;0.876;538.711;578.268;6.693;162860;152015;140286;0.226;0.109;0.067;3.059;1.489;0.475;38.650;37.094;131.705;131.743;130.232;29.337;28.483;1.419;0.186;1.053;65.201;196.944;141.175;35.222;1.889;1.853;0.000;0.039;0.000;12;34.102;127.132;3;0;0;0;0;0;0;0
171;1;1;1;0.785398;1.570796;1.000000;2804.820731;2804.884481;2805.015418;794885;27072;141226;21;1766;27072;29508;100.000;0.847;0.920;542.320;582.149;7.082;162616;152358;141226;0.315;0.112;0.070;2.308;1.395;0.089;35.646;34.181;130.914;130.936;129.513;27.224;26.392;1.442;0.263;0.107;63.750;194.687;138.947;31.912;1.421;1.826;0.000;0.022;0.000;13;31.943;127.182;3;0;0;0;0;0;0;0
172;1;1;1;0.785398;1.570796;1.000000;2804.852874;2804.916571;2805.042328;788905;27260;141276;21;1766;27260;29696;100.000;0.771;0.837;542.512;582.341;7.127;160273;150790;141276;0.225;0.105;0.066;2.325;1.537;0.152;30.607;29.004;125.739;125.757;124.189;24.338;23.355;1.608;0.219;0.102;63.697;189.454;132.524;32.089;1.244;1.790;0.000;0.018;0.000;15;26.745;121.844;3;0;0;0;0;0;0;0
173;1;1;1;0.785398;1.658063;1.000000;2804.886989;2804.952099;2805.084779;787376;27448;140380;21;1755;27448;29884;100.000;0.900;0.977;539.072;578.652;7.172;157760;149050;140380;0.227;0.106;0.065;4.670;1.631;0.533;46.296;44.600;132.655;132.680;131.021;34.893;34.041;1.638;1.205;1.428;65.111;197.790;141.641;35.529;2.196;1.815;39.342;0.025;0.000;9;39.995;126.308;7;0;0;0;0;0;0;0
174;1;1;1;0.785398;1.658063;1.000000;2804.920575;2804.982745;2805.115911;791921;28388;138596;22;1733;28388;30940;100.000;1.018;1.106;532.221;571.305;7.426;155846;148284;138596;0.190;0.110;0.070;2.405;1.320;0.079;37.432;36.043;133.116;133.167;131.822;28.109;27.342;1.657;0.275;0.104;62.169;195.336;139.440;30.645;2.688;1.870;0.000;0.050;0.000;21;33.707;129.365;2;0;0;0;0;0;0;0
175;1;1;1;0.785398;1.658063;1.000000;2804.953516;2805.010789;2805.151527;785044;28012;137098;22;1714;28012;30564;100.000;0.702;0.764;526.469;565.124;7.335;153580;146099;137098;0.232;0.102;0.063;2.464;1.422;0.443;39.346;37.860;140.691;140.738;139.299;27.957;27.179;1.808;0.186;0.072;57.274;198.011;141.723;28.045;5.289;2.084;0.000;0.047;0.000;22;35.460;136.787;2;0;0;0;0;0;0;0
176;1;1;1;0.785398;1.658063;1.000000;2804.987123;2805.050854;2805.182470;785759;28012;136788;22;1710;28012;30564;100.000;0.858;0.933;525.278;563.844;7.335;152380;145247;136788;0.239;0.113;0.070;2.649;1.494;0.093;34.822;33.259;131.591;131.616;130.102;26.457;25.563;1.832;0.305;0.091;63.731;195.347;139.332;40.065;6.731;2.374;0.000;0.025;0.000;12;30.680;127.427;4;0;0;0;0;0;0;0
177;1;1;1;0.785398;1.658063;1.000000;2805.021836;2805.083623;2805.210711;782963;28952;136884;22;1712;28952;31504;100.000;0.842;0.913;525.647;564.257;7.561;152098;145179;136884;0.222;0.105;0.065;2.294;1.680;0.454;32.379;30.635;127.042;127.088;125.387;25.478;24.432;1.630;0.179;0.092;61.788;188.875;134.240;32.769;0.564;2.261;0.000;0.046;0.000;21;28.405;123.045;2;0;0;0;0;0;0;0
178;1;1;1;0.785398;1.745329;1.000000;2805.053259;2805.118200;2805.251384;783666;27636;138258;21;1729;27636;30072;100.000;930.483;1009.287;530.923;569.917;7.217;153075;146246;138258;0.195;0.112;0.069;4.582;1.259;0.072;44.637;43.309;133.149;133.184;131.899;33.515;32.835;1.695;1.202;1.310;64.941;198.124;141.579;34.577;1.243;2.197;15.111;0.035;0.000;20;38.796;127.279;2;0;0;0;0;0;0;0
179;1;1;1;0.785398;1.745329;1.000000;2805.087383;2805.149750;2805.283176;786714;28012;138600;22;1733;28012;30564;100.000;0.957;1.041;532.236;571.320;7.335;152919;146199;138600;0.193;0.108;0.067;2.428;1.152;0.064;37.632;36.414;133.411;133.426;132.252;28.205;27.534;1.671;0.291;0.098;62.367;195.793;140.038;31.549;1.784;2.172;0.000;0.015;0.000;19;34.052;129.808;3;0;0;0;0;0;0;0
180;1;1;1;0.785398;1.745329;1.000000;2805.120151;2805.179152;2805.319436;787583;26696;139086;21;1739;26696;29132;100.000;0.699;0.760;534.103;573.322;6.992;153445;146719;139086;0.193;0.103;0.063;4.519;1.710;0.553;39.831;38.058;140.262;140.284;138.547;28.393;27.469;1.623;1.208;1.329;59.000;199.284;142.965;29.402;3.931;2.281;0.000;0.022;0.000;17;33.602;134.004;3;0;0;0;0;0;0;0
181;1;1;1;0.785398;1.745329;1.000000;2805.153981;2805.217581;2805.353289;793719;135736;139098;104;1739;135736;147800;100.000;4.128;4.492;534.149;573.368;35.472;175008;151952;139098;0.388;0.109;0.068;4.870;1.547;0.087;40.080;38.466;135.694;135.708;134.137;29.534;28.677;1.783;1.212;1.311;63.600;199.307;143.484;38.429;5.096;2.457;0.000;0.014;0.000;42;33.664;129.251;5;0;0;0;0;0;0;0
182;1;1;1;0.785398;1.832596;1.000000;2805.187674;2805.250565;2805.386452;792329;27072;139598;21;1745;27072;29508;100.000;0.789;0.857;536.069;575.424;7.082;166843;152102;139598;0.188;0.106;0.065;3.277;1.354;0.447;39.581;38.163;135.854;135.887;134.515;29.128;28.371;1.403;0.184;1.331;62.891;198.778;143.314;32.984;0.350;2.326;16.934;0.033;0.000;10;34.951;131.204;4;0;0;0;0;0;0;0
183;1;1;1;0.785398;1.832596;1.000000;2805.219998;2805.285065;2805.416729;801464;21996;141888;17;1774;21996;23968;100.000;0.662;0.719;544.862;584.871;5.752;166450;153241;141888;0.239;0.114;0.073;2.560;1.270;0.077;34.896;33.553;131.629;131.664;130.372;26.504;25.736;1.739;0.309;0.087;65.067;196.731;140.258;34.500;1.167;2.253;0.000;0.035;0.000;16;31.065;127.771;2;0;0;0;0;0;0;0
184;1;1;1;0.785398;1.832596;1.000000;2805.253932;2805.318429;2805.444208;796948;22748;145036;18;1813;22748;24836;100.000;0.675;0.734;556.951;597.840;5.961;166744;155126;145036;0.178;0.104;0.067;2.008;1.394;0.455;31.310;29.850;125.746;125.779;124.368;24.893;24.001;1.387;0.190;0.082;64.496;190.276;134.403;33.364;0.030;2.114;0.000;0.033;0.000;18;27.908;122.325;2;0;0;0;0;0;0;0
185;1;1;1;0.785398;1.832596;1.000000;2805.286781;2805.352421;2805.485568;802598;26696;147102;21;1839;26696;29132;100.000;0.860;0.935;564.884;606.360;6.992;167116;156898;147102;0.197;0.104;0.066;4.604;1.546;0.092;44.748;43.136;133.090;133.147;131.574;33.608;32.785;1.703;1.219;1.315;65.640;198.787;142.430;33.992;0.659;2.023;0.000;0.058;0.000;20;38.598;126.910;2;0;0;0;0;0;0;0
186;1;1;1;0.785398;1.832596;1.000000;2805.320628;2805.383631;2805.517240;797039;28576;149128;22;1865;28576;31128;100.000;0.987;1.071;572.664;614.726;7.471;168438;158724;149128;0.194;0.111;0.069;2.405;1.508;0.443;37.827;36.251;133.582;133.610;132.085;28.312;27.445;1.707;0.217;0.108;63.003;196.613;140.769;31.210;2.123;2.030;0.000;0.028;0.000;13;33.914;129.651;4;0;0;0;0;0;0;0
187;1;1;1;0.785398;1.919862;1.000000;2805.353664;2805.412714;2805.550396;797511;28388;148974;22;1863;28388;30940;100.000;0.749;0.814;572.073;614.089;7.426;167416;158681;148974;0.196;0.112;0.070;2.702;1.004;0.056;37.066;35.993;137.633;137.681;136.662;26.922;26.337;1.533;0.194;0.597;59.050;196.731;140.591;29.084;4.250;2.168;2.479;0.048;0.000;21;33.361;133.911;2;0;0;0;0;0;0;0
188;1;1;1;0.785398;1.919862;1.000000;2805.387445;2805.450797;2805.582817;794879;27072;147856;21;1849;27072;29508;100.000;0.800;0.869;567.780;609.480;7.082;165433;157789;147856;0.189;0.112;0.070;2.244;1.557;0.090;36.104;34.478;132.000;132.020;130.429;27.347;26.434;1.461;0.291;0.121;63.352;195.372;139.679;38.083;4.749;2.330;0.000;0.019;0.001;9;32.304;128.163;6;0;0;0;0;0;0;0
189;1;1;1;0.785398;1.919862;1.000000;2805.420102;2805.484870;2805.617853;793590;27824;145718;22;1822;27824;30376;100.000;0.834;0.908;559.570;600.661;7.290;163871;156377;145718;0.188;0.110;0.069;3.006;1.551;0.385;38.851;37.232;132.955;132.983;131.418;29.215;28.331;1.507;0.190;0.944;64.768;197.751;141.382;34.073;0.740;2.230;0.000;0.028;0.000;13;34.294;128.381;3;0;0;0;0;0;0;0
190;1;1;1;0.785398;1.919862;1.000000;2805.453705;2805.518400;2805.647957;788938;28200;143848;22;1799;28200;30752;100.000;0.919;0.999;552.389;592.962;7.380;160273;153266;143848;0.193;0.109;0.067;2.230;1.485;0.090;34.648;33.097;129.526;129.557;128.050;26.743;25.847;1.445;0.305;0.112;64.695;194.252;138.153;33.530;0.196;2.103;0.000;0.031;0.001;14;30.933;125.786;3;0;0;0;0;0;0;0
191;1;1;1;0.785398;1.919862;1.000000;2805.487592;2805.549220;2805.682796;784846;27448;142800;21;1785;27448;29884;100.000;0.772;0.838;548.364;588.622;7.172;158598;151660;142800;0.195;0.113;0.068;2.374;1.783;0.633;38.544;36.693;133.553;133.577;131.764;28.855;27.847;1.613;0.285;0.101;61.628;195.205;139.659;30.820;2.514;2.129;0.000;0.024;0.001;14;34.387;129.365;3;0;0;0;0;0;0;0
192;1;1;1;0.785398;1.919862;1.000000;2805.520125;2805.584943;2805.718383;788004;27824;142404;22;1781;27824;30376;100.000;0.896;0.975;546.844;587.011;7.290;157770;151370;142404;0.190;0.110;0.067;4.555;1.416;0.078;39.742;38.259;133.409;133.440;131.996;29.783;28.985;1.651;1.207;1.331;64.818;198.258;141.912;35.724;2.390;2.145;0.000;0.031;0.000;12;33.771;127.408;4;0;0;0;0;0;0;0
193;1;1;1;0.785398;1.919862;1.000000;2805.553660;2805.616143;2805.750184;795964;27072;142560;21;1782;27072;29508;100.000;0.793;0.861;547.443;587.632;7.082;157494;151184;142560;0.247;0.114;0.071;2.517;1.690;0.409;37.747;35.987;134.007;134.040;132.317;28.161;27.198;1.685;0.311;0.090;62.483;196.523;140.379;31.200;2.133;2.144;0.000;0.033;0.000;19;33.541;129.752;3;0;0;0;0;0;0;0
194;1;1;1;0.785398;2.007129;1.000000;2805.586693;2805.650453;2805.783909;799207;27260;143286;21;1792;27260;29696;100.000;0.793;0.861;550.231;590.646;7.127;157712;151321;143286;0.193;0.112;0.068;2.889;1.038;0.060;37.946;36.840;133.427;133.456;132.402;28.434;27.825;1.426;0.186;0.904;63.760;197.216;140.771;34.310;0.977;2.071;30.744;0.028;0.000;12;34.019;129.483;3;0;0;0;0;0;0;0
195;1;1;1;0.785398;2.007129;1.000000;2805.620800;2805.685025;2805.815495;799402;28200;144392;22;1805;28200;30752;100.000;0.875;0.952;554.478;595.186;7.380;158604;152319;144392;0.193;0.109;0.068;2.175;1.918;0.416;35.507;33.522;130.451;130.471;128.533;27.215;26.080;1.416;0.296;0.093;64.225;194.695;139.024;34.571;1.238;2.019;0.000;0.019;0.000;13;31.414;126.338;4;0;0;0;0;0;0;0
196;1;1;1;0.785398;2.007129;1.000000;2805.653747;2805.717477;2805.853264;800483;135360;145043;103;1814;135360;147308;100.000;3.906;4.248;556.978;597.889;35.354;179847;157023;145043;0.219;0.103;0.066;4.574;1.651;0.099;41.820;40.103;135.750;135.787;134.079;30.798;29.910;1.641;1.220;1.326;63.730;199.517;143.459;32.452;0.881;1.948;0.000;0.037;0.000;38;35.594;129.467;6;0;0;0;0;0;0;0
197;1;1;1;0.785398;2.007129;1.000000;2805.686882;2805.752224;2805.887326;798336;26696;145944;21;1825;26696;29132;100.000;0.880;0.957;560.437;601.597;6.992;173058;158082;145944;0.236;0.113;0.070;4.950;1.728;0.096;40.312;38.514;135.070;135.102;133.347;29.838;28.882;1.982;1.224;1.326;65.342;200.444;144.188;34.747;1.413;1.915;0.000;0.032;0.001;10;33.634;128.363;3;0;0;0;0;0;0;0
198;1;1;1;0.785398;2.007129;1.000000;2805.720764;2805.782705;2805.918056;798454;21996;146568;17;1833;21996;23968;100.000;0.629;0.683;562.834;604.174;5.752;170952;158362;146568;0.193;0.111;0.069;2.646;1.475;0.409;37.411;35.867;135.320;135.351;133.857;27.640;26.795;1.551;0.191;0.532;61.941;197.292;141.584;30.481;2.852;1.973;0.000;0.030;0.000;16;33.290;131.179;2;0;0;0;0;0;0;0
199;1;1;1;0.785398;2.094395;1.000000;2805.753464;2805.817900;2805.950014;800770;21432;147434;17;1843;21432;23404;100.000;0.628;0.683;566.159;607.725;5.617;169421;157689;147434;0.187;0.111;0.070;2.488;1.124;0.064;36.076;34.882;132.104;132.115;130.972;27.307;26.633;1.730;0.290;0.100;64.435;196.550;140.210;35.195;1.862;1.966;6.926;0.011;0.000;11;32.464;128.471;3;0;0;0;0;0;0;0
200;1;1;1;0.785398;2.094395;1.000000;2805.787079;2805.852235;2805.986372;802378;24252;148866;19;1861;24252;26456;100.000;0.718;0.780;571.658;613.630;6.349;169885;159532;148866;0.222;0.106;0.067;4.571;2.089;0.566;39.960;37.804;134.094;134.137;132.023;29.790;28.634;1.622;1.222;1.331;65.156;199.293;143.234;34.336;1.002;1.906;0.000;0.043;0.001;10;33.299;127.407;4;0;0;0;0;0;0;0
201;1;1;1;0.785398;2.094395;1.000000;2805.820357;2805.886276;2806.016850;805285;27072;150350;21;1880;27072;29508;100.000;0.860;0.934;577.356;619.757;7.082;170342;161009;150350;0.191;0.112;0.071;2.460;1.070;0.066;37.139;35.998;130.520;130.573;129.484;28.443;27.801;1.727;0.253;0.106;65.920;196.493;140.379;34.041;0.708;1.831;0.000;0.054;0.000;16;33.609;126.969;3;0;0;0;0;0;0;0
202;1;1;1;0.785398;2.181662;1.000000;2805.853867;2805.918058;2806.053341;803318;27636;152012;21;1901;27636;30072;100.000;592.029;642.169;583.739;626.613;7.217;170804;162222;152012;0.222;0.108;0.068;4.578;2.037;0.545;39.999;37.895;135.254;135.283;133.209;29.567;28.448;1.638;1.229;1.315;64.192;199.475;143.537;31.782;1.551;1.814;22.106;0.030;0.000;11;33.384;128.599;2;0;0;0;0;0;0;0
203;1;1;1;0.785398;2.181662;1.000000;2805.886397;2805.951647;2806.086548;802036;28952;152816;22;1911;28952;31504;100.000;546.669;593.053;586.826;629.926;7.561;171257;163166;152816;1.151;0.112;0.069;4.469;1.376;0.081;39.820;38.375;134.871;134.901;133.502;29.518;28.745;1.795;0.202;1.141;65.249;200.151;143.410;33.588;0.255;1.716;0.000;0.030;0.000;11;33.975;128.989;2;0;0;0;0;0;0;0
204;1;1;1;0.785398;2.181662;1.000000;2805.920733;2805.984966;2806.120504;810228;28200;152942;22;1912;28200;30752;100.000;0.846;0.919;587.310;630.432;7.380;170233;162574;152942;0.952;0.111;0.070;3.353;1.802;0.502;39.796;37.924;135.491;135.537;133.711;29.361;28.363;1.541;0.207;0.473;64.233;199.770;144.033;33.320;0.014;1.610;0.000;0.047;0.000;18;34.640;130.309;3;0;0;0;0;0;0;0
205;1;1;1;0.785398;2.181662;1.000000;2805.953330;2806.018483;2806.151650;808185;26508;152382;21;1905;26508;28944;100.000;0.799;0.869;585.159;628.124;6.947;169288;161980;152382;0.192;0.113;0.069;2.867;1.096;0.065;36.300;35.135;133.121;133.167;132.050;27.259;26.608;1.450;0.211;0.833;65.153;198.319;141.845;33.517;0.183;1.521;0.000;0.046;0.000;20;32.337;129.135;2;0;0;0;0;0;0;0
206;1;1;1;0.785398;2.181662;1.000000;2805.987498;2806.051886;2806.184492;815223;27636;150790;21;1885;27636;30072;100.000;440.442;477.744;579.046;621.559;7.217;166586;159415;150790;0.233;0.111;0.070;2.365;1.908;0.555;36.803;34.825;132.561;132.607;130.678;27.753;26.649;1.538;0.319;0.095;64.388;196.995;141.354;33.403;0.069;1.430;0.000;0.046;0.000;16;32.529;128.264;2;0;0;0;0;0;0;0
207;1;1;1;0.785398;2.181662;1.000000;2806.020088;2806.084967;2806.217582;799426;27448;149044;21;1864;27448;29884;100.000;0.823;0.893;572.341;614.381;7.172;164236;157600;149044;0.238;0.112;0.070;2.792;1.350;0.078;37.363;35.943;132.583;132.615;131.248;28.174;27.386;1.767;0.194;0.412;64.879;197.494;141.111;33.081;0.252;1.356;0.000;0.032;0.000;10;33.221;128.422;3;0;0;0;0;0;0;0
208;1;1;1;0.785398;2.268928;1.000000;2806.053921;2806.118522;2806.252753;790320;27260;147638;21;1846;27260;29696;100.000;0.858;0.932;566.942;608.576;7.127;161958;155371;147638;0.218;0.105;0.066;4.586;1.637;0.090;39.304;37.601;134.221;134.231;132.571;29.281;28.363;1.671;1.217;1.310;64.601;198.832;142.949;33.555;0.222;1.286;18.635;0.010;0.000;17;33.081;127.973;3;0;0;0;0;0;0;0
209;1;1;1;0.785398;2.268928;1.000000;2806.087404;2806.150457;2806.282632;795945;27072;145656;21;1821;27072;29508;100.000;0.762;0.827;559.332;600.401;7.082;159878;153543;145656;0.194;0.110;0.072;2.357;1.473;0.408;36.103;34.558;132.129;132.176;130.684;27.314;26.444;1.618;0.278;0.086;63.052;195.228;139.495;31.934;1.399;1.293;0.000;0.047;0.000;20;32.272;128.277;2;0;0;0;0;0;0;0
210;1;1;1;0.785398;2.268928;1.000000;2806.120734;2806.186198;2806.319097;792891;28012;144144;22;1802;28012;30564;100.000;0.894;0.973;553.525;594.166;7.335;157845;151387;144144;0.189;0.110;0.068;4.892;1.551;0.090;40.287;38.668;132.854;132.899;131.325;30.314;29.444;1.806;1.215;1.504;65.464;198.363;142.626;35.742;2.408;1.362;0.000;0.046;0.001;11;33.843;126.385;4;0;0;0;0;0;0;0
211;1;1;1;0.785398;2.268928;1.000000;2806.154065;2806.217739;2806.350873;797320;136300;143206;104;1791;136300;148364;100.000;4.025;4.378;549.924;590.316;35.607;179073;155570;143206;0.191;0.110;0.069;2.482;1.482;0.411;38.213;36.663;131.449;133.134;131.630;28.703;27.853;1.701;0.285;0.127;63.673;196.807;141.068;31.540;1.793;1.389;0.000;1.685;0.001;105;34.249;127.462;4;0;0;0;0;0;0;0
212;1;1;1;0.785398;2.268928;1.000000;2806.186209;2806.251751;2806.385977;805214;26884;142122;21;1777;26884;29320;100.000;0.840;0.913;545.761;585.838;7.037;167712;153840;142122;1.194;0.109;0.068;4.385;1.285;0.083;39.068;37.716;134.180;134.226;132.923;29.106;28.374;1.688;0.194;1.134;65.542;199.768;142.839;34.013;0.679;1.345;0.000;0.046;0.000;18;33.399;128.491;4;0;0;0;0;0;0;0
213;1;1;1;0.785398;2.356194;1.000000;2806.221138;2806.283901;2806.417405;797126;20868;141596;16;1770;20868;22724;100.000;0.610;0.662;543.741;583.660;5.454;165724;153926;141596;0.187;0.108;0.068;2.411;1.537;0.378;37.070;35.466;133.500;133.504;131.940;27.767;26.880;1.667;0.283;0.099;62.764;196.268;140.934;32.150;1.184;1.335;5.524;0.004;0.000;14;33.122;129.507;3;0;0;0;0;0;0;0
214;1;1;1;0.785398;2.356194;1.000000;2806.254022;2806.318342;2806.449389;803136;17672;141814;14;1773;17672;19296;100.000;0.525;0.570;544.578;584.565;4.631;164635;153309;141814;0.196;0.111;0.069;2.885;0.977;0.063;35.936;34.890;131.016;131.047;130.050;27.422;26.828;1.422;0.185;0.903;64.320;195.367;139.585;34.441;1.108;1.321;0.000;0.031;0.000;8;32.074;127.133;3;0;0;0;0;0;0;0
215;1;1;1;0.785398;2.356194;1.000000;2806.287040;2806.352244;2806.488039;809297;24440;143036;19;1788;24440;26644;100.000;0.761;0.827;549.271;589.596;6.395;164090;153484;143036;0.195;0.108;0.066;4.728;2.055;0.559;42.501;40.381;135.754;135.795;133.714;31.298;30.200;1.676;1.218;1.467;65.204;201.000;144.902;33.902;0.569;1.274;0.000;0.041;0.001;18;35.718;128.942;2;0;0;0;0;0;0;0
216;1;1;1;0.785398;2.356194;1.000000;2806.320706;2806.384525;2806.514886;808156;27448;144130;21;1802;27448;29884;100.000;0.799;0.867;553.472;594.112;7.172;164590;154798;144130;0.246;0.106;0.066;2.146;1.707;0.104;33.625;31.852;130.323;130.361;128.628;25.793;24.763;1.385;0.192;0.151;63.819;194.180;138.415;32.280;1.053;1.260;0.000;0.038;0.000;16;29.771;126.441;3;0;0;0;0;0;0;0
217;1;1;1;0.785398;2.356194;1.000000;2806.353442;2806.419068;2806.551928;810355;28764;146106;22;1827;28764;31316;100.000;0.931;1.010;561.060;602.264;7.516;164643;155828;146106;1.172;0.110;0.068;4.152;1.260;0.070;40.897;39.570;132.834;132.860;131.580;30.782;30.073;1.526;0.193;1.084;65.626;198.486;142.124;34.543;1.210;1.257;0.000;0.026;0.000;14;35.486;127.400;3;0;0;0;0;0;0;0
218;1;1;1;0.785398;2.443461;1.000000;2806.387448;2806.450114;2806.584025;810211;29328;148782;23;1860;29328;31996;100.000;1.013;1.102;571.335;613.284;7.679;166567;158910;148782;0.235;0.113;0.072;2.586;1.545;0.425;37.492;35.875;133.881;133.911;132.333;27.997;27.110;1.652;0.288;0.228;62.665;196.577;140.887;31.046;2.287;1.321;20.501;0.031;0.000;11;33.360;129.714;3;0;0;0;0;0;0;0
219;1;1;1;0.785398;2.443461;1.000000;2806.419715;2806.479202;2806.620070;808645;28764;150220;22;1878;28764;31316;100.000;0.721;0.782;576.857;619.212;7.516;167376;159975;150220;0.195;0.113;0.068;4.560;1.683;0.099;40.179;38.428;140.853;140.868;139.159;28.523;27.615;1.621;1.217;1.346;59.487;200.355;143.599;29.088;4.245;1.504;0.000;0.015;0.000;10;33.936;134.581;4;0;0;0;0;0;0;0
220;1;1;1;0.785398;2.443461;1.000000;2806.453866;2806.519315;2806.652557;810783;27636;150188;21;1878;27636;30072;100.000;867.731;941.221;576.734;619.090;7.217;167068;159654;150188;0.239;0.111;0.070;2.720;1.727;0.527;38.729;36.932;133.199;133.242;131.492;29.067;28.087;1.596;0.224;0.481;65.449;198.691;142.753;40.113;6.780;1.834;0.000;0.042;0.000;21;34.282;128.728;1;0;0;0;0;0;0;0
221;1;1;1;0.785398;2.443461;1.000000;2806.485878;2806.550491;2806.683664;807088;27636;149054;21;1864;27636;30072;100.000;561.001;608.513;572.380;614.419;7.217;165155;157841;149054;0.195;0.111;0.071;2.251;1.253;0.072;35.541;34.218;133.149;133.173;131.889;26.688;25.944;1.459;0.297;0.119;64.613;197.786;140.526;31.175;2.158;1.854;0.000;0.025;0.000;14;32.038;129.611;3;0;0;0;0;0;0;0
222;1;1;1;0.785398;2.443461;1.000000;2806.520081;2806.585695;2806.718546;809369;28200;147392;22;1843;28200;30752;100.000;0.851;0.925;565.998;607.563;7.380;163058;155933;147392;0.194;0.110;0.069;2.900;1.792;0.517;38.394;36.533;132.805;132.851;131.039;28.900;27.879;1.444;0.204;0.880;65.614;198.465;142.075;35.205;1.871;1.855;0.000;0.046;0.000;21;33.702;128.093;2;0;0;0;0;0;0;0
223;1;1;1;0.785398;2.530727;1.000000;2806.554261;2806.619031;2806.754304;795354;27448;146064;21;1826;27448;29884;100.000;0.873;0.948;560.898;602.080;7.172;161237;154418;146064;0.214;0.105;0.066;4.334;1.525;0.088;40.439;38.849;135.224;135.273;133.721;29.894;29.052;1.419;1.220;1.309;64.770;200.043;144.500;33.336;0.003;1.739;27.169;0.049;0.000;20;34.580;129.337;2;0;0;0;0;0;0;0
224;1;1;1;0.785398;2.530727;1.000000;2806.586502;2806.650625;2806.784921;795455;27260;144466;21;1806;27260;29696;100.000;0.779;0.846;554.762;595.493;7.127;158596;152157;144466;0.239;0.111;0.069;3.064;1.691;0.589;36.471;34.711;134.256;134.297;132.587;27.157;26.180;1.538;0.185;0.923;64.123;198.420;141.784;31.593;1.740;1.739;0.000;0.040;0.000;13;31.716;129.472;4;0;0;0;0;0;0;0
225;1;1;1;0.785398;2.530727;1.000000;2806.620302;2806.685787;2806.816643;795720;27636;143728;21;1797;27636;30072;100.000;0.896;0.972;551.928;592.456;7.217;157594;150950;143728;0.188;0.110;0.069;2.173;1.327;0.080;36.468;35.072;130.816;130.856;129.505;27.868;27.082;1.411;0.292;0.104;65.486;196.342;140.172;35.163;1.829;1.745;0.000;0.041;0.001;20;32.967;127.289;2;0;0;0;0;0;0;0
226;1;1;1;0.785398;2.530727;1.000000;2806.654348;2806.716812;2806.852905;798723;138368;142930;106;1787;138368;150664;100.000;3.795;4.130;548.864;589.166;36.159;180302;156126;142930;0.238;0.112;0.065;4.626;1.473;0.087;39.749;38.211;136.066;136.093;134.587;29.207;28.391;1.646;1.213;1.354;62.464;198.557;143.101;31.025;2.308;1.780;0.000;0.027;0.000;64;33.649;129.930;8;0;0;0;0;0;0;0
227;1;1;1;0.785398;2.530727;1.000000;2806.686353;2806.753421;2806.888324;807441;25192;142948;20;1787;25192;27512;100.000;0.831;0.904;548.933;589.235;6.603;170618;155414;142948;0.187;0.106;0.067;2.129;1.809;0.610;41.516;39.641;134.853;134.903;133.064;30.775;29.791;1.472;0.193;0.104;67.068;201.971;145.186;36.608;3.275;1.874;0.000;0.050;0.000;19;37.578;130.883;2;0;0;0;0;0;0;0
228;1;1;1;0.785398;2.617994;1.000000;2806.720991;2806.783887;2806.918085;803316;18800;143504;15;1794;18800;20540;100.000;0.543;0.590;551.068;591.528;4.930;169984;156637;143504;0.230;0.110;0.067;2.456;1.666;0.101;33.692;31.959;134.174;134.198;132.498;25.106;24.121;1.668;0.269;0.113;62.896;197.094;141.614;30.466;2.867;1.936;31.191;0.024;0.000;14;29.570;130.016;2;0;0;0;0;0;0;0
229;1;1;1;0.785398;2.617994;1.000000;2806.752453;2806.818732;2806.951114;809074;20116;144280;16;1804;20116;21972;100.000;0.609;0.662;554.048;594.733;5.273;169011;156570;144280;0.194;0.111;0.070;2.375;1.493;0.451;37.157;35.594;132.350;132.382;130.864;28.068;27.199;1.693;0.189;0.119;66.279;198.661;141.310;34.845;1.512;1.909;0.000;0.032;0.000;15;33.289;128.455;2;0;0;0;0;0;0;0
230;1;1;1;0.785398;2.617994;1.000000;2806.787492;2806.852055;2806.987447;808265;23500;145334;18;1817;23500;25588;100.000;0.731;0.793;558.095;599.074;6.141;168401;156699;145334;0.226;0.109;0.066;3.671;1.097;0.066;40.203;39.041;135.360;135.392;134.275;29.694;29.075;1.745;0.202;1.324;64.564;199.956;144.310;33.323;0.010;1.790;0.000;0.032;0.000;17;35.435;130.571;2;0;0;0;0;0;0;0
231;1;1;1;0.785398;2.617994;1.000000;2806.819949;2806.884439;2807.017108;818848;27824;147128;22;1840;27824;30376;100.000;0.776;0.845;564.984;606.482;7.290;168223;158212;147128;0.193;0.111;0.069;2.218;1.901;0.528;34.411;32.442;132.636;132.669;130.736;25.938;24.815;1.441;0.297;0.108;64.490;197.159;140.637;32.383;0.950;1.738;0.000;0.033;0.000;20;30.293;128.483;2;0;0;0;0;0;0;0
232;1;1;1;0.785398;2.617994;1.000000;2806.853869;2806.920458;2807.050681;820617;28012;148796;22;1860;28012;30564;100.000;0.884;0.961;571.389;613.338;7.335;168297;159646;148796;0.230;0.113;0.070;3.136;1.050;0.066;37.696;36.576;130.174;130.223;129.147;28.947;28.321;1.518;0.203;1.003;66.589;196.812;140.876;36.019;2.686;1.797;0.000;0.048;0.000;21;33.509;125.961;2;0;0;0;0;0;0;0
233;1;1;1;0.785398;2.617994;1.000000;2806.887801;2806.952324;2807.084522;814146;28012;150842;22;1886;28012;30564;100.000;0.890;0.968;579.246;621.781;7.335;169498;161349;150842;0.263;0.115;0.072;2.594;1.723;0.535;38.024;36.229;132.161;132.197;130.449;28.763;27.773;1.742;0.238;0.164;64.524;196.721;141.384;31.866;1.467;1.777;0.000;0.037;0.000;14;33.707;127.816;3;0;0;0;0;0;0;0
234;1;1;1;0.785398;2.617994;1.000000;2806.919905;2806.983935;2807.111582;814852;28388;152630;22;1908;28388;30940;100.000;0.805;0.874;586.112;629.144;7.426;170242;162565;152630;0.179;0.108;0.068;2.061;1.222;0.072;31.358;30.068;127.610;127.647;126.399;24.566;23.788;1.421;0.199;0.086;64.031;191.677;135.111;31.611;1.723;1.773;0.000;0.037;0.001;17;28.075;124.285;3;0;0;0;0;0;0;0
235;1;1;1;0.785398;2.617994;1.000000;2806.954216;2807.019408;2807.152239;815725;26884;153174;21;1915;26884;29320;100.000;0.897;0.975;588.201;631.391;7.037;170318;162913;153174;0.187;0.114;0.069;4.571;1.957;0.501;43.942;41.916;132.807;132.831;130.855;33.081;32.033;1.659;1.226;1.318;65.192;198.023;142.434;35.473;2.140;1.796;0.000;0.024;0.000;14;37.414;126.257;3;0;0;0;0;0;0;0
236;1;1;1;0.785398;2.617994;1.000000;2806.988174;2807.049552;2807.183807;816078;26884;152808;21;1911;26884;29320;100.000;0.930;1.011;586.795;629.895;7.037;169480;162409;152808;0.192;0.114;0.072;2.531;1.482;0.094;38.084;36.531;134.245;134.256;132.747;28.367;27.519;1.742;0.320;0.092;61.378;195.633;140.670;30.143;3.190;1.883;0.000;0.011;0.000;17;34.072;130.205;3;0;0;0;0;0;0;0
237;1;1;1;0.785398;2.617994;1.000000;2807.019861;2807.078601;2807.218339;810868;27448;151650;21;1896;27448;29884;100.000;0.706;0.766;582.348;625.110;7.172;167888;160740;151650;0.233;0.112;0.071;2.697;1.249;0.074;38.543;37.224;139.685;139.737;138.464;27.583;26.883;1.533;0.198;0.551;58.740;198.478;141.867;29.050;4.284;2.033;0.000;0.052;0.000;20;34.598;135.714;2;0;0;0;0;0;0;0
238;1;1;1;0.785398;2.617994;1.000000;2807.054157;2807.117697;2807.253684;801907;27072;149972;21;1875;27072;29508;100.000;0.821;0.892;575.905;618.192;7.082;165538;158283;149972;0.215;0.106;0.067;4.575;2.044;0.591;39.276;37.165;135.938;135.987;133.908;28.882;27.754;1.644;1.224;1.319;63.540;199.527;143.879;39.095;5.762;2.266;0.000;0.049;0.000;20;32.657;129.282;2;0;0;0;0;0;0;0
239;1;1;1;0.785398;2.617994;1.000000;2807.087131;2807.150908;2807.287818;799196;28200;148264;22;1854;28200;30752;100.000;0.794;0.863;569.346;611.160;7.380;164450;157514;148264;0.224;0.109;0.068;3.734;1.125;0.067;40.756;39.563;136.880;136.910;135.757;29.768;29.143;1.500;0.199;1.635;63.776;200.687;144.680;33.211;0.122;2.132;0.000;0.030;0.000;12;35.896;131.991;3;0;0;0;0;0;0;0
240;1;1;1;0.785398;2.617994;1.000000;2807.120192;2807.186619;2807.320489;799621;28388;146996;22;1838;28388;30940;100.000;0.897;0.974;564.477;605.930;7.426;162668;155766;146996;0.192;0.110;0.068;4.549;2.110;0.607;37.521;35.343;133.292;133.870;131.726;28.028;26.831;1.634;1.215;1.331;66.427;200.297;144.018;35.712;2.378;2.148;0.000;0.578;0.000;22;30.862;126.596;2;0;0;0;0;0;0;0
241;1;1;1;0.785398;2.617994;1.000000;2807.154484;2807.218498;2807.352837;808174;139496;146062;106;1826;139496;151792;100.000;284.243;309.103;560.891;602.073;36.430;182380;158734;146062;1.099;0.111;0.068;4.097;1.276;0.083;39.017;37.673;134.303;134.339;133.043;29.044;28.317;1.524;0.211;1.085;64.014;198.353;143.032;31.879;1.455;2.104;0.000;0.036;0.000;45;33.644;128.908;4;0;0;0;0;0;0;0
242;1;1;1;0.785398;2.617994;1.000000;2807.186974;2807.252337;2807.385373;810609;27824;145468;22;1819;27824;30376;100.000;0.867;0.943;558.610;599.634;7.290;172788;157703;145468;0.194;0.110;0.068;2.428;2.064;0.533;37.869;35.738;132.991;133.035;130.917;28.466;27.298;1.650;0.295;0.113;65.363;198.398;142.235;33.839;0.506;2.004;0.000;0.044;0.001;18;33.377;128.442;3;0;0;0;0;0;0;0
243;1;1;1;0.785398;2.617994;1.000000;2807.220733;2807.284593;2807.418452;809086;19740;145086;15;1814;19740;21480;100.000;0.578;0.626;557.143;598.054;5.155;170536;157396;145086;0.197;0.112;0.069;2.625;1.330;0.085;37.604;36.206;133.828;133.859;132.511;28.093;27.323;1.556;0.190;0.501;63.860;197.719;141.981;32.255;1.078;1.947;0.000;0.031;0.000;14;33.650;129.854;2;0;0;0;0;0;0;0
244;1;1;1;0.785398;2.617994;1.000000;2807.254021;2807.319475;2807.450785;804105;21996;145538;17;1820;21996;23968;100.000;0.693;0.752;558.878;599.925;5.752;169632;157472;145538;0.190;0.111;0.069;2.192;1.497;0.419;36.274;34.708;131.278;131.310;129.794;27.624;26.741;1.423;0.292;0.109;65.454;196.764;140.981;34.882;1.549;1.922;0.000;0.032;0.000;9;32.585;127.558;4;0;0;0;0;0;0;0
245;1;1;1;0.785398;2.617994;1.000000;2807.287841;2807.351411;2807.486720;810243;24252;146056;19;1826;24252;26456;100.000;0.689;0.749;560.868;602.050;6.349;168751;157418;146056;0.242;0.109;0.065;4.687;1.595;0.091;39.612;37.953;135.271;135.309;133.689;29.275;28.389;1.726;1.218;1.328;63.570;198.879;143.582;31.936;1.397;1.889;0.000;0.038;0.000;14;33.331;128.962;4;0;0;0;0;0;0;0
246;1;1;1;0.785398;2.617994;1.000000;2807.320319;2807.386822;2807.520262;808451;27448;146718;21;1834;27448;29884;100.000;0.903;0.979;563.410;604.772;7.172;168835;158069;146718;0.191;0.109;0.066;2.564;1.795;0.556;39.821;37.961;133.397;133.439;131.620;29.842;28.841;1.905;0.198;0.096;66.503;199.943;143.791;35.412;2.078;1.901;0.000;0.042;0.000;20;35.462;129.012;2;0;0;0;0;0;0;0
247;1;1;1;0.785398;2.617994;1.000000;2807.354066;2807.417436;2807.551034;818595;29140;147758;23;1847;29140;31808;100.000;0.841;0.915;567.403;609.059;7.634;168903;159717;147758;0.190;0.112;0.069;2.455;1.325;0.078;35.123;33.730;133.583;133.598;132.246;26.290;25.505;1.645;0.309;0.132;63.370;196.968;141.230;30.613;2.720;1.952;0.000;0.015;0.001;17;31.343;129.772;4;0;0;0;0;0;0;0
248;1;1;1;0.000000;0.000000;1.000000;2807.387034;2807.452259;2807.583984;813416;29328;149576;23;1870;29328;31996;100.000;0.880;0.958;574.384;616.559;7.679;169617;161508;149576;0.197;0.113;0.071;2.627;1.180;0.067;36.736;35.486;131.671;131.725;130.527;27.889;27.186;1.548;0.194;0.504;65.226;196.951;140.846;34.823;1.490;1.923;27.127;0.054;0.000;22;32.930;127.845;2;0;0;0;0;0;0;0
249;1;1;1;0.000000;0.000000;1.000000;2807.420723;2807.485802;2807.615990;816251;29704;151824;23;1898;29704;32372;100.000;0.923;1.003;583.017;625.823;7.769;171083;162659;151824;0.235;0.113;0.071;2.512;1.437;0.395;35.806;34.299;130.153;130.188;128.731;27.504;26.644;1.700;0.303;0.091;65.079;195.267;139.519;33.543;0.209;1.816;0.000;0.035;0.000;16;31.857;126.182;4;0;0;0;0;0;0;0
250;1;1;1;0.000000;0.000000;1.000000;2807.453329;2807.518143;2807.652405;820584;28576;153370;22;1918;28576;31128;100.000;0.827;0.899;588.953;632.211;7.471;171893;164293;153370;0.188;0.110;0.071;2.925;1.349;0.083;40.363;38.944;134.218;134.262;132.896;30.063;29.304;1.421;0.207;0.929;64.814;199.076;142.600;32.341;0.992;1.765;0.000;0.043;0.000;21;36.089;129.926;2;0;0;0;0;0;0;0
251;1;1;1;0.000000;0.000000;1.000000;2807.487013;2807.552862;2807.684170;817535;26884;153478;21;1919;26884;29320;100.000;0.846;0.920;589.368;632.648;7.037;171080;163228;153478;0.188;0.111;0.070;2.503;1.872;0.507;36.032;34.090;131.285;131.309;129.415;27.441;26.342;1.731;0.308;0.096;65.849;197.157;141.033;34.719;1.386;1.741;0.000;0.023;0.001;12;31.657;126.886;4;0;0;0;0;0;0;0
252;1;1;1;0.000000;0.000000;1.000000;2807.520928;2807.584805;2807.717912;812707;28576;152446;22;1906;28576;31128;100.000;0.883;0.959;585.405;628.392;7.471;169294;161965;152446;0.195;0.112;0.069;2.997;1.355;0.071;38.116;36.692;133.090;133.108;131.733;28.636;27.853;1.392;0.200;1.029;63.877;196.985;141.441;31.943;1.390;1.719;0.000;0.018;0.000;14;33.764;128.717;3;0;0;0;0;0;0;0
253;1;1;1;0.000000;0.000000;1.000000;2807.552992;2807.617321;2807.749746;811017;29328;150768;23;1885;29328;31996;100.000;0.878;0.955;578.962;621.475;7.679;166843;159529;150768;0.191;0.110;0.071;2.451;1.632;0.452;36.177;34.475;132.394;132.425;130.770;27.319;26.363;1.658;0.315;0.107;64.329;196.754;139.941;32.516;0.817;1.663;0.000;0.031;0.000;13;32.094;128.285;3;0;0;0;0;0;0;0
254;1;1;1;0.000000;0.000000;1.000000;2807.587010;2807.650909;2807.785535;812416;28012;148606;22;1858;28012;30564;100.000;0.804;0.874;570.660;612.564;7.335;163890;157391;148606;0.236;0.112;0.066;4.639;1.443;0.094;39.848;38.340;134.604;134.626;133.156;29.599;28.793;1.684;1.223;1.318;63.898;198.524;142.397;33.588;0.255;1.575;0.000;0.022;0.000;12;33.766;128.479;4;0;0;0;0;0;0;0
255;1;1;1;0.000000;0.000000;1.000000;2807.620578;2807.685956;2807.820302;815874;27636;147150;21;1840;27636;30072;100.000;0.890;0.965;565.068;606.566;7.217;162127;155358;147150;0.236;0.111;0.066;4.735;1.961;0.524;40.842;38.816;134.319;134.346;132.355;30.401;29.327;1.807;1.214;1.301;65.378;199.723;143.831;35.047;1.714;1.583;0.000;0.026;0.000;13;34.146;127.592;3;0;0;0;0;0;0;0
256;1;1;1;0.000000;0.000000;1.000000;2807.654225;2807.717196;2807.853842;811813;137616;146080;105;1826;137616;149796;100.000;4.030;4.383;560.960;602.142;35.951;184042;159743;146080;0.196;0.105;0.065;4.506;1.619;0.093;40.224;38.541;136.584;136.646;134.989;29.437;28.551;1.625;1.214;1.301;62.971;199.617;144.038;31.240;2.093;1.615;0.000;0.062;0.000;32;34.099;130.419;6;0;0;0;0;0;0;0
257;1;1;1;0.000000;0.000000;1.000000;2807.686833;2807.751440;2807.885426;809323;28200;145366;22;1818;28200;30752;100.000;0.854;0.929;558.218;599.220;7.380;172933;158491;145366;0.194;0.112;0.069;2.967;1.635;0.461;37.719;36.016;133.976;133.986;132.327;28.151;27.217;1.401;0.191;1.001;64.607;198.593;142.288;34.244;0.910;1.571;0.000;0.010;0.000;12;33.117;129.348;5;0;0;0;0;0;0;0
258;1;1;1;0.000000;0.000000;1.000000;2807.720715;2807.784674;2807.916700;806066;20492;145058;16;1814;20492;22348;100.000;0.602;0.654;557.035;597.947;5.364;169635;156687;145058;0.192;0.111;0.068;2.449;1.384;0.082;35.865;34.414;131.999;132.026;130.613;27.165;26.348;1.664;0.295;0.121;63.959;195.985;140.229;33.234;0.099;1.479;0.000;0.027;0.001;10;32.032;128.133;3;0;0;0;0;0;0;0
259;1;1;1;0.000000;0.000000;1.000000;2807.753524;2807.818945;2807.950036;803994;21432;144584;17;1808;21432;23404;100.000;0.632;0.688;555.215;595.991;5.617;167775;156316;144584;0.199;0.111;0.068;2.649;1.326;0.080;37.167;35.773;131.062;131.091;129.737;28.352;27.573;1.555;0.189;0.529;65.421;196.512;140.231;34.271;0.938;1.445;0.000;0.028;0.000;10;33.191;127.058;3;0;0;0;0;0;0;0
260;1;1;1;0.000000;0.000000;1.000000;2807.787498;2807.853066;2807.986043;804675;24440;144650;19;1809;24440;26644;100.000;0.795;0.863;555.468;596.267;6.395;166580;156311;144650;0.196;0.110;0.071;4.600;1.832;0.611;39.975;38.072;132.939;132.978;131.113;30.062;29.038;1.633;1.222;1.369;65.567;198.545;142.906;34.120;0.787;1.404;0.000;0.038;0.000;18;33.543;126.474;2;0;0;0;0;0;0;0
261;1;1;1;0.000000;0.000000;1.000000;2807.820417;2807.884008;2808.010821;803023;25756;143952;20;1800;25756;28076;100.000;0.748;0.812;552.788;593.384;6.738;164790;155429;143952;0.184;0.106;0.066;2.312;1.063;0.064;31.219;30.091;126.794;126.812;125.731;24.618;23.933;1.644;0.196;0.116;63.592;190.404;134.350;30.943;2.391;1.466;0.000;0.019;0.000;13;27.845;123.400;4;0;0;0;0;0;0;0
262;1;1;1;0.000000;0.000000;1.000000;2807.853932;2807.918648;2808.053035;804900;27636;144058;21;1801;27636;30072;100.000;420.132;455.714;553.195;593.813;7.217;165112;156503;144058;0.199;0.108;0.066;4.717;2.048;0.589;45.578;43.464;134.351;134.387;132.315;33.915;32.849;1.791;1.207;1.347;64.717;199.103;143.230;34.640;1.307;1.456;0.000;0.035;0.000;13;38.813;127.559;2;0;0;0;0;0;0;0
263;1;1;1;0.000000;0.000000;1.000000;2807.887472;2807.949657;2808.083933;801032;28952;144662;22;1809;28952;31504;100.000;507.609;550.679;555.515;596.313;7.561;164620;156488;144662;0.186;0.110;0.069;2.330;1.005;0.061;37.661;36.588;134.248;134.276;133.251;28.048;27.458;1.641;0.188;0.136;62.185;196.461;140.795;31.009;2.325;1.510;0.000;0.028;0.001;12;34.327;130.892;3;0;0;0;0;0;0;0
264;1;1;1;0.000000;0.000000;1.000000;2807.919716;2807.977706;2808.118863;793638;29516;145976;23;1825;29516;32184;100.000;0.722;0.785;560.560;601.720;7.724;164267;156413;145976;1.170;0.109;0.068;4.353;1.197;0.161;38.259;36.994;139.773;141.157;139.939;27.104;26.436;1.656;0.199;1.153;57.990;199.147;142.392;28.049;5.284;1.746;0.000;1.384;0.000;22;32.708;134.199;2;0;0;0;0;0;0;0
265;1;1;1;0.087266;0.000000;1.000000;2807.953714;2808.018794;2808.152347;801156;29328;148478;23;1856;29328;31996;100.000;0.899;0.977;570.168;612.027;7.679;165681;158366;148478;0.188;0.113;0.072;2.293;2.156;0.447;39.022;36.794;133.497;133.553;131.378;29.218;28.006;1.558;0.246;0.116;65.080;198.633;142.543;41.088;7.755;2.122;24.413;0.056;0.000;22;34.572;129.017;2;0;0;0;0;0;0;0
266;1;1;1;0.087266;0.000000;1.000000;2807.988790;2808.051649;2808.184894;804749;28388;149922;22;1875;28388;30940;100.000;0.840;0.912;575.713;618.000;7.426;166631;159451;149922;0.199;0.112;0.071;2.389;1.319;0.077;36.993;35.603;133.207;133.245;131.908;27.763;26.991;1.670;0.195;0.142;62.860;196.105;141.757;32.855;0.478;2.019;0.000;0.039;0.001;12;33.285;129.479;3;0;0;0;0;0;0;0
267;1;1;1;0.087266;0.000000;1.000000;2808.019944;2808.085634;2808.217132;805449;28388;150436;22;1881;28388;30940;100.000;0.895;0.972;577.687;620.110;7.426;166809;159640;150436;0.238;0.114;0.072;2.492;1.604;0.487;35.928;34.252;131.468;131.497;129.862;27.322;26.376;1.647;0.318;0.103;65.691;197.188;140.661;33.985;0.652;1.934;0.000;0.030;0.001;12;31.832;127.338;4;0;0;0;0;0;0;0
268;1;1;1;0.087266;0.000000;1.000000;2808.054062;2808.117541;2808.251826;805329;26884;149636;21;1871;26884;29320;100.000;0.752;0.817;574.615;616.812;7.037;165620;158681;149636;1.197;0.111;0.068;4.178;1.237;0.076;38.792;37.488;132.899;134.284;133.025;28.888;28.181;1.531;0.196;1.076;63.479;197.763;142.021;31.907;1.426;1.902;0.000;1.386;0.000;21;33.378;127.459;2;0;0;0;0;0;0;0
269;1;1;1;0.087266;0.000000;1.000000;2808.086841;2808.153510;2808.283090;805419;27448;148420;21;1856;27448;29884;100.000;0.900;0.976;569.945;611.804;7.172;163857;157015;148420;0.189;0.110;0.069;2.221;1.780;0.604;36.665;34.817;129.551;129.581;127.769;28.296;27.250;1.439;0.294;0.120;66.669;196.250;139.953;35.968;2.635;1.948;0.000;0.030;0.001;10;32.665;125.517;4;0;0;0;0;0;0;0
270;1;1;1;0.174533;0.000000;1.000000;2808.121102;2808.184277;2808.320038;804474;27824;146600;22;1833;27824;30376;100.000;0.811;0.883;562.956;604.296;7.290;161586;154930;146600;0.185;0.106;0.067;3.056;1.055;0.062;40.958;39.836;135.732;135.761;134.687;30.169;29.577;1.462;0.195;1.041;63.175;198.936;143.567;30.767;2.566;1.986;7.461;0.029;0.000;12;36.847;131.600;3;0;0;0;0;0;0;0
271;1;1;1;0.174533;0.000000;1.000000;2808.154155;2808.218791;2808.348647;796101;135360;145088;103;1814;135360;147308;100.000;4.288;4.664;557.150;598.062;35.354;181623;158138;145088;0.181;0.110;0.070;2.104;1.990;0.605;32.709;30.649;129.804;129.856;127.840;25.189;23.975;1.372;0.275;0.096;64.636;194.492;138.843;34.514;1.181;1.936;0.000;0.052;0.000;37;28.615;125.682;6;0;0;0;0;0;0;0
272;1;1;1;0.174533;0.000000;1.000000;2808.187490;2808.250409;2808.385270;805073;28200;144742;22;1810;28200;30752;100.000;0.805;0.875;555.822;596.643;7.380;170947;156107;144742;0.193;0.106;0.065;4.568;1.466;0.086;40.721;39.191;134.829;134.860;133.376;30.195;29.383;1.674;1.209;1.321;62.920;197.780;142.132;31.618;1.715;1.922;0.000;0.031;0.000;14;34.687;128.775;3;0;0;0;0;0;0;0
273;1;1;1;0.174533;0.000000;1.000000;2808.219858;2808.285592;2808.419034;797204;23688;144320;18;1804;23688;25776;100.000;0.759;0.823;554.201;594.887;6.186;168447;155097;144320;0.441;0.109;0.070;3.140;1.995;0.745;39.787;37.722;133.416;133.442;131.424;29.816;28.703;2.087;0.285;0.149;65.734;199.175;142.562;35.182;1.849;1.918;0.000;0.026;0.000;9;34.652;128.256;3;0;0;0;0;0;0;0
274;1;1;1;0.174533;0.000000;1.000000;2808.254187;2808.316943;2808.452214;805139;22936;144042;18;1801;22936;25024;100.000;0.677;0.736;553.134;593.752;6.006;166881;155436;144042;0.235;0.111;0.069;2.895;1.269;0.070;38.317;36.980;135.233;135.271;133.984;28.326;27.600;1.451;0.187;0.843;62.756;198.027;142.409;31.351;1.982;1.922;0.000;0.038;0.000;13;34.153;131.050;4;0;0;0;0;0;0;0
275;1;1;1;0.174533;0.000000;1.000000;2808.287251;2808.351006;2808.487474;808073;25756;144130;20;1802;25756;28076;100.000;0.776;0.843;553.472;594.112;6.738;164941;154208;144130;0.188;0.108;0.066;3.202;1.114;0.066;39.394;38.215;136.458;136.468;135.324;28.867;28.239;1.462;0.196;1.182;63.755;200.222;144.336;34.063;0.730;1.847;0.000;0.010;0.001;13;35.079;132.096;3;0;0;0;0;0;0;0
276;1;1;1;0.174533;0.000000;1.000000;2808.321025;2808.384430;2808.518815;813584;25944;144164;20;1803;25944;28264;100.000;0.732;0.795;553.602;594.265;6.783;164700;155108;144164;0.189;0.109;0.069;2.384;2.065;0.480;35.658;33.525;134.356;134.385;132.298;26.534;25.341;1.669;0.240;0.108;63.405;197.790;142.344;33.424;0.091;1.737;0.000;0.029;0.001;12;31.210;129.881;3;0;0;0;0;0;0;0
277;1;1;1;0.261799;0.000000;1.000000;2808.353439;2808.420063;2808.553549;812306;28952;144334;22;1805;28952;31504;100.000;919.039;997.018;554.255;594.963;7.561;163644;154414;144334;0.242;0.113;0.066;4.605;1.670;0.093;39.165;37.430;133.477;133.485;131.780;29.341;28.403;1.641;1.212;1.332;66.624;200.110;143.744;35.634;2.300;1.773;32.303;0.009;0.000;16;32.890;127.164;3;0;0;0;0;0;0;0
278;1;1;1;0.261799;0.000000;1.000000;2808.387614;2808.451944;2808.587054;817500;28952;144850;22;1811;28952;31504;100.000;464.120;503.500;556.236;597.080;7.561;163265;154979;144850;1.209;0.110;0.067;4.297;1.563;0.469;39.794;38.164;135.074;135.110;133.530;29.453;28.581;1.587;0.193;1.132;64.330;199.440;143.916;31.881;1.453;1.753;0.000;0.036;0.001;10;33.933;129.194;4;0;0;0;0;0;0;0
279;1;1;1;0.261799;0.000000;1.000000;2808.420402;2808.484377;2808.620495;824803;30456;147006;24;1838;30456;33240;100.000;0.863;0.939;564.516;605.968;7.978;164108;156134;147006;1.119;0.110;0.069;4.467;1.437;0.081;39.288;37.783;136.062;136.118;134.655;28.863;28.059;1.739;0.217;1.214;63.975;200.093;144.024;32.433;0.900;1.699;0.000;0.056;0.000;22;33.385;130.131;2;0;0;0;0;0;0;0
280;1;1;1;0.261799;0.000000;1.000000;2808.454254;2808.519858;2808.654681;813944;29892;149388;23;1868;29892;32560;100.000;0.920;0.999;573.662;615.792;7.814;166041;158542;149388;0.231;0.106;0.065;4.633;2.213;0.601;40.077;37.799;134.784;134.823;132.575;29.726;28.512;1.649;1.252;1.330;65.605;200.427;144.877;35.481;2.148;1.727;0.000;0.039;0.000;18;33.231;127.901;3;0;0;0;0;0;0;0
281;1;1;1;0.349066;0.000000;1.000000;2808.487727;2808.552558;2808.685544;815307;30268;150146;23;1877;30268;32936;100.000;508.391;551.599;576.573;618.906;7.905;166107;158806;150146;0.196;0.113;0.069;2.852;1.420;0.081;37.718;36.230;132.933;132.986;131.545;28.363;27.542;1.490;0.243;0.742;64.830;197.816;142.406;32.700;0.634;1.659;4.559;0.053;0.000;20;33.447;128.639;2;0;0;0;0;0;0;0
282;1;1;1;0.349066;0.000000;1.000000;2808.520523;2808.585359;2808.717146;816329;27448;149960;21;1875;27448;29884;100.000;0.823;0.893;575.859;618.146;7.172;165436;158505;149960;0.196;0.112;0.070;2.230;1.936;0.510;35.862;33.856;131.747;131.787;129.821;27.212;26.079;1.452;0.287;0.115;64.836;196.623;140.675;32.802;0.532;1.588;0.000;0.039;0.000;20;31.696;127.550;2;0;0;0;0;0;0;0
283;1;1;1;0.349066;0.000000;1.000000;2808.554026;2808.618902;2808.751008;813249;27636;148574;21;1858;27636;30072;100.000;534.090;579.323;570.537;612.441;7.217;163512;156625;148574;0.195;0.113;0.070;2.755;1.078;0.067;38.037;36.889;132.080;132.106;131.010;28.792;28.158;1.489;0.194;0.695;64.875;196.982;141.204;33.542;0.209;1.502;0.000;0.026;0.000;17;34.204;128.228;2;0;0;0;0;0;0;0
284;1;1;1;0.349066;0.000000;1.000000;2808.587116;2808.653287;2808.786689;809333;28012;146866;22;1836;28012;30564;100.000;0.919;0.999;563.978;605.386;7.335;161359;154542;146866;0.229;0.109;0.069;2.846;1.909;0.498;39.508;37.530;133.342;133.402;131.472;29.616;28.546;1.722;0.193;0.525;66.170;199.573;143.551;34.385;1.052;1.474;0.000;0.060;0.000;21;34.752;128.564;2;0;0;0;0;0;0;0
285;1;1;1;0.349066;0.000000;1.000000;2808.620698;2808.683903;2808.818132;815482;28952;145550;22;1820;28952;31504;100.000;0.819;0.889;558.924;599.971;7.561;159664;152787;145550;0.238;0.115;0.070;2.444;1.503;0.090;36.171;34.598;134.191;134.229;132.690;26.948;26.075;1.644;0.283;0.095;63.205;197.434;141.661;30.616;2.717;1.552;0.000;0.038;0.000;16;32.224;130.196;4;0;0;0;0;0;0;0
286;1;1;1;0.349066;0.000000;1.000000;2808.653266;2808.719476;2808.850588;814633;136488;144160;104;1802;136488;148552;100.000;4.271;4.646;553.587;594.228;35.652;181574;157734;144160;0.197;0.111;0.070;2.393;1.047;0.063;36.420;35.304;131.075;131.112;130.048;27.778;27.147;1.668;0.187;0.161;66.210;197.322;140.784;35.574;2.241;1.595;0.000;0.037;0.000;38;32.980;127.617;9;0;0;0;0;0;0;0
287;1;1;1;0.436332;0.000000;1.000000;2808.687710;2808.751529;2808.883844;814941;28952;142853;22;1786;28952;31504;100.000;581.395;630.726;548.568;588.848;7.561;172058;156133;142853;0.194;0.111;0.067;2.437;1.630;0.441;36.673;34.976;132.286;132.314;130.651;27.716;26.771;1.634;0.291;0.140;63.819;196.134;140.706;32.053;1.281;1.575;34.155;0.029;0.001;13;32.606;128.181;2;0;0;0;0;0;0;0
288;1;1;1;0.436332;0.000000;1.000000;2808.719518;2808.784589;2808.919714;818847;22936;142468;18;1781;22936;25024;100.000;0.646;0.702;547.090;587.256;6.006;168427;154557;142468;0.201;0.109;0.065;4.634;1.554;0.085;39.933;38.314;135.077;135.125;133.541;29.552;28.691;1.694;1.213;1.352;65.072;200.197;143.243;33.060;0.273;1.494;0.000;0.048;0.001;17;33.745;128.856;2;0;0;0;0;0;0;0
289;1;1;1;0.436332;0.000000;1.000000;2808.753988;2808.820291;2808.951106;824052;20680;142484;16;1782;20680;22536;100.000;0.662;0.718;547.151;587.340;5.409;165753;153310;142484;0.190;0.109;0.067;2.475;1.806;0.456;37.579;35.706;130.795;130.815;128.983;28.727;27.683;1.716;0.289;0.105;66.303;197.118;141.302;35.702;2.368;1.549;0.000;0.020;0.000;8;33.298;126.486;3;0;0;0;0;0;0;0
290;1;1;1;0.436332;0.000000;1.000000;2808.787625;2808.851746;2808.986153;835458;25756;143172;20;1790;25756;28076;100.000;0.769;0.835;549.793;590.163;6.738;164891;153586;143172;1.150;0.111;0.068;4.953;1.016;0.065;39.332;38.249;134.359;134.407;133.372;29.264;28.678;1.531;0.193;1.902;64.121;198.528;143.015;31.456;1.878;1.569;0.000;0.048;0.000;19;33.363;128.369;2;0;0;0;0;0;0;0
291;1;1;1;0.523599;0.000000;1.000000;2808.819768;2808.885442;2809.018849;819605;26320;143314;20;1792;26320;28640;100.000;0.795;0.862;550.338;590.753;6.874;163535;154112;143314;0.191;0.109;0.068;2.592;2.089;0.552;38.660;36.503;133.384;133.407;131.298;28.979;27.802;1.812;0.300;0.112;65.675;199.082;142.378;33.696;0.363;1.494;2.916;0.023;0.001;7;33.979;128.680;4;0;0;0;0;0;0;0
292;1;1;1;0.523599;0.000000;1.000000;2808.853737;2808.918740;2809.049819;827799;26508;143732;21;1797;26508;28944;100.000;0.782;0.851;551.943;592.471;6.947;162725;153549;143732;0.196;0.111;0.069;2.351;1.105;0.059;35.650;34.477;131.048;131.078;129.956;27.198;26.529;1.683;0.188;0.105;65.004;196.082;140.014;33.298;0.035;1.403;0.000;0.030;0.000;15;32.194;127.574;3;0;0;0;0;0;0;0
293;1;1;1;0.523599;0.000000;1.000000;2808.886810;2808.952835;2809.082429;830771;28388;144010;22;1801;28388;30940;100.000;0.908;0.987;553.011;593.629;7.426;161832;153586;144010;0.189;0.110;0.069;2.445;1.315;0.086;36.050;34.666;129.578;129.594;128.248;27.817;27.030;1.683;0.282;0.113;66.025;195.619;139.291;34.094;0.761;1.362;0.000;0.016;0.001;18;32.289;125.785;3;0;0;0;0;0;0;0
294;1;1;1;0.523599;0.000000;1.000000;2808.920573;2808.984210;2809.117192;835004;29704;145768;23;1823;29704;32372;100.000;0.827;0.898;559.762;600.876;7.769;162450;155112;145768;0.193;0.110;0.068;2.330;1.881;0.498;38.526;36.578;132.977;132.982;131.076;28.971;27.906;1.635;0.193;0.132;63.636;196.619;140.721;31.375;1.959;1.400;0.000;0.006;0.000;21;34.315;128.739;3;0;0;0;0;0;0;0
295;1;1;1;0.523599;0.000000;1.000000;2808.953137;2809.020319;2809.149710;814967;29328;148094;23;1852;29328;31996;100.000;0.954;1.038;568.693;610.462;7.679;164346;157166;148094;0.188;0.112;0.072;2.460;1.308;0.076;36.719;35.340;129.352;129.392;128.059;28.379;27.597;1.677;0.291;0.121;67.182;196.573;139.906;36.109;2.776;1.486;0.000;0.040;0.000;16;32.952;125.551;4;0;0;0;0;0;0;0
296;1;1;1;0.610865;0.000000;1.000000;2808.987567;2809.051223;2809.251417;818656;29328;149404;23;1868;29328;31996;100.000;0.879;0.956;573.724;615.853;7.679;165026;157952;149404;0.186;0.110;0.067;1.994;1.407;0.392;105.478;104.004;200.161;200.194;198.771;52.688;52.324;1.374;0.194;0.063;63.656;263.851;208.280;30.904;2.429;1.545;24.041;0.033;0.000;18;102.077;196.743;4;0;0;0;0;0;0;0
297;1;1;1;0.610865;0.000000;1.000000;2809.020019;2809.084747;2809.269764;819807;28012;149370;22;1868;28012;30564;100.000;0.844;0.918;573.593;615.723;7.335;164828;157706;149370;0.181;0.110;0.068;2.187;1.201;0.069;21.741;20.473;184.976;185.017;183.796;11.751;11.139;1.545;0.213;0.070;64.728;249.745;193.293;33.524;0.191;1.460;0.000;0.041;0.000;21;18.354;181.566;2;0;0;0;0;0;0;0
298;1;1;1;0.610865;0.000000;1.000000;2809.053738;2809.118127;2809.288395;814766;27636;148012;21;1851;27636;30072;100.000;535.900;581.286;568.379;610.125;7.217;162965;156066;148012;0.185;0.109;0.068;2.089;1.523;0.460;22.019;20.428;170.235;170.267;168.728;12.932;12.107;1.458;0.194;0.077;64.390;234.657;178.590;33.380;0.047;1.372;0.000;0.033;0.000;11;18.407;166.604;3;0;0;0;0;0;0;0
299;1;1;1;0.610865;0.000000;1.000000;2809.086840;2809.229908;2809.308060;809259;28576;146174;22;1828;28576;31128;100.000;632.119;686.457;561.321;602.548;7.471;160384;153711;146174;0.220;0.110;0.068;2.766;1.140;0.066;23.275;22.067;78.101;78.152;76.995;29.782;28.661;2.097;0.191;0.081;143.069;221.221;164.923;111.781;78.448;6.189;0.000;0.051;0.001;21;19.369;74.176;2;0;0;0;0;0;0;0
300;1;1;1;0.610865;0.000000;1.000000;2809.120352;2809.229967;2809.326558;812212;28952;144110;22;1802;28952;31504;100.000;821.855;891.588;553.395;594.036;7.561;158641;151861;144110;0.185;0.108;0.066;1.996;1.358;0.361;22.396;20.972;96.376;96.591;95.212;23.186;22.027;1.375;0.189;0.074;109.615;206.206;150.087;0.059;33.275;7.882;0.000;0.214;0.000;23;19.041;92.999;1;0;0;0;0;0;0;0
