frame_id;rx_complete;tx_complete;current_skip;yaw;pitch;zoom;camera_send_timestamp;recv_start_timestamp;node_exit_timestamp;original_points;rx_media_bytes;tx_points;rx_packets;tx_packets;payload_bytes;reference_size_bytes;data_integrity_pct;internal_throughput_mbs;reference_throughput_mbs;logical_bitrate_mbps;network_bitrate_mbps;reference_bitrate_mbps;arrived_points;eroded_points;valid_points;erosion_ms;reconstruction_ms;pose_ms;reconstruction_pipeline_ms;tx_duration_ms;active_tx_ms;active_process_ms;reference_process_ms;total_processing_ms;total_residency_ms;reference_residency_ms;node_efficiency_pct;reference_efficiency_pct;gpu_transfer_ms;gpu_copyback_ms;host_overhead_ms;camera_node_ms;e2e_latency_ms;schedule_delay_ms;inter_arrival_ms;instant_jitter_ms;desynced_jitter_ms;pose_control_ms;codec_queue_ms;frame_queue_ms;codec_backlog;decode_service_ms;decode_h265_ms;ffmpeg_write_calls;ffmpeg_write_failures;codec_queue_drops;tx_zero_accepts;tx_partial_accepts;tx_resubmit_calls;tx_resubmitted_packets;mbuf_starvation
1;1;1;1;0.000000;0.000000;1.000000;18829.936837;18829.998176;18830.133233;784142;141940;146318;108;1829;141940;154468;100.000;4.410;4.796;561.874;603.123;37.072;178911;159140;146318;0.213;0.126;0.079;2.939;0.996;0.052;26.939;25.864;134.978;135.057;134.041;19.947;19.296;1.396;0.190;0.936;61.339;196.396;135.057;0.000;0.000;0.000;0.000;0.078;0.000;56;23.004;131.022;4;0;0;0;0;0;0;0
2;1;1;1;0.000000;0.000000;1.000000;18829.970405;18830.030450;18830.169516;783406;28764;144182;22;1803;28764;31316;100.000;0.892;0.968;553.671;594.335;7.516;169393;156499;144182;0.212;0.125;0.077;2.115;1.359;0.075;40.205;38.769;111.900;139.066;137.678;28.911;28.159;1.409;0.194;0.097;60.045;199.110;138.006;32.274;1.059;0.066;0.000;27.166;0.000;24;36.730;108.395;2;0;0;0;0;0;0;0
3;1;1;1;0.000000;0.000000;1.000000;18830.003716;18830.062822;18830.201257;780200;22936;141754;18;1772;22936;25024;100.000;0.668;0.726;544.348;584.312;6.006;164369;153953;141754;0.252;0.125;0.076;4.843;1.519;0.406;35.208;33.613;138.418;138.436;136.885;25.433;24.556;1.635;1.205;1.550;59.106;197.542;136.415;32.372;0.962;0.122;0.000;0.018;0.000;12;28.846;132.022;3;0;0;0;0;0;0;0
4;1;1;1;0.000000;0.000000;1.000000;18830.037664;18830.097337;18830.227404;778467;22560;139430;18;1743;22560;24648;100.000;0.724;0.788;535.424;574.733;5.916;160176;150044;139430;0.211;0.123;0.075;2.076;1.086;0.069;32.511;31.350;129.916;130.067;128.957;24.996;24.311;1.394;0.183;0.090;59.673;189.739;129.228;34.515;1.182;0.188;0.000;0.150;0.000;18;29.349;126.729;2;0;0;0;0;0;0;0
5;1;1;1;0.000000;0.000000;1.000000;18830.072791;18830.128644;18830.267626;776427;22372;137802;17;1723;22372;24344;100.000;763.289;827.315;529.172;568.031;5.843;157416;147596;137802;0.206;0.119;0.073;4.641;1.369;0.359;43.379;41.937;138.938;138.982;137.590;31.212;30.480;1.624;1.197;1.423;55.852;194.835;136.117;31.307;2.027;0.303;0.000;0.044;0.001;17;37.368;132.902;1;0;0;0;0;0;0;0
6;1;1;1;0.000000;0.000000;1.000000;18830.104674;18830.157728;18830.303559;774893;24440;137230;19;1716;24440;26644;100.000;0.720;0.782;526.976;565.676;6.395;155704;146684;137230;0.201;0.115;0.070;2.135;1.114;0.066;41.934;40.750;141.818;145.831;144.687;28.755;28.164;1.459;0.185;0.106;53.054;198.886;138.717;29.084;4.249;0.550;0.000;4.013;0.000;18;38.684;138.537;2;0;0;0;0;0;0;0
7;1;1;1;0.000000;0.000000;1.000000;18830.138241;18830.191834;18830.334073;775949;24816;137590;19;1720;24816;27020;100.000;0.608;0.659;528.358;567.149;6.485;155769;147285;137590;0.208;0.116;0.072;2.826;1.166;0.302;33.768;32.530;142.221;142.239;141.050;23.740;23.063;1.457;0.181;0.793;53.593;195.831;135.897;34.106;0.773;0.564;0.000;0.017;0.000;12;29.775;138.205;3;0;0;0;0;0;0;0
8;1;1;1;0.000000;0.000000;1.000000;18830.171327;18830.232853;18830.368637;775463;26132;137746;20;1722;26132;28452;100.000;0.776;0.842;528.957;567.793;6.828;154945;147291;137746;0.236;0.113;0.070;4.564;1.427;0.082;38.559;37.062;135.751;135.784;134.341;28.397;27.588;1.467;1.198;1.481;61.526;197.310;137.128;41.019;7.685;1.009;0.000;0.033;0.000;11;32.568;129.741;4;0;0;0;0;0;0;0
9;1;1;1;0.000000;0.000000;1.000000;18830.205782;18830.266764;18830.401271;775698;26320;138024;20;1726;26320;28640;100.000;0.819;0.888;530.025;568.951;6.874;154624;147515;138024;0.206;0.118;0.071;2.687;0.927;0.062;38.609;37.611;134.481;134.507;133.560;28.704;28.161;1.533;0.181;0.578;60.982;195.489;136.428;33.911;0.578;0.982;0.000;0.026;0.000;10;34.995;130.837;3;0;0;0;0;0;0;0
10;1;1;1;0.000000;0.000000;1.000000;18830.237502;18830.299049;18830.436441;778020;25380;138278;20;1729;25380;27700;100.000;0.757;0.823;531.000;569.994;6.648;153992;146840;138278;0.232;0.106;0.066;4.362;1.890;0.523;38.773;36.818;137.350;137.392;135.475;28.221;27.177;1.413;1.217;1.328;61.548;198.939;138.265;32.285;1.048;0.986;0.000;0.042;0.000;19;32.521;131.069;2;0;0;0;0;0;0;0
11;1;1;1;0.000000;0.000000;1.000000;18830.271345;18830.332737;18830.467139;778554;23876;139114;19;1739;23876;26080;100.000;0.685;0.746;534.210;573.430;6.259;154581;147771;139114;0.194;0.110;0.068;2.516;0.842;0.057;36.955;36.045;134.364;134.401;133.540;27.496;26.992;1.646;0.182;0.317;61.392;195.793;135.629;33.688;0.355;0.947;0.000;0.037;0.000;9;33.596;130.986;3;0;0;0;0;0;0;0
12;1;1;1;0.000000;0.000000;1.000000;18830.304650;18830.367859;18830.499198;779986;25380;140496;20;1757;25380;27700;100.000;0.789;0.858;539.517;579.143;6.648;155588;149026;140496;0.194;0.114;0.068;2.357;1.184;0.320;35.417;34.166;131.291;131.339;130.137;26.966;26.254;1.672;0.209;0.101;63.209;194.548;134.355;35.122;1.788;0.999;0.000;0.048;0.000;18;31.877;127.731;3;0;0;0;0;0;0;0
13;1;1;1;0.000000;0.000000;1.000000;18830.337408;18830.400183;18830.535630;780926;26320;142868;20;1786;26320;28640;100.000;728.130;789.672;548.626;588.905;6.874;157785;151108;142868;0.235;0.110;0.067;2.302;1.116;0.082;39.956;38.773;135.428;135.447;134.299;29.499;28.871;1.398;0.191;0.302;62.775;198.223;137.454;32.324;1.009;1.000;0.000;0.019;0.000;15;36.538;131.976;2;0;0;0;0;0;0;0
14;1;1;1;0.000000;0.000000;1.000000;18830.371192;18830.435553;18830.565953;782770;26696;144928;21;1812;26696;29132;100.000;0.877;0.954;556.536;597.402;6.992;159421;153009;144928;0.203;0.113;0.070;2.242;1.465;0.377;33.749;32.214;130.361;130.400;128.916;25.881;24.988;1.490;0.269;0.097;64.361;194.761;134.444;35.370;2.036;1.065;0.000;0.040;0.001;16;30.042;126.632;4;0;0;0;0;0;0;0
15;1;1;1;0.000000;0.000000;1.000000;18830.404294;18830.466137;18830.594071;784474;27072;146044;21;1826;27072;29508;100.000;0.788;0.856;560.821;602.004;7.082;159965;153314;146044;0.181;0.110;0.066;2.044;1.107;0.069;31.823;30.651;127.903;127.934;126.810;24.875;24.171;1.419;0.191;0.077;61.843;189.777;129.228;30.584;2.749;1.170;0.000;0.031;0.000;11;28.672;124.734;4;0;0;0;0;0;0;0
16;1;1;1;0.000000;0.000000;1.000000;18830.437552;18830.500667;18830.633924;785193;131788;145822;101;1823;131788;143504;100.000;4.149;4.515;559.969;601.083;34.441;177968;156948;145822;1.155;0.109;0.067;4.144;1.130;0.063;42.990;41.794;133.214;133.257;132.100;32.261;31.638;1.549;0.190;1.075;63.114;196.372;135.748;34.530;1.196;1.172;0.000;0.043;0.000;27;37.716;127.911;8;0;0;0;0;0;0;0
17;1;1;1;0.000000;0.000000;1.000000;18830.471007;18830.532509;18830.665457;782720;28576;144126;22;1802;28576;31128;100.000;1.057;1.148;553.456;594.097;7.471;169127;155796;144126;0.190;0.111;0.068;2.195;1.429;0.374;36.809;35.313;132.914;132.949;131.499;27.687;26.854;1.454;0.294;0.079;61.502;194.451;133.948;31.842;1.491;1.192;0.000;0.034;0.000;12;33.186;129.268;4;0;0;0;0;0;0;0
18;1;1;1;0.000000;0.000000;1.000000;18830.504574;18830.559660;18830.700018;781613;23124;141930;18;1775;23124;25212;100.000;0.578;0.628;545.024;585.055;6.051;164376;152343;141930;0.235;0.108;0.065;2.443;1.081;0.061;38.185;37.040;140.346;140.357;139.260;27.206;26.598;1.781;0.184;0.071;55.086;195.443;135.175;27.152;6.182;1.503;0.000;0.011;0.000;14;34.662;136.805;3;0;0;0;0;0;0;0
19;1;1;1;0.087266;0.000000;1.000000;18830.537887;18830.599860;18830.734895;780006;22372;139740;17;1747;22372;24344;100.000;722.733;783.358;536.614;576.014;5.843;160684;150225;139740;0.229;0.109;0.066;2.363;1.444;0.402;38.387;36.877;135.000;135.035;133.576;28.427;27.608;1.692;0.182;0.086;61.973;197.008;136.719;40.200;6.867;1.839;17.078;0.035;0.001;16;34.580;131.164;2;0;0;0;0;0;0;0
20;1;1;1;0.087266;0.000000;1.000000;18830.571682;18830.632613;18830.766099;780302;22748;138346;18;1730;22748;24836;100.000;0.647;0.704;531.261;570.277;5.961;157894;148300;138346;0.237;0.111;0.068;2.523;1.049;0.063;34.985;33.868;133.466;133.486;132.398;26.209;25.580;1.705;0.288;0.115;60.931;194.417;134.590;32.753;0.580;1.760;0.000;0.020;0.000;12;31.412;129.853;3;0;0;0;0;0;0;0
21;1;1;1;0.087266;0.000000;1.000000;18830.603706;18830.667942;18830.802132;779066;24816;137844;19;1724;24816;27020;100.000;0.777;0.843;529.333;568.214;6.485;156303;147479;137844;0.186;0.106;0.063;2.408;1.500;0.494;39.624;38.060;134.152;134.191;132.673;29.528;28.687;1.383;0.180;0.489;64.236;198.426;137.290;35.329;1.995;1.775;0.000;0.039;0.000;16;35.715;130.225;3;0;0;0;0;0;0;0
22;1;1;1;0.087266;0.000000;1.000000;18830.637058;18830.700020;18830.832367;778280;25004;138092;19;1727;25004;27208;100.000;447.888;485.658;530.286;569.234;6.530;156434;148303;138092;0.193;0.110;0.070;2.202;1.475;0.086;34.130;32.585;132.310;132.348;130.846;25.788;24.904;1.442;0.276;0.111;62.961;195.309;134.191;32.078;1.256;1.742;0.000;0.038;0.000;13;30.453;128.604;2;0;0;0;0;0;0;0
23;1;1;1;0.087266;0.000000;1.000000;18830.670645;18830.733302;18830.860011;778907;26132;138240;20;1728;26132;28452;100.000;0.759;0.823;530.854;569.825;6.828;155826;148511;138240;0.222;0.104;0.065;2.367;1.121;0.064;31.318;30.132;126.670;126.709;125.561;24.716;23.998;1.658;0.180;0.138;62.658;189.366;128.502;33.283;0.051;1.637;0.000;0.038;0.001;19;27.830;123.154;2;0;0;0;0;0;0;0
24;1;1;1;0.087266;0.000000;1.000000;18830.703918;18830.767912;18830.901291;779289;24252;138556;19;1732;24252;26456;100.000;0.791;0.860;532.068;571.129;6.349;155133;147900;138556;0.183;0.103;0.063;2.413;1.551;0.487;44.768;43.154;133.353;133.380;131.806;33.564;32.740;1.809;0.182;0.072;63.994;197.373;136.449;34.609;1.276;1.614;0.000;0.026;0.000;15;40.804;129.365;3;0;0;0;0;0;0;0
25;1;1;1;0.087266;0.000000;1.000000;18830.737909;18830.798724;18830.931917;779739;25192;138952;20;1737;25192;27512;100.000;0.918;1.000;533.588;572.762;6.603;154951;148061;138952;0.240;0.110;0.070;2.541;0.983;0.058;34.580;33.528;133.170;133.193;132.181;25.963;25.365;1.731;0.285;0.106;60.815;194.008;133.741;30.813;2.521;1.671;0.000;0.022;0.000;14;31.057;129.616;3;0;0;0;0;0;0;0
26;1;1;1;0.087266;0.000000;1.000000;18830.770706;18830.826300;18830.959559;779364;26508;139454;21;1744;26508;28944;100.000;0.659;0.717;535.516;574.848;6.947;155091;148214;139454;0.183;0.105;0.063;2.351;1.363;0.372;31.173;29.747;133.148;133.259;131.879;23.393;22.556;1.687;0.206;0.105;55.594;188.854;128.050;27.576;5.758;1.926;0.000;0.111;0.000;20;27.460;129.415;2;0;0;0;0;0;0;0
27;1;1;1;0.087266;0.000000;1.000000;18830.804556;18830.866720;18831.000184;780025;26320;140520;20;1757;26320;28640;100.000;0.812;0.880;539.609;579.235;6.874;155666;148911;140520;0.187;0.106;0.067;2.335;1.132;0.061;44.331;43.133;133.425;133.464;132.311;33.216;32.599;1.713;0.185;0.076;62.163;195.627;135.341;40.420;7.086;2.249;0.000;0.040;0.000;19;40.864;129.935;2;0;0;0;0;0;0;0
28;1;1;1;0.087266;0.000000;1.000000;18830.838526;18830.899305;18831.031877;780373;26696;141820;21;1773;26696;29132;100.000;0.951;1.034;544.601;584.588;6.992;156450;150058;141820;0.196;0.110;0.069;2.238;2.079;0.446;35.151;33.003;132.563;132.572;130.464;26.515;25.297;1.483;0.273;0.108;60.779;193.351;133.701;32.586;0.748;2.155;0.000;0.009;0.001;17;30.834;128.216;3;0;0;0;0;0;0;0
29;1;1;1;0.087266;0.000000;1.000000;18830.870679;18830.927551;18831.061342;781651;28200;143812;22;1798;28200;30752;100.000;0.716;0.778;552.251;592.801;7.380;158178;151821;143812;0.180;0.108;0.065;2.301;1.150;0.068;33.771;32.557;133.758;133.791;132.614;25.242;24.550;1.625;0.186;0.138;56.873;190.664;129.833;28.246;5.087;2.338;0.000;0.033;0.000;13;30.320;130.269;4;0;0;0;0;0;0;0
30;1;1;1;0.087266;0.000000;1.000000;18830.904001;18830.967100;18831.100024;781375;26696;144756;21;1810;26696;29132;100.000;0.843;0.917;555.876;596.697;6.992;158959;152458;144756;0.198;0.108;0.068;2.387;1.181;0.065;42.132;40.883;132.716;132.924;131.718;31.696;31.038;1.715;0.186;0.113;63.099;196.023;135.181;39.548;6.215;2.580;0.000;0.208;0.000;20;38.563;129.121;2;0;0;0;0;0;0;0
31;1;1;1;0.087266;0.000000;1.000000;18830.939119;18830.998904;18831.134316;784392;130848;143948;100;1800;130848;142448;100.000;4.542;4.942;552.773;593.368;34.188;176776;155937;143948;0.202;0.110;0.069;2.467;1.457;0.470;37.858;36.332;135.373;135.412;133.929;27.958;27.128;1.644;0.189;0.253;59.785;195.197;136.140;31.804;1.529;2.515;0.000;0.039;0.000;34;33.934;131.422;7;0;0;0;0;0;0;0
32;1;1;1;0.087266;0.000000;1.000000;18830.970453;18831.027781;18831.163336;782671;29140;141972;23;1775;29140;31808;100.000;0.727;0.791;545.185;585.216;7.634;167802;154013;141972;0.221;0.108;0.065;2.065;1.564;0.102;32.945;31.317;135.525;135.556;133.970;24.303;23.376;1.400;0.188;0.083;57.327;192.883;131.827;28.876;4.457;2.636;0.000;0.030;0.000;13;29.316;131.874;3;0;0;0;0;0;0;0
33;1;1;1;0.087266;0.000000;1.000000;18831.004268;18831.068058;18831.191923;776999;23500;139814;18;1748;23500;25588;100.000;0.765;0.829;536.898;576.321;6.141;162473;151153;139814;0.222;0.108;0.065;2.351;1.470;0.222;32.216;30.682;123.845;123.865;122.378;26.009;25.071;1.661;0.185;0.111;63.790;187.655;127.080;40.277;6.944;2.905;0.000;0.020;0.000;12;28.395;120.005;3;0;0;0;0;0;0;0
34;1;1;1;0.087266;0.000000;1.000000;18831.040441;18831.098943;18831.236262;778650;22936;137648;18;1721;22936;25024;100.000;0.822;0.894;528.581;567.394;6.006;157983;147475;137648;0.465;0.105;0.065;4.163;1.671;0.549;48.145;46.410;137.287;137.319;135.620;35.061;34.220;1.826;0.191;1.510;58.501;195.821;138.086;30.885;2.449;2.877;0.000;0.032;0.000;17;42.312;131.425;2;0;0;0;0;0;0;0
35;1;1;1;0.087266;0.000000;1.000000;18831.070487;18831.126995;18831.264145;778007;23124;137154;18;1715;23124;25212;100.000;0.682;0.741;526.684;565.362;6.051;156457;146475;137154;0.195;0.109;0.067;2.198;1.500;0.103;33.717;32.151;137.106;137.149;135.626;24.584;23.706;1.443;0.281;0.105;56.508;193.657;132.635;28.053;5.280;3.027;0.000;0.044;0.000;17;30.019;133.382;2;0;0;0;0;0;0;0
36;1;1;1;0.087266;0.000000;1.000000;18831.103840;18831.161058;18831.290964;776483;25004;138046;19;1726;25004;27208;100.000;0.643;0.697;530.109;569.035;6.530;155937;147008;138046;0.180;0.104;0.065;2.314;1.826;0.506;30.508;28.617;129.884;129.906;128.049;23.485;22.348;1.640;0.215;0.110;57.219;187.124;126.122;34.063;0.730;2.883;0.000;0.022;0.000;12;26.368;125.712;3;0;0;0;0;0;0;0
37;1;1;1;0.087266;0.000000;1.000000;18831.137724;18831.200128;18831.334648;781287;26132;139346;20;1742;26132;28452;100.000;0.827;0.898;535.101;574.388;6.828;157460;149487;139346;0.192;0.103;0.065;4.705;1.250;0.065;47.830;46.515;134.483;134.520;133.250;35.556;34.908;1.666;1.204;1.475;62.404;196.924;136.472;39.069;5.736;3.062;0.000;0.037;0.000;19;41.875;128.506;2;0;0;0;0;0;0;0
38;1;1;1;0.087266;0.000000;1.000000;18831.172635;18831.231882;18831.369528;780329;27824;141098;22;1764;27824;30376;100.000;1.020;1.110;541.829;581.612;7.290;157637;150141;141098;0.190;0.110;0.067;2.581;1.789;0.570;40.828;38.972;137.592;137.646;135.834;29.662;28.691;1.594;0.188;0.434;59.247;196.893;138.019;31.755;1.579;2.969;0.000;0.054;0.000;20;36.458;133.197;3;0;0;0;0;0;0;0
39;1;1;1;0.087266;0.000000;1.000000;18831.203737;18831.259306;18831.401179;780785;28764;142238;22;1778;28764;31316;100.000;0.707;0.767;546.206;586.306;7.516;158178;150818;142238;0.196;0.108;0.068;2.826;1.147;0.065;36.011;34.796;141.842;141.873;140.703;25.383;24.730;1.489;0.188;0.779;55.569;197.442;136.336;27.423;5.910;3.153;0.000;0.031;0.000;21;32.038;137.837;2;0;0;0;0;0;0;0
40;1;1;1;0.087266;0.000000;1.000000;18831.237799;18831.300175;18831.436645;785430;29892;143844;23;1799;29892;32560;100.000;0.892;0.969;552.373;592.946;7.814;159340;152098;143844;0.186;0.106;0.066;3.000;1.283;0.077;39.430;38.081;136.415;136.470;135.157;28.893;28.176;1.415;0.200;1.025;62.376;198.846;138.469;40.870;7.536;3.427;0.000;0.055;0.000;22;35.147;132.101;2;0;0;0;0;0;0;0
41;1;1;1;0.087266;0.000000;1.000000;18831.272680;18831.333934;18831.466567;789479;31208;146416;24;1831;31208;33992;100.000;0.933;1.013;562.250;603.545;8.158;161458;154259;146416;0.189;0.109;0.069;2.239;1.454;0.407;34.200;32.677;132.622;132.633;131.150;25.786;24.916;1.443;0.301;0.129;61.254;193.887;135.058;33.758;0.425;3.239;0.000;0.012;0.000;14;30.507;128.896;5;0;0;0;0;0;0;0
42;1;1;1;0.087266;0.000000;1.000000;18831.303829;18831.367572;18831.500491;789348;31584;148106;24;1852;31584;34368;100.000;0.982;1.065;568.740;610.508;8.248;163190;156459;148106;0.194;0.108;0.066;2.384;1.065;0.061;37.619;36.489;132.892;132.919;131.832;28.303;27.678;1.754;0.193;0.069;63.743;196.662;135.648;33.639;0.305;3.056;0.000;0.027;0.000;15;34.170;129.420;4;0;0;0;0;0;0;0
43;1;1;1;0.087266;0.000000;1.000000;18831.337645;18831.399866;18831.534947;792714;31584;149298;24;1867;31584;34368;100.000;739.390;802.329;573.317;615.424;8.248;164183;157597;149298;0.195;0.110;0.069;2.573;1.538;0.457;37.901;36.294;135.064;135.081;133.519;28.058;27.182;1.580;0.195;0.425;62.220;197.301;136.771;32.294;1.040;2.930;0.000;0.017;0.000;20;33.789;130.928;2;0;0;0;0;0;0;0
44;1;1;1;0.087266;0.000000;1.000000;18831.370952;18831.433366;18831.566038;790865;31772;150365;25;1880;31772;34672;100.000;0.923;1.004;577.414;619.814;8.321;165393;158411;150365;0.192;0.112;0.071;2.334;1.022;0.059;35.204;34.111;132.610;132.671;131.631;26.535;25.914;1.490;0.262;0.209;62.415;195.086;134.528;33.500;0.167;2.757;0.000;0.061;0.000;22;31.848;129.234;3;0;0;0;0;0;0;0
45;1;1;1;0.087266;0.000000;1.000000;18831.404036;18831.467972;18831.600819;787976;32336;151606;25;1896;32336;35236;100.000;1.008;1.096;582.180;624.941;8.457;166115;159428;151606;0.187;0.110;0.068;2.826;1.257;0.336;38.136;36.811;132.797;132.846;131.574;28.707;27.978;1.463;0.198;0.799;63.936;196.782;135.976;34.606;1.273;2.664;0.000;0.050;0.000;17;34.053;128.697;3;0;0;0;0;0;0;0
46;1;1;1;0.087266;0.000000;1.000000;18831.437760;18831.500239;18831.637016;789717;145888;151650;111;1896;145888;158764;100.000;4.429;4.817;582.348;625.110;38.103;188890;165163;151650;0.227;0.105;0.067;4.519;1.778;0.097;40.253;38.408;136.762;136.778;134.960;29.429;28.459;1.599;1.225;1.296;62.479;199.257;138.840;32.267;1.067;2.564;0.000;0.015;0.000;47;33.955;130.424;7;0;0;0;0;0;0;0
47;1;1;1;0.087266;0.000000;1.000000;18831.470224;18831.533233;18831.668464;784950;29892;150558;23;1882;29892;32560;100.000;0.873;0.948;578.155;620.601;7.814;179115;163191;150558;0.179;0.105;0.067;2.453;1.680;0.515;37.760;36.014;135.208;135.231;133.530;27.923;26.971;1.835;0.197;0.071;63.009;198.240;136.954;32.994;0.340;2.425;0.000;0.023;0.000;9;33.627;131.053;6;0;0;0;0;0;0;0
48;1;1;1;0.087266;0.000000;1.000000;18831.504676;18831.567641;18831.701318;781130;24440;148538;19;1857;24440;26644;100.000;0.773;0.840;570.398;612.280;6.395;174491;161518;148538;0.194;0.111;0.069;2.765;1.081;0.066;36.989;35.840;133.639;133.677;132.579;27.670;27.033;1.503;0.195;0.693;62.965;196.643;136.476;34.408;1.075;2.341;0.000;0.039;0.000;18;33.143;129.774;2;0;0;0;0;0;0;0
49;1;1;1;0.087266;0.000000;1.000000;18831.537654;18831.599388;18831.733458;780468;24816;147276;19;1841;24816;27020;100.000;0.684;0.742;565.552;607.073;6.485;169683;158314;147276;0.197;0.112;0.071;2.217;1.901;0.412;35.961;33.989;134.054;134.070;132.137;26.822;25.722;1.442;0.292;0.104;61.734;195.804;135.282;31.747;1.587;2.294;0.000;0.016;0.000;15;31.842;129.895;3;0;0;0;0;0;0;0
50;1;1;1;0.087266;0.000000;1.000000;18831.570653;18831.635920;18831.761032;783376;25192;146748;20;1835;25192;27512;100.000;0.808;0.879;563.525;604.910;6.603;166714;156688;146748;0.179;0.105;0.066;2.000;1.115;0.070;31.703;30.522;125.087;125.112;123.978;25.340;24.619;1.385;0.191;0.074;65.267;190.379;129.523;36.532;3.199;2.350;0.000;0.025;0.000;13;28.587;121.951;3;0;0;0;0;0;0;0
51;1;1;1;0.087266;0.000000;1.000000;18831.603890;18831.667292;18831.802521;787237;29516;145970;23;1825;29516;32184;100.000;0.904;0.983;560.537;601.697;7.724;163927;154647;145970;0.227;0.108;0.067;3.078;0.972;0.055;44.600;43.562;135.201;135.228;134.237;32.982;32.451;1.397;0.193;1.087;63.402;198.631;137.678;31.372;1.961;2.326;0.000;0.027;0.001;11;40.550;131.130;3;0;0;0;0;0;0;0
52;1;1;1;0.087266;0.000000;1.000000;18831.637556;18831.700076;18831.832711;787734;30832;147302;24;1842;30832;33616;100.000;1.056;1.148;565.652;607.195;8.068;163921;154970;147302;0.187;0.112;0.072;2.394;1.701;0.687;34.227;32.454;132.593;132.635;130.905;25.806;24.792;1.628;0.307;0.088;62.520;195.156;134.535;32.784;0.550;2.215;0.000;0.042;0.000;23;30.132;128.467;2;0;0;0;0;0;0;0
53;1;1;1;0.087266;0.000000;1.000000;18831.670731;18831.729420;18831.869435;787059;31396;148046;24;1851;31396;34180;100.000;0.835;0.907;568.509;610.255;8.203;163880;155377;148046;0.186;0.105;0.066;4.537;1.888;0.098;40.820;38.867;139.985;140.014;138.103;29.154;28.143;1.650;1.216;1.314;58.689;198.703;137.925;29.344;3.989;2.326;0.000;0.029;0.000;11;34.396;133.535;4;0;0;0;0;0;0;0
54;1;1;1;0.087266;0.000000;1.000000;18831.705045;18831.767156;18831.904821;786051;31020;148712;24;1859;31020;33804;100.000;0.961;1.045;571.067;612.993;8.113;163752;156015;148712;0.186;0.108;0.068;2.185;1.784;0.577;41.801;39.949;137.645;137.665;135.852;30.364;29.406;1.510;0.208;0.107;62.111;199.776;139.978;37.736;4.403;2.456;0.000;0.019;0.001;17;37.832;133.645;4;0;0;0;0;0;0;0
55;1;1;1;0.087266;0.000000;1.000000;18831.737182;18831.799569;18831.937102;796213;30080;148706;23;1859;30080;32748;100.000;0.868;0.943;571.044;612.970;7.860;163350;156198;148706;0.183;0.106;0.065;4.556;1.780;0.100;36.246;34.402;137.493;137.532;135.725;26.354;25.347;1.664;1.221;1.316;62.387;199.920;138.926;32.413;0.920;2.360;0.000;0.040;0.000;21;29.910;131.126;3;0;0;0;0;0;0;0
56;1;1;1;0.087266;0.000000;1.000000;18831.770617;18831.834387;18831.968999;790191;29892;148654;23;1859;29892;32560;100.000;0.881;0.957;570.844;612.770;7.814;162711;155789;148654;0.199;0.112;0.069;2.682;1.874;0.499;38.240;36.298;134.568;134.611;132.720;28.408;27.349;1.913;0.199;0.191;63.770;198.381;137.489;34.818;1.484;2.305;0.000;0.044;0.000;22;33.685;129.993;2;0;0;0;0;0;0;0
57;1;1;1;0.087266;0.000000;1.000000;18831.804423;18831.868533;18832.000294;798808;30268;148762;23;1860;30268;32936;100.000;0.950;1.031;571.259;613.208;7.905;162756;155654;148762;0.189;0.110;0.067;2.067;1.100;0.066;35.851;34.685;131.748;131.761;130.647;27.209;26.548;1.403;0.216;0.083;64.110;195.872;135.452;34.146;0.812;2.212;0.000;0.014;0.000;14;32.684;128.565;5;0;0;0;0;0;0;0
58;1;1;1;0.087266;0.000000;1.000000;18831.837669;18831.900522;18832.034785;797924;30832;149280;24;1866;30832;33616;100.000;0.874;0.950;573.248;615.332;8.068;163186;156181;149280;0.200;0.112;0.069;2.724;1.336;0.399;37.651;36.247;134.233;134.263;132.909;28.043;27.272;1.537;0.200;0.607;62.853;197.116;136.609;31.989;1.345;2.158;0.000;0.030;0.001;14;33.591;130.154;3;0;0;0;0;0;0;0
59;1;1;1;0.087266;0.087266;1.000000;18831.872001;18831.936056;18832.065835;794477;30456;149798;24;1873;30456;33240;100.000;0.988;1.075;575.237;617.479;7.978;163385;156786;149798;0.189;0.106;0.070;2.063;1.171;0.068;35.108;33.868;129.726;129.778;128.591;27.053;26.337;1.401;0.215;0.082;64.055;193.834;134.325;35.534;2.201;2.160;14.505;0.052;0.000;21;31.874;126.474;3;0;0;0;0;0;0;0
60;1;1;1;0.087266;0.087266;1.000000;18831.905023;18831.967038;18832.100654;789053;30268;150698;23;1884;30268;32936;100.000;0.869;0.942;578.693;621.183;7.905;164074;157604;150698;0.187;0.111;0.068;2.851;1.480;0.461;38.036;36.489;133.575;133.616;132.115;28.467;27.619;1.442;0.196;0.848;62.015;195.631;135.811;30.982;2.351;2.172;0.000;0.041;0.000;12;33.706;129.214;4;0;0;0;0;0;0;0
61;1;1;1;0.087266;0.087266;1.000000;18831.937758;18832.002102;18832.133796;783874;143632;149328;110;1867;143632;156392;100.000;4.616;5.022;573.432;615.539;37.534;186216;162709;149328;0.241;0.115;0.073;2.258;1.163;0.068;37.465;36.230;131.673;131.695;130.507;28.449;27.761;1.442;0.270;0.118;64.344;196.038;135.620;35.064;1.731;2.145;0.000;0.022;0.000;52;34.045;128.224;8;0;0;0;0;0;0;0
62;1;1;1;0.087266;0.087266;1.000000;18831.971620;18832.033288;18832.163295;782785;28952;146986;22;1838;28952;31504;100.000;501.865;544.448;564.439;605.892;7.561;175815;160583;146986;0.184;0.106;0.065;2.009;2.101;0.664;32.917;30.752;129.969;130.007;127.884;25.319;24.046;1.380;0.193;0.080;61.667;191.674;131.786;31.186;2.148;2.145;0.000;0.039;0.000;15;28.807;125.835;2;0;0;0;0;0;0;0
63;1;1;1;0.087266;0.087266;1.000000;18832.004399;18832.067234;18832.200658;782791;23124;145010;18;1813;23124;25212;100.000;0.732;0.795;556.851;597.740;6.051;170291;157298;145010;0.220;0.110;0.067;3.503;1.159;0.066;41.473;40.247;133.405;133.424;132.245;31.083;30.434;1.422;0.320;1.365;62.835;196.259;135.816;33.946;0.613;2.049;0.000;0.019;0.000;14;36.811;128.722;3;0;0;0;0;0;0;0
64;1;1;1;0.087266;0.087266;1.000000;18832.037453;18832.098999;18832.232155;782127;22184;143356;17;1792;22184;24156;100.000;0.790;0.857;550.500;590.915;5.797;165344;154096;143356;0.242;0.113;0.073;2.310;1.433;0.088;36.142;34.636;133.138;133.156;131.689;27.142;26.301;1.472;0.299;0.112;61.546;194.703;133.980;31.765;1.568;2.019;0.000;0.019;0.000;9;32.398;129.359;4;0;0;0;0;0;0;0
65;1;1;1;0.087266;0.087266;1.000000;18832.070671;18832.127233;18832.260039;785507;22748;142428;18;1781;22748;24836;100.000;0.575;0.625;546.936;587.103;5.961;163252;152956;142428;0.181;0.105;0.063;2.182;1.512;0.454;31.642;30.066;132.753;132.806;131.276;23.825;22.903;1.567;0.186;0.078;56.562;189.368;128.530;28.234;5.099;2.212;0.000;0.053;0.000;17;27.947;129.039;2;0;0;0;0;0;0;0
66;1;1;1;0.087266;0.087266;1.000000;18832.104379;18832.167018;18832.302211;789017;24064;142296;19;1779;24064;26268;100.000;0.760;0.826;546.429;586.551;6.304;161227;152122;142296;0.185;0.105;0.066;2.204;1.259;0.075;45.855;44.530;135.148;135.193;133.908;33.918;33.254;1.371;0.189;0.288;62.640;197.832;137.368;39.785;6.452;2.477;0.000;0.044;0.000;18;42.392;131.658;2;0;0;0;0;0;0;0
67;1;1;1;0.087266;0.087266;1.000000;18832.136884;18832.198830;18832.332156;789641;25944;142550;20;1782;25944;28264;100.000;0.877;0.952;547.404;587.594;6.783;160558;151521;142550;0.195;0.112;0.070;2.336;1.655;0.424;33.400;31.676;133.300;133.326;131.641;25.052;24.062;1.414;0.290;0.256;61.946;195.272;133.980;31.811;1.522;2.417;0.000;0.026;0.000;11;29.409;129.278;3;0;0;0;0;0;0;0
68;1;1;1;0.087266;0.087266;1.000000;18832.170415;18832.228558;18832.359212;784718;26320;142638;20;1783;26320;28640;100.000;653.254;708.467;547.742;587.954;6.874;160400;152556;142638;0.180;0.105;0.065;2.292;1.221;0.075;31.046;29.761;130.608;130.653;129.405;23.762;22.998;1.606;0.220;0.116;58.143;188.796;127.702;29.728;3.605;2.491;0.000;0.046;0.000;19;27.534;127.066;2;0;0;0;0;0;0;0
69;1;1;1;0.087266;0.087266;1.000000;18832.204261;18832.266676;18832.398901;778159;27636;142942;21;1787;27636;30072;100.000;0.858;0.931;548.910;589.212;7.217;159402;152063;142942;0.195;0.110;0.069;2.367;1.508;0.376;43.204;41.627;132.205;132.226;130.696;32.674;31.851;1.627;0.261;0.105;62.414;194.640;134.059;38.117;4.784;2.634;0.000;0.020;0.000;15;39.329;128.306;3;0;0;0;0;0;0;0
70;1;1;1;0.087266;0.087266;1.000000;18832.238651;18832.299036;18832.434385;776327;28200;143886;22;1799;28200;30752;100.000;0.986;1.072;552.535;593.108;7.380;159599;152208;143886;0.194;0.109;0.067;2.528;1.169;0.069;39.343;38.107;135.305;135.349;134.157;29.067;28.405;1.617;0.190;0.352;60.385;195.734;136.209;32.361;0.973;2.531;0.000;0.044;0.000;21;35.645;131.573;2;0;0;0;0;0;0;0
71;1;1;1;0.087266;0.087266;1.000000;18832.270431;18832.327789;18832.465270;786883;30080;145096;23;1814;30080;32748;100.000;0.774;0.840;557.181;598.092;7.860;160640;153259;145096;0.233;0.111;0.070;2.521;1.287;0.072;34.574;33.217;137.430;137.481;136.165;25.148;24.395;1.706;0.304;0.099;57.358;194.839;133.761;28.753;4.580;2.659;0.000;0.050;0.000;23;30.766;133.592;2;0;0;0;0;0;0;0
72;1;1;1;0.087266;0.087266;1.000000;18832.304391;18832.366828;18832.499375;787146;28764;146492;22;1832;28764;31316;100.000;0.869;0.943;562.542;603.859;7.516;161766;154365;146492;0.192;0.111;0.067;2.412;1.533;0.395;37.914;36.314;132.476;132.547;130.989;28.604;27.723;1.649;0.281;0.113;62.437;194.983;134.532;39.039;5.706;2.849;0.000;0.071;0.000;22;33.968;128.505;2;0;0;0;0;0;0;0
73;1;1;1;0.087266;0.087266;1.000000;18832.339051;18832.400070;18832.536201;781047;28576;148748;22;1860;28576;31128;100.000;0.870;0.945;571.205;613.154;7.471;164129;157201;148748;0.186;0.108;0.067;2.357;1.129;0.069;40.771;39.576;136.089;136.131;134.981;29.950;29.320;1.417;0.200;0.380;61.020;197.150;138.025;33.242;0.091;2.677;0.000;0.042;0.000;19;37.286;132.582;3;0;0;0;0;0;0;0
74;1;1;1;0.087266;0.087266;1.000000;18832.370856;18832.433037;18832.569466;782459;29516;150270;23;1879;29516;32184;100.000;0.865;0.941;577.049;619.427;7.724;165080;158043;150270;0.231;0.109;0.067;4.411;1.999;0.515;36.730;34.665;136.399;136.428;134.393;26.923;25.794;1.481;1.216;1.308;62.181;198.609;137.957;32.967;0.366;2.532;0.000;0.029;0.000;16;30.321;129.950;3;0;0;0;0;0;0;0
75;1;1;1;0.087266;0.087266;1.000000;18832.404456;18832.467309;18832.603423;781579;29704;150762;23;1885;29704;32372;100.000;0.896;0.974;578.939;621.452;7.769;165269;158184;150762;1.167;0.109;0.069;4.596;1.547;0.086;40.379;38.764;136.103;136.113;134.546;29.666;28.811;1.525;0.201;1.528;62.854;198.967;138.580;34.272;0.938;2.433;0.000;0.010;0.001;20;34.236;129.938;3;0;0;0;0;0;0;0
76;1;1;1;0.087266;0.087266;1.000000;18832.437712;18832.500634;18832.636422;784181;144384;151052;110;1889;144384;157144;100.000;4.437;4.826;580.052;622.656;37.715;189415;164593;151052;0.195;0.111;0.069;2.729;1.855;0.568;39.134;37.210;135.768;135.789;133.908;28.820;27.788;1.514;0.209;0.632;62.921;198.710;138.246;33.325;0.009;2.281;0.000;0.021;0.000;50;34.549;131.157;8;0;0;0;0;0;0;0
77;1;1;1;0.087266;0.087266;1.000000;18832.470409;18832.533248;18832.669923;782861;27824;150492;22;1882;27824;30376;100.000;0.805;0.876;577.902;620.347;7.290;178899;162661;150492;0.222;0.104;0.067;4.441;1.669;0.095;38.081;36.345;136.647;136.675;134.980;27.862;26.926;1.541;1.218;1.288;62.839;199.514;138.414;32.614;0.719;2.184;0.000;0.029;0.000;11;31.971;130.509;3;0;0;0;0;0;0;0
78;1;1;1;0.087266;0.087266;1.000000;18832.503630;18832.568419;18832.701139;779451;21244;148910;17;1862;21244;23216;100.000;0.642;0.699;571.827;613.821;5.572;174734;160914;148910;0.192;0.110;0.068;2.558;1.321;0.395;37.331;35.943;132.703;132.721;131.382;28.128;27.358;1.642;0.197;0.349;64.788;197.509;136.297;35.171;1.837;2.162;0.000;0.018;0.000;12;33.453;128.805;3;0;0;0;0;0;0;0
79;1;1;1;0.087266;0.087266;1.000000;18832.537678;18832.601679;18832.734248;784719;22184;147042;17;1839;22184;24156;100.000;0.682;0.740;564.654;606.129;5.797;168492;156923;147042;0.189;0.109;0.068;2.527;0.966;0.057;36.986;35.952;132.544;132.568;131.587;27.900;27.322;1.602;0.191;0.370;64.001;196.569;136.072;33.261;0.073;2.031;0.000;0.024;0.000;9;33.492;129.034;3;0;0;0;0;0;0;0
80;1;1;1;0.087266;0.087266;1.000000;18832.571094;18832.634409;18832.765520;780701;25004;146382;19;1830;25004;27208;100.000;522.411;566.465;562.119;603.392;6.530;165392;155149;146382;0.190;0.109;0.068;2.428;1.680;0.450;34.737;32.990;131.089;131.111;129.402;26.495;25.494;1.644;0.312;0.105;63.315;194.425;134.010;32.729;0.604;1.942;0.000;0.022;0.000;14;30.630;126.939;2;0;0;0;0;0;0;0
81;1;1;1;0.087266;0.087266;1.000000;18832.604677;18832.668919;18832.800431;785754;27636;145442;21;1819;27636;30072;100.000;0.903;0.980;558.510;599.534;7.217;164286;154622;145442;0.233;0.110;0.067;2.861;1.135;0.063;39.029;37.827;131.461;131.512;130.362;29.678;29.017;1.485;0.189;0.778;64.242;195.754;135.588;34.510;1.177;1.894;0.000;0.050;0.000;20;35.033;127.449;2;0;0;0;0;0;0;0
82;1;1;1;0.087266;0.087266;1.000000;18832.637945;18832.699657;18832.831625;783308;28388;145720;22;1822;28388;30940;100.000;0.852;0.926;559.577;600.669;7.426;163230;154752;145720;0.186;0.109;0.069;2.254;1.122;0.061;35.176;33.985;131.935;131.968;130.820;26.655;25.979;1.514;0.263;0.115;61.712;193.680;133.449;30.738;2.595;1.938;0.000;0.033;0.000;14;31.799;128.531;3;0;0;0;0;0;0;0
83;1;1;1;0.087266;0.087266;1.000000;18832.671017;18832.733124;18832.864694;782737;27448;145846;21;1824;27448;29884;100.000;0.810;0.880;560.061;601.198;7.172;162739;154676;145846;0.195;0.109;0.067;2.393;1.551;0.549;36.435;34.817;131.546;131.570;129.988;27.692;26.785;1.633;0.289;0.101;62.106;193.677;133.185;33.467;0.133;1.825;0.000;0.025;0.001;11;32.490;127.567;6;0;0;0;0;0;0;0
84;1;1;1;0.087266;0.087266;1.000000;18832.703979;18832.767151;18832.898358;781874;28952;146012;22;1826;28952;31504;100.000;0.909;0.986;560.699;601.881;7.561;162599;154905;146012;0.188;0.111;0.066;2.414;0.999;0.061;37.606;36.541;131.182;131.207;130.178;28.662;28.070;1.640;0.290;0.120;63.173;194.380;133.516;34.028;0.694;1.755;0.000;0.025;0.000;11;34.193;127.737;4;0;0;0;0;0;0;0
85;1;1;1;0.087266;0.087266;1.000000;18832.737194;18832.799131;18832.935038;780545;24816;146308;19;1829;24816;27020;100.000;0.733;0.795;561.835;603.085;6.485;162627;154973;146308;0.195;0.110;0.067;2.833;1.448;0.410;40.102;38.587;135.880;135.906;134.441;29.507;28.702;1.467;0.191;0.803;61.937;197.844;136.862;31.980;1.353;1.730;0.000;0.027;0.000;9;35.821;131.580;4;0;0;0;0;0;0;0
86;1;1;1;0.087266;0.087266;1.000000;18832.770469;18832.833154;18832.968473;778343;27072;146104;21;1827;27072;29508;100.000;0.819;0.890;561.052;602.256;7.082;162193;154980;146104;0.191;0.109;0.070;4.552;1.563;0.092;37.708;36.075;135.287;135.319;133.734;27.866;26.975;1.652;1.210;1.321;62.685;198.004;136.964;34.023;0.690;1.665;0.000;0.032;0.000;11;31.592;129.149;3;0;0;0;0;0;0;0
87;1;1;1;-0.000000;0.087266;1.000000;18832.803802;18832.866344;18833.002644;778458;26320;145634;20;1821;26320;28640;100.000;0.782;0.848;559.247;600.316;6.874;161274;154501;145634;0.192;0.111;0.071;4.497;2.130;0.540;40.276;38.076;136.264;136.300;134.143;29.550;28.384;1.613;1.213;1.299;62.542;198.841;137.801;33.189;0.144;1.569;12.272;0.036;0.000;14;33.649;129.608;3;0;0;0;0;0;0;0
88;1;1;1;-0.000000;0.087266;1.000000;18832.837131;18832.900191;18833.035923;778592;28576;145652;22;1821;28576;31128;100.000;0.863;0.938;559.316;600.385;7.471;160767;154257;145652;1.247;0.109;0.067;4.226;1.345;0.082;39.911;38.500;135.683;135.732;134.368;29.404;28.652;1.480;0.194;1.130;63.060;198.792;137.747;33.848;0.514;1.504;0.000;0.048;0.000;21;34.340;130.092;2;0;0;0;0;0;0;0
89;1;1;1;-0.000000;0.087266;1.000000;18832.870662;18832.933426;18833.070868;779952;29516;146464;23;1831;29516;32184;100.000;0.874;0.950;562.434;603.729;7.724;160896;154107;146464;0.295;0.110;0.066;3.237;1.847;0.548;40.503;38.590;137.396;137.442;135.566;29.469;28.466;1.885;0.200;0.681;62.764;200.206;139.359;33.235;0.099;1.416;0.000;0.046;0.000;22;35.419;132.283;2;0;0;0;0;0;0;0
90;1;1;1;-0.000000;0.087266;1.000000;18832.904333;18832.967425;18833.099490;779674;29516;148650;23;1859;29516;32184;100.000;0.883;0.960;570.828;612.755;7.724;162912;156302;148650;0.189;0.110;0.068;2.158;1.087;0.060;33.705;32.551;131.994;132.064;130.962;25.522;24.855;1.425;0.272;0.095;63.093;195.157;134.647;33.999;0.666;1.369;0.000;0.070;0.000;22;30.461;128.722;2;0;0;0;0;0;0;0
91;1;1;1;-0.000000;0.087266;1.000000;18832.937419;18833.001112;18833.134690;781083;142692;149974;109;1875;142692;155336;100.000;4.298;4.676;575.913;618.200;37.281;187045;162867;149974;0.190;0.110;0.069;2.608;1.773;0.577;38.435;36.593;133.545;133.577;131.782;28.774;27.768;1.620;0.224;0.397;63.693;197.270;136.514;33.687;0.354;1.305;0.000;0.033;0.000;45;34.054;129.141;5;0;0;0;0;0;0;0
92;1;1;1;-0.000000;0.087266;1.000000;18832.971222;18833.034410;18833.165629;780537;27260;150044;21;1876;27260;29696;100.000;0.853;0.927;576.181;618.492;7.127;178883;162985;150044;0.240;0.112;0.072;2.332;1.439;0.090;35.307;33.797;131.190;131.220;129.748;26.907;26.048;1.426;0.292;0.190;63.187;194.407;134.120;33.297;0.036;1.226;0.000;0.030;0.000;14;31.537;127.385;3;0;0;0;0;0;0;0
93;1;1;1;-0.000000;0.087266;1.000000;18833.004281;18833.066500;18833.192497;773046;21808;148126;17;1852;21808;23780;100.000;0.634;0.689;568.816;610.585;5.707;174202;159652;148126;0.180;0.106;0.067;2.372;1.332;0.083;30.637;29.238;125.967;125.997;124.634;24.315;23.459;1.676;0.231;0.113;62.219;188.217;127.655;32.090;1.243;1.227;0.000;0.030;0.000;10;26.933;122.230;4;0;0;0;0;0;0;0
94;1;1;1;-0.000000;0.087266;1.000000;18833.037578;18833.101087;18833.235630;770822;21244;145994;17;1825;21244;23216;100.000;0.675;0.735;560.629;601.789;5.572;169302;156252;145994;0.186;0.108;0.067;3.194;1.304;0.422;46.847;45.476;134.498;134.544;133.221;34.819;34.136;1.381;0.191;1.262;63.509;198.053;137.454;34.587;1.253;1.229;0.000;0.046;0.000;15;42.349;129.980;3;0;0;0;0;0;0;0
95;1;1;1;-0.000000;0.087266;1.000000;18833.071527;18833.132702;18833.265418;778859;24628;143854;19;1799;24628;26832;100.000;0.852;0.925;552.412;592.985;6.440;164473;153587;143854;0.191;0.113;0.068;2.795;1.080;0.066;34.276;33.128;132.687;132.715;131.610;25.827;25.171;1.670;0.301;0.453;61.176;193.891;133.908;31.616;1.718;1.259;0.000;0.028;0.000;9;30.401;128.786;4;0;0;0;0;0;0;0
96;1;1;1;-0.000000;0.087266;1.000000;18833.103628;18833.161727;18833.293135;778333;27824;144278;22;1804;27824;30376;100.000;0.719;0.782;554.040;594.726;7.290;163019;153139;144278;0.187;0.105;0.065;2.292;1.730;0.527;31.586;29.792;131.362;131.408;129.650;24.036;22.978;1.619;0.221;0.095;58.099;189.507;128.292;29.025;4.309;1.450;0.000;0.046;0.000;20;27.564;127.311;2;0;0;0;0;0;0;0
97;1;1;1;-0.000000;0.087266;1.000000;18833.137848;18833.200612;18833.335221;782798;29328;144196;23;1803;29328;31996;100.000;0.927;1.008;553.725;594.388;7.679;161691;152264;144196;0.182;0.108;0.066;2.996;1.232;0.076;46.107;44.810;134.571;134.610;133.351;34.252;33.603;1.400;0.189;1.052;62.764;197.373;137.045;38.885;5.551;1.706;0.000;0.038;0.000;18;41.879;130.316;3;0;0;0;0;0;0;0
98;1;1;1;-0.000000;0.087266;1.000000;18833.172392;18833.232401;18833.365206;781418;28576;144552;22;1807;28576;31128;100.000;1.014;1.102;555.092;595.846;7.471;161528;153409;144552;0.240;0.114;0.071;2.441;1.153;0.074;34.204;32.980;132.788;132.805;131.620;25.755;25.057;1.630;0.294;0.092;60.009;192.814;133.696;31.789;1.544;1.696;0.000;0.016;0.000;16;30.610;129.162;3;0;0;0;0;0;0;0
99;1;1;1;-0.000000;0.087266;1.000000;18833.203816;18833.260668;18833.392584;777382;27824;144056;22;1801;27824;30376;100.000;0.694;0.755;553.188;593.806;7.290;160345;152768;144056;0.182;0.106;0.066;2.225;1.464;0.303;30.977;29.447;131.869;131.916;130.428;23.482;22.577;1.572;0.210;0.088;56.852;188.767;127.741;28.267;5.066;1.907;0.000;0.047;0.000;20;27.288;128.155;2;0;0;0;0;0;0;0
100;1;1;1;-0.000000;0.087266;1.000000;18833.237493;18833.300943;18833.433815;778267;26696;144366;21;1805;26696;29132;100.000;0.863;0.938;554.378;595.086;6.992;160218;152857;144366;0.193;0.109;0.067;2.810;1.375;0.396;44.921;43.480;132.839;132.872;131.479;33.808;33.070;1.460;0.189;0.792;63.450;196.322;135.639;40.275;6.941;2.221;0.000;0.033;0.000;13;40.737;128.634;3;0;0;0;0;0;0;0
101;1;1;1;-0.000000;0.087266;1.000000;18833.272306;18833.332050;18833.468535;780699;26884;144336;21;1805;26884;29320;100.000;0.997;1.083;554.263;594.971;7.037;159494;151935;144336;0.248;0.112;0.068;2.912;1.152;0.070;38.892;37.673;136.440;136.485;135.311;28.495;27.842;1.446;0.190;0.849;59.744;196.229;137.026;31.108;2.226;2.222;0.000;0.044;0.000;17;34.829;132.347;4;0;0;0;0;0;0;0
102;1;1;1;-0.000000;0.087266;1.000000;18833.303765;18833.359165;18833.497477;780328;26508;144522;21;1807;26508;28944;100.000;0.640;0.696;554.977;595.730;6.947;159159;151580;144522;0.178;0.106;0.065;2.000;2.091;0.628;33.003;30.847;138.268;138.312;136.199;23.861;22.649;1.388;0.190;0.073;55.400;193.712;132.634;27.115;6.219;2.471;0.000;0.044;0.000;19;28.912;134.153;2;0;0;0;0;0;0;0
103;1;1;1;-0.000000;0.087266;1.000000;18833.337561;18833.400794;18833.536071;782351;26508;144662;21;1809;26508;28944;100.000;0.846;0.920;555.515;596.313;6.947;159403;152218;144662;0.215;0.103;0.065;4.637;1.774;0.102;42.665;40.827;135.240;135.277;133.466;31.539;30.590;1.650;1.277;1.327;63.233;198.510;137.895;41.629;8.295;2.835;0.000;0.037;0.001;13;36.254;128.789;4;0;0;0;0;0;0;0
104;1;1;1;-0.000000;0.087266;1.000000;18833.372405;18833.432281;18833.571421;782164;26696;144698;21;1809;26696;29132;100.000;0.890;0.968;555.653;596.451;6.992;159186;152221;144698;0.189;0.106;0.067;2.192;1.876;0.598;41.760;39.817;139.109;139.140;137.229;30.013;29.015;1.526;0.197;0.107;59.876;199.016;139.912;31.487;1.846;2.774;0.000;0.031;0.000;10;37.692;135.005;4;0;0;0;0;0;0;0
105;1;1;1;-0.000000;0.087266;1.000000;18833.403827;18833.462399;18833.603291;783021;28200;145744;22;1822;28200;30752;100.000;0.741;0.805;559.669;600.761;7.380;160131;153190;145744;0.223;0.104;0.066;4.391;1.551;0.091;35.936;34.319;140.863;140.892;139.307;25.506;24.635;1.433;1.221;1.344;58.572;199.464;138.448;30.118;3.215;2.801;0.000;0.029;0.001;13;29.993;134.884;5;0;0;0;0;0;0;0
106;1;1;1;-0.000000;0.087266;1.000000;18833.437891;18833.500653;18833.634943;786829;137804;147616;105;1846;137804;149984;100.000;3.990;4.339;566.858;608.491;35.996;185042;161832;147616;0.183;0.106;0.067;2.428;1.283;0.410;37.608;36.258;134.196;134.290;132.992;28.005;27.263;1.819;0.192;0.061;62.761;197.052;136.767;38.253;4.920;2.934;0.000;0.094;0.000;49;33.896;130.468;8;0;0;0;0;0;0;0
107;1;1;1;-0.000000;0.087266;1.000000;18833.471034;18833.535325;18833.668372;789365;28952;150668;22;1884;28952;31504;100.000;496.970;539.137;578.578;621.068;7.561;177747;162790;150668;0.188;0.109;0.069;2.875;1.216;0.072;37.129;35.844;133.004;133.047;131.807;27.907;27.194;1.431;0.198;0.880;64.291;197.338;136.863;34.672;1.339;2.834;0.000;0.044;0.000;16;33.038;128.888;3;0;0;0;0;0;0;0
108;1;1;1;-0.000000;0.087266;1.000000;18833.504278;18833.567280;18833.703457;790807;24252;152486;19;1907;24252;26456;100.000;0.696;0.756;585.559;628.568;6.349;176519;163798;152486;0.219;0.106;0.066;4.544;2.124;0.598;39.160;36.970;136.130;136.177;134.017;28.757;27.586;1.623;1.228;1.302;63.001;199.178;138.614;31.955;1.379;2.743;0.000;0.047;0.000;18;32.492;129.424;2;0;0;0;0;0;0;0
109;1;1;1;-0.000000;0.087266;1.000000;18833.538084;18833.602375;18833.735505;789334;22184;152368;17;1905;22184;24156;100.000;0.724;0.785;585.106;628.070;5.797;174327;162783;152368;0.231;0.113;0.073;2.943;1.353;0.087;38.724;37.299;133.089;133.130;131.753;29.087;28.309;1.818;0.232;0.477;64.291;197.420;137.329;35.095;1.762;2.682;0.000;0.041;0.000;16;34.428;128.768;2;0;0;0;0;0;0;0
110;1;1;1;-0.000000;0.087266;1.000000;18833.571471;18833.633167;18833.766733;783753;23312;151230;18;1891;23312;25400;100.000;0.693;0.752;580.736;623.384;6.096;171443;161511;151230;0.233;0.113;0.071;2.508;1.169;0.070;35.505;34.266;133.555;133.565;132.358;26.583;25.889;1.677;0.303;0.111;61.696;195.261;135.223;30.792;2.541;2.673;0.000;0.010;0.000;14;31.828;129.837;3;0;0;0;0;0;0;0
111;1;1;1;-0.000000;0.087266;1.000000;18833.603886;18833.666975;18833.801472;781240;27636;149404;21;1868;27636;30072;100.000;0.796;0.863;573.724;615.853;7.217;171397;161944;149404;0.230;0.109;0.069;3.037;1.488;0.438;38.425;36.869;134.451;134.497;132.994;28.570;27.722;1.445;0.193;0.991;63.090;197.586;136.629;33.808;0.475;2.536;0.000;0.046;0.000;20;33.900;129.898;2;0;0;0;0;0;0;0
112;1;1;1;-0.000000;0.087266;1.000000;18833.637364;18833.701932;18833.835963;781247;27824;147314;22;1842;27824;30376;100.000;0.873;0.950;565.698;607.241;7.290;168894;159912;147314;0.235;0.113;0.070;3.151;1.281;0.079;39.008;37.656;134.001;134.031;132.730;29.103;28.371;1.434;0.202;1.098;64.568;198.599;137.787;34.957;1.623;2.479;0.000;0.030;0.000;10;34.575;129.546;4;0;0;0;0;0;0;0
113;1;1;1;-0.000000;0.087266;1.000000;18833.670746;18833.733972;18833.863612;783523;28200;145778;22;1823;28200;30752;100.000;0.821;0.892;559.800;600.914;7.380;167003;159108;145778;0.177;0.106;0.067;2.003;1.593;0.434;32.081;30.421;129.578;129.639;128.030;24.746;23.761;1.390;0.195;0.068;63.226;192.865;132.102;32.040;1.293;2.404;0.000;0.061;0.000;21;28.485;125.964;2;0;0;0;0;0;0;0
114;1;1;1;-0.000000;0.087266;1.000000;18833.704091;18833.768515;18833.901918;783046;30644;145016;24;1813;30644;33428;100.000;0.983;1.069;556.874;597.763;8.023;164653;156904;145016;0.218;0.105;0.065;4.584;1.366;0.082;41.893;40.463;133.354;133.403;132.014;31.403;30.650;1.691;1.217;1.289;64.424;197.827;137.075;34.543;1.210;2.330;0.000;0.048;0.000;23;35.943;127.380;2;0;0;0;0;0;0;0
115;1;1;1;-0.000000;0.087266;1.000000;18833.738140;18833.799823;18833.937413;785712;28952;145068;22;1814;28952;31504;100.000;661.069;717.160;557.074;597.985;7.561;162836;155005;145068;0.228;0.108;0.066;2.856;1.573;0.487;41.444;39.805;137.571;137.590;135.997;30.121;29.269;1.398;0.190;0.866;61.683;199.273;139.237;31.308;2.025;2.311;0.000;0.019;0.000;14;37.015;133.120;3;0;0;0;0;0;0;0
116;1;1;1;-0.000000;0.087266;1.000000;18833.770743;18833.829273;18833.966489;788409;28576;145612;22;1821;28576;31128;100.000;0.747;0.811;559.163;600.232;7.471;162939;155458;145612;0.188;0.112;0.070;2.374;1.502;0.091;33.489;31.917;137.158;137.216;135.684;24.406;23.523;1.622;0.303;0.080;58.530;195.746;134.980;29.449;3.884;2.409;0.000;0.058;0.000;18;29.613;133.250;3;0;0;0;0;0;0;0
117;1;1;1;-0.000000;0.087266;1.000000;18833.804726;18833.867692;18834.001396;785289;27072;145938;21;1825;27072;29508;100.000;0.815;0.885;560.414;601.574;7.082;163012;155782;145938;0.527;0.110;0.066;2.687;1.974;0.520;38.789;36.750;133.652;133.703;131.709;29.012;27.902;1.719;0.192;0.074;62.967;196.670;136.553;38.420;5.087;2.576;0.000;0.051;0.000;18;34.129;128.970;3;0;0;0;0;0;0;0
118;1;1;1;-0.000000;0.087266;1.000000;18833.839026;18833.901169;18834.035936;784314;26508;145782;21;1823;26508;28944;100.000;0.815;0.887;559.815;600.930;6.947;162389;155474;145782;0.188;0.108;0.067;3.294;1.275;0.073;39.194;37.853;134.739;134.767;133.469;29.083;28.361;1.373;0.197;1.362;62.142;196.910;137.760;33.476;0.143;2.424;0.000;0.028;0.000;11;34.625;130.144;3;0;0;0;0;0;0;0
119;1;1;1;-0.000000;0.087266;1.000000;18833.870706;18833.933861;18834.065971;784830;26696;145890;21;1824;26696;29132;100.000;0.770;0.837;560.230;601.367;6.992;162094;155178;145890;0.196;0.113;0.071;2.251;1.634;0.099;34.603;32.898;132.093;132.110;130.454;26.192;25.218;1.481;0.289;0.103;63.155;195.266;134.462;32.692;0.641;2.313;0.000;0.018;0.000;13;30.717;128.184;3;0;0;0;0;0;0;0
120;1;1;1;-0.000000;0.087266;1.000000;18833.904529;18833.968717;18834.097154;784742;27072;145936;21;1825;27072;29508;100.000;0.842;0.914;560.407;601.566;7.082;161784;155064;145936;0.181;0.105;0.066;1.982;1.798;0.429;35.071;33.207;128.396;128.437;126.622;27.306;26.225;1.377;0.190;0.063;64.189;192.625;132.311;34.857;1.523;2.264;0.000;0.040;0.000;11;31.291;124.598;3;0;0;0;0;0;0;0
121;1;1;1;-0.000000;0.087266;1.000000;18833.937932;18834.000997;18834.134227;787186;141752;147208;108;1841;141752;154280;100.000;4.480;4.873;565.291;606.812;37.027;185245;160619;147208;0.191;0.110;0.068;2.802;1.008;0.063;40.844;39.769;133.181;133.230;132.207;30.657;30.081;1.491;0.195;0.748;63.065;196.295;136.051;32.280;1.054;2.188;0.000;0.049;0.000;40;37.035;129.347;7;0;0;0;0;0;0;0
122;1;1;1;-0.000000;0.087266;1.000000;18833.970123;18834.032711;18834.165731;792161;28952;148956;22;1862;28952;31504;100.000;463.427;502.749;572.004;613.998;7.561;177120;160957;148956;0.193;0.111;0.069;2.458;1.591;0.422;35.283;33.623;132.976;133.020;131.386;26.524;25.591;1.669;0.330;0.088;62.589;195.609;134.222;31.714;1.619;2.152;0.000;0.044;0.000;15;31.234;128.882;4;0;0;0;0;0;0;0
123;1;1;1;-0.000000;0.087266;1.000000;18834.004256;18834.061795;18834.202496;788290;22936;150544;18;1882;22936;25024;100.000;0.586;0.637;578.101;620.547;6.006;175701;162523;150544;0.184;0.109;0.068;2.566;1.360;0.083;40.832;39.404;140.654;140.701;139.321;29.020;28.283;1.368;0.202;0.635;57.538;198.240;137.654;29.083;4.250;2.283;0.000;0.048;0.000;17;36.906;136.706;2;0;0;0;0;0;0;0
124;1;1;1;-0.000000;0.087266;1.000000;18834.037877;18834.101158;18834.232469;789222;22936;152352;18;1905;22936;25024;100.000;0.723;0.785;585.044;628.008;6.006;174824;163040;152352;0.193;0.112;0.070;2.255;1.696;0.511;33.885;32.120;131.275;131.312;129.585;25.805;24.787;1.460;0.299;0.122;63.281;194.592;134.293;39.363;6.030;2.518;0.000;0.037;0.000;17;29.934;127.292;2;0;0;0;0;0;0;0
125;1;1;1;0.000000;0.000000;1.000000;18834.071595;18834.133043;18834.267514;787173;24628;151154;19;1890;24628;26832;100.000;0.717;0.779;580.444;623.070;6.440;171477;160637;151154;0.989;0.105;0.068;3.163;1.087;0.065;38.999;37.845;134.435;134.472;133.361;29.002;28.378;1.724;0.199;0.077;61.448;195.919;136.005;31.885;1.448;2.451;8.459;0.037;0.000;18;34.750;130.160;2;0;0;0;0;0;0;0
126;1;1;1;0.000000;0.000000;1.000000;18834.103922;18834.167567;18834.299402;776279;26132;149098;20;1864;26132;28452;100.000;0.830;0.901;572.549;614.588;6.828;169597;159566;149098;0.193;0.110;0.070;2.267;1.586;0.430;36.137;34.482;131.803;131.835;130.228;27.411;26.478;1.481;0.300;0.114;63.645;195.480;134.560;34.524;1.191;2.372;0.000;0.032;0.000;15;32.285;127.927;3;0;0;0;0;0;0;0
127;1;1;1;0.000000;0.000000;1.000000;18834.137255;18834.199195;18834.335010;773912;27824;146584;22;1833;27824;30376;100.000;0.791;0.861;562.895;604.235;7.290;165412;156414;146584;0.186;0.109;0.068;2.348;1.275;0.074;39.455;38.112;135.780;135.815;134.518;29.050;28.332;1.706;0.192;0.088;61.939;197.755;136.834;31.628;1.706;2.330;0.000;0.035;0.000;10;35.831;132.133;4;0;0;0;0;0;0;0
128;1;1;1;0.000000;0.000000;1.000000;18834.170554;18834.234553;18834.366523;773302;28388;144802;22;1811;28388;30940;100.000;0.910;0.989;556.052;596.896;7.426;162489;154380;144802;0.190;0.109;0.067;2.452;1.422;0.394;35.139;33.650;131.925;131.970;130.531;26.627;25.779;1.701;0.270;0.116;63.999;195.969;135.014;35.358;2.025;2.311;0.000;0.045;0.000;21;31.265;128.032;2;0;0;0;0;0;0;0
129;1;1;1;0.000000;0.000000;1.000000;18834.204226;18834.265883;18834.402485;777001;28576;143780;22;1798;28576;31128;100.000;0.821;0.892;552.128;592.678;7.471;160192;152439;143780;1.018;0.110;0.067;4.741;1.303;0.079;39.824;38.455;136.574;136.602;135.275;29.154;28.427;1.850;0.202;1.494;61.658;198.260;137.643;31.330;2.003;2.292;0.000;0.028;0.000;11;33.780;130.503;3;0;0;0;0;0;0;0
130;1;1;1;0.000000;0.000000;1.000000;18834.237147;18834.300872;18834.436644;783174;27636;143698;21;1797;27636;30072;100.000;920.559;998.523;551.813;592.341;7.217;159321;151808;143698;0.259;0.104;0.065;4.820;1.502;0.085;40.195;38.629;135.736;135.773;134.242;29.604;28.775;1.768;1.212;1.413;63.725;199.497;138.468;34.989;1.655;2.252;0.000;0.036;0.000;21;33.873;129.384;1;0;0;0;0;0;0;0
131;1;1;1;0.000000;0.000000;1.000000;18834.270615;18834.333566;18834.468583;786108;27824;144598;22;1808;27824;30376;100.000;0.815;0.886;555.269;596.045;7.290;160041;152571;144598;0.191;0.108;0.066;2.418;1.656;0.413;38.253;36.531;134.987;135.017;133.335;28.332;27.398;1.789;0.190;0.076;62.951;197.968;137.074;32.694;0.639;2.151;0.000;0.030;0.000;11;34.178;130.878;3;0;0;0;0;0;0;0
132;1;1;1;0.000000;0.000000;1.000000;18834.304034;18834.367898;18834.504034;785622;27260;144478;21;1806;27260;29696;100.000;0.828;0.899;554.808;595.539;7.127;159553;152274;144478;0.219;0.105;0.065;4.563;2.054;0.100;39.504;37.385;136.094;136.136;134.038;29.018;27.891;1.643;1.242;1.289;63.864;200.000;139.192;34.332;0.999;2.079;0.000;0.042;0.000;20;32.887;129.431;2;0;0;0;0;0;0;0
133;1;1;1;0.000000;0.000000;1.000000;18834.337841;18834.400947;18834.536446;787265;26696;143954;21;1800;26696;29132;100.000;0.772;0.840;552.796;593.391;6.992;157899;151175;143954;0.176;0.104;0.065;2.175;1.317;0.458;39.050;37.668;135.444;135.500;134.163;28.819;28.076;1.383;0.210;0.238;63.106;198.605;138.270;33.049;0.285;1.967;0.000;0.055;0.000;20;35.558;131.932;2;0;0;0;0;0;0;0
134;1;1;1;0.000000;0.000000;1.000000;18834.370405;18834.435747;18834.568359;787734;26696;143904;21;1799;26696;29132;100.000;0.838;0.911;552.604;593.177;6.992;157050;150532;143904;0.191;0.109;0.068;2.911;1.252;0.089;35.399;34.079;132.583;132.612;131.339;26.693;25.948;1.433;0.189;0.922;65.342;197.954;136.849;34.800;1.467;1.936;0.000;0.029;0.000;15;31.236;128.397;3;0;0;0;0;0;0;0
135;1;1;1;0.000000;0.000000;1.000000;18834.404548;18834.467840;18834.603266;786766;27824;143596;22;1795;27824;30376;100.000;0.799;0.870;551.421;591.904;7.290;155972;149741;143596;0.190;0.108;0.067;4.630;1.891;0.519;39.053;37.095;135.394;135.426;133.500;28.837;27.787;1.727;1.212;1.327;63.291;198.717;138.423;32.093;1.240;1.892;0.000;0.032;0.000;9;32.532;128.836;4;0;0;0;0;0;0;0
136;1;1;1;0.000000;0.000000;1.000000;18834.437514;18834.502892;18834.637243;787622;130848;141136;100;1765;130848;142448;100.000;4.095;4.455;541.975;581.781;34.188;176546;153233;141136;0.182;0.108;0.072;3.320;1.368;0.076;40.495;39.055;134.324;134.351;132.948;30.141;29.376;1.417;0.210;1.331;65.379;199.730;139.067;35.053;1.719;1.882;0.000;0.027;0.000;49;35.807;129.598;6;0;0;0;0;0;0;0
137;1;1;1;0.000000;0.000000;1.000000;18834.471058;18834.534938;18834.666821;784509;32148;139854;25;1749;32148;35048;100.000;1.009;1.096;537.052;576.497;8.412;165368;150562;139854;0.194;0.113;0.069;2.448;1.309;0.079;34.270;32.892;131.836;131.883;130.548;25.985;25.196;1.658;0.292;0.123;63.880;195.763;135.312;32.045;1.288;1.844;0.000;0.048;0.000;23;30.513;128.051;3;0;0;0;0;0;0;0
138;1;1;1;0.000000;0.000000;1.000000;18834.504344;18834.566933;18834.694734;782962;27260;141162;21;1765;27260;29696;100.000;0.784;0.851;542.075;581.880;7.127;162866;151609;141162;0.187;0.108;0.065;1.996;1.369;0.418;31.675;30.242;127.785;127.801;126.415;24.785;23.923;1.377;0.184;0.077;62.589;190.390;129.891;31.995;1.338;1.813;0.000;0.016;0.000;16;28.311;124.401;3;0;0;0;0;0;0;0
139;1;1;1;0.000000;0.000000;1.000000;18834.538053;18834.601984;18834.734307;785441;27260;143262;21;1791;27260;29696;100.000;0.860;0.934;550.139;590.531;7.127;162821;152291;143262;0.227;0.109;0.067;3.057;1.019;0.064;42.934;41.849;132.298;132.323;131.285;32.447;31.876;1.444;0.189;1.021;63.932;196.255;136.131;35.051;1.718;1.807;0.000;0.025;0.000;12;38.858;128.202;3;0;0;0;0;0;0;0
140;1;1;1;0.000000;0.000000;1.000000;18834.571354;18834.633850;18834.767198;786857;26320;145806;20;1823;26320;28640;100.000;694.786;753.509;559.908;601.022;6.874;163653;154012;145806;0.243;0.114;0.072;2.470;1.557;0.420;36.950;35.321;133.324;133.348;131.766;27.709;26.806;1.647;0.291;0.103;62.495;195.844;135.688;31.865;1.468;1.786;0.000;0.024;0.000;12;32.923;129.270;2;0;0;0;0;0;0;0
141;1;1;1;0.000000;0.000000;1.000000;18834.604651;18834.663193;18834.794952;786209;29140;147146;23;1840;29140;31808;100.000;0.768;0.836;565.053;606.551;7.634;163751;154357;147146;0.182;0.108;0.066;2.003;1.089;0.066;31.782;30.628;131.711;131.759;130.651;24.122;23.443;1.383;0.192;0.072;58.542;190.301;130.109;29.343;3.990;1.924;0.000;0.048;0.000;13;28.691;128.599;3;0;0;0;0;0;0;0
142;1;1;1;0.000000;0.000000;1.000000;18834.638528;18834.701303;18834.837148;785895;31020;147490;24;1844;31020;33804;100.000;0.979;1.064;566.374;607.962;8.113;163298;155347;147490;0.185;0.108;0.066;3.473;1.796;0.572;45.273;43.411;135.810;135.845;134.026;33.327;32.390;1.411;0.196;1.509;62.775;198.621;138.973;38.110;4.777;2.102;0.000;0.036;0.000;21;40.003;130.507;3;0;0;0;0;0;0;0
143;1;1;1;0.000000;0.000000;1.000000;18834.670608;18834.733127;18834.866617;783109;31020;146146;24;1827;31020;33804;100.000;1.063;1.156;561.213;602.418;8.113;161136;153355;146146;0.197;0.113;0.070;2.403;1.445;0.091;34.728;33.213;133.479;133.490;132.014;26.015;25.159;1.622;0.299;0.102;62.520;196.010;135.108;31.824;1.509;2.065;0.000;0.011;0.000;20;30.880;129.599;3;0;0;0;0;0;0;0
144;1;1;1;0.000000;0.000000;1.000000;18834.703946;18834.762442;18834.896901;783994;32148;145218;25;1816;32148;35048;100.000;0.848;0.922;557.650;598.606;8.412;159936;152700;145218;0.184;0.105;0.066;1.981;1.555;0.465;34.144;32.524;134.421;134.459;132.888;25.394;24.474;1.376;0.188;0.062;58.496;192.955;132.059;29.315;4.019;2.187;0.000;0.039;0.000;12;30.608;130.867;4;0;0;0;0;0;0;0
145;1;1;1;0.000000;0.000000;1.000000;18834.738090;18834.800495;18834.934567;785959;31020;144768;24;1810;31020;33804;100.000;0.949;1.031;555.922;596.743;8.113;159233;151708;144768;0.320;0.110;0.067;3.081;1.191;0.068;41.189;39.931;134.031;134.071;132.854;30.721;30.056;1.441;0.189;0.954;62.406;196.477;136.391;38.053;4.720;2.345;0.000;0.041;0.000;19;36.917;129.731;3;0;0;0;0;0;0;0
146;1;1;1;0.000000;0.000000;1.000000;18834.770881;18834.833338;18834.968774;789030;31020;145716;24;1822;31020;33804;100.000;1.097;1.192;559.562;600.654;8.113;159772;152938;145716;0.188;0.109;0.067;2.503;1.033;0.067;38.477;37.378;135.407;135.436;134.379;28.410;27.815;1.640;0.198;0.301;62.458;197.894;137.265;32.843;0.490;2.229;0.000;0.029;0.000;13;34.942;131.846;3;0;0;0;0;0;0;0
147;1;1;1;0.000000;0.000000;1.000000;18834.804529;18834.861715;18835.003589;794594;31772;147238;25;1841;31772;34672;100.000;0.806;0.877;565.406;606.927;8.321;161190;154325;147238;1.126;0.110;0.067;4.250;1.891;0.581;38.349;36.392;141.834;141.874;139.961;27.031;26.001;1.623;0.207;1.118;57.186;199.060;138.746;28.377;4.956;2.400;0.000;0.040;0.000;16;32.208;135.669;3;0;0;0;0;0;0;0
148;1;1;1;0.000000;0.000000;1.000000;18834.838327;18834.901322;18835.035067;797998;30268;146864;23;1836;30268;32936;100.000;839.518;910.870;563.970;605.378;7.905;160800;154144;146864;0.188;0.108;0.067;2.806;1.421;0.092;37.614;36.126;133.727;133.745;132.301;28.124;27.306;1.478;0.193;0.774;62.995;196.740;136.891;39.607;6.273;2.642;0.000;0.018;0.000;15;33.387;129.476;2;0;0;0;0;0;0;0
149;1;1;1;0.000000;0.000000;1.000000;18834.871539;18834.933614;18835.069221;798639;30456;147738;24;1847;30456;33240;100.000;0.901;0.980;567.326;608.982;7.978;161813;155104;147738;0.190;0.108;0.070;2.556;1.791;0.575;38.377;36.516;135.573;135.607;133.791;28.300;27.294;1.617;0.192;0.380;62.076;197.682;137.712;32.292;1.041;2.542;0.000;0.034;0.000;10;34.030;131.200;4;0;0;0;0;0;0;0
150;1;1;1;0.000000;0.000000;1.000000;18834.903650;18834.967613;18835.100114;796693;30080;148090;23;1852;30080;32748;100.000;0.891;0.968;568.678;610.447;7.860;161862;155335;148090;0.189;0.109;0.069;2.323;1.016;0.059;35.244;34.159;132.446;132.501;131.468;26.599;25.983;1.634;0.223;0.099;63.963;196.463;135.271;33.998;0.665;2.424;0.000;0.055;0.000;22;31.905;129.089;2;0;0;0;0;0;0;0
151;1;1;1;0.000000;0.000000;1.000000;18834.937491;18835.001571;18835.134950;794717;137804;147952;105;1850;137804;149984;100.000;4.327;4.707;568.148;609.872;35.996;182724;160766;147952;0.192;0.112;0.069;2.765;1.584;0.499;38.166;36.513;133.324;133.379;131.772;28.614;27.709;1.497;0.199;0.696;64.080;197.459;136.774;33.959;0.625;2.312;0.000;0.055;0.000;27;33.817;128.951;8;0;0;0;0;0;0;0
152;1;1;1;0.000000;0.000000;1.000000;18834.970916;18835.033476;18835.165819;792861;28764;148152;22;1852;28764;31316;100.000;0.855;0.928;568.916;610.685;7.516;177426;162397;148152;0.200;0.114;0.072;2.420;1.381;0.085;35.207;33.754;132.335;132.344;130.936;26.603;25.779;1.642;0.286;0.107;62.559;194.903;134.310;31.904;1.429;2.257;0.000;0.008;0.000;18;31.406;128.502;3;0;0;0;0;0;0;0
153;1;1;1;0.000000;0.000000;1.000000;18835.004122;18835.067241;18835.193681;792789;23876;147662;19;1846;23876;26080;100.000;0.696;0.758;567.035;608.668;6.259;172400;160692;147662;0.185;0.106;0.066;2.332;1.473;0.417;31.665;30.126;126.406;126.440;124.946;25.043;24.111;1.650;0.225;0.100;63.119;189.560;128.839;33.765;0.432;2.143;0.000;0.034;0.000;17;27.860;122.578;2;0;0;0;0;0;0;0
154;1;1;1;0.000000;0.000000;1.000000;18835.037730;18835.101698;18835.234744;792309;22936;147945;18;1850;22936;25024;100.000;0.732;0.795;568.121;609.845;6.006;170339;159188;147945;0.187;0.111;0.067;2.629;1.104;0.068;44.868;43.698;133.022;133.046;131.925;33.724;33.123;1.792;0.194;0.279;63.968;197.014;136.568;34.457;1.123;2.079;0.000;0.024;0.000;9;41.135;129.270;3;0;0;0;0;0;0;0
155;1;1;1;0.000000;0.000000;1.000000;18835.071228;18835.133186;18835.266344;791925;25004;147762;19;1848;25004;27208;100.000;775.092;840.455;567.419;609.097;6.530;168591;158413;147762;0.193;0.110;0.067;2.516;1.427;0.377;35.319;33.826;133.121;133.158;131.703;26.524;25.683;1.745;0.294;0.109;61.958;195.116;134.835;31.488;1.845;2.064;0.000;0.037;0.000;18;31.377;129.149;2;0;0;0;0;0;0;0
156;1;1;1;0.000000;0.000000;1.000000;18835.103948;18835.161388;18835.300254;793795;28764;148592;22;1858;28764;31316;100.000;0.730;0.793;570.606;612.510;7.516;167879;158079;148592;0.187;0.110;0.067;2.598;1.070;0.062;37.863;36.726;138.847;138.866;137.780;27.266;26.655;1.627;0.195;0.413;57.440;196.306;135.412;28.202;5.131;2.256;0.000;0.019;0.000;19;34.195;135.162;3;0;0;0;0;0;0;0
157;1;1;1;0.000000;0.000000;1.000000;18835.137625;18835.200970;18835.331226;793460;28200;148650;22;1859;28200;30752;100.000;0.871;0.947;570.828;612.755;7.380;166756;157719;148650;0.194;0.113;0.071;2.237;1.442;0.087;34.629;33.117;130.229;130.256;128.791;26.586;25.714;1.449;0.300;0.111;63.345;193.601;133.050;39.582;6.248;2.506;0.000;0.026;0.000;15;30.951;126.527;3;0;0;0;0;0;0;0
158;1;1;1;0.000000;0.000000;1.000000;18835.172195;18835.233469;18835.359129;795527;28388;147554;22;1845;28388;30940;100.000;0.818;0.888;566.620;608.231;7.426;165007;157250;147554;0.186;0.106;0.066;2.263;2.045;0.688;31.572;29.462;125.636;125.660;123.586;25.125;23.839;1.581;0.230;0.094;61.274;186.934;127.620;32.499;0.834;2.401;0.000;0.024;0.000;11;27.265;121.298;4;0;0;0;0;0;0;0
159;1;1;1;0.000000;0.000000;1.000000;18835.204011;18835.268404;18835.401943;798776;29328;146024;23;1826;29328;31996;100.000;0.962;1.047;560.745;601.927;7.679;161999;154480;146024;0.195;0.109;0.068;2.512;1.255;0.074;47.125;45.803;133.513;133.539;132.262;35.289;34.630;1.623;0.193;0.325;64.394;197.933;137.101;34.935;1.602;2.351;0.000;0.026;0.000;11;43.358;129.722;4;0;0;0;0;0;0;0
160;1;1;1;0.000000;0.000000;1.000000;18835.237489;18835.299024;18835.433673;799362;28952;143192;22;1790;28952;31504;100.000;728.131;789.912;549.870;590.240;7.561;158153;151021;143192;0.188;0.108;0.071;2.397;1.457;0.373;35.487;33.959;134.632;134.649;133.162;26.355;25.502;1.631;0.292;0.108;61.535;196.184;135.497;30.619;2.714;2.374;0.000;0.017;0.000;9;31.633;130.747;4;0;0;0;0;0;0;0
161;1;1;1;0.000000;0.000000;0.952381;18835.270510;18835.327743;18835.467489;789777;28952;141480;22;1769;28952;31504;100.000;580.138;629.362;543.296;583.192;7.561;156114;149118;141480;0.190;0.104;0.065;2.392;1.129;0.064;37.672;36.479;139.724;139.746;138.593;26.957;26.321;1.777;0.185;0.071;57.233;196.979;135.980;28.719;4.614;2.514;6.668;0.023;0.000;15;34.152;136.177;3;0;0;0;0;0;0;0
162;1;1;1;0.000000;0.000000;0.952381;18835.304024;18835.368070;18835.502668;790930;28388;139820;22;1748;28388;30940;100.000;0.879;0.955;536.921;576.344;7.426;154224;147472;139820;0.225;0.106;0.065;3.362;0.943;0.057;38.687;37.679;134.578;134.598;133.636;28.743;28.195;1.536;0.186;1.243;64.046;198.644;137.826;40.327;6.994;2.794;0.000;0.020;0.000;6;34.382;130.237;5;0;0;0;0;0;0;0
163;1;1;1;0.000000;0.000000;0.952381;18835.339374;18835.400517;18835.533570;793734;29516;138532;23;1732;29516;32184;100.000;0.848;0.922;531.975;571.037;7.724;152207;145442;138532;0.196;0.109;0.067;2.214;1.678;0.692;35.194;33.449;133.005;133.053;131.346;26.451;25.467;1.430;0.304;0.109;61.143;194.196;135.394;32.447;0.887;2.675;0.000;0.049;0.001;22;31.302;129.081;2;0;0;0;0;0;0;0
164;1;1;1;0.000000;0.000000;0.952381;18835.370927;18835.435485;18835.562703;792883;29704;138018;23;1726;29704;32372;100.000;0.944;1.026;530.002;568.928;7.769;151597;145064;138018;0.185;0.106;0.065;2.003;1.062;0.065;33.031;31.905;127.168;127.219;126.137;25.964;25.294;1.394;0.180;0.073;64.558;191.776;131.194;34.968;1.635;2.610;0.000;0.051;0.000;22;29.967;124.082;2;0;0;0;0;0;0;0
165;1;1;1;0.000000;0.000000;0.952381;18835.404488;18835.467168;18835.601995;791299;30644;138142;24;1727;30644;33428;100.000;0.940;1.022;530.478;569.426;8.023;151249;144790;138142;0.192;0.108;0.066;2.343;1.601;0.556;42.348;40.681;134.796;134.827;133.201;31.409;30.541;1.695;0.183;0.100;62.680;197.507;137.152;31.683;1.650;2.550;0.000;0.031;0.000;12;38.404;130.826;3;0;0;0;0;0;0;0
166;1;1;1;0.000000;0.000000;0.952381;18835.436919;18835.499942;18835.633102;789485;132728;138460;101;1731;132728;144444;100.000;4.546;4.944;531.699;570.738;34.667;172621;150718;138460;0.186;0.108;0.069;2.169;1.219;0.067;35.034;33.747;133.095;133.160;131.903;26.310;25.585;1.423;0.274;0.111;63.023;196.183;134.926;32.774;0.559;2.425;0.000;0.066;0.000;60;31.646;129.667;4;0;0;0;0;0;0;0
167;1;1;1;0.000000;0.000000;0.952381;18835.470715;18835.529210;18835.669374;789977;29516;138716;23;1734;29516;32184;100.000;0.771;0.838;532.682;571.788;7.724;165456;151144;138716;0.191;0.108;0.065;2.470;1.780;0.581;39.670;37.826;139.625;140.164;138.359;28.303;27.339;1.846;0.193;0.068;58.495;198.658;137.865;29.268;4.065;2.528;0.000;0.539;0.000;34;35.421;135.350;2;0;0;0;0;0;0;0
168;1;1;1;0.000000;0.000000;0.952381;18835.504426;18835.567676;18835.703041;791598;25004;139622;19;1746;25004;27208;100.000;0.772;0.837;536.161;575.538;6.530;164403;152065;139622;0.236;0.106;0.065;4.379;1.496;0.092;37.911;36.350;135.355;135.365;133.843;28.006;27.159;1.462;1.209;1.301;63.250;198.615;138.199;38.466;5.133;2.691;0.000;0.010;0.000;15;32.035;129.450;3;0;0;0;0;0;0;0
169;1;1;1;0.000000;0.000000;0.952381;18835.537127;18835.600225;18835.734718;795034;25004;139918;19;1749;25004;27208;100.000;574.103;622.517;537.298;576.743;6.530;164427;153112;139918;0.191;0.109;0.066;2.344;1.320;0.088;37.560;36.175;134.445;134.494;133.159;27.927;27.166;1.702;0.182;0.094;63.098;197.592;136.542;32.549;0.785;2.572;0.000;0.048;0.000;19;33.896;130.766;1;0;0;0;0;0;0;0
170;1;1;1;0.000000;0.000000;0.952381;18835.570885;18835.634907;18835.770674;794863;25756;140286;20;1754;25756;28076;100.000;0.798;0.866;538.711;578.268;6.738;162948;152059;140286;0.232;0.110;0.067;4.336;1.919;0.587;39.602;37.616;135.735;135.768;133.819;29.169;28.109;1.422;1.217;1.289;64.022;199.790;139.165;34.682;1.349;2.495;0.000;0.033;0.001;12;33.346;129.449;3;0;0;0;0;0;0;0
171;1;1;1;0.000000;0.000000;0.952381;18835.604273;18835.667381;18835.801529;794885;27260;141226;21;1766;27260;29696;100.000;0.788;0.856;542.320;582.149;7.127;162112;151948;141226;0.178;0.103;0.063;2.447;1.133;0.070;37.113;35.917;134.096;134.149;132.993;27.666;27.007;1.840;0.186;0.076;63.108;197.256;136.686;32.474;0.859;2.393;0.000;0.053;0.000;13;33.533;130.492;5;0;0;0;0;0;0;0
172;1;1;1;0.000000;0.000000;0.952381;18835.637449;18835.702220;18835.832811;788905;27448;141276;21;1766;27448;29884;100.000;0.889;0.964;542.512;582.341;7.172;160107;150706;141276;0.190;0.109;0.066;2.247;1.526;0.378;34.846;33.255;130.535;130.591;129.042;26.683;25.770;1.496;0.288;0.098;64.771;195.362;134.635;34.839;1.506;2.337;0.000;0.056;0.000;20;31.074;126.726;2;0;0;0;0;0;0;0
173;1;1;1;0.000000;0.000000;0.952381;18835.671112;18835.733253;18835.868561;787376;27448;140380;21;1755;27448;29884;100.000;0.758;0.823;539.072;578.652;7.172;157903;149510;140380;0.225;0.106;0.065;2.989;0.942;0.054;39.522;38.515;135.268;135.308;134.348;29.209;28.668;1.466;0.184;0.943;62.141;197.449;137.052;31.033;2.301;2.335;0.000;0.040;0.000;20;35.591;131.317;2;0;0;0;0;0;0;0
174;1;1;1;0.000000;0.000000;0.952381;18835.703956;18835.769600;18835.899154;791921;28388;138596;22;1733;28388;30940;100.000;0.942;1.024;532.221;571.305;7.426;155770;148219;138596;0.195;0.113;0.069;2.397;1.726;0.442;34.506;32.711;129.506;129.555;127.795;26.634;25.597;1.632;0.277;0.112;65.643;195.198;134.312;36.347;3.014;2.378;0.000;0.049;0.000;22;30.383;125.347;2;0;0;0;0;0;0;0
175;1;1;1;0.000000;0.000000;0.952381;18835.737596;18835.799874;18835.925593;785044;28200;137098;22;1714;28200;30752;100.000;0.818;0.889;526.469;565.124;7.380;153599;146204;137098;0.183;0.104;0.063;2.322;1.366;0.081;30.571;29.141;125.672;125.719;124.331;24.317;23.438;1.672;0.197;0.101;62.277;187.996;127.417;30.274;3.059;2.420;0.000;0.047;0.000;21;26.883;121.961;2;0;0;0;0;0;0;0
176;1;1;1;0.000000;0.000000;0.952381;18835.770671;18835.834537;18835.967160;785759;27824;136788;22;1710;27824;30376;100.000;0.900;0.980;525.278;563.844;7.290;152494;145407;136788;0.197;0.110;0.067;2.502;1.055;0.059;45.256;44.135;132.590;132.623;131.551;34.124;33.550;1.621;0.180;0.329;63.865;196.489;135.650;34.663;1.330;2.352;0.000;0.033;0.000;11;41.699;129.014;3;0;0;0;0;0;0;0
177;1;1;1;0.000000;0.000000;0.952381;18835.804135;18835.865594;18836.003093;782963;28952;136884;22;1712;28952;31504;100.000;1.022;1.109;525.647;564.257;7.561;151939;145000;136884;0.183;0.105;0.065;3.248;1.555;0.470;39.486;37.867;137.472;137.498;135.925;28.718;27.859;1.379;0.180;1.336;61.460;198.958;138.250;31.058;2.276;2.347;0.000;0.026;0.000;11;34.684;132.650;3;0;0;0;0;0;0;0
178;1;1;1;0.000000;0.000000;0.952381;18835.837100;18835.894053;18836.031513;783666;27636;138258;21;1729;27636;30072;100.000;468.912;508.625;530.923;569.917;7.217;152951;145931;138258;0.222;0.103;0.062;2.077;1.621;0.100;33.209;31.526;137.422;137.460;135.812;24.159;23.213;1.420;0.187;0.082;56.953;194.413;133.337;28.458;4.875;2.505;0.000;0.038;0.000;14;29.511;133.694;2;0;0;0;0;0;0;0
179;1;1;1;0.000000;0.000000;0.952381;18835.871163;18835.935146;18836.067483;786714;27824;138600;22;1733;27824;30376;100.000;0.895;0.974;532.236;571.320;7.290;153000;146246;138600;0.231;0.108;0.066;3.133;0.981;0.157;39.674;38.627;132.311;132.338;131.338;29.979;29.411;1.529;0.182;1.018;63.983;196.321;135.974;41.093;7.760;2.834;0.000;0.027;0.000;15;35.560;128.177;3;0;0;0;0;0;0;0
180;1;1;1;0.000000;0.000000;0.952381;18835.906230;18835.966412;18836.100612;787583;26508;139086;21;1739;26508;28944;100.000;0.945;1.028;534.103;573.322;6.947;153281;146453;139086;0.237;0.110;0.069;2.643;1.586;0.581;37.231;35.576;134.155;134.200;132.586;27.743;26.832;1.709;0.292;0.227;60.182;194.382;135.769;31.266;2.067;2.786;0.000;0.045;0.000;10;33.002;129.898;4;0;0;0;0;0;0;0
181;1;1;1;0.000000;0.000000;0.952381;18835.936808;18835.994636;18836.128318;793719;135736;139098;104;1739;135736;147800;100.000;3.386;3.684;534.149;573.368;35.472;175008;151952;139098;0.182;0.105;0.065;1.987;1.104;0.065;31.944;30.775;133.647;133.682;132.562;23.895;23.216;1.382;0.181;0.072;57.828;191.510;130.142;28.224;5.109;2.931;0.000;0.035;0.000;31;28.853;130.539;9;0;0;0;0;0;0;0
182;1;1;1;0.000000;0.000000;0.952381;18835.970662;18836.034818;18836.165839;792329;27260;139598;21;1745;27260;29696;100.000;0.869;0.943;536.069;575.424;7.127;166728;152107;139598;0.185;0.109;0.068;2.174;1.142;0.359;40.603;39.393;130.985;131.021;129.857;30.990;30.336;1.426;0.271;0.116;64.156;195.177;134.330;40.182;6.849;3.176;0.000;0.036;0.000;15;37.286;127.645;4;0;0;0;0;0;0;0
183;1;1;1;0.000000;0.000000;0.952381;18836.004501;18836.066341;18836.201843;801464;22184;141888;17;1774;22184;24156;100.000;0.763;0.827;544.862;584.871;5.797;166489;153256;141888;0.188;0.106;0.067;3.023;1.197;0.073;39.301;38.037;135.475;135.503;134.280;29.004;28.327;1.463;0.186;1.013;61.839;197.342;137.001;31.523;1.811;3.090;0.000;0.027;0.001;9;35.081;131.216;3;0;0;0;0;0;0;0
184;1;1;1;0.000000;0.000000;0.952381;18836.036894;18836.095593;18836.233394;796948;22748;145036;18;1813;22748;24836;100.000;0.602;0.655;556.951;597.840;5.961;166752;155220;145036;0.193;0.108;0.070;2.164;1.421;0.398;35.775;34.284;137.756;137.801;136.363;25.961;25.142;1.419;0.281;0.095;58.699;196.500;135.218;29.253;4.081;3.152;0.000;0.045;0.001;15;32.190;134.152;4;0;0;0;0;0;0;0
185;1;1;1;0.000000;0.000000;0.952381;18836.071111;18836.133575;18836.268685;802598;26508;147102;21;1839;26508;28944;100.000;0.782;0.851;564.884;606.360;6.947;166889;156670;147102;0.176;0.105;0.067;2.453;1.270;0.078;38.863;37.527;135.059;135.110;133.814;28.764;28.044;1.837;0.192;0.075;62.464;197.574;137.176;37.981;4.648;3.246;0.000;0.051;0.001;20;35.141;131.309;2;0;0;0;0;0;0;0
186;1;1;1;0.000000;0.000000;0.952381;18836.104200;18836.167679;18836.300175;797039;28764;149128;22;1865;28764;31316;100.000;0.881;0.956;572.664;614.726;7.516;167702;158024;149128;0.190;0.111;0.069;2.185;1.407;0.415;35.214;33.739;132.472;132.496;131.068;26.577;25.741;1.463;0.230;0.123;63.479;195.975;135.332;34.104;0.771;3.091;0.000;0.024;0.000;17;31.622;128.857;3;0;0;0;0;0;0;0
187;1;1;1;0.000000;0.000000;0.952381;18836.137611;18836.200479;18836.333942;797511;28764;148974;22;1863;28764;31316;100.000;0.844;0.916;572.073;614.089;7.516;166605;157847;148974;0.192;0.109;0.069;2.634;0.977;0.059;37.357;36.311;133.425;133.463;132.465;27.990;27.412;1.590;0.196;0.478;62.868;196.330;135.766;32.800;0.533;2.931;0.000;0.038;0.000;21;33.746;129.793;2;0;0;0;0;0;0;0
188;1;1;1;0.000000;0.000000;0.952381;18836.170775;18836.234755;18836.366305;794879;27448;147856;21;1849;27448;29884;100.000;0.859;0.932;567.780;609.480;7.172;164905;157117;147856;0.235;0.114;0.071;2.491;1.468;0.084;35.968;34.430;131.519;131.550;130.059;27.342;26.473;1.661;0.303;0.108;63.980;195.530;134.795;34.276;0.942;2.807;0.000;0.031;0.000;13;32.010;127.536;3;0;0;0;0;0;0;0
189;1;1;1;0.000000;0.000000;0.952381;18836.204132;18836.266850;18836.393801;793590;27636;145718;21;1822;27636;30072;100.000;0.804;0.872;559.570;600.661;7.217;163326;155766;145718;0.184;0.106;0.068;2.331;1.575;0.553;31.453;29.810;126.934;126.951;125.353;24.775;23.781;1.629;0.225;0.119;62.718;189.669;128.959;32.096;1.238;2.709;0.000;0.017;0.000;13;27.546;123.003;3;0;0;0;0;0;0;0
190;1;1;1;0.000000;0.000000;0.952381;18836.236971;18836.301393;18836.436276;788938;28012;143848;22;1799;28012;30564;100.000;0.896;0.975;552.389;592.962;7.335;160041;152865;143848;0.191;0.103;0.065;4.521;1.634;0.091;46.369;44.670;134.856;134.882;133.219;34.377;33.532;1.628;1.220;1.314;64.423;199.305;138.100;34.543;1.210;2.615;0.000;0.026;0.000;11;40.214;128.670;5;0;0;0;0;0;0;0
191;1;1;1;0.000000;0.000000;0.952381;18836.270786;18836.332788;18836.469768;784846;27448;142800;21;1785;27448;29884;100.000;0.973;1.056;548.364;588.622;7.172;158325;151251;142800;0.229;0.108;0.066;3.007;1.541;0.498;39.655;38.049;136.942;136.979;135.421;28.950;28.097;1.766;0.187;0.652;62.002;198.981;138.258;31.395;1.939;2.573;0.000;0.038;0.000;19;35.107;132.376;3;0;0;0;0;0;0;0
192;1;1;1;0.000000;0.000000;1.000000;18836.303577;18836.361144;18836.501507;788004;28012;142404;22;1781;28012;30564;100.000;0.700;0.762;546.844;587.011;7.335;157554;150918;142404;0.190;0.110;0.068;2.363;1.242;0.077;36.285;34.976;140.325;140.364;139.106;25.851;25.143;1.670;0.189;0.137;57.567;197.930;136.665;28.355;4.978;2.723;27.489;0.039;0.000;17;32.680;136.702;4;0;0;0;0;0;0;0
193;1;1;1;0.000000;0.000000;1.000000;18836.338010;18836.401331;18836.536099;795964;26884;142560;21;1782;26884;29320;100.000;0.796;0.865;547.443;587.632;7.037;157435;150989;142560;0.184;0.104;0.066;3.325;1.343;0.076;38.170;36.761;134.735;134.769;133.403;28.322;27.556;1.375;0.187;1.409;63.321;198.090;137.923;40.187;6.854;2.981;0.000;0.034;0.009;16;33.502;130.026;3;0;0;0;0;0;0;0
194;1;1;1;0.000000;0.000000;1.000000;18836.372116;18836.435363;18836.571126;799207;27260;143286;21;1792;27260;29696;100.000;0.837;0.909;550.231;590.646;7.127;157764;151277;143286;1.202;0.109;0.068;4.483;1.835;0.557;39.690;37.787;135.732;135.763;133.905;29.235;28.219;1.599;0.201;1.305;63.247;199.009;139.616;34.032;0.699;2.839;0.000;0.031;0.000;10;33.371;129.389;4;0;0;0;0;0;0;0
195;1;1;1;0.000000;0.000000;1.000000;18836.404040;18836.468049;18836.602763;799402;28576;144392;22;1805;28576;31128;100.000;0.824;0.895;554.478;595.186;7.471;158714;152275;144392;0.188;0.104;0.065;2.457;1.298;0.078;37.952;36.589;134.675;134.714;133.391;28.172;27.430;1.822;0.197;0.081;64.010;198.723;137.920;32.686;0.647;2.702;0.000;0.039;0.000;16;34.197;130.895;3;0;0;0;0;0;0;0
196;1;1;1;0.000000;0.000000;1.000000;18836.437845;18836.502943;18836.636685;800483;135548;145043;103;1814;135548;147496;100.000;220.267;239.527;556.978;597.889;35.399;179847;157023;145043;1.160;0.108;0.068;4.272;1.638;0.524;37.677;35.971;133.705;133.742;132.083;28.171;27.234;1.606;0.193;1.137;65.098;198.840;138.509;34.894;1.561;2.630;0.000;0.037;0.000;39;31.767;127.773;7;0;0;0;0;0;0;0
197;1;1;1;0.000000;0.000000;1.000000;18836.470792;18836.535397;18836.670123;798336;27072;145944;21;1825;27072;29508;100.000;0.806;0.876;560.437;601.597;7.082;172952;158083;145944;0.236;0.109;0.068;2.556;1.202;0.068;39.340;38.071;134.689;134.726;133.500;29.200;28.518;1.747;0.218;0.179;64.605;199.331;138.614;32.454;0.880;2.521;0.000;0.038;0.000;11;35.582;130.905;4;0;0;0;0;0;0;0
198;1;1;1;0.000000;0.000000;1.000000;18836.503388;18836.569150;18836.702327;798454;21808;146568;17;1833;21808;23780;100.000;0.687;0.746;562.834;604.174;5.707;170553;157732;146568;0.190;0.109;0.068;2.618;1.821;0.570;35.964;34.075;132.860;133.177;131.336;27.005;25.945;1.581;0.193;0.478;65.762;198.940;137.485;33.753;0.420;2.390;0.000;0.318;0.000;17;31.525;128.399;2;0;0;0;0;0;0;0
199;1;1;1;0.000000;0.000000;1.000000;18836.537762;18836.601076;18836.734070;800770;21620;147434;17;1843;21620;23592;100.000;0.643;0.699;566.159;607.725;5.662;169410;157734;147434;0.191;0.111;0.070;2.710;1.620;0.104;36.167;34.478;132.958;132.994;131.342;27.195;26.250;1.887;0.352;0.099;63.314;196.308;135.894;31.926;1.407;2.328;0.000;0.036;0.000;16;31.838;128.594;2;0;0;0;0;0;0;0
200;1;1;1;0.000000;0.000000;1.000000;18836.571203;18836.634898;18836.769244;802378;24440;148866;19;1861;24440;26644;100.000;0.726;0.789;571.658;613.630;6.395;169803;159466;148866;0.188;0.110;0.066;2.999;1.821;0.552;39.509;37.622;134.329;134.346;132.503;29.408;28.393;1.370;0.195;1.071;63.694;198.041;137.735;33.822;0.489;2.213;0.000;0.017;0.000;13;34.688;129.483;3;0;0;0;0;0;0;0
201;1;1;1;0.000000;0.000000;1.000000;18836.604293;18836.668771;18836.801183;805285;27260;150350;21;1880;27260;29696;100.000;0.867;0.942;577.356;619.757;7.127;169790;160083;150350;0.184;0.112;0.070;2.232;1.457;0.091;36.757;35.231;132.386;132.412;130.935;27.760;26.907;1.457;0.247;0.162;64.478;196.890;136.340;33.873;0.540;2.109;0.000;0.026;0.000;13;33.068;128.675;3;0;0;0;0;0;0;0
202;1;1;1;0.000000;0.000000;1.000000;18836.638005;18836.700338;18836.837423;803318;27824;152012;22;1901;27824;30376;100.000;0.772;0.840;583.739;626.613;7.290;170588;161535;152012;0.216;0.110;0.068;3.153;1.785;0.550;39.919;38.067;137.042;137.085;135.275;29.120;28.141;1.459;0.204;1.096;62.333;199.418;139.247;31.567;1.766;2.087;0.000;0.043;0.000;18;34.982;132.078;3;0;0;0;0;0;0;0
203;1;1;1;0.000000;0.000000;1.000000;18836.670928;18836.736552;18836.867349;802036;29140;152816;23;1911;29140;31808;100.000;0.928;1.010;586.826;629.926;7.634;170839;162406;152816;0.189;0.111;0.070;2.222;1.252;0.069;34.841;33.520;130.764;130.797;129.515;26.638;25.881;1.415;0.316;0.122;65.624;196.420;135.839;36.214;2.881;2.137;0.000;0.033;0.000;14;31.367;127.244;3;0;0;0;0;0;0;0
204;1;1;1;0.000000;0.000000;1.000000;18836.704237;18836.768186;18836.901200;810228;28200;152942;22;1912;28200;30752;100.000;0.825;0.897;587.310;630.432;7.380;169959;162284;152942;0.228;0.110;0.068;2.836;0.918;0.056;37.337;36.351;132.992;133.014;132.081;28.070;27.522;1.993;0.200;0.238;63.949;196.963;136.358;31.634;1.699;2.110;0.000;0.022;0.000;14;33.583;129.221;3;0;0;0;0;0;0;0
205;1;1;1;0.000000;0.000000;1.000000;18836.736293;18836.802529;18836.933739;808185;26320;152382;20;1905;26320;28640;100.000;518.881;562.737;585.159;628.124;6.874;168997;161506;152382;0.227;0.114;0.071;2.339;1.765;0.696;36.268;34.433;131.177;131.210;129.408;27.641;26.608;1.452;0.320;0.155;66.236;197.445;135.563;34.343;1.010;2.041;0.000;0.033;0.000;13;32.165;127.035;3;0;0;0;0;0;0;0
206;1;1;1;0.000000;0.000000;1.000000;18836.771164;18836.834268;18836.961764;815223;27072;150790;21;1885;27072;29508;100.000;0.785;0.853;579.046;621.559;7.082;166302;158941;150790;0.179;0.109;0.066;2.043;1.211;0.072;32.140;30.864;127.451;127.496;126.263;25.209;24.444;1.409;0.196;0.084;63.105;190.601;130.255;31.739;1.594;2.013;0.000;0.045;0.000;20;28.887;124.173;2;0;0;0;0;0;0;0
207;1;1;1;0.000000;0.000000;1.000000;18836.803740;18836.868933;18837.001439;799426;27824;149044;22;1864;27824;30376;100.000;0.896;0.975;572.341;614.381;7.290;164147;157356;149044;0.200;0.111;0.069;2.846;1.633;0.437;42.924;41.222;132.470;132.506;130.850;32.394;31.503;1.475;0.218;0.773;65.192;197.698;136.596;34.664;1.331;1.970;0.000;0.036;0.000;20;38.445;127.967;2;0;0;0;0;0;0;0
208;1;1;1;0.000000;0.000000;1.000000;18836.838212;18836.900125;18837.034092;790320;27260;147638;21;1846;27260;29696;100.000;0.934;1.014;566.942;608.576;7.127;161968;155317;147638;0.192;0.111;0.070;2.168;1.117;0.066;37.131;35.944;133.940;133.967;132.828;27.717;27.061;1.424;0.283;0.088;61.913;195.880;135.916;31.193;2.141;1.981;0.000;0.027;0.000;20;33.846;130.632;2;0;0;0;0;0;0;0
209;1;1;1;0.000000;0.000000;1.000000;18836.870638;18836.929452;18837.064914;795945;27072;145656;21;1821;27072;29508;100.000;0.696;0.756;559.332;600.401;7.082;159700;153162;145656;0.180;0.106;0.067;1.993;2.174;0.693;34.100;31.860;135.415;135.462;133.264;25.173;23.908;1.376;0.192;0.072;58.813;194.276;133.405;29.326;4.007;2.108;0.000;0.047;0.000;20;29.934;131.222;2;0;0;0;0;0;0;0
210;1;1;1;0.000000;0.000000;1.000000;18836.905189;18836.968545;18837.102619;792891;28012;144144;22;1802;28012;30564;100.000;0.905;0.985;553.525;594.166;7.335;157776;151475;144144;1.147;0.108;0.067;4.208;1.224;0.076;41.874;40.583;134.030;134.075;132.830;31.232;30.553;1.604;0.199;1.083;63.355;197.430;137.777;39.093;5.760;2.336;0.000;0.045;0.000;20;36.441;128.576;2;0;0;0;0;0;0;0
211;1;1;1;0.000000;0.000000;1.000000;18836.937932;18836.999648;18837.138351;797320;136300;143206;104;1791;136300;148364;100.000;4.704;5.117;549.924;590.316;35.607;179073;155570;143206;0.182;0.106;0.066;2.208;1.343;0.435;41.161;39.752;138.662;138.703;137.340;29.676;28.945;1.547;0.197;0.110;61.716;200.419;140.175;31.103;2.230;2.329;0.000;0.041;0.000;38;37.610;135.090;5;0;0;0;0;0;0;0
212;1;1;1;0.000000;0.000000;1.000000;18836.970689;18837.028693;18837.168549;805214;26884;142122;21;1777;26884;29320;100.000;0.674;0.733;545.761;585.838;7.037;167633;153797;142122;0.191;0.110;0.067;2.182;1.324;0.080;33.738;32.347;137.606;139.857;138.506;24.123;23.354;1.423;0.275;0.116;58.003;197.860;137.040;29.045;4.289;2.452;0.000;2.251;0.000;58;30.232;134.071;2;0;0;0;0;0;0;0
213;1;1;1;0.000000;0.000000;1.000000;18837.004209;18837.068760;18837.202897;797126;20868;141596;16;1770;20868;22724;100.000;0.646;0.701;543.741;583.660;5.454;165631;153768;141596;0.181;0.104;0.065;3.134;1.767;0.589;37.844;36.013;134.105;134.137;132.351;28.213;27.211;1.354;0.187;1.244;64.551;198.688;138.054;40.068;6.734;2.719;0.000;0.032;0.000;15;32.943;129.172;2;0;0;0;0;0;0;0
214;1;1;1;0.000000;0.000000;1.000000;18837.036881;18837.101239;18837.236574;803136;17484;141814;14;1773;17484;19108;100.000;0.529;0.575;544.578;584.565;4.586;164561;153145;141814;0.183;0.104;0.065;2.549;1.336;0.079;38.570;37.170;135.308;135.335;133.974;28.500;27.744;1.916;0.197;0.084;64.358;199.694;138.398;32.479;0.854;2.603;0.000;0.027;0.000;13;34.685;131.397;2;0;0;0;0;0;0;0
215;1;1;1;0.000000;0.000000;1.000000;18837.070759;18837.134510;18837.269974;809297;24252;143036;19;1788;24252;26456;100.000;0.686;0.745;549.271;589.596;6.349;164067;153460;143036;1.162;0.109;0.066;4.292;1.317;0.079;37.290;35.908;135.433;135.464;134.131;27.528;26.771;1.672;0.190;1.094;63.750;199.215;138.465;33.271;0.063;2.444;0.000;0.032;0.000;10;31.681;129.805;3;0;0;0;0;0;0;0
216;1;1;1;0.000000;0.000000;1.000000;18837.104592;18837.170079;18837.303858;808156;27072;144130;21;1802;27072;29508;100.000;0.849;0.922;553.472;594.112;7.082;164517;154818;144130;1.185;0.109;0.068;4.393;1.766;0.580;39.481;37.647;133.736;133.779;131.989;29.512;28.523;1.686;0.190;1.156;65.487;199.266;139.015;35.569;2.236;2.431;0.000;0.043;0.000;20;33.322;127.551;2;0;0;0;0;0;0;0
217;1;1;1;0.000000;0.000000;1.000000;18837.138435;18837.202209;18837.336097;810355;28576;146106;22;1827;28576;31128;100.000;0.881;0.957;561.060;602.264;7.471;164577;155753;146106;0.230;0.109;0.067;3.162;1.098;0.073;38.399;37.234;133.851;133.888;132.771;28.680;28.044;1.874;0.200;0.683;63.774;197.662;137.921;32.131;1.203;2.354;0.000;0.037;0.000;15;34.139;129.571;3;0;0;0;0;0;0;0
218;1;1;1;0.000000;0.000000;1.000000;18837.170303;18837.234805;18837.370761;810211;28952;148782;22;1860;28952;31504;100.000;799.352;867.176;571.335;613.284;7.561;166471;158746;148782;1.172;0.110;0.068;4.205;2.039;0.664;38.919;36.813;135.913;135.956;133.897;28.626;27.493;1.543;0.206;1.107;64.502;200.458;139.251;32.595;0.738;2.253;0.000;0.043;0.000;22;32.675;129.647;1;0;0;0;0;0;0;0
219;1;1;1;0.000000;0.000000;1.000000;18837.204504;18837.268537;18837.401871;808645;29328;150220;23;1878;29328;31996;100.000;0.883;0.960;576.857;619.212;7.679;167272;159845;150220;0.196;0.111;0.069;2.756;1.122;0.073;37.350;36.160;133.283;133.334;132.192;28.012;27.354;1.505;0.196;0.679;64.033;197.367;137.029;33.732;0.399;2.137;0.000;0.052;0.000;21;33.473;129.384;3;0;0;0;0;0;0;0
220;1;1;1;0.000000;0.000000;1.000000;18837.237766;18837.301901;18837.433708;810783;27448;150188;21;1878;27448;29884;100.000;0.837;0.909;576.734;619.090;7.172;167052;159658;150188;0.191;0.110;0.072;2.389;1.503;0.415;35.708;34.134;131.790;131.807;130.281;27.091;26.200;1.688;0.195;0.134;64.135;195.942;135.532;33.364;0.031;2.006;0.000;0.017;0.000;16;31.816;127.873;3;0;0;0;0;0;0;0
221;1;1;1;0.000000;0.000000;1.000000;18837.270987;18837.334856;18837.469292;807088;27636;149054;21;1864;27636;30072;100.000;489.482;530.938;572.380;614.419;7.217;165117;157890;149054;0.220;0.108;0.066;4.552;1.565;0.087;39.473;37.842;134.390;134.436;132.848;29.362;28.485;1.616;1.224;1.319;63.869;198.305;137.783;32.955;0.378;1.904;0.000;0.046;0.000;19;33.355;128.248;3;0;0;0;0;0;0;0
222;1;1;1;0.000000;0.000000;1.000000;18837.304239;18837.368586;18837.503001;809369;27824;147392;22;1843;27824;30376;100.000;0.873;0.950;565.998;607.563;7.290;162935;155944;147392;0.228;0.109;0.067;3.108;1.776;0.519;39.827;37.984;134.370;134.415;132.622;29.630;28.641;1.430;0.205;1.070;64.347;198.762;138.159;33.730;0.397;1.810;0.000;0.046;0.000;19;34.943;129.465;3;0;0;0;0;0;0;0
223;1;1;1;0.000000;0.000000;1.000000;18837.337688;18837.400602;18837.534167;795354;27636;146064;21;1826;27636;30072;100.000;519.142;563.109;560.898;602.080;7.217;161164;154417;146064;0.191;0.110;0.070;2.484;1.036;0.063;36.043;34.937;133.544;133.565;132.509;26.985;26.366;1.728;0.285;0.101;62.913;196.479;135.991;32.015;1.318;1.779;0.000;0.022;0.000;11;32.523;130.002;3;0;0;0;0;0;0;0
224;1;1;1;0.000000;0.000000;1.000000;18837.371137;18837.434782;18837.569065;795455;27260;144466;21;1806;27260;29696;100.000;0.818;0.889;554.762;595.493;7.127;158404;152113;144466;0.181;0.106;0.067;2.039;0.997;0.061;38.410;37.346;134.237;134.282;133.267;28.604;28.024;1.420;0.189;0.076;63.645;197.928;137.555;34.181;0.847;1.721;0.000;0.046;0.000;12;35.374;131.174;3;0;0;0;0;0;0;0
225;1;1;1;0.000000;0.000000;1.000000;18837.404390;18837.468323;18837.600467;795720;27824;143728;22;1797;27824;30376;100.000;0.854;0.929;551.928;592.456;7.290;157351;150843;143728;0.199;0.112;0.070;2.461;1.566;0.519;34.428;32.793;132.127;132.144;130.553;26.054;25.119;1.672;0.283;0.125;63.934;196.078;135.625;33.541;0.208;1.626;0.000;0.017;0.000;15;30.402;128.073;3;0;0;0;0;0;0;0
226;1;1;1;0.000000;0.000000;1.000000;18837.437051;18837.501116;18837.628125;798723;138180;142930;105;1787;138180;150360;100.000;165.007;179.437;548.864;589.166;36.086;180302;156126;142930;0.180;0.105;0.065;2.129;1.239;0.072;31.687;30.384;126.987;127.009;125.753;24.949;24.161;1.516;0.186;0.076;64.065;191.074;129.949;32.793;0.540;1.558;7.017;0.021;0.000;43;28.319;123.601;4;0;0;0;0;0;0;0
227;1;1;1;0.000000;0.000000;1.000000;18837.471276;18837.535901;18837.669540;807441;25380;142948;20;1787;25380;27700;100.000;0.823;0.895;548.933;589.235;6.648;170523;155392;142948;0.189;0.106;0.063;4.567;1.860;0.443;44.766;42.843;133.620;133.639;131.752;33.498;32.518;1.652;1.215;1.341;64.626;198.264;138.031;34.785;1.452;1.552;0.000;0.018;0.001;8;38.339;127.163;5;0;0;0;0;0;0;0
228;1;1;1;0.000000;0.000000;1.000000;18837.504900;18837.566901;18837.704350;803316;22560;143504;18;1794;22560;24648;100.000;0.780;0.849;551.068;591.528;5.916;169871;157436;143504;0.933;0.109;0.067;5.134;1.231;0.084;41.232;39.935;137.438;137.449;136.191;29.998;29.322;2.161;0.216;1.650;62.000;199.449;139.507;30.999;2.334;1.601;0.000;0.011;0.000;13;34.867;131.045;3;0;0;0;0;0;0;0
229;1;1;1;0.000000;0.000000;1.000000;18837.537262;18837.595955;18837.736990;809074;23312;144280;18;1804;23312;25400;100.000;0.602;0.653;554.048;594.733;6.096;168646;157623;144280;0.189;0.110;0.067;2.707;1.658;0.550;39.007;37.282;140.984;141.035;139.354;27.657;26.753;1.656;0.215;0.470;58.692;199.728;138.814;29.054;4.279;1.768;0.000;0.051;0.000;17;34.641;136.595;2;0;0;0;0;0;0;0
230;1;1;1;0.000000;0.000000;1.000000;18837.571221;18837.634891;18837.770344;808265;24628;145334;19;1817;24628;26832;100.000;0.739;0.802;558.095;599.074;6.440;168191;157412;145334;1.143;0.110;0.067;4.196;1.324;0.074;37.714;36.323;135.427;135.453;134.105;27.843;27.086;1.547;0.194;1.136;63.670;199.123;138.835;38.936;5.603;2.008;0.000;0.026;0.000;12;32.194;129.882;4;0;0;0;0;0;0;0
231;1;1;1;0.000000;0.000000;1.000000;18837.605014;18837.668741;18837.805212;818848;27824;147128;22;1840;27824;30376;100.000;0.818;0.890;564.984;606.482;7.290;169130;159335;147128;0.266;0.105;0.066;3.001;1.721;0.497;40.385;38.598;136.431;136.471;134.726;29.592;28.650;2.158;0.195;0.210;63.727;200.198;140.370;33.850;0.517;1.914;0.000;0.040;0.000;12;35.663;131.683;3;0;0;0;0;0;0;0
232;1;1;1;0.000000;0.000000;1.000000;18837.637127;18837.702942;18837.836153;820617;27824;148796;22;1860;27824;30376;100.000;0.868;0.945;571.389;613.338;7.290;169458;160070;148796;0.197;0.110;0.068;2.717;1.293;0.078;35.661;34.301;133.201;133.212;131.895;26.770;26.006;1.540;0.205;0.597;65.815;199.027;137.977;34.201;0.867;1.849;0.000;0.011;0.000;19;31.652;129.166;3;0;0;0;0;0;0;0
233;1;1;1;0.000000;0.000000;1.000000;18837.671608;18837.735175;18837.869695;814146;28200;150842;22;1886;28200;30752;100.000;0.841;0.914;579.246;621.781;7.380;170002;161742;150842;0.189;0.106;0.066;2.600;1.172;0.069;37.548;36.311;134.487;134.520;133.325;27.913;27.235;1.946;0.202;0.092;63.567;198.087;138.186;32.234;1.100;1.802;0.000;0.032;0.000;13;33.776;130.690;3;0;0;0;0;0;0;0
234;1;1;1;0.000000;0.000000;1.000000;18837.704555;18837.768859;18837.902862;814852;28388;152630;22;1908;28388;30940;100.000;0.841;0.914;586.112;629.144;7.426;170830;163067;152630;0.189;0.112;0.070;2.861;1.543;0.485;36.936;35.323;133.983;134.003;132.444;27.564;26.670;1.441;0.201;0.849;64.305;198.307;138.019;33.684;0.351;1.711;0.000;0.019;0.000;15;32.532;129.557;3;0;0;0;0;0;0;0
235;1;1;1;0.000000;0.000000;1.000000;18837.737732;18837.802797;18837.936441;815725;27072;153174;21;1915;27072;29508;100.000;0.853;0.927;588.201;631.391;7.082;170558;163291;153174;1.148;0.111;0.070;4.265;1.421;0.084;37.977;36.486;133.603;133.644;132.204;28.416;27.598;1.622;0.216;1.099;65.065;198.709;138.265;33.938;0.604;1.642;0.000;0.041;0.000;16;32.290;127.896;3;0;0;0;0;0;0;0
236;1;1;1;0.000000;0.000000;1.000000;18837.770657;18837.834717;18837.970561;816078;27072;152808;21;1911;27072;29508;100.000;0.814;0.884;586.795;629.895;7.082;169260;161878;152808;0.236;0.111;0.070;2.502;1.644;0.521;39.806;38.093;135.823;135.844;134.183;29.303;28.388;1.783;0.217;0.086;64.060;199.904;139.052;31.920;1.413;1.628;0.000;0.021;0.000;15;35.660;131.659;3;0;0;0;0;0;0;0
237;1;1;1;0.000000;0.000000;1.000000;18837.804521;18837.868167;18838.002600;810868;27636;151650;21;1896;27636;30072;100.000;0.841;0.913;582.348;625.110;7.217;167620;160263;151650;0.189;0.110;0.069;2.481;1.524;0.082;36.173;34.580;134.393;134.432;132.883;26.908;26.023;1.681;0.217;0.216;63.646;198.079;137.757;33.450;0.116;1.533;0.000;0.039;0.000;20;32.168;130.362;2;0;0;0;0;0;0;0
238;1;1;1;0.000000;0.000000;1.000000;18837.837753;18837.901182;18838.035301;801907;27260;149972;21;1875;27260;29696;100.000;0.814;0.883;575.905;618.192;7.127;165294;157945;149972;0.191;0.111;0.069;2.587;2.303;0.529;36.705;34.334;134.080;134.118;131.793;27.368;26.051;1.818;0.309;0.091;63.429;197.547;137.125;33.015;0.318;1.458;0.000;0.038;0.000;20;31.815;129.165;2;0;0;0;0;0;0;0
239;1;1;1;0.000000;0.000000;1.000000;18837.871156;18837.934866;18838.068762;799196;28200;148264;22;1854;28200;30752;100.000;0.836;0.909;569.346;611.160;7.380;162780;155544;148264;0.184;0.106;0.066;2.378;1.261;0.077;38.345;37.018;133.876;133.896;132.610;28.637;27.915;1.358;0.194;0.470;63.710;197.606;137.253;33.683;0.350;1.388;0.000;0.021;0.000;14;34.705;130.209;3;0;0;0;0;0;0;0
240;1;1;1;0.000000;0.000000;1.000000;18837.904368;18837.968789;18838.102152;799621;28388;146996;22;1838;28388;30940;100.000;0.889;0.966;564.477;605.930;7.426;161206;154278;146996;0.194;0.110;0.069;2.817;1.354;0.442;37.034;35.612;133.240;133.363;131.992;27.769;26.980;1.544;0.191;0.709;64.421;197.784;137.310;33.923;0.590;1.338;0.000;0.123;0.001;21;32.864;129.051;2;0;0;0;0;0;0;0
241;1;1;1;0.000000;0.000000;1.000000;18837.937950;18838.000934;18838.137954;808174;139308;146062;106;1826;139308;151604;100.000;3.856;4.194;560.891;602.073;36.385;182380;158734;146062;0.227;0.106;0.066;4.459;1.443;0.082;39.958;38.450;136.977;137.021;135.551;29.162;28.366;1.444;1.212;1.404;62.984;200.004;139.778;32.144;1.189;1.329;0.000;0.043;0.001;45;34.056;131.046;6;0;0;0;0;0;0;0
242;1;1;1;0.000000;0.000000;1.000000;18837.971063;18838.037144;18838.169619;810609;28012;145468;22;1819;28012;30564;100.000;0.881;0.959;558.610;599.634;7.335;172794;157709;145468;0.176;0.104;0.065;3.279;1.380;0.077;37.566;36.122;132.440;132.475;131.072;28.357;27.559;1.366;0.193;1.375;66.081;198.556;138.110;36.211;2.878;1.426;0.000;0.035;0.000;11;32.907;127.756;3;0;0;0;0;0;0;0
243;1;1;1;0.000000;0.000000;1.000000;18838.004608;18838.069086;18838.205083;809086;19740;145086;15;1814;19740;21480;100.000;0.629;0.682;557.143;598.054;5.155;170527;157379;145086;1.088;0.109;0.068;4.906;1.886;0.607;40.119;38.165;135.983;135.998;134.087;29.499;28.463;2.104;0.283;1.256;64.478;200.475;140.241;31.941;1.392;1.424;0.000;0.015;0.000;11;33.326;129.165;3;0;0;0;0;0;0;0
244;1;1;1;0.000000;0.000000;1.000000;18838.037113;18838.100628;18838.235606;804105;21808;145538;17;1820;21808;23780;100.000;0.600;0.652;558.878;599.925;5.707;169610;157509;145538;0.192;0.111;0.069;2.906;1.321;0.071;37.307;35.917;134.949;134.979;133.640;27.639;26.876;1.439;0.190;0.906;63.515;198.494;137.430;31.542;1.792;1.447;0.000;0.030;0.000;15;33.080;130.691;3;0;0;0;0;0;0;0
245;1;1;1;0.000000;0.000000;1.000000;18838.071306;18838.137230;18838.267255;810243;24252;146056;19;1826;24252;26456;100.000;0.783;0.851;560.868;602.050;6.349;168731;157465;146056;0.190;0.109;0.068;2.177;1.761;0.636;35.871;34.042;129.993;130.025;128.242;27.587;26.545;1.433;0.286;0.091;65.924;195.949;135.746;36.602;3.269;1.561;0.000;0.032;0.000;13;31.932;126.032;4;0;0;0;0;0;0;0
246;1;1;1;0.000000;0.000000;1.000000;18838.104267;18838.168387;18838.301009;808451;27260;146718;21;1834;27260;29696;100.000;0.792;0.860;563.410;604.772;7.127;168793;158062;146718;0.193;0.111;0.068;2.572;1.101;0.069;37.693;36.524;132.584;132.622;131.502;28.421;27.774;1.592;0.193;0.416;64.120;196.742;136.167;31.157;2.176;1.599;0.000;0.038;0.000;13;34.020;128.892;4;0;0;0;0;0;0;0
247;1;1;1;0.000000;0.000000;1.000000;18838.136267;18838.203016;18838.337784;818595;28764;147758;22;1847;28764;31316;100.000;0.919;0.998;567.403;609.059;7.516;168816;159649;147758;0.190;0.112;0.069;4.829;2.091;0.531;40.440;38.280;134.715;134.769;132.653;30.007;28.857;1.446;1.217;1.796;66.749;201.517;139.608;34.628;1.295;1.580;0.000;0.054;0.000;17;33.519;127.769;3;0;0;0;0;0;0;0
248;1;1;1;0.000000;0.000000;1.000000;18838.171326;18838.234604;18838.368791;813416;28764;149576;22;1870;28764;31316;100.000;0.833;0.904;574.384;616.559;7.516;169563;161459;149576;0.196;0.110;0.069;2.373;1.126;0.073;37.925;36.730;134.150;134.187;133.037;28.263;27.609;1.711;0.205;0.084;63.278;197.464;137.281;31.588;1.745;1.590;0.000;0.037;0.000;19;34.425;130.626;3;0;0;0;0;0;0;0
249;1;1;1;0.000000;0.000000;1.000000;18838.203767;18838.269322;18838.401333;816251;29704;151824;23;1898;29704;32372;100.000;0.981;1.066;583.017;625.823;7.769;171016;162569;151824;0.233;0.114;0.071;2.169;1.894;0.534;36.038;34.073;131.966;132.012;130.093;27.299;26.192;1.417;0.237;0.098;65.555;197.567;136.491;34.718;1.384;1.578;0.000;0.046;0.000;22;31.975;127.876;2;0;0;0;0;0;0;0
250;1;1;1;0.000000;0.000000;1.000000;18838.238619;18838.299742;18838.436754;820584;28576;153370;22;1918;28576;31128;100.000;0.784;0.852;588.953;632.211;7.471;171901;164313;153370;0.193;0.106;0.067;2.565;1.533;0.082;39.476;37.876;136.976;137.012;135.450;28.812;27.963;1.860;0.248;0.091;61.123;198.135;138.578;30.420;2.913;1.661;0.000;0.036;0.000;15;35.378;132.848;5;0;0;0;0;0;0;0
251;1;1;1;0.000000;0.000000;1.000000;18838.270230;18838.336409;18838.468600;817535;26884;153478;21;1919;26884;29320;100.000;0.869;0.945;589.368;632.648;7.037;171228;163430;153478;0.194;0.110;0.070;2.417;1.985;0.581;35.943;33.888;132.142;132.191;130.180;27.190;26.032;1.628;0.318;0.099;66.178;198.369;137.091;36.667;3.333;1.766;0.000;0.049;0.000;20;31.541;127.712;2;0;0;0;0;0;0;0
252;1;1;1;0.000000;0.000000;1.000000;18838.304310;18838.367520;18838.503623;812707;28576;152446;22;1906;28576;31128;100.000;0.826;0.897;585.405;628.392;7.471;169364;162081;152446;0.222;0.109;0.069;2.924;1.188;0.070;39.432;38.175;135.978;136.103;134.898;28.972;28.299;1.746;0.200;0.579;63.210;199.313;138.780;31.112;2.222;1.794;0.000;0.125;0.000;21;35.320;131.847;2;0;0;0;0;0;0;0
253;1;1;1;0.000000;0.000000;1.000000;18838.337540;18838.402311;18838.534554;811017;29328;150768;23;1885;29328;31996;100.000;0.907;0.987;578.962;621.475;7.679;166821;159511;150768;0.191;0.111;0.070;2.360;1.644;0.583;35.035;33.322;132.213;132.243;130.577;26.493;25.519;1.642;0.239;0.107;64.771;197.014;136.378;34.791;1.458;1.773;0.000;0.030;0.000;16;31.031;128.186;3;0;0;0;0;0;0;0
254;1;1;1;0.000000;0.000000;1.000000;18838.371040;18838.434794;18838.568235;812416;28012;148606;22;1858;28012;30564;100.000;0.804;0.874;570.660;612.564;7.335;163996;157520;148606;0.195;0.110;0.068;2.768;1.296;0.091;37.669;36.305;133.391;133.441;132.125;28.229;27.478;1.653;0.196;0.547;63.753;197.194;136.725;32.482;0.851;1.715;0.000;0.050;0.000;21;33.605;129.292;2;0;0;0;0;0;0;0
255;1;1;1;0.000000;0.000000;1.000000;18838.404522;18838.469835;18838.604838;815874;28012;147150;22;1840;28012;30564;100.000;0.899;0.977;565.068;606.566;7.335;162150;155350;147150;0.186;0.106;0.066;2.304;1.232;0.074;40.663;39.366;134.978;135.003;133.751;30.120;29.432;1.448;0.201;0.296;65.313;200.316;139.996;35.041;1.708;1.715;0.000;0.025;0.000;14;37.128;131.420;3;0;0;0;0;0;0;0
256;1;1;1;0.000000;0.000000;1.000000;18838.438697;18838.501217;18838.638013;811813;137804;146080;105;1826;137804;149984;100.000;4.019;4.371;560.960;602.142;35.996;184042;159743;146080;0.220;0.104;0.065;4.615;1.954;0.566;36.686;34.668;136.766;136.795;134.802;26.818;25.717;1.683;1.227;1.316;62.521;199.316;139.837;31.382;1.951;1.730;0.000;0.029;0.000;48;30.118;130.157;6;0;0;0;0;0;0;0
257;1;1;1;0.000000;0.000000;1.000000;18838.470351;18838.535601;18838.668324;809323;28012;145366;22;1818;28012;30564;100.000;0.903;0.982;558.218;599.220;7.335;172968;158537;145366;0.230;0.106;0.066;2.490;1.222;0.073;36.899;35.612;132.701;132.723;131.485;27.802;27.085;1.836;0.189;0.063;65.250;197.974;136.815;34.384;1.050;1.687;0.000;0.023;0.000;15;33.188;128.971;3;0;0;0;0;0;0;0
258;1;1;1;0.000000;0.000000;1.000000;18838.504724;18838.566749;18838.703947;806066;20492;145058;16;1814;20492;22348;100.000;0.591;0.642;557.035;597.947;5.364;169635;156708;145058;0.273;0.110;0.065;2.959;1.709;0.546;39.331;37.558;137.161;137.198;135.472;28.668;27.724;2.180;0.190;0.141;62.025;199.223;139.104;31.148;2.185;1.718;0.000;0.037;0.000;15;34.663;132.474;2;0;0;0;0;0;0;0
259;1;1;1;0.000000;0.000000;1.000000;18838.537122;18838.601626;18838.735528;803994;21808;144584;17;1808;21808;23780;100.000;0.621;0.674;555.215;595.991;5.707;167786;156367;144584;0.189;0.108;0.067;2.789;1.282;0.075;36.242;34.894;133.883;133.902;132.598;27.066;26.315;1.494;0.192;0.741;64.504;198.407;137.352;34.877;1.544;1.707;0.000;0.019;0.000;8;32.171;129.788;4;0;0;0;0;0;0;0
260;1;1;1;0.000000;0.000000;1.000000;18838.571047;18838.636890;18838.767115;804675;24252;144650;19;1809;24252;26456;100.000;0.772;0.839;555.468;596.267;6.349;166562;156332;144650;0.185;0.108;0.070;2.342;1.427;0.420;35.658;34.161;130.177;130.224;128.779;27.382;26.527;1.649;0.230;0.101;65.843;196.068;135.605;35.264;1.931;1.721;0.000;0.048;0.000;18;31.889;126.387;2;0;0;0;0;0;0;0
261;1;1;1;0.000000;0.000000;1.000000;18838.604950;18838.668503;18838.803382;803023;25756;143952;20;1800;25756;28076;100.000;0.774;0.841;552.788;593.384;6.738;164869;155461;143952;0.221;0.105;0.065;4.714;1.804;0.124;40.012;38.144;134.855;134.880;133.036;29.665;28.672;1.739;1.270;1.314;63.552;198.432;138.540;31.612;1.721;1.721;0.000;0.024;0.000;13;33.494;128.296;3;0;0;0;0;0;0;0
262;1;1;1;0.000000;0.000000;1.000000;18838.636519;18838.701982;18838.836835;804900;27636;144058;21;1801;27636;30072;100.000;453.993;492.442;553.195;593.813;7.217;164935;156138;144058;0.188;0.111;0.067;2.454;1.687;0.511;39.982;38.228;134.786;134.853;133.141;29.649;28.713;1.765;0.196;0.128;65.463;200.316;138.659;33.479;0.146;1.623;0.000;0.067;0.000;20;35.841;130.618;2;0;0;0;0;0;0;0
263;1;1;1;0.000000;0.000000;1.000000;18838.671645;18838.734081;18838.870902;801032;28764;144662;22;1809;28764;31316;100.000;0.841;0.913;555.515;596.313;7.516;164515;155870;144662;0.230;0.110;0.065;4.779;1.686;0.094;38.203;36.452;136.765;136.822;135.107;27.921;26.980;1.710;1.229;1.436;62.435;199.257;139.393;32.099;1.234;1.599;0.000;0.057;0.000;21;31.738;130.270;2;0;0;0;0;0;0;0
264;1;1;1;0.000000;0.000000;1.000000;18838.704497;18838.768464;18838.902615;793638;29516;145976;23;1825;29516;32184;100.000;0.876;0.952;560.560;601.720;7.724;164109;156011;145976;0.187;0.110;0.069;2.614;1.318;0.084;38.186;36.799;134.129;134.151;132.815;28.465;27.707;1.904;0.197;0.147;63.967;198.118;137.772;34.383;1.050;1.564;0.000;0.022;0.000;17;34.253;130.178;3;0;0;0;0;0;0;0
265;1;1;1;0.000000;0.000000;1.000000;18838.737771;18838.803631;18838.936579;801156;29516;148478;23;1856;29516;32184;100.000;0.946;1.028;570.168;612.027;7.724;165723;158325;148478;0.188;0.111;0.069;2.492;1.769;0.558;37.883;36.046;132.893;132.948;131.157;28.495;27.483;1.635;0.200;0.291;65.861;198.809;138.403;35.167;1.834;1.581;0.000;0.055;0.000;18;33.622;128.602;4;0;0;0;0;0;0;0
266;1;1;1;0.000000;0.000000;1.000000;18838.770665;18838.835011;18838.968331;804749;28388;149922;22;1875;28388;30940;100.000;0.819;0.890;575.713;618.000;7.426;166581;159313;149922;0.190;0.110;0.069;3.074;1.176;0.078;36.013;34.768;133.283;133.320;132.125;27.013;26.315;1.575;0.197;0.933;64.346;197.666;136.821;31.380;1.954;1.604;0.000;0.037;0.000;12;31.763;129.012;3;0;0;0;0;0;0;0
267;1;1;1;0.000000;0.000000;1.000000;18838.805080;18838.869914;18839.000853;805449;28200;150436;22;1881;28200;30752;100.000;0.907;0.986;577.687;620.110;7.380;166811;159516;150436;0.194;0.114;0.072;2.244;1.902;0.627;36.753;34.779;130.923;130.939;129.003;28.069;26.960;1.463;0.286;0.116;64.833;195.773;136.010;34.903;1.570;1.602;0.000;0.016;0.000;14;32.607;126.742;4;0;0;0;0;0;0;0
268;1;1;1;0.000000;0.000000;1.000000;18838.837867;18838.901178;18839.029442;805329;27072;149636;21;1871;27072;29508;100.000;0.813;0.883;574.615;616.812;7.082;165610;158700;149636;0.181;0.106;0.067;2.033;1.254;0.074;32.737;31.417;125.957;128.264;126.982;25.523;24.741;1.403;0.195;0.081;63.310;191.574;131.266;31.264;2.069;1.632;0.000;2.307;0.000;21;29.450;122.640;2;0;0;0;0;0;0;0
269;1;1;1;0.000000;0.000000;1.000000;18838.870225;18838.934669;18839.068311;805419;27260;148420;21;1856;27260;29696;100.000;0.847;0.920;569.945;611.804;7.127;163788;157160;148420;0.191;0.109;0.068;2.713;1.638;0.563;42.159;40.453;133.601;133.642;131.981;31.546;30.651;1.536;0.194;0.615;64.444;198.086;136.802;33.491;0.158;1.539;0.000;0.041;0.000;20;37.808;129.226;2;0;0;0;0;0;0;0
270;1;1;1;0.000000;0.000000;1.000000;18838.904766;18838.966978;18839.101061;804474;28012;146600;22;1833;28012;30564;100.000;0.933;1.014;562.956;604.296;7.335;161435;154988;146600;0.189;0.112;0.069;2.246;1.684;0.107;37.089;35.337;134.080;134.084;132.367;27.661;26.696;1.449;0.335;0.093;62.212;196.295;136.219;32.309;1.025;1.507;0.000;0.004;0.000;19;33.159;130.115;3;0;0;0;0;0;0;0
271;1;1;1;0.000000;0.000000;1.000000;18838.937598;18838.997190;18839.136082;796101;135360;145088;103;1814;135360;147308;100.000;3.557;3.868;557.150;598.062;35.354;181623;158138;145088;0.183;0.107;0.065;2.924;1.873;0.579;38.954;37.016;138.851;138.892;136.993;28.047;27.021;1.357;0.191;1.021;59.592;198.484;137.906;30.212;3.121;1.608;0.000;0.041;0.000;38;34.158;134.027;5;0;0;0;0;0;0;0
272;1;1;1;0.000000;0.000000;1.000000;18838.971427;18839.035341;18839.170604;805073;28012;144742;22;1810;28012;30564;100.000;0.903;0.982;555.822;596.643;7.335;170869;156071;144742;0.232;0.104;0.065;4.616;1.625;0.094;39.304;37.614;135.240;135.262;133.601;29.058;28.154;1.682;1.217;1.317;63.915;199.177;139.094;38.151;4.818;1.809;0.000;0.022;0.000;13;33.063;128.960;4;0;0;0;0;0;0;0
273;1;1;1;0.000000;0.000000;1.000000;18839.003651;18839.066489;18839.202308;797204;23500;144320;18;1804;23500;25588;100.000;0.639;0.693;554.201;594.887;6.141;168291;154821;144320;0.194;0.108;0.067;2.582;1.586;0.538;37.960;36.308;135.771;135.819;134.215;27.949;27.052;1.596;0.192;0.425;62.838;198.657;137.465;31.148;2.186;1.832;0.000;0.047;0.000;17;33.793;131.584;2;0;0;0;0;0;0;0
274;1;1;1;-0.087266;0.000000;1.000000;18839.037448;18839.103489;18839.235355;805139;22936;144042;18;1801;22936;25024;100.000;0.715;0.777;553.134;593.752;6.006;166406;154438;144042;0.194;0.111;0.070;2.443;1.693;0.101;37.200;35.438;131.820;131.867;130.145;28.211;27.230;1.687;0.302;0.080;66.041;197.908;137.179;36.999;3.666;1.947;19.284;0.047;0.000;17;33.065;127.655;2;0;0;0;0;0;0;0
275;1;1;1;-0.087266;0.000000;1.000000;18839.071310;18839.135725;18839.264410;808073;25944;144130;20;1802;25944;28264;100.000;0.771;0.837;553.472;594.112;6.783;164693;153235;144130;0.222;0.105;0.066;2.265;1.307;0.080;33.183;31.811;128.641;128.685;127.361;25.787;24.977;1.568;0.189;0.115;64.415;193.100;132.901;32.237;1.096;1.894;0.000;0.043;0.000;20;29.611;125.036;2;0;0;0;0;0;0;0
276;1;1;1;-0.087266;0.000000;1.000000;18839.103078;18839.169601;18839.301735;813584;25944;144164;20;1803;25944;28264;100.000;0.838;0.910;553.602;594.265;6.783;164828;154565;144164;0.233;0.104;0.065;2.663;1.452;0.480;40.894;39.377;132.098;132.134;130.665;30.949;30.136;1.996;0.190;0.075;66.523;198.657;136.892;33.875;0.542;1.809;0.000;0.036;0.000;8;36.779;127.965;5;0;0;0;0;0;0;0
277;1;1;1;-0.087266;0.000000;1.000000;18839.137896;18839.200726;18839.333100;812306;28764;144334;22;1805;28764;31316;100.000;0.995;1.080;554.255;594.963;7.516;163758;154020;144334;0.230;0.114;0.069;2.193;1.662;0.094;35.461;33.730;132.343;132.375;130.678;26.788;25.812;1.387;0.286;0.109;62.830;195.204;134.924;31.125;2.208;1.834;0.000;0.031;0.000;19;31.606;128.453;3;0;0;0;0;0;0;0
278;1;1;1;-0.087266;0.000000;1.000000;18839.170486;18839.229793;18839.361236;817500;29328;144850;23;1811;29328;31996;100.000;0.735;0.799;556.236;597.080;7.679;163414;154739;144850;0.180;0.106;0.066;2.173;1.594;0.459;32.005;30.346;131.421;131.443;129.833;24.349;23.373;1.563;0.188;0.070;59.307;190.750;129.726;29.067;4.266;1.986;0.000;0.022;0.000;12;28.238;127.636;3;0;0;0;0;0;0;0
279;1;1;1;-0.087266;0.000000;1.000000;18839.204916;18839.269900;18839.400657;824803;30456;147006;24;1838;30456;33240;100.000;1.024;1.114;564.516;605.968;7.978;164237;155679;147006;0.231;0.114;0.069;2.597;1.874;0.108;43.173;41.231;130.727;130.757;128.856;33.018;31.998;1.792;0.296;0.096;64.983;195.740;135.814;40.107;6.773;2.285;0.000;0.030;0.000;13;38.703;126.227;3;0;0;0;0;0;0;0
280;1;1;1;-0.087266;0.000000;1.000000;18839.237257;18839.299772;18839.437057;813944;29892;149388;23;1868;29892;32560;100.000;1.063;1.155;573.662;615.792;7.814;165887;158121;149388;1.197;0.110;0.069;4.351;1.662;0.504;40.873;39.143;137.259;137.285;135.602;29.772;28.866;1.632;0.216;1.128;62.515;199.800;138.881;29.873;3.461;2.359;0.000;0.026;0.000;17;34.860;131.223;3;0;0;0;0;0;0;0
281;1;1;1;-0.087266;0.000000;1.000000;18839.270421;18839.328033;18839.470612;815307;30268;150146;23;1877;30268;32936;100.000;502.328;545.022;576.573;618.906;7.905;165773;158297;150146;0.188;0.108;0.066;4.322;1.588;0.094;39.549;37.896;142.557;142.579;140.955;27.738;26.885;1.410;1.235;1.317;57.613;200.192;139.103;28.261;5.072;2.528;0.000;0.022;0.000;15;33.639;136.609;4;0;0;0;0;0;0;0
282;1;1;1;-0.087266;0.000000;1.000000;18839.305083;18839.367657;18839.502218;816329;27260;149960;21;1875;27260;29696;100.000;0.785;0.853;575.859;618.146;7.127;165244;158069;149960;0.191;0.111;0.070;2.593;1.707;0.490;37.529;35.752;134.535;134.561;132.835;27.890;26.914;1.587;0.196;0.438;62.574;197.135;137.376;39.623;6.290;2.764;0.000;0.026;0.000;13;33.229;130.215;3;0;0;0;0;0;0;0
283;1;1;1;-0.087266;0.000000;1.000000;18839.338197;18839.402563;18839.536576;813249;27636;148574;21;1858;27636;30072;100.000;871.373;945.171;570.537;612.441;7.217;163301;156147;148574;0.189;0.109;0.069;2.617;1.387;0.081;38.659;37.204;133.971;134.014;132.612;28.847;28.055;1.623;0.198;0.429;64.366;198.379;138.400;34.906;1.572;2.689;0.000;0.042;0.000;21;34.655;129.952;1;0;0;0;0;0;0;0
284;1;1;1;-0.087266;0.000000;1.000000;18839.370850;18839.435233;18839.570355;809333;27824;146866;22;1836;27824;30376;100.000;0.812;0.883;563.978;605.386;7.290;161124;154002;146866;1.119;0.109;0.067;4.478;1.353;0.081;37.773;36.354;135.064;135.123;133.749;27.955;27.181;1.522;0.194;1.467;64.383;199.505;138.846;32.670;0.663;2.562;0.000;0.059;0.001;20;31.943;129.211;3;0;0;0;0;0;0;0
285;1;1;1;-0.087266;0.000000;1.000000;18839.404226;18839.469728;18839.602620;815482;28764;145550;22;1820;28764;31316;100.000;0.893;0.970;558.924;599.971;7.516;159381;152529;145550;0.190;0.110;0.067;2.293;2.032;0.529;38.077;35.979;132.859;132.892;130.842;28.653;27.498;1.620;0.205;0.102;65.502;198.394;137.778;34.495;1.162;2.475;0.000;0.033;0.001;13;33.752;128.498;4;0;0;0;0;0;0;0
286;1;1;1;-0.087266;0.000000;1.000000;18839.437801;18839.502045;18839.635047;814633;136488;144160;104;1802;136488;148552;100.000;4.145;4.508;553.587;594.228;35.652;181574;157734;144160;0.177;0.105;0.063;2.457;1.162;0.072;36.747;35.521;132.905;133.003;131.822;27.628;26.946;1.832;0.197;0.083;64.244;197.246;136.871;32.317;1.017;2.384;0.000;0.097;0.000;53;33.127;129.265;6;0;0;0;0;0;0;0
287;1;1;1;-0.087266;0.000000;1.000000;18839.470318;18839.535068;18839.668559;814941;28576;142853;22;1786;28576;31128;100.000;0.851;0.924;548.568;588.848;7.471;172055;156144;142853;0.234;0.111;0.068;2.446;2.045;0.569;37.117;35.004;133.449;133.491;131.415;27.805;26.636;1.644;0.291;0.099;64.751;198.242;137.050;33.024;0.310;2.254;0.000;0.042;0.000;17;32.626;128.926;4;0;0;0;0;0;0;0
288;1;1;1;-0.087266;0.000000;1.000000;18839.504591;18839.568804;18839.696265;818847;23312;142468;18;1781;23312;25400;100.000;0.676;0.734;547.090;587.256;6.096;168395;154584;142468;0.177;0.105;0.066;1.976;1.188;0.070;32.208;30.955;127.418;127.461;126.258;25.269;24.518;1.376;0.186;0.066;64.213;191.674;131.422;33.735;0.402;2.138;0.000;0.044;0.000;17;29.045;124.237;2;0;0;0;0;0;0;0
289;1;1;1;-0.087266;0.000000;1.000000;18839.537562;18839.603466;18839.736315;824052;21244;142484;17;1782;21244;23216;100.000;0.706;0.768;547.151;587.340;5.572;165908;153466;142484;0.219;0.104;0.063;4.565;1.811;0.526;43.196;41.321;132.818;132.850;131.008;32.515;31.541;1.641;1.211;1.325;65.904;198.754;138.139;34.662;1.329;2.088;0.000;0.032;0.000;11;36.820;126.411;3;0;0;0;0;0;0;0
290;1;1;1;-0.087266;0.000000;1.000000;18839.571482;18839.633694;18839.770537;835458;25756;143172;20;1790;25756;28076;100.000;0.890;0.967;549.793;590.163;6.738;165188;153651;143172;0.195;0.109;0.067;2.785;1.215;0.068;40.607;39.325;136.803;136.842;135.611;29.674;28.999;1.749;0.196;0.471;62.212;199.054;139.027;30.229;3.105;2.151;0.000;0.039;0.001;11;36.607;132.785;3;0;0;0;0;0;0;0
291;1;1;1;-0.087266;0.000000;1.000000;18839.603963;18839.662782;18839.802703;819605;26320;143314;20;1792;26320;28640;100.000;0.676;0.733;550.338;590.753;6.874;163963;154263;143314;0.247;0.110;0.068;3.002;1.455;0.442;36.162;34.639;139.869;139.921;138.448;25.844;25.020;1.382;0.205;0.991;58.819;198.740;137.860;29.088;4.246;2.282;0.000;0.052;0.000;19;31.705;135.392;2;0;0;0;0;0;0;0
292;1;1;1;-0.087266;0.000000;1.000000;18839.638242;18839.701911;18839.834162;827799;26508;143732;21;1797;26508;28944;100.000;0.804;0.875;551.943;592.471;6.947;163010;153773;143732;0.190;0.109;0.068;2.266;1.258;0.074;35.900;34.574;132.215;132.250;130.961;27.146;26.400;1.511;0.275;0.113;63.669;195.920;135.986;39.130;5.796;2.502;0.000;0.035;0.000;20;32.376;128.658;2;0;0;0;0;0;0;0
293;1;1;1;-0.087266;0.000000;1.000000;18839.670420;18839.735058;18839.867099;830771;28576;144010;22;1801;28576;31128;100.000;0.842;0.914;553.011;593.629;7.471;162436;154026;144010;0.200;0.111;0.068;2.359;1.033;0.061;36.472;35.372;132.019;132.042;130.992;27.622;27.003;1.694;0.189;0.098;64.638;196.680;135.590;33.146;0.187;2.357;0.000;0.023;0.000;14;33.080;128.609;3;0;0;0;0;0;0;0
294;1;1;1;-0.087266;0.000000;1.000000;18839.703786;18839.769201;18839.899124;835004;29892;145768;23;1823;29892;32560;100.000;0.941;1.022;559.762;600.876;7.814;163262;155704;145768;0.192;0.110;0.068;2.192;1.796;0.687;35.399;33.535;129.893;129.923;128.096;27.246;26.180;1.431;0.289;0.103;65.415;195.338;134.281;34.143;0.810;2.260;0.000;0.030;0.000;12;31.411;125.872;4;0;0;0;0;0;0;0
295;1;1;1;-0.087266;0.000000;1.000000;18839.738023;18839.801136;18839.936830;814967;29516;148094;23;1852;29516;32184;100.000;0.848;0.921;568.693;610.462;7.724;164762;157449;148094;0.217;0.105;0.065;4.383;1.028;0.060;41.690;40.597;135.666;135.694;134.646;30.723;30.151;1.457;1.219;1.320;63.113;198.807;138.654;31.935;1.399;2.207;0.000;0.029;0.000;12;36.279;130.222;3;0;0;0;0;0;0;0
296;1;1;1;-0.087266;0.000000;1.000000;18839.771040;18839.836156;18839.962407;818656;29140;149404;23;1868;29140;31808;100.000;0.969;1.054;573.724;615.853;7.634;165494;158268;149404;0.184;0.109;0.067;1.987;1.338;0.430;30.988;29.583;126.177;126.252;124.897;24.545;23.686;1.374;0.193;0.060;65.115;191.367;130.898;35.020;1.687;2.174;0.000;0.075;0.000;22;27.663;122.835;2;0;0;0;0;0;0;0
297;1;1;1;-0.087266;0.000000;1.000000;18839.804589;18839.866436;18839.985220;819807;28200;149370;22;1868;28200;30752;100.000;0.817;0.888;573.593;615.723;7.380;165157;157990;149370;0.183;0.105;0.067;2.142;1.161;0.067;26.132;24.905;118.771;118.784;117.604;22.000;21.177;1.416;0.252;0.118;61.847;180.631;120.378;30.280;3.053;2.229;0.000;0.013;0.000;14;22.830;115.448;4;0;0;0;0;0;0;0
298;1;1;1;-0.087266;0.000000;1.000000;18839.836636;18839.901126;18840.009011;814766;27636;148012;21;1851;27636;30072;100.000;501.050;543.485;568.379;610.125;7.217;163355;156475;148012;0.188;0.105;0.066;2.026;1.447;0.423;27.086;25.574;107.856;107.885;106.415;25.107;24.032;1.390;0.197;0.080;64.489;172.374;110.835;34.689;1.356;2.174;0.000;0.029;0.000;11;23.613;104.359;2;0;0;0;0;0;0;0
299;1;1;1;-0.087266;0.000000;1.000000;18839.870734;18839.937923;18840.062033;809259;28764;146174;22;1828;28764;31316;100.000;1.239;1.345;561.321;602.548;7.516;160678;153894;146174;0.231;0.112;0.070;3.547;1.113;0.068;56.487;55.305;124.080;124.109;122.969;45.514;44.975;2.494;0.193;0.448;67.189;191.299;130.523;36.798;3.464;2.255;0.000;0.029;0.000;11;51.827;119.391;3;0;0;0;0;0;0;0
300;1;1;1;0.000000;0.000000;1.000000;18839.904173;18839.961397;18840.096902;812212;28952;144110;22;1802;28952;31504;100.000;1.259;1.366;553.395;594.036;7.561;158477;151604;144110;0.178;0.106;0.066;1.999;1.000;0.058;39.530;38.465;135.468;135.505;134.482;29.172;28.602;1.376;0.188;0.085;57.224;192.729;132.059;23.473;9.860;2.730;8.347;0.037;0.000;15;36.531;132.445;3;0;0;0;0;0;0;0
