frame_id;rx_complete;tx_complete;current_skip;event;yaw;pitch;zoom;camera_send_timestamp;recv_start_timestamp;codec_exit_time;node_exit_timestamp;original_points;rx_points;processed_points;rx_packets;tx_packets;payload_bytes;reference_size_bytes;data_integrity_pct;internal_throughput_mbs;reference_throughput_mbs;logical_bitrate_mbps;network_bitrate_mbps;reference_bitrate_mbps;conversion_ms;geometry_aggregation_ms;max_r_ms;projection_ms;codec_write_ms;active_tx_ms;active_process_ms;reference_process_ms;total_processing_ms;total_residency_ms;reference_residency_ms;node_efficiency_pct;reference_efficiency_pct;gpu_transfer_ms;gpu_kernel_ms;gpu_packing_ms;gpu_copyback_ms;host_overhead_ms;camera_node_ms;e2e_latency_ms;schedule_delay_ms;inter_arrival_ms;instant_jitter_ms;desynced_jitter_ms;reference_jitter_ms;raw_queue_ms;render_queue_ms;workload_ewma_ms;workload_ratio;frame_backlog;codec_backlog;encode_service_ms;encode_h265_ms;mse_y;psnr_y;ssim_y;mpeg_bytes_generated;ffmpeg_write_calls;ffmpeg_write_eagain;tx_zero_accepts;tx_partial_accepts;tx_resubmit_calls;tx_resubmitted_packets;mbuf_starvation
1;1;1;1;WARMUP;0.000;0.000;1.000;20573.361420;20573.363638;20573.390735;20573.555806;784142;784142;784142;9802;108;12546272;12546312;100.000;927.002;927.002;34.087;37.435;3011.115;11.025;0.000;0.000;6.713;5.981;0.004;23.719;23.719;178.634;192.168;27.098;12.343;87.533;1.442;0.756;0.434;1.390;2.691;2.218;194.386;192.168;0.000;0.000;0.000;0.000;0.014;0.854;6.727;0.202;0;1;24.158;24.160;nan;nan;nan;141940;1;0;0;0;0;0;0
2;1;1;1;WARMUP;0.000;0.000;1.000;20573.505143;20573.507885;20573.539628;20573.684944;783406;783406;783406;9793;23;12534496;12534536;100.000;950.574;950.574;7.015;7.711;3008.289;2.907;0.000;0.000;4.115;13.544;0.002;20.567;20.567;163.872;177.059;31.743;11.616;64.790;1.513;0.745;0.437;1.390;0.029;2.742;179.801;287.973;144.247;110.914;6.932;110.914;0.010;0.886;6.076;0.182;0;1;29.718;29.719;nan;nan;nan;29140;1;0;0;0;0;0;0
3;1;1;1;WARMUP;0.000;0.000;1.000;20573.634982;20573.637604;20573.669007;20573.801771;780200;780200;780200;9753;18;12483200;12483240;100.000;936.102;936.102;5.526;6.066;2995.978;2.903;0.000;0.000;3.986;13.619;0.001;20.509;20.509;150.832;164.167;31.403;12.492;65.308;1.397;0.738;0.434;1.389;0.028;2.622;166.790;371.467;129.719;96.386;12.523;96.386;0.002;0.459;5.556;0.167;0;1;29.553;29.554;nan;nan;nan;22936;1;0;0;0;0;0;0
4;1;1;1;WARMUP;0.000;0.000;1.000;20573.759833;20573.762445;20573.785682;20573.944126;778467;778467;778467;9731;18;12455472;12455512;100.000;946.538;946.538;5.436;5.976;2989.323;2.949;0.000;0.000;4.007;6.004;0.002;12.960;12.960;168.522;181.681;23.237;7.133;55.772;1.405;0.738;0.446;1.392;0.025;2.612;184.293;480.489;124.841;91.508;17.460;91.508;0.002;0.065;5.171;0.155;0;1;22.089;22.090;nan;nan;nan;22560;1;0;0;0;0;0;0
5;1;1;1;WARMUP;0.000;0.000;1.000;20573.892864;20573.895584;20573.927638;20574.071363;776427;776427;776427;9706;17;12422832;12422872;100.000;938.220;938.220;5.300;5.809;2981.489;2.956;0.000;0.000;4.270;13.646;0.002;20.872;20.872;162.538;175.779;32.054;11.874;65.116;1.661;0.739;0.436;1.406;0.027;2.720;178.499;574.392;133.139;99.806;22.606;99.806;0.002;0.894;4.279;0.128;0;1;30.130;30.131;nan;nan;nan;21996;1;0;0;0;0;0;0
6;1;1;1;IDLE;0.000;0.000;1.000;20574.020452;20574.023231;20574.055101;20574.184955;774893;774893;774893;9687;19;12398288;12398328;100.000;903.480;903.480;5.887;6.458;2975.599;2.938;0.000;0.000;4.053;13.811;0.002;20.802;20.802;148.001;161.724;31.870;12.863;65.270;1.450;0.743;0.436;1.395;0.029;2.779;164.503;654.651;127.647;94.313;27.088;94.313;0.002;0.281;4.225;0.127;0;1;30.069;30.070;nan;nan;nan;24440;1;0;0;0;0;0;0
7;1;1;1;IDLE;0.000;0.000;1.000;20574.142412;20574.145111;20574.168567;20574.317965;775949;775949;775949;9700;19;12415184;12415224;100.000;930.910;930.910;5.977;6.549;2979.654;2.899;0.000;0.000;4.087;5.992;0.001;12.977;12.977;159.517;172.854;23.456;7.508;55.326;1.487;0.741;0.439;1.394;0.025;2.699;175.553;754.327;121.880;88.547;30.929;88.547;0.002;0.038;4.192;0.126;0;1;22.377;22.378;nan;nan;nan;24816;1;0;0;0;0;0;0
8;1;1;1;IDLE;0.000;0.000;1.000;20574.267233;20574.269950;20574.301524;20574.437924;775463;775463;775463;9694;21;12407408;12407448;100.000;915.775;915.775;6.383;7.017;2977.788;2.916;0.000;0.000;4.074;13.656;0.002;20.647;20.647;154.425;167.974;31.574;12.292;65.391;1.460;0.742;0.438;1.408;0.026;2.717;170.691;840.953;124.839;91.506;34.715;91.506;0.002;0.293;4.165;0.125;0;1;30.093;30.094;nan;nan;nan;26508;1;0;0;0;0;0;0
9;1;1;1;IDLE;0.000;0.000;1.000;20574.387528;20574.390329;20574.421786;20574.552532;775698;775698;775698;9697;20;12411168;12411208;100.000;918.528;918.528;6.293;6.896;2978.690;2.989;0.000;0.000;3.980;13.637;0.001;20.605;20.605;148.691;162.203;31.457;12.703;65.503;1.384;0.742;0.435;1.394;0.026;2.801;165.004;922.228;120.379;87.046;37.986;87.046;0.002;0.326;4.123;0.124;0;1;29.771;29.772;nan;nan;nan;26132;1;0;0;0;0;0;0
10;1;1;1;IDLE;0.000;0.000;1.000;20574.509186;20574.512162;20574.536420;20574.679369;778020;778020;778020;9726;20;12448320;12448360;100.000;938.383;938.383;6.112;6.715;2987.606;2.931;0.000;0.000;4.076;5.985;0.001;12.992;12.992;153.941;167.207;24.258;7.770;53.557;1.464;0.748;0.444;1.394;0.027;2.976;170.183;1015.732;121.833;88.500;41.143;88.500;0.002;0.929;4.113;0.123;0;1;22.093;22.095;nan;nan;nan;25380;1;0;0;0;0;0;0
11;1;1;1;IDLE;0.000;0.000;1.000;20574.629416;20574.632232;20574.663229;20574.803716;778554;778554;778554;9732;19;12456864;12456904;100.000;931.659;931.659;5.796;6.368;2989.657;2.865;0.000;0.000;4.015;13.515;0.002;20.396;20.396;158.113;171.484;30.998;11.894;65.797;1.401;0.746;0.440;1.399;0.028;2.816;174.301;1106.745;120.070;86.737;43.992;86.737;0.009;0.087;4.091;0.123;0;1;29.652;29.653;nan;nan;nan;24064;1;0;0;0;0;0;0
12;1;1;1;IDLE;0.000;0.000;1.000;20574.752495;20574.755309;20574.787581;20574.926375;779986;779986;779986;9750;20;12479776;12479816;100.000;893.569;893.569;6.157;6.760;2995.156;2.952;0.000;0.000;3.996;13.576;0.002;20.524;20.524;157.099;171.066;32.272;11.998;63.598;1.391;0.745;0.439;1.396;0.025;2.814;173.880;1196.071;123.078;89.744;46.852;89.744;0.002;0.731;4.069;0.122;0;1;29.708;29.709;nan;nan;nan;25568;1;0;0;0;0;0;0
13;1;1;1;IDLE;0.000;0.000;1.000;20574.883507;20574.886221;20574.910239;20575.063326;780926;780926;780926;9762;20;12494816;12494856;100.000;951.448;951.448;6.248;6.851;2998.765;2.870;0.000;0.000;4.033;5.929;0.001;12.832;12.832;163.972;177.104;24.018;7.245;53.427;1.412;0.748;0.445;1.401;0.026;2.714;179.819;1299.688;130.912;97.579;50.022;97.579;0.002;0.920;4.063;0.122;0;1;22.061;22.063;nan;nan;nan;25944;1;0;0;0;0;0;0
14;1;1;1;IDLE;0.000;0.000;1.000;20575.013115;20575.015785;20575.047195;20575.195642;782770;782770;782770;9785;21;12524320;12524360;100.000;929.045;929.045;6.428;7.062;3005.846;2.825;0.000;0.000;4.019;13.582;0.002;20.426;20.426;166.376;179.857;31.410;11.357;65.029;1.414;0.747;0.442;1.390;0.027;2.670;182.527;1398.671;129.563;96.230;52.910;96.230;0.002;0.326;4.054;0.122;0;1;29.709;29.710;nan;nan;nan;26696;1;0;0;0;0;0;0
15;1;1;1;IDLE;0.000;0.000;1.000;20575.145797;20575.148480;20575.179515;20575.316353;784474;784474;784474;9806;21;12551584;12551624;100.000;950.960;950.960;6.564;7.198;3012.390;2.911;0.000;0.000;4.041;13.592;0.002;20.544;20.544;154.674;167.873;31.036;12.238;66.195;1.420;0.748;0.441;1.406;0.026;2.683;170.556;1486.049;132.695;99.361;55.814;99.361;0.002;0.201;4.053;0.122;0;1;29.714;29.715;nan;nan;nan;27260;1;0;0;0;0;0;0
16;1;1;1;IDLE;0.000;0.000;1.000;20575.271715;20575.274580;20575.299171;20575.317344;785193;785193;785193;9815;100;12563088;12563128;100.000;923.460;923.460;31.605;34.704;3015.151;2.959;0.000;0.000;4.020;5.950;0.002;12.929;12.929;29.159;42.764;24.591;30.233;52.575;1.402;0.754;0.434;1.404;0.026;2.865;45.629;1453.706;126.100;92.767;58.123;92.767;0.002;1.014;4.048;0.121;0;1;23.128;23.129;nan;nan;nan;131600;1;0;0;0;0;0;0
17;1;1;1;IDLE;0.000;0.000;1.000;20575.390692;20575.393411;20575.425075;20575.577577;782720;782720;782720;9784;22;12523520;12523560;100.000;907.675;907.675;6.924;7.590;3005.654;2.989;0.000;0.000;4.008;13.579;0.002;20.575;20.575;170.369;184.166;31.665;11.172;64.979;1.403;0.751;0.434;1.394;0.026;2.719;186.885;1680.606;118.831;85.498;59.834;85.498;0.002;0.278;4.040;0.121;0;1;29.552;29.554;nan;nan;nan;28764;1;0;0;0;0;0;0
18;1;1;1;IDLE;0.000;0.000;1.000;20575.527793;20575.530461;20575.561423;20575.695197;781613;781613;781613;9771;18;12505808;12505848;100.000;947.573;947.573;5.571;6.111;3001.404;2.824;0.000;0.000;4.018;13.606;0.002;20.447;20.447;151.539;164.736;30.962;12.412;66.042;1.411;0.743;0.441;1.396;0.026;2.668;167.405;1764.893;137.050;103.717;62.577;103.717;0.002;0.137;4.037;0.121;0;1;29.758;29.758;nan;nan;nan;23124;1;0;0;0;0;0;0
19;1;1;1;IDLE;0.000;0.000;1.000;20575.652195;20575.655101;20575.679102;20575.823994;780006;780006;780006;9751;17;12480096;12480136;100.000;927.830;927.830;5.345;5.855;2995.233;2.805;0.000;0.000;4.032;5.993;0.002;12.829;12.829;155.441;168.892;24.001;7.596;53.453;1.398;0.749;0.452;1.407;0.027;2.906;171.799;1860.356;124.640;91.307;64.372;91.307;0.002;0.523;4.038;0.121;0;1;22.083;22.085;nan;nan;nan;22184;1;0;0;0;0;0;0
20;1;1;1;IDLE;0.000;0.000;1.000;20575.774443;20575.777098;20575.807858;20575.946389;780302;780302;780302;9754;18;12484832;12484872;100.000;944.804;944.804;5.526;6.066;2996.369;2.838;0.000;0.000;4.011;13.464;0.002;20.313;20.313;156.076;169.290;30.759;11.999;66.038;1.406;0.747;0.435;1.394;0.029;2.656;171.946;1949.418;121.997;88.664;65.891;88.664;0.008;0.062;4.034;0.121;0;1;29.597;29.598;nan;nan;nan;22936;1;0;0;0;0;0;0
21;1;1;1;IDLE;0.000;0.000;1.000;20575.895785;20575.898632;20575.930255;20576.065038;779066;779066;779066;9739;19;12465056;12465096;100.000;918.002;918.002;5.977;6.549;2991.623;2.911;0.000;0.000;3.983;13.576;0.001;20.470;20.470;152.828;166.406;31.623;12.301;64.732;1.381;0.742;0.433;1.403;0.025;2.847;169.253;2034.734;121.534;88.200;67.285;88.200;0.002;0.483;4.023;0.121;0;1;29.706;29.707;nan;nan;nan;24816;1;0;0;0;0;0;0
22;1;1;1;IDLE;0.000;0.000;1.000;20576.022031;20576.025128;20576.048927;20576.065070;778280;778280;778280;9729;19;12452480;12452520;100.000;921.065;921.065;6.022;6.594;2988.605;2.904;0.000;0.000;3.978;5.952;0.000;12.834;12.834;26.423;39.943;23.799;32.130;53.925;1.380;0.736;0.431;1.405;0.025;3.097;43.040;2001.433;126.496;93.162;68.902;93.162;0.001;0.348;4.014;0.120;0;1;22.060;22.061;nan;nan;nan;25004;1;0;0;0;0;0;0
23;1;1;1;IDLE;0.000;0.000;1.000;20576.143269;20576.145986;20576.177855;20576.321402;778907;778907;778907;9737;20;12462512;12462552;100.000;920.594;920.594;6.248;6.851;2991.012;2.860;0.000;0.000;3.997;13.597;0.002;20.455;20.455;161.878;175.416;31.869;11.661;64.183;1.387;0.746;0.429;1.410;0.025;2.717;178.133;2224.431;120.858;87.525;70.066;87.525;0.002;0.735;4.012;0.120;0;1;29.715;29.716;nan;nan;nan;25944;1;0;0;0;0;0;0
24;1;1;1;IDLE;0.000;0.000;1.000;20576.270805;20576.273528;20576.305149;20576.428782;779289;779289;779289;9742;19;12468624;12468664;100.000;926.981;926.981;5.796;6.368;2992.479;2.843;0.000;0.000;4.062;13.592;0.001;20.497;20.497;141.804;155.255;31.622;13.202;64.819;1.440;0.757;0.445;1.392;0.028;2.723;157.977;2298.478;127.542;94.208;71.575;94.208;0.002;0.514;4.027;0.121;0;1;29.840;29.842;nan;nan;nan;24064;1;0;0;0;0;0;0
25;1;1;1;IDLE;0.000;0.000;1.000;20576.385572;20576.388272;20576.411882;20576.559718;779739;779739;779739;9747;20;12475824;12475864;100.000;923.457;923.457;6.067;6.670;2994.207;2.883;0.000;0.000;3.997;6.058;0.001;12.938;12.938;157.936;171.447;23.610;7.546;54.800;1.402;0.744;0.431;1.396;0.024;2.700;174.147;2396.080;114.744;81.411;72.190;81.411;0.002;0.043;4.022;0.121;0;1;22.956;22.957;nan;nan;nan;25192;1;0;0;0;0;0;0
26;1;1;1;IDLE;0.000;0.000;1.000;20576.509978;20576.512650;20576.543635;20576.559751;779364;779364;779364;9743;20;12469824;12469864;100.000;940.532;940.532;6.338;6.941;2992.767;2.829;0.000;0.000;3.996;13.519;0.000;20.344;20.344;33.843;47.101;30.985;43.193;65.659;1.396;0.743;0.437;1.393;0.027;2.672;49.773;2362.780;124.379;91.045;73.368;91.045;0.002;0.209;4.018;0.121;0;1;29.599;29.600;nan;nan;nan;26320;1;0;0;0;0;0;0
27;1;1;1;IDLE;0.000;0.000;1.000;20576.635628;20576.638570;20576.670049;20576.864936;780025;780025;780025;9751;21;12480400;12480440;100.000;910.289;910.289;6.383;7.017;2995.306;2.884;0.000;0.000;4.015;13.638;0.002;20.537;20.537;212.656;226.366;31.479;9.073;65.241;1.415;0.750;0.435;1.389;0.026;2.941;229.308;2634.632;125.920;92.586;74.569;92.586;0.002;0.113;4.019;0.121;0;1;29.766;29.767;nan;nan;nan;26508;1;0;0;0;0;0;0
28;1;1;1;IDLE;0.000;0.000;1.000;20576.821987;20576.824653;20576.848805;20576.994908;780373;780373;780373;9755;21;12485968;12486008;100.000;941.477;941.477;6.383;7.017;2996.642;2.814;0.000;0.000;4.027;5.957;0.002;12.799;12.799;156.993;170.255;24.152;7.517;52.992;1.411;0.750;0.443;1.396;0.027;2.666;172.921;2731.271;186.083;152.750;79.456;152.750;0.002;0.903;4.024;0.121;0;1;22.084;22.087;nan;nan;nan;26508;1;0;0;0;0;0;0
29;1;1;1;IDLE;0.000;0.000;1.000;20576.944329;20576.947045;20576.978750;20577.114066;781651;781651;781651;9771;22;12506416;12506456;100.000;901.105;901.105;6.744;7.409;3001.549;2.896;0.000;0.000;4.138;13.618;0.002;20.651;20.651;153.142;167.021;31.705;12.365;65.136;1.523;0.746;0.430;1.410;0.028;2.717;169.738;2817.095;122.392;89.059;80.056;89.059;0.009;0.060;4.055;0.122;0;1;29.773;29.774;nan;nan;nan;28012;1;0;0;0;0;0;0
30;1;1;1;IDLE;0.000;0.000;1.000;20577.063258;20577.066420;20577.097940;20577.260902;781375;781375;781375;9768;20;12502000;12502040;100.000;920.683;920.683;6.338;6.941;3000.490;2.879;0.000;0.000;4.069;13.528;0.002;20.476;20.476;180.903;194.482;31.521;10.529;64.962;1.432;0.777;0.440;1.394;0.026;3.161;197.644;2930.597;119.374;86.041;80.430;86.041;0.002;0.342;4.060;0.122;0;1;29.651;29.652;nan;nan;nan;26320;1;0;0;0;0;0;0
31;1;1;1;IDLE;0.000;0.000;1.000;20577.216560;20577.219248;20577.243873;20577.376741;784392;784392;784392;9805;100;12550272;12550312;100.000;923.618;923.618;31.425;34.524;3012.075;2.882;0.000;0.000;4.032;6.100;0.003;13.015;13.015;143.905;157.493;24.625;8.264;52.852;1.403;0.753;0.439;1.412;0.025;2.688;160.181;3013.103;152.828;119.495;82.871;119.495;0.002;0.901;4.056;0.122;0;1;23.125;23.128;nan;nan;nan;130848;1;0;0;0;0;0;0
32;1;1;1;IDLE;0.000;0.000;1.000;20577.325809;20577.328544;20577.360571;20577.492129;782671;782671;782671;9784;22;12522736;12522776;100.000;883.889;883.889;6.924;7.590;3005.466;2.982;0.000;0.000;4.222;13.545;0.001;20.749;20.749;149.417;163.585;32.027;12.684;64.786;1.616;0.743;0.434;1.398;0.031;2.734;166.319;3095.158;109.296;75.963;82.440;75.963;0.002;0.090;4.099;0.123;0;1;29.710;29.712;nan;nan;nan;28764;1;0;0;0;0;0;0
33;1;1;1;IDLE;0.000;0.000;1.000;20577.440756;20577.443600;20577.475919;20577.611602;776999;776999;776999;9713;18;12431984;12432024;100.000;889.994;889.994;5.661;6.202;2983.686;3.015;0.000;0.000;3.982;13.623;0.001;20.620;20.620;154.034;168.002;32.319;12.274;63.800;1.378;0.738;0.435;1.407;0.024;2.844;170.846;3181.298;115.056;81.723;82.395;81.723;0.002;0.744;4.072;0.122;0;1;29.829;29.830;nan;nan;nan;23500;1;0;0;0;0;0;0
34;1;1;1;IDLE;0.000;0.000;1.000;20577.568595;20577.571256;20577.595511;20577.737593;778650;778650;778650;9734;18;12458400;12458440;100.000;889.723;889.723;5.526;6.066;2990.026;2.956;0.000;0.000;3.976;5.916;0.001;12.848;12.848;152.334;166.337;24.255;7.724;52.971;1.381;0.738;0.436;1.394;0.027;2.661;168.998;3273.955;127.656;94.323;83.140;94.323;0.002;0.358;4.050;0.122;0;1;22.004;22.005;nan;nan;nan;22936;1;0;0;0;0;0;0
35;1;1;1;IDLE;0.000;0.000;1.000;20577.687206;20577.690075;20577.721455;20577.851072;778007;778007;778007;9726;18;12448112;12448152;100.000;924.739;924.739;5.571;6.111;2987.556;2.925;0.000;0.000;4.028;13.584;0.001;20.536;20.536;147.536;160.998;31.381;12.755;65.441;1.412;0.743;0.442;1.404;0.026;2.868;163.866;3354.101;118.819;85.486;83.287;85.486;0.002;0.306;4.047;0.121;0;1;29.718;29.719;nan;nan;nan;23124;1;0;0;0;0;0;0
36;1;1;1;IDLE;0.000;0.000;1.000;20577.799759;20577.802472;20577.834914;20577.974477;776483;776483;776483;9707;19;12423728;12423768;100.000;900.739;900.739;5.977;6.549;2981.704;2.857;0.000;0.000;3.997;13.776;0.002;20.630;20.630;158.212;172.005;32.442;11.994;63.592;1.392;0.741;0.442;1.396;0.025;2.714;174.718;3444.172;112.398;79.064;83.023;79.064;0.002;0.873;4.037;0.121;0;1;29.931;29.932;nan;nan;nan;24816;1;0;0;0;0;0;0
37;1;1;1;IDLE;0.000;0.000;1.000;20577.931696;20577.934432;20577.958386;20578.107709;781287;781287;781287;9767;20;12500592;12500632;100.000;898.056;898.056;6.293;6.896;3000.152;2.890;0.000;0.000;4.025;5.943;0.002;12.858;12.858;159.357;173.277;23.954;7.421;53.679;1.404;0.744;0.440;1.409;0.029;2.736;176.012;3544.071;131.959;98.626;83.998;98.626;0.009;0.056;4.036;0.121;0;1;22.030;22.031;nan;nan;nan;26132;1;0;0;0;0;0;0
38;1;1;1;IDLE;0.000;0.000;1.000;20578.056402;20578.059164;20578.091338;20578.227042;780329;780329;780329;9755;22;12485264;12485304;100.000;923.581;923.581;6.744;7.409;2996.473;2.859;0.000;0.000;4.079;13.600;0.002;20.539;20.539;154.359;167.878;32.174;12.234;63.836;1.475;0.745;0.433;1.400;0.026;2.763;170.641;3630.071;124.733;91.399;84.461;91.399;0.002;0.974;4.050;0.122;0;1;29.967;29.968;nan;nan;nan;28012;1;0;0;0;0;0;0
39;1;1;1;IDLE;0.000;0.000;1.000;20578.175805;20578.178536;20578.210629;20578.338396;780785;780785;780785;9760;23;12492560;12492600;100.000;926.092;926.092;7.015;7.711;2998.224;2.826;0.000;0.000;4.130;13.612;0.001;20.568;20.568;146.370;159.860;32.093;12.866;64.090;1.498;0.759;0.435;1.411;0.027;2.731;162.591;3708.092;119.372;86.038;84.559;86.038;0.002;0.858;4.073;0.122;0;1;30.021;30.023;nan;nan;nan;29140;1;0;0;0;0;0;0
40;1;1;1;IDLE;0.000;0.000;1.000;20578.294713;20578.297459;20578.323313;20578.469533;785430;785430;785430;9818;23;12566880;12566920;100.000;906.531;906.531;7.195;7.892;3016.061;2.854;0.000;0.000;4.078;7.017;0.002;13.948;13.948;158.211;172.074;25.854;8.106;53.951;1.482;0.740;0.435;1.395;0.026;2.746;174.820;3805.895;118.923;85.590;84.624;85.590;0.002;0.894;4.076;0.122;0;1;22.095;22.098;nan;nan;nan;29892;1;0;0;0;0;0;0
41;1;1;1;IDLE;0.000;0.000;1.000;20578.418898;20578.421609;20578.453299;20578.607764;789479;789479;789479;9869;24;12631664;12631704;100.000;919.478;919.478;7.421;8.148;3031.609;2.952;0.000;0.000;4.196;13.715;0.002;20.863;20.863;172.417;186.155;31.689;11.207;65.836;1.583;0.749;0.437;1.395;0.031;2.711;188.866;3910.793;124.150;90.817;85.011;90.817;0.002;0.038;4.109;0.123;0;1;29.946;29.947;nan;nan;nan;30832;1;0;0;0;0;0;0
42;1;1;1;IDLE;0.000;0.000;1.000;20578.556191;20578.558926;20578.591494;20578.731316;789348;789348;789348;9867;25;12629568;12629608;100.000;910.132;910.132;7.692;8.450;3031.106;2.907;0.000;0.000;4.162;13.585;0.002;20.655;20.655;158.513;172.390;32.568;11.982;63.422;1.537;0.751;0.442;1.406;0.027;2.736;175.126;4001.012;137.317;103.984;86.197;103.984;0.002;0.941;4.124;0.124;0;1;29.852;29.853;nan;nan;nan;31960;1;0;0;0;0;0;0
43;1;1;1;IDLE;0.000;0.000;1.000;20578.687789;20578.690773;20578.715172;20578.862625;792714;792714;792714;9909;25;12683424;12683464;100.000;917.726;917.726;7.692;8.450;3044.031;3.273;0.000;0.000;4.058;5.956;0.002;13.286;13.286;158.031;171.852;24.399;7.731;54.454;1.449;0.755;0.434;1.391;0.028;2.983;174.835;4098.987;131.847;98.513;86.966;98.513;0.002;0.562;4.110;0.123;0;1;22.097;22.098;nan;nan;nan;31960;1;0;0;0;0;0;0
44;1;1;1;IDLE;0.000;0.000;1.000;20578.810587;20578.813299;20578.846151;20578.981712;790865;790865;790865;9886;25;12653840;12653880;100.000;899.343;899.343;7.692;8.450;3036.931;2.940;0.000;0.000;4.158;13.646;0.002;20.743;20.743;154.343;168.413;32.851;12.317;63.143;1.548;0.747;0.441;1.394;0.027;2.713;171.126;4184.741;122.527;89.193;87.106;89.193;0.002;0.974;4.125;0.124;0;1;30.116;30.118;nan;nan;nan;31960;1;0;0;0;0;0;0
45;1;1;1;IDLE;0.000;0.000;1.000;20578.930089;20578.932974;20578.965448;20579.142317;787976;787976;787976;9850;25;12607616;12607656;100.000;923.295;923.295;7.737;8.496;3025.837;2.893;0.000;0.000;4.192;13.666;0.002;20.750;20.750;195.687;209.342;32.474;9.912;63.899;1.572;0.749;0.436;1.406;0.030;2.886;212.228;4312.012;119.675;86.341;87.058;86.341;0.002;0.958;4.144;0.124;0;1;29.927;29.928;nan;nan;nan;32148;1;0;0;0;0;0;0
46;1;1;1;IDLE;0.000;0.000;1.000;20579.098143;20579.100879;20579.125160;20579.267225;789717;789717;789717;9872;111;12635472;12635512;100.000;923.970;923.970;34.989;38.431;3032.523;2.893;0.000;0.000;4.108;5.985;0.004;12.986;12.986;152.670;166.345;24.281;7.807;53.482;1.483;0.746;0.437;1.411;0.030;2.737;169.082;4403.587;167.905;134.572;90.027;134.572;0.008;0.504;4.137;0.124;0;1;23.138;23.139;nan;nan;nan;145700;1;0;0;0;0;0;0
47;1;1;1;IDLE;0.000;0.000;1.000;20579.215947;20579.218692;20579.251067;20579.399470;784950;784950;784950;9812;23;12559200;12559240;100.000;876.576;876.576;7.240;7.937;3014.218;3.071;0.000;0.000;4.330;13.609;0.001;21.010;21.010;166.450;180.778;32.375;11.622;64.897;1.722;0.748;0.437;1.393;0.030;2.745;183.523;4502.499;117.813;84.480;89.681;84.480;0.002;0.105;4.191;0.126;0;1;29.763;29.764;nan;nan;nan;30080;1;0;0;0;0;0;0
48;1;1;1;IDLE;0.000;0.000;1.000;20579.348844;20579.351928;20579.383328;20579.509123;781130;781130;781130;9765;19;12498080;12498120;100.000;935.035;935.035;5.887;6.458;2999.549;2.884;0.000;0.000;4.027;13.566;0.002;20.478;20.478;143.828;157.195;31.400;13.027;65.217;1.406;0.750;0.436;1.409;0.026;3.084;160.279;4578.819;133.236;99.902;90.320;99.902;0.002;0.437;4.152;0.125;0;1;29.706;29.707;nan;nan;nan;24440;1;0;0;0;0;0;0
49;1;1;1;IDLE;0.000;0.000;1.000;20579.465029;20579.467765;20579.493113;20579.636024;780468;780468;780468;9756;19;12487488;12487528;100.000;885.131;885.131;5.932;6.504;2997.007;2.879;0.000;0.000;4.416;6.071;0.001;13.366;13.366;154.150;168.259;25.348;7.944;52.731;1.717;0.749;0.439;1.483;0.029;2.736;170.995;4672.386;115.837;82.504;89.831;82.504;0.002;0.750;4.222;0.127;0;1;22.077;22.079;nan;nan;nan;24628;1;0;0;0;0;0;0
50;1;1;1;IDLE;0.000;0.000;1.000;20579.584803;20579.587895;20579.619842;20579.636055;783376;783376;783376;9793;19;12534016;12534056;100.000;917.139;917.139;6.022;6.594;3008.173;3.014;0.000;0.000;4.572;13.520;0.000;21.106;21.106;34.494;48.160;31.947;43.824;66.066;1.962;0.744;0.432;1.405;0.029;3.093;51.253;4639.084;120.130;86.797;89.641;86.797;0.002;0.186;4.314;0.129;0;1;29.699;29.700;nan;nan;nan;25004;1;0;0;0;0;0;0
51;1;1;1;IDLE;0.000;0.000;1.000;20579.700654;20579.703487;20579.736151;20579.866926;787237;787237;787237;9841;23;12595792;12595832;100.000;900.198;900.198;7.060;7.756;3023.000;2.966;0.000;0.000;4.511;13.565;0.003;21.042;21.042;149.446;163.439;32.664;12.875;64.420;1.893;0.745;0.437;1.403;0.033;2.833;166.272;4836.621;115.591;82.258;89.180;82.258;0.002;0.593;4.365;0.131;0;1;29.709;29.710;nan;nan;nan;29328;1;0;0;0;0;0;0
52;1;1;1;IDLE;0.000;0.000;1.000;20579.823845;20579.826634;20579.850816;20580.004888;787734;787734;787734;9847;24;12603744;12603784;100.000;902.656;902.656;7.466;8.194;3024.908;2.877;0.000;0.000;4.068;5.944;0.001;12.889;12.889;164.290;178.254;24.182;7.231;53.299;1.468;0.749;0.434;1.391;0.026;2.790;181.043;4941.250;123.148;89.814;89.220;89.814;0.002;0.204;4.293;0.129;0;1;22.049;22.051;nan;nan;nan;31020;1;0;0;0;0;0;0
53;1;1;1;IDLE;0.000;0.000;1.000;20579.954253;20579.957011;20579.988738;20580.004926;787059;787059;787059;9839;24;12592944;12592984;100.000;934.938;934.938;7.601;8.329;3022.316;2.878;0.000;0.000;4.142;13.561;0.001;20.581;20.581;34.446;47.915;31.727;42.952;64.868;1.529;0.749;0.438;1.400;0.026;2.758;50.673;4907.955;130.377;97.043;89.709;97.043;0.002;0.552;4.258;0.128;0;1;29.708;29.709;nan;nan;nan;31584;1;0;0;0;0;0;0
54;1;1;1;IDLE;0.000;0.000;1.000;20580.070921;20580.073765;20580.106062;20580.231821;786051;786051;786051;9826;24;12576816;12576856;100.000;878.445;878.445;7.466;8.194;3018.445;2.955;0.000;0.000;4.143;13.610;0.003;20.708;20.708;143.739;158.056;32.297;13.101;64.117;1.533;0.744;0.438;1.402;0.026;2.844;160.900;5101.517;116.754;83.421;89.316;83.421;0.002;0.224;4.231;0.127;0;1;29.710;29.711;nan;nan;nan;31020;1;0;0;0;0;0;0
55;1;1;1;IDLE;0.000;0.000;1.000;20580.184745;20580.187610;20580.213737;20580.231861;796213;796213;796213;9953;23;12739408;12739448;100.000;914.355;914.355;7.285;7.982;3057.468;3.111;0.000;0.000;4.485;7.018;0.001;14.613;14.613;30.318;44.251;26.127;33.024;55.932;1.553;0.910;0.509;1.482;0.030;2.865;47.116;5068.223;113.844;80.511;88.765;80.511;0.005;0.686;4.300;0.129;0;1;25.098;25.100;nan;nan;nan;30268;1;0;0;0;0;0;0
56;1;1;1;IDLE;0.000;0.000;1.000;20580.313078;20580.315783;20580.347529;20580.366900;790191;790191;790191;9878;23;12643056;12643096;100.000;935.157;935.157;7.285;7.982;3034.343;2.881;0.000;0.000;4.352;13.511;0.001;20.744;20.744;37.598;51.118;31.747;40.582;65.344;1.483;0.912;0.518;1.405;0.033;2.705;53.823;5169.929;128.173;94.840;89.145;94.840;0.002;0.361;4.315;0.129;0;1;32.841;32.842;nan;nan;nan;30268;1;0;0;0;0;0;0
57;1;1;1;IDLE;0.000;0.000;1.000;20580.443241;20580.446115;20580.478922;20580.613713;798808;798808;798808;9986;24;12780928;12780968;100.000;907.049;907.049;7.421;8.148;3067.432;3.089;0.000;0.000;4.283;13.597;0.003;20.969;20.969;153.507;167.598;32.807;12.511;63.917;1.436;0.920;0.503;1.397;0.027;2.875;170.473;5383.409;130.333;96.999;89.636;96.999;0.001;0.834;4.309;0.129;0;1;33.033;33.035;nan;nan;nan;30832;1;0;0;0;0;0;0
58;1;1;1;IDLE;0.000;0.000;1.000;20580.566379;20580.569123;20580.594615;20580.613752;797924;797924;797924;9975;23;12766784;12766824;100.000;874.216;874.216;7.285;7.982;3064.038;3.195;0.000;0.000;4.282;6.002;0.001;13.479;13.479;30.025;44.629;25.492;30.202;52.874;1.427;0.916;0.505;1.407;0.027;2.744;47.373;5350.114;123.008;89.674;89.638;89.674;0.002;0.602;4.305;0.129;0;1;25.096;25.098;nan;nan;nan;30268;1;0;0;0;0;0;0
59;1;1;1;IDLE;0.000;0.000;1.000;20580.684276;20580.687392;20580.720485;20580.739815;794477;794477;794477;9931;23;12711632;12711672;100.000;892.173;892.173;7.285;7.982;3050.801;2.972;0.000;0.000;4.327;13.596;0.001;20.895;20.895;38.176;52.424;33.094;39.859;63.140;1.477;0.910;0.508;1.404;0.028;3.115;55.539;5442.844;118.268;84.935;89.344;84.935;0.002;0.920;4.312;0.129;0;1;32.887;32.888;nan;nan;nan;30268;1;0;0;0;0;0;0
60;1;1;1;IDLE;0.000;0.000;1.000;20580.802271;20580.805085;20580.837717;20580.985238;789053;789053;789053;9864;24;12624848;12624888;100.000;897.130;897.130;7.376;8.103;3029.973;3.007;0.000;0.000;4.780;13.553;0.002;21.339;21.339;166.081;180.153;32.632;11.845;65.393;1.932;0.906;0.510;1.399;0.033;2.813;182.966;5654.934;117.693;84.360;89.033;84.360;0.002;0.224;4.432;0.133;0;1;32.832;32.833;nan;nan;nan;30644;1;0;0;0;0;0;0
61;1;1;1;IDLE;0.000;0.000;1.000;20580.936691;20580.939397;20580.964611;20581.113540;783874;783874;783874;9799;110;12541984;12542024;100.000;896.454;896.454;34.493;37.904;3010.086;2.899;0.000;0.000;4.368;6.133;0.004;13.399;13.399;160.152;174.143;25.214;7.695;53.144;1.546;0.901;0.502;1.392;0.027;2.706;176.850;5749.902;134.312;100.979;89.779;100.979;0.002;0.720;4.419;0.133;0;1;26.756;26.758;nan;nan;nan;143632;1;0;0;0;0;0;0
62;1;1;1;IDLE;0.000;0.000;1.000;20581.058998;20581.061760;20581.094266;20581.223468;782785;782785;782785;9785;22;12524560;12524600;100.000;906.956;906.956;6.924;7.590;3005.904;2.939;0.000;0.000;4.251;13.498;0.002;20.689;20.689;147.898;161.708;32.507;12.794;63.644;1.403;0.911;0.506;1.406;0.025;2.762;164.470;5826.497;122.363;89.030;89.733;89.030;0.002;0.945;4.380;0.131;0;1;32.769;32.770;nan;nan;nan;28764;1;0;0;0;0;0;0
63;1;1;1;IDLE;0.000;0.000;1.000;20581.168257;20581.170995;20581.203884;20581.340071;782791;782791;782791;9785;18;12524656;12524696;100.000;908.206;908.206;5.571;6.111;3005.927;2.906;0.000;0.000;4.292;13.860;0.001;21.059;21.059;155.285;169.076;32.889;12.455;64.030;1.470;0.906;0.498;1.393;0.026;2.738;171.814;5909.767;109.235;75.902;88.868;75.902;0.002;0.943;4.360;0.131;0;1;33.441;33.442;nan;nan;nan;23124;1;0;0;0;0;0;0
64;1;1;1;IDLE;0.000;0.000;1.000;20581.292962;20581.295771;20581.320484;20581.478564;782127;782127;782127;9777;17;12514032;12514072;100.000;881.464;881.464;5.345;5.855;3003.377;2.921;0.000;0.000;4.240;6.171;0.001;13.332;13.332;168.596;182.793;24.713;7.294;53.950;1.408;0.901;0.508;1.393;0.030;2.809;185.602;6014.926;124.776;91.443;89.029;91.443;0.011;0.092;4.332;0.130;0;1;25.755;25.757;nan;nan;nan;22184;1;0;0;0;0;0;0
65;1;1;1;IDLE;0.000;0.000;1.000;20581.425088;20581.427799;20581.459256;20581.594830;785507;785507;785507;9819;18;12568112;12568152;100.000;931.232;931.232;5.481;6.021;3016.356;2.869;0.000;0.000;4.238;13.636;0.001;20.743;20.743;153.535;167.031;31.456;12.418;65.941;1.407;0.898;0.501;1.404;0.027;2.711;169.742;6097.859;132.028;98.695;89.633;98.695;0.002;0.084;4.311;0.129;0;1;32.941;32.942;nan;nan;nan;22748;1;0;0;0;0;0;0
66;1;1;1;IDLE;0.000;0.000;1.000;20581.539896;20581.542780;20581.575523;20581.710276;789017;789017;789017;9863;19;12624272;12624312;100.000;885.718;885.718;5.842;6.413;3029.835;2.941;0.000;0.000;4.291;13.615;0.001;20.847;20.847;153.243;167.496;32.743;12.446;63.668;1.467;0.899;0.498;1.399;0.028;2.884;170.380;6179.972;114.981;81.647;89.134;81.647;0.002;0.581;4.313;0.129;0;1;32.920;32.921;nan;nan;nan;24252;1;0;0;0;0;0;0
67;1;1;1;IDLE;0.000;0.000;1.000;20581.663435;20581.666532;20581.691119;20581.892415;789641;789641;789641;9871;20;12634256;12634296;100.000;899.862;899.862;6.248;6.851;3032.231;2.992;0.000;0.000;4.306;5.939;0.002;13.236;13.236;211.842;225.883;24.586;5.860;53.836;1.476;0.905;0.504;1.395;0.026;3.098;228.980;6328.777;123.752;90.419;89.214;90.419;0.002;0.299;4.313;0.129;0;1;25.093;25.094;nan;nan;nan;25944;1;0;0;0;0;0;0
68;1;1;1;IDLE;0.000;0.000;1.000;20581.838744;20581.841422;20581.873119;20582.022834;784718;784718;784718;9809;20;12555488;12555528;100.000;931.273;931.273;6.293;6.896;3013.327;2.836;0.000;0.000;4.241;13.530;0.002;20.607;20.607;167.930;181.412;31.697;11.359;65.012;1.420;0.899;0.503;1.393;0.027;2.678;184.090;6425.863;174.890;141.556;92.486;141.556;0.002;0.441;4.298;0.129;0;1;32.823;32.824;nan;nan;nan;26132;1;0;0;0;0;0;0
69;1;1;1;IDLE;0.000;0.000;1.000;20581.968708;20581.971388;20582.003512;20582.136275;778159;778159;778159;9727;21;12450544;12450584;100.000;882.523;882.523;6.654;7.288;2988.140;2.921;0.000;0.000;4.201;13.619;0.002;20.741;20.741;150.780;164.888;32.124;12.579;64.564;1.381;0.895;0.495;1.404;0.026;2.679;167.567;6505.971;129.966;96.632;92.745;96.632;0.002;0.194;4.276;0.128;0;1;32.937;32.938;nan;nan;nan;27636;1;0;0;0;0;0;0
70;1;1;1;IDLE;0.000;0.000;1.000;20582.089431;20582.092330;20582.117217;20582.262280;776327;776327;776327;9705;22;12421232;12421272;100.000;900.987;900.987;6.789;7.454;2981.105;2.981;0.000;0.000;4.625;6.041;0.001;13.646;13.646;156.164;169.950;24.887;8.030;54.834;1.498;0.897;0.501;1.700;0.029;2.900;172.850;6598.643;120.943;87.609;92.424;87.609;0.002;0.432;4.369;0.131;0;1;25.094;25.097;nan;nan;nan;28200;1;0;0;0;0;0;0
71;1;1;1;IDLE;0.000;0.000;1.000;20582.208375;20582.211317;20582.242970;20582.419650;786883;786883;786883;9837;23;12590128;12590168;100.000;911.696;911.696;7.195;7.892;3021.640;2.914;0.000;0.000;4.303;13.516;0.001;20.733;20.733;194.524;208.334;31.653;9.952;65.500;1.486;0.900;0.499;1.391;0.027;2.941;211.275;6722.679;118.986;85.653;92.001;85.653;0.002;0.021;4.355;0.131;0;1;32.824;32.825;nan;nan;nan;29892;1;0;0;0;0;0;0
72;1;1;1;IDLE;0.000;0.000;1.000;20582.365143;20582.367852;20582.400357;20582.528699;787146;787146;787146;9840;22;12594336;12594376;100.000;910.303;910.303;6.924;7.590;3022.650;2.859;0.000;0.000;4.323;13.534;0.001;20.716;20.716;147.011;160.847;32.505;12.879;63.733;1.468;0.905;0.512;1.410;0.028;2.709;163.556;6798.394;156.535;123.202;93.951;123.202;0.002;0.810;4.349;0.130;0;1;32.825;32.826;nan;nan;nan;28764;1;0;0;0;0;0;0
73;1;1;1;IDLE;0.000;0.000;1.000;20582.482051;20582.484803;20582.509250;20582.656206;781047;781047;781047;9764;22;12496752;12496792;100.000;893.915;893.915;6.879;7.545;2999.230;3.000;0.000;0.000;4.231;6.156;0.002;13.387;13.387;157.423;171.403;24.447;7.810;54.759;1.398;0.906;0.509;1.391;0.028;2.753;174.155;6892.568;116.951;83.618;93.305;83.618;0.008;0.072;4.322;0.130;0;1;25.601;25.602;nan;nan;nan;28576;1;0;0;0;0;0;0
74;1;1;1;IDLE;0.000;0.000;1.000;20582.601645;20582.604448;20582.636935;20582.766747;782459;782459;782459;9781;23;12519344;12519384;100.000;884.687;884.687;7.195;7.892;3004.652;2.943;0.000;0.000;4.267;13.559;0.001;20.769;20.769;148.147;162.299;32.487;12.797;63.930;1.404;0.913;0.512;1.411;0.026;2.803;165.101;6969.776;119.645;86.311;92.868;86.311;0.002;0.508;4.310;0.129;0;1;32.827;32.828;nan;nan;nan;29892;1;0;0;0;0;0;0
75;1;1;1;IDLE;0.000;0.000;1.000;20582.712670;20582.715398;20582.747706;20582.918139;781579;781579;781579;9770;23;12505264;12505304;100.000;901.914;901.914;7.150;7.847;3001.273;2.977;0.000;0.000;4.372;13.991;0.002;21.339;21.339;188.875;202.741;32.308;10.525;66.051;1.528;0.907;0.502;1.408;0.026;2.728;205.468;7087.834;110.950;77.617;91.915;77.617;0.002;0.077;4.328;0.130;0;1;33.029;33.030;nan;nan;nan;29704;1;0;0;0;0;0;0
76;1;1;1;IDLE;0.000;0.000;1.000;20582.870854;20582.873565;20582.898018;20583.057439;784181;784181;784181;9803;110;12546896;12546936;100.000;915.200;915.200;34.628;38.039;3011.265;2.869;0.000;0.000;4.233;6.014;0.004;13.115;13.115;170.165;183.875;24.453;7.133;53.633;1.407;0.904;0.500;1.396;0.027;2.711;186.586;7193.802;158.167;124.833;93.972;124.833;0.002;0.495;4.307;0.129;0;1;26.130;26.131;nan;nan;nan;144196;1;0;0;0;0;0;0
77;1;1;1;IDLE;0.000;0.000;1.000;20583.002291;20583.005039;20583.037960;20583.174699;782861;782861;782861;9786;22;12525776;12525816;100.000;876.734;876.734;6.699;7.364;3006.196;2.957;0.000;0.000;4.347;13.647;0.002;20.951;20.951;155.373;169.660;32.921;12.349;63.640;1.498;0.907;0.514;1.399;0.029;2.748;172.408;7277.728;131.474;98.141;94.233;98.141;0.002;0.637;4.319;0.130;0;1;33.122;33.124;nan;nan;nan;27824;1;0;0;0;0;0;0
78;1;1;1;IDLE;0.000;0.000;1.000;20583.120554;20583.123279;20583.155450;20583.286965;779451;779451;779451;9744;17;12471216;12471256;100.000;903.959;903.959;5.120;5.629;2993.101;2.892;0.000;0.000;4.236;13.862;0.002;20.990;20.990;149.890;163.686;32.171;12.824;65.246;1.396;0.904;0.498;1.411;0.027;2.726;166.412;7356.661;118.240;84.907;93.650;84.907;0.002;0.274;4.301;0.129;0;1;33.107;33.108;nan;nan;nan;21244;1;0;0;0;0;0;0
79;1;1;1;IDLE;0.000;0.000;1.000;20583.239556;20583.242393;20583.268886;20583.425289;784719;784719;784719;9809;17;12555504;12555544;100.000;877.708;877.708;5.345;5.855;3013.331;2.967;0.000;0.000;4.355;7.017;0.002;14.339;14.339;168.592;182.897;26.494;7.840;54.120;1.476;0.900;0.507;1.443;0.030;2.836;185.733;7461.652;119.113;85.780;93.158;85.780;0.002;0.815;4.316;0.129;0;1;25.091;25.094;nan;nan;nan;22184;1;0;0;0;0;0;0
80;1;1;1;IDLE;0.000;0.000;1.000;20583.370246;20583.373105;20583.405906;20583.555441;780701;780701;780701;9759;19;12491216;12491256;100.000;896.575;896.575;5.977;6.549;2997.901;3.050;0.000;0.000;4.266;13.731;0.001;21.046;21.046;168.403;182.336;32.801;11.543;64.164;1.418;0.899;0.514;1.408;0.028;2.859;185.195;7558.470;130.713;97.379;93.422;97.379;0.002;0.869;4.306;0.129;0;1;33.110;33.111;nan;nan;nan;24816;1;0;0;0;0;0;0
81;1;1;1;IDLE;0.000;0.000;1.000;20583.501279;20583.503982;20583.536100;20583.670869;785754;785754;785754;9822;21;12572064;12572104;100.000;911.160;911.160;6.654;7.288;3017.305;2.935;0.000;0.000;4.233;13.621;0.002;20.789;20.789;153.089;166.887;32.118;12.457;64.726;1.409;0.898;0.507;1.391;0.029;2.702;169.590;7640.565;130.876;97.543;93.679;97.543;0.002;0.464;4.290;0.129;0;1;32.958;32.959;nan;nan;nan;27636;1;0;0;0;0;0;0
82;1;1;1;IDLE;0.000;0.000;1.000;20583.624032;20583.626810;20583.651822;20583.797002;783308;783308;783308;9792;22;12532928;12532968;100.000;877.006;877.006;6.789;7.454;3007.912;2.908;0.000;0.000;4.212;6.054;0.002;13.174;13.174;155.901;170.192;25.012;7.741;52.670;1.393;0.900;0.497;1.393;0.030;2.778;172.970;7733.364;122.828;89.495;93.418;89.495;0.009;0.446;4.273;0.128;0;1;25.097;25.100;nan;nan;nan;28200;1;0;0;0;0;0;0
83;1;1;1;IDLE;0.000;0.000;1.000;20583.741913;20583.744705;20583.777647;20583.921227;782737;782737;782737;9785;21;12523792;12523832;100.000;893.244;893.244;6.518;7.152;3005.720;3.111;0.000;0.000;4.344;13.601;0.002;21.057;21.057;162.501;176.522;32.941;11.929;63.922;1.430;0.897;0.505;1.484;0.028;2.793;179.314;7824.256;117.896;84.562;92.864;84.562;0.002;0.973;4.293;0.129;0;1;32.953;32.954;nan;nan;nan;27072;1;0;0;0;0;0;0
84;1;1;1;IDLE;0.000;0.000;1.000;20583.866960;20583.869711;20583.901921;20584.041734;781874;781874;781874;9774;22;12509984;12510024;100.000;897.784;897.784;6.970;7.635;3002.406;2.886;0.000;0.000;4.233;13.586;0.002;20.705;20.705;158.089;172.023;32.210;12.036;64.281;1.406;0.903;0.508;1.390;0.027;2.751;174.774;7911.430;125.006;91.672;92.790;91.672;0.002;0.455;4.280;0.128;0;1;32.888;32.889;nan;nan;nan;28952;1;0;0;0;0;0;0
85;1;1;1;IDLE;0.000;0.000;1.000;20583.995421;20583.998431;20584.022576;20584.166697;780545;780545;780545;9757;19;12488720;12488760;100.000;917.725;917.725;5.977;6.549;2997.302;2.902;0.000;0.000;4.230;5.941;0.002;13.072;13.072;154.657;168.266;24.145;7.769;54.141;1.401;0.898;0.509;1.394;0.027;3.010;171.276;8003.059;128.720;95.387;92.952;95.387;0.002;0.363;4.270;0.128;0;1;25.094;25.097;nan;nan;nan;24816;1;0;0;0;0;0;0
86;1;1;1;IDLE;0.000;0.000;1.000;20584.111708;20584.114580;20584.147395;20584.282293;778343;778343;778343;9730;21;12453488;12453528;100.000;877.446;877.446;6.518;7.152;2988.847;3.019;0.000;0.000;4.222;13.485;0.002;20.726;20.726;153.520;167.713;32.815;12.358;63.159;1.388;0.894;0.502;1.412;0.026;2.872;170.585;8085.322;116.149;82.816;92.319;82.816;0.002;0.913;4.260;0.128;0;1;32.784;32.785;nan;nan;nan;27072;1;0;0;0;0;0;0
87;1;1;1;IDLE;0.000;0.000;1.000;20584.227372;20584.230173;20584.263004;20584.406589;778458;778458;778458;9731;21;12455328;12455368;100.000;874.023;874.023;6.383;7.017;2989.288;2.968;0.000;0.000;4.220;13.823;0.002;21.011;21.011;162.166;176.416;32.831;11.910;63.997;1.399;0.888;0.513;1.394;0.026;2.801;179.217;8176.285;115.593;82.259;91.690;82.259;0.002;0.535;4.252;0.128;0;1;33.108;33.109;nan;nan;nan;26508;1;0;0;0;0;0;0
88;1;1;1;IDLE;0.000;0.000;1.000;20584.360983;20584.363666;20584.387450;20584.537721;778592;778592;778592;9733;22;12457472;12457512;100.000;928.765;928.765;6.879;7.545;2989.803;2.820;0.000;0.000;4.221;5.959;0.001;13.000;13.000;160.642;174.056;23.784;7.469;54.658;1.386;0.899;0.501;1.409;0.027;2.683;176.739;8274.084;133.493;100.160;92.219;100.160;0.002;0.188;4.247;0.127;0;1;25.094;25.097;nan;nan;nan;28576;1;0;0;0;0;0;0
89;1;1;1;IDLE;0.000;0.000;1.000;20584.483129;20584.486250;20584.518374;20584.658947;779952;779952;779952;9750;23;12479232;12479272;100.000;880.720;880.720;7.105;7.801;2995.025;2.927;0.000;0.000;4.281;13.596;0.002;20.804;20.804;158.528;172.698;32.124;12.047;64.762;1.435;0.902;0.507;1.410;0.027;3.121;175.818;8361.976;122.584;89.250;92.034;89.250;0.002;0.075;4.257;0.128;0;1;32.940;32.942;nan;nan;nan;29516;1;0;0;0;0;0;0
90;1;1;1;IDLE;0.000;0.000;1.000;20584.604887;20584.608007;20584.639655;20584.771474;779674;779674;779674;9746;23;12474784;12474824;100.000;908.758;908.758;7.105;7.801;2993.958;2.955;0.000;0.000;4.245;13.593;0.002;20.792;20.792;149.739;163.467;31.648;12.720;65.699;1.398;0.903;0.503;1.413;0.028;3.120;166.587;8441.170;121.758;88.424;91.808;88.424;0.007;0.075;4.258;0.128;0;1;32.882;32.883;nan;nan;nan;29516;1;0;0;0;0;0;0
91;1;1;1;IDLE;0.000;0.000;1.000;20584.723220;20584.726064;20584.751338;20584.892439;781083;781083;781083;9764;109;12497328;12497368;100.000;889.001;889.001;34.267;37.647;2999.368;2.977;0.000;0.000;4.360;5.997;0.003;13.334;13.334;152.317;166.375;25.273;8.014;52.758;1.499;0.907;0.512;1.413;0.029;2.844;169.219;8528.801;118.057;84.724;91.365;84.724;0.002;0.856;4.286;0.129;0;1;26.130;26.131;nan;nan;nan;142692;1;0;0;0;0;0;0
92;1;1;1;IDLE;0.000;0.000;1.000;20584.837404;20584.840174;20584.873126;20585.014834;780537;780537;780537;9757;21;12488592;12488632;100.000;868.640;868.640;6.609;7.243;2997.272;2.930;0.000;0.000;4.362;13.518;0.002;20.810;20.810;160.283;174.660;32.952;11.915;63.154;1.528;0.909;0.505;1.391;0.029;2.770;177.431;8617.863;114.110;80.776;90.704;80.776;0.012;0.682;4.307;0.129;0;1;32.828;32.829;nan;nan;nan;27448;1;0;0;0;0;0;0
93;1;1;1;IDLE;0.000;0.000;1.000;20584.960165;20584.963205;20584.995508;20585.120260;773046;773046;773046;9664;17;12368736;12368776;100.000;897.199;897.199;5.255;5.764;2968.506;2.936;0.000;0.000;4.225;13.613;0.002;20.774;20.774;143.269;157.055;32.302;13.228;64.312;1.389;0.895;0.509;1.406;0.027;3.040;160.095;8689.956;123.031;89.698;90.641;89.698;0.002;0.676;4.289;0.129;0;1;32.936;32.937;nan;nan;nan;21808;1;0;0;0;0;0;0
94;1;1;1;IDLE;0.000;0.000;1.000;20585.073954;20585.076744;20585.101254;20585.120289;770822;770822;770822;9636;16;12333152;12333192;100.000;897.134;897.134;5.075;5.553;2959.966;2.869;0.000;0.000;4.218;6.093;0.000;13.181;13.181;29.797;43.545;24.510;30.269;53.776;1.381;0.889;0.518;1.405;0.025;2.790;46.334;8656.651;113.539;80.205;89.989;80.205;0.002;0.449;4.277;0.128;0;1;25.095;25.096;nan;nan;nan;21056;1;0;0;0;0;0;0
95;1;1;1;IDLE;0.000;0.000;1.000;20585.186711;20585.189415;20585.222177;20585.367606;778859;778859;778859;9736;19;12461744;12461784;100.000;895.408;895.408;5.887;6.458;2990.828;2.892;0.000;0.000;4.294;13.751;0.002;20.937;20.937;164.274;178.192;32.762;11.750;63.906;1.480;0.892;0.502;1.394;0.026;2.703;180.895;8870.635;112.671;79.337;89.323;79.337;0.002;0.797;4.283;0.128;0;1;33.114;33.116;nan;nan;nan;24440;1;0;0;0;0;0;0
96;1;1;1;IDLE;0.000;0.000;1.000;20585.314026;20585.316735;20585.348287;20585.489122;778333;778333;778333;9730;22;12453328;12453368;100.000;921.333;921.333;6.699;7.364;2988.808;2.878;0.000;0.000;4.269;13.560;0.002;20.707;20.707;158.870;172.387;31.552;12.012;65.629;1.447;0.898;0.498;1.402;0.026;2.710;175.097;8958.818;127.321;93.987;89.614;93.987;0.002;0.203;4.285;0.129;0;1;32.876;32.878;nan;nan;nan;27824;1;0;0;0;0;0;0
97;1;1;1;IDLE;0.000;0.000;1.000;20585.441902;20585.444793;20585.470024;20585.614126;782798;782798;782798;9785;23;12524768;12524808;100.000;877.155;877.155;7.015;7.711;3005.954;3.029;0.000;0.000;4.409;6.002;0.002;13.439;13.439;155.053;169.332;25.231;7.936;53.263;1.570;0.904;0.499;1.405;0.030;2.892;172.224;9050.488;128.058;94.725;89.934;94.725;0.002;0.539;4.318;0.130;0;1;25.094;25.098;nan;nan;nan;29140;1;0;0;0;0;0;0
98;1;1;1;IDLE;0.000;0.000;1.000;20585.559845;20585.563041;20585.594839;20585.732576;781418;781418;781418;9768;22;12502688;12502728;100.000;915.433;915.433;6.834;7.500;3000.655;2.892;0.000;0.000;4.362;13.533;0.002;20.787;20.787;155.877;169.535;31.799;12.261;65.372;1.506;0.908;0.508;1.412;0.027;3.196;172.731;9135.605;118.248;84.914;89.620;84.914;0.002;0.244;4.334;0.130;0;1;32.816;32.817;nan;nan;nan;28388;1;0;0;0;0;0;0
99;1;1;1;IDLE;0.000;0.000;1.000;20585.677674;20585.680460;20585.713236;20585.845703;777382;777382;777382;9718;22;12438112;12438152;100.000;885.284;885.284;6.699;7.364;2985.156;2.936;0.000;0.000;4.752;13.661;0.001;21.349;21.349;151.192;165.242;32.776;12.920;65.136;1.875;0.935;0.512;1.399;0.031;2.787;168.029;9215.398;117.420;84.086;89.274;84.086;0.007;0.305;4.443;0.133;0;1;32.997;32.998;nan;nan;nan;27824;1;0;0;0;0;0;0
100;1;1;1;IDLE;0.000;0.000;1.000;20585.798470;20585.801164;20585.825921;20585.984993;778267;778267;778267;9729;21;12452272;12452312;100.000;891.737;891.737;6.383;7.017;2988.555;2.861;0.000;0.000;4.283;6.064;0.002;13.208;13.208;169.865;183.829;24.757;7.185;53.351;1.471;0.891;0.504;1.392;0.026;2.694;186.523;9321.356;120.704;87.370;89.155;87.370;0.002;0.443;4.406;0.132;0;1;25.842;25.845;nan;nan;nan;26508;1;0;0;0;0;0;0
101;1;1;1;IDLE;0.000;0.000;1.000;20585.931304;20585.934001;20585.965725;20586.108337;780699;780699;780699;9759;21;12491184;12491224;100.000;928.790;928.790;6.473;7.107;2997.894;2.863;0.000;0.000;4.207;13.559;0.002;20.628;20.628;160.887;174.336;31.724;11.833;65.025;1.389;0.898;0.498;1.395;0.028;2.697;177.033;9411.366;132.837;99.503;89.802;99.503;0.002;0.507;4.358;0.131;0;1;32.824;32.825;nan;nan;nan;26884;1;0;0;0;0;0;0
102;1;1;1;IDLE;0.000;0.000;1.000;20586.053706;20586.056628;20586.089043;20586.213816;780328;780328;780328;9755;21;12485248;12485288;100.000;880.783;880.783;6.428;7.062;2996.469;2.952;0.000;0.000;4.289;13.589;0.002;20.830;20.830;143.013;157.188;32.415;13.252;64.261;1.446;0.904;0.501;1.411;0.026;2.921;160.109;9483.512;122.627;89.294;89.770;89.294;0.002;0.359;4.343;0.130;0;1;32.880;32.881;nan;nan;nan;26696;1;0;0;0;0;0;0
103;1;1;1;IDLE;0.000;0.000;1.000;20586.166407;20586.169181;20586.194751;20586.348898;782351;782351;782351;9780;21;12517616;12517656;100.000;869.806;869.806;6.473;7.107;3004.237;2.930;0.000;0.000;4.374;6.032;0.002;13.335;13.335;165.325;179.717;25.570;7.420;52.151;1.478;0.898;0.500;1.472;0.026;2.774;182.491;9585.260;112.553;79.220;89.111;79.220;0.002;0.771;4.356;0.131;0;1;25.093;25.094;nan;nan;nan;26884;1;0;0;0;0;0;0
104;1;1;1;IDLE;0.000;0.000;1.000;20586.295260;20586.297952;20586.329568;20586.479261;782164;782164;782164;9778;21;12514624;12514664;100.000;922.841;922.841;6.383;7.017;3003.519;2.865;0.000;0.000;4.222;13.550;0.002;20.638;20.638;167.748;181.309;31.616;11.383;65.277;1.393;0.908;0.504;1.390;0.027;2.692;184.001;9682.290;128.771;95.438;89.506;95.438;0.002;0.279;4.325;0.130;0;1;32.877;32.878;nan;nan;nan;26508;1;0;0;0;0;0;0
105;1;1;1;IDLE;0.000;0.000;1.000;20586.424579;20586.427542;20586.459945;20586.594738;783021;783021;783021;9788;22;12528336;12528376;100.000;897.952;897.952;6.834;7.500;3006.810;2.924;0.000;0.000;4.233;13.623;0.002;20.780;20.780;153.243;167.196;32.403;12.429;64.131;1.396;0.902;0.506;1.397;0.032;2.963;170.158;9764.434;129.590;96.257;89.928;96.257;0.002;0.592;4.304;0.129;0;1;32.936;32.937;nan;nan;nan;28388;1;0;0;0;0;0;0
106;1;1;1;IDLE;0.000;0.000;1.000;20586.546077;20586.549188;20586.574601;20586.713815;786829;786829;786829;9836;105;12589264;12589304;100.000;914.364;914.364;33.139;36.394;3021.433;2.955;0.000;0.000;4.685;5.994;0.004;13.634;13.634;150.859;164.627;25.413;8.282;53.649;1.839;0.903;0.498;1.413;0.031;3.112;167.739;9850.178;121.646;88.313;89.827;88.313;0.002;0.963;4.401;0.132;0;1;26.126;26.128;nan;nan;nan;137992;1;0;0;0;0;0;0
107;1;1;1;IDLE;0.000;0.000;1.000;20586.658908;20586.661711;20586.694505;20586.835038;789365;789365;789365;9868;23;12629840;12629880;100.000;897.602;897.602;7.015;7.711;3031.171;2.986;0.000;0.000;4.416;13.628;0.002;21.030;21.030;159.257;173.328;32.795;12.133;64.127;1.487;0.905;0.510;1.483;0.031;2.803;176.130;9938.067;112.522;79.189;89.162;79.189;0.002;0.677;4.412;0.132;0;1;32.934;32.935;nan;nan;nan;29140;1;0;0;0;0;0;0
108;1;1;1;IDLE;0.000;0.000;1.000;20586.779514;20586.782297;20586.815744;20587.009677;790807;790807;790807;9886;19;12652912;12652952;100.000;862.710;862.710;5.842;6.413;3036.708;3.029;0.000;0.000;4.466;13.590;0.002;21.085;21.085;212.713;227.379;33.447;9.273;63.041;1.372;0.907;0.503;1.405;0.279;2.783;230.163;10079.372;120.587;87.253;89.043;87.253;0.030;0.693;4.428;0.133;0;1;32.881;32.882;nan;nan;nan;24252;1;0;0;0;0;0;0
109;1;1;1;IDLE;0.000;0.000;1.000;20586.963303;20586.966032;20586.990557;20587.155789;789334;789334;789334;9867;17;12629344;12629384;100.000;925.146;925.146;5.345;5.855;3031.052;2.849;0.000;0.000;4.313;5.976;0.002;13.138;13.138;176.106;189.757;24.525;6.923;53.568;1.469;0.918;0.509;1.390;0.027;2.728;192.486;10192.151;183.734;150.401;92.878;150.401;0.002;0.582;4.401;0.132;0;1;25.093;25.094;nan;nan;nan;22184;1;0;0;0;0;0;0
110;1;1;1;IDLE;0.000;0.000;1.000;20587.100743;20587.103511;20587.136457;20587.273302;783753;783753;783753;9797;18;12540048;12540088;100.000;865.270;865.270;5.661;6.202;3009.621;2.997;0.000;0.000;4.621;13.545;0.002;21.163;21.163;155.298;169.791;32.946;12.464;64.237;1.773;0.902;0.504;1.409;0.033;2.769;172.559;10276.331;137.480;104.146;93.582;104.146;0.002;0.284;4.461;0.134;0;1;32.873;32.874;nan;nan;nan;23500;1;0;0;0;0;0;0
111;1;1;1;IDLE;0.000;0.000;1.000;20587.218771;20587.221582;20587.253902;20587.389578;781240;781240;781240;9766;21;12499840;12499880;100.000;908.172;908.172;6.564;7.198;2999.971;2.917;0.000;0.000;4.587;13.723;0.002;21.227;21.227;154.232;167.996;32.321;12.636;65.678;1.532;0.905;0.510;1.609;0.032;2.810;170.807;10359.274;118.070;84.737;93.029;84.737;0.002;0.244;4.497;0.135;0;1;33.118;33.120;nan;nan;nan;27260;1;0;0;0;0;0;0
112;1;1;1;IDLE;0.000;0.000;1.000;20587.343467;20587.346202;20587.371487;20587.538684;781247;781247;781247;9766;22;12499952;12499992;100.000;909.692;909.692;6.744;7.409;2999.998;2.933;0.000;0.000;4.237;7.015;0.001;14.185;14.185;178.741;192.482;25.285;7.370;56.102;1.405;0.902;0.508;1.396;0.026;2.735;195.218;10475.047;124.620;91.287;92.920;91.287;0.002;0.289;4.434;0.133;0;1;25.102;25.104;nan;nan;nan;28012;1;0;0;0;0;0;0
113;1;1;1;IDLE;0.000;0.000;1.000;20587.484348;20587.487044;20587.519372;20587.655116;783523;783523;783523;9795;22;12536368;12536408;100.000;905.143;905.143;6.789;7.454;3008.738;2.880;0.000;0.000;4.225;13.570;0.002;20.674;20.674;154.222;168.072;32.328;12.301;63.952;1.397;0.900;0.495;1.407;0.027;2.696;170.768;10558.145;140.842;107.509;93.832;107.509;0.002;0.680;4.384;0.132;0;1;32.880;32.881;nan;nan;nan;28200;1;0;0;0;0;0;0
114;1;1;1;IDLE;0.000;0.000;1.000;20587.600732;20587.603559;20587.635774;20587.759989;783046;783046;783046;9789;23;12528736;12528776;100.000;887.107;887.107;7.285;7.982;3006.906;2.964;0.000;0.000;4.253;13.701;0.002;20.918;20.918;142.306;156.429;32.215;13.372;64.933;1.408;0.898;0.507;1.412;0.028;2.828;159.257;10629.685;116.515;83.182;93.167;83.182;0.002;0.135;4.354;0.131;0;1;33.040;33.041;nan;nan;nan;30268;1;0;0;0;0;0;0
115;1;1;1;IDLE;0.000;0.000;1.000;20587.712307;20587.715062;20587.740467;20587.885442;785712;785712;785712;9822;22;12571392;12571432;100.000;886.145;886.145;6.879;7.545;3017.144;2.941;0.000;0.000;4.728;6.123;0.002;13.792;13.792;156.193;170.380;25.405;8.095;54.289;1.537;0.906;0.510;1.748;0.028;2.755;173.134;10721.804;111.503;78.169;92.229;78.169;0.002;0.364;4.452;0.134;0;1;25.642;25.644;nan;nan;nan;28576;1;0;0;0;0;0;0
116;1;1;1;IDLE;0.000;0.000;1.000;20587.830254;20587.833036;20587.866160;20588.018866;788409;788409;788409;9856;22;12614544;12614584;100.000;861.207;861.207;6.834;7.500;3027.500;3.063;0.000;0.000;4.335;13.547;0.002;20.946;20.946;171.182;185.830;33.124;11.271;63.235;1.501;0.904;0.510;1.394;0.027;2.782;188.611;10821.895;117.974;84.641;91.755;84.641;0.002;0.591;4.425;0.133;0;1;32.826;32.827;nan;nan;nan;28388;1;0;0;0;0;0;0
117;1;1;1;IDLE;0.000;0.000;1.000;20587.964972;20587.967786;20587.999603;20588.128297;785289;785289;785289;9817;21;12564624;12564664;100.000;916.257;916.257;6.518;7.152;3015.519;2.911;0.000;0.000;4.268;13.678;0.002;20.857;20.857;146.798;160.511;31.818;12.994;65.553;1.411;0.906;0.519;1.402;0.030;2.814;163.325;10897.992;134.750;101.416;92.359;101.416;0.011;0.147;4.388;0.132;0;1;32.937;32.938;nan;nan;nan;27072;1;0;0;0;0;0;0
118;1;1;1;IDLE;0.000;0.000;1.000;20588.080746;20588.083591;20588.109263;20588.128331;784314;784314;784314;9804;20;12549024;12549064;100.000;867.548;867.548;6.338;6.941;3011.775;2.983;0.000;0.000;4.830;6.064;0.001;13.877;13.877;30.275;44.740;25.672;31.017;54.055;1.687;0.905;0.510;1.696;0.032;2.845;47.585;10864.693;115.805;82.472;91.741;82.472;0.002;0.311;4.505;0.135;0;1;25.093;25.095;nan;nan;nan;26320;1;0;0;0;0;0;0
119;1;1;1;IDLE;0.000;0.000;1.000;20588.198990;20588.201752;20588.234262;20588.388674;784830;784830;784830;9811;21;12557280;12557320;100.000;898.694;898.694;6.473;7.107;3013.757;2.916;0.000;0.000;4.356;13.789;0.002;21.061;21.061;172.949;186.922;32.510;11.267;64.783;1.512;0.910;0.508;1.396;0.030;2.762;189.684;11091.703;118.161;84.828;91.309;84.828;0.002;0.389;4.470;0.134;0;1;33.111;33.112;nan;nan;nan;26884;1;0;0;0;0;0;0
120;1;1;1;IDLE;0.000;0.000;1.000;20588.333815;20588.336895;20588.369369;20588.511226;784742;784742;784742;9810;21;12555872;12555912;100.000;900.371;900.371;6.564;7.198;3013.419;2.922;0.000;0.000;4.247;13.577;0.002;20.747;20.747;160.386;174.331;32.474;11.901;63.887;1.406;0.898;0.510;1.407;0.027;3.080;177.411;11180.921;135.142;101.809;91.965;101.809;0.002;0.702;4.417;0.133;0;1;32.880;32.881;nan;nan;nan;27260;1;0;0;0;0;0;0
121;1;1;1;IDLE;0.000;0.000;1.000;20588.463336;20588.466307;20588.491038;20588.640210;787186;787186;787186;9840;108;12594976;12595016;100.000;894.064;894.064;34.042;37.390;3022.804;2.949;0.000;0.000;4.313;5.945;0.003;13.206;13.206;159.816;173.904;24.731;7.594;53.400;1.471;0.904;0.503;1.409;0.026;2.971;176.875;11276.573;129.412;96.079;92.222;96.079;0.002;0.383;4.393;0.132;0;1;26.128;26.130;nan;nan;nan;141752;1;0;0;0;0;0;0
122;1;1;1;IDLE;0.000;0.000;1.000;20588.585806;20588.588808;20588.620933;20588.755310;792161;792161;792161;9903;23;12674576;12674616;100.000;930.890;930.890;7.015;7.711;3041.908;2.871;0.000;0.000;4.308;13.554;0.001;20.732;20.732;152.886;166.502;32.125;12.452;64.536;1.452;0.909;0.507;1.411;0.030;3.002;169.504;11358.339;122.501;89.168;92.031;89.168;0.002;0.645;4.374;0.131;0;1;32.828;32.829;nan;nan;nan;29140;1;0;0;0;0;0;0
123;1;1;1;IDLE;0.000;0.000;1.000;20588.700396;20588.703125;20588.735993;20588.866022;788290;788290;788290;9854;18;12612640;12612680;100.000;863.668;863.668;5.571;6.111;3027.043;2.970;0.000;0.000;4.323;13.892;0.001;21.185;21.185;148.294;162.897;32.868;13.005;64.453;1.482;0.904;0.512;1.396;0.029;2.728;165.625;11435.718;114.317;80.983;91.341;80.983;0.002;0.047;4.363;0.131;0;1;33.206;33.207;nan;nan;nan;23124;1;0;0;0;0;0;0
124;1;1;1;IDLE;0.000;0.000;1.000;20588.819526;20588.822288;20588.847038;20589.000105;789222;789222;789222;9866;18;12627552;12627592;100.000;885.046;885.046;5.526;6.066;3030.622;2.960;0.000;0.000;4.311;6.112;0.001;13.383;13.383;163.549;177.817;24.750;7.526;54.073;1.481;0.910;0.496;1.397;0.027;2.762;180.579;11536.467;119.163;85.830;90.996;85.830;0.002;0.056;4.353;0.131;0;1;25.093;25.094;nan;nan;nan;22936;1;0;0;0;0;0;0
125;1;1;1;IDLE;0.000;0.000;1.000;20588.945938;20588.948654;20588.980820;20589.115541;787173;787173;787173;9840;19;12594768;12594808;100.000;906.263;906.263;5.932;6.504;3022.754;2.877;0.000;0.000;4.325;13.598;0.002;20.800;20.800;152.990;166.887;32.166;12.464;64.665;1.471;0.908;0.510;1.409;0.027;2.715;169.603;11618.570;126.366;93.033;91.124;93.033;0.002;0.343;4.348;0.130;0;1;32.880;32.881;nan;nan;nan;24628;1;0;0;0;0;0;0
126;1;1;1;IDLE;0.000;0.000;1.000;20589.060907;20589.063659;20589.096196;20589.217849;776279;776279;776279;9704;20;12420464;12420504;100.000;897.734;897.734;6.293;6.896;2980.921;2.933;0.000;0.000;4.620;13.695;0.001;21.248;21.248;140.354;154.190;32.537;13.781;65.305;1.784;0.895;0.504;1.411;0.026;2.752;156.942;11687.544;115.005;81.672;90.533;81.672;0.007;0.379;4.420;0.133;0;1;33.036;33.038;nan;nan;nan;26132;1;0;0;0;0;0;0
127;1;1;1;IDLE;0.000;0.000;1.000;20589.170193;20589.172918;20589.197933;20589.217884;773912;773912;773912;9674;21;12382592;12382632;100.000;901.553;901.553;6.654;7.288;2971.832;2.902;0.000;0.000;4.249;6.185;0.001;13.337;13.337;31.232;44.967;25.016;29.660;53.314;1.432;0.887;0.504;1.398;0.029;2.725;47.691;11654.247;109.259;75.925;89.620;75.925;0.002;0.844;4.380;0.131;0;1;26.097;26.098;nan;nan;nan;27636;1;0;0;0;0;0;0
128;1;1;1;IDLE;0.000;0.000;1.000;20589.298195;20589.300887;20589.332588;20589.470446;773302;773302;773302;9667;22;12372832;12372872;100.000;904.937;904.937;6.879;7.545;2969.489;2.852;0.000;0.000;4.241;13.542;0.002;20.635;20.635;155.886;169.559;31.701;12.170;65.092;1.396;0.901;0.507;1.407;0.030;2.692;172.251;11873.475;127.969;94.636;89.933;94.636;0.002;0.243;4.347;0.130;0;1;32.828;32.830;nan;nan;nan;28576;1;0;0;0;0;0;0
129;1;1;1;IDLE;0.000;0.000;1.000;20589.415789;20589.418501;20589.451028;20589.586721;777001;777001;777001;9713;22;12432016;12432056;100.000;905.795;905.795;6.879;7.545;2983.693;2.885;0.000;0.000;4.231;13.707;0.002;20.823;20.823;154.495;168.220;32.527;12.378;64.016;1.409;0.900;0.504;1.391;0.026;2.713;170.933;11956.417;117.614;84.281;89.580;84.281;0.002;0.861;4.320;0.130;0;1;33.121;33.123;nan;nan;nan;28576;1;0;0;0;0;0;0
130;1;1;1;IDLE;0.000;0.000;1.000;20589.540155;20589.542932;20589.567644;20589.586759;783174;783174;783174;9790;21;12530784;12530824;100.000;886.706;886.706;6.654;7.288;3007.398;2.919;0.000;0.000;4.289;6.031;0.000;13.239;13.239;29.695;43.827;24.712;30.208;53.573;1.444;0.899;0.511;1.408;0.028;2.777;46.603;11923.121;124.431;91.097;89.675;91.097;0.002;0.257;4.315;0.129;0;1;25.104;25.106;nan;nan;nan;27636;1;0;0;0;0;0;0
131;1;1;1;IDLE;0.000;0.000;1.000;20589.658882;20589.661745;20589.694495;20589.714025;786108;786108;786108;9827;21;12577728;12577768;100.000;872.994;872.994;6.654;7.288;3018.664;3.112;0.000;0.000;4.254;13.605;0.002;20.971;20.971;37.872;52.280;32.750;40.113;64.033;1.409;0.904;0.499;1.413;0.029;2.863;55.143;12017.054;118.813;85.480;89.413;85.480;0.002;0.481;4.302;0.129;0;1;33.096;33.097;nan;nan;nan;27636;1;0;0;0;0;0;0
132;1;1;1;IDLE;0.000;0.000;1.000;20589.784132;20589.787201;20589.819791;20589.962589;785622;785622;785622;9821;21;12569952;12569992;100.000;913.228;913.228;6.564;7.198;3016.798;2.924;0.000;0.000;4.358;13.607;0.002;20.890;20.890;161.623;175.387;32.590;11.911;64.099;1.544;0.896;0.500;1.393;0.025;3.069;178.456;12232.284;125.456;92.123;89.582;92.123;0.002;0.857;4.318;0.130;0;1;32.883;32.884;nan;nan;nan;27260;1;0;0;0;0;0;0
133;1;1;1;IDLE;0.000;0.000;1.000;20589.915462;20589.918179;20589.943454;20590.087592;787265;787265;787265;9841;21;12596240;12596280;100.000;870.572;870.572;6.428;7.062;3023.107;3.092;0.000;0.000;4.308;5.963;0.002;13.364;13.364;154.945;169.414;25.275;7.888;52.873;1.471;0.903;0.496;1.412;0.026;2.717;172.131;12323.955;130.977;97.644;90.086;97.644;0.002;0.532;4.318;0.130;0;1;25.094;25.096;nan;nan;nan;26696;1;0;0;0;0;0;0
134;1;1;1;IDLE;0.000;0.000;1.000;20590.032808;20590.035630;20590.068283;20590.199147;787734;787734;787734;9847;21;12603744;12603784;100.000;902.750;902.750;6.383;7.017;3024.908;2.981;0.000;0.000;4.321;13.517;0.001;20.819;20.819;149.555;163.517;32.653;12.732;63.759;1.473;0.903;0.508;1.411;0.026;2.822;166.338;12402.176;117.451;84.118;89.713;84.118;0.002;0.851;4.321;0.130;0;1;32.823;32.824;nan;nan;nan;26508;1;0;0;0;0;0;0
135;1;1;1;IDLE;0.000;0.000;1.000;20590.143975;20590.146816;20590.179865;20590.315446;786766;786766;786766;9835;22;12588256;12588296;100.000;886.840;886.840;6.699;7.364;3021.191;2.952;0.000;0.000;4.449;13.838;0.002;21.239;21.239;154.436;168.630;33.049;12.595;64.264;1.596;0.933;0.496;1.395;0.030;2.841;171.472;12485.142;111.186;77.853;88.972;77.853;0.008;0.559;4.355;0.131;0;1;33.116;33.117;nan;nan;nan;27824;1;0;0;0;0;0;0
136;1;1;1;IDLE;0.000;0.000;1.000;20590.267429;20590.270513;20590.295360;20590.451565;787622;787622;787622;9846;100;12601952;12601992;100.000;920.170;920.170;31.380;34.478;3024.478;2.920;0.000;0.000;4.324;6.045;0.003;13.288;13.288;167.357;181.052;24.847;7.339;53.480;1.479;0.901;0.505;1.411;0.028;3.084;184.137;12587.927;123.697;90.364;89.059;90.364;0.002;0.781;4.350;0.130;0;1;26.126;26.130;nan;nan;nan;130660;1;0;0;0;0;0;0
137;1;1;1;IDLE;0.000;0.000;1.000;20590.397083;20590.399796;20590.432253;20590.567000;784509;784509;784509;9807;25;12552144;12552184;100.000;885.899;885.899;7.782;8.541;3012.524;3.032;0.000;0.000;4.233;13.636;0.002;20.901;20.901;153.035;167.204;32.457;12.500;64.395;1.405;0.897;0.500;1.405;0.026;2.713;169.917;12670.029;129.283;95.950;89.489;95.950;0.002;0.417;4.323;0.130;0;1;32.945;32.946;nan;nan;nan;32336;1;0;0;0;0;0;0
138;1;1;1;IDLE;0.000;0.000;1.000;20590.512167;20590.514983;20590.547695;20590.677801;782962;782962;782962;9788;21;12527392;12527432;100.000;865.354;865.354;6.473;7.107;3006.584;3.014;0.000;0.000;4.254;13.807;0.002;21.076;21.076;148.341;162.818;32.712;12.944;64.429;1.420;0.894;0.507;1.404;0.029;2.816;165.634;12747.497;115.187;81.854;89.012;81.854;0.002;0.171;4.308;0.129;0;1;33.109;33.110;nan;nan;nan;26884;1;0;0;0;0;0;0
139;1;1;1;IDLE;0.000;0.000;1.000;20590.630668;20590.633360;20590.658191;20590.677838;785441;785441;785441;9819;21;12567056;12567096;100.000;923.483;923.483;6.654;7.288;3016.103;2.867;0.000;0.000;4.258;6.025;0.001;13.151;13.151;30.869;44.478;24.831;29.567;52.960;1.420;0.896;0.510;1.405;0.026;2.691;47.169;12714.200;118.376;85.043;88.764;85.043;0.002;0.937;4.298;0.129;0;1;25.631;25.633;nan;nan;nan;27636;1;0;0;0;0;0;0
140;1;1;1;IDLE;0.000;0.000;1.000;20590.753044;20590.756197;20590.789007;20590.939711;786857;786857;786857;9836;21;12589712;12589752;100.000;875.947;875.947;6.428;7.062;3021.540;3.029;0.000;0.000;4.300;13.554;0.002;20.884;20.884;169.140;183.513;32.810;11.380;63.651;1.462;0.903;0.514;1.392;0.029;3.153;186.666;12942.740;122.838;89.504;88.810;89.504;0.002;0.580;4.301;0.129;0;1;32.879;32.880;nan;nan;nan;26696;1;0;0;0;0;0;0
141;1;1;1;IDLE;0.000;0.000;1.000;20590.885285;20590.887996;20590.920395;20591.055148;786209;786209;786209;9828;23;12579344;12579384;100.000;884.352;884.352;7.015;7.711;3019.052;3.091;0.000;0.000;4.238;13.636;0.002;20.965;20.965;152.928;167.152;32.399;12.542;64.707;1.393;0.904;0.511;1.402;0.029;2.711;169.863;13024.844;131.799;98.466;89.414;98.466;0.002;0.298;4.287;0.129;0;1;32.948;32.949;nan;nan;nan;29140;1;0;0;0;0;0;0
142;1;1;1;IDLE;0.000;0.000;1.000;20591.008273;20591.011049;20591.036032;20591.178434;785895;785895;785895;9824;24;12574320;12574360;100.000;922.112;922.112;7.421;8.148;3017.846;2.840;0.000;0.000;4.402;5.984;0.002;13.225;13.225;153.748;167.385;24.982;7.901;52.939;1.567;0.894;0.503;1.412;0.026;2.777;170.161;13114.796;123.053;89.720;89.433;89.720;0.002;0.957;4.318;0.130;0;1;25.096;25.099;nan;nan;nan;30832;1;0;0;0;0;0;0
143;1;1;1;IDLE;0.000;0.000;1.000;20591.123415;20591.126136;20591.159133;20591.302495;783109;783109;783109;9789;24;12529744;12529784;100.000;879.268;879.268;7.511;8.239;3007.148;2.953;0.000;0.000;4.697;13.806;0.001;21.456;21.456;162.109;176.359;32.997;12.166;65.024;1.518;0.902;0.509;1.739;0.029;2.721;179.080;13205.524;115.086;81.753;88.953;81.753;0.008;0.234;4.417;0.133;0;1;33.104;33.105;nan;nan;nan;31208;1;0;0;0;0;0;0
144;1;1;1;IDLE;0.000;0.000;1.000;20591.247753;20591.250977;20591.283187;20591.413426;783994;783994;783994;9800;25;12543904;12543944;100.000;908.121;908.121;7.737;8.496;3010.547;2.881;0.000;0.000;4.245;13.578;0.001;20.704;20.704;148.635;162.449;32.210;12.745;64.278;1.412;0.898;0.505;1.404;0.026;3.224;165.673;13283.121;124.841;91.508;89.113;91.508;0.002;0.572;4.376;0.131;0;1;32.884;32.885;nan;nan;nan;32148;1;0;0;0;0;0;0
145;1;1;1;IDLE;0.000;0.000;1.000;20591.365780;20591.368569;20591.394082;20591.541009;785959;785959;785959;9825;24;12575344;12575384;100.000;874.698;874.698;7.466;8.194;3018.092;2.942;0.000;0.000;4.251;6.195;0.001;13.388;13.388;158.064;172.441;25.513;7.764;52.475;1.420;0.907;0.505;1.393;0.026;2.789;175.230;13377.372;117.592;84.258;88.809;84.258;0.002;0.687;4.347;0.130;0;1;25.536;25.537;nan;nan;nan;31020;1;0;0;0;0;0;0
146;1;1;1;IDLE;0.000;0.000;1.000;20591.486009;20591.488744;20591.521682;20591.659577;789030;789030;789030;9863;24;12624480;12624520;100.000;891.609;891.609;7.421;8.148;3029.885;2.971;0.000;0.000;4.342;13.515;0.002;20.828;20.828;156.674;170.834;32.939;12.192;63.233;1.496;0.910;0.511;1.398;0.027;2.734;173.568;13462.606;120.175;86.842;88.686;86.842;0.002;0.920;4.348;0.130;0;1;32.839;32.840;nan;nan;nan;30832;1;0;0;0;0;0;0
147;1;1;1;IDLE;0.000;0.000;1.000;20591.604562;20591.607321;20591.640146;20591.777841;794594;794594;794594;9933;25;12713504;12713544;100.000;908.099;908.099;7.646;8.405;3051.251;2.953;0.000;0.000;4.338;13.700;0.002;20.991;20.991;156.520;170.520;32.825;12.310;63.949;1.479;0.913;0.509;1.407;0.029;2.759;173.279;13547.537;118.577;85.244;88.471;85.244;0.002;0.784;4.349;0.130;0;1;33.128;33.130;nan;nan;nan;31772;1;0;0;0;0;0;0
148;1;1;1;IDLE;0.000;0.000;1.000;20591.730348;20591.733282;20591.758675;20591.911338;797998;797998;797998;9975;24;12767968;12768008;100.000;885.561;885.561;7.376;8.103;3064.322;2.959;0.000;0.000;4.361;5.937;0.193;13.256;13.256;163.638;178.057;25.393;7.445;52.204;1.421;1.008;0.500;1.406;0.026;2.934;180.991;13647.701;125.961;92.628;88.731;92.628;0.002;0.675;4.354;0.131;0;1;25.097;25.101;nan;nan;nan;30644;1;0;0;0;0;0;0
149;1;1;1;IDLE;0.000;0.000;1.000;20591.855693;20591.858469;20591.891685;20592.036210;798639;798639;798639;9983;24;12778224;12778264;100.000;882.449;882.449;7.331;8.058;3066.783;3.153;0.000;0.000;4.286;13.651;0.001;21.090;21.090;163.261;177.741;33.216;11.866;63.495;1.424;0.923;0.518;1.392;0.029;2.776;180.517;13739.239;125.187;91.854;88.926;91.854;0.002;0.795;4.340;0.130;0;1;33.110;33.111;nan;nan;nan;30456;1;0;0;0;0;0;0
150;1;1;1;IDLE;0.000;0.000;1.000;20591.980955;20591.983898;20592.016923;20592.221907;796693;796693;796693;9959;23;12747088;12747128;100.000;878.618;878.618;7.285;7.982;3059.311;3.007;0.000;0.000;4.369;13.598;0.002;20.975;20.975;223.501;238.009;33.025;8.813;63.511;1.530;0.917;0.499;1.397;0.027;2.943;240.952;13891.603;125.429;92.096;89.124;92.096;0.002;0.547;4.349;0.130;0;1;32.882;32.883;nan;nan;nan;30268;1;0;0;0;0;0;0
151;1;1;1;IDLE;0.000;0.000;1.000;20592.174122;20592.176855;20592.201713;20592.354880;794717;794717;794717;9934;105;12715472;12715512;100.000;923.109;923.109;33.094;36.349;3051.723;2.929;0.000;0.000;4.294;5.936;0.003;13.159;13.159;164.250;178.025;24.858;7.392;52.936;1.422;0.918;0.519;1.408;0.027;2.733;180.758;13991.242;192.957;159.624;93.530;159.624;0.002;0.851;4.338;0.130;0;1;26.126;26.129;nan;nan;nan;137804;1;0;0;0;0;0;0
152;1;1;1;IDLE;0.000;0.000;1.000;20592.299584;20592.302731;20592.335606;20592.485316;792861;792861;792861;9911;22;12685776;12685816;100.000;899.145;899.145;6.924;7.590;3044.596;2.919;0.000;0.000;4.407;13.535;0.002;20.862;20.862;168.477;182.586;32.875;11.426;63.458;1.554;0.923;0.505;1.395;0.031;3.147;185.733;14088.345;125.876;92.542;93.469;92.542;0.011;0.812;4.357;0.131;0;1;32.806;32.807;nan;nan;nan;28764;1;0;0;0;0;0;0
153;1;1;1;IDLE;0.000;0.000;1.000;20592.431230;20592.434093;20592.466012;20592.620807;792789;792789;792789;9910;19;12684624;12684664;100.000;921.919;921.919;5.751;6.323;3044.319;2.917;0.000;0.000;4.242;13.636;0.001;20.796;20.796;172.955;186.714;31.919;11.138;65.151;1.407;0.913;0.506;1.389;0.027;2.864;189.578;14190.503;131.363;98.029;93.754;98.029;0.002;0.279;4.331;0.130;0;1;32.936;32.937;nan;nan;nan;23876;1;0;0;0;0;0;0
154;1;1;1;IDLE;0.000;0.000;1.000;20592.574797;20592.577520;20592.601686;20592.747819;792309;792309;792309;9904;18;12676944;12676984;100.000;925.095;925.095;5.571;6.111;3042.476;2.923;0.000;0.000;4.313;5.973;0.001;13.209;13.209;156.595;170.299;24.166;7.756;54.661;1.460;0.913;0.514;1.396;0.030;2.724;173.022;14284.181;143.427;110.094;94.775;110.094;0.002;0.173;4.329;0.130;0;1;25.090;25.093;nan;nan;nan;23124;1;0;0;0;0;0;0
155;1;1;1;IDLE;0.000;0.000;1.000;20592.692753;20592.695934;20592.728537;20592.871222;791925;791925;791925;9900;19;12670800;12670840;100.000;879.553;879.553;5.977;6.549;3041.002;2.981;0.000;0.000;4.247;13.546;0.001;20.774;20.774;160.883;175.289;32.603;11.851;63.717;1.410;0.908;0.500;1.401;0.028;3.180;178.469;14374.251;118.413;85.080;94.169;85.080;0.002;0.402;4.310;0.129;0;1;32.825;32.826;nan;nan;nan;24816;1;0;0;0;0;0;0
156;1;1;1;IDLE;0.000;0.000;1.000;20592.815629;20592.818482;20592.851882;20592.993681;793795;793795;793795;9923;22;12700720;12700760;100.000;890.275;890.275;6.924;7.590;3048.182;2.999;0.000;0.000;4.791;13.603;0.002;21.393;21.393;160.933;175.199;33.400;12.211;64.051;1.873;0.950;0.524;1.411;0.033;2.853;178.052;14463.377;122.549;89.215;93.859;89.215;0.002;0.737;4.433;0.133;0;1;32.940;32.941;nan;nan;nan;28764;1;0;0;0;0;0;0
157;1;1;1;IDLE;0.000;0.000;1.000;20592.946559;20592.949291;20592.974628;20593.118742;793460;793460;793460;9919;22;12695360;12695400;100.000;861.111;861.111;6.789;7.454;3046.896;3.088;0.000;0.000;4.357;6.043;0.001;13.488;13.488;154.707;169.450;25.336;7.960;53.234;1.489;0.918;0.511;1.411;0.027;2.733;172.183;14555.104;130.809;97.476;94.085;97.476;0.002;0.191;4.418;0.133;0;1;25.093;25.094;nan;nan;nan;28200;1;0;0;0;0;0;0
158;1;1;1;IDLE;0.000;0.000;1.000;20593.063450;20593.066475;20593.099431;20593.243094;795527;795527;795527;9945;22;12728432;12728472;100.000;873.236;873.236;6.789;7.454;3054.833;3.174;0.000;0.000;4.286;13.573;0.002;21.033;21.033;162.043;176.620;32.957;11.909;63.820;1.436;0.915;0.506;1.400;0.030;3.024;179.644;14646.123;117.183;83.850;93.446;83.850;0.002;0.519;4.387;0.132;0;1;32.880;32.881;nan;nan;nan;28200;1;0;0;0;0;0;0
159;1;1;1;IDLE;0.000;0.000;1.000;20593.187872;20593.190959;20593.223775;20593.371568;798776;798776;798776;9985;23;12780416;12780456;100.000;873.478;873.478;7.150;7.847;3067.309;3.069;0.000;0.000;4.255;13.626;0.002;20.951;20.951;165.977;180.609;32.817;11.600;63.842;1.410;0.927;0.498;1.394;0.027;3.087;183.696;14741.263;124.484;91.151;93.302;91.151;0.002;0.301;4.357;0.131;0;1;32.942;32.943;nan;nan;nan;29704;1;0;0;0;0;0;0
160;1;1;1;IDLE;0.000;0.000;1.000;20593.324889;20593.327651;20593.352540;20593.371605;799362;799362;799362;9993;22;12789792;12789832;100.000;921.080;921.080;6.970;7.635;3069.560;2.934;0.000;0.000;4.671;6.065;0.001;13.669;13.669;30.069;43.954;24.889;31.099;54.921;1.812;0.921;0.504;1.407;0.028;2.762;46.717;14707.968;136.692;103.359;93.931;103.359;0.002;0.265;4.440;0.133;0;1;25.088;25.091;nan;nan;nan;28952;1;0;0;0;0;0;0
161;1;1;1;IDLE;0.000;0.000;1.000;20593.451081;20593.453971;20593.486377;20593.627991;789777;789777;789777;9873;23;12636432;12636472;100.000;919.403;919.403;7.060;7.756;3032.753;2.888;0.000;0.000;4.356;13.614;0.002;20.858;20.858;160.276;174.020;32.406;11.986;64.363;1.499;0.903;0.514;1.410;0.030;2.890;176.911;14931.020;126.320;92.987;93.872;92.987;0.011;0.681;4.421;0.133;0;1;32.940;32.941;nan;nan;nan;29328;1;0;0;0;0;0;0
162;1;1;1;IDLE;0.000;0.000;1.000;20593.572622;20593.575453;20593.608656;20593.737435;790930;790930;790930;9887;22;12654880;12654920;100.000;861.854;861.854;6.879;7.545;3037.181;2.998;0.000;0.000;4.262;13.606;0.002;20.866;20.866;147.298;161.982;33.203;12.882;62.843;1.421;0.905;0.500;1.406;0.029;2.831;164.813;15007.131;121.482;88.149;93.514;88.149;0.002;0.649;4.383;0.131;0;1;32.938;32.939;nan;nan;nan;28576;1;0;0;0;0;0;0
163;1;1;1;IDLE;0.000;0.000;1.000;20593.691182;20593.693919;20593.718307;20593.869504;793734;793734;793734;9922;23;12699744;12699784;100.000;903.024;903.024;7.150;7.847;3047.948;2.925;0.000;0.000;4.296;5.981;0.002;13.202;13.202;161.520;175.584;24.387;7.519;54.136;1.460;0.908;0.500;1.401;0.026;2.737;178.321;15105.866;118.466;85.133;92.990;85.133;0.002;0.044;4.364;0.131;0;1;25.105;25.107;nan;nan;nan;29704;1;0;0;0;0;0;0
164;1;1;1;IDLE;0.000;0.000;1.000;20593.814302;20593.817103;20593.850139;20593.991847;792883;792883;792883;9912;23;12686128;12686168;100.000;857.308;857.308;7.195;7.892;3044.680;3.044;0.000;0.000;4.266;13.524;0.002;20.834;20.834;159.947;174.744;33.036;11.923;63.064;1.416;0.904;0.507;1.412;0.027;2.800;177.545;15194.876;123.183;89.850;92.794;89.850;0.002;0.446;4.342;0.130;0;1;32.885;32.886;nan;nan;nan;29892;1;0;0;0;0;0;0
165;1;1;1;IDLE;0.000;0.000;1.000;20593.937338;20593.940220;20593.972549;20594.107320;791299;791299;791299;9892;24;12660784;12660824;100.000;888.096;888.096;7.376;8.103;3038.598;3.038;0.000;0.000;4.246;13.648;0.002;20.931;20.931;152.844;167.100;32.329;12.526;64.744;1.422;0.904;0.502;1.392;0.026;2.881;169.981;15277.015;123.117;89.784;92.606;89.784;0.002;0.177;4.320;0.130;0;1;32.943;32.944;nan;nan;nan;30644;1;0;0;0;0;0;0
166;1;1;1;IDLE;0.000;0.000;1.000;20594.059271;20594.062273;20594.087140;20594.225508;789485;789485;789485;9869;101;12631760;12631800;100.000;881.916;881.916;31.876;35.006;3031.632;2.997;0.000;0.000;4.437;5.952;0.003;13.386;13.386;148.912;163.235;24.867;8.200;53.830;1.593;0.907;0.508;1.403;0.026;3.002;166.237;15361.870;122.053;88.720;92.363;88.720;0.002;0.152;4.351;0.131;0;1;26.128;26.131;nan;nan;nan;132728;1;0;0;0;0;0;0
167;1;1;1;IDLE;0.000;0.000;1.000;20594.170610;20594.173483;20594.206164;20594.359646;789977;789977;789977;9875;23;12639632;12639672;100.000;873.615;873.615;7.060;7.756;3033.521;3.151;0.000;0.000;4.329;13.715;0.001;21.195;21.195;171.694;186.163;32.681;11.385;64.854;1.493;0.902;0.508;1.396;0.029;2.873;189.036;15462.675;111.211;77.877;91.458;77.877;0.002;0.166;4.348;0.130;0;1;33.056;33.057;nan;nan;nan;29328;1;0;0;0;0;0;0
168;1;1;1;IDLE;0.000;0.000;1.000;20594.304793;20594.307571;20594.340347;20594.474145;791598;791598;791598;9895;19;12665568;12665608;100.000;886.004;886.004;5.977;6.549;3039.746;3.050;0.000;0.000;4.369;13.585;0.002;21.004;21.004;152.279;166.574;32.777;12.609;64.082;1.519;0.902;0.510;1.410;0.028;2.778;169.352;15543.841;134.087;100.754;92.039;100.754;0.002;0.525;4.356;0.131;0;1;32.881;32.882;nan;nan;nan;24816;1;0;0;0;0;0;0
169;1;1;1;IDLE;0.000;0.000;1.000;20594.426212;20594.429035;20594.455040;20594.607114;795034;795034;795034;9938;20;12720544;12720584;100.000;864.093;864.093;6.067;6.670;3052.940;3.068;0.000;0.000;4.403;5.992;0.001;13.463;13.463;163.358;178.079;26.006;7.560;51.768;1.569;0.910;0.508;1.390;0.026;2.823;180.902;15643.476;121.464;88.131;91.794;88.131;0.002;0.887;4.371;0.131;0;1;25.093;25.095;nan;nan;nan;25192;1;0;0;0;0;0;0
170;1;1;1;IDLE;0.000;0.000;1.000;20594.552832;20594.555569;20594.587836;20594.726733;794863;794863;794863;9936;20;12717808;12717848;100.000;919.686;919.686;6.248;6.851;3052.284;2.912;0.000;0.000;4.321;13.494;0.001;20.726;20.726;157.335;171.163;32.266;12.109;64.235;1.472;0.912;0.503;1.404;0.030;2.737;173.901;15729.762;126.535;93.201;91.882;93.201;0.011;0.611;4.361;0.131;0;1;32.770;32.771;nan;nan;nan;25944;1;0;0;0;0;0;0
171;1;1;1;IDLE;0.000;0.000;1.000;20594.671266;20594.674160;20594.707424;20594.832368;794885;794885;794885;9937;21;12718160;12718200;100.000;877.076;877.076;6.564;7.198;3052.368;2.986;0.000;0.000;4.596;13.804;0.002;21.387;21.387;143.707;158.208;33.264;13.518;64.294;1.747;0.907;0.503;1.408;0.032;2.894;161.102;15802.064;118.591;85.258;91.468;85.258;0.002;0.360;4.422;0.133;0;1;33.109;33.111;nan;nan;nan;27260;1;0;0;0;0;0;0
172;1;1;1;IDLE;0.000;0.000;1.000;20594.784600;20594.787458;20594.813084;20594.974086;788905;788905;788905;9862;21;12622480;12622520;100.000;892.950;892.950;6.473;7.107;3029.405;2.965;0.000;0.000;4.357;6.197;0.001;13.519;13.519;172.492;186.628;25.626;7.244;52.756;1.527;0.900;0.511;1.390;0.029;2.858;189.487;15910.449;113.298;79.964;90.749;79.964;0.002;0.934;4.408;0.132;0;1;25.479;25.480;nan;nan;nan;26884;1;0;0;0;0;0;0
173;1;1;1;IDLE;0.000;0.000;1.000;20594.919494;20594.922205;20594.954777;20595.093557;787376;787376;787376;9843;21;12598016;12598056;100.000;921.282;921.282;6.564;7.198;3023.533;2.877;0.000;0.000;4.303;13.576;0.002;20.756;20.756;157.677;171.352;32.572;12.113;63.724;1.469;0.896;0.501;1.409;0.028;2.711;174.063;15996.586;134.747;101.414;91.416;101.414;0.002;1.016;4.385;0.132;0;1;32.882;32.883;nan;nan;nan;27260;1;0;0;0;0;0;0
174;1;1;1;IDLE;0.000;0.000;1.000;20595.038172;20595.041485;20595.074216;20595.197445;791921;791921;791921;9900;22;12670736;12670776;100.000;889.534;889.534;6.834;7.500;3040.986;2.997;0.000;0.000;4.287;13.737;0.002;21.021;21.021;141.715;155.960;32.731;13.478;64.223;1.445;0.901;0.500;1.415;0.027;3.314;159.273;16067.140;119.280;85.947;91.074;85.947;0.002;0.460;4.362;0.131;0;1;33.074;33.075;nan;nan;nan;28388;1;0;0;0;0;0;0
175;1;1;1;IDLE;0.000;0.000;1.000;20595.149461;20595.152213;20595.177931;20595.332923;785044;785044;785044;9814;22;12560704;12560744;100.000;897.395;897.395;6.699;7.364;3014.579;2.954;0.000;0.000;4.645;6.190;0.001;13.789;13.789;166.713;180.710;25.718;7.631;53.617;1.483;0.898;0.507;1.727;0.030;2.752;183.462;16169.285;110.728;77.394;90.219;77.394;0.002;0.883;4.438;0.133;0;1;25.701;25.702;nan;nan;nan;27824;1;0;0;0;0;0;0
176;1;1;1;IDLE;0.000;0.000;1.000;20595.278023;20595.281062;20595.313585;20595.463286;785759;785759;785759;9822;22;12572144;12572184;100.000;905.705;905.705;6.744;7.409;3017.324;2.865;0.000;0.000;4.246;13.545;0.001;20.656;20.656;168.343;182.224;32.524;11.335;63.510;1.414;0.894;0.506;1.406;0.026;3.038;185.262;16266.315;128.849;95.516;90.550;95.516;0.002;0.849;4.392;0.132;0;1;32.880;32.881;nan;nan;nan;28012;1;0;0;0;0;0;0
177;1;1;1;IDLE;0.000;0.000;1.000;20595.409348;20595.412132;20595.443980;20595.575724;782963;782963;782963;9788;23;12527408;12527448;100.000;921.418;921.418;7.015;7.711;3006.588;2.876;0.000;0.000;4.250;13.636;0.002;20.761;20.761;149.996;163.592;31.848;12.691;65.189;1.432;0.894;0.507;1.391;0.027;2.785;166.376;16345.420;131.071;97.737;90.999;97.737;0.002;0.364;4.358;0.131;0;1;32.939;32.939;nan;nan;nan;29140;1;0;0;0;0;0;0
178;1;1;1;IDLE;0.000;0.000;1.000;20595.527943;20595.530886;20595.556600;20595.575760;783666;783666;783666;9796;21;12538656;12538696;100.000;864.545;864.545;6.654;7.288;3009.287;3.035;0.000;0.000;4.420;5.974;0.001;13.429;13.429;30.371;44.874;25.714;29.925;52.223;1.515;0.951;0.511;1.413;0.030;2.943;47.817;16312.122;118.753;85.420;90.651;85.420;0.002;0.815;4.376;0.131;0;1;25.094;25.097;nan;nan;nan;27636;1;0;0;0;0;0;0
179;1;1;1;IDLE;0.000;0.000;1.000;20595.642581;20595.645366;20595.678546;20595.817297;786714;786714;786714;9834;22;12587424;12587464;100.000;875.110;875.110;6.744;7.409;3020.991;3.043;0.000;0.000;4.652;13.645;0.002;21.341;21.341;157.547;171.931;33.180;12.412;64.317;1.792;0.912;0.509;1.409;0.030;2.784;174.715;16520.326;114.480;81.147;90.057;81.147;0.012;0.486;4.449;0.133;0;1;33.005;33.006;nan;nan;nan;28012;1;0;0;0;0;0;0
180;1;1;1;IDLE;0.000;0.000;1.000;20595.762562;20595.765555;20595.798022;20595.945622;787583;787583;787583;9845;21;12601328;12601368;100.000;888.981;888.981;6.428;7.062;3024.328;3.003;0.000;0.000;4.309;13.850;0.001;21.162;21.162;165.891;180.067;32.467;11.752;65.178;1.487;0.897;0.498;1.398;0.030;2.993;183.060;16615.317;120.189;86.856;89.857;86.856;0.002;0.131;4.417;0.132;0;1;33.120;33.122;nan;nan;nan;26696;1;0;0;0;0;0;0
181;1;1;1;IDLE;0.000;0.000;1.000;20595.897147;20595.899997;20595.925446;20596.075609;793719;793719;793719;9922;104;12699504;12699544;100.000;864.339;864.339;32.643;35.867;3047.891;3.033;0.000;0.000;4.336;5.957;0.003;13.326;13.326;160.919;175.612;25.449;7.588;52.364;1.495;0.908;0.503;1.404;0.027;2.849;178.461;16711.971;134.442;101.108;90.560;101.108;0.002;0.460;4.399;0.132;0;1;26.129;26.132;nan;nan;nan;135924;1;0;0;0;0;0;0
182;1;1;1;IDLE;0.000;0.000;1.000;20596.020600;20596.023329;20596.056333;20596.194165;792329;792329;792329;9905;21;12677264;12677304;100.000;891.704;891.704;6.564;7.198;3042.553;2.982;0.000;0.000;4.280;13.555;0.002;20.817;20.817;156.619;170.836;33.004;12.185;63.074;1.429;0.906;0.506;1.413;0.027;2.729;173.565;16797.194;123.332;89.999;90.525;89.999;0.002;0.950;4.372;0.131;0;1;32.827;32.828;nan;nan;nan;27260;1;0;0;0;0;0;0
183;1;1;1;IDLE;0.000;0.000;1.000;20596.138397;20596.141224;20596.174859;20596.315451;801464;801464;801464;10019;17;12823424;12823464;100.000;864.191;864.191;5.300;5.809;3077.631;3.159;0.000;0.000;4.254;13.804;0.002;21.217;21.217;159.388;174.227;33.635;12.178;63.078;1.429;0.911;0.496;1.390;0.029;2.827;177.054;16885.147;117.895;84.562;90.152;84.562;0.002;0.736;4.344;0.130;0;1;33.105;33.107;nan;nan;nan;21996;1;0;0;0;0;0;0
184;1;1;1;IDLE;0.000;0.000;1.000;20596.268473;20596.271230;20596.296360;20596.449537;796948;796948;796948;9962;18;12751168;12751208;100.000;921.340;921.340;5.481;6.021;3060.290;2.920;0.000;0.000;4.297;6.003;0.001;13.221;13.221;164.467;178.307;25.129;7.415;52.610;1.436;0.927;0.506;1.398;0.031;2.757;181.063;16985.899;130.006;96.673;90.560;96.673;0.002;0.987;4.335;0.130;0;1;25.091;25.092;nan;nan;nan;22748;1;0;0;0;0;0;0
185;1;1;1;IDLE;0.000;0.000;1.000;20596.394422;20596.397175;20596.430204;20596.572032;802598;802598;802598;10033;21;12841568;12841608;100.000;903.247;903.247;6.428;7.062;3081.986;3.002;0.000;0.000;4.303;13.551;0.002;20.856;20.856;160.639;174.856;33.029;11.928;63.145;1.457;0.924;0.503;1.390;0.030;2.753;177.610;17075.061;125.945;92.612;90.688;92.612;0.002;0.955;4.329;0.130;0;1;32.881;32.882;nan;nan;nan;26696;1;0;0;0;0;0;0
186;1;1;1;IDLE;0.000;0.000;1.000;20596.516835;20596.519670;20596.552694;20596.684321;797039;797039;797039;9963;22;12752624;12752664;100.000;883.411;883.411;6.924;7.590;3060.639;3.160;0.000;0.000;4.302;13.754;0.002;21.216;21.216;150.215;164.650;33.024;12.886;64.245;1.449;0.919;0.507;1.397;0.030;2.836;167.486;17154.016;122.495;89.162;90.592;89.162;0.002;0.529;4.325;0.130;0;1;33.089;33.090;nan;nan;nan;28764;1;0;0;0;0;0;0
187;1;1;1;IDLE;0.000;0.000;1.000;20596.637053;20596.639874;20596.665255;20596.806571;797511;797511;797511;9969;22;12760176;12760216;100.000;875.245;875.245;6.924;7.590;3062.452;3.105;0.000;0.000;4.684;6.035;0.001;13.824;13.824;152.119;166.698;25.382;8.293;54.463;1.745;0.910;0.512;1.486;0.031;2.821;169.519;17242.934;120.203;86.870;90.360;86.870;0.002;0.081;4.419;0.133;0;1;25.096;25.098;nan;nan;nan;28764;1;0;0;0;0;0;0
188;1;1;1;IDLE;0.000;0.000;1.000;20596.750814;20596.753613;20596.787225;20597.000884;794879;794879;794879;9936;21;12718064;12718104;100.000;861.868;861.868;6.473;7.107;3052.345;3.153;0.000;0.000;4.291;13.737;0.001;21.182;21.182;232.515;247.272;33.613;8.566;63.017;1.435;0.914;0.519;1.393;0.031;2.799;250.070;17403.913;113.739;80.406;89.738;80.406;0.011;0.816;4.389;0.132;0;1;33.080;33.081;nan;nan;nan;26884;1;0;0;0;0;0;0
189;1;1;1;IDLE;0.000;0.000;1.000;20596.946235;20596.948970;20596.981611;20597.114764;793590;793590;793590;9920;21;12697440;12697480;100.000;920.262;920.262;6.654;7.288;3047.395;2.893;0.000;0.000;4.257;13.668;0.001;20.818;20.818;151.997;165.795;32.642;12.556;63.777;1.424;0.911;0.506;1.389;0.027;2.734;168.529;17484.460;195.357;162.024;94.256;162.024;0.002;0.916;4.359;0.131;0;1;32.938;32.939;nan;nan;nan;27636;1;0;0;0;0;0;0
190;1;1;1;IDLE;0.000;0.000;1.000;20597.067312;20597.070071;20597.095496;20597.289505;788938;788938;788938;9862;22;12623008;12623048;100.000;863.680;863.680;6.789;7.454;3029.532;3.008;0.000;0.000;4.321;6.269;0.001;13.598;13.598;204.818;219.433;25.424;6.197;53.483;1.481;0.897;0.507;1.408;0.029;2.759;222.192;17625.867;121.102;87.768;93.850;87.768;0.002;0.216;4.352;0.131;0;1;25.534;25.536;nan;nan;nan;28200;1;0;0;0;0;0;0
191;1;1;1;IDLE;0.000;0.000;1.000;20597.235243;20597.237953;20597.270214;20597.289540;784846;784846;784846;9811;21;12557536;12557576;100.000;916.159;916.159;6.654;7.288;3013.818;2.891;0.000;0.000;4.226;13.596;0.000;20.712;20.712;37.880;51.587;32.261;40.150;64.202;1.401;0.900;0.507;1.391;0.027;2.710;54.298;17592.569;167.882;134.548;96.394;134.548;0.002;0.730;4.323;0.130;0;1;32.883;32.884;nan;nan;nan;27636;1;0;0;0;0;0;0
192;1;1;1;IDLE;0.000;0.000;1.000;20597.378296;20597.381122;20597.413554;20597.557359;788004;788004;788004;9851;22;12608064;12608104;100.000;921.011;921.011;6.744;7.409;3025.945;2.880;0.000;0.000;4.312;13.600;0.002;20.793;20.793;162.549;176.238;32.432;11.798;64.111;1.478;0.903;0.508;1.395;0.028;2.825;179.063;17827.055;143.169;109.835;97.234;109.835;0.002;0.828;4.323;0.130;0;1;32.881;32.882;nan;nan;nan;28012;1;0;0;0;0;0;0
193;1;1;1;IDLE;0.000;0.000;1.000;20597.510756;20597.513576;20597.538210;20597.708431;795964;795964;795964;9950;21;12735424;12735464;100.000;899.408;899.408;6.473;7.107;3056.511;2.957;0.000;0.000;4.279;5.946;0.002;13.182;13.182;180.695;194.855;24.633;6.765;53.515;1.428;0.906;0.527;1.392;0.027;2.821;197.675;17944.793;132.455;99.121;97.352;99.121;0.002;0.246;4.314;0.129;0;1;25.092;25.093;nan;nan;nan;26884;1;0;0;0;0;0;0
194;1;1;1;IDLE;0.000;0.000;1.000;20597.654415;20597.657164;20597.689121;20597.822979;799207;799207;799207;9991;21;12787312;12787352;100.000;921.830;921.830;6.564;7.198;3068.964;2.950;0.000;0.000;4.309;13.522;0.002;20.781;20.781;151.944;165.816;31.957;12.532;65.026;1.439;0.910;0.521;1.411;0.027;2.748;168.564;18026.008;143.587;110.254;98.158;110.254;0.002;0.252;4.315;0.129;0;1;32.829;32.830;nan;nan;nan;27260;1;0;0;0;0;0;0
195;1;1;1;IDLE;0.000;0.000;1.000;20597.766958;20597.769800;20597.803702;20597.940854;799402;799402;799402;9993;22;12790432;12790472;100.000;878.164;878.164;6.879;7.545;3069.713;3.032;0.000;0.000;4.880;13.836;0.001;21.748;21.748;156.488;171.054;33.901;12.714;64.151;1.736;0.918;0.519;1.680;0.028;2.842;173.896;18110.549;112.637;79.303;96.980;79.303;0.002;0.617;4.459;0.134;0;1;33.110;33.112;nan;nan;nan;28576;1;0;0;0;0;0;0
196;1;1;1;IDLE;0.000;0.000;1.000;20597.891898;20597.894699;20597.920158;20598.081411;800483;800483;800483;10007;104;12807728;12807768;100.000;897.313;897.313;32.598;35.821;3073.864;2.956;0.000;0.000;4.451;6.000;0.003;13.407;13.407;172.439;186.712;25.459;7.181;52.661;1.589;0.916;0.511;1.403;0.031;2.801;189.513;18217.773;124.898;91.565;96.641;91.565;0.009;0.725;4.459;0.134;0;1;26.693;26.695;nan;nan;nan;135736;1;0;0;0;0;0;0
197;1;1;1;IDLE;0.000;0.000;1.000;20598.025854;20598.028644;20598.062072;20598.200860;798336;798336;798336;9980;21;12773376;12773416;100.000;881.670;881.670;6.518;7.152;3065.620;3.018;0.000;0.000;4.999;13.601;0.002;21.618;21.618;157.728;172.216;33.427;12.553;64.671;2.011;1.052;0.499;1.406;0.032;2.790;175.006;18303.889;133.946;100.612;96.890;100.612;0.002;0.337;4.596;0.138;0;1;32.937;32.938;nan;nan;nan;27072;1;0;0;0;0;0;0
198;1;1;1;IDLE;0.000;0.000;1.000;20598.146054;20598.148907;20598.181663;20598.315129;798454;798454;798454;9981;17;12775264;12775304;100.000;892.248;892.248;5.255;5.764;3066.073;3.042;0.000;0.000;4.324;13.912;0.001;21.277;21.277;151.904;166.223;32.756;12.800;64.956;1.482;0.908;0.504;1.404;0.026;2.852;169.075;18384.825;120.262;86.929;96.267;86.929;0.002;0.200;4.531;0.136;0;1;33.106;33.107;nan;nan;nan;21808;1;0;0;0;0;0;0
199;1;1;1;IDLE;0.000;0.000;1.000;20598.267170;20598.270048;20598.296005;20598.459125;800770;800770;800770;10010;17;12812320;12812360;100.000;867.757;867.757;5.210;5.719;3074.966;3.114;0.000;0.000;4.273;5.969;0.001;13.356;13.356;174.312;189.077;25.958;7.064;51.452;1.431;0.919;0.500;1.397;0.026;2.877;191.954;18495.487;121.141;87.808;95.738;87.808;0.002;0.949;4.468;0.134;0;1;25.090;25.091;nan;nan;nan;21620;1;0;0;0;0;0;0
200;1;1;1;IDLE;0.000;0.000;1.000;20598.404625;20598.407368;20598.439851;20598.591547;802378;802378;802378;10030;19;12838048;12838088;100.000;917.980;917.980;5.887;6.458;3081.141;2.979;0.000;0.000;4.280;13.495;0.002;20.754;20.754;170.194;184.180;32.483;11.268;63.892;1.439;0.920;0.504;1.390;0.027;2.743;186.922;18594.576;137.320;103.987;96.254;103.987;0.002;0.720;4.424;0.133;0;1;32.766;32.767;nan;nan;nan;24440;1;0;0;0;0;0;0
201;1;1;1;IDLE;0.000;0.000;1.000;20598.536344;20598.539105;20598.572278;20598.708053;805285;805285;805285;10067;21;12884560;12884600;100.000;894.847;894.847;6.473;7.107;3092.304;3.058;0.000;0.000;4.292;13.613;0.001;20.963;20.963;154.549;168.948;33.173;12.408;63.193;1.435;0.922;0.506;1.402;0.028;2.762;171.709;18677.749;131.738;98.404;96.388;98.404;0.002;0.867;4.393;0.132;0;1;32.879;32.879;nan;nan;nan;26884;1;0;0;0;0;0;0
202;1;1;1;IDLE;0.000;0.000;1.000;20598.659815;20598.662642;20598.688958;20598.708086;803318;803318;803318;10042;21;12853088;12853128;100.000;862.190;862.190;6.654;7.288;3084.751;3.088;0.000;0.000;4.897;5.995;0.000;13.980;13.980;30.537;45.444;26.316;30.763;53.123;1.733;0.919;0.510;1.702;0.034;2.827;48.271;18644.449;123.537;90.203;96.002;90.203;0.002;0.514;4.526;0.136;0;1;25.087;25.088;nan;nan;nan;27636;1;0;0;0;0;0;0
203;1;1;1;IDLE;0.000;0.000;1.000;20598.778031;20598.780887;20598.813834;20598.958411;802036;802036;802036;10026;23;12832576;12832616;100.000;882.390;882.390;7.015;7.711;3079.828;3.049;0.000;0.000;4.657;13.598;0.002;21.303;21.303;162.981;177.524;32.948;12.000;64.658;1.791;0.919;0.509;1.408;0.030;2.856;180.380;18861.440;118.245;84.911;95.309;84.911;0.002;0.147;4.563;0.137;0;1;32.926;32.927;nan;nan;nan;29140;1;0;0;0;0;0;0
204;1;1;1;IDLE;0.000;0.000;1.000;20598.902664;20598.905936;20598.939091;20599.080931;810228;810228;810228;10128;22;12963648;12963688;100.000;881.955;881.955;6.744;7.409;3111.285;3.172;0.000;0.000;4.310;13.568;0.002;21.051;21.051;160.295;174.994;33.155;12.029;63.492;1.442;0.932;0.510;1.396;0.030;3.273;178.267;18950.627;125.050;91.716;95.084;91.716;0.002;0.575;4.502;0.135;0;1;32.885;32.886;nan;nan;nan;28012;1;0;0;0;0;0;0
205;1;1;1;IDLE;0.000;0.000;1.000;20599.032912;20599.035866;20599.061825;20599.080966;808185;808185;808185;10103;20;12930960;12931000;100.000;872.011;872.011;6.338;6.941;3103.440;3.140;0.000;0.000;4.322;5.997;0.001;13.459;13.459;30.271;45.100;25.959;29.843;51.848;1.459;0.934;0.506;1.393;0.030;2.954;48.054;18917.328;129.930;96.596;95.179;96.596;0.009;0.801;4.459;0.134;0;1;25.100;25.101;nan;nan;nan;26320;1;0;0;0;0;0;0
206;1;1;1;IDLE;0.000;0.000;1.000;20599.161333;20599.164309;20599.198762;20599.218195;815223;815223;815223;10191;21;13043568;13043608;100.000;879.605;879.605;6.654;7.288;3130.466;3.067;0.000;0.000;5.079;13.631;0.001;21.778;21.778;39.057;53.886;34.453;40.414;63.209;2.042;1.087;0.503;1.414;0.033;2.976;56.862;19021.224;128.443;95.110;95.174;95.110;0.002;0.911;4.616;0.138;0;1;33.027;33.029;nan;nan;nan;27636;1;0;0;0;0;0;0
207;1;1;1;IDLE;0.000;0.000;1.000;20599.279110;20599.282018;20599.315050;20599.457808;799426;799426;799426;9993;22;12790816;12790856;100.000;886.237;886.237;6.699;7.364;3069.805;3.019;0.000;0.000;4.728;13.648;0.002;21.394;21.394;161.357;175.790;33.032;12.170;64.767;1.881;0.911;0.497;1.405;0.034;2.908;178.698;19227.504;117.709;84.376;94.499;84.376;0.002;0.221;4.649;0.139;0;1;33.066;33.067;nan;nan;nan;27824;1;0;0;0;0;0;0
208;1;1;1;IDLE;0.000;0.000;1.000;20599.410003;20599.412995;20599.438684;20599.590885;790320;790320;790320;9879;21;12645120;12645160;100.000;863.175;863.175;6.518;7.152;3034.838;3.085;0.000;0.000;4.332;5.974;0.001;13.391;13.391;163.241;177.891;25.690;7.527;52.124;1.485;0.905;0.507;1.408;0.027;2.992;180.883;19327.248;130.976;97.643;94.696;97.643;0.002;0.732;4.572;0.137;0;1;25.093;25.096;nan;nan;nan;27072;1;0;0;0;0;0;0
209;1;1;1;IDLE;0.000;0.000;1.000;20599.536653;20599.539708;20599.571607;20599.710321;795945;795945;795945;9950;21;12735120;12735160;100.000;921.675;921.675;6.518;7.152;3056.438;2.899;0.000;0.000;4.274;13.604;0.001;20.777;20.777;156.795;170.612;31.899;12.178;65.133;1.439;0.913;0.504;1.393;0.026;3.055;173.668;19413.350;126.714;93.380;94.614;93.380;0.002;0.201;4.499;0.135;0;1;32.879;32.880;nan;nan;nan;27072;1;0;0;0;0;0;0
210;1;1;1;IDLE;0.000;0.000;1.000;20599.655294;20599.658028;20599.690964;20599.821694;792891;792891;792891;9912;22;12686256;12686296;100.000;863.451;863.451;6.789;7.454;3044.711;3.027;0.000;0.000;4.274;13.682;0.001;20.983;20.983;148.974;163.666;32.936;12.821;63.708;1.429;0.909;0.501;1.410;0.026;2.734;166.400;19491.390;118.319;84.986;94.012;84.986;0.002;0.285;4.445;0.133;0;1;33.036;33.037;nan;nan;nan;28200;1;0;0;0;0;0;0
211;1;1;1;IDLE;0.000;0.000;1.000;20599.773953;20599.776737;20599.801502;20599.946665;797320;797320;797320;9967;104;12757120;12757160;100.000;887.314;887.314;32.733;35.957;3061.718;3.065;0.000;0.000;4.415;5.944;0.003;13.425;13.425;155.551;169.929;24.766;7.900;54.207;1.564;0.909;0.503;1.412;0.027;2.784;172.712;19583.028;118.709;85.375;93.472;85.375;0.002;0.026;4.440;0.133;0;1;26.132;26.134;nan;nan;nan;136300;1;0;0;0;0;0;0
212;1;1;1;IDLE;0.000;0.000;1.000;20599.891042;20599.893895;20599.927355;20600.080268;805214;805214;805214;10066;21;12883424;12883464;100.000;867.241;867.241;6.428;7.062;3092.031;3.136;0.000;0.000;4.317;13.520;0.002;20.973;20.973;171.518;186.374;33.461;11.253;62.680;1.468;0.925;0.505;1.394;0.025;2.853;189.227;19683.297;117.158;83.825;92.869;83.825;0.002;0.766;4.411;0.132;0;1;32.827;32.828;nan;nan;nan;26696;1;0;0;0;0;0;0
213;1;1;1;IDLE;0.000;0.000;1.000;20600.025198;20600.027980;20600.060976;20600.199537;797126;797126;797126;9965;16;12754016;12754056;100.000;870.745;870.745;5.029;5.508;3060.973;3.049;0.000;0.000;4.272;13.828;0.001;21.149;21.149;156.910;171.557;32.996;12.328;64.097;1.418;0.911;0.520;1.397;0.027;2.782;174.339;19769.233;134.085;100.752;93.362;100.752;0.002;0.246;4.379;0.131;0;1;33.117;33.118;nan;nan;nan;20868;1;0;0;0;0;0;0
214;1;1;1;IDLE;0.000;0.000;1.000;20600.152039;20600.154919;20600.180428;20600.331676;803136;803136;803136;10040;14;12850176;12850216;100.000;883.825;883.825;4.217;4.633;3084.052;3.072;0.000;0.000;4.393;5.983;0.001;13.447;13.447;162.217;176.757;25.509;7.608;52.715;1.531;0.922;0.514;1.397;0.029;2.880;179.637;19868.038;126.939;93.606;93.377;93.606;0.007;0.587;4.387;0.132;0;1;25.088;25.090;nan;nan;nan;17484;1;0;0;0;0;0;0
215;1;1;1;IDLE;0.000;0.000;1.000;20600.276715;20600.279483;20600.312370;20600.455910;809297;809297;809297;10117;19;12948752;12948792;100.000;877.656;877.656;5.842;6.413;3107.710;3.035;0.000;0.000;4.334;13.634;0.001;21.002;21.002;161.673;176.427;32.887;11.904;63.862;1.452;0.933;0.509;1.410;0.030;2.768;179.195;19958.939;124.564;91.231;93.243;91.231;0.002;0.163;4.376;0.131;0;1;32.937;32.938;nan;nan;nan;24252;1;0;0;0;0;0;0
216;1;1;1;IDLE;0.000;0.000;1.000;20600.400033;20600.403267;20600.436633;20600.580437;808156;808156;808156;10102;21;12930496;12930536;100.000;884.388;884.388;6.518;7.152;3103.329;3.115;0.000;0.000;4.309;13.607;0.001;21.031;21.031;162.549;177.170;33.367;11.870;63.030;1.439;0.921;0.514;1.405;0.030;3.233;180.403;20050.132;123.784;90.451;93.068;90.451;0.002;0.827;4.361;0.131;0;1;32.880;32.881;nan;nan;nan;27072;1;0;0;0;0;0;0
217;1;1;1;IDLE;0.000;0.000;1.000;20600.533402;20600.536253;20600.561313;20600.710396;810355;810355;810355;10130;22;12965680;12965720;100.000;904.970;904.970;6.924;7.590;3111.773;2.969;0.000;0.000;4.287;5.976;0.001;13.231;13.231;159.817;174.144;25.060;7.598;52.797;1.450;0.923;0.492;1.395;0.028;2.851;176.995;20146.759;132.986;99.652;93.480;99.652;0.002;0.468;4.345;0.130;0;1;25.095;25.097;nan;nan;nan;28764;1;0;0;0;0;0;0
218;1;1;1;IDLE;0.000;0.000;1.000;20600.655813;20600.658723;20600.691120;20600.710434;810211;810211;810211;10128;22;12963376;12963416;100.000;910.316;910.316;6.970;7.635;3111.220;3.008;0.000;0.000;4.314;13.498;0.001;20.820;20.820;37.470;51.711;32.397;40.262;64.265;1.451;0.925;0.501;1.411;0.026;2.910;54.621;20113.463;122.471;89.137;93.208;89.137;0.002;0.342;4.340;0.130;0;1;32.771;32.772;nan;nan;nan;28952;1;0;0;0;0;0;0
219;1;1;1;IDLE;0.000;0.000;1.000;20600.773280;20600.776188;20600.809691;20600.951301;808645;808645;808645;10109;23;12938320;12938360;100.000;875.651;875.651;7.015;7.711;3105.206;3.042;0.000;0.000;4.322;13.791;0.002;21.155;21.155;160.338;175.114;33.503;12.081;63.143;1.455;0.924;0.508;1.407;0.028;2.908;178.021;20320.997;117.465;84.131;92.641;84.131;0.002;0.612;4.337;0.130;0;1;33.110;33.112;nan;nan;nan;29140;1;0;0;0;0;0;0
220;1;1;1;IDLE;0.000;0.000;1.000;20600.904837;20600.907620;20600.932178;20601.087447;810783;810783;810783;10135;21;12972528;12972568;100.000;916.053;916.053;6.609;7.243;3113.416;2.992;0.000;0.000;4.323;5.974;0.001;13.289;13.289;165.666;179.827;24.558;7.390;54.115;1.463;0.921;0.510;1.401;0.029;2.783;182.610;20423.809;131.432;98.099;92.982;98.099;0.002;0.097;4.336;0.130;0;1;25.094;25.096;nan;nan;nan;27448;1;0;0;0;0;0;0
221;1;1;1;IDLE;0.000;0.000;1.000;20601.032303;20601.035394;20601.068147;20601.087483;807088;807088;807088;10089;21;12913408;12913448;100.000;893.231;893.231;6.654;7.288;3099.228;3.036;0.000;0.000;4.284;13.641;0.000;20.961;20.961;37.632;52.089;32.753;40.241;63.999;1.440;0.919;0.505;1.390;0.030;3.091;55.180;20390.512;127.774;94.441;93.073;94.441;0.002;0.368;4.325;0.130;0;1;32.939;32.940;nan;nan;nan;27636;1;0;0;0;0;0;0
222;1;1;1;IDLE;0.000;0.000;1.000;20601.157935;20601.160739;20601.193381;20601.330190;809369;809369;809369;10118;22;12949904;12949944;100.000;897.650;897.650;6.744;7.409;3107.987;3.075;0.000;0.000;4.352;13.583;0.002;21.010;21.010;155.024;169.451;32.642;12.399;64.367;1.498;0.931;0.500;1.398;0.025;2.804;172.255;20599.885;125.345;92.012;93.007;92.012;0.002;0.278;4.334;0.130;0;1;32.879;32.880;nan;nan;nan;28012;1;0;0;0;0;0;0
223;1;1;1;IDLE;0.000;0.000;1.000;20601.282612;20601.285776;20601.311075;20601.459207;795354;795354;795354;9942;21;12725664;12725704;100.000;897.794;897.794;6.609;7.243;3054.169;2.963;0.000;0.000;4.715;5.984;0.001;13.661;13.661;159.256;173.431;25.298;7.877;54.000;1.852;0.911;0.508;1.410;0.034;3.164;176.595;20695.570;125.037;91.704;92.926;91.704;0.015;0.410;4.432;0.133;0;1;25.094;25.096;nan;nan;nan;27448;1;0;0;0;0;0;0
224;1;1;1;IDLE;0.000;0.000;1.000;20601.404321;20601.407136;20601.439902;20601.582776;795455;795455;795455;9944;21;12727280;12727320;100.000;911.617;911.617;6.564;7.198;3054.557;2.986;0.000;0.000;4.390;13.528;0.001;20.904;20.904;161.678;175.639;32.766;11.902;63.797;1.534;0.920;0.504;1.404;0.029;2.815;178.455;20785.805;121.360;88.027;92.619;88.027;0.002;0.884;4.424;0.133;0;1;32.829;32.830;nan;nan;nan;27260;1;0;0;0;0;0;0
225;1;1;1;IDLE;0.000;0.000;1.000;20601.527150;20601.529937;20601.563494;20601.699085;795720;795720;795720;9947;22;12731520;12731560;100.000;878.062;878.062;6.699;7.364;3055.574;3.148;0.000;0.000;4.277;13.831;0.002;21.256;21.256;154.649;169.148;33.557;12.567;63.344;1.430;0.914;0.506;1.399;0.029;2.787;171.935;20868.781;122.801;89.467;92.422;89.467;0.002;0.946;4.389;0.132;0;1;33.110;33.111;nan;nan;nan;27824;1;0;0;0;0;0;0
226;1;1;1;IDLE;0.000;0.000;1.000;20601.650315;20601.653324;20601.678926;20601.826116;798723;798723;798723;9985;105;12779568;12779608;100.000;877.600;877.600;33.139;36.394;3067.106;2.999;0.000;0.000;4.592;5.975;0.003;13.566;13.566;158.230;172.792;25.602;7.851;52.990;1.439;0.907;0.496;1.408;0.342;3.009;175.801;20962.478;123.387;90.054;92.274;90.054;0.003;0.469;4.442;0.133;0;1;26.130;26.133;nan;nan;nan;137992;1;0;0;0;0;0;0
227;1;1;1;IDLE;0.000;0.000;1.000;20601.771096;20601.774059;20601.806851;20601.826148;807441;807441;807441;10094;19;12919056;12919096;100.000;909.102;909.102;6.022;6.594;3100.583;3.024;0.000;0.000;4.323;13.618;0.000;20.965;20.965;37.878;52.089;32.792;40.249;63.934;1.460;0.923;0.507;1.406;0.028;2.963;55.052;20929.177;120.735;87.401;91.970;87.401;0.002;0.637;4.415;0.132;0;1;32.881;32.882;nan;nan;nan;25004;1;0;0;0;0;0;0
228;1;1;1;IDLE;0.000;0.000;1.000;20601.885566;20601.888390;20601.922065;20602.065908;803316;803316;803316;10042;18;12853056;12853096;100.000;866.992;866.992;5.436;5.976;3084.743;3.090;0.000;0.000;4.380;13.563;0.002;21.034;21.034;162.693;177.518;33.675;11.849;62.461;1.532;0.919;0.504;1.396;0.030;2.824;180.342;21135.604;114.331;80.998;91.284;80.998;0.002;0.904;4.408;0.132;0;1;32.881;32.882;nan;nan;nan;22560;1;0;0;0;0;0;0
229;1;1;1;IDLE;0.000;0.000;1.000;20602.019216;20602.022228;20602.046757;20602.195219;809074;809074;809074;10114;18;12945184;12945224;100.000;921.597;921.597;5.661;6.202;3106.854;2.991;0.000;0.000;4.373;5.944;0.002;13.308;13.308;158.945;172.991;24.529;7.693;54.254;1.523;0.928;0.504;1.391;0.027;3.012;176.003;21231.582;133.838;100.504;91.860;100.504;0.002;0.163;4.402;0.132;0;1;25.091;25.094;nan;nan;nan;23500;1;0;0;0;0;0;0
230;1;1;1;IDLE;0.000;0.000;1.000;20602.139644;20602.142568;20602.175744;20602.325428;808265;808265;808265;10104;19;12932240;12932280;100.000;880.435;880.435;5.932;6.504;3103.747;3.044;0.000;0.000;4.552;13.641;0.001;21.237;21.237;168.171;182.860;33.176;11.614;64.013;1.476;0.924;0.513;1.612;0.027;2.925;185.785;21328.457;120.340;87.007;91.557;87.007;0.002;0.291;4.444;0.133;0;1;33.112;33.113;nan;nan;nan;24628;1;0;0;0;0;0;0
231;1;1;1;IDLE;0.000;0.000;1.000;20602.268895;20602.271784;20602.306054;20602.470859;818848;818848;818848;10236;22;13101568;13101608;100.000;879.495;879.495;6.789;7.454;3144.386;3.260;0.000;0.000;5.029;13.653;0.001;21.942;21.942;184.177;199.074;34.269;11.022;64.027;2.054;1.044;0.496;1.397;0.038;2.889;201.964;21440.554;129.216;95.883;91.827;95.883;0.002;0.688;4.596;0.138;0;1;33.024;33.025;nan;nan;nan;28200;1;0;0;0;0;0;0
232;1;1;1;IDLE;0.000;0.000;1.000;20602.422813;20602.425847;20602.451700;20602.470896;820617;820617;820617;10258;21;13129872;13129912;100.000;850.089;850.089;6.654;7.288;3151.179;3.327;0.000;0.000;4.336;5.940;0.001;13.604;13.604;29.604;45.049;25.853;30.197;52.618;1.463;0.934;0.504;1.405;0.030;3.034;48.083;21407.259;154.063;120.729;93.634;120.729;0.004;0.126;4.533;0.136;0;1;25.095;25.096;nan;nan;nan;27636;1;0;0;0;0;0;0
233;1;1;1;IDLE;0.000;0.000;1.000;20602.560085;20602.562867;20602.595666;20602.740259;814146;814146;814146;10177;22;13026336;13026376;100.000;919.674;919.674;6.744;7.409;3126.330;2.992;0.000;0.000;4.338;13.587;0.002;20.916;20.916;163.227;177.391;32.799;11.791;63.772;1.462;0.932;0.509;1.407;0.028;2.782;180.173;21643.288;137.020;103.687;94.262;103.687;0.002;0.707;4.487;0.135;0;1;32.880;32.881;nan;nan;nan;28012;1;0;0;0;0;0;0
234;1;1;1;IDLE;0.000;0.000;1.000;20602.685098;20602.688141;20602.720982;20602.872798;814852;814852;814852;10186;22;13037632;13037672;100.000;884.740;884.740;6.789;7.454;3129.041;3.106;0.000;0.000;4.322;13.610;0.002;21.037;21.037;169.920;184.656;32.841;11.393;64.059;1.451;0.934;0.511;1.397;0.030;3.043;187.700;21742.493;125.274;91.941;94.117;91.941;0.002;0.170;4.448;0.133;0;1;32.884;32.885;nan;nan;nan;28200;1;0;0;0;0;0;0
235;1;1;1;IDLE;0.000;0.000;1.000;20602.826112;20602.828907;20602.853658;20602.872833;815725;815725;815725;10197;20;13051600;13051640;100.000;916.724;916.724;6.338;6.941;3132.394;3.016;0.000;0.000;4.347;5.958;0.001;13.320;13.320;29.689;43.926;24.751;30.324;53.817;1.460;0.935;0.512;1.412;0.028;2.795;46.721;21709.196;140.766;107.433;94.949;107.433;0.002;0.207;4.425;0.133;0;1;25.093;25.095;nan;nan;nan;26320;1;0;0;0;0;0;0
236;1;1;1;IDLE;0.000;0.000;1.000;20602.950614;20602.953777;20602.986496;20603.144440;816078;816078;816078;10201;21;13057248;13057288;100.000;895.113;895.113;6.473;7.107;3133.749;3.020;0.000;0.000;4.326;13.504;0.002;20.850;20.850;176.075;190.663;32.719;10.935;63.724;1.458;0.935;0.507;1.396;0.030;3.164;193.826;21947.469;124.870;91.536;94.736;91.536;0.002;0.299;4.402;0.132;0;1;32.560;32.560;nan;nan;nan;26884;1;0;0;0;0;0;0
237;1;1;1;IDLE;0.000;0.000;1.000;20603.089415;20603.092229;20603.125004;20603.259703;810868;810868;810868;10136;21;12973888;12973928;100.000;902.735;902.735;6.654;7.288;3113.743;3.020;0.000;0.000;4.307;13.686;0.001;21.013;21.013;153.102;167.474;32.776;12.547;64.112;1.453;0.925;0.508;1.392;0.029;2.814;170.288;22029.399;138.452;105.118;95.385;105.118;0.002;0.408;4.381;0.131;0;1;33.118;33.119;nan;nan;nan;27636;1;0;0;0;0;0;0
238;1;1;1;IDLE;0.000;0.000;1.000;20603.211486;20603.214315;20603.240565;20603.389835;801907;801907;801907;10024;21;12830512;12830552;100.000;855.094;855.094;6.609;7.243;3079.332;3.154;0.000;0.000;4.285;5.960;0.002;13.399;13.399;160.515;175.520;26.250;7.634;51.042;1.437;0.921;0.497;1.405;0.026;2.828;178.349;22126.198;122.086;88.753;94.970;88.753;0.002;0.998;4.359;0.131;0;1;25.094;25.096;nan;nan;nan;27448;1;0;0;0;0;0;0
239;1;1;1;IDLE;0.000;0.000;1.000;20603.335232;20603.337997;20603.370531;20603.522086;799196;799196;799196;9990;22;12787136;12787176;100.000;883.737;883.737;6.789;7.454;3068.922;3.133;0.000;0.000;4.280;13.639;0.001;21.052;21.052;169.620;184.090;32.534;11.436;64.709;1.423;0.922;0.502;1.407;0.027;2.765;186.854;22225.115;123.682;90.348;94.681;90.348;0.002;0.143;4.342;0.130;0;1;32.940;32.941;nan;nan;nan;28200;1;0;0;0;0;0;0
240;1;1;1;IDLE;0.000;0.000;1.000;20603.466902;20603.469674;20603.502823;20603.643633;799621;799621;799621;9996;22;12793936;12793976;100.000;886.497;886.497;6.834;7.500;3070.554;3.053;0.000;0.000;4.297;13.622;0.001;20.972;20.972;159.527;173.959;33.149;12.055;63.264;1.435;0.922;0.516;1.394;0.030;2.772;176.731;22313.329;131.677;98.344;94.910;98.344;0.002;0.796;4.333;0.130;0;1;32.882;32.883;nan;nan;nan;28388;1;0;0;0;0;0;0
241;1;1;1;IDLE;0.000;0.000;1.000;20603.595050;20603.597843;20603.623489;20603.768607;808174;808174;808174;10103;106;12930784;12930824;100.000;893.108;893.108;33.455;36.741;3103.398;2.935;0.000;0.000;4.304;5.988;0.003;13.228;13.228;156.286;170.764;25.645;7.746;51.580;1.439;0.924;0.502;1.409;0.030;2.793;173.557;22404.970;128.169;94.836;94.906;94.836;0.008;0.866;4.328;0.130;0;1;26.130;26.131;nan;nan;nan;139308;1;0;0;0;0;0;0
242;1;1;1;IDLE;0.000;0.000;1.000;20603.713573;20603.716824;20603.749312;20603.889170;810609;810609;810609;10133;22;12969744;12969784;100.000;900.127;900.127;6.699;7.364;3112.748;3.033;0.000;0.000;4.309;13.533;0.002;20.876;20.876;157.938;172.347;32.488;12.113;64.258;1.440;0.931;0.506;1.406;0.026;3.250;175.597;22492.199;118.980;85.647;94.327;85.647;0.002;0.234;4.326;0.130;0;1;32.826;32.827;nan;nan;nan;27824;1;0;0;0;0;0;0
243;1;1;1;IDLE;0.000;0.000;1.000;20603.833066;20603.835916;20603.869900;20604.000434;809086;809086;809086;10114;16;12945376;12945416;100.000;864.547;864.547;4.804;5.282;3106.900;3.081;0.000;0.000;4.324;13.839;0.002;21.245;21.245;149.545;164.519;33.984;12.913;62.514;1.459;0.929;0.513;1.394;0.029;2.849;167.368;22570.130;119.092;85.759;93.792;85.759;0.002;0.844;4.327;0.130;0;1;33.106;33.107;nan;nan;nan;19928;1;0;0;0;0;0;0
244;1;1;1;IDLE;0.000;0.000;1.000;20603.952821;20603.955687;20603.981431;20604.138766;804105;804105;804105;10052;17;12865680;12865720;100.000;881.412;881.412;5.300;5.809;3087.773;3.043;0.000;0.000;4.309;6.093;0.002;13.445;13.445;168.483;183.080;25.744;7.344;52.224;1.449;0.934;0.505;1.393;0.028;2.866;185.946;22675.129;119.771;86.438;93.332;86.438;0.002;0.744;4.325;0.130;0;1;25.092;25.095;nan;nan;nan;21996;1;0;0;0;0;0;0
245;1;1;1;IDLE;0.000;0.000;1.000;20604.083415;20604.086353;20604.119410;20604.262056;810243;810243;810243;10129;19;12963888;12963928;100.000;884.588;884.588;5.842;6.413;3111.343;3.072;0.000;0.000;4.374;13.765;0.002;21.212;21.212;161.048;175.703;33.057;12.073;64.167;1.499;0.930;0.503;1.415;0.027;2.938;178.641;22765.085;130.666;97.333;93.582;97.333;0.002;0.259;4.340;0.130;0;1;33.117;33.119;nan;nan;nan;24252;1;0;0;0;0;0;0
246;1;1;1;IDLE;0.000;0.000;1.000;20604.206255;20604.209057;20604.242544;20604.381343;808451;808451;808451;10106;21;12935216;12935256;100.000;895.616;895.616;6.609;7.243;3104.461;3.024;0.000;0.000;4.414;13.610;0.002;21.049;21.049;157.843;172.286;33.487;12.217;62.856;1.557;0.925;0.507;1.396;0.028;2.802;175.088;22851.038;122.704;89.371;93.319;89.371;0.002;1.017;4.361;0.131;0;1;33.119;33.120;nan;nan;nan;27448;1;0;0;0;0;0;0
247;1;1;1;IDLE;0.000;0.000;1.000;20604.334181;20604.337009;20604.363246;20604.528680;818595;818595;818595;10233;23;13097520;13097560;100.000;883.947;883.947;7.015;7.711;3143.414;3.062;0.000;0.000;4.378;7.016;0.001;14.455;14.455;176.854;191.671;26.237;7.542;55.095;1.515;0.939;0.503;1.391;0.030;2.828;194.500;22965.043;127.952;94.619;93.400;94.619;0.002;0.023;4.368;0.131;0;1;25.107;25.110;nan;nan;nan;29140;1;0;0;0;0;0;0
248;1;1;1;IDLE;0.000;0.000;1.000;20604.473484;20604.476328;20604.509201;20604.657984;813416;813416;813416;10168;23;13014656;13014696;100.000;898.147;898.147;7.015;7.711;3123.527;3.055;0.000;0.000;4.402;13.645;0.002;21.102;21.102;167.165;181.656;32.873;11.617;64.193;1.544;0.922;0.500;1.408;0.028;2.844;184.500;23061.013;139.319;105.986;94.187;105.986;0.002;0.333;4.379;0.131;0;1;33.120;33.121;nan;nan;nan;29140;1;0;0;0;0;0;0
249;1;1;1;IDLE;0.000;0.000;1.000;20604.602271;20604.605140;20604.638556;20604.774935;816251;816251;816251;10204;23;13060016;13060056;100.000;880.566;880.566;7.195;7.892;3134.413;3.079;0.000;0.000;4.388;13.696;0.001;21.164;21.164;154.963;169.794;33.415;12.464;63.335;1.502;0.930;0.518;1.405;0.032;2.869;172.664;23144.631;128.812;95.479;94.267;95.479;0.008;0.491;4.384;0.132;0;1;33.122;33.123;nan;nan;nan;29892;1;0;0;0;0;0;0
250;1;1;1;IDLE;0.000;0.000;1.000;20604.726794;20604.729651;20604.755338;20604.903524;820584;820584;820584;10258;22;13129344;13129384;100.000;899.407;899.407;6.879;7.545;3151.052;3.046;0.000;0.000;4.336;6.188;0.002;13.571;13.571;159.275;173.873;25.686;7.805;52.832;1.467;0.938;0.500;1.402;0.029;2.857;176.730;23239.886;124.511;91.178;94.074;91.178;0.002;0.561;4.374;0.131;0;1;25.782;25.783;nan;nan;nan;28576;1;0;0;0;0;0;0
251;1;1;1;IDLE;0.000;0.000;1.000;20604.847347;20604.850190;20604.884162;20605.035857;817535;817535;817535;10220;21;13080560;13080600;100.000;864.712;864.712;6.428;7.062;3139.344;3.147;0.000;0.000;4.341;13.729;0.002;21.217;21.217;170.539;185.666;33.971;11.427;62.455;1.464;0.940;0.505;1.401;0.032;2.843;188.509;23338.886;120.539;87.206;93.645;87.206;0.002;0.772;4.368;0.131;0;1;33.087;33.088;nan;nan;nan;26696;1;0;0;0;0;0;0
252;1;1;1;IDLE;0.000;0.000;1.000;20604.979922;20604.982838;20605.016519;20605.164163;812707;812707;812707;10159;22;13003312;13003352;100.000;891.469;891.469;6.924;7.590;3120.804;3.095;0.000;0.000;4.315;13.777;0.001;21.187;21.187;166.738;181.324;33.680;11.684;62.905;1.442;0.929;0.507;1.402;0.036;2.916;184.241;23433.859;132.648;99.315;93.999;99.315;0.002;1.000;4.357;0.131;0;1;33.111;33.112;nan;nan;nan;28764;1;0;0;0;0;0;0
253;1;1;1;IDLE;0.000;0.000;1.000;20605.116349;20605.119219;20605.145055;20605.298485;811017;811017;811017;10138;23;12976272;12976312;100.000;864.414;864.414;7.060;7.756;3114.315;3.133;0.000;0.000;4.309;5.994;0.001;13.435;13.435;164.254;179.266;25.836;7.494;52.001;1.460;0.926;0.502;1.394;0.027;2.869;182.136;23534.847;136.380;103.047;94.565;103.047;0.002;0.519;4.347;0.130;0;1;25.098;25.100;nan;nan;nan;29328;1;0;0;0;0;0;0
254;1;1;1;IDLE;0.000;0.000;1.000;20605.242554;20605.245398;20605.278978;20605.419766;812416;812416;812416;10156;22;12998656;12998696;100.000;894.123;894.123;6.744;7.409;3119.687;3.044;0.000;0.000;4.411;13.622;0.002;21.078;21.078;159.830;174.368;33.580;12.088;62.768;1.543;0.928;0.503;1.407;0.030;2.845;177.213;23622.795;126.180;92.846;94.457;92.846;0.002;1.006;4.365;0.131;0;1;33.125;33.126;nan;nan;nan;28012;1;0;0;0;0;0;0
255;1;1;1;IDLE;0.000;0.000;1.000;20605.363763;20605.366725;20605.400382;20605.545601;815874;815874;815874;10199;21;13053984;13054024;100.000;879.610;879.610;6.654;7.288;3132.966;3.054;0.000;0.000;4.404;13.741;0.001;21.198;21.198;164.035;178.876;33.657;11.851;62.983;1.553;0.923;0.509;1.390;0.029;2.961;181.837;23715.296;121.327;87.993;94.053;87.993;0.003;0.669;4.377;0.131;0;1;33.121;33.122;nan;nan;nan;27636;1;0;0;0;0;0;0
256;1;1;1;IDLE;0.000;0.000;1.000;20605.496461;20605.499407;20605.525005;20605.684384;811813;811813;811813;10148;105;12989008;12989048;100.000;894.701;894.701;33.094;36.349;3117.372;3.061;0.000;0.000;4.400;6.055;0.003;13.515;13.515;170.458;184.976;25.598;7.307;52.799;1.531;0.924;0.509;1.406;0.030;2.946;187.923;23820.746;132.683;99.349;94.384;99.349;0.002;0.623;4.385;0.132;0;1;26.646;26.649;nan;nan;nan;137804;1;0;0;0;0;0;0
257;1;1;1;IDLE;0.000;0.000;1.000;20605.629299;20605.632129;20605.664992;20605.810440;809323;809323;809323;10117;22;12949168;12949208;100.000;881.869;881.869;6.789;7.454;3107.810;3.056;0.000;0.000;4.351;13.732;0.001;21.140;21.140;163.627;178.311;32.864;11.855;64.325;1.510;0.917;0.504;1.393;0.028;2.830;181.141;23913.469;132.721;99.388;94.697;99.388;0.002;0.094;4.379;0.131;0;1;33.120;33.121;nan;nan;nan;28200;1;0;0;0;0;0;0
258;1;1;1;IDLE;0.000;0.000;1.000;20605.754942;20605.757766;20605.791134;20605.928952;806066;806066;806066;10076;16;12897056;12897096;100.000;879.159;879.159;4.894;5.372;3095.303;3.114;0.000;0.000;4.767;13.580;0.002;21.461;21.461;156.517;171.187;33.369;12.537;64.315;1.903;0.928;0.509;1.393;0.034;2.824;174.010;23998.648;125.637;92.304;94.548;92.304;0.008;0.343;4.479;0.134;0;1;32.883;32.883;nan;nan;nan;20304;1;0;0;0;0;0;0
259;1;1;1;IDLE;0.000;0.000;1.000;20605.881388;20605.884752;20605.909805;20606.067099;803994;803994;803994;10050;17;12863904;12863944;100.000;873.098;873.098;5.255;5.764;3087.347;3.090;0.000;0.000;4.286;5.956;0.002;13.331;13.331;167.613;182.347;25.053;7.311;53.212;1.442;0.917;0.503;1.394;0.030;3.364;185.711;24103.461;126.987;93.653;94.492;93.653;0.002;0.075;4.433;0.133;0;1;25.097;25.099;nan;nan;nan;21808;1;0;0;0;0;0;0
260;1;1;1;IDLE;0.000;0.000;1.000;20606.012409;20606.015184;20606.047752;20606.195400;804675;804675;804675;10059;19;12874800;12874840;100.000;915.973;915.973;5.887;6.458;3089.962;3.015;0.000;0.000;4.285;13.596;0.001;20.896;20.896;166.160;180.216;32.568;11.595;64.162;1.441;0.916;0.511;1.391;0.027;2.775;182.991;24198.429;130.432;97.099;94.655;97.099;0.002;0.628;4.398;0.132;0;1;32.940;32.941;nan;nan;nan;24440;1;0;0;0;0;0;0
261;1;1;1;IDLE;0.000;0.000;1.000;20606.139695;20606.142644;20606.176139;20606.309839;803023;803023;803023;10038;20;12848368;12848408;100.000;861.594;861.594;6.203;6.805;3083.618;3.153;0.000;0.000;4.297;13.683;0.002;21.133;21.133;152.282;167.195;33.494;12.640;63.093;1.449;0.918;0.510;1.393;0.027;2.949;170.144;24279.535;127.460;94.127;94.622;94.127;0.002;0.600;4.375;0.131;0;1;32.941;32.942;nan;nan;nan;25756;1;0;0;0;0;0;0
262;1;1;1;IDLE;0.000;0.000;1.000;20606.262362;20606.265217;20606.290764;20606.436909;804900;804900;804900;10062;21;12878400;12878440;100.000;867.824;867.824;6.609;7.243;3090.826;3.113;0.000;0.000;4.401;6.023;0.002;13.537;13.537;156.852;171.692;25.547;7.884;52.988;1.544;0.914;0.507;1.406;0.030;2.855;174.547;24373.272;122.573;89.240;94.285;89.240;0.002;0.281;4.386;0.132;0;1;25.094;25.096;nan;nan;nan;27448;1;0;0;0;0;0;0
263;1;1;1;IDLE;0.000;0.000;1.000;20606.381493;20606.384574;20606.417576;20606.436947;801032;801032;801032;10013;22;12816512;12816552;100.000;894.776;894.776;6.970;7.635;3075.972;3.047;0.000;0.000;4.324;13.556;0.001;20.926;20.926;38.049;52.373;33.002;39.956;63.410;1.440;0.914;0.547;1.397;0.026;3.081;55.454;24339.976;119.357;86.023;93.769;86.023;0.002;0.796;4.373;0.131;0;1;32.886;32.887;nan;nan;nan;28952;1;0;0;0;0;0;0
264;1;1;1;IDLE;0.000;0.000;1.000;20606.506719;20606.509808;20606.542979;20606.675167;793638;793638;793638;9921;23;12698208;12698248;100.000;892.830;892.830;7.150;7.847;3047.580;2.963;0.000;0.000;4.399;13.665;0.002;21.027;21.027;151.136;165.358;33.171;12.716;63.389;1.551;0.908;0.503;1.409;0.028;3.089;168.448;24544.862;125.234;91.901;93.652;91.901;0.002;0.882;4.381;0.131;0;1;33.121;33.122;nan;nan;nan;29704;1;0;0;0;0;0;0
265;1;1;1;IDLE;0.000;0.000;1.000;20606.627347;20606.630152;20606.655646;20606.809960;801156;801156;801156;10015;23;12818496;12818536;100.000;896.309;896.309;7.105;7.801;3076.449;3.015;0.000;0.000;4.327;6.050;0.002;13.391;13.391;165.506;179.807;25.494;7.448;52.529;1.494;0.912;0.501;1.394;0.026;2.806;182.613;24646.322;120.344;87.011;93.237;87.011;0.002;0.813;4.370;0.131;0;1;25.566;25.568;nan;nan;nan;29516;1;0;0;0;0;0;0
266;1;1;1;IDLE;0.000;0.000;1.000;20606.753930;20606.756715;20606.790437;20606.934213;804749;804749;804749;10060;22;12875984;12876024;100.000;864.373;864.373;6.924;7.590;3090.246;3.093;0.000;0.000;4.348;13.543;0.002;20.984;20.984;162.602;177.498;33.722;11.822;62.226;1.479;0.928;0.511;1.403;0.027;2.784;180.282;24737.242;126.562;93.229;93.237;93.229;0.002;0.933;4.367;0.131;0;1;33.063;33.064;nan;nan;nan;28764;1;0;0;0;0;0;0
267;1;1;1;IDLE;0.000;0.000;1.000;20606.879003;20606.881886;20606.914874;20607.048044;805449;805449;805449;10069;22;12887184;12887224;100.000;861.877;861.877;6.789;7.454;3092.934;3.293;0.000;0.000;4.292;13.689;0.001;21.274;21.274;151.205;166.157;32.987;12.803;64.491;1.436;0.926;0.507;1.394;0.030;2.883;169.040;24817.739;125.172;91.839;93.149;91.839;0.009;0.044;4.350;0.131;0;1;33.024;33.025;nan;nan;nan;28200;1;0;0;0;0;0;0
268;1;1;1;IDLE;0.000;0.000;1.000;20606.999978;20607.002859;20607.028543;20607.194688;805329;805329;805329;10067;21;12885264;12885304;100.000;880.766;880.766;6.473;7.107;3092.473;3.060;0.000;0.000;4.406;6.075;0.002;13.541;13.541;177.199;191.829;25.684;7.059;52.722;1.555;0.925;0.508;1.390;0.028;2.881;194.710;24931.050;120.973;87.639;92.805;87.639;0.002;0.571;4.367;0.131;0;1;25.572;25.573;nan;nan;nan;26884;1;0;0;0;0;0;0
269;1;1;1;IDLE;0.000;0.000;1.000;20607.140159;20607.142929;20607.175381;20607.320035;805419;805419;805419;10068;21;12886704;12886744;100.000;914.244;914.244;6.564;7.198;3092.819;2.972;0.000;0.000;4.285;13.586;0.002;20.843;20.843;163.011;177.106;32.452;11.769;64.227;1.435;0.925;0.499;1.399;0.027;2.770;179.876;25023.064;140.070;106.737;93.676;106.737;0.002;0.483;4.349;0.130;0;1;32.889;32.890;nan;nan;nan;27260;1;0;0;0;0;0;0
270;1;1;1;IDLE;0.000;0.000;1.000;20607.264681;20607.267805;20607.300710;20607.433941;804474;804474;804474;10056;22;12871584;12871624;100.000;861.362;861.362;6.699;7.364;3089.190;3.110;0.000;0.000;4.299;13.606;0.001;21.015;21.015;151.192;166.136;32.905;12.649;63.867;1.436;0.922;0.511;1.400;0.031;3.124;169.259;25103.636;124.876;91.543;93.542;91.543;0.002;0.053;4.342;0.130;0;1;32.928;32.930;nan;nan;nan;27824;1;0;0;0;0;0;0
271;1;1;1;IDLE;0.000;0.000;1.000;20607.384952;20607.387849;20607.413589;20607.577580;796101;796101;796101;9952;103;12737616;12737656;100.000;873.126;873.126;32.508;35.700;3057.037;3.054;0.000;0.000;4.278;6.220;0.003;13.553;13.553;175.142;189.731;25.740;7.143;52.652;1.434;0.912;0.508;1.395;0.030;2.897;192.628;25213.942;120.044;86.711;93.115;86.711;0.002;0.650;4.329;0.130;0;1;26.568;26.571;nan;nan;nan;135360;1;0;0;0;0;0;0
272;1;1;1;IDLE;0.000;0.000;1.000;20607.522527;20607.525324;20607.558256;20607.708883;805073;805073;805073;10064;22;12881168;12881208;100.000;899.195;899.195;6.789;7.454;3091.490;2.999;0.000;0.000;4.323;13.565;0.001;20.888;20.888;169.234;183.559;32.932;11.379;63.427;1.470;0.920;0.500;1.407;0.027;2.797;186.356;25311.912;137.475;104.142;93.804;104.142;0.002;0.715;4.330;0.130;0;1;32.886;32.887;nan;nan;nan;28200;1;0;0;0;0;0;0
273;1;1;1;IDLE;0.000;0.000;1.000;20607.654019;20607.656990;20607.689584;20607.820376;797204;797204;797204;9966;18;12755264;12755304;100.000;912.402;912.402;5.661;6.202;3061.273;2.993;0.000;0.000;4.264;13.587;0.002;20.844;20.844;149.406;163.386;32.593;12.758;63.951;1.412;0.919;0.497;1.406;0.030;2.971;166.357;25390.072;131.666;98.333;94.087;98.333;0.002;0.760;4.315;0.129;0;1;32.884;32.885;nan;nan;nan;23500;1;0;0;0;0;0;0
274;1;1;1;IDLE;0.000;0.000;1.000;20607.773023;20607.775844;20607.801248;20607.949449;805139;805139;805139;10065;18;12882224;12882264;100.000;883.077;883.077;5.526;6.066;3091.743;3.074;0.000;0.000;4.358;5.973;0.001;13.406;13.406;159.016;173.604;25.404;7.722;52.770;1.485;0.925;0.510;1.410;0.029;2.822;176.426;25485.811;118.854;85.521;93.552;85.521;0.002;0.483;4.328;0.130;0;1;25.097;25.098;nan;nan;nan;22936;1;0;0;0;0;0;0
275;1;1;1;IDLE;0.000;0.000;1.000;20607.894667;20607.897442;20607.930176;20608.079751;808073;808073;808073;10101;20;12929168;12929208;100.000;882.218;882.218;6.248;6.851;3103.010;2.970;0.000;0.000;4.433;13.617;0.001;21.020;21.020;167.654;182.309;32.734;11.530;64.214;1.588;0.928;0.500;1.391;0.026;2.775;185.084;25582.780;121.597;88.264;93.222;88.264;0.002;0.027;4.357;0.131;0;1;32.887;32.888;nan;nan;nan;25944;1;0;0;0;0;0;0
276;1;1;1;IDLE;0.000;0.000;1.000;20608.025261;20608.028062;20608.060457;20608.206277;813584;813584;813584;10170;20;13017344;13017384;100.000;916.427;916.427;6.338;6.941;3124.172;3.032;0.000;0.000;4.360;13.593;0.002;20.985;20.985;164.010;178.215;32.395;11.775;64.779;1.505;0.928;0.504;1.393;0.030;2.801;181.016;25675.973;130.621;97.287;93.476;97.287;0.008;0.228;4.360;0.131;0;1;32.884;32.885;nan;nan;nan;26320;1;0;0;0;0;0;0
277;1;1;1;IDLE;0.000;0.000;1.000;20608.158882;20608.161676;20608.187137;20608.343368;812306;812306;812306;10154;22;12996896;12996936;100.000;899.745;899.745;6.924;7.590;3119.265;3.004;0.000;0.000;4.325;5.958;0.001;13.287;13.287;167.247;181.693;25.462;7.313;52.185;1.463;0.929;0.511;1.393;0.029;2.794;184.487;25779.731;133.613;100.280;93.901;100.280;0.002;0.730;4.353;0.131;0;1;25.094;25.097;nan;nan;nan;28764;1;0;0;0;0;0;0
278;1;1;1;IDLE;0.000;0.000;1.000;20608.288154;20608.291306;20608.324095;20608.471726;817500;817500;817500;10219;23;13080000;13080040;100.000;908.105;908.105;7.105;7.801;3139.210;3.084;0.000;0.000;4.319;13.614;0.001;21.017;21.017;166.016;180.420;32.789;11.649;64.097;1.453;0.938;0.503;1.399;0.025;3.152;183.572;25874.755;129.630;96.297;94.051;96.297;0.002;0.450;4.347;0.130;0;1;32.885;32.886;nan;nan;nan;29516;1;0;0;0;0;0;0
279;1;1;1;IDLE;0.000;0.000;1.000;20608.416038;20608.418956;20608.452414;20608.604219;824803;824803;824803;10311;24;13196848;13196888;100.000;875.657;875.657;7.376;8.103;3167.253;3.153;0.000;0.000;4.322;13.633;0.002;21.108;21.108;170.192;185.263;33.458;11.393;63.087;1.459;0.935;0.502;1.396;0.030;2.918;188.181;25973.915;127.650;94.317;94.067;94.317;0.002;0.430;4.343;0.130;0;1;32.942;32.943;nan;nan;nan;30644;1;0;0;0;0;0;0
280;1;1;1;IDLE;0.000;0.000;1.000;20608.556678;20608.559797;20608.585059;20608.736527;813944;813944;813944;10175;23;13023104;13023144;100.000;909.900;909.900;7.195;7.892;3125.555;3.045;0.000;0.000;4.335;5.950;0.002;13.329;13.329;162.418;176.730;25.262;7.542;52.762;1.453;0.934;0.509;1.412;0.026;3.119;179.849;26072.890;140.841;107.507;94.907;107.507;0.002;0.663;4.343;0.130;0;1;25.103;25.106;nan;nan;nan;29892;1;0;0;0;0;0;0
281;1;1;1;IDLE;0.000;0.000;1.000;20608.680480;20608.683323;20608.717036;20608.736568;815307;815307;815307;10192;23;13044912;13044952;100.000;881.615;881.615;7.285;7.982;3130.788;3.046;0.000;0.000;4.390;13.634;0.001;21.070;21.070;38.448;53.244;33.713;39.573;62.498;1.516;0.937;0.511;1.397;0.030;2.844;56.088;26039.597;123.526;90.193;94.613;90.193;0.002;0.890;4.357;0.131;0;1;33.122;33.123;nan;nan;nan;30268;1;0;0;0;0;0;0
282;1;1;1;IDLE;0.000;0.000;1.000;20608.804304;20608.807307;20608.840320;20609.046242;816329;816329;816329;10205;21;13061264;13061304;100.000;891.133;891.133;6.564;7.198;3134.713;3.057;0.000;0.000;4.432;13.614;0.002;21.103;21.103;224.277;238.934;33.013;8.832;63.924;1.473;0.933;0.516;1.483;0.026;3.003;241.937;26315.937;123.984;90.651;94.365;90.651;0.002;0.307;4.380;0.131;0;1;32.927;32.928;nan;nan;nan;27260;1;0;0;0;0;0;0
283;1;1;1;IDLE;0.000;0.000;1.000;20608.999282;20609.002054;20609.027138;20609.192352;813249;813249;813249;10166;21;13011984;13012024;100.000;891.066;891.066;6.609;7.243;3122.886;2.999;0.000;0.000;4.298;5.995;0.001;13.291;13.291;175.696;190.298;25.084;6.984;52.988;1.451;0.929;0.499;1.392;0.027;2.771;193.070;26428.715;194.746;161.413;98.556;161.413;0.002;0.186;4.362;0.131;0;1;25.095;25.096;nan;nan;nan;27448;1;0;0;0;0;0;0
284;1;1;1;IDLE;0.000;0.000;1.000;20609.137980;20609.140853;20609.172997;20609.330679;809333;809333;809333;10117;22;12949328;12949368;100.000;919.750;919.750;6.744;7.409;3107.848;2.959;0.000;0.000;4.293;13.529;0.001;20.781;20.781;175.746;189.825;32.143;10.948;64.652;1.445;0.926;0.503;1.392;0.027;2.873;192.699;26533.708;138.800;105.466;98.987;105.466;0.002;0.240;4.347;0.130;0;1;32.881;32.882;nan;nan;nan;28012;1;0;0;0;0;0;0
285;1;1;1;IDLE;0.000;0.000;1.000;20609.275268;20609.278484;20609.311404;20609.442200;815482;815482;815482;10194;22;13047712;13047752;100.000;892.833;892.833;6.924;7.590;3131.460;3.053;0.000;0.000;4.310;13.612;0.002;20.976;20.976;149.102;163.716;32.919;12.812;63.719;1.449;0.928;0.498;1.407;0.029;3.216;166.931;26611.896;137.631;104.298;99.319;104.298;0.009;0.373;4.340;0.130;0;1;32.885;32.886;nan;nan;nan;28764;1;0;0;0;0;0;0
286;1;1;1;IDLE;0.000;0.000;1.000;20609.393158;20609.396053;20609.422050;20609.575308;814633;814633;814633;10183;104;13034128;13034168;100.000;889.330;889.330;32.688;35.912;3128.200;3.123;0.000;0.000;4.685;5.982;0.003;13.789;13.789;164.598;179.255;25.997;7.692;53.041;1.752;0.990;0.512;1.400;0.030;2.895;182.149;26711.670;117.569;84.235;98.377;84.235;0.002;0.672;4.430;0.133;0;1;26.128;26.130;nan;nan;nan;136112;1;0;0;0;0;0;0
287;1;1;1;IDLE;0.000;0.000;1.000;20609.519753;20609.522900;20609.555956;20609.707678;814941;814941;814941;10187;22;13039056;13039096;100.000;881.421;881.421;6.924;7.590;3129.383;3.064;0.000;0.000;4.296;13.581;0.001;20.942;20.942;169.985;184.778;33.057;11.333;63.351;1.443;0.925;0.499;1.401;0.028;3.147;187.925;26810.707;126.846;93.513;98.073;93.513;0.002;0.383;4.402;0.132;0;1;32.930;32.931;nan;nan;nan;28764;1;0;0;0;0;0;0
288;1;1;1;IDLE;0.000;0.000;1.000;20609.651973;20609.654852;20609.688353;20609.838091;818847;818847;818847;10236;18;13101552;13101592;100.000;889.392;889.392;5.571;6.111;3144.382;3.163;0.000;0.000;4.315;13.680;0.001;21.158;21.158;168.509;183.240;33.502;11.547;63.154;1.470;0.923;0.499;1.396;0.028;2.879;186.118;26907.787;131.952;98.619;98.107;98.619;0.002;0.773;4.383;0.131;0;1;33.001;33.002;nan;nan;nan;23124;1;0;0;0;0;0;0
289;1;1;1;IDLE;0.000;0.000;1.000;20609.790608;20609.793646;20609.818948;20609.983150;824052;824052;824052;10301;16;13184832;13184872;100.000;898.893;898.893;5.029;5.508;3164.369;3.060;0.000;0.000;4.366;5.952;0.001;13.378;13.378;174.835;189.503;25.301;7.059;52.874;1.518;0.921;0.507;1.394;0.026;3.039;192.542;27019.512;138.795;105.462;98.566;105.462;0.002;0.313;4.381;0.131;0;1;25.092;25.093;nan;nan;nan;20868;1;0;0;0;0;0;0
290;1;1;1;IDLE;0.000;0.000;1.000;20609.927653;20609.930565;20609.963862;20610.110562;835458;835458;835458;10444;20;13367328;13367368;100.000;916.234;916.234;6.157;6.760;3208.168;3.397;0.000;0.000;4.364;13.544;0.001;21.305;21.305;165.408;179.998;33.297;11.836;63.984;1.494;0.943;0.504;1.395;0.029;2.912;182.909;27113.591;136.918;103.585;98.880;103.585;0.002;0.797;4.379;0.131;0;1;32.829;32.830;nan;nan;nan;25568;1;0;0;0;0;0;0
291;1;1;1;IDLE;0.000;0.000;1.000;20610.055076;20610.058158;20610.091275;20610.238031;819605;819605;819605;10246;20;13113680;13113720;100.000;887.685;887.685;6.293;6.896;3147.293;3.085;0.000;0.000;4.326;13.659;0.002;21.071;21.071;165.100;179.873;33.117;11.714;63.625;1.464;0.934;0.504;1.398;0.027;3.082;182.955;27207.726;127.593;94.260;98.591;94.260;0.002;0.356;4.368;0.131;0;1;32.944;32.944;nan;nan;nan;26132;1;0;0;0;0;0;0
292;1;1;1;IDLE;0.000;0.000;1.000;20610.190451;20610.193372;20610.218893;20610.238066;827799;827799;827799;10348;20;13244784;13244824;100.000;915.974;915.974;6.338;6.941;3178.758;3.077;0.000;0.000;4.347;5.961;0.000;13.385;13.385;30.234;44.694;25.521;29.949;52.449;1.470;0.935;0.525;1.390;0.027;2.922;47.616;27174.428;135.214;101.881;98.797;101.881;0.002;0.750;4.365;0.131;0;1;25.095;25.096;nan;nan;nan;26320;1;0;0;0;0;0;0
293;1;1;1;IDLE;0.000;0.000;1.000;20610.331268;20610.334117;20610.367913;20610.507672;830771;830771;830771;10385;22;13292336;13292376;100.000;896.043;896.043;6.789;7.454;3190.170;3.082;0.000;0.000;4.391;13.649;0.002;21.122;21.122;158.720;173.555;33.796;12.170;62.500;1.509;0.943;0.503;1.407;0.029;2.848;176.403;27410.701;140.744;107.411;99.335;107.411;0.002;0.919;4.374;0.131;0;1;33.092;33.093;nan;nan;nan;28200;1;0;0;0;0;0;0
294;1;1;1;IDLE;0.000;0.000;1.000;20610.452263;20610.455166;20610.488194;20610.616376;835004;835004;835004;10438;23;13360064;13360104;100.000;899.260;899.260;7.195;7.892;3206.425;3.134;0.000;0.000;4.451;13.649;0.001;21.234;21.234;146.354;161.211;33.029;13.172;64.290;1.585;0.940;0.500;1.399;0.027;2.903;164.113;27486.072;121.049;87.716;98.609;87.716;0.002;0.069;4.396;0.132;0;1;33.122;33.124;nan;nan;nan;29892;1;0;0;0;0;0;0
295;1;1;1;IDLE;0.000;0.000;1.000;20610.567830;20610.570660;20610.596856;20610.756010;814967;814967;814967;10188;23;13039472;13039512;100.000;874.077;874.077;7.060;7.756;3129.483;3.011;0.000;0.000;4.423;6.038;0.001;13.472;13.472;170.432;185.350;26.196;7.268;51.427;1.547;0.945;0.505;1.395;0.031;2.830;188.180;27592.372;115.494;82.161;97.581;82.161;0.002;0.815;4.405;0.132;0;1;25.555;25.556;nan;nan;nan;29328;1;0;0;0;0;0;0
296;1;1;1;IDLE;0.000;0.000;1.000;20610.700161;20610.702957;20610.736707;20610.756048;818656;818656;818656;10234;22;13098496;13098536;100.000;881.022;881.022;6.970;7.635;3143.649;3.166;0.000;0.000;4.340;13.581;0.001;21.087;21.087;38.224;53.091;33.751;39.719;62.479;1.455;0.934;0.514;1.407;0.030;2.795;55.886;27559.077;132.297;98.964;97.667;98.964;0.002;0.960;4.391;0.132;0;1;32.881;32.881;nan;nan;nan;28952;1;0;0;0;0;0;0
297;1;1;1;IDLE;0.000;0.000;1.000;20610.830996;20610.833869;20610.867100;20611.007830;819807;819807;819807;10248;22;13116912;13116952;100.000;878.598;878.598;6.789;7.454;3148.068;3.023;0.000;0.000;4.335;13.670;0.002;21.027;21.027;159.032;173.962;33.231;12.087;63.276;1.472;0.931;0.511;1.394;0.027;2.872;176.834;27777.526;130.912;97.579;97.662;97.579;0.002;0.295;4.379;0.131;0;1;33.122;33.123;nan;nan;nan;28200;1;0;0;0;0;0;0
298;1;1;1;IDLE;0.000;0.000;1.000;20610.960394;20610.963613;20610.988649;20611.007867;814766;814766;814766;10185;21;13036256;13036296;100.000;890.043;890.043;6.654;7.288;3128.711;3.116;0.000;0.000;4.336;5.916;0.001;13.368;13.368;29.607;44.254;25.036;30.208;53.395;1.464;0.927;0.505;1.411;0.029;3.219;47.473;27744.230;129.745;96.411;97.584;96.411;0.002;0.134;4.371;0.131;0;1;25.094;25.095;nan;nan;nan;27636;1;0;0;0;0;0;0
299;1;1;1;IDLE;0.000;0.000;1.000;20611.086387;20611.089179;20611.122645;20611.262427;809259;809259;809259;10116;22;12948144;12948184;100.000;866.601;866.601;6.879;7.545;3107.564;3.067;0.000;0.000;4.340;13.616;0.003;21.023;21.023;158.306;173.247;33.465;12.134;62.819;1.481;0.926;0.495;1.408;0.031;2.792;176.040;27965.456;125.566;92.233;97.249;92.233;0.002;0.565;4.365;0.131;0;1;32.935;32.936;nan;nan;nan;28576;1;0;0;0;0;0;0
300;1;1;1;IDLE;0.000;0.000;1.000;20611.209151;20611.212022;20611.241711;20611.288132;812212;812212;812212;10153;22;12995392;12995432;100.000;882.934;882.934;6.924;7.590;3118.904;2.852;0.000;0.000;4.338;10.398;0.001;17.588;17.588;61.392;76.110;29.689;23.109;59.241;1.457;0.928;0.510;1.410;0.032;2.871;78.981;27957.828;122.842;89.509;96.766;89.509;0.002;0.232;4.361;0.131;0;1;31.111;31.112;nan;nan;nan;28764;1;0;0;0;0;0;0
