frame_id;rx_complete;tx_complete;current_skip;yaw;pitch;zoom;camera_send_timestamp;recv_start_timestamp;node_exit_timestamp;original_points;rx_media_bytes;tx_points;rx_packets;tx_packets;payload_bytes;reference_size_bytes;data_integrity_pct;internal_throughput_mbs;reference_throughput_mbs;logical_bitrate_mbps;network_bitrate_mbps;reference_bitrate_mbps;arrived_points;eroded_points;valid_points;erosion_ms;reconstruction_ms;pose_ms;reconstruction_pipeline_ms;tx_duration_ms;active_tx_ms;active_process_ms;reference_process_ms;total_processing_ms;total_residency_ms;reference_residency_ms;node_efficiency_pct;reference_efficiency_pct;gpu_transfer_ms;gpu_copyback_ms;host_overhead_ms;camera_node_ms;e2e_latency_ms;schedule_delay_ms;inter_arrival_ms;instant_jitter_ms;desynced_jitter_ms;pose_control_ms;codec_queue_ms;frame_queue_ms;codec_backlog;decode_service_ms;decode_h265_ms;ffmpeg_write_calls;ffmpeg_write_failures;codec_queue_drops;tx_zero_accepts;tx_partial_accepts;tx_resubmit_calls;tx_resubmitted_packets;mbuf_starvation
1;1;1;1;0.000000;0.000000;1.000000;1118.683294;1118.750625;1118.889214;784142;142128;146318;108;1829;142128;154656;100.000;158.129;171.961;561.874;603.123;37.117;178911;159140;146318;0.215;0.126;0.078;3.115;1.877;0.109;38.806;36.851;138.559;138.588;136.680;28.001;26.962;1.400;0.298;0.998;67.332;205.920;138.588;0.000;0.000;0.000;0.000;0.029;0.001;56;33.814;133.533;5;0;0;0;0;0;0;0
2;1;1;1;0.000000;0.000000;1.000000;1118.715740;1118.798629;1118.922190;783406;29140;144182;23;1803;29140;31808;100.000;1.005;1.094;553.671;594.335;7.634;169393;156499;144182;0.211;0.125;0.077;2.214;1.796;0.107;37.972;36.099;123.115;123.562;121.741;30.731;29.652;1.525;0.191;0.085;82.888;206.450;138.232;48.003;14.670;0.917;0.000;0.447;0.001;29;33.962;119.078;2;0;0;0;0;0;0;0
3;1;1;1;0.000000;0.000000;1.000000;1118.749851;1118.828747;1118.970127;780200;22936;141754;18;1772;22936;25024;100.000;0.714;0.776;544.348;584.312;6.006;164369;153953;141754;0.210;0.125;0.076;2.074;1.195;0.383;51.947;50.677;141.356;141.380;140.163;36.743;36.156;1.400;0.186;0.076;78.897;220.277;152.835;30.119;3.214;1.060;0.000;0.024;0.000;11;48.679;138.064;3;0;0;0;0;0;0;0
4;1;1;1;0.000000;0.000000;1.000000;1118.784325;1118.861025;1118.997868;778467;22560;139430;18;1743;22560;24648;100.000;0.689;0.750;535.424;574.733;5.916;160176;150044;139430;0.194;0.114;0.071;2.909;1.250;0.075;30.992;29.672;136.822;136.843;135.559;22.648;21.888;2.083;0.303;0.145;76.700;213.543;147.243;32.278;1.056;1.060;0.000;0.021;0.001;15;26.833;132.625;3;0;0;0;0;0;0;0
5;1;1;1;0.000000;0.000000;1.000000;1118.817751;1118.894652;1119.029209;776427;22184;137802;17;1723;22184;24156;100.000;0.483;0.524;529.172;568.031;5.797;157416;147596;137802;0.198;0.115;0.071;2.937;1.756;0.216;35.489;33.663;134.519;134.557;132.761;26.375;25.356;2.101;0.303;0.149;76.901;211.458;145.250;33.627;0.293;1.012;0.000;0.038;0.001;16;30.797;129.783;2;0;0;0;0;0;0;0
6;1;1;1;0.000000;0.000000;1.000000;1118.850667;1118.940771;1119.066761;774893;24440;137230;19;1716;24440;26644;100.000;1.615;1.755;526.976;565.676;6.395;155550;146606;137230;0.194;0.113;0.069;2.604;1.679;0.552;42.254;40.506;125.966;125.990;124.285;33.537;32.591;1.894;0.221;0.114;90.104;216.094;149.469;46.119;12.786;1.748;0.000;0.025;0.000;10;37.971;121.654;3;0;0;0;0;0;0;0
7;1;1;1;0.000000;0.000000;1.000000;1118.883915;1118.966316;1119.097940;775949;24628;137590;19;1720;24628;26832;100.000;0.856;0.930;528.358;567.149;6.440;155686;147298;137590;0.195;0.115;0.071;2.880;1.746;0.107;35.450;33.634;131.592;131.625;129.845;26.933;25.903;2.080;0.286;0.134;82.401;214.025;147.315;25.545;7.789;2.126;0.000;0.033;0.000;9;30.825;126.930;4;0;0;0;0;0;0;0
8;1;1;1;0.000000;0.000000;1.000000;1118.917198;1118.999182;1119.129948;775463;26132;137746;20;1722;26132;28452;100.000;0.818;0.888;528.957;567.793;6.828;154906;147243;137746;0.200;0.114;0.071;2.899;2.292;0.353;36.619;34.256;130.736;130.765;128.429;28.003;26.673;2.050;0.307;0.158;81.984;212.749;145.989;32.867;0.466;2.022;0.000;0.030;0.000;12;31.427;125.499;4;0;0;0;0;0;0;0
9;1;1;1;0.000000;0.000000;1.000000;1118.950825;1119.032319;1119.166238;775698;26320;138024;20;1726;26320;28640;100.000;0.987;1.070;530.025;568.951;6.874;154568;147458;138024;0.183;0.105;0.066;2.645;1.679;0.628;41.479;39.734;133.884;133.918;132.212;30.973;30.053;1.963;0.206;0.123;81.494;215.412;148.946;33.137;0.196;1.908;0.000;0.034;0.000;12;37.154;129.515;3;0;0;0;0;0;0;0
10;1;1;1;0.000000;0.000000;1.000000;1118.985039;1119.066001;1119.193887;778020;25568;138278;20;1729;25568;27888;100.000;0.815;0.886;531.000;569.994;6.693;154050;146842;138278;0.187;0.106;0.067;2.391;2.004;0.141;31.959;29.888;127.836;127.887;125.844;24.990;23.750;1.619;0.300;0.112;80.962;208.849;143.262;33.681;0.348;1.810;0.000;0.051;0.000;19;27.564;123.401;2;0;0;0;0;0;0;0
11;1;1;1;0.000000;0.000000;1.000000;1119.019052;1119.099601;1119.233506;778554;24064;139114;19;1739;24064;26268;100.000;0.717;0.780;534.210;573.430;6.304;154595;147809;139114;0.183;0.110;0.066;2.814;1.286;0.224;44.014;42.663;133.885;133.905;132.585;32.869;32.177;2.069;0.244;0.142;80.549;214.454;149.547;33.600;0.267;1.714;0.000;0.020;0.001;10;39.914;129.748;4;0;0;0;0;0;0;0
12;1;1;1;0.000000;0.000000;1.000000;1119.051458;1119.133901;1119.266095;779986;25568;140496;20;1757;25568;27888;100.000;0.924;1.005;539.517;579.143;6.693;155539;148958;140496;0.186;0.111;0.067;2.240;1.419;0.492;36.691;35.206;132.169;132.194;130.749;27.755;26.926;1.579;0.187;0.111;82.442;214.637;148.803;34.300;0.967;1.667;0.000;0.026;0.000;12;33.032;128.481;4;0;0;0;0;0;0;0
13;1;1;1;0.000000;0.000000;1.000000;1119.085821;1119.165758;1119.292208;780926;26132;142868;20;1786;26132;28452;100.000;0.772;0.838;548.626;588.905;6.828;157643;150973;142868;0.184;0.109;0.066;2.112;2.259;0.143;29.768;27.443;126.415;126.450;124.164;23.541;22.103;1.469;0.202;0.083;79.937;206.387;141.582;31.857;1.476;1.655;0.000;0.035;0.001;13;25.397;122.015;4;0;0;0;0;0;0;0
14;1;1;1;0.000000;0.000000;1.000000;1119.119864;1119.199768;1119.327551;782770;26696;144928;21;1812;26696;29132;100.000;0.811;0.882;556.536;597.402;6.992;159265;152825;144928;0.220;0.106;0.066;2.533;2.394;0.382;39.690;37.230;127.755;127.783;125.341;31.060;29.703;1.697;0.316;0.128;79.904;207.687;143.592;34.010;0.677;1.594;0.000;0.029;0.000;12;34.762;122.778;4;0;0;0;0;0;0;0
15;1;1;1;0.000000;0.000000;1.000000;1119.151528;1119.234357;1119.362638;784474;27072;146044;21;1826;27072;29508;100.000;1.039;1.129;560.821;602.004;7.082;159836;153185;146044;0.175;0.105;0.066;2.844;2.750;0.818;40.014;37.199;128.244;128.281;125.487;31.193;29.644;2.038;0.322;0.138;82.829;211.110;145.346;34.589;1.256;1.573;0.000;0.037;0.000;10;34.420;122.604;3;0;0;0;0;0;0;0
16;1;1;1;0.000000;0.000000;1.000000;1119.186668;1119.260508;1119.396665;785193;131788;145822;101;1823;131788;143504;100.000;3.523;3.834;559.969;601.083;34.441;177968;156948;145822;0.222;0.106;0.066;2.960;2.068;0.146;39.609;37.476;136.068;136.157;134.038;29.091;27.959;2.110;0.294;0.162;73.841;209.997;146.040;26.152;7.182;1.923;0.000;0.089;0.000;47;34.581;130.986;5;0;0;0;0;0;0;0
17;1;1;1;0.000000;0.000000;1.000000;1119.220202;1119.298720;1119.429675;782720;28952;144126;22;1802;28952;31504;100.000;757.596;821.877;553.456;594.097;7.561;169127;155796;144126;0.182;0.108;0.066;2.900;2.060;0.340;38.040;35.914;130.940;130.955;128.851;29.048;27.873;2.095;0.318;0.132;78.519;209.474;145.717;38.212;4.879;2.108;0.000;0.015;0.000;20;33.080;125.933;2;0;0;0;0;0;0;0
18;1;1;1;0.000000;0.000000;1.000000;1119.250477;1119.332631;1119.463818;781613;23312;141930;18;1775;23312;25400;100.000;0.954;1.036;545.024;585.055;6.096;164376;152343;141930;0.177;0.103;0.065;2.861;1.978;0.618;39.107;37.065;131.141;131.187;129.174;29.810;28.694;2.085;0.295;0.136;82.154;213.341;146.526;33.911;0.577;2.013;0.000;0.047;0.000;17;34.268;126.264;2;0;0;0;0;0;0;0
19;1;1;1;0.000000;0.000000;1.000000;1119.286262;1119.365479;1119.495367;780006;22372;139740;17;1747;22372;24344;100.000;720.660;781.111;536.614;576.014;5.843;160684;150225;139740;0.187;0.105;0.065;2.896;2.013;0.117;36.354;34.277;129.463;129.888;127.824;27.989;26.816;2.093;0.292;0.154;79.217;209.105;144.741;32.848;0.485;1.917;0.000;0.425;0.000;17;31.446;124.488;1;0;0;0;0;0;0;0
20;1;1;1;0.000000;0.000000;1.000000;1119.319300;1119.399626;1119.528825;780302;22748;138346;18;1730;22748;24836;100.000;0.745;0.811;531.261;570.277;5.961;157894;148300;138346;0.225;0.104;0.065;3.530;2.152;0.315;38.363;36.147;129.153;129.199;126.998;29.693;28.463;2.679;0.298;0.159;80.325;209.525;144.866;34.147;0.813;1.848;0.000;0.046;0.000;17;32.681;123.420;2;0;0;0;0;0;0;0
21;1;1;1;0.000000;0.000000;1.000000;1119.351166;1119.432739;1119.562159;779066;24816;137844;19;1724;24816;27020;100.000;1.052;1.142;529.333;568.214;6.485;156303;147479;137844;0.179;0.104;0.063;2.899;2.682;0.913;39.009;36.263;129.378;129.420;126.686;30.141;28.624;2.094;0.302;0.156;81.573;210.992;144.867;33.114;0.220;1.746;0.000;0.042;0.000;18;33.427;123.742;2;0;0;0;0;0;0;0
22;1;1;1;0.000000;0.000000;1.000000;1119.386196;1119.465336;1119.593695;778280;25004;138092;19;1727;25004;27208;100.000;450.375;488.355;530.286;569.234;6.530;156434;148303;138092;0.182;0.104;0.066;2.821;2.088;0.129;37.130;34.976;128.322;128.360;126.236;28.926;27.707;2.040;0.290;0.138;79.139;207.499;143.070;32.596;0.737;1.683;0.000;0.038;0.000;13;32.221;123.376;2;0;0;0;0;0;0;0
23;1;1;1;0.000000;0.000000;1.000000;1119.419128;1119.498665;1119.629174;778907;26132;138240;20;1728;26132;28452;100.000;0.848;0.920;530.854;569.825;6.828;155826;148511;138240;0.185;0.106;0.063;2.858;1.842;0.287;40.388;38.483;130.481;130.509;128.636;30.947;29.916;2.091;0.277;0.136;79.537;210.046;145.215;33.330;0.004;1.578;0.000;0.027;0.000;9;35.688;125.749;4;0;0;0;0;0;0;0
24;1;1;1;0.000000;0.087266;1.000000;1119.451553;1119.533452;1119.660917;779289;23876;138556;19;1732;23876;26080;100.000;1.070;1.164;532.068;571.129;6.259;155133;147900;138556;0.186;0.106;0.063;2.887;2.545;0.698;36.435;33.826;127.443;127.465;124.884;28.584;27.086;2.103;0.292;0.137;81.900;209.365;143.625;34.787;1.454;1.570;21.921;0.022;0.000;6;31.003;121.973;5;0;0;0;0;0;0;0
25;1;1;1;0.000000;0.087266;1.000000;1119.485361;1119.564216;1119.684907;779739;25192;138952;20;1737;25192;27512;100.000;0.800;0.870;533.588;572.762;6.603;154951;148061;138952;0.226;0.112;0.067;4.003;1.282;0.077;29.433;28.084;120.641;120.691;119.389;24.387;23.523;2.879;0.183;0.537;78.855;199.546;134.281;30.763;2.570;1.633;0.000;0.050;0.000;19;24.147;115.333;2;0;0;0;0;0;0;0
26;1;1;1;0.000000;0.087266;1.000000;1119.518744;1119.598760;1119.723335;779364;26508;139454;21;1744;26508;28944;100.000;0.869;0.945;535.516;574.848;6.947;155091;148214;139454;0.181;0.105;0.065;2.040;2.340;0.722;43.706;41.302;124.536;124.575;122.211;35.084;33.796;1.425;0.184;0.081;80.016;204.591;139.376;34.545;1.211;1.607;0.000;0.039;0.000;20;39.326;120.130;2;0;0;0;0;0;0;0
27;1;1;1;0.000000;0.087266;1.000000;1119.551015;1119.632404;1119.758686;780025;26320;140520;20;1757;26320;28640;100.000;1.178;1.277;539.609;579.235;6.874;155666;148911;140520;0.180;0.102;0.063;2.522;2.514;0.166;39.705;37.127;126.244;126.282;123.720;31.441;30.009;1.728;0.319;0.129;81.389;207.671;141.394;33.644;0.311;1.526;0.000;0.038;0.000;15;34.669;121.160;3;0;0;0;0;0;0;0
28;1;1;1;0.000000;0.087266;1.000000;1119.584653;1119.654936;1119.785843;780373;26696;141820;21;1773;26696;29132;100.000;0.653;0.710;544.601;584.588;6.992;156450;150058;141820;0.177;0.104;0.063;2.249;1.801;0.466;32.208;30.344;130.872;130.907;129.077;24.604;23.509;1.549;0.248;0.107;70.283;201.190;135.218;22.532;10.801;2.105;0.000;0.036;0.000;13;28.159;126.791;4;0;0;0;0;0;0;0
29;1;1;1;0.000000;0.087266;1.000000;1119.619029;1119.696345;1119.835367;781651;28012;143812;22;1798;28012;30564;100.000;0.881;0.958;552.251;592.801;7.335;158178;151821;143812;0.184;0.106;0.066;2.383;1.257;0.076;53.549;52.226;138.993;139.022;137.734;38.518;37.918;1.690;0.216;0.121;77.315;216.338;151.408;41.409;8.075;2.478;0.000;0.029;0.001;12;49.909;135.301;3;0;0;0;0;0;0;0
30;1;1;1;0.000000;0.087266;1.000000;1119.651321;1119.729578;1119.880268;781375;26320;144756;20;1810;26320;28640;100.000;0.879;0.953;555.876;596.697;6.874;158959;152458;144756;1.361;0.109;0.068;4.616;2.002;0.635;48.543;46.473;150.657;150.690;148.663;32.214;31.261;1.705;0.211;1.163;78.257;228.947;162.976;33.234;0.100;2.330;0.000;0.033;0.000;16;41.924;144.011;3;0;0;0;0;0;0;0
31;1;1;1;0.000000;0.087266;1.000000;1119.684987;1119.759650;1119.905083;784392;130660;143948;100;1800;130660;142260;100.000;3.080;3.351;552.773;593.368;34.142;176776;155937;143948;0.187;0.108;0.066;2.107;0.892;0.053;31.429;30.472;145.338;145.433;144.515;21.611;21.085;1.463;0.190;0.094;74.663;220.096;154.458;30.072;3.262;2.388;0.000;0.095;0.000;39;28.430;142.312;7;0;0;0;0;0;0;0
32;1;1;1;0.000000;0.087266;1.000000;1119.718033;1119.802154;1119.934674;782671;28576;141972;22;1775;28576;31128;100.000;0.642;0.697;545.185;585.216;7.471;167802;154013;141972;0.180;0.103;0.063;3.028;1.219;0.077;32.573;31.291;132.477;132.520;131.262;24.580;23.838;2.143;0.329;0.208;84.121;216.641;150.715;42.504;9.171;2.812;0.000;0.042;0.000;21;28.326;128.189;2;0;0;0;0;0;0;0
33;1;1;1;0.000000;0.087266;1.000000;1119.750685;1119.846827;1119.966525;776999;23688;139814;18;1748;23688;25776;100.000;1.879;2.037;536.898;576.321;6.186;162473;151153;139814;0.172;0.103;0.063;2.401;1.337;0.374;36.110;34.709;119.681;119.697;118.338;30.168;29.331;1.753;0.203;0.105;96.143;215.840;149.233;44.673;11.340;3.345;0.000;0.017;0.000;11;32.372;115.918;3;0;0;0;0;0;0;0
34;1;1;1;0.000000;0.087266;1.000000;1119.785075;1119.864259;1119.997963;778650;23124;137648;18;1721;23124;25212;100.000;0.719;0.781;528.581;567.394;6.051;157983;147475;137648;0.178;0.102;0.063;2.799;1.878;0.114;35.140;33.199;132.692;133.704;131.773;26.282;25.194;2.024;0.295;0.136;79.184;212.888;147.337;17.432;15.902;4.130;0.000;1.011;0.001;17;30.463;127.959;2;0;0;0;0;0;0;0
35;1;1;1;0.000000;0.087266;1.000000;1119.819620;1119.902381;1120.030237;778007;23124;137154;18;1715;23124;25212;100.000;0.768;0.835;526.684;565.362;6.051;156457;146475;137154;0.183;0.105;0.063;2.887;1.801;0.222;36.955;35.090;127.804;127.856;126.011;28.903;27.847;2.085;0.301;0.149;82.761;210.617;146.279;38.122;4.789;4.171;0.000;0.052;0.000;17;32.267;123.069;2;0;0;0;0;0;0;0
36;1;1;1;0.000000;0.087266;1.000000;1119.849986;1119.935524;1120.062680;776483;25380;138046;20;1726;25380;27700;100.000;1.145;1.246;530.109;569.035;6.648;155937;147008;138046;0.177;0.103;0.063;2.771;2.269;0.806;37.126;34.793;127.089;127.156;124.843;29.197;27.870;2.010;0.292;0.126;85.538;212.694;145.388;33.143;0.191;3.922;0.000;0.067;0.000;19;32.086;122.003;2;0;0;0;0;0;0;0
37;1;1;1;0.000000;0.087266;1.000000;1119.886580;1119.965717;1120.093318;781287;26320;139346;20;1742;26320;28640;100.000;511.590;554.830;535.101;574.388;6.874;157460;149487;139346;0.186;0.105;0.063;2.632;2.105;0.122;35.677;33.509;127.561;127.602;125.455;27.960;26.710;1.841;0.310;0.125;79.136;206.738;142.693;30.193;3.141;3.873;0.000;0.040;0.000;17;30.941;122.782;3;0;0;0;0;0;0;0
38;1;1;1;0.000000;0.087266;1.000000;1119.920285;1119.999856;1120.127333;780329;27824;141098;22;1764;27824;30376;100.000;0.899;0.979;541.829;581.612;7.290;157637;150141;141098;0.183;0.106;0.065;2.824;1.946;0.315;38.752;36.742;127.430;127.477;125.494;30.399;29.278;2.031;0.295;0.144;79.571;207.049;143.375;34.140;0.806;3.682;0.000;0.047;0.000;18;33.982;122.621;3;0;0;0;0;0;0;0
39;1;1;1;0.000000;0.087266;1.000000;1119.950609;1120.033098;1120.160418;780785;28952;142238;22;1778;28952;31504;100.000;1.214;1.318;546.206;586.306;7.561;158178;150818;142238;0.182;0.105;0.066;2.862;2.499;0.767;37.833;35.268;127.294;127.320;124.788;29.714;28.262;2.069;0.308;0.133;82.489;209.809;143.126;33.241;0.092;3.457;0.000;0.026;0.000;15;32.471;121.876;4;0;0;0;0;0;0;0
40;1;1;1;0.000000;0.087266;1.000000;1119.986089;1120.064616;1120.182224;785430;29704;143844;23;1799;29704;32372;100.000;0.871;0.947;552.373;592.946;7.769;159340;152098;143844;0.232;0.112;0.070;2.315;1.410;0.083;27.175;25.696;117.563;117.608;116.177;23.106;22.118;1.546;0.249;0.106;78.527;196.135;131.598;31.518;1.815;3.355;0.000;0.045;0.000;22;23.450;113.815;2;0;0;0;0;0;0;0
41;1;1;1;0.000000;0.087266;1.000000;1120.019321;1120.098872;1120.220610;789479;31208;146416;24;1831;31208;33992;100.000;1.033;1.122;562.250;603.545;8.158;161458;154259;146416;0.182;0.109;0.065;2.061;1.595;0.486;42.102;40.443;121.712;121.737;120.117;34.584;33.670;1.427;0.194;0.085;79.551;201.289;136.651;34.257;0.924;3.203;0.000;0.026;0.000;14;38.446;118.028;3;0;0;0;0;0;0;0
42;1;1;1;0.000000;0.087266;1.000000;1120.051033;1120.132487;1120.253422;789348;31584;148106;24;1852;31584;34368;100.000;1.389;1.507;568.740;610.508;8.248;163190;156459;148106;0.181;0.106;0.066;2.043;1.142;0.084;36.462;35.254;120.892;120.935;119.764;30.150;29.436;1.411;0.195;0.084;81.455;202.390;136.130;33.615;0.282;3.020;0.000;0.043;0.000;18;33.277;117.676;3;0;0;0;0;0;0;0
43;1;1;1;0.000000;0.087266;1.000000;1120.085161;1120.155738;1120.280575;792714;31584;149298;24;1867;31584;34368;100.000;407.906;442.628;573.317;615.424;8.248;164183;157597;149298;0.173;0.104;0.065;2.288;1.726;0.503;30.346;28.555;124.774;124.838;123.094;24.308;23.198;1.616;0.246;0.084;70.577;195.414;129.950;23.250;10.083;3.462;0.000;0.063;0.000;21;26.332;120.741;2;0;0;0;0;0;0;0
44;1;1;1;0.000000;0.087266;1.000000;1120.118537;1120.194662;1120.319167;790865;31960;150365;25;1880;31960;34860;100.000;1.001;1.089;577.414;619.814;8.366;165393;158411;150365;0.186;0.109;0.067;2.027;1.192;0.077;42.599;41.340;124.467;124.505;123.292;34.214;33.531;1.400;0.196;0.070;76.125;200.630;135.208;38.924;5.591;3.595;0.000;0.038;0.000;16;39.380;121.225;3;0;0;0;0;0;0;0
45;1;1;1;0.000000;0.087266;1.000000;1120.150964;1120.226801;1120.357506;787976;32336;151606;25;1896;32336;35236;100.000;1.152;1.252;582.180;624.941;8.457;166115;159428;151606;0.183;0.108;0.068;2.390;1.740;0.220;41.537;39.730;130.638;130.705;128.926;31.779;30.816;1.619;0.311;0.102;75.837;206.542;140.214;32.139;1.194;3.445;0.000;0.068;0.000;24;37.408;126.467;2;0;0;0;0;0;0;0
46;1;1;1;0.000000;0.087266;1.000000;1120.184024;1120.255035;1120.383459;789717;146076;151650;111;1896;146076;158952;100.000;47.264;51.399;582.348;625.110;38.148;188890;165163;151650;0.217;0.109;0.067;3.414;1.725;0.459;30.098;28.307;128.399;128.423;126.679;23.436;22.345;2.732;0.199;0.090;71.012;199.435;132.833;28.234;5.099;3.548;0.000;0.024;0.000;56;24.959;123.239;5;0;0;0;0;0;0;0
47;1;1;1;0.000000;0.087266;1.000000;1120.217298;1120.293554;1120.420558;784950;29704;150558;23;1882;29704;32372;100.000;0.867;0.942;578.155;620.601;7.769;179115;163191;150558;0.220;0.108;0.067;2.115;1.190;0.074;42.230;40.974;126.968;127.004;125.789;33.251;32.573;1.412;0.199;0.110;76.256;203.260;136.599;38.519;5.186;3.650;0.000;0.035;0.000;17;38.925;123.637;3;0;0;0;0;0;0;0
48;1;1;1;0.000000;0.087266;1.000000;1120.250652;1120.328024;1120.452607;781130;24628;148538;19;1857;24628;26832;100.000;1.047;1.137;570.398;612.280;6.440;174491;161518;148538;0.183;0.108;0.067;2.063;1.899;0.515;35.351;33.385;124.551;124.583;122.659;28.375;27.218;1.421;0.196;0.090;77.372;201.955;135.315;34.469;1.136;3.493;0.000;0.032;0.000;11;31.388;120.563;3;0;0;0;0;0;0;0
49;1;1;1;0.000000;0.087266;1.000000;1120.283276;1120.351684;1120.481240;780468;24816;147276;19;1841;24816;27020;100.000;0.586;0.636;565.552;607.073;6.485;169683;158314;147276;0.214;0.108;0.067;4.215;1.116;0.075;32.582;31.399;129.506;129.556;128.422;25.149;24.450;2.495;0.193;1.139;68.407;197.963;130.614;23.660;9.673;3.879;0.000;0.050;0.000;18;27.251;124.138;2;0;0;0;0;0;0;0
50;1;1;1;0.000000;0.087266;1.000000;1120.317175;1120.394314;1120.520165;783376;25192;146748;20;1835;25192;27512;100.000;0.814;0.886;563.525;604.910;6.603;166714;156688;146748;0.184;0.106;0.067;2.034;1.704;0.514;44.243;42.472;125.820;125.851;124.118;35.155;34.219;1.404;0.193;0.080;77.139;202.990;136.206;42.631;9.297;4.218;0.000;0.031;0.000;12;40.504;122.051;3;0;0;0;0;0;0;0
51;1;1;1;0.000000;0.087266;1.000000;1120.350570;1120.425517;1120.552589;787237;29328;145970;23;1825;29328;31996;100.000;1.102;1.199;560.537;601.697;7.679;163927;154647;145970;0.187;0.108;0.066;2.059;0.993;0.060;36.171;35.112;127.020;127.072;126.061;28.465;27.853;1.438;0.191;0.071;74.947;202.019;135.297;31.203;2.130;4.088;0.000;0.052;0.000;14;33.118;123.949;3;0;0;0;0;0;0;0
52;1;1;1;0.000000;0.087266;1.000000;1120.384098;1120.452320;1120.581813;787734;30832;147302;24;1842;30832;33616;100.000;0.745;0.810;565.652;607.195;8.068;163921;154970;147302;0.227;0.111;0.069;4.110;1.504;0.459;32.271;30.698;129.462;129.493;127.970;24.921;23.989;2.845;0.191;0.668;68.222;197.715;131.187;26.803;6.531;4.240;0.000;0.031;0.000;15;26.656;123.827;4;0;0;0;0;0;0;0
53;1;1;1;0.000000;0.087266;1.000000;1120.417877;1120.493880;1120.623147;787059;31396;148046;24;1851;31396;34180;100.000;0.909;0.987;568.509;610.255;8.203;163880;155377;148046;0.178;0.108;0.067;2.184;1.867;0.125;46.925;44.991;129.239;129.267;127.363;36.301;35.325;1.419;0.317;0.096;76.003;205.270;139.188;41.560;8.227;4.489;0.000;0.028;0.000;15;42.874;125.149;3;0;0;0;0;0;0;0
54;1;1;1;0.000000;0.087266;1.000000;1120.450503;1120.528568;1120.653624;786051;31396;148712;24;1859;31396;34180;100.000;1.460;1.585;571.067;612.993;8.203;163752;156015;148712;0.184;0.106;0.067;2.034;1.402;0.388;34.543;33.074;125.025;125.056;123.635;27.622;26.751;1.413;0.195;0.069;78.064;203.121;136.332;34.688;1.354;4.294;0.000;0.031;0.000;18;31.107;121.569;3;0;0;0;0;0;0;0
55;1;1;1;0.000000;0.087266;1.000000;1120.483740;1120.550221;1120.681692;796213;30644;148706;24;1859;30644;33428;100.000;0.702;0.764;571.044;612.970;8.023;163350;156198;148706;0.225;0.111;0.065;3.784;1.342;0.078;31.498;30.092;131.436;131.471;130.108;23.958;23.129;2.484;0.195;0.705;66.480;197.952;131.067;21.653;11.680;4.755;0.000;0.036;0.000;18;26.373;126.286;3;0;0;0;0;0;0;0
56;1;1;1;0.000000;0.087266;1.000000;1120.517276;1120.594139;1120.720508;790191;30268;148654;23;1859;30268;32936;100.000;540.255;586.173;570.844;612.770;7.905;162711;155789;148654;0.181;0.106;0.066;2.056;1.496;0.395;43.936;42.374;126.335;126.368;124.851;34.768;33.940;1.428;0.195;0.080;76.863;203.232;136.549;43.918;10.585;5.120;0.000;0.034;0.000;13;40.383;122.759;3;0;0;0;0;0;0;0
57;1;1;1;0.000000;0.087266;1.000000;1120.550808;1120.627068;1120.753338;798808;30832;148762;24;1860;30832;33616;100.000;1.219;1.326;571.259;613.208;8.068;162756;155654;148762;0.182;0.110;0.066;2.025;1.455;0.081;36.380;34.859;126.218;126.270;124.793;28.811;27.934;1.406;0.194;0.069;76.260;202.530;136.046;32.929;0.405;4.825;0.000;0.052;0.000;14;32.899;122.714;4;0;0;0;0;0;0;0
58;1;1;1;0.000000;0.087266;1.000000;1120.583938;1120.652625;1120.780264;797924;30832;149280;24;1866;30832;33616;100.000;0.744;0.808;573.248;615.332;8.068;163186;156181;149280;0.231;0.113;0.070;2.263;1.282;0.075;30.404;29.052;127.599;127.639;126.336;23.820;22.996;1.504;0.247;0.098;68.687;196.326;129.638;25.557;7.776;5.009;0.000;0.040;0.000;21;26.859;124.032;3;0;0;0;0;0;0;0
59;1;1;1;0.000000;0.087266;1.000000;1120.617306;1120.694260;1120.822295;794477;30456;149798;24;1873;30456;33240;100.000;0.919;1.000;575.237;617.479;7.978;163385;156786;149798;0.182;0.109;0.066;2.231;1.970;0.477;45.567;43.531;128.018;128.035;126.039;35.589;34.538;1.577;0.198;0.100;76.954;204.990;138.337;41.635;8.302;5.215;0.000;0.018;0.000;17;41.365;123.787;3;0;0;0;0;0;0;0
60;1;1;1;0.000000;0.087266;1.000000;1120.650629;1120.727666;1120.853926;789053;30268;150698;23;1884;30268;32936;100.000;1.212;1.315;578.693;621.183;7.905;164074;157604;150698;0.185;0.108;0.067;2.055;1.347;0.074;35.820;34.406;126.203;126.260;124.891;28.370;27.549;1.424;0.199;0.073;77.037;203.297;136.634;33.405;0.072;4.894;0.000;0.057;0.000;22;32.418;122.765;2;0;0;0;0;0;0;0
61;1;1;1;0.000000;0.087266;1.000000;1120.683903;1120.752832;1120.880517;783874;143632;149328;110;1867;143632;156392;100.000;3.519;3.829;573.432;615.539;37.534;186216;162709;149328;0.227;0.115;0.071;2.292;1.457;0.394;29.993;28.466;127.669;127.685;126.210;23.490;22.554;1.521;0.247;0.111;68.929;196.614;129.892;25.167;8.167;5.098;0.000;0.016;0.001;49;26.244;123.899;5;0;0;0;0;0;0;0
62;1;1;1;0.000000;0.087266;1.000000;1120.717369;1120.793733;1120.920472;782785;28952;146986;22;1838;28952;31504;100.000;972.596;1055.119;564.439;605.892;7.561;175815;160583;146986;0.225;0.108;0.067;2.120;1.294;0.075;43.693;42.333;126.631;126.739;125.420;34.475;33.753;1.428;0.199;0.094;76.364;203.103;136.514;40.901;7.568;5.253;0.000;0.108;0.001;22;40.279;123.189;1;0;0;0;0;0;0;0
63;1;1;1;0.000000;0.087266;1.000000;1120.750507;1120.826902;1120.953936;782791;23124;145010;18;1813;23124;25212;100.000;0.893;0.970;556.851;597.740;6.051;170291;157298;145010;0.186;0.108;0.066;2.059;1.318;0.361;36.883;35.500;126.974;127.034;125.698;29.034;28.242;1.436;0.190;0.074;76.395;203.429;136.644;33.169;0.164;4.935;0.000;0.060;0.000;17;33.507;123.578;2;0;0;0;0;0;0;0
64;1;1;1;0.000000;0.087266;1.000000;1120.783367;1120.853011;1120.980541;782127;22184;143356;17;1792;22184;24156;100.000;0.539;0.584;550.500;590.915;5.797;165344;154096;143356;0.229;0.111;0.070;4.052;1.051;0.061;29.972;28.852;127.504;127.530;126.455;23.502;22.816;3.073;0.185;0.386;69.643;197.173;129.915;26.109;7.225;5.078;0.000;0.025;0.000;9;24.869;122.376;3;0;0;0;0;0;0;0
65;1;1;1;0.000000;0.087266;1.000000;1120.817446;1120.894408;1121.019314;785507;22748;142428;18;1781;22748;24836;100.000;0.660;0.718;546.936;587.103;5.961;163252;152956;142428;0.222;0.105;0.065;2.086;1.653;0.481;43.876;42.159;124.893;124.906;123.232;35.127;34.211;1.420;0.188;0.085;76.962;201.867;135.355;41.397;8.064;5.264;0.000;0.012;0.000;14;40.137;121.132;3;0;0;0;0;0;0;0
66;1;1;1;0.000000;0.087266;1.000000;1120.850665;1120.929044;1121.054870;789017;24064;142296;19;1779;24064;26268;100.000;1.092;1.188;546.429;586.551;6.304;161195;152082;142296;0.188;0.106;0.065;2.073;1.223;0.081;39.292;38.004;125.801;125.826;124.581;31.227;30.505;1.441;0.188;0.085;78.380;204.205;137.578;34.636;1.303;5.017;0.000;0.025;0.000;9;35.996;122.482;4;0;0;0;0;0;0;0
67;1;1;1;0.000000;0.087266;1.000000;1120.883323;1120.951225;1121.081841;789641;25568;142550;20;1782;25568;27888;100.000;0.610;0.663;547.404;587.594;6.693;160514;151751;142550;0.228;0.112;0.069;3.552;1.312;0.081;30.261;28.880;130.600;130.616;129.280;23.168;22.340;2.813;0.216;0.114;67.902;198.518;131.216;22.181;11.152;5.400;0.000;0.015;0.000;13;25.397;125.711;3;0;0;0;0;0;0;0
68;1;1;1;-0.087266;0.087266;1.000000;1120.917698;1120.993384;1121.121807;784718;26320;142638;20;1783;26320;28640;100.000;813.481;882.237;547.742;587.954;6.874;160287;152018;142638;0.183;0.105;0.066;2.041;1.967;0.432;44.826;42.793;128.380;128.423;126.431;34.905;33.847;1.413;0.188;0.086;75.686;204.109;137.848;42.159;8.825;5.614;3.766;0.043;0.000;20;40.818;124.347;1;0;0;0;0;0;0;0
69;1;1;1;-0.087266;0.087266;1.000000;1120.950580;1121.028524;1121.157959;778159;27448;142942;21;1787;27448;29884;100.000;1.217;1.320;548.910;589.212;7.172;159850;152237;142942;0.185;0.106;0.067;2.570;2.022;0.125;40.148;38.060;129.411;129.436;127.380;31.018;29.879;1.826;0.271;0.114;77.943;207.379;140.667;35.140;1.806;5.376;0.000;0.025;0.000;11;35.557;124.784;3;0;0;0;0;0;0;0
70;1;1;1;-0.087266;0.087266;1.000000;1120.983299;1121.051224;1121.182679;776327;28388;143886;22;1799;28388;30940;100.000;0.655;0.711;552.535;593.108;7.426;160060;152716;143886;0.227;0.111;0.070;2.738;1.849;0.552;29.301;27.383;131.413;131.455;129.582;22.290;21.131;1.454;0.251;0.625;67.925;199.380;132.054;22.701;10.633;5.705;0.000;0.042;0.000;13;24.714;126.783;4;0;0;0;0;0;0;0
71;1;1;1;-0.087266;0.087266;1.000000;1121.017205;1121.094778;1121.225832;786883;29516;145096;23;1814;29516;32184;100.000;0.935;1.016;557.181;598.092;7.724;161107;153947;145096;0.183;0.105;0.066;2.710;2.147;0.136;47.722;45.510;131.033;131.055;128.871;36.414;35.315;1.959;0.278;0.119;77.572;208.627;141.874;43.553;10.220;5.987;0.000;0.022;0.000;16;42.866;126.137;3;0;0;0;0;0;0;0
72;1;1;1;-0.087266;0.087266;1.000000;1121.050746;1121.126468;1121.257904;787146;28952;146492;22;1832;28952;31504;100.000;1.067;1.158;562.542;603.859;7.561;162261;155322;146492;0.178;0.105;0.066;2.202;2.390;0.249;36.923;34.467;131.406;131.435;129.006;28.092;26.718;1.437;0.322;0.095;75.723;207.158;140.612;31.691;1.642;5.715;0.000;0.030;0.000;16;32.331;126.772;3;0;0;0;0;0;0;0
73;1;1;1;-0.087266;0.087266;1.000000;1121.084094;1121.153740;1121.282938;781047;28576;148748;22;1860;28576;31128;100.000;0.698;0.758;571.205;613.154;7.471;164111;157126;148748;0.180;0.114;0.071;2.439;1.978;0.583;29.631;27.582;129.174;129.198;127.188;22.934;21.686;1.614;0.307;0.152;69.646;198.844;132.312;27.271;6.062;5.737;0.000;0.024;0.000;15;25.214;124.723;3;0;0;0;0;0;0;0
74;1;1;1;-0.087266;0.087266;1.000000;1121.117294;1121.194869;1121.326102;782459;29704;150270;23;1879;29704;32372;100.000;0.910;0.989;577.049;619.427;7.769;165082;158124;150270;0.230;0.109;0.067;2.628;2.348;0.151;47.576;45.161;131.098;131.233;128.852;36.253;35.049;1.811;0.273;0.139;77.575;208.808;142.143;41.129;7.795;5.866;0.000;0.135;0.000;22;42.600;126.088;2;0;0;0;0;0;0;0
75;1;1;1;-0.087266;0.087266;1.000000;1121.150609;1121.230941;1121.357252;781579;29704;150762;23;1885;29704;32372;100.000;1.235;1.341;578.939;621.452;7.769;165257;158756;150762;0.186;0.109;0.068;2.292;1.787;0.335;36.126;34.271;126.263;126.311;124.494;28.601;27.528;1.508;0.332;0.090;80.331;206.642;139.960;36.072;2.739;5.670;0.000;0.048;0.000;22;32.047;122.153;2;0;0;0;0;0;0;0
76;1;1;1;-0.087266;0.087266;1.000000;1121.184049;1121.255189;1121.385237;784181;144384;151052;110;1889;144384;157144;100.000;3.670;3.992;580.052;622.656;37.715;189415;164593;151052;0.219;0.108;0.067;3.011;1.888;0.553;32.064;30.110;130.030;130.047;128.133;24.656;23.499;1.848;0.201;0.569;71.140;201.187;134.611;24.249;9.085;5.884;0.000;0.017;0.000;48;27.166;125.104;6;0;0;0;0;0;0;0
77;1;1;1;-0.087266;0.087266;1.000000;1121.217748;1121.294712;1121.421604;782861;27824;150492;22;1882;27824;30376;100.000;0.850;0.925;577.902;620.347;7.290;178892;162643;150492;0.182;0.108;0.068;2.060;1.406;0.087;41.267;39.793;126.850;126.893;125.465;32.521;31.716;1.421;0.200;0.081;76.964;203.857;137.646;39.522;6.189;5.903;0.000;0.043;0.000;21;37.801;123.360;2;0;0;0;0;0;0;0
78;1;1;1;-0.087266;0.087266;1.000000;1121.251033;1121.330871;1121.454639;779451;21056;148910;16;1862;21056;22912;100.000;0.945;1.024;571.827;613.821;5.499;174747;160995;148910;0.179;0.109;0.067;2.052;1.687;0.457;36.495;34.741;123.733;123.767;122.057;29.487;28.463;1.421;0.196;0.081;79.839;203.606;137.347;36.160;2.826;5.711;0.000;0.034;0.000;9;32.756;119.969;3;0;0;0;0;0;0;0
79;1;1;1;-0.087266;0.087266;1.000000;1121.284589;1121.353263;1121.491834;784719;22184;147042;17;1839;22184;24156;100.000;0.530;0.574;564.654;606.129;5.797;168444;157136;147042;0.183;0.108;0.066;2.653;2.234;0.157;40.914;38.614;138.533;138.571;136.296;29.526;28.331;1.851;0.319;0.127;68.674;207.245;141.209;22.392;10.942;6.037;0.000;0.038;0.000;12;36.027;133.603;3;0;0;0;0;0;0;0
80;1;1;1;-0.087266;0.087266;1.000000;1121.318224;1121.395359;1121.525306;780701;24816;146382;19;1830;24816;27020;100.000;0.782;0.848;562.119;603.392;6.485;165223;155043;146382;0.185;0.108;0.066;2.414;2.422;0.371;38.353;35.865;129.905;129.948;127.490;29.514;28.132;1.616;0.319;0.121;77.134;207.082;141.347;42.096;8.763;6.208;0.000;0.043;0.000;18;33.517;125.022;2;0;0;0;0;0;0;0
81;1;1;1;-0.087266;0.087266;1.000000;1121.350594;1121.427376;1121.563586;785754;27824;145442;22;1819;27824;30376;100.000;1.023;1.114;558.510;599.534;7.290;164125;154526;145442;0.190;0.110;0.066;3.145;2.934;0.970;43.085;40.086;136.160;136.210;133.214;31.632;30.091;2.175;0.386;0.219;76.782;212.992;146.294;32.017;1.316;5.902;0.000;0.050;0.001;20;37.006;130.016;2;0;0;0;0;0;0;0
82;1;1;1;-0.087266;0.087266;1.000000;1121.384273;1121.462925;1121.585336;783308;28388;145720;22;1822;28388;30940;100.000;0.838;0.911;559.577;600.669;7.426;163296;154802;145720;0.218;0.109;0.065;2.491;1.332;0.077;27.860;26.464;122.281;122.411;121.055;22.759;21.861;1.795;0.196;0.110;78.652;201.063;134.710;35.549;2.216;5.672;0.000;0.130;0.000;21;24.038;118.431;2;0;0;0;0;0;0;0
83;1;1;1;-0.087266;0.087266;1.000000;1121.417724;1121.496951;1121.625078;782737;27636;145846;21;1824;27636;30072;100.000;747.384;810.682;560.061;601.198;7.217;162654;154619;145846;0.183;0.108;0.066;2.406;2.404;0.428;43.533;41.063;128.109;128.128;125.673;33.976;32.674;1.559;0.308;0.182;79.227;207.355;141.120;34.026;0.693;5.360;0.000;0.019;0.000;15;38.723;123.247;2;0;0;0;0;0;0;0
84;1;1;1;-0.087266;0.087266;1.000000;1121.450889;1121.530794;1121.658488;781874;28764;146012;22;1826;28764;31316;100.000;1.258;1.365;560.699;601.881;7.516;162736;155088;146012;0.188;0.109;0.066;2.259;3.058;0.929;38.231;35.107;127.660;127.694;124.600;29.939;28.176;1.480;0.309;0.108;79.905;207.599;141.196;33.843;0.510;5.057;0.000;0.034;0.000;9;32.914;122.305;4;0;0;0;0;0;0;0
85;1;1;1;-0.087266;0.087266;1.000000;1121.484004;1121.553796;1121.683477;780545;24816;146308;19;1829;24816;27020;100.000;0.594;0.645;561.835;603.085;6.485;162877;155363;146308;0.215;0.108;0.066;4.177;1.199;0.070;30.316;29.052;129.649;129.681;128.461;23.377;22.615;2.509;0.194;1.086;69.791;199.472;132.851;23.002;10.332;5.387;0.000;0.032;0.000;18;24.941;124.250;2;0;0;0;0;0;0;0
86;1;1;1;-0.087266;0.087266;1.000000;1121.517457;1121.595766;1121.726681;778343;27072;146104;21;1827;27072;29508;100.000;0.776;0.843;561.052;602.256;7.082;162315;155165;146104;0.181;0.108;0.065;2.861;2.441;0.671;48.568;46.063;130.877;130.915;128.446;37.099;35.861;2.101;0.259;0.149;78.308;209.224;142.723;41.970;8.637;5.590;0.000;0.038;0.000;20;43.266;125.544;2;0;0;0;0;0;0;0
87;1;1;1;-0.087266;0.087266;1.000000;1121.551113;1121.630808;1121.757262;778458;26320;145634;20;1821;26320;28640;100.000;1.150;1.248;559.247;600.316;6.874;161315;154508;145634;0.176;0.104;0.065;2.235;2.211;0.137;35.873;33.597;126.406;126.454;124.210;28.369;27.049;1.449;0.327;0.114;79.695;206.148;139.970;35.042;1.709;5.347;0.000;0.048;0.000;19;31.427;121.925;2;0;0;0;0;0;0;0
88;1;1;1;-0.087266;0.087266;1.000000;1121.584827;1121.653820;1121.782539;778592;28576;145652;22;1821;28576;31128;100.000;0.697;0.757;559.316;600.385;7.471;160840;154258;145652;0.223;0.113;0.069;2.278;1.830;0.443;29.732;27.834;128.697;128.718;126.868;23.099;21.939;1.516;0.255;0.103;68.993;197.711;131.913;23.013;10.321;5.658;0.000;0.021;0.000;9;25.624;124.567;4;0;0;0;0;0;0;0
89;1;1;1;-0.087266;0.087266;1.000000;1121.618046;1121.695003;1121.823078;779952;29328;146464;23;1831;29328;31996;100.000;0.926;1.007;562.434;603.729;7.679;161075;154330;146464;0.179;0.108;0.066;2.048;2.016;0.132;44.641;42.559;128.046;128.075;126.036;34.855;33.768;1.414;0.196;0.086;76.957;205.032;139.119;41.182;7.849;5.795;0.000;0.028;0.000;11;40.576;123.957;4;0;0;0;0;0;0;0
90;1;1;1;-0.087266;0.087266;1.000000;1121.650749;1121.730447;1121.855705;779674;29328;148650;23;1859;29328;31996;100.000;1.232;1.340;570.828;612.755;7.679;162940;156395;148650;0.178;0.106;0.066;2.062;1.567;0.188;36.677;35.045;125.199;125.258;123.669;29.281;28.337;1.438;0.197;0.076;79.698;204.956;138.413;35.444;2.111;5.565;0.000;0.059;0.000;12;33.048;121.534;3;0;0;0;0;0;0;0
91;1;1;1;-0.087266;0.087266;1.000000;1121.683982;1121.754430;1121.885033;781083;142504;149974;109;1875;142504;155148;100.000;3.421;3.722;575.913;618.200;37.236;187045;162867;149974;0.216;0.108;0.067;4.087;1.811;0.523;32.950;31.072;130.548;130.603;128.765;25.229;24.130;3.334;0.198;0.166;70.448;201.051;134.408;23.983;9.350;5.802;0.000;0.055;0.000;54;27.051;124.621;8;0;0;0;0;0;0;0
92;1;1;1;-0.087266;0.087266;1.000000;1121.717465;1121.796170;1121.920979;780537;27260;150044;21;1876;27260;29696;100.000;0.879;0.954;576.181;618.492;7.127;178654;162881;150044;0.183;0.108;0.066;2.074;1.403;0.085;41.835;40.367;124.788;124.809;123.375;33.519;32.719;1.428;0.198;0.092;78.704;203.513;137.020;41.740;8.406;5.964;0.000;0.021;0.000;13;38.358;121.279;3;0;0;0;0;0;0;0
93;1;1;1;-0.087266;0.087266;1.000000;1121.750538;1121.829367;1121.955961;773046;21620;148126;17;1852;21620;23592;100.000;0.899;0.977;568.816;610.585;5.662;174081;159793;148126;0.176;0.104;0.066;2.067;2.052;0.418;38.468;36.350;126.566;126.594;124.522;30.387;29.191;1.430;0.202;0.090;78.829;205.423;138.669;33.198;0.136;5.600;0.000;0.028;0.000;8;34.348;122.425;4;0;0;0;0;0;0;0
94;1;1;1;-0.087266;0.087266;1.000000;1121.784351;1121.853560;1121.981483;770822;21056;145994;16;1825;21056;22912;100.000;564.717;611.937;560.629;601.789;5.499;168979;156258;145994;0.226;0.114;0.069;2.272;1.650;0.493;29.635;27.916;127.893;127.922;126.249;23.167;22.112;1.511;0.244;0.109;69.209;197.132;130.857;24.193;9.140;5.821;0.000;0.030;0.000;14;25.713;123.946;3;0;0;0;0;0;0;0
95;1;1;1;-0.087266;0.087266;1.000000;1121.817469;1121.895112;1122.023788;778859;24440;143854;19;1799;24440;26644;100.000;0.777;0.844;552.412;592.985;6.395;164208;153398;143854;0.179;0.105;0.066;2.170;2.489;0.146;46.206;43.651;128.635;128.676;126.146;35.908;34.604;1.420;0.312;0.088;77.643;206.319;139.829;41.551;8.218;5.971;0.000;0.041;0.000;18;41.547;123.934;2;0;0;0;0;0;0;0
96;1;1;1;-0.087266;0.087266;1.000000;1121.850901;1121.926767;1122.056550;778333;28012;144278;22;1804;28012;30564;100.000;1.042;1.133;554.040;594.726;7.335;162825;152916;144278;0.185;0.102;0.065;2.041;2.832;0.879;37.441;34.544;129.750;129.783;126.933;28.849;27.215;1.427;0.188;0.073;75.866;205.648;139.257;31.655;1.678;5.703;0.000;0.033;0.000;13;32.568;124.858;4;0;0;0;0;0;0;0
97;1;1;1;-0.087266;0.087266;1.000000;1121.883933;1121.953798;1122.082532;782798;29328;144196;23;1803;29328;31996;100.000;0.726;0.789;553.725;594.388;7.679;162930;153933;144196;0.229;0.110;0.063;3.458;1.284;0.078;30.852;29.504;128.714;128.734;127.432;23.966;23.153;2.513;0.188;0.354;69.866;198.600;131.907;27.031;6.302;5.740;0.000;0.020;0.000;10;26.110;123.953;5;0;0;0;0;0;0;0
98;1;1;1;-0.087266;0.087266;1.000000;1121.917450;1121.994388;1122.122491;781418;28388;144552;22;1807;28388;30940;100.000;0.866;0.941;555.092;595.846;7.426;161992;154157;144552;0.227;0.106;0.063;2.099;1.865;0.289;44.690;42.761;128.086;128.103;126.213;34.886;33.880;1.425;0.191;0.087;76.938;205.041;138.532;40.589;7.256;5.835;0.000;0.018;0.000;17;40.726;124.095;3;0;0;0;0;0;0;0
99;1;1;1;-0.087266;0.087266;1.000000;1121.950675;1122.028069;1122.154402;777382;28012;144056;22;1801;28012;30564;100.000;1.083;1.178;553.188;593.806;7.335;160552;153123;144056;0.178;0.108;0.065;2.030;1.737;0.462;35.876;34.075;126.286;126.334;124.575;28.398;27.353;1.419;0.189;0.072;77.393;203.727;137.110;33.681;0.348;5.492;0.000;0.048;0.000;11;32.110;122.496;3;0;0;0;0;0;0;0
100;1;1;1;-0.087266;0.087266;1.000000;1121.983590;1122.054810;1122.184548;778267;26884;144366;21;1805;26884;29320;100.000;0.670;0.728;554.378;595.086;7.037;160226;152650;144366;0.221;0.108;0.066;2.139;1.584;0.102;33.912;32.262;129.662;129.738;128.135;26.138;25.178;1.412;0.185;0.147;71.219;200.958;133.923;26.741;6.592;5.561;0.000;0.077;0.000;20;30.189;125.918;2;0;0;0;0;0;0;0
101;1;1;1;-0.087266;0.087266;1.000000;1122.017321;1122.095110;1122.223484;780699;27072;144336;21;1805;27072;29508;100.000;0.856;0.929;554.263;594.971;7.082;159608;151933;144336;0.183;0.104;0.065;2.158;2.239;0.396;42.626;40.323;128.338;128.374;126.094;33.204;31.978;1.422;0.290;0.094;77.789;206.164;139.526;40.300;6.967;5.649;0.000;0.036;0.000;16;38.229;123.890;4;0;0;0;0;0;0;0
102;1;1;1;-0.087266;0.087266;1.000000;1122.050821;1122.127330;1122.259281;780328;26320;144522;20;1807;26320;28640;100.000;0.978;1.061;554.977;595.730;6.874;159635;152258;144522;0.186;0.109;0.066;2.515;3.272;1.018;40.184;36.847;131.909;131.951;128.633;30.454;28.645;1.686;0.337;0.131;76.509;208.460;141.989;32.220;1.114;5.365;0.000;0.042;0.000;19;34.398;126.074;2;0;0;0;0;0;0;0
103;1;1;1;-0.087266;0.087266;1.000000;1122.083942;1122.157086;1122.283081;782351;26696;144662;21;1809;26696;29132;100.000;0.760;0.827;555.515;596.313;6.992;160034;152868;144662;0.241;0.114;0.072;3.225;1.493;0.087;29.596;28.031;125.927;125.994;124.468;23.490;22.521;2.324;0.332;0.143;73.144;199.138;132.455;29.756;3.577;5.253;0.000;0.067;0.000;20;24.878;121.174;2;0;0;0;0;0;0;0
104;1;1;1;-0.087266;0.087266;1.000000;1122.117565;1122.195766;1122.323834;782164;26696;144698;21;1809;26696;29132;100.000;0.885;0.963;555.653;596.451;6.992;159475;152469;144698;0.181;0.108;0.066;2.157;2.191;0.423;45.455;43.198;128.020;128.068;125.831;35.493;34.330;1.413;0.290;0.098;78.201;206.269;139.875;38.680;5.346;5.259;0.000;0.047;0.000;20;41.107;123.627;2;0;0;0;0;0;0;0
105;1;1;1;-0.087266;0.087266;1.000000;1122.150621;1122.229849;1122.358847;783021;28388;145744;22;1822;28388;30940;100.000;1.200;1.303;559.669;600.761;7.426;160667;153830;145744;0.225;0.109;0.066;2.398;2.817;0.940;39.361;36.479;128.955;128.998;126.139;30.513;28.920;1.576;0.308;0.115;79.228;208.226;141.555;34.083;0.749;4.977;0.000;0.043;0.000;17;34.146;123.697;3;0;0;0;0;0;0;0
106;1;1;1;-0.087266;0.087266;1.000000;1122.184641;1122.253686;1122.383763;786829;137616;147616;105;1846;137616;149796;100.000;3.263;3.549;566.858;608.491;35.951;185042;161832;147616;0.219;0.108;0.066;3.904;1.346;0.079;30.144;28.732;129.981;130.077;128.706;23.174;22.324;2.438;0.191;0.883;69.045;199.122;133.138;23.837;9.496;5.260;0.000;0.096;0.001;52;24.894;124.703;5;0;0;0;0;0;0;0
107;1;1;1;-0.087266;0.087266;1.000000;1122.217190;1122.295942;1122.425231;789365;29140;150668;23;1884;29140;31808;100.000;0.916;0.996;578.578;621.068;7.634;177843;162855;150668;0.187;0.110;0.067;2.477;2.581;0.449;46.690;44.042;129.245;129.289;126.660;36.113;34.772;1.656;0.322;0.137;78.752;208.042;141.273;42.256;8.922;5.489;0.000;0.045;0.000;22;41.632;124.136;2;0;0;0;0;0;0;0
108;1;1;1;-0.087266;0.087266;1.000000;1122.250502;1122.331467;1122.456849;790807;24252;152486;19;1907;24252;26456;100.000;1.090;1.185;585.559;628.568;6.349;176485;163765;152486;0.185;0.110;0.068;2.070;2.554;0.768;36.702;34.080;125.342;125.383;122.807;29.272;27.751;1.422;0.212;0.073;80.965;206.347;139.557;35.525;2.192;5.283;0.000;0.041;0.000;9;32.077;120.695;3;0;0;0;0;0;0;0
109;1;1;1;-0.087266;0.087266;1.000000;1122.284697;1122.353841;1122.485487;789334;22184;152368;17;1905;22184;24156;100.000;0.542;0.588;585.106;628.070;5.797;174461;163026;152368;0.185;0.110;0.068;3.545;1.436;0.080;33.244;31.741;131.635;131.646;130.175;25.253;24.383;1.491;0.204;1.488;69.144;200.790;134.861;22.374;10.960;5.637;0.000;0.011;0.000;11;28.263;126.617;4;0;0;0;0;0;0;0
110;1;1;1;-0.087266;0.087266;1.000000;1122.317940;1122.394950;1122.522800;783753;23500;151230;18;1891;23500;25588;100.000;0.659;0.715;580.736;623.384;6.141;171502;161595;151230;0.181;0.109;0.068;2.095;2.192;0.447;42.290;40.030;127.817;127.850;125.621;33.078;31.866;1.406;0.251;0.081;77.010;204.860;138.841;41.110;7.776;5.771;0.000;0.033;0.000;13;38.003;123.491;4;0;0;0;0;0;0;0
111;1;1;1;-0.087266;0.087266;1.000000;1122.350534;1122.430806;1122.563188;781240;27448;149404;21;1868;27448;29884;100.000;1.296;1.406;573.724;615.853;7.172;171428;162033;149404;0.182;0.109;0.067;2.762;2.361;1.044;44.623;42.195;132.351;132.382;129.953;33.708;32.470;1.922;0.335;0.148;80.272;212.654;145.896;35.855;2.522;5.568;0.000;0.030;0.000;11;39.500;127.141;3;0;0;0;0;0;0;0
112;1;1;1;-0.087266;0.087266;1.000000;1122.384071;1122.452112;1122.585149;781247;27824;147314;22;1842;27824;30376;100.000;0.649;0.706;565.698;607.241;7.290;168354;159380;147314;0.182;0.108;0.067;2.058;1.440;0.086;27.125;25.619;133.007;133.037;131.576;20.389;19.471;1.417;0.195;0.090;68.041;201.078;134.524;21.306;12.027;5.972;0.000;0.030;0.001;13;23.627;129.485;3;0;0;0;0;0;0;0
113;1;1;1;-0.087266;0.087266;1.000000;1122.417875;1122.495233;1122.622978;783523;28012;145778;22;1823;28012;30564;100.000;0.843;0.917;559.800;600.914;7.335;167021;159222;145778;0.182;0.108;0.067;2.035;2.494;0.762;41.323;38.762;127.702;127.744;125.229;32.348;30.953;1.415;0.191;0.073;77.359;205.103;139.019;43.121;9.788;6.210;0.000;0.042;0.000;12;36.794;123.150;4;0;0;0;0;0;0;0
114;1;1;1;-0.087266;0.087266;1.000000;1122.450597;1122.528613;1122.659721;783046;30456;145016;24;1813;30456;33240;100.000;1.236;1.345;556.874;597.763;7.978;164428;156754;145016;0.191;0.108;0.065;2.854;1.833;0.114;41.247;39.349;131.070;131.107;129.232;31.460;30.449;2.039;0.300;0.151;78.016;209.124;142.429;33.380;0.047;5.825;0.000;0.037;0.000;14;36.560;126.338;4;0;0;0;0;0;0;0
115;1;1;1;-0.087266;0.087266;1.000000;1122.483836;1122.553346;1122.685236;785712;28764;145068;22;1814;28764;31316;100.000;0.692;0.751;557.074;597.985;7.516;162878;155192;145068;1.157;0.112;0.068;4.343;1.766;0.522;30.212;28.379;131.861;131.890;130.098;22.907;21.814;1.644;0.196;1.166;69.510;201.400;134.611;24.732;8.601;5.999;0.000;0.030;0.000;21;24.104;125.722;2;0;0;0;0;0;0;0
116;1;1;1;-0.087266;0.087266;1.000000;1122.517295;1122.595194;1122.724509;788409;28388;145612;22;1821;28388;30940;100.000;0.908;0.987;559.163;600.232;7.426;162783;155603;145612;0.225;0.108;0.067;2.487;2.025;0.134;45.365;43.273;129.302;129.316;127.252;35.081;34.006;1.594;0.316;0.177;77.899;207.215;140.551;41.848;8.514;6.156;0.000;0.014;0.000;19;40.853;124.749;3;0;0;0;0;0;0;0
117;1;1;1;0.000000;0.000000;1.000000;1122.550242;1122.630393;1122.756268;785289;26884;145938;21;1825;26884;29320;100.000;1.283;1.395;560.414;601.574;7.037;162912;155989;145938;0.184;0.109;0.067;2.293;1.868;0.202;36.277;34.342;125.824;125.876;123.977;28.819;27.700;1.450;0.272;0.213;80.151;206.027;138.976;35.199;1.866;5.888;5.865;0.052;0.000;14;32.116;121.631;3;0;0;0;0;0;0;0
118;1;1;1;0.000000;0.000000;1.000000;1122.583751;1122.651485;1122.783356;784314;26320;145782;20;1823;26320;28640;100.000;545.965;592.110;559.815;600.930;6.874;161922;154847;145782;0.213;0.106;0.066;3.937;1.734;0.514;31.253;29.454;131.839;131.870;130.113;23.700;22.637;3.261;0.193;0.097;67.735;199.605;132.730;21.093;12.241;6.285;0.000;0.032;0.000;14;25.583;126.143;2;0;0;0;0;0;0;0
119;1;1;1;0.000000;0.000000;1.000000;1122.617520;1122.693993;1122.827626;784830;26696;145890;21;1824;26696;29132;100.000;0.731;0.795;560.230;601.367;6.992;161683;154477;145890;0.183;0.108;0.066;2.576;2.151;0.138;49.916;47.699;133.591;133.633;131.439;37.353;36.290;1.888;0.210;0.122;76.473;210.106;143.667;42.507;9.174;6.465;0.000;0.042;0.001;17;45.189;128.818;3;0;0;0;0;0;0;0
120;1;1;1;0.000000;0.000000;1.000000;1122.651211;1122.730700;1122.857283;784742;27260;145936;21;1825;27260;29696;100.000;1.311;1.424;560.407;601.566;7.127;161439;154306;145936;0.181;0.109;0.065;2.199;1.991;0.385;34.387;32.332;126.557;126.584;124.556;27.166;25.958;1.477;0.289;0.079;79.488;206.072;139.991;36.707;3.374;6.272;0.000;0.027;0.000;13;30.197;122.329;3;0;0;0;0;0;0;0
121;1;1;1;0.000000;0.000000;1.000000;1122.682529;1122.751665;1122.885916;787186;141564;147208;108;1841;141564;154092;100.000;3.202;3.483;565.291;606.812;36.982;185245;160619;147208;0.230;0.109;0.067;3.328;1.820;0.547;32.818;30.932;134.182;134.251;132.407;24.445;23.361;2.620;0.199;0.104;69.136;203.387;135.291;20.965;12.368;6.653;0.000;0.069;0.000;57;27.670;128.994;5;0;0;0;0;0;0;0
122;1;1;1;0.000000;0.000000;1.000000;1122.717233;1122.795967;1122.921084;792161;28952;148956;22;1862;28952;31504;100.000;610.054;661.816;572.004;613.998;7.561;177196;160994;148956;0.180;0.109;0.066;2.077;1.522;0.085;40.310;38.723;125.084;125.117;123.569;32.218;31.337;1.442;0.196;0.085;78.734;203.851;137.125;44.302;10.968;6.923;0.000;0.033;0.000;15;36.711;121.457;2;0;0;0;0;0;0;0
123;1;1;1;0.000000;0.000000;1.000000;1122.750575;1122.830650;1122.956642;788290;22936;150544;18;1882;22936;25024;100.000;1.074;1.167;578.101;620.547;6.006;175849;162643;150544;0.181;0.109;0.067;2.192;2.280;0.447;39.144;36.797;125.958;125.992;123.676;31.068;29.753;1.415;0.328;0.094;80.075;206.067;139.350;34.683;1.350;6.574;0.000;0.035;0.000;9;34.671;121.447;3;0;0;0;0;0;0;0
124;1;1;1;0.000000;0.000000;1.000000;1122.784181;1122.852155;1122.981629;789222;22748;152352;18;1905;22748;24836;100.000;0.538;0.585;585.044;628.008;5.961;174867;162966;152352;0.232;0.114;0.071;2.394;1.812;0.500;29.467;27.585;129.457;129.474;127.637;22.759;21.612;1.530;0.255;0.193;67.974;197.448;131.004;21.505;11.828;6.903;0.000;0.017;0.000;12;25.261;125.224;3;0;0;0;0;0;0;0
125;1;1;1;0.000000;0.000000;1.000000;1122.817672;1122.894767;1123.028549;787173;24816;151154;19;1890;24816;27020;100.000;0.755;0.819;580.444;623.070;6.485;171600;160639;151154;0.181;0.108;0.066;2.908;1.776;0.115;51.107;49.265;133.757;133.782;131.967;38.201;37.331;2.074;0.341;0.139;77.094;210.877;144.590;42.612;9.279;7.051;0.000;0.025;0.000;12;46.422;129.030;3;0;0;0;0;0;0;0
126;1;1;1;0.000000;0.000000;1.000000;1122.850875;1122.927784;1123.057076;776279;26132;149098;20;1864;26132;28452;100.000;1.027;1.114;572.549;614.588;6.828;169720;159480;149098;0.188;0.110;0.068;2.206;2.063;0.400;33.202;31.072;129.242;129.293;127.185;25.680;24.430;1.438;0.302;0.100;76.909;206.201;139.784;33.017;0.317;6.630;0.000;0.051;0.000;18;28.933;124.927;3;0;0;0;0;0;0;0
127;1;1;1;0.000000;0.000000;1.000000;1122.883716;1122.953381;1123.083349;773912;27824;146584;22;1833;27824;30376;100.000;0.676;0.736;562.895;604.235;7.290;165565;156403;146584;0.212;0.106;0.066;3.931;1.567;0.472;30.562;28.930;129.950;129.968;128.380;23.515;22.535;3.255;0.195;0.097;69.665;199.634;132.724;25.597;7.736;6.699;0.000;0.018;0.000;14;25.064;124.429;4;0;0;0;0;0;0;0
128;1;1;1;0.000000;0.000000;1.000000;1122.917190;1122.994704;1123.126269;773302;28388;144802;22;1811;28388;30940;100.000;0.898;0.976;556.052;596.896;7.426;162918;154708;144802;0.182;0.105;0.066;2.906;2.169;0.143;48.391;46.157;131.522;131.565;129.352;36.781;35.683;2.087;0.323;0.143;77.514;209.079;142.310;41.323;7.990;6.780;0.000;0.043;0.000;16;43.316;126.401;4;0;0;0;0;0;0;0
129;1;1;1;0.000000;0.000000;1.000000;1122.950539;1123.030465;1123.156437;777001;28200;143780;22;1798;28200;30752;100.000;1.288;1.400;552.128;592.678;7.380;160490;152755;143780;0.185;0.106;0.065;2.086;1.963;0.372;35.260;33.232;125.930;125.972;123.986;27.990;26.803;1.445;0.199;0.086;79.925;205.898;139.145;35.760;2.427;6.508;0.000;0.042;0.000;11;31.211;121.856;3;0;0;0;0;0;0;0
130;1;1;1;0.000000;0.000000;1.000000;1122.983834;1123.052491;1123.183660;783174;27448;143698;21;1797;27448;29884;100.000;0.659;0.715;551.813;592.341;7.172;159698;152126;143698;0.235;0.112;0.069;4.178;1.703;0.516;31.271;29.500;131.113;131.169;129.444;23.840;22.789;2.974;0.194;0.595;68.657;199.826;133.035;22.026;11.307;6.808;0.000;0.056;0.000;20;25.390;125.209;2;0;0;0;0;0;0;0
131;1;1;1;0.000000;0.000000;1.000000;1123.017194;1123.094402;1123.220237;786108;27824;144598;22;1808;27824;30376;100.000;0.901;0.981;555.269;596.045;7.290;160325;152814;144598;0.183;0.106;0.066;2.190;1.238;0.073;42.442;41.138;125.788;125.835;124.572;33.728;33.024;1.550;0.196;0.089;77.208;203.044;136.279;41.911;8.578;6.919;0.000;0.048;0.000;13;39.014;122.323;4;0;0;0;0;0;0;0
132;1;1;1;0.000000;0.000000;1.000000;1123.050755;1123.130452;1123.255991;785622;27260;144478;21;1806;27260;29696;100.000;1.277;1.386;554.808;595.539;7.127;159769;152410;144478;0.179;0.108;0.066;2.150;1.933;0.326;39.167;37.169;125.510;125.539;123.571;31.199;30.079;1.475;0.229;0.094;79.697;205.237;138.699;36.050;2.716;6.656;0.000;0.029;0.000;10;35.084;121.389;3;0;0;0;0;0;0;0
133;1;1;1;0.000000;0.000000;1.000000;1123.083958;1123.151929;1123.281429;787265;26696;143954;21;1800;26696;29132;100.000;0.634;0.690;552.796;593.391;6.992;158010;151177;143954;0.229;0.111;0.069;2.563;1.653;0.503;29.529;27.808;129.451;129.500;127.824;22.803;21.755;1.554;0.255;0.344;67.971;197.471;130.803;21.477;11.856;6.981;0.000;0.049;0.000;20;25.314;125.210;2;0;0;0;0;0;0;0
134;1;1;1;0.000000;0.000000;1.000000;1123.117553;1123.194295;1123.320834;787734;26508;143904;21;1799;26508;28944;100.000;0.748;0.814;552.604;593.177;6.947;157171;150548;143904;0.182;0.106;0.066;2.058;1.108;0.065;43.620;42.446;126.478;126.538;125.411;34.471;33.846;1.434;0.190;0.080;76.743;203.281;136.875;42.366;9.033;7.109;0.000;0.060;0.000;20;40.454;123.292;2;0;0;0;0;0;0;0
135;1;1;1;0.000000;0.000000;1.000000;1123.150673;1123.229913;1123.357138;786766;28012;143596;22;1795;28012;30564;100.000;1.207;1.313;551.421;591.904;7.335;156172;149940;143596;0.185;0.108;0.066;2.237;2.094;0.383;39.445;37.286;127.159;127.225;125.090;31.004;29.807;1.464;0.316;0.099;79.240;206.465;139.846;35.617;2.284;6.808;0.000;0.065;0.000;21;35.115;122.786;2;0;0;0;0;0;0;0
136;1;1;1;0.000000;0.000000;1.000000;1123.183721;1123.253275;1123.383575;787622;130472;141136;100;1765;130472;142072;100.000;3.181;3.461;541.975;581.781;34.097;176546;153233;141136;0.220;0.109;0.065;4.225;1.689;0.496;30.785;29.031;130.269;130.300;128.589;23.626;22.577;2.262;0.188;1.382;69.554;199.854;132.950;23.362;9.971;7.005;0.000;0.031;0.000;40;24.871;124.331;8;0;0;0;0;0;0;0
137;1;1;1;0.000000;0.000000;1.000000;1123.217267;1123.294368;1123.421996;784509;32148;139854;25;1749;32148;35048;100.000;0.904;0.983;537.052;576.497;8.412;165368;150562;139854;0.183;0.105;0.065;2.107;1.658;0.096;44.331;42.609;127.580;127.628;125.948;34.735;33.831;1.486;0.185;0.083;77.101;204.729;138.037;41.093;7.760;7.053;0.000;0.047;0.000;24;40.566;123.791;2;0;0;0;0;0;0;0
138;1;1;1;0.000000;0.000000;1.000000;1123.250592;1123.330449;1123.455574;782962;27072;141162;21;1765;27072;29508;100.000;1.185;1.287;542.075;581.880;7.082;162866;151609;141162;0.174;0.104;0.063;2.057;2.228;0.668;37.328;35.037;125.077;125.124;122.863;29.833;28.517;1.436;0.190;0.089;79.857;204.981;138.282;36.081;2.748;6.783;0.000;0.048;0.000;20;33.044;120.757;2;0;0;0;0;0;0;0
139;1;1;1;0.000000;0.000000;1.000000;1123.283706;1123.353432;1123.483406;785441;27448;143262;21;1791;27448;29884;100.000;0.672;0.730;550.139;590.531;7.172;162821;152291;143262;0.222;0.108;0.066;2.461;1.253;0.072;32.121;30.803;129.958;129.974;128.696;24.713;23.935;1.777;0.190;0.099;69.726;199.700;132.781;22.983;10.350;7.006;0.000;0.016;0.000;16;28.407;126.217;3;0;0;0;0;0;0;0
140;1;1;1;0.000000;0.000000;1.000000;1123.317652;1123.394563;1123.522494;786857;26320;145806;20;1823;26320;28640;100.000;636.382;690.169;559.908;601.022;6.874;163653;154012;145806;0.182;0.106;0.066;2.059;2.382;0.875;42.801;40.353;127.915;127.931;125.526;33.456;32.147;1.439;0.192;0.074;76.911;204.842;138.535;41.131;7.798;7.056;0.000;0.015;0.000;18;38.359;123.450;2;0;0;0;0;0;0;0
141;1;1;1;0.000000;0.000000;1.000000;1123.350634;1123.428619;1123.559415;786209;29140;147146;23;1840;29140;31808;100.000;1.181;1.285;565.053;606.551;7.634;163751;154357;147146;0.190;0.108;0.066;2.607;2.077;0.144;41.340;39.197;130.768;130.796;128.676;31.606;30.462;1.764;0.329;0.151;77.986;208.782;142.123;34.056;0.723;6.660;0.000;0.028;0.000;11;36.656;126.040;3;0;0;0;0;0;0;0
142;1;1;1;0.000000;0.000000;1.000000;1123.384224;1123.453456;1123.584555;785895;31020;147490;24;1844;31020;33804;100.000;0.752;0.817;566.374;607.962;8.113;163298;155347;147490;0.231;0.112;0.069;3.134;1.832;0.561;29.821;27.920;131.060;131.099;129.241;22.747;21.604;1.476;0.194;1.052;69.232;200.331;133.930;24.837;8.496;6.775;0.000;0.038;0.000;18;24.855;126.051;4;0;0;0;0;0;0;0
143;1;1;1;0.000000;0.000000;1.000000;1123.417323;1123.494956;1123.623766;783109;31208;146146;24;1827;31208;33992;100.000;0.902;0.979;561.213;602.418;8.158;161136;153355;146146;0.182;0.108;0.066;2.194;2.345;0.148;44.154;41.743;128.793;128.810;126.419;34.278;33.020;1.423;0.313;0.102;77.633;206.443;139.808;41.500;8.166;6.862;0.000;0.017;0.000;7;39.615;124.207;5;0;0;0;0;0;0;0
144;1;1;1;0.000000;0.000000;1.000000;1123.450741;1123.529724;1123.655171;783994;32336;145218;25;1816;32336;35236;100.000;1.483;1.612;557.650;598.606;8.457;159936;152700;145218;0.181;0.108;0.066;2.107;1.168;0.066;35.962;34.729;125.421;125.447;124.255;28.667;27.950;1.473;0.191;0.089;78.984;204.431;137.879;34.768;1.435;6.523;0.000;0.025;0.000;18;32.688;122.121;3;0;0;0;0;0;0;0
145;1;1;1;0.000000;0.000000;1.000000;1123.484227;1123.551633;1123.684091;785959;31208;144768;24;1810;31208;33992;100.000;0.730;0.793;555.922;596.743;8.158;159233;151708;144768;0.212;0.105;0.066;2.221;1.834;0.522;32.191;30.291;132.428;132.459;130.601;24.303;23.193;1.541;0.192;0.104;67.405;199.864;133.466;21.908;11.425;6.829;0.000;0.031;0.001;18;28.136;128.347;3;0;0;0;0;0;0;0
146;1;1;1;0.000000;0.000000;1.000000;1123.517436;1123.594855;1123.723540;789030;31020;145716;24;1822;31020;33804;100.000;0.991;1.077;559.562;600.654;8.113;159772;152938;145716;0.184;0.105;0.066;2.154;2.214;0.152;43.478;41.198;128.643;128.685;126.426;33.787;32.587;1.430;0.288;0.081;77.419;206.104;139.581;43.222;9.889;7.020;0.000;0.042;0.000;16;39.109;124.228;3;0;0;0;0;0;0;0
147;1;1;1;0.000000;0.000000;1.000000;1123.551571;1123.628326;1123.757952;794594;31772;147238;25;1841;31772;34672;100.000;1.283;1.396;565.406;606.927;8.321;161190;154325;147238;0.190;0.110;0.066;2.374;1.776;0.316;38.771;36.930;129.567;129.626;127.799;29.910;28.897;1.537;0.333;0.139;76.755;206.382;140.660;33.471;0.138;6.590;0.000;0.060;0.000;23;34.621;125.363;2;0;0;0;0;0;0;0
148;1;1;1;0.000000;0.000000;1.000000;1123.583317;1123.653220;1123.783313;797998;30644;146864;24;1836;30644;33428;100.000;0.728;0.792;563.970;605.378;8.023;160800;154144;146864;0.234;0.113;0.070;2.501;1.818;0.612;29.514;27.626;130.055;130.093;128.230;22.687;21.545;1.608;0.335;0.143;69.903;199.996;132.687;24.894;8.440;6.706;0.000;0.038;0.000;16;25.195;125.689;3;0;0;0;0;0;0;0
149;1;1;1;0.000000;-0.087266;1.000000;1123.617561;1123.695559;1123.822455;798639;30644;147738;24;1847;30644;33428;100.000;0.908;0.988;567.326;608.982;8.023;161813;155104;147738;0.185;0.106;0.067;2.118;1.638;0.098;43.482;41.777;126.879;126.896;125.236;34.265;33.358;1.487;0.194;0.079;77.998;204.894;138.497;42.339;9.006;6.850;25.052;0.017;0.000;21;39.725;123.099;3;0;0;0;0;0;0;0
150;1;1;1;0.000000;-0.087266;1.000000;1123.651009;1123.729508;1123.857324;796693;30268;148090;23;1852;30268;32936;100.000;1.218;1.321;568.678;610.447;7.905;161862;155335;148090;0.188;0.108;0.067;2.246;2.336;0.415;38.594;36.192;127.740;127.815;125.431;30.195;28.854;1.434;0.321;0.128;78.500;206.315;140.032;33.949;0.616;6.460;0.000;0.075;0.000;22;34.012;123.108;2;0;0;0;0;0;0;0
151;1;1;1;0.000000;-0.087266;1.000000;1123.684431;1123.754531;1123.889007;794717;137804;147952;105;1850;137804;149984;100.000;3.355;3.649;568.148;609.872;35.996;182724;160766;147952;0.182;0.106;0.066;2.092;2.180;0.488;36.290;34.044;134.419;134.476;132.275;26.986;25.737;1.462;0.197;0.079;70.100;204.576;138.381;25.023;8.311;6.576;0.000;0.057;0.000;38;32.018;130.126;6;0;0;0;0;0;0;0
152;1;1;1;0.000000;-0.087266;1.000000;1123.717652;1123.795682;1123.925951;792861;28764;148152;22;1852;28764;31316;100.000;0.888;0.964;568.916;610.685;7.516;177426;162397;148152;0.224;0.108;0.066;2.818;1.930;0.129;41.182;39.187;130.223;130.268;128.296;31.614;30.544;1.935;0.329;0.157;78.030;208.298;141.992;41.151;7.818;6.653;0.000;0.045;0.000;21;36.435;125.424;2;0;0;0;0;0;0;0
153;1;1;1;0.000000;-0.087266;1.000000;1123.751484;1123.828289;1123.957242;792789;23688;147662;18;1846;23688;25776;100.000;0.844;0.915;567.035;608.668;6.186;172400;160692;147662;0.186;0.109;0.066;2.349;1.949;0.377;36.024;34.009;128.864;128.953;126.949;27.935;26.789;1.542;0.321;0.125;76.805;205.758;139.950;32.607;0.726;6.283;0.000;0.089;0.000;16;31.725;124.509;3;0;0;0;0;0;0;0
154;1;1;1;0.000000;-0.087266;1.000000;1123.784825;1123.861031;1123.984806;792309;23124;147945;18;1850;23124;25212;100.000;0.722;0.784;568.121;609.845;6.051;170339;159188;147945;0.215;0.108;0.066;4.859;1.864;0.542;31.890;29.961;123.737;123.776;121.890;25.764;24.580;2.798;0.197;1.476;76.206;199.982;134.181;32.741;0.592;5.927;0.000;0.039;0.000;17;25.167;116.990;2;0;0;0;0;0;0;0
155;1;1;1;0.000000;-0.087266;1.000000;1123.817867;1123.895703;1124.022868;791925;25192;147762;20;1848;25192;27512;100.000;0.732;0.797;567.419;609.097;6.603;168591;158413;147762;0.180;0.108;0.066;2.067;2.040;0.130;44.782;42.677;127.136;127.165;125.104;35.216;34.113;1.438;0.194;0.081;77.836;205.001;138.909;34.672;1.339;5.640;0.000;0.029;0.000;10;40.676;123.007;3;0;0;0;0;0;0;0
156;1;1;1;0.000000;-0.087266;1.000000;1123.850878;1123.930408;1124.057764;793795;28952;148592;22;1858;28952;31504;100.000;1.248;1.354;570.606;612.510;7.561;167879;158079;148592;0.188;0.110;0.067;2.404;1.727;0.328;38.987;37.193;127.293;127.355;125.594;30.612;29.613;1.612;0.321;0.108;79.530;206.886;140.472;34.705;1.372;5.374;0.000;0.062;0.000;21;34.855;123.126;2;0;0;0;0;0;0;0
157;1;1;1;0.000000;-0.087266;1.000000;1123.884086;1123.953732;1124.084679;793460;28388;148650;22;1859;28388;30940;100.000;0.676;0.734;570.828;612.755;7.426;166756;157719;148650;0.228;0.111;0.066;3.559;1.853;0.545;31.053;29.134;130.931;130.947;129.071;23.715;22.572;2.503;0.197;0.455;69.646;200.593;134.054;23.324;10.009;5.663;0.000;0.016;0.000;11;25.640;125.492;5;0;0;0;0;0;0;0
158;1;1;1;0.000000;-0.087266;1.000000;1123.917832;1123.995909;1124.121447;795527;28200;147554;22;1845;28200;30752;100.000;0.883;0.960;566.620;608.231;7.380;165007;157250;147554;0.180;0.106;0.066;2.193;1.228;0.073;42.180;40.886;125.520;125.538;124.289;33.599;32.896;1.562;0.194;0.085;78.078;203.615;137.488;42.177;8.844;5.862;0.000;0.017;0.000;17;38.759;122.078;3;0;0;0;0;0;0;0
159;1;1;1;0.000000;-0.087266;1.000000;1123.950715;1124.028829;1124.158419;798776;29328;146024;23;1826;29328;31996;100.000;1.161;1.263;560.745;601.927;7.679;161999;154480;146024;0.189;0.108;0.066;2.451;2.294;0.440;40.378;38.018;129.543;129.590;127.263;31.159;29.874;1.676;0.311;0.102;78.115;207.704;141.127;32.920;0.414;5.522;0.000;0.047;0.000;16;35.633;124.764;3;0;0;0;0;0;0;0
160;1;1;1;0.000000;-0.087266;1.000000;1123.984754;1124.054229;1124.184243;799362;29328;143192;23;1790;29328;31996;100.000;0.712;0.775;549.870;590.240;7.679;158153;151021;143192;0.216;0.108;0.065;4.148;1.795;0.561;30.562;28.702;129.991;130.014;128.183;23.507;22.392;2.141;0.191;1.429;69.475;199.489;133.618;25.400;7.933;5.672;0.000;0.023;0.000;17;24.619;124.010;3;0;0;0;0;0;0;0
161;1;1;1;0.000000;-0.087266;1.000000;1124.017748;1124.095572;1124.225595;789777;28952;141480;22;1769;28952;31504;100.000;517.935;561.881;543.296;583.192;7.561;156114;149118;141480;0.185;0.104;0.065;2.652;2.223;0.152;47.297;45.009;129.993;130.023;127.770;36.376;35.227;1.910;0.263;0.125;77.824;207.847;141.636;41.342;8.009;5.818;0.000;0.031;0.000;10;42.422;125.086;4;0;0;0;0;0;0;0
162;1;1;1;0.000000;-0.087266;1.000000;1124.050960;1124.130944;1124.257426;790930;28388;139820;22;1748;28388;30940;100.000;1.240;1.347;536.921;576.344;7.426;154224;147472;139820;0.182;0.103;0.063;2.187;2.368;0.375;36.680;34.249;126.443;126.482;124.073;29.000;27.604;1.444;0.298;0.095;79.984;206.466;140.134;35.372;2.039;5.582;0.000;0.039;0.000;17;32.126;121.834;3;0;0;0;0;0;0;0
163;1;1;1;0.000000;-0.087266;1.000000;1124.083868;1124.153973;1124.282770;793734;29704;138532;23;1732;29704;32372;100.000;0.726;0.789;531.975;571.037;7.769;152207;145442;138532;0.181;0.111;0.068;2.409;1.874;0.612;29.902;27.960;128.762;128.797;126.888;23.216;22.035;1.601;0.308;0.141;70.105;198.902;132.144;23.029;10.304;5.877;0.000;0.035;0.000;12;25.619;124.442;4;0;0;0;0;0;0;0
164;1;1;1;0.000000;-0.087266;1.000000;1124.117941;1124.195067;1124.324853;792883;29704;138018;23;1726;29704;32372;100.000;0.912;0.991;530.002;568.928;7.769;151597;145064;138018;0.184;0.104;0.066;2.486;2.095;0.142;46.370;44.209;129.746;129.787;127.665;35.728;34.629;1.729;0.288;0.116;77.125;206.912;140.895;41.094;7.760;5.995;0.000;0.040;0.000;22;41.789;125.136;2;0;0;0;0;0;0;0
165;1;1;1;0.000000;-0.087266;1.000000;1124.150689;1124.230430;1124.356084;791299;30456;138142;24;1727;30456;33240;100.000;1.249;1.359;530.478;569.426;7.978;151249;144790;138142;0.184;0.105;0.065;2.102;1.636;0.290;35.816;34.116;125.610;125.654;123.998;28.504;27.513;1.460;0.201;0.088;79.742;205.396;138.792;35.364;2.030;5.747;0.000;0.044;0.000;13;32.078;121.850;3;0;0;0;0;0;0;0
166;1;1;1;0.000000;-0.087266;1.000000;1124.184052;1124.255068;1124.385046;789485;132728;138460;101;1731;132728;144444;100.000;3.249;3.534;531.699;570.738;34.667;172621;150718;138460;0.218;0.105;0.063;2.626;1.745;0.562;32.690;30.882;129.946;129.978;128.207;25.151;24.087;1.432;0.184;0.622;71.017;200.994;134.421;24.638;8.695;5.931;0.000;0.032;0.000;36;28.320;125.547;8;0;0;0;0;0;0;0
167;1;1;1;0.000000;-0.087266;1.000000;1124.217810;1124.295996;1124.423142;789977;29328;138716;23;1734;29328;31996;100.000;0.851;0.926;532.682;571.788;7.679;165456;151144;138716;0.185;0.105;0.063;2.031;2.263;0.137;42.453;40.126;127.112;127.146;124.848;33.389;32.140;1.414;0.183;0.080;78.186;205.332;139.183;40.928;7.594;6.035;0.000;0.034;0.000;13;38.159;122.782;3;0;0;0;0;0;0;0
168;1;1;1;0.000000;-0.087266;1.000000;1124.250765;1124.330609;1124.456529;791598;25004;139622;19;1746;25004;27208;100.000;1.108;1.201;536.161;575.538;6.530;164403;152065;139622;0.183;0.108;0.065;2.211;2.272;0.708;37.686;35.349;125.880;125.920;123.622;29.929;28.595;1.576;0.186;0.095;79.844;205.764;139.237;34.613;1.280;5.738;0.000;0.040;0.000;18;33.203;121.368;2;0;0;0;0;0;0;0
169;1;1;1;0.000000;-0.087266;1.000000;1124.284458;1124.353331;1124.484063;795034;25004;139918;19;1749;25004;27208;100.000;432.594;469.075;537.298;576.743;6.530;164427;153112;139918;1.320;0.111;0.068;4.802;1.225;0.074;32.017;30.724;130.694;130.732;129.485;24.490;23.728;1.745;0.187;1.371;68.873;199.605;133.438;22.722;10.611;6.043;0.000;0.038;0.000;10;25.989;124.642;3;0;0;0;0;0;0;0
170;1;1;1;0.000000;-0.087266;1.000000;1124.317709;1124.395802;1124.523626;794863;25944;140286;20;1754;25944;28264;100.000;0.835;0.907;538.711;578.268;6.783;162948;152059;140286;0.179;0.106;0.065;2.102;2.039;0.226;45.571;43.468;127.790;127.824;125.748;35.652;34.567;1.388;0.285;0.078;78.094;205.918;139.668;42.471;9.138;6.236;0.000;0.034;0.000;11;41.430;123.610;3;0;0;0;0;0;0;0
171;1;1;1;0.000000;-0.087266;1.000000;1124.350802;1124.430752;1124.557025;794885;27260;141226;21;1766;27260;29696;100.000;1.273;1.383;542.320;582.149;7.127;162113;151953;141226;0.220;0.103;0.065;2.192;2.989;0.870;37.551;34.497;126.217;126.273;123.260;29.738;27.987;1.431;0.188;0.185;79.950;206.223;139.733;34.950;1.616;5.947;0.000;0.056;0.000;20;32.369;121.011;2;0;0;0;0;0;0;0
172;1;1;1;0.000000;-0.087266;1.000000;1124.383913;1124.452322;1124.592530;788905;27072;141276;21;1766;27072;29508;100.000;0.645;0.700;542.512;582.341;7.082;160084;150715;141276;0.182;0.106;0.065;2.569;1.890;0.118;40.659;38.705;140.184;140.208;138.281;28.999;27.990;1.790;0.310;0.116;68.409;208.617;141.904;21.570;11.764;6.311;0.000;0.023;0.000;14;36.200;135.676;3;0;0;0;0;0;0;0
173;1;1;1;0.000000;-0.087266;1.000000;1124.417801;1124.494493;1124.627406;787376;27260;140380;21;1755;27260;29696;100.000;0.828;0.900;539.072;578.652;7.127;157763;149155;140380;0.226;0.106;0.065;2.870;2.623;0.860;39.334;36.647;132.864;132.913;130.256;29.594;28.135;2.041;0.296;0.136;76.692;209.605;143.447;42.171;8.838;6.469;0.000;0.049;0.000;20;33.842;127.335;2;0;0;0;0;0;0;0
174;1;1;1;0.000000;-0.087266;1.000000;1124.450619;1124.528291;1124.656730;791921;28576;138596;22;1733;28576;31128;100.000;0.990;1.075;532.221;571.305;7.471;155889;148304;138596;0.188;0.108;0.065;2.208;1.607;0.103;34.812;33.141;128.406;128.439;126.797;27.104;26.137;1.454;0.294;0.100;77.672;206.111;139.438;33.798;0.464;6.094;0.000;0.033;0.000;12;30.997;124.554;3;0;0;0;0;0;0;0
175;1;1;1;0.000000;-0.087266;1.000000;1124.483620;1124.562307;1124.683195;785044;28200;137098;22;1714;28200;30752;100.000;0.796;0.865;526.469;565.124;7.380;153735;146334;137098;0.216;0.105;0.064;4.410;1.408;0.439;30.292;28.820;120.852;120.889;119.459;25.058;24.125;1.963;0.182;1.880;78.686;199.575;132.570;34.016;0.683;5.755;0.000;0.036;0.000;19;24.474;115.011;3;0;0;0;0;0;0;0
176;1;1;1;0.000000;0.000000;1.000000;1124.517907;1124.597897;1124.722924;785759;28200;136788;22;1710;28200;30752;100.000;0.970;1.055;525.278;563.844;7.380;152496;145443;136788;0.181;0.106;0.063;2.110;2.034;0.130;45.541;43.444;124.985;125.028;122.971;36.425;35.329;1.494;0.184;0.081;79.990;205.017;138.966;35.590;2.257;5.537;56.658;0.042;0.001;20;41.398;120.817;3;0;0;0;0;0;0;0
177;1;1;1;0.000000;0.000000;1.000000;1124.550698;1124.630943;1124.755375;782963;28764;136884;22;1712;28764;31316;100.000;1.281;1.390;525.647;564.257;7.516;151983;144919;136884;0.179;0.103;0.062;2.001;1.867;0.099;36.597;34.668;124.400;124.432;122.548;29.411;28.289;1.406;0.178;0.072;80.244;204.677;138.083;33.046;0.288;5.209;0.000;0.032;0.000;14;32.729;120.513;3;0;0;0;0;0;0;0
178;1;1;1;0.000000;0.000000;1.000000;1124.584662;1124.653530;1124.781848;783666;27636;138258;21;1729;27636;30072;100.000;618.523;670.906;530.923;569.917;7.217;153091;145898;138258;0.230;0.110;0.068;2.380;1.739;0.558;30.334;28.528;128.292;128.317;126.558;23.640;22.541;1.627;0.234;0.111;68.868;197.185;131.222;22.588;10.746;5.555;0.000;0.025;0.000;15;26.216;124.151;2;0;0;0;0;0;0;0
179;1;1;1;0.000000;0.000000;1.000000;1124.617739;1124.694426;1124.824447;786714;27824;138600;22;1733;27824;30376;100.000;0.874;0.951;532.236;571.320;7.290;153196;146333;138600;0.184;0.103;0.065;2.215;2.089;0.142;46.697;44.543;129.979;130.021;127.894;35.915;34.828;1.469;0.285;0.109;76.687;206.708;140.488;40.895;7.562;5.680;0.000;0.043;0.000;15;42.393;125.635;3;0;0;0;0;0;0;0
180;1;1;1;0.000000;0.000000;1.000000;1124.650679;1124.727131;1124.856666;787583;26696;139086;21;1739;26696;29132;100.000;0.995;1.082;534.103;573.322;6.992;153440;146675;139086;0.182;0.105;0.063;2.090;1.708;0.283;36.541;34.769;129.468;129.535;127.810;28.209;27.204;1.480;0.185;0.074;76.451;205.987;139.374;32.705;0.628;5.364;0.000;0.067;0.000;19;32.743;125.651;2;0;0;0;0;0;0;0
181;1;1;1;0.000000;0.000000;1.000000;1124.683983;1124.754216;1124.887224;793719;135924;139098;104;1739;135924;147988;100.000;3.373;3.670;534.149;573.368;35.517;175008;151952;139098;0.225;0.105;0.065;2.141;1.758;0.556;34.339;32.517;132.970;133.008;131.219;25.818;24.781;1.462;0.184;0.099;70.233;203.241;136.599;27.086;6.248;5.420;0.000;0.037;0.000;47;30.441;129.039;7;0;0;0;0;0;0;0
182;1;1;1;0.000000;0.000000;1.000000;1124.717674;1124.795931;1124.923350;792329;27260;139598;21;1745;27260;29696;100.000;0.863;0.938;536.069;575.424;7.127;166548;151765;139598;0.224;0.105;0.063;2.162;2.065;0.123;40.021;37.893;127.332;127.419;125.323;31.409;30.236;1.425;0.272;0.072;78.257;205.676;139.391;41.715;8.381;5.605;0.000;0.087;0.000;20;35.794;123.072;2;0;0;0;0;0;0;0
183;1;1;1;0.000000;0.000000;1.000000;1124.750774;1124.830509;1124.959655;801464;22184;141888;17;1774;22184;24156;100.000;0.960;1.042;544.862;584.871;5.797;166196;153593;141888;0.175;0.105;0.065;2.719;3.026;0.939;40.502;37.411;129.117;129.146;126.071;31.361;29.675;1.946;0.302;0.127;79.735;208.880;142.362;34.578;1.245;5.332;0.000;0.028;0.000;8;34.756;123.313;3;0;0;0;0;0;0;0
184;1;1;1;0.000000;0.000000;1.000000;1124.784107;1124.853761;1124.993651;796948;22560;145036;18;1813;22560;24648;100.000;0.541;0.589;556.951;597.840;5.916;166531;155363;145036;0.219;0.106;0.066;2.838;2.412;0.159;39.744;37.267;139.865;139.890;137.436;28.411;27.116;1.997;0.301;0.148;69.654;209.544;143.026;23.252;10.081;5.629;0.000;0.025;0.000;11;34.494;134.570;3;0;0;0;0;0;0;0
185;1;1;1;0.000000;0.000000;1.000000;1124.817659;1124.895782;1125.030469;802598;26696;147102;21;1839;26696;29132;100.000;0.792;0.861;564.884;606.360;6.992;166640;156434;147102;0.185;0.109;0.066;2.872;2.112;0.284;42.061;39.883;134.651;134.688;132.531;31.229;30.093;2.058;0.303;0.152;78.123;212.811;146.511;42.021;8.687;5.820;0.000;0.037;0.001;13;37.077;129.619;3;0;0;0;0;0;0;0
186;1;1;1;0.000000;0.000000;1.000000;1124.850975;1124.929712;1125.060332;797039;28576;149128;22;1865;28576;31128;100.000;0.834;0.906;572.664;614.726;7.471;167794;158190;149128;0.185;0.110;0.067;2.964;2.258;0.891;34.834;32.510;130.559;130.620;128.310;26.668;25.337;2.100;0.330;0.173;78.737;209.358;143.040;33.930;0.597;5.494;0.000;0.061;0.000;21;29.613;125.284;2;0;0;0;0;0;0;0
187;1;1;1;0.000000;0.000000;1.000000;1124.884761;1124.964113;1125.084737;797511;28576;148974;22;1863;28576;31128;100.000;0.836;0.908;572.073;614.089;7.471;167880;159016;148974;0.219;0.106;0.066;3.472;1.339;0.081;29.651;28.247;120.601;120.624;119.263;24.582;23.684;2.201;0.196;0.684;79.352;199.976;134.112;34.401;1.068;5.217;0.000;0.023;0.001;12;24.841;115.766;4;0;0;0;0;0;0;0
188;1;1;1;0.000000;0.000000;1.000000;1124.917502;1124.998442;1125.125788;794879;27260;147856;21;1849;27260;29696;100.000;0.899;0.977;567.780;609.480;7.127;165763;157891;147856;0.179;0.108;0.067;2.461;2.454;0.443;45.836;43.316;127.331;127.346;124.849;35.993;34.694;1.657;0.317;0.134;80.940;208.286;141.829;34.329;0.995;4.953;0.000;0.015;0.000;13;40.921;122.372;4;0;0;0;0;0;0;0
189;1;1;1;0.000000;0.000000;1.000000;1124.950638;1125.032499;1125.159011;793590;28012;145718;22;1822;28012;30564;100.000;1.322;1.438;559.570;600.661;7.335;162610;155326;145718;0.185;0.109;0.067;2.457;3.121;1.066;38.125;34.937;126.466;126.511;123.337;30.136;28.327;1.633;0.327;0.138;81.862;208.373;141.719;34.058;0.724;4.689;0.000;0.046;0.000;20;32.547;120.833;3;0;0;0;0;0;0;0
190;1;1;1;0.000000;0.000000;1.000000;1124.984415;1125.053821;1125.184636;788938;28012;143848;22;1799;28012;30564;100.000;0.645;0.701;552.389;592.962;7.335;159582;152602;143848;0.224;0.112;0.069;4.571;1.574;0.097;31.199;29.556;130.765;130.815;129.187;23.850;22.879;1.598;1.223;1.347;69.406;200.221;134.011;21.322;12.011;5.147;0.000;0.050;0.000;21;25.053;124.563;2;0;0;0;0;0;0;0
191;1;1;1;0.000000;0.000000;1.000000;1125.018716;1125.097461;1125.232649;784846;27636;142800;21;1785;27636;30072;100.000;670.090;726.842;548.364;588.622;7.217;157975;151062;142800;0.178;0.104;0.063;2.908;1.670;0.308;54.167;52.434;135.169;135.188;133.478;40.068;39.283;2.070;0.295;0.197;78.745;213.933;148.690;43.639;10.306;5.469;0.000;0.019;0.000;17;49.589;130.548;2;0;0;0;0;0;0;0
192;1;1;1;0.000000;0.000000;1.000000;1125.050850;1125.131185;1125.265897;788004;27824;142404;22;1781;27824;30376;100.000;1.223;1.331;546.844;587.011;7.290;157218;150730;142404;0.185;0.106;0.065;2.883;2.197;0.859;37.818;35.556;134.669;134.712;132.473;28.073;26.840;2.077;0.306;0.144;80.335;215.046;148.605;33.724;0.391;5.152;0.000;0.043;0.001;14;32.738;129.544;4;0;0;0;0;0;0;0
193;1;1;1;0.000000;0.000000;1.000000;1125.084881;1125.154066;1125.288757;795964;26696;142560;21;1782;26696;29132;100.000;0.525;0.571;547.443;587.632;6.992;157094;150627;142560;0.180;0.106;0.065;2.041;1.231;0.075;27.947;26.651;134.652;134.691;133.436;20.749;19.973;1.419;0.187;0.084;69.186;203.876;138.132;22.882;10.452;5.483;0.000;0.038;0.000;14;24.674;131.347;4;0;0;0;0;0;0;0
194;1;1;1;0.000000;0.000000;1.000000;1125.117756;1125.205135;1125.323368;799207;26884;143286;21;1792;26884;29320;100.000;1.378;1.498;550.231;590.646;7.037;157487;151182;143286;0.183;0.105;0.066;2.047;1.990;0.367;37.886;35.831;118.207;118.232;116.226;32.044;30.829;1.425;0.187;0.080;87.379;205.611;139.409;51.069;17.735;6.249;0.000;0.026;0.000;10;33.849;114.151;4;0;0;0;0;0;0;0
195;1;1;1;0.000000;0.000000;1.000000;1125.150745;1125.233336;1125.361815;799402;28012;144392;22;1805;28012;30564;100.000;1.403;1.526;554.478;595.186;7.335;158485;152211;144392;0.186;0.106;0.065;2.759;2.168;0.709;42.450;40.218;128.462;128.479;126.265;33.040;31.852;1.922;0.334;0.146;82.591;211.070;144.523;28.200;5.133;6.179;0.000;0.017;0.000;17;37.523;123.485;3;0;0;0;0;0;0;0
196;1;1;1;0.000000;0.000000;1.000000;1125.182924;1125.253428;1125.385373;800483;135548;145043;103;1814;135548;147496;100.000;141.734;154.127;556.978;597.889;35.399;179847;157023;145043;0.218;0.105;0.065;3.446;1.314;0.077;28.500;27.122;131.903;131.945;130.607;21.600;20.766;2.017;0.193;0.847;70.503;202.448;134.747;20.092;13.241;6.620;0.000;0.042;0.001;71;23.741;127.115;4;0;0;0;0;0;0;0
197;1;1;1;0.000000;0.000000;1.000000;1125.218027;1125.296133;1125.423573;798336;26884;145944;21;1825;26884;29320;100.000;0.836;0.909;560.437;601.597;7.037;172774;158068;145944;0.179;0.106;0.066;2.035;2.620;0.798;42.957;40.271;127.396;127.440;124.798;33.708;32.269;1.418;0.191;0.075;78.106;205.546;139.614;42.706;9.372;6.792;0.000;0.044;0.000;14;38.301;122.718;3;0;0;0;0;0;0;0
198;1;1;1;0.000000;0.000000;1.000000;1125.251723;1125.329873;1125.459016;798454;21996;146568;17;1833;21996;23968;100.000;0.896;0.972;562.834;604.174;5.752;170637;158309;146568;0.222;0.106;0.067;2.992;1.797;0.116;40.080;38.217;129.121;129.143;127.309;31.035;30.019;2.147;0.326;0.124;78.151;207.294;141.724;33.740;0.407;6.393;0.000;0.022;0.000;7;35.291;124.293;4;0;0;0;0;0;0;0
199;1;1;1;0.000000;0.000000;1.000000;1125.284998;1125.354563;1125.485774;800770;21432;147434;17;1843;21432;23404;100.000;0.518;0.563;566.159;607.725;5.617;169582;158624;147434;1.426;0.113;0.069;4.770;1.724;0.542;31.557;29.764;131.170;131.211;129.464;24.051;22.990;1.667;0.190;1.306;69.565;200.776;135.149;24.689;8.644;6.534;0.000;0.041;0.000;13;25.063;124.650;3;0;0;0;0;0;0;0
200;1;1;1;-0.087266;0.000000;1.000000;1125.318151;1125.396143;1125.532481;802378;24252;148866;19;1861;24252;26456;100.000;0.709;0.771;571.658;613.630;6.349;169717;159951;148866;0.173;0.106;0.066;2.608;0.967;0.055;53.196;52.163;136.302;136.338;135.346;39.018;38.540;1.936;0.219;0.108;77.992;214.330;148.523;41.580;8.247;6.641;24.585;0.036;0.000;18;49.621;132.700;2;0;0;0;0;0;0;0
201;1;1;1;-0.087266;0.000000;1.000000;1125.351104;1125.430501;1125.559894;805285;27260;150350;21;1880;27260;29696;100.000;1.174;1.275;577.356;619.757;7.127;169765;160386;150350;0.183;0.109;0.068;2.818;2.169;0.259;30.970;28.734;129.372;129.393;127.185;23.935;22.592;1.992;0.341;0.126;79.397;208.790;142.602;34.358;1.025;6.290;0.000;0.021;0.000;13;25.983;124.345;3;0;0;0;0;0;0;0
202;1;1;1;-0.087266;0.000000;1.000000;1125.384373;1125.453848;1125.587816;803318;27636;152012;21;1901;27636;30072;100.000;644.806;699.416;583.739;626.613;7.217;170736;162030;152012;0.178;0.110;0.067;3.350;1.794;0.539;32.917;31.057;133.952;133.967;132.147;24.571;23.502;1.420;0.201;1.375;69.475;203.442;137.190;23.347;9.986;6.521;0.000;0.015;0.000;19;27.773;128.780;2;0;0;0;0;0;0;0
203;1;1;1;-0.087266;0.000000;1.000000;1125.418008;1125.505948;1125.621770;802036;29140;152816;23;1911;29140;31808;100.000;1.380;1.502;586.826;629.926;7.634;170825;162660;152816;0.223;0.111;0.067;2.130;1.616;0.093;39.086;37.403;115.803;115.822;114.180;33.746;32.758;1.439;0.201;0.090;87.940;203.762;137.811;52.099;18.766;7.286;0.000;0.019;0.000;16;35.339;112.020;3;0;0;0;0;0;0;0
204;1;1;1;-0.087266;0.000000;1.000000;1125.450841;1125.533038;1125.660400;810228;28200;152942;22;1912;28200;30752;100.000;1.413;1.536;587.310;630.432;7.380;170078;162545;152942;0.178;0.105;0.067;3.007;2.047;0.435;42.361;40.248;127.320;127.363;125.278;33.260;32.127;2.163;0.346;0.148;82.197;209.560;143.108;27.090;6.243;7.221;0.000;0.043;0.000;20;37.307;122.225;3;0;0;0;0;0;0;0
205;1;1;1;-0.087266;0.000000;1.000000;1125.482955;1125.553125;1125.694399;808185;26508;152382;21;1905;26508;28944;100.000;0.628;0.684;585.159;628.124;6.947;169279;161936;152382;0.182;0.110;0.068;2.870;2.873;0.932;39.045;36.105;141.215;141.275;138.361;27.638;26.095;2.044;0.318;0.149;70.170;211.445;143.774;20.087;13.246;7.598;0.000;0.060;0.000;21;33.303;135.429;2;0;0;0;0;0;0;0
206;1;1;1;-0.087266;0.000000;1.000000;1125.518195;1125.595501;1125.727758;815223;27636;150790;21;1885;27636;30072;100.000;549.112;595.617;579.046;621.559;7.217;166592;159204;150790;0.185;0.108;0.068;2.771;2.130;0.134;39.105;36.907;132.221;132.257;130.092;29.567;28.370;1.946;0.339;0.126;77.306;209.563;143.799;42.377;9.043;7.688;0.000;0.035;0.000;14;34.204;127.284;2;0;0;0;0;0;0;0
207;1;1;1;-0.087266;0.000000;1.000000;1125.550993;1125.627711;1125.762155;799426;27448;149044;21;1864;27448;29884;100.000;0.994;1.079;572.341;614.381;7.172;164053;157342;149044;0.189;0.109;0.067;2.903;2.056;0.419;39.291;37.168;134.395;134.444;132.350;29.225;28.083;2.111;0.309;0.119;76.719;211.163;144.863;32.210;1.123;7.278;0.000;0.049;0.000;11;34.332;129.396;3;0;0;0;0;0;0;0
208;1;1;1;-0.087266;0.000000;1.000000;1125.583949;1125.663978;1125.786081;790320;27448;147638;21;1846;27448;29884;100.000;0.822;0.892;566.942;608.576;7.172;161729;155470;147638;0.231;0.113;0.067;3.726;1.692;0.499;28.896;27.137;122.074;122.103;120.389;23.665;22.541;2.759;0.193;0.363;80.029;202.132;135.456;36.267;2.934;7.006;0.000;0.029;0.000;9;23.478;116.631;4;0;0;0;0;0;0;0
209;1;1;1;-0.087266;0.000000;1.000000;1125.617646;1125.698229;1125.830236;795945;26884;145656;21;1821;26884;29320;100.000;0.869;0.945;559.332;600.401;7.037;159417;153158;145656;0.185;0.108;0.066;2.732;2.385;0.154;49.535;47.084;131.976;132.007;129.569;37.525;36.339;1.874;0.328;0.172;80.583;212.589;146.277;34.251;0.917;6.626;0.000;0.031;0.000;11;44.418;126.803;4;0;0;0;0;0;0;0
210;1;1;1;-0.087266;0.000000;1.000000;1125.650686;1125.734355;1125.861002;792891;28200;144144;22;1802;28200;30752;100.000;1.338;1.454;553.525;594.166;7.380;157527;151133;144144;0.176;0.104;0.065;2.865;1.682;0.314;35.890;34.143;126.566;126.647;124.923;28.338;27.332;2.055;0.315;0.149;83.669;210.316;143.710;36.126;2.792;6.386;0.000;0.082;0.000;21;31.343;121.975;2;0;0;0;0;0;0;0
211;1;1;1;-0.087266;0.000000;1.000000;1125.684651;1125.755652;1125.895182;797320;136488;143206;104;1791;136488;148552;100.000;3.310;3.600;549.924;590.316;35.652;179073;155570;143206;0.186;0.110;0.067;3.140;2.692;0.994;38.689;35.931;139.469;139.531;136.764;27.728;26.272;2.282;0.333;0.162;71.000;210.531;144.557;21.297;12.036;6.739;0.000;0.062;0.000;33;32.857;133.560;7;0;0;0;0;0;0;0
212;1;1;1;-0.087266;0.000000;1.000000;1125.718803;1125.796963;1125.930093;805214;26884;142122;21;1777;26884;29320;100.000;0.820;0.892;545.761;585.838;7.037;167714;153850;142122;0.179;0.105;0.065;2.843;1.902;0.122;40.771;38.804;133.106;133.130;131.187;30.625;29.579;2.056;0.301;0.137;78.160;211.290;146.134;41.311;7.978;6.817;0.000;0.024;0.000;11;36.026;128.318;3;0;0;0;0;0;0;0
213;1;1;1;-0.087266;0.000000;1.000000;1125.751334;1125.832662;1125.962594;797126;20868;141596;16;1770;20868;22724;100.000;0.911;0.988;543.741;583.660;5.454;165655;153845;141596;0.184;0.106;0.066;2.929;2.123;0.380;37.221;35.032;129.904;129.932;127.758;28.646;27.420;2.131;0.295;0.147;81.328;211.260;145.302;35.699;2.366;6.539;0.000;0.028;0.000;8;32.169;124.788;3;0;0;0;0;0;0;0
214;1;1;1;-0.087266;0.000000;1.000000;1125.784647;1125.864565;1125.987910;803136;17672;141814;14;1773;17672;19296;100.000;0.527;0.572;544.578;584.565;4.631;164533;153207;141814;0.184;0.105;0.066;2.038;1.629;0.478;30.394;28.699;123.307;123.345;121.695;24.641;23.583;1.408;0.194;0.081;79.918;203.263;137.285;31.903;1.430;6.219;0.000;0.038;0.000;9;26.726;119.618;4;0;0;0;0;0;0;0
215;1;1;1;-0.087266;0.000000;1.000000;1125.819128;1125.899810;1126.025471;809297;24440;143036;19;1788;24440;26644;100.000;0.836;0.909;549.271;589.596;6.395;164032;153456;143036;0.182;0.106;0.066;2.169;2.185;0.137;41.209;38.958;125.619;125.661;123.439;32.794;31.561;1.408;0.299;0.108;80.682;206.343;141.512;35.245;1.911;5.950;0.000;0.042;0.000;12;36.854;121.226;5;0;0;0;0;0;0;0
216;1;1;1;-0.087266;0.000000;1.000000;1125.850940;1125.933832;1126.060218;808156;27636;144130;21;1802;27636;30072;100.000;1.303;1.414;553.472;594.112;7.217;164795;155190;144130;0.177;0.104;0.066;3.371;2.334;0.346;39.093;36.693;126.351;126.386;124.009;30.932;29.589;1.789;0.596;0.639;82.892;209.278;142.926;34.022;0.689;5.621;0.000;0.034;0.000;13;33.388;120.603;4;0;0;0;0;0;0;0
217;1;1;1;-0.087266;0.000000;1.000000;1125.885054;1125.955198;1126.097719;810355;28764;146106;22;1827;28764;31316;100.000;0.680;0.738;561.060;602.264;7.516;164742;155908;146106;0.183;0.108;0.066;2.891;2.775;0.906;43.195;40.355;142.481;142.521;139.699;30.308;28.887;2.083;0.300;0.151;70.144;212.665;147.094;21.366;11.968;6.018;0.000;0.041;0.001;19;37.530;136.763;3;0;0;0;0;0;0;0
218;1;1;1;-0.087266;0.000000;1.000000;1125.919077;1125.997685;1126.130680;810211;29140;148782;23;1860;29140;31808;100.000;0.895;0.974;571.335;613.284;7.634;166599;158998;148782;0.185;0.108;0.067;2.887;1.910;0.118;38.630;36.653;132.952;132.995;131.045;29.046;27.970;2.073;0.316;0.139;78.608;211.602;146.721;42.487;9.154;6.214;0.000;0.042;0.000;16;33.832;128.114;3;0;0;0;0;0;0;0
219;1;1;1;-0.087266;0.000000;1.000000;1125.951425;1126.031334;1126.165308;808645;29140;150220;23;1878;29140;31808;100.000;0.993;1.081;576.857;619.212;7.634;167435;160028;150220;0.174;0.106;0.066;2.599;0.971;0.217;39.437;38.400;133.956;133.974;132.980;29.436;28.877;1.934;0.214;0.104;79.908;213.883;148.016;33.649;0.315;5.845;0.000;0.018;0.000;19;35.867;130.361;3;0;0;0;0;0;0;0
220;1;1;1;0.000000;0.000000;1.000000;1125.985315;1126.065989;1126.197108;810783;27824;150188;22;1878;27824;30376;100.000;0.922;1.003;576.734;619.090;7.290;167005;159699;150188;0.187;0.109;0.066;2.918;2.383;0.958;35.342;32.893;131.082;131.120;128.690;26.954;25.560;2.093;0.321;0.142;80.674;211.794;146.483;34.655;1.321;5.562;16.432;0.038;0.000;18;30.040;125.731;3;0;0;0;0;0;0;0
221;1;1;1;0.000000;0.000000;1.000000;1126.019211;1126.099924;1126.233526;807088;27636;149054;21;1864;27636;30072;100.000;713.876;774.335;572.380;614.419;7.217;165011;157832;149054;0.177;0.105;0.066;2.842;2.280;0.142;41.711;39.365;133.556;133.602;131.271;31.220;29.988;2.013;0.344;0.138;80.713;214.315;149.568;33.935;0.602;5.252;0.000;0.046;0.000;21;36.588;128.380;1;0;0;0;0;0;0;0
222;1;1;1;0.000000;0.000000;1.000000;1126.051080;1126.135130;1126.266234;809369;27824;147392;22;1843;27824;30376;100.000;1.290;1.404;565.998;607.563;7.290;162955;155861;147392;0.185;0.109;0.067;2.536;1.131;0.240;37.847;36.650;131.040;131.104;129.944;28.868;28.204;1.832;0.222;0.122;84.049;215.153;148.942;35.206;1.873;5.041;0.000;0.064;0.000;20;34.180;127.341;2;0;0;0;0;0;0;0
223;1;1;1;0.000000;0.000000;1.000000;1126.085891;1126.166014;1126.290116;795354;27260;146064;21;1826;27260;29696;100.000;0.925;1.004;560.898;602.080;7.127;161305;154689;146064;0.182;0.106;0.066;2.129;1.775;0.534;27.554;25.714;124.068;124.102;122.305;22.203;21.024;1.508;0.192;0.075;80.124;204.225;139.491;30.885;2.449;4.879;0.000;0.034;0.000;15;23.650;120.140;4;0;0;0;0;0;0;0
224;1;1;1;0.000000;0.000000;1.000000;1126.119752;1126.199459;1126.328349;795455;27260;144466;21;1806;27260;29696;100.000;0.869;0.944;554.762;595.493;7.127;159167;152753;144466;0.182;0.106;0.065;2.780;1.816;0.110;42.115;40.235;128.837;128.891;127.052;32.675;31.668;2.090;0.200;0.137;79.707;208.597;144.391;33.444;0.111;4.581;0.000;0.054;0.001;20;37.519;124.198;2;0;0;0;0;0;0;0
225;1;1;1;0.000000;0.000000;1.000000;1126.150538;1126.235392;1126.362226;795720;27824;143728;22;1797;27824;30376;100.000;1.224;1.332;551.928;592.456;7.290;158047;151423;143728;0.178;0.105;0.063;2.866;1.873;0.343;38.457;36.521;126.803;126.834;124.928;30.321;29.233;2.091;0.302;0.126;84.854;211.688;144.934;35.933;2.600;4.457;0.000;0.031;0.000;11;33.718;122.028;3;0;0;0;0;0;0;0
226;1;1;1;0.000000;0.000000;1.000000;1126.185291;1126.258209;1126.398842;798723;138180;142930;105;1787;138180;150360;100.000;16.390;17.824;548.864;589.166;36.086;180302;156126;142930;0.186;0.105;0.065;2.750;2.554;0.920;41.346;38.727;140.553;140.633;138.041;29.400;28.055;1.982;0.291;0.120;72.918;213.551;148.217;22.817;10.517;4.836;0.000;0.081;0.000;41;36.042;135.209;6;0;0;0;0;0;0;0
227;1;1;1;0.000000;0.000000;1.000000;1126.219656;1126.298299;1126.432337;807441;25192;142948;20;1787;25192;27512;100.000;0.770;0.838;548.933;589.235;6.603;170599;155415;142948;0.180;0.105;0.065;2.852;2.063;0.142;38.786;36.659;133.995;134.038;131.929;28.937;27.787;2.057;0.293;0.153;78.643;212.681;148.378;40.090;6.757;4.956;0.000;0.044;0.000;16;33.871;129.032;3;0;0;0;0;0;0;0
228;1;1;1;0.000000;0.000000;1.000000;1126.250562;1126.332446;1126.468938;803316;22560;143504;18;1794;22560;24648;100.000;0.881;0.959;551.068;591.528;5.916;169831;157202;143504;0.176;0.104;0.063;2.315;1.327;0.407;41.542;40.151;136.442;136.492;135.149;30.436;29.709;1.687;0.188;0.096;81.884;218.376;151.646;34.147;0.814;4.697;0.000;0.050;0.000;16;37.900;132.782;2;0;0;0;0;0;0;0
229;1;1;1;0.000000;0.000000;1.000000;1126.286055;1126.365501;1126.498190;809074;23500;144280;18;1804;23500;25588;100.000;0.741;0.803;554.048;594.733;6.141;168453;157073;144280;0.182;0.106;0.066;2.837;2.049;0.144;32.864;30.749;132.665;132.689;130.597;24.768;23.545;2.031;0.304;0.148;79.446;212.135;147.565;33.055;0.278;4.421;0.000;0.025;0.001;9;27.977;127.733;4;0;0;0;0;0;0;0
230;1;1;1;0.000000;0.000000;1.000000;1126.319229;1126.401044;1126.531795;808265;24816;145334;19;1817;24816;27020;100.000;0.770;0.836;558.095;599.074;6.485;167724;157219;145334;0.181;0.108;0.067;2.905;2.281;0.282;38.476;36.129;130.731;130.751;128.417;29.427;28.134;2.113;0.307;0.130;81.815;212.566;147.836;35.543;2.209;4.283;0.000;0.020;0.000;14;33.290;125.489;4;0;0;0;0;0;0;0
231;1;1;1;0.000000;0.000000;1.000000;1126.351198;1126.435349;1126.567673;818848;28200;147128;22;1840;28200;30752;100.000;1.172;1.274;564.984;606.482;7.380;168841;158863;147128;0.179;0.106;0.065;2.539;1.670;0.538;41.088;39.353;132.281;132.324;130.630;31.051;30.126;1.870;0.210;0.109;84.151;216.475;150.381;34.305;0.972;4.076;0.000;0.042;0.001;11;36.879;128.046;4;0;0;0;0;0;0;0
232;1;1;1;0.000000;0.000000;1.000000;1126.386427;1126.467155;1126.597572;820617;27824;148796;22;1860;27824;30376;100.000;0.916;0.997;571.389;613.338;7.290;169230;160122;148796;0.182;0.105;0.067;2.913;1.949;0.123;34.086;32.070;130.387;130.417;128.428;26.136;24.971;2.111;0.300;0.148;80.728;211.145;146.947;31.805;1.528;3.917;0.000;0.031;0.001;12;29.224;125.481;3;0;0;0;0;0;0;0
233;1;1;1;0.000000;0.000000;1.000000;1126.420642;1126.500819;1126.633270;814146;28012;150842;22;1886;28012;30564;100.000;0.895;0.973;579.246;621.781;7.335;169784;161316;150842;0.184;0.106;0.066;2.807;1.569;0.315;40.562;38.928;132.402;132.451;130.849;30.625;29.750;2.029;0.299;0.122;80.178;212.628;149.311;33.665;0.331;3.693;0.000;0.048;0.001;14;36.187;127.991;3;0;0;0;0;0;0;0
234;1;1;1;0.000000;0.000000;1.000000;1126.450678;1126.536359;1126.667216;814852;28388;152630;22;1908;28388;30940;100.000;1.392;1.512;586.112;629.144;7.426;170660;162726;152630;0.176;0.105;0.067;2.564;1.841;0.658;38.298;36.391;130.813;130.858;128.982;29.267;28.214;1.854;0.228;0.134;85.681;216.539;149.924;35.539;2.206;3.600;0.000;0.044;0.000;19;33.893;126.354;3;0;0;0;0;0;0;0
235;1;1;1;0.000000;0.000000;1.000000;1126.486463;1126.566480;1126.699381;815725;27072;153174;21;1915;27072;29508;100.000;0.924;1.004;588.201;631.391;7.082;170699;163040;153174;0.174;0.106;0.067;2.926;1.679;0.116;36.536;34.791;132.867;132.901;131.157;27.491;26.526;2.076;0.349;0.154;80.017;212.917;148.755;30.121;3.212;3.575;0.000;0.034;0.000;14;31.932;128.196;3;0;0;0;0;0;0;0
236;1;1;1;0.000000;0.000000;1.000000;1126.520214;1126.601247;1126.733818;816078;26884;152808;21;1911;26884;29320;100.000;0.877;0.954;586.795;629.895;7.037;169799;162292;152808;0.185;0.106;0.067;2.883;1.602;0.342;39.067;37.399;132.539;132.571;130.935;29.469;28.563;2.039;0.337;0.149;81.032;213.604;149.859;34.767;1.433;3.442;0.000;0.032;0.000;18;34.583;128.018;3;0;0;0;0;0;0;0
237;1;1;1;0.000000;0.000000;1.000000;1126.550823;1126.635634;1126.769292;810868;27448;151650;21;1896;27448;29884;100.000;1.287;1.397;582.348;625.110;7.172;168115;160913;151650;0.184;0.110;0.067;2.453;1.256;0.415;39.971;38.648;133.615;133.658;132.385;29.906;29.194;1.768;0.200;0.125;84.812;218.470;152.000;34.388;1.055;3.292;0.000;0.043;0.000;20;36.262;129.886;2;0;0;0;0;0;0;0
238;1;1;1;0.000000;0.000000;1.000000;1126.586061;1126.665960;1126.796144;801907;27072;149972;21;1875;27072;29508;100.000;0.900;0.978;575.905;618.192;7.082;165653;158386;149972;0.224;0.108;0.066;2.962;2.031;0.138;30.532;28.435;130.150;130.184;128.110;23.453;22.196;2.064;0.349;0.151;79.899;210.083;145.519;30.325;3.008;3.275;0.000;0.034;0.000;11;25.538;125.113;3;0;0;0;0;0;0;0
239;1;1;1;0.000000;0.000000;1.000000;1126.620362;1126.701793;1126.830594;799196;28200;148264;22;1854;28200;30752;100.000;0.928;1.009;569.346;611.160;7.380;163625;156742;148264;0.180;0.108;0.066;2.900;2.283;0.459;39.432;37.084;128.768;128.801;126.469;30.615;29.322;2.088;0.318;0.140;81.432;210.232;146.635;35.834;2.500;3.226;0.000;0.032;0.000;12;34.249;123.533;3;0;0;0;0;0;0;0
240;1;1;1;0.000000;0.000000;1.000000;1126.650517;1126.735406;1126.867418;799621;28200;146996;22;1838;28200;30752;100.000;1.226;1.333;564.477;605.930;7.380;161681;154905;146996;0.176;0.106;0.065;2.745;1.773;0.620;42.014;40.177;131.972;132.012;130.202;31.826;30.858;1.890;0.334;0.174;84.889;216.901;150.126;33.613;0.279;3.042;0.000;0.040;0.000;15;37.497;127.415;5;0;0;0;0;0;0;0
241;1;1;1;0.000000;0.000000;1.000000;1126.686028;1126.758495;1126.896476;808174;139308;146062;106;1826;139308;151604;100.000;3.419;3.719;560.891;602.073;36.385;182380;158734;146062;0.180;0.106;0.066;2.855;2.026;0.130;33.561;31.469;136.460;137.981;135.907;24.323;23.155;2.083;0.295;0.125;72.466;210.447;145.850;23.089;10.245;3.492;0.000;1.521;0.000;78;28.679;131.528;4;0;0;0;0;0;0;0
242;1;1;1;0.000000;0.000000;1.000000;1126.720266;1126.800466;1126.933878;810609;27824;145468;22;1819;27824;30376;100.000;0.850;0.925;558.610;599.634;7.290;172914;157650;145468;0.180;0.106;0.066;2.813;1.913;0.353;42.290;40.312;133.369;133.412;131.463;31.699;30.664;2.009;0.321;0.131;80.200;213.612;149.919;41.971;8.637;3.814;0.000;0.043;0.000;14;37.564;128.605;4;0;0;0;0;0;0;0
243;1;1;1;0.000000;0.000000;1.000000;1126.750623;1126.834586;1126.966763;809086;19928;145086;16;1814;19928;21784;100.000;0.803;0.873;557.143;598.054;5.228;170682;157503;145086;0.177;0.104;0.065;2.654;1.584;0.683;37.610;35.962;130.894;132.177;130.561;28.454;27.544;1.954;0.222;0.132;83.963;216.141;149.471;34.120;0.787;3.625;0.000;1.283;0.000;14;33.372;126.621;2;0;0;0;0;0;0;0
244;1;1;1;0.000000;0.000000;1.000000;1126.786992;1126.866194;1126.998942;804105;21808;145538;17;1820;21808;23780;100.000;0.697;0.757;558.878;599.925;5.707;169733;157580;145538;0.180;0.105;0.065;2.849;2.090;0.128;36.395;34.240;132.700;132.748;130.626;27.417;26.213;2.037;0.309;0.154;79.202;211.950;148.316;31.608;1.725;3.506;0.000;0.048;0.000;9;31.456;127.709;3;0;0;0;0;0;0;0
245;1;1;1;0.000000;0.000000;1.000000;1126.820354;1126.900684;1127.034517;810243;24252;146056;19;1826;24252;26456;100.000;0.767;0.833;560.868;602.050;6.349;168658;157370;146056;0.178;0.106;0.066;2.813;1.419;0.272;40.507;39.023;133.808;133.833;132.378;30.267;29.478;2.024;0.300;0.139;80.330;214.163;150.558;34.490;1.157;3.359;0.000;0.024;0.000;13;36.275;129.539;3;0;0;0;0;0;0;0
246;1;1;1;0.000000;0.000000;1.000000;1126.850686;1126.935634;1127.070337;808451;27260;146718;21;1834;27260;29696;100.000;1.232;1.338;563.410;604.772;7.127;169108;158436;146718;0.186;0.109;0.066;2.279;1.496;0.528;40.060;38.498;134.667;134.703;133.184;29.740;28.906;1.620;0.197;0.101;84.948;219.652;153.045;34.950;1.616;3.250;0.000;0.037;0.000;14;36.286;130.867;3;0;0;0;0;0;0;0
247;1;1;1;0.000000;0.000000;1.000000;1126.886493;1126.966993;1127.099670;818595;28952;147758;22;1847;28952;31504;100.000;579.233;628.380;567.403;609.059;7.561;169129;160026;147758;0.179;0.105;0.065;2.854;1.900;0.121;33.079;31.114;132.620;132.677;130.729;24.932;23.801;2.064;0.295;0.146;80.500;213.176;149.044;31.359;1.974;3.170;0.000;0.057;0.001;22;28.324;127.815;1;0;0;0;0;0;0;0
248;1;1;1;0.000000;0.000000;1.000000;1126.920359;1127.002532;1127.134535;813416;29140;149576;23;1870;29140;31808;100.000;0.961;1.045;574.384;616.559;7.634;169688;161592;149576;0.184;0.109;0.067;2.831;1.739;0.331;39.627;37.821;131.954;132.003;130.227;30.020;29.042;2.021;0.320;0.131;82.174;214.177;150.577;35.539;2.206;3.110;0.000;0.049;0.000;22;35.057;127.344;2;0;0;0;0;0;0;0
249;1;1;1;0.000000;0.000000;1.000000;1126.950612;1127.035888;1127.168999;816251;29892;151824;23;1898;29892;32560;100.000;1.352;1.468;583.017;625.823;7.814;171205;163030;151824;0.173;0.108;0.067;2.294;1.414;0.433;39.050;37.569;133.057;133.111;131.679;29.336;28.531;1.658;0.202;0.087;85.276;218.387;151.707;33.356;0.023;2.917;0.000;0.053;0.000;20;35.341;129.330;3;0;0;0;0;0;0;0
250;1;1;1;0.000000;0.000000;1.000000;1126.986444;1127.067810;1127.198511;820584;28576;153370;22;1918;28576;31128;100.000;0.947;1.029;588.953;632.211;7.471;171710;164284;153370;0.182;0.109;0.068;2.861;2.010;0.126;33.197;31.119;130.649;130.701;128.654;25.399;24.188;2.036;0.319;0.148;81.366;212.067;147.885;31.921;1.412;2.823;0.000;0.052;0.001;11;28.325;125.738;3;0;0;0;0;0;0;0
251;1;1;1;0.000000;0.000000;1.000000;1127.020287;1127.101865;1127.234895;817535;26884;153478;21;1919;26884;29320;100.000;0.857;0.932;589.368;632.648;7.037;171225;163806;153478;0.176;0.106;0.066;2.262;1.097;0.254;41.267;40.104;132.983;133.029;131.911;31.021;30.402;1.613;0.215;0.087;81.578;214.607;150.936;34.056;0.722;2.692;0.000;0.046;0.000;13;37.907;129.600;5;0;0;0;0;0;0;0
252;1;1;1;0.000000;0.000000;1.000000;1127.050959;1127.137321;1127.267810;812707;28764;152446;22;1906;28764;31316;100.000;1.324;1.437;585.405;628.392;7.516;169238;162080;152446;0.188;0.109;0.067;2.329;1.254;0.422;36.276;34.955;130.449;130.489;129.218;27.800;27.051;1.652;0.211;0.103;86.362;216.852;150.518;35.456;2.123;2.656;0.000;0.040;0.000;13;32.692;126.847;3;0;0;0;0;0;0;0
253;1;1;1;0.000000;0.000000;1.000000;1127.086601;1127.167206;1127.293568;811017;29328;150768;23;1885;29328;31996;100.000;0.973;1.058;578.962;621.475;7.679;166748;159591;150768;0.182;0.109;0.066;2.216;2.634;0.167;29.313;26.613;126.323;126.362;123.685;23.197;21.517;1.428;0.330;0.102;80.605;206.967;142.943;29.885;3.448;2.706;0.000;0.039;0.000;22;24.463;121.428;2;0;0;0;0;0;0;0
254;1;1;1;0.000000;0.000000;1.000000;1127.120676;1127.201450;1127.334721;812416;28012;148606;22;1858;28012;30564;100.000;0.880;0.957;570.660;612.564;7.335;163692;157317;148606;0.175;0.106;0.067;2.735;1.391;0.311;45.997;44.539;133.241;133.271;131.848;34.514;33.781;1.984;0.270;0.133;80.773;214.045;150.763;34.244;0.911;2.594;0.000;0.030;0.000;12;41.870;129.067;3;0;0;0;0;0;0;0
255;1;1;1;0.000000;0.000000;1.000000;1127.151412;1127.236387;1127.366447;815874;28012;147150;22;1840;28012;30564;100.000;1.257;1.367;565.068;606.566;7.335;161942;155452;147150;0.175;0.104;0.066;2.655;1.541;0.536;35.856;34.249;130.026;130.060;128.496;27.569;26.654;1.967;0.225;0.118;84.975;215.035;149.155;34.937;1.604;2.532;0.000;0.034;0.000;10;31.660;125.804;4;0;0;0;0;0;0;0
256;1;1;1;0.000000;0.000000;1.000000;1127.186417;1127.258745;1127.399790;811813;137616;146080;105;1826;137616;149796;100.000;3.538;3.849;560.960;602.142;35.951;184042;159743;146080;0.178;0.105;0.065;2.771;1.093;0.064;37.530;36.373;140.988;141.045;139.926;26.609;25.994;2.047;0.250;0.125;72.328;213.373;149.164;22.358;10.975;3.059;0.000;0.057;0.001;32;33.666;137.095;7;0;0;0;0;0;0;0
257;1;1;1;0.000000;0.000000;1.000000;1127.220757;1127.299423;1127.433038;809323;28200;145366;22;1818;28200;30752;100.000;0.893;0.970;558.218;599.220;7.380;173079;158563;145366;0.180;0.105;0.066;2.849;1.868;0.352;37.086;35.153;133.564;133.615;131.699;27.756;26.692;2.029;0.304;0.164;78.666;212.281;149.079;40.678;7.345;3.327;0.000;0.051;0.001;19;32.370;128.797;3;0;0;0;0;0;0;0
258;1;1;1;0.000000;0.000000;1.000000;1127.250986;1127.335450;1127.468143;806066;20680;145058;16;1814;20680;22536;100.000;0.971;1.054;557.035;597.947;5.409;169441;156665;145058;0.173;0.105;0.065;2.587;1.750;0.671;39.836;38.022;132.666;132.693;130.915;30.021;29.043;1.900;0.218;0.126;84.464;217.157;150.851;36.027;2.694;3.288;0.000;0.027;0.000;9;35.500;128.298;3;0;0;0;0;0;0;0
259;1;1;1;0.000000;0.000000;1.000000;1127.286064;1127.366816;1127.498981;803994;21620;144584;17;1808;21620;23592;100.000;0.744;0.809;555.215;595.991;5.662;167559;156241;144584;0.175;0.105;0.063;2.831;2.014;0.127;35.145;33.068;132.132;132.165;130.098;26.592;25.418;1.977;0.320;0.191;80.752;212.916;148.355;31.366;1.968;3.205;0.000;0.033;0.000;12;30.300;127.231;4;0;0;0;0;0;0;0
260;1;1;1;0.000000;0.000000;1.000000;1127.319893;1127.401299;1127.533137;804675;24252;144650;19;1809;24252;26456;100.000;0.806;0.876;555.468;596.267;6.349;166331;156051;144650;0.179;0.106;0.066;2.775;2.558;0.442;39.001;36.378;131.801;131.838;129.231;29.582;28.149;1.988;0.306;0.130;81.406;213.244;149.179;34.483;1.150;3.077;0.000;0.037;0.000;15;33.668;126.416;4;0;0;0;0;0;0;0
261;1;1;1;0.000000;0.000000;1.000000;1127.351056;1127.434994;1127.567159;803023;25568;143952;20;1800;25568;27888;100.000;1.160;1.261;552.788;593.384;6.693;164701;155388;143952;0.175;0.104;0.065;2.379;1.243;0.442;39.384;38.077;132.116;132.166;130.907;29.799;29.087;1.715;0.204;0.116;83.938;216.104;149.867;33.695;0.361;2.907;0.000;0.050;0.001;19;35.763;128.475;2;0;0;0;0;0;0;0
262;1;1;1;0.000000;0.000000;1.000000;1127.386475;1127.467004;1127.595965;804900;27260;144058;21;1801;27260;29696;100.000;0.937;1.018;553.195;593.813;7.127;165044;156453;144058;0.179;0.106;0.066;2.853;2.001;0.126;32.399;30.333;128.932;128.961;126.920;25.123;23.899;2.057;0.310;0.134;80.529;209.491;145.340;32.010;1.323;2.808;0.000;0.029;0.001;13;27.545;124.035;4;0;0;0;0;0;0;0
263;1;1;1;0.000000;0.000000;1.000000;1127.420020;1127.500980;1127.629189;801032;29328;144662;23;1809;29328;31996;100.000;0.937;1.019;555.515;596.313;7.679;164703;156603;144662;0.179;0.106;0.065;2.815;1.922;0.359;38.081;36.095;128.114;128.209;126.255;29.702;28.589;2.025;0.302;0.138;80.960;209.169;145.230;33.976;0.642;2.673;0.000;0.095;0.001;22;33.344;123.342;2;0;0;0;0;0;0;0
264;1;1;1;0.000000;0.000000;1.000000;1127.451374;1127.536411;1127.665236;793638;29516;145976;23;1825;29516;32184;100.000;1.415;1.538;560.560;601.720;7.724;164424;156577;145976;0.173;0.105;0.065;2.751;1.425;0.600;40.787;39.298;128.770;128.826;127.374;31.661;30.852;2.038;0.254;0.116;85.037;213.863;147.944;35.431;2.098;2.637;0.000;0.055;0.000;14;36.611;124.566;5;0;0;0;0;0;0;0
265;1;1;1;0.000000;0.000000;1.000000;1127.486283;1127.565857;1127.697007;801156;29704;148478;23;1856;29704;32372;100.000;1.006;1.093;570.168;612.027;7.769;165781;158459;148478;0.185;0.108;0.066;2.890;1.912;0.121;35.900;33.922;131.104;131.150;129.191;27.373;26.257;2.075;0.309;0.147;79.574;210.723;146.382;29.446;3.887;2.715;0.000;0.045;0.000;22;31.098;126.231;2;0;0;0;0;0;0;0
266;1;1;1;0.000000;0.000000;1.000000;1127.520151;1127.599399;1127.729926;804749;28952;149922;22;1875;28952;31504;100.000;490.779;532.421;575.713;618.000;7.561;166818;159669;149922;0.181;0.108;0.067;2.837;2.122;0.419;37.726;35.538;130.499;130.527;128.369;28.903;27.684;2.050;0.304;0.128;79.248;209.775;145.967;33.542;0.209;2.558;0.000;0.028;0.001;16;32.768;125.502;3;0;0;0;0;0;0;0
267;1;1;1;0.000000;0.000000;1.000000;1127.550726;1127.633297;1127.763529;805449;28200;150436;22;1881;28200;30752;100.000;1.165;1.266;577.687;620.110;7.380;166986;159832;150436;0.183;0.109;0.067;2.861;2.502;0.864;38.552;35.983;130.189;130.232;127.688;29.602;28.180;2.035;0.334;0.133;82.571;212.804;146.237;33.898;0.564;2.434;0.000;0.044;0.000;12;33.188;124.782;3;0;0;0;0;0;0;0
268;1;1;1;0.000000;0.000000;1.000000;1127.585546;1127.666051;1127.788904;805329;26884;149636;21;1871;26884;29320;100.000;0.879;0.956;574.615;616.812;7.037;165735;158811;149636;0.183;0.108;0.068;2.109;1.375;0.075;30.750;29.308;122.820;122.853;121.453;25.030;24.131;1.462;0.198;0.091;80.504;203.357;138.278;32.754;0.580;2.318;0.000;0.033;0.000;20;27.266;119.309;2;0;0;0;0;0;0;0
269;1;1;1;0.000000;0.000000;1.000000;1127.619376;1127.699844;1127.826453;805419;27072;148420;21;1856;27072;29508;100.000;0.877;0.953;569.945;611.804;7.082;163885;157042;148420;0.184;0.106;0.067;2.427;2.445;0.491;41.006;38.495;126.563;126.610;124.115;32.388;31.015;1.606;0.331;0.133;80.468;207.077;142.495;33.793;0.460;2.202;0.000;0.047;0.000;14;36.134;121.639;3;0;0;0;0;0;0;0
270;1;1;1;0.000000;0.000000;1.000000;1127.651109;1127.733482;1127.863318;804474;27636;146600;21;1833;27636;30072;100.000;1.173;1.272;562.956;604.296;7.217;161613;155030;146600;0.178;0.104;0.066;2.874;2.388;0.957;41.732;39.278;129.764;129.836;127.397;32.142;30.831;2.054;0.326;0.146;82.373;212.210;146.026;33.638;0.305;2.083;0.000;0.072;0.000;20;36.470;124.449;2;0;0;0;0;0;0;0
271;1;1;1;0.000000;0.000000;1.000000;1127.685865;1127.757152;1127.896749;796101;135360;145088;103;1814;135360;147308;100.000;3.290;3.578;557.150;598.062;35.354;181623;158138;145088;0.185;0.106;0.067;2.842;1.869;0.129;38.697;36.762;139.346;139.597;137.686;27.720;26.700;2.047;0.304;0.132;71.287;210.884;146.123;23.670;9.663;2.557;0.000;0.251;0.000;62;33.986;134.592;6;0;0;0;0;0;0;0
272;1;1;1;0.000000;0.000000;1.000000;1127.719463;1127.798376;1127.930304;805073;28012;144742;22;1810;28012;30564;100.000;0.832;0.905;555.822;596.643;7.335;170832;156020;144742;0.187;0.105;0.066;2.953;1.844;0.348;38.268;36.359;131.915;131.928;130.049;29.007;27.958;2.146;0.298;0.152;78.912;210.840;146.345;41.224;7.890;2.890;0.000;0.013;0.000;19;33.471;127.081;3;0;0;0;0;0;0;0
273;1;1;1;0.000000;0.000000;1.000000;1127.751194;1127.832182;1127.967571;797204;23688;144320;18;1804;23688;25776;100.000;0.952;1.032;554.201;594.887;6.186;168205;154907;144320;0.175;0.105;0.065;2.380;1.314;0.460;42.071;40.692;135.341;135.388;134.050;31.074;30.356;1.717;0.213;0.104;80.988;216.376;150.279;33.807;0.473;2.739;0.000;0.047;0.000;17;38.377;131.621;2;0;0;0;0;0;0;0
274;1;1;1;0.000000;0.000000;1.000000;1127.786568;1127.865885;1127.997858;805139;22936;144042;18;1801;22936;25024;100.000;0.758;0.824;553.134;593.752;6.006;166757;155370;144042;0.180;0.103;0.065;2.818;1.550;0.095;33.962;32.348;131.927;131.973;130.384;25.734;24.810;2.030;0.295;0.145;79.316;211.290;147.233;33.702;0.369;2.591;0.000;0.047;0.000;17;29.594;127.517;2;0;0;0;0;0;0;0
275;1;1;1;0.000000;0.000000;1.000000;1127.819196;1127.899903;1128.033896;808073;26132;144130;20;1802;26132;28452;100.000;0.835;0.906;553.472;594.112;6.828;164807;154126;144130;0.182;0.108;0.066;2.866;1.768;0.312;40.376;38.543;133.944;133.994;132.176;30.133;29.161;2.079;0.302;0.130;80.706;214.700;149.938;34.018;0.684;2.472;0.000;0.050;0.000;15;35.743;129.244;3;0;0;0;0;0;0;0
276;1;1;1;0.000000;0.000000;1.000000;1127.851493;1127.934935;1128.067370;813584;25944;144164;20;1803;25944;28264;100.000;1.158;1.257;553.602;594.265;6.783;164589;155029;144164;0.177;0.105;0.065;2.505;1.640;0.603;38.123;36.419;132.404;132.435;130.766;28.786;27.850;1.812;0.227;0.119;83.442;215.877;150.078;35.032;1.699;2.424;0.000;0.031;0.000;10;33.978;128.227;3;0;0;0;0;0;0;0
277;1;1;1;0.000000;0.000000;1.000000;1127.886019;1127.966668;1128.099079;812306;29140;144334;23;1805;29140;31808;100.000;0.981;1.067;554.255;594.963;7.634;163613;154352;144334;0.178;0.104;0.065;2.794;1.917;0.117;35.832;33.851;132.371;132.410;130.446;27.061;25.950;2.005;0.301;0.140;80.650;213.060;148.453;31.733;1.600;2.372;0.000;0.040;0.000;22;31.122;127.611;2;0;0;0;0;0;0;0
278;1;1;1;0.000000;0.000000;1.000000;1127.919654;1128.000483;1128.133256;817500;29140;144850;23;1811;29140;31808;100.000;0.910;0.990;556.236;597.080;7.634;163242;154942;144850;0.183;0.106;0.065;2.812;2.065;0.378;38.885;36.756;132.744;132.774;130.662;29.287;28.130;2.013;0.309;0.135;80.828;213.602;149.298;33.814;0.481;2.254;0.000;0.030;0.000;11;34.009;127.818;4;0;0;0;0;0;0;0
279;1;1;1;0.000000;0.000000;1.000000;1127.950860;1128.035653;1128.170174;824803;30456;147006;24;1838;30456;33240;100.000;1.331;1.449;564.516;605.968;7.978;164077;156076;147006;0.189;0.106;0.067;2.168;1.496;0.522;41.811;40.249;134.476;134.521;132.999;31.081;30.263;1.513;0.197;0.096;84.793;219.314;152.882;35.170;1.837;2.228;0.000;0.046;0.000;19;38.147;130.783;3;0;0;0;0;0;0;0
280;1;1;1;0.000000;0.000000;1.000000;1127.986006;1128.066416;1128.199187;813944;29704;149388;23;1868;29704;32372;100.000;0.956;1.038;573.662;615.792;7.769;166010;158508;149388;0.181;0.105;0.067;3.098;1.822;0.129;32.660;30.771;132.727;132.771;130.909;24.599;23.506;2.107;0.396;0.242;80.410;213.181;148.561;30.763;2.570;2.249;0.000;0.044;0.000;17;27.739;127.764;3;0;0;0;0;0;0;0
281;1;1;1;0.000000;0.000000;1.000000;1128.020715;1128.101446;1128.233003;815307;30080;150146;23;1877;30080;32748;100.000;0.961;1.043;576.573;618.906;7.860;166093;158776;150146;0.179;0.108;0.067;2.822;1.915;0.373;38.731;36.750;131.522;131.557;129.603;29.441;28.356;2.024;0.319;0.126;80.731;212.288;149.044;35.030;1.696;2.215;0.000;0.035;0.000;12;33.995;126.744;3;0;0;0;0;0;0;0
282;1;1;1;0.000000;0.000000;1.000000;1128.050891;1128.135203;1128.268682;816329;27260;149960;21;1875;27260;29696;100.000;1.168;1.269;575.859;618.146;7.127;165403;158449;149960;0.188;0.109;0.067;2.457;1.587;0.544;40.420;38.766;133.449;133.479;131.861;30.282;29.399;1.735;0.231;0.128;84.312;217.790;151.390;33.757;0.424;2.103;0.000;0.030;0.000;9;36.376;129.373;4;0;0;0;0;0;0;0
283;1;1;1;0.000000;0.000000;1.000000;1128.086978;1128.167044;1128.294613;813249;27824;148574;22;1858;27824;30376;100.000;0.927;1.009;570.537;612.441;7.290;163483;156580;148574;0.183;0.109;0.067;2.381;2.419;0.159;29.953;27.467;127.533;127.568;125.100;23.480;21.956;1.578;0.332;0.112;80.066;207.634;143.987;31.841;1.492;2.065;0.000;0.036;0.000;14;25.152;122.682;3;0;0;0;0;0;0;0
284;1;1;1;0.000000;0.000000;1.000000;1128.120532;1128.201335;1128.331767;809333;27824;146866;22;1836;27824;30376;100.000;0.879;0.957;563.978;605.386;7.290;161338;154507;146866;0.183;0.108;0.067;2.866;2.047;0.415;41.950;39.837;130.408;130.431;128.336;32.163;31.041;2.055;0.317;0.136;80.803;211.234;147.808;34.291;0.957;1.995;0.000;0.024;0.000;13;37.038;125.443;4;0;0;0;0;0;0;0
285;1;1;1;0.000000;0.000000;1.000000;1128.150798;1128.236806;1128.367165;815482;28764;145550;22;1820;28764;31316;100.000;1.281;1.390;558.924;599.971;7.516;159641;152769;145550;0.219;0.105;0.063;2.619;1.855;0.633;40.315;38.397;130.308;130.360;128.475;30.926;29.886;1.905;0.217;0.108;86.008;216.368;149.873;35.470;2.137;2.004;0.000;0.052;0.001;21;35.841;125.791;2;0;0;0;0;0;0;0
286;1;1;1;0.000000;0.000000;1.000000;1128.186514;1128.259345;1128.400557;814633;136300;144160;104;1802;136300;148364;100.000;3.424;3.724;553.587;594.228;35.607;181574;157734;144160;0.178;0.105;0.066;2.896;1.818;0.114;37.847;35.964;141.108;141.212;139.350;26.801;25.808;2.076;0.318;0.153;72.831;214.043;149.932;22.540;10.794;2.554;0.000;0.103;0.000;44;33.133;136.348;7;0;0;0;0;0;0;0
287;1;1;1;0.000000;0.000000;1.000000;1128.220576;1128.300118;1128.434763;814941;28764;142853;22;1786;28764;31316;100.000;0.871;0.945;548.568;588.848;7.516;172058;156133;142853;0.226;0.108;0.065;2.885;1.639;0.296;38.916;37.213;134.631;134.645;132.964;28.903;27.987;2.037;0.296;0.154;79.542;214.186;150.804;40.772;7.439;2.859;0.000;0.014;0.001;12;34.392;130.062;4;0;0;0;0;0;0;0
288;1;1;1;0.000000;0.000000;1.000000;1128.250896;1128.335364;1128.468485;818847;23124;142468;18;1781;23124;25212;100.000;1.006;1.093;547.090;587.256;6.051;168427;154557;142468;0.175;0.104;0.063;2.438;1.526;0.519;38.262;36.673;133.096;133.121;131.573;28.742;27.872;1.788;0.205;0.102;84.468;217.589;151.193;35.246;1.913;2.800;0.000;0.025;0.000;12;34.298;129.108;3;0;0;0;0;0;0;0
289;1;1;1;0.000000;0.000000;1.000000;1128.286819;1128.366856;1128.500032;824052;21244;142484;17;1782;21244;23216;100.000;0.696;0.758;547.151;587.340;5.572;165753;153310;142484;0.183;0.105;0.063;2.825;1.918;0.123;35.480;33.498;133.154;133.176;131.209;26.641;25.531;2.026;0.297;0.150;80.037;213.213;149.407;31.492;1.841;2.740;0.000;0.022;0.000;9;30.737;128.360;3;0;0;0;0;0;0;0
290;1;1;1;0.000000;0.000000;1.000000;1128.320402;1128.402245;1128.534192;835458;25756;143172;20;1790;25756;28076;100.000;0.823;0.894;549.793;590.163;6.738;164891;153586;143172;0.180;0.106;0.066;2.923;1.917;0.350;38.912;36.930;131.909;131.947;129.993;29.491;28.409;2.122;0.306;0.144;81.844;213.791;150.234;35.389;2.056;2.697;0.000;0.038;0.000;12;34.072;127.031;3;0;0;0;0;0;0;0
291;1;1;1;0.000000;0.000000;1.000000;1128.350658;1128.436522;1128.570085;819605;26508;143314;21;1792;26508;28944;100.000;1.200;1.306;550.338;590.753;6.947;163629;154124;143314;0.224;0.108;0.066;2.311;1.587;0.529;40.744;39.092;133.530;133.564;131.955;30.505;29.625;1.619;0.190;0.105;85.864;219.428;152.793;34.276;0.943;2.587;0.000;0.034;0.000;13;36.846;129.608;3;0;0;0;0;0;0;0
292;1;1;1;0.000000;0.000000;1.000000;1128.386458;1128.467419;1128.599054;827799;26320;143732;20;1797;26320;28640;100.000;785.719;852.127;551.943;592.471;6.874;162795;153488;143732;0.187;0.106;0.066;2.846;2.105;0.134;32.834;30.664;131.587;131.635;129.480;24.944;23.682;2.035;0.303;0.148;80.960;212.596;148.429;30.897;2.436;2.578;0.000;0.048;0.000;20;27.883;126.583;1;0;0;0;0;0;0;0
293;1;1;1;0.000000;0.000000;1.000000;1128.420678;1128.502094;1128.634735;830771;28576;144010;22;1801;28576;31128;100.000;0.903;0.980;553.011;593.629;7.471;161933;153542;144010;0.175;0.106;0.065;2.716;1.077;0.218;40.653;39.512;132.595;132.641;131.540;30.649;30.038;1.998;0.258;0.114;81.416;214.057;150.777;34.676;1.342;2.501;0.000;0.046;0.000;21;36.861;128.775;2;0;0;0;0;0;0;0
294;1;1;1;0.000000;0.000000;1.000000;1128.451050;1128.536088;1128.668032;835004;29704;145768;23;1823;29704;32372;100.000;1.249;1.357;559.762;600.876;7.769;162542;155034;145768;0.179;0.105;0.065;2.414;1.754;0.556;37.078;35.260;131.914;131.944;130.160;28.102;27.090;1.719;0.220;0.127;85.038;216.982;150.740;33.994;0.660;2.386;0.000;0.030;0.001;17;32.910;127.713;3;0;0;0;0;0;0;0
295;1;1;1;0.000000;0.000000;1.000000;1128.486892;1128.567556;1128.694094;814967;29328;148094;23;1852;29328;31996;100.000;0.964;1.049;568.693;610.462;7.679;164475;157246;148094;0.220;0.108;0.066;2.563;1.172;0.070;30.233;28.995;126.481;126.537;125.345;23.892;23.132;1.898;0.194;0.077;80.664;207.202;143.468;31.469;1.865;2.353;0.000;0.056;0.000;22;26.498;122.720;2;0;0;0;0;0;0;0
296;1;1;1;0.000000;0.000000;1.000000;1128.520359;1128.601291;1128.768001;818656;29140;149404;23;1868;29140;31808;100.000;0.919;1.001;573.724;615.853;7.634;165148;158102;149404;0.221;0.111;0.068;2.946;1.460;0.408;77.642;76.115;166.684;166.710;165.233;46.573;46.065;2.285;0.194;0.067;80.932;247.642;184.042;33.734;0.401;2.231;0.000;0.026;0.000;13;73.236;162.260;5;0;0;0;0;0;0;0
297;1;1;1;0.000000;0.000000;1.000000;1128.551421;1128.636103;1128.784736;819807;28200;149370;22;1868;28200;30752;100.000;1.280;1.391;573.593;615.723;7.380;164881;157764;149370;0.186;0.110;0.067;1.998;0.870;0.056;21.138;20.202;148.578;148.634;147.746;14.222;13.673;1.381;0.194;0.060;84.682;233.315;167.444;34.812;1.478;2.184;0.000;0.056;0.000;21;18.271;145.691;2;0;0;0;0;0;0;0
298;1;1;1;0.000000;0.000000;1.000000;1128.586664;1128.666771;1128.806274;814766;27636;148012;21;1851;27636;30072;100.000;622.468;675.186;568.379;610.125;7.217;162971;156095;148012;0.180;0.108;0.067;1.967;1.422;0.398;24.404;22.916;139.453;139.503;138.065;17.494;16.598;1.367;0.192;0.054;80.107;219.610;155.649;30.668;2.665;2.214;0.000;0.050;0.000;21;21.015;136.047;1;0;0;0;0;0;0;0
299;1;1;1;0.000000;0.000000;1.000000;1128.620886;1128.744247;1128.831387;809259;28764;146174;22;1828;28764;31316;100.000;492.108;534.135;561.321;602.548;7.516;160345;153662;146174;0.354;0.106;0.065;2.200;1.123;0.065;28.499;27.311;87.109;87.140;86.000;32.705;31.757;1.377;0.190;0.108;123.361;210.502;147.429;77.476;44.143;4.835;0.000;0.031;0.000;12;25.176;83.767;3;0;0;0;0;0;0;0
300;1;1;1;0.000000;0.000000;1.000000;1128.650860;1128.745241;1128.859753;812212;28952;144110;22;1802;28952;31504;100.000;14.619;15.859;553.395;594.036;7.561;158613;151790;144110;0.172;0.104;0.066;2.252;2.146;0.732;31.674;29.463;114.466;114.512;112.336;27.660;26.227;1.610;0.215;0.086;94.381;208.893;142.461;0.994;32.340;6.554;0.000;0.047;0.000;21;27.276;110.036;2;0;0;0;0;0;0;0
