frame_id;rx_complete;tx_complete;current_skip;event;yaw;pitch;zoom;camera_send_timestamp;recv_start_timestamp;codec_exit_time;node_exit_timestamp;original_points;rx_points;processed_points;rx_packets;tx_packets;payload_bytes;reference_size_bytes;data_integrity_pct;internal_throughput_mbs;reference_throughput_mbs;logical_bitrate_mbps;network_bitrate_mbps;reference_bitrate_mbps;conversion_ms;geometry_aggregation_ms;max_r_ms;projection_ms;codec_write_ms;active_tx_ms;active_process_ms;reference_process_ms;total_processing_ms;total_residency_ms;reference_residency_ms;node_efficiency_pct;reference_efficiency_pct;gpu_transfer_ms;gpu_kernel_ms;gpu_packing_ms;gpu_copyback_ms;host_overhead_ms;camera_node_ms;e2e_latency_ms;schedule_delay_ms;inter_arrival_ms;instant_jitter_ms;desynced_jitter_ms;reference_jitter_ms;raw_queue_ms;render_queue_ms;workload_ewma_ms;workload_ratio;frame_backlog;codec_backlog;encode_service_ms;encode_h265_ms;mse_y;psnr_y;ssim_y;mpeg_bytes_generated;ffmpeg_write_calls;ffmpeg_write_eagain;tx_zero_accepts;tx_partial_accepts;tx_resubmit_calls;tx_resubmitted_packets;mbuf_starvation
1;1;1;1;WARMUP;0.000;0.000;1.000;19432.972099;19432.974406;19433.011905;19433.066953;784142;784142;784142;9802;108;12546272;12546312;100.000;933.519;933.519;34.087;37.435;3011.115;10.981;0.000;0.000;15.930;8.023;0.005;34.935;34.935;79.108;92.548;37.500;37.748;93.160;1.613;0.911;0.499;1.396;11.512;2.306;94.854;92.548;0.000;0.000;0.000;0.000;0.012;0.094;15.956;0.479;0;1;31.212;31.213;nan;nan;nan;141940;1;0;0;0;0;0;0
2;1;1;1;WARMUP;0.000;0.000;1.000;19433.005098;19433.007983;19433.043977;19433.066991;783406;783406;783406;9793;22;12534496;12534536;100.000;822.520;822.520;6.970;7.635;3008.289;2.794;0.000;0.000;4.294;16.041;0.001;23.130;23.130;43.769;59.008;35.994;39.198;64.260;1.447;0.905;0.519;1.396;0.028;2.884;61.892;59.252;33.577;0.244;0.015;0.244;0.012;0.407;13.044;0.391;0;2;39.015;39.015;nan;nan;nan;28952;1;0;0;0;0;0;0
3;1;1;1;WARMUP;0.000;0.000;1.000;19433.039060;19433.041955;19433.074121;19433.133614;780200;780200;780200;9753;18;12483200;12483240;100.000;668.544;668.544;5.481;6.021;2995.978;3.592;0.000;0.000;4.950;8.295;0.002;16.838;16.838;72.987;91.659;32.166;18.370;52.347;2.077;0.912;0.536;1.396;0.031;2.895;94.554;92.542;33.973;0.639;0.054;0.639;0.002;0.245;11.023;0.331;0;2;34.306;34.306;nan;nan;nan;22748;1;0;0;0;0;0;0
4;1;1;1;WARMUP;0.000;0.000;1.000;19433.073959;19433.080436;19433.109069;19433.164361;778467;778467;778467;9731;18;12455472;12455512;100.000;814.223;814.223;5.436;5.976;2989.323;3.885;0.000;0.000;4.383;7.964;0.001;16.233;16.233;68.628;83.926;28.634;19.342;56.691;1.530;0.907;0.521;1.397;0.027;6.476;90.402;89.956;38.481;5.147;0.373;5.147;0.002;0.986;9.366;0.281;0;2;32.505;32.506;nan;nan;nan;22560;1;0;0;0;0;0;0
5;1;1;1;WARMUP;0.000;0.000;1.000;19433.107747;19433.113252;19433.141284;19433.193373;776427;776427;776427;9706;17;12422832;12422872;100.000;829.238;829.238;5.345;5.855;2981.489;3.594;0.000;0.000;5.359;7.101;0.002;16.054;16.054;65.140;80.121;28.033;20.037;57.269;2.476;0.909;0.504;1.441;0.030;5.505;85.626;85.634;32.816;0.517;0.382;0.517;0.002;0.588;5.371;0.161;0;2;30.175;30.176;nan;nan;nan;22184;1;0;0;0;0;0;0
6;1;1;1;IDLE;0.000;0.000;1.000;19433.140173;19433.143811;19433.171654;19433.226450;774893;774893;774893;9687;19;12398288;12398328;100.000;794.539;794.539;5.932;6.504;2975.599;3.219;0.000;0.000;4.924;6.396;0.002;14.540;14.540;67.034;82.639;27.843;17.595;52.221;2.057;0.904;0.502;1.430;0.031;3.637;86.276;85.377;30.559;2.775;0.531;2.775;0.002;0.915;5.262;0.158;0;2;28.111;28.113;nan;nan;nan;24628;1;0;0;0;0;0;0
7;1;1;1;IDLE;0.000;0.000;1.000;19433.172719;19433.178937;19433.204984;19433.268027;775949;775949;775949;9700;19;12415184;12415224;100.000;838.662;838.662;5.977;6.549;2979.654;3.176;0.000;0.000;4.472;6.649;0.001;14.297;14.297;74.286;89.090;26.047;16.048;54.890;1.607;0.889;0.509;1.440;0.027;6.219;95.309;93.622;35.126;1.793;0.610;1.793;0.002;0.120;5.069;0.152;0;1;28.109;28.112;nan;nan;nan;24816;1;0;0;0;0;0;0
8;1;1;1;IDLE;0.000;0.000;1.000;19433.206670;19433.211950;19433.242270;19433.268062;775463;775463;775463;9694;20;12407408;12407448;100.000;773.162;773.162;6.338;6.941;2977.788;4.221;0.000;0.000;5.914;7.854;0.001;17.988;17.988;40.064;56.112;30.319;32.058;59.330;3.058;0.920;0.510;1.393;0.033;5.280;61.392;60.323;33.013;0.320;0.592;0.320;0.002;0.501;5.283;0.158;0;1;33.609;33.610;nan;nan;nan;26320;1;0;0;0;0;0;0
9;1;1;1;IDLE;0.000;0.000;1.000;19433.241136;19433.247748;19433.274892;19433.328712;775698;775698;775698;9697;20;12411168;12411208;100.000;780.623;780.623;6.293;6.896;2978.690;3.936;0.000;0.000;4.361;6.398;0.002;14.695;14.695;65.064;80.964;27.144;18.150;54.137;1.536;0.893;0.508;1.397;0.027;6.612;87.576;87.640;35.798;2.465;0.709;2.465;0.002;0.482;5.055;0.152;0;2;31.216;31.216;nan;nan;nan;26132;1;0;0;0;0;0;0
10;1;1;1;IDLE;0.000;0.000;1.000;19433.272467;19433.275727;19433.307300;19433.368490;778020;778020;778020;9726;20;12448320;12448360;100.000;654.239;654.239;6.157;6.760;2987.606;4.106;0.000;0.000;4.938;6.727;0.001;15.770;15.770;73.735;92.763;31.572;17.001;49.950;2.128;0.859;0.497;1.422;0.032;3.260;96.023;94.085;27.979;5.354;0.999;5.354;0.002;0.877;5.028;0.151;0;2;28.135;28.137;nan;nan;nan;25568;1;0;0;0;0;0;0
11;1;1;1;IDLE;0.000;0.000;1.000;19433.306077;19433.311820;19433.342667;19433.400552;778554;778554;778554;9732;19;12456864;12456904;100.000;710.115;710.115;5.842;6.413;2989.657;4.255;0.000;0.000;5.213;8.020;0.002;17.488;17.488;71.190;88.732;30.847;19.709;56.692;2.144;0.821;0.479;1.734;0.035;5.743;94.475;92.813;36.092;2.759;1.109;2.759;0.009;0.061;5.078;0.152;0;1;33.840;33.841;nan;nan;nan;24252;1;0;0;0;0;0;0
12;1;1;1;IDLE;0.000;0.000;1.000;19433.339258;19433.344887;19433.375182;19433.435631;779986;779986;779986;9750;20;12479776;12479816;100.000;684.930;684.930;6.203;6.805;2995.156;4.109;0.000;0.000;5.359;6.455;0.001;15.923;15.923;72.523;90.744;30.295;17.547;52.559;2.640;0.825;0.471;1.395;0.029;5.628;96.372;94.558;33.067;0.266;1.057;0.266;0.003;0.256;5.151;0.155;0;2;31.821;31.822;nan;nan;nan;25756;1;0;0;0;0;0;0
13;1;1;1;IDLE;0.000;0.000;1.000;19433.372406;19433.375606;19433.407476;19433.466949;780926;780926;780926;9762;20;12494816;12494856;100.000;638.964;638.964;6.293;6.896;2998.765;4.116;0.000;0.000;5.360;6.661;0.001;16.137;16.137;71.789;91.344;31.870;17.666;50.633;2.380;0.863;0.511;1.575;0.032;3.200;94.544;92.544;30.719;2.614;1.154;2.614;0.002;0.291;5.209;0.156;0;2;34.813;34.814;nan;nan;nan;26132;1;0;0;0;0;0;0
14;1;1;1;IDLE;0.000;0.000;1.000;19433.405827;19433.410885;19433.442623;19433.492978;782770;782770;782770;9785;21;12524320;12524360;100.000;670.713;670.713;6.383;7.017;3005.846;4.049;0.000;0.000;6.038;6.741;0.002;16.828;16.828;63.420;82.093;31.739;20.499;53.021;3.306;0.831;0.473;1.395;0.033;5.057;87.151;85.239;35.279;1.946;1.203;1.946;0.017;0.269;5.419;0.163;0;2;31.059;31.060;nan;nan;nan;26508;1;0;0;0;0;0;0
15;1;1;1;IDLE;0.000;0.000;1.000;19433.439196;19433.442291;19433.473970;19433.530085;784474;784474;784474;9806;21;12551584;12551624;100.000;639.971;639.971;6.564;7.198;3012.390;4.038;0.000;0.000;5.006;7.000;0.001;16.043;16.043;68.182;87.795;31.680;18.274;50.642;2.170;0.799;0.479;1.526;0.032;3.094;90.889;89.013;31.406;1.928;1.249;1.928;0.003;0.058;5.322;0.160;0;2;26.004;26.005;nan;nan;nan;27260;1;0;0;0;0;0;0
16;1;1;1;IDLE;0.000;0.000;1.000;19433.472649;19433.477205;19433.508655;19433.535234;785193;785193;785193;9815;100;12563088;12563128;100.000;693.957;693.957;31.605;34.704;3015.151;4.416;0.000;0.000;5.013;7.617;0.004;17.046;17.046;39.925;58.029;31.450;29.375;54.201;2.068;0.769;0.464;1.680;0.031;4.556;62.585;60.828;34.914;1.581;1.269;1.581;0.003;0.713;5.248;0.157;0;1;29.043;29.045;nan;nan;nan;131600;1;0;0;0;0;0;0
17;1;1;1;IDLE;0.000;0.000;1.000;19433.506895;19433.513024;19433.544448;19433.600366;782720;782720;782720;9784;22;12523520;12523560;100.000;714.658;714.658;6.924;7.590;3005.654;3.952;0.000;0.000;4.588;8.332;0.002;16.873;16.873;69.818;87.342;31.424;19.318;53.694;1.915;0.787;0.462;1.397;0.028;6.129;93.471;92.627;35.819;2.486;1.345;2.486;0.003;0.976;5.085;0.153;0;1;32.949;32.950;nan;nan;nan;28764;1;0;0;0;0;0;0
18;1;1;1;IDLE;0.000;0.000;1.000;19433.540837;19433.546297;19433.576210;19433.634883;781613;781613;781613;9771;18;12505808;12505848;100.000;676.137;676.137;5.571;6.111;3001.404;3.939;0.000;0.000;4.253;7.019;0.001;15.212;15.212;70.090;88.586;29.913;17.172;50.853;1.616;0.770;0.442;1.394;0.030;5.460;94.046;93.810;33.273;0.060;1.265;0.060;0.002;0.141;4.880;0.146;0;2;31.172;31.173;nan;nan;nan;23124;1;0;0;0;0;0;0
19;1;1;1;IDLE;0.000;0.000;1.000;19433.572449;19433.575409;19433.608281;19433.634915;780006;780006;780006;9751;17;12480096;12480136;100.000;625.847;625.847;5.390;5.900;2995.233;3.998;0.000;0.000;4.995;7.007;0.000;16.000;16.000;39.565;59.506;32.872;26.888;48.674;2.141;0.788;0.482;1.554;0.030;2.961;62.467;60.510;29.112;4.221;1.450;4.221;0.003;0.925;4.912;0.147;0;2;33.605;33.606;nan;nan;nan;22372;1;0;0;0;0;0;0
20;1;1;1;IDLE;0.000;0.000;1.000;19433.605855;19433.611043;19433.642719;19433.701922;780302;780302;780302;9754;18;12484832;12484872;100.000;686.261;686.261;5.526;6.066;2996.369;4.029;0.000;0.000;5.615;7.374;0.002;17.018;17.018;72.687;90.879;31.676;18.726;53.724;3.006;0.748;0.434;1.395;0.032;5.188;96.067;94.184;35.634;2.300;1.503;2.300;0.012;0.482;5.091;0.153;0;2;32.551;32.552;nan;nan;nan;22936;1;0;0;0;0;0;0
21;1;1;1;IDLE;0.000;0.000;1.000;19433.639676;19433.644593;19433.676442;19433.734511;779066;779066;779066;9739;19;12465056;12465096;100.000;675.555;675.555;5.977;6.549;2991.623;4.072;0.000;0.000;4.834;8.015;0.001;16.920;16.920;71.466;89.918;31.849;18.817;53.127;2.127;0.753;0.461;1.460;0.032;4.917;94.835;93.439;33.550;0.217;1.423;0.217;0.003;0.545;5.029;0.151;0;2;33.492;33.493;nan;nan;nan;24816;1;0;0;0;0;0;0
22;1;1;1;IDLE;0.000;0.000;1.000;19433.672517;19433.676624;19433.710522;19433.734548;778280;778280;778280;9729;19;12452480;12452520;100.000;643.367;643.367;6.022;6.594;2988.605;3.931;0.000;0.000;5.919;8.022;0.000;17.872;17.872;38.569;57.924;33.897;30.854;52.723;3.315;0.745;0.436;1.390;0.033;4.108;62.032;60.143;32.031;1.302;1.415;1.302;0.004;0.596;5.255;0.158;0;2;32.008;32.009;nan;nan;nan;25004;1;0;0;0;0;0;0
23;1;1;1;IDLE;0.000;0.000;1.000;19433.706012;19433.709618;19433.742596;19433.802061;778907;778907;778907;9737;20;12462512;12462552;100.000;628.145;628.145;6.248;6.851;2991.012;3.994;0.000;0.000;5.032;8.022;0.003;17.048;17.048;72.603;92.443;32.979;18.442;51.694;2.188;0.757;0.457;1.600;0.030;3.606;96.049;94.322;32.994;0.340;1.348;0.340;0.002;0.081;5.202;0.156;0;2;28.127;28.131;nan;nan;nan;25944;1;0;0;0;0;0;0
24;1;1;1;IDLE;0.000;0.000;1.000;19433.739156;19433.743640;19433.778073;19433.836660;779289;779289;779289;9742;19;12468624;12468664;100.000;649.121;649.121;5.751;6.323;2992.479;4.012;0.000;0.000;5.948;8.417;0.002;18.377;18.377;73.812;93.021;34.434;19.756;53.370;3.276;0.787;0.457;1.397;0.031;4.483;97.504;95.588;34.022;0.689;1.307;0.689;0.002;0.858;5.391;0.162;0;1;32.402;32.403;nan;nan;nan;23876;1;0;0;0;0;0;0
25;1;1;1;IDLE;0.000;0.000;1.000;19433.774430;19433.779392;19433.810155;19433.836722;779739;779739;779739;9747;19;12475824;12475864;100.000;673.341;673.341;6.022;6.594;2994.207;3.957;0.000;0.000;4.122;7.423;0.001;15.502;15.502;38.802;57.330;30.763;27.039;50.391;1.526;0.741;0.433;1.396;0.026;4.962;62.292;62.317;35.752;2.419;1.376;2.419;0.002;0.687;5.076;0.152;0;2;33.921;33.925;nan;nan;nan;25004;1;0;0;0;0;0;0
26;1;1;1;IDLE;0.000;0.000;1.000;19433.806129;19433.810426;19433.844392;19433.867825;779364;779364;779364;9743;20;12469824;12469864;100.000;624.280;624.280;6.338;6.941;2992.767;4.137;0.000;0.000;6.222;7.578;0.001;17.937;17.937;37.424;57.399;33.966;31.250;52.809;3.199;0.877;0.439;1.670;0.036;4.297;61.696;60.086;31.034;2.300;1.434;2.300;0.002;0.188;5.368;0.161;0;2;30.975;30.976;nan;nan;nan;26320;1;0;0;0;0;0;0
27;1;1;1;IDLE;0.000;0.000;1.000;19433.839294;19433.842275;19433.874674;19433.935303;780025;780025;780025;9751;20;12480400;12480440;100.000;612.920;612.920;6.338;6.941;2995.306;3.920;0.000;0.000;5.136;6.791;0.002;15.848;15.848;72.666;93.028;32.399;17.035;48.914;2.311;0.773;0.476;1.544;0.033;2.981;96.009;94.231;31.849;1.484;1.437;1.484;0.002;0.106;5.313;0.159;0;2;28.125;28.127;nan;nan;nan;26320;1;0;0;0;0;0;0
28;1;1;1;IDLE;0.000;0.000;1.000;19433.872549;19433.878136;19433.912648;19433.968232;780373;780373;780373;9755;21;12485968;12486008;100.000;662.074;662.074;6.428;7.062;2996.642;4.004;0.000;0.000;6.348;8.674;0.001;19.025;19.025;71.237;90.096;34.512;21.116;55.124;3.269;0.932;0.458;1.653;0.035;5.587;95.683;93.826;35.861;2.527;1.505;2.527;0.002;0.629;5.577;0.167;0;1;31.327;31.328;nan;nan;nan;26696;1;0;0;0;0;0;0
29;1;1;1;IDLE;0.000;0.000;1.000;19433.906986;19433.912070;19433.943193;19434.002412;781651;781651;781651;9771;22;12506416;12506456;100.000;658.100;658.100;6.744;7.409;3001.549;4.044;0.000;0.000;4.205;7.152;0.001;15.401;15.401;71.338;90.342;31.123;17.047;49.484;1.560;0.768;0.459;1.391;0.026;5.084;95.426;94.674;33.935;0.602;1.449;0.602;0.009;0.753;5.237;0.157;0;2;32.187;32.188;nan;nan;nan;28012;1;0;0;0;0;0;0
30;1;1;1;IDLE;0.000;0.000;1.000;19433.939239;19433.942972;19433.976136;19434.033883;781375;781375;781375;9768;21;12502000;12502040;100.000;615.666;615.666;6.428;7.062;3000.490;4.054;0.000;0.000;4.932;7.644;0.002;16.630;16.630;70.604;90.911;33.164;18.293;50.145;2.197;0.756;0.457;1.491;0.031;3.734;94.644;92.811;30.902;2.431;1.510;2.431;0.002;0.279;5.163;0.155;0;2;33.917;33.918;nan;nan;nan;26696;1;0;0;0;0;0;0
31;1;1;1;IDLE;0.000;0.000;1.000;19433.972550;19433.976326;19434.010974;19434.061392;784392;784392;784392;9805;100;12550272;12550312;100.000;624.600;624.600;31.380;34.478;3012.075;4.026;0.000;0.000;5.973;7.775;0.004;17.774;17.774;64.973;85.066;34.648;20.894;51.298;3.353;0.754;0.437;1.395;0.034;3.775;88.842;86.987;33.353;0.020;1.417;0.020;0.002;0.804;5.368;0.161;0;2;30.678;30.682;nan;nan;nan;130660;1;0;0;0;0;0;0
32;1;1;1;IDLE;0.000;0.000;1.000;19434.005655;19434.008750;19434.041475;19434.102178;782671;782671;782671;9784;23;12522736;12522776;100.000;611.423;611.423;7.015;7.711;3005.466;4.138;0.000;0.000;4.626;7.573;0.002;16.337;16.337;72.946;93.428;32.725;17.486;49.921;1.966;0.763;0.447;1.409;0.040;3.095;96.523;94.439;32.424;0.909;1.385;0.909;0.003;0.041;5.186;0.156;0;2;27.485;27.488;nan;nan;nan;29140;1;0;0;0;0;0;0
33;1;1;1;IDLE;0.000;0.000;1.000;19434.039611;19434.045145;19434.077846;19434.135181;776999;776999;776999;9713;18;12431984;12432024;100.000;678.998;678.998;5.706;6.247;2983.686;4.068;0.000;0.000;5.211;8.496;0.001;17.774;17.774;71.727;90.036;32.701;19.741;54.354;2.569;0.764;0.452;1.398;0.029;5.534;95.570;94.109;36.395;3.062;1.490;3.062;0.002;0.682;5.195;0.156;0;1;32.824;32.825;nan;nan;nan;23688;1;0;0;0;0;0;0
34;1;1;1;IDLE;0.000;0.000;1.000;19434.074488;19434.079923;19434.109370;19434.167769;778650;778650;778650;9734;18;12458400;12458440;100.000;690.291;690.291;5.571;6.111;2990.026;3.786;0.000;0.000;4.170;6.922;0.001;14.878;14.878;69.798;87.846;29.447;16.937;50.525;1.527;0.737;0.439;1.439;0.028;5.436;93.281;93.364;34.778;1.445;1.487;1.445;0.002;0.304;4.946;0.148;0;2;32.731;32.733;nan;nan;nan;23124;1;0;0;0;0;0;0
35;1;1;1;IDLE;0.000;0.000;1.000;19434.106404;19434.109754;19434.143524;19434.201756;778007;778007;778007;9726;18;12448112;12448152;100.000;631.316;631.316;5.571;6.111;2987.556;3.995;0.000;0.000;5.686;8.022;0.001;17.703;17.703;72.284;92.002;33.770;19.242;52.422;3.072;0.738;0.438;1.398;0.040;3.351;95.352;94.017;29.831;3.502;1.613;3.502;0.002;0.342;5.134;0.154;0;2;32.263;32.264;nan;nan;nan;23124;1;0;0;0;0;0;0
36;1;1;1;IDLE;0.000;0.000;1.000;19434.138938;19434.142080;19434.175517;19434.235324;776483;776483;776483;9707;20;12423728;12423768;100.000;623.339;623.339;6.067;6.670;2981.704;4.066;0.000;0.000;5.739;6.930;0.001;16.734;16.734;73.314;93.245;33.437;17.947;50.047;3.080;0.791;0.442;1.394;0.031;3.142;96.386;94.252;32.325;1.008;1.575;1.008;0.002;0.835;5.288;0.159;0;2;33.167;33.167;nan;nan;nan;25192;1;0;0;0;0;0;0
37;1;1;1;IDLE;0.000;0.000;1.000;19434.172428;19434.176532;19434.210680;19434.269133;781287;781287;781287;9767;20;12500592;12500632;100.000;647.912;647.912;6.293;6.896;3000.152;3.956;0.000;0.000;5.902;8.003;0.001;17.861;17.861;73.307;92.601;34.148;19.288;52.303;3.291;0.742;0.439;1.395;0.035;4.104;96.704;94.727;34.453;1.119;1.547;1.119;0.010;0.938;5.444;0.163;0;2;32.643;32.645;nan;nan;nan;26132;1;0;0;0;0;0;0
38;1;1;1;IDLE;0.000;0.000;1.000;19434.205846;19434.209422;19434.243760;19434.301325;780329;780329;780329;9755;22;12485264;12485304;100.000;595.788;595.788;6.699;7.364;2996.473;4.208;0.000;0.000;4.902;8.023;0.002;17.134;17.134;70.947;91.903;34.338;18.643;49.897;2.076;0.752;0.462;1.578;0.035;3.577;95.479;93.586;32.890;0.443;1.478;0.443;0.003;0.453;5.317;0.160;0;2;33.393;33.394;nan;nan;nan;27824;1;0;0;0;0;0;0
39;1;1;1;IDLE;0.000;0.000;1.000;19434.239484;19434.243112;19434.278840;19434.336653;780785;780785;780785;9760;22;12492560;12492600;100.000;620.761;620.761;6.970;7.635;2998.224;4.091;0.000;0.000;5.873;9.023;0.002;18.987;18.987;73.416;93.541;35.727;20.298;53.145;3.241;0.764;0.440;1.396;0.032;3.629;97.170;95.581;33.690;0.357;1.408;0.357;0.003;0.703;5.459;0.164;0;2;31.503;31.505;nan;nan;nan;28952;1;0;0;0;0;0;0
40;1;1;1;IDLE;0.000;0.000;1.000;19434.272378;19434.275526;19434.309046;19434.367545;785430;785430;785430;9818;23;12566880;12566920;100.000;597.327;597.327;7.195;7.892;3016.061;4.242;0.000;0.000;4.730;7.137;0.002;16.109;16.109;70.980;92.019;33.520;17.506;48.057;1.997;0.762;0.450;1.487;0.034;3.148;95.167;93.139;32.414;0.920;1.377;0.920;0.002;0.611;5.281;0.158;0;2;34.740;34.743;nan;nan;nan;29892;1;0;0;0;0;0;0
41;1;1;1;IDLE;0.000;0.000;1.000;19434.306376;19434.310809;19434.345996;19434.396169;789479;789479;789479;9869;24;12631664;12631704;100.000;635.902;635.902;7.466;8.194;3031.609;4.291;0.000;0.000;5.946;9.023;0.002;19.260;19.260;65.496;85.360;35.187;22.563;54.735;3.323;0.744;0.442;1.404;0.032;4.433;89.793;88.430;35.283;1.949;1.413;1.949;0.002;0.350;5.453;0.164;0;2;30.569;30.570;nan;nan;nan;31020;1;0;0;0;0;0;0
42;1;1;1;IDLE;0.000;0.000;1.000;19434.338747;19434.341758;19434.376061;19434.435577;789348;789348;789348;9867;24;12629568;12629608;100.000;614.277;614.277;7.601;8.329;3031.106;3.984;0.000;0.000;5.206;8.015;0.001;17.205;17.205;73.258;93.819;34.304;18.339;50.156;2.270;0.770;0.465;1.668;0.033;3.011;96.830;94.504;30.949;2.384;1.474;2.384;0.003;0.518;5.394;0.162;0;2;28.118;28.120;nan;nan;nan;31584;1;0;0;0;0;0;0
43;1;1;1;IDLE;0.000;0.000;1.000;19434.372951;19434.378196;19434.411170;19434.468078;792714;792714;792714;9909;25;12683424;12683464;100.000;668.630;668.630;7.692;8.450;3044.031;4.457;0.000;0.000;4.970;8.035;0.001;17.462;17.462;70.912;89.882;32.974;19.428;52.956;2.227;0.775;0.485;1.450;0.032;5.245;95.127;93.673;36.438;3.105;1.576;3.105;0.002;0.997;5.290;0.159;0;1;32.438;32.440;nan;nan;nan;31960;1;0;0;0;0;0;0
44;1;1;1;IDLE;0.000;0.000;1.000;19434.406675;19434.411848;19434.443498;19434.496423;790865;790865;790865;9886;25;12653840;12653880;100.000;646.074;646.074;7.692;8.450;3036.931;3.962;0.000;0.000;4.123;7.299;0.002;15.384;15.384;64.989;84.575;31.650;18.189;48.605;1.512;0.756;0.437;1.394;0.024;5.173;89.748;88.684;33.652;0.319;1.497;0.319;0.002;0.639;5.001;0.150;0;2;31.875;31.876;nan;nan;nan;31960;1;0;0;0;0;0;0
45;1;1;1;IDLE;0.000;0.000;1.000;19434.439112;19434.442454;19434.475300;19434.536092;787976;787976;787976;9850;25;12607616;12607656;100.000;621.390;621.390;7.782;8.541;3025.837;4.233;0.000;0.000;5.309;7.024;0.002;16.567;16.567;73.348;93.638;32.846;17.692;50.438;2.575;0.766;0.438;1.418;0.112;3.342;96.980;95.020;30.606;2.727;1.574;2.727;0.004;0.217;5.082;0.152;0;2;28.143;28.145;nan;nan;nan;32336;1;0;0;0;0;0;0
46;1;1;1;IDLE;0.000;0.000;1.000;19434.472991;19434.477766;19434.512376;19434.567035;789717;789717;789717;9872;111;12635472;12635512;100.000;650.076;650.076;35.034;38.476;3032.523;4.302;0.000;0.000;6.020;9.020;0.010;19.342;19.342;69.831;89.268;34.610;21.667;55.886;3.336;0.771;0.461;1.420;0.033;4.775;94.044;92.629;35.312;1.979;1.599;1.979;0.008;0.124;5.321;0.160;0;1;32.731;32.733;nan;nan;nan;145888;1;0;0;0;0;0;0
47;1;1;1;IDLE;0.000;0.000;1.000;19434.507249;19434.512122;19434.545453;19434.567075;784950;784950;784950;9812;23;12559200;12559240;100.000;637.287;637.287;7.285;7.982;3014.218;4.050;0.000;0.000;4.234;9.018;0.001;17.302;17.302;35.245;54.953;33.331;31.485;51.910;1.596;0.770;0.445;1.393;0.029;4.873;59.825;59.336;34.355;1.022;1.563;1.022;0.002;0.368;5.053;0.152;0;2;30.597;30.598;nan;nan;nan;30268;1;0;0;0;0;0;0
48;1;1;1;IDLE;0.000;0.000;1.000;19434.539065;19434.542066;19434.574153;19434.635936;781130;781130;781130;9765;19;12498080;12498120;100.000;624.982;624.982;5.932;6.504;2999.549;3.752;0.000;0.000;4.952;6.647;0.003;15.352;15.352;73.872;93.869;32.087;16.354;47.844;2.014;0.770;0.475;1.663;0.030;3.002;96.871;94.863;29.944;3.389;1.677;3.389;0.002;0.487;5.031;0.151;0;2;27.993;27.995;nan;nan;nan;24628;1;0;0;0;0;0;0
49;1;1;1;IDLE;0.000;0.000;1.000;19434.572371;19434.577359;19434.610923;19434.669243;780468;780468;780468;9756;19;12487488;12487528;100.000;660.335;660.335;5.977;6.549;2997.007;4.001;0.000;0.000;5.952;8.336;0.004;18.289;18.289;72.973;91.884;33.564;19.904;54.490;3.297;0.773;0.455;1.397;0.030;4.988;96.872;94.838;35.293;1.960;1.695;1.960;0.002;0.362;5.264;0.158;0;1;33.343;33.345;nan;nan;nan;24816;1;0;0;0;0;0;0
50;1;1;1;IDLE;0.000;0.000;1.000;19434.608037;19434.613108;19434.644206;19434.703718;783376;783376;783376;9793;20;12534016;12534056;100.000;676.782;676.782;6.112;6.715;3008.173;4.032;0.000;0.000;4.273;7.540;0.004;15.844;15.844;72.090;90.610;31.098;17.486;50.950;1.655;0.752;0.439;1.400;0.027;5.071;95.681;95.979;35.749;2.416;1.740;2.416;0.002;0.762;5.021;0.151;0;2;32.570;32.572;nan;nan;nan;25380;1;0;0;0;0;0;0
51;1;1;1;IDLE;0.000;0.000;1.000;19434.639266;19434.642427;19434.677001;19434.734373;787237;787237;787237;9841;23;12595792;12595832;100.000;613.615;613.615;7.105;7.801;3023.000;4.019;0.000;0.000;6.246;7.251;0.003;17.515;17.515;71.418;91.946;34.573;19.050;50.661;3.342;0.748;0.435;1.686;0.036;3.161;95.107;93.301;29.319;4.014;1.882;4.014;0.003;0.545;5.333;0.160;0;2;33.963;33.965;nan;nan;nan;29516;1;0;0;0;0;0;0
52;1;1;1;IDLE;0.000;0.000;1.000;19434.672987;19434.676632;19434.711841;19434.763019;787734;787734;787734;9847;24;12603744;12603784;100.000;616.413;616.413;7.466;8.194;3024.908;4.155;0.000;0.000;6.597;8.014;0.002;18.766;18.766;65.940;86.387;35.209;21.723;53.299;3.799;0.749;0.434;1.579;0.037;3.645;90.032;88.613;34.204;0.871;1.819;0.871;0.003;0.147;5.656;0.170;0;2;30.542;30.543;nan;nan;nan;31020;1;0;0;0;0;0;0
53;1;1;1;IDLE;0.000;0.000;1.000;19434.705804;19434.708782;19434.741908;19434.798088;787059;787059;787059;9839;24;12592944;12592984;100.000;615.951;615.951;7.556;8.284;3022.316;3.934;0.000;0.000;5.126;7.013;0.001;16.073;16.073;68.862;89.307;33.127;17.997;48.520;2.210;0.765;0.480;1.640;0.031;2.978;92.284;90.349;32.150;1.184;1.779;1.184;0.002;0.539;5.526;0.166;0;2;28.119;28.120;nan;nan;nan;31396;1;0;0;0;0;0;0
54;1;1;1;IDLE;0.000;0.000;1.000;19434.739103;19434.743499;19434.777606;19434.835230;786051;786051;786051;9826;24;12576816;12576856;100.000;639.250;639.250;7.511;8.239;3018.445;4.086;0.000;0.000;5.764;8.634;0.001;18.484;18.484;72.056;91.731;34.107;20.150;54.194;3.050;0.771;0.454;1.458;0.031;4.396;96.126;94.158;34.718;1.384;1.755;1.384;0.002;0.032;5.589;0.168;0;1;29.112;29.114;nan;nan;nan;31208;1;0;0;0;0;0;0
55;1;1;1;IDLE;0.000;0.000;1.000;19434.775042;19434.780972;19434.813266;19434.870325;796213;796213;796213;9953;24;12739408;12739448;100.000;708.768;708.768;7.331;8.058;3057.468;4.307;0.000;0.000;4.208;9.211;0.002;17.726;17.726;71.379;89.353;32.294;19.838;54.888;1.540;0.780;0.462;1.398;0.028;5.930;95.283;95.920;37.473;4.139;1.904;4.139;0.006;0.895;5.248;0.157;0;1;31.171;31.173;nan;nan;nan;30456;1;0;0;0;0;0;0
56;1;1;1;IDLE;0.000;0.000;1.000;19434.806193;19434.811258;19434.843300;19434.870397;790191;790191;790191;9878;23;12643056;12643096;100.000;646.860;646.860;7.285;7.982;3034.343;4.310;0.000;0.000;4.407;7.173;0.002;15.891;15.891;39.594;59.139;32.042;26.870;49.593;1.763;0.769;0.456;1.389;0.030;5.065;64.204;62.658;30.286;3.047;1.975;3.047;0.002;0.914;5.041;0.151;0;2;34.194;34.195;nan;nan;nan;30268;1;0;0;0;0;0;0
57;1;1;1;IDLE;0.000;0.000;1.000;19434.839067;19434.842395;19434.879964;19434.929412;798808;798808;798808;9986;24;12780928;12780968;100.000;605.283;605.283;7.376;8.103;3067.432;4.462;0.000;0.000;6.780;8.753;0.003;19.995;19.995;65.901;87.017;37.569;22.978;53.222;4.082;0.762;0.437;1.464;0.035;3.328;90.345;88.340;31.137;2.196;1.989;2.196;0.002;0.918;5.481;0.164;0;2;30.085;30.086;nan;nan;nan;30644;1;0;0;0;0;0;0
58;1;1;1;IDLE;0.000;0.000;1.000;19434.872253;19434.875456;19434.907957;19434.968670;797924;797924;797924;9975;24;12766784;12766824;100.000;624.938;624.938;7.466;8.194;3064.038;4.049;0.000;0.000;5.019;6.756;0.001;15.824;15.824;72.785;93.214;32.502;16.976;48.688;2.170;0.783;0.480;1.557;0.030;3.203;96.417;94.265;33.061;0.272;1.882;0.272;0.002;0.294;5.368;0.161;0;2;28.205;28.207;nan;nan;nan;31020;1;0;0;0;0;0;0
59;1;1;1;IDLE;0.000;0.000;1.000;19434.905835;19434.910281;19434.946384;19435.003383;794477;794477;794477;9931;24;12711632;12711672;100.000;629.960;629.960;7.376;8.103;3050.801;4.301;0.000;0.000;6.163;9.018;0.002;19.482;19.482;72.922;93.101;36.102;20.926;53.964;3.466;0.777;0.454;1.433;0.033;4.447;97.548;95.644;34.826;1.492;1.857;1.492;0.002;0.740;5.572;0.167;0;1;31.301;31.303;nan;nan;nan;30644;1;0;0;0;0;0;0
60;1;1;1;IDLE;0.000;0.000;1.000;19434.940705;19434.945362;19434.976743;19435.036370;789053;789053;789053;9864;24;12624848;12624888;100.000;661.816;661.816;7.331;8.058;3029.973;4.145;0.000;0.000;4.214;7.307;0.003;15.666;15.666;71.931;91.008;31.381;17.213;49.920;1.574;0.775;0.449;1.391;0.025;4.657;95.664;95.297;35.081;1.747;1.850;1.747;0.002;0.782;5.235;0.157;0;2;33.941;33.943;nan;nan;nan;30456;1;0;0;0;0;0;0
61;1;1;1;IDLE;0.000;0.000;1.000;19434.972416;19434.975829;19435.011542;19435.037610;783874;783874;783874;9799;109;12541984;12542024;100.000;620.674;620.674;34.448;37.827;3010.086;4.315;0.000;0.000;7.290;8.020;0.010;19.625;19.625;41.574;61.781;35.713;31.766;54.953;3.557;1.074;0.436;2.186;0.036;3.412;65.193;63.204;30.467;2.867;1.914;2.867;0.003;0.192;5.758;0.173;0;2;32.843;32.846;nan;nan;nan;143444;1;0;0;0;0;0;0
62;1;1;1;IDLE;0.000;0.000;1.000;19435.006355;19435.009483;19435.046288;19435.104331;782785;782785;782785;9785;22;12524560;12524600;100.000;595.076;595.076;6.924;7.590;3005.904;4.089;0.000;0.000;5.807;9.692;0.003;19.588;19.588;73.801;94.848;36.805;20.652;53.222;3.132;0.802;0.438;1.400;0.034;3.127;97.976;96.592;33.654;0.321;1.814;0.321;0.002;0.256;5.775;0.173;0;2;31.471;31.473;nan;nan;nan;28764;1;0;0;0;0;0;0
63;1;1;1;IDLE;0.000;0.000;1.000;19435.039385;19435.042463;19435.075021;19435.135850;782791;782791;782791;9785;18;12524656;12524696;100.000;608.465;608.465;5.571;6.111;3005.927;4.151;0.000;0.000;5.002;6.684;0.003;15.838;15.838;72.803;93.387;32.558;16.959;48.645;2.164;0.774;0.480;1.554;0.030;3.078;96.465;94.778;32.980;0.353;1.723;0.353;0.002;0.284;5.585;0.168;0;2;35.987;35.990;nan;nan;nan;23124;1;0;0;0;0;0;0
64;1;1;1;IDLE;0.000;0.000;1.000;19435.072400;19435.076493;19435.113769;19435.169084;782127;782127;782127;9777;17;12514032;12514072;100.000;611.448;611.448;5.300;5.809;3003.377;4.218;0.000;0.000;7.303;9.000;0.002;20.522;20.522;72.124;92.590;37.276;22.164;55.055;3.987;1.100;0.439;1.737;0.041;4.093;96.683;94.678;34.031;0.697;1.659;0.697;0.010;0.495;6.025;0.181;0;2;31.076;31.078;nan;nan;nan;21996;1;0;0;0;0;0;0
65;1;1;1;IDLE;0.000;0.000;1.000;19435.105991;19435.109074;19435.143844;19435.203458;785507;785507;785507;9819;18;12568112;12568152;100.000;621.319;621.319;5.526;6.066;3016.356;3.762;0.000;0.000;4.823;9.132;0.001;17.717;17.717;74.156;94.385;34.770;18.771;50.954;2.149;0.766;0.459;1.419;0.030;3.083;97.467;95.719;32.580;0.753;1.602;0.753;0.003;0.583;5.728;0.172;0;2;34.369;34.370;nan;nan;nan;22936;1;0;0;0;0;0;0
66;1;1;1;IDLE;0.000;0.000;1.000;19435.139572;19435.143266;19435.177923;19435.234106;789017;789017;789017;9863;19;12624272;12624312;100.000;608.570;608.570;5.842;6.413;3029.835;4.248;0.000;0.000;5.043;8.011;0.002;17.302;17.302;70.095;90.839;34.656;19.047;49.926;2.195;0.754;0.460;1.605;0.030;3.695;94.534;93.034;34.193;0.859;1.556;0.859;0.002;0.854;5.562;0.167;0;2;33.542;33.544;nan;nan;nan;24252;1;0;0;0;0;0;0
67;1;1;1;IDLE;0.000;0.000;1.000;19435.172879;19435.176245;19435.213004;19435.262179;789641;789641;789641;9871;20;12634256;12634296;100.000;591.367;591.367;6.248;6.851;3032.231;4.171;0.000;0.000;5.814;9.020;0.003;19.004;19.004;64.570;85.935;36.760;22.115;51.699;3.174;0.751;0.440;1.413;0.035;3.365;89.300;87.774;32.978;0.355;1.481;0.355;0.002;0.558;5.630;0.169;0;2;30.117;30.118;nan;nan;nan;25944;1;0;0;0;0;0;0
68;1;1;1;IDLE;0.000;0.000;1.000;19435.205312;19435.208321;19435.240694;19435.262220;784718;784718;784718;9809;20;12555488;12555528;100.000;627.855;627.855;6.338;6.941;3013.327;3.901;0.000;0.000;5.034;7.150;0.001;16.085;16.085;33.901;53.899;32.373;29.842;49.686;2.169;0.771;0.475;1.588;0.030;3.009;56.908;54.482;32.077;1.257;1.467;1.257;0.002;0.188;5.484;0.165;0;2;28.629;28.631;nan;nan;nan;26320;1;0;0;0;0;0;0
69;1;1;1;IDLE;0.000;0.000;1.000;19435.238953;19435.243695;19435.278150;19435.334217;778159;778159;778159;9727;21;12450544;12450584;100.000;665.488;665.488;6.654;7.288;2988.140;4.147;0.000;0.000;6.384;9.021;0.003;19.552;19.552;71.813;90.522;34.455;21.599;56.745;3.736;0.759;0.461;1.394;0.034;4.742;95.265;93.145;35.373;2.040;1.503;2.040;0.002;0.338;5.712;0.171;0;1;33.733;33.734;nan;nan;nan;27636;1;0;0;0;0;0;0
70;1;1;1;IDLE;0.000;0.000;1.000;19435.274599;19435.280483;19435.312231;19435.362413;776327;776327;776327;9705;22;12421232;12421272;100.000;689.889;689.889;6.744;7.409;2981.105;4.069;0.000;0.000;4.349;9.021;0.002;17.438;17.438;63.926;81.931;31.749;21.284;54.925;1.738;0.748;0.438;1.397;0.028;5.884;87.815;88.008;36.788;3.454;1.625;3.454;0.003;0.372;5.376;0.161;0;2;31.003;31.005;nan;nan;nan;28012;1;0;0;0;0;0;0
71;1;1;1;IDLE;0.000;0.000;1.000;19435.305532;19435.308609;19435.340865;19435.402297;786883;786883;786883;9837;23;12590128;12590168;100.000;614.325;614.325;7.240;7.937;3021.640;4.115;0.000;0.000;5.094;6.583;0.001;15.792;15.792;73.193;93.688;32.256;16.856;48.959;2.309;0.811;0.482;1.461;0.031;3.077;96.764;94.558;28.127;5.207;1.849;5.207;0.002;0.082;5.308;0.159;0;2;28.125;28.128;nan;nan;nan;30080;1;0;0;0;0;0;0
72;1;1;1;IDLE;0.000;0.000;1.000;19435.339011;19435.343616;19435.377878;19435.434339;787146;787146;787146;9840;22;12594336;12594376;100.000;660.563;660.563;6.924;7.590;3022.650;4.215;0.000;0.000;6.105;8.515;0.001;18.835;18.835;71.657;90.723;34.262;20.761;54.973;3.453;0.769;0.459;1.390;0.034;4.605;95.328;93.267;35.007;1.674;1.838;1.674;0.003;0.573;5.510;0.165;0;1;32.931;32.932;nan;nan;nan;28764;1;0;0;0;0;0;0
73;1;1;1;IDLE;0.000;0.000;1.000;19435.374459;19435.379600;19435.409277;19435.462644;781047;781047;781047;9764;22;12496752;12496792;100.000;676.305;676.305;6.834;7.500;2999.230;3.917;0.000;0.000;4.194;6.839;0.002;14.950;14.950;64.566;83.044;29.677;18.003;50.376;1.583;0.754;0.439;1.391;0.026;5.141;88.185;88.238;35.983;2.650;1.888;2.650;0.008;0.157;5.184;0.156;0;2;31.898;31.899;nan;nan;nan;28388;1;0;0;0;0;0;0
74;1;1;1;IDLE;0.000;0.000;1.000;19435.405501;19435.408605;19435.442533;19435.502550;782459;782459;782459;9781;23;12519344;12519384;100.000;632.837;632.837;7.150;7.847;3004.652;4.112;0.000;0.000;5.931;8.019;0.001;18.062;18.062;74.163;93.946;33.929;19.226;53.236;3.225;0.841;0.438;1.394;0.032;3.104;97.049;94.812;29.005;4.328;2.041;4.328;0.003;0.192;5.373;0.161;0;2;28.125;28.127;nan;nan;nan;29704;1;0;0;0;0;0;0
75;1;1;1;IDLE;0.000;0.000;1.000;19435.438915;19435.443145;19435.477698;19435.533887;781579;781579;781579;9770;23;12505264;12505304;100.000;628.972;628.972;7.195;7.892;3001.273;4.125;0.000;0.000;5.964;8.104;0.002;18.193;18.193;70.860;90.742;34.553;20.049;52.651;3.081;0.769;0.468;1.614;0.032;4.230;94.972;92.815;34.540;1.207;1.989;1.207;0.002;0.600;5.524;0.166;0;1;32.952;32.954;nan;nan;nan;29892;1;0;0;0;0;0;0
76;1;1;1;IDLE;0.000;0.000;1.000;19435.474393;19435.478041;19435.509774;19435.562872;784181;784181;784181;9803;110;12546896;12546936;100.000;643.541;643.541;34.673;38.084;3011.265;4.035;0.000;0.000;4.983;7.103;0.004;16.121;16.121;65.334;84.830;31.732;19.004;50.803;2.366;0.759;0.435;1.393;0.029;3.649;88.479;88.466;34.897;1.563;1.962;1.563;0.003;0.146;5.393;0.162;0;2;31.212;31.214;nan;nan;nan;144384;1;0;0;0;0;0;0
77;1;1;1;IDLE;0.000;0.000;1.000;19435.505658;19435.508741;19435.542769;19435.602634;782861;782861;782861;9786;22;12525776;12525816;100.000;626.058;626.058;6.699;7.364;3006.196;4.173;0.000;0.000;5.118;8.021;0.001;17.313;17.313;73.885;93.893;34.027;18.439;50.879;2.320;0.767;0.523;1.478;0.030;3.084;96.976;94.895;30.700;2.633;2.004;2.633;0.003;0.876;5.327;0.160;0;2;28.119;28.121;nan;nan;nan;27824;1;0;0;0;0;0;0
78;1;1;1;IDLE;0.000;0.000;1.000;19435.539127;19435.544061;19435.579850;19435.635492;779451;779451;779451;9744;17;12471216;12471256;100.000;636.658;636.658;5.165;5.674;2993.101;4.217;0.000;0.000;7.017;9.007;0.002;20.240;20.240;71.843;91.431;35.790;22.137;56.553;3.542;1.126;0.460;1.852;0.037;4.934;96.365;94.420;35.319;1.986;2.003;1.986;0.002;0.175;5.772;0.173;0;1;31.787;31.788;nan;nan;nan;21432;1;0;0;0;0;0;0
79;1;1;1;IDLE;0.000;0.000;1.000;19435.573482;19435.578504;19435.610922;19435.669957;784719;784719;784719;9809;17;12555504;12555544;100.000;631.183;631.183;5.345;5.855;3013.331;4.312;0.000;0.000;4.209;8.018;0.001;16.539;16.539;71.561;91.453;32.419;18.085;51.017;1.568;0.763;0.457;1.394;0.029;5.022;96.475;95.551;34.443;1.109;1.947;1.109;0.002;0.296;5.386;0.162;0;2;32.583;32.585;nan;nan;nan;22184;1;0;0;0;0;0;0
80;1;1;1;IDLE;0.000;0.000;1.000;19435.605673;19435.608673;19435.643187;19435.700333;780701;780701;780701;9759;19;12491216;12491256;100.000;606.803;606.803;5.977;6.549;2997.901;4.021;0.000;0.000;6.201;7.354;0.002;17.576;17.576;71.074;91.660;34.513;19.175;50.925;3.223;0.762;0.439;1.743;0.033;3.000;94.660;92.594;30.170;3.163;2.023;3.163;0.002;0.369;5.595;0.168;0;2;34.120;34.122;nan;nan;nan;24816;1;0;0;0;0;0;0
81;1;1;1;IDLE;0.000;0.000;1.000;19435.639770;19435.643571;19435.678076;19435.729266;785754;785754;785754;9822;22;12572064;12572104;100.000;611.087;611.087;6.699;7.364;3017.305;4.157;0.000;0.000;5.778;8.016;0.003;17.950;17.950;65.121;85.695;34.505;20.947;52.023;3.155;0.747;0.431;1.409;0.036;3.801;89.496;88.194;34.898;1.564;1.994;1.564;0.002;0.135;5.646;0.169;0;2;30.270;30.271;nan;nan;nan;27824;1;0;0;0;0;0;0
82;1;1;1;IDLE;0.000;0.000;1.000;19435.672002;19435.675171;19435.708126;19435.769242;783308;783308;783308;9792;22;12532928;12532968;100.000;622.798;622.798;6.834;7.500;3007.912;3.849;0.000;0.000;5.011;6.988;0.002;15.848;15.848;73.947;94.071;32.955;16.847;48.090;2.219;0.776;0.476;1.506;0.034;3.169;97.240;94.836;31.600;1.734;1.978;1.734;0.011;0.821;5.490;0.165;0;2;28.121;28.124;nan;nan;nan;28388;1;0;0;0;0;0;0
83;1;1;1;IDLE;0.000;0.000;1.000;19435.705776;19435.710864;19435.745713;19435.803019;782737;782737;782737;9785;21;12523792;12523832;100.000;654.663;654.663;6.609;7.243;3005.720;4.190;0.000;0.000;6.893;8.471;0.002;19.555;19.555;73.025;92.155;34.849;21.220;56.114;3.280;0.990;0.458;2.129;0.037;5.088;97.243;95.280;35.693;2.360;2.002;2.360;0.002;0.351;5.856;0.176;0;1;31.997;31.998;nan;nan;nan;27448;1;0;0;0;0;0;0
84;1;1;1;IDLE;0.000;0.000;1.000;19435.740970;19435.745643;19435.776310;19435.834877;781874;781874;781874;9774;22;12509984;12510024;100.000;645.120;645.120;6.924;7.590;3002.406;4.124;0.000;0.000;4.178;7.021;0.003;15.323;15.323;69.842;89.234;30.667;17.172;49.966;1.554;0.770;0.437;1.391;0.027;4.673;93.907;93.805;34.779;1.445;1.967;1.445;0.002;0.073;5.441;0.163;0;2;33.725;33.727;nan;nan;nan;28764;1;0;0;0;0;0;0
85;1;1;1;IDLE;0.000;0.000;1.000;19435.772276;19435.775326;19435.810661;19435.834913;780545;780545;780545;9757;19;12488720;12488760;100.000;601.997;601.997;6.022;6.594;2997.302;4.232;0.000;0.000;6.887;7.266;0.001;18.385;18.385;38.841;59.587;35.335;30.855;52.031;3.751;0.853;0.439;1.805;0.038;3.050;62.637;60.507;29.683;3.650;2.072;3.650;0.003;0.433;5.814;0.174;0;2;31.478;31.479;nan;nan;nan;25004;1;0;0;0;0;0;0
86;1;1;1;IDLE;0.000;0.000;1.000;19435.806461;19435.809643;19435.842396;19435.903414;778343;778343;778343;9730;21;12453488;12453528;100.000;613.833;613.833;6.564;7.198;2988.847;4.015;0.000;0.000;4.925;6.955;0.003;15.895;15.895;73.483;93.771;32.754;16.950;48.528;2.024;0.760;0.463;1.648;0.030;3.182;96.954;95.675;34.317;0.984;2.004;0.984;0.002;0.582;5.594;0.168;0;2;33.946;33.948;nan;nan;nan;27260;1;0;0;0;0;0;0
87;1;1;1;IDLE;0.000;0.000;1.000;19435.839269;19435.843063;19435.878544;19435.934710;778458;778458;778458;9731;21;12455328;12455368;100.000;619.078;619.078;6.383;7.017;2989.288;4.167;0.000;0.000;6.164;9.001;0.002;19.333;19.333;71.528;91.647;35.481;21.095;54.489;3.304;0.740;0.455;1.628;0.038;3.794;95.441;93.638;33.420;0.087;1.885;0.087;0.003;0.192;5.745;0.172;0;2;33.867;33.869;nan;nan;nan;26508;1;0;0;0;0;0;0
88;1;1;1;IDLE;0.000;0.000;1.000;19435.872648;19435.876015;19435.912629;19435.968814;778592;778592;778592;9733;22;12457472;12457512;100.000;598.366;598.366;6.924;7.590;2989.803;4.081;0.000;0.000;6.541;9.026;0.001;19.647;19.647;71.980;92.800;36.614;21.172;53.660;3.278;1.085;0.438;1.703;0.036;3.367;96.167;94.409;32.952;0.382;1.791;0.382;0.003;0.225;5.950;0.179;0;2;31.103;31.106;nan;nan;nan;28764;1;0;0;0;0;0;0
89;1;1;1;IDLE;0.000;0.000;1.000;19435.905917;19435.908893;19435.943005;19436.002496;779952;779952;779952;9750;23;12479232;12479272;100.000;605.954;605.954;7.105;7.801;2995.025;4.115;0.000;0.000;5.202;7.322;0.002;16.639;16.639;73.008;93.603;34.112;17.777;48.779;2.279;0.760;0.463;1.668;0.032;2.976;96.579;94.757;32.878;0.455;1.707;0.455;0.002;0.989;5.766;0.173;0;2;33.129;33.130;nan;nan;nan;29516;1;0;0;0;0;0;0
90;1;1;1;IDLE;0.000;0.000;1.000;19435.939356;19435.943555;19435.976937;19436.034057;779674;779674;779674;9746;23;12474784;12474824;100.000;614.885;614.885;7.060;7.756;2993.958;4.225;0.000;0.000;4.944;7.175;0.002;16.344;16.344;70.213;90.502;33.381;18.060;48.963;2.214;0.751;0.452;1.498;0.030;4.199;94.701;92.985;34.662;1.329;1.683;1.329;0.009;0.964;5.563;0.167;0;2;32.730;32.731;nan;nan;nan;29328;1;0;0;0;0;0;0
91;1;1;1;IDLE;0.000;0.000;1.000;19435.972697;19435.976107;19436.010851;19436.069411;781083;781083;781083;9764;109;12497328;12497368;100.000;607.807;607.807;34.222;37.602;2999.368;4.036;0.000;0.000;5.800;8.019;0.004;17.856;17.856;72.743;93.304;34.744;19.137;51.391;3.194;0.748;0.434;1.392;0.032;3.410;96.714;95.005;32.551;0.782;1.627;0.782;0.002;0.361;5.626;0.169;0;2;31.221;31.223;nan;nan;nan;142504;1;0;0;0;0;0;0
92;1;1;1;IDLE;0.000;0.000;1.000;19436.005770;19436.008884;19436.041996;19436.100749;780537;780537;780537;9757;21;12488592;12488632;100.000;616.265;616.265;6.564;7.198;2997.272;4.048;0.000;0.000;4.884;7.088;0.003;16.021;16.021;71.600;91.866;33.112;17.439;48.384;2.189;0.760;0.445;1.458;0.032;3.114;94.980;93.011;32.777;0.556;1.560;0.556;0.002;0.871;5.444;0.163;0;2;34.499;34.501;nan;nan;nan;27260;1;0;0;0;0;0;0
93;1;1;1;IDLE;0.000;0.000;1.000;19436.039442;19436.044077;19436.079015;19436.129186;773046;773046;773046;9664;17;12368736;12368776;100.000;623.816;623.816;5.210;5.719;2968.506;4.186;0.000;0.000;5.458;9.017;0.002;18.660;18.660;65.281;85.109;34.938;21.925;53.410;2.848;0.746;0.433;1.401;0.030;4.635;89.744;88.114;35.193;1.860;1.579;1.860;0.002;0.632;5.456;0.164;0;2;30.746;30.748;nan;nan;nan;21620;1;0;0;0;0;0;0
94;1;1;1;IDLE;0.000;0.000;1.000;19436.072226;19436.075205;19436.108398;19436.129220;770822;770822;770822;9636;16;12333152;12333192;100.000;603.188;603.188;5.075;5.553;2959.966;4.095;0.000;0.000;5.075;7.338;0.001;16.507;16.507;33.569;54.015;33.193;30.561;49.731;2.154;0.753;0.455;1.684;0.030;2.979;56.994;54.815;31.128;2.206;1.618;2.206;0.003;0.330;5.364;0.161;0;2;28.120;28.123;nan;nan;nan;21056;1;0;0;0;0;0;0
95;1;1;1;IDLE;0.000;0.000;1.000;19436.106623;19436.111925;19436.144718;19436.200417;778859;778859;778859;9736;19;12461744;12461784;100.000;679.406;679.406;5.932;6.504;2990.828;4.469;0.000;0.000;5.658;8.578;0.003;18.705;18.705;70.149;88.492;32.792;21.138;57.041;2.982;0.797;0.454;1.395;0.030;5.302;93.794;92.678;36.720;3.387;1.729;3.387;0.002;0.211;5.443;0.163;0;1;33.915;33.916;nan;nan;nan;24628;1;0;0;0;0;0;0
96;1;1;1;IDLE;0.000;0.000;1.000;19436.140853;19436.146191;19436.179241;19436.234771;778333;778333;778333;9730;22;12453328;12453368;100.000;646.870;646.870;6.699;7.364;2988.808;4.053;0.000;0.000;4.582;9.019;0.001;17.653;17.653;69.328;88.580;33.050;19.929;53.414;1.905;0.749;0.439;1.408;0.080;5.338;93.918;93.698;34.266;0.932;1.679;0.932;0.002;0.194;5.233;0.157;0;2;30.191;30.193;nan;nan;nan;27824;1;0;0;0;0;0;0
97;1;1;1;IDLE;0.000;0.000;1.000;19436.172074;19436.175112;19436.208183;19436.268044;782798;782798;782798;9785;23;12524768;12524808;100.000;620.306;620.306;7.060;7.756;3005.954;3.952;0.000;0.000;5.094;6.890;0.002;15.937;15.937;72.741;92.933;33.071;17.148;48.189;2.223;0.768;0.472;1.601;0.030;3.038;95.971;93.639;28.921;4.413;1.850;4.413;0.003;0.892;5.201;0.156;0;2;33.475;33.477;nan;nan;nan;29328;1;0;0;0;0;0;0
98;1;1;1;IDLE;0.000;0.000;1.000;19436.205599;19436.210388;19436.242384;19436.301985;781418;781418;781418;9768;22;12502688;12502728;100.000;659.128;659.128;6.744;7.409;3000.655;4.242;0.000;0.000;5.391;7.016;0.001;16.649;16.649;72.629;91.598;31.996;18.176;52.035;2.792;0.746;0.431;1.392;0.031;4.789;96.387;94.247;35.276;1.943;1.856;1.943;0.003;0.617;5.251;0.158;0;2;32.672;32.673;nan;nan;nan;28012;1;0;0;0;0;0;0
99;1;1;1;IDLE;0.000;0.000;1.000;19436.238905;19436.242603;19436.275464;19436.334717;777382;777382;777382;9718;22;12438112;12438152;100.000;608.436;608.436;6.699;7.364;2985.156;4.035;0.000;0.000;4.951;7.015;0.001;16.001;16.001;71.671;92.113;32.861;17.371;48.693;2.115;0.752;0.455;1.596;0.033;3.698;95.811;93.644;32.215;1.118;1.809;1.118;0.010;0.441;5.184;0.156;0;2;33.534;33.535;nan;nan;nan;27824;1;0;0;0;0;0;0
100;1;1;1;IDLE;0.000;0.000;1.000;19436.272513;19436.276426;19436.309580;19436.369242;778267;778267;778267;9729;21;12452272;12452312;100.000;629.326;629.326;6.428;7.062;2988.555;4.217;0.000;0.000;5.750;7.055;0.001;17.022;17.022;73.030;92.817;33.154;18.340;51.343;3.156;0.742;0.430;1.390;0.031;3.913;96.730;94.837;33.823;0.489;1.727;0.489;0.002;0.559;5.329;0.160;0;2;32.187;32.190;nan;nan;nan;26696;1;0;0;0;0;0;0
101;1;1;1;IDLE;0.000;0.000;1.000;19436.305652;19436.308960;19436.343623;19436.400590;780699;780699;780699;9759;21;12491184;12491224;100.000;601.739;601.739;6.518;7.152;2997.894;4.253;0.000;0.000;4.976;8.015;0.002;17.244;17.244;70.871;91.630;34.664;18.819;49.747;2.150;0.751;0.461;1.582;0.031;3.307;94.937;92.851;32.534;0.799;1.669;0.799;0.003;0.910;5.243;0.157;0;2;33.630;33.632;nan;nan;nan;27072;1;0;0;0;0;0;0
102;1;1;1;IDLE;0.000;0.000;1.000;19436.339248;19436.343101;19436.377149;19436.427882;780328;780328;780328;9755;21;12485248;12485288;100.000;617.739;617.739;6.383;7.017;2996.469;4.086;0.000;0.000;5.899;7.467;0.002;17.453;17.453;64.569;84.781;34.048;20.586;51.260;3.233;0.804;0.437;1.390;0.035;3.853;88.634;86.809;34.141;0.808;1.615;0.808;0.003;0.466;5.412;0.162;0;2;30.904;30.905;nan;nan;nan;26508;1;0;0;0;0;0;0
103;1;1;1;IDLE;0.000;0.000;1.000;19436.372427;19436.375503;19436.408775;19436.469426;782351;782351;782351;9780;21;12517616;12517656;100.000;620.971;620.971;6.428;7.062;3004.237;4.300;0.000;0.000;4.909;8.022;0.002;17.230;17.230;73.765;93.923;33.272;18.345;51.786;2.200;0.780;0.473;1.426;0.030;3.076;96.999;95.021;32.402;0.932;1.572;0.932;0.002;0.180;5.289;0.159;0;2;27.122;27.126;nan;nan;nan;26696;1;0;0;0;0;0;0
104;1;1;1;IDLE;0.000;0.000;1.000;19436.405637;19436.410786;19436.447104;19436.501882;782164;782164;782164;9778;21;12514624;12514664;100.000;646.107;646.107;6.428;7.062;3003.519;4.195;0.000;0.000;6.686;9.255;0.002;20.136;20.136;71.726;91.096;36.317;22.105;55.445;3.399;1.076;0.454;1.716;0.041;5.149;96.244;94.143;35.283;1.950;1.596;1.950;0.002;1.004;5.645;0.169;0;1;31.573;31.575;nan;nan;nan;26696;1;0;0;0;0;0;0
105;1;1;1;IDLE;0.000;0.000;1.000;19436.440418;19436.445861;19436.477930;19436.536340;783021;783021;783021;9788;22;12528336;12528376;100.000;649.444;649.444;6.789;7.454;3006.810;4.301;0.000;0.000;4.244;8.016;0.002;16.560;16.560;71.188;90.479;32.069;18.303;51.639;1.533;0.764;0.484;1.431;0.031;5.443;95.922;95.268;35.075;1.741;1.605;1.741;0.002;0.516;5.299;0.159;0;2;31.965;31.966;nan;nan;nan;28200;1;0;0;0;0;0;0
106;1;1;1;IDLE;0.000;0.000;1.000;19436.472306;19436.475517;19436.508729;19436.569359;786829;786829;786829;9836;105;12589264;12589304;100.000;597.798;597.798;33.094;36.349;3021.433;4.181;0.000;0.000;5.284;6.742;0.008;16.207;16.207;72.782;93.842;33.211;17.271;48.801;2.461;0.768;0.458;1.568;0.030;3.212;97.054;94.954;29.656;3.677;1.735;3.677;0.002;0.123;5.298;0.159;0;2;34.348;34.350;nan;nan;nan;137804;1;0;0;0;0;0;0
107;1;1;1;IDLE;0.000;0.000;1.000;19436.505869;19436.509441;19436.546093;19436.603243;789365;789365;789365;9868;23;12629840;12629880;100.000;605.005;605.005;7.015;7.711;3031.171;4.390;0.000;0.000;5.989;9.023;0.002;19.401;19.401;72.927;93.802;36.653;20.683;52.933;3.362;0.754;0.437;1.400;0.036;3.572;97.374;95.504;33.923;0.590;1.663;0.590;0.003;0.762;5.476;0.164;0;2;32.284;32.286;nan;nan;nan;29140;1;0;0;0;0;0;0
108;1;1;1;IDLE;0.000;0.000;1.000;19436.538807;19436.541852;19436.578166;19436.634531;790807;790807;790807;9886;19;12652912;12652952;100.000;606.743;606.743;5.842;6.413;3036.708;4.223;0.000;0.000;6.603;8.016;0.002;18.842;18.842;71.825;92.679;36.314;20.331;51.888;3.835;0.788;0.436;1.504;0.040;3.045;95.724;93.459;32.411;0.922;1.617;0.922;0.011;0.828;5.766;0.173;0;2;33.090;33.091;nan;nan;nan;24252;1;0;0;0;0;0;0
109;1;1;1;IDLE;0.000;0.000;1.000;19436.572998;19436.576211;19436.612825;19436.662413;789334;789334;789334;9867;17;12629344;12629384;100.000;597.710;597.710;5.345;5.855;3031.052;3.969;0.000;0.000;5.863;8.597;0.001;18.428;18.428;65.072;86.202;36.614;21.378;50.331;3.240;0.758;0.434;1.398;0.033;3.213;89.415;88.007;34.359;1.025;1.580;1.025;0.002;1.022;5.797;0.174;0;2;30.300;30.301;nan;nan;nan;22184;1;0;0;0;0;0;0
110;1;1;1;IDLE;0.000;0.000;1.000;19436.605246;19436.608352;19436.642313;19436.702170;783753;783753;783753;9797;18;12540048;12540088;100.000;607.421;607.421;5.616;6.156;3009.621;4.032;0.000;0.000;5.168;8.020;0.002;17.220;17.220;73.173;93.818;33.961;18.355;50.705;2.348;0.770;0.481;1.538;0.031;3.106;96.924;94.431;32.141;1.192;1.556;1.192;0.003;0.125;5.643;0.169;0;2;28.115;28.117;nan;nan;nan;23312;1;0;0;0;0;0;0
111;1;1;1;IDLE;0.000;0.000;1.000;19436.639427;19436.644203;19436.679065;19436.734569;781240;781240;781240;9766;21;12499840;12499880;100.000;647.501;647.501;6.654;7.288;2999.971;4.316;0.000;0.000;5.960;8.681;0.001;18.956;18.956;71.061;90.366;34.863;20.977;54.373;3.284;0.782;0.458;1.402;0.033;4.776;95.142;93.497;35.851;2.518;1.616;2.518;0.002;0.915;5.726;0.172;0;1;31.782;31.784;nan;nan;nan;27636;1;0;0;0;0;0;0
112;1;1;1;IDLE;0.000;0.000;1.000;19436.673357;19436.678217;19436.710475;19436.769053;781247;781247;781247;9766;22;12499952;12499992;100.000;636.970;636.970;6.744;7.409;2999.998;4.258;0.000;0.000;4.311;8.024;0.001;16.593;16.593;71.212;90.836;32.258;18.267;51.440;1.675;0.766;0.450;1.393;0.026;4.860;95.696;94.648;34.014;0.681;1.557;0.681;0.002;0.295;5.375;0.161;0;2;32.115;32.118;nan;nan;nan;28012;1;0;0;0;0;0;0
113;1;1;1;IDLE;0.000;0.000;1.000;19436.705633;19436.708840;19436.741848;19436.801690;783523;783523;783523;9795;22;12536368;12536408;100.000;614.183;614.183;6.834;7.500;3008.738;4.369;0.000;0.000;5.296;6.879;0.002;16.544;16.544;72.438;92.850;33.007;17.818;50.123;2.374;0.756;0.442;1.692;0.031;3.207;96.057;93.951;30.624;2.710;1.629;2.710;0.002;0.417;5.358;0.161;0;2;34.081;34.083;nan;nan;nan;28388;1;0;0;0;0;0;0
114;1;1;1;IDLE;0.000;0.000;1.000;19436.739002;19436.743075;19436.777200;19436.836070;783046;783046;783046;9789;24;12528736;12528776;100.000;615.628;615.628;7.331;8.058;3006.906;4.146;0.000;0.000;5.599;7.592;0.002;17.337;17.337;72.644;92.995;34.125;18.643;50.804;2.996;0.742;0.438;1.395;0.028;4.073;97.068;94.998;34.234;0.901;1.584;0.901;0.011;0.571;5.421;0.163;0;2;32.076;32.078;nan;nan;nan;30456;1;0;0;0;0;0;0
115;1;1;1;IDLE;0.000;0.000;1.000;19436.772194;19436.775306;19436.809969;19436.867371;785712;785712;785712;9822;22;12571392;12571432;100.000;600.380;600.380;6.924;7.590;3017.144;4.395;0.000;0.000;5.415;7.278;0.002;17.088;17.088;71.125;92.064;34.663;18.561;49.297;2.581;0.843;0.451;1.508;0.032;3.113;95.177;92.965;32.232;1.102;1.554;1.102;0.002;1.028;5.423;0.163;0;2;33.374;33.377;nan;nan;nan;28764;1;0;0;0;0;0;0
116;1;1;1;IDLE;0.000;0.000;1.000;19436.806093;19436.810047;19436.844825;19436.895960;788409;788409;788409;9856;22;12614544;12614584;100.000;618.544;618.544;6.834;7.500;3027.500;4.071;0.000;0.000;5.594;8.061;0.002;17.727;17.727;65.519;85.913;34.778;20.633;50.971;2.975;0.746;0.428;1.413;0.031;3.954;89.867;88.221;34.741;1.408;1.545;1.408;0.003;0.725;5.471;0.164;0;2;30.603;30.604;nan;nan;nan;28388;1;0;0;0;0;0;0
117;1;1;1;IDLE;0.000;0.000;1.000;19436.838784;19436.841819;19436.875034;19436.935265;785289;785289;785289;9817;21;12564624;12564664;100.000;616.115;616.115;6.518;7.152;3015.519;4.178;0.000;0.000;5.127;7.196;0.001;16.501;16.501;73.052;93.446;33.215;17.658;49.679;2.410;0.789;0.472;1.423;0.033;3.035;96.481;94.193;31.772;1.561;1.546;1.561;0.013;0.484;5.388;0.162;0;2;28.117;28.119;nan;nan;nan;27072;1;0;0;0;0;0;0
118;1;1;1;IDLE;0.000;0.000;1.000;19436.872714;19436.877594;19436.911120;19436.935301;784314;784314;784314;9804;20;12549024;12549064;100.000;663.604;663.604;6.338;6.941;3011.775;4.250;0.000;0.000;5.799;8.205;0.000;18.253;18.253;38.796;57.706;33.526;31.631;54.444;3.099;0.786;0.460;1.421;0.033;4.880;62.586;60.895;35.775;2.442;1.602;2.442;0.002;0.609;5.493;0.165;0;1;32.347;32.348;nan;nan;nan;26320;1;0;0;0;0;0;0
119;1;1;1;IDLE;0.000;0.000;1.000;19436.906890;19436.911874;19436.944018;19437.003899;784830;784830;784830;9811;21;12557280;12557320;100.000;653.072;653.072;6.473;7.107;3013.757;3.937;0.000;0.000;4.144;8.025;0.003;16.105;16.105;72.797;92.026;32.144;17.501;50.104;1.553;0.743;0.432;1.390;0.026;4.983;97.009;96.160;34.279;0.946;1.561;0.946;0.002;0.744;5.159;0.155;0;2;31.747;31.749;nan;nan;nan;26884;1;0;0;0;0;0;0
120;1;1;1;IDLE;0.000;0.000;1.000;19436.938766;19436.941818;19436.974963;19437.035318;784742;784742;784742;9810;21;12555872;12555912;100.000;640.301;640.301;6.564;7.198;3013.419;4.106;0.000;0.000;6.279;6.893;0.004;17.277;17.277;73.891;93.500;33.144;18.478;52.128;3.299;0.869;0.435;1.642;0.033;3.052;96.552;94.246;29.945;3.389;1.675;3.389;0.002;0.360;5.445;0.163;0;2;35.822;35.824;nan;nan;nan;27260;1;0;0;0;0;0;0
121;1;1;1;IDLE;0.000;0.000;1.000;19436.972435;19436.976842;19437.012409;19437.069924;787186;787186;787186;9840;108;12594976;12595016;100.000;626.253;626.253;33.996;37.345;3022.804;4.364;0.000;0.000;6.900;8.250;0.009;19.514;19.514;72.970;93.082;35.567;20.964;54.865;3.808;0.748;0.437;1.866;0.041;4.407;97.489;95.519;35.024;1.691;1.676;1.691;0.003;0.301;5.816;0.174;0;2;31.156;31.157;nan;nan;nan;141564;1;0;0;0;0;0;0
122;1;1;1;IDLE;0.000;0.000;1.000;19437.006264;19437.009262;19437.045391;19437.101594;792161;792161;792161;9903;23;12674576;12674616;100.000;603.535;603.535;7.015;7.711;3041.908;4.197;0.000;0.000;5.025;9.139;0.002;18.361;18.361;71.331;92.332;36.129;19.886;50.820;2.209;0.792;0.468;1.525;0.032;2.998;95.330;93.855;32.420;0.913;1.628;0.913;0.002;0.961;5.623;0.169;0;2;33.667;33.668;nan;nan;nan;29140;1;0;0;0;0;0;0
123;1;1;1;IDLE;0.000;0.000;1.000;19437.039477;19437.043114;19437.077834;19437.135700;788290;788290;788290;9854;18;12612640;12612680;100.000;619.911;619.911;5.526;6.066;3027.043;4.289;0.000;0.000;6.416;7.520;0.002;18.226;18.226;72.240;92.586;34.720;19.686;52.495;3.358;0.757;0.437;1.827;0.038;3.638;96.223;94.628;33.852;0.519;1.559;0.519;0.002;0.433;5.830;0.175;0;2;31.277;31.278;nan;nan;nan;22936;1;0;0;0;0;0;0
124;1;1;1;IDLE;0.000;0.000;1.000;19437.072552;19437.075670;19437.109404;19437.169017;789222;789222;789222;9866;18;12627552;12627592;100.000;605.871;605.871;5.481;6.021;3030.622;4.203;0.000;0.000;5.062;7.017;0.001;16.282;16.282;72.505;93.347;33.734;17.442;48.264;2.284;0.777;0.463;1.508;0.030;3.118;96.465;94.612;32.555;0.778;1.510;0.778;0.003;0.809;5.641;0.169;0;2;33.307;33.309;nan;nan;nan;22748;1;0;0;0;0;0;0
125;1;1;1;IDLE;0.000;0.000;1.000;19437.105785;19437.109221;19437.144022;19437.203062;787173;787173;787173;9840;19;12594768;12594808;100.000;613.143;613.143;5.932;6.504;3022.754;4.263;0.000;0.000;5.905;7.558;0.002;17.726;17.726;73.300;93.841;34.801;18.889;50.936;3.241;0.744;0.435;1.451;0.032;3.436;97.277;95.323;33.551;0.218;1.429;0.218;0.003;0.793;5.711;0.171;0;2;32.550;32.552;nan;nan;nan;24628;1;0;0;0;0;0;0
126;1;1;1;IDLE;0.000;0.000;1.000;19437.139419;19437.142522;19437.178567;19437.234884;776279;776279;776279;9704;20;12420464;12420504;100.000;597.120;597.120;6.248;6.851;2980.921;4.054;0.000;0.000;5.666;9.029;0.003;18.748;18.748;71.561;92.362;36.044;20.299;52.015;3.049;0.757;0.435;1.391;0.033;3.103;95.465;93.812;33.301;0.032;1.342;0.032;0.011;0.537;5.702;0.171;0;2;33.519;33.521;nan;nan;nan;25944;1;0;0;0;0;0;0
127;1;1;1;IDLE;0.000;0.000;1.000;19437.172729;19437.176429;19437.212636;19437.269690;773912;773912;773912;9674;22;12382592;12382632;100.000;615.353;615.353;6.699;7.364;2971.832;4.241;0.000;0.000;6.470;9.016;0.002;19.727;19.727;73.138;93.261;36.207;21.152;54.483;3.505;0.751;0.439;1.739;0.036;3.699;96.961;95.284;33.906;0.573;1.294;0.573;0.002;0.595;5.901;0.177;0;2;31.260;31.261;nan;nan;nan;27824;1;0;0;0;0;0;0
128;1;1;1;IDLE;0.000;0.000;1.000;19437.206187;19437.209356;19437.243706;19437.300690;773302;773302;773302;9667;22;12372832;12372872;100.000;594.433;594.433;6.834;7.500;2969.489;4.278;0.000;0.000;4.692;8.020;0.003;16.990;16.990;70.520;91.335;34.351;18.602;49.460;2.035;0.760;0.453;1.416;0.029;3.169;94.503;92.951;32.927;0.406;1.238;0.406;0.003;0.821;5.601;0.168;0;2;33.998;34.001;nan;nan;nan;28388;1;0;0;0;0;0;0
129;1;1;1;IDLE;0.000;0.000;1.000;19437.239895;19437.244261;19437.277783;19437.328972;777001;777001;777001;9713;22;12432016;12432056;100.000;615.221;615.221;6.834;7.500;2983.693;4.242;0.000;0.000;5.187;8.017;0.002;17.446;17.446;64.504;84.711;33.523;20.594;52.041;2.582;0.744;0.437;1.394;0.029;4.365;89.076;87.900;34.905;1.572;1.259;1.572;0.002;0.108;5.503;0.165;0;2;30.920;30.921;nan;nan;nan;28388;1;0;0;0;0;0;0
130;1;1;1;IDLE;0.000;0.000;1.000;19437.272095;19437.275157;19437.308856;19437.369035;783174;783174;783174;9790;21;12530784;12530824;100.000;607.529;607.529;6.564;7.198;3007.398;4.187;0.000;0.000;4.881;8.017;0.002;17.085;17.085;73.251;93.877;33.699;18.199;50.698;2.236;0.761;0.456;1.397;0.031;3.062;96.940;94.629;30.897;2.436;1.333;2.436;0.003;0.171;5.351;0.161;0;2;28.128;28.130;nan;nan;nan;27260;1;0;0;0;0;0;0
131;1;1;1;IDLE;0.000;0.000;1.000;19437.306547;19437.312133;19437.347946;19437.369072;786108;786108;786108;9827;21;12577728;12577768;100.000;661.868;661.868;6.654;7.288;3018.664;4.363;0.000;0.000;5.849;10.016;0.000;20.229;20.229;37.936;56.939;35.813;35.527;56.484;3.120;0.833;0.454;1.410;0.033;5.586;62.525;61.333;36.975;3.642;1.477;3.642;0.002;0.941;5.480;0.164;0;1;31.102;31.103;nan;nan;nan;27636;1;0;0;0;0;0;0
132;1;1;1;IDLE;0.000;0.000;1.000;19437.339245;19437.344387;19437.376081;19437.435947;785622;785622;785622;9821;21;12569952;12569992;100.000;633.078;633.078;6.518;7.152;3016.798;4.456;0.000;0.000;4.341;7.122;0.002;15.919;15.919;71.704;91.560;31.694;17.386;50.226;1.704;0.759;0.456;1.397;0.025;5.143;96.702;94.875;32.255;1.079;1.452;1.079;0.002;0.373;5.198;0.156;0;2;32.330;32.332;nan;nan;nan;27072;1;0;0;0;0;0;0
133;1;1;1;IDLE;0.000;0.000;1.000;19437.372477;19437.376410;19437.409004;19437.467522;787265;787265;787265;9841;21;12596240;12596280;100.000;635.214;635.214;6.383;7.017;3023.107;4.166;0.000;0.000;5.031;6.928;0.002;16.124;16.124;71.281;91.111;32.594;17.697;49.470;2.249;0.752;0.460;1.538;0.032;3.933;95.045;93.116;32.023;1.310;1.443;1.310;0.002;0.802;5.159;0.155;0;2;33.866;33.867;nan;nan;nan;26508;1;0;0;0;0;0;0
134;1;1;1;IDLE;0.000;0.000;1.000;19437.405739;19437.409619;19437.443423;19437.496350;787734;787734;787734;9847;21;12603744;12603784;100.000;618.170;618.170;6.383;7.017;3024.908;4.145;0.000;0.000;5.907;7.271;0.002;17.322;17.322;66.342;86.731;33.804;19.973;51.244;3.305;0.746;0.429;1.395;0.031;3.880;90.611;88.611;33.209;0.124;1.361;0.124;0.002;0.234;5.351;0.161;0;2;31.366;31.367;nan;nan;nan;26508;1;0;0;0;0;0;0
135;1;1;1;IDLE;0.000;0.000;1.000;19437.438954;19437.442083;19437.475333;19437.535986;786766;786766;786766;9835;22;12588256;12588296;100.000;608.130;608.130;6.744;7.409;3021.191;4.198;0.000;0.000;4.707;7.107;0.002;16.011;16.011;73.203;93.903;33.250;17.051;48.155;2.061;0.762;0.445;1.410;0.029;3.129;97.032;94.914;32.464;0.870;1.330;0.870;0.013;0.722;5.193;0.156;0;2;28.119;28.121;nan;nan;nan;28012;1;0;0;0;0;0;0
136;1;1;1;IDLE;0.000;0.000;1.000;19437.472793;19437.477771;19437.512050;19437.568157;787622;787622;787622;9846;100;12601952;12601992;100.000;643.360;643.360;31.380;34.478;3024.478;4.333;0.000;0.000;5.220;8.736;0.006;18.288;18.288;70.798;90.386;34.279;20.234;53.352;2.574;0.768;0.454;1.396;0.029;4.979;95.365;93.752;35.688;2.355;1.394;2.355;0.002;0.732;5.203;0.156;0;1;32.667;32.670;nan;nan;nan;130660;1;0;0;0;0;0;0
137;1;1;1;IDLE;0.000;0.000;1.000;19437.507662;19437.512686;19437.544201;19437.602416;784509;784509;784509;9807;25;12552144;12552184;100.000;656.830;656.830;7.737;8.496;3012.524;4.115;0.000;0.000;4.160;7.818;0.002;16.093;16.093;70.619;89.730;31.515;17.935;51.064;1.541;0.749;0.444;1.396;0.029;5.025;94.754;94.677;34.915;1.582;1.406;1.582;0.002;0.424;4.947;0.148;0;2;31.771;31.772;nan;nan;nan;32148;1;0;0;0;0;0;0
138;1;1;1;IDLE;0.000;0.000;1.000;19437.538820;19437.541929;19437.575924;19437.637094;782962;782962;782962;9788;21;12527392;12527432;100.000;614.998;614.998;6.518;7.152;3006.584;4.227;0.000;0.000;5.839;7.468;0.002;17.534;17.534;74.795;95.165;33.995;18.425;51.578;3.212;0.765;0.436;1.394;0.032;3.109;98.274;96.022;29.243;4.091;1.574;4.091;0.002;0.315;5.173;0.155;0;2;33.956;33.957;nan;nan;nan;27072;1;0;0;0;0;0;0
139;1;1;1;IDLE;0.000;0.000;1.000;19437.572666;19437.576586;19437.609596;19437.668240;785441;785441;785441;9819;21;12567056;12567096;100.000;612.676;612.676;6.564;7.198;3016.103;4.250;0.000;0.000;5.285;7.057;0.003;16.592;16.592;71.142;91.654;33.010;18.103;50.263;2.347;0.821;0.454;1.632;0.031;3.920;95.574;93.834;34.657;1.324;1.558;1.324;0.002;0.153;5.207;0.156;0;2;34.548;34.550;nan;nan;nan;27260;1;0;0;0;0;0;0
140;1;1;1;IDLE;0.000;0.000;1.000;19437.606124;19437.609156;19437.646642;19437.702584;786857;786857;786857;9836;21;12589712;12589752;100.000;593.113;593.113;6.383;7.017;3021.540;4.244;0.000;0.000;6.673;9.018;0.001;19.935;19.935;72.202;93.428;37.486;21.337;53.180;3.722;0.746;0.433;1.736;0.036;3.032;96.461;94.845;32.570;0.764;1.508;0.764;0.003;0.564;5.579;0.167;0;2;30.613;30.614;nan;nan;nan;26508;1;0;0;0;0;0;0
141;1;1;1;IDLE;0.000;0.000;1.000;19437.639261;19437.642232;19437.675613;19437.734229;786209;786209;786209;9828;23;12579344;12579384;100.000;597.997;597.997;7.015;7.711;3019.052;4.011;0.000;0.000;4.952;6.921;0.002;15.884;15.884;70.961;91.997;33.381;17.266;47.583;2.183;0.780;0.476;1.484;0.030;2.971;94.968;93.157;33.076;0.257;1.430;0.257;0.002;0.469;5.425;0.163;0;2;33.888;33.889;nan;nan;nan;29140;1;0;0;0;0;0;0
142;1;1;1;IDLE;0.000;0.000;1.000;19437.672479;19437.676224;19437.710167;19437.763972;785895;785895;785895;9824;24;12574320;12574360;100.000;621.482;621.482;7.421;8.148;3017.846;4.127;0.000;0.000;6.073;7.379;0.002;17.578;17.578;67.515;87.748;33.943;20.033;51.788;3.460;0.746;0.436;1.395;0.035;3.745;91.493;89.566;33.992;0.658;1.382;0.658;0.003;0.255;5.598;0.168;0;2;31.436;31.439;nan;nan;nan;30832;1;0;0;0;0;0;0
143;1;1;1;IDLE;0.000;0.000;1.000;19437.705571;19437.708815;19437.741895;19437.802567;783109;783109;783109;9789;24;12529744;12529784;100.000;615.990;615.990;7.421;8.148;3007.148;4.341;0.000;0.000;5.038;7.052;0.001;16.431;16.431;73.411;93.752;33.080;17.526;49.669;2.368;0.767;0.440;1.424;0.039;3.244;96.996;94.828;32.591;0.742;1.342;0.742;0.013;0.636;5.461;0.164;0;2;29.123;29.125;nan;nan;nan;30832;1;0;0;0;0;0;0
144;1;1;1;IDLE;0.000;0.000;1.000;19437.739321;19437.744378;19437.778369;19437.835944;783994;783994;783994;9800;25;12543904;12543944;100.000;633.576;633.576;7.737;8.496;3010.547;4.379;0.000;0.000;5.335;8.443;0.003;18.157;18.157;71.767;91.566;33.992;19.829;53.415;2.648;0.770;0.459;1.427;0.030;5.057;96.623;94.872;35.563;2.229;1.397;2.229;0.002;0.412;5.435;0.163;0;1;32.637;32.638;nan;nan;nan;32148;1;0;0;0;0;0;0
145;1;1;1;IDLE;0.000;0.000;1.000;19437.773934;19437.778813;19437.810605;19437.867835;785959;785959;785959;9825;24;12575344;12575384;100.000;641.659;641.659;7.556;8.284;3018.092;4.134;0.000;0.000;4.126;7.603;0.002;15.863;15.863;69.423;89.022;31.792;17.819;49.897;1.526;0.743;0.434;1.395;0.027;4.880;93.902;93.430;34.435;1.102;1.379;1.102;0.003;0.461;5.112;0.153;0;2;32.938;32.939;nan;nan;nan;31396;1;0;0;0;0;0;0
146;1;1;1;IDLE;0.000;0.000;1.000;19437.805797;19437.809194;19437.843226;19437.896277;789030;789030;789030;9863;24;12624480;12624520;100.000;603.200;603.200;7.511;8.239;3029.885;4.402;0.000;0.000;5.788;7.148;0.002;17.338;17.338;66.153;87.082;34.032;19.910;50.947;3.151;0.764;0.438;1.400;0.035;3.397;90.480;88.538;30.381;2.952;1.477;2.952;0.002;0.163;5.286;0.159;0;2;31.754;31.755;nan;nan;nan;31208;1;0;0;0;0;0;0
147;1;1;1;IDLE;0.000;0.000;1.000;19437.839044;19437.842131;19437.876175;19437.935609;794594;794594;794594;9933;25;12713504;12713544;100.000;608.089;608.089;7.646;8.405;3051.251;4.330;0.000;0.000;4.771;8.021;0.002;17.123;17.123;72.570;93.478;34.045;18.317;50.295;2.059;0.786;0.459;1.440;0.028;3.087;96.565;94.536;32.936;0.397;1.410;0.397;0.002;0.341;5.162;0.155;0;2;28.118;28.120;nan;nan;nan;31772;1;0;0;0;0;0;0
148;1;1;1;IDLE;0.000;0.000;1.000;19437.872788;19437.877957;19437.911495;19437.969031;797998;797998;797998;9975;24;12767968;12768008;100.000;660.168;660.168;7.376;8.103;3064.322;4.254;0.000;0.000;5.876;8.261;0.336;18.391;18.391;71.734;91.075;33.538;20.193;54.837;3.186;0.799;0.457;1.399;0.036;5.169;96.243;94.626;35.826;2.493;1.477;2.493;0.002;0.056;5.346;0.160;0;1;32.372;32.374;nan;nan;nan;30644;1;0;0;0;0;0;0
149;1;1;1;IDLE;0.000;0.000;1.000;19437.906210;19437.911272;19437.943727;19438.003369;798639;798639;798639;9983;24;12778224;12778264;100.000;634.908;634.908;7.376;8.103;3066.783;4.252;0.000;0.000;4.191;7.416;0.002;15.859;15.859;71.971;92.097;32.455;17.220;48.865;1.558;0.774;0.439;1.394;0.026;5.062;97.159;95.630;33.315;0.018;1.386;0.018;0.003;0.718;5.060;0.152;0;2;32.383;32.384;nan;nan;nan;30644;1;0;0;0;0;0;0
150;1;1;1;IDLE;0.000;0.000;1.000;19437.939022;19437.942258;19437.976365;19438.034451;796693;796693;796693;9959;23;12747088;12747128;100.000;600.347;600.347;7.285;7.982;3059.311;4.566;0.000;0.000;5.185;6.975;0.003;16.727;16.727;70.960;92.193;34.108;18.143;49.041;2.230;0.778;0.445;1.702;0.030;3.235;95.429;93.379;30.986;2.348;1.446;2.348;0.003;0.711;5.094;0.153;0;2;33.974;33.976;nan;nan;nan;30268;1;0;0;0;0;0;0
151;1;1;1;IDLE;0.000;0.000;1.000;19437.972823;19437.976168;19438.011441;19438.069794;794717;794717;794717;9934;105;12715472;12715512;100.000;596.089;596.089;33.094;36.349;3051.723;4.229;0.000;0.000;5.835;7.973;0.004;18.037;18.037;72.295;93.627;35.273;19.265;51.135;3.201;0.759;0.435;1.405;0.035;3.344;96.971;95.389;33.910;0.577;1.392;0.577;0.002;0.130;5.285;0.159;0;2;30.978;30.981;nan;nan;nan;137804;1;0;0;0;0;0;0
152;1;1;1;IDLE;0.000;0.000;1.000;19438.005420;19438.008482;19438.043027;19438.100740;792861;792861;792861;9911;22;12685776;12685816;100.000;614.983;614.983;6.924;7.590;3044.596;4.118;0.000;0.000;5.104;8.558;0.002;17.780;17.780;71.630;92.258;34.545;19.272;51.470;2.225;0.782;0.467;1.600;0.030;3.062;95.320;93.001;32.315;1.019;1.369;1.019;0.011;0.243;5.242;0.157;0;2;35.321;35.322;nan;nan;nan;28764;1;0;0;0;0;0;0
153;1;1;1;IDLE;0.000;0.000;1.000;19438.039436;19438.044102;19438.079111;19438.128824;792789;792789;792789;9910;18;12684624;12684664;100.000;642.863;642.863;5.706;6.247;3044.319;4.144;0.000;0.000;5.928;8.487;0.002;18.559;18.559;64.990;84.722;35.008;21.906;53.013;3.291;0.757;0.434;1.410;0.036;4.666;89.388;87.752;35.620;2.287;1.426;2.287;0.002;0.859;5.419;0.163;0;2;30.112;30.114;nan;nan;nan;23688;1;0;0;0;0;0;0
154;1;1;1;IDLE;0.000;0.000;1.000;19438.072118;19438.075129;19438.107424;19438.169582;792309;792309;792309;9904;18;12676944;12676984;100.000;621.712;621.712;5.526;6.066;3042.476;4.005;0.000;0.000;4.945;6.657;0.002;15.606;15.606;74.063;94.453;32.296;16.523;48.323;2.132;0.786;0.477;1.521;0.029;3.011;97.464;95.177;31.027;2.307;1.481;2.307;0.002;0.301;5.303;0.159;0;2;28.050;28.054;nan;nan;nan;22936;1;0;0;0;0;0;0
155;1;1;1;IDLE;0.000;0.000;1.000;19438.105604;19438.110413;19438.145444;19438.169636;791925;791925;791925;9900;19;12670800;12670840;100.000;646.545;646.545;6.022;6.594;3041.002;4.436;0.000;0.000;6.363;8.667;0.001;19.465;19.465;39.625;59.223;35.030;32.868;55.567;3.716;0.768;0.446;1.398;0.035;4.809;64.032;61.897;35.284;1.951;1.510;1.951;0.002;0.400;5.574;0.167;0;1;32.802;32.803;nan;nan;nan;25004;1;0;0;0;0;0;0
156;1;1;1;IDLE;0.000;0.000;1.000;19438.140533;19438.145454;19438.177539;19438.228859;793795;793795;793795;9923;22;12700720;12700760;100.000;642.390;642.390;6.924;7.590;3048.182;4.170;0.000;0.000;4.326;7.686;0.002;16.182;16.182;63.634;83.405;32.085;19.402;50.436;1.691;0.773;0.435;1.399;0.028;4.921;88.326;87.787;35.041;1.708;1.523;1.708;0.002;0.299;5.267;0.158;0;2;30.808;30.809;nan;nan;nan;28764;1;0;0;0;0;0;0
157;1;1;1;IDLE;0.000;0.000;1.000;19438.172226;19438.175267;19438.208944;19438.268956;793460;793460;793460;9919;22;12695360;12695400;100.000;623.876;623.876;6.789;7.454;3046.896;4.182;0.000;0.000;5.027;8.020;0.001;17.229;17.229;73.339;93.689;33.676;18.390;51.161;2.278;0.792;0.475;1.452;0.029;3.041;96.730;94.551;29.813;3.520;1.648;3.520;0.002;0.276;5.209;0.156;0;2;27.930;27.932;nan;nan;nan;28200;1;0;0;0;0;0;0
158;1;1;1;IDLE;0.000;0.000;1.000;19438.205756;19438.210491;19438.245771;19438.302494;795527;795527;795527;9945;22;12728432;12728472;100.000;631.998;631.998;6.744;7.409;3054.833;4.641;0.000;0.000;5.990;8.761;0.002;19.392;19.392;71.863;92.003;35.280;21.078;54.968;3.225;0.784;0.460;1.486;0.035;4.735;96.738;94.755;35.224;1.890;1.663;1.890;0.003;0.385;5.410;0.162;0;1;31.944;31.945;nan;nan;nan;28012;1;0;0;0;0;0;0
159;1;1;1;IDLE;0.000;0.000;1.000;19438.239665;19438.244635;19438.275776;19438.336707;798776;798776;798776;9985;23;12780416;12780456;100.000;636.264;636.264;7.105;7.801;3067.309;4.478;0.000;0.000;4.215;6.696;0.002;15.389;15.389;71.985;92.072;31.141;16.714;49.417;1.562;0.777;0.455;1.395;0.026;4.970;97.042;95.635;34.144;0.811;1.610;0.811;0.002;0.140;5.114;0.153;0;2;33.410;33.411;nan;nan;nan;29516;1;0;0;0;0;0;0
160;1;1;1;IDLE;0.000;0.000;1.000;19438.272549;19438.275923;19438.310659;19438.368827;799362;799362;799362;9993;23;12789792;12789832;100.000;606.182;606.182;7.015;7.711;3069.560;4.320;0.000;0.000;5.451;7.491;0.003;17.261;17.261;71.805;92.904;34.736;18.579;49.692;2.710;0.767;0.459;1.482;0.032;3.374;96.278;94.422;31.288;2.046;1.637;2.046;0.002;0.693;5.201;0.156;0;2;33.532;33.536;nan;nan;nan;29140;1;0;0;0;0;0;0
161;1;1;1;IDLE;0.000;0.000;1.000;19438.306123;19438.309412;19438.346264;19438.404342;789777;789777;789777;9873;22;12636432;12636472;100.000;601.337;601.337;6.924;7.590;3032.753;4.319;0.000;0.000;6.234;9.018;0.002;19.570;19.570;73.916;94.930;36.852;20.615;53.104;3.319;0.752;0.435;1.694;0.035;3.289;98.219;96.603;33.489;0.156;1.544;0.156;0.010;0.576;5.465;0.164;0;2;31.577;31.578;nan;nan;nan;28764;1;0;0;0;0;0;0
162;1;1;1;IDLE;0.000;0.000;1.000;19438.339296;19438.342348;19438.378337;19438.434512;790930;790930;790930;9887;22;12654880;12654920;100.000;593.531;593.531;6.789;7.454;3037.181;4.180;0.000;0.000;5.136;9.023;0.003;18.339;18.339;70.842;92.164;35.989;19.898;50.957;2.260;0.788;0.479;1.575;0.033;3.053;95.216;93.440;32.936;0.397;1.473;0.397;0.003;0.504;5.385;0.162;0;2;35.023;35.024;nan;nan;nan;28200;1;0;0;0;0;0;0
163;1;1;1;IDLE;0.000;0.000;1.000;19438.373455;19438.378048;19438.413418;19438.462595;793734;793734;793734;9922;23;12699744;12699784;100.000;618.489;618.489;7.150;7.847;3047.948;4.239;0.000;0.000;5.721;9.019;0.002;18.979;18.979;64.014;84.547;35.370;22.448;53.659;3.087;0.751;0.430;1.422;0.032;4.593;89.140;88.190;35.699;2.366;1.528;2.366;0.003;0.091;5.475;0.164;0;2;30.110;30.111;nan;nan;nan;29704;1;0;0;0;0;0;0
164;1;1;1;IDLE;0.000;0.000;1.000;19438.404940;19438.408026;19438.442484;19438.502870;792883;792883;792883;9912;23;12686128;12686168;100.000;632.472;632.472;7.195;7.892;3044.680;3.693;0.000;0.000;4.736;9.023;0.001;17.452;17.452;74.786;94.844;34.458;18.400;50.645;2.074;0.772;0.462;1.398;0.029;3.086;97.929;95.131;29.978;3.355;1.643;3.355;0.002;0.639;5.294;0.159;0;2;29.130;29.131;nan;nan;nan;29892;1;0;0;0;0;0;0
165;1;1;1;IDLE;0.000;0.000;1.000;19438.439009;19438.443404;19438.477980;19438.534494;791299;791299;791299;9892;24;12660784;12660824;100.000;634.968;634.968;7.331;8.058;3038.598;4.260;0.000;0.000;5.763;8.409;0.002;18.432;18.432;71.150;91.089;34.576;20.235;53.309;3.111;0.774;0.455;1.393;0.030;4.395;95.484;93.421;35.378;2.045;1.668;2.045;0.002;0.462;5.414;0.162;0;1;33.295;33.296;nan;nan;nan;30456;1;0;0;0;0;0;0
166;1;1;1;IDLE;0.000;0.000;1.000;19438.474108;19438.479255;19438.511643;19438.534779;789485;789485;789485;9869;101;12631760;12631800;100.000;656.039;656.039;31.921;35.051;3031.632;4.156;0.000;0.000;4.331;8.018;0.003;16.504;16.504;36.269;55.524;32.389;29.725;50.957;1.721;0.750;0.436;1.396;0.028;5.146;60.670;60.373;35.850;2.517;1.721;2.517;0.002;0.783;5.148;0.154;0;2;30.864;30.867;nan;nan;nan;132916;1;0;0;0;0;0;0
167;1;1;1;IDLE;0.000;0.000;1.000;19438.505468;19438.508436;19438.541446;19438.603048;789977;789977;789977;9875;23;12639632;12639672;100.000;611.901;611.901;7.105;7.801;3033.521;4.053;0.000;0.000;4.971;7.088;0.002;16.111;16.111;73.955;94.612;33.010;17.029;48.808;2.207;0.775;0.470;1.487;0.032;2.968;97.580;95.309;29.181;4.152;1.873;4.152;0.002;0.291;5.106;0.153;0;2;29.341;29.343;nan;nan;nan;29516;1;0;0;0;0;0;0
168;1;1;1;IDLE;0.000;0.000;1.000;19438.539139;19438.544057;19438.579893;19438.634568;791598;791598;791598;9895;19;12665568;12665608;100.000;642.738;642.738;6.022;6.594;3039.746;4.222;0.000;0.000;6.729;9.106;0.002;20.056;20.056;70.804;90.510;35.836;22.159;55.968;3.431;1.101;0.455;1.705;0.037;4.919;95.429;93.496;35.621;2.288;1.899;2.288;0.002;0.292;5.519;0.166;0;1;32.257;32.258;nan;nan;nan;25004;1;0;0;0;0;0;0
169;1;1;1;IDLE;0.000;0.000;1.000;19438.572553;19438.577856;19438.611761;19438.634608;795034;795034;795034;9938;19;12720544;12720584;100.000;618.236;618.236;6.022;6.594;3052.940;4.390;0.000;0.000;4.578;7.901;0.001;16.869;16.869;36.176;56.752;33.906;29.724;49.753;1.932;0.767;0.451;1.402;0.026;5.303;62.055;60.202;33.798;0.465;1.809;0.465;0.002;0.848;5.291;0.159;0;2;30.702;30.706;nan;nan;nan;25004;1;0;0;0;0;0;0
170;1;1;1;IDLE;0.000;0.000;1.000;19438.605470;19438.608538;19438.641943;19438.702321;794863;794863;794863;9936;20;12717808;12717848;100.000;601.988;601.988;6.203;6.805;3052.284;4.089;0.000;0.000;4.870;7.011;0.002;15.971;15.971;72.656;93.783;33.405;17.030;47.811;2.212;0.771;0.456;1.402;0.029;3.068;96.851;94.582;30.682;2.651;1.862;2.651;0.009;0.387;5.189;0.156;0;2;29.119;29.121;nan;nan;nan;25756;1;0;0;0;0;0;0
171;1;1;1;IDLE;0.000;0.000;1.000;19438.639590;19438.644077;19438.681037;19438.736333;794885;794885;794885;9937;21;12718160;12718200;100.000;635.181;635.181;6.518;7.152;3052.368;4.275;0.000;0.000;5.920;10.020;0.001;20.214;20.214;72.233;92.256;36.959;21.911;54.694;3.243;0.777;0.455;1.411;0.035;4.488;96.743;95.261;35.539;2.206;1.883;2.206;0.002;0.993;5.377;0.161;0;1;31.301;31.302;nan;nan;nan;27072;1;0;0;0;0;0;0
172;1;1;1;IDLE;0.000;0.000;1.000;19438.673019;19438.677918;19438.710387;19438.767588;788905;788905;788905;9862;21;12622480;12622520;100.000;635.374;635.374;6.428;7.062;3029.405;4.304;0.000;0.000;4.516;7.298;0.001;16.118;16.118;69.804;89.670;32.469;17.975;49.641;1.873;0.765;0.452;1.401;0.026;4.899;94.569;93.182;33.840;0.507;1.797;0.507;0.002;0.786;5.164;0.155;0;2;33.240;33.242;nan;nan;nan;26696;1;0;0;0;0;0;0
173;1;1;1;IDLE;0.000;0.000;1.000;19438.706002;19438.709363;19438.747193;19438.803947;787376;787376;787376;9843;21;12598016;12598056;100.000;598.027;598.027;6.564;7.198;3023.533;4.076;0.000;0.000;5.872;10.025;0.002;19.973;19.973;73.518;94.585;37.830;21.117;52.798;3.245;0.746;0.437;1.408;0.036;3.361;97.945;96.208;31.445;1.888;1.803;1.888;0.002;0.864;5.347;0.160;0;2;30.417;30.418;nan;nan;nan;27260;1;0;0;0;0;0;0
174;1;1;1;IDLE;0.000;0.000;1.000;19438.738683;19438.741915;19438.775152;19438.834437;791921;791921;791921;9900;22;12670736;12670776;100.000;616.871;616.871;6.834;7.500;3040.986;4.118;0.000;0.000;5.113;6.911;0.002;16.141;16.141;71.981;92.522;33.237;17.446;48.564;2.332;0.880;0.475;1.396;0.031;3.232;95.754;93.365;32.553;0.781;1.739;0.781;0.002;0.670;5.291;0.159;0;2;35.701;35.703;nan;nan;nan;28388;1;0;0;0;0;0;0
175;1;1;1;IDLE;0.000;0.000;1.000;19438.772227;19438.776771;19438.812808;19438.869195;785044;785044;785044;9814;22;12560704;12560744;100.000;637.619;637.619;6.789;7.454;3014.579;4.177;0.000;0.000;7.441;8.484;0.002;20.101;20.101;72.725;92.424;36.036;21.749;55.780;4.787;0.745;0.435;1.429;0.044;4.544;96.968;94.790;34.856;1.523;1.725;1.523;0.003;0.409;5.834;0.175;0;2;30.110;30.111;nan;nan;nan;28200;1;0;0;0;0;0;0
176;1;1;1;IDLE;0.000;0.000;1.000;19438.805113;19438.808285;19438.841148;19438.903133;785759;785759;785759;9822;22;12572144;12572184;100.000;605.013;605.013;6.744;7.409;3017.324;3.946;0.000;0.000;5.070;6.674;0.002;15.690;15.690;74.068;94.848;32.863;16.542;47.743;2.082;0.763;0.462;1.734;0.029;3.172;98.020;95.394;31.514;1.820;1.731;1.820;0.003;0.335;5.646;0.169;0;2;34.717;34.718;nan;nan;nan;28012;1;0;0;0;0;0;0
177;1;1;1;IDLE;0.000;0.000;1.000;19438.838840;19438.843306;19438.878494;19438.934948;782963;782963;782963;9788;22;12527408;12527448;100.000;633.160;633.160;6.970;7.635;3006.588;4.167;0.000;0.000;6.074;9.022;0.003;19.262;19.262;71.856;91.642;35.189;21.019;54.740;3.436;0.751;0.434;1.419;0.033;4.466;96.108;93.876;35.021;1.688;1.729;1.688;0.002;0.304;5.757;0.173;0;2;33.655;33.657;nan;nan;nan;28952;1;0;0;0;0;0;0
178;1;1;1;IDLE;0.000;0.000;1.000;19438.872254;19438.875723;19438.912581;19438.969667;783666;783666;783666;9796;21;12538656;12538696;100.000;590.855;590.855;6.609;7.243;3009.287;4.381;0.000;0.000;6.151;9.024;0.001;19.556;19.556;72.723;93.944;36.858;20.816;53.057;3.247;0.741;0.437;1.684;0.042;3.470;97.414;95.262;32.418;0.916;1.678;0.916;0.002;0.459;5.861;0.176;0;2;31.387;31.390;nan;nan;nan;27448;1;0;0;0;0;0;0
179;1;1;1;IDLE;0.000;0.000;1.000;19438.906091;19438.909156;19438.942642;19439.001939;786714;786714;786714;9834;22;12587424;12587464;100.000;607.195;607.195;6.699;7.364;3020.991;4.193;0.000;0.000;5.032;7.451;0.003;16.676;16.676;72.052;92.782;33.485;17.974;49.802;2.329;0.791;0.472;1.409;0.032;3.066;95.848;94.200;33.433;0.100;1.579;0.100;0.011;0.259;5.657;0.170;0;2;34.473;34.474;nan;nan;nan;27824;1;0;0;0;0;0;0
180;1;1;1;IDLE;0.000;0.000;1.000;19438.939018;19438.942843;19438.977725;19439.036044;787583;787583;787583;9845;21;12601328;12601368;100.000;618.315;618.315;6.473;7.107;3024.328;4.194;0.000;0.000;6.390;8.020;0.001;18.604;18.604;72.821;93.201;34.883;19.961;53.333;3.538;0.744;0.439;1.630;0.040;3.824;97.025;94.971;33.686;0.353;1.503;0.353;0.003;0.089;5.850;0.176;0;2;32.231;32.231;nan;nan;nan;26884;1;0;0;0;0;0;0
181;1;1;1;IDLE;0.000;0.000;1.000;19438.972654;19438.976039;19439.010099;19439.069309;793719;793719;793719;9922;104;12699504;12699544;100.000;609.319;609.319;32.643;35.867;3047.891;4.025;0.000;0.000;5.037;7.314;0.008;16.376;16.376;72.428;93.270;34.060;17.557;48.078;2.115;0.766;0.446;1.679;0.031;3.385;96.655;94.904;33.196;0.137;1.417;0.137;0.003;0.864;5.650;0.169;0;2;33.255;33.256;nan;nan;nan;135924;1;0;0;0;0;0;0
182;1;1;1;IDLE;0.000;0.000;1.000;19439.005929;19439.009546;19439.044882;19439.103819;792329;792329;792329;9905;21;12677264;12677304;100.000;618.409;618.409;6.564;7.198;3042.553;4.207;0.000;0.000;5.967;8.753;0.003;18.927;18.927;73.774;94.273;35.336;20.077;53.563;3.346;0.754;0.434;1.400;0.032;3.616;97.890;96.080;33.507;0.173;1.339;0.173;0.002;0.112;5.734;0.172;0;2;33.176;33.178;nan;nan;nan;27260;1;0;0;0;0;0;0
183;1;1;1;IDLE;0.000;0.000;1.000;19439.038840;19439.042177;19439.078963;19439.135728;801464;801464;801464;10019;17;12823424;12823464;100.000;580.207;580.207;5.300;5.809;3077.631;4.557;0.000;0.000;4.988;9.022;0.003;18.566;18.566;71.450;93.552;36.787;19.846;50.470;2.137;0.887;0.456;1.478;0.030;3.337;96.889;94.656;32.631;0.702;1.300;0.702;0.002;0.672;5.556;0.167;0;2;33.872;33.874;nan;nan;nan;21996;1;0;0;0;0;0;0
184;1;1;1;IDLE;0.000;0.000;1.000;19439.072763;19439.076040;19439.113040;19439.169474;796948;796948;796948;9962;18;12751168;12751208;100.000;601.765;601.765;5.436;5.976;3060.290;4.347;0.000;0.000;6.546;9.019;0.002;19.912;19.912;72.244;93.434;37.000;21.311;53.816;3.416;0.969;0.439;1.685;0.037;3.277;96.711;95.068;33.863;0.530;1.252;0.530;0.003;0.241;5.810;0.174;0;2;31.703;31.705;nan;nan;nan;22560;1;0;0;0;0;0;0
185;1;1;1;IDLE;0.000;0.000;1.000;19439.105830;19439.109015;19439.144115;19439.204013;802598;802598;802598;10033;21;12841568;12841608;100.000;595.846;595.846;6.428;7.062;3081.986;4.032;0.000;0.000;5.138;8.021;0.004;17.191;17.191;73.446;94.998;35.100;18.096;48.978;2.405;0.807;0.466;1.428;0.032;3.185;98.182;96.274;32.975;0.358;1.196;0.358;0.003;0.385;5.645;0.169;0;2;33.375;33.377;nan;nan;nan;26696;1;0;0;0;0;0;0
186;1;1;1;IDLE;0.000;0.000;1.000;19439.140132;19439.143297;19439.179195;19439.236340;797039;797039;797039;9963;22;12752624;12752664;100.000;592.973;592.973;6.879;7.545;3060.639;4.346;0.000;0.000;4.631;9.019;0.005;17.996;17.996;71.537;93.044;35.898;19.342;50.132;1.922;0.755;0.437;1.487;0.030;3.164;96.208;95.268;34.282;0.948;1.180;0.948;0.002;0.738;5.398;0.162;0;2;33.831;33.833;nan;nan;nan;28576;1;0;0;0;0;0;0
187;1;1;1;IDLE;0.000;0.000;1.000;19439.172933;19439.176395;19439.213270;19439.268956;797511;797511;797511;9969;22;12760176;12760216;100.000;605.623;605.623;6.924;7.590;3062.452;4.364;0.000;0.000;6.503;9.015;0.002;19.882;19.882;71.491;92.560;36.874;21.481;53.920;3.469;0.841;0.430;1.726;0.036;3.462;96.023;94.550;33.098;0.235;1.121;0.235;0.002;0.283;5.681;0.170;0;2;32.079;32.081;nan;nan;nan;28764;1;0;0;0;0;0;0
188;1;1;1;IDLE;0.000;0.000;1.000;19439.205820;19439.209007;19439.246352;19439.305539;794879;794879;794879;9936;21;12718064;12718104;100.000;576.708;576.708;6.518;7.152;3052.345;4.194;0.000;0.000;5.228;9.010;0.001;18.431;18.431;74.478;96.532;37.345;19.093;49.353;2.579;0.778;0.431;1.405;0.035;3.187;99.719;97.800;32.612;0.721;1.096;0.721;0.011;1.042;5.575;0.167;0;2;31.610;31.611;nan;nan;nan;27072;1;0;0;0;0;0;0
189;1;1;1;IDLE;0.000;0.000;1.000;19439.239327;19439.242760;19439.276531;19439.337620;793590;793590;793590;9920;21;12697440;12697480;100.000;598.530;598.530;6.654;7.288;3047.395;4.292;0.000;0.000;4.961;7.127;0.002;16.379;16.379;73.646;94.860;33.770;17.267;48.502;2.216;0.803;0.477;1.434;0.030;3.433;98.293;96.548;33.753;0.420;1.054;0.420;0.002;0.465;5.424;0.163;0;2;36.129;36.131;nan;nan;nan;27636;1;0;0;0;0;0;0
190;1;1;1;IDLE;0.000;0.000;1.000;19439.272697;19439.276186;19439.316888;19439.367539;788938;788938;788938;9862;22;12623008;12623048;100.000;582.891;582.891;6.789;7.454;3029.532;4.214;0.000;0.000;7.662;10.398;0.003;22.274;22.274;69.697;91.353;40.702;24.382;54.725;4.628;0.746;0.430;1.817;0.040;3.489;94.842;93.133;33.426;0.092;0.994;0.092;0.002;0.983;5.988;0.180;0;2;31.125;31.130;nan;nan;nan;28200;1;0;0;0;0;0;0
191;1;1;1;IDLE;0.000;0.000;1.000;19439.304461;19439.308180;19439.345452;19439.395504;784846;784846;784846;9811;22;12557536;12557576;100.000;610.891;610.891;6.699;7.364;3013.818;3.719;0.000;0.000;4.779;11.904;0.002;20.401;20.401;66.768;87.324;37.272;23.363;54.736;2.107;0.766;0.455;1.420;0.032;3.718;91.043;87.765;31.993;1.340;1.015;1.340;0.003;0.030;5.689;0.171;0;2;33.988;33.989;nan;nan;nan;27824;1;0;0;0;0;0;0
192;1;1;1;IDLE;0.000;0.000;1.000;19439.339291;19439.342469;19439.374086;19439.431891;788004;788004;788004;9851;22;12608064;12608104;100.000;622.960;622.960;6.744;7.409;3025.945;3.741;0.000;0.000;4.811;6.460;0.001;15.012;15.012;69.183;89.422;31.617;16.788;47.481;2.062;0.781;0.482;1.456;0.030;3.178;92.600;90.819;34.289;0.956;1.012;0.956;0.003;0.103;5.472;0.164;0;2;27.873;27.876;nan;nan;nan;28012;1;0;0;0;0;0;0
193;1;1;1;IDLE;0.000;0.000;1.000;19439.372166;19439.376612;19439.411410;19439.468862;795964;795964;795964;9950;21;12735424;12735464;100.000;640.767;640.767;6.473;7.107;3056.511;4.330;0.000;0.000;5.534;8.701;0.001;18.564;18.564;72.374;92.249;34.798;20.124;53.349;2.858;0.779;0.465;1.403;0.029;4.446;96.695;94.456;34.143;0.810;0.999;0.810;0.002;0.685;5.491;0.165;0;1;29.178;29.179;nan;nan;nan;26884;1;0;0;0;0;0;0
194;1;1;1;IDLE;0.000;0.000;1.000;19439.407994;19439.413677;19439.445362;19439.502668;799207;799207;799207;9991;21;12787312;12787352;100.000;686.456;686.456;6.564;7.198;3068.964;4.023;0.000;0.000;4.273;8.574;0.002;16.869;16.869;70.363;88.991;31.684;18.956;53.241;1.615;0.771;0.457;1.403;0.028;5.684;94.675;94.929;37.065;3.732;1.170;3.732;0.002;0.208;5.191;0.156;0;1;32.071;32.071;nan;nan;nan;27260;1;0;0;0;0;0;0
195;1;1;1;IDLE;0.000;0.000;1.000;19439.439173;19439.444515;19439.475358;19439.538359;799402;799402;799402;9993;22;12790432;12790472;100.000;635.537;635.537;6.879;7.545;3069.713;4.165;0.000;0.000;4.198;6.497;0.003;14.860;14.860;73.719;93.844;30.842;15.835;48.182;1.555;0.785;0.437;1.394;0.027;5.342;99.186;97.287;30.838;2.495;1.253;2.495;0.002;0.019;4.946;0.148;0;2;33.803;33.804;nan;nan;nan;28576;1;0;0;0;0;0;0
196;1;1;1;IDLE;0.000;0.000;1.000;19439.472272;19439.475498;19439.510372;19439.570169;800483;800483;800483;10007;104;12807728;12807768;100.000;624.928;624.928;32.598;35.821;3073.864;4.264;0.000;0.000;6.631;7.427;0.011;18.322;18.322;74.176;94.671;34.874;19.354;52.539;3.539;0.972;0.445;1.639;0.035;3.227;97.897;95.764;30.983;2.350;1.321;2.350;0.009;0.311;5.373;0.161;0;2;35.407;35.410;nan;nan;nan;135736;1;0;0;0;0;0;0
197;1;1;1;IDLE;0.000;0.000;1.000;19439.506160;19439.510061;19439.548350;19439.604650;798336;798336;798336;9980;21;12773376;12773416;100.000;586.743;586.743;6.518;7.152;3065.620;4.406;0.000;0.000;6.484;9.298;0.004;20.188;20.188;72.819;94.589;38.289;21.343;52.725;3.238;0.853;0.434;1.923;0.036;3.901;98.490;96.911;34.563;1.229;1.316;1.229;0.003;0.734;5.657;0.170;0;2;31.111;31.114;nan;nan;nan;27072;1;0;0;0;0;0;0
198;1;1;1;IDLE;0.000;0.000;1.000;19439.538750;19439.542498;19439.578113;19439.636942;798454;798454;798454;9981;17;12775264;12775304;100.000;613.142;613.142;5.255;5.764;3066.073;3.810;0.000;0.000;4.770;9.956;0.004;18.537;18.537;73.608;94.444;35.615;19.627;52.048;2.107;0.779;0.460;1.396;0.029;3.748;98.192;95.870;32.437;0.897;1.289;0.897;0.003;0.049;5.438;0.163;0;2;36.486;36.488;nan;nan;nan;21808;1;0;0;0;0;0;0
199;1;1;1;IDLE;0.000;0.000;1.000;19439.572765;19439.575921;19439.615202;19439.668788;800770;800770;800770;10010;17;12812320;12812360;100.000;590.221;590.221;5.210;5.719;3074.966;4.070;0.000;0.000;6.963;10.015;0.002;21.048;21.048;71.159;92.867;39.281;22.665;53.583;3.675;1.073;0.431;1.742;0.042;3.156;96.023;94.382;33.423;0.090;1.214;0.090;0.002;0.592;5.829;0.175;0;2;31.749;31.751;nan;nan;nan;21620;1;0;0;0;0;0;0
200;1;1;1;IDLE;0.000;0.000;1.000;19439.604935;19439.609132;19439.646274;19439.703416;802378;802378;802378;10030;19;12838048;12838088;100.000;610.990;610.990;5.887;6.458;3081.141;3.842;0.000;0.000;4.752;11.027;0.002;19.621;19.621;73.272;94.284;37.142;20.811;52.827;2.062;0.788;0.453;1.420;0.029;4.197;98.482;95.677;33.211;0.122;1.146;0.122;0.003;0.348;5.563;0.167;0;2;33.537;33.538;nan;nan;nan;24440;1;0;0;0;0;0;0
201;1;1;1;IDLE;0.000;0.000;1.000;19439.639423;19439.642606;19439.677347;19439.735432;805285;805285;805285;10067;21;12884560;12884600;100.000;607.503;607.503;6.518;7.152;3092.304;4.182;0.000;0.000;4.950;8.018;0.002;17.150;17.150;71.617;92.826;34.741;18.476;49.366;2.195;0.801;0.473;1.452;0.029;3.183;96.009;94.360;33.474;0.141;1.083;0.141;0.003;0.561;5.413;0.162;0;2;34.080;34.082;nan;nan;nan;27072;1;0;0;0;0;0;0
202;1;1;1;IDLE;0.000;0.000;1.000;19439.672755;19439.676486;19439.711389;19439.769888;803318;803318;803318;10042;21;12853088;12853128;100.000;591.140;591.140;6.609;7.243;3084.751;4.216;0.000;0.000;5.147;7.981;0.001;17.344;17.344;71.658;93.401;34.903;18.569;49.693;2.155;0.771;0.456;1.735;0.030;3.732;97.133;95.482;33.880;0.547;1.050;0.547;0.002;0.029;5.353;0.161;0;2;32.021;32.022;nan;nan;nan;27448;1;0;0;0;0;0;0
203;1;1;1;IDLE;0.000;0.000;1.000;19439.705848;19439.709036;19439.742493;19439.801408;802036;802036;802036;10026;23;12832576;12832616;100.000;600.317;600.317;7.105;7.801;3079.828;4.235;0.000;0.000;5.001;7.014;0.003;16.250;16.250;70.996;92.373;33.457;17.592;48.570;2.226;0.805;0.478;1.461;0.029;3.187;95.560;93.669;32.549;0.784;1.033;0.784;0.002;0.063;5.267;0.158;0;2;34.406;34.407;nan;nan;nan;29516;1;0;0;0;0;0;0
204;1;1;1;IDLE;0.000;0.000;1.000;19439.739261;19439.742924;19439.779081;19439.829759;810228;810228;810228;10128;22;12963648;12963688;100.000;607.504;607.504;6.834;7.500;3111.285;4.305;0.000;0.000;5.591;8.518;0.002;18.414;18.414;65.495;86.835;36.157;21.205;50.927;2.943;0.777;0.433;1.407;0.031;3.663;90.498;88.686;33.888;0.555;1.003;0.555;0.003;0.705;5.353;0.161;0;2;30.842;30.843;nan;nan;nan;28388;1;0;0;0;0;0;0
205;1;1;1;IDLE;0.000;0.000;1.000;19439.772040;19439.775301;19439.809652;19439.864297;808185;808185;808185;10103;21;12930960;12931000;100.000;617.099;617.099;6.383;7.017;3103.440;4.110;0.000;0.000;5.124;8.021;0.001;17.256;17.256;68.041;88.996;34.350;19.389;50.234;2.377;0.831;0.475;1.408;0.033;3.262;92.257;89.892;32.378;0.956;1.000;0.956;0.010;0.240;5.299;0.159;0;2;28.123;28.125;nan;nan;nan;26508;1;0;0;0;0;0;0
206;1;1;1;IDLE;0.000;0.000;1.000;19439.805861;19439.810782;19439.844733;19439.902895;815223;815223;815223;10191;21;13043568;13043608;100.000;645.122;645.122;6.609;7.243;3130.466;4.267;0.000;0.000;4.674;9.024;0.001;17.964;17.964;71.894;92.113;33.952;19.503;52.912;1.986;0.801;0.468;1.395;0.025;4.920;97.033;95.156;35.480;2.147;1.072;2.147;0.002;0.033;5.146;0.154;0;1;28.584;28.586;nan;nan;nan;27448;1;0;0;0;0;0;0
207;1;1;1;IDLE;0.000;0.000;1.000;19439.840689;19439.845866;19439.878226;19439.935015;799426;799426;799426;9993;22;12790816;12790856;100.000;688.206;688.206;6.699;7.364;3069.805;4.055;0.000;0.000;4.369;8.432;0.003;16.857;16.857;70.563;89.149;32.360;18.908;52.091;1.626;0.784;0.463;1.468;0.028;5.177;94.326;93.943;35.084;1.751;1.114;1.751;0.002;0.970;4.954;0.149;0;1;33.098;33.099;nan;nan;nan;27824;1;0;0;0;0;0;0
208;1;1;1;IDLE;0.000;0.000;1.000;19439.873193;19439.878747;19439.912503;19439.969356;790320;790320;790320;9879;21;12645120;12645160;100.000;640.058;640.058;6.564;7.198;3034.838;3.997;0.000;0.000;4.361;8.632;0.002;16.990;16.990;70.853;90.609;33.757;18.751;50.332;1.728;0.750;0.446;1.402;0.034;5.554;96.163;94.950;32.881;0.453;1.073;0.453;0.002;1.004;4.811;0.144;0;2;31.137;31.142;nan;nan;nan;27260;1;0;0;0;0;0;0
209;1;1;1;IDLE;0.000;0.000;1.000;19439.905276;19439.908317;19439.941836;19440.001830;795945;795945;795945;9950;21;12735120;12735160;100.000;610.716;610.716;6.473;7.107;3056.438;4.098;0.000;0.000;5.013;6.786;0.003;15.897;15.897;72.660;93.513;33.519;16.999;47.426;2.129;0.782;0.483;1.589;0.029;3.041;96.554;94.091;29.570;3.763;1.241;3.763;0.003;0.864;4.864;0.146;0;2;34.302;34.303;nan;nan;nan;26884;1;0;0;0;0;0;0
210;1;1;1;IDLE;0.000;0.000;1.000;19439.939099;19439.942865;19439.977886;19440.035666;792891;792891;792891;9912;22;12686256;12686296;100.000;620.701;620.701;6.699;7.364;3044.711;4.113;0.000;0.000;6.017;7.861;0.002;17.990;17.990;72.362;92.801;35.021;19.386;51.369;3.378;0.759;0.438;1.407;0.035;3.766;96.567;94.594;34.548;1.214;1.240;1.214;0.003;0.702;5.158;0.155;0;2;31.801;31.802;nan;nan;nan;27824;1;0;0;0;0;0;0
211;1;1;1;IDLE;0.000;0.000;1.000;19439.972170;19439.975334;19440.008973;19440.070252;797320;797320;797320;9967;104;12757120;12757160;100.000;617.361;617.361;32.733;35.957;3061.718;4.193;0.000;0.000;5.811;6.877;0.006;16.881;16.881;74.254;94.918;33.639;17.784;50.182;3.150;0.793;0.437;1.399;0.031;3.164;98.082;95.847;32.470;0.864;1.216;0.864;0.003;0.283;5.324;0.160;0;2;33.566;33.569;nan;nan;nan;136300;1;0;0;0;0;0;0
212;1;1;1;IDLE;0.000;0.000;1.000;19440.005834;19440.009633;19440.043055;19440.100738;805214;805214;805214;10066;21;12883424;12883464;100.000;611.549;611.549;6.473;7.107;3092.031;4.382;0.000;0.000;4.946;7.106;0.002;16.435;16.435;70.038;91.105;33.422;18.039;49.173;2.196;0.852;0.461;1.407;0.030;3.799;94.904;92.999;34.299;0.965;1.200;0.965;0.002;0.300;5.232;0.157;0;2;34.299;34.301;nan;nan;nan;26884;1;0;0;0;0;0;0
213;1;1;1;IDLE;0.000;0.000;1.000;19440.039321;19440.042623;19440.078432;19440.129452;797126;797126;797126;9965;16;12754016;12754056;100.000;585.441;585.441;5.075;5.553;3060.973;4.320;0.000;0.000;5.801;8.173;0.002;18.294;18.294;65.044;86.830;35.809;21.069;51.088;3.149;0.765;0.449;1.404;0.035;3.301;90.131;88.380;32.990;0.344;1.147;0.344;0.003;0.045;5.381;0.161;0;2;30.476;30.477;nan;nan;nan;21056;1;0;0;0;0;0;0
214;1;1;1;IDLE;0.000;0.000;1.000;19440.071952;19440.075069;19440.108168;19440.169895;803136;803136;803136;10040;14;12850176;12850216;100.000;620.906;620.906;4.217;4.633;3084.052;4.032;0.000;0.000;4.943;6.834;0.001;15.809;15.809;74.130;94.826;33.099;16.672;47.764;2.020;0.776;0.477;1.640;0.029;3.117;97.943;95.490;32.447;0.887;1.131;0.887;0.012;0.613;5.274;0.158;0;2;28.112;28.116;nan;nan;nan;17484;1;0;0;0;0;0;0
215;1;1;1;IDLE;0.000;0.000;1.000;19440.105823;19440.110606;19440.144698;19440.201099;809297;809297;809297;10117;19;12948752;12948792;100.000;641.207;641.207;5.887;6.458;3107.710;4.345;0.000;0.000;5.575;8.267;0.002;18.187;18.187;70.299;90.493;34.092;20.097;53.347;2.870;0.798;0.461;1.415;0.030;4.783;95.276;93.360;35.537;2.203;1.198;2.203;0.002;0.052;5.359;0.161;0;1;33.461;33.462;nan;nan;nan;24440;1;0;0;0;0;0;0
216;1;1;1;IDLE;0.000;0.000;1.000;19440.141122;19440.145140;19440.179509;19440.230685;808156;808156;808156;10102;21;12930496;12930536;100.000;648.329;648.329;6.473;7.107;3103.329;4.089;0.000;0.000;4.777;9.020;0.002;17.886;17.886;65.601;85.545;34.369;20.908;52.040;2.140;0.763;0.445;1.397;0.031;4.017;89.563;89.613;34.534;1.200;1.198;1.200;0.003;0.623;5.219;0.157;0;2;30.607;30.608;nan;nan;nan;26884;1;0;0;0;0;0;0
217;1;1;1;IDLE;0.000;0.000;1.000;19440.171847;19440.174951;19440.208537;19440.230730;810355;810355;810355;10130;22;12965680;12965720;100.000;611.250;611.250;6.970;7.635;3111.773;4.073;0.000;0.000;4.907;6.975;0.001;15.955;15.955;34.568;55.779;33.586;28.605;47.506;2.161;0.821;0.482;1.415;0.029;3.104;58.884;56.325;29.811;3.522;1.343;3.522;0.003;0.488;5.146;0.154;0;2;29.119;29.120;nan;nan;nan;28952;1;0;0;0;0;0;0
218;1;1;1;IDLE;0.000;0.000;1.000;19440.205738;19440.210377;19440.245278;19440.269977;810211;810211;810211;10128;22;12963376;12963416;100.000;634.272;634.272;6.970;7.635;3111.220;4.345;0.000;0.000;5.481;8.624;0.002;18.451;18.451;39.162;59.601;34.902;30.957;52.864;2.567;0.805;0.462;1.617;0.031;4.639;64.239;62.238;35.426;2.093;1.390;2.093;0.002;0.355;5.241;0.157;0;1;33.258;33.260;nan;nan;nan;28952;1;0;0;0;0;0;0
219;1;1;1;IDLE;0.000;0.000;1.000;19440.240261;19440.245658;19440.279011;19440.338515;808645;808645;808645;10109;23;12938320;12938360;100.000;647.827;647.827;7.015;7.711;3105.206;4.283;0.000;0.000;4.255;8.290;0.003;16.827;16.827;72.885;92.857;33.353;18.122;50.451;1.600;0.775;0.445;1.406;0.028;5.397;98.255;97.443;35.281;1.948;1.425;1.948;0.002;0.834;5.000;0.150;0;2;31.654;31.655;nan;nan;nan;29140;1;0;0;0;0;0;0
220;1;1;1;IDLE;0.000;0.000;1.000;19440.272011;19440.275135;19440.310211;19440.370010;810783;810783;810783;10135;21;12972528;12972568;100.000;607.386;607.386;6.609;7.243;3113.416;4.203;0.000;0.000;5.865;7.414;0.002;17.483;17.483;73.517;94.875;35.076;18.428;49.843;3.204;0.796;0.440;1.394;0.032;3.124;97.999;95.604;29.477;3.856;1.577;3.856;0.003;0.435;5.219;0.157;0;2;35.712;35.716;nan;nan;nan;27448;1;0;0;0;0;0;0
221;1;1;1;IDLE;0.000;0.000;1.000;19440.306103;19440.310555;19440.348902;19440.370072;807088;807088;807088;10089;21;12913408;12913448;100.000;611.919;611.919;6.654;7.288;3099.228;4.322;0.000;0.000;6.814;10.017;0.002;21.153;21.153;38.414;59.517;38.347;35.541;55.162;3.526;1.084;0.434;1.735;0.035;4.452;63.969;62.333;35.420;2.087;1.609;2.087;0.002;0.410;5.624;0.169;0;2;31.119;31.121;nan;nan;nan;27636;1;0;0;0;0;0;0
222;1;1;1;IDLE;0.000;0.000;1.000;19440.337766;19440.341458;19440.377729;19440.436692;809369;809369;809369;10118;22;12949904;12949944;100.000;604.508;604.508;6.789;7.454;3107.987;3.885;0.000;0.000;5.207;9.606;0.003;18.698;18.698;73.812;95.234;36.271;19.634;51.551;2.193;0.791;0.462;1.731;0.030;3.692;98.927;95.620;30.904;2.430;1.660;2.430;0.003;0.032;5.523;0.166;0;2;33.104;33.106;nan;nan;nan;28200;1;0;0;0;0;0;0
223;1;1;1;IDLE;0.000;0.000;1.000;19440.372509;19440.375628;19440.409456;19440.468250;795354;795354;795354;9942;21;12725664;12725704;100.000;613.453;613.453;6.564;7.198;3054.169;4.228;0.000;0.000;4.830;7.428;0.002;16.485;16.485;71.878;92.622;33.828;17.798;48.732;2.069;0.797;0.469;1.464;0.030;3.119;95.741;93.844;34.170;0.836;1.608;0.836;0.010;0.815;5.352;0.161;0;2;34.659;34.661;nan;nan;nan;27260;1;0;0;0;0;0;0
224;1;1;1;IDLE;0.000;0.000;1.000;19440.406041;19440.410834;19440.445690;19440.502886;795455;795455;795455;9944;21;12727280;12727320;100.000;643.325;643.325;6.564;7.198;3054.557;4.034;0.000;0.000;6.038;8.584;0.002;18.656;18.656;72.268;92.052;34.856;20.267;53.524;3.322;0.758;0.436;1.488;0.035;4.793;96.845;95.147;35.206;1.873;1.625;1.873;0.003;0.446;5.529;0.166;0;2;31.138;31.141;nan;nan;nan;27260;1;0;0;0;0;0;0
225;1;1;1;IDLE;0.000;0.000;1.000;19440.438574;19440.441651;19440.476197;19440.535435;795720;795720;795720;9947;22;12731520;12731560;100.000;609.657;609.657;6.699;7.364;3055.574;4.131;0.000;0.000;5.065;7.910;0.002;17.106;17.106;72.901;93.784;34.546;18.240;49.517;2.163;0.771;0.482;1.618;0.031;3.077;96.861;94.363;30.817;2.516;1.681;2.516;0.002;0.685;5.416;0.162;0;2;34.595;34.596;nan;nan;nan;27824;1;0;0;0;0;0;0
226;1;1;1;IDLE;0.000;0.000;1.000;19440.472222;19440.476286;19440.510643;19440.536588;798723;798723;798723;9985;105;12779568;12779608;100.000;621.583;621.583;33.184;36.439;3067.106;4.276;0.000;0.000;6.003;7.382;0.008;17.660;17.660;39.742;60.302;34.357;29.287;51.403;3.373;0.758;0.435;1.401;0.037;4.064;64.366;62.182;34.635;1.302;1.657;1.302;0.004;0.407;5.568;0.167;0;2;32.170;32.173;nan;nan;nan;138180;1;0;0;0;0;0;0
227;1;1;1;IDLE;0.000;0.000;1.000;19440.505555;19440.508840;19440.544356;19440.601562;807441;807441;807441;10094;20;12919056;12919096;100.000;604.030;604.030;6.067;6.670;3100.583;4.272;0.000;0.000;5.186;8.012;0.003;17.470;17.470;71.334;92.722;35.516;18.842;49.190;2.256;0.770;0.456;1.674;0.031;3.285;96.008;93.823;32.554;0.779;1.602;0.779;0.002;0.926;5.476;0.164;0;2;34.183;34.184;nan;nan;nan;25192;1;0;0;0;0;0;0
228;1;1;1;IDLE;0.000;0.000;1.000;19440.539472;19440.543091;19440.581442;19440.636870;803316;803316;803316;10042;15;12853056;12853096;100.000;599.268;599.268;4.533;4.980;3084.743;4.408;0.000;0.000;5.956;10.023;0.001;20.388;20.388;72.332;93.780;38.352;21.740;53.160;3.286;0.765;0.437;1.435;0.034;3.619;97.399;95.798;34.251;0.917;1.559;0.917;0.003;0.920;5.601;0.168;0;2;30.140;30.141;nan;nan;nan;18800;1;0;0;0;0;0;0
229;1;1;1;IDLE;0.000;0.000;1.000;19440.571893;19440.575049;19440.610513;19440.670781;809074;809074;809074;10114;16;12945184;12945224;100.000;596.757;596.757;4.894;5.372;3106.854;4.178;0.000;0.000;4.797;8.021;0.003;16.996;16.996;74.039;95.732;35.464;17.753;47.924;2.117;0.786;0.446;1.418;0.029;3.156;98.888;96.375;31.958;1.375;1.548;1.375;0.002;0.950;5.404;0.162;0;2;34.375;34.376;nan;nan;nan;20304;1;0;0;0;0;0;0
230;1;1;1;IDLE;0.000;0.000;1.000;19440.606178;19440.609998;19440.646590;19440.702914;808265;808265;808265;10104;18;12932240;12932280;100.000;618.866;618.866;5.661;6.202;3103.747;4.289;0.000;0.000;5.945;9.018;0.004;19.252;19.252;72.020;92.916;36.592;20.720;52.613;3.217;0.768;0.437;1.492;0.031;3.820;96.737;95.175;34.949;1.616;1.552;1.616;0.002;0.729;5.544;0.166;0;2;33.201;33.204;nan;nan;nan;23500;1;0;0;0;0;0;0
231;1;1;1;IDLE;0.000;0.000;1.000;19440.638739;19440.642077;19440.680674;19440.737059;818848;818848;818848;10236;21;13101568;13101608;100.000;606.300;606.300;6.654;7.288;3144.386;4.363;0.000;0.000;7.044;9.014;0.002;20.421;20.421;73.372;94.982;38.597;21.500;52.908;3.733;1.075;0.437;1.761;0.038;3.338;98.320;95.987;32.079;1.254;1.533;1.254;0.003;0.925;5.926;0.178;0;2;31.250;31.251;nan;nan;nan;27636;1;0;0;0;0;0;0
232;1;1;1;IDLE;0.000;0.000;1.000;19440.672594;19440.676179;19440.712744;19440.768078;820617;820617;820617;10258;22;13129872;13129912;100.000;615.024;615.024;6.834;7.500;3151.179;4.173;0.000;0.000;5.354;9.017;0.003;18.544;18.544;70.550;91.899;36.565;20.179;50.715;2.290;0.814;0.465;1.754;0.032;3.585;95.484;93.673;34.102;0.769;1.486;0.769;0.005;0.840;5.788;0.174;0;2;33.327;33.330;nan;nan;nan;28388;1;0;0;0;0;0;0
233;1;1;1;IDLE;0.000;0.000;1.000;19440.705960;19440.709168;19440.746436;19440.796894;814146;814146;814146;10177;22;13026336;13026376;100.000;596.541;596.541;6.834;7.500;3126.330;4.215;0.000;0.000;6.015;8.630;0.002;18.860;18.860;65.889;87.725;37.268;21.499;50.607;3.275;0.775;0.443;1.486;0.035;3.208;90.933;89.155;32.989;0.344;1.414;0.344;0.002;0.782;5.851;0.176;0;2;30.266;30.267;nan;nan;nan;28388;1;0;0;0;0;0;0
234;1;1;1;IDLE;0.000;0.000;1.000;19440.738846;19440.741989;19440.776894;19440.836194;814852;814852;814852;10186;22;13037632;13037672;100.000;612.335;612.335;6.834;7.500;3129.041;4.131;0.000;0.000;4.570;8.908;0.002;17.609;17.609;72.914;94.206;34.905;18.692;50.447;1.878;0.790;0.458;1.414;0.030;3.142;97.348;95.122;32.820;0.513;1.358;0.513;0.003;0.133;5.536;0.166;0;2;28.901;28.904;nan;nan;nan;28388;1;0;0;0;0;0;0
235;1;1;1;IDLE;0.000;0.000;1.000;19440.773496;19440.778487;19440.815202;19440.868172;815725;815725;815725;10197;21;13051600;13051640;100.000;645.763;645.763;6.473;7.107;3132.394;4.502;0.000;0.000;5.495;10.239;0.002;20.237;20.237;69.474;89.685;36.715;22.564;55.118;2.777;0.791;0.458;1.437;0.032;4.991;94.676;93.766;36.498;3.165;1.471;3.165;0.002;0.766;5.532;0.166;0;1;31.227;31.229;nan;nan;nan;26884;1;0;0;0;0;0;0
236;1;1;1;IDLE;0.000;0.000;1.000;19440.805382;19440.810750;19440.843360;19440.903056;816078;816078;816078;10201;21;13057248;13057288;100.000;633.342;633.342;6.564;7.198;3133.749;4.512;0.000;0.000;4.366;7.332;0.002;16.210;16.210;71.690;92.306;32.610;17.561;49.707;1.709;0.788;0.453;1.390;0.026;5.368;97.674;95.317;32.263;1.070;1.446;1.070;0.002;0.293;5.243;0.157;0;2;32.141;32.142;nan;nan;nan;27260;1;0;0;0;0;0;0
237;1;1;1;IDLE;0.000;0.000;1.000;19440.838946;19440.842085;19440.877126;19440.935798;810868;810868;810868;10136;22;12973888;12973928;100.000;614.091;614.091;6.699;7.364;3113.743;4.169;0.000;0.000;4.936;8.020;0.002;17.125;17.125;72.585;93.712;35.040;18.274;48.872;2.274;0.779;0.436;1.416;0.031;3.139;96.852;94.726;31.336;1.998;1.480;1.998;0.003;0.954;5.169;0.155;0;2;33.947;33.948;nan;nan;nan;27824;1;0;0;0;0;0;0
238;1;1;1;IDLE;0.000;0.000;1.000;19440.872820;19440.876997;19440.911204;19440.971790;801907;801907;801907;10024;21;12830512;12830552;100.000;628.358;628.358;6.609;7.243;3079.332;4.213;0.000;0.000;5.607;8.017;0.002;17.837;17.837;74.374;94.793;34.207;18.817;52.144;2.971;0.763;0.439;1.403;0.031;4.178;98.970;97.385;34.912;1.578;1.487;1.578;0.002;0.161;5.284;0.159;0;2;32.607;32.609;nan;nan;nan;27448;1;0;0;0;0;0;0
239;1;1;1;IDLE;0.000;0.000;1.000;19440.905406;19440.908491;19440.943737;19441.003491;799196;799196;799196;9990;22;12787136;12787176;100.000;598.936;598.936;6.744;7.409;3068.922;4.028;0.000;0.000;5.935;7.471;0.002;17.434;17.434;73.650;95.000;35.245;18.352;49.465;3.294;0.777;0.433;1.395;0.035;3.085;98.085;95.753;31.494;1.839;1.509;1.839;0.003;0.485;5.449;0.163;0;2;35.520;35.522;nan;nan;nan;28012;1;0;0;0;0;0;0
240;1;1;1;IDLE;0.000;0.000;1.000;19440.940030;19440.943860;19440.982154;19441.036022;799621;799621;799621;9996;22;12793936;12793976;100.000;605.909;605.909;6.879;7.545;3070.554;4.322;0.000;0.000;6.778;9.801;0.004;20.902;20.902;71.046;92.162;38.294;22.679;54.582;3.462;1.088;0.441;1.751;0.037;3.830;95.992;94.949;35.368;2.035;1.541;2.035;0.002;0.596;5.787;0.174;0;2;31.132;31.135;nan;nan;nan;28576;1;0;0;0;0;0;0
241;1;1;1;IDLE;0.000;0.000;1.000;19440.971210;19440.974849;19441.011198;19441.071091;808174;808174;808174;10103;106;12930784;12930824;100.000;602.948;602.948;33.455;36.741;3103.398;3.982;0.000;0.000;5.203;9.602;0.008;18.787;18.787;74.795;96.242;36.349;19.521;51.686;2.221;0.779;0.460;1.711;0.032;3.640;99.881;96.685;30.990;2.344;1.592;2.344;0.010;0.086;5.644;0.169;0;2;34.419;34.421;nan;nan;nan;139308;1;0;0;0;0;0;0
242;1;1;1;IDLE;0.000;0.000;1.000;19441.005918;19441.009032;19441.044513;19441.101817;810609;810609;810609;10133;22;12969744;12969784;100.000;604.236;604.236;6.699;7.364;3112.748;4.322;0.000;0.000;5.483;8.265;0.003;18.070;18.070;71.320;92.785;35.481;19.475;50.928;2.393;0.787;0.446;1.821;0.035;3.114;95.898;94.078;34.183;0.850;1.545;0.850;0.003;0.265;5.610;0.168;0;2;34.839;34.840;nan;nan;nan;27824;1;0;0;0;0;0;0
243;1;1;1;IDLE;0.000;0.000;1.000;19441.039365;19441.042541;19441.080598;19441.130771;809086;809086;809086;10114;15;12945376;12945416;100.000;580.775;580.775;4.759;5.206;3106.900;4.486;0.000;0.000;6.225;9.021;0.002;19.731;19.731;65.940;88.230;38.057;22.363;51.846;3.233;0.852;0.444;1.662;0.033;3.176;91.405;89.699;33.509;0.176;1.460;0.176;0.002;0.518;5.770;0.173;0;2;30.235;30.237;nan;nan;nan;19740;1;0;0;0;0;0;0
244;1;1;1;IDLE;0.000;0.000;1.000;19441.072215;19441.075353;19441.108918;19441.169526;804105;804105;804105;10052;17;12865680;12865720;100.000;620.467;620.467;5.300;5.809;3087.773;3.921;0.000;0.000;5.174;7.271;0.001;16.365;16.365;73.437;94.173;33.564;17.378;48.758;2.250;0.793;0.478;1.622;0.031;3.139;97.312;95.121;32.812;0.521;1.401;0.521;0.002;0.381;5.623;0.169;0;2;29.120;29.123;nan;nan;nan;21996;1;0;0;0;0;0;0
245;1;1;1;IDLE;0.000;0.000;1.000;19441.105854;19441.110380;19441.147754;19441.202628;810243;810243;810243;10129;19;12963888;12963928;100.000;624.458;624.458;5.842;6.413;3111.343;4.477;0.000;0.000;5.924;10.023;0.003;20.424;20.424;71.488;92.248;37.375;22.140;54.647;3.238;0.777;0.450;1.424;0.035;4.526;96.774;94.889;35.026;1.693;1.419;1.693;0.002;0.665;5.704;0.171;0;1;31.791;31.792;nan;nan;nan;24252;1;0;0;0;0;0;0
246;1;1;1;IDLE;0.000;0.000;1.000;19441.138759;19441.144060;19441.177550;19441.237010;808451;808451;808451;10106;21;12935216;12935256;100.000;611.573;611.573;6.654;7.288;3104.461;4.675;0.000;0.000;4.287;7.746;0.003;16.709;16.709;71.800;92.950;33.490;17.976;49.891;1.629;0.780;0.457;1.393;0.028;5.301;98.251;95.938;33.680;0.347;1.352;0.347;0.002;0.303;5.355;0.161;0;2;32.818;32.820;nan;nan;nan;27636;1;0;0;0;0;0;0
247;1;1;1;IDLE;0.000;0.000;1.000;19441.172231;19441.175365;19441.209893;19441.270838;818595;818595;818595;10233;23;13097520;13097560;100.000;624.024;624.024;7.060;7.756;3143.414;4.349;0.000;0.000;6.233;7.009;0.004;17.591;17.591;74.484;95.473;34.528;18.425;50.946;3.252;0.845;0.436;1.663;0.036;3.134;98.607;96.433;31.305;2.028;1.394;2.028;0.003;0.294;5.580;0.167;0;2;34.120;34.125;nan;nan;nan;29328;1;0;0;0;0;0;0
248;1;1;1;IDLE;0.000;0.000;1.000;19441.205961;19441.209019;19441.245981;19441.303661;813416;813416;813416;10168;23;13014656;13014696;100.000;603.045;603.045;7.015;7.711;3123.527;4.145;0.000;0.000;6.315;8.979;0.004;19.439;19.439;73.061;94.643;36.962;20.539;52.592;3.362;0.783;0.438;1.691;0.040;3.058;97.700;95.922;33.654;0.321;1.327;0.321;0.004;0.082;5.783;0.173;0;2;33.832;33.833;nan;nan;nan;29140;1;0;0;0;0;0;0
249;1;1;1;IDLE;0.000;0.000;1.000;19441.239373;19441.242541;19441.280060;19441.336929;816251;816251;816251;10204;23;13060016;13060056;100.000;606.428;606.428;7.150;7.847;3134.413;4.465;0.000;0.000;6.710;9.019;0.003;20.194;20.194;72.852;94.388;37.518;21.394;53.823;3.358;1.158;0.438;1.718;0.037;3.168;97.556;95.857;33.522;0.189;1.256;0.189;0.012;0.241;6.021;0.181;0;2;32.617;32.618;nan;nan;nan;29704;1;0;0;0;0;0;0
250;1;1;1;IDLE;0.000;0.000;1.000;19441.272446;19441.275581;19441.313134;19441.371407;820584;820584;820584;10258;22;13129344;13129384;100.000;598.000;598.000;6.924;7.590;3151.052;4.168;0.000;0.000;6.091;9.017;0.003;19.276;19.276;73.870;95.826;37.553;20.116;51.330;3.343;0.867;0.435;1.410;0.036;3.135;98.961;97.002;33.040;0.293;1.196;0.293;0.002;0.486;6.044;0.181;0;2;32.804;32.806;nan;nan;nan;28764;1;0;0;0;0;0;0
251;1;1;1;IDLE;0.000;0.000;1.000;19441.305797;19441.308954;19441.344721;19441.403402;817535;817535;817535;10220;21;13080560;13080600;100.000;596.158;596.158;6.518;7.152;3139.344;4.265;0.000;0.000;5.989;7.529;0.002;17.783;17.783;72.507;94.448;35.767;18.828;49.717;2.394;1.136;0.459;1.961;0.039;3.157;97.605;95.664;33.373;0.040;1.124;0.040;0.002;0.304;6.037;0.181;0;2;34.210;34.212;nan;nan;nan;27072;1;0;0;0;0;0;0
252;1;1;1;IDLE;0.000;0.000;1.000;19441.339855;19441.343379;19441.382295;19441.436188;812707;812707;812707;10159;22;13003312;13003352;100.000;588.263;588.263;6.924;7.590;3120.804;4.123;0.000;0.000;5.886;10.018;0.003;20.028;20.028;70.704;92.809;38.916;21.580;51.465;3.127;0.766;0.437;1.520;0.036;3.524;96.334;95.116;34.425;1.092;1.122;1.092;0.003;0.903;6.005;0.180;0;2;31.121;31.123;nan;nan;nan;28764;1;0;0;0;0;0;0
253;1;1;1;IDLE;0.000;0.000;1.000;19441.371957;19441.375155;19441.411362;19441.471610;811017;811017;811017;10138;23;12976272;12976312;100.000;621.956;621.956;7.015;7.711;3114.315;4.013;0.000;0.000;5.111;10.024;0.003;19.148;19.148;75.591;96.455;36.207;19.851;52.884;2.219;0.788;0.475;1.595;0.033;3.198;99.654;97.205;31.776;1.558;1.149;1.558;0.003;0.205;5.784;0.174;0;2;34.846;34.848;nan;nan;nan;29140;1;0;0;0;0;0;0
254;1;1;1;IDLE;0.000;0.000;1.000;19441.405880;19441.409018;19441.444287;19441.503639;812416;812416;812416;10156;22;12998656;12998696;100.000;608.148;608.148;6.744;7.409;3119.687;4.264;0.000;0.000;5.758;7.864;0.003;17.886;17.886;73.246;94.621;35.269;18.903;50.714;3.098;0.787;0.438;1.397;0.036;3.138;97.759;95.900;33.863;0.530;1.110;0.530;0.009;0.262;5.782;0.173;0;2;35.184;35.185;nan;nan;nan;28012;1;0;0;0;0;0;0
255;1;1;1;IDLE;0.000;0.000;1.000;19441.440228;19441.444190;19441.482206;19441.535785;815874;815874;815874;10199;22;13053984;13054024;100.000;609.715;609.715;6.699;7.364;3132.966;4.412;0.000;0.000;5.972;9.701;0.003;20.086;20.086;70.185;91.595;38.016;21.929;52.835;3.133;0.771;0.434;1.599;0.035;3.962;95.557;94.713;35.172;1.839;1.156;1.839;0.002;0.929;5.836;0.175;0;2;31.129;31.130;nan;nan;nan;27824;1;0;0;0;0;0;0
256;1;1;1;IDLE;0.000;0.000;1.000;19441.472042;19441.475122;19441.511322;19441.571129;811813;811813;811813;10148;105;12989008;12989048;100.000;601.593;601.593;33.049;36.304;3117.372;3.959;0.000;0.000;5.154;8.745;0.007;17.858;17.858;74.416;96.007;36.200;18.601;49.332;2.327;0.799;0.479;1.516;0.032;3.080;99.087;96.724;30.932;2.402;1.234;2.402;0.002;0.707;5.672;0.170;0;2;33.203;33.207;nan;nan;nan;137616;1;0;0;0;0;0;0
257;1;1;1;IDLE;0.000;0.000;1.000;19441.506330;19441.509463;19441.544510;19441.601850;809323;809323;809323;10117;22;12949168;12949208;100.000;626.151;626.151;6.789;7.454;3107.810;4.316;0.000;0.000;5.604;7.840;0.002;17.760;17.760;71.706;92.387;35.047;19.224;50.676;2.454;0.779;0.454;1.885;0.033;3.133;95.520;94.111;34.341;1.008;1.220;1.008;0.002;0.919;5.662;0.170;0;2;34.455;34.456;nan;nan;nan;28200;1;0;0;0;0;0;0
258;1;1;1;IDLE;0.000;0.000;1.000;19441.539773;19441.543359;19441.581002;19441.630940;806066;806066;806066;10076;16;12897056;12897096;100.000;592.419;592.419;4.939;5.417;3095.303;4.311;0.000;0.000;5.956;9.263;0.002;19.530;19.530;65.810;87.581;37.643;22.299;51.882;3.254;0.779;0.441;1.449;0.032;3.586;91.167;89.867;33.896;0.563;1.178;0.563;0.011;0.642;5.741;0.172;0;2;30.108;30.109;nan;nan;nan;20492;1;0;0;0;0;0;0
259;1;1;1;IDLE;0.000;0.000;1.000;19441.571552;19441.574631;19441.609823;19441.669930;803994;803994;803994;10050;17;12863904;12863944;100.000;628.785;628.785;5.165;5.674;3087.347;3.863;0.000;0.000;5.351;9.188;0.002;18.403;18.403;74.840;95.299;35.192;19.311;52.291;2.380;0.772;0.467;1.701;0.031;3.079;98.378;95.524;31.272;2.061;1.234;2.061;0.002;0.192;5.646;0.169;0;2;30.297;30.301;nan;nan;nan;21432;1;0;0;0;0;0;0
260;1;1;1;IDLE;0.000;0.000;1.000;19441.605839;19441.610371;19441.647913;19441.702604;804675;804675;804675;10059;19;12874800;12874840;100.000;612.478;612.478;5.842;6.413;3089.962;4.430;0.000;0.000;5.891;10.022;0.003;20.343;20.343;71.213;92.234;37.542;22.056;54.188;3.177;0.786;0.451;1.444;0.033;4.531;96.765;94.866;35.740;2.406;1.307;2.406;0.002;0.605;5.713;0.171;0;1;32.035;32.036;nan;nan;nan;24252;1;0;0;0;0;0;0
261;1;1;1;IDLE;0.000;0.000;1.000;19441.638648;19441.643724;19441.677500;19441.734667;803023;803023;803023;10038;20;12848368;12848408;100.000;625.797;625.797;6.248;6.851;3083.618;4.552;0.000;0.000;4.648;8.544;0.003;17.743;17.743;70.412;90.944;33.777;19.510;52.531;1.994;0.782;0.457;1.391;0.024;5.075;96.019;93.595;33.353;0.020;1.227;0.020;0.002;0.050;5.451;0.164;0;2;33.644;33.646;nan;nan;nan;25944;1;0;0;0;0;0;0
262;1;1;1;IDLE;0.000;0.000;1.000;19441.672332;19441.675532;19441.711061;19441.769356;804900;804900;804900;10062;21;12878400;12878440;100.000;604.895;604.895;6.609;7.243;3090.826;4.171;0.000;0.000;5.748;8.022;0.002;17.940;17.940;72.533;93.824;35.528;19.122;50.496;3.121;0.764;0.435;1.395;0.033;3.200;97.024;94.950;31.809;1.525;1.245;1.525;0.002;0.465;5.531;0.166;0;2;31.624;31.625;nan;nan;nan;27448;1;0;0;0;0;0;0
263;1;1;1;IDLE;0.000;0.000;1.000;19441.705536;19441.708562;19441.742568;19441.769421;801032;801032;801032;10013;22;12816512;12816552;100.000;620.046;620.046;6.970;7.635;3075.972;4.302;0.000;0.000;5.415;7.457;0.002;17.175;17.175;40.189;60.860;34.007;28.220;50.503;2.277;0.776;0.454;1.877;0.031;3.025;63.885;61.683;33.029;0.304;1.186;0.304;0.002;0.461;5.505;0.165;0;2;34.240;34.241;nan;nan;nan;28952;1;0;0;0;0;0;0
264;1;1;1;IDLE;0.000;0.000;1.000;19441.739825;19441.744635;19441.778211;19441.835064;793638;793638;793638;9921;23;12698208;12698248;100.000;651.958;651.958;7.150;7.847;3047.580;4.211;0.000;0.000;5.213;8.015;0.003;17.439;17.439;70.952;90.429;33.577;19.284;51.937;2.602;0.752;0.437;1.393;0.029;4.809;95.239;93.992;36.073;2.740;1.283;2.740;0.002;0.869;5.437;0.163;0;2;33.134;33.135;nan;nan;nan;29704;1;0;0;0;0;0;0
265;1;1;1;IDLE;0.000;0.000;1.000;19441.772367;19441.776031;19441.813296;19441.864468;801156;801156;801156;10015;23;12818496;12818536;100.000;601.593;601.593;7.150;7.847;3076.449;4.285;0.000;0.000;5.965;9.022;0.002;19.273;19.273;67.129;88.437;37.265;21.793;51.719;3.289;0.760;0.435;1.426;0.055;3.664;92.102;90.063;31.397;1.937;1.324;1.937;0.003;0.966;5.573;0.167;0;2;30.787;30.788;nan;nan;nan;29704;1;0;0;0;0;0;0
266;1;1;1;IDLE;0.000;0.000;1.000;19441.805456;19441.808623;19441.843363;19441.903457;804749;804749;804749;10060;22;12875984;12876024;100.000;603.264;603.264;6.879;7.545;3090.246;4.032;0.000;0.000;5.076;8.019;0.002;17.127;17.127;73.490;94.834;34.739;18.060;49.301;2.050;0.784;0.461;1.751;0.030;3.167;98.001;95.718;32.592;0.741;1.288;0.741;0.003;0.297;5.452;0.164;0;2;29.119;29.121;nan;nan;nan;28576;1;0;0;0;0;0;0
267;1;1;1;IDLE;0.000;0.000;1.000;19441.839749;19441.844271;19441.881451;19441.935823;805449;805449;805449;10069;22;12887184;12887224;100.000;631.270;631.270;6.789;7.454;3092.934;4.374;0.000;0.000;5.719;10.019;0.003;20.112;20.112;71.138;91.553;37.180;21.967;54.093;3.017;0.800;0.463;1.408;0.031;4.522;96.074;94.751;35.648;2.314;1.352;2.314;0.008;1.019;5.525;0.166;0;1;32.021;32.022;nan;nan;nan;28200;1;0;0;0;0;0;0
268;1;1;1;IDLE;0.000;0.000;1.000;19441.872703;19441.877904;19441.911520;19441.971005;805329;805329;805329;10067;21;12885264;12885304;100.000;610.420;610.420;6.473;7.107;3092.473;4.510;0.000;0.000;4.410;8.017;0.002;16.937;16.937;71.993;93.102;33.617;18.192;50.383;1.742;0.780;0.455;1.405;0.028;5.201;98.303;96.600;33.633;0.300;1.286;0.300;0.002;0.077;5.251;0.158;0;2;32.316;32.317;nan;nan;nan;26884;1;0;0;0;0;0;0
269;1;1;1;IDLE;0.000;0.000;1.000;19441.905643;19441.908756;19441.944600;19442.001844;805419;805419;805419;10068;21;12886704;12886744;100.000;610.516;610.516;6.564;7.198;3092.819;4.063;0.000;0.000;5.937;8.011;0.002;18.011;18.011;71.980;93.089;35.844;19.348;50.248;3.291;0.777;0.438;1.396;0.035;3.113;96.202;94.105;30.852;2.482;1.361;2.482;0.003;0.784;5.426;0.163;0;2;34.411;34.413;nan;nan;nan;27260;1;0;0;0;0;0;0
270;1;1;1;IDLE;0.000;0.000;1.000;19441.939509;19441.942936;19441.980125;19442.036462;804474;804474;804474;10056;22;12871584;12871624;100.000;602.320;602.320;6.699;7.364;3089.190;4.442;0.000;0.000;6.659;8.447;0.001;19.548;19.548;72.156;93.526;37.189;20.901;52.564;3.635;0.761;0.432;1.789;0.042;3.427;96.953;95.389;34.180;0.847;1.329;0.847;0.003;0.709;5.740;0.172;0;2;30.163;30.164;nan;nan;nan;27824;1;0;0;0;0;0;0
271;1;1;1;IDLE;0.000;0.000;1.000;19441.972813;19441.975959;19442.009840;19442.069751;796101;796101;796101;9952;103;12737616;12737656;100.000;607.968;607.968;32.508;35.700;3057.037;4.041;0.000;0.000;4.914;7.103;0.008;16.058;16.058;72.841;93.792;33.881;17.121;47.395;2.152;0.792;0.482;1.458;0.030;3.146;96.938;95.346;33.024;0.310;1.265;0.310;0.002;0.909;5.536;0.166;0;2;33.720;33.723;nan;nan;nan;135360;1;0;0;0;0;0;0
272;1;1;1;IDLE;0.000;0.000;1.000;19442.006115;19442.009866;19442.045833;19442.102397;805073;805073;805073;10064;22;12881168;12881208;100.000;619.261;619.261;6.789;7.454;3091.490;4.254;0.000;0.000;5.760;9.020;0.002;19.034;19.034;71.730;92.531;35.967;20.570;52.920;3.137;0.762;0.434;1.397;0.031;3.752;96.283;94.659;33.907;0.574;1.222;0.574;0.002;0.383;5.598;0.168;0;2;32.933;32.934;nan;nan;nan;28200;1;0;0;0;0;0;0
273;1;1;1;IDLE;0.000;0.000;1.000;19442.038717;19442.041870;19442.077909;19442.137860;797204;797204;797204;9966;18;12755264;12755304;100.000;601.977;601.977;5.706;6.247;3061.273;4.121;0.000;0.000;6.660;8.017;0.002;18.797;18.797;74.802;95.991;36.039;19.583;52.159;3.407;1.087;0.430;1.700;0.035;3.152;99.143;96.788;32.003;1.330;1.229;1.330;0.002;0.171;5.868;0.176;0;2;32.502;32.503;nan;nan;nan;23688;1;0;0;0;0;0;0
274;1;1;1;IDLE;0.000;0.000;1.000;19442.072841;19442.075935;19442.110982;19442.168180;805139;805139;805139;10065;18;12882224;12882264;100.000;593.718;593.718;5.526;6.066;3091.743;4.273;0.000;0.000;4.742;8.014;0.002;17.029;17.029;70.547;92.245;35.047;18.460;48.589;2.112;0.765;0.439;1.397;0.029;3.094;95.339;93.774;34.065;0.732;1.198;0.732;0.003;0.590;5.590;0.168;0;2;34.888;34.891;nan;nan;nan;22936;1;0;0;0;0;0;0
275;1;1;1;IDLE;0.000;0.000;1.000;19442.107026;19442.111186;19442.147067;19442.196241;808073;808073;808073;10101;20;12929168;12929208;100.000;627.518;627.518;6.203;6.805;3103.010;4.314;0.000;0.000;6.036;9.019;0.002;19.368;19.368;64.452;85.056;35.881;22.771;53.979;3.360;0.770;0.441;1.430;0.034;4.159;89.215;88.502;35.251;1.917;1.243;1.917;0.002;0.220;5.707;0.171;0;2;30.127;30.129;nan;nan;nan;25756;1;0;0;0;0;0;0
276;1;1;1;IDLE;0.000;0.000;1.000;19442.138300;19442.141409;19442.174808;19442.233319;813584;813584;813584;10170;20;13017344;13017384;100.000;617.623;617.623;6.248;6.851;3124.172;3.859;0.000;0.000;5.085;7.203;0.002;16.147;16.147;70.833;91.910;33.398;17.568;48.347;2.165;0.785;0.483;1.621;0.030;3.110;95.019;92.247;30.224;3.110;1.359;3.110;0.010;0.023;5.554;0.167;0;2;28.631;28.634;nan;nan;nan;25944;1;0;0;0;0;0;0
277;1;1;1;IDLE;0.000;0.000;1.000;19442.172364;19442.176200;19442.211879;19442.270408;812306;812306;812306;10154;23;12996896;12996936;100.000;640.452;640.452;7.015;7.711;3119.265;4.364;0.000;0.000;5.981;8.682;0.001;19.027;19.027;73.914;94.208;35.679;20.197;53.328;3.306;0.792;0.457;1.395;0.031;3.836;98.044;96.002;34.791;1.458;1.365;1.458;0.002;0.720;5.664;0.170;0;1;30.118;30.119;nan;nan;nan;29140;1;0;0;0;0;0;0
278;1;1;1;IDLE;0.000;0.000;1.000;19442.207686;19442.213146;19442.249305;19442.302086;817500;817500;817500;10219;22;13080000;13080040;100.000;643.403;643.403;6.924;7.590;3139.210;4.197;0.000;0.000;4.376;11.024;0.003;19.597;19.597;68.610;88.940;36.159;22.033;54.196;1.654;0.794;0.461;1.439;0.029;5.461;94.401;94.348;36.946;3.613;1.506;3.613;0.002;0.427;5.348;0.160;0;1;32.122;32.124;nan;nan;nan;28764;1;0;0;0;0;0;0
279;1;1;1;IDLE;0.000;0.000;1.000;19442.238037;19442.242142;19442.278372;19442.337543;824803;824803;824803;10311;24;13196848;13196888;100.000;612.647;612.647;7.331;8.058;3167.253;4.758;0.000;0.000;5.131;9.022;0.002;18.911;18.911;73.860;95.401;36.229;19.822;52.197;2.461;0.796;0.456;1.391;0.027;4.105;99.506;96.471;28.996;4.337;1.683;4.337;0.002;0.533;5.296;0.159;0;2;32.734;32.735;nan;nan;nan;30456;1;0;0;0;0;0;0
280;1;1;1;IDLE;0.000;0.000;1.000;19442.272280;19442.275426;19442.309745;19442.368638;813944;813944;813944;10175;23;13023104;13023144;100.000;609.542;609.542;7.195;7.892;3125.555;4.163;0.000;0.000;5.274;7.319;0.002;16.756;16.756;71.847;93.213;34.320;17.976;48.824;2.259;0.803;0.446;1.731;0.034;3.146;96.359;94.233;33.283;0.050;1.581;0.050;0.003;0.357;5.294;0.159;0;2;35.111;35.115;nan;nan;nan;29892;1;0;0;0;0;0;0
281;1;1;1;IDLE;0.000;0.000;1.000;19442.306633;19442.310831;19442.346771;19442.397704;815307;815307;815307;10192;23;13044912;13044952;100.000;624.495;624.495;7.240;7.937;3130.788;4.396;0.000;0.000;5.787;8.811;0.002;18.994;18.994;65.985;86.873;35.940;21.864;52.849;3.112;0.780;0.441;1.414;0.039;4.198;91.071;89.965;35.405;2.072;1.611;2.072;0.002;0.450;5.423;0.163;0;2;30.674;30.676;nan;nan;nan;30080;1;0;0;0;0;0;0
282;1;1;1;IDLE;0.000;0.000;1.000;19442.338285;19442.341393;19442.375407;19442.436476;816329;816329;816329;10205;21;13061264;13061304;100.000;603.173;603.173;6.518;7.152;3134.713;4.012;0.000;0.000;5.230;6.742;0.001;15.984;15.984;73.429;95.083;34.015;16.810;46.990;2.421;0.812;0.482;1.483;0.032;3.108;98.191;95.404;30.562;2.771;1.684;2.771;0.003;0.385;5.377;0.161;0;2;29.034;29.036;nan;nan;nan;27072;1;0;0;0;0;0;0
283;1;1;1;IDLE;0.000;0.000;1.000;19442.372700;19442.376359;19442.412684;19442.469554;813249;813249;813249;10166;22;13011984;13012024;100.000;608.171;608.171;6.744;7.409;3122.886;4.524;0.000;0.000;5.342;9.016;0.002;18.882;18.882;71.799;93.195;36.324;20.261;51.982;2.225;0.773;0.445;1.863;0.035;3.659;96.854;95.148;34.967;1.633;1.681;1.633;0.002;0.568;5.373;0.161;0;1;32.803;32.805;nan;nan;nan;28012;1;0;0;0;0;0;0
284;1;1;1;IDLE;0.000;0.000;1.000;19442.406062;19442.410300;19442.444566;19442.504338;809333;809333;809333;10117;22;12949328;12949368;100.000;605.830;605.830;6.744;7.409;3107.848;4.262;0.000;0.000;4.766;7.827;0.003;16.855;16.855;72.663;94.038;34.266;17.923;49.187;2.089;0.785;0.442;1.422;0.027;4.238;98.276;96.599;33.941;0.607;1.614;0.607;0.002;0.295;5.227;0.157;0;2;32.811;32.812;nan;nan;nan;28012;1;0;0;0;0;0;0
285;1;1;1;IDLE;0.000;0.000;1.000;19442.438951;19442.442078;19442.477836;19442.536114;815482;815482;815482;10194;22;13047712;13047752;100.000;615.725;615.725;6.924;7.590;3131.460;4.368;0.000;0.000;6.245;8.019;0.003;18.633;18.633;72.846;94.037;35.759;19.814;52.106;3.536;0.788;0.437;1.449;0.035;3.127;97.164;95.042;31.778;1.556;1.610;1.556;0.011;0.291;5.486;0.165;0;2;34.517;34.518;nan;nan;nan;28764;1;0;0;0;0;0;0
286;1;1;1;IDLE;0.000;0.000;1.000;19442.472830;19442.476113;19442.513615;19442.571584;814633;814633;814633;10183;104;13034128;13034168;100.000;590.983;590.983;32.733;35.957;3128.200;4.189;0.000;0.000;6.134;8.717;0.011;19.040;19.040;73.416;95.471;37.502;19.943;50.770;3.274;0.772;0.434;1.615;0.039;3.283;98.754;97.179;34.036;0.702;1.553;0.702;0.002;0.592;5.654;0.170;0;2;31.205;31.211;nan;nan;nan;136300;1;0;0;0;0;0;0
287;1;1;1;IDLE;0.000;0.000;1.000;19442.505531;19442.508688;19442.544988;19442.603234;814941;814941;814941;10187;22;13039056;13039096;100.000;613.687;613.687;6.834;7.500;3129.383;4.162;0.000;0.000;4.978;10.041;0.003;19.181;19.181;73.298;94.546;36.300;20.288;52.841;2.132;0.803;0.466;1.539;0.038;3.157;97.703;95.495;32.575;0.759;1.504;0.759;0.002;0.030;5.488;0.165;0;2;36.633;36.634;nan;nan;nan;28388;1;0;0;0;0;0;0
288;1;1;1;IDLE;0.000;0.000;1.000;19442.539643;19442.542983;19442.581197;19442.637570;818847;818847;818847;10236;18;13101552;13101592;100.000;592.516;592.516;5.616;6.156;3144.382;4.362;0.000;0.000;6.450;9.140;0.003;19.952;19.952;72.475;94.587;38.214;21.093;52.210;3.284;0.856;0.438;1.836;0.035;3.340;97.927;96.497;34.295;0.962;1.470;0.962;0.002;0.509;5.735;0.172;0;2;31.169;31.172;nan;nan;nan;23312;1;0;0;0;0;0;0
289;1;1;1;IDLE;0.000;0.000;1.000;19442.572029;19442.575372;19442.610349;19442.669550;824052;824052;824052;10301;17;13184832;13184872;100.000;614.665;614.665;5.120;5.629;3164.369;4.097;0.000;0.000;5.425;7.216;0.003;16.738;16.738;72.727;94.178;34.978;17.773;47.853;2.458;0.796;0.468;1.673;0.030;3.343;97.521;95.144;32.389;0.945;1.437;0.945;0.003;0.882;5.660;0.170;0;2;34.431;34.433;nan;nan;nan;21244;1;0;0;0;0;0;0
290;1;1;1;IDLE;0.000;0.000;1.000;19442.606410;19442.609661;19442.647267;19442.704705;835458;835458;835458;10444;20;13367328;13367368;100.000;589.467;589.467;6.203;6.805;3208.168;4.542;0.000;0.000;5.197;9.058;0.003;18.797;18.797;72.367;95.044;37.607;19.777;49.983;2.256;0.793;0.461;1.654;0.033;3.251;98.295;96.966;34.289;0.956;1.407;0.956;0.003;0.672;5.550;0.166;0;2;31.336;31.337;nan;nan;nan;25756;1;0;0;0;0;0;0
291;1;1;1;IDLE;0.000;0.000;1.000;19442.639150;19442.642313;19442.677916;19442.736501;819605;819605;819605;10246;20;13113680;13113720;100.000;596.425;596.425;6.338;6.941;3147.293;4.355;0.000;0.000;5.219;7.634;0.003;17.208;17.208;72.200;94.188;35.602;18.270;48.333;2.360;0.814;0.478;1.535;0.032;3.163;97.351;95.429;32.652;0.681;1.362;0.681;0.002;0.759;5.472;0.164;0;2;34.417;34.419;nan;nan;nan;26320;1;0;0;0;0;0;0
292;1;1;1;IDLE;0.000;0.000;1.000;19442.672718;19442.675985;19442.715278;19442.736570;827799;827799;827799;10348;20;13244784;13244824;100.000;582.171;582.171;6.338;6.941;3178.758;4.291;0.000;0.000;5.928;9.916;0.002;20.134;20.134;37.834;60.585;39.293;33.233;51.241;3.192;0.782;0.443;1.472;0.038;3.267;63.852;62.165;33.672;0.339;1.298;0.339;0.002;0.696;5.592;0.168;0;2;31.131;31.137;nan;nan;nan;26320;1;0;0;0;0;0;0
293;1;1;1;IDLE;0.000;0.000;1.000;19442.705347;19442.708921;19442.744453;19442.802944;830771;830771;830771;10385;22;13292336;13292376;100.000;600.951;600.951;6.744;7.409;3190.170;4.441;0.000;0.000;5.095;8.289;0.005;17.824;17.824;71.904;94.023;35.532;18.957;50.163;2.277;0.818;0.480;1.489;0.031;3.573;97.596;95.205;32.936;0.398;1.241;0.398;0.002;0.027;5.473;0.164;0;2;34.836;34.838;nan;nan;nan;28012;1;0;0;0;0;0;0
294;1;1;1;IDLE;0.000;0.000;1.000;19442.739380;19442.742606;19442.780569;19442.837698;835004;835004;835004;10438;23;13360064;13360104;100.000;610.871;610.871;7.150;7.847;3206.425;4.466;0.000;0.000;6.479;9.047;0.003;19.991;19.991;73.221;95.092;37.963;21.023;52.660;3.463;0.786;0.434;1.751;0.045;3.226;98.317;96.625;33.685;0.352;1.186;0.352;0.002;0.564;5.732;0.172;0;2;31.416;31.418;nan;nan;nan;29704;1;0;0;0;0;0;0
295;1;1;1;IDLE;0.000;0.000;1.000;19442.772367;19442.775750;19442.811669;19442.869526;814967;814967;814967;10188;23;13039472;13039512;100.000;586.753;586.753;7.060;7.756;3129.483;4.105;0.000;0.000;4.934;8.079;0.004;17.118;17.118;71.553;93.776;35.919;18.254;47.656;2.233;0.798;0.452;1.419;0.032;3.383;97.158;95.120;33.144;0.189;1.123;0.189;0.002;0.680;5.538;0.166;0;2;34.100;34.103;nan;nan;nan;29328;1;0;0;0;0;0;0
296;1;1;1;IDLE;0.000;0.000;1.000;19442.806206;19442.809565;19442.846290;19442.904350;818656;818656;818656;10234;23;13098496;13098536;100.000;607.811;607.811;7.015;7.711;3143.649;4.494;0.000;0.000;6.525;8.498;0.003;19.516;19.516;73.235;94.785;36.725;20.590;53.142;3.356;0.955;0.434;1.742;0.037;3.359;98.144;96.611;33.815;0.482;1.083;0.482;0.003;0.148;5.794;0.174;0;2;31.728;31.730;nan;nan;nan;29140;1;0;0;0;0;0;0
297;1;1;1;IDLE;0.000;0.000;1.000;19442.839066;19442.842285;19442.877763;19442.934846;819807;819807;819807;10248;22;13116912;13116952;100.000;589.109;589.109;6.744;7.409;3148.068;4.224;0.000;0.000;4.938;8.018;0.003;17.181;17.181;70.296;92.562;35.478;18.561;48.426;2.243;0.811;0.447;1.406;0.031;3.218;95.780;93.774;32.720;0.613;1.054;0.613;0.003;0.253;5.586;0.168;0;2;34.602;34.603;nan;nan;nan;28012;1;0;0;0;0;0;0
298;1;1;1;IDLE;0.000;0.000;1.000;19442.873045;19442.876417;19442.914848;19442.964024;814766;814766;814766;10185;22;13036256;13036296;100.000;596.327;596.327;6.699;7.364;3128.711;4.503;0.000;0.000;6.038;10.023;0.002;20.564;20.564;65.746;87.607;38.431;23.473;53.508;3.364;0.777;0.433;1.426;0.038;3.372;90.979;89.618;34.132;0.799;1.038;0.799;0.003;0.506;5.704;0.171;0;2;30.017;30.018;nan;nan;nan;27824;1;0;0;0;0;0;0
299;1;1;1;IDLE;0.000;0.000;1.000;19442.905039;19442.908231;19442.941692;19442.996192;809259;809259;809259;10116;22;12948144;12948184;100.000;607.532;607.532;6.879;7.545;3107.564;4.047;0.000;0.000;5.043;6.943;0.001;16.033;16.033;66.648;87.961;33.461;18.228;47.916;2.219;0.796;0.478;1.520;0.030;3.192;91.153;88.453;31.815;1.519;1.068;1.519;0.003;0.158;5.545;0.166;0;2;29.269;29.272;nan;nan;nan;28576;1;0;0;0;0;0;0
300;1;1;1;IDLE;0.000;0.000;1.000;19442.939228;19442.943275;19442.975759;19443.018122;812212;812212;812212;10153;23;12995392;12995432;100.000;619.231;619.231;7.015;7.711;3118.904;4.439;0.000;0.000;4.984;5.772;0.002;15.194;15.194;53.860;74.847;32.484;20.301;46.775;2.206;0.784;0.484;1.474;0.035;4.047;78.893;77.049;35.044;1.710;1.108;1.710;0.002;0.739;5.408;0.162;0;1;26.202;26.204;nan;nan;nan;29140;1;0;0;0;0;0;0
