frame_id;rx_complete;tx_complete;current_skip;yaw;pitch;zoom;camera_send_timestamp;recv_start_timestamp;node_exit_timestamp;original_points;rx_media_bytes;tx_points;rx_packets;tx_packets;payload_bytes;reference_size_bytes;data_integrity_pct;internal_throughput_mbs;reference_throughput_mbs;logical_bitrate_mbps;network_bitrate_mbps;reference_bitrate_mbps;arrived_points;eroded_points;valid_points;erosion_ms;reconstruction_ms;pose_ms;reconstruction_pipeline_ms;tx_duration_ms;active_tx_ms;active_process_ms;reference_process_ms;total_processing_ms;total_residency_ms;reference_residency_ms;node_efficiency_pct;reference_efficiency_pct;gpu_transfer_ms;gpu_copyback_ms;host_overhead_ms;camera_node_ms;e2e_latency_ms;schedule_delay_ms;inter_arrival_ms;instant_jitter_ms;desynced_jitter_ms;pose_control_ms;codec_queue_ms;frame_queue_ms;codec_backlog;decode_service_ms;decode_h265_ms;ffmpeg_write_calls;ffmpeg_write_failures;codec_queue_drops;tx_zero_accepts;tx_partial_accepts;tx_resubmit_calls;tx_resubmitted_packets;mbuf_starvation
1;1;1;1;0.000000;0.000000;1.000000;20117.869164;20117.927411;20118.062024;784142;142128;146318;108;1829;142128;154656;100.000;189.435;206.005;561.874;603.123;37.117;178911;159140;146318;0.206;0.118;0.073;4.967;0.884;0.054;30.787;29.830;134.586;134.612;133.709;22.871;22.309;1.398;0.191;2.982;58.247;192.860;134.612;0.000;0.000;0.000;0.000;0.026;0.000;58;24.935;128.715;9;0;0;0;0;0;0;0
2;1;1;1;0.000000;0.000000;1.000000;20117.902499;20117.958295;20118.093946;783406;28764;144182;22;1803;28764;31316;100.000;0.911;0.988;553.671;594.335;7.516;169393;156499;144182;0.200;0.118;0.072;2.074;1.177;0.066;37.765;36.516;109.752;135.652;134.450;27.840;27.160;1.403;0.191;0.091;55.796;191.448;133.202;30.883;2.450;0.153;0.000;25.900;0.000;30;34.514;106.475;2;0;0;0;0;0;0;0
3;1;1;1;0.000000;0.000000;1.000000;20117.935832;20117.990016;20118.121900;780200;23124;141754;18;1772;23124;25212;100.000;0.708;0.768;544.348;584.312;6.051;164369;153953;141754;0.212;0.124;0.076;2.210;1.753;0.541;31.189;29.359;131.863;131.884;130.093;23.648;22.568;1.402;0.291;0.105;54.183;186.067;127.822;31.721;1.612;0.244;0.000;0.021;0.000;13;27.225;127.861;3;0;0;0;0;0;0;0
4;1;1;1;0.000000;0.000000;1.000000;20117.969166;20118.022869;20118.145627;778467;22748;139430;18;1743;22748;24836;100.000;0.861;0.937;535.424;574.733;5.961;160176;150044;139430;0.196;0.116;0.071;2.615;1.364;0.078;27.701;26.267;122.363;122.759;121.370;22.566;21.642;1.907;0.217;0.109;53.703;176.461;118.216;32.853;0.480;0.259;0.000;0.395;0.000;18;23.722;118.358;2;0;0;0;0;0;0;0
5;1;1;1;0.000000;0.000000;1.000000;20118.002499;20118.049429;20118.178831;776427;22184;137802;17;1723;22184;24156;100.000;0.683;0.741;529.172;568.031;5.797;157416;147596;137802;0.200;0.116;0.071;2.729;1.974;0.544;37.170;35.125;129.221;129.402;127.395;28.724;27.572;1.980;0.225;0.138;46.930;176.332;118.087;26.560;6.773;0.666;0.000;0.181;0.000;17;32.467;124.482;2;0;0;0;0;0;0;0
6;1;1;1;0.000000;0.000000;1.000000;20118.035832;20118.082064;20118.216996;774893;24440;137230;19;1716;24440;26644;100.000;0.750;0.815;526.976;565.676;6.395;155550;146606;137230;0.200;0.117;0.071;2.097;1.135;0.064;42.881;41.675;133.588;134.932;133.780;31.779;31.152;1.440;0.182;0.087;46.233;181.164;122.918;32.635;0.698;0.668;0.000;1.344;0.000;19;39.649;130.339;2;0;0;0;0;0;0;0
7;1;1;1;0.000000;0.000000;1.000000;20118.069166;20118.114919;20118.242427;775949;24628;137590;19;1720;24628;26832;100.000;0.693;0.752;528.358;567.149;6.440;155686;147298;137590;0.228;0.109;0.067;2.683;1.754;0.098;28.654;26.834;127.467;127.508;125.733;22.473;21.342;1.924;0.238;0.117;45.753;173.260;115.015;32.855;0.479;0.656;0.000;0.041;0.000;18;24.218;123.007;2;0;0;0;0;0;0;0
8;1;1;1;0.000000;0.000000;1.000000;20118.102499;20118.150649;20118.275253;775463;26132;137746;20;1722;26132;28452;100.000;0.795;0.862;528.957;567.793;6.828;154906;147243;137746;0.226;0.109;0.066;2.751;1.827;0.323;37.255;35.362;124.572;124.603;122.754;29.899;28.808;2.010;0.228;0.113;48.150;172.753;114.508;35.730;2.397;0.765;0.000;0.031;0.000;14;32.677;119.969;3;0;0;0;0;0;0;0
9;1;1;1;0.000000;0.000000;1.000000;20118.135834;20118.183687;20118.309610;775698;25944;138024;20;1726;25944;28264;100.000;0.837;0.909;530.025;568.951;6.783;154568;147458;138024;0.195;0.109;0.066;2.684;2.357;0.801;38.901;36.479;125.884;125.923;123.528;30.893;29.531;1.918;0.258;0.140;47.853;173.776;115.531;33.038;0.296;0.736;0.000;0.039;0.000;19;33.860;120.788;2;0;0;0;0;0;0;0
10;1;1;1;0.000000;0.000000;1.000000;20118.169165;20118.214821;20118.343234;778020;25380;138278;20;1729;25380;27700;100.000;0.749;0.814;531.000;569.994;6.648;154050;146842;138278;0.226;0.108;0.066;2.669;1.859;0.135;38.666;36.742;128.368;128.414;126.522;30.111;29.040;1.894;0.259;0.116;45.656;174.069;115.823;31.134;2.199;0.827;0.000;0.045;0.001;15;34.138;123.804;5;0;0;0;0;0;0;0
11;1;1;1;0.000000;0.000000;1.000000;20118.202499;20118.248882;20118.381601;778554;24064;139114;19;1739;24064;26268;100.000;0.754;0.820;534.210;573.430;6.304;154595;147809;139114;0.186;0.110;0.067;2.309;1.470;0.241;42.893;41.357;132.679;132.719;131.220;32.319;31.517;1.618;0.211;0.118;46.383;179.102;120.856;34.061;0.728;0.821;0.000;0.040;0.000;18;39.114;128.868;2;0;0;0;0;0;0;0
12;1;1;1;0.000000;0.000000;1.000000;20118.235832;20118.280975;20118.410814;779986;25756;140496;20;1757;25756;28076;100.000;0.759;0.825;539.517;579.143;6.738;155539;148958;140496;0.221;0.104;0.065;2.626;2.412;0.514;32.999;30.522;129.810;129.839;127.409;25.415;23.956;1.928;0.186;0.122;45.143;174.982;116.736;32.093;1.240;0.847;0.000;0.030;0.001;10;27.961;124.750;3;0;0;0;0;0;0;0
13;1;1;1;0.000000;0.000000;1.000000;20118.269165;20118.315050;20118.445897;780926;26320;142868;20;1786;26320;28640;100.000;486.963;528.121;548.626;588.905;6.874;157643;150973;142868;0.179;0.106;0.066;2.677;1.389;0.088;40.109;38.654;130.811;130.847;129.432;30.653;29.864;1.966;0.221;0.138;45.884;176.731;118.485;34.075;0.742;0.841;0.000;0.036;0.000;11;36.042;126.716;2;0;0;0;0;0;0;0
14;1;1;1;0.000000;0.000000;1.000000;20118.302499;20118.349127;20118.476770;782770;26884;144928;21;1812;26884;29320;100.000;0.793;0.862;556.536;597.402;7.037;159265;152825;144928;0.222;0.106;0.066;3.109;2.093;0.337;34.937;32.779;127.614;127.643;125.526;27.371;26.114;2.316;0.266;0.132;46.628;174.271;116.026;34.077;0.744;0.835;0.000;0.030;0.000;12;29.736;122.385;3;0;0;0;0;0;0;0
15;1;1;1;0.000000;0.000000;1.000000;20118.335833;20118.383183;20118.512220;784474;27260;146044;21;1826;27260;29696;100.000;0.826;0.897;560.821;602.004;7.127;159836;153185;146044;0.182;0.108;0.066;2.558;1.987;0.560;40.638;38.585;129.009;129.037;127.017;31.493;30.378;1.834;0.233;0.137;47.350;176.387;118.141;34.056;0.722;0.828;0.000;0.028;0.000;10;36.093;124.427;3;0;0;0;0;0;0;0
16;1;1;1;0.000000;0.000000;1.000000;20118.369166;20118.416351;20118.543221;785193;131788;145822;101;1823;131788;143504;100.000;4.125;4.489;559.969;601.083;34.441;177968;156948;145822;0.180;0.108;0.066;2.499;1.914;0.123;35.548;33.569;126.837;126.870;124.930;28.019;26.870;1.788;0.249;0.109;47.184;174.055;115.810;33.168;0.165;0.786;0.000;0.033;0.000;44;31.135;122.395;5;0;0;0;0;0;0;0
17;1;1;1;0.000000;0.000000;1.000000;20118.402501;20118.448367;20118.578635;782720;28952;144126;22;1802;28952;31504;100.000;617.223;669.594;553.456;594.097;7.561;169127;155796;144126;0.183;0.106;0.066;2.657;1.588;0.253;39.825;38.172;130.250;130.268;128.658;30.572;29.669;1.980;0.212;0.109;45.866;176.134;117.890;32.016;1.317;0.819;0.000;0.018;0.001;11;35.580;125.980;3;0;0;0;0;0;0;0
18;1;1;1;0.000000;0.000000;1.000000;20118.435832;20118.481869;20118.608912;781613;23124;141930;18;1775;23124;25212;100.000;0.692;0.751;545.024;585.055;6.051;164376;152343;141930;0.183;0.108;0.063;2.736;2.473;0.620;34.506;31.969;127.010;127.044;124.535;27.160;25.671;1.974;0.273;0.135;46.037;173.080;114.834;33.502;0.169;0.779;0.000;0.034;0.000;12;29.297;121.764;4;0;0;0;0;0;0;0
19;1;1;1;0.000000;0.000000;1.000000;20118.469166;20118.515465;20118.645646;780006;22184;139740;17;1747;22184;24156;100.000;0.667;0.723;536.614;576.014;5.797;160684;150225;139740;0.183;0.105;0.065;3.025;1.723;0.093;41.914;40.126;130.151;130.180;128.407;32.197;31.249;2.238;0.279;0.155;46.300;176.480;118.234;33.597;0.263;0.746;0.000;0.029;0.000;9;37.166;125.342;3;0;0;0;0;0;0;0
20;1;1;1;0.000000;0.000000;1.000000;20118.502500;20118.548905;20118.675988;780302;22936;138346;18;1730;22936;25024;100.000;0.710;0.772;531.261;570.277;6.006;157894;148300;138346;0.222;0.106;0.062;2.585;1.765;0.288;35.105;33.277;127.052;127.083;125.286;27.624;26.561;1.815;0.250;0.129;46.405;173.489;115.244;33.440;0.106;0.706;0.000;0.031;0.000;8;30.754;122.667;5;0;0;0;0;0;0;0
21;1;1;1;0.000000;0.087266;1.000000;20118.535833;20118.581371;20118.709392;779066;24816;137844;19;1724;24816;27020;100.000;0.747;0.810;529.333;568.214;6.485;156303;147479;137844;0.179;0.108;0.063;2.522;2.259;0.548;37.752;35.429;127.984;128.022;125.731;29.489;28.179;1.830;0.239;0.103;45.538;173.560;115.314;32.466;0.868;0.717;15.561;0.037;0.000;17;32.971;123.171;3;0;0;0;0;0;0;0
22;1;1;1;0.000000;0.087266;1.000000;20118.569167;20118.614752;20118.741044;778280;25192;138092;20;1727;25192;27512;100.000;0.749;0.815;530.286;569.234;6.603;156434;148303;138092;0.228;0.105;0.063;2.647;1.869;0.111;36.431;34.499;126.254;126.292;124.392;28.847;27.734;1.850;0.265;0.135;45.585;171.877;113.633;33.382;0.048;0.675;0.000;0.038;0.000;12;31.916;121.706;3;0;0;0;0;0;0;0
23;1;1;1;0.000000;0.087266;1.000000;20118.602499;20118.648572;20118.774762;778907;25944;138240;20;1728;25944;28264;100.000;0.782;0.849;530.854;569.825;6.783;155826;148511;138240;0.179;0.105;0.066;2.586;1.578;0.279;38.237;36.594;126.054;126.191;124.590;30.301;29.372;1.915;0.199;0.123;46.073;172.263;114.017;33.819;0.486;0.663;0.000;0.137;0.000;19;34.074;121.864;2;0;0;0;0;0;0;0
24;1;1;1;0.000000;0.087266;1.000000;20118.635832;20118.681906;20118.809211;779289;24064;138556;19;1732;24064;26268;100.000;0.743;0.809;532.068;571.129;6.304;155133;147900;138556;0.182;0.105;0.065;2.799;2.335;0.661;38.602;36.203;127.265;127.305;124.940;30.323;28.976;2.061;0.256;0.130;46.074;173.379;115.133;33.335;0.001;0.622;0.000;0.040;0.000;16;33.468;122.099;3;0;0;0;0;0;0;0
25;1;1;1;0.000000;0.087266;1.000000;20118.669165;20118.714445;20118.842335;779739;25004;138952;19;1737;25004;27208;100.000;726.239;787.483;533.588;572.762;6.530;154951;148061;138952;0.186;0.106;0.063;2.725;1.920;0.117;38.246;36.263;127.851;127.890;125.931;29.905;28.796;1.979;0.247;0.144;45.280;173.170;114.924;32.539;0.794;0.632;0.000;0.039;0.000;19;33.601;123.165;1;0;0;0;0;0;0;0
26;1;1;1;0.000000;0.087266;1.000000;20118.702499;20118.747535;20118.876781;779364;26508;139454;21;1744;26508;28944;100.000;0.784;0.854;535.516;574.848;6.947;155091;148214;139454;0.179;0.106;0.065;2.657;2.274;0.651;39.087;36.748;129.192;129.245;126.933;30.243;28.951;1.899;0.245;0.163;45.036;174.282;116.036;33.090;0.243;0.608;0.000;0.053;0.000;20;34.155;124.221;2;0;0;0;0;0;0;0
27;1;1;1;0.000000;0.087266;1.000000;20118.735832;20118.781485;20118.912021;780025;26508;140520;21;1757;26508;28944;100.000;0.798;0.869;539.609;579.235;6.947;155666;148911;140520;0.226;0.105;0.065;2.647;1.434;0.088;40.188;38.690;130.503;130.537;129.085;30.787;29.972;1.892;0.240;0.119;45.653;176.190;117.943;33.949;0.616;0.609;0.000;0.034;0.001;17;36.107;126.402;3;0;0;0;0;0;0;0
28;1;1;1;0.000000;0.087266;1.000000;20118.769165;20118.814838;20118.946303;780373;26508;141820;21;1773;26508;28944;100.000;0.762;0.830;544.601;584.588;6.947;156450;150058;141820;0.223;0.105;0.065;2.497;1.550;0.164;38.354;36.740;131.430;131.465;129.893;29.174;28.285;1.803;0.207;0.095;45.673;177.138;118.892;33.353;0.020;0.572;0.000;0.035;0.000;20;34.307;127.359;2;0;0;0;0;0;0;0
29;1;1;1;0.000000;0.087266;1.000000;20118.802499;20118.849767;20118.978100;781651;27824;143812;22;1798;27824;30376;100.000;0.802;0.873;552.251;592.801;7.290;158178;151821;143812;0.212;0.108;0.065;2.547;2.355;0.651;35.813;33.393;128.315;128.333;125.944;27.906;26.514;1.754;0.267;0.141;47.268;175.601;117.356;34.929;1.596;0.636;0.000;0.018;0.001;12;30.911;123.362;4;0;0;0;0;0;0;0
30;1;1;1;0.000000;0.087266;1.000000;20118.835833;20118.884623;20119.010069;781375;26508;144756;21;1810;26508;28944;100.000;0.835;0.909;555.876;596.697;6.947;158959;152458;144756;0.185;0.108;0.065;2.576;1.975;0.127;36.875;34.836;125.403;125.446;123.445;29.395;28.220;1.819;0.253;0.147;48.790;174.236;115.991;34.856;1.523;0.691;0.000;0.043;0.000;11;32.324;120.824;3;0;0;0;0;0;0;0
31;1;1;1;0.000000;0.087266;1.000000;20118.869166;20118.916535;20119.042223;784392;130660;143948;100;1800;130660;142260;100.000;4.086;4.446;552.773;593.368;34.142;176776;155937;143948;0.186;0.106;0.066;2.640;1.988;0.317;36.696;34.642;125.625;125.688;123.669;29.196;28.012;1.894;0.277;0.110;47.369;173.057;114.811;31.912;1.422;0.737;0.000;0.063;0.000;33;32.068;120.965;7;0;0;0;0;0;0;0
32;1;1;1;0.000000;0.087266;1.000000;20118.902499;20118.948585;20119.076985;782671;28764;141972;22;1775;28764;31316;100.000;0.860;0.934;545.185;585.216;7.516;167802;154013;141972;0.186;0.106;0.065;2.736;2.301;0.598;39.392;37.026;128.354;128.400;126.073;30.679;29.369;1.997;0.200;0.182;46.085;174.486;116.240;32.050;1.283;0.771;0.000;0.047;0.000;19;34.354;123.288;3;0;0;0;0;0;0;0
33;1;1;1;0.000000;0.087266;1.000000;20118.935833;20118.982163;20119.109682;776999;23500;139814;18;1748;23500;25588;100.000;0.711;0.771;536.898;576.321;6.141;162473;151153;139814;0.182;0.108;0.065;2.431;1.896;0.118;37.729;35.769;127.478;127.519;125.596;29.587;28.479;1.733;0.240;0.105;46.331;173.850;115.604;33.578;0.245;0.738;0.000;0.041;0.000;17;33.402;123.122;2;0;0;0;0;0;0;0
34;1;1;1;0.000000;0.087266;1.000000;20118.969167;20119.015380;20119.142937;778650;23124;137648;18;1721;23124;25212;100.000;0.707;0.768;528.581;567.394;6.051;157983;147475;137648;0.186;0.104;0.063;2.732;1.871;0.298;37.569;35.635;127.433;127.556;125.651;29.453;28.360;1.964;0.270;0.145;46.213;173.770;115.525;33.217;0.116;0.699;0.000;0.124;0.000;17;32.966;122.793;2;0;0;0;0;0;0;0
35;1;1;1;0.000000;0.087266;1.000000;20119.002499;20119.048236;20119.176613;778007;22936;137154;18;1715;22936;25024;100.000;0.691;0.751;526.684;565.362;6.006;156457;146475;137154;0.185;0.105;0.065;2.748;2.141;0.497;38.275;36.070;128.320;128.377;126.203;29.815;28.581;1.993;0.265;0.134;45.737;174.114;115.868;32.856;0.478;0.685;0.000;0.057;0.000;16;33.387;123.396;3;0;0;0;0;0;0;0
36;1;1;1;0.000000;0.087266;1.000000;20119.035832;20119.081613;20119.209515;776483;25192;138046;20;1726;25192;27512;100.000;0.749;0.815;530.109;569.035;6.603;155937;147008;138046;0.182;0.106;0.066;2.532;1.903;0.110;37.775;35.807;127.743;127.902;125.966;29.534;28.426;1.792;0.255;0.131;45.781;173.682;115.436;33.377;0.043;0.645;0.000;0.159;0.000;19;33.340;123.262;2;0;0;0;0;0;0;0
37;1;1;1;0.000000;0.087266;1.000000;20119.069165;20119.115389;20119.244191;781287;26320;139346;20;1742;26320;28640;100.000;757.800;821.849;535.101;574.388;6.874;157460;149487;139346;0.181;0.104;0.065;2.692;2.278;0.358;39.106;36.763;128.792;128.802;126.490;30.361;29.064;1.946;0.246;0.151;46.224;175.025;116.779;33.776;0.443;0.633;0.000;0.010;0.001;18;34.135;123.785;2;0;0;0;0;0;0;0
38;1;1;1;0.000000;0.087266;1.000000;20119.102500;20119.148620;20119.277348;780329;27824;141098;22;1764;27824;30376;100.000;0.842;0.917;541.829;581.612;7.290;157637;150141;141098;0.182;0.106;0.065;2.505;2.496;0.670;38.121;35.560;128.698;128.728;126.195;29.613;28.179;1.750;0.269;0.132;46.120;174.848;116.603;33.231;0.102;0.600;0.000;0.030;0.000;12;33.120;123.658;4;0;0;0;0;0;0;0
39;1;1;1;0.000000;0.087266;1.000000;20119.135834;20119.181808;20119.309894;780785;28952;142238;22;1778;28952;31504;100.000;0.875;0.949;546.206;586.306;7.561;158178;150818;142238;0.184;0.106;0.066;2.724;1.998;0.131;37.528;35.465;128.055;128.086;126.055;29.299;28.135;1.965;0.275;0.129;45.974;174.060;115.815;33.188;0.146;0.571;0.000;0.031;0.001;14;32.806;123.281;3;0;0;0;0;0;0;0
40;1;1;1;0.000000;0.087266;1.000000;20119.169166;20119.215067;20119.348059;785430;29704;143844;23;1799;29704;32372;100.000;0.885;0.962;552.373;592.946;7.769;159340;152098;143844;0.221;0.106;0.066;2.608;1.929;0.292;42.874;40.879;132.949;132.992;131.021;32.238;31.200;1.818;0.263;0.133;45.901;178.893;120.648;33.259;0.074;0.540;0.000;0.043;0.001;22;38.337;128.368;2;0;0;0;0;0;0;0
41;1;1;1;0.000000;0.087266;1.000000;20119.202499;20119.248779;20119.378248;789479;31020;146416;24;1831;31020;33804;100.000;0.942;1.023;562.250;603.545;8.113;161458;154259;146416;0.180;0.106;0.066;2.764;2.648;0.702;34.729;32.015;129.437;129.469;126.788;26.824;25.251;1.894;0.278;0.240;46.279;175.749;117.503;33.712;0.378;0.530;0.000;0.032;0.000;12;29.317;123.989;3;0;0;0;0;0;0;0
42;1;1;1;0.000000;0.087266;1.000000;20119.235833;20119.281866;20119.412411;789348;31396;148106;24;1852;31396;34180;100.000;0.950;1.031;568.740;610.508;8.203;163190;156459;148106;0.213;0.106;0.066;2.707;1.628;0.095;39.582;37.889;130.514;130.545;128.897;30.321;29.395;1.879;0.210;0.234;46.034;176.578;118.333;33.087;0.246;0.512;0.000;0.031;0.000;21;35.247;126.156;3;0;0;0;0;0;0;0
43;1;1;1;0.000000;0.087266;1.000000;20119.269165;20119.315073;20119.444477;792714;31584;149298;24;1867;31584;34368;100.000;561.004;608.759;573.317;615.424;8.248;164183;157597;149298;0.186;0.109;0.067;2.696;2.043;0.383;36.393;34.284;129.354;129.404;127.337;28.124;26.924;1.913;0.205;0.216;45.907;175.312;117.066;33.206;0.127;0.488;0.000;0.050;0.000;22;31.655;124.590;2;0;0;0;0;0;0;0
44;1;1;1;0.000000;0.087266;1.000000;20119.302499;20119.349383;20119.483244;790865;31772;150365;25;1880;31772;34672;100.000;0.907;0.987;577.414;619.814;8.321;165393;158411;150365;0.228;0.110;0.067;2.534;1.805;0.557;43.496;41.625;133.826;133.861;132.027;32.493;31.528;1.776;0.222;0.132;46.884;180.745;122.500;34.311;0.977;0.519;0.000;0.035;0.000;20;39.158;129.456;3;0;0;0;0;0;0;0
45;1;1;1;0.000000;0.087266;1.000000;20119.335832;20119.384573;20119.511319;787976;31960;151606;25;1896;31960;34860;100.000;0.971;1.056;582.180;624.941;8.366;166115;159428;151606;0.249;0.109;0.067;2.701;1.642;0.101;32.414;30.705;126.715;126.746;125.079;25.574;24.549;1.896;0.257;0.124;48.741;175.487;117.241;35.189;1.856;0.602;0.000;0.032;0.000;14;28.071;122.345;3;0;0;0;0;0;0;0
46;1;1;1;0.000000;0.087266;1.000000;20119.369167;20119.417638;20119.544292;789717;145888;151650;111;1896;145888;158764;100.000;4.598;5.001;582.348;625.110;38.103;188890;165163;151650;0.189;0.109;0.068;2.659;2.615;0.691;37.302;34.620;126.603;126.653;124.005;29.452;27.918;1.871;0.285;0.139;48.471;175.124;116.880;33.066;0.268;0.581;0.000;0.050;0.001;28;32.028;121.292;6;0;0;0;0;0;0;0
47;1;1;1;0.000000;0.087266;1.000000;20119.402499;20119.449431;20119.576638;784950;30268;150558;23;1882;30268;32936;100.000;778.676;844.857;578.155;620.601;7.905;179115;163191;150558;0.226;0.108;0.067;2.576;2.217;0.137;37.614;35.330;127.154;127.207;124.954;29.569;28.275;1.784;0.265;0.126;46.932;174.138;115.893;31.793;1.541;0.641;0.000;0.052;0.000;23;32.821;122.324;1;0;0;0;0;0;0;0
48;1;1;1;0.000000;0.087266;1.000000;20119.435833;20119.483128;20119.615232;781130;24440;148538;19;1857;24440;26644;100.000;0.758;0.824;570.398;612.280;6.395;174491;161518;148538;0.182;0.108;0.067;2.365;2.160;0.608;43.389;41.162;132.062;132.104;129.914;32.845;31.684;1.602;0.240;0.167;47.295;179.399;121.154;33.697;0.364;0.624;0.000;0.042;0.000;10;38.864;127.506;3;0;0;0;0;0;0;0
49;1;1;1;0.000000;0.087266;1.000000;20119.469166;20119.515508;20119.644575;780468;24628;147276;19;1841;24628;26832;100.000;0.748;0.812;565.552;607.073;6.440;169683;158314;147276;0.181;0.108;0.065;2.506;2.019;0.137;33.850;31.767;129.044;129.067;127.015;26.227;25.010;1.757;0.274;0.122;46.342;175.409;117.164;32.380;0.953;0.645;0.000;0.023;0.000;11;29.325;124.473;3;0;0;0;0;0;0;0
50;1;1;1;0.000000;0.087266;1.000000;20119.502499;20119.548584;20119.677463;783376;25192;146748;20;1835;25192;27512;100.000;0.758;0.825;563.525;604.910;6.603;166714;156688;146748;0.185;0.108;0.066;2.668;2.128;0.236;37.413;35.220;128.848;128.880;126.723;29.029;27.793;1.931;0.260;0.119;46.084;174.964;116.719;33.076;0.258;0.620;0.000;0.032;0.000;11;32.618;124.021;3;0;0;0;0;0;0;0
51;1;1;1;0.000000;0.087266;1.000000;20119.535833;20119.581991;20119.713536;787237;29328;145970;23;1825;29328;31996;100.000;0.863;0.939;560.537;601.697;7.679;163927;154647;145970;0.179;0.106;0.066;2.835;2.204;0.698;40.857;38.587;131.506;131.546;129.307;31.059;29.842;2.112;0.240;0.132;46.158;177.704;119.458;33.407;0.074;0.586;0.000;0.039;0.000;20;35.818;126.429;3;0;0;0;0;0;0;0
52;1;1;1;0.000000;0.087266;1.000000;20119.569166;20119.616136;20119.745301;787734;31208;147302;24;1842;31208;33992;100.000;0.932;1.012;565.652;607.195;8.158;163921;154970;147302;0.224;0.108;0.066;2.627;2.071;0.138;36.801;34.664;129.123;129.165;127.060;28.492;27.282;1.806;0.265;0.158;46.970;176.136;117.890;34.146;0.812;0.600;0.000;0.042;0.000;15;32.103;124.389;3;0;0;0;0;0;0;0
53;1;1;1;0.000000;0.087266;1.000000;20119.602499;20119.649772;20119.777997;787059;31584;148046;24;1851;31584;34368;100.000;666.961;723.734;568.509;610.255;8.248;163880;155377;148046;0.179;0.109;0.067;2.654;1.947;0.355;37.381;35.368;128.193;128.224;126.233;29.153;28.018;1.866;0.301;0.134;47.274;175.498;117.252;33.636;0.303;0.582;0.000;0.031;0.000;15;32.780;123.547;2;0;0;0;0;0;0;0
54;1;1;1;0.000000;0.087266;1.000000;20119.635833;20119.681890;20119.811671;786051;30832;148712;24;1859;30832;33616;100.000;0.905;0.984;571.067;612.993;8.068;163752;156015;148712;0.184;0.109;0.066;2.707;2.104;0.475;38.295;36.126;129.734;129.782;127.658;29.507;28.299;1.944;0.264;0.141;46.057;175.838;117.593;32.117;1.216;0.621;0.000;0.048;0.001;22;33.484;124.900;3;0;0;0;0;0;0;0
55;1;1;1;0.000000;0.087266;1.000000;20119.669166;20119.716105;20119.844137;796213;30832;148706;24;1859;30832;33616;100.000;0.914;0.994;571.044;612.970;8.068;163350;156198;148706;0.225;0.108;0.066;2.571;2.241;0.136;37.252;34.945;127.979;128.033;125.751;29.096;27.789;1.766;0.273;0.135;46.939;174.972;116.726;34.215;0.882;0.638;0.000;0.053;0.000;23;32.440;123.124;2;0;0;0;0;0;0;0
56;1;1;1;0.000000;0.087266;1.000000;20119.702501;20119.749985;20119.879852;790191;30080;148654;23;1859;30080;32748;100.000;0.934;1.013;570.844;612.770;7.860;162711;155789;148654;0.223;0.108;0.067;2.608;1.757;0.344;40.538;38.714;129.849;129.867;128.084;31.215;30.226;1.864;0.222;0.125;47.485;177.352;119.107;33.881;0.547;0.632;0.000;0.018;0.000;14;36.173;125.456;4;0;0;0;0;0;0;0
57;1;1;1;0.000000;0.087266;1.000000;20119.735832;20119.782358;20119.910914;798808;30832;148762;24;1860;30832;33616;100.000;0.913;0.992;571.259;613.208;8.068;162756;155654;148762;0.180;0.106;0.066;2.645;2.482;0.669;35.426;32.878;128.490;128.556;126.052;27.557;26.083;1.969;0.205;0.120;46.526;175.082;116.836;32.373;0.961;0.653;0.000;0.067;0.001;24;30.299;123.338;2;0;0;0;0;0;0;0
58;1;1;1;0.000000;0.087266;1.000000;20119.769166;20119.816283;20119.947014;797924;30832;149280;24;1866;30832;33616;100.000;0.942;1.025;573.248;615.332;8.068;163186;156181;149280;0.224;0.108;0.067;2.838;1.698;0.101;41.214;39.449;130.711;130.730;129.001;31.526;30.581;1.960;0.198;0.282;47.118;177.848;119.602;33.925;0.592;0.649;0.000;0.019;0.000;18;36.678;126.142;3;0;0;0;0;0;0;0
59;1;1;1;0.000000;0.087266;1.000000;20119.802499;20119.849143;20119.976856;794477;30644;149798;24;1873;30644;33428;100.000;0.916;0.996;575.237;617.479;8.023;163385;156786;149798;0.181;0.109;0.068;2.726;2.178;0.413;34.376;32.130;127.686;127.712;125.504;26.916;25.601;1.969;0.277;0.123;46.644;174.356;116.111;32.860;0.474;0.638;0.000;0.026;0.001;18;29.472;122.750;3;0;0;0;0;0;0;0
60;1;1;1;0.000000;0.087266;1.000000;20119.835833;20119.882763;20120.010309;789053;30644;150698;24;1884;30644;33428;100.000;0.930;1.011;578.693;621.183;8.023;164074;157604;150698;0.187;0.110;0.068;2.701;2.452;0.701;38.337;35.817;127.481;127.546;125.061;30.058;28.640;1.933;0.283;0.121;46.930;174.476;116.230;33.620;0.286;0.616;0.000;0.064;0.000;22;33.184;122.280;2;0;0;0;0;0;0;0
61;1;1;1;0.000000;0.087266;1.000000;20119.869166;20119.915896;20120.045803;783874;143444;149328;109;1867;143444;156088;100.000;144.623;157.275;573.432;615.539;37.461;186216;162709;149328;0.183;0.108;0.071;2.587;1.423;0.100;40.651;39.158;129.864;129.908;128.460;31.292;30.482;1.879;0.225;0.122;46.729;176.637;118.392;33.133;0.200;0.590;0.000;0.044;0.001;38;36.642;125.827;6;0;0;0;0;0;0;0
62;1;1;1;0.000000;0.087266;1.000000;20119.902499;20119.948917;20120.077050;782785;28764;146986;22;1838;28764;31316;100.000;0.866;0.939;564.439;605.892;7.516;175811;160606;146986;0.183;0.108;0.066;2.485;2.119;0.385;35.250;33.065;128.085;128.133;125.989;27.510;26.244;1.762;0.257;0.110;46.418;174.552;116.305;33.021;0.312;0.573;0.000;0.048;0.000;21;30.645;123.452;2;0;0;0;0;0;0;0
63;1;1;1;0.000000;0.087266;1.000000;20119.935833;20119.982291;20120.109754;782791;23124;145010;18;1813;23124;25212;100.000;0.715;0.777;556.851;597.740;6.051;170311;157273;145010;0.180;0.106;0.065;2.648;2.489;0.747;37.296;34.742;127.435;127.463;124.940;29.260;27.807;1.910;0.261;0.126;46.458;173.922;115.676;33.374;0.041;0.539;0.000;0.028;0.000;9;32.159;122.263;3;0;0;0;0;0;0;0
64;1;1;1;0.000000;0.087266;1.000000;20119.969166;20120.014808;20120.141552;782127;22184;143356;17;1792;22184;24156;100.000;0.651;0.707;550.500;590.915;5.797;165342;154121;143356;0.182;0.108;0.065;2.662;1.739;0.109;36.933;35.130;126.701;126.744;124.972;29.140;28.110;1.916;0.274;0.118;45.642;172.386;114.140;32.517;0.816;0.557;0.000;0.043;0.000;16;32.532;122.266;2;0;0;0;0;0;0;0
65;1;1;1;0.000000;0.087266;1.000000;20120.002499;20120.049043;20120.174361;785507;22748;142428;18;1781;22748;24836;100.000;0.681;0.741;546.936;587.103;5.961;163256;152932;142428;0.180;0.105;0.065;2.774;1.823;0.319;37.200;35.312;125.278;125.318;123.455;29.685;28.603;2.025;0.274;0.124;46.544;171.862;113.616;34.235;0.901;0.578;0.000;0.041;0.000;17;32.603;120.639;2;0;0;0;0;0;0;0
66;1;1;1;0.000000;0.087266;1.000000;20120.035832;20120.082598;20120.210918;789017;24064;142296;19;1779;24064;26268;100.000;0.752;0.818;546.429;586.551;6.304;161144;151780;142296;0.182;0.106;0.065;2.647;2.357;0.766;41.153;38.732;128.284;128.321;125.925;32.070;30.758;1.902;0.260;0.132;46.766;175.086;116.840;33.555;0.222;0.556;0.000;0.037;0.000;12;36.149;123.240;3;0;0;0;0;0;0;0
67;1;1;1;0.000000;0.087266;1.000000;20120.069166;20120.114750;20120.243255;789641;25756;142550;20;1782;25756;28076;100.000;0.793;0.861;547.404;587.594;6.738;160681;151981;142550;0.189;0.106;0.065;2.511;1.713;0.110;37.343;35.565;128.457;128.505;126.760;29.059;28.057;1.859;0.197;0.096;45.584;174.089;115.843;32.152;1.181;0.595;0.000;0.048;0.000;19;33.119;124.198;2;0;0;0;0;0;0;0
68;1;1;1;0.000000;0.087266;1.000000;20120.102499;20120.147429;20120.276126;784718;26320;142638;20;1783;26320;28640;100.000;558.621;605.836;547.742;587.954;6.874;160314;152040;142638;0.181;0.106;0.065;2.542;2.003;0.342;37.088;35.020;128.674;128.697;126.660;28.818;27.649;1.760;0.276;0.154;44.930;173.627;115.381;32.679;0.654;0.599;0.000;0.023;0.000;8;32.543;124.091;3;0;0;0;0;0;0;0
69;1;1;1;0.000000;0.087266;1.000000;20120.135832;20120.181782;20120.309810;778159;27636;142942;21;1787;27636;30072;100.000;0.834;0.905;548.910;589.212;7.217;159593;152039;142942;0.370;0.106;0.065;3.220;2.589;0.752;38.222;35.568;127.998;128.028;125.403;29.854;28.363;2.169;0.252;0.257;45.950;173.978;115.732;34.353;1.020;0.625;0.000;0.030;0.000;11;32.413;122.151;5;0;0;0;0;0;0;0
70;1;1;1;0.000000;0.087266;1.000000;20120.169166;20120.215076;20120.343042;776327;28012;143886;22;1799;28012;30564;100.000;0.840;0.914;552.535;593.108;7.335;159828;152562;143886;0.184;0.108;0.066;2.661;1.938;0.132;39.010;37.006;127.948;127.966;125.982;30.484;29.374;1.887;0.285;0.132;45.910;173.876;115.630;33.294;0.039;0.588;0.000;0.018;0.001;12;34.411;123.286;3;0;0;0;0;0;0;0
71;1;1;1;0.000000;0.087266;1.000000;20120.202499;20120.248569;20120.381481;786883;29892;145096;23;1814;29892;32560;100.000;0.911;0.989;557.181;598.092;7.814;160992;153891;145096;0.183;0.107;0.066;2.218;1.339;0.247;43.054;41.650;132.861;132.912;131.549;32.393;31.661;1.552;0.218;0.092;46.070;178.982;120.736;33.493;0.159;0.562;0.000;0.051;0.000;22;39.497;129.278;2;0;0;0;0;0;0;0
72;1;1;1;0.000000;0.087266;1.000000;20120.235832;20120.281560;20120.409989;787146;28764;146492;22;1832;28764;31316;100.000;0.835;0.906;562.542;603.859;7.516;162327;155426;146492;0.183;0.108;0.065;2.587;2.676;0.855;32.026;29.286;128.379;128.429;125.695;24.937;23.299;1.795;0.301;0.136;45.728;174.157;115.911;32.992;0.341;0.548;0.000;0.050;0.000;14;26.764;123.055;3;0;0;0;0;0;0;0
73;1;1;1;0.000000;0.087266;1.000000;20120.269166;20120.316166;20120.442522;781047;28576;148748;22;1860;28576;31128;100.000;0.891;0.968;571.205;613.154;7.471;164500;157916;148748;0.179;0.108;0.067;2.715;2.053;0.130;37.809;35.690;126.310;126.356;124.264;29.923;28.721;1.948;0.277;0.136;47.001;173.356;115.110;34.606;1.273;0.593;0.000;0.046;0.000;21;33.042;121.501;2;0;0;0;0;0;0;0
74;1;1;1;0.000000;0.087266;1.000000;20120.302500;20120.348372;20120.475811;782459;29892;150270;23;1879;29892;32560;100.000;0.894;0.971;577.049;619.427;7.814;165422;158779;150270;0.181;0.110;0.067;2.700;2.001;0.373;38.057;35.990;127.412;127.439;125.405;29.863;28.699;1.948;0.265;0.131;45.872;173.311;115.066;32.205;1.128;0.627;0.000;0.027;0.000;12;33.356;122.675;3;0;0;0;0;0;0;0
75;1;1;1;0.000000;0.087266;1.000000;20120.335832;20120.381946;20120.509966;781579;29704;150762;23;1885;29704;32372;100.000;0.875;0.951;578.939;621.452;7.769;165579;158851;150762;0.185;0.108;0.068;2.600;2.414;0.670;38.860;36.379;127.995;128.020;125.581;30.355;28.968;1.875;0.262;0.103;46.114;174.134;115.888;33.574;0.241;0.602;0.000;0.025;0.000;17;33.847;122.955;3;0;0;0;0;0;0;0
76;1;1;1;0.000000;0.087266;1.000000;20120.369166;20120.416078;20120.542816;784181;144384;151052;110;1889;144384;157144;100.000;4.519;4.916;580.052;622.656;37.715;189415;164593;151052;0.184;0.109;0.067;2.750;2.173;0.143;37.845;35.605;126.717;126.738;124.525;29.861;28.593;1.966;0.290;0.134;46.912;173.650;115.404;34.132;0.799;0.615;0.000;0.021;0.000;45;32.922;121.752;7;0;0;0;0;0;0;0
77;1;1;1;0.000000;0.087266;1.000000;20120.402500;20120.448091;20120.576625;782861;27636;150492;21;1882;27636;30072;100.000;513.654;557.156;577.902;620.347;7.217;180278;164553;150492;0.183;0.108;0.067;2.882;1.650;0.324;38.748;37.032;128.505;128.534;126.865;30.146;29.190;2.197;0.206;0.122;45.591;174.125;115.880;32.013;1.321;0.659;0.000;0.030;0.001;15;34.216;123.951;2;0;0;0;0;0;0;0
78;1;1;1;0.000000;0.087266;1.000000;20120.435832;20120.481390;20120.610473;779451;21244;148910;17;1862;21244;23216;100.000;0.631;0.686;571.827;613.821;5.572;175539;161908;148910;0.180;0.108;0.066;2.781;2.539;0.672;38.361;35.757;129.044;129.084;126.512;29.718;28.263;1.993;0.283;0.153;45.557;174.641;116.395;33.299;0.034;0.620;0.000;0.040;0.000;15;33.041;123.688;2;0;0;0;0;0;0;0
79;1;1;1;0.000000;0.087266;1.000000;20120.469165;20120.515247;20120.642839;784719;22184;147042;17;1839;22184;24156;100.000;0.674;0.731;564.654;606.129;5.797;169461;157945;147042;0.183;0.108;0.066;2.527;2.043;0.137;37.687;35.579;127.576;127.592;125.522;29.537;28.345;1.811;0.254;0.105;46.082;173.674;115.428;33.857;0.524;0.614;0.000;0.016;0.001;12;33.117;122.976;3;0;0;0;0;0;0;0
80;1;1;1;0.000000;0.087266;1.000000;20120.502499;20120.548318;20120.679866;780701;25004;146382;19;1830;25004;27208;100.000;498.666;540.718;562.119;603.392;6.530;166147;155889;146382;0.220;0.106;0.066;2.421;1.843;0.344;41.578;39.670;131.521;131.547;129.680;31.607;30.591;1.714;0.215;0.099;45.819;177.367;119.121;33.071;0.262;0.592;0.000;0.026;0.000;13;37.315;127.215;2;0;0;0;0;0;0;0
81;1;1;1;0.000000;0.087266;1.000000;20120.535833;20120.582190;20120.710655;785754;27824;145442;22;1819;27824;30376;100.000;0.815;0.887;558.510;599.534;7.290;164863;154984;145442;0.183;0.108;0.067;2.448;2.282;0.686;35.048;32.700;128.442;128.465;126.157;27.282;25.920;1.743;0.249;0.099;46.357;174.822;116.577;33.872;0.539;0.589;0.000;0.023;0.001;11;30.318;123.684;4;0;0;0;0;0;0;0
82;1;1;1;0.000000;0.087266;1.000000;20120.569166;20120.616480;20120.742722;783308;28576;145720;22;1822;28576;31128;100.000;0.908;0.986;559.577;600.669;7.471;164087;155292;145720;0.183;0.108;0.066;2.519;1.767;0.121;36.784;34.952;126.225;126.242;124.440;29.138;28.087;1.781;0.271;0.111;47.315;173.556;115.310;34.290;0.956;0.612;0.000;0.017;0.001;13;32.498;121.901;4;0;0;0;0;0;0;0
83;1;1;1;0.000000;0.087266;1.000000;20120.602502;20120.648086;20120.778141;782737;27260;145846;21;1824;27260;29696;100.000;0.793;0.861;560.061;601.198;7.127;163694;155667;145846;0.181;0.108;0.066;2.492;1.632;0.308;39.693;37.995;130.012;130.055;128.383;30.520;29.595;1.763;0.242;0.133;45.584;175.639;117.396;31.606;1.728;0.681;0.000;0.042;0.000;12;35.569;125.846;3;0;0;0;0;0;0;0
84;1;1;1;0.000000;0.087266;1.000000;20120.635832;20120.682634;20120.810240;781874;28764;146012;22;1826;28764;31316;100.000;0.873;0.948;560.699;601.881;7.516;163411;155702;146012;0.222;0.109;0.066;2.548;2.426;0.785;36.232;33.740;127.561;127.606;125.152;28.394;26.960;1.773;0.257;0.121;46.803;174.408;116.162;34.548;1.215;0.715;0.000;0.044;0.000;15;31.258;122.558;3;0;0;0;0;0;0;0
85;1;1;1;0.000000;0.087266;1.000000;20120.669166;20120.715709;20120.841324;780545;25192;146308;20;1829;25192;27512;100.000;0.777;0.845;561.835;603.085;6.603;163401;155920;146308;0.179;0.109;0.066;2.539;1.631;0.110;36.050;34.354;125.582;125.615;123.953;28.699;27.715;1.809;0.259;0.118;46.543;172.158;113.912;33.074;0.259;0.686;0.000;0.032;0.000;11;31.880;121.379;3;0;0;0;0;0;0;0
86;1;1;1;0.000000;0.087266;1.000000;20120.702499;20120.748299;20120.878692;778343;26884;146104;21;1827;26884;29320;100.000;0.812;0.883;561.052;602.256;7.037;162752;155296;146104;0.184;0.108;0.067;2.443;1.918;0.335;41.541;39.557;130.356;130.393;128.452;31.858;30.795;1.729;0.260;0.095;45.800;176.193;117.948;32.590;0.743;0.690;0.000;0.037;0.000;20;37.181;125.971;2;0;0;0;0;0;0;0
87;1;1;1;0.000000;0.087266;1.000000;20120.735832;20120.781564;20120.910621;778458;26320;145634;20;1821;26320;28640;100.000;0.783;0.849;559.247;600.316;6.874;161848;154581;145634;0.181;0.108;0.067;2.623;2.694;0.794;36.272;33.512;129.011;129.056;126.325;28.106;26.528;1.838;0.275;0.155;45.733;174.789;116.543;33.266;0.068;0.651;0.000;0.045;0.001;19;30.955;123.655;2;0;0;0;0;0;0;0
88;1;1;1;0.000000;0.087266;1.000000;20120.769165;20120.815342;20120.944267;778592;28764;145652;22;1821;28764;31316;100.000;0.884;0.959;559.316;600.385;7.516;161055;153940;145652;0.184;0.106;0.066;2.733;1.955;0.126;38.961;36.940;128.906;128.924;126.935;30.220;29.102;1.954;0.286;0.136;46.177;175.101;116.855;33.778;0.444;0.638;0.000;0.018;0.001;15;34.273;124.181;3;0;0;0;0;0;0;0
89;1;1;1;0.000000;0.087266;1.000000;20120.802499;20120.848027;20120.977541;779952;29516;146464;23;1831;29516;32184;100.000;0.878;0.954;562.434;603.729;7.724;161204;154204;146464;0.225;0.108;0.066;2.727;2.303;0.751;37.946;35.578;129.486;129.514;127.165;29.299;27.978;1.914;0.275;0.141;45.528;175.041;116.796;32.685;0.648;0.639;0.000;0.027;0.000;16;32.916;124.408;3;0;0;0;0;0;0;0
90;1;1;1;0.000000;0.087266;1.000000;20120.835833;20120.881808;20121.008830;779674;29516;148650;23;1859;29516;32184;100.000;0.861;0.936;570.828;612.755;7.724;163226;156615;148650;0.184;0.108;0.066;2.776;1.795;0.124;36.315;34.454;126.996;127.022;125.193;28.589;27.520;1.996;0.290;0.132;45.976;172.998;114.752;33.781;0.448;0.627;0.000;0.026;0.000;18;31.744;122.376;3;0;0;0;0;0;0;0
91;1;1;1;0.000000;0.087266;1.000000;20120.869167;20120.916261;20121.047343;781083;142692;149974;109;1875;142692;155336;100.000;4.400;4.787;575.913;618.200;37.281;187045;162867;149974;0.226;0.109;0.067;2.572;1.975;0.513;43.092;41.050;131.071;131.082;129.086;32.874;31.800;1.848;0.220;0.102;47.094;178.176;119.931;34.453;1.119;0.657;0.000;0.011;0.000;53;38.544;126.501;6;0;0;0;0;0;0;0
92;1;1;1;0.000000;0.087266;1.000000;20120.902499;20120.948768;20121.076531;780537;27260;150044;21;1876;27260;29696;100.000;0.818;0.889;576.181;618.492;7.127;179138;162901;150044;0.185;0.108;0.067;2.541;2.040;0.135;33.719;31.612;127.717;127.763;125.690;26.392;25.151;1.773;0.272;0.137;46.269;174.032;115.787;32.507;0.826;0.668;0.000;0.046;0.000;20;29.138;123.100;2;0;0;0;0;0;0;0
93;1;1;1;0.000000;0.087266;1.000000;20120.935834;20120.982220;20121.112489;773046;21620;148126;17;1852;21620;23592;100.000;0.667;0.725;568.816;610.585;5.662;174152;159484;148126;0.186;0.109;0.066;2.883;2.153;0.233;40.544;38.325;130.265;130.269;128.092;31.123;29.920;1.802;0.236;0.484;46.387;176.655;118.411;33.452;0.119;0.634;0.000;0.004;0.000;15;35.508;125.203;3;0;0;0;0;0;0;0
94;1;1;1;0.000000;0.087266;1.000000;20120.969166;20121.014793;20121.143396;770822;21056;145994;16;1825;21056;22912;100.000;490.205;531.195;560.629;601.789;5.499;169019;155899;145994;0.182;0.106;0.066;2.656;2.596;0.770;35.930;33.268;128.549;128.602;125.975;27.939;26.409;1.919;0.257;0.125;45.628;174.230;115.984;32.573;0.760;0.642;0.000;0.053;0.001;16;30.678;123.263;1;0;0;0;0;0;0;0
95;1;1;1;0.000000;0.087266;1.000000;20121.002498;20121.049118;20121.177346;778859;24440;143854;19;1799;24440;26644;100.000;0.749;0.814;552.412;592.985;6.395;164213;152823;143854;0.183;0.108;0.067;2.808;2.056;0.142;39.178;37.056;128.182;128.228;126.122;30.554;29.381;2.011;0.289;0.151;46.620;174.847;116.601;34.325;0.991;0.663;0.000;0.046;0.001;16;34.314;123.265;3;0;0;0;0;0;0;0
96;1;1;1;0.000000;0.087266;1.000000;20121.035832;20121.081893;20121.211166;778333;28012;144278;22;1804;28012;30564;100.000;0.840;0.914;554.040;594.726;7.335;162686;152644;144278;0.187;0.106;0.066;2.820;2.274;0.652;38.696;36.357;129.239;129.273;126.966;29.933;28.635;1.895;0.290;0.275;46.060;175.333;117.088;32.775;0.559;0.657;0.000;0.034;0.000;13;33.602;124.110;4;0;0;0;0;0;0;0
97;1;1;1;0.000000;0.087266;1.000000;20121.069167;20121.115387;20121.243357;782798;29328;144196;23;1803;29328;31996;100.000;0.883;0.961;553.725;594.388;7.679;162338;152995;144196;0.222;0.106;0.066;2.676;1.955;0.123;37.281;35.261;127.941;127.970;125.983;29.133;27.989;1.845;0.294;0.143;46.220;174.190;115.945;33.494;0.161;0.626;0.000;0.028;0.001;16;32.651;123.276;3;0;0;0;0;0;0;0
98;1;1;1;0.000000;0.087266;1.000000;20121.102501;20121.148734;20121.283022;781418;28200;144552;22;1807;28200;30752;100.000;0.839;0.912;555.092;595.846;7.380;163097;154695;144552;0.221;0.108;0.066;2.412;1.870;0.521;44.291;42.356;134.268;134.288;132.386;32.982;31.994;1.686;0.222;0.111;46.233;180.521;122.277;33.347;0.014;0.588;0.000;0.019;0.000;15;40.009;129.953;3;0;0;0;0;0;0;0
99;1;1;1;0.000000;0.087266;1.000000;20121.135833;20121.182483;20121.311505;777382;27824;144056;22;1801;27824;30376;100.000;0.853;0.929;553.188;593.806;7.290;160893;153232;144056;0.181;0.106;0.067;2.515;2.110;0.130;32.744;30.567;128.991;129.023;126.864;25.378;24.095;1.769;0.258;0.134;46.649;175.672;117.427;33.748;0.415;0.577;0.000;0.031;0.000;17;28.119;124.315;3;0;0;0;0;0;0;0
100;1;1;1;0.000000;0.087266;1.000000;20121.169167;20121.215228;20121.346475;778267;26696;144366;21;1805;26696;29132;100.000;0.805;0.875;554.378;595.086;6.992;160861;153041;144366;0.184;0.106;0.066;2.577;1.562;0.161;39.612;37.985;131.232;131.247;129.658;30.182;29.296;1.895;0.203;0.123;46.061;177.308;119.063;32.745;0.588;0.578;0.000;0.015;0.000;16;35.474;127.065;3;0;0;0;0;0;0;0
101;1;1;1;0.000000;0.087266;1.000000;20121.202501;20121.248565;20121.377936;780699;27072;144336;21;1805;27072;29508;100.000;0.773;0.840;554.263;594.971;7.082;160069;152117;144336;0.186;0.109;0.066;2.650;2.142;0.645;35.581;33.374;129.322;129.371;127.202;27.503;26.237;1.914;0.253;0.123;46.064;175.435;117.191;33.337;0.004;0.542;0.000;0.049;0.000;20;30.789;124.486;2;0;0;0;0;0;0;0
102;1;1;1;0.000000;0.087266;1.000000;20121.235839;20121.283728;20121.414546;780328;26508;144522;21;1807;26508;28944;100.000;0.817;0.889;554.977;595.730;6.947;160158;152432;144522;0.182;0.105;0.065;2.351;1.642;0.102;41.395;39.689;130.772;130.818;129.146;31.643;30.732;1.672;0.218;0.108;47.888;178.707;120.468;35.163;1.829;0.622;0.000;0.047;0.000;19;37.403;126.747;2;0;0;0;0;0;0;0
103;1;1;1;0.000000;0.087266;1.000000;20121.269167;20121.316311;20121.444029;782351;26696;144662;21;1809;26696;29132;100.000;0.821;0.893;555.515;596.313;6.992;160145;152928;144662;0.185;0.106;0.065;2.697;2.147;0.375;33.456;31.244;127.675;127.718;125.526;26.195;24.891;1.920;0.285;0.137;47.143;174.861;116.617;32.583;0.750;0.630;0.000;0.043;0.000;20;28.612;122.783;2;0;0;0;0;0;0;0
104;1;1;1;0.000000;0.087266;1.000000;20121.302499;20121.348996;20121.478368;782164;26696;144698;21;1809;26696;29132;100.000;0.790;0.859;555.653;596.451;6.992;159667;152449;144698;0.221;0.106;0.067;3.084;3.075;0.851;39.161;36.020;129.351;129.372;126.235;30.270;28.534;2.180;0.311;0.199;46.498;175.869;117.623;32.685;0.648;0.631;0.000;0.021;0.000;6;33.003;123.128;6;0;0;0;0;0;0;0
105;1;1;1;0.000000;0.087266;1.000000;20121.335832;20121.382952;20121.509982;783021;28388;145744;22;1822;28388;30940;100.000;0.832;0.904;559.669;600.761;7.426;160424;153429;145744;0.182;0.109;0.066;2.417;1.953;0.122;37.804;35.785;127.013;127.030;125.050;29.760;28.617;1.710;0.244;0.107;47.120;174.150;115.904;33.956;0.623;0.631;0.000;0.017;0.000;17;33.434;122.614;3;0;0;0;0;0;0;0
106;1;1;1;0.000000;0.087266;1.000000;20121.369166;20121.417262;20121.544620;786829;137804;147616;105;1846;137804;149984;100.000;4.374;4.758;566.858;608.491;35.996;185042;161832;147616;0.184;0.108;0.066;2.750;2.037;0.364;38.983;36.881;127.339;127.358;125.275;30.609;29.440;1.959;0.291;0.142;48.096;175.454;117.209;34.310;0.977;0.652;0.000;0.019;0.000;81;34.196;122.503;6;0;0;0;0;0;0;0
107;1;1;1;0.000000;0.087266;1.000000;20121.402500;20121.448832;20121.578948;789365;28952;150668;22;1884;28952;31504;100.000;543.365;589.469;578.578;621.068;7.561;177768;162796;150668;0.181;0.108;0.068;2.765;2.364;0.839;39.126;36.694;130.088;130.116;127.722;30.070;28.730;2.030;0.266;0.113;46.331;176.448;118.203;31.569;1.764;0.722;0.000;0.028;0.000;12;33.997;124.927;3;0;0;0;0;0;0;0
108;1;1;1;0.000000;0.087266;1.000000;20121.435832;20121.482180;20121.611355;790807;24064;152486;19;1907;24064;26268;100.000;0.699;0.760;585.559;628.568;6.304;176474;163748;152486;0.182;0.109;0.068;2.612;2.396;0.154;37.527;35.064;129.125;129.175;126.744;29.051;27.665;1.844;0.293;0.116;46.348;175.523;117.277;33.348;0.015;0.678;0.000;0.050;0.000;18;32.519;124.080;2;0;0;0;0;0;0;0
109;1;1;1;0.000000;0.087266;1.000000;20121.469166;20121.516778;20121.645033;789334;22184;152368;17;1905;22184;24156;100.000;0.685;0.743;585.106;628.070;5.797;174442;163100;152368;0.324;0.110;0.067;2.800;2.297;0.606;38.679;36.315;128.231;128.255;125.918;30.158;28.840;1.881;0.278;0.140;47.612;175.867;117.622;34.598;1.265;0.714;0.000;0.025;0.000;10;33.582;123.092;3;0;0;0;0;0;0;0
110;1;1;1;0.000000;0.087266;1.000000;20121.502500;20121.549347;20121.677548;783753;23500;151230;18;1891;23500;25588;100.000;0.699;0.758;580.736;623.384;6.141;171597;161691;151230;0.179;0.110;0.067;2.565;2.161;0.123;37.606;35.378;128.138;128.201;125.999;29.334;28.078;1.770;0.266;0.174;46.848;175.048;116.803;32.569;0.764;0.717;0.000;0.062;0.000;17;32.880;123.369;2;0;0;0;0;0;0;0
111;1;1;1;0.000000;0.087266;1.000000;20121.535835;20121.583140;20121.711342;781240;27448;149404;21;1868;27448;29884;100.000;0.859;0.933;573.724;615.853;7.172;171481;161939;149404;0.180;0.110;0.066;2.585;2.753;0.826;38.513;35.694;128.156;128.202;125.413;30.041;28.461;1.822;0.282;0.127;47.306;175.508;117.264;33.793;0.460;0.701;0.000;0.046;0.000;20;33.174;122.771;2;0;0;0;0;0;0;0
112;1;1;1;0.000000;0.087266;1.000000;20121.569166;20121.615234;20121.744506;781247;27824;147314;22;1842;27824;30376;100.000;0.809;0.881;565.698;607.241;7.290;168184;159245;147314;0.186;0.108;0.066;2.680;1.962;0.121;38.506;36.478;129.261;129.272;127.283;29.787;28.659;1.950;0.253;0.118;46.068;175.340;117.094;32.094;1.240;0.735;0.000;0.010;0.001;18;33.864;124.589;3;0;0;0;0;0;0;0
113;1;1;1;0.000000;0.087266;1.000000;20121.602500;20121.649768;20121.780373;783523;28200;145778;22;1823;28200;30752;100.000;0.879;0.956;559.800;600.914;7.380;166717;158767;145778;0.227;0.106;0.066;2.452;1.700;0.230;40.508;38.742;130.554;130.605;128.880;31.016;30.061;1.708;0.225;0.121;47.268;177.873;119.628;34.534;1.201;0.764;0.000;0.051;0.000;22;36.356;126.375;2;0;0;0;0;0;0;0
114;1;1;1;0.000000;0.087266;1.000000;20121.635832;20121.681998;20121.811742;783046;30268;145016;23;1813;30268;32936;100.000;0.882;0.957;556.874;597.763;7.905;164257;156572;145016;0.179;0.108;0.066;2.540;2.619;0.863;35.502;32.818;129.726;129.744;127.086;27.363;25.823;1.789;0.264;0.136;46.166;175.910;117.664;32.230;1.104;0.785;0.000;0.019;0.001;17;30.343;124.524;3;0;0;0;0;0;0;0
115;1;1;1;0.000000;0.087266;1.000000;20121.669166;20121.716456;20121.848957;785712;28764;145068;22;1814;28764;31316;100.000;0.897;0.974;557.074;597.985;7.516;162583;154922;145068;0.225;0.105;0.067;2.418;1.632;0.101;42.383;40.684;132.454;132.500;130.842;31.987;31.094;1.686;0.214;0.121;47.291;179.791;121.545;34.458;1.125;0.807;0.000;0.047;0.000;20;38.332;128.375;3;0;0;0;0;0;0;0
116;1;1;1;0.000000;0.087266;1.000000;20121.702500;20121.748667;20121.878033;788409;28200;145612;22;1821;28200;30752;100.000;0.820;0.891;559.163;600.232;7.380;162650;155379;145612;0.182;0.109;0.066;2.695;2.283;0.634;33.129;30.780;129.323;129.366;127.064;25.609;24.224;1.947;0.254;0.138;46.167;175.533;117.289;32.211;1.123;0.826;0.000;0.044;0.000;16;28.151;124.323;3;0;0;0;0;0;0;0
117;1;1;1;0.000000;0.087266;1.000000;20121.735832;20121.783227;20121.915942;785289;26884;145938;21;1825;26884;29320;100.000;0.831;0.904;560.414;601.574;7.037;162732;155573;145938;0.178;0.105;0.067;2.339;1.501;0.098;42.861;41.293;132.686;132.714;131.172;32.296;31.480;1.641;0.222;0.126;47.395;180.110;121.863;34.560;1.227;0.851;0.000;0.028;0.000;12;39.021;128.803;3;0;0;0;0;0;0;0
118;1;1;1;0.000000;0.087266;1.000000;20121.769166;20121.815723;20121.945211;784314;26132;145782;20;1823;26132;28452;100.000;0.757;0.822;559.815;600.930;6.828;161435;154237;145782;0.180;0.106;0.066;2.564;1.768;0.273;33.128;31.294;129.452;129.488;127.701;25.584;24.506;1.914;0.191;0.107;46.557;176.045;117.799;32.495;0.838;0.851;0.000;0.036;0.000;15;28.796;125.099;4;0;0;0;0;0;0;0
119;1;1;1;0.000000;0.087266;1.000000;20121.802500;20121.850393;20121.980622;784830;26696;145890;21;1824;26696;29132;100.000;0.828;0.900;560.230;601.367;6.992;161515;154364;145890;0.181;0.109;0.066;2.588;2.003;0.683;39.728;37.660;130.191;130.229;128.196;30.506;29.376;1.874;0.222;0.137;47.893;178.122;119.877;34.670;1.337;0.881;0.000;0.038;0.000;15;35.137;125.568;4;0;0;0;0;0;0;0
120;1;1;1;0.000000;0.087266;1.000000;20121.835835;20121.882791;20122.010912;784742;27260;145936;21;1825;27260;29696;100.000;0.776;0.843;560.407;601.566;7.127;161221;154288;145936;0.179;0.108;0.067;2.715;2.084;0.133;34.875;32.724;128.094;128.121;126.005;27.220;25.971;1.948;0.275;0.138;46.957;175.077;116.834;32.398;0.935;0.884;0.000;0.027;0.000;8;30.076;123.261;4;0;0;0;0;0;0;0
121;1;1;1;0.000000;0.087266;1.000000;20121.869166;20121.918090;20122.046327;787186;141564;147208;108;1841;141564;154092;100.000;4.533;4.931;565.291;606.812;36.982;185245;160619;147208;0.184;0.108;0.066;2.707;1.817;0.335;40.191;38.308;128.218;128.238;126.388;31.341;30.310;1.983;0.230;0.137;48.923;177.161;118.916;35.299;1.965;0.952;0.000;0.019;0.000;50;35.666;123.641;6;0;0;0;0;0;0;0
122;1;1;1;0.000000;0.087266;1.000000;20121.902501;20121.949387;20122.078615;792161;28952;148956;22;1862;28952;31504;100.000;609.798;661.538;572.004;613.998;7.561;177219;161017;148956;0.186;0.106;0.067;2.536;2.534;0.904;36.787;34.186;129.191;129.229;126.642;28.466;26.994;1.784;0.284;0.110;46.885;176.114;117.871;31.297;2.036;1.020;0.000;0.038;0.000;17;31.717;124.065;3;0;0;0;0;0;0;0
123;1;1;1;0.000000;0.087266;1.000000;20121.935835;20121.982693;20122.110968;788290;22936;150544;18;1882;22936;25024;100.000;0.689;0.748;578.101;620.547;6.006;175711;162542;150544;0.184;0.110;0.067;2.771;2.152;0.135;37.433;35.214;128.235;128.275;126.085;29.182;27.929;1.968;0.315;0.127;46.859;175.134;116.890;33.307;0.027;0.958;0.000;0.039;0.001;17;32.510;123.272;2;0;0;0;0;0;0;0
124;1;1;1;0.000000;0.087266;1.000000;20121.969166;20122.016175;20122.145037;789222;22936;152352;18;1905;22936;25024;100.000;0.693;0.753;585.044;628.008;6.006;174802;162931;152352;0.181;0.108;0.067;2.615;2.570;0.809;38.993;36.356;128.828;128.862;126.259;30.259;28.795;1.850;0.288;0.122;47.009;175.871;117.626;33.482;0.148;0.907;0.000;0.035;0.000;17;33.808;123.608;2;0;0;0;0;0;0;0
125;1;1;1;0.000000;0.087266;1.000000;20122.002499;20122.049460;20122.176520;787173;24628;151154;19;1890;24628;26832;100.000;0.753;0.818;580.444;623.070;6.440;171599;160739;151154;0.184;0.111;0.068;2.617;1.991;0.129;36.663;34.605;127.039;127.060;125.035;28.855;27.676;1.831;0.294;0.129;46.961;174.021;115.775;33.285;0.048;0.853;0.000;0.022;0.000;10;32.055;122.394;4;0;0;0;0;0;0;0
126;1;1;1;0.000000;0.087266;1.000000;20122.035833;20122.082310;20122.210015;776279;26132;149098;20;1864;26132;28452;100.000;0.782;0.849;572.549;614.588;6.828;169799;159714;149098;0.185;0.109;0.067;2.696;2.552;0.652;38.092;35.474;127.687;127.705;125.112;29.828;28.354;1.933;0.276;0.126;46.477;174.182;115.937;32.850;0.483;0.830;0.000;0.018;0.000;12;32.845;122.397;3;0;0;0;0;0;0;0
127;1;1;1;0.000000;0.087266;1.000000;20122.069166;20122.115882;20122.242558;773912;27448;146584;21;1833;27448;29884;100.000;0.822;0.893;562.895;604.235;7.172;165587;156557;146584;0.181;0.108;0.066;2.540;1.953;0.125;37.797;35.779;126.645;126.677;124.694;29.838;28.694;1.799;0.271;0.116;46.716;173.393;115.147;33.572;0.238;0.793;0.000;0.031;0.000;11;33.304;122.120;3;0;0;0;0;0;0;0
128;1;1;1;0.000000;0.000000;1.000000;20122.102500;20122.149410;20122.274113;773302;28576;144802;22;1811;28576;31128;100.000;0.887;0.963;556.052;596.896;7.471;162940;154855;144802;0.179;0.106;0.065;2.497;1.877;0.235;36.039;34.097;124.675;124.703;122.790;28.900;27.769;1.745;0.285;0.116;46.910;171.613;113.368;33.529;0.195;0.756;14.809;0.028;0.000;11;31.665;120.263;3;0;0;0;0;0;0;0
129;1;1;1;0.000000;0.000000;1.000000;20122.135832;20122.181767;20122.310444;777001;28576;143780;22;1798;28576;31128;100.000;0.849;0.922;552.128;592.678;7.471;160390;152729;143780;0.185;0.106;0.067;2.659;2.453;0.706;40.703;38.184;128.656;128.677;126.190;31.632;30.259;1.881;0.295;0.126;45.935;174.611;116.366;32.357;0.976;0.770;0.000;0.020;0.000;17;35.591;123.507;3;0;0;0;0;0;0;0
130;1;1;1;0.000000;0.000000;1.000000;20122.169165;20122.215568;20122.344244;783174;27448;143698;21;1797;27448;29884;100.000;0.858;0.932;551.813;592.341;7.172;159614;152195;143698;0.224;0.108;0.066;2.637;1.968;0.132;38.915;36.881;128.664;128.676;126.680;30.243;29.114;1.882;0.243;0.115;46.403;175.079;116.833;33.801;0.468;0.751;0.000;0.012;0.000;10;34.310;124.028;6;0;0;0;0;0;0;0
131;1;1;1;0.000000;0.000000;1.000000;20122.202500;20122.247691;20122.376500;786108;28012;144598;22;1808;28012;30564;100.000;0.834;0.907;555.269;596.045;7.335;160270;152859;144598;0.184;0.108;0.067;2.729;2.095;0.379;36.827;34.665;128.755;128.809;126.672;28.590;27.366;1.959;0.276;0.136;45.191;174.001;115.755;32.123;1.211;0.779;0.000;0.054;0.000;21;32.003;123.871;2;0;0;0;0;0;0;0
132;1;1;1;0.000000;0.000000;1.000000;20122.235832;20122.281423;20122.409361;785622;27260;144478;21;1806;27260;29696;100.000;0.809;0.878;554.808;595.539;7.127;159783;152558;144478;0.182;0.106;0.066;2.740;2.378;0.747;37.690;35.247;127.896;127.939;125.529;29.460;28.079;1.978;0.274;0.133;45.591;173.530;115.283;33.731;0.398;0.756;0.000;0.043;0.000;20;32.573;122.744;2;0;0;0;0;0;0;0
133;1;1;1;0.000000;0.000000;1.000000;20122.269165;20122.315271;20122.448525;787265;26508;143954;21;1800;26508;28944;100.000;0.784;0.853;552.796;593.391;6.947;158077;151330;143954;0.249;0.112;0.065;2.759;1.534;0.097;44.284;42.685;133.229;133.254;131.695;33.233;32.412;1.737;0.219;0.378;46.106;179.360;121.114;33.849;0.515;0.741;0.000;0.025;0.001;7;39.991;128.908;5;0;0;0;0;0;0;0
134;1;1;1;0.000000;0.000000;1.000000;20122.302500;20122.349236;20122.477199;787734;26508;143904;21;1799;26508;28944;100.000;0.821;0.894;552.604;593.177;6.947;157228;150671;143904;0.182;0.108;0.065;2.642;2.397;0.816;32.959;30.497;127.945;127.963;125.539;25.757;24.293;1.918;0.252;0.117;46.736;174.699;116.454;33.964;0.631;0.734;0.000;0.018;0.000;12;27.920;122.876;4;0;0;0;0;0;0;0
135;1;1;1;0.000000;0.000000;1.000000;20122.335833;20122.381675;20122.513130;786766;28200;143596;22;1795;28200;30752;100.000;0.807;0.878;551.421;591.904;7.380;156196;150004;143596;0.185;0.109;0.065;2.554;1.509;0.106;40.962;39.388;131.405;131.455;129.915;31.161;30.319;1.847;0.221;0.127;45.841;177.296;119.051;32.439;0.894;0.744;0.000;0.050;0.000;17;36.899;127.310;4;0;0;0;0;0;0;0
136;1;1;1;0.000000;0.000000;1.000000;20122.369166;20122.416787;20122.543984;787622;130848;141136;100;1765;130848;142448;100.000;4.087;4.447;541.975;581.781;34.188;176546;153233;141136;0.183;0.108;0.066;2.717;2.077;0.279;34.904;32.761;127.186;127.197;125.081;27.441;26.192;1.904;0.259;0.198;47.621;174.818;116.572;35.112;1.778;0.808;0.000;0.011;0.000;53;30.110;122.351;5;0;0;0;0;0;0;0
137;1;1;1;0.000000;0.000000;1.000000;20122.402498;20122.448860;20122.579379;784509;32336;139854;25;1749;32336;35236;100.000;0.973;1.058;537.052;576.497;8.457;165368;150562;139854;0.181;0.105;0.065;2.657;2.310;0.748;40.176;37.801;130.464;130.519;128.162;30.782;29.495;1.876;0.287;0.142;46.361;176.880;118.634;32.073;1.260;0.837;0.000;0.055;0.001;24;35.209;125.448;2;0;0;0;0;0;0;0
138;1;1;1;0.000000;0.000000;1.000000;20122.435833;20122.482212;20122.610338;782962;27072;141162;21;1765;27072;29508;100.000;0.806;0.875;542.075;581.880;7.082;162866;151609;141162;0.217;0.105;0.065;3.383;1.914;0.122;35.934;33.956;128.101;128.127;126.180;28.046;26.911;2.558;0.275;0.163;46.379;174.505;116.260;33.352;0.019;0.786;0.000;0.026;0.001;10;30.637;122.767;3;0;0;0;0;0;0;0
139;1;1;1;0.000000;0.000000;1.000000;20122.469167;20122.515971;20122.648451;785441;27260;143262;21;1791;27260;29696;100.000;0.832;0.903;550.139;590.531;7.127;162821;152291;143262;0.180;0.106;0.066;2.368;1.625;0.273;43.416;41.726;132.462;132.480;130.835;32.772;31.892;1.700;0.212;0.104;46.804;179.284;121.039;33.759;0.426;0.763;0.000;0.018;0.000;14;39.423;128.447;3;0;0;0;0;0;0;0
140;1;1;1;0.000000;0.000000;1.000000;20122.502499;20122.548911;20122.679974;786857;26508;145806;21;1823;26508;28944;100.000;0.801;0.872;559.908;601.022;6.947;163653;154012;145806;0.182;0.109;0.065;2.493;2.829;0.906;35.499;32.605;131.019;131.063;128.200;27.085;25.433;1.758;0.258;0.122;46.412;177.475;119.229;32.940;0.393;0.740;0.000;0.044;0.000;14;30.177;125.661;3;0;0;0;0;0;0;0
141;1;1;1;0.000000;0.000000;1.000000;20122.535832;20122.582167;20122.715162;786209;28952;147146;22;1840;28952;31504;100.000;0.798;0.866;565.053;606.551;7.561;163751;154357;147146;0.179;0.109;0.067;3.191;2.018;0.131;40.479;38.395;132.975;132.995;130.917;30.437;29.328;2.333;0.349;0.155;46.335;179.330;121.084;33.256;0.077;0.699;0.000;0.020;0.001;15;35.270;127.703;3;0;0;0;0;0;0;0
142;1;1;1;0.000000;0.000000;1.000000;20122.569167;20122.618614;20122.748185;785895;30832;147490;24;1844;30832;33616;100.000;0.985;1.070;566.374;607.962;8.068;163298;155347;147490;0.179;0.108;0.066;2.722;2.064;0.369;38.246;36.117;129.526;129.571;127.479;29.517;28.331;2.015;0.222;0.132;49.447;179.018;120.773;36.446;3.113;0.849;0.000;0.045;0.001;23;33.460;124.696;2;0;0;0;0;0;0;0
143;1;1;1;0.000000;0.000000;1.000000;20122.602500;20122.650067;20122.785665;783109;31208;146146;24;1827;31208;33992;100.000;0.863;0.938;561.213;602.418;8.158;161136;153355;146146;0.179;0.106;0.066;2.573;1.804;0.641;42.271;40.402;135.566;135.598;133.774;31.174;30.202;1.907;0.199;0.116;47.567;183.165;124.920;31.453;1.880;0.914;0.000;0.032;0.000;14;37.894;131.168;3;0;0;0;0;0;0;0
144;1;1;1;0.000000;0.000000;1.000000;20122.635832;20122.686387;20122.815790;783994;32336;145218;25;1816;32336;35236;100.000;0.982;1.067;557.650;598.606;8.457;159936;152700;145218;0.187;0.106;0.066;2.333;1.755;0.107;34.496;32.675;129.378;129.404;127.625;26.657;25.602;1.658;0.214;0.103;50.554;179.958;121.712;36.319;2.986;1.043;0.000;0.025;0.000;12;30.407;125.265;4;0;0;0;0;0;0;0
145;1;1;1;0.000000;0.000000;1.000000;20122.669167;20122.719452;20122.862612;785959;31208;144768;24;1810;31208;33992;100.000;0.893;0.970;555.922;596.743;8.158;159233;151708;144768;0.202;0.112;0.069;3.267;1.509;0.448;50.904;49.326;143.119;143.160;141.624;35.558;34.829;1.408;0.187;1.290;50.285;193.444;135.200;33.065;0.268;0.995;0.000;0.040;0.000;19;46.128;138.316;3;0;0;0;0;0;0;0
146;1;1;1;0.000000;0.000000;1.000000;20122.702499;20122.754532;20122.888291;789030;31020;145716;24;1822;31020;33804;100.000;0.942;1.023;559.562;600.654;8.113;159772;152938;145716;0.224;0.109;0.066;2.271;1.204;0.073;30.457;29.187;133.735;133.759;132.533;22.770;22.023;1.559;0.193;0.121;52.033;185.792;127.547;35.080;1.747;1.042;0.000;0.024;0.000;10;26.982;130.236;4;0;0;0;0;0;0;0
147;1;1;1;0.000000;0.000000;1.000000;20122.735833;20122.787618;20122.931443;794594;31960;147238;25;1841;31960;34860;100.000;0.824;0.896;565.406;606.927;8.366;161190;154325;147238;0.192;0.112;0.066;4.282;1.862;0.455;46.618;44.691;143.806;143.825;141.934;32.413;31.487;1.402;1.213;1.298;51.785;195.610;137.365;33.086;0.247;0.992;0.000;0.018;0.000;16;40.474;137.633;4;0;0;0;0;0;0;0
148;1;1;1;0.000000;0.000000;1.000000;20122.769167;20122.826578;20122.965577;797998;30456;146864;24;1836;30456;33240;100.000;1.069;1.163;563.970;605.378;7.978;160800;154144;146864;1.169;0.111;0.067;4.213;1.099;0.065;40.280;39.114;138.950;138.999;137.877;28.979;28.369;1.596;0.193;1.079;57.411;196.410;138.166;38.960;5.626;1.282;0.000;0.049;0.000;23;34.968;133.614;2;0;0;0;0;0;0;0
149;1;1;1;0.000000;0.000000;1.000000;20122.802500;20122.855223;20122.999085;798639;30456;147738;24;1847;30456;33240;100.000;0.775;0.843;567.326;608.982;7.978;161813;155104;147738;0.192;0.106;0.066;3.248;1.466;0.417;38.796;37.264;143.723;143.862;142.353;26.968;26.177;2.004;0.366;0.515;52.723;196.585;138.340;28.645;4.688;1.495;0.000;0.138;0.000;24;34.082;138.966;2;0;0;0;0;0;0;0
150;1;1;1;0.000000;0.000000;1.000000;20122.835833;20122.894709;20123.031060;796693;30268;148090;23;1852;30268;32936;100.000;0.861;0.934;568.678;610.447;7.905;161862;155335;148090;0.194;0.110;0.068;2.871;1.046;0.063;36.715;35.602;136.288;136.351;135.290;26.927;26.315;1.432;0.193;0.875;58.876;195.227;136.982;39.486;6.153;1.786;0.000;0.063;0.000;22;32.798;132.355;2;0;0;0;0;0;0;0
151;1;1;1;0.000000;0.000000;1.000000;20122.869167;20122.930073;20123.064244;794717;137804;147952;105;1850;137804;149984;100.000;4.032;4.386;568.148;609.872;35.996;182724;160766;147952;0.222;0.111;0.068;3.051;1.429;0.437;37.094;35.597;134.158;134.171;132.723;27.647;26.821;1.430;0.195;1.027;60.907;195.078;136.833;35.364;2.031;1.801;0.000;0.013;0.000;49;32.613;129.657;6;0;0;0;0;0;0;0
152;1;1;1;0.000000;0.000000;1.000000;20122.902501;20122.964301;20123.097809;792861;28764;148152;22;1852;28764;31316;100.000;0.894;0.970;568.916;610.685;7.516;177426;162397;148152;0.190;0.111;0.068;2.433;1.150;0.071;38.030;36.812;133.473;133.508;132.335;28.485;27.817;1.677;0.194;0.193;61.801;195.308;137.064;34.228;0.895;1.745;0.000;0.035;0.000;14;34.447;129.857;4;0;0;0;0;0;0;0
153;1;1;1;0.000000;0.000000;1.000000;20122.935832;20122.996613;20123.132178;792789;23688;147662;18;1846;23688;25776;100.000;0.716;0.776;567.035;608.668;6.186;172400;160692;147662;0.193;0.111;0.066;4.563;1.248;0.076;37.948;36.634;135.160;135.565;134.293;27.992;27.279;1.661;1.217;1.315;60.781;196.346;138.100;32.312;1.022;1.699;0.000;0.404;0.000;18;32.136;129.324;2;0;0;0;0;0;0;0
154;1;1;1;0.000000;0.000000;1.000000;20122.969166;20123.029844;20123.165775;792309;23124;147945;18;1850;23124;25212;100.000;0.709;0.770;568.121;609.845;6.051;170339;159188;147945;0.234;0.111;0.068;3.050;1.593;0.542;39.408;37.747;135.902;135.931;134.316;28.991;28.103;2.053;0.253;0.332;60.679;196.610;138.364;33.231;0.102;1.600;0.000;0.028;0.000;17;34.764;131.236;2;0;0;0;0;0;0;0
155;1;1;1;0.000000;0.000000;1.000000;20123.002499;20123.062643;20123.197699;791925;24628;147762;19;1848;24628;26832;100.000;0.731;0.794;567.419;609.097;6.440;168591;158413;147762;0.312;0.111;0.068;2.504;1.017;0.061;36.565;35.480;135.032;135.056;134.016;27.074;26.474;1.656;0.201;0.157;60.145;195.201;136.954;32.799;0.535;1.533;0.000;0.024;0.000;9;33.044;131.488;4;0;0;0;0;0;0;0
156;1;1;1;0.000000;0.000000;1.000000;20123.035832;20123.096502;20123.231121;793795;28764;148592;22;1858;28764;31316;100.000;0.828;0.899;570.606;612.510;7.516;167879;158079;148592;0.191;0.110;0.068;3.065;1.522;0.543;36.937;35.348;134.564;134.619;133.074;27.438;26.563;1.437;0.190;1.069;60.670;195.289;137.043;33.859;0.525;1.470;0.000;0.055;0.001;21;32.351;129.951;2;0;0;0;0;0;0;0
157;1;1;1;0.000000;0.000000;1.000000;20123.069165;20123.131433;20123.263241;793460;28200;148650;22;1859;28200;30752;100.000;0.870;0.946;570.828;612.755;7.380;166756;157719;148650;0.186;0.112;0.071;2.135;1.113;0.064;36.699;35.516;131.750;131.807;130.670;27.843;27.180;1.419;0.225;0.122;62.268;194.075;135.829;34.931;1.598;1.478;0.000;0.058;0.000;21;33.452;128.475;2;0;0;0;0;0;0;0
158;1;1;1;0.000000;0.000000;1.000000;20123.102499;20123.164013;20123.297985;795527;28388;147554;22;1845;28388;30940;100.000;0.877;0.953;566.620;608.231;7.426;165007;157250;147554;0.192;0.108;0.067;2.421;1.431;0.419;37.993;36.495;132.437;133.972;132.521;28.359;27.539;1.792;0.192;0.071;61.514;195.486;137.240;32.580;0.753;1.433;0.000;1.535;0.000;22;34.141;128.564;2;0;0;0;0;0;0;0
159;1;1;1;0.000000;0.000000;1.000000;20123.135832;20123.196521;20123.331302;798776;29516;146024;23;1826;29516;32184;100.000;0.902;0.980;560.745;601.927;7.724;161998;154482;146024;0.190;0.109;0.068;2.715;1.162;0.078;37.170;35.940;134.733;134.781;133.602;27.578;26.901;1.672;0.192;0.485;60.689;195.470;137.224;32.508;0.825;1.395;0.000;0.048;0.000;22;33.293;130.839;2;0;0;0;0;0;0;0
160;1;1;1;0.000000;0.000000;1.000000;20123.169166;20123.229388;20123.364987;799362;29328;143192;23;1790;29328;31996;100.000;0.834;0.907;549.870;590.240;7.679;158152;151023;143192;0.189;0.109;0.067;2.854;1.412;0.446;37.553;36.074;135.547;135.599;134.164;27.694;26.888;1.460;0.188;0.842;60.222;195.821;137.575;32.867;0.466;1.337;0.000;0.052;0.000;22;33.287;131.257;2;0;0;0;0;0;0;0
161;1;1;1;0.000000;0.000000;1.000000;20123.202499;20123.264706;20123.397997;789777;28952;141480;22;1769;28952;31504;100.000;724.434;785.901;543.296;583.192;7.561;156112;149118;141480;0.187;0.109;0.066;2.894;1.369;0.075;37.277;35.842;133.244;133.291;131.901;27.966;27.173;1.472;0.184;0.877;62.207;195.498;137.252;35.318;1.984;1.377;0.000;0.047;0.000;22;33.013;128.960;1;0;0;0;0;0;0;0
162;1;1;1;0.000000;0.000000;1.000000;20123.235832;20123.296992;20123.431352;790930;28200;139820;22;1748;28200;30752;100.000;0.859;0.933;536.921;576.344;7.380;154224;147472;139820;0.195;0.110;0.067;2.402;1.156;0.063;37.609;36.386;134.328;134.361;133.184;27.991;27.320;1.702;0.186;0.142;61.159;195.520;137.274;32.286;1.047;1.357;0.000;0.032;0.000;11;34.050;130.741;3;0;0;0;0;0;0;0
163;1;1;1;0.000000;0.000000;1.000000;20123.269166;20123.329980;20123.464126;793734;29704;138532;23;1732;29704;32372;100.000;0.892;0.970;531.975;571.037;7.769;152209;145442;138532;0.189;0.106;0.065;2.748;1.505;0.490;36.329;34.759;134.109;134.146;132.619;27.081;26.210;1.494;0.183;0.712;60.814;194.961;136.715;32.988;0.345;1.293;0.000;0.037;0.000;22;32.075;129.832;2;0;0;0;0;0;0;0
164;1;1;1;0.000000;0.000000;1.000000;20123.302498;20123.363406;20123.497974;792883;29704;138018;23;1726;29704;32372;100.000;0.903;0.981;530.002;568.928;7.769;151601;145065;138018;0.188;0.108;0.066;2.329;0.819;0.048;38.106;37.221;134.564;134.568;133.734;28.317;27.832;1.722;0.181;0.065;60.907;195.476;137.229;33.426;0.093;1.218;0.000;0.004;0.000;21;34.957;131.399;3;0;0;0;0;0;0;0
165;1;1;1;0.000000;0.000000;1.000000;20123.335832;20123.396448;20123.531592;791299;30644;138142;24;1727;30644;33428;100.000;0.916;0.996;530.478;569.426;8.023;151262;144795;138142;0.188;0.108;0.062;2.376;1.372;0.440;36.762;35.328;135.116;135.144;133.757;27.202;26.412;1.745;0.182;0.091;60.616;195.760;137.514;33.042;0.292;1.160;0.000;0.029;0.000;12;33.014;131.351;3;0;0;0;0;0;0;0
166;1;1;1;0.000000;0.000000;1.000000;20123.369165;20123.430063;20123.564593;789485;132728;138460;101;1731;132728;144444;100.000;4.104;4.464;531.699;570.738;34.667;172621;150718;138460;0.228;0.108;0.067;3.057;0.966;0.056;36.745;35.712;134.502;134.530;133.548;27.314;26.741;1.514;0.181;0.959;60.898;195.427;137.181;33.615;0.282;1.106;0.000;0.028;0.000;81;32.722;130.460;5;0;0;0;0;0;0;0
167;1;1;1;0.000000;0.000000;1.000000;20123.402499;20123.462459;20123.599853;789977;29328;138716;23;1734;29328;31996;100.000;0.853;0.927;532.682;571.788;7.679;165456;151144;138716;0.186;0.106;0.063;3.383;1.470;0.468;39.269;37.735;137.375;137.394;135.900;28.581;27.767;1.396;0.183;1.448;59.960;197.353;139.108;32.396;0.937;1.095;0.000;0.018;0.000;16;34.416;132.497;3;0;0;0;0;0;0;0
168;1;1;1;0.000000;0.000000;1.000000;20123.435832;20123.497002;20123.630516;791598;25192;139622;20;1746;25192;27512;100.000;0.768;0.836;536.161;575.538;6.603;164403;152065;139622;0.192;0.109;0.066;2.934;0.999;0.062;35.516;34.452;133.488;133.514;132.494;26.601;26.002;1.399;0.183;0.987;61.170;194.684;136.438;34.543;1.210;1.102;0.000;0.026;0.000;11;31.583;129.532;3;0;0;0;0;0;0;0
169;1;1;1;0.000000;0.000000;1.000000;20123.469165;20123.529939;20123.664696;795034;25192;139918;20;1749;25192;27512;100.000;0.755;0.821;537.298;576.743;6.603;164427;153112;139918;0.229;0.108;0.066;2.383;1.064;0.061;38.112;36.983;134.732;134.757;133.674;28.282;27.667;1.712;0.184;0.084;60.774;195.531;137.285;32.937;0.396;1.058;0.000;0.025;0.000;11;34.666;131.265;3;0;0;0;0;0;0;0
170;1;1;1;0.000000;0.000000;1.000000;20123.502499;20123.563466;20123.697611;794863;25756;140286;20;1754;25756;28076;100.000;0.785;0.853;538.711;578.268;6.738;162948;152059;140286;0.188;0.109;0.066;2.612;1.373;0.458;36.356;34.918;134.115;134.145;132.750;27.102;26.303;1.599;0.185;0.466;60.967;195.112;136.866;33.526;0.193;1.004;0.000;0.030;0.000;15;32.372;130.107;3;0;0;0;0;0;0;0
171;1;1;1;0.000000;0.000000;1.000000;20123.535832;20123.596441;20123.732387;794885;27072;141226;21;1766;27072;29508;100.000;0.826;0.898;542.320;582.149;7.082;162112;151948;141226;0.233;0.108;0.063;4.458;1.250;0.069;38.755;37.442;135.898;135.946;134.671;28.508;27.802;1.553;1.212;1.290;60.609;196.555;138.308;32.975;0.358;0.964;0.000;0.047;0.000;17;33.047;130.164;4;0;0;0;0;0;0;0
172;1;1;1;0.000000;0.000000;1.000000;20123.569165;20123.629366;20123.764826;788905;27448;141276;21;1766;27448;29884;100.000;0.808;0.877;542.512;582.341;7.172;160107;150706;141276;0.177;0.104;0.063;2.460;1.516;0.484;38.133;36.553;135.430;135.460;133.921;28.151;27.295;1.846;0.187;0.083;60.201;195.661;137.415;32.925;0.408;0.929;0.000;0.030;0.000;11;34.157;131.415;3;0;0;0;0;0;0;0
173;1;1;1;0.000000;0.000000;1.000000;20123.602499;20123.663441;20123.798994;787376;27260;140380;21;1755;27260;29696;100.000;0.839;0.911;539.072;578.652;7.127;157903;149510;140380;0.220;0.104;0.063;4.293;1.322;0.081;38.145;36.759;135.507;135.553;134.212;28.140;27.389;1.414;1.212;1.280;60.942;196.495;138.249;34.075;0.741;0.917;0.000;0.046;0.000;21;32.529;129.871;2;0;0;0;0;0;0;0
174;1;1;1;0.000000;0.000000;1.000000;20123.635833;20123.696077;20123.832510;791921;28576;138596;22;1733;28576;31128;100.000;0.809;0.878;532.221;571.305;7.471;155770;148219;138596;0.187;0.106;0.066;3.201;1.421;0.445;39.127;37.641;136.387;136.433;134.991;28.679;27.884;1.383;0.184;1.274;60.245;196.678;138.432;32.636;0.697;0.903;0.000;0.046;0.000;21;34.505;131.743;2;0;0;0;0;0;0;0
175;1;1;1;0.000000;0.000000;1.000000;20123.669165;20123.731617;20123.864353;785044;28012;137098;22;1714;28012;30564;100.000;0.900;0.978;526.469;565.124;7.335;153599;146204;137098;0.186;0.106;0.065;2.762;1.052;0.059;36.462;35.346;132.687;132.736;131.664;27.470;26.845;1.491;0.181;0.733;62.452;195.188;136.941;35.540;2.206;0.985;0.000;0.049;0.000;21;32.649;128.852;2;0;0;0;0;0;0;0
176;1;1;1;0.000000;0.000000;1.000000;20123.702499;20123.762903;20123.899173;785759;28012;136788;22;1710;28012;30564;100.000;0.796;0.866;525.278;563.844;7.335;152494;145407;136788;0.186;0.105;0.063;2.076;1.088;0.061;38.628;37.476;136.247;136.270;135.158;28.346;27.728;1.390;0.182;0.149;60.404;196.674;138.428;31.286;2.047;1.051;0.000;0.023;0.000;13;35.464;133.058;3;0;0;0;0;0;0;0
177;1;1;1;0.000000;0.000000;1.000000;20123.735832;20123.799050;20123.932295;782963;28952;136884;22;1712;28952;31504;100.000;0.938;1.017;525.647;564.257;7.561;151939;145000;136884;0.212;0.104;0.063;4.524;1.717;0.468;36.280;34.500;133.185;133.245;131.503;27.228;26.235;1.628;1.206;1.310;63.218;196.463;138.217;36.147;2.814;1.161;0.000;0.059;0.000;21;30.039;126.916;2;0;0;0;0;0;0;0
178;1;1;1;0.000000;0.000000;1.000000;20123.769166;20123.830074;20123.966461;783666;27448;138258;21;1729;27448;29884;100.000;0.834;0.905;530.923;569.917;7.172;152951;145931;138258;0.184;0.106;0.063;2.003;1.026;0.059;40.410;39.320;136.356;136.387;135.342;29.629;29.053;1.399;0.181;0.069;60.908;197.295;139.050;31.024;2.309;1.233;0.000;0.032;0.000;14;37.381;133.306;4;0;0;0;0;0;0;0
179;1;1;1;0.000000;0.000000;1.000000;20123.802499;20123.863142;20123.999139;786714;27824;138600;22;1733;27824;30376;100.000;0.847;0.922;532.236;571.320;7.290;153000;146246;138600;1.172;0.106;0.067;4.155;1.375;0.426;35.704;34.263;135.955;135.997;134.605;26.254;25.455;1.548;0.182;1.080;60.643;196.640;138.394;33.068;0.266;1.173;0.000;0.042;0.000;21;30.175;130.406;2;0;0;0;0;0;0;0
180;1;1;1;0.000000;0.000000;1.000000;20123.835832;20123.896169;20124.034201;787583;26884;139086;21;1739;26884;29320;100.000;0.770;0.837;534.103;573.322;7.037;153281;146453;139086;0.182;0.105;0.065;2.075;1.155;0.068;40.579;39.360;138.008;138.032;136.850;29.399;28.762;1.447;0.183;0.093;60.338;198.369;140.123;33.028;0.306;1.118;0.000;0.023;0.000;18;37.350;134.751;3;0;0;0;0;0;0;0
181;1;1;1;0.000000;0.000000;1.000000;20123.869182;20123.931206;20124.064510;793719;136112;139098;104;1739;136112;148176;100.000;4.222;4.594;534.149;573.368;35.562;175008;151952;139098;0.195;0.109;0.066;2.741;1.178;0.360;33.548;32.304;133.269;133.304;132.111;25.166;24.452;1.498;0.182;0.692;62.024;195.328;137.099;35.037;1.703;1.155;0.000;0.035;0.000;94;29.629;129.334;4;0;0;0;0;0;0;0
182;1;1;1;0.000000;0.000000;1.000000;20123.902499;20123.963520;20124.099313;792329;27072;139598;21;1745;27072;29508;100.000;0.798;0.867;536.069;575.424;7.082;166728;152107;139598;0.218;0.105;0.065;4.550;1.274;0.074;38.702;37.364;135.732;135.793;134.488;28.501;27.782;1.664;1.203;1.295;61.021;196.814;138.568;32.314;1.019;1.147;0.000;0.061;0.000;20;32.878;129.874;2;0;0;0;0;0;0;0
183;1;1;1;0.000000;0.000000;1.000000;20123.935832;20123.997605;20124.131743;801464;22184;141888;17;1774;22184;24156;100.000;0.692;0.750;544.862;584.871;5.797;166489;153256;141888;0.188;0.105;0.063;2.443;1.054;0.060;38.253;37.136;134.120;134.138;133.062;28.518;27.909;1.824;0.187;0.075;61.773;195.911;137.665;34.085;0.752;1.122;0.000;0.018;0.000;9;34.757;130.592;3;0;0;0;0;0;0;0
184;1;1;1;0.000000;0.000000;1.000000;20123.969166;20124.029833;20124.165330;796948;22748;145036;18;1813;22748;24836;100.000;0.686;0.746;556.951;597.840;5.961;166752;155220;145036;0.192;0.110;0.067;3.101;1.453;0.521;37.082;35.563;135.458;135.497;134.023;27.368;26.535;1.621;0.331;0.781;60.667;196.164;137.918;32.228;1.106;1.121;0.000;0.039;0.000;17;32.528;130.881;2;0;0;0;0;0;0;0
185;1;1;1;0.000000;0.000000;1.000000;20124.002499;20124.063181;20124.197754;802598;26508;147102;21;1839;26508;28944;100.000;0.755;0.822;564.884;606.360;6.947;166889;156670;147102;0.188;0.110;0.067;2.457;0.906;0.055;36.978;36.006;134.552;134.573;133.649;27.478;26.941;1.651;0.193;0.249;60.681;195.255;137.009;33.348;0.015;1.052;0.000;0.022;0.000;14;33.615;131.169;3;0;0;0;0;0;0;0
186;1;1;1;0.000000;0.000000;1.000000;20124.035832;20124.098484;20124.232940;797039;28388;149128;22;1865;28388;30940;100.000;0.900;0.978;572.664;614.726;7.426;167702;158024;149128;0.218;0.106;0.066;4.388;1.721;0.500;38.536;36.750;134.405;134.455;132.707;28.661;27.692;1.464;1.217;1.317;62.652;197.108;138.862;35.304;1.971;1.109;0.000;0.051;0.001;21;32.427;128.265;2;0;0;0;0;0;0;0
187;1;1;1;0.000000;0.000000;1.000000;20124.069165;20124.130180;20124.266988;797511;28576;148974;22;1863;28576;31128;100.000;0.862;0.936;572.073;614.089;7.471;166665;157905;148974;0.184;0.110;0.068;2.040;1.187;0.066;40.158;38.903;136.781;136.809;135.598;29.353;28.690;1.401;0.195;0.083;61.015;197.823;139.577;31.695;1.638;1.142;0.000;0.027;0.000;11;36.931;133.530;3;0;0;0;0;0;0;0
188;1;1;1;0.000000;0.000000;1.000000;20124.102499;20124.163453;20124.298004;794879;27260;147856;21;1849;27260;29696;100.000;0.824;0.895;567.780;609.480;7.127;164917;157151;147856;0.192;0.110;0.069;2.632;1.245;0.360;34.248;32.935;134.496;134.552;133.291;25.454;24.709;1.573;0.193;0.496;60.954;195.506;137.259;33.273;0.060;1.075;0.000;0.056;0.000;12;30.372;130.602;3;0;0;0;0;0;0;0
189;1;1;1;0.000000;0.000000;1.000000;20124.135832;20124.196683;20124.332813;793590;27636;145718;21;1822;27636;30072;100.000;0.794;0.861;559.570;600.661;7.217;163284;155773;145718;0.224;0.104;0.066;4.745;1.607;0.090;38.679;37.007;136.094;136.130;134.505;28.413;27.513;1.812;1.211;1.329;60.851;196.981;138.734;33.230;0.103;1.014;0.000;0.036;0.000;19;32.327;129.722;3;0;0;0;0;0;0;0
190;1;1;1;0.000000;0.000000;1.000000;20124.169165;20124.231642;20124.365441;788938;28200;143848;22;1799;28200;30752;100.000;0.872;0.948;552.389;592.962;7.380;160014;152993;143848;0.189;0.104;0.063;2.383;1.295;0.406;38.978;37.620;133.771;133.799;132.488;29.132;28.395;1.771;0.187;0.068;62.477;196.276;138.030;34.959;1.626;1.052;0.000;0.028;0.000;14;35.300;130.076;3;0;0;0;0;0;0;0
191;1;1;1;0.000000;0.000000;1.000000;20124.202498;20124.264122;20124.397716;784846;27448;142800;21;1785;27448;29884;100.000;0.849;0.921;548.364;588.622;7.172;158265;151379;142800;0.190;0.110;0.068;2.576;0.922;0.054;35.943;34.954;133.561;133.595;132.648;26.905;26.351;1.598;0.188;0.423;61.623;195.218;136.971;32.479;0.854;1.040;0.000;0.034;0.000;20;32.445;130.038;2;0;0;0;0;0;0;0
192;1;1;1;0.000000;0.000000;1.000000;20124.235832;20124.296615;20124.432343;788004;28200;142404;22;1781;28200;30752;100.000;0.804;0.874;546.844;587.011;7.380;157482;150981;142404;0.226;0.106;0.065;2.188;0.923;0.058;38.127;37.139;135.717;135.728;134.785;28.091;27.555;1.389;0.188;0.214;60.784;196.511;138.265;32.494;0.840;1.027;0.000;0.010;0.000;15;35.016;132.585;4;0;0;0;0;0;0;0
193;1;1;1;0.000000;0.000000;1.000000;20124.269165;20124.331903;20124.462960;795964;26884;142560;21;1782;26884;29320;100.000;0.833;0.905;547.443;587.632;7.037;157252;150879;142560;0.186;0.109;0.069;2.454;1.469;0.452;33.705;32.168;131.011;131.057;129.564;25.718;24.828;1.682;0.277;0.132;62.738;193.795;135.548;35.288;1.955;1.085;0.000;0.045;0.000;17;29.783;127.048;3;0;0;0;0;0;0;0
194;1;1;1;0.000000;0.000000;1.000000;20124.302498;20124.364430;20124.496752;799207;27260;143286;21;1792;27260;29696;100.000;0.850;0.923;550.231;590.646;7.127;157543;151149;143286;0.188;0.109;0.067;2.594;1.020;0.064;37.718;36.632;132.298;132.322;131.285;28.505;27.903;1.604;0.194;0.432;61.932;194.254;136.007;32.527;0.806;1.068;0.000;0.024;0.000;15;34.105;128.667;3;0;0;0;0;0;0;0
195;1;1;1;0.000000;0.000000;1.000000;20124.335832;20124.396619;20124.530258;799402;28012;144392;22;1805;28012;30564;100.000;0.857;0.932;554.478;595.186;7.335;158509;152139;144392;0.189;0.109;0.069;2.353;1.677;0.447;37.085;35.340;133.633;133.639;131.915;27.750;26.790;1.581;0.287;0.118;60.787;194.426;136.180;32.188;1.145;1.073;0.000;0.007;0.000;15;33.055;129.553;3;0;0;0;0;0;0;0
196;1;1;1;0.000000;0.000000;1.000000;20124.369166;20124.429478;20124.564670;800483;135548;145043;103;1814;135548;147496;100.000;123.261;134.039;556.978;597.889;35.399;179847;157023;145043;0.190;0.108;0.066;2.418;1.054;0.063;38.463;37.343;135.170;135.192;134.115;28.451;27.844;1.801;0.188;0.065;60.313;195.504;137.258;32.859;0.474;1.035;0.000;0.022;0.000;42;34.991;131.673;5;0;0;0;0;0;0;0
197;1;1;1;0.000000;0.000000;1.000000;20124.402499;20124.464205;20124.598872;798336;26884;145944;21;1825;26884;29320;100.000;0.861;0.936;560.437;601.597;7.037;172870;158032;145944;1.139;0.110;0.068;4.076;1.219;0.374;37.677;36.390;134.626;134.667;133.431;27.978;27.273;1.514;0.190;1.055;61.706;196.373;138.127;34.727;1.393;1.058;0.000;0.041;0.000;17;32.382;129.313;3;0;0;0;0;0;0;0
198;1;1;1;0.000000;0.000000;1.000000;20124.435832;20124.495562;20124.630935;798454;21996;146568;17;1833;21996;23968;100.000;0.610;0.662;562.834;604.174;5.752;170563;157824;146568;0.194;0.110;0.067;2.634;1.003;0.059;37.352;36.283;135.332;135.373;134.352;27.592;27.006;1.581;0.193;0.490;59.729;195.103;136.857;31.357;1.977;1.115;0.000;0.041;0.000;16;33.716;131.676;2;0;0;0;0;0;0;0
199;1;1;1;0.000000;0.000000;1.000000;20124.469165;20124.531797;20124.665156;800770;21620;147434;17;1843;21620;23592;100.000;0.680;0.739;566.159;607.725;5.662;169562;157923;147434;0.179;0.106;0.067;2.563;1.146;0.066;37.850;36.637;133.341;133.360;132.190;28.382;27.716;1.937;0.194;0.080;62.631;195.991;137.745;36.235;2.902;1.227;0.000;0.019;0.000;12;34.141;129.606;3;0;0;0;0;0;0;0
200;1;1;1;0.000000;0.000000;1.000000;20124.502499;20124.563805;20124.699907;802378;24440;148866;19;1861;24440;26644;100.000;0.729;0.792;571.658;613.630;6.395;170003;159646;148866;0.220;0.108;0.066;4.562;1.655;0.503;38.459;36.738;136.075;136.103;134.425;28.257;27.330;1.624;1.219;1.325;61.306;197.408;139.162;32.008;1.325;1.233;0.000;0.027;0.000;9;32.242;129.834;4;0;0;0;0;0;0;0
201;1;1;1;0.000000;0.000000;1.000000;20124.535832;20124.597490;20124.732727;805285;27072;150350;21;1880;27072;29508;100.000;0.842;0.915;577.356;619.757;7.082;169886;160066;150350;0.197;0.110;0.071;3.146;1.211;0.073;39.032;37.750;135.222;135.237;134.004;28.862;28.171;1.452;0.197;1.120;61.657;196.895;138.649;33.685;0.352;1.178;0.000;0.016;0.000;9;34.675;130.839;5;0;0;0;0;0;0;0
202;1;1;1;0.000000;0.000000;1.000000;20124.569165;20124.629765;20124.765089;803318;27636;152012;21;1901;27636;30072;100.000;492.089;533.765;583.739;626.613;7.217;170782;161662;152012;0.193;0.109;0.067;2.420;1.533;0.444;36.713;35.114;135.295;135.324;133.767;27.130;26.250;1.775;0.198;0.078;60.600;195.924;137.678;32.275;1.058;1.170;0.000;0.030;0.000;12;32.761;131.317;3;0;0;0;0;0;0;0
203;1;1;1;0.000000;0.000000;1.000000;20124.602498;20124.663385;20124.797414;802036;28952;152816;22;1911;28952;31504;100.000;671.135;728.080;586.826;629.926;7.561;170929;162498;152816;0.187;0.111;0.071;2.858;1.114;0.067;36.260;35.076;134.003;134.029;132.884;27.054;26.396;1.517;0.203;0.770;60.887;194.916;136.669;33.621;0.287;1.115;0.000;0.025;0.000;13;32.288;129.990;2;0;0;0;0;0;0;0
204;1;1;1;0.000000;0.000000;1.000000;20124.635832;20124.698714;20124.829906;810228;28388;152942;22;1912;28388;30940;100.000;0.874;0.949;587.310;630.432;7.426;170128;162411;152942;0.242;0.114;0.071;2.811;1.516;0.411;36.469;34.882;131.166;131.192;129.654;27.798;26.904;1.557;0.303;0.525;62.882;194.074;135.828;35.328;1.995;1.170;0.000;0.026;0.000;15;32.142;126.814;3;0;0;0;0;0;0;0
205;1;1;1;0.000000;0.000000;1.000000;20124.669191;20124.731332;20124.863749;808185;26320;152382;20;1905;26320;28640;100.000;596.173;646.561;585.159;628.124;6.874;169038;161548;152382;0.194;0.113;0.070;2.922;1.085;0.067;38.166;37.012;132.366;132.417;131.311;28.823;28.186;1.566;0.199;0.781;62.141;194.558;136.338;32.618;0.715;1.142;0.000;0.051;0.000;20;34.159;128.336;1;0;0;0;0;0;0;0
206;1;1;1;0.000000;0.000000;1.000000;20124.702499;20124.764284;20124.899728;815223;27072;150790;21;1885;27072;29508;100.000;0.854;0.928;579.046;621.559;7.082;166609;159296;150790;0.185;0.110;0.069;2.058;1.616;0.494;39.983;38.299;135.409;135.445;133.807;29.520;28.622;1.416;0.197;0.082;61.785;197.230;138.983;32.952;0.382;1.094;0.000;0.035;0.000;11;36.309;131.712;3;0;0;0;0;0;0;0
207;1;1;1;0.000000;0.000000;1.000000;20124.735832;20124.796101;20124.928764;799426;27448;149044;21;1864;27448;29884;100.000;0.781;0.848;572.341;614.381;7.172;164319;157576;149044;0.188;0.110;0.068;2.484;1.107;0.064;32.711;31.537;132.629;132.663;131.539;24.657;23.975;1.739;0.287;0.093;60.269;192.932;134.686;31.817;1.516;1.121;0.000;0.034;0.000;11;29.120;129.019;4;0;0;0;0;0;0;0
208;1;1;1;0.000000;0.000000;1.000000;20124.769170;20124.831400;20124.964804;790320;27448;147638;21;1846;27448;29884;100.000;0.887;0.962;566.942;608.576;7.172;162030;155365;147638;0.189;0.110;0.065;4.552;1.518;0.438;39.620;38.037;133.375;133.404;131.862;29.699;28.846;1.668;1.221;1.300;62.230;195.634;137.393;35.299;1.966;1.173;0.000;0.029;0.000;11;33.550;127.278;3;0;0;0;0;0;0;0
209;1;1;1;0.000000;0.000000;1.000000;20124.802499;20124.862483;20124.998732;795945;26884;145656;21;1821;26884;29320;100.000;0.803;0.873;559.332;600.401;7.037;159771;153238;145656;0.189;0.109;0.067;2.105;0.951;0.062;39.994;38.976;136.240;136.249;135.275;29.353;28.813;1.383;0.193;0.164;59.983;196.233;137.987;31.082;2.251;1.241;0.000;0.010;0.000;14;36.938;133.159;3;0;0;0;0;0;0;0
210;1;1;1;0.000000;0.000000;1.000000;20124.835832;20124.896102;20125.028530;792891;28012;144144;22;1802;28012;30564;100.000;0.822;0.894;553.525;594.166;7.335;157878;151559;144144;0.190;0.111;0.069;2.191;1.559;0.097;32.836;31.209;132.343;132.428;130.831;24.796;23.854;1.430;0.279;0.113;60.270;192.697;134.452;33.619;0.286;1.181;0.000;0.085;0.000;21;29.086;128.554;2;0;0;0;0;0;0;0
211;1;1;1;0.000000;0.000000;1.000000;20124.869166;20124.930343;20125.065401;797320;136112;143206;104;1791;136112;148176;100.000;4.085;4.445;549.924;590.316;35.562;179073;155570;143206;0.224;0.105;0.063;4.559;1.544;0.447;40.635;39.028;134.905;135.058;133.494;30.087;29.235;1.645;1.210;1.311;61.177;196.235;137.989;34.241;0.907;1.164;0.000;0.153;0.001;80;34.532;128.780;5;0;0;0;0;0;0;0
212;1;1;1;0.000000;0.000000;1.000000;20124.902499;20124.963776;20125.098145;805214;26884;142122;21;1777;26884;29320;100.000;0.843;0.916;545.761;585.838;7.037;167655;153821;142122;0.227;0.106;0.068;3.207;1.096;0.070;38.846;37.682;134.332;134.368;133.255;28.910;28.278;1.521;0.183;1.102;61.278;195.646;137.400;33.434;0.100;1.097;0.000;0.036;0.000;14;34.543;130.011;3;0;0;0;0;0;0;0
213;1;1;1;0.000000;0.000000;1.000000;20124.935832;20124.995824;20125.129683;797126;20680;141596;16;1770;20680;22536;100.000;0.593;0.643;543.741;583.660;5.409;165654;153837;141596;0.187;0.111;0.069;2.184;1.407;0.430;35.821;34.345;133.832;133.860;132.429;26.760;25.935;1.419;0.278;0.120;59.992;193.852;135.605;32.047;1.286;1.109;0.000;0.028;0.000;9;32.230;130.205;3;0;0;0;0;0;0;0
214;1;1;1;0.000000;0.000000;1.000000;20124.969165;20125.030884;20125.165489;803136;17672;141814;14;1773;17672;19296;100.000;0.530;0.576;544.578;584.565;4.631;164558;153182;141814;0.182;0.112;0.067;4.623;1.298;0.069;39.392;38.028;134.572;134.605;133.284;29.265;28.531;1.726;1.208;1.328;61.719;196.324;138.078;35.061;1.727;1.148;0.000;0.033;0.000;12;33.471;128.624;3;0;0;0;0;0;0;0
215;1;1;1;0.000000;0.000000;1.000000;20125.002499;20125.064391;20125.198046;809297;24440;143036;19;1788;24440;26644;100.000;0.756;0.822;549.271;589.596;6.395;164089;153525;143036;0.195;0.110;0.067;2.697;1.259;0.373;38.483;37.157;133.630;133.656;132.381;28.792;28.068;1.518;0.186;0.622;61.892;195.548;137.302;33.507;0.173;1.087;0.000;0.026;0.000;18;34.526;129.656;2;0;0;0;0;0;0;0
216;1;1;1;0.000000;0.000000;1.000000;20125.035832;20125.096860;20125.229335;808156;27260;144130;21;1802;27260;29696;100.000;0.802;0.871;553.472;594.112;7.127;164724;154995;144130;0.185;0.113;0.069;2.181;1.230;0.073;35.235;33.936;132.354;132.475;131.221;26.597;25.861;1.492;0.193;0.129;61.028;193.503;135.257;32.469;0.865;1.073;0.000;0.121;0.000;21;31.823;128.917;2;0;0;0;0;0;0;0
217;1;1;1;0.000000;0.000000;1.000000;20125.069165;20125.131013;20125.266375;810355;28764;146106;22;1827;28764;31316;100.000;0.859;0.932;561.060;602.264;7.516;164699;155767;146106;0.189;0.108;0.068;3.317;1.368;0.419;40.455;39.019;135.344;135.362;133.976;29.886;29.124;1.374;0.192;1.387;61.848;197.210;138.964;34.154;0.820;1.057;0.000;0.017;0.000;15;35.770;130.640;3;0;0;0;0;0;0;0
218;1;1;1;0.000000;0.000000;1.000000;20125.102498;20125.164644;20125.295475;810211;28952;148782;22;1860;28952;31504;100.000;469.469;509.303;571.335;613.284;7.561;166521;158726;148782;0.184;0.112;0.069;2.156;1.144;0.067;33.771;32.558;130.795;130.831;129.659;25.812;25.111;1.406;0.279;0.107;62.145;192.976;134.730;33.630;0.297;1.010;0.000;0.036;0.000;16;30.471;127.465;2;0;0;0;0;0;0;0
219;1;1;1;0.000000;0.000000;1.000000;20125.135832;20125.196638;20125.329601;808645;29140;150220;23;1878;29140;31808;100.000;0.860;0.936;576.857;619.212;7.634;167291;159921;150220;0.192;0.112;0.070;2.677;1.251;0.075;37.432;36.111;132.939;132.963;131.692;28.152;27.421;1.924;0.269;0.110;60.806;193.769;135.523;31.994;1.339;1.030;0.000;0.024;0.000;13;33.504;128.991;3;0;0;0;0;0;0;0
220;1;1;1;0.000000;0.000000;1.000000;20125.169165;20125.230656;20125.363648;810783;27448;150188;21;1878;27448;29884;100.000;0.850;0.923;576.734;619.090;7.172;167382;160012;150188;0.192;0.111;0.068;2.698;1.485;0.463;37.968;36.415;132.953;132.992;131.484;28.549;27.696;1.538;0.197;0.593;61.491;194.482;136.236;34.018;0.685;1.009;0.000;0.039;0.000;20;33.785;128.746;2;0;0;0;0;0;0;0
221;1;1;1;0.000000;0.000000;1.000000;20125.202499;20125.263083;20125.394354;807088;27448;149054;21;1864;27448;29884;100.000;0.813;0.883;572.380;614.419;7.172;165285;158061;149054;0.197;0.113;0.071;2.269;1.496;0.089;34.883;33.316;131.253;131.270;129.748;26.573;25.677;1.480;0.290;0.118;60.585;191.855;133.609;32.427;0.906;1.002;0.000;0.017;0.000;12;31.117;127.461;4;0;0;0;0;0;0;0
222;1;1;1;0.000000;0.000000;1.000000;20125.235832;20125.296996;20125.423790;809369;28012;147392;22;1843;28012;30564;100.000;0.825;0.897;565.998;607.563;7.335;163015;156024;147392;0.222;0.108;0.066;2.053;1.513;0.421;33.208;31.630;126.744;126.795;125.265;26.191;25.250;1.395;0.192;0.070;61.164;187.958;129.712;33.912;0.579;0.976;0.000;0.051;0.000;21;29.643;123.160;2;0;0;0;0;0;0;0
223;1;1;1;0.000000;0.000000;1.000000;20125.269165;20125.331116;20125.461380;795354;27636;146064;21;1826;27636;30072;100.000;512.325;555.715;560.898;602.080;7.217;161183;154432;146064;0.186;0.110;0.071;2.229;1.499;0.093;41.138;39.568;130.241;130.265;128.734;31.580;30.736;1.454;0.280;0.128;61.951;192.215;133.969;34.120;0.787;0.964;0.000;0.024;0.000;15;37.410;126.480;3;0;0;0;0;0;0;0
224;1;1;1;0.000000;0.000000;1.000000;20125.302498;20125.361981;20125.498165;795455;27260;144466;21;1806;27260;29696;100.000;0.951;1.032;554.762;595.493;7.127;158548;152231;144466;0.190;0.109;0.068;2.354;1.685;0.501;40.514;38.761;136.158;136.183;134.480;29.750;28.823;1.703;0.189;0.095;59.483;195.666;137.420;30.866;2.468;1.058;0.000;0.025;0.000;13;36.475;132.094;4;0;0;0;0;0;0;0
225;1;1;1;0.000000;0.000000;1.000000;20125.335832;20125.390813;20125.528801;795720;28012;143728;22;1797;28012;30564;100.000;0.730;0.794;551.928;592.456;7.335;157475;150952;143728;0.185;0.111;0.069;2.205;1.150;0.069;34.656;33.437;137.963;137.988;136.804;25.115;24.441;1.431;0.286;0.124;54.981;192.969;134.722;28.831;4.502;1.273;0.000;0.024;0.000;14;31.300;134.572;3;0;0;0;0;0;0;0
226;1;1;1;0.000000;0.000000;1.000000;20125.369168;20125.429376;20125.565691;798723;138368;142930;106;1787;138368;150664;100.000;4.028;4.383;548.864;589.166;36.159;180302;156126;142930;0.188;0.109;0.068;2.911;1.410;0.506;40.258;38.780;136.245;136.315;134.886;29.533;28.750;1.425;0.191;0.931;60.208;196.523;138.279;38.563;5.229;1.521;0.000;0.070;0.000;32;35.936;131.903;6;0;0;0;0;0;0;0
227;1;1;1;0.000000;0.000000;1.000000;20125.402499;20125.463792;20125.598926;807441;25004;142948;19;1787;25004;27208;100.000;508.486;551.367;548.933;589.235;6.530;170657;155545;142948;0.187;0.108;0.068;4.292;1.189;0.064;37.546;36.290;135.109;135.134;133.918;27.785;27.099;1.409;1.207;1.314;61.293;196.427;138.181;34.416;1.083;1.493;0.000;0.025;0.000;14;32.066;129.600;2;0;0;0;0;0;0;0
228;1;1;1;0.000000;0.000000;1.000000;20125.435834;20125.496315;20125.633298;803316;22372;143504;17;1794;22372;24344;100.000;0.659;0.714;551.068;591.528;5.843;169844;157104;143504;0.228;0.117;0.069;4.674;1.489;0.078;39.853;38.295;136.947;136.983;135.471;29.093;28.268;1.665;1.207;1.388;60.482;197.465;139.220;32.524;0.810;1.450;0.000;0.036;0.000;16;33.690;130.760;2;0;0;0;0;0;0;0
229;1;1;1;0.000000;0.000000;1.000000;20125.469166;20125.530459;20125.665076;809074;23500;144280;18;1804;23500;25588;100.000;0.702;0.761;554.048;594.733;6.141;168393;156985;144280;0.188;0.109;0.068;2.748;1.553;0.499;37.934;36.313;134.603;134.616;133.037;28.180;27.296;1.489;0.189;0.705;61.294;195.910;137.664;34.144;0.811;1.410;0.000;0.013;0.000;11;33.633;130.276;3;0;0;0;0;0;0;0
230;1;1;1;0.000000;0.000000;1.000000;20125.502499;20125.564115;20125.695842;808265;24816;145334;19;1817;24816;27020;100.000;0.733;0.795;558.095;599.074;6.485;167977;157281;145334;0.193;0.112;0.069;2.499;1.272;0.073;35.061;33.721;131.697;131.728;130.427;26.616;25.854;1.722;0.289;0.115;61.616;193.343;135.098;33.655;0.322;1.342;0.000;0.031;0.000;13;31.290;127.895;3;0;0;0;0;0;0;0
231;1;1;1;0.000000;0.000000;1.000000;20125.535833;20125.598208;20125.726457;818848;28200;147128;22;1840;28200;30752;100.000;0.833;0.905;564.984;606.482;7.380;168137;158435;147128;0.177;0.108;0.067;2.006;2.006;0.623;34.392;32.319;128.208;128.249;126.224;26.816;25.605;1.383;0.194;0.077;62.375;190.624;132.379;34.093;0.760;1.306;0.000;0.041;0.000;21;30.380;124.176;2;0;0;0;0;0;0;0
232;1;1;1;0.000000;0.000000;1.000000;20125.569190;20125.632238;20125.762368;820617;28012;148796;22;1860;28012;30564;100.000;0.904;0.984;571.389;613.338;7.335;168814;160160;148796;0.233;0.109;0.067;2.324;1.226;0.073;39.912;38.619;130.090;130.130;128.878;30.671;29.966;1.487;0.306;0.123;63.048;193.178;134.957;34.030;0.697;1.268;0.000;0.040;0.000;21;36.362;126.511;2;0;0;0;0;0;0;0
233;1;1;1;0.000000;0.000000;1.000000;20125.602499;20125.663345;20125.799469;814146;28012;150842;22;1886;28012;30564;100.000;1.000;1.088;579.246;621.781;7.335;169387;161481;150842;0.185;0.110;0.068;3.020;1.583;0.439;40.649;38.999;136.117;136.124;134.516;29.862;28.992;1.370;0.199;1.088;60.846;196.970;138.724;31.107;2.226;1.328;0.000;0.007;0.000;17;36.047;131.488;4;0;0;0;0;0;0;0
234;1;1;1;0.000000;0.000000;1.000000;20125.635832;20125.691491;20125.828784;814852;28388;152630;22;1908;28388;30940;100.000;0.744;0.808;586.112;629.144;7.426;170326;162490;152630;0.189;0.112;0.070;2.427;1.465;0.094;33.898;32.364;137.250;137.293;135.797;24.690;23.832;1.638;0.309;0.111;55.659;192.952;134.706;28.146;5.188;1.569;0.000;0.043;0.000;21;30.006;133.316;2;0;0;0;0;0;0;0
235;1;1;1;0.000000;0.000000;1.000000;20125.669166;20125.729817;20125.866869;815725;27260;153174;21;1915;27260;29696;100.000;0.795;0.863;588.201;631.391;7.127;170712;163421;153174;0.188;0.111;0.069;2.131;1.561;0.446;41.979;40.349;137.035;137.053;135.466;30.630;29.786;1.471;0.202;0.091;60.651;197.704;139.458;38.326;4.993;1.783;0.000;0.018;0.001;15;38.287;133.315;3;0;0;0;0;0;0;0
236;1;1;1;0.000000;0.000000;1.000000;20125.702499;20125.764284;20125.896089;816078;26696;152808;21;1911;26696;29132;100.000;0.847;0.922;586.795;629.895;6.992;169454;162198;152808;0.195;0.114;0.068;2.215;1.329;0.079;32.904;31.507;131.768;131.805;130.446;24.964;24.153;1.415;0.319;0.105;61.785;193.590;135.344;34.468;1.134;1.742;0.000;0.037;0.000;20;29.359;128.191;2;0;0;0;0;0;0;0
237;1;1;1;0.000000;0.000000;1.000000;20125.735832;20125.795943;20125.930841;810868;27824;151650;22;1896;27824;30376;100.000;0.803;0.874;582.348;625.110;7.290;167778;160569;151650;0.191;0.112;0.070;2.935;0.985;0.093;38.298;37.242;134.844;134.897;133.895;28.390;27.815;1.430;0.205;0.928;60.111;195.009;136.763;31.659;1.674;1.738;0.000;0.053;0.000;20;34.377;130.897;2;0;0;0;0;0;0;0
238;1;1;1;0.000000;0.000000;1.000000;20125.769165;20125.830751;20125.966238;801907;27072;149972;21;1875;27072;29508;100.000;0.853;0.927;575.905;618.192;7.082;165508;158216;149972;0.236;0.113;0.065;4.433;1.627;0.508;39.307;37.615;135.440;135.488;133.835;29.011;28.106;1.473;1.218;1.328;61.586;197.073;138.827;34.807;1.474;1.722;0.000;0.047;0.000;20;33.247;129.353;2;0;0;0;0;0;0;0
239;1;1;1;0.000000;0.000000;1.000000;20125.802500;20125.862626;20125.997569;799196;27824;148264;22;1854;27824;30376;100.000;0.791;0.861;569.346;611.160;7.290;163559;156520;148264;0.187;0.110;0.068;2.659;1.129;0.071;37.387;36.190;134.860;134.944;133.790;27.706;27.050;1.618;0.209;0.468;60.126;195.070;136.824;31.875;1.459;1.705;0.000;0.084;0.000;22;33.599;131.046;2;0;0;0;0;0;0;0
240;1;1;1;0.000000;0.000000;1.000000;20125.835832;20125.897962;20126.030363;799621;28200;146996;22;1838;28200;30752;100.000;0.893;0.971;564.477;605.930;7.380;161995;155010;146996;0.190;0.109;0.069;2.182;1.633;0.484;36.577;34.876;132.375;132.401;130.742;27.626;26.675;1.459;0.239;0.117;62.130;194.530;136.285;35.337;2.003;1.724;0.000;0.025;0.000;12;32.762;128.533;3;0;0;0;0;0;0;0
241;1;1;1;0.000000;0.000000;1.000000;20125.869165;20125.929705;20126.065298;808174;139496;146062;106;1826;139496;151792;100.000;83.075;90.341;560.891;602.073;36.430;182380;158734;146062;1.204;0.109;0.067;4.251;0.946;0.058;38.752;37.740;134.225;135.593;134.628;28.579;28.032;1.607;0.193;1.073;60.540;196.133;137.886;31.742;1.591;1.716;0.000;1.368;0.000;82;33.555;129.007;5;0;0;0;0;0;0;0
242;1;1;1;0.000000;0.000000;1.000000;20125.902499;20125.965056;20126.097263;810609;27824;145468;22;1819;27824;30376;100.000;0.896;0.975;558.610;599.634;7.290;172889;157546;145468;0.189;0.113;0.069;2.212;1.475;0.425;37.137;35.594;132.155;132.207;130.692;28.090;27.235;1.436;0.285;0.121;62.558;194.765;136.519;35.352;2.018;1.734;0.000;0.052;0.000;21;33.450;128.425;2;0;0;0;0;0;0;0
243;1;1;1;0.000000;0.000000;1.000000;20125.935832;20125.996245;20126.130177;809086;19928;145086;16;1814;19928;21784;100.000;0.570;0.621;557.143;598.054;5.228;170829;157253;145086;0.198;0.110;0.068;2.650;0.936;0.053;36.621;35.617;133.930;133.932;132.980;27.343;26.784;1.550;0.190;0.535;60.413;194.345;136.099;31.189;2.144;1.760;0.000;0.002;0.000;13;33.035;130.325;3;0;0;0;0;0;0;0
244;1;1;1;0.000000;0.000000;1.000000;20125.969165;20126.031384;20126.162373;804105;21996;145538;17;1820;21996;23968;100.000;0.674;0.732;558.878;599.925;5.752;170251;157224;145538;0.196;0.113;0.071;2.435;1.954;0.461;35.769;33.745;130.971;130.989;129.012;27.307;26.156;1.646;0.303;0.107;62.219;193.208;134.962;35.138;1.805;1.763;0.000;0.019;0.000;6;31.381;126.555;5;0;0;0;0;0;0;0
245;1;1;1;0.000000;0.000000;1.000000;20126.002499;20126.064173;20126.191238;810243;24064;146056;19;1826;24064;26268;100.000;0.702;0.764;560.868;602.050;6.304;169627;158262;146056;0.181;0.106;0.066;2.000;1.390;0.085;33.245;31.789;127.034;127.065;125.645;26.164;25.301;1.378;0.195;0.074;61.675;188.739;130.493;32.790;0.544;1.687;0.000;0.031;0.000;12;29.854;123.613;3;0;0;0;0;0;0;0
246;1;1;1;0.000000;0.000000;1.000000;20126.035833;20126.098615;20126.228221;808451;27260;146718;21;1834;27260;29696;100.000;0.899;0.976;563.410;604.772;7.127;169203;159071;146718;0.195;0.112;0.069;2.221;2.010;0.488;40.368;38.289;129.565;129.606;127.564;31.147;30.016;1.438;0.296;0.112;62.782;192.388;134.143;34.442;1.108;1.651;0.000;0.041;0.000;20;36.137;125.300;2;0;0;0;0;0;0;0
247;1;1;1;0.000000;0.000000;1.000000;20126.069165;20126.129091;20126.265854;818595;29328;147758;23;1847;29328;31996;100.000;1.034;1.124;567.403;609.059;7.679;168774;159475;147758;0.181;0.109;0.067;2.572;1.205;0.069;41.869;40.597;136.730;136.763;135.533;30.614;29.954;1.392;0.196;0.628;59.926;196.689;138.443;30.476;2.857;1.726;0.000;0.033;0.000;18;38.091;132.926;4;0;0;0;0;0;0;0
248;1;1;1;0.000000;0.000000;1.000000;20126.102499;20126.157592;20126.296059;813416;28952;149576;22;1870;28952;31504;100.000;457.378;496.186;574.384;616.559;7.561;169294;160930;149576;0.195;0.113;0.071;2.502;1.163;0.069;33.981;32.747;138.441;138.467;137.281;24.541;23.854;1.719;0.296;0.109;55.093;193.560;135.314;28.501;4.833;1.920;0.000;0.027;0.000;11;30.316;134.751;5;0;0;0;0;0;0;0
249;1;1;1;0.000000;0.000000;1.000000;20126.135834;20126.195833;20126.323468;816251;29704;151824;23;1898;29704;32372;100.000;0.869;0.944;583.017;625.823;7.769;170774;162562;151824;0.183;0.109;0.067;2.015;1.563;0.428;31.078;29.449;127.604;127.635;126.055;24.349;23.362;1.379;0.199;0.078;60.000;187.634;129.390;38.241;4.908;2.107;0.000;0.030;0.000;14;27.501;124.010;3;0;0;0;0;0;0;0
250;1;1;1;0.000000;0.000000;1.000000;20126.169167;20126.230172;20126.364491;820584;28576;153370;22;1918;28576;31128;100.000;0.883;0.959;588.953;632.211;7.471;171433;163717;153370;1.370;0.114;0.071;4.351;1.140;0.065;44.598;43.387;134.295;134.320;133.163;33.203;32.582;1.544;0.200;1.053;61.005;195.324;137.080;34.338;1.005;2.038;0.000;0.025;0.000;12;39.107;128.786;3;0;0;0;0;0;0;0
251;1;1;1;0.000000;0.000000;1.000000;20126.202500;20126.262698;20126.389661;817535;27072;153478;21;1919;27072;29508;100.000;0.965;1.048;589.368;632.648;7.082;171059;163653;153478;0.178;0.110;0.067;2.216;1.650;0.486;30.653;28.937;126.945;126.963;125.293;24.143;23.095;1.575;0.199;0.087;60.198;187.161;128.916;32.526;0.807;1.961;0.000;0.019;0.000;11;26.787;123.056;3;0;0;0;0;0;0;0
252;1;1;1;0.000000;0.000000;1.000000;20126.235833;20126.290911;20126.431023;812707;28576;152446;22;1906;28576;31128;100.000;0.765;0.831;585.405;628.392;7.471;168862;161572;152446;0.192;0.110;0.069;2.641;1.050;0.056;45.226;44.107;140.057;140.112;139.042;32.278;31.722;1.561;0.201;0.508;55.078;195.190;136.945;28.213;5.120;2.159;0.000;0.054;0.000;21;41.535;136.346;2;0;0;0;0;0;0;0
253;1;1;1;0.000000;0.000000;1.000000;20126.269168;20126.328435;20126.462496;811017;29140;150768;23;1885;29140;31808;100.000;1.031;1.123;578.962;621.475;7.634;166214;159043;150768;0.191;0.110;0.071;2.458;1.834;0.484;35.153;33.248;134.054;134.062;132.198;26.221;25.150;1.669;0.303;0.115;59.267;193.328;135.085;37.524;4.190;2.285;0.000;0.008;0.000;19;30.861;129.731;3;0;0;0;0;0;0;0
254;1;1;1;0.000000;0.000000;1.000000;20126.302500;20126.356804;20126.498854;812416;28012;148606;22;1858;28012;30564;100.000;0.724;0.787;570.660;612.564;7.335;163324;156981;148606;0.188;0.109;0.067;3.375;0.888;0.053;40.653;39.699;142.001;142.051;141.146;28.619;28.126;1.404;0.196;1.412;54.304;196.355;138.110;28.369;4.964;2.453;0.000;0.050;0.000;21;36.390;137.713;2;0;0;0;0;0;0;0
255;1;1;1;0.000000;0.000000;1.000000;20126.335833;20126.395683;20126.529555;815874;28012;147150;22;1840;28012;30564;100.000;0.824;0.897;565.068;606.566;7.335;161423;154952;147150;0.194;0.114;0.071;2.457;1.615;0.434;34.946;33.260;133.818;133.871;132.227;26.104;25.154;1.641;0.316;0.122;59.850;193.722;135.476;38.879;5.546;2.646;0.000;0.053;0.001;20;30.874;129.713;2;0;0;0;0;0;0;0
256;1;1;1;0.000000;0.000000;1.000000;20126.369166;20126.429820;20126.556321;811813;137616;146080;105;1826;137616;149796;100.000;4.021;4.374;560.960;602.142;35.951;184042;159743;146080;0.184;0.109;0.065;2.046;1.261;0.074;30.841;29.515;126.482;126.501;125.216;24.380;23.571;1.414;0.192;0.081;60.654;187.155;128.909;34.136;0.803;2.531;0.000;0.019;0.000;44;27.534;123.151;5;0;0;0;0;0;0;0
257;1;1;1;0.000000;0.000000;1.000000;20126.402501;20126.464117;20126.594739;809323;28012;145366;22;1818;28012;30564;100.000;0.883;0.960;558.218;599.220;7.335;172970;158513;145366;0.199;0.111;0.069;2.325;1.928;0.490;41.718;39.721;130.592;130.622;128.665;31.938;30.872;1.490;0.286;0.171;61.616;192.238;133.994;34.297;0.964;2.433;0.000;0.029;0.000;10;37.465;126.311;4;0;0;0;0;0;0;0
258;1;1;1;0.000000;0.000000;1.000000;20126.435832;20126.495985;20126.620115;806066;20304;145058;16;1814;20304;22160;100.000;0.718;0.780;557.035;597.947;5.318;169581;156680;145058;0.186;0.108;0.066;2.316;1.347;0.085;29.623;28.210;124.097;124.130;122.752;23.865;22.981;1.628;0.221;0.107;60.153;184.283;126.037;31.868;1.465;2.373;0.000;0.034;0.000;15;25.960;120.399;2;0;0;0;0;0;0;0
259;1;1;1;0.000000;0.000000;1.000000;20126.469166;20126.524441;20126.664141;803994;21620;144584;17;1808;21620;23592;100.000;0.578;0.628;555.215;595.991;5.662;167718;156310;144584;0.242;0.116;0.071;5.182;1.071;0.060;47.699;46.557;139.659;139.700;138.611;34.144;33.588;2.116;1.209;1.429;55.276;194.976;136.730;28.456;4.877;2.529;0.000;0.041;0.000;16;41.446;133.387;2;0;0;0;0;0;0;0
260;1;1;1;0.000000;0.000000;1.000000;20126.502498;20126.562061;20126.688702;804675;24252;144650;19;1809;24252;26456;100.000;0.854;0.928;555.468;596.267;6.349;166568;156363;144650;0.179;0.106;0.065;2.159;1.487;0.430;30.807;29.256;126.602;126.641;125.133;24.326;23.380;1.529;0.190;0.089;59.563;186.204;127.958;37.620;4.286;2.639;0.000;0.039;0.000;14;27.162;122.934;4;0;0;0;0;0;0;0
261;1;1;1;0.000000;0.000000;1.000000;20126.535834;20126.590617;20126.726214;803023;25756;143952;20;1800;25756;28076;100.000;0.691;0.751;552.788;593.384;6.738;164919;155581;143952;0.192;0.113;0.069;2.191;1.500;0.090;41.150;39.581;135.552;135.598;134.072;30.347;29.522;1.425;0.287;0.106;54.783;190.380;132.136;28.556;4.778;2.773;0.000;0.046;0.000;11;37.459;131.834;4;0;0;0;0;0;0;0
262;1;1;1;0.000000;0.000000;1.000000;20126.569167;20126.628055;20126.752585;804900;27824;144058;22;1801;27824;30376;100.000;0.976;1.062;553.195;593.813;7.290;165215;156583;144058;0.178;0.108;0.066;2.184;1.709;0.301;30.064;28.290;124.508;124.530;122.801;24.142;23.037;1.543;0.210;0.080;58.888;183.418;125.174;37.438;4.105;2.856;0.000;0.022;0.000;12;26.171;120.593;4;0;0;0;0;0;0;0
263;1;1;1;0.000000;0.000000;1.000000;20126.602499;20126.656704;20126.797817;801032;29140;144662;23;1809;29140;31808;100.000;0.768;0.835;555.515;596.313;7.634;164905;156698;144662;0.225;0.109;0.067;4.571;1.595;0.526;49.115;47.453;141.079;141.113;139.490;34.805;34.019;1.611;1.214;1.346;54.205;195.318;137.072;28.649;4.684;2.970;0.000;0.034;0.000;17;42.949;134.883;3;0;0;0;0;0;0;0
264;1;1;1;0.000000;0.000000;1.000000;20126.635835;20126.694823;20126.821857;793638;29704;145976;23;1825;29704;32372;100.000;1.063;1.155;560.560;601.720;7.769;164477;156579;145976;0.224;0.109;0.065;2.232;1.102;0.067;30.210;29.044;127.013;127.033;125.911;23.782;23.067;1.556;0.192;0.086;58.989;186.022;127.779;38.119;4.786;3.084;0.000;0.020;0.000;8;26.877;123.658;6;0;0;0;0;0;0;0
265;1;1;1;0.000000;0.000000;1.000000;20126.669167;20126.722906;20126.861331;801156;29516;148478;23;1856;29516;32184;100.000;0.775;0.843;570.168;612.027;7.724;165768;158389;148478;0.190;0.112;0.070;2.440;1.607;0.476;42.776;41.099;138.405;138.425;136.779;30.902;30.048;1.653;0.297;0.119;53.739;192.164;133.919;28.083;5.251;3.219;0.000;0.019;0.000;12;38.729;134.308;4;0;0;0;0;0;0;0
266;1;1;1;0.000000;0.000000;1.000000;20126.702501;20126.761147;20126.897194;804749;29140;149922;23;1875;29140;31808;100.000;1.049;1.141;575.713;618.000;7.634;166699;159463;149922;0.191;0.112;0.068;2.698;1.189;0.070;39.922;38.666;135.997;136.047;134.835;29.345;28.676;1.534;0.197;0.597;58.646;194.693;136.449;38.241;4.907;3.325;0.000;0.050;0.000;22;36.035;132.086;2;0;0;0;0;0;0;0
267;1;1;1;0.000000;0.000000;1.000000;20126.735832;20126.789068;20126.929234;805449;28200;150436;22;1881;28200;30752;100.000;0.706;0.768;577.687;620.110;7.380;166832;159518;150436;0.235;0.116;0.076;2.476;1.706;0.450;35.914;34.131;140.124;140.166;138.426;25.622;24.657;1.656;0.286;0.108;53.236;193.402;135.156;27.921;5.412;3.455;0.000;0.042;0.000;22;31.731;135.906;2;0;0;0;0;0;0;0
268;1;1;1;0.000000;0.000000;1.000000;20126.769166;20126.829163;20126.965415;805329;27072;149636;21;1871;27072;29508;100.000;0.803;0.872;574.615;616.812;7.082;165645;158615;149636;0.188;0.111;0.069;4.728;1.489;0.084;40.374;38.817;136.234;136.251;134.744;29.632;28.808;1.829;1.228;1.303;59.998;196.249;138.003;40.095;6.762;3.662;0.000;0.017;0.000;14;34.158;129.997;3;0;0;0;0;0;0;0
269;1;1;1;0.000000;0.000000;1.000000;20126.802501;20126.863037;20126.997830;805419;27260;148420;21;1856;27260;29696;100.000;0.835;0.907;569.945;611.804;7.127;163948;157335;148420;0.238;0.111;0.068;2.909;1.573;0.493;38.626;36.986;134.778;134.793;133.199;28.656;27.768;1.428;0.195;0.869;60.536;195.329;137.085;33.874;0.540;3.467;0.000;0.015;0.000;16;34.145;130.273;3;0;0;0;0;0;0;0
270;1;1;1;0.000000;0.000000;1.000000;20126.835833;20126.895827;20127.029016;804474;27824;146600;22;1833;27824;30376;100.000;0.801;0.871;562.956;604.296;7.290;161578;155123;146600;0.203;0.113;0.068;2.431;1.020;0.065;35.657;34.570;133.151;133.189;132.139;26.772;26.162;1.649;0.286;0.113;59.994;193.182;134.938;32.790;0.543;3.284;0.000;0.038;0.000;14;32.207;129.669;4;0;0;0;0;0;0;0
271;1;1;1;0.000000;0.000000;1.000000;20126.869165;20126.930756;20127.059712;796101;135360;145088;103;1814;135360;147308;100.000;4.018;4.369;557.150;598.062;35.354;181623;158138;145088;0.180;0.106;0.066;1.985;2.062;0.600;34.157;32.029;128.934;128.957;126.878;26.487;25.244;1.379;0.189;0.066;61.591;190.547;132.301;34.928;1.595;3.178;0.000;0.023;0.000;42;30.110;124.869;7;0;0;0;0;0;0;0
272;1;1;1;0.000000;0.000000;1.000000;20126.902501;20126.965336;20127.095150;805073;28200;144742;22;1810;28200;30752;100.000;0.921;1.001;555.822;596.643;7.380;170748;156069;144742;0.187;0.111;0.069;2.452;1.371;0.083;39.463;38.024;129.778;129.814;128.407;30.400;29.612;1.674;0.293;0.120;62.835;192.649;134.405;34.581;1.247;3.058;0.000;0.036;0.000;12;35.640;125.917;3;0;0;0;0;0;0;0
273;1;1;1;0.000000;0.000000;1.000000;20126.935832;20126.996070;20127.131611;797204;23500;144320;18;1804;23500;25588;100.000;0.828;0.898;554.201;594.887;6.141;168031;154647;144320;0.186;0.105;0.065;2.421;0.837;0.047;40.303;39.401;135.531;135.541;134.688;29.735;29.254;1.795;0.191;0.078;60.239;195.779;137.533;30.734;2.599;3.029;0.000;0.010;0.000;11;37.045;132.256;3;0;0;0;0;0;0;0
274;1;1;1;0.000000;0.000000;1.000000;20126.969165;20127.024608;20127.164066;805139;22936;144042;18;1801;22936;25024;100.000;0.600;0.652;553.134;593.752;6.006;166278;154233;144042;0.228;0.111;0.067;2.243;1.606;0.469;35.697;34.024;139.424;139.457;137.824;25.597;24.686;1.431;0.302;0.105;55.443;194.900;136.654;28.538;4.795;3.139;0.000;0.033;0.001;15;31.847;135.545;3;0;0;0;0;0;0;0
275;1;1;1;0.000000;0.000000;1.000000;20127.002535;20127.063016;20127.199479;808073;25944;144130;20;1802;25944;28264;100.000;0.762;0.827;553.472;594.112;6.783;164563;153180;144130;0.185;0.108;0.066;3.128;1.015;0.058;39.261;38.180;136.363;136.463;135.432;28.770;28.191;1.371;0.189;1.210;60.481;196.944;138.734;38.407;5.074;3.260;0.000;0.100;0.000;19;35.118;132.193;2;0;0;0;0;0;0;0
276;1;1;1;0.000000;0.000000;1.000000;20127.035833;20127.097223;20127.230385;813584;26132;144164;20;1803;26132;28452;100.000;0.791;0.859;553.602;594.265;6.828;164571;154318;144164;0.233;0.111;0.070;2.273;1.500;0.461;35.039;33.470;133.032;133.161;131.640;26.313;25.425;1.461;0.300;0.098;61.390;194.552;136.306;34.208;0.874;3.111;0.000;0.130;0.000;19;31.266;129.235;2;0;0;0;0;0;0;0
277;1;1;1;0.000000;0.000000;1.000000;20127.069165;20127.130399;20127.264115;812306;29140;144334;23;1805;29140;31808;100.000;0.837;0.910;554.255;594.963;7.634;163678;153980;144334;0.188;0.110;0.068;2.842;1.039;0.065;37.500;36.393;133.669;133.716;132.655;28.045;27.434;1.485;0.189;0.803;61.234;194.950;136.704;33.176;0.157;2.927;0.000;0.047;0.000;22;33.619;129.766;2;0;0;0;0;0;0;0
278;1;1;1;0.000000;0.000000;1.000000;20127.102499;20127.165395;20127.296280;817500;29328;144850;23;1811;29328;31996;100.000;0.946;1.029;556.236;597.080;7.679;163269;154667;144850;0.238;0.112;0.070;2.314;1.847;0.460;36.046;34.130;130.841;130.885;129.020;27.540;26.453;1.493;0.276;0.126;62.896;193.782;135.536;34.996;1.662;2.848;0.000;0.045;0.001;22;31.886;126.659;2;0;0;0;0;0;0;0
279;1;1;1;0.000000;0.000000;1.000000;20127.135832;20127.196557;20127.330669;824803;30644;147006;24;1838;30644;33428;100.000;0.875;0.952;564.516;605.968;8.023;164265;155679;147006;0.195;0.112;0.069;2.898;1.055;0.064;38.541;37.418;134.061;134.111;133.034;28.738;28.127;1.447;0.197;0.879;60.725;194.836;136.590;31.162;2.171;2.805;0.000;0.051;0.000;17;34.588;130.084;4;0;0;0;0;0;0;0
280;1;1;1;0.000000;0.000000;1.000000;20127.169166;20127.231738;20127.366304;813944;29892;149388;23;1868;29892;32560;100.000;0.963;1.046;573.662;615.792;7.814;166141;158254;149388;0.194;0.109;0.065;4.447;1.756;0.459;39.581;37.761;134.520;134.567;132.784;29.414;28.438;1.550;1.218;1.312;62.572;197.139;138.893;35.180;1.847;2.745;0.000;0.047;0.000;22;33.378;128.288;2;0;0;0;0;0;0;0
281;1;1;1;0.000000;0.000000;1.000000;20127.202499;20127.262923;20127.398737;815307;30268;150146;23;1877;30268;32936;100.000;1174.153;1273.946;576.573;618.906;7.905;166016;158480;150146;1.177;0.111;0.069;4.168;1.149;0.066;38.639;37.421;135.633;135.815;134.645;28.450;27.792;1.537;0.204;1.071;60.423;196.238;137.993;31.185;2.148;2.708;0.000;0.182;0.000;24;33.322;130.293;1;0;0;0;0;0;0;0
282;1;1;1;0.000000;0.000000;1.000000;20127.235832;20127.298421;20127.432714;816329;27260;149960;21;1875;27260;29696;100.000;0.884;0.960;575.859;618.146;7.127;165440;158206;149960;0.218;0.105;0.066;4.573;1.586;0.084;39.283;37.631;134.279;134.293;132.681;29.251;28.362;1.635;1.230;1.319;62.589;196.882;138.636;35.498;2.165;2.674;0.000;0.014;0.000;17;33.124;128.091;3;0;0;0;0;0;0;0
283;1;1;1;0.000000;0.000000;1.000000;20127.269165;20127.329394;20127.465266;813249;27636;148574;21;1858;27636;30072;100.000;409.694;444.392;570.537;612.441;7.217;163646;156455;148574;0.233;0.110;0.068;2.780;1.477;0.491;38.712;37.167;135.826;135.873;134.373;28.491;27.660;1.498;0.195;0.677;60.229;196.101;137.855;30.973;2.360;2.655;0.000;0.047;0.000;18;34.455;131.545;2;0;0;0;0;0;0;0
284;1;1;1;0.000000;0.000000;1.000000;20127.302499;20127.365388;20127.499191;809333;28012;146866;22;1836;28012;30564;100.000;0.878;0.955;563.978;605.386;7.335;161321;154158;146866;0.192;0.109;0.065;4.573;1.194;0.070;38.174;36.916;133.753;133.804;132.581;28.530;27.844;1.672;1.215;1.320;62.889;196.692;138.447;35.994;2.661;2.655;0.000;0.051;0.000;21;32.407;127.956;2;0;0;0;0;0;0;0
285;1;1;1;0.000000;0.000000;1.000000;20127.335831;20127.397413;20127.533257;815482;28764;145550;22;1820;28764;31316;100.000;0.834;0.906;558.924;599.971;7.516;159554;152609;145550;1.152;0.110;0.067;4.066;1.514;0.477;39.819;38.238;135.827;135.844;134.310;29.312;28.470;1.457;0.192;1.088;61.582;197.426;139.179;32.025;1.308;2.571;0.000;0.018;0.001;7;34.239;130.207;6;0;0;0;0;0;0;0
286;1;1;1;0.000000;0.000000;1.000000;20127.369165;20127.432016;20127.566154;814633;136300;144160;104;1802;136300;148364;100.000;4.321;4.701;553.587;594.228;35.607;181574;157734;144160;1.151;0.110;0.067;4.225;1.032;0.061;38.473;37.375;133.665;134.138;133.087;28.682;28.083;1.634;0.189;1.075;62.850;196.988;138.742;34.603;1.269;2.489;0.000;0.473;0.000;64;33.216;128.387;5;0;0;0;0;0;0;0
287;1;1;1;0.000000;0.000000;1.000000;20127.402499;20127.463613;20127.600359;814941;28576;142853;22;1786;28576;31128;100.000;0.824;0.895;548.568;588.848;7.471;172001;156117;142853;0.188;0.108;0.065;3.018;1.140;0.385;39.461;38.257;136.725;136.745;135.589;28.857;28.215;1.371;0.189;1.098;61.114;197.859;139.614;31.598;1.736;2.442;0.000;0.020;0.000;16;35.303;132.550;3;0;0;0;0;0;0;0
288;1;1;1;0.000000;0.000000;1.000000;20127.435832;20127.498489;20127.630534;818847;23124;142468;18;1781;23124;25212;100.000;0.702;0.763;547.090;587.256;6.051;168391;154582;142468;0.231;0.110;0.067;2.477;1.049;0.064;34.323;33.208;132.005;132.046;130.974;25.994;25.355;1.704;0.256;0.110;62.656;194.702;136.456;34.875;1.542;2.386;0.000;0.041;0.000;17;30.797;128.455;2;0;0;0;0;0;0;0
289;1;1;1;0.000000;0.000000;1.000000;20127.469166;20127.531556;20127.666501;824052;21056;142484;16;1782;21056;22912;100.000;922.987;1000.164;547.151;587.340;5.499;165899;153462;142484;0.991;0.106;0.067;4.355;1.731;0.598;39.496;37.699;134.918;134.945;133.199;29.269;28.303;1.886;0.198;1.107;62.390;197.335;139.089;33.067;0.266;2.254;0.000;0.027;0.000;16;33.410;128.814;1;0;0;0;0;0;0;0
290;1;1;1;0.000000;0.000000;1.000000;20127.502499;20127.564957;20127.698218;835458;25568;143172;20;1790;25568;27888;100.000;0.795;0.864;549.793;590.163;6.693;165177;153648;143172;0.229;0.111;0.068;2.454;1.078;0.070;37.795;36.650;133.235;133.261;132.163;28.362;27.731;1.675;0.190;0.182;62.457;195.719;137.473;33.401;0.067;2.117;0.000;0.026;0.000;12;34.264;129.682;5;0;0;0;0;0;0;0
291;1;1;1;0.000000;0.000000;1.000000;20127.535832;20127.597263;20127.729434;819605;26508;143314;21;1792;26508;28944;100.000;0.764;0.831;550.338;590.753;6.947;163945;154253;143314;0.185;0.109;0.069;2.199;1.121;0.064;34.744;33.554;132.161;132.171;131.028;26.287;25.608;1.437;0.285;0.115;61.431;193.602;135.356;32.307;1.027;2.049;0.000;0.010;0.000;15;31.424;128.817;3;0;0;0;0;0;0;0
292;1;1;1;0.000000;0.000000;1.000000;20127.569165;20127.632125;20127.765431;827799;26696;143732;21;1797;26696;29132;100.000;0.826;0.898;551.943;592.471;6.992;162988;153764;143732;0.235;0.109;0.067;2.793;1.589;0.495;39.311;37.655;133.277;133.307;131.693;29.489;28.593;1.495;0.189;0.699;62.960;196.266;138.020;34.862;1.528;2.016;0.000;0.030;0.000;11;34.929;128.869;4;0;0;0;0;0;0;0
293;1;1;1;0.000000;0.000000;1.000000;20127.602499;20127.664614;20127.799021;830771;28388;144010;22;1801;28388;30940;100.000;0.881;0.957;553.011;593.629;7.426;162424;154020;144010;0.190;0.109;0.067;4.357;1.140;0.063;37.974;36.767;133.423;134.407;133.247;28.253;27.593;1.418;1.214;1.359;62.115;196.523;138.277;32.489;0.844;1.943;0.000;0.984;0.000;22;32.477;127.904;2;0;0;0;0;0;0;0
294;1;1;1;0.000000;0.000000;1.000000;20127.635832;20127.696969;20127.833323;835004;29516;145768;23;1823;29516;32184;100.000;0.870;0.945;559.762;600.876;7.724;163241;155696;145768;0.186;0.108;0.067;3.154;1.167;0.373;39.800;38.566;136.318;136.355;135.171;29.189;28.531;1.478;0.190;1.126;61.136;197.491;139.245;32.354;0.979;1.883;0.000;0.037;0.000;19;35.478;131.979;4;0;0;0;0;0;0;0
295;1;1;1;0.000000;0.000000;1.000000;20127.669165;20127.731069;20127.865221;814967;29328;148094;23;1852;29328;31996;100.000;0.903;0.982;568.693;610.462;7.679;164677;157383;148094;1.106;0.112;0.068;4.158;1.163;0.067;36.209;34.978;134.117;134.152;132.973;26.991;26.305;1.627;0.193;1.053;61.904;196.056;137.810;34.100;0.767;1.813;0.000;0.035;0.000;15;30.888;128.769;3;0;0;0;0;0;0;0
296;1;1;1;0.000000;0.000000;1.000000;20127.702499;20127.763671;20127.891235;818656;29140;149404;23;1868;29140;31808;100.000;0.844;0.918;573.724;615.853;7.634;165436;158213;149404;0.182;0.108;0.066;2.019;0.775;0.081;31.331;30.490;127.543;127.564;126.772;24.561;24.051;1.389;0.205;0.070;61.172;188.736;130.490;32.602;0.731;1.745;0.000;0.020;0.000;16;28.537;124.731;3;0;0;0;0;0;0;0
297;1;1;1;0.000000;0.000000;1.000000;20127.735832;20127.798429;20127.937832;819807;28012;149370;22;1868;28012;30564;100.000;0.876;0.953;573.593;615.723;7.335;165095;157944;149370;0.192;0.111;0.069;1.997;1.499;0.409;49.384;47.816;139.374;139.403;137.883;35.425;34.679;1.370;0.195;0.061;62.597;202.000;143.754;34.758;1.424;1.725;0.000;0.029;0.000;12;45.888;135.856;4;0;0;0;0;0;0;0
298;1;1;1;0.000000;0.000000;1.000000;20127.769165;20127.830561;20127.957044;814766;27636;148012;21;1851;27636;30072;100.000;824.816;894.671;568.379;610.125;7.217;163324;156439;148012;0.211;0.109;0.066;2.069;1.161;0.069;22.711;21.484;126.438;126.483;125.306;17.955;17.145;1.432;0.192;0.059;61.396;187.879;129.633;32.132;1.201;1.693;0.000;0.045;0.000;21;19.481;123.191;1;0;0;0;0;0;0;0
299;1;1;1;0.000000;0.000000;1.000000;20127.802499;20127.863905;20127.989417;809259;28764;146174;22;1828;28764;31316;100.000;0.572;0.621;561.321;602.548;7.516;160730;153953;146174;0.230;0.115;0.070;2.404;1.535;0.489;35.596;33.991;125.477;125.512;123.957;28.360;27.422;1.630;0.246;0.114;61.406;186.918;128.672;33.344;0.010;1.587;0.000;0.035;0.000;21;31.656;121.517;2;0;0;0;0;0;0;0
300;1;1;1;0.000000;0.000000;1.000000;20127.835832;20127.914324;20128.027008;812212;29140;144110;23;1802;29140;31808;100.000;851.252;926.394;553.395;594.036;7.634;158462;151577;144110;0.179;0.106;0.065;2.106;1.156;0.068;41.517;40.297;112.634;112.684;111.498;36.844;36.141;1.488;0.190;0.079;78.492;191.176;132.930;50.419;17.086;2.556;0.000;0.050;0.000;23;38.255;109.340;1;0;0;0;0;0;0;0
