frame_id;rx_complete;tx_complete;current_skip;yaw;pitch;zoom;camera_send_timestamp;recv_start_timestamp;node_exit_timestamp;original_points;rx_media_bytes;tx_points;rx_packets;tx_packets;payload_bytes;reference_size_bytes;data_integrity_pct;internal_throughput_mbs;reference_throughput_mbs;logical_bitrate_mbps;network_bitrate_mbps;reference_bitrate_mbps;arrived_points;eroded_points;valid_points;erosion_ms;reconstruction_ms;pose_ms;reconstruction_pipeline_ms;tx_duration_ms;active_tx_ms;active_process_ms;reference_process_ms;total_processing_ms;total_residency_ms;reference_residency_ms;node_efficiency_pct;reference_efficiency_pct;gpu_transfer_ms;gpu_copyback_ms;host_overhead_ms;camera_node_ms;e2e_latency_ms;schedule_delay_ms;inter_arrival_ms;instant_jitter_ms;desynced_jitter_ms;pose_control_ms;codec_queue_ms;frame_queue_ms;codec_backlog;decode_service_ms;decode_h265_ms;ffmpeg_write_calls;ffmpeg_write_failures;codec_queue_drops;tx_zero_accepts;tx_partial_accepts;tx_resubmit_calls;tx_resubmitted_packets;mbuf_starvation
1;1;1;1;0.000000;0.000000;1.000000;20390.760034;20390.831942;20390.955199;784142;141752;146318;108;1829;141752;154280;100.000;5.210;5.667;561.874;603.123;37.027;178911;159140;146318;0.215;0.126;0.078;3.077;1.019;0.061;25.377;24.280;123.180;123.257;122.219;20.588;19.866;1.464;0.191;1.003;71.908;195.165;123.257;0.000;0.000;0.000;0.000;0.077;0.000;54;21.281;119.063;4;0;0;0;0;0;0;0
2;1;1;1;0.000000;0.000000;1.000000;20390.789480;20390.859239;20390.988719;783406;28952;144182;22;1803;28952;31504;100.000;874.900;949.134;553.671;594.335;7.561;169393;156499;144182;0.212;0.126;0.077;2.312;1.185;0.070;37.613;36.352;110.119;129.481;128.277;29.049;28.339;1.617;0.194;0.087;69.759;199.240;123.444;27.297;6.037;0.377;0.000;19.361;0.000;25;34.116;106.602;1;0;0;0;0;0;0;0
3;1;1;1;0.000000;0.000000;1.000000;20390.819205;20390.890214;20391.018035;780200;22936;141754;18;1772;22936;25024;100.000;0.718;0.780;544.348;584.312;6.006;164369;153953;141754;0.209;0.123;0.077;2.515;1.557;0.470;32.806;31.172;126.699;127.821;126.241;25.665;24.693;1.848;0.187;0.071;71.009;198.829;119.426;30.975;2.358;0.501;0.000;1.122;0.000;17;28.734;122.603;2;0;0;0;0;0;0;0
4;1;1;1;0.000000;0.000000;1.000000;20390.853276;20390.922332;20391.049980;778467;22748;139430;18;1743;22748;24836;100.000;0.749;0.814;535.424;574.733;5.961;160176;150044;139430;0.198;0.115;0.071;2.902;0.975;0.057;36.017;34.972;127.615;127.648;126.653;28.216;27.612;1.352;0.182;0.984;69.056;196.704;118.037;32.118;1.216;0.546;0.000;0.033;0.000;14;32.140;123.717;3;0;0;0;0;0;0;0
5;1;1;1;0.000000;0.000000;1.000000;20390.886047;20390.952902;20391.082497;776427;22184;137802;17;1723;22184;24156;100.000;0.684;0.742;529.172;568.031;5.797;157416;147596;137802;0.212;0.118;0.073;2.602;1.321;0.436;36.389;34.995;129.555;129.595;128.253;28.079;27.286;1.591;0.181;0.426;66.855;196.450;117.221;30.570;2.763;0.684;0.000;0.040;0.000;16;32.466;125.609;2;0;0;0;0;0;0;0
6;1;1;1;0.000000;0.000000;1.000000;20390.920644;20390.985560;20391.113425;774893;24628;137230;19;1716;24628;26832;100.000;0.750;0.814;526.976;565.676;6.440;155704;146684;137230;0.205;0.117;0.071;2.380;1.186;0.068;34.848;33.592;127.843;127.865;126.659;27.254;26.521;1.606;0.288;0.094;64.916;192.781;114.816;32.658;0.675;0.684;0.000;0.021;0.000;9;31.282;124.255;4;0;0;0;0;0;0;0
7;1;1;1;0.000000;0.000000;1.000000;20390.953084;20391.018581;20391.151032;775949;24816;137590;19;1720;24816;27020;100.000;0.796;0.863;528.358;567.149;6.485;155769;147285;137590;0.204;0.115;0.071;2.090;1.616;0.376;41.169;39.482;132.428;132.451;130.813;31.082;30.182;1.392;0.183;0.126;65.497;197.948;119.090;33.021;0.312;0.661;0.000;0.023;0.000;9;37.463;128.698;4;0;0;0;0;0;0;0
8;1;1;1;0.000000;0.000000;1.000000;20390.986700;20391.049999;20391.181068;775463;26320;137746;20;1722;26320;28640;100.000;762.913;827.394;528.957;567.793;6.874;154945;147291;137746;0.212;0.119;0.074;2.363;1.010;0.058;33.735;32.652;131.028;131.069;130.035;25.739;25.110;1.637;0.200;0.121;63.299;194.368;115.792;31.418;1.916;0.739;0.000;0.041;0.001;20;30.363;127.628;1;0;0;0;0;0;0;0
9;1;1;1;0.000000;0.000000;1.000000;20391.020003;20391.081007;20391.209636;775698;26132;138024;20;1726;26132;28452;100.000;0.756;0.820;530.025;568.951;6.828;154624;147515;138024;0.195;0.114;0.070;2.009;0.927;0.065;31.932;30.936;128.598;128.630;127.684;24.825;24.228;1.376;0.181;0.072;61.004;189.634;111.028;31.008;2.325;0.838;0.000;0.032;0.000;12;28.997;125.633;7;0;0;0;0;0;0;0
10;1;1;1;0.000000;0.000000;1.000000;20391.053235;20391.115734;20391.250354;778020;25380;138278;20;1729;25380;27700;100.000;0.803;0.874;531.000;569.994;6.648;153992;146840;138278;0.194;0.110;0.068;4.557;1.648;0.441;43.633;41.917;134.577;134.620;132.936;32.412;31.532;1.639;1.204;1.343;62.499;197.119;118.412;34.727;1.394;0.873;0.000;0.043;0.001;19;37.428;128.334;2;0;0;0;0;0;0;0
11;1;1;1;0.000000;0.000000;1.000000;20391.086379;20391.147475;20391.281495;778554;24064;139114;19;1739;24064;26268;100.000;0.857;0.932;534.210;573.430;6.304;154581;147771;139114;0.195;0.111;0.070;2.368;0.978;0.059;37.353;36.306;133.991;134.021;133.021;27.871;27.293;1.659;0.207;0.126;61.096;195.116;116.220;31.740;1.593;0.918;0.000;0.030;0.001;10;34.007;130.619;4;0;0;0;0;0;0;0
12;1;1;1;0.000000;0.000000;1.000000;20391.119854;20391.175710;20391.318274;779986;25568;140496;20;1757;25568;27888;100.000;0.645;0.701;539.517;579.143;6.693;155588;149026;140496;0.178;0.105;0.066;2.048;1.836;0.494;40.120;38.219;142.513;142.564;140.706;28.142;27.162;1.383;0.187;0.130;55.856;198.421;119.666;28.236;5.098;1.179;0.000;0.051;0.000;19;36.237;138.605;2;0;0;0;0;0;0;0
13;1;1;1;0.000000;0.000000;1.000000;20391.153268;20391.215532;20391.351090;780926;26132;142868;20;1786;26132;28452;100.000;0.780;0.846;548.626;588.905;6.828;157785;151108;142868;1.178;0.112;0.068;4.314;1.182;0.077;36.696;35.447;135.525;135.558;134.354;27.070;26.383;1.665;0.187;1.104;62.264;197.822;119.148;39.821;6.488;1.511;0.000;0.033;0.000;14;31.200;130.004;4;0;0;0;0;0;0;0
14;1;1;1;0.000000;0.000000;1.000000;20391.187624;20391.249214;20391.385959;782770;26696;144928;21;1812;26696;29132;100.000;0.791;0.860;556.536;597.402;6.992;159421;153009;144928;0.211;0.105;0.066;4.531;2.037;0.581;40.358;38.256;136.726;136.745;134.682;29.513;28.404;1.637;1.216;1.296;61.590;198.335;120.684;33.683;0.349;1.438;0.000;0.019;0.000;8;33.790;130.130;4;0;0;0;0;0;0;0
15;1;1;1;0.000000;0.000000;1.000000;20391.219724;20391.283123;20391.418546;784474;27260;146044;21;1826;27260;29696;100.000;0.826;0.897;560.821;602.004;7.127;159965;153314;146044;0.184;0.106;0.066;2.397;1.014;0.061;39.159;38.079;135.385;135.423;134.390;28.916;28.335;1.424;0.198;0.419;63.399;198.822;119.937;33.909;0.576;1.384;0.000;0.038;0.000;17;35.747;131.953;4;0;0;0;0;0;0;0
16;1;1;1;0.000000;0.000000;1.000000;20391.253214;20391.316312;20391.448566;785193;131788;145822;101;1823;131788;143504;100.000;3.953;4.302;559.969;601.083;34.441;177968;156948;145822;0.189;0.111;0.069;2.337;1.164;0.064;33.419;32.187;132.147;132.254;131.064;25.269;24.558;1.647;0.212;0.110;63.098;195.353;116.624;33.189;0.144;1.307;0.000;0.107;0.001;55;29.918;128.617;10;0;0;0;0;0;0;0
17;1;1;1;0.000000;0.000000;1.000000;20391.286335;20391.349692;20391.483852;782720;28764;144126;22;1802;28764;31316;100.000;0.831;0.902;553.456;594.097;7.516;169127;155796;144126;0.186;0.105;0.065;2.498;1.515;0.443;38.782;37.203;134.134;134.160;132.620;28.907;28.052;1.874;0.190;0.080;63.356;197.516;118.576;33.379;0.046;1.228;0.000;0.026;0.000;13;34.769;130.093;3;0;0;0;0;0;0;0
18;1;1;1;0.000000;0.000000;1.000000;20391.320212;20391.384538;20391.514183;781613;23124;141930;18;1775;23124;25212;100.000;0.728;0.791;545.024;585.055;6.051;164376;152343;141930;0.313;0.110;0.068;2.359;1.380;0.079;34.330;32.883;129.609;129.645;128.228;26.480;25.644;1.447;0.260;0.162;64.326;193.971;115.574;34.846;1.513;1.246;0.000;0.037;0.000;17;30.591;125.832;2;0;0;0;0;0;0;0
19;1;1;1;0.000000;0.000000;1.000000;20391.353322;20391.416474;20391.548651;780006;22372;139740;17;1747;22372;24344;100.000;631.389;684.352;536.614;576.014;5.843;160684;150225;139740;0.190;0.109;0.070;2.934;1.289;0.377;38.209;36.850;132.159;132.178;130.869;28.907;28.158;2.168;0.266;0.133;63.152;195.329;116.709;31.936;1.397;1.255;0.000;0.018;0.000;8;33.986;127.902;3;0;0;0;0;0;0;0
20;1;1;1;0.000000;0.000000;1.000000;20391.386928;20391.449964;20391.584202;780302;22936;138346;18;1730;22936;25024;100.000;0.722;0.785;531.261;570.277;6.006;157894;148300;138346;0.227;0.103;0.065;4.566;1.284;0.078;39.763;38.415;134.207;134.238;132.928;29.622;28.899;1.666;1.204;1.301;63.036;197.274;118.926;33.490;0.157;1.187;0.000;0.031;0.000;13;33.913;128.329;4;0;0;0;0;0;0;0
21;1;1;1;0.000000;0.000000;1.000000;20391.420132;20391.481882;20391.618051;779066;24816;137844;19;1724;24816;27020;100.000;0.723;0.785;529.333;568.214;6.485;156303;147479;137844;0.232;0.106;0.072;2.676;1.569;0.437;39.703;38.062;136.153;136.169;134.581;29.157;28.282;1.940;0.238;0.087;61.750;197.920;119.442;31.918;1.415;1.201;0.000;0.017;0.000;13;35.458;131.887;3;0;0;0;0;0;0;0
22;1;1;1;0.000000;0.000000;1.000000;20391.453064;20391.516360;20391.649010;778280;25004;138092;19;1727;25004;27208;100.000;422.931;458.597;530.286;569.234;6.530;156434;148303;138092;0.189;0.106;0.067;2.392;1.058;0.059;35.203;34.079;132.612;132.649;131.577;26.539;25.901;1.736;0.204;0.091;63.296;195.946;117.068;34.479;1.145;1.197;0.000;0.037;0.001;17;31.754;129.145;2;0;0;0;0;0;0;0
23;1;1;1;0.000000;0.000000;1.000000;20391.486811;20391.550115;20391.682385;778907;25944;138240;20;1728;25944;28264;100.000;0.785;0.852;530.854;569.825;6.783;155826;148511;138240;0.230;0.111;0.069;3.033;0.967;0.060;36.813;35.777;132.227;132.271;131.280;27.831;27.253;1.417;0.183;1.025;63.303;195.574;117.110;33.754;0.421;1.149;0.000;0.044;0.000;19;32.812;128.201;2;0;0;0;0;0;0;0
24;1;1;1;0.000000;0.087266;1.000000;20391.520022;20391.583376;20391.714653;779289;24252;138556;19;1732;24252;26456;100.000;0.745;0.810;532.068;571.129;6.349;155133;147900;138556;0.201;0.113;0.071;2.471;1.265;0.320;36.273;34.937;131.245;131.276;129.995;27.631;26.876;1.724;0.287;0.076;63.354;194.631;116.044;33.262;0.071;1.082;25.495;0.031;0.000;12;32.537;127.492;4;0;0;0;0;0;0;0
25;1;1;1;0.000000;0.087266;1.000000;20391.553327;20391.616083;20391.741737;779739;25192;138952;20;1737;25192;27512;100.000;0.735;0.800;533.588;572.762;6.603;154951;148061;138952;0.184;0.104;0.065;2.550;1.467;0.092;30.805;29.273;125.630;125.654;124.159;24.516;23.577;1.641;0.212;0.344;62.756;188.410;109.795;32.706;0.627;1.053;0.000;0.025;0.000;9;26.788;121.583;4;0;0;0;0;0;0;0
26;1;1;1;0.000000;0.087266;1.000000;20391.586959;20391.650536;20391.782677;779364;26508;139454;21;1744;26508;28944;100.000;0.867;0.943;535.516;574.848;6.947;155091;148214;139454;0.231;0.108;0.066;2.821;1.176;0.387;44.961;43.719;132.095;132.141;130.943;34.025;33.388;1.491;0.179;0.748;63.577;195.718;117.401;34.453;1.119;1.057;0.000;0.046;0.000;20;40.964;128.075;2;0;0;0;0;0;0;0
27;1;1;1;0.000000;0.087266;1.000000;20391.620398;20391.681244;20391.818249;780025;26508;140520;21;1757;26508;28944;100.000;0.919;1.001;539.609;579.235;6.947;155666;148911;140520;1.368;0.111;0.068;4.352;1.247;0.080;39.563;38.248;137.003;137.005;135.733;28.877;28.179;1.539;0.186;1.081;60.846;197.851;119.640;30.709;2.625;1.155;0.000;0.002;0.000;18;33.963;131.376;3;0;0;0;0;0;0;0
28;1;1;1;0.000000;0.087266;1.000000;20391.653029;20391.710207;20391.844776;780373;26884;141820;21;1773;26884;29320;100.000;0.675;0.734;544.601;584.588;7.037;156450;150058;141820;0.183;0.105;0.066;2.014;1.401;0.394;32.120;30.654;134.561;134.569;133.141;23.869;23.024;1.389;0.186;0.084;57.178;191.747;112.834;28.963;4.371;1.356;0.000;0.008;0.000;17;28.706;131.117;3;0;0;0;0;0;0;0
29;1;1;1;0.000000;0.087266;1.000000;20391.686731;20391.750229;20391.883712;781651;28012;143812;22;1798;28012;30564;100.000;0.905;0.985;552.251;592.801;7.335;158178;151821;143812;0.186;0.110;0.067;2.456;1.224;0.070;42.343;41.052;133.452;133.483;132.236;31.721;31.045;1.730;0.193;0.170;63.498;196.981;118.436;40.022;6.689;1.690;0.000;0.031;0.000;12;38.662;129.738;3;0;0;0;0;0;0;0
30;1;1;1;0.000000;0.087266;1.000000;20391.721859;20391.781281;20391.916277;781375;26508;144756;21;1810;26508;28944;100.000;0.945;1.028;555.876;596.697;6.947;158959;152458;144756;0.198;0.110;0.069;2.871;0.908;0.052;36.251;35.274;134.959;134.996;134.074;26.853;26.310;1.433;0.188;0.874;59.421;194.418;117.668;31.052;2.282;1.727;0.000;0.037;0.000;9;32.471;131.164;4;0;0;0;0;0;0;0
31;1;1;1;0.000000;0.087266;1.000000;20391.753119;20391.809518;20391.947296;784392;130660;143948;100;1800;130660;142260;100.000;3.266;3.554;552.773;593.368;34.142;176776;155937;143948;0.191;0.108;0.067;2.354;1.298;0.328;34.792;33.428;136.962;137.778;136.462;25.252;24.496;1.610;0.286;0.094;56.400;194.178;115.354;28.238;5.096;1.937;0.000;0.816;0.000;54;31.140;133.290;4;0;0;0;0;0;0;0
32;1;1;1;0.000000;0.087266;1.000000;20391.786263;20391.849592;20391.981536;782671;28952;141972;22;1775;28952;31504;100.000;709.443;769.638;545.185;585.216;7.561;167802;154013;141972;0.188;0.110;0.069;2.074;1.018;0.061;37.881;36.794;131.894;131.944;130.901;28.710;28.109;1.395;0.209;0.104;63.329;195.273;116.261;40.074;6.740;2.237;0.000;0.050;0.000;22;34.788;128.775;1;0;0;0;0;0;0;0
33;1;1;1;0.000000;0.087266;1.000000;20391.820585;20391.882308;20392.016279;776999;23688;139814;18;1748;23688;25776;100.000;0.724;0.784;536.898;576.321;6.186;162473;151153;139814;0.193;0.108;0.066;2.949;1.480;0.461;37.833;36.288;133.926;133.970;132.467;28.240;27.394;1.394;0.183;1.006;61.723;195.693;117.670;32.716;0.617;2.136;0.000;0.045;0.000;14;33.404;129.472;3;0;0;0;0;0;0;0
34;1;1;1;0.000000;0.087266;1.000000;20391.852941;20391.915206;20392.047918;778650;23124;137648;18;1721;23124;25212;100.000;0.694;0.753;528.581;567.394;6.051;157983;147475;137648;0.194;0.109;0.068;2.492;1.739;0.111;36.067;34.261;132.697;132.712;130.951;27.177;26.163;1.741;0.257;0.123;62.265;194.977;115.976;32.898;0.435;2.030;0.000;0.014;0.000;12;31.837;128.443;3;0;0;0;0;0;0;0
35;1;1;1;0.000000;0.087266;1.000000;20391.886379;20391.948718;20392.075287;778007;23124;137154;18;1715;23124;25212;100.000;0.677;0.735;526.684;565.362;6.051;156457;146475;137154;0.223;0.103;0.063;2.366;1.807;0.493;31.586;29.715;126.523;126.569;124.729;24.955;23.824;1.626;0.198;0.152;62.339;188.908;110.012;33.511;0.178;1.914;0.000;0.046;0.000;17;27.413;122.315;2;0;0;0;0;0;0;0
36;1;1;1;0.000000;0.087266;1.000000;20391.919612;20391.983042;20392.115558;776483;25192;138046;20;1726;25192;27512;100.000;0.801;0.872;530.109;569.035;6.603;155937;147008;138046;0.229;0.110;0.067;3.058;0.910;0.056;44.456;43.480;132.486;132.517;131.589;33.548;33.042;1.497;0.182;0.975;63.430;195.946;116.949;34.324;0.990;1.856;0.000;0.031;0.000;13;40.488;128.498;4;0;0;0;0;0;0;0
37;1;1;1;0.000000;0.087266;1.000000;20391.953111;20392.014618;20392.147720;781287;26132;139346;20;1742;26132;28452;100.000;0.926;1.005;535.101;574.388;6.828;157460;149487;139346;0.197;0.111;0.070;2.379;1.510;0.086;36.114;34.534;133.068;133.102;131.560;27.133;26.250;1.633;0.269;0.099;61.507;194.608;115.778;31.577;1.757;1.850;0.000;0.034;0.000;19;32.225;129.147;2;0;0;0;0;0;0;0
38;1;1;1;0.000000;0.087266;1.000000;20391.986183;20392.042968;20392.171073;780329;27824;141098;22;1764;27824;30376;100.000;0.698;0.760;541.829;581.612;7.290;157637;150141;141098;0.186;0.105;0.066;2.721;2.139;0.634;27.235;25.030;128.056;128.105;125.930;21.260;19.876;1.964;0.280;0.121;56.785;184.890;105.797;28.350;4.984;2.046;0.000;0.049;0.000;19;22.374;123.159;3;0;0;0;0;0;0;0
39;1;1;1;0.000000;0.087266;1.000000;20392.019519;20392.082989;20392.208465;780785;29140;142238;23;1778;29140;31808;100.000;0.928;1.010;546.206;586.306;7.634;158178;150818;142238;0.179;0.106;0.065;2.220;1.152;0.067;42.252;41.035;125.456;125.477;124.303;33.673;33.012;1.591;0.188;0.092;63.469;188.946;109.857;40.021;6.688;2.336;0.000;0.021;0.000;13;38.880;122.048;4;0;0;0;0;0;0;0
40;1;1;1;0.000000;0.087266;1.000000;20392.054546;20392.114491;20392.249119;785430;29892;143844;23;1799;29892;32560;100.000;1.046;1.136;552.373;592.946;7.814;159340;152098;143844;0.190;0.109;0.068;2.640;1.263;0.382;44.025;42.695;134.625;134.628;133.346;32.701;32.018;1.550;0.188;0.534;59.946;194.573;117.177;31.503;1.831;2.304;0.000;0.003;0.000;21;40.123;130.702;3;0;0;0;0;0;0;0
41;1;1;1;0.000000;0.087266;1.000000;20392.086153;20392.143215;20392.284052;789479;31208;146416;24;1831;31208;33992;100.000;0.948;1.029;562.250;603.545;8.158;161458;154259;146416;0.251;0.112;0.070;2.964;1.223;0.071;38.832;37.540;140.816;140.837;139.594;27.572;26.892;1.911;0.191;0.430;57.062;197.899;118.777;28.724;4.609;2.448;0.000;0.021;0.000;9;34.645;136.607;5;0;0;0;0;0;0;0
42;1;1;1;0.000000;0.087266;1.000000;20392.119982;20392.176306;20392.311698;789348;31772;148106;25;1852;31772;34672;100.000;0.777;0.845;568.740;610.508;8.321;163190;156459;148106;0.180;0.109;0.066;2.010;1.525;0.448;31.831;30.240;135.357;135.392;133.848;23.510;22.593;1.381;0.195;0.081;56.324;191.716;113.089;33.090;0.243;2.311;0.000;0.035;0.000;14;28.296;131.801;3;0;0;0;0;0;0;0
43;1;1;1;0.000000;0.087266;1.000000;20392.162767;20392.217398;20392.347465;792714;31772;149298;25;1867;31772;34672;100.000;1.053;1.146;573.317;615.424;8.321;164183;157597;149298;0.189;0.111;0.070;2.351;1.042;0.065;39.298;38.186;130.033;130.067;129.005;30.213;29.600;1.652;0.218;0.112;54.631;184.698;115.523;41.092;7.759;2.651;0.000;0.035;0.000;11;35.904;126.617;5;0;0;0;0;0;0;0
44;1;1;1;0.000000;0.087266;1.000000;20392.186147;20392.247706;20392.383373;790865;31960;150365;25;1880;31960;34860;100.000;1.114;1.212;577.414;619.814;8.366;165393;158411;150365;0.187;0.111;0.069;2.520;1.378;0.333;39.301;37.854;135.633;135.668;134.273;28.969;28.192;1.610;0.196;0.348;61.559;197.227;118.098;30.308;3.026;2.675;0.000;0.034;0.000;14;35.403;131.718;3;0;0;0;0;0;0;0
45;1;1;1;0.000000;0.087266;1.000000;20392.219548;20392.276521;20392.414207;787976;32336;151606;25;1896;32336;35236;100.000;0.829;0.901;582.180;624.941;8.457;166115;159428;151606;0.187;0.111;0.071;2.488;1.326;0.079;34.717;33.320;137.668;137.685;136.332;25.215;24.441;1.703;0.302;0.114;56.974;194.659;115.598;28.816;4.518;2.790;0.000;0.018;0.000;20;30.903;133.825;3;0;0;0;0;0;0;0
46;1;1;1;0.000000;0.087266;1.000000;20392.252938;20392.315686;20392.452631;789717;145888;151650;111;1896;145888;158764;100.000;4.388;4.772;582.348;625.110;38.103;188890;165163;151650;0.224;0.109;0.068;3.218;1.071;0.063;42.243;41.104;136.877;136.945;135.855;30.846;30.256;1.771;0.196;0.852;62.748;199.693;120.689;39.165;5.831;2.980;0.000;0.069;0.000;33;37.953;132.567;8;0;0;0;0;0;0;0
47;1;1;1;0.000000;0.087266;1.000000;20392.287100;20392.349003;20392.481725;784950;29704;150558;23;1882;29704;32372;100.000;0.909;0.987;578.155;620.601;7.769;179115;163191;150558;0.189;0.114;0.070;2.419;1.589;0.588;33.374;31.715;132.688;132.723;131.108;25.146;24.190;1.654;0.299;0.093;61.903;194.626;116.450;33.317;0.016;2.795;0.000;0.034;0.000;13;29.366;128.653;3;0;0;0;0;0;0;0
48;1;1;1;0.000000;0.087266;1.000000;20392.319514;20392.381827;20392.517952;781130;24440;148538;19;1857;24440;26644;100.000;0.717;0.779;570.398;612.280;6.395;174491;161518;148538;0.191;0.105;0.067;4.609;1.717;0.095;40.237;38.453;136.085;136.125;134.387;29.559;28.614;1.739;1.217;1.290;62.314;198.438;119.343;32.825;0.509;2.652;0.000;0.040;0.001;18;33.911;129.737;2;0;0;0;0;0;0;0
49;1;1;1;0.000000;0.087266;1.000000;20392.353005;20392.416080;20392.552751;780468;24628;147276;19;1841;24628;26832;100.000;0.749;0.813;565.552;607.073;6.440;169683;158314;147276;0.190;0.110;0.067;2.050;1.622;0.519;41.101;39.412;136.626;136.670;135.022;30.073;29.189;1.399;0.195;0.091;63.076;199.746;120.808;34.253;0.920;2.544;0.000;0.044;0.000;18;37.428;132.911;2;0;0;0;0;0;0;0
50;1;1;1;0.000000;0.087266;1.000000;20392.386393;20392.449137;20392.579136;783376;25192;146748;20;1835;25192;27512;100.000;0.740;0.806;563.525;604.910;6.603;166714;156688;146748;0.184;0.110;0.067;2.409;1.599;0.094;30.037;28.371;129.975;129.999;128.369;23.106;22.101;1.704;0.224;0.121;62.743;192.742;113.860;33.056;0.277;2.402;0.000;0.023;0.000;14;26.028;125.933;3;0;0;0;0;0;0;0
51;1;1;1;0.000000;0.087266;1.000000;20392.419647;20392.483360;20392.609915;787237;29328;145970;23;1825;29328;31996;100.000;0.882;0.960;560.537;601.697;7.679;163927;154647;145970;0.175;0.105;0.065;2.502;2.999;0.973;34.784;31.720;126.510;126.555;123.525;27.485;25.679;1.780;0.261;0.116;63.713;190.268;111.306;34.224;0.890;2.307;0.000;0.045;0.000;22;29.282;120.976;2;0;0;0;0;0;0;0
52;1;1;1;0.000000;0.087266;1.000000;20392.453725;20392.516845;20392.654689;787734;31020;147302;24;1842;31020;33804;100.000;0.966;1.049;565.652;607.195;8.113;163921;154970;147302;0.198;0.106;0.068;2.335;1.705;0.109;50.272;48.499;137.810;137.845;136.110;36.470;35.632;1.545;0.288;0.129;63.120;200.964;122.747;33.484;0.151;2.173;0.000;0.034;0.001;12;46.232;133.738;4;0;0;0;0;0;0;0
53;1;1;1;0.000000;0.087266;1.000000;20392.486215;20392.549131;20392.687547;787059;31396;148046;24;1851;31396;34180;100.000;1.162;1.262;568.509;610.255;8.203;163880;155377;148046;0.180;0.106;0.067;2.083;1.988;0.555;36.888;34.834;138.385;138.416;136.393;26.650;25.539;1.414;0.207;0.108;62.916;201.332;122.272;32.286;1.047;2.102;0.000;0.031;0.000;18;32.818;134.279;3;0;0;0;0;0;0;0
54;1;1;1;0.000000;0.087266;1.000000;20392.520543;20392.576276;20392.718918;786051;31396;148712;24;1859;31396;34180;100.000;0.685;0.743;571.067;612.993;8.203;163752;156015;148712;0.175;0.105;0.067;3.151;1.400;0.082;35.447;33.980;142.616;142.642;141.216;24.850;24.062;1.363;0.199;1.242;55.733;198.375;120.309;27.145;6.189;2.358;0.000;0.026;0.000;17;30.896;138.036;3;0;0;0;0;0;0;0
55;1;1;1;0.000000;0.087266;1.000000;20392.561893;20392.622337;20392.752030;796213;30268;148706;23;1859;30268;32936;100.000;666.269;722.896;571.044;612.970;7.905;163350;156198;148706;1.012;0.111;0.068;4.186;1.167;0.071;37.670;36.435;129.663;129.693;128.510;29.045;28.352;1.656;0.199;1.141;60.444;190.137;120.088;46.062;12.728;3.006;0.000;0.030;0.000;14;32.317;124.292;2;0;0;0;0;0;0;0
56;1;1;1;0.000000;0.087266;1.000000;20392.588008;20392.656708;20392.786130;790191;30268;148654;23;1859;30268;32936;100.000;334.612;363.051;570.844;612.770;7.905;162711;155789;148654;0.182;0.109;0.067;3.430;1.861;0.589;39.435;37.508;129.374;129.421;127.532;30.470;29.411;1.404;0.198;1.472;68.701;198.122;120.854;34.371;1.038;2.883;0.000;0.048;0.001;12;34.144;124.052;2;0;0;0;0;0;0;0
57;1;1;1;0.000000;0.087266;1.000000;20392.626327;20392.687397;20392.817802;798808;30832;148762;24;1860;30832;33616;100.000;1.026;1.116;571.259;613.208;8.068;162756;155654;148762;0.186;0.110;0.066;4.541;1.404;0.093;36.970;35.501;130.371;130.405;128.984;28.350;27.524;1.674;1.214;1.292;61.070;191.475;119.193;30.689;2.644;2.868;0.000;0.034;0.001;15;31.026;124.407;5;0;0;0;0;0;0;0
58;1;1;1;0.000000;0.087266;1.000000;20392.652917;20392.717659;20392.851595;797924;30644;149280;24;1866;30644;33428;100.000;0.931;1.013;573.248;615.332;8.023;163186;156181;149280;0.180;0.105;0.065;2.461;1.483;0.488;39.723;38.175;133.881;133.937;132.426;29.658;28.828;1.831;0.198;0.083;64.742;198.679;119.653;30.262;3.072;2.881;0.000;0.056;0.000;23;35.779;129.907;2;0;0;0;0;0;0;0
59;1;1;1;0.000000;0.087266;1.000000;20392.687380;20392.750747;20392.885339;794477;30268;149798;23;1873;30268;32936;100.000;1090.973;1183.696;575.237;617.479;7.905;163385;156786;149798;0.220;0.105;0.066;4.408;1.625;0.094;37.678;35.988;132.099;134.592;132.933;27.994;27.072;1.508;1.216;1.293;63.367;197.959;120.063;33.088;0.245;2.716;0.000;2.493;0.000;24;31.646;126.030;1;0;0;0;0;0;0;0
60;1;1;1;0.000000;0.087266;1.000000;20392.720027;20392.782707;20392.917270;789053;30644;150698;24;1884;30644;33428;100.000;0.899;0.978;578.693;621.183;8.023;164074;157604;150698;0.191;0.110;0.069;2.856;1.486;0.402;37.970;36.415;134.518;134.563;133.060;28.217;27.368;1.476;0.197;0.814;62.680;197.243;118.661;31.960;1.374;2.632;0.000;0.046;0.000;11;33.628;130.149;3;0;0;0;0;0;0;0
61;1;1;1;0.000000;0.087266;1.000000;20392.753535;20392.817019;20392.952567;783874;143444;149328;109;1867;143444;156088;100.000;103.383;112.427;573.432;615.539;37.461;186216;162709;149328;0.190;0.110;0.068;4.311;1.613;0.091;39.629;37.948;135.522;135.548;133.912;29.236;28.338;1.399;1.216;1.330;63.484;199.032;120.625;34.312;0.979;2.529;0.000;0.026;0.000;45;33.705;129.572;6;0;0;0;0;0;0;0
62;1;1;1;0.000000;0.087266;1.000000;20392.786844;20392.849614;20392.983953;782785;28764;146986;22;1838;28764;31316;100.000;0.834;0.906;564.439;605.892;7.516;175815;160583;146986;0.194;0.110;0.069;2.392;1.649;0.502;37.305;35.587;134.287;134.339;132.665;27.769;26.825;1.690;0.194;0.137;62.771;197.109;118.678;32.596;0.737;2.417;0.000;0.052;0.001;21;33.264;130.219;2;0;0;0;0;0;0;0
63;1;1;1;0.000000;0.087266;1.000000;20392.819955;20392.884299;20393.016592;782791;23124;145010;18;1813;23124;25212;100.000;0.742;0.806;556.851;597.740;6.051;170291;157298;145010;0.220;0.110;0.067;3.410;0.924;0.052;36.685;35.694;132.247;132.292;131.351;27.730;27.174;1.461;0.190;1.363;64.344;196.636;117.983;34.685;1.351;2.350;0.000;0.045;0.000;17;32.350;127.894;2;0;0;0;0;0;0;0
64;1;1;1;0.000000;0.087266;1.000000;20392.853270;20392.915598;20393.047884;782127;22184;143356;17;1792;22184;24156;100.000;0.621;0.674;550.500;590.915;5.797;165344;154096;143356;0.242;0.112;0.072;2.360;1.453;0.371;35.618;34.093;132.253;132.286;130.811;26.925;26.063;1.435;0.277;0.222;62.328;194.614;115.942;31.299;2.034;2.330;0.000;0.033;0.000;16;31.805;128.417;2;0;0;0;0;0;0;0
65;1;1;1;0.000000;0.087266;1.000000;20392.886560;20392.951522;20393.074725;785507;22748;142428;18;1781;22748;24836;100.000;0.714;0.777;546.936;587.103;5.961;163252;152956;142428;0.179;0.104;0.066;2.252;1.437;0.084;30.643;29.141;123.166;123.203;121.736;24.872;23.938;1.574;0.217;0.113;64.962;188.165;109.449;35.924;2.591;2.347;0.000;0.037;0.000;10;26.954;119.445;4;0;0;0;0;0;0;0
66;1;1;1;0.000000;0.087266;1.000000;20392.920237;20392.983495;20393.118420;789017;24252;142296;19;1779;24252;26456;100.000;0.770;0.837;546.429;586.551;6.349;161198;152083;142296;0.228;0.105;0.066;2.598;1.356;0.084;47.379;45.957;134.865;134.925;133.537;35.115;34.415;1.745;0.192;0.262;63.258;198.183;119.811;31.973;1.361;2.285;0.000;0.059;0.000;19;43.425;130.878;2;0;0;0;0;0;0;0
67;1;1;1;0.000000;0.087266;1.000000;20392.953161;20393.015142;20393.147770;789641;25756;142550;20;1782;25756;28076;100.000;0.919;0.998;547.404;587.594;6.738;160523;151759;142550;0.195;0.111;0.070;2.216;1.699;0.619;33.309;31.540;132.595;132.628;130.905;25.115;24.094;1.441;0.294;0.106;61.980;194.608;115.827;31.647;1.687;2.248;0.000;0.033;0.000;16;29.394;128.655;4;0;0;0;0;0;0;0
68;1;1;1;0.000000;0.087266;1.000000;20392.986645;20393.043326;20393.174018;784718;26320;142638;20;1783;26320;28640;100.000;614.619;666.566;547.742;587.954;6.874;160296;152026;142638;0.186;0.105;0.065;2.225;1.502;0.094;30.164;28.597;130.644;130.692;129.170;23.080;22.139;1.545;0.218;0.105;56.681;187.373;108.743;28.184;5.149;2.429;0.000;0.049;0.001;19;26.437;126.894;2;0;0;0;0;0;0;0
69;1;1;1;0.000000;0.087266;1.000000;20393.020355;20393.082752;20393.216799;778159;27260;142942;21;1787;27260;29696;100.000;0.857;0.931;548.910;589.212;7.127;159856;152235;142942;0.180;0.104;0.065;2.452;1.531;0.482;46.502;44.907;134.022;134.047;132.494;34.691;33.894;1.836;0.188;0.078;62.397;196.444;118.190;39.426;6.092;2.658;0.000;0.025;0.000;11;42.520;130.016;3;0;0;0;0;0;0;0
70;1;1;1;0.000000;0.087266;1.000000;20393.054711;20393.114708;20393.247568;776327;28200;143886;22;1799;28200;30752;100.000;0.982;1.068;552.535;593.108;7.380;160052;152701;143886;0.199;0.111;0.068;2.410;1.417;0.089;34.728;33.244;132.789;132.860;131.411;26.139;25.298;1.635;0.277;0.120;59.997;192.857;115.626;31.956;1.377;2.578;0.000;0.071;0.000;21;30.902;128.918;2;0;0;0;0;0;0;0
71;1;1;1;0.000000;0.087266;1.000000;20393.086213;20393.143574;20393.283809;786883;29704;145096;23;1814;29704;32372;100.000;0.766;0.832;557.181;598.092;7.769;161078;153851;145096;0.183;0.104;0.066;2.463;1.415;0.426;40.074;38.594;140.201;140.235;138.797;28.577;27.806;1.846;0.191;0.073;57.361;197.596;118.533;28.866;4.467;2.696;0.000;0.034;0.000;20;36.197;136.299;3;0;0;0;0;0;0;0
72;1;1;1;0.000000;0.087266;1.000000;20393.120202;20393.182511;20393.314651;787146;28576;146492;22;1832;28576;31128;100.000;0.891;0.968;562.542;603.859;7.471;162285;155309;146492;0.192;0.111;0.070;2.435;1.312;0.078;34.712;33.331;132.132;132.139;130.800;26.270;25.482;1.648;0.296;0.119;62.309;194.449;116.042;38.937;5.604;2.878;0.000;0.008;0.000;15;30.965;128.355;4;0;0;0;0;0;0;0
73;1;1;1;0.000000;0.087266;1.000000;20393.154717;20393.214718;20393.349271;781047;28764;148748;22;1860;28764;31316;100.000;0.828;0.898;571.205;613.154;7.516;164124;157100;148748;0.199;0.112;0.069;2.685;1.074;0.077;38.372;37.230;134.531;134.552;133.459;28.518;27.896;1.593;0.194;0.519;60.001;194.554;117.329;32.207;1.126;2.768;0.000;0.021;0.000;11;34.613;130.751;4;0;0;0;0;0;0;0
74;1;1;1;0.000000;0.087266;1.000000;20393.186259;20393.249623;20393.385285;782459;29516;150270;23;1879;29516;32184;100.000;0.918;0.998;577.049;619.427;7.724;165102;158011;150270;0.224;0.108;0.067;4.337;1.922;0.613;39.760;37.771;135.603;135.662;133.711;29.308;28.248;1.414;1.219;1.306;63.364;199.026;120.010;34.905;1.571;2.693;0.000;0.059;0.000;22;33.501;129.312;2;0;0;0;0;0;0;0
75;1;1;1;0.000000;0.087266;1.000000;20393.219644;20393.281903;20393.418626;781579;29704;150762;23;1885;29704;32372;100.000;0.857;0.932;578.939;621.452;7.769;165181;158303;150762;1.186;0.110;0.069;4.178;1.537;0.091;39.598;37.992;136.680;136.723;135.160;28.962;28.109;1.528;0.204;1.081;62.259;198.982;120.017;32.280;1.053;2.591;0.000;0.044;0.000;17;33.883;130.935;4;0;0;0;0;0;0;0
76;1;1;1;0.000000;0.087266;1.000000;20393.252857;20393.316761;20393.452881;784181;144196;151052;110;1889;144196;156956;100.000;4.463;4.855;580.052;622.656;37.669;189415;164593;151052;0.183;0.109;0.068;3.002;1.685;0.586;39.962;38.210;136.102;136.120;134.406;29.358;28.429;1.400;0.206;1.037;63.904;200.024;120.939;34.859;1.525;2.524;0.000;0.017;0.000;73;35.275;131.385;5;0;0;0;0;0;0;0
77;1;1;1;0.000000;0.087266;1.000000;20393.286250;20393.349380;20393.482177;782861;27636;150492;21;1882;27636;30072;100.000;513.883;557.405;577.902;620.347;7.217;180202;164530;150492;0.195;0.110;0.070;2.472;1.261;0.076;33.972;32.641;132.765;132.797;131.500;25.582;24.822;1.673;0.298;0.127;63.130;195.927;116.901;32.618;0.715;2.411;0.000;0.032;0.000;10;30.239;128.994;3;0;0;0;0;0;0;0
78;1;1;1;0.000000;0.087266;1.000000;20393.319333;20393.383894;20393.516561;779451;21056;148910;16;1862;21056;22912;100.000;0.641;0.695;571.827;613.821;5.499;175441;161758;148910;0.188;0.111;0.069;2.954;1.166;0.352;38.132;36.898;132.641;132.667;131.485;28.743;28.063;1.579;0.195;0.813;64.560;197.227;117.952;34.514;1.181;2.334;0.000;0.026;0.000;8;34.013;128.503;3;0;0;0;0;0;0;0
79;1;1;1;0.000000;0.087266;1.000000;20393.352993;20393.416917;20393.547398;784719;21996;147042;17;1839;21996;23968;100.000;0.685;0.743;564.654;606.129;5.752;169371;157957;147042;0.189;0.111;0.070;2.207;1.482;0.089;34.938;33.387;130.442;130.481;128.967;26.777;25.888;1.441;0.285;0.112;63.924;194.405;115.456;33.023;0.310;2.208;0.000;0.039;0.000;16;31.250;126.720;2;0;0;0;0;0;0;0
80;1;1;1;0.000000;0.087266;1.000000;20393.386575;20393.449206;20393.584894;780701;25004;146382;19;1830;25004;27208;100.000;629.903;683.022;562.119;603.392;6.530;166138;155937;146382;0.194;0.109;0.066;4.575;2.097;0.496;41.185;39.023;135.642;135.688;133.571;30.353;29.215;1.690;1.219;1.298;62.631;198.319;119.619;32.290;1.044;2.135;0.000;0.046;0.000;19;34.513;128.938;1;0;0;0;0;0;0;0
81;1;1;1;0.000000;0.087266;1.000000;20393.420079;20393.483937;20393.619483;785754;27824;145442;22;1819;27824;30376;100.000;0.893;0.972;558.510;599.534;7.290;164406;154583;145442;0.184;0.108;0.067;2.110;1.344;0.079;41.249;39.839;135.521;135.546;134.173;30.432;29.692;1.449;0.196;0.107;63.858;199.404;120.875;34.731;1.397;2.089;0.000;0.025;0.000;11;37.795;132.037;3;0;0;0;0;0;0;0
82;1;1;1;0.000000;0.087266;1.000000;20393.453442;20393.515227;20393.651604;783308;28388;145720;22;1822;28388;30940;100.000;0.828;0.899;559.577;600.669;7.426;163785;154952;145720;0.217;0.106;0.066;4.388;1.939;0.537;35.574;33.569;136.355;136.376;134.411;26.085;24.975;1.510;1.212;1.277;61.785;198.162;119.662;31.290;2.043;2.086;0.000;0.022;0.000;11;29.247;130.000;4;0;0;0;0;0;0;0
83;1;1;1;0.000000;0.087266;1.000000;20393.485963;20393.549681;20393.684419;782737;27260;145846;21;1824;27260;29696;100.000;0.806;0.875;560.061;601.198;7.127;163373;155271;145846;0.186;0.104;0.065;2.403;1.114;0.072;39.149;37.970;134.717;134.738;133.608;29.056;28.419;1.790;0.190;0.069;63.718;198.456;119.144;34.454;1.120;2.026;0.000;0.021;0.000;15;35.631;131.182;3;0;0;0;0;0;0;0
84;1;1;1;0.000000;0.087266;1.000000;20393.519950;20393.583720;20393.715069;781874;28952;146012;22;1826;28952;31504;100.000;0.929;1.008;560.699;601.881;7.561;163145;155435;146012;0.188;0.111;0.067;2.485;1.103;0.064;34.149;32.979;131.300;131.349;130.214;25.998;25.327;1.718;0.290;0.112;63.770;195.119;116.460;34.038;0.705;1.943;0.000;0.049;0.000;21;30.561;127.679;2;0;0;0;0;0;0;0
85;1;1;1;0.000000;0.087266;1.000000;20393.552828;20393.615015;20393.750599;780545;25192;146308;20;1829;25192;27512;100.000;0.720;0.784;561.835;603.085;6.603;163210;155716;146308;0.194;0.110;0.067;2.450;1.279;0.371;39.132;37.786;135.453;135.584;134.290;28.862;28.138;1.765;0.190;0.124;62.187;197.771;118.657;31.296;2.037;1.949;0.000;0.131;0.000;20;35.403;131.707;2;0;0;0;0;0;0;0
86;1;1;1;0.000000;0.087266;1.000000;20393.587125;20393.650198;20393.781471;778343;26884;146104;21;1827;26884;29320;100.000;0.826;0.897;561.052;602.256;7.037;162519;155044;146104;0.241;0.114;0.070;2.496;1.152;0.069;34.578;33.356;131.221;131.273;130.087;26.340;25.641;1.656;0.299;0.117;63.073;194.346;116.195;35.182;1.849;1.943;0.000;0.052;0.000;20;30.930;127.537;2;0;0;0;0;0;0;0
87;1;1;1;0.000000;0.087266;1.000000;20393.620161;20393.682914;20393.816576;778458;26508;145634;21;1821;26508;28944;100.000;0.787;0.857;559.247;600.316;6.947;161670;154488;145634;0.199;0.112;0.068;2.981;1.497;0.385;38.761;37.195;133.628;133.662;132.143;28.999;28.148;1.485;0.191;0.925;62.752;196.415;117.967;32.716;0.617;1.860;0.000;0.034;0.000;19;34.283;129.127;2;0;0;0;0;0;0;0
88;1;1;1;0.000000;0.087266;1.000000;20393.653298;20393.716762;20393.848381;778592;28764;145652;22;1821;28764;31316;100.000;0.896;0.973;559.316;600.385;7.516;160963;154044;145652;0.189;0.111;0.068;2.515;1.227;0.080;36.270;34.975;131.595;131.618;130.359;27.557;26.830;1.746;0.286;0.116;63.464;195.083;116.438;33.849;0.515;1.776;0.000;0.023;0.000;12;32.527;127.819;4;0;0;0;0;0;0;0
89;1;1;1;0.000000;0.087266;1.000000;20393.687023;20393.749010;20393.882671;779952;29516;146464;23;1831;29516;32184;100.000;0.867;0.942;562.434;603.729;7.724;161089;153992;146464;0.241;0.111;0.069;2.439;1.339;0.364;38.042;36.635;133.636;133.661;132.303;28.462;27.690;1.666;0.192;0.161;61.987;195.648;117.396;32.248;1.086;1.733;0.000;0.026;0.000;14;34.264;129.836;3;0;0;0;0;0;0;0
90;1;1;1;0.000000;0.087266;1.000000;20393.719439;20393.783213;20393.917987;779674;29328;148650;23;1859;29328;31996;100.000;0.921;1.002;570.828;612.755;7.679;163114;156441;148650;0.187;0.108;0.066;3.143;0.983;0.059;39.085;38.037;134.723;134.774;133.773;29.001;28.434;1.386;0.195;1.203;63.775;198.548;119.378;34.204;0.870;1.679;0.000;0.051;0.000;21;34.959;130.570;2;0;0;0;0;0;0;0
91;1;1;1;0.000000;0.087266;1.000000;20393.753036;20393.815233;20393.948269;781083;142504;149974;109;1875;142504;155148;100.000;4.071;4.429;575.913;618.200;37.236;187045;162867;149974;0.244;0.116;0.072;2.267;1.880;0.426;34.391;32.440;133.007;133.036;131.125;25.851;24.739;1.444;0.282;0.110;62.197;195.233;116.327;32.019;1.314;1.656;0.000;0.030;0.000;62;30.245;128.828;7;0;0;0;0;0;0;0
92;1;1;1;0.000000;0.087266;1.000000;20393.786071;20393.850332;20393.974754;780537;27448;150044;21;1876;27448;29884;100.000;0.863;0.937;576.181;618.492;7.172;179165;162902;150044;0.178;0.109;0.066;2.219;1.568;0.092;30.641;29.007;124.398;124.422;122.835;24.627;23.615;1.550;0.216;0.100;64.261;188.683;109.478;35.099;1.766;1.663;0.000;0.024;0.000;11;26.854;120.590;6;0;0;0;0;0;0;0
93;1;1;1;0.000000;0.087266;1.000000;20393.819952;20393.882355;20394.018717;773046;21808;148126;17;1852;21808;23780;100.000;0.670;0.728;568.816;610.585;5.707;174174;159492;148126;0.228;0.106;0.065;4.612;1.923;0.482;47.731;45.744;136.333;136.363;134.406;35.003;34.034;1.690;1.221;1.303;62.403;198.765;120.109;32.023;1.310;1.641;0.000;0.030;0.000;13;41.196;129.761;3;0;0;0;0;0;0;0
94;1;1;1;0.000000;0.087266;1.000000;20393.852729;20393.915063;20394.049465;770822;21056;145994;16;1825;21056;22912;100.000;735.624;797.135;560.629;601.789;5.499;169032;155902;145994;0.195;0.110;0.067;2.415;0.869;0.051;37.293;36.358;134.366;134.402;133.515;27.748;27.231;1.677;0.194;0.172;62.334;196.736;117.523;32.708;0.626;1.577;0.000;0.036;0.000;16;34.009;131.062;1;0;0;0;0;0;0;0
95;1;1;1;0.000000;0.087266;1.000000;20393.886274;20393.942434;20394.083200;778859;24628;143854;19;1799;24628;26832;100.000;0.605;0.657;552.412;592.985;6.440;164229;152844;143854;0.188;0.109;0.068;2.489;1.040;0.067;37.014;35.906;140.720;140.766;139.705;26.295;25.701;1.631;0.189;0.304;56.160;196.925;117.924;27.372;5.962;1.851;0.000;0.046;0.000;16;33.485;137.169;3;0;0;0;0;0;0;0
96;1;1;1;0.000000;0.087266;1.000000;20393.920256;20393.983343;20394.114083;778333;28012;144278;22;1804;28012;30564;100.000;0.829;0.902;554.040;594.726;7.335;162675;152624;144278;0.190;0.112;0.068;2.205;1.753;0.677;34.400;32.579;130.703;130.741;128.957;26.311;25.264;1.436;0.286;0.114;63.087;193.828;115.474;40.909;7.575;2.209;0.000;0.037;0.000;15;30.442;126.713;3;0;0;0;0;0;0;0
97;1;1;1;0.000000;0.087266;1.000000;20393.955082;20394.017352;20394.150559;782798;29328;144196;23;1803;29328;31996;100.000;0.948;1.031;553.725;594.388;7.679;161489;151719;144196;0.190;0.108;0.065;4.487;1.408;0.074;40.441;38.969;133.157;133.207;131.780;30.360;29.571;1.632;1.214;1.279;62.270;195.477;118.617;34.009;0.676;2.113;0.000;0.050;0.000;22;34.546;127.241;2;0;0;0;0;0;0;0
98;1;1;1;0.000000;0.087266;1.000000;20393.986239;20394.048437;20394.184055;781418;28388;144552;22;1807;28388;30940;100.000;0.850;0.923;555.092;595.846;7.426;162726;154135;144552;0.191;0.110;0.067;2.941;1.546;0.430;39.390;37.777;135.566;135.618;134.056;29.045;28.180;1.407;0.188;0.978;62.198;197.816;118.779;31.085;2.248;2.122;0.000;0.052;0.000;22;34.903;131.062;2;0;0;0;0;0;0;0
99;1;1;1;0.000000;0.087266;1.000000;20394.019912;20394.081988;20394.214898;777382;27824;144056;22;1801;27824;30376;100.000;0.826;0.899;553.188;593.806;7.290;161172;153130;144056;0.237;0.111;0.067;2.555;1.102;0.064;35.314;34.145;132.883;132.910;131.780;26.570;25.911;1.732;0.300;0.108;62.076;194.986;116.289;33.551;0.217;2.003;0.000;0.027;0.000;10;31.657;129.196;3;0;0;0;0;0;0;0
100;1;1;1;0.000000;0.087266;1.000000;20394.052846;20394.115812;20394.251356;778267;26884;144366;21;1805;26884;29320;100.000;0.799;0.868;554.378;595.086;7.037;160971;153642;144366;0.179;0.105;0.066;2.446;1.636;0.520;40.116;38.415;135.496;135.544;133.883;29.597;28.693;1.832;0.189;0.075;62.967;198.510;119.414;33.825;0.491;1.908;0.000;0.048;0.000;20;36.034;131.388;2;0;0;0;0;0;0;0
101;1;1;1;0.000000;0.087266;1.000000;20394.086543;20394.149700;20394.281865;780699;27072;144336;21;1805;27072;29508;100.000;0.833;0.905;554.263;594.971;7.082;159802;152302;144336;0.236;0.109;0.068;2.453;1.225;0.070;34.569;33.276;132.114;132.165;130.906;26.156;25.420;1.634;0.302;0.105;63.157;195.322;116.590;33.888;0.554;1.824;0.000;0.051;0.000;19;30.890;128.390;3;0;0;0;0;0;0;0
102;1;1;1;0.000000;0.087266;1.000000;20394.119443;20394.182349;20394.318379;780328;26508;144522;21;1807;26508;28944;100.000;0.777;0.845;554.977;595.730;6.947;159246;151659;144522;0.183;0.106;0.067;2.826;1.612;0.535;40.206;38.527;136.009;136.029;134.401;29.557;28.666;1.369;0.189;0.912;62.906;198.935;119.770;32.649;0.684;1.752;0.000;0.020;0.000;10;35.768;131.553;4;0;0;0;0;0;0;0
103;1;1;1;0.000000;0.087266;1.000000;20394.153083;20394.216634;20394.347309;782351;26508;144662;21;1809;26508;28944;100.000;0.818;0.891;555.515;596.313;6.947;159382;152393;144662;0.179;0.110;0.067;2.138;1.660;0.106;33.343;31.616;130.649;130.675;128.977;25.516;24.513;1.392;0.276;0.114;63.550;194.225;115.366;34.285;0.951;1.702;0.000;0.026;0.000;12;29.545;126.810;4;0;0;0;0;0;0;0
104;1;1;1;0.000000;0.087266;1.000000;20394.186397;20394.249181;20394.382196;782164;26696;144698;21;1809;26696;29132;100.000;0.779;0.847;555.653;596.451;6.992;159230;152308;144698;0.192;0.113;0.067;2.779;0.974;0.060;38.702;37.661;132.993;133.015;132.022;29.096;28.526;1.492;0.189;0.726;62.783;195.798;116.920;32.547;0.786;1.645;0.000;0.021;0.000;10;34.948;129.220;4;0;0;0;0;0;0;0
105;1;1;1;0.000000;0.087266;1.000000;20394.219734;20394.283634;20394.413960;783021;28200;145744;22;1822;28200;30752;100.000;0.899;0.977;559.669;600.761;7.380;160059;153245;145744;0.198;0.112;0.070;2.307;1.848;0.644;35.512;33.594;130.300;130.326;128.455;27.249;26.152;1.557;0.268;0.103;63.900;194.226;115.351;34.454;1.120;1.612;0.000;0.026;0.000;8;31.357;126.122;5;0;0;0;0;0;0;0
106;1;1;1;0.000000;0.087266;1.000000;20394.253176;20394.315204;20394.440972;786829;137616;147616;105;1846;137616;149796;100.000;3.943;4.289;566.858;608.491;35.951;185042;161832;147616;0.184;0.108;0.067;2.231;1.604;0.110;31.155;29.485;125.753;125.769;124.134;24.772;23.752;1.551;0.217;0.104;62.028;187.797;109.030;31.569;1.764;1.622;0.000;0.016;0.000;73;27.320;121.885;6;0;0;0;0;0;0;0
107;1;1;1;0.000000;0.087266;1.000000;20394.285968;20394.350198;20394.484471;789365;29140;150668;23;1884;29140;31808;100.000;0.948;1.032;578.578;621.068;7.634;177781;162826;150668;1.207;0.111;0.068;4.368;1.612;0.464;47.346;45.667;134.264;134.273;132.646;35.261;34.428;1.683;0.193;1.106;64.229;198.503;119.195;34.994;1.661;1.624;0.000;0.009;0.000;19;41.366;128.267;3;0;0;0;0;0;0;0
108;1;1;1;0.000000;0.087266;1.000000;20394.320069;20394.381066;20394.517220;790807;24440;152486;19;1907;24440;26644;100.000;0.864;0.938;585.559;628.568;6.395;176523;163765;152486;0.193;0.113;0.071;4.596;1.276;0.075;38.722;37.375;136.118;136.154;134.859;28.440;27.715;1.697;1.219;1.303;60.998;197.152;118.612;30.868;2.465;1.677;0.000;0.036;0.000;18;32.851;130.226;2;0;0;0;0;0;0;0
109;1;1;1;0.000000;0.087266;1.000000;20394.352757;20394.409514;20394.552815;789334;21996;152368;17;1905;21996;23968;100.000;0.549;0.596;585.106;628.070;5.752;174447;163081;152368;0.184;0.110;0.067;2.264;1.447;0.419;41.458;39.945;143.270;143.301;141.830;28.931;28.164;1.605;0.202;0.097;56.758;200.058;120.873;28.448;4.885;1.877;0.000;0.030;0.000;17;37.748;139.534;2;0;0;0;0;0;0;0
110;1;1;1;0.000000;0.087266;1.000000;20394.386119;20394.449781;20394.582109;783753;23688;151230;18;1891;23688;25776;100.000;755.725;819.295;580.736;623.384;6.186;171558;161656;151230;0.190;0.111;0.071;2.199;1.607;0.096;32.991;31.313;132.310;132.328;130.687;24.931;23.961;1.424;0.286;0.118;63.661;195.990;116.834;40.266;6.933;2.193;0.000;0.018;0.000;12;29.185;128.468;2;0;0;0;0;0;0;0
111;1;1;1;0.000000;0.087266;1.000000;20394.421916;20394.482648;20394.616501;781240;27636;149404;21;1868;27636;30072;100.000;0.823;0.892;573.724;615.853;7.217;170954;161524;149404;0.237;0.113;0.070;2.595;1.501;0.407;38.198;36.628;133.839;133.854;132.328;28.537;27.679;1.591;0.196;0.389;60.732;194.586;117.893;32.867;0.466;2.085;0.000;0.014;0.000;15;34.102;129.710;3;0;0;0;0;0;0;0
112;1;1;1;0.000000;0.087266;1.000000;20394.452695;20394.516440;20394.651317;781247;28012;147314;22;1842;28012;30564;100.000;0.867;0.943;565.698;607.241;7.335;168482;159484;147314;0.189;0.109;0.070;4.382;1.584;0.091;38.910;37.256;134.844;134.876;133.270;28.849;27.956;1.477;1.218;1.321;63.746;198.622;119.375;33.793;0.459;1.984;0.000;0.032;0.000;13;32.944;128.854;3;0;0;0;0;0;0;0
113;1;1;1;0.000000;0.087266;1.000000;20394.486431;20394.548905;20394.682702;783523;28388;145778;22;1823;28388;30940;100.000;0.803;0.872;559.800;600.914;7.426;166860;158811;145778;0.189;0.109;0.074;2.388;1.482;0.433;37.351;35.795;133.772;133.797;132.299;27.916;27.056;1.652;0.266;0.098;62.475;196.271;117.427;32.465;0.868;1.914;0.000;0.025;0.001;7;33.481;129.883;5;0;0;0;0;0;0;0
114;1;1;1;0.000000;0.087266;1.000000;20394.519707;20394.584448;20394.716110;783046;30456;145016;24;1813;30456;33240;100.000;0.991;1.079;556.874;597.763;7.978;164445;156427;145016;0.191;0.109;0.068;2.880;1.195;0.078;37.274;36.012;131.611;131.663;130.452;28.310;27.605;1.692;0.190;0.631;64.741;196.403;117.502;35.542;2.209;1.932;0.000;0.052;0.000;22;33.199;127.519;2;0;0;0;0;0;0;0
115;1;1;1;0.000000;0.087266;1.000000;20394.553463;20394.615334;20394.748117;785712;28576;145068;22;1814;28576;31128;100.000;0.821;0.892;557.074;597.985;7.471;162573;154598;145068;0.235;0.112;0.069;2.243;1.112;0.074;36.059;34.879;132.749;132.783;131.637;27.156;26.496;1.429;0.302;0.097;61.871;194.654;116.175;30.886;2.447;1.965;0.000;0.034;0.001;16;32.705;129.358;4;0;0;0;0;0;0;0
116;1;1;1;0.000000;0.087266;1.000000;20394.585890;20394.650357;20394.784645;788409;28388;145612;22;1821;28388;30940;100.000;0.851;0.924;559.163;600.232;7.426;162769;155206;145612;0.191;0.104;0.066;4.531;1.760;0.525;39.883;38.058;134.255;134.289;132.500;29.700;28.723;1.645;1.212;1.312;64.467;198.755;119.370;35.023;1.689;1.947;0.000;0.033;0.000;12;33.592;127.934;4;0;0;0;0;0;0;0
117;1;1;1;0.000000;0.087266;1.000000;20394.619470;20394.683901;20394.818315;785289;26884;145938;21;1825;26884;29320;100.000;0.875;0.952;560.414;601.574;7.037;162916;155588;145938;0.232;0.112;0.067;2.391;1.497;0.077;39.971;38.407;134.371;134.414;132.902;29.737;28.899;1.711;0.196;0.074;64.431;198.846;119.706;33.544;0.211;1.839;0.000;0.043;0.000;16;36.083;130.466;3;0;0;0;0;0;0;0
118;1;1;1;0.000000;0.087266;1.000000;20394.653782;20394.714752;20394.851527;784314;26320;145782;20;1823;26320;28640;100.000;1221.960;1325.240;559.815;600.930;6.874;162287;155336;145782;1.058;0.111;0.067;4.252;1.580;0.519;37.094;35.447;135.576;136.774;135.175;27.120;26.223;1.771;0.192;1.055;60.970;197.744;119.584;30.851;2.482;1.879;0.000;1.199;0.001;21;31.261;129.722;1;0;0;0;0;0;0;0
119;1;1;1;0.000000;0.087266;1.000000;20394.685878;20394.749933;20394.886543;784830;26696;145890;21;1824;26696;29132;100.000;0.796;0.866;560.230;601.367;6.992;161863;154847;145890;0.189;0.106;0.066;2.176;1.469;0.084;40.840;39.306;136.585;136.609;135.116;29.896;29.090;1.521;0.200;0.094;64.055;200.664;121.267;35.181;1.847;1.877;0.000;0.024;0.000;9;37.195;132.916;4;0;0;0;0;0;0;0
120;1;1;1;0.000000;0.087266;1.000000;20394.719821;20394.783582;20394.915881;784742;27072;145936;21;1825;27072;29508;100.000;0.824;0.895;560.407;601.566;7.082;161517;154538;145936;0.190;0.114;0.072;2.430;1.681;0.434;32.978;31.226;132.246;132.298;130.591;24.927;23.911;1.666;0.282;0.107;63.761;196.060;117.272;33.649;0.316;1.779;0.000;0.052;0.000;11;28.867;128.107;3;0;0;0;0;0;0;0
121;1;1;1;0.000000;0.087266;1.000000;20394.752873;20394.816664;20394.949114;787186;141564;147208;108;1841;141564;154092;100.000;4.283;4.659;565.291;606.812;36.982;185245;160619;147208;0.189;0.108;0.066;2.464;1.006;0.067;37.341;36.270;132.372;132.450;131.425;28.192;27.597;1.831;0.193;0.078;63.791;196.241;117.172;33.082;0.251;1.684;0.000;0.078;0.000;44;33.871;128.874;7;0;0;0;0;0;0;0
122;1;1;1;0.000000;0.087266;1.000000;20394.787167;20394.849785;20394.985026;792161;29140;148956;23;1862;29140;31808;100.000;0.884;0.962;572.004;613.998;7.634;177345;160913;148956;0.211;0.105;0.066;4.506;1.903;0.571;39.373;37.405;135.201;135.240;133.315;29.114;28.057;1.613;1.215;1.295;62.618;197.859;119.750;33.121;0.212;1.592;0.000;0.039;0.001;22;32.964;128.767;2;0;0;0;0;0;0;0
123;1;1;1;0.000000;0.000000;1.000000;20394.819941;20394.882914;20395.018292;788290;22936;150544;18;1882;22936;25024;100.000;0.661;0.719;578.101;620.547;6.006;175932;162668;150544;0.214;0.106;0.066;4.580;1.526;0.086;39.668;38.076;135.334;135.378;133.827;29.301;28.451;1.673;1.223;1.299;62.973;198.351;119.683;33.129;0.205;1.505;15.119;0.044;0.000;18;33.561;129.201;2;0;0;0;0;0;0;0
124;1;1;1;0.000000;0.000000;1.000000;20394.853552;20394.917794;20395.049570;789222;23124;152352;18;1905;23124;25212;100.000;0.727;0.789;585.044;628.008;6.051;175068;163093;152352;0.193;0.111;0.069;2.393;1.159;0.068;37.387;36.160;131.738;131.776;130.599;28.372;27.688;1.752;0.198;0.071;64.242;196.018;117.628;34.880;1.547;1.508;0.000;0.038;0.000;17;33.835;128.166;2;0;0;0;0;0;0;0
125;1;1;1;0.000000;0.000000;1.000000;20394.887449;20394.949788;20395.081322;787173;24816;151154;19;1890;24816;27020;100.000;0.737;0.799;580.444;623.070;6.485;171752;160877;151154;0.190;0.111;0.071;2.372;1.993;0.792;35.285;33.222;131.509;131.535;129.507;26.826;25.652;1.599;0.283;0.118;62.338;193.873;116.047;31.994;1.339;1.497;0.000;0.026;0.000;10;30.920;127.108;3;0;0;0;0;0;0;0
126;1;1;1;0.000000;0.000000;1.000000;20394.918967;20394.983679;20395.117087;776279;25944;149098;20;1864;25944;28264;100.000;0.774;0.841;572.549;614.588;6.783;169862;159758;149098;1.136;0.111;0.068;4.210;1.221;0.069;40.136;38.847;133.390;133.408;132.164;30.085;29.393;1.618;0.195;1.082;64.713;198.120;118.478;33.892;0.559;1.439;0.000;0.018;0.001;15;34.705;127.932;3;0;0;0;0;0;0;0
127;1;1;1;0.000000;0.000000;1.000000;20394.953541;20395.017438;20395.148979;773912;27824;146584;22;1833;27824;30376;100.000;0.909;0.989;562.895;604.235;7.290;165488;156437;146584;0.189;0.111;0.068;2.952;1.475;0.419;37.297;35.755;131.496;131.542;130.023;28.354;27.499;2.169;0.307;0.108;63.897;195.438;117.037;33.758;0.425;1.375;0.000;0.046;0.001;15;32.871;127.023;3;0;0;0;0;0;0;0
128;1;1;1;0.000000;0.000000;1.000000;20394.986620;20395.048199;20395.183237;773302;28388;144802;22;1811;28388;30940;100.000;0.820;0.891;556.052;596.896;7.426;162494;154458;144802;0.193;0.110;0.066;2.612;0.904;0.055;38.701;37.731;135.016;135.039;134.111;28.659;28.134;1.588;0.190;0.466;61.579;196.617;117.962;30.761;2.572;1.450;0.000;0.022;0.000;16;35.184;131.474;3;0;0;0;0;0;0;0
129;1;1;1;0.000000;0.000000;1.000000;20395.019833;20395.082999;20395.215029;777001;28388;143780;22;1798;28388;30940;100.000;0.872;0.948;552.128;592.678;7.426;160101;152462;143780;0.188;0.109;0.069;2.158;1.502;0.430;35.297;33.726;132.003;132.030;130.496;26.734;25.845;1.411;0.261;0.122;63.167;195.196;116.420;34.801;1.467;1.451;0.000;0.027;0.000;13;31.637;128.309;3;0;0;0;0;0;0;0
130;1;1;1;0.000000;0.000000;1.000000;20395.052761;20395.115687;20395.251585;783174;27824;143698;22;1797;27824;30376;100.000;0.799;0.869;551.813;592.341;7.290;159290;151847;143698;0.239;0.112;0.065;3.130;0.971;0.059;40.224;39.188;135.883;135.898;134.909;29.598;29.048;1.480;0.187;1.047;62.925;198.823;119.643;32.687;0.646;1.401;0.000;0.015;0.000;14;36.123;131.762;4;0;0;0;0;0;0;0
131;1;1;1;0.000000;0.000000;1.000000;20395.086422;20395.150732;20395.281409;786108;27636;144598;21;1808;27636;30072;100.000;587.673;637.444;555.269;596.045;7.217;160025;152623;144598;0.197;0.111;0.070;2.222;1.813;0.418;33.906;32.024;130.621;130.676;128.838;25.947;24.856;1.461;0.295;0.089;64.311;194.987;116.133;35.046;1.713;1.420;0.000;0.055;0.000;21;29.872;126.552;1;0;0;0;0;0;0;0
132;1;1;1;0.000000;0.000000;1.000000;20395.119712;20395.182158;20395.312022;785622;27260;144478;21;1806;27260;29696;100.000;0.798;0.867;554.808;595.539;7.127;159588;152365;144478;0.184;0.106;0.066;2.107;1.221;0.072;34.646;33.359;129.844;129.864;128.619;26.679;25.937;1.486;0.189;0.077;62.446;192.311;113.414;31.426;1.908;1.451;0.000;0.020;0.000;15;31.317;126.490;3;0;0;0;0;0;0;0
133;1;1;1;0.000000;0.000000;1.000000;20395.153106;20395.216474;20395.351416;787265;26696;143954;21;1800;26696;29132;100.000;0.843;0.917;552.796;593.391;6.992;157879;151174;143954;0.222;0.106;0.065;4.564;1.913;0.584;42.720;40.742;134.923;134.942;133.005;31.658;30.632;1.671;1.214;1.286;63.368;198.310;119.474;34.316;0.983;1.422;0.000;0.019;0.000;12;36.243;128.420;4;0;0;0;0;0;0;0
134;1;1;1;0.000000;0.000000;1.000000;20395.186158;20395.248294;20395.384939;787734;26508;143904;21;1799;26508;28944;100.000;0.911;0.991;552.604;593.177;6.947;157027;150535;143904;1.026;0.109;0.067;4.272;1.552;0.087;40.000;38.381;136.622;136.645;135.074;29.273;28.415;1.744;0.190;1.137;62.136;198.781;119.663;31.819;1.514;1.427;0.000;0.023;0.000;12;34.176;130.778;4;0;0;0;0;0;0;0
135;1;1;1;0.000000;0.000000;1.000000;20395.219505;20395.277553;20395.416071;786766;27824;143596;22;1795;27824;30376;100.000;0.717;0.781;551.421;591.904;7.290;156063;149876;143596;0.190;0.109;0.068;2.467;1.179;0.070;36.942;35.696;138.481;138.518;137.310;26.669;25.996;1.694;0.294;0.113;58.049;196.566;117.462;29.259;4.074;1.593;0.000;0.036;0.000;10;33.296;134.805;3;0;0;0;0;0;0;0
136;1;1;1;0.000000;0.000000;1.000000;20395.253415;20395.316536;20395.449348;787622;130660;141136;100;1765;130660;142260;100.000;3.922;4.267;541.975;581.781;34.142;176546;153233;141136;0.194;0.111;0.067;2.525;1.397;0.416;36.926;35.463;132.788;132.811;131.392;27.803;26.990;1.828;0.186;0.140;63.121;195.932;117.406;38.983;5.650;1.846;0.000;0.024;0.000;92;33.004;128.842;4;0;0;0;0;0;0;0
137;1;1;1;0.000000;0.000000;1.000000;20395.287759;20395.349977;20395.483540;784509;31960;139854;25;1749;31960;34860;100.000;0.965;1.050;537.052;576.497;8.366;165368;150562;139854;0.229;0.103;0.065;2.453;0.945;0.054;38.118;37.108;133.519;133.562;132.601;28.539;27.984;1.764;0.182;0.110;62.218;195.781;118.264;33.441;0.108;1.738;0.000;0.043;0.000;18;34.719;130.103;3;0;0;0;0;0;0;0
138;1;1;1;0.000000;0.000000;1.000000;20395.319656;20395.383216;20395.515027;782962;27072;141162;21;1765;27072;29508;100.000;0.783;0.851;542.075;581.880;7.082;162866;151609;141162;0.189;0.111;0.068;2.390;1.699;0.419;34.867;33.100;131.774;131.810;130.080;26.453;25.446;1.649;0.266;0.109;63.561;195.371;116.418;33.239;0.094;1.635;0.000;0.036;0.000;14;30.778;127.652;3;0;0;0;0;0;0;0
139;1;1;1;0.000000;0.000000;1.000000;20395.353269;20395.417971;20395.550798;785441;27448;143262;21;1791;27448;29884;100.000;0.862;0.936;550.139;590.531;7.172;162821;152291;143262;0.188;0.109;0.065;2.649;1.197;0.071;39.862;38.600;132.794;132.827;131.604;30.010;29.330;1.366;0.187;0.735;64.702;197.529;118.856;34.754;1.421;1.622;0.000;0.033;0.001;10;36.016;128.920;4;0;0;0;0;0;0;0
140;1;1;1;0.000000;0.000000;1.000000;20395.387667;20395.449979;20395.580291;786857;26320;145806;20;1823;26320;28640;100.000;503.241;545.775;559.908;601.022;6.874;163653;154012;145806;0.183;0.109;0.066;2.004;2.218;0.668;33.337;31.054;130.295;130.311;128.069;25.582;24.248;1.381;0.193;0.073;62.312;192.623;115.015;32.009;1.325;1.603;0.000;0.016;0.000;15;29.115;126.047;2;0;0;0;0;0;0;0
141;1;1;1;0.000000;0.000000;1.000000;20395.418991;20395.482183;20395.609849;786209;29140;147146;23;1840;29140;31808;100.000;0.842;0.917;565.053;606.551;7.634;163751;154357;147146;0.241;0.109;0.068;2.633;1.356;0.079;33.785;32.361;127.644;127.666;126.292;26.463;25.624;1.890;0.196;0.130;63.192;190.858;111.240;32.203;1.130;1.573;0.000;0.021;0.000;12;29.795;123.636;4;0;0;0;0;0;0;0
142;1;1;1;0.000000;0.000000;1.000000;20395.452915;20395.516957;20395.649342;785895;30832;147490;24;1844;30832;33616;100.000;1.008;1.096;566.374;607.962;8.068;163298;155347;147490;0.201;0.111;0.069;2.824;1.145;0.070;43.468;42.254;132.341;132.385;131.217;32.834;32.202;1.453;0.194;0.798;64.042;196.427;117.399;34.774;1.441;1.565;0.000;0.044;0.000;16;39.499;128.342;3;0;0;0;0;0;0;0
143;1;1;1;0.000000;0.000000;1.000000;20395.486370;20395.547684;20395.681773;783109;31020;146146;24;1827;31020;33804;100.000;1.130;1.228;561.213;602.418;8.113;161136;153355;146146;0.199;0.114;0.069;2.228;2.090;0.591;36.392;34.233;134.069;134.090;131.970;27.140;25.940;1.452;0.285;0.111;61.314;195.404;116.498;30.727;2.607;1.630;0.000;0.020;0.000;15;32.073;129.721;4;0;0;0;0;0;0;0
144;1;1;1;0.000000;0.000000;1.000000;20395.519368;20395.575262;20395.711013;783994;32148;145218;25;1816;32148;35048;100.000;0.766;0.833;557.650;598.606;8.412;159936;152700;145218;0.180;0.108;0.066;2.109;1.217;0.074;33.567;32.284;135.720;135.751;134.517;24.727;24.000;1.492;0.189;0.075;55.894;191.645;112.404;27.579;5.755;1.888;0.000;0.031;0.001;13;30.240;132.374;3;0;0;0;0;0;0;0
145;1;1;1;0.000000;0.000000;1.000000;20395.553616;20395.617400;20395.750692;785959;31020;144768;24;1810;31020;33804;100.000;1.004;1.091;555.922;596.743;8.113;159233;151708;144768;1.131;0.110;0.067;4.160;1.484;0.431;42.997;41.447;133.235;133.292;131.789;32.258;31.450;1.592;0.190;1.070;63.784;197.076;118.750;42.138;8.805;2.320;0.000;0.057;0.001;23;37.354;127.570;2;0;0;0;0;0;0;0
146;1;1;1;0.000000;0.000000;1.000000;20395.588438;20395.648457;20395.781810;789030;31020;145716;24;1822;31020;33804;100.000;1.111;1.208;559.562;600.654;8.113;159772;152938;145716;0.188;0.111;0.068;2.171;1.540;0.091;36.745;35.138;133.342;133.353;131.781;27.555;26.664;1.412;0.281;0.112;60.019;193.371;116.534;31.057;2.277;2.318;0.000;0.010;0.000;15;33.034;129.598;4;0;0;0;0;0;0;0
147;1;1;1;0.000000;0.000000;1.000000;20395.619042;20395.676495;20395.817100;794594;31772;147238;25;1841;31772;34672;100.000;0.783;0.852;565.406;606.927;8.321;161190;154325;147238;0.236;0.111;0.069;2.612;1.820;0.492;39.014;37.125;140.572;140.605;138.768;27.747;26.753;1.580;0.191;0.426;57.453;198.058;118.491;28.038;5.295;2.504;0.000;0.033;0.000;23;34.582;136.122;2;0;0;0;0;0;0;0
148;1;1;1;0.000000;0.000000;1.000000;20395.652815;20395.717251;20395.851374;797998;30456;146864;24;1836;30456;33240;100.000;0.949;1.033;563.970;605.378;7.978;160800;154144;146864;0.192;0.104;0.066;2.493;1.306;0.076;38.697;37.325;134.062;134.123;132.794;28.852;28.108;1.823;0.197;0.112;64.435;198.558;119.432;40.756;7.423;2.811;0.000;0.061;0.000;21;34.898;130.238;3;0;0;0;0;0;0;0
149;1;1;1;0.000000;0.000000;1.000000;20395.687913;20395.749542;20395.885731;798639;30644;147738;24;1847;30644;33428;100.000;0.887;0.965;567.326;608.982;8.023;161813;155104;147738;0.220;0.104;0.067;4.402;2.107;0.529;38.153;35.979;136.146;136.189;134.059;28.014;26.838;1.480;1.219;1.313;61.629;197.818;120.455;32.291;1.042;2.701;0.000;0.043;0.001;22;31.644;129.612;3;0;0;0;0;0;0;0
150;1;1;1;0.000000;0.000000;1.000000;20395.719195;20395.784265;20395.920233;796693;30456;148090;24;1852;30456;33240;100.000;0.967;1.052;568.678;610.447;7.978;161862;155335;148090;0.185;0.106;0.067;3.456;1.646;0.100;41.008;39.295;135.912;135.968;134.299;30.160;29.259;1.477;0.200;1.421;65.070;201.038;121.624;34.723;1.390;2.619;0.000;0.056;0.000;22;35.906;130.785;2;0;0;0;0;0;0;0
151;1;1;1;0.000000;0.000000;1.000000;20395.753897;20395.815950;20395.949846;794717;137804;147952;105;1850;137804;149984;100.000;4.108;4.468;568.148;609.872;35.996;182724;160766;147952;0.188;0.111;0.069;2.436;1.467;0.422;34.707;33.172;133.882;133.895;132.402;25.921;25.054;1.643;0.306;0.119;62.053;195.949;117.904;31.685;1.648;2.558;0.000;0.014;0.000;51;30.804;129.950;5;0;0;0;0;0;0;0
152;1;1;1;0.000000;0.000000;1.000000;20395.785807;20395.849565;20395.982875;792861;28576;148152;22;1852;28576;31128;100.000;0.829;0.901;568.916;610.685;7.471;177426;162397;148152;0.192;0.112;0.068;2.495;1.095;0.059;36.929;35.766;133.285;133.309;132.198;27.702;27.055;1.674;0.193;0.258;63.758;197.067;117.599;33.615;0.282;2.416;0.000;0.024;0.000;8;33.338;129.667;5;0;0;0;0;0;0;0
153;1;1;1;0.000000;0.000000;1.000000;20395.819714;20395.884225;20396.017284;792789;23688;147662;18;1846;23688;25776;100.000;0.737;0.799;567.035;608.668;6.186;172400;160692;147662;0.196;0.111;0.068;2.639;1.117;0.063;37.988;36.803;133.015;133.060;131.918;28.549;27.899;1.539;0.194;0.533;64.511;197.571;118.675;34.659;1.326;2.348;0.000;0.044;0.000;17;34.232;129.233;2;0;0;0;0;0;0;0
154;1;1;1;0.000000;0.000000;1.000000;20395.853183;20395.916532;20396.049015;792309;22936;147945;18;1850;22936;25024;100.000;0.665;0.723;568.121;609.845;6.006;170339;159188;147945;0.188;0.111;0.070;2.196;1.621;0.514;35.477;33.787;132.350;132.484;130.833;26.779;25.825;1.428;0.275;0.125;63.349;195.832;117.073;32.307;1.026;2.265;0.000;0.133;0.001;17;31.661;128.500;2;0;0;0;0;0;0;0
155;1;1;1;0.000000;0.000000;1.000000;20395.886678;20395.951199;20396.084651;791925;25004;147762;19;1848;25004;27208;100.000;708.555;768.307;567.419;609.097;6.530;168591;158413;147762;0.181;0.108;0.066;3.252;1.199;0.073;39.456;38.191;133.441;133.452;132.231;29.566;28.882;1.388;0.202;1.307;64.521;197.973;119.376;34.667;1.334;2.207;0.000;0.011;0.000;16;35.005;128.966;2;0;0;0;0;0;0;0
156;1;1;1;0.000000;0.000000;1.000000;20395.920841;20395.982375;20396.114457;793795;28764;148592;22;1858;28764;31316;100.000;0.859;0.933;570.606;612.510;7.516;167879;158079;148592;0.240;0.114;0.073;2.263;1.829;0.573;34.252;32.350;132.056;132.081;130.229;25.933;24.841;1.456;0.275;0.105;61.535;193.616;115.848;31.176;2.157;2.204;0.000;0.025;0.000;11;30.160;127.939;6;0;0;0;0;0;0;0
157;1;1;1;0.000000;0.000000;1.000000;20395.952353;20396.015989;20396.141340;793460;28200;148650;22;1859;28200;30752;100.000;0.815;0.886;570.828;612.755;7.380;166756;157719;148650;0.184;0.108;0.066;2.358;1.537;0.091;30.968;29.365;125.295;125.351;123.788;24.705;23.722;1.676;0.209;0.115;63.635;188.986;109.398;33.613;0.280;2.084;0.000;0.056;0.000;18;27.073;121.372;4;0;0;0;0;0;0;0
158;1;1;1;0.000000;0.000000;1.000000;20395.986372;20396.050785;20396.184530;795527;28200;147554;22;1845;28200;30752;100.000;0.923;1.003;566.620;608.231;7.380;165007;157250;147554;0.182;0.109;0.066;2.837;1.512;0.458;47.089;45.511;133.703;133.745;132.214;35.208;34.422;1.382;0.194;0.904;64.412;198.157;119.254;34.796;1.463;2.045;0.000;0.042;0.000;21;42.740;129.333;2;0;0;0;0;0;0;0
159;1;1;1;0.000000;0.000000;1.000000;20396.019715;20396.081502;20396.213991;798776;29328;146024;23;1826;29328;31996;100.000;1.052;1.144;560.745;601.927;7.679;161999;154480;146024;0.193;0.112;0.071;2.179;1.508;0.097;33.798;32.219;132.441;132.489;130.953;25.510;24.604;1.419;0.272;0.113;61.787;194.276;115.382;30.717;2.616;2.080;0.000;0.048;0.000;22;30.111;128.725;2;0;0;0;0;0;0;0
160;1;1;1;0.000000;0.000000;1.000000;20396.052739;20396.109526;20396.242967;799362;28952;143192;22;1790;28952;31504;100.000;675.063;732.341;549.870;590.240;7.561;158153;151021;143192;0.184;0.108;0.065;2.424;1.681;0.471;32.661;30.915;133.399;133.441;131.733;24.476;23.468;1.734;0.227;0.107;56.787;190.227;111.024;28.024;5.309;2.282;0.000;0.041;0.000;20;28.555;129.265;2;0;0;0;0;0;0;0
161;1;1;1;0.000000;0.000000;1.000000;20396.086640;20396.150855;20396.282687;789777;29140;141480;23;1769;29140;31808;100.000;0.952;1.036;543.296;583.192;7.634;156114;149118;141480;0.224;0.109;0.066;3.077;1.008;0.060;43.827;42.754;131.810;131.832;130.802;33.245;32.686;1.387;0.183;1.109;64.215;196.047;117.411;41.329;7.995;2.639;0.000;0.022;0.000;6;39.742;127.702;8;0;0;0;0;0;0;0
162;1;1;1;0.000000;0.000000;1.000000;20396.121764;20396.181618;20396.314303;790930;28388;139820;22;1748;28388;30940;100.000;1.015;1.103;536.921;576.344;7.426;154224;147472;139820;0.188;0.109;0.067;2.169;1.738;0.111;35.686;33.881;132.630;132.684;130.922;26.895;25.879;1.438;0.266;0.103;59.854;192.538;115.694;30.763;2.570;2.635;0.000;0.054;0.000;21;31.779;128.688;2;0;0;0;0;0;0;0
163;1;1;1;0.000000;0.000000;1.000000;20396.152395;20396.209722;20396.350431;793734;29704;138532;23;1732;29704;32372;100.000;0.728;0.791;531.975;571.037;7.769;152207;145442;138532;0.194;0.110;0.066;2.737;1.521;0.483;40.036;38.450;140.676;140.709;139.168;28.453;27.628;1.510;0.182;0.675;57.326;198.036;118.489;28.103;5.230;2.797;0.000;0.034;0.000;17;35.778;136.395;3;0;0;0;0;0;0;0
164;1;1;1;0.000000;0.000000;1.000000;20396.186604;20396.250735;20396.381578;792883;30080;138018;23;1726;30080;32748;100.000;0.982;1.066;530.002;568.928;7.860;151597;145064;138018;0.187;0.108;0.067;2.219;1.611;0.094;35.394;33.716;130.798;130.844;129.203;27.051;26.096;1.495;0.256;0.106;64.130;194.974;116.303;41.013;7.680;3.102;0.000;0.046;0.000;22;31.564;126.937;2;0;0;0;0;0;0;0
165;1;1;1;0.000000;0.000000;1.000000;20396.221621;20396.281471;20396.418144;791299;30644;138142;24;1727;30644;33428;100.000;0.855;0.930;530.478;569.426;8.023;151249;144790;138142;0.224;0.104;0.063;2.456;1.738;0.564;40.398;38.596;136.626;136.673;134.910;29.558;28.609;1.805;0.181;0.078;59.850;196.523;119.535;30.736;2.597;3.071;0.000;0.047;0.000;20;36.204;132.405;3;0;0;0;0;0;0;0
166;1;1;1;0.000000;0.000000;1.000000;20396.252605;20396.317520;20396.448507;789485;132916;138460;101;1731;132916;144632;100.000;229.291;249.337;531.699;570.738;34.712;172621;150718;138460;0.187;0.108;0.068;2.164;1.330;0.080;34.541;33.143;130.974;130.987;129.621;26.370;25.569;1.426;0.263;0.114;64.915;195.902;116.564;36.049;2.716;3.049;0.000;0.013;0.000;44;31.047;127.440;4;0;0;0;0;0;0;0
167;1;1;1;0.000000;0.000000;1.000000;20396.286240;20396.348754;20396.485365;789977;29328;138716;23;1734;29328;31996;100.000;0.830;0.903;532.682;571.788;7.679;165456;151144;138716;0.187;0.105;0.066;2.733;1.749;0.577;40.361;38.547;136.592;136.611;134.840;29.545;28.587;1.376;0.190;0.808;62.514;199.125;120.089;31.234;2.100;2.989;0.000;0.019;0.000;16;35.879;132.086;3;0;0;0;0;0;0;0
168;1;1;1;0.000000;0.000000;1.000000;20396.319624;20396.384253;20396.515407;791598;25004;139622;19;1746;25004;27208;100.000;0.785;0.851;536.161;575.538;6.530;164403;152065;139622;0.196;0.110;0.068;2.492;1.260;0.072;34.520;33.193;131.137;131.154;129.871;26.321;25.559;1.718;0.286;0.115;64.629;195.783;116.798;35.500;2.166;2.938;0.000;0.017;0.000;10;30.768;127.360;4;0;0;0;0;0;0;0
169;1;1;1;0.000000;0.000000;1.000000;20396.353134;20396.416212;20396.546612;795034;25192;139918;20;1749;25192;27512;100.000;0.731;0.795;537.298;576.743;6.603;164427;153112;139918;0.179;0.105;0.065;2.425;1.359;0.089;34.955;33.531;130.358;130.399;129.018;26.806;25.989;1.804;0.190;0.082;63.078;193.478;114.669;31.959;1.374;2.840;0.000;0.041;0.000;19;31.170;126.550;2;0;0;0;0;0;0;0
170;1;1;1;0.000000;0.000000;1.000000;20396.386033;20396.450874;20396.582782;794863;25756;140286;20;1754;25756;28076;100.000;0.821;0.892;538.711;578.268;6.738;162948;152059;140286;0.188;0.109;0.066;2.601;1.273;0.447;39.949;38.611;131.859;131.907;130.610;30.286;29.562;1.568;0.185;0.486;64.841;196.748;117.506;34.662;1.329;2.746;0.000;0.048;0.000;19;36.075;127.959;2;0;0;0;0;0;0;0
171;1;1;1;0.000000;0.000000;1.000000;20396.419927;20396.482393;20396.613677;794885;27072;141226;21;1766;27072;29508;100.000;0.936;1.017;542.320;582.149;7.082;162113;151953;141226;0.197;0.112;0.068;2.205;1.497;0.091;34.769;33.204;131.263;131.284;129.764;26.484;25.588;1.457;0.277;0.095;62.466;193.750;115.068;31.519;1.815;2.687;0.000;0.021;0.000;15;31.066;127.537;3;0;0;0;0;0;0;0
172;1;1;1;0.000000;0.000000;1.000000;20396.452653;20396.511478;20396.640724;788905;27448;141276;21;1766;27448;29884;100.000;0.708;0.769;542.512;582.341;7.172;160084;150715;141276;0.187;0.106;0.064;2.574;1.560;0.240;30.726;29.102;129.195;129.246;127.660;23.773;22.797;1.905;0.208;0.104;58.824;188.070;108.781;29.085;4.249;2.785;0.000;0.051;0.001;20;26.592;125.016;2;0;0;0;0;0;0;0
173;1;1;1;0.000000;0.000000;1.000000;20396.486639;20396.550425;20396.677635;787376;27072;140380;21;1755;27072;29508;100.000;0.880;0.956;539.072;578.652;7.082;157763;149155;140380;0.183;0.104;0.066;1.991;1.424;0.410;41.049;39.560;127.197;127.210;125.767;32.269;31.455;1.380;0.184;0.074;63.786;190.996;112.359;38.947;5.613;2.962;0.000;0.013;0.000;12;37.635;123.762;3;0;0;0;0;0;0;0
174;1;1;1;0.000000;0.000000;1.000000;20396.520497;20396.581335;20396.713996;791921;28576;138596;22;1733;28576;31128;100.000;1.013;1.100;532.221;571.305;7.471;155889;148304;138596;0.187;0.110;0.068;2.416;1.046;0.062;39.768;38.655;132.549;132.661;131.592;29.978;29.375;1.687;0.249;0.116;60.837;193.498;115.387;30.910;2.423;2.928;0.000;0.112;0.000;21;36.307;129.062;2;0;0;0;0;0;0;0
175;1;1;1;0.000000;0.000000;1.000000;20396.552982;20396.609698;20396.747947;785044;28200;137098;22;1714;28200;30752;100.000;0.779;0.847;526.469;565.124;7.380;153735;146334;137098;0.188;0.105;0.065;2.262;1.463;0.443;37.416;35.889;138.200;138.249;136.771;27.064;26.240;1.613;0.203;0.088;56.716;194.965;116.005;28.363;4.970;3.056;0.000;0.049;0.001;21;33.692;134.457;2;0;0;0;0;0;0;0
176;1;1;1;0.000000;0.000000;1.000000;20396.586140;20396.646061;20396.783607;785759;28012;136788;22;1710;28012;30564;100.000;0.772;0.840;525.278;563.844;7.335;152496;145443;136788;0.195;0.103;0.062;2.390;1.138;0.064;39.371;38.171;137.510;137.547;136.383;28.624;27.988;1.772;0.181;0.076;59.920;197.467;118.332;36.362;3.029;3.054;0.000;0.037;0.000;13;35.844;133.956;3;0;0;0;0;0;0;0
177;1;1;1;0.000000;0.000000;1.000000;20396.621844;20396.682502;20396.814525;782963;28952;136884;22;1712;28952;31504;100.000;0.878;0.952;525.647;564.257;7.561;151983;144919;136884;0.192;0.108;0.069;2.178;1.857;0.467;34.437;32.511;132.014;132.023;130.135;26.084;24.983;1.435;0.259;0.116;60.658;192.681;115.916;36.441;3.108;3.057;0.000;0.009;0.000;17;30.402;127.947;3;0;0;0;0;0;0;0
178;1;1;1;0.000000;0.000000;1.000000;20396.653117;20396.715644;20396.848494;783666;27448;138258;21;1729;27448;29884;100.000;0.823;0.893;530.923;569.917;7.172;153091;145898;138258;0.192;0.110;0.068;2.418;1.061;0.063;38.005;36.877;132.823;132.849;131.763;28.608;27.987;1.670;0.245;0.134;62.527;195.377;116.551;33.142;0.191;2.878;0.000;0.026;0.001;11;34.526;129.316;3;0;0;0;0;0;0;0
179;1;1;1;0.000000;0.000000;1.000000;20396.686204;20396.749165;20396.884726;786714;27824;138600;22;1733;27824;30376;100.000;0.848;0.923;532.236;571.320;7.290;153196;146333;138600;0.223;0.105;0.065;2.666;1.231;0.075;39.712;38.417;135.527;135.560;134.309;29.295;28.603;1.387;0.185;0.700;62.961;198.521;119.450;33.521;0.187;2.710;0.000;0.033;0.000;19;35.815;131.608;3;0;0;0;0;0;0;0
180;1;1;1;0.000000;0.000000;1.000000;20396.719616;20396.782130;20396.914180;787583;26696;139086;21;1739;26696;29132;100.000;0.776;0.844;534.103;573.322;6.992;153440;146675;139086;0.195;0.110;0.069;2.196;1.750;0.657;33.341;31.523;131.990;132.050;130.272;25.249;24.198;1.464;0.243;0.116;62.514;194.564;115.571;32.965;0.369;2.564;0.000;0.060;0.001;19;29.395;128.014;2;0;0;0;0;0;0;0
181;1;1;1;0.000000;0.000000;1.000000;20396.753427;20396.816737;20396.944179;793719;135736;139098;104;1739;135736;147800;100.000;4.082;4.441;534.149;573.368;35.472;175008;151952;139098;0.190;0.105;0.065;2.481;1.066;0.066;33.943;32.813;127.418;127.442;126.350;26.634;25.970;1.829;0.191;0.100;63.310;190.752;112.236;34.607;1.273;2.483;0.000;0.024;0.000;41;30.397;123.843;7;0;0;0;0;0;0;0
182;1;1;1;0.000000;0.000000;1.000000;20396.786472;20396.850085;20396.984688;792329;27072;139598;21;1745;27072;29508;100.000;0.865;0.940;536.069;575.424;7.082;166831;152091;139598;1.095;0.108;0.066;4.115;1.630;0.523;44.056;42.360;134.556;134.603;132.950;32.730;31.861;1.590;0.183;1.074;63.613;198.216;119.412;33.348;0.015;2.329;0.000;0.047;0.000;18;38.311;128.787;3;0;0;0;0;0;0;0
183;1;1;1;0.000000;0.000000;1.000000;20396.819488;20396.881508;20397.016317;801464;21996;141888;17;1774;21996;23968;100.000;0.766;0.831;544.862;584.871;5.752;166537;153344;141888;0.232;0.113;0.070;2.658;2.187;0.139;37.353;35.097;134.782;134.809;132.590;27.709;26.471;1.814;0.329;0.101;62.021;196.829;117.708;31.423;1.910;2.303;0.000;0.026;0.000;8;32.509;129.897;3;0;0;0;0;0;0;0
184;1;1;1;0.000000;0.000000;1.000000;20396.852903;20396.910389;20397.050964;796948;22560;145036;18;1813;22560;24648;100.000;0.572;0.622;556.951;597.840;5.916;166858;155236;145036;0.181;0.104;0.066;3.196;1.648;0.505;39.501;37.788;140.555;140.575;138.907;28.099;27.204;1.356;0.191;1.298;57.486;198.061;119.022;28.881;4.453;2.437;0.000;0.020;0.000;13;34.657;135.689;3;0;0;0;0;0;0;0
185;1;1;1;0.000000;0.000000;1.000000;20396.886742;20396.950077;20397.084537;802598;26508;147102;21;1839;26508;28944;100.000;0.811;0.883;564.884;606.360;6.947;167276;156904;147102;1.001;0.111;0.067;4.264;1.223;0.078;38.412;37.122;134.441;134.460;133.217;28.568;27.866;1.808;0.194;1.084;63.335;197.795;119.261;39.688;6.355;2.682;0.000;0.018;0.000;15;32.925;128.931;3;0;0;0;0;0;0;0
186;1;1;1;0.000000;0.000000;1.000000;20396.921911;20396.982890;20397.118095;797039;28576;149128;22;1865;28576;31128;100.000;0.799;0.867;572.664;614.726;7.471;168101;158298;149128;0.193;0.110;0.069;2.536;1.411;0.441;39.040;37.560;135.182;135.206;133.774;28.875;28.077;1.598;0.194;0.372;60.979;196.185;119.487;32.813;0.521;2.547;0.000;0.024;0.000;13;35.093;131.213;3;0;0;0;0;0;0;0
187;1;1;1;0.000000;0.000000;1.000000;20396.952979;20397.018847;20397.151440;797511;28388;148974;22;1863;28388;30940;100.000;0.895;0.972;572.073;614.089;7.426;167059;158408;148974;1.045;0.111;0.068;4.287;1.343;0.079;37.289;35.879;132.559;132.593;131.231;28.123;27.340;1.777;0.202;1.086;65.868;198.461;119.497;35.957;2.624;2.552;0.000;0.034;0.000;11;31.659;126.906;3;0;0;0;0;0;0;0
188;1;1;1;0.000000;0.000000;1.000000;20396.986559;20397.050815;20397.185115;794879;27072;147856;21;1849;27072;29508;100.000;0.841;0.914;567.780;609.480;7.082;164952;157233;147856;0.191;0.110;0.068;2.731;1.077;0.068;39.303;38.159;134.257;134.300;133.205;29.265;28.647;1.514;0.207;0.642;64.256;198.556;119.839;31.968;1.365;2.478;0.000;0.043;0.000;14;35.495;130.430;3;0;0;0;0;0;0;0
189;1;1;1;0.000000;0.000000;1.000000;20397.018720;20397.083140;20397.219211;793590;27448;145718;21;1822;27448;29884;100.000;0.826;0.897;559.570;600.661;7.172;163338;155877;145718;1.168;0.110;0.067;4.265;1.742;0.537;37.894;36.085;136.047;136.071;134.305;27.848;26.868;1.626;0.198;1.097;64.421;200.492;120.603;32.325;1.008;2.386;0.000;0.025;0.000;12;31.886;130.012;3;0;0;0;0;0;0;0
190;1;1;1;0.000000;0.000000;1.000000;20397.053026;20397.116510;20397.253251;788938;28200;143848;22;1799;28200;30752;100.000;0.848;0.922;552.389;592.962;7.380;160020;152916;143848;0.190;0.108;0.065;2.170;1.166;0.072;40.045;38.814;136.710;136.742;135.553;29.285;28.634;1.503;0.198;0.107;63.484;200.226;121.309;33.369;0.036;2.239;0.000;0.031;0.000;14;36.709;133.351;3;0;0;0;0;0;0;0
191;1;1;1;0.000000;0.000000;1.000000;20397.087166;20397.149938;20397.283770;784846;27824;142800;22;1785;27824;30376;100.000;0.823;0.896;548.364;588.622;7.290;158156;151201;142800;0.189;0.109;0.070;2.218;1.626;0.429;33.841;32.145;133.808;133.832;132.174;25.286;24.320;1.434;0.290;0.127;62.771;196.603;118.494;33.428;0.095;2.105;0.000;0.024;0.000;11;29.996;129.929;3;0;0;0;0;0;0;0
192;1;1;1;0.000000;0.000000;1.000000;20397.119845;20397.183921;20397.317018;788004;28012;142404;22;1781;28012;30564;100.000;0.843;0.917;546.844;587.011;7.335;157421;150984;142404;0.197;0.111;0.068;2.396;1.329;0.072;37.105;35.708;133.072;133.097;131.752;27.878;27.103;1.660;0.185;0.176;64.076;197.173;118.409;33.984;0.651;2.014;0.000;0.024;0.000;15;33.380;129.330;4;0;0;0;0;0;0;0
193;1;1;1;0.000000;0.000000;1.000000;20397.153614;20397.217327;20397.351212;795964;26696;142560;21;1782;26696;29132;100.000;0.832;0.905;547.443;587.632;6.992;157095;150748;142560;0.194;0.108;0.067;2.552;1.692;0.528;37.907;36.149;133.860;133.885;132.175;28.313;27.349;1.675;0.187;0.323;63.713;197.598;119.270;33.406;0.073;1.893;0.000;0.025;0.000;15;33.663;129.589;3;0;0;0;0;0;0;0
194;1;1;1;0.000000;0.000000;1.000000;20397.186563;20397.249547;20397.382672;799207;26884;143286;21;1792;26884;29320;100.000;0.760;0.826;550.231;590.646;7.037;157411;151072;143286;0.238;0.112;0.069;2.431;1.095;0.073;35.702;34.538;133.065;133.124;132.013;26.818;26.163;1.659;0.255;0.100;62.985;196.109;117.396;32.220;1.113;1.844;0.000;0.060;0.000;20;32.176;129.520;2;0;0;0;0;0;0;0
195;1;1;1;0.000000;0.000000;1.000000;20397.219775;20397.285096;20397.419098;799402;28764;144392;22;1805;28764;31316;100.000;0.922;1.001;554.478;595.186;7.516;158260;151977;144392;0.186;0.105;0.065;3.116;1.718;0.468;39.938;38.156;133.978;134.002;132.256;29.804;28.850;1.402;0.197;1.161;65.321;199.323;120.489;35.549;2.215;1.867;0.000;0.024;0.000;11;35.105;129.116;4;0;0;0;0;0;0;0
196;1;1;1;0.000000;0.000000;1.000000;20397.253829;20397.316494;20397.448277;800483;135736;145043;104;1814;135736;147800;100.000;4.138;4.502;556.978;597.889;35.472;179847;157023;145043;0.198;0.110;0.070;2.214;1.508;0.092;34.010;32.433;131.652;131.784;130.248;25.807;24.901;1.439;0.296;0.101;62.665;194.448;116.335;31.398;1.936;1.871;0.000;0.132;0.000;55;30.288;127.901;9;0;0;0;0;0;0;0
197;1;1;1;0.000000;0.000000;1.000000;20397.285878;20397.349356;20397.475515;798336;27072;145944;21;1825;27072;29508;100.000;0.780;0.847;560.437;601.597;7.082;172926;158054;145944;0.218;0.108;0.066;2.396;1.687;0.111;30.951;29.199;126.143;126.159;124.439;24.534;23.464;1.675;0.221;0.108;63.479;189.637;110.240;32.863;0.470;1.784;0.000;0.015;0.000;10;26.869;122.026;5;0;0;0;0;0;0;0
198;1;1;1;0.000000;0.000000;1.000000;20397.319734;20397.384247;20397.517657;798454;21996;146568;17;1833;21996;23968;100.000;0.710;0.771;562.834;604.174;5.752;170562;157736;146568;0.200;0.112;0.069;2.827;1.644;0.483;46.229;44.516;133.383;133.411;131.742;34.652;33.791;1.466;0.191;0.790;64.513;197.923;119.048;34.890;1.557;1.770;0.000;0.028;0.000;7;41.758;128.886;4;0;0;0;0;0;0;0
199;1;1;1;0.000000;0.000000;1.000000;20397.353280;20397.415379;20397.547125;800770;21432;147434;17;1843;21432;23404;100.000;0.763;0.829;566.159;607.725;5.617;169423;157747;147434;0.183;0.108;0.068;2.348;1.205;0.073;33.934;32.662;131.734;131.745;130.515;25.758;25.025;1.631;0.215;0.144;62.099;193.845;115.183;31.133;2.201;1.797;0.000;0.011;0.000;13;30.381;128.154;3;0;0;0;0;0;0;0
200;1;1;1;0.000000;0.000000;1.000000;20397.385872;20397.443620;20397.580964;802378;24252;148866;19;1861;24252;26456;100.000;0.591;0.643;571.658;613.630;6.349;169825;159483;148866;0.229;0.110;0.065;3.423;2.154;0.672;37.388;35.170;137.307;137.343;135.164;27.223;26.020;2.463;0.197;0.359;57.749;195.092;115.688;28.241;5.092;2.003;0.000;0.037;0.000;18;31.812;131.702;2;0;0;0;0;0;0;0
201;1;1;1;0.000000;0.000000;1.000000;20397.420139;20397.484848;20397.618979;805285;27072;150350;21;1880;27072;29508;100.000;0.851;0.925;577.356;619.757;7.082;169803;160095;150350;0.183;0.108;0.067;2.022;1.408;0.088;43.597;42.122;134.083;134.131;132.705;32.503;31.741;1.397;0.195;0.072;64.709;198.840;120.371;41.228;7.895;2.371;0.000;0.048;0.000;20;40.167;130.634;2;0;0;0;0;0;0;0
202;1;1;1;0.000000;0.000000;1.000000;20397.454313;20397.516836;20397.653215;803318;27636;152012;21;1901;27636;30072;100.000;568.457;616.601;583.739;626.613;7.217;170564;161477;152012;0.183;0.108;0.068;2.808;1.800;0.573;37.658;35.791;136.354;136.379;134.557;27.613;26.599;1.553;0.206;0.691;62.523;198.901;121.272;31.988;1.346;2.307;0.000;0.025;0.000;11;33.051;131.723;2;0;0;0;0;0;0;0
203;1;1;1;0.000000;0.000000;1.000000;20397.486252;20397.542971;20397.682803;802036;29140;152816;23;1911;29140;31808;100.000;0.609;0.663;586.826;629.926;7.634;170803;162363;152816;0.237;0.114;0.072;2.430;1.114;0.073;34.168;32.983;139.766;139.832;138.693;24.435;23.781;1.664;0.219;0.125;56.719;196.551;117.528;26.135;7.198;2.612;0.000;0.066;0.001;19;30.625;136.175;3;0;0;0;0;0;0;0
204;1;1;1;0.000000;0.000000;1.000000;20397.528213;20397.591077;20397.716759;810228;28200;152942;22;1912;28200;30752;100.000;0.991;1.078;587.310;630.432;7.380;169922;162276;152942;0.198;0.113;0.070;2.858;1.413;0.415;37.504;36.021;125.639;125.681;124.251;29.840;28.990;1.453;0.199;0.826;62.864;188.546;118.150;48.106;14.773;3.372;0.000;0.043;0.000;14;33.233;121.350;3;0;0;0;0;0;0;0
205;1;1;1;0.000000;0.000000;1.000000;20397.554677;20397.619689;20397.748108;808185;26884;152382;21;1905;26884;29320;100.000;0.887;0.964;585.159;628.124;7.037;169016;161528;152382;0.190;0.112;0.071;2.191;1.751;0.112;35.593;33.771;128.384;128.419;126.626;27.716;26.670;1.430;0.279;0.111;65.012;193.431;116.166;28.612;4.722;3.457;0.000;0.035;0.000;10;31.650;124.398;3;0;0;0;0;0;0;0
206;1;1;1;0.000000;0.000000;1.000000;20397.585761;20397.650211;20397.784037;815223;27636;150790;21;1885;27636;30072;100.000;341.654;370.589;579.046;621.559;7.217;166373;158970;150790;0.196;0.113;0.070;2.771;1.724;0.565;39.889;38.095;133.774;133.826;132.080;29.806;28.842;1.466;0.195;0.732;64.449;198.275;118.761;30.522;2.811;3.416;0.000;0.052;0.000;16;35.394;129.256;3;0;0;0;0;0;0;0
207;1;1;1;0.000000;0.000000;1.000000;20397.620129;20397.684324;20397.814804;799426;27636;149044;21;1864;27636;30072;100.000;0.898;0.974;572.341;614.381;7.217;164136;157308;149044;0.187;0.111;0.071;2.199;1.597;0.099;35.252;33.585;130.440;130.481;128.854;27.017;26.064;1.436;0.279;0.116;64.195;194.676;116.195;34.113;0.779;3.252;0.000;0.041;0.000;16;31.456;126.613;3;0;0;0;0;0;0;0
208;1;1;1;0.000000;0.000000;1.000000;20397.653803;20397.715258;20397.851875;790320;27072;147638;21;1846;27072;29508;100.000;0.767;0.834;566.942;608.576;7.082;161962;155289;147638;0.182;0.108;0.067;3.131;1.357;0.082;40.873;39.450;136.570;136.617;135.239;29.918;29.170;1.361;0.207;1.207;61.455;198.072;119.933;30.935;2.399;3.198;0.000;0.047;0.000;20;36.386;132.060;2;0;0;0;0;0;0;0
209;1;1;1;0.000000;0.000000;1.000000;20397.685926;20397.750724;20397.882216;795945;26696;145656;21;1821;26696;29132;100.000;0.854;0.929;559.332;600.401;6.992;159733;153188;145656;0.232;0.112;0.071;2.252;1.712;0.666;34.819;33.036;131.472;131.492;129.753;26.480;25.461;1.447;0.292;0.098;64.798;196.290;116.941;35.466;2.132;3.132;0.000;0.020;0.000;9;30.855;127.480;4;0;0;0;0;0;0;0
210;1;1;1;0.000000;0.000000;1.000000;20397.719549;20397.782142;20397.916700;792891;28012;144144;22;1802;28012;30564;100.000;0.797;0.867;553.525;594.166;7.335;157793;151506;144144;0.195;0.111;0.066;2.899;0.983;0.062;38.452;37.403;134.526;134.559;133.555;28.576;28.006;1.419;0.189;0.919;62.592;197.151;118.091;31.418;1.916;3.056;0.000;0.032;0.000;10;34.569;130.622;3;0;0;0;0;0;0;0
211;1;1;1;0.000000;0.000000;1.000000;20397.752659;20397.817494;20397.949851;797320;136300;143206;104;1791;136300;148364;100.000;4.394;4.780;549.924;590.316;35.607;179073;155570;143206;0.246;0.113;0.072;2.582;1.631;0.475;37.017;35.315;132.320;132.357;130.692;27.967;27.021;1.743;0.292;0.116;64.834;197.191;117.909;35.352;2.019;2.991;0.000;0.037;0.000;48;32.804;128.072;5;0;0;0;0;0;0;0
212;1;1;1;0.000000;0.000000;1.000000;20397.786326;20397.848576;20397.977493;805214;26696;142122;21;1777;26696;29132;100.000;0.755;0.821;545.761;585.838;6.992;167541;153603;142122;0.185;0.105;0.066;2.011;1.221;0.071;31.863;30.576;128.897;128.916;127.672;24.716;23.949;1.387;0.186;0.081;62.251;191.167;112.217;31.083;2.251;2.945;0.000;0.020;0.000;11;28.631;125.640;4;0;0;0;0;0;0;0
213;1;1;1;0.000000;0.000000;1.000000;20397.819216;20397.884099;20398.018420;797126;20868;141596;16;1770;20868;22724;100.000;0.667;0.723;543.741;583.660;5.454;165502;153555;141596;0.185;0.104;0.063;2.422;1.667;0.578;44.149;42.419;134.275;134.321;132.630;32.868;31.983;1.802;0.186;0.080;64.883;199.204;119.811;35.523;2.189;2.897;0.000;0.046;0.000;15;40.060;130.154;2;0;0;0;0;0;0;0
214;1;1;1;0.000000;0.000000;1.000000;20397.853282;20397.915533;20398.048764;803136;17484;141814;14;1773;17484;19108;100.000;0.604;0.657;544.578;584.565;4.586;164429;152706;141814;0.197;0.108;0.068;2.395;1.383;0.091;34.414;32.963;133.203;133.231;131.808;25.830;25.009;1.630;0.268;0.124;62.250;195.482;116.822;31.434;1.900;2.835;0.000;0.029;0.000;13;30.636;129.383;2;0;0;0;0;0;0;0
215;1;1;1;0.000000;-0.087266;1.000000;20397.885989;20397.944666;20398.083857;809297;24628;143036;19;1788;24628;26832;100.000;0.630;0.684;549.271;589.596;6.440;164168;153489;143036;0.195;0.110;0.069;3.040;1.386;0.422;38.892;37.438;139.158;139.191;137.790;27.942;27.170;1.406;0.189;1.072;58.677;197.868;118.581;29.133;4.200;2.920;19.869;0.033;0.000;9;34.466;134.715;5;0;0;0;0;0;0;0
216;1;1;1;0.000000;-0.087266;1.000000;20397.919696;20397.983932;20398.116165;808156;27260;144130;21;1802;27260;29696;100.000;0.846;0.918;553.472;594.112;7.127;164616;155069;144130;0.196;0.110;0.071;2.244;1.154;0.065;36.710;35.486;132.208;132.233;131.045;27.762;27.079;1.443;0.292;0.132;64.236;196.469;117.557;39.266;5.933;3.109;0.000;0.025;0.000;10;33.313;128.773;4;0;0;0;0;0;0;0
217;1;1;1;0.000000;-0.087266;1.000000;20397.952671;20398.016315;20398.149739;810355;28576;146106;22;1827;28576;31128;100.000;0.827;0.898;561.060;602.264;7.471;164509;155791;146106;0.194;0.110;0.068;2.750;0.959;0.063;36.982;35.956;133.384;133.423;132.444;27.718;27.148;1.499;0.191;0.689;63.645;197.068;117.797;32.383;0.950;2.974;0.000;0.039;0.000;21;33.274;129.654;2;0;0;0;0;0;0;0
218;1;1;1;0.000000;-0.087266;1.000000;20397.986042;20398.051063;20398.181880;810211;28952;148782;22;1860;28952;31504;100.000;832.541;903.181;571.335;613.284;7.561;166448;158794;148782;0.185;0.113;0.069;2.610;2.042;0.698;35.834;33.723;130.775;130.817;128.742;27.392;26.194;1.852;0.291;0.101;65.021;195.838;116.605;34.748;1.414;2.876;0.000;0.042;0.000;22;31.182;126.089;1;0;0;0;0;0;0;0
219;1;1;1;0.000000;-0.087266;1.000000;20398.019901;20398.082272;20398.216897;808645;28764;150220;22;1878;28764;31316;100.000;0.811;0.880;576.857;619.212;7.516;167149;159739;150220;0.203;0.112;0.069;2.968;1.203;0.067;39.677;38.406;134.594;134.625;133.400;29.472;28.790;1.383;0.196;1.006;62.371;196.996;118.289;31.209;2.124;2.829;0.000;0.031;0.000;17;35.506;130.399;3;0;0;0;0;0;0;0
220;1;1;1;0.000000;-0.087266;1.000000;20398.052644;20398.117920;20398.248262;810783;27636;150188;21;1878;27636;30072;100.000;696.614;755.611;576.734;619.090;7.217;167230;159791;150188;0.236;0.114;0.071;2.273;1.972;0.657;35.518;33.475;130.290;130.342;128.332;27.250;26.084;1.443;0.302;0.108;65.276;195.618;116.319;35.647;2.314;2.797;0.000;0.052;0.000;21;31.272;126.005;1;0;0;0;0;0;0;0
221;1;1;1;0.000000;-0.087266;1.000000;20398.086466;20398.148613;20398.283786;807088;27636;149054;21;1864;27636;30072;100.000;598.722;649.429;572.380;614.419;7.217;165256;157997;149054;0.192;0.111;0.066;2.377;1.216;0.069;39.780;38.498;135.143;135.173;133.932;29.429;28.745;1.728;0.197;0.084;62.147;197.320;118.510;30.693;2.640;2.787;0.000;0.030;0.000;14;36.187;131.524;3;0;0;0;0;0;0;0
222;1;1;1;0.000000;-0.087266;1.000000;20398.119209;20398.183561;20398.316041;809369;28012;147392;22;1843;28012;30564;100.000;0.880;0.958;565.998;607.563;7.335;163230;156186;147392;0.235;0.112;0.071;2.480;1.724;0.463;35.833;34.038;132.445;132.480;130.720;27.048;26.039;1.671;0.289;0.103;64.353;196.833;117.433;34.948;1.615;2.714;0.000;0.035;0.000;12;31.629;128.202;4;0;0;0;0;0;0;0
223;1;1;1;0.000000;-0.087266;1.000000;20398.152818;20398.215517;20398.351590;795354;27448;146064;21;1826;27448;29884;100.000;0.799;0.867;560.898;602.080;7.172;161390;154775;146064;0.175;0.104;0.065;2.593;1.419;0.085;39.756;38.273;136.022;136.073;134.625;29.217;28.429;1.957;0.207;0.085;62.699;198.772;119.648;31.956;1.378;2.630;0.000;0.051;0.000;20;35.744;131.979;2;0;0;0;0;0;0;0
224;1;1;1;0.000000;-0.087266;1.000000;20398.185974;20398.250067;20398.383028;795455;27072;144466;21;1806;27072;29508;100.000;0.843;0.916;554.762;595.493;7.082;159072;152407;144466;0.188;0.110;0.069;2.170;1.685;0.436;35.433;33.680;132.932;132.961;131.246;26.650;25.662;1.403;0.291;0.109;64.094;197.054;117.752;34.550;1.217;2.542;0.000;0.029;0.000;10;31.579;129.032;4;0;0;0;0;0;0;0
225;1;1;1;0.000000;-0.087266;1.000000;20398.219619;20398.282357;20398.416747;795720;27636;143728;21;1797;27636;30072;100.000;0.784;0.850;551.928;592.456;7.217;157998;151193;143728;0.201;0.112;0.068;2.432;1.244;0.074;37.581;36.269;134.367;134.390;133.127;27.964;27.244;1.693;0.188;0.171;62.738;197.128;118.138;32.290;1.044;2.448;0.000;0.024;0.000;14;33.905;130.670;3;0;0;0;0;0;0;0
226;1;1;1;0.000000;-0.087266;1.000000;20398.252826;20398.317832;20398.447254;798723;138180;142930;105;1787;138180;150360;100.000;140.285;152.554;548.864;589.166;36.086;180302;156126;142930;0.187;0.105;0.066;2.255;1.213;0.071;34.171;32.893;129.400;129.422;128.181;26.403;25.661;1.597;0.217;0.084;65.006;194.428;115.312;35.476;2.142;2.429;0.000;0.021;0.000;41;30.703;125.903;6;0;0;0;0;0;0;0
227;1;1;1;0.000000;-0.087266;1.000000;20398.286284;20398.349603;20398.473244;807441;25192;142948;20;1787;25192;27512;100.000;0.719;0.782;548.933;589.235;6.603;170602;155416;142948;0.177;0.104;0.065;2.794;2.266;0.791;29.441;27.111;123.605;123.641;121.335;23.812;22.344;2.022;0.286;0.140;63.319;186.960;107.969;31.770;1.563;2.375;0.000;0.037;0.000;8;24.381;118.501;4;0;0;0;0;0;0;0
228;1;1;1;0.000000;-0.087266;1.000000;20398.319318;20398.384823;20398.519623;803316;22560;143504;18;1794;22560;24648;100.000;0.707;0.769;551.068;591.528;5.916;169925;157355;143504;0.187;0.105;0.066;2.036;1.356;0.084;51.458;50.036;134.758;134.800;133.427;38.173;37.501;1.408;0.187;0.084;65.505;200.305;121.015;35.220;1.887;2.345;0.000;0.042;0.000;13;48.066;131.346;3;0;0;0;0;0;0;0
229;1;1;1;0.000000;-0.087266;1.000000;20398.353434;20398.416912;20398.551780;809074;23124;144280;18;1804;23124;25212;100.000;0.889;0.965;554.048;594.733;6.051;168710;157819;144280;0.195;0.109;0.067;2.414;1.774;0.589;35.538;33.698;134.833;134.868;133.068;26.350;25.324;1.674;0.190;0.180;63.478;198.346;119.838;32.089;1.244;2.276;0.000;0.035;0.000;15;31.350;130.617;3;0;0;0;0;0;0;0
230;1;1;1;0.000000;-0.087266;1.000000;20398.385638;20398.443038;20398.583136;808265;24816;145334;19;1817;24816;27020;100.000;0.533;0.578;558.095;599.074;6.485;168048;157325;145334;0.190;0.110;0.077;3.221;1.277;0.077;35.542;34.188;140.042;140.098;138.799;25.370;24.632;1.661;0.511;0.672;57.399;197.497;117.860;26.126;7.208;2.584;0.000;0.056;0.001;19;31.044;135.517;2;0;0;0;0;0;0;0
231;1;1;1;0.000000;-0.087266;1.000000;20398.429205;20398.489860;20398.619533;818848;28012;147128;22;1840;28012;30564;100.000;0.943;1.026;564.984;606.482;7.335;168987;159164;147128;0.238;0.109;0.067;4.697;2.035;0.575;40.877;38.776;129.639;129.673;127.602;31.523;30.388;1.742;1.216;1.327;60.655;190.328;120.924;46.822;13.489;3.266;0.000;0.033;0.000;15;34.145;122.870;4;0;0;0;0;0;0;0
232;1;1;1;0.000000;-0.087266;1.000000;20398.459768;20398.519715;20398.650701;820617;28200;148796;22;1860;28200;30752;100.000;0.940;1.022;571.389;613.338;7.380;168894;159685;148796;0.197;0.112;0.069;2.929;1.124;0.072;37.914;36.722;130.933;130.986;129.844;28.945;28.281;1.456;0.196;0.899;59.947;190.933;118.759;29.855;3.479;3.279;0.000;0.053;0.000;21;33.862;126.861;2;0;0;0;0;0;0;0
233;1;1;1;0.000000;-0.087266;1.000000;20398.486101;20398.549836;20398.682682;814146;28200;150842;22;1886;28200;30752;100.000;0.811;0.882;579.246;621.781;7.380;169558;161518;150842;0.231;0.113;0.072;2.337;2.025;0.553;36.025;33.928;132.824;132.847;130.797;27.118;25.939;1.538;0.283;0.101;63.735;196.582;117.407;30.121;3.212;3.275;0.000;0.023;0.000;15;31.662;128.435;3;0;0;0;0;0;0;0
234;1;1;1;0.000000;-0.087266;1.000000;20398.520165;20398.584792;20398.716411;814852;28388;152630;22;1908;28388;30940;100.000;0.858;0.933;586.112;629.144;7.426;170491;162867;152630;0.190;0.110;0.067;2.499;1.187;0.067;38.079;36.826;131.486;131.619;130.407;28.931;28.239;1.822;0.196;0.115;64.627;196.246;117.802;34.956;1.623;3.172;0.000;0.133;0.000;21;34.393;127.765;2;0;0;0;0;0;0;0
235;1;1;1;0.000000;-0.087266;1.000000;20398.553391;20398.618115;20398.752105;815725;26884;153174;21;1915;26884;29320;100.000;0.863;0.938;588.201;631.391;7.037;170501;163261;153174;0.236;0.111;0.070;3.130;1.833;0.518;39.386;37.484;133.960;133.990;132.140;29.395;28.367;1.547;0.202;0.965;64.724;198.715;120.163;33.323;0.010;2.974;0.000;0.030;0.000;12;34.424;128.979;3;0;0;0;0;0;0;0
236;1;1;1;0.000000;-0.087266;1.000000;20398.586262;20398.649419;20398.786199;816078;26696;152808;21;1911;26696;29132;100.000;0.754;0.820;586.795;629.895;6.992;169463;162406;152808;0.188;0.109;0.068;4.535;1.741;0.095;39.042;37.233;136.744;136.780;135.012;28.544;27.578;1.622;1.225;1.323;63.156;199.937;120.924;31.303;2.030;2.915;0.000;0.037;0.000;20;32.766;130.438;2;0;0;0;0;0;0;0
237;1;1;1;0.000000;-0.087266;1.000000;20398.619687;20398.685021;20398.820051;810868;27824;151650;22;1896;27824;30376;100.000;0.885;0.963;582.348;625.110;7.290;168058;161316;151650;0.188;0.109;0.068;3.466;1.064;0.064;40.133;39.001;134.992;135.030;133.947;29.722;29.117;1.480;0.206;1.416;65.335;200.364;121.442;35.603;2.269;2.875;0.000;0.038;0.000;11;35.603;130.441;5;0;0;0;0;0;0;0
238;1;1;1;0.000000;-0.087266;1.000000;20398.653527;20398.716635;20398.853290;801907;27260;149972;21;1875;27260;29696;100.000;0.819;0.889;575.905;618.192;7.127;165871;159108;149972;1.200;0.110;0.069;4.271;1.861;0.573;37.765;35.835;136.598;136.655;134.775;27.635;26.589;1.555;0.213;1.124;63.109;199.763;121.348;31.614;1.719;2.802;0.000;0.057;0.001;20;31.633;130.445;2;0;0;0;0;0;0;0
239;1;1;1;0.000000;-0.087266;1.000000;20398.685556;20398.750107;20398.886077;799196;27824;148264;22;1854;27824;30376;100.000;0.800;0.871;569.346;611.160;7.290;163573;156589;148264;0.222;0.108;0.067;4.554;1.687;0.102;38.902;37.149;135.945;135.969;134.253;28.611;27.671;1.616;1.220;1.322;64.552;200.521;120.801;33.472;0.139;2.636;0.000;0.024;0.001;14;32.661;129.673;3;0;0;0;0;0;0;0
240;1;1;1;0.000000;-0.087266;1.000000;20398.719660;20398.785121;20398.918142;799621;28200;146996;22;1838;28200;30752;100.000;0.885;0.962;564.477;605.930;7.380;162351;155309;146996;0.194;0.110;0.068;2.665;1.957;0.549;38.308;36.283;132.995;133.020;131.039;28.799;27.689;1.546;0.200;0.547;65.461;198.482;119.533;35.014;1.681;2.576;0.000;0.025;0.000;13;33.686;128.348;3;0;0;0;0;0;0;0
241;1;1;1;0.000000;-0.087266;1.000000;20398.753437;20398.817229;20398.951202;808174;139308;146062;106;1826;139308;151604;100.000;4.103;4.462;560.891;602.073;36.385;182380;158734;146062;0.190;0.105;0.065;2.425;0.980;0.058;37.687;36.642;133.911;133.973;132.976;28.130;27.555;1.811;0.190;0.064;63.792;197.765;119.260;32.108;1.226;2.492;0.000;0.062;0.000;48;34.282;130.487;6;0;0;0;0;0;0;0
242;1;1;1;0.000000;-0.087266;1.000000;20398.786424;20398.851287;20398.983138;810609;27824;145468;22;1819;27824;30376;100.000;0.830;0.903;558.610;599.634;7.290;172744;157487;145468;0.194;0.109;0.068;2.431;1.766;0.484;35.328;33.494;131.811;131.851;130.057;26.794;25.753;1.672;0.287;0.101;64.863;196.714;117.862;34.058;0.725;2.381;0.000;0.039;0.000;21;31.131;127.585;2;0;0;0;0;0;0;0
243;1;1;1;0.000000;-0.087266;1.000000;20398.820186;20398.885057;20399.016314;809086;19928;145086;16;1814;19928;21784;100.000;0.646;0.703;557.143;598.054;5.228;170845;157260;145086;0.195;0.110;0.068;2.516;1.176;0.064;37.383;36.139;131.225;131.257;130.065;28.481;27.786;1.604;0.189;0.351;64.871;196.128;117.706;33.770;0.437;2.260;0.000;0.032;0.000;7;33.690;127.515;4;0;0;0;0;0;0;0
244;1;1;1;0.000000;-0.087266;1.000000;20398.852797;20398.916068;20399.048299;804105;21808;145538;17;1820;21808;23780;100.000;0.650;0.706;558.878;599.925;5.707;170334;157319;145538;0.196;0.112;0.071;2.278;1.931;0.467;35.655;33.653;132.220;132.231;130.273;26.964;25.833;1.509;0.282;0.109;63.271;195.502;116.357;31.011;2.323;2.264;0.000;0.011;0.000;8;31.446;127.974;4;0;0;0;0;0;0;0
245;1;1;1;0.000000;-0.087266;1.000000;20398.886449;20398.949812;20399.077406;810243;24252;146056;19;1826;24252;26456;100.000;0.692;0.752;560.868;602.050;6.349;169712;158281;146056;0.181;0.108;0.066;2.427;1.178;0.072;33.314;32.070;127.575;127.594;126.390;26.109;25.374;1.774;0.193;0.106;63.363;190.957;112.130;33.744;0.411;2.148;0.000;0.019;0.000;10;29.708;123.942;4;0;0;0;0;0;0;0
246;1;1;1;0.000000;-0.087266;1.000000;20398.920081;20398.985061;20399.117508;808451;27448;146718;21;1834;27448;29884;100.000;0.910;0.988;563.410;604.772;7.172;169149;158991;146718;0.195;0.109;0.067;2.908;1.748;0.585;43.707;41.893;132.425;132.447;130.677;33.000;32.058;1.420;0.194;0.923;64.980;197.427;118.899;35.249;1.915;2.133;0.000;0.022;0.000;13;39.051;127.745;4;0;0;0;0;0;0;0
247;1;1;1;0.000000;-0.087266;1.000000;20398.953276;20399.015359;20399.149724;818595;29328;147758;23;1847;29328;31996;100.000;1.020;1.109;567.403;609.059;7.679;168749;159411;147758;0.194;0.110;0.069;2.279;1.266;0.075;36.869;35.533;134.311;134.364;133.076;27.439;26.702;1.501;0.284;0.122;62.083;196.447;117.781;30.299;3.035;2.190;0.000;0.053;0.000;22;33.323;130.741;2;0;0;0;0;0;0;0
248;1;1;1;0.000000;-0.087266;1.000000;20398.985931;20399.044267;20399.183728;813416;28952;149576;22;1870;28952;31504;100.000;584.181;633.748;574.384;616.559;7.561;169281;160910;149576;0.201;0.112;0.070;2.904;1.187;0.074;37.544;36.287;139.439;139.462;138.249;26.921;26.247;1.418;0.196;0.907;58.335;197.797;118.453;28.907;4.426;2.330;0.000;0.022;0.000;16;33.452;135.322;2;0;0;0;0;0;0;0
249;1;1;1;0.000000;-0.087266;1.000000;20399.019564;20399.084439;20399.218769;816251;29704;151824;23;1898;29704;32372;100.000;0.958;1.041;583.017;625.823;7.769;170722;162508;151824;0.219;0.106;0.067;4.582;1.880;0.505;39.124;37.178;134.301;134.330;132.422;29.126;28.075;1.646;1.221;1.324;64.875;199.205;120.160;40.173;6.839;2.611;0.000;0.029;0.001;16;32.662;127.807;3;0;0;0;0;0;0;0
250;1;1;1;0.000000;-0.087266;1.000000;20399.054615;20399.115587;20399.253966;820584;28764;153370;22;1918;28764;31316;100.000;0.801;0.870;588.953;632.211;7.516;171424;163699;153370;0.190;0.109;0.069;2.205;1.401;0.080;41.653;40.183;138.360;138.379;136.949;30.101;29.342;1.521;0.206;0.111;60.971;199.351;122.024;31.147;2.186;2.585;0.000;0.019;0.001;15;38.047;134.723;3;0;0;0;0;0;0;0
251;1;1;1;0.000000;-0.087266;1.000000;20399.085843;20399.151657;20399.287121;817535;26508;153478;21;1919;26508;28944;100.000;0.830;0.904;589.368;632.648;6.947;170960;163567;153478;0.221;0.106;0.066;4.655;2.207;0.576;36.748;34.476;135.428;135.463;133.219;27.128;25.879;1.706;1.235;1.322;65.814;201.277;121.845;36.071;2.737;2.594;0.000;0.035;0.000;13;29.886;128.527;3;0;0;0;0;0;0;0
252;1;1;1;0.000000;-0.087266;1.000000;20399.119785;20399.183772;20399.318382;812707;28576;152446;22;1906;28576;31128;100.000;0.846;0.919;585.405;628.392;7.471;168737;161425;152446;0.199;0.112;0.071;3.160;1.707;0.092;38.125;36.347;134.564;134.610;132.871;28.323;27.355;1.456;0.269;1.053;63.987;198.597;119.773;32.115;1.219;2.508;0.000;0.046;0.000;21;33.258;129.664;2;0;0;0;0;0;0;0
253;1;1;1;0.000000;-0.087266;1.000000;20399.152612;20399.217646;20399.352276;811017;29140;150768;23;1885;29140;31808;100.000;0.892;0.971;578.962;621.475;7.634;166124;158969;150768;0.181;0.106;0.066;2.471;1.884;0.574;38.761;36.811;134.583;134.629;132.717;28.791;27.736;1.830;0.202;0.086;65.034;199.664;120.333;33.874;0.541;2.385;0.000;0.046;0.000;14;34.406;130.198;3;0;0;0;0;0;0;0
254;1;1;1;0.000000;-0.087266;1.000000;20399.186487;20399.250509;20399.382628;812416;27824;148606;22;1858;27824;30376;100.000;0.798;0.869;570.660;612.564;7.290;163264;156914;148606;0.189;0.112;0.071;2.344;1.142;0.064;34.696;33.483;132.078;132.119;130.952;26.261;25.569;1.627;0.236;0.110;64.021;196.141;117.353;32.863;0.471;2.266;0.000;0.041;0.000;15;31.210;128.554;3;0;0;0;0;0;0;0
255;1;1;1;0.000000;-0.087266;1.000000;20399.219910;20399.285616;20399.419327;815874;28012;147150;22;1840;28012;30564;100.000;0.893;0.971;565.068;606.566;7.335;161351;154880;147150;0.225;0.109;0.068;2.458;1.481;0.457;40.178;38.629;133.689;133.712;132.202;30.048;29.220;1.698;0.260;0.098;65.706;199.417;120.718;35.107;1.773;2.235;0.000;0.023;0.000;16;36.239;129.720;4;0;0;0;0;0;0;0
256;1;1;1;0.000000;-0.087266;1.000000;20399.253776;20399.317238;20399.448601;811813;137616;146080;105;1826;137616;149796;100.000;4.226;4.597;560.960;602.142;35.951;184042;159743;146080;0.244;0.113;0.072;2.290;1.460;0.088;33.206;31.675;131.332;131.363;129.870;25.278;24.390;1.464;0.295;0.104;63.462;194.825;116.659;31.623;1.711;2.202;0.000;0.031;0.000;50;29.456;127.548;6;0;0;0;0;0;0;0
257;1;1;1;0.000000;-0.087266;1.000000;20399.285834;20399.349870;20399.476679;809323;28388;145366;22;1818;28388;30940;100.000;0.833;0.905;558.218;599.220;7.426;173071;158464;145366;0.179;0.106;0.066;2.334;1.547;0.454;31.837;30.224;126.780;126.809;125.241;25.106;24.133;1.675;0.193;0.115;64.036;190.845;111.404;32.632;0.702;2.108;0.000;0.030;0.000;12;27.956;122.876;3;0;0;0;0;0;0;0
258;1;1;1;0.000000;-0.087266;1.000000;20399.320255;20399.384138;20399.518772;806066;20304;145058;16;1814;20304;22160;100.000;0.663;0.721;557.035;597.947;5.318;169659;156633;145058;0.196;0.110;0.065;4.542;1.566;0.090;45.957;44.326;134.603;134.634;133.035;34.135;33.319;1.644;1.218;1.309;63.883;198.517;120.163;34.269;0.935;2.035;0.000;0.031;0.000;10;39.849;128.460;3;0;0;0;0;0;0;0
259;1;1;1;0.000000;-0.087266;1.000000;20399.353328;20399.414930;20399.550264;803994;21620;144584;17;1808;21620;23592;100.000;0.741;0.806;555.215;595.991;5.662;167626;156195;144584;0.194;0.113;0.069;2.734;1.124;0.069;37.607;36.415;135.319;135.334;134.188;27.789;27.137;1.510;0.190;0.659;61.602;196.936;118.322;30.792;2.541;2.067;0.000;0.015;0.000;11;33.749;131.438;4;0;0;0;0;0;0;0
260;1;1;1;0.000000;-0.087266;1.000000;20399.386192;20399.444264;20399.584975;804675;24440;144650;19;1809;24440;26644;100.000;0.626;0.680;555.468;596.267;6.395;166379;156018;144650;0.192;0.109;0.068;2.649;1.834;0.596;38.565;36.663;140.669;140.711;138.853;27.407;26.404;1.544;0.190;0.548;58.072;198.783;119.699;29.333;4.000;2.188;0.000;0.042;0.000;19;34.081;136.160;2;0;0;0;0;0;0;0
261;1;1;1;0.000000;-0.087266;1.000000;20399.420346;20399.483489;20399.615466;803023;26132;143952;20;1800;26132;28452;100.000;0.766;0.832;552.788;593.384;6.828;164804;155391;143952;0.187;0.109;0.069;2.421;1.499;0.085;34.970;33.403;131.952;131.977;130.453;26.497;25.605;1.660;0.280;0.116;63.143;195.120;116.857;39.225;5.892;2.419;0.000;0.025;0.000;15;31.051;128.005;4;0;0;0;0;0;0;0
262;1;1;1;0.000000;-0.087266;1.000000;20399.453711;20399.517813;20399.652114;804900;27448;144058;21;1801;27448;29884;100.000;0.868;0.942;553.195;593.813;7.172;165160;156568;144058;0.173;0.106;0.066;2.770;1.658;0.510;40.571;38.848;134.255;134.301;132.626;30.209;29.292;1.368;0.188;0.869;64.101;198.403;120.172;34.324;0.990;2.330;0.000;0.047;0.000;20;36.143;129.807;2;0;0;0;0;0;0;0
263;1;1;1;0.000000;-0.087266;1.000000;20399.486547;20399.549686;20399.682662;801032;28952;144662;22;1809;28952;31504;100.000;590.505;640.609;555.515;596.313;7.561;164836;156754;144662;0.188;0.111;0.069;2.418;1.368;0.086;34.962;33.525;132.951;132.976;131.580;26.292;25.479;1.633;0.297;0.121;63.139;196.115;117.387;31.874;1.460;2.275;0.000;0.024;0.000;17;31.175;129.135;2;0;0;0;0;0;0;0
264;1;1;1;0.000000;-0.087266;1.000000;20399.519744;20399.582970;20399.719896;793638;29704;145976;23;1825;29704;32372;100.000;0.859;0.934;560.560;601.720;7.769;164421;156665;145976;0.182;0.108;0.067;2.101;2.002;0.544;41.018;38.950;136.886;136.927;134.898;29.957;28.873;1.452;0.201;0.091;63.226;200.152;121.287;33.283;0.050;2.136;0.000;0.040;0.000;17;36.915;132.756;4;0;0;0;0;0;0;0
265;1;1;1;0.000000;-0.087266;1.000000;20399.553003;20399.617716;20399.748356;801156;29328;148478;23;1856;29328;31996;100.000;0.918;0.999;570.168;612.027;7.679;165619;158323;148478;0.194;0.115;0.070;2.209;1.568;0.090;32.551;30.912;130.619;130.639;129.042;24.916;23.955;1.417;0.298;0.117;64.714;195.353;116.413;34.747;1.414;2.091;0.000;0.020;0.000;16;28.773;126.805;3;0;0;0;0;0;0;0
266;1;1;1;0.000000;-0.087266;1.000000;20399.586545;20399.649804;20399.776417;804749;28764;149922;22;1875;28764;31316;100.000;0.825;0.896;575.713;618.000;7.516;166668;159557;149922;0.183;0.108;0.067;2.307;1.569;0.415;31.838;30.202;126.592;126.614;125.018;25.146;24.158;1.642;0.199;0.108;63.258;189.872;111.142;32.087;1.246;2.038;0.000;0.022;0.000;15;27.962;122.687;4;0;0;0;0;0;0;0
267;1;1;1;0.000000;-0.087266;1.000000;20399.619255;20399.684840;20399.819261;805449;28200;150436;22;1881;28200;30752;100.000;0.926;1.006;577.687;620.110;7.380;166679;159516;150436;0.193;0.108;0.065;4.542;1.751;0.095;46.712;44.896;134.367;134.421;132.639;34.751;33.848;1.650;1.218;1.308;65.585;200.006;120.652;35.036;1.703;2.017;0.000;0.054;0.000;21;40.419;128.041;2;0;0;0;0;0;0;0
268;1;1;1;0.000000;-0.087266;1.000000;20399.653432;20399.715459;20399.850668;805329;26884;149636;21;1871;26884;29320;100.000;0.914;0.993;574.615;616.812;7.037;165449;158555;149636;0.200;0.112;0.069;2.596;1.262;0.073;37.702;36.371;135.148;135.209;133.921;27.884;27.158;1.601;0.195;0.420;62.027;197.236;118.726;30.619;2.714;2.061;0.000;0.061;0.000;20;33.843;131.262;2;0;0;0;0;0;0;0
269;1;1;1;0.000000;-0.087266;1.000000;20399.685803;20399.745029;20399.886082;805419;27072;148420;21;1856;27072;29508;100.000;0.703;0.764;569.945;611.804;7.082;163811;157405;148420;0.181;0.104;0.066;2.556;1.608;0.518;39.277;37.604;141.005;141.053;139.427;27.846;26.970;1.927;0.200;0.077;59.226;200.279;120.806;29.570;3.764;2.167;0.000;0.048;0.000;20;35.113;136.822;2;0;0;0;0;0;0;0
270;1;1;1;0.000000;-0.087266;1.000000;20399.720896;20399.783740;20399.919671;804474;28200;146600;22;1833;28200;30752;100.000;0.826;0.898;562.956;604.296;7.380;161510;155163;146600;1.159;0.110;0.069;4.192;1.485;0.085;37.749;36.196;135.906;135.931;134.430;27.771;26.926;1.560;0.200;1.095;62.844;198.775;121.062;38.711;5.377;2.368;0.000;0.025;0.001;14;32.072;130.209;4;0;0;0;0;0;0;0
271;1;1;1;0.000000;-0.087266;1.000000;20399.754014;20399.818148;20399.953196;796101;135172;145088;103;1814;135172;147120;100.000;4.278;4.653;557.150;598.062;35.309;181623;158138;145088;0.188;0.109;0.066;2.943;1.421;0.469;39.195;37.709;135.025;135.047;133.608;29.023;28.224;1.423;0.190;0.968;64.134;199.181;121.254;34.409;1.076;2.287;0.000;0.022;0.000;76;34.831;130.641;7;0;0;0;0;0;0;0
272;1;1;1;0.000000;-0.087266;1.000000;20399.786537;20399.849880;20399.982442;805073;28200;144742;22;1810;28200;30752;100.000;0.832;0.905;555.822;596.643;7.380;170748;156069;144742;0.192;0.111;0.068;2.200;1.626;0.103;33.589;31.896;132.537;132.562;130.900;25.338;24.366;1.439;0.279;0.112;63.343;195.905;117.166;31.732;1.602;2.244;0.000;0.025;0.000;12;29.763;128.673;4;0;0;0;0;0;0;0
273;1;1;1;0.000000;-0.087266;1.000000;20399.819737;20399.883930;20400.017821;797204;23688;144320;18;1804;23688;25776;100.000;0.698;0.757;554.201;594.887;6.186;168031;154647;144320;0.193;0.111;0.067;2.825;2.031;0.618;39.221;37.123;133.870;133.891;131.842;29.293;28.157;1.651;0.190;0.614;64.193;198.084;119.213;34.050;0.717;2.149;0.000;0.021;0.000;8;34.364;128.994;4;0;0;0;0;0;0;0
274;1;1;1;0.000000;-0.087266;1.000000;20399.853320;20399.918047;20400.049257;805139;22936;144042;18;1801;22936;25024;100.000;0.726;0.789;553.134;593.752;6.006;166278;154233;144042;0.242;0.115;0.071;2.263;1.571;0.096;36.274;34.633;131.177;131.209;129.606;27.646;26.722;1.447;0.279;0.109;64.728;195.937;117.314;34.117;0.784;2.064;0.000;0.032;0.000;17;32.440;127.309;2;0;0;0;0;0;0;0
275;1;1;1;0.000000;-0.087266;1.000000;20399.886942;20399.949801;20400.077817;808073;25944;144130;20;1802;25944;28264;100.000;0.742;0.806;553.472;594.112;6.783;164563;153180;144130;0.181;0.105;0.065;1.996;1.497;0.444;32.394;30.833;127.992;128.016;126.497;25.305;24.374;1.380;0.189;0.075;62.859;190.874;112.541;31.754;1.579;2.033;0.000;0.024;0.000;14;28.901;124.468;3;0;0;0;0;0;0;0
276;1;1;1;0.000000;-0.087266;1.000000;20399.919773;20399.984936;20400.114750;813584;26132;144164;20;1803;26132;28452;100.000;0.846;0.918;553.602;594.265;6.828;164571;154318;144164;0.238;0.109;0.068;2.332;1.459;0.085;40.417;38.891;129.769;129.815;128.328;31.134;30.306;1.422;0.291;0.205;65.163;194.978;116.142;35.135;1.801;2.019;0.000;0.046;0.000;19;36.627;125.949;2;0;0;0;0;0;0;0
277;1;1;1;0.000000;-0.087266;1.000000;20399.953585;20400.016060;20400.151595;812306;28952;144334;22;1805;28952;31504;100.000;586.123;635.855;554.255;594.963;7.561;163678;153980;144334;1.200;0.109;0.066;4.335;1.277;0.077;40.635;39.293;135.500;135.534;134.234;29.982;29.272;1.680;0.193;1.087;62.475;198.009;119.653;31.125;2.209;2.031;0.000;0.034;0.000;15;35.024;129.862;2;0;0;0;0;0;0;0
278;1;1;1;0.000000;-0.087266;1.000000;20399.985886;20400.045746;20400.186514;817500;29140;144850;23;1811;29140;31808;100.000;0.789;0.859;556.236;597.080;7.634;163269;154667;144850;0.197;0.109;0.067;2.528;1.505;0.482;40.530;38.959;140.736;140.768;139.242;28.792;27.979;1.847;0.201;0.108;59.860;200.628;121.238;29.686;3.647;2.132;0.000;0.031;0.000;14;36.497;136.681;3;0;0;0;0;0;0;0
279;1;1;1;0.000000;-0.087266;1.000000;20400.020331;20400.082833;20400.217643;824803;30456;147006;24;1838;30456;33240;100.000;0.887;0.966;564.516;605.968;7.978;164265;155679;147006;0.188;0.111;0.067;2.841;1.305;0.073;35.156;33.785;134.765;134.810;133.481;26.078;25.310;1.445;0.193;0.838;62.502;197.313;119.035;37.087;3.753;2.233;0.000;0.045;0.000;22;31.010;130.594;2;0;0;0;0;0;0;0
280;1;1;1;0.000000;-0.087266;1.000000;20400.052571;20400.117322;20400.251517;813944;29892;149388;23;1868;29892;32560;100.000;0.914;0.993;573.662;615.792;7.814;166141;158254;149388;0.187;0.110;0.071;2.189;2.168;0.583;38.009;35.771;134.153;134.195;131.996;28.324;27.100;1.469;0.193;0.160;64.752;198.946;119.575;34.489;1.156;2.166;0.000;0.042;0.000;22;33.652;129.763;2;0;0;0;0;0;0;0
281;1;1;1;0.000000;-0.087266;1.000000;20400.087163;20400.150180;20400.284142;815307;30080;150146;23;1877;30080;32748;100.000;0.871;0.946;576.573;618.906;7.860;166016;158480;150146;0.236;0.111;0.070;2.410;1.253;0.075;36.986;35.663;133.945;133.961;132.684;27.609;26.878;1.675;0.201;0.117;63.017;196.979;118.866;32.858;0.475;2.060;0.000;0.016;0.000;17;33.322;130.256;3;0;0;0;0;0;0;0
282;1;1;1;0.000000;-0.087266;1.000000;20400.119590;20400.184871;20400.320439;816329;27448;149960;21;1875;27448;29884;100.000;0.881;0.956;575.859;618.146;7.172;165440;158206;149960;0.188;0.110;0.073;5.058;2.488;0.655;39.952;37.391;135.549;135.568;133.050;29.470;28.103;2.132;1.228;1.327;65.281;200.849;121.830;34.691;1.357;2.016;0.000;0.019;0.000;9;32.406;127.972;5;0;0;0;0;0;0;0
283;1;1;1;0.000000;-0.087266;1.000000;20400.153378;20400.216160;20400.351615;813249;27824;148574;22;1858;27824;30376;100.000;0.774;0.843;570.537;612.441;7.290;163646;156455;148574;0.196;0.112;0.070;2.916;1.463;0.089;38.722;37.189;135.403;135.455;133.967;28.586;27.760;1.420;0.195;0.923;62.782;198.237;119.673;31.289;2.044;2.018;0.000;0.052;0.000;18;34.342;130.997;4;0;0;0;0;0;0;0
284;1;1;1;0.000000;-0.087266;1.000000;20400.186629;20400.252291;20400.383814;809333;28012;146866;22;1836;28012;30564;100.000;0.879;0.956;563.978;605.386;7.335;161321;154158;146866;0.230;0.111;0.069;2.292;1.657;0.475;36.569;34.843;131.494;131.522;129.833;27.804;26.836;1.483;0.298;0.102;65.662;197.184;118.538;36.131;2.798;2.067;0.000;0.029;0.000;16;32.619;127.511;3;0;0;0;0;0;0;0
285;1;1;1;0.000000;-0.087266;1.000000;20400.220026;20400.284317;20400.417574;815482;28952;145550;22;1820;28952;31504;100.000;0.849;0.921;558.924;599.971;7.561;159554;152609;145550;0.187;0.108;0.066;2.008;1.384;0.083;37.717;36.268;133.219;133.257;131.858;28.304;27.505;1.392;0.189;0.067;64.291;197.548;118.966;32.026;1.307;2.019;0.000;0.038;0.000;17;34.325;129.804;5;0;0;0;0;0;0;0
286;1;1;1;0.000000;-0.087266;1.000000;20400.252848;20400.318665;20400.448743;814633;136300;144160;104;1802;136300;148364;100.000;4.291;4.667;553.587;594.228;35.607;181574;157734;144160;0.233;0.114;0.071;2.283;1.539;0.090;34.539;32.929;130.023;130.079;128.505;26.552;25.625;1.453;0.304;0.108;65.817;195.895;116.801;34.347;1.014;1.956;0.000;0.055;0.000;34;30.717;126.166;7;0;0;0;0;0;0;0
287;1;1;1;0.000000;-0.087266;1.000000;20400.286656;20400.350574;20400.486895;814941;28952;142853;22;1786;28952;31504;100.000;489.762;531.317;548.568;588.848;7.561;172001;156117;142853;0.181;0.108;0.065;2.028;1.957;0.587;41.982;39.961;136.285;136.321;134.341;30.797;29.746;1.399;0.188;0.087;63.918;200.239;121.619;31.909;1.424;1.923;0.000;0.036;0.000;12;37.998;132.276;3;0;0;0;0;0;0;0
288;1;1;1;0.000000;-0.087266;1.000000;20400.319953;20400.385104;20400.518614;818847;23124;142468;18;1781;23124;25212;100.000;0.886;0.962;547.090;587.256;6.051;168391;154582;142468;0.192;0.109;0.067;2.400;1.307;0.082;35.701;34.327;133.472;133.510;132.180;26.740;25.970;1.694;0.194;0.144;65.152;198.661;120.005;34.530;1.197;1.878;0.000;0.038;0.000;13;31.994;129.741;3;0;0;0;0;0;0;0
289;1;1;1;0.000000;-0.087266;1.000000;20400.353474;20400.412856;20400.551689;824052;21244;142484;17;1782;21244;23216;100.000;0.498;0.542;547.151;587.340;5.572;165899;153462;142484;0.188;0.110;0.068;2.676;2.273;0.668;36.767;34.426;138.806;138.833;136.525;26.483;25.216;1.915;0.297;0.098;59.381;198.214;119.746;27.751;5.582;2.109;0.000;0.027;0.000;10;31.818;133.821;3;0;0;0;0;0;0;0
290;1;1;1;0.000000;-0.087266;1.000000;20400.394056;20400.455790;20400.583940;835458;25568;143172;20;1790;25568;27888;100.000;0.844;0.918;549.793;590.163;6.693;165177;153648;143172;0.193;0.105;0.065;2.421;1.182;0.075;37.208;35.961;128.090;128.150;126.944;29.034;28.328;1.786;0.188;0.084;61.733;189.883;118.664;42.934;9.601;2.577;0.000;0.060;0.000;19;33.605;124.462;2;0;0;0;0;0;0;0
291;1;1;1;0.000000;0.000000;1.000000;20400.420011;20400.486284;20400.619007;819605;26508;143314;21;1792;26508;28944;100.000;0.863;0.939;550.338;590.753;6.947;163918;154202;143314;1.180;0.108;0.067;4.327;1.570;0.457;38.674;37.037;132.686;132.723;131.137;29.139;28.243;1.709;0.194;1.069;66.273;198.996;120.398;30.494;2.839;2.594;27.674;0.037;0.000;12;32.777;126.771;3;0;0;0;0;0;0;0
292;1;1;1;0.000000;0.000000;1.000000;20400.452670;20400.517170;20400.652450;827799;26508;143732;21;1797;26508;28944;100.000;0.742;0.808;551.943;592.471;6.947;163080;153888;143732;1.026;0.109;0.068;4.168;1.242;0.074;39.325;38.016;135.248;135.279;134.010;29.070;28.368;1.605;0.214;1.147;64.500;199.779;120.508;30.887;2.447;2.585;0.000;0.031;0.000;11;33.916;129.810;4;0;0;0;0;0;0;0
293;1;1;1;0.000000;0.000000;1.000000;20400.486884;20400.553069;20400.686781;830771;28576;144010;22;1801;28576;31128;100.000;0.899;0.976;553.011;593.629;7.471;162436;153952;144010;0.221;0.105;0.065;4.673;2.085;0.566;39.727;37.577;133.658;133.712;131.590;29.711;28.556;1.744;1.217;1.321;66.186;199.898;121.506;35.899;2.566;2.583;0.000;0.053;0.001;21;32.969;126.861;2;0;0;0;0;0;0;0
294;1;1;1;0.000000;0.000000;1.000000;20400.520215;20400.585024;20400.718596;835004;29704;145768;23;1823;29704;32372;100.000;0.925;1.005;559.762;600.876;7.769;163267;155626;145768;0.234;0.112;0.069;3.120;1.693;0.098;38.577;36.816;133.537;133.572;131.850;28.881;27.922;1.890;0.256;0.560;64.809;198.381;119.987;31.955;1.378;2.508;0.000;0.035;0.000;12;33.765;128.694;3;0;0;0;0;0;0;0
295;1;1;1;0.000000;0.000000;1.000000;20400.552693;20400.617324;20400.750251;814967;29328;148094;23;1852;29328;31996;100.000;0.874;0.951;568.693;610.462;7.679;164569;157281;148094;0.198;0.109;0.068;2.191;1.151;0.069;36.462;35.244;132.885;132.928;131.753;27.430;26.750;1.462;0.243;0.113;64.631;197.559;118.309;32.299;1.034;2.416;0.000;0.043;0.000;22;33.120;129.509;2;0;0;0;0;0;0;0
296;1;1;1;0.000000;0.000000;1.000000;20400.586497;20400.651066;20400.817795;818656;28952;149404;22;1868;28952;31504;100.000;456.291;495.007;573.724;615.853;7.561;165359;158246;149404;0.185;0.110;0.068;1.992;1.418;0.397;70.891;69.405;166.692;166.730;165.294;42.518;41.989;1.370;0.194;0.065;64.568;231.298;152.520;33.742;0.409;2.291;0.000;0.037;0.000;10;67.481;163.264;3;0;0;0;0;0;0;0
297;1;1;1;0.000000;0.000000;1.000000;20400.619857;20400.685345;20400.836077;819807;28012;149370;22;1868;28012;30564;100.000;0.876;0.953;573.593;615.723;7.335;164917;157854;149370;0.183;0.108;0.068;2.212;1.198;0.072;21.685;20.420;150.690;150.733;149.514;14.387;13.658;1.576;0.210;0.069;65.487;216.220;137.469;34.279;0.946;2.206;0.000;0.043;0.000;13;18.276;147.257;3;0;0;0;0;0;0;0
298;1;1;1;0.000000;0.000000;1.000000;20400.653089;20400.718106;20400.855374;814766;27636;148012;21;1851;27636;30072;100.000;499.367;541.660;568.379;610.125;7.217;163120;156309;148012;0.186;0.109;0.067;2.120;1.755;0.474;22.700;20.879;137.208;137.268;135.489;16.537;15.410;1.486;0.193;0.080;65.016;202.285;123.432;32.761;0.573;2.104;0.000;0.061;0.000;21;18.826;133.307;1;0;0;0;0;0;0;0
299;1;1;1;0.000000;0.000000;1.000000;20400.686199;20400.793525;20400.875261;809259;28576;146174;22;1828;28576;31128;100.000;731.828;794.738;561.321;602.548;7.471;160509;153774;146174;0.178;0.105;0.066;1.985;1.073;0.066;23.759;22.621;81.682;81.736;80.639;29.068;28.052;1.370;0.191;0.075;107.326;189.062;109.985;75.419;42.086;4.603;0.000;0.054;0.000;22;20.702;78.598;1;0;0;0;0;0;0;0
300;1;1;1;0.000000;0.000000;1.000000;20400.720670;20400.793566;20400.908919;812212;29140;144110;23;1802;29140;31808;100.000;7.590;8.260;553.395;594.036;7.634;158298;151433;144110;0.216;0.108;0.065;2.434;1.599;0.508;36.717;35.054;115.138;115.353;113.734;31.831;30.821;1.782;0.189;0.075;72.896;188.248;110.310;0.041;33.292;6.396;0.000;0.215;0.000;28;32.684;111.083;2;0;0;0;0;0;0;0
