frame_id;rx_complete;tx_complete;current_skip;event;yaw;pitch;zoom;camera_send_timestamp;recv_start_timestamp;codec_exit_time;node_exit_timestamp;original_points;rx_points;processed_points;rx_packets;tx_packets;payload_bytes;reference_size_bytes;data_integrity_pct;internal_throughput_mbs;reference_throughput_mbs;logical_bitrate_mbps;network_bitrate_mbps;reference_bitrate_mbps;conversion_ms;geometry_aggregation_ms;max_r_ms;projection_ms;codec_write_ms;active_tx_ms;active_process_ms;reference_process_ms;total_processing_ms;total_residency_ms;reference_residency_ms;node_efficiency_pct;reference_efficiency_pct;gpu_transfer_ms;gpu_kernel_ms;gpu_packing_ms;gpu_copyback_ms;host_overhead_ms;camera_node_ms;e2e_latency_ms;schedule_delay_ms;inter_arrival_ms;instant_jitter_ms;desynced_jitter_ms;reference_jitter_ms;raw_queue_ms;render_queue_ms;workload_ewma_ms;workload_ratio;frame_backlog;codec_backlog;encode_service_ms;encode_h265_ms;mse_y;psnr_y;ssim_y;mpeg_bytes_generated;ffmpeg_write_calls;ffmpeg_write_eagain;tx_zero_accepts;tx_partial_accepts;tx_resubmit_calls;tx_resubmitted_packets;mbuf_starvation
1;1;1;1;WARMUP;0.000;0.000;1.000;20953.664910;20953.667209;20953.701001;20953.757117;784142;784142;784142;9802;142;12546272;12546312;100.000;947.145;947.145;34.087;38.496;3011.115;10.831;0.000;0.000;13.806;6.638;0.004;31.275;31.275;76.661;89.908;33.792;34.786;92.551;1.620;0.906;0.502;1.393;9.386;2.298;92.206;89.908;0.000;0.000;0.000;0.000;0.016;0.085;13.830;0.415;0;1;30.762;30.763;nan;nan;nan;141940;1;0;0;0;0;0;0
2;1;1;1;WARMUP;0.000;0.000;1.000;20953.698462;20953.701549;20953.731643;20953.786396;783406;783406;783406;9793;29;12534496;12534536;100.000;845.396;845.396;6.924;7.808;3008.289;2.834;0.000;0.000;4.292;10.216;0.001;17.341;17.341;70.019;84.847;30.094;20.438;57.624;1.451;0.903;0.516;1.394;0.027;3.087;87.933;85.853;34.340;1.007;0.063;1.007;0.013;0.745;11.448;0.343;0;2;35.687;35.688;nan;nan;nan;28764;1;0;0;0;0;0;0
3;1;1;1;WARMUP;0.000;0.000;1.000;20953.731926;20953.737055;20953.765533;20953.822949;780200;780200;780200;9753;24;12483200;12483240;100.000;794.381;794.381;5.571;6.299;2995.978;4.118;0.000;0.000;4.327;8.021;0.001;16.466;16.466;70.179;85.893;28.477;19.170;57.822;1.490;0.900;0.519;1.390;0.028;5.129;91.023;89.073;35.506;2.173;0.195;2.173;0.002;0.412;9.671;0.290;0;2;28.882;28.883;nan;nan;nan;23124;1;0;0;0;0;0;0
4;1;1;1;WARMUP;0.000;0.000;1.000;20953.768070;20953.772382;20953.799703;20953.851776;778467;778467;778467;9731;23;12455472;12455512;100.000;879.300;879.300;5.481;6.177;2989.323;3.410;0.000;0.000;5.475;7.110;0.002;15.994;15.994;65.229;79.394;27.321;20.145;58.541;2.583;0.887;0.505;1.467;0.033;4.312;83.706;84.567;35.326;1.993;0.307;1.993;0.002;0.569;8.624;0.259;0;1;30.352;30.354;nan;nan;nan;22748;1;0;0;0;0;0;0
5;1;1;1;WARMUP;0.000;0.000;1.000;20953.799404;20953.803601;20953.829731;20953.892619;776427;776427;776427;9706;23;12422832;12422872;100.000;859.288;859.288;5.345;6.042;2981.489;2.894;0.000;0.000;4.865;6.061;0.002;13.819;13.819;74.561;89.018;26.129;15.524;52.888;2.001;0.881;0.510;1.443;0.030;4.197;93.216;92.077;31.220;2.114;0.420;2.114;0.002;0.743;4.880;0.146;0;2;28.102;28.104;nan;nan;nan;22184;1;0;0;0;0;0;0
6;1;1;1;IDLE;0.000;0.000;1.000;20953.833577;20953.837804;20953.865708;20953.927159;774893;774893;774893;9687;25;12398288;12398328;100.000;812.921;812.921;5.887;6.646;2975.599;3.630;0.000;0.000;5.306;6.959;0.001;15.895;15.895;74.104;89.355;27.904;17.789;56.963;2.457;0.900;0.523;1.398;0.028;4.227;93.582;93.284;34.203;0.869;0.448;0.869;0.002;0.384;4.989;0.150;0;1;33.865;33.867;nan;nan;nan;24440;1;0;0;0;0;0;0
7;1;1;1;IDLE;0.000;0.000;1.000;20953.866021;20953.871220;20953.899266;20953.961025;775949;775949;775949;9700;26;12415184;12415224;100.000;845.742;845.742;6.022;6.812;2979.654;3.314;0.000;0.000;6.690;6.433;0.002;16.437;16.437;75.126;89.806;28.046;18.302;58.605;3.402;1.076;0.498;1.679;0.035;5.199;95.005;93.816;33.416;0.082;0.425;0.082;0.003;0.241;5.418;0.163;0;2;34.323;34.324;nan;nan;nan;25004;1;0;0;0;0;0;0
8;1;1;1;IDLE;0.000;0.000;1.000;20953.898543;20953.903640;20953.934928;20953.993566;775463;775463;775463;9694;27;12407408;12407448;100.000;711.919;711.919;6.338;7.159;2977.788;4.202;0.000;0.000;6.069;7.018;0.001;17.289;17.289;72.498;89.926;31.288;19.225;55.257;3.243;0.897;0.503;1.394;0.033;5.097;95.023;93.024;32.420;0.913;0.456;0.913;0.003;0.769;5.584;0.168;0;2;33.113;33.113;nan;nan;nan;26320;1;0;0;0;0;0;0
9;1;1;1;IDLE;0.000;0.000;1.000;20953.931866;20953.935684;20953.968830;20954.026583;775698;775698;775698;9697;26;12411168;12411208;100.000;658.981;658.981;6.248;7.038;2978.690;4.019;0.000;0.000;6.488;6.834;0.002;17.342;17.342;72.065;90.899;33.146;19.078;52.319;3.392;1.197;0.471;1.396;0.032;3.818;94.717;92.708;32.044;1.289;0.508;1.289;0.002;0.987;5.813;0.174;0;2;31.568;31.569;nan;nan;nan;25944;1;0;0;0;0;0;0
10;1;1;1;IDLE;0.000;0.000;1.000;20953.965279;20953.968401;20954.000627;20954.061983;778020;778020;778020;9726;26;12448320;12448360;100.000;622.258;622.258;6.112;6.902;2987.606;4.050;0.000;0.000;5.139;6.559;0.001;15.747;15.747;73.576;93.582;32.225;16.827;48.866;2.277;0.844;0.506;1.481;0.030;3.122;96.704;94.774;32.717;0.617;0.515;0.617;0.003;0.519;5.647;0.169;0;2;32.511;32.513;nan;nan;nan;25380;1;0;0;0;0;0;0
11;1;1;1;IDLE;0.000;0.000;1.000;20953.998599;20954.002709;20954.034270;20954.093362;778554;778554;778554;9732;25;12456864;12456904;100.000;658.501;658.501;5.796;6.555;2989.657;4.009;0.000;0.000;4.924;7.125;0.002;16.058;16.058;71.736;90.653;31.561;17.713;50.879;2.172;0.816;0.477;1.428;0.030;4.110;94.763;92.820;34.308;0.975;0.543;0.975;0.008;0.586;5.470;0.164;0;2;34.835;34.836;nan;nan;nan;24064;1;0;0;0;0;0;0
12;1;1;1;IDLE;0.000;0.000;1.000;20954.032809;20954.038119;20954.069178;20954.128523;779986;779986;779986;9750;26;12479776;12479816;100.000;696.891;696.891;6.203;6.993;2995.156;4.325;0.000;0.000;5.934;6.953;0.001;17.212;17.212;72.496;90.404;31.059;19.039;55.416;3.213;0.821;0.475;1.392;0.033;5.310;95.713;94.647;35.410;2.077;0.639;2.077;0.002;0.261;5.589;0.168;0;2;31.134;31.135;nan;nan;nan;25756;1;0;0;0;0;0;0
13;1;1;1;IDLE;0.000;0.000;1.000;20954.065217;20954.068289;20954.101031;20954.160509;780926;780926;780926;9762;26;12494816;12494856;100.000;635.846;635.846;6.248;7.038;2998.765;3.918;0.000;0.000;5.403;6.726;0.002;16.046;16.046;72.569;92.220;32.742;17.400;49.008;2.398;0.867;0.516;1.592;0.030;3.073;95.293;93.300;30.170;3.163;0.797;3.163;0.002;0.960;5.545;0.166;0;2;34.213;34.215;nan;nan;nan;25944;1;0;0;0;0;0;0
14;1;1;1;IDLE;0.000;0.000;1.000;20954.098746;20954.103673;20954.137400;20954.194619;782770;782770;782770;9785;27;12524320;12524360;100.000;664.655;664.655;6.428;7.249;3005.846;4.077;0.000;0.000;5.982;8.017;0.003;18.076;18.076;72.102;90.946;33.727;19.875;53.594;3.347;0.768;0.438;1.396;0.033;4.927;95.873;94.077;35.384;2.051;0.875;2.051;0.003;0.881;5.657;0.170;0;2;31.122;31.123;nan;nan;nan;26696;1;0;0;0;0;0;0
15;1;1;1;IDLE;0.000;0.000;1.000;20954.132100;20954.135198;20954.168454;20954.229642;784474;784474;784474;9806;28;12551584;12551624;100.000;624.144;624.144;6.564;7.416;3012.390;4.259;0.000;0.000;5.172;6.997;0.002;16.429;16.429;74.333;94.444;33.256;17.395;49.402;2.287;0.907;0.483;1.464;0.030;3.098;97.542;95.766;31.525;1.809;0.934;1.809;0.002;0.973;5.541;0.166;0;2;33.158;33.158;nan;nan;nan;27260;1;0;0;0;0;0;0
16;1;1;1;IDLE;0.000;0.000;1.000;20954.165324;20954.169552;20954.203022;20954.261732;785193;785193;785193;9815;132;12563088;12563128;100.000;632.002;632.002;31.605;35.702;3015.151;4.037;0.000;0.000;5.163;7.485;0.009;16.685;16.685;72.302;92.181;33.470;18.100;49.849;2.062;1.218;0.447;1.406;0.030;4.228;96.408;94.523;34.354;1.020;0.939;1.020;0.002;0.941;5.450;0.163;0;2;34.100;34.103;nan;nan;nan;131600;1;0;0;0;0;0;0
17;1;1;1;IDLE;0.000;0.000;1.000;20954.199507;20954.203467;20954.239637;20954.294412;782720;782720;782720;9784;29;12523520;12523560;100.000;619.542;619.542;6.924;7.808;3005.654;4.116;0.000;0.000;5.927;9.018;0.002;19.061;19.061;70.730;90.944;36.170;20.959;52.700;3.265;0.769;0.445;1.402;0.047;3.960;94.904;93.869;33.915;0.582;0.917;0.582;0.003;1.006;5.574;0.167;0;2;31.108;31.109;nan;nan;nan;28764;1;0;0;0;0;0;0
18;1;1;1;IDLE;0.000;0.000;1.000;20954.231399;20954.234462;20954.269715;20954.328930;781613;781613;781613;9771;24;12505808;12505848;100.000;624.368;624.368;5.571;6.299;3001.404;3.905;0.000;0.000;4.713;10.194;0.001;18.812;18.812;74.438;94.468;35.252;19.914;53.364;2.050;0.772;0.460;1.402;0.029;3.063;97.531;95.054;30.995;2.338;1.006;2.338;0.002;0.312;5.362;0.161;0;2;34.888;34.889;nan;nan;nan;23124;1;0;0;0;0;0;0
19;1;1;1;IDLE;0.000;0.000;1.000;20954.265424;20954.269055;20954.301635;20954.361469;780006;780006;780006;9751;23;12480096;12480136;100.000;612.765;612.765;5.390;6.087;2995.233;4.006;0.000;0.000;4.968;6.866;0.003;15.840;15.840;72.047;92.414;32.580;17.141;48.619;2.246;0.749;0.458;1.485;0.031;3.631;96.045;94.260;34.593;1.259;1.021;1.259;0.003;0.375;5.266;0.158;0;2;34.155;34.159;nan;nan;nan;22372;1;0;0;0;0;0;0
20;1;1;1;IDLE;0.000;0.000;1.000;20954.298822;20954.302665;20954.337869;20954.395886;780302;780302;780302;9754;23;12484832;12484872;100.000;627.599;627.599;5.481;6.177;2996.369;4.093;0.000;0.000;6.323;8.013;0.001;18.430;18.430;73.328;93.221;35.204;19.770;52.351;3.397;0.734;0.434;1.721;0.036;3.843;97.064;95.344;33.610;0.277;0.975;0.277;0.013;0.960;5.536;0.166;0;2;31.610;31.611;nan;nan;nan;22748;1;0;0;0;0;0;0
21;1;1;1;IDLE;0.000;0.000;1.000;20954.332522;20954.336018;20954.370946;20954.426864;779066;779066;779066;9739;26;12465056;12465096;100.000;601.513;601.513;6.022;6.812;2991.623;4.177;0.000;0.000;4.706;9.023;0.002;17.906;17.906;70.123;90.846;34.927;19.711;51.268;2.091;0.756;0.431;1.399;0.029;3.497;94.342;92.989;33.353;0.020;0.915;0.020;0.002;0.472;5.331;0.160;0;2;33.960;33.962;nan;nan;nan;25004;1;0;0;0;0;0;0
22;1;1;1;IDLE;0.000;0.000;1.000;20954.366371;20954.370595;20954.403529;20954.454209;778280;778280;778280;9729;25;12452480;12452520;100.000;636.341;636.341;5.977;6.736;2988.605;4.043;0.000;0.000;5.690;7.525;0.002;17.258;17.258;64.044;83.614;32.933;20.640;52.401;3.083;0.738;0.441;1.393;0.034;4.225;87.838;87.000;34.577;1.244;0.936;1.244;0.003;0.146;5.426;0.163;0;2;30.855;30.859;nan;nan;nan;24816;1;0;0;0;0;0;0
23;1;1;1;IDLE;0.000;0.000;1.000;20954.398640;20954.401658;20954.434091;20954.495106;778907;778907;778907;9737;27;12462512;12462552;100.000;615.068;615.068;6.293;7.114;2991.012;4.174;0.000;0.000;4.918;7.014;0.002;16.106;16.106;73.185;93.447;32.432;17.235;49.659;2.180;0.757;0.454;1.495;0.032;3.018;96.466;94.563;31.063;2.270;1.019;2.270;0.003;0.235;5.302;0.159;0;2;27.126;27.129;nan;nan;nan;26132;1;0;0;0;0;0;0
24;1;1;1;IDLE;0.000;0.000;1.000;20954.432365;20954.438014;20954.471179;20954.528479;779289;779289;779289;9742;25;12468624;12468664;100.000;680.623;680.623;5.796;6.555;2992.479;4.042;0.000;0.000;5.264;9.021;0.001;18.328;18.328;72.145;90.465;33.165;20.259;55.261;2.630;0.756;0.458;1.391;0.029;5.649;96.114;94.603;36.356;3.022;1.144;3.022;0.003;0.557;5.296;0.159;0;1;32.944;32.945;nan;nan;nan;24064;1;0;0;0;0;0;0
25;1;1;1;IDLE;0.000;0.000;1.000;20954.467668;20954.473058;20954.502594;20954.561396;779739;779739;779739;9747;26;12475824;12475864;100.000;706.608;706.608;6.067;6.857;2994.207;3.979;0.000;0.000;4.362;7.361;0.002;15.702;15.702;70.682;88.338;29.536;17.775;53.162;1.530;0.747;0.445;1.613;0.026;5.390;93.727;94.187;35.044;1.711;1.180;1.711;0.002;0.154;5.067;0.152;0;2;33.242;33.245;nan;nan;nan;25192;1;0;0;0;0;0;0
26;1;1;1;IDLE;0.000;0.000;1.000;20954.499112;20954.503285;20954.536460;20954.594657;779364;779364;779364;9743;27;12469824;12469864;100.000;647.234;647.234;6.383;7.204;2992.767;4.148;0.000;0.000;5.905;7.146;0.002;17.199;17.199;72.105;91.371;33.175;18.823;51.844;3.286;0.739;0.439;1.407;0.034;4.174;95.545;94.114;30.227;3.106;1.300;3.106;0.003;0.854;5.280;0.158;0;2;32.079;32.080;nan;nan;nan;26508;1;0;0;0;0;0;0
27;1;1;1;IDLE;0.000;0.000;1.000;20954.531945;20954.535259;20954.570411;20954.628653;780025;780025;780025;9751;27;12480400;12480440;100.000;614.504;614.504;6.428;7.249;2995.306;3.974;0.000;0.000;5.804;8.012;0.001;17.791;17.791;73.085;93.395;35.152;19.049;50.611;3.184;0.756;0.437;1.394;0.033;3.313;96.708;94.778;31.973;1.360;1.304;1.360;0.002;1.022;5.414;0.162;0;2;32.255;32.256;nan;nan;nan;26696;1;0;0;0;0;0;0
28;1;1;1;IDLE;0.000;0.000;1.000;20954.565504;20954.569181;20954.602585;20954.660087;780373;780373;780373;9755;27;12485968;12486008;100.000;619.362;619.362;6.428;7.249;2996.642;4.188;0.000;0.000;5.295;7.106;0.002;16.590;16.590;70.746;90.906;33.405;18.249;49.663;2.551;0.749;0.457;1.509;0.030;3.677;94.583;92.878;33.922;0.589;1.259;0.589;0.003;0.840;5.388;0.162;0;2;33.170;33.172;nan;nan;nan;26696;1;0;0;0;0;0;0
29;1;1;1;IDLE;0.000;0.000;1.000;20954.599023;20954.602833;20954.637567;20954.688746;781651;781651;781651;9771;28;12506416;12506456;100.000;618.959;618.959;6.699;7.551;3001.549;3.924;0.000;0.000;5.580;8.016;0.002;17.521;17.521;65.707;85.913;34.735;20.394;50.442;2.974;0.742;0.440;1.394;0.029;3.810;89.722;88.203;33.652;0.319;1.200;0.319;0.013;0.919;5.439;0.163;0;2;30.533;30.534;nan;nan;nan;27824;1;0;0;0;0;0;0
30;1;1;1;IDLE;0.000;0.000;1.000;20954.631958;20954.635075;20954.668643;20954.728637;781375;781375;781375;9768;27;12502000;12502040;100.000;622.035;622.035;6.338;7.159;3000.490;4.194;0.000;0.000;4.892;8.298;0.002;17.384;17.384;73.463;93.562;33.568;18.580;51.787;2.079;0.772;0.477;1.528;0.036;3.117;96.679;94.761;32.242;1.091;1.194;1.091;0.003;0.275;5.305;0.159;0;2;28.395;28.397;nan;nan;nan;26320;1;0;0;0;0;0;0
31;1;1;1;IDLE;0.000;0.000;1.000;20954.665788;20954.671462;20954.704251;20954.760468;784392;784392;784392;9805;131;12550272;12550312;100.000;693.899;693.899;31.425;35.491;3012.075;4.433;0.000;0.000;5.517;8.547;0.009;18.497;18.497;70.919;89.006;32.789;20.782;56.412;2.872;0.763;0.458;1.397;0.028;5.675;94.681;93.259;36.387;3.054;1.310;3.054;0.002;0.635;5.361;0.161;0;1;32.929;32.931;nan;nan;nan;130848;1;0;0;0;0;0;0
32;1;1;1;IDLE;0.000;0.000;1.000;20954.700689;20954.706246;20954.735850;20954.795572;782671;782671;782671;9784;29;12522736;12522776;100.000;687.788;687.788;6.924;7.808;3005.466;3.860;0.000;0.000;4.163;7.071;0.002;15.095;15.095;71.119;89.326;29.604;16.899;50.989;1.577;0.740;0.432;1.389;0.025;5.557;94.883;95.030;34.784;1.451;1.319;1.451;0.002;0.160;5.064;0.152;0;2;31.684;31.687;nan;nan;nan;28764;1;0;0;0;0;0;0
33;1;1;1;IDLE;0.000;0.000;1.000;20954.732191;20954.735397;20954.768874;20954.827580;776999;776999;776999;9713;24;12431984;12432024;100.000;615.051;615.051;5.661;6.389;2983.686;4.284;0.000;0.000;4.836;8.018;0.002;17.139;17.139;71.969;92.182;33.477;18.592;51.196;2.039;0.759;0.469;1.540;0.030;3.206;95.389;93.704;29.151;4.182;1.498;4.182;0.002;0.406;5.010;0.150;0;2;34.713;34.714;nan;nan;nan;23500;1;0;0;0;0;0;0
34;1;1;1;IDLE;0.000;0.000;1.000;20954.765257;20954.769756;20954.803956;20954.861838;778650;778650;778650;9734;23;12458400;12458440;100.000;630.331;630.331;5.526;6.222;2990.026;4.128;0.000;0.000;6.019;8.018;0.001;18.165;18.165;72.317;92.082;34.200;19.727;53.114;3.418;0.730;0.439;1.398;0.034;4.499;96.581;94.629;34.359;1.025;1.468;1.025;0.002;0.394;5.267;0.158;0;2;31.638;31.640;nan;nan;nan;22936;1;0;0;0;0;0;0
35;1;1;1;IDLE;0.000;0.000;1.000;20954.798723;20954.801851;20954.834839;20954.894865;778007;778007;778007;9726;24;12448112;12448152;100.000;624.521;624.521;5.571;6.299;2987.556;4.017;0.000;0.000;5.776;6.829;0.001;16.622;16.622;73.081;93.014;32.988;17.870;50.387;2.817;0.753;0.461;1.714;0.030;3.128;96.142;94.322;32.095;1.238;1.454;1.238;0.002;0.448;5.397;0.162;0;2;33.824;33.825;nan;nan;nan;23124;1;0;0;0;0;0;0
36;1;1;1;IDLE;0.000;0.000;1.000;20954.832041;20954.835950;20954.870110;20954.927846;776483;776483;776483;9707;26;12423728;12423768;100.000;633.326;633.326;6.022;6.812;2981.704;4.051;0.000;0.000;6.251;8.019;0.002;18.321;18.321;72.279;91.896;34.160;19.937;53.633;3.648;0.732;0.438;1.400;0.033;3.908;95.804;93.970;34.099;0.765;1.411;0.765;0.002;0.270;5.613;0.168;0;2;32.771;32.772;nan;nan;nan;25004;1;0;0;0;0;0;0
37;1;1;1;IDLE;0.000;0.000;1.000;20954.865219;20954.868347;20954.903186;20954.961477;781287;781287;781287;9767;27;12500592;12500632;100.000;616.345;616.345;6.293;7.114;3000.152;4.114;0.000;0.000;6.202;8.014;0.001;18.330;18.330;72.848;93.130;34.839;19.682;52.614;3.268;0.843;0.432;1.624;0.035;3.129;96.258;94.268;32.398;0.936;1.381;0.936;0.011;0.329;5.764;0.173;0;2;32.670;32.672;nan;nan;nan;26132;1;0;0;0;0;0;0
38;1;1;1;IDLE;0.000;0.000;1.000;20954.899269;20954.903435;20954.935109;20954.993589;780329;780329;780329;9755;29;12485264;12485304;100.000;639.511;639.511;6.744;7.628;2996.473;4.002;0.000;0.000;4.860;6.863;0.002;15.725;15.725;70.631;90.154;31.674;17.442;49.645;2.134;0.747;0.462;1.486;0.031;4.166;94.320;93.046;35.087;1.754;1.404;1.754;0.003;0.424;5.542;0.166;0;2;33.229;33.230;nan;nan;nan;28012;1;0;0;0;0;0;0
39;1;1;1;IDLE;0.000;0.000;1.000;20954.932119;20954.935893;20954.969351;20955.022530;780785;780785;780785;9760;29;12492560;12492600;100.000;637.548;637.548;6.970;7.853;2998.224;3.908;0.000;0.000;5.967;7.025;0.002;16.899;16.899;67.042;86.637;33.458;19.506;50.509;3.360;0.740;0.439;1.396;0.032;3.774;90.411;88.654;32.459;0.875;1.371;0.875;0.003;0.868;5.651;0.170;0;2;31.258;31.259;nan;nan;nan;28952;1;0;0;0;0;0;0
40;1;1;1;IDLE;0.000;0.000;1.000;20954.965417;20954.968996;20955.001564;20955.062692;785430;785430;785430;9818;31;12566880;12566920;100.000;632.662;632.662;7.240;8.186;3016.061;3.754;0.000;0.000;4.702;7.163;0.002;15.619;15.619;73.832;93.696;32.568;16.670;47.957;2.102;0.737;0.439;1.395;0.029;3.578;97.275;95.483;33.102;0.231;1.300;0.231;0.003;0.836;5.418;0.163;0;2;28.124;28.125;nan;nan;nan;30080;1;0;0;0;0;0;0
41;1;1;1;IDLE;0.000;0.000;1.000;20954.999031;20955.004653;20955.037930;20955.093746;789479;789479;789479;9869;32;12631664;12631704;100.000;674.161;674.161;7.466;8.443;3031.609;4.333;0.000;0.000;5.825;8.446;0.003;18.603;18.603;70.356;89.094;33.277;20.881;55.905;3.168;0.766;0.459;1.400;0.031;5.621;94.715;93.204;35.657;2.324;1.364;2.324;0.002;0.267;5.525;0.166;0;1;33.203;33.205;nan;nan;nan;31020;1;0;0;0;0;0;0
42;1;1;1;IDLE;0.000;0.000;1.000;20955.033269;20955.038501;20955.072583;20955.127801;789348;789348;789348;9867;32;12629568;12629608;100.000;634.957;634.957;7.601;8.579;3031.106;4.021;0.000;0.000;4.270;9.021;0.002;17.312;17.312;69.410;89.300;34.083;19.386;50.793;1.653;0.746;0.435;1.406;0.029;5.232;94.532;93.925;33.848;0.515;1.311;0.515;0.002;0.899;5.216;0.156;0;2;30.181;30.182;nan;nan;nan;31584;1;0;0;0;0;0;0
43;1;1;1;IDLE;0.000;0.000;1.000;20955.064877;20955.067885;20955.101615;20955.161886;792714;792714;792714;9909;32;12683424;12683464;100.000;612.903;612.903;7.601;8.579;3044.031;4.084;0.000;0.000;5.147;6.977;0.001;16.207;16.207;73.306;94.001;33.730;17.242;48.051;2.340;0.874;0.478;1.413;0.042;3.008;97.009;94.677;29.385;3.949;1.476;3.949;0.004;0.907;5.201;0.156;0;2;33.160;33.161;nan;nan;nan;31584;1;0;0;0;0;0;0
44;1;1;1;IDLE;0.000;0.000;1.000;20955.098698;20955.103253;20955.135779;20955.196178;790865;790865;790865;9886;32;12653840;12653880;100.000;641.635;641.635;7.692;8.669;3036.931;4.244;0.000;0.000;4.805;7.055;0.002;16.103;16.103;73.204;92.925;32.526;17.330;49.509;2.051;0.828;0.454;1.443;0.029;4.555;97.480;95.636;35.368;2.035;1.511;2.035;0.002;0.942;5.105;0.153;0;2;33.158;33.159;nan;nan;nan;31960;1;0;0;0;0;0;0
45;1;1;1;IDLE;0.000;0.000;1.000;20955.132372;20955.136091;20955.170154;20955.228048;787976;787976;787976;9850;33;12607616;12607656;100.000;632.656;632.656;7.737;8.745;3025.837;3.914;0.000;0.000;5.843;7.359;0.004;17.116;17.116;72.029;91.957;34.063;18.613;50.247;3.233;0.741;0.439;1.395;0.034;3.719;95.676;94.173;32.838;0.495;1.447;0.495;0.002;0.930;5.293;0.159;0;2;33.376;33.379;nan;nan;nan;32148;1;0;0;0;0;0;0
46;1;1;1;IDLE;0.000;0.000;1.000;20955.165257;20955.168362;20955.204428;20955.262359;789717;789717;789717;9872;146;12635472;12635512;100.000;604.653;604.653;34.989;39.523;3032.523;4.250;0.000;0.000;6.874;7.547;0.007;18.670;18.670;73.101;93.998;36.066;19.862;51.767;3.449;0.749;0.441;2.197;0.037;3.105;97.103;95.150;32.271;1.063;1.423;1.063;0.012;0.735;5.693;0.171;0;2;31.161;31.165;nan;nan;nan;145700;1;0;0;0;0;0;0
47;1;1;1;IDLE;0.000;0.000;1.000;20955.199557;20955.203057;20955.236967;20955.294001;784950;784950;784950;9812;30;12559200;12559240;100.000;635.397;635.397;7.150;8.065;3014.218;4.090;0.000;0.000;4.719;8.895;0.003;17.704;17.704;71.178;90.944;33.910;19.467;52.209;2.041;0.753;0.447;1.447;0.030;3.500;94.444;93.459;34.696;1.362;1.419;1.362;0.002;0.526;5.453;0.164;0;2;34.283;34.284;nan;nan;nan;29704;1;0;0;0;0;0;0
48;1;1;1;IDLE;0.000;0.000;1.000;20955.232312;20955.235900;20955.271092;20955.322226;781130;781130;781130;9765;25;12498080;12498120;100.000;608.511;608.511;5.932;6.691;2999.549;4.030;0.000;0.000;5.870;8.063;0.002;17.964;17.964;65.787;86.326;35.192;20.809;51.045;3.255;0.747;0.434;1.401;0.033;3.588;89.914;88.350;32.843;0.490;1.361;0.490;0.002;0.717;5.567;0.167;0;2;30.968;30.969;nan;nan;nan;24628;1;0;0;0;0;0;0
49;1;1;1;IDLE;0.000;0.000;1.000;20955.265389;20955.268492;20955.300997;20955.361552;780468;780468;780468;9756;25;12487488;12487528;100.000;605.411;605.411;5.932;6.691;2997.007;3.991;0.000;0.000;4.860;6.897;0.001;15.749;15.749;72.433;93.060;32.505;16.923;48.449;2.189;0.763;0.460;1.418;0.030;3.103;96.163;94.343;32.591;0.742;1.323;0.742;0.002;0.118;5.393;0.162;0;2;28.122;28.123;nan;nan;nan;24628;1;0;0;0;0;0;0
50;1;1;1;IDLE;0.000;0.000;1.000;20955.299210;20955.304065;20955.340211;20955.394165;783376;783376;783376;9793;25;12534016;12534056;100.000;640.020;640.020;5.977;6.736;3008.173;4.315;0.000;0.000;5.819;10.024;0.001;20.158;20.158;70.516;90.100;36.146;22.373;55.770;3.184;0.744;0.450;1.408;0.034;4.855;94.955;93.623;35.573;2.240;1.380;2.240;0.002;0.715;5.505;0.165;0;1;31.363;31.364;nan;nan;nan;24816;1;0;0;0;0;0;0
51;1;1;1;IDLE;0.000;0.000;1.000;20955.332641;20955.337634;20955.369177;20955.422469;787237;787237;787237;9841;30;12595792;12595832;100.000;641.218;641.218;7.060;7.975;3023.000;4.278;0.000;0.000;4.256;6.919;0.002;15.453;15.453;65.192;84.835;31.543;18.215;48.990;1.628;0.758;0.455;1.390;0.025;4.993;89.828;88.593;33.569;0.235;1.308;0.235;0.002;0.722;5.195;0.156;0;2;31.904;31.905;nan;nan;nan;29328;1;0;0;0;0;0;0
52;1;1;1;IDLE;0.000;0.000;1.000;20955.365728;20955.369149;20955.401124;20955.462128;787734;787734;787734;9847;32;12603744;12603784;100.000;639.377;639.377;7.466;8.443;3024.908;3.916;0.000;0.000;5.275;6.784;0.002;15.976;15.976;73.266;92.979;31.975;17.182;49.963;2.415;0.759;0.454;1.616;0.031;3.421;96.400;94.919;31.515;1.818;1.340;1.818;0.002;0.200;5.220;0.157;0;2;28.123;28.127;nan;nan;nan;31020;1;0;0;0;0;0;0
53;1;1;1;IDLE;0.000;0.000;1.000;20955.398962;20955.403373;20955.438436;20955.496274;787059;787059;787059;9839;32;12592944;12592984;100.000;646.534;646.534;7.556;8.533;3022.316;4.133;0.000;0.000;5.864;9.002;0.003;19.000;19.000;73.423;92.901;35.063;20.452;54.187;3.217;0.760;0.459;1.392;0.037;4.411;97.312;95.732;34.224;0.890;1.312;0.890;0.002;0.716;5.386;0.162;0;1;32.691;32.692;nan;nan;nan;31396;1;0;0;0;0;0;0
54;1;1;1;IDLE;0.000;0.000;1.000;20955.433862;20955.439018;20955.471514;20955.527850;786051;786051;786051;9826;32;12576816;12576856;100.000;665.049;665.049;7.556;8.533;3018.445;3.917;0.000;0.000;4.171;9.023;0.003;17.110;17.110;69.920;88.832;32.496;19.262;52.654;1.563;0.742;0.439;1.398;0.029;5.156;93.988;93.974;35.646;2.312;1.375;2.312;0.002;0.388;5.086;0.153;0;2;33.779;33.780;nan;nan;nan;31396;1;0;0;0;0;0;0
55;1;1;1;IDLE;0.000;0.000;1.000;20955.465142;20955.468870;20955.504761;20955.561996;796213;796213;796213;9953;31;12739408;12739448;100.000;613.412;613.412;7.331;8.277;3057.468;4.298;0.000;0.000;6.600;8.185;0.001;19.083;19.083;72.358;93.126;35.891;20.492;53.169;3.462;1.074;0.434;1.594;0.036;3.728;96.854;94.787;29.851;3.482;1.506;3.482;0.007;0.330;5.470;0.164;0;2;31.271;31.272;nan;nan;nan;30456;1;0;0;0;0;0;0
56;1;1;1;IDLE;0.000;0.000;1.000;20955.498682;20955.501718;20955.535633;20955.595418;790191;790191;790191;9878;31;12643056;12643096;100.000;604.137;604.137;7.331;8.277;3034.343;4.092;0.000;0.000;5.185;6.983;0.003;16.260;16.260;72.772;93.699;33.914;17.353;47.944;2.332;0.780;0.476;1.561;0.035;3.036;96.735;94.875;32.849;0.485;1.443;0.485;0.003;0.816;5.401;0.162;0;2;33.343;33.344;nan;nan;nan;30456;1;0;0;0;0;0;0
57;1;1;1;IDLE;0.000;0.000;1.000;20955.532248;20955.536137;20955.570747;20955.627285;798808;798808;798808;9986;31;12780928;12780968;100.000;635.553;635.553;7.421;8.367;3067.432;4.167;0.000;0.000;5.726;8.019;0.003;17.912;17.912;71.038;91.148;34.610;19.651;51.753;3.116;0.758;0.435;1.391;0.026;3.888;95.036;93.409;34.419;1.085;1.420;1.085;0.003;0.751;5.485;0.165;0;2;32.686;32.688;nan;nan;nan;30832;1;0;0;0;0;0;0
58;1;1;1;IDLE;0.000;0.000;1.000;20955.565233;20955.568309;20955.603823;20955.662235;797924;797924;797924;9975;31;12766784;12766824;100.000;607.747;607.747;7.285;8.232;3064.038;4.174;0.000;0.000;6.068;8.020;0.001;18.261;18.261;72.919;93.926;35.515;19.442;51.419;3.434;0.763;0.436;1.400;0.034;3.076;97.002;95.026;32.172;1.161;1.404;1.161;0.003;0.417;5.636;0.169;0;2;31.477;31.479;nan;nan;nan;30268;1;0;0;0;0;0;0
59;1;1;1;IDLE;0.000;0.000;1.000;20955.598522;20955.601649;20955.634789;20955.693429;794477;794477;794477;9931;31;12711632;12711672;100.000;623.652;623.652;7.331;8.277;3050.801;4.150;0.000;0.000;5.232;6.911;0.003;16.293;16.293;71.397;91.780;33.141;17.752;49.163;2.255;0.766;0.459;1.719;0.033;3.127;94.907;92.886;33.340;0.006;1.317;0.006;0.003;0.611;5.538;0.166;0;2;34.353;34.355;nan;nan;nan;30456;1;0;0;0;0;0;0
60;1;1;1;IDLE;0.000;0.000;1.000;20955.632115;20955.636534;20955.671984;20955.722984;789053;789053;789053;9864;31;12624848;12624888;100.000;629.354;629.354;7.331;8.277;3029.973;4.216;0.000;0.000;5.610;9.021;0.002;18.847;18.847;66.390;86.450;35.450;21.801;53.166;3.004;0.743;0.434;1.399;0.030;4.419;90.869;89.108;34.885;1.552;1.331;1.552;0.002;0.755;5.561;0.167;0;2;30.463;30.464;nan;nan;nan;30456;1;0;0;0;0;0;0
61;1;1;1;IDLE;0.000;0.000;1.000;20955.664979;20955.668127;20955.701207;20955.762085;783874;783874;783874;9799;144;12541984;12542024;100.000;621.171;621.171;34.448;38.919;3010.086;4.145;0.000;0.000;5.085;7.172;0.006;16.402;16.402;73.766;93.958;33.080;17.457;49.584;2.276;0.775;0.487;1.516;0.031;3.148;97.105;94.876;31.593;1.740;1.357;1.740;0.003;0.628;5.446;0.163;0;2;28.944;28.948;nan;nan;nan;143444;1;0;0;0;0;0;0
62;1;1;1;IDLE;0.000;0.000;1.000;20955.698883;20955.704489;20955.739138;20955.794517;782785;782785;782785;9785;29;12524560;12524600;100.000;667.143;667.143;6.879;7.763;3005.904;4.301;0.000;0.000;6.092;9.000;0.003;19.393;19.393;71.255;90.028;34.649;21.542;55.971;3.102;0.766;0.459;1.732;0.033;5.607;95.635;93.975;36.362;3.029;1.461;3.029;0.002;0.780;5.615;0.168;0;1;31.943;31.945;nan;nan;nan;28576;1;0;0;0;0;0;0
63;1;1;1;IDLE;0.000;0.000;1.000;20955.733434;20955.738276;20955.769122;20955.829120;782791;782791;782791;9785;24;12524656;12524696;100.000;642.457;642.457;5.616;6.344;3005.927;3.962;0.000;0.000;4.286;6.933;0.002;15.180;15.180;71.348;90.843;30.846;16.710;49.213;1.673;0.754;0.436;1.394;0.028;4.843;95.686;95.244;33.787;0.454;1.398;0.454;0.002;0.129;5.287;0.159;0;2;32.323;32.324;nan;nan;nan;23312;1;0;0;0;0;0;0
64;1;1;1;IDLE;0.000;0.000;1.000;20955.765181;20955.768231;20955.802328;20955.862788;782127;782127;782127;9777;23;12514032;12514072;100.000;609.955;609.955;5.345;6.042;3003.377;4.127;0.000;0.000;5.728;7.049;0.005;16.904;16.904;74.041;94.557;34.096;17.877;49.578;2.743;0.752;0.450;1.747;0.036;3.050;97.607;95.579;29.955;3.379;1.522;3.379;0.013;0.789;5.402;0.162;0;2;33.832;33.839;nan;nan;nan;22184;1;0;0;0;0;0;0
65;1;1;1;IDLE;0.000;0.000;1.000;20955.799080;20955.802763;20955.836228;20955.894873;785507;785507;785507;9819;23;12568112;12568152;100.000;622.666;622.666;5.481;6.177;3016.356;4.084;0.000;0.000;6.123;6.874;0.004;17.081;17.081;71.925;92.110;33.465;18.544;51.041;3.175;0.741;0.439;1.734;0.033;3.683;95.793;94.330;34.532;1.198;1.502;1.198;0.003;0.280;5.590;0.168;0;2;33.430;33.431;nan;nan;nan;22748;1;0;0;0;0;0;0
66;1;1;1;IDLE;0.000;0.000;1.000;20955.832386;20955.836102;20955.872448;20955.929012;789017;789017;789017;9863;25;12624272;12624312;100.000;600.402;600.402;5.842;6.600;3029.835;4.098;0.000;0.000;5.616;9.017;0.002;18.731;18.731;71.884;92.911;36.347;20.160;51.535;2.669;0.742;0.459;1.704;0.042;3.716;96.626;95.137;33.339;0.005;1.408;0.005;0.004;0.683;5.604;0.168;0;2;31.438;31.439;nan;nan;nan;24252;1;0;0;0;0;0;0
67;1;1;1;IDLE;0.000;0.000;1.000;20955.865670;20955.868613;20955.902558;20955.960233;789641;789641;789641;9871;26;12634256;12634296;100.000;594.438;594.438;6.203;6.993;3032.231;4.202;0.000;0.000;4.984;7.051;0.003;16.237;16.237;70.365;91.619;33.945;17.722;47.834;2.176;0.775;0.480;1.523;0.030;2.944;94.563;93.024;32.512;0.822;1.372;0.822;0.002;0.652;5.452;0.164;0;2;33.500;33.503;nan;nan;nan;25756;1;0;0;0;0;0;0
68;1;1;1;IDLE;0.000;0.000;1.000;20955.898720;20955.902312;20955.937670;20955.988781;784718;784718;784718;9809;27;12555488;12555528;100.000;603.085;603.085;6.338;7.159;3013.327;4.210;0.000;0.000;5.848;8.086;0.002;18.144;18.144;65.651;86.470;35.358;20.983;51.315;3.226;0.744;0.438;1.403;0.036;3.592;90.062;88.239;33.699;0.365;1.309;0.365;0.002;0.602;5.556;0.167;0;2;30.645;30.646;nan;nan;nan;26320;1;0;0;0;0;0;0
69;1;1;1;IDLE;0.000;0.000;1.000;20955.931703;20955.934902;20955.968673;20956.028772;778159;778159;778159;9727;28;12450544;12450584;100.000;608.052;608.052;6.654;7.506;2988.140;4.171;0.000;0.000;4.829;8.017;0.002;17.017;17.017;73.394;93.870;33.771;18.128;50.389;2.158;0.757;0.449;1.435;0.030;3.199;97.069;94.896;32.590;0.744;1.274;0.744;0.003;0.445;5.377;0.161;0;2;28.121;28.122;nan;nan;nan;27636;1;0;0;0;0;0;0
70;1;1;1;IDLE;0.000;0.000;1.000;20955.966020;20955.971339;20956.004759;20956.060647;776327;776327;776327;9705;29;12421232;12421272;100.000;683.493;683.493;6.789;7.673;2981.105;4.034;0.000;0.000;5.734;9.022;0.003;18.789;18.789;71.135;89.308;33.420;21.039;56.222;3.095;0.764;0.454;1.391;0.030;5.319;94.627;93.438;36.437;3.104;1.388;3.104;0.002;0.488;5.470;0.164;0;1;33.030;33.032;nan;nan;nan;28200;1;0;0;0;0;0;0
71;1;1;1;IDLE;0.000;0.000;1.000;20956.000207;20956.005249;20956.035828;20956.089007;786883;786883;786883;9837;30;12590128;12590168;100.000;657.478;657.478;7.195;8.110;3021.640;3.919;0.000;0.000;4.345;7.015;0.002;15.278;15.278;64.609;83.758;30.579;18.241;49.964;1.732;0.752;0.436;1.396;0.029;5.043;88.801;88.465;33.910;0.577;1.337;0.577;0.002;0.067;5.193;0.156;0;2;31.831;31.832;nan;nan;nan;29892;1;0;0;0;0;0;0
72;1;1;1;IDLE;0.000;0.000;1.000;20956.031937;20956.035362;20956.067638;20956.128573;787146;787146;787146;9840;29;12594336;12594376;100.000;626.995;626.995;6.924;7.808;3022.650;4.089;0.000;0.000;5.177;6.751;0.002;16.017;16.017;73.124;93.211;32.276;17.183;49.624;2.211;0.745;0.447;1.739;0.034;3.424;96.635;94.697;30.112;3.221;1.455;3.221;0.002;0.258;5.192;0.156;0;2;28.116;28.118;nan;nan;nan;28764;1;0;0;0;0;0;0
73;1;1;1;IDLE;0.000;0.000;1.000;20956.065156;20956.069554;20956.104477;20956.159982;781047;781047;781047;9764;29;12496752;12496792;100.000;624.337;624.337;6.879;7.763;2999.230;4.169;0.000;0.000;5.750;8.505;0.002;18.424;18.424;70.412;90.429;34.923;20.374;52.757;3.099;0.769;0.457;1.393;0.033;4.397;94.826;92.773;34.192;0.859;1.418;0.859;0.008;0.643;5.335;0.160;0;1;32.598;32.599;nan;nan;nan;28576;1;0;0;0;0;0;0
74;1;1;1;IDLE;0.000;0.000;1.000;20956.100440;20956.105394;20956.137068;20956.187273;782459;782459;782459;9781;30;12519344;12519384;100.000;667.312;667.312;7.195;8.110;3004.652;3.904;0.000;0.000;4.399;8.021;0.002;16.325;16.325;63.118;81.879;31.674;19.938;51.540;1.785;0.760;0.434;1.395;0.026;4.954;86.833;86.730;35.840;2.507;1.486;2.507;0.002;0.490;5.103;0.153;0;2;30.932;30.933;nan;nan;nan;29892;1;0;0;0;0;0;0
75;1;1;1;IDLE;0.000;0.000;1.000;20956.131784;20956.134966;20956.166860;20956.228854;781579;781579;781579;9770;30;12505264;12505304;100.000;616.794;616.794;7.195;8.110;3001.273;4.126;0.000;0.000;4.718;6.741;0.002;15.585;15.585;73.613;93.888;31.894;16.599;48.865;2.082;0.762;0.441;1.405;0.028;3.182;97.069;94.978;29.572;3.761;1.628;3.761;0.002;0.157;5.010;0.150;0;2;27.149;27.150;nan;nan;nan;29892;1;0;0;0;0;0;0
76;1;1;1;IDLE;0.000;0.000;1.000;20956.165540;20956.171359;20956.203732;20956.262730;784181;784181;784181;9803;145;12546896;12546936;100.000;687.938;687.938;34.673;39.176;3011.265;3.974;0.000;0.000;5.210;8.531;0.010;17.716;17.716;73.132;91.371;32.372;19.389;54.725;2.552;0.771;0.464;1.395;0.028;5.819;97.190;95.521;36.393;3.060;1.717;3.060;0.002;0.389;5.063;0.152;0;1;33.650;33.651;nan;nan;nan;144384;1;0;0;0;0;0;0
77;1;1;1;IDLE;0.000;0.000;1.000;20956.200652;20956.206388;20956.240308;20956.294313;782861;782861;782861;9786;28;12525776;12525816;100.000;691.338;691.338;6.699;7.551;3006.196;3.963;0.000;0.000;4.294;11.008;0.003;19.266;19.266;69.806;87.925;33.920;21.912;56.799;1.607;0.758;0.432;1.470;0.028;5.736;93.661;93.771;35.029;1.696;1.716;1.696;0.002;0.496;4.881;0.146;0;2;33.427;33.428;nan;nan;nan;27824;1;0;0;0;0;0;0
78;1;1;1;IDLE;0.000;0.000;1.000;20956.232201;20956.235408;20956.271628;20956.327794;779451;779451;779451;9744;22;12471216;12471256;100.000;602.317;602.317;5.120;5.785;2993.101;4.165;0.000;0.000;6.589;8.263;0.002;19.017;19.017;71.681;92.387;36.220;20.584;52.504;3.403;1.111;0.438;1.600;0.036;3.207;95.593;93.919;29.019;4.314;1.878;4.314;0.003;0.659;5.312;0.159;0;2;30.945;30.946;nan;nan;nan;21244;1;0;0;0;0;0;0
79;1;1;1;IDLE;0.000;0.000;1.000;20956.265546;20956.268655;20956.301342;20956.362766;784719;784719;784719;9809;23;12555504;12555544;100.000;611.691;611.691;5.345;6.042;3013.331;4.027;0.000;0.000;5.110;6.910;0.001;16.046;16.046;73.584;94.110;32.687;17.050;49.091;2.230;0.769;0.481;1.599;0.030;3.110;97.220;95.557;33.248;0.085;1.766;0.085;0.002;0.139;5.264;0.158;0;2;33.357;33.360;nan;nan;nan;22184;1;0;0;0;0;0;0
80;1;1;1;IDLE;0.000;0.000;1.000;20956.298599;20956.302589;20956.336531;20956.393970;780701;780701;780701;9759;25;12491216;12491256;100.000;614.849;614.849;5.977;6.736;2997.901;4.238;0.000;0.000;4.867;8.018;0.003;17.123;17.123;71.064;91.381;33.941;18.739;50.450;2.159;0.743;0.442;1.491;0.031;3.990;95.371;93.428;33.934;0.600;1.694;0.600;0.002;0.736;5.168;0.155;0;2;34.250;34.252;nan;nan;nan;24816;1;0;0;0;0;0;0
81;1;1;1;IDLE;0.000;0.000;1.000;20956.332518;20956.336885;20956.372291;20956.428858;785754;785754;785754;9822;28;12572064;12572104;100.000;624.589;624.589;6.699;7.551;3017.305;4.086;0.000;0.000;5.719;8.693;0.002;18.498;18.498;71.845;91.973;35.407;20.113;52.245;3.091;0.756;0.435;1.410;0.027;4.366;96.340;94.982;34.295;0.962;1.648;0.962;0.003;0.862;5.311;0.159;0;2;30.368;30.369;nan;nan;nan;27824;1;0;0;0;0;0;0
82;1;1;1;IDLE;0.000;0.000;1.000;20956.364888;20956.368030;20956.401774;20956.460593;783308;783308;783308;9792;29;12532928;12532968;100.000;610.892;610.892;6.834;7.718;3007.912;3.988;0.000;0.000;5.392;7.101;0.003;16.480;16.480;72.047;92.563;33.744;17.805;48.840;2.241;0.785;0.480;1.852;0.033;3.142;95.705;93.384;31.146;2.188;1.682;2.188;0.012;0.722;5.334;0.160;0;2;34.181;34.182;nan;nan;nan;28388;1;0;0;0;0;0;0
83;1;1;1;IDLE;0.000;0.000;1.000;20956.398756;20956.403146;20956.437892;20956.488947;782737;782737;782737;9785;28;12523792;12523832;100.000;639.377;639.377;6.654;7.506;3005.720;3.877;0.000;0.000;6.086;8.132;0.002;18.095;18.095;66.213;85.801;34.747;21.090;52.078;3.168;0.749;0.450;1.687;0.033;4.390;90.191;88.404;35.115;1.782;1.688;1.782;0.003;0.937;5.529;0.166;0;2;30.829;30.830;nan;nan;nan;27636;1;0;0;0;0;0;0
84;1;1;1;IDLE;0.000;0.000;1.000;20956.431811;20956.435043;20956.468194;20956.529030;781874;781874;781874;9774;29;12509984;12510024;100.000;609.388;609.388;6.924;7.808;3002.406;4.195;0.000;0.000;5.001;7.372;0.002;16.568;16.568;73.458;93.987;33.151;17.628;49.977;2.208;0.772;0.482;1.509;0.030;3.232;97.219;95.154;31.897;1.436;1.672;1.436;0.002;0.246;5.400;0.162;0;2;28.119;28.121;nan;nan;nan;28764;1;0;0;0;0;0;0
85;1;1;1;IDLE;0.000;0.000;1.000;20956.466089;20956.471538;20956.504541;20956.561105;780545;780545;780545;9757;26;12488720;12488760;100.000;681.294;681.294;6.022;6.812;2997.302;4.170;0.000;0.000;5.794;8.635;0.004;18.598;18.598;71.236;89.567;33.003;20.765;56.354;3.090;0.766;0.469;1.429;0.039;5.449;95.016;93.896;36.495;3.162;1.765;3.162;0.002;0.240;5.504;0.165;0;1;33.120;33.121;nan;nan;nan;25004;1;0;0;0;0;0;0
86;1;1;1;IDLE;0.000;0.000;1.000;20956.500646;20956.505780;20956.538476;20956.589182;778343;778343;778343;9730;27;12453488;12453528;100.000;654.835;654.835;6.473;7.295;2988.847;3.780;0.000;0.000;4.203;8.493;0.002;16.476;16.476;64.384;83.402;32.696;19.755;50.392;1.590;0.741;0.447;1.396;0.028;5.134;88.536;88.640;34.242;0.909;1.712;0.909;0.002;0.979;5.183;0.155;0;2;31.117;31.118;nan;nan;nan;26884;1;0;0;0;0;0;0
87;1;1;1;IDLE;0.000;0.000;1.000;20956.531464;20956.534622;20956.568211;20956.628889;778458;778458;778458;9731;27;12455328;12455368;100.000;610.591;610.591;6.383;7.204;2989.288;3.887;0.000;0.000;4.721;8.157;0.002;16.765;16.765;73.868;94.267;33.589;17.784;49.911;2.044;0.756;0.460;1.424;0.037;3.158;97.425;95.014;28.841;4.492;1.885;4.492;0.002;0.310;5.070;0.152;0;2;29.124;29.125;nan;nan;nan;26508;1;0;0;0;0;0;0
88;1;1;1;IDLE;0.000;0.000;1.000;20956.565873;20956.570685;20956.604721;20956.660317;778592;778592;778592;9733;29;12457472;12457512;100.000;641.383;641.383;6.924;7.808;2989.803;4.192;0.000;0.000;5.728;8.562;0.003;18.482;18.482;70.209;89.632;34.036;20.620;54.301;3.029;0.770;0.467;1.423;0.039;4.812;94.444;93.108;36.063;2.730;1.938;2.730;0.002;0.321;5.240;0.157;0;1;32.726;32.728;nan;nan;nan;28764;1;0;0;0;0;0;0
89;1;1;1;IDLE;0.000;0.000;1.000;20956.600059;20956.605255;20956.636700;20956.694839;779952;779952;779952;9750;30;12479232;12479272;100.000;654.340;654.340;7.105;8.020;2995.025;3.980;0.000;0.000;4.532;7.485;0.002;15.996;15.996;70.513;89.584;31.445;17.856;50.870;1.572;0.765;0.451;1.715;0.029;5.196;94.780;94.297;34.570;1.237;1.894;1.237;0.002;0.354;5.068;0.152;0;2;31.099;31.100;nan;nan;nan;29516;1;0;0;0;0;0;0
90;1;1;1;IDLE;0.000;0.000;1.000;20956.631795;20956.635254;20956.669308;20956.727604;779674;779674;779674;9746;30;12474784;12474824;100.000;625.633;625.633;7.060;7.975;2993.958;4.142;0.000;0.000;5.094;8.015;0.002;17.251;17.251;72.410;92.349;34.054;18.680;50.657;2.227;0.781;0.475;1.564;0.046;3.459;95.809;93.728;29.999;3.334;1.984;3.334;0.013;0.992;5.077;0.152;0;2;33.543;33.544;nan;nan;nan;29328;1;0;0;0;0;0;0
91;1;1;1;IDLE;0.000;0.000;1.000;20956.665249;20956.669794;20956.702535;20956.761450;781083;781083;781083;9764;143;12497328;12497368;100.000;639.978;639.978;34.222;38.663;2999.368;4.037;0.000;0.000;5.494;7.163;0.005;16.695;16.695;72.129;91.657;32.741;18.214;50.990;2.886;0.747;0.442;1.389;0.029;4.544;96.201;94.241;34.540;1.206;1.936;1.206;0.002;0.553;5.184;0.156;0;2;32.228;32.231;nan;nan;nan;142504;1;0;0;0;0;0;0
92;1;1;1;IDLE;0.000;0.000;1.000;20956.698948;20956.702910;20956.735498;20956.794281;780537;780537;780537;9757;28;12488592;12488632;100.000;629.746;629.746;6.564;7.416;2997.272;4.081;0.000;0.000;4.841;7.049;0.002;15.970;15.970;71.539;91.371;32.588;17.479;49.008;2.038;0.757;0.463;1.553;0.030;3.962;95.333;93.739;33.117;0.217;1.828;0.217;0.003;0.863;5.101;0.153;0;2;32.998;32.999;nan;nan;nan;27260;1;0;0;0;0;0;0
93;1;1;1;IDLE;0.000;0.000;1.000;20956.731928;20956.735841;20956.768185;20956.822736;773046;773046;773046;9664;22;12368736;12368776;100.000;625.740;625.740;5.210;5.875;2968.506;3.977;0.000;0.000;5.821;6.664;0.002;16.462;16.462;67.129;86.895;32.344;18.944;50.896;3.167;0.756;0.436;1.429;0.033;3.913;90.808;88.861;32.930;0.403;1.739;0.403;0.003;0.089;5.284;0.159;0;2;32.757;32.758;nan;nan;nan;21620;1;0;0;0;0;0;0
94;1;1;1;IDLE;0.000;0.000;1.000;20956.765679;20956.769682;20956.801566;20956.862357;770822;770822;770822;9636;22;12333152;12333192;100.000;626.388;626.388;5.075;5.740;2959.966;4.074;0.000;0.000;4.889;6.964;0.002;15.927;15.927;72.986;92.675;31.885;17.186;49.953;2.085;0.741;0.453;1.581;0.030;4.003;96.678;95.148;33.841;0.508;1.662;0.508;0.003;0.338;5.188;0.156;0;2;28.129;28.132;nan;nan;nan;21056;1;0;0;0;0;0;0
95;1;1;1;IDLE;0.000;0.000;1.000;20956.799479;20956.804471;20956.838032;20956.895024;778859;778859;778859;9736;25;12461744;12461784;100.000;665.154;665.154;5.887;6.646;2990.828;4.217;0.000;0.000;5.967;8.348;0.002;18.532;18.532;71.818;90.553;33.561;20.466;55.219;3.323;0.749;0.457;1.403;0.035;4.992;95.545;94.482;34.789;1.456;1.649;1.456;0.002;0.508;5.388;0.162;0;1;32.669;32.670;nan;nan;nan;24440;1;0;0;0;0;0;0
96;1;1;1;IDLE;0.000;0.000;1.000;20956.833814;20956.838730;20956.870109;20956.928655;778333;778333;778333;9730;28;12453328;12453368;100.000;638.607;638.607;6.699;7.551;2988.808;3.982;0.000;0.000;4.098;7.350;0.001;15.431;15.431;70.425;89.925;31.379;17.160;49.175;1.503;0.737;0.442;1.389;0.027;4.916;94.841;94.779;34.259;0.925;1.604;0.925;0.002;0.427;5.070;0.152;0;2;32.260;32.262;nan;nan;nan;27824;1;0;0;0;0;0;0
97;1;1;1;IDLE;0.000;0.000;1.000;20956.865275;20956.868393;20956.903859;20956.961227;782798;782798;782798;9785;30;12524768;12524808;100.000;617.845;617.845;7.060;7.975;3005.954;4.230;0.000;0.000;6.337;8.017;0.003;18.584;18.584;72.562;92.834;35.466;20.018;52.399;3.660;0.802;0.438;1.396;0.041;3.118;95.953;94.018;29.663;3.670;1.733;3.670;0.003;0.835;5.389;0.162;0;2;32.809;32.811;nan;nan;nan;29328;1;0;0;0;0;0;0
98;1;1;1;IDLE;0.000;0.000;1.000;20956.899212;20956.903050;20956.935640;20956.995535;781418;781418;781418;9768;29;12502688;12502728;100.000;628.811;628.811;6.789;7.673;3000.655;3.963;0.000;0.000;5.698;6.726;0.002;16.386;16.386;72.602;92.485;32.590;17.718;50.280;3.098;0.737;0.444;1.393;0.026;3.838;96.323;94.993;34.657;1.324;1.708;1.324;0.002;0.280;5.470;0.164;0;2;32.309;32.311;nan;nan;nan;28200;1;0;0;0;0;0;0
99;1;1;1;IDLE;0.000;0.000;1.000;20956.932393;20956.935879;20956.970010;20957.027833;777382;777382;777382;9718;29;12438112;12438152;100.000;613.352;613.352;6.744;7.628;2985.156;3.997;0.000;0.000;5.036;8.015;0.003;17.049;17.049;71.676;91.955;34.132;18.541;49.952;2.232;0.743;0.456;1.573;0.032;3.486;95.441;93.958;32.829;0.504;1.632;0.504;0.010;0.790;5.365;0.161;0;2;33.537;33.538;nan;nan;nan;28012;1;0;0;0;0;0;0
100;1;1;1;IDLE;0.000;0.000;1.000;20956.965787;20956.970052;20957.003290;20957.056272;778267;778267;778267;9729;27;12452272;12452312;100.000;632.756;632.756;6.473;7.295;2988.555;3.988;0.000;0.000;5.774;7.219;0.002;16.981;16.981;66.541;86.220;33.237;19.695;51.090;3.166;0.738;0.438;1.399;0.032;4.265;90.485;89.064;34.174;0.840;1.583;0.840;0.002;0.562;5.471;0.164;0;2;31.758;31.761;nan;nan;nan;26884;1;0;0;0;0;0;0
101;1;1;1;IDLE;0.000;0.000;1.000;20956.998790;20957.002019;20957.036164;20957.095351;780699;780699;780699;9759;28;12491184;12491224;100.000;603.446;603.446;6.518;7.371;2997.894;4.320;0.000;0.000;5.091;8.019;0.002;17.430;17.430;72.632;93.332;34.145;18.675;51.047;2.460;0.756;0.436;1.407;0.031;3.230;96.561;94.809;31.967;1.366;1.569;1.366;0.002;0.332;5.379;0.161;0;2;28.122;28.124;nan;nan;nan;27072;1;0;0;0;0;0;0
102;1;1;1;IDLE;0.000;0.000;1.000;20957.032763;20957.037576;20957.071825;20957.127007;780328;780328;780328;9755;27;12485248;12485288;100.000;638.558;638.558;6.383;7.204;2996.469;4.103;0.000;0.000;5.680;8.592;0.003;18.375;18.375;69.879;89.431;34.249;20.547;53.652;3.014;0.762;0.464;1.410;0.031;4.813;94.245;93.132;35.557;2.223;1.610;2.223;0.002;0.421;5.459;0.164;0;1;32.115;32.116;nan;nan;nan;26508;1;0;0;0;0;0;0
103;1;1;1;IDLE;0.000;0.000;1.000;20957.067002;20957.071994;20957.101825;20957.155515;782351;782351;782351;9780;27;12517616;12517656;100.000;654.038;654.038;6.383;7.204;3004.237;3.899;0.000;0.000;4.195;6.443;0.003;14.537;14.537;64.382;83.521;29.831;17.405;48.730;1.574;0.761;0.439;1.393;0.028;4.992;88.513;88.306;34.418;1.085;1.577;1.085;0.002;0.052;5.146;0.154;0;2;31.622;31.623;nan;nan;nan;26508;1;0;0;0;0;0;0
104;1;1;1;IDLE;0.000;0.000;1.000;20957.098675;20957.101697;20957.134035;20957.195980;782164;782164;782164;9778;27;12514624;12514664;100.000;622.944;622.944;6.473;7.295;3003.519;3.954;0.000;0.000;5.199;6.657;0.002;15.811;15.811;74.192;94.282;32.338;16.769;48.892;2.369;0.744;0.464;1.591;0.031;3.023;97.305;95.437;29.704;3.630;1.706;3.630;0.003;0.388;5.162;0.155;0;2;28.132;28.133;nan;nan;nan;26884;1;0;0;0;0;0;0
105;1;1;1;IDLE;0.000;0.000;1.000;20957.132230;20957.137609;20957.170974;20957.227378;783021;783021;783021;9788;29;12528336;12528376;100.000;660.676;660.676;6.834;7.718;3006.810;4.350;0.000;0.000;5.681;8.517;0.004;18.548;18.548;70.806;89.770;33.366;20.662;55.590;3.017;0.765;0.460;1.405;0.034;5.378;95.148;93.503;35.911;2.578;1.760;2.578;0.002;0.202;5.297;0.159;0;1;33.517;33.518;nan;nan;nan;28388;1;0;0;0;0;0;0
106;1;1;1;IDLE;0.000;0.000;1.000;20957.167400;20957.172919;20957.204552;20957.255741;786829;786829;786829;9836;138;12589264;12589304;100.000;673.041;673.041;33.094;37.379;3021.433;4.053;0.000;0.000;4.321;8.014;0.005;16.388;16.388;64.117;82.822;31.633;19.787;51.806;1.705;0.750;0.442;1.395;0.028;5.519;88.341;88.532;35.311;1.977;1.774;1.977;0.002;0.590;5.058;0.152;0;2;30.835;30.838;nan;nan;nan;137804;1;0;0;0;0;0;0
107;1;1;1;IDLE;0.000;0.000;1.000;20957.198447;20957.201471;20957.234358;20957.295804;789365;789365;789365;9868;30;12629840;12629880;100.000;618.683;618.683;7.015;7.930;3031.171;3.998;0.000;0.000;5.179;7.082;0.002;16.259;16.259;73.919;94.333;32.887;17.236;49.440;2.194;0.758;0.455;1.739;0.034;3.023;97.357;95.262;28.551;4.782;1.962;4.782;0.003;0.208;5.091;0.153;0;2;28.460;28.462;nan;nan;nan;29140;1;0;0;0;0;0;0
108;1;1;1;IDLE;0.000;0.000;1.000;20957.231887;20957.236091;20957.272657;20957.326917;790807;790807;790807;9886;25;12652912;12652952;100.000;623.207;623.207;5.842;6.600;3036.708;4.229;0.000;0.000;6.687;8.942;0.003;19.858;19.858;70.523;90.826;36.567;21.864;54.306;3.529;0.782;0.462;1.871;0.043;4.204;95.030;93.041;34.620;1.287;1.920;1.287;0.015;0.617;5.500;0.165;0;1;32.085;32.086;nan;nan;nan;24252;1;0;0;0;0;0;0
109;1;1;1;IDLE;0.000;0.000;1.000;20957.266751;20957.271633;20957.305795;20957.355000;789334;789334;789334;9867;23;12629344;12629384;100.000;641.252;641.252;5.345;6.042;3031.052;4.275;0.000;0.000;4.447;9.019;0.002;17.741;17.741;63.673;83.368;34.162;21.281;51.933;1.806;0.767;0.453;1.392;0.029;4.882;88.249;87.791;35.542;2.208;1.938;2.208;0.002;0.998;5.241;0.157;0;2;30.136;30.140;nan;nan;nan;22184;1;0;0;0;0;0;0
110;1;1;1;IDLE;0.000;0.000;1.000;20957.298179;20957.301190;20957.333876;20957.394463;783753;783753;783753;9797;24;12540048;12540088;100.000;608.985;608.985;5.661;6.389;3009.621;3.967;0.000;0.000;4.915;7.034;0.002;15.916;15.916;72.681;93.273;32.686;17.063;48.691;2.124;0.777;0.479;1.504;0.031;3.011;96.284;93.921;29.557;3.776;2.053;3.776;0.003;0.142;5.162;0.155;0;2;28.154;28.156;nan;nan;nan;23500;1;0;0;0;0;0;0
111;1;1;1;IDLE;0.000;0.000;1.000;20957.332042;20957.337125;20957.371947;20957.429046;781240;781240;781240;9766;28;12499840;12499880;100.000;658.574;658.574;6.564;7.416;2999.971;4.441;0.000;0.000;6.750;8.969;0.001;20.160;20.160;72.940;91.921;34.822;21.931;57.892;3.723;1.048;0.465;1.481;0.032;5.083;97.004;95.170;35.935;2.602;2.087;2.602;0.002;0.119;5.584;0.168;0;1;31.481;31.482;nan;nan;nan;27260;1;0;0;0;0;0;0
112;1;1;1;IDLE;0.000;0.000;1.000;20957.366794;20957.371244;20957.402017;20957.460999;781247;781247;781247;9766;28;12499952;12499992;100.000;657.614;657.614;6.699;7.551;2999.998;4.150;0.000;0.000;4.192;7.016;0.351;15.358;15.358;70.746;89.755;30.773;17.111;49.908;1.556;0.767;0.452;1.392;0.025;4.451;94.205;93.790;34.119;0.786;2.006;0.786;0.002;0.554;5.239;0.157;0;2;34.040;34.044;nan;nan;nan;27824;1;0;0;0;0;0;0
113;1;1;1;IDLE;0.000;0.000;1.000;20957.398377;20957.401821;20957.436550;20957.495549;783523;783523;783523;9795;29;12536368;12536408;100.000;615.807;615.807;6.834;7.718;3008.738;4.118;0.000;0.000;6.832;7.468;0.002;18.418;18.418;73.371;93.728;34.729;19.650;53.032;4.133;0.742;0.431;1.486;0.040;3.444;97.172;95.007;30.577;2.756;2.052;2.756;0.003;0.067;5.642;0.169;0;2;31.565;31.566;nan;nan;nan;28388;1;0;0;0;0;0;0
114;1;1;1;IDLE;0.000;0.000;1.000;20957.432204;20957.435353;20957.467768;20957.527436;783046;783046;783046;9789;31;12528736;12528776;100.000;619.021;619.021;7.285;8.232;3006.906;4.226;0.000;0.000;5.038;6.613;0.003;15.876;15.876;71.844;92.084;32.415;17.241;48.979;2.293;0.776;0.460;1.480;0.029;3.149;95.233;93.561;33.532;0.198;1.937;0.198;0.002;0.522;5.494;0.165;0;2;34.391;34.392;nan;nan;nan;30268;1;0;0;0;0;0;0
115;1;1;1;IDLE;0.000;0.000;1.000;20957.465283;20957.468900;20957.504531;20957.562289;785712;785712;785712;9822;29;12571392;12571432;100.000;608.552;608.552;6.879;7.763;3017.144;4.213;0.000;0.000;5.957;8.291;0.002;18.461;18.461;72.732;93.390;35.631;19.768;51.811;3.339;0.744;0.439;1.401;0.035;3.617;97.007;95.080;33.547;0.214;1.829;0.214;0.002;0.722;5.615;0.168;0;2;31.192;31.195;nan;nan;nan;28576;1;0;0;0;0;0;0
116;1;1;1;IDLE;0.000;0.000;1.000;20957.498363;20957.501737;20957.535483;20957.594586;788409;788409;788409;9856;29;12614544;12614584;100.000;605.401;605.401;6.834;7.718;3027.500;4.286;0.000;0.000;4.840;7.170;0.003;16.296;16.296;72.013;92.850;33.746;17.551;48.291;2.192;0.765;0.454;1.398;0.031;3.373;96.223;94.044;32.837;0.496;1.746;0.496;0.002;0.896;5.424;0.163;0;2;33.973;33.975;nan;nan;nan;28388;1;0;0;0;0;0;0
117;1;1;1;IDLE;0.000;0.000;1.000;20957.532281;20957.536535;20957.570413;20957.629598;785289;785289;785289;9817;27;12564624;12564664;100.000;633.749;633.749;6.473;7.295;3015.519;4.173;0.000;0.000;5.879;8.021;0.002;18.073;18.073;73.237;93.063;33.879;19.420;53.346;3.263;0.751;0.438;1.393;0.035;4.254;97.317;95.722;34.798;1.465;1.728;1.465;0.017;0.134;5.543;0.166;0;2;32.191;32.192;nan;nan;nan;26884;1;0;0;0;0;0;0
118;1;1;1;IDLE;0.000;0.000;1.000;20957.565086;20957.568175;20957.603491;20957.661656;784314;784314;784314;9804;27;12549024;12549064;100.000;602.982;602.982;6.293;7.114;3011.775;3.995;0.000;0.000;5.578;8.017;0.004;17.591;17.591;72.669;93.481;35.316;18.817;49.810;2.799;0.757;0.463;1.528;0.032;3.089;96.570;94.447;31.640;1.693;1.726;1.693;0.003;0.905;5.555;0.167;0;2;34.119;34.121;nan;nan;nan;26132;1;0;0;0;0;0;0
119;1;1;1;IDLE;0.000;0.000;1.000;20957.598703;20957.602213;20957.638797;20957.695984;784830;784830;784830;9811;27;12557280;12557320;100.000;607.022;607.022;6.473;7.295;3013.757;4.202;0.000;0.000;6.660;8.239;0.002;19.101;19.101;73.084;93.771;36.584;20.370;52.212;3.350;1.121;0.440;1.714;0.035;3.509;97.281;95.442;34.038;0.705;1.662;0.705;0.003;0.995;5.837;0.175;0;2;31.095;31.096;nan;nan;nan;26884;1;0;0;0;0;0;0
120;1;1;1;IDLE;0.000;0.000;1.000;20957.631995;20957.635139;20957.670137;20957.727915;784742;784742;784742;9810;28;12555872;12555912;100.000;588.992;588.992;6.564;7.416;3013.419;4.001;0.000;0.000;5.179;7.504;0.002;16.685;16.685;71.459;92.776;34.998;17.984;47.673;2.197;0.766;0.464;1.723;0.029;3.143;95.920;94.040;32.926;0.407;1.584;0.407;0.002;0.994;5.675;0.170;0;2;33.348;33.349;nan;nan;nan;27260;1;0;0;0;0;0;0
121;1;1;1;IDLE;0.000;0.000;1.000;20957.665709;20957.669250;20957.704987;20957.762025;787186;787186;787186;9840;142;12594976;12595016;100.000;605.431;605.431;33.996;38.406;3022.804;4.412;0.000;0.000;5.897;8.279;0.008;18.588;18.588;71.971;92.775;35.737;20.035;52.013;3.269;0.755;0.436;1.403;0.034;3.541;96.316;94.816;34.111;0.778;1.533;0.778;0.003;0.754;5.736;0.172;0;2;31.202;31.205;nan;nan;nan;141564;1;0;0;0;0;0;0
122;1;1;1;IDLE;0.000;0.000;1.000;20957.698279;20957.701327;20957.735931;20957.794546;792161;792161;792161;9903;29;12674576;12674616;100.000;614.723;614.723;6.970;7.853;3041.908;4.063;0.000;0.000;5.003;8.174;0.002;17.241;17.241;72.600;93.218;34.603;18.495;49.823;2.248;0.846;0.473;1.407;0.030;3.049;96.267;94.003;32.077;1.256;1.516;1.256;0.003;0.804;5.555;0.167;0;2;34.264;34.265;nan;nan;nan;28952;1;0;0;0;0;0;0
123;1;1;1;IDLE;0.000;0.000;1.000;20957.731837;20957.735256;20957.770879;20957.829277;788290;788290;788290;9854;23;12612640;12612680;100.000;611.666;611.666;5.526;6.222;3027.043;4.129;0.000;0.000;6.118;8.013;0.001;18.260;18.260;73.400;94.020;35.623;19.421;51.258;3.493;0.755;0.434;1.400;0.036;3.419;97.439;95.401;33.929;0.596;1.458;0.596;0.003;0.867;5.700;0.171;0;2;31.677;31.678;nan;nan;nan;22936;1;0;0;0;0;0;0
124;1;1;1;IDLE;0.000;0.000;1.000;20957.765196;20957.768734;20957.801670;20957.861195;789222;789222;789222;9866;23;12627552;12627592;100.000;605.256;605.256;5.526;6.222;3030.622;4.360;0.000;0.000;4.929;6.735;0.003;16.024;16.024;71.597;92.461;32.935;17.330;48.652;2.205;0.788;0.474;1.431;0.031;3.539;95.999;93.986;33.478;0.144;1.376;0.144;0.002;0.405;5.510;0.165;0;2;34.338;34.340;nan;nan;nan;22936;1;0;0;0;0;0;0
125;1;1;1;IDLE;0.000;0.000;1.000;20957.798638;20957.802059;20957.839040;20957.894831;787173;787173;787173;9840;25;12594768;12594808;100.000;597.893;597.893;5.932;6.691;3022.754;4.249;0.000;0.000;6.121;9.019;0.002;19.389;19.389;71.706;92.772;36.981;20.899;52.429;3.481;0.745;0.442;1.418;0.034;3.421;96.193;94.288;33.325;0.009;1.291;0.009;0.002;0.772;5.668;0.170;0;2;31.169;31.171;nan;nan;nan;24628;1;0;0;0;0;0;0
126;1;1;1;IDLE;0.000;0.000;1.000;20957.831508;20957.834747;20957.867706;20957.928042;776279;776279;776279;9704;27;12420464;12420504;100.000;609.188;609.188;6.293;7.114;2980.921;4.136;0.000;0.000;4.934;6.610;0.002;15.680;15.680;72.906;93.295;32.958;16.807;47.575;2.069;0.768;0.481;1.582;0.034;3.239;96.534;94.167;32.689;0.645;1.250;0.645;0.009;1.016;5.487;0.165;0;2;33.732;33.733;nan;nan;nan;26132;1;0;0;0;0;0;0
127;1;1;1;IDLE;0.000;0.000;1.000;20957.865046;20957.868518;20957.902216;20957.962065;773912;773912;773912;9674;28;12382592;12382632;100.000;627.913;627.913;6.609;7.461;2971.832;4.169;0.000;0.000;6.568;7.045;0.002;17.782;17.782;73.826;93.547;33.698;19.009;52.769;3.391;1.087;0.443;1.614;0.033;3.472;97.018;94.856;33.771;0.437;1.200;0.437;0.002;0.361;5.761;0.173;0;2;32.866;32.869;nan;nan;nan;27448;1;0;0;0;0;0;0
128;1;1;1;IDLE;0.000;0.000;1.000;20957.898728;20957.902457;20957.935102;20957.994762;773302;773302;773302;9667;29;12372832;12372872;100.000;597.071;597.071;6.879;7.763;2969.489;4.054;0.000;0.000;4.835;6.838;0.003;15.728;15.728;71.582;92.305;32.645;17.039;48.178;2.092;0.747;0.458;1.509;0.030;3.729;96.034;94.219;33.939;0.605;1.162;0.605;0.002;0.245;5.533;0.166;0;2;33.796;33.799;nan;nan;nan;28576;1;0;0;0;0;0;0
129;1;1;1;IDLE;0.000;0.000;1.000;20957.932272;20957.935736;20957.969582;20958.029571;777001;777001;777001;9713;29;12432016;12432056;100.000;612.336;612.336;6.879;7.763;2983.693;4.089;0.000;0.000;5.993;7.257;0.002;17.339;17.339;73.533;93.835;33.846;18.478;51.228;3.259;0.762;0.440;1.498;0.034;3.464;97.299;95.696;33.279;0.054;1.093;0.054;0.002;0.291;5.653;0.170;0;2;32.432;32.434;nan;nan;nan;28576;1;0;0;0;0;0;0
130;1;1;1;IDLE;0.000;0.000;1.000;20957.965123;20957.968215;20958.002246;20958.060554;783174;783174;783174;9790;28;12530784;12530824;100.000;616.162;616.162;6.609;7.461;3007.398;4.204;0.000;0.000;6.185;7.179;0.003;17.568;17.568;72.002;92.339;34.031;19.025;51.624;3.496;0.759;0.438;1.456;0.035;3.092;95.431;93.345;32.479;0.854;1.078;0.854;0.003;0.326;5.789;0.174;0;2;34.501;34.503;nan;nan;nan;27448;1;0;0;0;0;0;0
131;1;1;1;IDLE;0.000;0.000;1.000;20957.998866;20958.003101;20958.039504;20958.088681;786108;786108;786108;9827;28;12577728;12577768;100.000;614.426;614.426;6.699;7.551;3018.664;4.167;0.000;0.000;5.967;9.018;0.002;19.152;19.152;65.109;85.580;36.403;22.380;52.612;3.350;0.739;0.439;1.403;0.036;4.236;89.815;88.139;34.886;1.553;1.108;1.553;0.002;0.944;5.839;0.175;0;2;30.063;30.064;nan;nan;nan;27824;1;0;0;0;0;0;0
132;1;1;1;IDLE;0.000;0.000;1.000;20958.031316;20958.034405;20958.068573;20958.128806;785622;785622;785622;9821;28;12569952;12569992;100.000;611.587;611.587;6.564;7.416;3016.798;3.948;0.000;0.000;5.221;7.991;0.001;17.161;17.161;73.848;94.401;34.167;18.179;50.227;2.402;0.772;0.480;1.534;0.032;3.090;97.491;94.931;31.304;2.029;1.166;2.029;0.003;0.398;5.687;0.171;0;2;28.094;28.096;nan;nan;nan;27260;1;0;0;0;0;0;0
133;1;1;1;IDLE;0.000;0.000;1.000;20958.065265;20958.069829;20958.105658;20958.161866;787265;787265;787265;9841;27;12596240;12596280;100.000;625.047;625.047;6.428;7.249;3023.107;4.372;0.000;0.000;6.031;9.012;0.003;19.415;19.415;71.884;92.037;35.829;21.095;54.189;3.355;0.779;0.460;1.403;0.035;4.564;96.601;94.657;35.423;2.090;1.223;2.090;0.003;0.630;5.778;0.173;0;1;32.156;32.159;nan;nan;nan;26696;1;0;0;0;0;0;0
134;1;1;1;IDLE;0.000;0.000;1.000;20958.099027;20958.104593;20958.137796;20958.197158;787734;787734;787734;9847;27;12603744;12603784;100.000;631.988;631.988;6.473;7.295;3024.908;4.381;0.000;0.000;4.241;8.079;0.002;16.701;16.701;72.622;92.565;33.203;18.043;50.299;1.605;0.758;0.452;1.399;0.028;5.566;98.131;96.615;34.764;1.431;1.236;1.431;0.002;0.937;5.398;0.162;0;2;32.145;32.146;nan;nan;nan;26884;1;0;0;0;0;0;0
135;1;1;1;IDLE;0.000;0.000;1.000;20958.131684;20958.134893;20958.170536;20958.229109;786766;786766;786766;9835;28;12588256;12588296;100.000;607.246;607.246;6.699;7.551;3021.191;4.121;0.000;0.000;6.211;7.736;0.003;18.068;18.068;73.485;94.216;35.643;19.177;50.691;3.575;0.771;0.440;1.391;0.033;3.209;97.425;95.233;30.300;3.033;1.349;3.033;0.013;0.952;5.604;0.168;0;2;34.353;34.354;nan;nan;nan;27824;1;0;0;0;0;0;0
136;1;1;1;IDLE;0.000;0.000;1.000;20958.165656;20958.170188;20958.207305;20958.261792;787622;787622;787622;9846;131;12601952;12601992;100.000;601.300;601.300;31.425;35.491;3024.478;4.139;0.000;0.000;5.975;9.427;0.014;19.542;19.542;70.646;91.604;37.117;21.333;52.650;3.300;0.742;0.440;1.458;0.034;4.532;96.136;94.583;35.295;1.962;1.387;1.962;0.002;0.753;5.702;0.171;0;2;31.224;31.227;nan;nan;nan;130848;1;0;0;0;0;0;0
137;1;1;1;IDLE;0.000;0.000;1.000;20958.197849;20958.200878;20958.237970;20958.294752;784509;784509;784509;9807;33;12552144;12552184;100.000;612.013;612.013;7.737;8.745;3012.524;3.965;0.000;0.000;4.762;11.092;0.002;19.820;19.820;73.364;93.874;37.093;21.113;53.434;2.111;0.757;0.451;1.413;0.030;3.029;96.903;94.210;30.690;2.643;1.465;2.643;0.003;0.725;5.470;0.164;0;2;34.911;34.912;nan;nan;nan;32148;1;0;0;0;0;0;0
138;1;1;1;IDLE;0.000;0.000;1.000;20958.232214;20958.235377;20958.270043;20958.330163;782962;782962;782962;9788;27;12527392;12527432;100.000;595.621;595.621;6.473;7.295;3006.584;4.056;0.000;0.000;5.362;8.020;0.002;17.437;17.437;73.753;94.785;34.666;18.396;50.301;2.590;0.758;0.462;1.514;0.038;3.163;97.949;96.287;34.499;1.166;1.447;1.166;0.003;0.248;5.446;0.163;0;2;32.726;32.727;nan;nan;nan;26884;1;0;0;0;0;0;0
139;1;1;1;IDLE;0.000;0.000;1.000;20958.265519;20958.268581;20958.302118;20958.360346;785441;785441;785441;9819;28;12567056;12567096;100.000;592.480;592.480;6.609;7.461;3016.103;4.290;0.000;0.000;4.940;7.015;0.004;16.245;16.245;70.553;91.764;33.537;17.703;48.441;2.249;0.771;0.464;1.426;0.029;3.063;94.827;93.137;33.204;0.129;1.364;0.129;0.003;0.367;5.322;0.160;0;2;35.055;35.057;nan;nan;nan;27448;1;0;0;0;0;0;0
140;1;1;1;IDLE;0.000;0.000;1.000;20958.298758;20958.302028;20958.337933;20958.388380;786857;786857;786857;9836;27;12589712;12589752;100.000;601.744;601.744;6.338;7.159;3021.540;4.243;0.000;0.000;7.177;7.749;0.002;19.168;19.168;65.430;86.352;35.905;22.198;53.386;4.408;0.740;0.443;1.549;0.036;3.271;89.623;87.838;33.447;0.113;1.286;0.113;0.002;0.054;5.791;0.174;0;2;30.158;30.159;nan;nan;nan;26320;1;0;0;0;0;0;0
141;1;1;1;IDLE;0.000;0.000;1.000;20958.331743;20958.334834;20958.367001;20958.428836;786209;786209;786209;9828;29;12579344;12579384;100.000;616.124;616.124;6.970;7.853;3019.052;3.861;0.000;0.000;5.066;6.644;0.001;15.570;15.570;73.584;94.001;32.167;16.564;48.405;2.103;0.773;0.478;1.679;0.033;3.092;97.093;94.960;32.806;0.527;1.239;0.527;0.003;0.037;5.615;0.168;0;2;28.019;28.021;nan;nan;nan;28952;1;0;0;0;0;0;0
142;1;1;1;IDLE;0.000;0.000;1.000;20958.365100;20958.369609;20958.405361;20958.460466;785895;785895;785895;9824;31;12574320;12574360;100.000;653.473;653.473;7.421;8.367;3017.846;4.217;0.000;0.000;5.998;10.026;0.003;20.242;20.242;71.615;90.857;35.752;22.279;56.619;3.352;0.765;0.457;1.393;0.031;4.508;95.366;93.257;34.774;1.441;1.251;1.441;0.002;0.482;5.713;0.171;0;1;33.498;33.499;nan;nan;nan;30832;1;0;0;0;0;0;0
143;1;1;1;IDLE;0.000;0.000;1.000;20958.400922;20958.406600;20958.437179;20958.488607;783109;783109;783109;9789;32;12529744;12529784;100.000;696.868;696.868;7.511;8.488;3007.148;3.935;0.000;0.000;4.218;7.762;0.002;15.915;15.915;64.027;82.007;30.579;19.407;52.046;1.614;0.747;0.433;1.397;0.027;5.678;87.686;88.065;36.991;3.658;1.402;3.658;0.010;0.608;5.344;0.160;0;2;31.047;31.048;nan;nan;nan;31208;1;0;0;0;0;0;0
144;1;1;1;IDLE;0.000;0.000;1.000;20958.432059;20958.435287;20958.467176;20958.522712;783994;783994;783994;9800;33;12543904;12543944;100.000;620.382;620.382;7.782;8.790;3010.547;4.166;0.000;0.000;4.940;6.690;0.002;15.796;15.796;67.205;87.425;31.889;18.068;49.533;2.190;0.769;0.481;1.471;0.029;3.227;90.652;88.836;28.687;4.647;1.605;4.647;0.002;0.037;5.246;0.157;0;2;28.117;28.118;nan;nan;nan;32336;1;0;0;0;0;0;0
145;1;1;1;IDLE;0.000;0.000;1.000;20958.465179;20958.470006;20958.501993;20958.562980;785959;785959;785959;9825;32;12575344;12575384;100.000;641.213;641.213;7.511;8.488;3018.092;4.325;0.000;0.000;4.449;7.424;0.002;16.198;16.198;73.362;92.974;31.987;17.422;50.640;1.748;0.748;0.442;1.484;0.026;4.827;97.801;95.771;34.719;1.386;1.591;1.386;0.002;0.500;5.051;0.152;0;1;28.134;28.139;nan;nan;nan;31208;1;0;0;0;0;0;0
146;1;1;1;IDLE;0.000;0.000;1.000;20958.499244;20958.504384;20958.538162;20958.593847;789030;789030;789030;9863;32;12624480;12624520;100.000;652.423;652.423;7.466;8.443;3029.885;4.214;0.000;0.000;4.998;8.479;0.003;17.691;17.691;70.113;89.463;33.778;19.775;52.374;2.347;0.766;0.461;1.397;0.028;5.140;94.603;93.305;34.378;1.045;1.557;1.045;0.002;0.949;5.043;0.151;0;1;33.293;33.294;nan;nan;nan;31020;1;0;0;0;0;0;0
147;1;1;1;IDLE;0.000;0.000;1.000;20958.533533;20958.538583;20958.572241;20958.621928;794594;794594;794594;9933;32;12713504;12713544;100.000;646.814;646.814;7.692;8.669;3051.251;4.126;0.000;0.000;4.701;8.511;0.002;17.338;17.338;63.689;83.345;33.658;20.803;51.514;2.079;0.748;0.443;1.402;0.029;5.051;88.395;88.052;34.200;0.866;1.514;0.866;0.002;0.787;4.965;0.149;0;2;30.114;30.115;nan;nan;nan;31960;1;0;0;0;0;0;0
148;1;1;1;IDLE;0.000;0.000;1.000;20958.564704;20958.568011;20958.601816;20958.662916;797998;797998;797998;9975;31;12767968;12768008;100.000;612.658;612.658;7.331;8.277;3064.322;4.012;0.000;0.000;4.970;7.945;0.002;16.927;16.927;74.064;94.905;33.805;17.836;50.073;2.135;0.787;0.482;1.535;0.030;3.307;98.212;95.707;29.427;3.906;1.663;3.906;0.002;0.047;4.969;0.149;0;2;28.053;28.055;nan;nan;nan;30456;1;0;0;0;0;0;0
149;1;1;1;IDLE;0.000;0.000;1.000;20958.598539;20958.603235;20958.638615;20958.693205;798639;798639;798639;9983;31;12778224;12778264;100.000;654.331;654.331;7.376;8.322;3066.783;4.349;0.000;0.000;6.420;8.729;0.004;19.498;19.498;70.440;89.969;35.379;21.672;55.112;3.468;0.782;0.460;1.675;0.035;4.697;94.666;92.662;35.225;1.891;1.677;1.891;0.002;0.698;5.339;0.160;0;1;33.026;33.028;nan;nan;nan;30644;1;0;0;0;0;0;0
150;1;1;1;IDLE;0.000;0.000;1.000;20958.633903;20958.638493;20958.671983;20958.722939;796693;796693;796693;9959;31;12747088;12747128;100.000;636.453;636.453;7.240;8.186;3059.311;4.122;0.000;0.000;4.363;9.023;0.003;17.508;17.508;64.417;84.446;33.491;20.733;52.276;1.740;0.758;0.435;1.397;0.033;4.589;89.035;89.063;35.257;1.924;1.693;1.924;0.002;0.074;5.100;0.153;0;2;30.240;30.242;nan;nan;nan;30080;1;0;0;0;0;0;0
151;1;1;1;IDLE;0.000;0.000;1.000;20958.664756;20958.667773;20958.702052;20958.762056;794717;794717;794717;9934;138;12715472;12715512;100.000;625.349;625.349;33.094;37.379;3051.723;3.928;0.000;0.000;5.078;8.014;0.006;17.020;17.020;73.950;94.284;34.280;18.052;49.651;2.190;0.779;0.480;1.601;0.028;3.017;97.300;94.847;29.280;4.053;1.840;4.053;0.002;0.850;5.097;0.153;0;2;28.891;28.896;nan;nan;nan;137804;1;0;0;0;0;0;0
152;1;1;1;IDLE;0.000;0.000;1.000;20958.698520;20958.704286;20958.738713;20958.793853;792861;792861;792861;9911;29;12685776;12685816;100.000;670.165;670.165;6.924;7.808;3044.596;4.302;0.000;0.000;6.216;8.594;0.002;19.112;19.112;70.638;89.567;34.427;21.338;55.514;3.374;0.775;0.459;1.571;0.037;5.765;95.333;93.311;36.513;3.180;1.924;3.180;0.008;0.679;5.382;0.161;0;1;31.934;31.935;nan;nan;nan;28764;1;0;0;0;0;0;0
153;1;1;1;IDLE;0.000;0.000;1.000;20958.732792;20958.737705;20958.770212;20958.822394;792789;792789;792789;9910;24;12684624;12684664;100.000;629.114;629.114;5.706;6.434;3044.319;4.041;0.000;0.000;4.160;8.022;0.003;16.223;16.223;64.526;84.689;32.507;19.156;49.906;1.528;0.773;0.440;1.393;0.027;4.912;89.601;88.518;33.419;0.086;1.809;0.086;0.002;0.159;5.081;0.152;0;2;31.660;31.660;nan;nan;nan;23688;1;0;0;0;0;0;0
154;1;1;1;IDLE;0.000;0.000;1.000;20958.765101;20958.768135;20958.802285;20958.862114;792309;792309;792309;9904;24;12676944;12676984;100.000;616.802;616.802;5.571;6.299;3042.476;4.185;0.000;0.000;5.143;8.016;0.001;17.344;17.344;73.426;93.979;34.150;18.455;50.788;2.375;0.802;0.458;1.476;0.033;3.034;97.013;94.905;30.430;2.903;1.878;2.903;0.003;0.435;5.100;0.153;0;2;28.120;28.121;nan;nan;nan;23124;1;0;0;0;0;0;0
155;1;1;1;IDLE;0.000;0.000;1.000;20958.798974;20958.803574;20958.837904;20958.894520;791925;791925;791925;9900;26;12670800;12670840;100.000;638.399;638.399;6.022;6.812;3041.002;4.187;0.000;0.000;5.553;8.554;0.003;18.295;18.295;71.098;90.946;34.330;20.116;53.291;2.908;0.768;0.446;1.399;0.032;4.600;95.546;93.978;35.439;2.106;1.892;2.106;0.003;0.372;5.218;0.157;0;1;32.761;32.762;nan;nan;nan;25004;1;0;0;0;0;0;0
156;1;1;1;IDLE;0.000;0.000;1.000;20958.833363;20958.838507;20958.870445;20958.929092;793795;793795;793795;9923;29;12700720;12700760;100.000;656.712;656.712;6.924;7.808;3048.182;4.007;0.000;0.000;4.238;8.020;0.002;16.265;16.265;71.245;90.585;31.938;17.955;50.925;1.610;0.765;0.440;1.393;0.030;5.144;95.729;95.216;34.933;1.600;1.874;1.600;0.002;0.338;4.978;0.149;0;2;32.091;32.092;nan;nan;nan;28764;1;0;0;0;0;0;0
157;1;1;1;IDLE;0.000;0.000;1.000;20958.865074;20958.868209;20958.903059;20958.961140;793460;793460;793460;9919;29;12695360;12695400;100.000;598.304;598.304;6.789;7.673;3046.896;4.158;0.000;0.000;5.072;7.551;0.003;16.781;16.781;71.712;92.931;34.850;18.058;48.153;2.168;0.773;0.462;1.640;0.030;3.135;96.066;93.931;29.701;3.632;1.983;3.632;0.002;1.004;5.004;0.150;0;2;33.581;33.582;nan;nan;nan;28200;1;0;0;0;0;0;0
158;1;1;1;IDLE;0.000;0.000;1.000;20958.899279;20958.903610;20958.938604;20958.990776;795527;795527;795527;9945;29;12728432;12728472;100.000;631.783;631.783;6.834;7.718;3054.833;4.204;0.000;0.000;5.301;9.021;0.002;18.525;18.525;67.019;87.166;34.994;21.253;52.939;2.673;0.758;0.440;1.399;0.031;4.331;91.497;90.234;35.402;2.068;1.989;2.068;0.003;0.522;5.083;0.153;0;2;31.554;31.555;nan;nan;nan;28388;1;0;0;0;0;0;0
159;1;1;1;IDLE;0.000;0.000;1.000;20958.931644;20958.934852;20958.969058;20959.028693;798776;798776;798776;9985;30;12780416;12780456;100.000;599.071;599.071;7.105;8.020;3067.309;4.265;0.000;0.000;4.933;7.402;0.002;16.599;16.599;72.507;93.842;34.206;17.689;48.528;2.275;0.776;0.450;1.402;0.030;3.207;97.049;94.818;31.242;2.092;1.995;2.092;0.003;0.533;5.049;0.151;0;2;29.115;29.116;nan;nan;nan;29516;1;0;0;0;0;0;0
160;1;1;1;IDLE;0.000;0.000;1.000;20958.965846;20958.970814;20959.005710;20959.062253;799362;799362;799362;9993;29;12789792;12789832;100.000;638.649;638.649;6.970;7.853;3069.560;4.283;0.000;0.000;5.441;8.968;0.002;18.693;18.693;71.412;91.439;34.896;20.443;53.566;2.736;0.774;0.457;1.441;0.033;4.968;96.407;95.044;35.962;2.629;2.035;2.629;0.002;0.458;5.152;0.155;0;1;31.945;31.948;nan;nan;nan;28952;1;0;0;0;0;0;0
161;1;1;1;IDLE;0.000;0.000;1.000;20958.999235;20959.004177;20959.035757;20959.093943;789777;789777;789777;9873;29;12636432;12636472;100.000;645.404;645.404;6.970;7.853;3032.753;4.283;0.000;0.000;4.881;6.929;0.003;16.093;16.093;70.187;89.766;31.581;17.928;50.960;2.241;0.764;0.455;1.394;0.028;4.942;94.708;93.400;33.363;0.029;1.909;0.029;0.010;0.181;5.092;0.153;0;2;33.421;33.423;nan;nan;nan;28952;1;0;0;0;0;0;0
162;1;1;1;IDLE;0.000;0.000;1.000;20959.032018;20959.035577;20959.071916;20959.122096;790930;790930;790930;9887;29;12654880;12654920;100.000;608.006;608.006;6.789;7.673;3037.181;4.224;0.000;0.000;5.831;9.021;0.002;19.076;19.076;65.704;86.518;36.339;22.049;52.495;3.212;0.750;0.437;1.398;0.034;3.560;90.078;88.220;31.401;1.933;1.911;1.933;0.002;0.670;5.281;0.158;0;2;31.045;31.046;nan;nan;nan;28200;1;0;0;0;0;0;0
163;1;1;1;IDLE;0.000;0.000;1.000;20959.064937;20959.067996;20959.101985;20959.163181;793734;793734;793734;9922;30;12699744;12699784;100.000;608.415;608.415;7.105;8.020;3047.948;4.306;0.000;0.000;5.053;8.021;0.002;17.379;17.379;74.312;95.185;33.989;18.258;51.132;2.289;0.862;0.471;1.400;0.031;3.059;98.245;95.972;32.419;0.915;1.849;0.915;0.002;0.039;5.227;0.157;0;2;28.124;28.129;nan;nan;nan;29516;1;0;0;0;0;0;0
164;1;1;1;IDLE;0.000;0.000;1.000;20959.098527;20959.103111;20959.141146;20959.193850;792883;792883;792883;9912;30;12686128;12686168;100.000;619.487;619.487;7.195;8.110;3044.680;4.396;0.000;0.000;6.505;10.083;0.004;20.984;20.984;70.261;90.739;38.036;23.125;55.169;3.320;0.992;0.459;1.700;0.034;4.584;95.323;93.308;35.115;1.781;1.844;1.781;0.002;0.967;5.553;0.167;0;1;32.114;32.116;nan;nan;nan;29892;1;0;0;0;0;0;0
165;1;1;1;IDLE;0.000;0.000;1.000;20959.132148;20959.137603;20959.171107;20959.222820;791299;791299;791299;9892;31;12660784;12660824;100.000;623.897;623.897;7.421;8.367;3038.598;4.485;0.000;0.000;4.260;8.815;0.002;17.560;17.560;64.924;85.217;33.504;20.606;52.412;1.592;0.774;0.458;1.409;0.028;5.455;90.672;88.944;34.492;1.159;1.802;1.159;0.002;0.133;5.234;0.157;0;2;31.555;31.556;nan;nan;nan;30832;1;0;0;0;0;0;0
166;1;1;1;IDLE;0.000;0.000;1.000;20959.165021;20959.168079;20959.201180;20959.261407;789485;789485;789485;9869;133;12631760;12631800;100.000;615.633;615.633;31.921;36.049;3031.632;3.972;0.000;0.000;5.227;6.979;0.005;16.179;16.179;72.810;93.328;33.101;17.335;48.877;2.501;0.765;0.452;1.479;0.031;3.058;96.387;94.198;30.476;2.857;1.868;2.857;0.002;0.373;5.236;0.157;0;2;28.615;28.617;nan;nan;nan;132916;1;0;0;0;0;0;0
167;1;1;1;IDLE;0.000;0.000;1.000;20959.199309;20959.203571;20959.239305;20959.294576;789977;789977;789977;9875;30;12639632;12639672;100.000;632.815;632.815;7.060;7.975;3033.521;4.214;0.000;0.000;6.060;9.018;0.001;19.292;19.292;71.032;91.006;35.734;21.199;53.988;3.351;0.769;0.462;1.441;0.038;4.262;95.268;94.034;35.492;2.159;1.886;2.159;0.003;0.679;5.448;0.163;0;1;31.117;31.118;nan;nan;nan;29328;1;0;0;0;0;0;0
168;1;1;1;IDLE;0.000;0.000;1.000;20959.232662;20959.237514;20959.267986;20959.329113;791598;791598;791598;9895;26;12665568;12665608;100.000;646.431;646.431;6.022;6.812;3039.746;4.416;0.000;0.000;4.240;6.576;0.002;15.232;15.232;72.006;91.599;30.472;16.629;49.986;1.601;0.765;0.455;1.389;0.030;4.853;96.452;95.238;33.943;0.610;1.806;0.610;0.002;0.060;5.148;0.154;0;2;33.164;33.165;nan;nan;nan;25004;1;0;0;0;0;0;0
169;1;1;1;IDLE;0.000;0.000;1.000;20959.265186;20959.268603;20959.303458;20959.360787;795034;795034;795034;9938;26;12720544;12720584;100.000;609.622;609.622;6.022;6.812;3052.940;4.246;0.000;0.000;5.080;8.013;0.002;17.339;17.339;71.318;92.184;34.855;18.809;49.745;2.159;0.752;0.449;1.689;0.031;3.417;95.601;93.578;31.089;2.245;1.833;2.245;0.003;0.892;5.136;0.154;0;2;33.663;33.667;nan;nan;nan;25004;1;0;0;0;0;0;0
170;1;1;1;IDLE;0.000;0.000;1.000;20959.298768;20959.302561;20959.337496;20959.396189;794863;794863;794863;9936;26;12717808;12717848;100.000;615.456;615.456;6.203;6.993;3052.284;4.093;0.000;0.000;5.846;7.979;0.002;17.918;17.918;72.964;93.628;34.936;19.138;51.289;3.216;0.748;0.441;1.407;0.033;3.792;97.420;95.647;33.958;0.624;1.758;0.624;0.010;0.435;5.319;0.160;0;2;31.267;31.267;nan;nan;nan;25756;1;0;0;0;0;0;0
171;1;1;1;IDLE;0.000;0.000;1.000;20959.331746;20959.334838;20959.369611;20959.426989;794885;794885;794885;9937;28;12718160;12718200;100.000;611.525;611.525;6.564;7.416;3052.368;4.099;0.000;0.000;5.131;8.020;0.003;17.250;17.250;71.354;92.151;34.773;18.719;49.608;2.479;0.767;0.456;1.397;0.032;3.092;95.243;93.113;32.277;1.056;1.714;1.056;0.002;0.822;5.275;0.158;0;2;34.594;34.596;nan;nan;nan;27260;1;0;0;0;0;0;0
172;1;1;1;IDLE;0.000;0.000;1.000;20959.365513;20959.369701;20959.405696;20959.456874;788905;788905;788905;9862;28;12622480;12622520;100.000;607.361;607.361;6.518;7.371;3029.405;4.330;0.000;0.000;5.671;9.021;0.002;19.021;19.021;66.391;87.173;35.996;21.820;52.843;3.016;0.743;0.441;1.439;0.031;4.188;91.361;89.665;34.863;1.530;1.702;1.530;0.002;0.518;5.379;0.161;0;2;30.308;30.311;nan;nan;nan;27072;1;0;0;0;0;0;0
173;1;1;1;IDLE;0.000;0.000;1.000;20959.398264;20959.401305;20959.435765;20959.495031;787376;787376;787376;9843;28;12598016;12598056;100.000;612.217;612.217;6.609;7.461;3023.533;3.990;0.000;0.000;5.084;8.014;0.002;17.088;17.088;73.148;93.726;34.460;18.232;49.589;2.231;0.770;0.472;1.580;0.031;3.041;96.768;94.489;31.605;1.729;1.704;1.729;0.002;0.781;5.308;0.159;0;2;29.117;29.119;nan;nan;nan;27448;1;0;0;0;0;0;0
174;1;1;1;IDLE;0.000;0.000;1.000;20959.432254;20959.437212;20959.471214;20959.529164;791921;791921;791921;9900;29;12670736;12670776;100.000;642.358;642.358;6.924;7.808;3040.986;4.203;0.000;0.000;5.552;8.385;0.001;18.139;18.139;72.227;91.952;34.002;19.727;53.347;2.867;0.765;0.465;1.421;0.034;4.957;96.909;95.288;35.906;2.573;1.758;2.573;0.003;0.336;5.375;0.161;0;1;32.200;32.201;nan;nan;nan;28764;1;0;0;0;0;0;0
175;1;1;1;IDLE;0.000;0.000;1.000;20959.466372;20959.471405;20959.503586;20959.560097;785044;785044;785044;9814;29;12560704;12560744;100.000;646.543;646.543;6.789;7.673;3014.579;4.056;0.000;0.000;4.180;7.679;0.003;15.916;15.916;69.264;88.692;32.181;17.945;49.458;1.561;0.761;0.440;1.392;0.026;5.034;93.726;92.888;34.193;0.860;1.702;0.860;0.002;0.890;5.079;0.152;0;2;33.254;33.255;nan;nan;nan;28200;1;0;0;0;0;0;0
176;1;1;1;IDLE;0.000;0.000;1.000;20959.499057;20959.502710;20959.538400;20959.588181;785759;785759;785759;9822;29;12572144;12572184;100.000;609.148;609.148;6.744;7.628;3017.324;4.294;0.000;0.000;5.781;8.415;0.002;18.490;18.490;64.831;85.471;35.690;21.633;51.806;3.083;0.742;0.434;1.489;0.033;3.653;89.124;87.638;31.305;2.028;1.723;2.028;0.003;0.852;5.260;0.158;0;2;30.108;30.109;nan;nan;nan;28012;1;0;0;0;0;0;0
177;1;1;1;IDLE;0.000;0.000;1.000;20959.531598;20959.534665;20959.568074;20959.629504;782963;782963;782963;9788;30;12527408;12527448;100.000;614.383;614.383;7.015;7.930;3006.588;4.090;0.000;0.000;4.997;7.952;0.002;17.039;17.039;74.449;94.839;33.409;17.966;51.001;2.187;0.766;0.482;1.531;0.031;3.067;97.906;95.629;31.955;1.378;1.701;1.378;0.003;0.066;5.197;0.156;0;2;28.054;28.055;nan;nan;nan;29140;1;0;0;0;0;0;0
178;1;1;1;IDLE;0.000;0.000;1.000;20959.565486;20959.570809;20959.605159;20959.660242;783666;783666;783666;9796;28;12538656;12538696;100.000;658.392;658.392;6.654;7.506;3009.287;4.569;0.000;0.000;5.669;9.021;0.003;19.259;19.259;70.389;89.433;34.350;21.535;56.067;3.011;0.762;0.462;1.398;0.037;5.324;94.757;93.033;36.144;2.811;1.770;2.811;0.002;0.613;5.320;0.160;0;1;33.361;33.364;nan;nan;nan;27636;1;0;0;0;0;0;0
179;1;1;1;IDLE;0.000;0.000;1.000;20959.600227;20959.605155;20959.639237;20959.687417;786714;786714;786714;9834;28;12587424;12587464;100.000;627.109;627.109;6.699;7.551;3020.991;4.084;0.000;0.000;4.240;9.019;0.002;17.344;17.344;62.189;82.262;34.083;21.084;50.889;1.616;0.755;0.441;1.402;0.027;4.928;87.190;86.874;34.346;1.012;1.723;1.012;0.008;0.742;5.055;0.152;0;2;30.021;30.022;nan;nan;nan;27824;1;0;0;0;0;0;0
180;1;1;1;IDLE;0.000;0.000;1.000;20959.631424;20959.634449;20959.667433;20959.729622;787583;787583;787583;9845;27;12601328;12601368;100.000;607.224;607.224;6.428;7.249;3024.328;3.985;0.000;0.000;5.019;7.146;0.002;16.150;16.150;74.421;95.174;32.984;16.969;48.963;2.363;0.765;0.457;1.403;0.031;3.024;98.198;95.747;29.294;4.039;1.868;4.039;0.002;0.063;5.049;0.151;0;2;27.126;27.127;nan;nan;nan;26696;1;0;0;0;0;0;0
181;1;1;1;IDLE;0.000;0.000;1.000;20959.665980;20959.672262;20959.704075;20959.760569;793719;793719;793719;9922;136;12699504;12699544;100.000;696.112;696.112;32.598;36.820;3047.891;4.411;0.000;0.000;4.521;8.707;0.011;17.638;17.638;70.063;88.307;31.813;19.974;55.444;1.878;0.767;0.456;1.396;0.023;6.282;94.588;93.360;37.813;4.480;2.031;4.480;0.002;0.340;4.920;0.148;0;1;34.250;34.252;nan;nan;nan;135736;1;0;0;0;0;0;0
182;1;1;1;IDLE;0.000;0.000;1.000;20959.700853;20959.706626;20959.739247;20959.788645;792329;792329;792329;9905;28;12677264;12677304;100.000;677.414;677.414;6.564;7.416;3042.553;4.066;0.000;0.000;4.251;8.795;0.002;17.111;17.111;63.305;82.020;32.622;20.863;52.454;1.637;0.754;0.439;1.393;0.029;5.772;87.792;88.103;34.363;1.030;1.969;1.030;0.002;0.859;4.757;0.143;0;2;30.114;30.115;nan;nan;nan;27260;1;0;0;0;0;0;0
183;1;1;1;IDLE;0.000;0.000;1.000;20959.731203;20959.734702;20959.767122;20959.829393;801464;801464;801464;10019;23;12823424;12823464;100.000;623.385;623.385;5.345;6.042;3077.631;4.106;0.000;0.000;4.975;6.778;0.002;15.859;15.859;74.121;94.691;32.420;16.749;48.919;2.080;0.774;0.477;1.616;0.029;3.499;98.190;95.517;28.076;5.257;2.174;5.257;0.003;0.093;4.814;0.144;0;2;28.298;28.299;nan;nan;nan;22184;1;0;0;0;0;0;0
184;1;1;1;IDLE;0.000;0.000;1.000;20959.765147;20959.769474;20959.805627;20959.860483;796948;796948;796948;9962;23;12751168;12751208;100.000;630.268;630.268;5.481;6.177;3060.290;4.208;0.000;0.000;6.498;9.019;0.003;19.726;19.726;70.778;91.009;36.153;21.674;54.561;3.719;0.785;0.463;1.495;0.036;4.327;95.336;93.274;34.772;1.439;2.128;1.439;0.003;0.401;5.240;0.157;0;1;32.781;32.783;nan;nan;nan;22748;1;0;0;0;0;0;0
185;1;1;1;IDLE;0.000;0.000;1.000;20959.800034;20959.804740;20959.837415;20959.889885;802598;802598;802598;10033;27;12841568;12841608;100.000;656.228;656.228;6.428;7.249;3081.986;4.241;0.000;0.000;5.051;7.732;0.002;17.024;17.024;65.577;85.146;32.675;19.994;52.101;2.431;0.757;0.437;1.396;0.030;4.706;89.851;89.343;35.266;1.933;2.116;1.933;0.003;0.319;5.198;0.156;0;2;30.797;30.798;nan;nan;nan;26696;1;0;0;0;0;0;0
186;1;1;1;IDLE;0.000;0.000;1.000;20959.831461;20959.834553;20959.867557;20959.928878;797039;797039;797039;9963;29;12752624;12752664;100.000;612.299;612.299;6.879;7.763;3060.639;4.089;0.000;0.000;5.083;6.802;0.002;15.975;15.975;73.498;94.326;33.005;16.936;48.402;2.341;0.798;0.478;1.436;0.031;3.092;97.417;95.003;29.813;3.520;2.204;3.520;0.003;0.288;5.172;0.155;0;2;29.125;29.127;nan;nan;nan;28576;1;0;0;0;0;0;0
187;1;1;1;IDLE;0.000;0.000;1.000;20959.865393;20959.870413;20959.906172;20959.961273;797511;797511;797511;9969;29;12760176;12760216;100.000;641.143;641.143;6.924;7.808;3062.452;4.372;0.000;0.000;5.844;9.329;0.003;19.545;19.545;70.958;90.860;35.759;21.511;54.659;3.136;0.771;0.459;1.444;0.034;5.020;95.880;94.064;35.860;2.527;2.224;2.527;0.002;0.681;5.345;0.160;0;1;32.032;32.034;nan;nan;nan;28764;1;0;0;0;0;0;0
188;1;1;1;IDLE;0.000;0.000;1.000;20959.898966;20959.904338;20959.936080;20959.996908;794879;794879;794879;9936;28;12718064;12718104;100.000;633.505;633.505;6.609;7.461;3052.345;4.101;0.000;0.000;4.428;7.168;0.002;15.697;15.697;72.494;92.570;31.742;16.957;49.451;1.784;0.773;0.449;1.395;0.027;5.372;97.942;96.366;33.925;0.592;2.122;0.592;0.010;0.060;5.120;0.154;0;2;32.357;32.358;nan;nan;nan;27448;1;0;0;0;0;0;0
189;1;1;1;IDLE;0.000;0.000;1.000;20959.931695;20959.934698;20959.969165;20960.027773;793590;793590;793590;9920;28;12697440;12697480;100.000;618.630;618.630;6.654;7.506;3047.395;4.255;0.000;0.000;6.028;7.172;0.004;17.455;17.455;72.549;93.075;34.466;18.754;50.643;3.363;0.769;0.431;1.433;0.032;3.004;96.079;93.897;30.360;2.973;2.175;2.973;0.003;0.738;5.350;0.160;0;2;34.910;34.912;nan;nan;nan;27636;1;0;0;0;0;0;0
190;1;1;1;IDLE;0.000;0.000;1.000;20959.965768;20959.969539;20960.006099;20960.061822;788938;788938;788938;9862;29;12623008;12623048;100.000;616.832;616.832;6.789;7.673;3029.532;4.064;0.000;0.000;6.866;9.022;0.001;19.952;19.952;71.819;92.283;36.560;21.620;54.573;3.886;0.743;0.432;1.768;0.036;3.771;96.054;94.613;34.840;1.507;2.133;1.507;0.003;0.204;5.735;0.172;0;2;30.693;30.694;nan;nan;nan;28200;1;0;0;0;0;0;0
191;1;1;1;IDLE;0.000;0.000;1.000;20959.998772;20960.001745;20960.034954;20960.095419;784846;784846;784846;9811;28;12557536;12557576;100.000;602.646;602.646;6.654;7.506;3013.818;3.814;0.000;0.000;5.171;6.810;0.002;15.795;15.795;72.837;93.675;33.210;16.861;47.561;2.164;0.765;0.458;1.752;0.031;2.973;96.648;94.877;32.206;1.127;2.070;1.127;0.002;0.389;5.597;0.168;0;2;33.675;33.676;nan;nan;nan;27636;1;0;0;0;0;0;0
192;1;1;1;IDLE;0.000;0.000;1.000;20960.031944;20960.035683;20960.070247;20960.128392;788004;788004;788004;9851;29;12608064;12608104;100.000;620.808;620.808;6.744;7.628;3025.945;4.135;0.000;0.000;5.808;8.021;0.003;17.965;17.965;72.400;92.710;34.564;19.377;51.975;3.205;0.740;0.433;1.397;0.033;3.738;96.448;94.517;33.938;0.605;1.979;0.605;0.002;0.422;5.653;0.170;0;2;33.188;33.191;nan;nan;nan;28012;1;0;0;0;0;0;0
193;1;1;1;IDLE;0.000;0.000;1.000;20960.065189;20960.068439;20960.103922;20960.163994;795964;795964;795964;9950;28;12735424;12735464;100.000;611.389;611.389;6.518;7.371;3056.511;4.210;0.000;0.000;6.113;7.608;0.002;17.931;17.931;74.724;95.555;35.483;18.765;50.535;3.162;0.832;0.441;1.636;0.042;3.250;98.805;96.785;32.756;0.577;1.891;0.577;0.002;0.927;5.773;0.173;0;2;32.075;32.077;nan;nan;nan;27072;1;0;0;0;0;0;0
194;1;1;1;IDLE;0.000;0.000;1.000;20960.098903;20960.102117;20960.135325;20960.194596;799207;799207;799207;9991;28;12787312;12787352;100.000;610.499;610.499;6.609;7.461;3068.964;4.416;0.000;0.000;5.287;6.936;0.002;16.640;16.640;71.534;92.480;33.209;17.993;50.106;2.144;0.763;0.460;1.889;0.032;3.213;95.693;94.054;33.678;0.344;1.795;0.344;0.002;0.037;5.660;0.170;0;2;35.601;35.602;nan;nan;nan;27448;1;0;0;0;0;0;0
195;1;1;1;IDLE;0.000;0.000;1.000;20960.132338;20960.135930;20960.173606;20960.228132;799402;799402;799402;9993;29;12790432;12790472;100.000;604.082;604.082;6.744;7.628;3069.713;4.218;0.000;0.000;6.832;9.131;0.002;20.182;20.182;71.028;92.202;37.676;21.889;53.566;4.150;0.760;0.434;1.453;0.035;3.592;95.794;94.256;33.813;0.480;1.712;0.480;0.003;0.536;5.962;0.179;0;2;30.117;30.118;nan;nan;nan;28012;1;0;0;0;0;0;0
196;1;1;1;IDLE;0.000;0.000;1.000;20960.164483;20960.167660;20960.201568;20960.263012;800483;800483;800483;10007;136;12807728;12807768;100.000;622.762;622.762;32.508;36.730;3073.864;3.831;0.000;0.000;5.136;8.036;0.009;17.004;17.004;74.786;95.352;33.908;17.832;50.146;2.170;0.769;0.464;1.701;0.032;3.176;98.529;95.803;31.730;1.604;1.706;1.604;0.010;0.159;5.759;0.173;0;2;34.596;34.598;nan;nan;nan;135360;1;0;0;0;0;0;0
197;1;1;1;IDLE;0.000;0.000;1.000;20960.198498;20960.202294;20960.235603;20960.294130;798336;798336;798336;9980;28;12773376;12773416;100.000;619.382;619.382;6.518;7.371;3065.620;4.449;0.000;0.000;5.192;6.990;0.003;16.631;16.631;71.213;91.836;33.310;18.110;49.929;2.374;0.757;0.457;1.568;0.037;3.796;95.632;93.588;34.634;1.301;1.680;1.301;0.002;0.501;5.620;0.169;0;2;34.394;34.396;nan;nan;nan;27072;1;0;0;0;0;0;0
198;1;1;1;IDLE;0.000;0.000;1.000;20960.232145;20960.235671;20960.272717;20960.323884;798454;798454;798454;9981;22;12775264;12775304;100.000;594.867;594.867;5.300;5.965;3066.073;4.190;0.000;0.000;5.828;9.018;0.002;19.036;19.036;66.737;88.213;37.045;21.580;51.386;3.172;0.757;0.433;1.430;0.036;3.526;91.739;90.009;33.378;0.044;1.578;0.044;0.002;0.720;5.678;0.170;0;2;30.429;30.430;nan;nan;nan;21996;1;0;0;0;0;0;0
199;1;1;1;IDLE;0.000;0.000;1.000;20960.264867;20960.267957;20960.302785;20960.361813;800770;800770;800770;10010;22;12812320;12812360;100.000;614.014;614.014;5.165;5.830;3074.966;3.982;0.000;0.000;5.286;8.012;0.001;17.280;17.280;72.990;93.856;34.828;18.411;49.616;2.473;0.781;0.476;1.524;0.032;3.090;96.946;94.604;32.285;1.048;1.545;1.048;0.003;0.660;5.583;0.167;0;2;29.107;29.109;nan;nan;nan;21432;1;0;0;0;0;0;0
200;1;1;1;IDLE;0.000;0.000;1.000;20960.299450;20960.304373;20960.338659;20960.394975;802378;802378;802378;10030;25;12838048;12838088;100.000;633.878;633.878;5.842;6.600;3081.141;4.316;0.000;0.000;5.106;8.810;0.001;18.231;18.231;70.348;90.601;34.286;20.122;53.173;2.441;0.768;0.449;1.421;0.027;4.923;95.524;94.432;36.417;3.083;1.641;3.083;0.002;0.115;5.469;0.164;0;1;31.961;31.962;nan;nan;nan;24252;1;0;0;0;0;0;0
201;1;1;1;IDLE;0.000;0.000;1.000;20960.332337;20960.337539;20960.368704;20960.429738;805285;805285;805285;10067;28;12884560;12884600;100.000;645.023;645.023;6.518;7.371;3092.304;4.437;0.000;0.000;4.280;6.780;0.002;15.498;15.498;72.223;92.199;31.165;16.809;49.728;1.632;0.771;0.456;1.396;0.026;5.202;97.401;95.862;33.166;0.167;1.549;0.167;0.002;0.126;5.174;0.155;0;2;33.048;33.049;nan;nan;nan;27072;1;0;0;0;0;0;0
202;1;1;1;IDLE;0.000;0.000;1.000;20960.365324;20960.368803;20960.401796;20960.463620;803318;803318;803318;10042;28;12853088;12853128;100.000;603.772;603.772;6.654;7.506;3084.751;4.356;0.000;0.000;4.863;6.795;0.002;16.015;16.015;73.529;94.817;32.993;16.891;48.541;2.124;0.845;0.457;1.408;0.030;3.479;98.296;96.411;31.264;2.070;1.581;2.070;0.003;0.042;5.099;0.153;0;2;34.734;34.736;nan;nan;nan;27636;1;0;0;0;0;0;0
203;1;1;1;IDLE;0.000;0.000;1.000;20960.398839;20960.402410;20960.439106;20960.495295;802036;802036;802036;10026;29;12832576;12832616;100.000;600.430;600.430;6.970;7.853;3079.828;4.337;0.000;0.000;5.921;9.021;0.005;19.278;19.278;71.512;92.884;36.696;20.755;52.535;3.257;0.773;0.436;1.419;0.036;3.572;96.456;94.752;33.607;0.274;1.500;0.274;0.003;0.378;5.310;0.159;0;2;33.530;33.532;nan;nan;nan;28952;1;0;0;0;0;0;0
204;1;1;1;IDLE;0.000;0.000;1.000;20960.431508;20960.434644;20960.472970;20960.529965;810228;810228;810228;10128;29;12963648;12963688;100.000;588.288;588.288;6.744;7.628;3111.285;4.268;0.000;0.000;6.894;8.794;0.003;19.956;19.956;73.285;95.322;38.326;20.935;52.069;3.863;0.812;0.436;1.745;0.038;3.135;98.457;96.090;32.233;1.100;1.475;1.100;0.003;0.598;5.713;0.171;0;2;31.115;31.116;nan;nan;nan;28012;1;0;0;0;0;0;0
205;1;1;1;IDLE;0.000;0.000;1.000;20960.465380;20960.468453;20960.502058;20960.561440;808185;808185;808185;10103;27;12930960;12931000;100.000;608.041;608.041;6.383;7.204;3103.440;4.068;0.000;0.000;5.033;6.733;0.004;15.834;15.834;71.720;92.987;33.605;17.028;47.119;2.220;0.798;0.478;1.503;0.032;3.073;96.060;94.231;33.810;0.476;1.412;0.476;0.025;0.547;5.546;0.166;0;2;34.636;34.639;nan;nan;nan;26508;1;0;0;0;0;0;0
206;1;1;1;IDLE;0.000;0.000;1.000;20960.498775;20960.502000;20960.539037;20960.596105;815223;815223;815223;10191;28;13043568;13043608;100.000;602.336;602.336;6.654;7.506;3130.466;4.372;0.000;0.000;6.272;8.717;0.002;19.362;19.362;72.450;94.105;37.037;20.575;52.277;3.400;0.780;0.438;1.616;0.037;3.225;97.330;95.563;33.547;0.214;1.337;0.214;0.002;0.389;5.733;0.172;0;2;31.116;31.117;nan;nan;nan;27636;1;0;0;0;0;0;0
207;1;1;1;IDLE;0.000;0.000;1.000;20960.531685;20960.534760;20960.569413;20960.627241;799426;799426;799426;9993;28;12790816;12790856;100.000;605.287;605.287;6.654;7.506;3069.805;4.092;0.000;0.000;4.864;7.943;0.003;16.898;16.898;71.349;92.481;34.653;18.272;48.765;2.193;0.774;0.451;1.416;0.029;3.075;95.556;93.366;32.760;0.574;1.290;0.574;0.002;0.711;5.519;0.166;0;2;34.632;34.633;nan;nan;nan;27636;1;0;0;0;0;0;0
208;1;1;1;IDLE;0.000;0.000;1.000;20960.565627;20960.569525;20960.604289;20960.661007;790320;790320;790320;9879;28;12645120;12645160;100.000;618.078;618.078;6.564;7.416;3034.838;4.216;0.000;0.000;6.088;7.816;0.002;18.121;18.121;71.023;91.482;34.764;19.808;52.125;3.463;0.745;0.436;1.408;0.034;3.899;95.381;93.798;34.765;1.432;1.299;1.432;0.002;0.398;5.666;0.170;0;2;30.765;30.766;nan;nan;nan;27260;1;0;0;0;0;0;0
209;1;1;1;IDLE;0.000;0.000;1.000;20960.598217;20960.601297;20960.635564;20960.696028;795945;795945;795945;9950;27;12735120;12735160;100.000;607.708;607.708;6.428;7.249;3056.438;4.163;0.000;0.000;4.969;8.017;0.002;17.149;17.149;73.775;94.731;34.267;18.103;50.046;2.216;0.794;0.479;1.450;0.029;3.080;97.811;95.486;31.772;1.562;1.315;1.562;0.003;0.322;5.495;0.165;0;2;33.458;33.459;nan;nan;nan;26696;1;0;0;0;0;0;0
210;1;1;1;IDLE;0.000;0.000;1.000;20960.631838;20960.636491;20960.669642;20960.727692;792891;792891;792891;9912;28;12686256;12686296;100.000;640.182;640.182;6.699;7.551;3044.711;3.957;0.000;0.000;4.681;8.020;0.004;16.658;16.658;71.385;91.202;33.152;18.265;50.248;2.060;0.746;0.437;1.409;0.029;4.653;95.854;93.816;35.194;1.860;1.349;1.860;0.002;0.631;5.294;0.159;0;2;34.401;34.403;nan;nan;nan;27824;1;0;0;0;0;0;0
211;1;1;1;IDLE;0.000;0.000;1.000;20960.665676;20960.669872;20960.705729;20960.756908;797320;797320;797320;9967;137;12757120;12757160;100.000;619.818;619.818;32.733;36.986;3061.718;4.172;0.000;0.000;5.538;9.021;0.005;18.731;18.731;66.454;87.037;35.857;21.521;52.238;2.898;0.748;0.440;1.421;0.031;4.196;91.233;89.699;33.381;0.048;1.268;0.048;0.003;0.712;5.360;0.161;0;2;30.980;30.981;nan;nan;nan;136300;1;0;0;0;0;0;0
212;1;1;1;IDLE;0.000;0.000;1.000;20960.698393;20960.701513;20960.735667;20960.794895;805214;805214;805214;10066;27;12883424;12883464;100.000;619.371;619.371;6.473;7.295;3092.031;4.213;0.000;0.000;5.280;7.971;0.002;17.464;17.464;72.582;93.382;34.154;18.701;51.133;2.546;0.804;0.463;1.436;0.032;3.120;96.503;94.353;31.641;1.692;1.294;1.692;0.002;0.099;5.347;0.160;0;2;29.207;29.208;nan;nan;nan;26884;1;0;0;0;0;0;0
213;1;1;1;IDLE;0.000;0.000;1.000;20960.732467;20960.737982;20960.773718;20960.827786;797126;797126;797126;9965;21;12754016;12754056;100.000;633.114;633.114;5.029;5.664;3060.973;4.373;0.000;0.000;5.513;9.850;0.002;19.736;19.736;69.660;89.805;35.736;21.977;55.227;2.803;0.804;0.457;1.415;0.035;5.515;95.320;93.911;36.469;3.135;1.409;3.135;0.002;0.225;5.394;0.162;0;1;31.025;31.026;nan;nan;nan;20868;1;0;0;0;0;0;0
214;1;1;1;IDLE;0.000;0.000;1.000;20960.764841;20960.769959;20960.801558;20960.857143;803136;803136;803136;10040;18;12850176;12850216;100.000;636.150;636.150;4.308;4.848;3084.052;4.475;0.000;0.000;4.274;6.736;0.001;15.485;15.485;66.983;87.183;31.599;17.762;49.006;1.630;0.770;0.455;1.392;0.027;5.118;92.302;89.934;31.978;1.356;1.406;1.356;0.011;0.377;5.117;0.154;0;2;32.960;32.962;nan;nan;nan;17860;1;0;0;0;0;0;0
215;1;1;1;IDLE;0.000;0.000;1.000;20960.798650;20960.802183;20960.835191;20960.895737;809297;809297;809297;10117;25;12948752;12948792;100.000;616.052;616.052;5.887;6.646;3107.710;4.388;0.000;0.000;4.557;7.177;0.002;16.122;16.122;72.535;93.554;33.008;17.233;48.844;1.893;0.771;0.438;1.428;0.027;3.534;97.087;95.195;32.224;1.109;1.387;1.109;0.002;0.252;4.981;0.149;0;2;29.124;29.125;nan;nan;nan;24440;1;0;0;0;0;0;0
216;1;1;1;IDLE;0.000;0.000;1.000;20960.832453;20960.837157;20960.873558;20960.929831;808156;808156;808156;10102;28;12930496;12930536;100.000;640.888;640.888;6.564;7.416;3103.329;4.393;0.000;0.000;5.784;9.459;0.003;19.635;19.635;72.497;92.674;36.401;21.188;53.942;3.084;0.785;0.460;1.424;0.031;4.705;97.378;95.955;34.974;1.641;1.403;1.641;0.002;0.979;5.187;0.156;0;1;31.633;31.635;nan;nan;nan;27260;1;0;0;0;0;0;0
217;1;1;1;IDLE;0.000;0.000;1.000;20960.865644;20960.870641;20960.904189;20960.961554;810355;810355;810355;10130;29;12965680;12965720;100.000;626.885;626.885;6.970;7.853;3111.773;4.397;0.000;0.000;4.381;8.019;0.003;16.796;16.796;70.230;90.913;33.548;18.475;50.066;1.675;0.780;0.459;1.439;0.028;4.997;95.910;94.345;33.483;0.150;1.325;0.150;0.002;0.463;4.990;0.150;0;2;33.656;33.659;nan;nan;nan;28952;1;0;0;0;0;0;0
218;1;1;1;IDLE;0.000;0.000;1.000;20960.898896;20960.902289;20960.938431;20960.996431;810211;810211;810211;10128;29;12963376;12963416;100.000;601.912;601.912;6.924;7.808;3111.220;4.073;0.000;0.000;5.971;8.180;0.002;18.224;18.224;72.604;94.141;36.142;19.358;50.424;3.206;0.841;0.435;1.453;0.036;3.393;97.535;95.889;31.648;1.685;1.347;1.685;0.002;0.450;5.241;0.157;0;2;31.299;31.300;nan;nan;nan;28764;1;0;0;0;0;0;0
219;1;1;1;IDLE;0.000;0.000;1.000;20960.931447;20960.934551;20960.969450;20961.028547;808645;808645;808645;10109;29;12938320;12938360;100.000;613.316;613.316;6.924;7.808;3105.206;4.049;0.000;0.000;5.888;7.119;0.003;17.057;17.057;72.900;93.996;34.899;18.146;48.874;3.180;0.830;0.452;1.394;0.032;3.104;97.100;94.671;32.261;1.072;1.330;1.072;0.003;0.793;5.405;0.162;0;2;34.096;34.097;nan;nan;nan;28764;1;0;0;0;0;0;0
220;1;1;1;IDLE;0.000;0.000;1.000;20960.965533;20960.969484;20961.006060;20961.062217;810783;810783;810783;10135;28;12972528;12972568;100.000;591.172;591.172;6.654;7.506;3113.416;4.341;0.000;0.000;4.972;8.646;0.003;17.959;17.959;70.789;92.733;36.576;19.367;49.101;2.230;0.814;0.460;1.432;0.036;3.951;96.683;95.008;34.933;1.600;1.347;1.600;0.002;1.010;5.302;0.159;0;2;31.130;31.132;nan;nan;nan;27636;1;0;0;0;0;0;0
221;1;1;1;IDLE;0.000;0.000;1.000;20960.998682;20961.001745;20961.035388;20961.097292;807088;807088;807088;10089;28;12913408;12913448;100.000;608.327;608.327;6.654;7.506;3099.228;4.117;0.000;0.000;4.910;6.812;0.003;15.838;15.838;74.319;95.547;33.642;16.577;47.079;2.125;0.787;0.475;1.493;0.030;3.063;98.610;96.750;32.261;1.072;1.330;1.072;0.002;0.690;5.207;0.156;0;2;33.635;33.637;nan;nan;nan;27636;1;0;0;0;0;0;0
222;1;1;1;IDLE;0.000;0.000;1.000;20961.032244;20961.035844;20961.069962;20961.127995;809369;809369;809369;10118;29;12949904;12949944;100.000;595.454;595.454;6.744;7.628;3107.987;4.301;0.000;0.000;4.587;7.399;0.004;16.287;16.287;70.402;92.150;34.118;17.675;47.738;1.928;0.762;0.438;1.430;0.029;3.601;95.751;94.119;34.099;0.766;1.295;0.766;0.002;0.380;5.058;0.152;0;2;34.724;34.726;nan;nan;nan;28012;1;0;0;0;0;0;0
223;1;1;1;IDLE;0.000;0.000;1.000;20961.065769;20961.069049;20961.106412;20961.164014;795354;795354;795354;9942;28;12725664;12725704;100.000;596.685;596.685;6.609;7.461;3054.169;4.336;0.000;0.000;6.867;8.763;0.002;19.966;19.966;73.638;94.965;37.363;21.025;53.438;3.543;1.074;0.440;1.772;0.038;3.279;98.245;96.805;33.204;0.129;1.222;0.129;0.011;0.394;5.516;0.165;0;2;30.342;30.345;nan;nan;nan;27448;1;0;0;0;0;0;0
224;1;1;1;IDLE;0.000;0.000;1.000;20961.098292;20961.101505;20961.136735;20961.195971;795455;795455;795455;9944;28;12727280;12727320;100.000;595.247;595.247;6.564;7.416;3054.557;3.967;0.000;0.000;5.087;8.016;0.005;17.071;17.071;73.084;94.466;35.230;18.071;48.454;2.268;0.782;0.480;1.524;0.033;3.212;97.678;95.429;32.456;0.877;1.200;0.877;0.003;0.742;5.412;0.162;0;2;35.286;35.291;nan;nan;nan;27260;1;0;0;0;0;0;0
225;1;1;1;IDLE;0.000;0.000;1.000;20961.132110;20961.136286;20961.173949;20961.228541;795720;795720;795720;9947;29;12731520;12731560;100.000;618.601;618.601;6.789;7.673;3055.574;4.139;0.000;0.000;7.103;9.146;0.003;20.389;20.389;71.673;92.255;37.663;22.100;54.134;3.774;1.070;0.440;1.781;0.038;4.176;96.431;94.665;34.781;1.448;1.216;1.448;0.003;0.828;5.840;0.175;0;2;31.160;31.163;nan;nan;nan;28200;1;0;0;0;0;0;0
226;1;1;1;IDLE;0.000;0.000;1.000;20961.165067;20961.168183;20961.203446;20961.263181;798723;798723;798723;9985;138;12779568;12779608;100.000;597.151;597.151;33.139;37.424;3067.106;4.017;0.000;0.000;5.056;8.577;0.007;17.650;17.650;73.596;94.997;35.262;18.579;50.053;2.207;0.778;0.482;1.557;0.030;3.116;98.114;95.972;31.897;1.436;1.230;1.436;0.003;0.224;5.647;0.169;0;2;33.668;33.670;nan;nan;nan;137992;1;0;0;0;0;0;0
227;1;1;1;IDLE;0.000;0.000;1.000;20961.198909;20961.202016;20961.236967;20961.294665;807441;807441;807441;10094;26;12919056;12919096;100.000;598.345;598.345;6.067;6.857;3100.583;4.445;0.000;0.000;4.912;8.019;0.394;17.376;17.376;71.058;92.649;34.951;18.754;49.715;1.926;0.767;0.449;1.736;0.034;3.106;95.756;94.123;33.832;0.499;1.184;0.499;0.003;0.425;5.466;0.164;0;2;34.228;34.230;nan;nan;nan;25192;1;0;0;0;0;0;0
228;1;1;1;IDLE;0.000;0.000;1.000;20961.232287;20961.235963;20961.272524;20961.323020;803316;803316;803316;10042;23;12853056;12853096;100.000;603.537;603.537;5.481;6.177;3084.743;4.326;0.000;0.000;5.887;8.491;0.002;18.703;18.703;65.761;87.057;36.561;21.484;51.156;3.231;0.757;0.435;1.430;0.034;3.675;90.733;89.144;33.947;0.614;1.148;0.614;0.003;0.883;5.577;0.167;0;2;30.238;30.239;nan;nan;nan;22748;1;0;0;0;0;0;0
229;1;1;1;IDLE;0.000;0.000;1.000;20961.264818;20961.267899;20961.301307;20961.363430;809074;809074;809074;10114;24;12945184;12945224;100.000;607.763;607.763;5.661;6.389;3106.854;4.058;0.000;0.000;5.056;6.751;0.002;15.865;15.865;74.232;95.532;33.408;16.607;47.489;2.261;0.785;0.479;1.500;0.031;3.081;98.612;96.221;31.936;1.397;1.164;1.397;0.003;0.298;5.449;0.163;0;2;28.459;28.461;nan;nan;nan;23500;1;0;0;0;0;0;0
230;1;1;1;IDLE;0.000;0.000;1.000;20961.298787;20961.302440;20961.336876;20961.394454;808265;808265;808265;10104;26;12932240;12932280;100.000;615.450;615.450;6.022;6.812;3103.747;4.486;0.000;0.000;5.166;7.691;0.004;17.342;17.342;71.001;92.014;34.436;18.847;50.361;2.193;0.767;0.439;1.736;0.031;3.653;95.667;93.912;34.542;1.208;1.167;1.208;0.002;0.564;5.381;0.161;0;1;34.242;34.243;nan;nan;nan;25004;1;0;0;0;0;0;0
231;1;1;1;IDLE;0.000;0.000;1.000;20961.332187;20961.336930;20961.373027;20961.423490;818848;818848;818848;10236;28;13101568;13101608;100.000;608.213;608.213;6.699;7.551;3144.386;4.436;0.000;0.000;4.926;8.762;0.004;18.124;18.124;65.018;86.559;36.097;20.938;50.208;2.270;0.763;0.435;1.428;0.030;4.743;91.303;89.614;34.490;1.157;1.166;1.157;0.003;0.863;5.273;0.158;0;2;30.183;30.184;nan;nan;nan;27824;1;0;0;0;0;0;0
232;1;1;1;IDLE;0.000;0.000;1.000;20961.364737;20961.367886;20961.401709;20961.463052;820617;820617;820617;10258;29;13129872;13129912;100.000;615.769;615.769;6.744;7.628;3151.179;4.073;0.000;0.000;4.845;7.354;0.002;16.271;16.271;73.844;95.167;33.824;17.098;48.107;2.144;0.802;0.459;1.411;0.030;3.148;98.315;95.843;30.955;2.378;1.242;2.378;0.006;0.296;5.174;0.155;0;2;29.126;29.129;nan;nan;nan;28012;1;0;0;0;0;0;0
233;1;1;1;IDLE;0.000;0.000;1.000;20961.399237;20961.403764;20961.440444;20961.496536;814146;814146;814146;10177;29;13026336;13026376;100.000;634.719;634.719;6.789;7.673;3126.330;4.420;0.000;0.000;5.912;10.009;0.003;20.340;20.340;72.248;92.772;36.680;21.925;55.453;2.962;0.833;0.460;1.452;0.205;4.526;97.298;95.993;35.878;2.545;1.323;2.545;0.002;0.233;5.370;0.161;0;1;32.614;32.616;nan;nan;nan;28200;1;0;0;0;0;0;0
234;1;1;1;IDLE;0.000;0.000;1.000;20961.432699;20961.437824;20961.472517;20961.528265;814852;814852;814852;10186;29;13037632;13037672;100.000;630.167;630.167;6.834;7.718;3129.041;4.459;0.000;0.000;4.508;9.021;0.004;17.988;17.988;69.752;90.441;34.693;19.889;51.849;1.610;0.787;0.443;1.639;0.029;5.125;95.566;94.390;34.060;0.727;1.286;0.727;0.002;0.472;5.160;0.155;0;2;33.036;33.037;nan;nan;nan;28388;1;0;0;0;0;0;0
235;1;1;1;IDLE;0.000;0.000;1.000;20961.465258;20961.468886;20961.505594;20961.564813;815725;815725;815725;10197;27;13051600;13051640;100.000;598.371;598.371;6.473;7.295;3132.394;4.445;0.000;0.000;5.780;9.020;0.001;19.246;19.246;74.115;95.927;36.708;20.063;52.429;3.128;0.780;0.437;1.398;0.036;3.628;99.555;97.604;31.062;2.271;1.347;2.271;0.002;0.092;5.326;0.160;0;2;31.687;31.689;nan;nan;nan;26884;1;0;0;0;0;0;0
236;1;1;1;IDLE;0.000;0.000;1.000;20961.498593;20961.501704;20961.535648;20961.596872;816078;816078;816078;10201;28;13057248;13057288;100.000;608.271;608.271;6.518;7.371;3133.749;4.175;0.000;0.000;5.073;6.999;0.003;16.247;16.247;73.702;95.168;33.944;17.072;47.864;2.293;0.808;0.471;1.470;0.031;3.110;98.278;96.329;32.817;0.516;1.296;0.516;0.002;0.403;5.266;0.158;0;2;36.162;36.163;nan;nan;nan;27072;1;0;0;0;0;0;0
237;1;1;1;IDLE;0.000;0.000;1.000;20961.532361;20961.536004;20961.575759;20961.628907;810868;810868;810868;10136;28;12973888;12973928;100.000;587.220;587.220;6.609;7.461;3113.743;4.285;0.000;0.000;6.688;10.021;0.004;20.995;20.995;70.809;92.903;39.755;22.598;52.810;3.672;0.763;0.441;1.775;0.037;3.643;96.547;95.032;34.300;0.967;1.275;0.967;0.003;0.947;5.625;0.169;0;2;31.129;31.130;nan;nan;nan;27448;1;0;0;0;0;0;0
238;1;1;1;IDLE;0.000;0.000;1.000;20961.564111;20961.567739;20961.604826;20961.663794;801907;801907;801907;10024;28;12830512;12830552;100.000;620.167;620.167;6.654;7.506;3079.332;3.852;0.000;0.000;4.956;11.027;0.003;19.835;19.835;75.366;96.055;37.088;20.650;53.482;2.293;0.774;0.450;1.410;0.030;3.628;99.683;96.585;31.735;1.598;1.295;1.598;0.003;0.412;5.461;0.164;0;2;35.104;35.105;nan;nan;nan;27636;1;0;0;0;0;0;0
239;1;1;1;IDLE;0.000;0.000;1.000;20961.599256;20961.602349;20961.638911;20961.695778;799196;799196;799196;9990;28;12787136;12787176;100.000;597.905;597.905;6.699;7.551;3068.922;4.197;0.000;0.000;5.141;9.023;0.004;18.361;18.361;72.043;93.429;36.562;19.652;50.217;2.035;0.768;0.443;1.851;0.044;3.093;96.523;95.236;34.610;1.277;1.294;1.277;0.002;1.009;5.386;0.162;0;2;33.900;33.902;nan;nan;nan;27824;1;0;0;0;0;0;0
240;1;1;1;IDLE;0.000;0.000;1.000;20961.632356;20961.635556;20961.672258;20961.728677;799621;799621;799621;9996;29;12793936;12793976;100.000;585.655;585.655;6.834;7.718;3070.554;4.477;0.000;0.000;6.353;8.290;0.004;19.121;19.121;71.275;93.121;36.702;20.534;52.098;3.274;0.850;0.440;1.753;0.036;3.199;96.320;94.801;33.207;0.126;1.221;0.126;0.002;0.210;5.634;0.169;0;2;31.807;31.809;nan;nan;nan;28388;1;0;0;0;0;0;0
241;1;1;1;IDLE;0.000;0.000;1.000;20961.665271;20961.668421;20961.703266;20961.763619;808174;808174;808174;10103;140;12930784;12930824;100.000;591.326;591.326;33.500;37.847;3103.398;4.050;0.000;0.000;5.449;7.229;0.010;16.729;16.729;73.331;95.198;34.845;17.573;48.009;2.530;0.807;0.473;1.604;0.035;3.150;98.348;96.410;32.865;0.468;1.174;0.468;0.012;0.286;5.593;0.168;0;2;32.634;32.637;nan;nan;nan;139496;1;0;0;0;0;0;0
242;1;1;1;IDLE;0.000;0.000;1.000;20961.699051;20961.702167;20961.736542;20961.795238;810609;810609;810609;10133;28;12969744;12969784;100.000;605.966;605.966;6.699;7.551;3112.748;4.182;0.000;0.000;5.078;7.427;0.003;16.686;16.686;71.668;93.072;34.375;17.928;48.541;2.161;0.776;0.455;1.655;0.030;3.115;96.187;94.696;33.746;0.413;1.126;0.413;0.002;0.464;5.468;0.164;0;2;34.499;34.501;nan;nan;nan;27824;1;0;0;0;0;0;0
243;1;1;1;IDLE;0.000;0.000;1.000;20961.732262;20961.735564;20961.773738;20961.830734;809086;809086;809086;10114;20;12945376;12945416;100.000;590.613;590.613;4.759;5.362;3106.900;4.380;0.000;0.000;6.103;9.537;0.002;20.020;20.020;73.251;95.169;38.174;21.036;52.445;3.442;0.760;0.440;1.427;0.034;3.302;98.471;96.858;33.397;0.064;1.060;0.064;0.002;0.612;5.632;0.169;0;2;31.033;31.035;nan;nan;nan;19740;1;0;0;0;0;0;0
244;1;1;1;IDLE;0.000;0.000;1.000;20961.764822;20961.768561;20961.802301;20961.862494;804105;804105;804105;10052;22;12865680;12865720;100.000;598.693;598.693;5.255;5.920;3087.773;4.207;0.000;0.000;5.030;7.137;0.003;16.374;16.374;72.443;93.932;33.740;17.432;48.530;2.159;0.779;0.472;1.591;0.029;3.739;97.672;95.285;32.997;0.336;1.015;0.336;0.003;0.080;5.484;0.165;0;2;35.565;35.567;nan;nan;nan;21808;1;0;0;0;0;0;0
245;1;1;1;IDLE;0.000;0.000;1.000;20961.799086;20961.802637;20961.841041;20961.898037;810243;810243;810243;10129;25;12963888;12963928;100.000;593.724;593.724;5.887;6.646;3111.343;4.540;0.000;0.000;6.227;9.687;0.005;20.454;20.454;73.565;95.400;38.404;21.441;53.261;3.545;0.768;0.434;1.442;0.038;3.551;98.951;97.495;34.076;0.743;0.998;0.743;0.003;0.652;5.675;0.170;0;2;31.132;31.135;nan;nan;nan;24440;1;0;0;0;0;0;0
246;1;1;1;IDLE;0.000;0.000;1.000;20961.831013;20961.834131;20961.870445;20961.929661;808451;808451;808451;10106;28;12935216;12935256;100.000;606.441;606.441;6.654;7.506;3104.461;3.995;0.000;0.000;5.310;9.508;0.003;18.813;18.813;74.199;95.529;36.314;19.693;51.806;2.579;0.794;0.454;1.451;0.031;3.118;98.648;95.785;31.494;1.839;1.050;1.839;0.002;0.163;5.588;0.168;0;2;37.096;37.097;nan;nan;nan;27636;1;0;0;0;0;0;0
247;1;1;1;IDLE;0.000;0.000;1.000;20961.866181;20961.869693;20961.908533;20961.962326;818595;818595;818595;10233;30;13097520;13097560;100.000;596.598;596.598;7.015;7.930;3143.414;4.411;0.000;0.000;6.348;10.023;0.006;20.781;20.781;70.679;92.633;38.840;22.434;53.505;3.631;0.775;0.443;1.464;0.034;3.513;96.146;95.117;35.562;2.228;1.124;2.228;0.002;0.512;5.786;0.174;0;2;31.142;31.145;nan;nan;nan;29140;1;0;0;0;0;0;0
248;1;1;1;IDLE;0.000;0.000;1.000;20961.897967;20961.901125;20961.937060;20961.996419;813416;813416;813416;10168;30;13014656;13014696;100.000;612.128;612.128;7.060;7.975;3123.527;3.903;0.000;0.000;5.649;8.477;0.004;18.029;18.029;74.032;95.294;35.936;18.920;50.172;2.404;0.776;0.476;1.960;0.033;3.158;98.452;95.876;31.431;1.902;1.173;1.902;0.003;0.544;5.757;0.173;0;2;33.739;33.740;nan;nan;nan;29328;1;0;0;0;0;0;0
249;1;1;1;IDLE;0.000;0.000;1.000;20961.932551;20961.935600;20961.970264;20962.029790;816251;816251;816251;10204;31;13060016;13060056;100.000;603.038;603.038;7.240;8.186;3134.413;4.259;0.000;0.000;5.028;7.600;0.003;16.887;16.887;72.533;94.190;34.664;17.929;48.716;2.126;0.776;0.458;1.635;0.032;3.050;97.239;95.914;34.476;1.142;1.171;1.142;0.012;0.366;5.580;0.167;0;2;33.751;33.752;nan;nan;nan;30080;1;0;0;0;0;0;0
250;1;1;1;IDLE;0.000;0.000;1.000;20961.965602;20961.968795;20962.005761;20962.062393;820584;820584;820584;10258;29;13129344;13129384;100.000;604.282;604.282;6.924;7.808;3151.052;4.419;0.000;0.000;5.862;9.020;0.005;19.301;19.301;71.871;93.599;36.966;20.621;52.213;3.181;0.779;0.435;1.430;0.035;3.193;96.791;95.185;33.195;0.139;1.106;0.139;0.002;0.354;5.656;0.170;0;2;33.042;33.047;nan;nan;nan;28764;1;0;0;0;0;0;0
251;1;1;1;IDLE;0.000;0.000;1.000;20961.998287;20962.001490;20962.037852;20962.096635;817535;817535;817535;10220;27;13080560;13080600;100.000;605.665;605.665;6.473;7.295;3139.344;4.112;0.000;0.000;6.657;8.030;0.003;18.799;18.799;73.548;95.146;36.362;19.758;51.699;3.377;1.070;0.442;1.727;0.041;3.203;98.349;96.093;32.695;0.639;1.077;0.639;0.003;0.074;5.913;0.177;0;2;32.568;32.569;nan;nan;nan;26884;1;0;0;0;0;0;0
252;1;1;1;IDLE;0.000;0.000;1.000;20962.032596;20962.035848;20962.070520;20962.128098;812707;812707;812707;10159;29;13003312;13003352;100.000;604.975;604.975;6.924;7.808;3120.804;4.330;0.000;0.000;5.018;7.622;0.003;16.970;16.970;70.756;92.251;34.672;18.396;48.945;2.210;0.794;0.458;1.525;0.031;3.251;95.502;94.223;34.358;1.025;1.074;1.025;0.002;0.535;5.695;0.171;0;2;33.734;33.735;nan;nan;nan;28764;1;0;0;0;0;0;0
253;1;1;1;IDLE;0.000;0.000;1.000;20962.065693;20962.068902;20962.105604;20962.157190;811017;811017;811017;10138;30;12976272;12976312;100.000;596.742;596.742;7.060;7.975;3114.315;4.281;0.000;0.000;5.952;8.628;0.002;18.861;18.861;66.543;88.288;36.702;21.363;51.390;3.249;0.769;0.440;1.458;0.035;3.209;91.497;89.981;33.054;0.279;1.024;0.279;0.003;0.373;5.765;0.173;0;2;31.119;31.120;nan;nan;nan;29328;1;0;0;0;0;0;0
254;1;1;1;IDLE;0.000;0.000;1.000;20962.098143;20962.101358;20962.135533;20962.195490;812416;812416;812416;10156;28;12998656;12998696;100.000;612.608;612.608;6.699;7.551;3119.687;4.187;0.000;0.000;5.357;7.409;0.001;16.953;16.953;72.913;94.132;34.175;18.010;49.608;2.276;0.803;0.476;1.771;0.031;3.215;97.346;94.947;32.456;0.877;1.015;0.877;0.003;0.186;5.668;0.170;0;2;29.062;29.064;nan;nan;nan;27824;1;0;0;0;0;0;0
255;1;1;1;IDLE;0.000;0.000;1.000;20962.132648;20962.137351;20962.174154;20962.229381;815874;815874;815874;10199;28;13053984;13054024;100.000;634.712;634.712;6.699;7.551;3132.966;4.428;0.000;0.000;5.794;10.023;0.003;20.245;20.245;71.463;92.030;36.803;21.998;55.008;3.099;0.791;0.460;1.410;0.034;4.703;96.733;95.505;35.993;2.660;1.118;2.660;0.002;0.416;5.704;0.171;0;1;31.354;31.356;nan;nan;nan;27824;1;0;0;0;0;0;0
256;1;1;1;IDLE;0.000;0.000;1.000;20962.165106;20962.170433;20962.203999;20962.262925;811813;811813;811813;10148;138;12989008;12989048;100.000;625.714;625.714;33.049;37.333;3117.372;4.461;0.000;0.000;4.267;7.793;0.015;16.521;16.521;71.732;92.491;33.566;17.862;49.220;1.614;0.776;0.449;1.401;0.027;5.328;97.819;95.716;33.083;0.251;1.063;0.251;0.002;0.744;5.350;0.160;0;2;33.166;33.171;nan;nan;nan;137616;1;0;0;0;0;0;0
257;1;1;1;IDLE;0.000;0.000;1.000;20962.198514;20962.201691;20962.238458;20962.295179;809323;809323;809323;10117;29;12949168;12949208;100.000;614.486;614.486;6.789;7.673;3107.810;4.523;0.000;0.000;6.576;8.170;0.003;19.269;19.269;72.415;93.488;36.767;20.611;52.408;3.417;0.968;0.434;1.719;0.038;3.176;96.664;94.637;31.257;2.076;1.127;2.076;0.002;0.945;5.662;0.170;0;2;32.633;32.634;nan;nan;nan;28200;1;0;0;0;0;0;0
258;1;1;1;IDLE;0.000;0.000;1.000;20962.232295;20962.235494;20962.272384;20962.329957;806066;806066;806066;10076;21;12897056;12897096;100.000;581.932;581.932;4.894;5.528;3095.303;4.367;0.000;0.000;5.230;9.018;0.001;18.615;18.615;72.300;94.463;36.889;19.706;50.461;2.100;0.778;0.443;1.876;0.033;3.199;97.662;96.082;33.804;0.470;1.086;0.470;0.009;0.470;5.558;0.167;0;2;31.810;31.811;nan;nan;nan;20304;1;0;0;0;0;0;0
259;1;1;1;IDLE;0.000;0.000;1.000;20962.265561;20962.268691;20962.302430;20962.360556;803994;803994;803994;10050;22;12863904;12863944;100.000;599.613;599.613;5.165;5.830;3087.347;4.267;0.000;0.000;5.004;6.995;0.003;16.266;16.266;70.411;91.865;33.738;17.706;48.211;2.229;0.786;0.454;1.504;0.031;3.130;94.995;93.347;33.197;0.136;1.026;0.136;0.003;0.282;5.425;0.163;0;2;34.517;34.520;nan;nan;nan;21432;1;0;0;0;0;0;0
260;1;1;1;IDLE;0.000;0.000;1.000;20962.299135;20962.302504;20962.338977;20962.388739;804675;804675;804675;10059;25;12874800;12874840;100.000;599.636;599.636;5.842;6.600;3089.962;4.218;0.000;0.000;5.946;8.457;0.004;18.620;18.620;64.764;86.236;36.474;21.592;51.050;3.312;0.753;0.439;1.408;0.034;3.369;89.605;88.197;33.812;0.479;0.992;0.479;0.002;0.597;5.561;0.167;0;2;30.032;30.033;nan;nan;nan;24252;1;0;0;0;0;0;0
261;1;1;1;IDLE;0.000;0.000;1.000;20962.331390;20962.334540;20962.367604;20962.428550;803023;803023;803023;10038;26;12848368;12848408;100.000;615.236;615.236;6.248;7.038;3083.618;3.927;0.000;0.000;5.113;7.016;0.002;16.056;16.056;73.127;94.011;33.064;17.079;48.560;2.364;0.797;0.476;1.444;0.032;3.149;97.160;94.675;32.036;1.297;1.011;1.297;0.003;0.048;5.451;0.164;0;2;28.146;28.147;nan;nan;nan;25944;1;0;0;0;0;0;0
262;1;1;1;IDLE;0.000;0.000;1.000;20962.365273;20962.369885;20962.405067;20962.462293;804900;804900;804900;10062;28;12878400;12878440;100.000;632.153;632.153;6.564;7.416;3090.826;4.338;0.000;0.000;5.858;8.392;0.002;18.588;18.588;72.035;92.408;35.182;20.115;52.833;3.164;0.769;0.457;1.437;0.031;4.612;97.019;95.084;35.345;2.012;1.074;2.012;0.002;0.557;5.558;0.167;0;1;31.871;31.872;nan;nan;nan;27260;1;0;0;0;0;0;0
263;1;1;1;IDLE;0.000;0.000;1.000;20962.398831;20962.403425;20962.435761;20962.495088;801032;801032;801032;10013;29;12816512;12816552;100.000;636.134;636.134;6.924;7.808;3075.972;4.380;0.000;0.000;4.956;7.013;0.003;16.349;16.349;71.516;91.664;32.337;17.836;50.560;2.322;0.773;0.439;1.395;0.027;4.594;96.257;94.546;33.539;0.206;1.020;0.206;0.002;0.217;5.411;0.162;0;2;33.541;33.542;nan;nan;nan;28764;1;0;0;0;0;0;0
264;1;1;1;IDLE;0.000;0.000;1.000;20962.432103;20962.435316;20962.470845;20962.529723;793638;793638;793638;9921;30;12698208;12698248;100.000;608.966;608.966;7.150;8.065;3047.580;4.296;0.000;0.000;6.092;8.017;0.002;18.404;18.404;73.555;94.408;35.530;19.494;51.799;3.289;0.833;0.441;1.494;0.033;3.212;97.620;95.847;31.891;1.442;1.046;1.442;0.002;0.566;5.586;0.168;0;2;32.256;32.257;nan;nan;nan;29704;1;0;0;0;0;0;0
265;1;1;1;IDLE;0.000;0.000;1.000;20962.465293;20962.469203;20962.503928;20962.561154;801156;801156;801156;10015;30;12818496;12818536;100.000;618.576;618.576;7.105;8.020;3076.449;4.358;0.000;0.000;5.141;8.014;0.003;17.513;17.513;71.228;91.951;34.725;19.046;50.435;2.318;0.758;0.457;1.579;0.030;3.910;95.861;93.945;33.888;0.554;1.015;0.554;0.003;0.843;5.478;0.164;0;2;33.805;33.807;nan;nan;nan;29516;1;0;0;0;0;0;0
266;1;1;1;IDLE;0.000;0.000;1.000;20962.499239;20962.502830;20962.537453;20962.595771;804749;804749;804749;10060;29;12875984;12876024;100.000;618.970;618.970;6.879;7.763;3090.246;4.298;0.000;0.000;6.059;7.469;0.002;17.826;17.826;72.139;92.941;34.623;19.180;51.485;3.337;0.760;0.439;1.489;0.034;3.590;96.532;95.229;33.627;0.293;0.970;0.293;0.002;0.290;5.628;0.169;0;2;31.167;31.168;nan;nan;nan;28576;1;0;0;0;0;0;0
267;1;1;1;IDLE;0.000;0.000;1.000;20962.531845;20962.535512;20962.569513;20962.628753;805449;805449;805449;10069;29;12887184;12887224;100.000;618.489;618.489;6.834;7.718;3092.934;4.222;0.000;0.000;4.776;7.454;0.003;16.451;16.451;72.404;93.241;34.000;17.644;48.386;2.113;0.782;0.438;1.413;0.030;3.668;96.908;94.877;32.682;0.651;0.950;0.651;0.010;0.923;5.418;0.163;0;2;33.709;33.710;nan;nan;nan;28388;1;0;0;0;0;0;0
268;1;1;1;IDLE;0.000;0.000;1.000;20962.565840;20962.570788;20962.604158;20962.663927;805329;805329;805329;10067;27;12885264;12885304;100.000;639.520;639.520;6.473;7.295;3092.473;4.327;0.000;0.000;4.802;8.018;0.003;17.147;17.147;72.991;93.139;33.370;18.410;51.384;2.171;0.764;0.435;1.401;0.031;4.948;98.087;96.718;35.275;1.942;1.012;1.942;0.003;0.398;5.269;0.158;0;2;32.607;32.609;nan;nan;nan;26884;1;0;0;0;0;0;0
269;1;1;1;IDLE;0.000;0.000;1.000;20962.598477;20962.601599;20962.637236;20962.694414;805419;805419;805419;10068;28;12886704;12886744;100.000;593.501;593.501;6.564;7.416;3092.819;4.286;0.000;0.000;5.400;8.017;0.004;17.703;17.703;71.102;92.815;35.638;19.073;49.675;2.746;0.767;0.442;1.410;0.035;3.121;95.936;93.871;30.811;2.523;1.107;2.523;0.003;0.504;5.308;0.159;0;2;34.703;34.705;nan;nan;nan;27260;1;0;0;0;0;0;0
270;1;1;1;IDLE;0.000;0.000;1.000;20962.632674;20962.636119;20962.672798;20962.723559;804474;804474;804474;10056;29;12871584;12871624;100.000;597.038;597.038;6.744;7.628;3089.190;4.487;0.000;0.000;6.210;8.497;0.002;19.195;19.195;65.881;87.440;36.679;21.952;52.332;3.400;0.754;0.433;1.587;0.036;3.445;90.885;89.684;34.520;1.187;1.112;1.187;0.003;0.409;5.540;0.166;0;2;30.109;30.110;nan;nan;nan;28012;1;0;0;0;0;0;0
271;1;1;1;IDLE;0.000;0.000;1.000;20962.665125;20962.668193;20962.701809;20962.762358;796101;796101;796101;9952;136;12737616;12737656;100.000;607.519;607.519;32.462;36.684;3057.037;4.001;0.000;0.000;5.006;7.353;0.006;16.361;16.361;73.198;94.165;33.616;17.375;48.669;2.187;0.785;0.479;1.526;0.029;3.068;97.233;95.149;32.074;1.259;1.121;1.259;0.002;0.287;5.409;0.162;0;2;29.098;29.101;nan;nan;nan;135172;1;0;0;0;0;0;0
272;1;1;1;IDLE;0.000;0.000;1.000;20962.699541;20962.704940;20962.740476;20962.794544;805073;805073;805073;10064;29;12881168;12881208;100.000;656.737;656.737;6.789;7.673;3091.490;4.580;0.000;0.000;5.046;10.020;0.003;19.646;19.646;69.990;89.604;35.535;21.926;55.286;2.389;0.771;0.455;1.401;0.030;5.400;95.004;94.002;36.747;3.414;1.264;3.414;0.002;0.852;5.323;0.160;0;1;31.899;31.900;nan;nan;nan;28200;1;0;0;0;0;0;0
273;1;1;1;IDLE;0.000;0.000;1.000;20962.732803;20962.737899;20962.769671;20962.823513;797204;797204;797204;9966;24;12755264;12755304;100.000;630.484;630.484;5.661;6.389;3061.273;4.293;0.000;0.000;4.198;7.145;0.002;15.636;15.636;65.383;85.614;31.772;18.263;49.213;1.564;0.763;0.454;1.392;0.026;5.097;90.711;89.638;32.959;0.374;1.209;0.374;0.002;0.195;5.046;0.151;0;2;32.015;32.016;nan;nan;nan;23500;1;0;0;0;0;0;0
274;1;1;1;IDLE;0.000;0.000;1.000;20962.765178;20962.768489;20962.801584;20962.863422;805139;805139;805139;10065;23;12882224;12882264;100.000;614.344;614.344;5.526;6.222;3091.743;4.339;0.000;0.000;5.063;6.985;0.002;16.388;16.388;73.964;94.933;33.096;17.263;49.517;2.081;0.768;0.445;1.735;0.034;3.311;98.244;96.213;30.589;2.744;1.304;2.744;0.002;0.075;5.054;0.152;0;2;28.909;28.911;nan;nan;nan;22936;1;0;0;0;0;0;0
275;1;1;1;IDLE;0.000;0.000;1.000;20962.799395;20962.804151;20962.838034;20962.894301;808073;808073;808073;10101;26;12929168;12929208;100.000;651.068;651.068;6.248;7.038;3103.010;4.217;0.000;0.000;5.492;8.350;0.002;18.060;18.060;70.291;90.150;33.883;20.033;53.300;2.841;0.769;0.451;1.402;0.029;4.756;94.906;93.759;35.662;2.329;1.368;2.329;0.002;0.179;5.169;0.155;0;1;33.734;33.736;nan;nan;nan;25944;1;0;0;0;0;0;0
276;1;1;1;IDLE;0.000;0.000;1.000;20962.833024;20962.839177;20962.872032;20962.923959;813584;813584;813584;10170;26;13017344;13017384;100.000;651.951;651.951;6.248;7.038;3124.172;4.072;0.000;0.000;4.237;8.268;0.002;16.577;16.577;64.815;84.782;32.855;19.553;50.455;1.596;0.761;0.438;1.413;0.028;6.153;90.935;90.083;35.026;1.692;1.389;1.692;0.008;0.374;4.942;0.148;0;2;30.534;30.535;nan;nan;nan;25944;1;0;0;0;0;0;0
277;1;1;1;IDLE;0.000;0.000;1.000;20962.864795;20962.867916;20962.901763;20962.962993;812306;812306;812306;10154;29;12996896;12996936;100.000;608.819;608.819;6.970;7.853;3119.265;4.049;0.000;0.000;5.017;6.926;0.002;15.992;15.992;73.729;95.077;33.847;16.820;47.247;2.134;0.790;0.493;1.570;0.030;3.121;98.198;95.784;28.740;4.594;1.589;4.594;0.002;0.553;4.963;0.149;0;2;29.117;29.119;nan;nan;nan;28952;1;0;0;0;0;0;0
278;1;1;1;IDLE;0.000;0.000;1.000;20962.899027;20962.903692;20962.940941;20962.996528;817500;817500;817500;10219;30;13080000;13080040;100.000;631.295;631.295;7.015;7.930;3139.210;4.264;0.000;0.000;5.690;10.017;0.003;19.971;19.971;72.116;92.836;37.249;21.512;53.614;2.954;0.794;0.460;1.453;0.029;4.665;97.501;95.986;35.776;2.443;1.642;2.443;0.002;0.820;5.150;0.155;0;1;32.065;32.066;nan;nan;nan;29140;1;0;0;0;0;0;0
279;1;1;1;IDLE;0.000;0.000;1.000;20962.932637;20962.938229;20962.971013;20963.029164;824803;824803;824803;10311;31;13196848;13196888;100.000;645.158;645.158;7.376;8.322;3167.253;4.530;0.000;0.000;4.272;8.004;0.005;16.806;16.806;70.480;90.935;32.784;18.481;51.262;1.584;0.784;0.452;1.425;0.027;5.592;96.527;95.289;34.537;1.203;1.615;1.203;0.002;0.050;4.936;0.148;0;2;33.512;33.515;nan;nan;nan;30644;1;0;0;0;0;0;0
280;1;1;1;IDLE;0.000;0.000;1.000;20962.965040;20962.968252;20963.006097;20963.063435;813944;813944;813944;10175;30;13023104;13023144;100.000;610.695;610.695;7.195;8.110;3125.555;4.186;0.000;0.000;6.860;9.015;0.003;20.061;20.061;73.858;95.183;37.845;21.076;53.008;3.515;0.951;0.434;1.920;0.040;3.212;98.395;96.226;30.023;3.310;1.721;3.310;0.002;0.641;5.435;0.163;0;2;32.078;32.079;nan;nan;nan;29892;1;0;0;0;0;0;0
281;1;1;1;IDLE;0.000;0.000;1.000;20962.999549;20963.002721;20963.038171;20963.095388;815307;815307;815307;10192;31;13044912;13044952;100.000;612.172;612.172;7.331;8.277;3130.788;4.388;0.000;0.000;5.097;8.011;0.005;17.496;17.496;71.358;92.668;35.450;18.881;49.355;2.178;0.811;0.457;1.619;0.031;3.172;95.840;94.846;34.469;1.135;1.684;1.135;0.002;1.029;5.357;0.161;0;2;33.271;33.272;nan;nan;nan;30456;1;0;0;0;0;0;0
282;1;1;1;IDLE;0.000;0.000;1.000;20963.032176;20963.035472;20963.074255;20963.129824;816329;816329;816329;10205;28;13061264;13061304;100.000;595.100;595.100;6.564;7.416;3134.713;4.318;0.000;0.000;5.978;10.022;0.003;20.318;20.318;72.405;94.353;38.783;21.534;52.389;3.308;0.771;0.436;1.429;0.034;3.295;97.648;95.949;32.751;0.583;1.615;0.583;0.002;0.832;5.518;0.166;0;2;31.149;31.151;nan;nan;nan;27260;1;0;0;0;0;0;0
283;1;1;1;IDLE;0.000;0.000;1.000;20963.064908;20963.068136;20963.102725;20963.161364;813249;813249;813249;10166;28;13011984;13012024;100.000;606.167;606.167;6.654;7.506;3122.886;4.269;0.000;0.000;4.894;7.423;0.003;16.586;16.586;71.762;93.228;34.590;17.791;47.951;2.199;0.788;0.464;1.415;0.029;3.228;96.456;94.155;32.664;0.670;1.556;0.670;0.002;0.803;5.365;0.161;0;2;34.517;34.520;nan;nan;nan;27636;1;0;0;0;0;0;0
284;1;1;1;IDLE;0.000;0.000;1.000;20963.099512;20963.103484;20963.138753;20963.190594;809333;809333;809333;10117;28;12949328;12949368;100.000;619.211;619.211;6.699;7.551;3107.848;4.165;0.000;0.000;5.395;8.367;0.002;17.927;17.927;66.197;87.110;35.269;20.580;50.829;2.755;0.764;0.436;1.409;0.030;3.972;91.082;90.051;35.348;2.015;1.585;2.015;0.002;0.592;5.378;0.161;0;2;30.975;30.976;nan;nan;nan;27824;1;0;0;0;0;0;0
285;1;1;1;IDLE;0.000;0.000;1.000;20963.131469;20963.134652;20963.169012;20963.229497;815482;815482;815482;10194;29;13047712;13047752;100.000;601.704;601.704;6.924;7.808;3131.460;4.227;0.000;0.000;5.000;7.552;0.003;16.779;16.779;73.160;94.845;34.360;17.691;48.833;2.247;0.824;0.493;1.407;0.030;3.183;98.028;95.621;31.168;2.165;1.621;2.165;0.009;0.113;5.286;0.159;0;2;29.128;29.130;nan;nan;nan;28764;1;0;0;0;0;0;0
286;1;1;1;IDLE;0.000;0.000;1.000;20963.166310;20963.171235;20963.207461;20963.261828;814633;814633;814633;10183;137;13034128;13034168;100.000;631.555;631.555;32.688;36.941;3128.200;4.472;0.000;0.000;5.109;9.918;0.010;19.499;19.499;69.955;90.593;36.227;21.523;53.825;2.396;0.784;0.455;1.443;0.031;4.924;95.518;94.619;36.583;3.249;1.723;3.249;0.002;0.559;5.247;0.157;0;1;31.949;31.951;nan;nan;nan;136112;1;0;0;0;0;0;0
287;1;1;1;IDLE;0.000;0.000;1.000;20963.198508;20963.203951;20963.237672;20963.297178;814941;814941;814941;10187;29;13039056;13039096;100.000;639.617;639.617;6.789;7.673;3129.383;4.566;0.000;0.000;4.407;8.292;0.002;17.265;17.265;72.840;93.226;33.720;18.520;51.201;1.756;0.783;0.446;1.395;0.027;5.444;98.670;96.636;32.717;0.616;1.654;0.616;0.002;0.632;5.042;0.151;0;2;32.445;32.446;nan;nan;nan;28200;1;0;0;0;0;0;0
288;1;1;1;IDLE;0.000;0.000;1.000;20963.231817;20963.235032;20963.269858;20963.327976;818847;818847;818847;10236;24;13101552;13101592;100.000;603.348;603.348;5.571;6.299;3144.382;4.266;0.000;0.000;5.061;7.159;0.003;16.486;16.486;71.229;92.944;34.826;17.737;47.338;2.174;0.800;0.475;1.583;0.029;3.214;96.159;94.100;31.080;2.253;1.691;2.253;0.002;0.888;5.049;0.151;0;2;34.472;34.476;nan;nan;nan;23124;1;0;0;0;0;0;0
289;1;1;1;IDLE;0.000;0.000;1.000;20963.265901;20963.270086;20963.306798;20963.357965;824052;824052;824052;10301;21;13184832;13184872;100.000;629.472;629.472;5.029;5.664;3164.369;4.176;0.000;0.000;6.108;9.020;0.002;19.304;19.304;66.933;87.879;36.711;21.967;52.583;3.427;0.776;0.435;1.437;0.032;4.185;92.064;90.756;35.054;1.721;1.693;1.721;0.002;0.635;5.319;0.160;0;2;30.193;30.196;nan;nan;nan;20868;1;0;0;0;0;0;0
290;1;1;1;IDLE;0.000;0.000;1.000;20963.297956;20963.301227;20963.337868;20963.396441;835458;835458;835458;10444;26;13367328;13367368;100.000;617.949;617.949;6.157;6.948;3208.168;4.215;0.000;0.000;5.096;9.018;0.002;18.329;18.329;73.582;95.214;36.641;19.250;50.023;2.396;0.802;0.458;1.409;0.031;3.270;98.484;95.898;31.141;2.193;1.724;2.193;0.002;0.892;5.266;0.158;0;2;29.111;29.113;nan;nan;nan;25568;1;0;0;0;0;0;0
291;1;1;1;IDLE;0.000;0.000;1.000;20963.333201;20963.338045;20963.372984;20963.431009;819605;819605;819605;10246;27;13113680;13113720;100.000;638.675;638.675;6.293;7.114;3147.293;4.451;0.000;0.000;4.868;9.052;0.003;18.371;18.371;72.431;92.963;34.939;19.761;52.580;2.176;0.794;0.458;1.411;0.029;4.844;97.808;97.133;36.819;3.485;1.834;3.485;0.002;0.484;5.172;0.155;0;1;32.505;32.506;nan;nan;nan;26132;1;0;0;0;0;0;0
292;1;1;1;IDLE;0.000;0.000;1.000;20963.365159;20963.370589;20963.405714;20963.462265;827799;827799;827799;10348;27;13244784;13244824;100.000;621.246;621.246;6.383;7.204;3178.758;4.498;0.000;0.000;4.486;8.696;0.002;17.681;17.681;70.356;91.676;35.125;19.286;50.337;1.663;0.800;0.443;1.552;0.028;5.430;97.106;95.056;32.544;0.790;1.769;0.790;0.002;0.620;5.009;0.150;0;2;33.986;33.989;nan;nan;nan;26508;1;0;0;0;0;0;0
293;1;1;1;IDLE;0.000;0.000;1.000;20963.398734;20963.402361;20963.441111;20963.497927;830771;830771;830771;10385;29;13292336;13292376;100.000;599.694;599.694;6.879;7.763;3190.170;4.507;0.000;0.000;6.445;10.021;0.005;20.973;20.973;73.401;95.566;38.750;21.946;54.124;3.349;0.938;0.432;1.689;0.037;3.628;99.194;97.385;31.772;1.561;1.756;1.561;0.003;0.115;5.374;0.161;0;2;31.170;31.172;nan;nan;nan;28576;1;0;0;0;0;0;0
294;1;1;1;IDLE;0.000;0.000;1.000;20963.431016;20963.434785;20963.470178;20963.528607;835004;835004;835004;10438;30;13360064;13360104;100.000;615.754;615.754;7.150;8.065;3206.425;3.896;0.000;0.000;5.148;8.017;0.003;17.060;17.060;72.124;93.822;35.393;18.184;48.203;2.306;0.815;0.482;1.514;0.031;3.769;97.591;94.731;32.424;0.909;1.703;0.909;0.002;0.528;5.320;0.160;0;2;35.761;35.762;nan;nan;nan;29704;1;0;0;0;0;0;0
295;1;1;1;IDLE;0.000;0.000;1.000;20963.465688;20963.469763;20963.508300;20963.563152;814967;814967;814967;10188;30;13039472;13039512;100.000;588.336;588.336;7.060;7.975;3129.483;4.407;0.000;0.000;5.961;10.057;0.002;20.425;20.425;71.225;93.388;38.537;21.871;53.001;3.215;0.770;0.441;1.499;0.036;4.076;97.464;95.943;34.978;1.645;1.700;1.645;0.002;0.352;5.486;0.165;0;2;30.360;30.361;nan;nan;nan;29328;1;0;0;0;0;0;0
296;1;1;1;IDLE;0.000;0.000;1.000;20963.498370;20963.501759;20963.536334;20963.596730;818656;818656;818656;10234;30;13098496;13098536;100.000;620.490;620.490;7.060;7.975;3143.649;3.993;0.000;0.000;5.182;8.023;0.004;17.198;17.198;73.861;94.971;34.575;18.109;49.742;2.214;0.809;0.472;1.655;0.032;3.390;98.360;96.188;31.996;1.337;1.677;1.337;0.002;0.256;5.413;0.162;0;2;34.837;34.838;nan;nan;nan;29328;1;0;0;0;0;0;0
297;1;1;1;IDLE;0.000;0.000;1.000;20963.532347;20963.536149;20963.571836;20963.628894;819807;819807;819807;10248;29;13116912;13116952;100.000;597.281;597.281;6.789;7.673;3148.068;4.485;0.000;0.000;5.008;8.436;0.004;17.929;17.929;70.784;92.745;35.687;19.332;50.240;2.122;0.803;0.461;1.587;0.036;3.801;96.546;95.018;34.389;1.056;1.638;1.056;0.003;0.278;5.317;0.160;0;2;33.327;33.328;nan;nan;nan;28200;1;0;0;0;0;0;0
298;1;1;1;IDLE;0.000;0.000;1.000;20963.566041;20963.569305;20963.606071;20963.663681;814766;814766;814766;10185;28;13036256;13036296;100.000;606.572;606.572;6.654;7.506;3128.711;4.348;0.000;0.000;5.901;8.592;0.002;18.840;18.840;72.884;94.376;36.766;19.963;51.244;3.218;0.789;0.438;1.423;0.034;3.264;97.640;96.472;33.157;0.177;1.547;0.177;0.002;0.778;5.468;0.164;0;2;31.409;31.412;nan;nan;nan;27636;1;0;0;0;0;0;0
299;1;1;1;IDLE;0.000;0.000;1.000;20963.598501;20963.601742;20963.636673;20963.687651;809259;809259;809259;10116;29;12948144;12948184;100.000;601.138;601.138;6.789;7.673;3107.564;4.180;0.000;0.000;5.581;7.119;0.002;16.881;16.881;64.369;85.909;34.931;19.650;48.326;2.704;0.803;0.483;1.558;0.033;3.241;89.150;87.109;32.437;0.897;1.506;0.897;0.002;0.687;5.501;0.165;0;2;34.125;34.126;nan;nan;nan;28200;1;0;0;0;0;0;0
300;1;1;1;IDLE;0.000;0.000;1.000;20963.632414;20963.635854;20963.669540;20963.710390;812212;812212;812212;10153;30;12995392;12995432;100.000;592.305;592.305;7.015;7.930;3118.904;4.150;0.000;0.000;5.868;4.911;0.001;14.928;14.928;52.595;74.536;33.686;20.028;44.316;3.200;0.795;0.438;1.403;0.031;3.439;77.975;76.514;34.112;0.778;1.461;0.778;0.002;0.964;5.595;0.168;0;2;23.019;23.020;nan;nan;nan;29140;1;0;0;0;0;0;0
