frame_id;rx_complete;tx_complete;current_skip;yaw;pitch;zoom;camera_send_timestamp;recv_start_timestamp;node_exit_timestamp;original_points;rx_media_bytes;tx_points;rx_packets;tx_packets;payload_bytes;reference_size_bytes;data_integrity_pct;internal_throughput_mbs;reference_throughput_mbs;logical_bitrate_mbps;network_bitrate_mbps;reference_bitrate_mbps;arrived_points;eroded_points;valid_points;erosion_ms;reconstruction_ms;pose_ms;reconstruction_pipeline_ms;tx_duration_ms;active_tx_ms;active_process_ms;reference_process_ms;total_processing_ms;total_residency_ms;reference_residency_ms;node_efficiency_pct;reference_efficiency_pct;gpu_transfer_ms;gpu_copyback_ms;host_overhead_ms;camera_node_ms;e2e_latency_ms;schedule_delay_ms;inter_arrival_ms;instant_jitter_ms;desynced_jitter_ms;pose_control_ms;codec_queue_ms;frame_queue_ms;codec_backlog;decode_service_ms;decode_h265_ms;ffmpeg_write_calls;ffmpeg_write_failures;codec_queue_drops;tx_zero_accepts;tx_partial_accepts;tx_resubmit_calls;tx_resubmitted_packets;mbuf_starvation
1;1;1;1;0.000000;0.000000;1.000000;19432.972099;19433.035188;19433.168268;784142;141940;146318;108;1829;141940;154468;100.000;4.470;4.861;561.874;603.123;37.072;178911;159140;146318;0.217;0.127;0.077;3.095;1.027;0.062;28.227;27.124;133.031;133.080;132.035;21.210;20.543;1.406;0.191;1.077;63.089;196.168;133.080;0.000;0.000;0.000;0.000;0.049;0.000;54;24.105;128.890;5;0;0;0;0;0;0;0
2;1;1;1;0.000000;0.000000;1.000000;19433.005098;19433.067003;19433.203718;783406;28952;144182;22;1803;28952;31504;100.000;1090.451;1182.974;553.671;594.335;7.561;169393;156499;144182;0.214;0.125;0.077;2.091;1.003;0.055;39.567;38.486;112.195;136.716;135.692;28.941;28.363;1.406;0.189;0.079;61.904;198.620;135.197;31.815;1.519;0.095;0.000;24.520;0.000;28;36.473;109.080;1;0;0;0;0;0;0;0
3;1;1;1;0.000000;0.000000;1.000000;19433.039060;19433.100175;19433.232485;780200;22748;141754;18;1772;22748;24836;100.000;0.683;0.743;544.348;584.312;5.961;164369;153953;141754;0.222;0.133;0.079;2.473;1.303;0.346;31.855;30.474;132.275;132.310;130.985;24.076;23.265;1.695;0.224;0.119;61.115;193.425;130.631;33.173;0.161;0.099;0.000;0.035;0.000;17;28.080;128.475;2;0;0;0;0;0;0;0
4;1;1;1;0.000000;0.000000;1.000000;19433.073959;19433.133666;19433.260858;778467;22560;139430;18;1743;22560;24648;100.000;0.719;0.782;535.424;574.733;5.916;160176;150044;139430;0.212;0.122;0.076;2.304;1.142;0.074;32.145;30.927;125.654;127.192;126.029;25.273;24.540;1.608;0.184;0.103;59.707;186.898;125.670;33.490;0.157;0.103;0.000;1.537;0.000;18;28.699;122.186;2;0;0;0;0;0;0;0
5;1;1;1;0.000000;0.000000;1.000000;19433.107747;19433.165185;19433.301081;776427;22184;137802;17;1723;22184;24156;100.000;0.790;0.857;529.172;568.031;5.797;157416;147596;137802;0.213;0.116;0.072;2.926;1.156;0.346;43.670;42.442;135.872;135.896;134.722;32.135;31.503;1.397;0.180;0.948;57.438;193.334;132.560;31.519;1.814;0.210;0.000;0.024;0.000;12;39.588;131.771;3;0;0;0;0;0;0;0
6;1;1;1;0.000000;0.000000;1.000000;19433.140173;19433.193426;19433.336274;774893;24628;137230;19;1716;24628;26832;100.000;0.748;0.812;526.976;565.676;6.440;155558;146567;137230;0.209;0.116;0.069;2.434;1.155;0.064;39.266;38.042;139.607;142.848;141.668;27.488;26.853;1.777;0.181;0.084;53.252;196.100;134.419;28.241;5.092;0.515;0.000;3.241;0.000;19;35.676;135.992;2;0;0;0;0;0;0;0
7;1;1;1;0.000000;0.000000;1.000000;19433.172719;19433.226507;19433.366360;775949;24816;137590;19;1720;24816;27020;100.000;0.600;0.651;528.358;567.149;6.485;155858;147450;137590;0.207;0.117;0.073;2.258;1.748;0.330;33.664;31.844;139.821;139.853;138.072;24.071;23.063;1.464;0.288;0.109;53.789;193.642;131.172;33.082;0.252;0.498;0.000;0.032;0.000;17;29.659;135.781;3;0;0;0;0;0;0;0
8;1;1;1;0.000000;0.000000;1.000000;19433.206670;19433.268076;19433.401852;775463;26320;137746;20;1722;26320;28640;100.000;599.221;649.867;528.957;567.793;6.874;155030;147422;137746;0.213;0.117;0.072;3.197;1.085;0.057;39.506;38.350;133.751;133.776;132.668;29.532;28.906;1.783;0.182;0.830;61.406;195.182;133.331;41.569;8.236;0.982;0.000;0.025;0.000;11;35.225;129.446;3;0;0;0;0;0;0;0
9;1;1;1;0.000000;0.000000;1.000000;19433.241136;19433.299764;19433.433205;775698;26132;138024;20;1726;26132;28452;100.000;0.905;0.982;530.025;568.951;6.828;154710;147662;138024;0.261;0.119;0.072;2.270;1.323;0.085;35.591;34.197;133.413;133.441;132.090;26.672;25.889;1.448;0.262;0.108;58.628;192.069;131.350;31.688;1.646;1.023;0.000;0.028;0.000;15;31.999;129.757;3;0;0;0;0;0;0;0
10;1;1;1;0.000000;0.000000;1.000000;19433.272467;19433.328766;19433.468585;778020;25568;138278;20;1729;25568;27888;100.000;0.646;0.702;531.000;569.994;6.693;154031;146939;138278;0.191;0.110;0.067;2.696;1.393;0.523;38.976;37.517;139.697;139.819;138.404;27.876;27.107;1.532;0.180;0.616;56.298;196.117;133.397;29.002;4.332;1.230;0.000;0.122;0.000;19;34.887;135.585;2;0;0;0;0;0;0;0
11;1;1;1;0.000000;0.000000;1.000000;19433.306077;19433.368541;19433.501707;778554;24252;139114;19;1739;24252;26456;100.000;0.760;0.826;534.210;573.430;6.349;154513;147757;139114;0.208;0.112;0.066;2.388;1.064;0.062;37.206;36.076;133.130;133.165;132.076;27.940;27.314;1.739;0.183;0.081;62.465;195.630;133.185;39.776;6.443;1.556;0.000;0.035;0.000;18;33.754;129.652;2;0;0;0;0;0;0;0
12;1;1;1;0.000000;0.000000;1.000000;19433.339258;19433.400614;19433.530413;779986;25756;140496;20;1757;25756;28076;100.000;0.738;0.802;539.517;579.143;6.738;155495;148938;140496;0.187;0.109;0.066;2.019;1.457;0.332;32.164;30.641;129.756;129.799;128.326;24.780;23.877;1.404;0.183;0.071;61.356;191.155;128.558;32.073;1.260;1.538;0.000;0.042;0.001;20;28.687;126.263;2;0;0;0;0;0;0;0
13;1;1;1;0.000000;0.000000;1.000000;19433.372406;19433.435682;19433.561123;780926;26132;142868;20;1786;26132;28452;100.000;0.838;0.909;548.626;588.905;6.828;157630;151000;142868;0.185;0.109;0.066;2.334;1.068;0.068;34.177;33.044;125.347;125.441;124.351;27.246;26.573;1.648;0.227;0.100;63.276;188.717;125.935;35.067;1.734;1.550;0.000;0.094;0.000;19;30.775;121.922;2;0;0;0;0;0;0;0
14;1;1;1;0.000000;0.000000;1.000000;19433.405827;19433.467007;19433.602080;782770;26508;144928;21;1812;26508;28944;100.000;1.023;1.114;556.536;597.402;6.947;159326;152945;144928;0.196;0.112;0.068;2.617;1.479;0.427;44.355;42.807;135.023;135.074;133.570;32.837;32.049;1.559;0.190;0.493;61.179;196.253;133.559;31.325;2.008;1.578;0.000;0.051;0.000;20;40.258;130.901;2;0;0;0;0;0;0;0
15;1;1;1;0.000000;0.000000;1.000000;19433.439196;19433.493044;19433.632579;784474;27260;146044;21;1826;27260;29696;100.000;0.738;0.801;560.821;602.004;7.127;159835;153202;146044;0.190;0.109;0.069;2.241;1.492;0.099;34.585;33.025;139.481;139.535;138.012;24.786;23.929;1.470;0.293;0.112;53.848;193.383;130.724;26.037;7.296;1.936;0.000;0.054;0.000;20;30.853;135.715;2;0;0;0;0;0;0;0
16;1;1;1;0.000000;0.000000;1.000000;19433.472649;19433.530200;19433.669088;785193;131600;145822;100;1823;131600;143200;100.000;25.732;27.981;559.969;601.083;34.368;177968;156948;145822;0.189;0.109;0.067;2.828;0.974;0.057;40.254;39.213;138.828;138.888;137.898;28.983;28.436;1.452;0.190;0.822;57.551;196.439;133.900;37.156;3.822;2.054;0.000;0.060;0.000;42;36.451;135.008;7;0;0;0;0;0;0;0
17;1;1;1;0.000000;0.000000;1.000000;19433.506895;19433.569125;19433.700422;782720;28764;144126;22;1802;28764;31316;100.000;0.923;1.002;553.456;594.097;7.516;169127;155796;144126;0.190;0.112;0.069;2.440;1.643;0.501;35.113;33.401;131.269;131.297;129.619;26.743;25.769;1.684;0.273;0.113;62.230;193.527;131.900;38.925;5.592;2.275;0.000;0.028;0.001;13;31.030;127.148;3;0;0;0;0;0;0;0
18;1;1;1;0.000000;0.000000;1.000000;19433.540837;19433.600413;19433.735535;781613;23124;141930;18;1775;23124;25212;100.000;0.673;0.731;545.024;585.055;6.051;164376;152343;141930;0.193;0.109;0.067;2.433;0.819;0.046;39.211;38.325;135.112;135.122;134.286;29.019;28.540;1.634;0.185;0.245;59.576;194.698;133.680;31.288;2.045;2.260;0.000;0.010;0.000;16;35.958;131.842;3;0;0;0;0;0;0;0
19;1;1;1;0.000000;0.000000;1.000000;19433.572449;19433.634928;19433.767231;780006;22372;139740;17;1747;22372;24344;100.000;942.626;1021.696;536.614;576.014;5.843;160684;150225;139740;0.231;0.111;0.071;2.462;1.355;0.369;34.931;33.506;132.269;132.303;130.925;26.402;25.591;1.652;0.281;0.116;62.479;194.782;132.043;34.515;1.182;2.193;0.000;0.034;0.000;17;31.114;128.420;1;0;0;0;0;0;0;0
20;1;1;1;0.000000;0.087266;1.000000;19433.605855;19433.667948;19433.794107;780302;22936;138346;18;1730;22936;25024;100.000;0.678;0.736;531.261;570.277;6.006;157894;148300;138346;0.225;0.106;0.063;2.393;1.342;0.099;30.687;29.281;126.131;126.159;124.792;24.324;23.464;1.608;0.208;0.182;62.092;188.251;125.586;33.020;0.313;2.076;16.468;0.028;0.000;12;26.952;122.369;3;0;0;0;0;0;0;0
21;1;1;1;0.000000;0.087266;1.000000;19433.639676;19433.701971;19433.838226;779066;24816;137844;19;1724;24816;27020;100.000;0.765;0.830;529.333;568.214;6.485;156303;147479;137844;0.196;0.106;0.065;4.587;1.995;0.555;47.840;45.780;136.211;136.254;134.224;35.111;34.107;1.724;1.205;1.292;62.295;198.550;136.371;34.023;0.690;1.989;0.000;0.043;0.001;18;41.258;129.591;2;0;0;0;0;0;0;0
22;1;1;1;0.000000;0.087266;1.000000;19433.672517;19433.734569;19433.868776;778280;25004;138092;19;1727;25004;27208;100.000;1069.217;1159.383;530.286;569.234;6.530;156434;148303;138092;0.236;0.108;0.065;2.602;0.782;0.044;37.149;36.302;134.177;134.207;133.409;27.680;27.211;1.561;0.180;0.454;62.052;196.259;133.588;32.598;0.736;1.911;0.000;0.030;0.000;19;33.764;130.776;1;0;0;0;0;0;0;0
23;1;1;1;0.000000;0.087266;1.000000;19433.706012;19433.762776;19433.904267;778907;25944;138240;20;1728;25944;28264;100.000;0.663;0.719;530.854;569.825;6.783;155826;148511;138240;0.237;0.109;0.066;4.595;1.298;0.075;38.849;37.485;141.466;141.491;140.155;27.457;26.746;1.648;1.207;1.329;56.764;198.255;135.746;28.207;5.126;2.112;0.000;0.024;0.000;14;32.956;135.533;4;0;0;0;0;0;0;0
24;1;1;1;0.000000;0.087266;1.000000;19433.739156;19433.802103;19433.929798;779289;23876;138556;19;1732;23876;26080;100.000;0.693;0.754;532.068;571.129;6.259;155133;147900;138556;0.185;0.105;0.063;2.115;1.476;0.476;31.434;29.894;127.668;127.695;126.195;24.617;23.689;1.488;0.183;0.090;62.947;190.642;127.943;39.327;5.994;2.354;0.000;0.027;0.000;10;27.843;124.051;4;0;0;0;0;0;0;0
25;1;1;1;0.000000;0.087266;1.000000;19433.774430;19433.836807;19433.969543;779739;25004;138952;19;1737;25004;27208;100.000;489.173;530.425;533.588;572.762;6.530;154951;148061;138952;0.195;0.109;0.067;2.745;1.090;0.064;43.334;42.177;132.711;132.737;131.624;32.646;32.044;1.490;0.182;0.703;62.376;195.113;134.355;34.703;1.370;2.293;0.000;0.025;0.000;13;39.499;128.852;2;0;0;0;0;0;0;0
26;1;1;1;0.000000;0.087266;1.000000;19433.806129;19433.867843;19434.000961;779364;26320;139454;20;1744;26320;28640;100.000;629.132;682.306;535.516;574.848;6.874;155091;148214;139454;0.191;0.110;0.067;2.202;1.523;0.451;35.234;33.645;133.099;133.118;131.558;26.468;25.574;1.432;0.265;0.138;61.714;194.832;132.440;31.036;2.297;2.293;0.000;0.019;0.001;14;31.509;129.334;2;0;0;0;0;0;0;0
27;1;1;1;0.000000;0.087266;1.000000;19433.839294;19433.896089;19434.037136;780025;26320;140520;20;1757;26320;28640;100.000;0.673;0.730;539.609;579.235;6.874;155666;148911;140520;0.185;0.106;0.065;3.283;1.235;0.072;39.903;38.604;141.009;141.046;139.784;28.291;27.617;1.384;0.198;1.345;56.795;197.842;135.281;28.246;5.087;2.468;0.000;0.038;0.000;8;35.386;136.462;4;0;0;0;0;0;0;0
28;1;1;1;0.000000;0.087266;1.000000;19433.872549;19433.935358;19434.066595;780373;26696;141820;21;1773;26696;29132;100.000;0.814;0.886;544.601;584.588;6.992;156450;150058;141820;0.237;0.113;0.071;2.275;1.707;0.369;33.978;32.200;131.222;131.237;129.505;25.890;24.864;1.476;0.286;0.093;62.809;194.046;131.407;39.269;5.936;2.684;0.000;0.015;0.000;15;29.996;127.214;3;0;0;0;0;0;0;0
29;1;1;1;0.000000;0.087266;1.000000;19433.906986;19433.968289;19434.093073;781651;28012;143812;22;1798;28012;30564;100.000;0.823;0.896;552.251;592.801;7.335;158178;151821;143812;0.184;0.108;0.066;2.271;1.458;0.088;30.442;28.918;124.740;124.784;123.303;24.395;23.453;1.583;0.221;0.110;61.303;186.087;124.552;32.931;0.402;2.542;0.000;0.044;0.000;21;26.712;120.968;2;0;0;0;0;0;0;0
30;1;1;1;-0.087266;0.087266;1.000000;19433.939239;19434.002460;19434.133725;781375;26696;144756;21;1810;26696;29132;100.000;0.852;0.927;555.876;596.697;6.992;158959;152458;144756;0.191;0.108;0.069;2.320;1.109;0.065;44.384;43.207;131.216;131.265;130.140;33.812;33.200;1.609;0.261;0.083;63.221;194.486;131.871;34.170;0.837;2.435;16.478;0.050;0.000;19;40.956;127.769;2;0;0;0;0;0;0;0
31;1;1;1;-0.087266;0.087266;1.000000;19433.972550;19434.033976;19434.169347;784392;130660;143948;100;1800;130660;142260;100.000;4.765;5.185;552.773;593.368;34.142;176776;155937;143948;1.148;0.110;0.066;4.041;1.364;0.330;39.047;37.618;135.348;135.372;133.992;28.844;28.074;1.462;0.188;1.067;61.425;196.797;134.159;31.516;1.817;2.397;0.000;0.024;0.000;61;33.643;129.926;4;0;0;0;0;0;0;0
32;1;1;1;-0.087266;0.087266;1.000000;19434.005655;19434.061481;19434.199870;782671;29140;141972;23;1775;29140;31808;100.000;0.718;0.781;545.185;585.216;7.634;167802;154013;141972;0.189;0.108;0.069;2.379;1.242;0.074;35.914;34.603;137.202;138.389;137.122;25.951;25.235;1.636;0.285;0.093;55.826;194.216;131.349;27.505;5.828;2.611;0.000;1.188;0.000;54;32.293;133.554;2;0;0;0;0;0;0;0
33;1;1;1;-0.087266;0.087266;1.000000;19434.039611;19434.102225;19434.237298;776999;23688;139814;18;1748;23688;25776;100.000;0.721;0.782;536.898;576.321;6.186;162473;151153;139814;0.196;0.106;0.067;2.535;1.731;0.521;41.045;39.248;135.023;135.073;133.316;30.387;29.440;1.599;0.181;0.386;62.614;197.687;135.444;40.744;7.411;2.911;0.000;0.050;0.000;17;36.779;130.730;2;0;0;0;0;0;0;0
34;1;1;1;-0.087266;0.087266;1.000000;19434.074488;19434.135227;19434.267618;778650;23124;137648;18;1721;23124;25212;100.000;0.713;0.774;528.581;567.394;6.051;157983;147475;137648;0.189;0.109;0.067;2.263;1.004;0.058;34.594;33.524;132.355;132.392;131.373;26.130;25.518;1.609;0.199;0.091;60.739;193.130;132.430;33.001;0.332;2.750;0.000;0.037;0.000;17;31.327;129.072;2;0;0;0;0;0;0;0
35;1;1;1;-0.087266;0.087266;1.000000;19434.106404;19434.167815;19434.305284;778007;23124;137154;18;1715;23124;25212;100.000;0.684;0.743;526.684;565.362;6.051;156457;146475;137154;0.188;0.107;0.064;2.111;1.783;0.558;40.915;39.067;137.449;137.469;135.657;29.763;28.799;1.475;0.183;0.094;61.412;198.881;136.763;32.589;0.744;2.625;0.000;0.020;0.000;9;37.020;133.524;6;0;0;0;0;0;0;0
36;1;1;1;-0.087266;0.087266;1.000000;19434.138938;19434.201801;19434.334211;776483;25192;138046;20;1726;25192;27512;100.000;0.754;0.820;530.109;569.035;6.603;155937;147008;138046;0.188;0.108;0.068;2.151;1.461;0.086;32.818;31.290;132.377;132.410;130.920;24.785;23.900;1.416;0.261;0.110;62.863;195.273;132.356;33.985;0.652;2.501;0.000;0.033;0.000;10;29.207;128.736;4;0;0;0;0;0;0;0
37;1;1;1;-0.087266;0.087266;1.000000;19434.172428;19434.235376;19434.368826;781287;26132;139346;20;1742;26132;28452;100.000;0.777;0.843;535.101;574.388;6.828;157460;149487;139346;0.189;0.106;0.062;2.378;0.962;0.061;38.238;37.214;133.411;133.451;132.474;28.653;28.092;1.747;0.181;0.092;62.947;196.398;133.638;33.575;0.242;2.360;0.000;0.039;0.000;19;34.899;130.056;2;0;0;0;0;0;0;0
38;1;1;1;-0.087266;-0.000000;1.000000;19434.205846;19434.269196;19434.403858;780329;27824;141098;22;1764;27824;30376;100.000;0.868;0.945;541.829;581.612;7.290;157637;150141;141098;0.195;0.111;0.068;2.845;1.494;0.388;38.367;36.806;134.611;134.662;133.151;28.491;27.642;1.438;0.183;0.850;63.350;198.012;135.336;33.820;0.487;2.243;24.184;0.051;0.000;21;34.028;130.255;2;0;0;0;0;0;0;0
39;1;1;1;-0.087266;-0.000000;1.000000;19434.239484;19434.301482;19434.430811;780785;28952;142238;22;1778;28952;31504;100.000;0.826;0.896;546.206;586.306;7.561;158178;150818;142238;0.181;0.110;0.065;2.005;1.067;0.062;31.277;30.146;129.308;129.330;128.241;24.184;23.507;1.381;0.187;0.083;61.998;191.328;128.957;32.286;1.048;2.168;0.000;0.022;0.000;14;28.205;126.205;3;0;0;0;0;0;0;0
40;1;1;1;-0.087266;-0.000000;1.000000;19434.272378;19434.336734;19434.471825;785430;29892;143844;23;1799;29892;32560;100.000;0.973;1.057;552.373;592.946;7.814;159340;152098;143844;0.183;0.109;0.066;2.390;1.708;0.562;44.077;42.304;135.049;135.091;133.355;32.628;31.722;1.406;0.194;0.433;64.356;199.448;136.638;35.253;1.920;2.153;0.000;0.042;0.000;22;39.979;130.922;2;0;0;0;0;0;0;0
41;1;1;1;-0.087266;-0.000000;1.000000;19434.306376;19434.367598;19434.500757;789479;31020;146416;24;1831;31020;33804;100.000;1.088;1.183;562.250;603.545;8.113;161458;154259;146416;0.235;0.112;0.068;2.258;1.540;0.099;33.022;31.415;133.120;133.159;131.587;24.799;23.874;1.456;0.281;0.106;61.222;194.382;132.236;30.864;2.470;2.173;0.000;0.039;0.000;23;29.225;129.289;2;0;0;0;0;0;0;0
42;1;1;1;-0.087266;-0.000000;1.000000;19434.338747;19434.396232;19434.528627;789348;31584;148106;24;1852;31584;34368;100.000;0.805;0.873;568.740;610.508;8.248;163190;156459;148106;0.178;0.106;0.066;2.424;1.436;0.371;31.674;30.173;131.217;132.396;130.938;23.924;23.044;1.747;0.229;0.099;57.485;189.881;126.773;28.634;4.699;2.330;0.000;1.178;0.001;23;27.814;127.333;2;0;0;0;0;0;0;0
43;1;1;1;-0.087266;-0.000000;1.000000;19434.372951;19434.435633;19434.568417;792714;31960;149298;25;1867;31960;34860;100.000;0.987;1.074;573.317;615.424;8.366;164183;157597;149298;0.241;0.110;0.066;2.411;1.068;0.064;43.646;42.512;132.773;132.784;131.693;32.870;32.281;1.717;0.196;0.080;62.682;195.466;133.229;39.401;6.068;2.564;0.000;0.011;0.000;14;40.167;129.270;4;0;0;0;0;0;0;0
44;1;1;1;-0.087266;-0.000000;1.000000;19434.406675;19434.468152;19434.600344;790865;31960;150365;25;1880;31960;34860;100.000;1.133;1.232;577.414;619.814;8.366;165393;158411;150365;0.199;0.112;0.072;2.309;1.880;0.445;35.401;33.449;132.171;132.192;130.286;26.780;25.674;1.488;0.290;0.148;61.477;193.669;131.823;32.519;0.815;2.455;0.000;0.021;0.000;17;31.212;127.956;4;0;0;0;0;0;0;0
45;1;1;1;-0.087266;-0.000000;1.000000;19434.439112;19434.496494;19434.629850;787976;32336;151606;25;1896;32336;35236;100.000;0.819;0.890;582.180;624.941;8.457;166115;159428;151606;0.180;0.108;0.067;2.145;1.180;0.072;33.692;32.445;133.313;133.356;132.151;25.265;24.552;1.498;0.199;0.094;57.382;190.738;127.996;28.342;4.991;2.613;0.000;0.044;0.000;24;30.367;129.960;2;0;0;0;0;0;0;0
46;1;1;1;-0.087266;-0.000000;1.000000;19434.472991;19434.536216;19434.670321;789717;145888;151650;111;1896;145888;158764;100.000;4.735;5.150;582.348;625.110;38.103;188890;165163;151650;0.189;0.111;0.066;4.596;1.503;0.083;43.770;42.202;132.779;134.105;132.555;32.639;31.837;1.711;1.219;1.301;63.226;197.331;135.133;39.723;6.389;2.849;0.000;1.326;0.001;111;37.671;126.631;4;0;0;0;0;0;0;0
47;1;1;1;-0.087266;-0.000000;1.000000;19434.507249;19434.567139;19434.702097;784950;30268;150558;23;1882;30268;32936;100.000;819.052;888.665;578.155;620.601;7.905;179115;163191;150558;0.189;0.110;0.071;2.613;1.390;0.435;37.888;36.427;134.916;134.959;133.539;28.074;27.278;1.794;0.303;0.148;59.889;194.848;133.576;30.922;2.411;2.822;0.000;0.043;0.000;23;33.885;130.882;1;0;0;0;0;0;0;0
48;1;1;1;-0.087266;0.087266;1.000000;19434.539065;19434.595586;19434.735544;781130;24628;148538;19;1857;24628;26832;100.000;0.612;0.665;570.398;612.280;6.440;174491;161518;148538;0.193;0.111;0.069;2.385;0.958;0.054;37.461;36.434;139.900;139.958;138.984;26.766;26.214;1.686;0.193;0.133;56.522;196.480;133.689;28.448;4.885;2.951;34.042;0.058;0.000;18;34.117;136.539;2;0;0;0;0;0;0;0
49;1;1;1;-0.087266;0.087266;1.000000;19434.572371;19434.636022;19434.767125;780468;24816;147276;19;1841;24816;27020;100.000;0.749;0.813;565.552;607.073;6.485;169683;158314;147276;0.194;0.112;0.070;2.494;1.537;0.456;34.907;33.300;131.071;131.102;129.545;26.626;25.705;1.707;0.305;0.107;63.651;194.753;131.937;40.436;7.103;3.210;0.000;0.031;0.000;11;30.876;127.010;4;0;0;0;0;0;0;0
50;1;1;1;-0.087266;0.087266;1.000000;19434.608037;19434.669362;19434.796680;783376;25380;146748;20;1835;25380;27700;100.000;0.741;0.806;563.525;604.910;6.648;166714;156688;146748;0.219;0.108;0.065;2.296;1.107;0.070;33.586;32.415;127.273;127.318;126.194;26.380;25.686;1.626;0.192;0.087;61.325;188.643;128.159;33.340;0.006;3.010;0.000;0.045;0.000;19;30.183;123.851;2;0;0;0;0;0;0;0
51;1;1;1;-0.087266;0.087266;1.000000;19434.639266;19434.703800;19434.830034;787237;29516;145970;23;1825;29516;32184;100.000;0.968;1.052;560.537;601.697;7.724;163927;154647;145970;0.180;0.108;0.065;2.017;1.546;0.456;36.745;35.135;126.026;126.234;124.664;29.109;28.184;1.391;0.191;0.083;64.534;190.768;128.179;34.438;1.104;2.891;0.000;0.209;0.000;23;33.183;122.436;2;0;0;0;0;0;0;0
52;1;1;1;-0.087266;0.087266;1.000000;19434.672987;19434.734433;19434.868218;787734;31020;147302;24;1842;31020;33804;100.000;1.088;1.182;565.652;607.195;8.113;163921;154970;147302;0.237;0.110;0.069;2.902;1.307;0.084;41.730;40.354;133.770;133.785;132.442;31.192;30.470;1.795;0.302;0.391;61.446;195.231;133.030;30.633;2.700;2.879;0.000;0.016;0.001;16;37.521;129.521;3;0;0;0;0;0;0;0
53;1;1;1;-0.087266;0.087266;1.000000;19434.705804;19434.763126;19434.902670;787059;31396;148046;24;1851;31396;34180;100.000;0.900;0.977;568.509;610.255;8.203;163880;155377;148046;0.194;0.111;0.070;2.553;1.530;0.443;38.677;37.077;139.511;139.544;137.997;27.716;26.868;1.576;0.192;0.410;57.322;196.866;134.149;28.693;4.641;2.989;0.000;0.034;0.000;14;34.593;135.409;4;0;0;0;0;0;0;0
54;1;1;1;-0.087266;0.087266;1.000000;19434.739103;19434.798145;19434.934397;786051;31208;148712;24;1859;31208;33992;100.000;0.844;0.916;571.067;612.993;8.158;163752;156015;148712;0.197;0.114;0.072;2.467;1.340;0.081;35.791;34.379;136.228;136.252;134.879;26.268;25.489;1.695;0.281;0.109;59.041;195.293;132.542;35.019;1.686;2.908;0.000;0.024;0.001;14;31.984;132.387;3;0;0;0;0;0;0;0
55;1;1;1;-0.087266;0.087266;1.000000;19434.775042;19434.835285;19434.964009;796213;30456;148706;24;1859;30456;33240;100.000;0.872;0.948;571.044;612.970;7.978;163350;156198;148706;0.180;0.108;0.066;2.002;1.489;0.435;33.429;31.875;128.698;128.724;127.216;25.970;25.056;1.374;0.195;0.080;60.243;188.968;128.821;37.140;3.807;2.964;0.000;0.027;0.000;13;29.939;125.187;3;0;0;0;0;0;0;0
56;1;1;1;-0.087266;0.087266;1.000000;19434.806193;19434.870417;19435.004146;790191;30268;148654;23;1859;30268;32936;100.000;473.894;514.171;570.844;612.770;7.905;162711;155789;148654;0.221;0.106;0.066;4.797;1.669;0.096;43.614;41.879;133.687;133.729;132.031;32.613;31.719;1.834;1.272;1.298;64.225;197.953;135.625;35.132;1.799;2.891;0.000;0.042;0.000;13;37.148;127.190;4;0;0;0;0;0;0;0
57;1;1;1;-0.087266;0.087266;1.000000;19434.839067;19434.901380;19435.038135;798808;30644;148762;24;1860;30644;33428;100.000;1.096;1.192;571.259;613.208;8.023;162756;155654;148762;1.170;0.111;0.068;4.141;1.506;0.083;40.454;38.880;136.722;136.755;135.225;29.581;28.752;1.479;0.210;1.104;62.313;199.068;136.280;30.963;2.370;2.859;0.000;0.033;0.001;14;34.806;131.047;3;0;0;0;0;0;0;0
58;1;1;1;-0.087266;0.087266;1.000000;19434.872253;19434.929494;19435.069474;797924;31020;149280;24;1866;31020;33804;100.000;0.794;0.863;573.248;615.332;8.113;163186;156181;149280;0.197;0.112;0.068;2.642;1.177;0.471;36.990;35.745;139.929;139.980;138.787;26.425;25.756;1.603;0.195;0.467;57.241;197.221;134.286;28.114;5.219;3.006;0.000;0.051;0.000;23;33.171;136.094;2;0;0;0;0;0;0;0
59;1;1;1;-0.087266;0.087266;1.000000;19434.905835;19434.968725;19435.105421;794477;30644;149798;24;1873;30644;33428;100.000;0.886;0.964;575.237;617.479;8.023;163385;156786;149798;0.224;0.105;0.067;4.674;1.603;0.092;39.749;38.079;136.679;136.695;135.064;29.078;28.194;1.757;1.220;1.301;62.890;199.586;136.899;39.231;5.898;3.187;0.000;0.017;0.000;18;33.472;130.371;3;0;0;0;0;0;0;0
60;1;1;1;-0.087266;0.087266;1.000000;19434.940705;19435.003597;19435.137968;789053;30456;150698;24;1884;30456;33240;100.000;0.931;1.013;578.693;621.183;7.978;164074;157604;150698;0.177;0.105;0.066;3.251;1.844;0.559;38.820;36.910;134.314;134.371;132.506;28.890;27.855;1.355;0.216;1.331;62.891;197.262;136.113;34.871;1.538;3.084;0.000;0.057;0.000;22;33.724;129.188;2;0;0;0;0;0;0;0
61;1;1;1;-0.087266;0.087266;1.000000;19434.972416;19435.036501;19435.170489;783874;143444;149328;109;1867;143444;156088;100.000;127.556;138.714;573.432;615.539;37.461;186216;162709;149328;0.189;0.113;0.067;2.428;1.198;0.071;37.618;36.353;133.960;133.987;132.774;28.076;27.380;1.635;0.194;0.231;64.085;198.072;135.301;32.905;0.429;2.918;0.000;0.027;0.000;75;33.992;130.318;4;0;0;0;0;0;0;0
62;1;1;1;-0.087266;0.087266;1.000000;19435.006355;19435.068139;19435.201915;782785;28764;146986;22;1838;28764;31316;100.000;0.797;0.865;564.439;605.892;7.516;175811;160606;146986;0.240;0.114;0.069;2.503;1.077;0.061;35.049;33.903;133.762;133.776;132.683;26.200;25.552;1.723;0.255;0.102;61.784;195.559;133.394;31.638;1.696;2.841;0.000;0.014;0.000;17;31.469;130.165;3;0;0;0;0;0;0;0
63;1;1;1;-0.087266;0.087266;1.000000;19435.039385;19435.104433;19435.234930;782791;23124;145010;18;1813;23124;25212;100.000;0.738;0.801;556.851;597.740;6.051;170311;157273;145010;0.195;0.112;0.069;2.481;1.332;0.443;36.586;35.185;130.456;130.497;129.144;28.036;27.245;1.626;0.190;0.290;65.048;195.545;133.076;36.294;2.960;2.849;0.000;0.041;0.000;17;32.773;126.620;2;0;0;0;0;0;0;0
64;1;1;1;-0.087266;0.087266;1.000000;19435.072400;19435.135926;19435.266482;782127;21996;143356;17;1792;21996;23968;100.000;0.666;0.723;550.500;590.915;5.752;165342;154121;143356;0.191;0.110;0.067;2.363;1.542;0.091;35.351;33.742;130.519;130.557;128.982;27.077;26.160;1.603;0.275;0.119;63.525;194.082;131.295;31.493;1.840;2.786;0.000;0.037;0.000;16;31.446;126.579;2;0;0;0;0;0;0;0
65;1;1;1;-0.087266;0.087266;1.000000;19435.105991;19435.169131;19435.296756;785507;22936;142428;18;1781;22936;25024;100.000;0.671;0.729;546.936;587.103;6.006;163256;152932;142428;0.186;0.105;0.066;2.184;1.388;0.418;34.190;32.736;127.603;127.624;126.218;26.790;25.936;1.548;0.188;0.090;63.141;190.765;128.234;33.206;0.128;2.620;0.000;0.021;0.000;8;30.618;124.012;4;0;0;0;0;0;0;0
66;1;1;1;-0.087266;0.087266;1.000000;19435.139572;19435.203531;19435.335342;789017;24252;142296;19;1779;24252;26456;100.000;0.795;0.864;546.429;586.551;6.349;161220;152061;142296;0.233;0.106;0.067;2.871;0.906;0.056;42.156;41.184;131.766;131.812;130.888;31.982;31.465;1.442;0.187;0.836;63.959;195.770;133.488;34.399;1.066;2.523;0.000;0.046;0.000;18;38.380;127.971;2;0;0;0;0;0;0;0
67;1;1;1;-0.087266;0.087266;1.000000;19435.172879;19435.234169;19435.366842;789641;25944;142550;20;1782;25944;28264;100.000;0.929;1.008;547.404;587.594;6.783;160627;151855;142550;0.191;0.111;0.069;2.188;1.661;0.420;35.260;33.530;132.627;132.673;130.982;26.576;25.599;1.427;0.280;0.111;61.290;193.963;131.654;30.638;2.695;2.533;0.000;0.047;0.000;19;31.410;128.744;2;0;0;0;0;0;0;0
68;1;1;1;-0.087266;0.087266;1.000000;19435.205312;19435.262240;19435.393518;784718;26320;142638;20;1783;26320;28640;100.000;703.154;762.585;547.742;587.954;6.874;160193;151987;142638;0.184;0.105;0.066;2.247;1.323;0.083;30.528;29.140;131.233;131.277;129.932;23.255;22.427;1.601;0.189;0.103;56.928;188.205;124.996;28.071;5.262;2.704;0.000;0.045;0.000;20;26.959;127.639;1;0;0;0;0;0;0;0
69;1;1;1;-0.174533;0.087266;1.000000;19435.238953;19435.302942;19435.435484;778159;27636;142942;21;1787;27636;30072;100.000;0.886;0.961;548.910;589.212;7.217;159763;152114;142942;1.209;0.110;0.067;4.246;0.925;0.058;45.535;44.544;132.493;132.542;131.598;34.355;33.848;1.592;0.189;1.080;63.989;196.531;133.629;40.702;7.369;2.995;32.620;0.049;0.000;19;40.365;127.300;3;0;0;0;0;0;0;0
70;1;1;1;-0.174533;0.087266;1.000000;19435.274599;19435.334280;19435.467218;776327;28012;143886;22;1799;28012;30564;100.000;0.998;1.086;552.535;593.108;7.335;160032;152610;143886;0.199;0.114;0.070;2.521;1.326;0.446;36.888;35.492;132.890;132.938;131.587;27.748;26.972;1.735;0.298;0.106;59.681;192.620;132.030;31.338;1.995;2.933;0.000;0.049;0.000;20;33.041;129.011;3;0;0;0;0;0;0;0
71;1;1;1;-0.174533;0.087266;1.000000;19435.305532;19435.362488;19435.499157;786883;30080;145096;23;1814;30080;32748;100.000;0.758;0.823;557.181;598.092;7.860;161098;153899;145096;0.225;0.106;0.066;2.052;1.666;0.102;35.792;34.061;136.615;136.669;134.988;26.189;25.232;1.394;0.189;0.073;56.956;193.624;130.635;28.208;5.126;3.070;0.000;0.053;0.000;22;32.074;132.881;2;0;0;0;0;0;0;0
72;1;1;1;-0.174533;0.087266;1.000000;19435.339011;19435.402347;19435.535578;787146;28764;146492;22;1832;28764;31316;100.000;0.901;0.978;562.542;603.859;7.516;162259;155328;146492;0.188;0.111;0.067;2.861;1.419;0.442;40.129;38.643;133.213;133.230;131.789;30.120;29.322;1.470;0.189;0.836;63.337;196.567;133.723;39.859;6.526;3.286;0.000;0.017;0.000;12;35.849;128.910;3;0;0;0;0;0;0;0
73;1;1;1;-0.174533;0.087266;1.000000;19435.374459;19435.434401;19435.571725;781047;28388;148748;22;1860;28388;30940;100.000;1.008;1.095;571.205;613.154;7.426;164071;157359;148748;0.226;0.110;0.066;4.442;1.628;0.094;40.417;38.723;137.289;137.324;135.667;29.432;28.543;1.476;1.219;1.347;59.942;197.266;136.537;32.053;1.280;3.161;0.000;0.036;0.000;18;34.347;131.187;4;0;0;0;0;0;0;0
74;1;1;1;-0.174533;0.087266;1.000000;19435.405501;19435.462716;19435.597923;782459;29704;150270;23;1879;29704;32372;100.000;0.748;0.813;577.049;619.427;7.769;165241;158369;150270;0.180;0.108;0.068;2.001;1.506;0.428;32.278;30.705;135.163;135.206;133.684;23.873;22.968;1.379;0.196;0.071;57.215;192.422;129.401;28.316;5.018;3.277;0.000;0.044;0.000;21;28.771;131.638;3;0;0;0;0;0;0;0
75;1;1;1;-0.174533;0.087266;1.000000;19435.438915;19435.502626;19435.637065;781579;29892;150762;23;1885;29892;32560;100.000;0.958;1.041;578.939;621.452;7.814;165471;158537;150762;1.156;0.110;0.069;4.640;1.289;0.081;42.636;41.278;134.377;134.439;133.125;31.714;31.007;1.616;0.207;1.483;63.711;198.150;135.210;39.909;6.576;3.483;0.000;0.062;0.000;22;36.706;128.420;2;0;0;0;0;0;0;0
76;1;1;1;-0.174533;0.087266;1.000000;19435.474393;19435.533980;19435.668577;784181;144384;151052;110;1889;144384;157144;100.000;4.997;5.436;580.052;622.656;37.715;189415;164593;151052;0.234;0.114;0.073;2.507;1.443;0.385;37.426;35.910;134.505;134.597;133.119;27.806;26.976;1.667;0.298;0.122;59.588;194.184;133.389;31.354;1.979;3.389;0.000;0.092;0.000;49;33.476;130.518;4;0;0;0;0;0;0;0
77;1;1;1;-0.174533;0.087266;1.000000;19435.505658;19435.562939;19435.701665;782861;27824;150492;22;1882;27824;30376;100.000;0.703;0.765;577.902;620.347;7.290;179074;162941;150492;0.242;0.110;0.069;2.747;1.091;0.063;37.046;35.886;135.866;138.725;137.612;26.705;26.078;1.515;0.198;0.614;57.282;196.007;133.144;28.959;4.374;3.450;0.000;2.859;0.000;50;33.208;132.003;2;0;0;0;0;0;0;0
78;1;1;1;-0.174533;0.087266;1.000000;19435.539127;19435.602689;19435.738303;779451;21432;148910;17;1862;21432;23404;100.000;0.656;0.713;571.827;613.821;5.617;174742;161070;148910;0.192;0.109;0.067;4.541;2.257;0.548;40.461;38.137;135.582;135.614;133.321;29.835;28.605;1.622;1.216;1.336;63.562;199.177;136.449;39.750;6.416;3.636;0.000;0.033;0.000;10;33.662;128.746;3;0;0;0;0;0;0;0
79;1;1;1;-0.174533;0.087266;1.000000;19435.573482;19435.635544;19435.762547;784719;22184;147042;17;1839;22184;24156;100.000;0.647;0.702;564.654;606.129;5.797;168701;157203;147042;0.183;0.106;0.067;2.363;1.163;0.071;31.048;29.818;126.965;127.004;125.814;24.446;23.700;1.709;0.195;0.103;62.062;189.066;127.359;32.855;0.479;3.439;0.000;0.039;0.000;16;27.521;123.411;2;0;0;0;0;0;0;0
80;1;1;1;-0.174533;0.087266;1.000000;19435.605673;19435.670025;19435.804053;780701;24816;146382;19;1830;24816;27020;100.000;0.821;0.891;562.119;603.392;6.485;165492;155275;146382;0.191;0.108;0.065;4.583;1.571;0.098;45.008;43.372;133.978;134.028;132.422;33.581;32.753;1.668;1.256;1.296;64.352;198.380;135.532;34.482;1.148;3.295;0.000;0.049;0.000;16;38.854;127.776;3;0;0;0;0;0;0;0
81;1;1;1;-0.174533;0.087266;1.000000;19435.639770;19435.700389;19435.836723;785754;27824;145442;22;1819;27824;30376;100.000;0.966;1.051;558.510;599.534;7.290;164169;154430;145442;0.195;0.110;0.067;2.346;1.610;0.457;38.833;37.157;136.290;136.334;134.702;28.484;27.585;1.703;0.190;0.081;60.619;196.954;134.869;30.364;2.969;3.275;0.000;0.044;0.000;20;34.878;132.311;2;0;0;0;0;0;0;0
82;1;1;1;-0.174533;0.087266;1.000000;19435.672002;19435.729337;19435.867364;783308;28388;145720;22;1822;28388;30940;100.000;0.714;0.775;559.577;600.669;7.426;163510;154872;145720;0.192;0.109;0.068;2.429;1.109;0.065;34.591;33.415;137.978;138.027;136.895;25.061;24.409;1.669;0.295;0.097;57.336;195.362;132.176;28.948;4.385;3.344;0.000;0.049;0.000;23;31.054;134.415;2;0;0;0;0;0;0;0
83;1;1;1;-0.174533;0.087266;1.000000;19435.705776;19435.769319;19435.904889;782737;27448;145846;21;1824;27448;29884;100.000;0.814;0.883;560.061;601.198;7.172;163290;155364;145846;0.215;0.105;0.065;4.487;1.936;0.513;41.047;39.046;135.532;135.569;133.600;30.278;29.226;1.603;1.210;1.289;63.543;199.112;136.367;39.982;6.649;3.551;0.000;0.037;0.000;20;34.623;129.073;2;0;0;0;0;0;0;0
84;1;1;1;-0.174533;0.087266;1.000000;19435.740970;19435.804118;19435.936361;781874;28764;146012;22;1826;28764;31316;100.000;0.937;1.017;560.699;601.881;7.516;163055;155345;146012;0.191;0.109;0.063;2.383;1.313;0.075;37.910;36.533;132.217;132.243;130.914;28.667;27.906;1.717;0.190;0.113;63.148;195.391;134.506;34.799;1.466;3.421;0.000;0.025;0.000;8;34.213;128.504;6;0;0;0;0;0;0;0
85;1;1;1;-0.174533;0.087266;1.000000;19435.772276;19435.834928;19435.970506;780545;25004;146308;19;1829;25004;27208;100.000;783.146;849.189;561.835;603.085;6.530;163118;155295;146308;0.195;0.110;0.068;2.731;1.478;0.421;37.839;36.293;135.534;135.577;134.085;27.909;27.067;1.498;0.191;0.670;62.653;198.230;135.318;30.810;2.523;3.365;0.000;0.043;0.000;20;33.630;131.309;1;0;0;0;0;0;0;0
86;1;1;1;-0.174533;0.087266;1.000000;19435.806461;19435.869468;19436.001011;778343;27260;146104;21;1827;27260;29696;100.000;0.805;0.875;561.052;602.256;7.127;162438;154926;146104;0.192;0.113;0.069;2.474;1.103;0.063;34.701;33.529;131.507;131.543;130.416;26.380;25.709;1.701;0.276;0.125;63.008;194.550;132.489;34.540;1.207;3.230;0.000;0.035;0.000;12;31.123;127.904;3;0;0;0;0;0;0;0
87;1;1;1;-0.174533;0.087266;1.000000;19435.839269;19435.903933;19436.038213;778458;26508;145634;21;1821;26508;28944;100.000;0.864;0.940;559.247;600.316;6.947;161498;154481;145634;0.185;0.106;0.067;2.033;1.754;0.518;40.772;38.951;134.237;134.280;132.499;30.363;29.397;1.385;0.196;0.095;64.664;198.944;136.358;34.464;1.131;3.098;0.000;0.043;0.000;19;36.985;130.422;2;0;0;0;0;0;0;0
88;1;1;1;-0.174533;0.087266;1.000000;19435.872648;19435.934763;19436.067083;778592;28764;145652;22;1821;28764;31316;100.000;0.847;0.919;559.316;600.385;7.516;160938;154225;145652;0.187;0.112;0.067;2.231;1.477;0.090;32.657;31.113;132.304;132.321;130.818;24.680;23.783;1.434;0.293;0.138;62.115;194.436;131.895;30.830;2.503;3.061;0.000;0.016;0.000;7;28.948;128.569;5;0;0;0;0;0;0;0
89;1;1;1;-0.174533;0.087266;1.000000;19435.905917;19435.968873;19436.104654;779952;29516;146464;23;1831;29516;32184;100.000;0.880;0.957;562.434;603.729;7.724;161109;154336;146464;0.186;0.109;0.067;2.668;1.816;0.480;41.267;39.385;135.747;135.781;133.932;30.392;29.406;1.406;0.217;0.683;62.956;198.737;136.132;34.110;0.776;2.918;0.000;0.034;0.000;16;36.783;131.228;4;0;0;0;0;0;0;0
90;1;1;1;-0.174533;0.087266;1.000000;19435.939356;19436.002574;19436.133733;779674;29328;148650;23;1859;29328;31996;100.000;0.933;1.015;570.828;612.755;7.679;163112;156345;148650;0.197;0.112;0.069;2.228;1.458;0.088;33.519;31.992;131.106;131.159;129.634;25.556;24.679;1.439;0.305;0.107;63.218;194.377;131.878;33.701;0.368;2.759;0.000;0.053;0.000;19;29.833;127.346;4;0;0;0;0;0;0;0
91;1;1;1;-0.174533;0.087266;1.000000;19435.972697;19436.034147;19436.161339;781083;142504;149974;109;1875;142504;155148;100.000;4.043;4.399;575.913;618.200;37.236;187045;162867;149974;0.182;0.106;0.067;2.289;1.528;0.095;31.335;29.740;127.121;127.192;125.643;24.636;23.670;1.638;0.198;0.098;61.451;188.643;126.151;31.574;1.760;2.697;0.000;0.071;0.000;32;27.517;123.281;11;0;0;0;0;0;0;0
92;1;1;1;-0.174533;0.087266;1.000000;19436.005770;19436.069488;19436.202112;780537;27260;150044;21;1876;27260;29696;100.000;0.874;0.950;576.181;618.492;7.127;178460;162611;150044;0.233;0.110;0.073;2.504;1.451;0.435;44.585;43.061;132.578;132.624;131.150;33.617;32.833;1.629;0.197;0.262;63.718;196.342;133.590;35.340;2.007;2.653;0.000;0.047;0.000;20;40.630;128.598;2;0;0;0;0;0;0;0
93;1;1;1;-0.174533;0.087266;1.000000;19436.039442;19436.100799;19436.232383;773046;21620;148126;17;1852;21620;23592;100.000;0.764;0.831;568.816;610.585;5.662;173876;159305;148126;0.188;0.109;0.069;2.215;1.393;0.089;34.217;32.755;131.543;131.584;130.161;26.004;25.165;1.459;0.283;0.108;61.357;192.941;130.528;31.312;2.021;2.614;0.000;0.041;0.000;16;30.609;127.904;2;0;0;0;0;0;0;0
94;1;1;1;-0.174533;0.087266;1.000000;19436.072226;19436.129241;19436.269783;770822;21056;145994;16;1825;21056;22912;100.000;561.910;608.895;560.629;601.789;5.499;168764;155971;145994;0.189;0.108;0.067;2.732;1.444;0.411;41.018;39.507;140.500;140.542;139.081;29.186;28.406;1.571;0.226;0.572;57.015;197.557;134.595;28.442;4.892;2.756;0.000;0.042;0.000;16;36.842;136.306;1;0;0;0;0;0;0;0
95;1;1;1;-0.174533;0.087266;1.000000;19436.106623;19436.170130;19436.300325;778859;24628;143854;19;1799;24628;26832;100.000;0.815;0.885;552.412;592.985;6.440;164404;153587;143854;0.190;0.110;0.067;2.423;1.218;0.066;34.694;33.409;130.168;130.195;128.942;26.648;25.910;1.641;0.289;0.126;63.506;193.701;131.803;40.888;7.555;3.056;0.000;0.027;0.000;13;31.053;126.489;4;0;0;0;0;0;0;0
96;1;1;1;-0.174533;0.087266;1.000000;19436.140853;19436.200471;19436.336601;778333;27824;144278;22;1804;27824;30376;100.000;0.814;0.885;554.040;594.726;7.290;163171;153335;144278;0.194;0.110;0.067;2.777;1.649;0.527;39.922;38.207;136.114;136.130;134.456;29.327;28.416;1.600;0.191;0.616;59.618;195.748;134.746;30.341;2.992;3.052;0.000;0.016;0.000;16;35.497;131.662;3;0;0;0;0;0;0;0
97;1;1;1;0.000000;0.000000;1.000000;19436.172074;19436.234826;19436.367127;782798;29328;144196;23;1803;29328;31996;100.000;0.885;0.963;553.725;594.388;7.679;162676;153840;144196;0.195;0.110;0.068;2.454;1.409;0.085;34.943;33.467;132.271;132.301;130.862;26.412;25.574;1.678;0.291;0.113;62.752;195.053;131.939;34.355;1.022;2.925;27.940;0.030;0.000;12;31.081;128.376;3;0;0;0;0;0;0;0
98;1;1;1;0.000000;0.000000;1.000000;19436.205599;19436.268108;19436.402271;781418;28012;144552;22;1807;28012;30564;100.000;0.829;0.902;555.092;595.846;7.335;161971;153892;144552;0.188;0.109;0.067;2.964;1.451;0.419;39.014;37.497;134.161;134.163;132.693;29.080;28.259;1.415;0.191;0.996;62.509;196.673;133.750;33.282;0.052;2.746;0.000;0.002;0.000;19;34.599;129.724;3;0;0;0;0;0;0;0
99;1;1;1;0.000000;0.000000;1.000000;19436.238905;19436.302036;19436.437876;777382;27824;144056;22;1801;27824;30376;100.000;0.853;0.928;553.188;593.806;7.290;160637;153087;144056;0.189;0.108;0.065;4.618;1.472;0.085;39.999;38.462;135.813;135.840;134.332;29.445;28.632;1.715;1.211;1.330;63.130;198.971;136.022;33.928;0.595;2.611;0.000;0.028;0.000;17;33.909;129.684;3;0;0;0;0;0;0;0
100;1;1;1;0.000000;0.000000;1.000000;19436.272513;19436.334770;19436.463645;778267;26696;144366;21;1805;26696;29132;100.000;0.777;0.845;554.378;595.086;6.992;160360;152607;144366;0.183;0.108;0.065;2.102;1.179;0.069;31.864;30.621;128.835;128.875;127.670;24.725;23.984;1.468;0.190;0.089;62.257;191.132;128.457;32.734;0.599;2.486;0.000;0.041;0.001;20;28.583;125.526;2;0;0;0;0;0;0;0
101;1;1;1;0.000000;0.000000;1.000000;19436.305652;19436.369311;19436.503798;780699;27072;144336;21;1805;27072;29508;100.000;0.868;0.943;554.263;594.971;7.082;159675;151933;144336;0.192;0.109;0.068;2.547;1.685;0.531;43.425;41.672;134.466;134.487;132.778;32.289;31.385;1.592;0.191;0.396;63.659;198.146;135.277;34.541;1.208;2.406;0.000;0.022;0.000;10;39.193;130.201;4;0;0;0;0;0;0;0
102;1;1;1;0.000000;0.000000;1.000000;19436.339248;19436.400642;19436.534811;780328;26508;144522;21;1807;26508;28944;100.000;0.975;1.062;554.977;595.730;6.947;159674;152288;144522;0.238;0.110;0.067;2.417;1.060;0.061;35.249;34.122;134.118;134.170;133.094;26.272;25.638;1.666;0.226;0.111;61.394;195.564;132.957;31.331;2.002;2.381;0.000;0.052;0.000;19;31.772;130.623;2;0;0;0;0;0;0;0
103;1;1;1;0.000000;0.000000;1.000000;19436.372427;19436.427952;19436.571429;782351;26696;144662;21;1809;26696;29132;100.000;0.646;0.702;555.515;596.313;6.992;159542;152508;144662;1.050;0.110;0.067;4.420;1.736;0.511;40.086;38.284;143.429;143.477;141.723;27.939;27.013;1.678;0.186;1.330;55.525;199.002;136.241;27.310;6.023;2.608;0.000;0.048;0.000;20;33.930;137.252;2;0;0;0;0;0;0;0
104;1;1;1;0.000000;0.000000;1.000000;19436.405637;19436.469506;19436.601716;782164;26696;144698;21;1809;26696;29132;100.000;0.827;0.899;555.653;596.451;6.992;159622;152711;144698;0.193;0.110;0.067;2.420;1.041;0.061;36.434;35.327;132.180;132.210;131.146;27.558;26.937;1.720;0.216;0.115;63.869;196.079;133.195;41.555;8.221;2.959;0.000;0.030;0.000;10;32.973;128.695;3;0;0;0;0;0;0;0
105;1;1;1;0.000000;0.000000;1.000000;19436.440418;19436.501941;19436.635993;783021;28200;145744;22;1822;28200;30752;100.000;0.822;0.894;559.669;600.761;7.380;160351;153397;145744;0.198;0.111;0.069;2.665;1.581;0.465;37.737;36.088;133.996;134.053;132.452;28.151;27.246;1.551;0.191;0.546;61.523;195.576;134.139;32.434;0.899;2.830;0.000;0.057;0.000;21;33.491;129.729;2;0;0;0;0;0;0;0
106;1;1;1;0.000000;0.000000;1.000000;19436.472306;19436.536450;19436.671103;786829;137804;147616;105;1846;137804;149984;100.000;4.188;4.556;566.858;608.491;35.996;185042;161832;147616;1.321;0.112;0.070;4.403;1.337;0.080;39.346;37.939;134.585;134.652;133.288;29.220;28.464;1.590;0.191;1.121;64.145;198.797;135.915;34.510;1.176;2.727;0.000;0.067;0.000;32;33.605;128.817;7;0;0;0;0;0;0;0
107;1;1;1;0.000000;0.000000;1.000000;19436.505869;19436.569448;19436.697138;789365;29140;150668;23;1884;29140;31808;100.000;0.865;0.941;578.578;621.068;7.634;177690;162763;150668;0.181;0.108;0.067;2.046;1.625;0.473;31.779;30.087;127.652;127.690;126.045;24.888;23.870;1.412;0.198;0.082;63.580;191.270;128.617;32.998;0.335;2.577;0.000;0.038;0.001;11;28.108;123.958;4;0;0;0;0;0;0;0
108;1;1;1;0.000000;0.000000;1.000000;19436.538807;19436.603314;19436.736065;790807;24252;152486;19;1907;24252;26456;100.000;0.779;0.847;585.559;628.568;6.349;176624;163897;152486;0.194;0.109;0.066;2.408;1.132;0.069;42.591;41.394;132.706;132.750;131.596;32.084;31.455;1.756;0.200;0.084;64.507;197.257;134.210;33.866;0.533;2.450;0.000;0.045;0.000;18;39.051;129.142;2;0;0;0;0;0;0;0
109;1;1;1;0.000000;0.000000;1.000000;19436.572998;19436.634654;19436.767275;789334;22184;152368;17;1905;22184;24156;100.000;0.802;0.870;585.106;628.070;5.797;174224;162744;152368;0.219;0.111;0.070;2.428;1.757;0.420;34.735;32.909;132.595;132.621;130.830;26.192;25.154;1.529;0.298;0.202;61.657;194.278;132.087;31.340;1.993;2.421;0.000;0.025;0.000;8;30.551;128.374;4;0;0;0;0;0;0;0
110;1;1;1;0.000000;0.000000;1.000000;19436.605246;19436.662471;19436.803232;783753;23312;151230;18;1891;23312;25400;100.000;0.589;0.640;580.736;623.384;6.096;171288;161342;151230;0.222;0.112;0.068;3.209;1.276;0.074;40.147;38.804;140.704;140.761;139.460;28.521;27.824;1.782;0.216;0.810;57.226;197.987;134.711;27.817;5.516;2.615;0.000;0.056;0.000;17;35.662;136.192;2;0;0;0;0;0;0;0
111;1;1;1;0.000000;0.000000;1.000000;19436.639427;19436.702219;19436.833817;781240;27636;149404;21;1868;27636;30072;100.000;0.857;0.929;573.724;615.853;7.217;170865;161333;149404;0.194;0.111;0.071;2.216;1.537;0.091;35.058;33.450;131.580;131.598;130.034;26.640;25.724;1.431;0.309;0.102;62.792;194.390;131.962;39.748;6.414;2.852;0.000;0.017;0.000;11;31.305;127.792;4;0;0;0;0;0;0;0
112;1;1;1;0.000000;0.000000;1.000000;19436.673357;19436.734623;19436.869051;781247;28012;147314;22;1842;28012;30564;100.000;0.816;0.888;565.698;607.241;7.335;168557;159437;147314;0.195;0.113;0.069;2.972;1.449;0.435;38.992;37.474;134.389;134.428;132.961;29.006;28.184;1.412;0.194;0.989;61.266;195.694;133.863;32.403;0.930;2.732;0.000;0.039;0.000;21;34.571;129.949;2;0;0;0;0;0;0;0
113;1;1;1;0.000000;0.000000;1.000000;19436.705633;19436.769106;19436.900933;783523;28388;145778;22;1823;28388;30940;100.000;0.873;0.948;559.800;600.914;7.426;166593;158645;145778;0.201;0.111;0.069;2.334;1.152;0.067;36.290;35.069;131.805;131.826;130.648;27.529;26.843;1.633;0.216;0.105;63.473;195.300;132.412;34.484;1.150;2.633;0.000;0.022;0.001;11;32.804;128.289;4;0;0;0;0;0;0;0
114;1;1;1;0.000000;0.000000;1.000000;19436.739002;19436.801764;19436.928309;783046;30456;145016;24;1813;30456;33240;100.000;0.890;0.969;556.874;597.763;7.978;164300;156604;145016;0.186;0.105;0.067;2.199;1.425;0.414;30.866;29.375;126.482;126.544;125.102;24.392;23.481;1.566;0.190;0.085;62.763;189.307;126.454;32.658;0.675;2.511;0.000;0.062;0.000;22;27.243;122.839;2;0;0;0;0;0;0;0
115;1;1;1;0.087266;0.000000;1.000000;19436.772194;19436.836146;19436.968572;785712;28764;145068;22;1814;28764;31316;100.000;0.923;1.002;557.074;597.985;7.516;162452;154560;145068;0.197;0.111;0.063;4.473;1.234;0.066;43.875;42.577;132.408;132.426;131.166;33.132;32.461;1.607;1.209;1.286;63.953;196.378;133.384;34.382;1.049;2.419;30.223;0.018;0.000;15;38.167;126.674;3;0;0;0;0;0;0;0
116;1;1;1;0.087266;0.000000;1.000000;19436.806093;19436.867428;19437.005408;788409;28388;145612;22;1821;28388;30940;100.000;0.998;1.084;559.163;600.232;7.426;162640;155132;145612;0.189;0.105;0.063;4.539;2.120;0.603;42.531;40.347;137.971;137.979;135.826;30.824;29.705;1.659;1.231;1.292;61.335;199.315;136.886;31.282;2.051;2.396;0.000;0.008;0.000;15;35.872;131.276;3;0;0;0;0;0;0;0
117;1;1;1;0.087266;0.000000;1.000000;19436.838784;19436.896030;19437.036992;785289;27072;145938;21;1825;27072;29508;100.000;0.692;0.752;560.414;601.574;7.082;162824;155602;145938;0.234;0.110;0.069;2.742;1.393;0.075;38.251;36.790;140.912;140.963;139.547;27.136;26.364;1.530;0.188;0.612;57.246;198.209;135.138;28.601;4.732;2.542;0.000;0.050;0.000;20;34.117;136.753;2;0;0;0;0;0;0;0
118;1;1;1;0.087266;0.000000;1.000000;19436.872714;19436.935314;19437.068253;784314;26320;145782;20;1823;26320;28640;100.000;606.990;658.293;559.815;600.930;6.874;162069;155111;145782;0.194;0.113;0.070;2.531;1.348;0.397;35.395;33.978;132.913;132.939;131.572;26.625;25.824;1.818;0.219;0.117;62.600;195.538;133.065;39.284;5.951;2.755;0.000;0.026;0.001;12;31.517;129.012;3;0;0;0;0;0;0;0
119;1;1;1;0.087266;0.000000;1.000000;19436.906890;19436.967870;19437.102931;784830;26884;145890;21;1824;26884;29320;100.000;0.748;0.813;560.230;601.367;7.037;161700;154746;145890;0.197;0.106;0.068;2.767;1.109;0.066;38.557;37.380;135.021;135.061;133.936;28.548;27.909;1.494;0.192;0.710;60.980;196.041;134.410;32.556;0.777;2.632;0.000;0.040;0.000;14;34.680;131.128;4;0;0;0;0;0;0;0
120;1;1;1;0.087266;0.000000;1.000000;19436.938766;19437.004062;19437.134015;784742;27260;145936;21;1825;27260;29696;100.000;0.874;0.949;560.407;601.566;7.127;161495;154713;145936;0.193;0.110;0.069;2.432;1.011;0.062;34.946;33.867;129.902;129.953;128.916;26.891;26.270;1.661;0.273;0.127;65.296;195.249;132.160;36.192;2.859;2.646;0.000;0.051;0.000;17;31.504;126.431;4;0;0;0;0;0;0;0
121;1;1;1;0.087266;0.000000;1.000000;19436.972435;19437.035397;19437.171035;787186;141564;147208;108;1841;141564;154092;100.000;4.102;4.462;565.291;606.812;36.982;185245;160619;147208;1.130;0.110;0.068;4.216;1.778;0.563;40.446;38.600;135.604;135.638;133.834;29.819;28.842;1.633;0.194;1.080;62.961;198.599;135.847;31.334;1.999;2.605;0.000;0.034;0.001;34;34.452;129.572;5;0;0;0;0;0;0;0
122;1;1;1;0.087266;0.000000;1.000000;19437.006264;19437.070011;19437.204196;792161;29140;148956;23;1862;29140;31808;100.000;0.925;1.006;572.004;613.998;7.634;177345;160913;148956;0.188;0.112;0.071;4.550;1.639;0.095;39.152;37.443;134.131;134.185;132.521;29.178;28.254;1.676;1.214;1.289;63.746;197.931;135.674;34.614;1.281;2.523;0.000;0.054;0.000;22;32.963;127.915;2;0;0;0;0;0;0;0
123;1;1;1;0.087266;0.000000;1.000000;19437.039477;19437.101642;19437.238737;788290;22936;150544;18;1882;22936;25024;100.000;0.676;0.735;578.101;620.547;6.006;175932;162668;150544;0.184;0.110;0.068;2.787;1.802;0.559;40.727;38.857;137.074;137.094;135.268;29.707;28.726;1.402;0.202;0.823;62.165;199.260;136.882;31.631;1.702;2.471;0.000;0.021;0.000;10;36.137;132.458;3;0;0;0;0;0;0;0
124;1;1;1;0.087266;0.000000;1.000000;19437.072552;19437.135780;19437.267334;789222;22748;152352;18;1905;22748;24836;100.000;0.687;0.747;585.044;628.008;5.961;175068;163093;152352;0.188;0.111;0.069;2.246;1.468;0.092;33.183;31.646;130.674;131.555;130.061;25.224;24.332;1.452;0.317;0.109;63.227;194.782;132.146;34.138;0.804;2.367;0.000;0.880;0.000;18;29.469;126.933;2;0;0;0;0;0;0;0
125;1;1;1;0.087266;0.000000;1.000000;19437.105785;19437.169069;19437.305665;787173;24628;151154;19;1890;24628;26832;100.000;0.727;0.789;580.444;623.070;6.440;171752;160877;151154;0.368;0.110;0.068;2.646;1.690;0.451;42.040;40.283;136.572;136.596;134.879;30.777;29.866;1.616;0.350;0.135;63.283;199.879;137.143;33.289;0.044;2.222;0.000;0.024;0.000;10;37.704;132.208;3;0;0;0;0;0;0;0
126;1;1;1;0.087266;0.000000;1.000000;19437.139419;19437.203180;19437.334859;776279;25944;149098;20;1864;25944;28264;100.000;0.821;0.891;572.549;614.588;6.783;169862;159758;149098;0.235;0.112;0.071;2.490;1.331;0.083;33.530;32.128;131.650;131.678;130.323;25.464;24.653;1.664;0.313;0.096;63.761;195.439;133.004;34.112;0.778;2.132;0.000;0.029;0.000;11;29.709;127.803;3;0;0;0;0;0;0;0
127;1;1;1;0.087266;0.000000;1.000000;19437.172729;19437.234940;19437.363219;773912;27824;146584;22;1833;27824;30376;100.000;0.803;0.874;562.895;604.235;7.290;165488;156437;146584;0.185;0.106;0.067;2.032;1.507;0.452;32.180;30.606;128.247;128.279;126.750;25.086;24.147;1.405;0.191;0.078;62.211;190.490;128.031;31.759;1.574;2.097;0.000;0.032;0.000;21;28.641;124.684;2;0;0;0;0;0;0;0
128;1;1;1;0.087266;0.000000;1.000000;19437.206187;19437.269771;19437.402675;773302;28388;144802;22;1811;28388;30940;100.000;0.921;1.000;556.052;596.896;7.426;162494;154458;144802;0.188;0.110;0.067;2.659;1.145;0.068;42.989;41.777;132.838;132.904;131.734;32.346;31.713;1.537;0.190;0.568;63.584;196.488;134.154;34.832;1.498;2.060;0.000;0.066;0.000;21;39.185;129.007;2;0;0;0;0;0;0;0
129;1;1;1;0.087266;0.000000;1.000000;19437.239895;19437.300758;19437.433989;777001;28388;143780;22;1798;28388;30940;100.000;1.009;1.096;552.128;592.678;7.426;160101;152462;143780;0.187;0.113;0.068;2.376;1.744;0.373;35.116;33.304;133.145;133.232;131.464;26.357;25.334;1.629;0.269;0.111;60.862;194.094;132.135;30.986;2.347;2.077;0.000;0.087;0.000;22;30.996;128.999;2;0;0;0;0;0;0;0
130;1;1;1;0.087266;0.000000;1.000000;19437.272095;19437.329041;19437.470625;783174;27260;143698;21;1797;27260;29696;100.000;0.684;0.742;551.813;592.341;7.127;159290;151847;143698;0.180;0.108;0.066;3.206;1.125;0.070;40.754;39.564;141.478;141.584;140.437;28.785;28.172;1.373;0.191;1.288;56.946;198.529;135.437;28.283;5.050;2.263;0.000;0.105;0.000;21;36.424;137.124;2;0;0;0;0;0;0;0
131;1;1;1;0.087266;0.000000;1.000000;19437.306547;19437.369087;19437.500122;786108;27636;144598;21;1808;27636;30072;100.000;624.986;677.917;555.269;596.045;7.217;160025;152623;144598;0.237;0.113;0.071;2.267;1.445;0.090;33.821;32.305;130.916;131.035;129.571;25.811;24.933;1.450;0.294;0.102;62.541;193.575;131.601;40.047;6.713;2.541;0.000;0.118;0.000;21;30.109;127.178;1;0;0;0;0;0;0;0
132;1;1;1;0.087266;0.000000;1.000000;19437.339245;19437.401353;19437.527472;785622;27072;144478;21;1806;27072;29508;100.000;0.785;0.853;554.808;595.539;7.082;159588;152365;144478;0.182;0.105;0.065;2.189;1.683;0.307;31.059;29.311;126.072;126.119;124.417;24.627;23.559;1.553;0.206;0.079;62.108;188.227;125.617;32.265;1.068;2.449;0.000;0.048;0.000;20;27.186;122.179;2;0;0;0;0;0;0;0
133;1;1;1;0.087266;-0.087266;1.000000;19437.372477;19437.436019;19437.569904;787265;26508;143954;21;1800;26508;28944;100.000;0.844;0.918;552.796;593.391;6.947;157879;151174;143954;1.152;0.110;0.068;4.115;1.490;0.433;46.301;44.744;133.867;133.885;132.377;34.583;33.800;1.482;0.184;1.119;63.542;197.427;134.716;34.667;1.333;2.380;27.212;0.018;0.000;9;40.697;128.242;5;0;0;0;0;0;0;0
134;1;1;1;0.087266;-0.087266;1.000000;19437.405739;19437.467579;19437.603833;787734;26508;143904;21;1799;26508;28944;100.000;0.924;1.005;552.604;593.177;6.947;157027;150535;143904;0.222;0.111;0.067;3.447;1.193;0.075;39.525;38.266;136.216;136.254;135.039;29.008;28.337;1.916;0.198;0.933;61.840;198.094;135.312;31.560;1.774;2.342;0.000;0.038;0.000;20;34.885;131.552;2;0;0;0;0;0;0;0
135;1;1;1;0.087266;-0.087266;1.000000;19437.438954;19437.496442;19437.638379;786766;28012;143596;22;1795;28012;30564;100.000;0.710;0.773;551.421;591.904;7.335;156063;149876;143596;0.187;0.105;0.065;4.357;1.789;0.473;39.178;37.325;141.871;141.937;140.123;27.603;26.637;1.502;1.209;1.290;57.488;199.426;136.525;28.863;4.470;2.475;0.000;0.066;0.000;17;33.032;135.697;4;0;0;0;0;0;0;0
136;1;1;1;0.087266;-0.087266;1.000000;19437.472793;19437.536086;19437.669562;787622;130660;141136;100;1765;130660;142260;100.000;4.074;4.433;541.975;581.781;34.142;176546;153233;141136;0.192;0.109;0.066;2.796;1.093;0.064;37.328;36.170;133.456;133.476;132.360;27.966;27.327;1.487;0.185;0.757;63.293;196.769;134.374;39.644;6.310;2.714;0.000;0.020;0.000;37;33.440;129.543;8;0;0;0;0;0;0;0
137;1;1;1;0.087266;-0.087266;1.000000;19437.507662;19437.568220;19437.700603;784509;32148;139854;25;1749;32148;35048;100.000;0.942;1.025;537.052;576.497;8.412;165368;150562;139854;0.193;0.106;0.067;2.352;1.636;0.401;34.916;33.214;132.350;132.383;130.714;26.375;25.410;1.620;0.256;0.109;60.558;192.941;132.082;32.134;1.199;2.620;0.000;0.033;0.000;12;30.929;128.328;4;0;0;0;0;0;0;0
138;1;1;1;0.087266;-0.087266;1.000000;19437.538820;19437.602478;19437.737462;782962;27072;141162;21;1765;27072;29508;100.000;0.776;0.843;542.075;581.880;7.082;162866;151609;141162;0.185;0.106;0.065;2.899;1.255;0.072;40.854;39.534;134.950;134.984;133.707;30.266;29.568;1.372;0.189;0.982;63.658;198.642;135.607;34.258;0.924;2.514;0.000;0.035;0.000;11;36.700;130.772;4;0;0;0;0;0;0;0
139;1;1;1;0.087266;-0.087266;1.000000;19437.572666;19437.637487;19437.767571;785441;27260;143262;21;1791;27260;29696;100.000;0.889;0.965;550.139;590.531;7.127;162821;152291;143262;0.202;0.113;0.068;2.247;1.864;0.465;34.248;32.317;130.055;130.083;128.186;26.328;25.211;1.470;0.288;0.106;64.821;194.904;132.383;35.010;1.676;2.461;0.000;0.028;0.000;14;30.138;125.910;3;0;0;0;0;0;0;0
140;1;1;1;0.087266;-0.087266;1.000000;19437.606124;19437.668303;19437.795226;786857;26508;145806;21;1823;26508;28944;100.000;0.776;0.844;559.908;601.022;6.947;163653;154012;145806;0.183;0.107;0.066;2.323;1.092;0.070;31.776;30.619;126.880;126.923;125.812;25.036;24.337;1.682;0.194;0.091;62.179;189.102;126.705;30.816;2.518;2.465;0.000;0.043;0.000;20;28.361;123.444;2;0;0;0;0;0;0;0
141;1;1;1;0.087266;-0.087266;1.000000;19437.639261;19437.702661;19437.834501;786209;29140;147146;23;1840;29140;31808;100.000;0.925;1.007;565.053;606.551;7.634;163751;154357;147146;0.229;0.114;0.071;2.415;1.085;0.068;42.682;41.526;131.823;131.840;130.732;32.374;31.764;1.658;0.226;0.117;63.401;195.241;132.647;34.358;1.025;2.375;0.000;0.017;0.000;15;39.182;128.297;3;0;0;0;0;0;0;0
142;1;1;1;0.087266;-0.087266;1.000000;19437.672479;19437.734293;19437.869443;785895;30832;147490;24;1844;30832;33616;100.000;1.041;1.132;566.374;607.962;8.068;163298;155347;147490;0.191;0.110;0.066;2.872;1.383;0.445;38.432;36.984;135.140;135.150;133.748;28.437;27.652;1.425;0.194;0.887;61.814;196.964;134.255;31.631;1.702;2.333;0.000;0.011;0.001;18;34.177;130.854;3;0;0;0;0;0;0;0
143;1;1;1;0.087266;-0.087266;1.000000;19437.705571;19437.764039;19437.901711;783109;30832;146146;24;1827;30832;33616;100.000;0.802;0.872;561.213;602.418;8.068;161136;153355;146146;0.243;0.113;0.070;2.487;1.062;0.063;36.519;35.387;137.639;137.671;136.588;26.526;25.908;1.728;0.220;0.112;58.468;196.139;133.189;29.747;3.586;2.411;0.000;0.032;0.000;13;32.970;134.068;4;0;0;0;0;0;0;0
144;1;1;1;0.087266;-0.087266;1.000000;19437.739321;19437.802651;19437.930064;783994;32148;145218;25;1816;32148;35048;100.000;0.968;1.053;557.650;598.606;8.412;159936;152700;145218;0.180;0.108;0.065;2.035;1.474;0.408;31.903;30.364;127.390;127.412;125.921;25.039;24.113;1.425;0.189;0.070;63.331;190.743;128.209;38.612;5.279;2.590;0.000;0.022;0.000;17;28.393;123.862;3;0;0;0;0;0;0;0
145;1;1;1;0.087266;-0.087266;1.000000;19437.773934;19437.836022;19437.970431;785959;31396;144768;24;1810;31396;34180;100.000;0.989;1.074;555.922;596.743;8.203;159233;151708;144768;0.187;0.105;0.063;2.411;1.248;0.077;43.867;42.556;134.381;134.410;133.138;32.637;31.964;1.767;0.191;0.097;62.088;196.498;135.243;33.370;0.037;2.431;0.000;0.029;0.000;13;40.208;130.697;3;0;0;0;0;0;0;0
146;1;1;1;0.087266;-0.087266;1.000000;19437.805797;19437.867898;19438.002049;789030;31208;145716;24;1822;31208;33992;100.000;1.102;1.197;559.562;600.654;8.158;159772;152938;145716;0.189;0.111;0.071;2.441;1.476;0.450;35.260;33.713;134.100;134.151;132.640;26.284;25.417;1.665;0.288;0.118;62.101;196.252;133.528;31.877;1.457;2.370;0.000;0.051;0.001;23;31.343;130.144;2;0;0;0;0;0;0;0
147;1;1;1;0.087266;-0.087266;1.000000;19437.839044;19437.896353;19438.036190;794594;31772;147238;25;1841;31772;34672;100.000;0.811;0.883;565.406;606.927;8.321;161190;154325;147238;0.195;0.110;0.069;3.001;1.366;0.070;38.072;36.638;139.800;139.836;138.456;27.226;26.462;1.584;0.331;0.714;57.310;197.146;134.335;28.455;4.878;2.527;0.000;0.037;0.000;20;33.705;135.416;3;0;0;0;0;0;0;0
148;1;1;1;0.087266;-0.087266;1.000000;19437.872788;19437.935665;19438.068551;797998;30644;146864;24;1836;30644;33428;100.000;0.921;1.002;563.970;605.378;8.023;160800;154144;146864;0.193;0.110;0.068;2.165;1.511;0.422;36.721;35.142;132.847;132.886;131.356;27.633;26.753;1.416;0.289;0.091;62.876;195.763;133.363;39.311;5.978;2.742;0.000;0.039;0.000;19;33.044;129.150;4;0;0;0;0;0;0;0
149;1;1;1;0.087266;-0.087266;1.000000;19437.906210;19437.969097;19438.101897;798639;30644;147738;24;1847;30644;33428;100.000;0.897;0.975;567.326;608.982;8.023;161813;155104;147738;0.197;0.110;0.069;2.677;1.188;0.073;37.016;35.759;132.765;132.800;131.590;27.873;27.175;1.529;0.192;0.581;62.887;195.687;133.375;33.432;0.099;2.577;0.000;0.035;0.000;12;33.150;128.876;4;0;0;0;0;0;0;0
150;1;1;1;0.087266;-0.087266;1.000000;19437.939022;19438.003450;19438.134380;796693;30268;148090;23;1852;30268;32936;100.000;0.979;1.062;568.678;610.447;7.905;161862;155335;148090;0.194;0.112;0.071;2.536;1.532;0.101;36.339;34.737;130.883;130.930;129.371;27.755;26.850;1.763;0.277;0.119;64.428;195.358;132.525;34.353;1.020;2.480;0.000;0.046;0.000;13;32.272;126.786;3;0;0;0;0;0;0;0
151;1;1;1;0.087266;-0.087266;1.000000;19437.972823;19438.034562;19438.163860;794717;137804;147952;105;1850;137804;149984;100.000;3.913;4.256;568.148;609.872;35.996;182724;160766;147952;0.179;0.106;0.066;2.125;1.589;0.499;33.542;31.887;129.165;129.298;127.682;25.942;24.974;1.488;0.195;0.092;61.739;191.036;128.672;31.112;2.222;2.464;0.000;0.133;0.000;83;29.828;125.422;4;0;0;0;0;0;0;0
152;1;1;1;0.087266;-0.087266;1.000000;19438.005420;19438.069870;19438.201960;792861;28764;148152;22;1852;28764;31316;100.000;0.934;1.014;568.916;610.685;7.516;177426;162397;148152;0.231;0.109;0.068;2.861;1.068;0.063;41.812;40.677;132.071;132.091;131.006;31.654;31.050;1.444;0.194;0.816;64.450;196.540;133.439;35.308;1.974;2.433;0.000;0.019;0.000;16;37.883;128.116;3;0;0;0;0;0;0;0
153;1;1;1;0.087266;-0.087266;1.000000;19438.039436;19438.100801;19438.235441;792789;23688;147662;18;1846;23688;25776;100.000;0.848;0.919;567.035;608.668;6.186;172400;160692;147662;0.199;0.115;0.071;2.476;1.571;0.452;37.398;35.757;134.612;134.640;133.045;27.776;26.876;1.682;0.283;0.126;61.364;196.004;133.586;30.931;2.402;2.431;0.000;0.028;0.001;12;33.351;130.538;3;0;0;0;0;0;0;0
154;1;1;1;0.087266;-0.087266;1.000000;19438.072118;19438.128885;19438.262969;792309;22936;147945;18;1850;22936;25024;100.000;0.566;0.615;568.121;609.845;6.006;170339;159188;147945;0.183;0.109;0.066;2.159;1.193;0.069;31.573;30.315;134.065;134.084;132.868;23.547;22.816;1.455;0.193;0.153;56.767;190.851;127.781;28.085;5.248;2.607;0.000;0.019;0.000;10;28.221;130.688;4;0;0;0;0;0;0;0
155;1;1;1;0.087266;-0.087266;1.000000;19438.105604;19438.169650;19438.304319;791925;25004;147762;19;1848;25004;27208;100.000;879.876;954.076;567.419;609.097;6.530;168591;158413;147762;0.191;0.112;0.068;2.783;1.609;0.482;44.705;43.029;134.633;134.668;133.044;33.197;32.342;1.493;0.195;0.726;64.046;198.715;135.797;40.765;7.432;2.909;0.000;0.035;0.000;19;40.314;130.225;1;0;0;0;0;0;0;0
156;1;1;1;0.087266;-0.087266;1.000000;19438.140533;19438.200729;19438.337793;793795;28764;148592;22;1858;28764;31316;100.000;1.025;1.113;570.606;612.510;7.516;167879;158079;148592;0.233;0.110;0.065;4.576;1.531;0.090;37.847;36.252;137.048;137.064;135.504;27.613;26.754;1.642;1.216;1.312;60.196;197.259;135.938;31.078;2.255;2.868;0.000;0.016;0.000;16;31.741;130.909;3;0;0;0;0;0;0;0
157;1;1;1;0.087266;-0.087266;1.000000;19438.172226;19438.228927;19438.371171;793460;28200;148650;22;1859;28200;30752;100.000;0.707;0.768;570.828;612.755;7.380;166756;157719;148650;0.413;0.110;0.068;3.360;1.795;0.491;39.475;37.611;142.230;142.244;140.412;27.751;26.786;1.550;0.280;0.941;56.701;198.945;135.983;28.198;5.135;3.010;0.000;0.014;0.000;15;34.319;137.036;5;0;0;0;0;0;0;0
158;1;1;1;0.087266;-0.087266;1.000000;19438.205756;19438.269009;19438.401960;795527;28012;147554;22;1845;28012;30564;100.000;0.839;0.912;566.620;608.231;7.335;165007;157250;147554;0.194;0.111;0.069;2.207;1.643;0.093;35.955;34.243;132.924;132.951;131.285;27.044;26.083;1.438;0.293;0.102;63.252;196.203;133.439;40.082;6.748;3.243;0.000;0.027;0.000;11;32.105;129.049;4;0;0;0;0;0;0;0
159;1;1;1;0.087266;-0.087266;1.000000;19438.239665;19438.302579;19438.436069;798776;29516;146024;23;1826;29516;32184;100.000;0.867;0.943;560.745;601.927;7.724;161999;154480;146024;0.182;0.104;0.065;3.295;1.279;0.393;37.959;36.616;133.466;133.489;132.190;28.436;27.699;1.352;0.192;1.400;62.914;196.404;134.214;33.571;0.237;3.055;0.000;0.023;0.000;13;33.386;128.871;4;0;0;0;0;0;0;0
160;1;1;1;0.000000;0.000000;1.000000;19438.272549;19438.336828;19438.466727;799362;29140;143192;23;1790;29140;31808;100.000;0.908;0.988;549.870;590.240;7.634;158153;151021;143192;0.200;0.111;0.070;2.169;1.572;0.095;35.230;33.588;129.848;129.899;128.308;27.121;26.178;1.417;0.288;0.083;64.279;194.178;131.539;34.249;0.916;2.922;21.710;0.051;0.000;22;31.489;126.087;2;0;0;0;0;0;0;0
161;1;1;1;0.000000;0.000000;1.000000;19438.306123;19438.369049;19438.495290;789777;28764;141480;22;1769;28764;31316;100.000;0.817;0.887;543.296;583.192;7.516;156114;149118;141480;0.182;0.106;0.065;2.265;1.115;0.078;32.294;31.115;126.197;126.241;125.101;25.581;24.872;1.595;0.208;0.108;62.926;189.167;126.769;32.221;1.113;2.809;0.000;0.044;0.001;19;28.914;122.790;3;0;0;0;0;0;0;0
162;1;1;1;0.000000;0.000000;1.000000;19438.339296;19438.404432;19438.536078;790930;28200;139820;22;1748;28200;30752;100.000;0.940;1.022;536.921;576.344;7.380;154224;147472;139820;0.196;0.110;0.066;2.767;1.772;0.506;44.160;42.323;131.594;131.646;129.851;33.545;32.593;1.483;0.183;0.729;65.137;196.783;134.224;35.383;2.050;2.761;0.000;0.052;0.000;21;39.622;127.023;2;0;0;0;0;0;0;0
163;1;1;1;0.000000;0.000000;1.000000;19438.373455;19438.434584;19438.571493;793734;29704;138532;23;1732;29704;32372;100.000;1.063;1.155;531.975;571.037;7.769;152207;145442;138532;0.223;0.107;0.064;4.434;1.429;0.088;39.939;38.445;136.869;136.909;135.446;29.172;28.384;1.503;1.204;1.333;61.129;198.038;136.305;30.152;3.182;2.788;0.000;0.040;0.000;22;34.076;130.970;2;0;0;0;0;0;0;0
164;1;1;1;0.000000;0.000000;1.000000;19438.404940;19438.462661;19438.598816;792883;29892;138018;23;1726;29892;32560;100.000;0.745;0.810;530.002;568.928;7.814;151597;145064;138018;0.220;0.105;0.065;2.137;1.525;0.444;33.193;31.603;136.128;136.155;134.607;24.378;23.478;1.384;0.179;0.184;57.720;193.876;130.295;28.076;5.257;2.942;0.000;0.027;0.000;22;29.531;132.441;2;0;0;0;0;0;0;0
165;1;1;1;0.000000;0.000000;1.000000;19438.439009;19438.502950;19438.637845;791299;30456;138142;24;1727;30456;33240;100.000;0.954;1.038;530.478;569.426;7.978;151249;144790;138142;0.186;0.105;0.063;3.146;1.224;0.074;42.682;41.395;134.861;134.895;133.642;31.641;30.975;1.417;0.188;1.185;63.940;198.836;135.991;40.289;6.956;3.193;0.000;0.035;0.000;17;38.313;130.460;4;0;0;0;0;0;0;0
166;1;1;1;0.000000;0.000000;1.000000;19438.474108;19438.534966;19438.668385;789485;132916;138460;101;1731;132916;144632;100.000;796.299;865.917;531.699;570.738;34.712;172621;150718;138460;0.202;0.110;0.069;2.464;1.600;0.434;34.912;33.243;133.361;133.419;131.796;26.167;25.223;1.698;0.283;0.102;60.857;194.276;133.197;32.016;1.317;3.076;0.000;0.058;0.001;71;30.848;129.272;5;0;0;0;0;0;0;0
167;1;1;1;0.000000;0.000000;1.000000;19438.505468;19438.563793;19438.695425;789977;29516;138716;23;1734;29516;32184;100.000;0.754;0.820;532.682;571.788;7.724;165456;151144;138716;0.179;0.105;0.063;2.317;1.124;0.065;31.099;29.911;129.717;131.631;130.484;23.625;22.924;1.653;0.178;0.138;58.325;189.957;126.903;28.828;4.506;3.165;0.000;1.914;0.000;22;27.658;126.251;2;0;0;0;0;0;0;0
168;1;1;1;0.000000;0.000000;1.000000;19438.539139;19438.603111;19438.734454;791598;25004;139622;19;1746;25004;27208;100.000;0.797;0.865;536.161;575.538;6.530;164403;152065;139622;0.193;0.109;0.067;2.467;0.989;0.064;42.465;41.409;131.299;131.343;130.328;32.331;31.773;1.680;0.270;0.149;63.972;195.315;132.599;39.317;5.984;3.341;0.000;0.044;0.000;18;39.009;127.816;2;0;0;0;0;0;0;0
169;1;1;1;0.000000;0.000000;1.000000;19438.572553;19438.634629;19438.769284;795034;25004;139918;19;1749;25004;27208;100.000;892.244;967.487;537.298;576.743;6.530;164427;153112;139918;0.354;0.110;0.068;3.040;1.484;0.444;38.293;36.741;134.337;134.655;133.155;28.438;27.593;1.400;0.182;0.926;62.076;196.731;134.096;31.518;1.815;3.246;0.000;0.318;0.000;20;33.769;129.796;1;0;0;0;0;0;0;0
170;1;1;1;-0.087266;0.000000;1.000000;19438.605470;19438.664122;19438.801171;794863;25756;140286;20;1754;25756;28076;100.000;0.676;0.735;538.711;578.268;6.738;162948;152059;140286;0.194;0.112;0.072;2.235;2.175;0.138;36.377;34.130;136.986;137.049;134.826;26.543;25.314;1.443;0.329;0.086;58.652;195.701;132.649;29.493;3.841;3.283;31.315;0.063;0.000;19;31.966;132.527;2;0;0;0;0;0;0;0
171;1;1;1;-0.087266;0.000000;1.000000;19438.639590;19438.702374;19438.835785;794885;27072;141226;21;1766;27072;29508;100.000;0.800;0.869;542.320;582.149;7.082;162709;152403;141226;0.184;0.103;0.065;2.391;1.135;0.380;39.053;37.854;133.373;133.411;132.260;29.273;28.621;1.785;0.187;0.068;62.784;196.195;133.930;38.253;4.919;3.385;0.000;0.037;0.000;20;35.527;129.830;2;0;0;0;0;0;0;0
172;1;1;1;-0.087266;0.000000;1.000000;19438.673019;19438.736415;19438.867821;788905;26696;141276;21;1766;26696;29132;100.000;0.858;0.934;542.512;582.341;6.992;160424;150770;141276;0.193;0.109;0.071;2.965;1.192;0.068;35.543;34.281;131.381;131.406;130.194;27.048;26.330;1.498;0.493;0.602;63.396;194.802;132.633;34.041;0.707;3.218;0.000;0.025;0.000;13;31.386;127.191;3;0;0;0;0;0;0;0
173;1;1;1;-0.087266;0.000000;1.000000;19438.706002;19438.767643;19438.904740;787376;27260;140380;21;1755;27260;29696;100.000;0.753;0.818;539.072;578.652;7.127;157811;149028;140380;0.198;0.109;0.068;4.522;2.050;0.615;41.061;38.944;137.061;137.097;135.016;29.951;28.844;1.647;1.211;1.290;61.642;198.739;136.219;31.228;2.105;3.148;0.000;0.036;0.000;20;34.489;130.456;2;0;0;0;0;0;0;0
174;1;1;1;-0.087266;0.000000;1.000000;19438.738683;19438.804028;19438.936014;791921;28388;138596;22;1733;28388;30940;100.000;0.936;1.017;532.221;571.305;7.426;155980;148366;138596;0.190;0.108;0.066;2.956;0.864;0.053;37.857;36.927;131.936;131.986;131.107;28.683;28.166;1.382;0.181;1.029;65.345;197.331;134.159;36.385;3.051;3.142;0.000;0.050;0.000;21;34.037;128.099;2;0;0;0;0;0;0;0
175;1;1;1;0.000000;0.000000;1.000000;19438.772227;19438.834499;19438.967554;785044;28200;137098;22;1714;28200;30752;100.000;0.815;0.886;526.469;565.124;7.380;153740;146235;137098;0.195;0.109;0.066;2.249;0.964;0.059;35.339;34.310;133.029;133.054;132.060;26.560;25.981;1.476;0.272;0.131;62.272;195.326;132.366;30.472;2.862;3.125;18.507;0.025;0.000;12;32.126;129.783;3;0;0;0;0;0;0;0
176;1;1;1;0.000000;0.000000;1.000000;19438.805113;19438.869276;19439.003876;785759;28012;136788;22;1710;28012;30564;100.000;0.830;0.902;525.278;563.844;7.335;152525;145371;136788;0.189;0.106;0.062;2.306;1.666;0.512;39.546;37.818;134.562;134.600;132.919;29.380;28.452;1.708;0.178;0.062;64.163;198.763;135.354;34.776;1.443;3.020;0.000;0.038;0.000;12;35.574;130.574;3;0;0;0;0;0;0;0
177;1;1;1;0.000000;0.000000;1.000000;19438.838840;19438.903240;19439.034052;782963;28952;136884;22;1712;28952;31504;100.000;0.916;0.993;525.647;564.257;7.561;152203;145274;136884;0.190;0.111;0.068;2.372;1.297;0.081;34.130;32.765;130.775;130.812;129.484;26.091;25.305;1.629;0.273;0.102;64.400;195.212;132.197;33.965;0.631;2.870;0.000;0.036;0.000;10;30.461;127.074;4;0;0;0;0;0;0;0
178;1;1;1;0.000000;0.000000;1.000000;19438.872254;19438.935003;19439.071130;783666;27448;138258;21;1729;27448;29884;100.000;0.794;0.862;530.923;569.917;7.172;153164;146328;138258;0.233;0.106;0.066;2.906;1.586;0.500;40.755;39.103;136.099;136.127;134.521;29.939;29.069;1.470;0.183;0.847;62.750;198.877;135.942;31.763;1.570;2.789;0.000;0.028;0.000;17;36.263;131.586;3;0;0;0;0;0;0;0
179;1;1;1;0.000000;0.000000;1.000000;19438.906091;19438.969755;19439.104947;786714;27824;138600;22;1733;27824;30376;100.000;0.867;0.944;532.236;571.320;7.290;153047;146303;138600;0.192;0.103;0.065;4.580;1.577;0.097;38.289;36.647;135.142;135.192;133.578;28.322;27.435;1.708;1.204;1.308;63.664;198.856;136.426;34.752;1.418;2.703;0.000;0.050;0.000;21;32.132;128.947;2;0;0;0;0;0;0;0
180;1;1;1;0.000000;-0.087266;1.000000;19438.939018;19439.002019;19439.137323;787583;26884;139086;21;1739;26884;29320;100.000;0.793;0.862;534.103;573.322;7.037;153545;146787;139086;0.194;0.106;0.067;3.003;1.372;0.081;38.545;37.107;135.262;135.304;133.912;28.488;27.710;1.440;0.185;1.011;63.000;198.304;135.468;32.264;1.070;2.601;28.341;0.042;0.000;16;34.170;130.866;4;0;0;0;0;0;0;0
181;1;1;1;0.000000;-0.087266;1.000000;19438.972654;19439.036159;19439.173178;793719;135924;139098;104;1739;135924;147988;100.000;4.100;4.461;534.149;573.368;35.517;175008;151952;139098;0.185;0.106;0.063;2.270;1.672;0.514;40.228;38.492;137.000;137.020;135.330;29.359;28.443;1.454;0.183;0.279;63.505;200.525;137.991;34.140;0.807;2.489;0.000;0.020;0.001;82;36.285;133.037;6;0;0;0;0;0;0;0
182;1;1;1;0.000000;-0.087266;1.000000;19439.005929;19439.069387;19439.205060;792329;27260;139598;21;1745;27260;29696;100.000;0.794;0.862;536.069;575.424;7.127;166594;151789;139598;0.188;0.109;0.066;4.517;1.529;0.088;35.800;34.206;135.648;135.672;134.107;26.387;25.506;1.639;1.216;1.299;63.458;199.131;136.539;33.229;0.105;2.340;0.000;0.024;0.001;12;29.754;129.563;4;0;0;0;0;0;0;0
183;1;1;1;0.000000;-0.087266;1.000000;19439.038840;19439.103915;19439.240036;801464;21996;141888;17;1774;21996;23968;100.000;0.694;0.753;544.862;584.871;5.752;166118;153501;141888;0.221;0.108;0.065;3.365;1.575;0.555;41.021;39.381;136.095;136.121;134.524;30.135;29.275;1.470;0.194;1.308;65.075;201.197;138.181;34.528;1.194;2.268;0.000;0.026;0.000;13;36.081;131.119;3;0;0;0;0;0;0;0
184;1;1;1;0.000000;-0.087266;1.000000;19439.072763;19439.135782;19439.270579;796948;22560;145036;18;1813;22560;24648;100.000;0.672;0.731;556.951;597.840;5.916;166319;155260;145036;0.186;0.109;0.068;2.939;1.385;0.079;35.478;34.025;133.715;134.797;133.388;26.320;25.509;1.413;0.195;0.967;63.019;197.816;135.391;31.867;1.466;2.218;0.000;1.082;0.000;18;31.154;129.366;2;0;0;0;0;0;0;0
185;1;1;1;0.000000;-0.087266;1.000000;19439.105830;19439.169571;19439.306999;802598;26696;147102;21;1839;26696;29132;100.000;0.777;0.845;564.884;606.360;6.992;166661;156301;147102;0.184;0.105;0.065;4.591;2.033;0.551;40.732;38.635;137.398;137.428;135.363;29.639;28.542;1.738;1.213;1.286;63.740;201.168;138.478;33.789;0.455;2.108;0.000;0.030;0.000;11;34.108;130.740;4;0;0;0;0;0;0;0
186;1;1;1;0.000000;-0.087266;1.000000;19439.140132;19439.204158;19439.336718;797039;28576;149128;22;1865;28576;31128;100.000;0.890;0.967;572.664;614.726;7.471;167904;158350;149128;0.181;0.108;0.067;2.605;1.215;0.073;36.350;35.068;132.546;132.559;131.322;27.422;26.704;1.355;0.196;0.699;64.026;196.585;134.863;34.587;1.254;2.055;0.000;0.014;0.000;15;32.529;128.701;4;0;0;0;0;0;0;0
187;1;1;1;0.000000;0.000000;1.000000;19439.172933;19439.236434;19439.368893;797511;28764;148974;22;1863;28764;31316;100.000;0.886;0.962;572.073;614.089;7.516;167372;158510;148974;0.201;0.110;0.070;2.831;1.140;0.364;35.999;34.790;132.415;132.458;131.303;27.178;26.496;1.435;0.194;0.822;63.502;195.960;133.705;32.276;1.057;1.992;11.083;0.043;0.000;18;32.028;128.427;3;0;0;0;0;0;0;0
188;1;1;1;0.000000;0.000000;1.000000;19439.205820;19439.269023;19439.399737;794879;27072;147856;21;1849;27072;29508;100.000;0.743;0.807;567.780;609.480;7.082;165141;157129;147856;0.243;0.113;0.074;2.261;1.514;0.088;34.805;33.217;130.673;130.714;129.176;26.626;25.714;1.439;0.307;0.086;63.202;193.917;131.215;32.588;0.745;1.914;0.000;0.041;0.000;20;31.030;126.873;2;0;0;0;0;0;0;0
189;1;1;1;0.000000;0.000000;1.000000;19439.239327;19439.305620;19439.429185;793590;27636;145718;21;1822;27636;30072;100.000;0.866;0.940;559.570;600.661;7.217;161992;154725;145718;0.182;0.105;0.066;2.236;1.239;0.075;33.227;31.922;123.529;123.565;122.309;26.891;26.100;1.605;0.193;0.086;66.293;189.858;127.331;36.598;3.264;1.999;0.000;0.036;0.000;15;29.752;120.034;3;0;0;0;0;0;0;0
190;1;1;1;0.087266;0.000000;1.000000;19439.272697;19439.337698;19439.463782;788938;28200;143848;22;1799;28200;30752;100.000;0.948;1.030;552.389;592.962;7.380;159211;152225;143848;0.182;0.108;0.065;2.009;1.464;0.420;38.068;36.540;126.065;126.084;124.603;30.193;29.325;1.382;0.189;0.084;65.001;191.085;128.594;32.078;1.255;1.952;3.109;0.019;0.000;7;34.595;122.573;4;0;0;0;0;0;0;0
191;1;1;1;0.087266;0.000000;1.000000;19439.304461;19439.367592;19439.503671;784846;27824;142800;22;1785;27824;30376;100.000;0.999;1.087;548.364;588.622;7.290;157592;150659;142800;0.194;0.104;0.063;4.345;1.406;0.083;43.348;41.879;136.042;136.079;134.646;31.855;31.103;1.452;1.209;1.321;63.131;199.210;135.150;29.894;3.439;2.045;0.000;0.037;0.001;15;37.597;130.261;4;0;0;0;0;0;0;0
192;1;1;1;0.087266;0.000000;1.000000;19439.339291;19439.395575;19439.539941;788004;28012;142404;22;1781;28012;30564;100.000;0.774;0.841;546.844;587.011;7.335;156877;150314;142404;0.190;0.110;0.066;4.572;2.201;0.521;41.977;39.711;144.297;144.366;142.099;29.077;27.946;1.654;1.244;1.309;56.284;200.650;138.086;27.982;5.351;2.252;0.000;0.069;0.000;21;35.205;137.456;2;0;0;0;0;0;0;0
193;1;1;1;0.087266;0.000000;1.000000;19439.372166;19439.431944;19439.571374;795964;26884;142560;21;1782;26884;29320;100.000;0.731;0.794;547.443;587.632;7.037;156582;150077;142560;0.176;0.104;0.063;3.373;1.280;0.079;38.235;36.891;139.390;139.430;138.123;27.422;26.709;1.367;0.188;1.473;59.778;199.208;136.186;36.369;3.036;2.301;0.000;0.040;0.000;18;33.581;134.702;4;0;0;0;0;0;0;0
194;1;1;1;0.087266;0.087266;1.000000;19439.407994;19439.468916;19439.606259;799207;27260;143286;21;1792;27260;29696;100.000;0.810;0.879;550.231;590.646;7.127;156967;150503;143286;0.214;0.104;0.065;4.524;2.132;0.585;39.534;37.338;137.316;137.344;135.185;28.785;27.620;1.626;1.215;1.301;60.922;198.265;137.738;36.971;3.638;2.384;29.474;0.028;0.001;10;32.878;130.630;4;0;0;0;0;0;0;0
195;1;1;1;0.087266;0.087266;1.000000;19439.439173;19439.502781;19439.638355;799402;28576;144392;22;1805;28576;31128;100.000;0.805;0.875;554.478;595.186;7.471;158107;151841;144392;0.175;0.104;0.065;2.837;1.446;0.082;38.748;37.238;135.546;135.574;134.101;28.581;27.768;1.378;0.191;0.923;63.608;199.182;136.500;33.866;0.532;2.269;0.000;0.028;0.000;13;34.465;131.234;4;0;0;0;0;0;0;0
196;1;1;1;0.087266;0.087266;1.000000;19439.472272;19439.538990;19439.670731;800483;135736;145043;104;1814;135736;147800;100.000;4.353;4.736;556.978;597.889;35.472;179847;157023;145043;0.189;0.110;0.067;2.881;1.721;0.526;36.662;34.875;131.668;131.742;130.001;27.829;26.827;1.439;0.189;0.888;66.718;198.459;135.543;36.208;2.875;2.307;0.000;0.073;0.000;71;32.060;127.045;5;0;0;0;0;0;0;0
197;1;1;1;0.087266;0.087266;1.000000;19439.506160;19439.570292;19439.704675;798336;27072;145944;21;1825;27072;29508;100.000;0.790;0.858;560.437;601.597;7.082;173035;158285;145944;0.188;0.109;0.067;2.456;1.045;0.063;38.546;37.435;134.336;134.383;133.322;28.684;28.079;1.776;0.206;0.111;64.132;198.515;136.154;31.302;2.031;2.289;0.000;0.048;0.000;17;35.046;130.817;3;0;0;0;0;0;0;0
198;1;1;1;0.087266;0.087266;1.000000;19439.538750;19439.604776;19439.736731;798454;21808;146568;17;1833;21808;23780;100.000;0.680;0.739;562.834;604.174;5.707;170805;158440;146568;0.189;0.111;0.067;2.869;1.057;0.069;35.549;34.426;131.906;131.955;130.876;26.940;26.304;1.451;0.198;0.853;66.026;197.981;134.877;34.484;1.151;2.218;0.000;0.049;0.000;15;31.623;127.957;3;0;0;0;0;0;0;0
199;1;1;1;0.087266;0.087266;1.000000;19439.572765;19439.637064;19439.768101;800770;21620;147434;17;1843;21620;23592;100.000;0.684;0.743;566.159;607.725;5.662;169524;158446;147434;0.189;0.110;0.070;2.187;1.831;0.703;35.285;33.384;131.010;131.037;129.176;26.928;25.844;1.416;0.290;0.113;64.299;195.336;132.913;32.288;1.046;2.145;0.000;0.027;0.000;8;31.267;126.961;4;0;0;0;0;0;0;0
200;1;1;1;0.087266;0.087266;1.000000;19439.604935;19439.668839;19439.802661;802378;24440;148866;19;1861;24440;26644;100.000;0.709;0.770;571.658;613.630;6.395;169513;159633;148866;0.200;0.111;0.069;3.061;1.016;0.061;38.579;37.494;133.785;133.821;132.780;28.829;28.238;1.436;0.195;1.050;63.905;197.726;134.139;31.776;1.558;2.108;0.000;0.036;0.000;18;34.502;129.680;2;0;0;0;0;0;0;0
201;1;1;1;0.087266;0.000000;1.000000;19439.639423;19439.703510;19439.833636;805285;27072;150350;21;1880;27072;29508;100.000;0.850;0.924;577.356;619.757;7.082;169575;160213;150350;0.194;0.116;0.072;2.157;1.860;0.611;35.057;33.125;130.095;130.127;128.250;26.941;25.829;1.385;0.300;0.091;64.087;194.213;131.782;34.670;1.337;2.060;28.415;0.031;0.000;11;31.039;126.059;5;0;0;0;0;0;0;0
202;1;1;1;0.087266;0.000000;1.000000;19439.672755;19439.735501;19439.859729;803318;27448;152012;21;1901;27448;29884;100.000;0.801;0.869;583.739;626.613;7.172;170550;161903;152012;0.226;0.108;0.067;2.381;1.840;0.115;30.087;28.181;124.213;124.227;122.351;24.220;23.033;1.591;0.266;0.124;62.747;186.974;124.541;31.992;1.341;2.015;0.000;0.015;0.000;15;25.866;119.954;4;0;0;0;0;0;0;0
203;1;1;1;0.087266;0.000000;1.000000;19439.705848;19439.769969;19439.895816;802036;29516;152816;23;1911;29516;32184;100.000;0.941;1.023;586.826;629.926;7.724;170644;162510;152816;0.183;0.108;0.068;2.198;1.440;0.416;40.315;38.807;125.808;125.847;124.389;32.035;31.198;1.546;0.201;0.092;64.121;189.968;127.295;34.468;1.134;1.960;0.000;0.039;0.000;22;36.677;122.143;2;0;0;0;0;0;0;0
204;1;1;1;0.000000;0.000000;1.000000;19439.739261;19439.801475;19439.935662;810228;28388;152942;22;1912;28388;30940;100.000;1.006;1.094;587.310;630.432;7.426;169844;162398;152942;0.198;0.113;0.071;2.459;1.239;0.069;43.482;42.173;134.177;134.187;132.932;32.404;31.725;1.628;0.198;0.252;62.214;196.401;133.807;31.506;1.828;1.952;2.433;0.010;0.000;19;39.784;130.462;3;0;0;0;0;0;0;0
205;1;1;1;0.000000;0.000000;1.000000;19439.772040;19439.829819;19439.967478;808185;26508;152382;21;1905;26508;28944;100.000;0.771;0.839;585.159;628.124;6.947;169058;161739;152382;0.187;0.112;0.068;2.197;1.948;0.515;35.500;33.485;137.633;137.659;135.684;25.789;24.679;1.425;0.305;0.101;57.779;195.438;132.290;28.344;4.989;2.142;0.000;0.027;0.000;8;31.356;133.460;6;0;0;0;0;0;0;0
206;1;1;1;0.000000;0.000000;1.000000;19439.805861;19439.864354;19440.003166;815223;27448;150790;21;1885;27448;29884;100.000;0.714;0.775;579.046;621.559;7.172;166389;159057;150790;1.131;0.111;0.069;4.087;1.098;0.069;39.834;38.668;138.772;138.812;137.692;28.697;28.083;1.509;0.199;1.069;58.493;197.305;134.645;34.536;1.203;2.083;0.000;0.039;0.001;20;34.649;133.562;2;0;0;0;0;0;0;0
207;1;1;1;0.000000;0.000000;1.000000;19439.840689;19439.902969;19440.037549;799426;27824;149044;22;1864;27824;30376;100.000;0.870;0.947;572.341;614.381;7.290;163886;157164;149044;0.222;0.110;0.068;3.074;1.646;0.489;39.564;37.850;134.539;134.580;132.913;29.398;28.478;1.444;0.196;1.034;62.280;196.860;135.695;38.614;5.281;2.283;0.000;0.041;0.000;18;34.844;129.796;3;0;0;0;0;0;0;0
208;1;1;1;0.000000;0.000000;1.000000;19439.873193;19439.935130;19440.068561;790320;27260;147638;21;1846;27260;29696;100.000;0.799;0.868;566.942;608.576;7.127;161558;155287;147638;0.190;0.110;0.069;2.490;1.082;0.066;35.726;34.575;133.403;133.430;132.326;26.775;26.129;1.708;0.306;0.107;61.937;195.368;133.373;32.161;1.172;2.213;0.000;0.027;0.000;10;32.154;129.807;4;0;0;0;0;0;0;0
209;1;1;1;0.087266;0.000000;1.000000;19439.905276;19439.969434;19440.102257;795945;26884;145656;21;1821;26884;29320;100.000;0.832;0.904;559.332;600.401;7.037;159309;153063;145656;0.236;0.110;0.067;2.421;1.307;0.374;37.272;35.898;132.800;132.824;131.501;28.061;27.298;1.682;0.190;0.137;64.158;196.982;133.736;34.303;0.970;2.136;6.034;0.023;0.000;10;33.543;129.055;4;0;0;0;0;0;0;0
210;1;1;1;0.087266;0.000000;1.000000;19439.939099;19440.001888;19440.133890;792891;27824;144144;22;1802;27824;30376;100.000;0.826;0.898;553.525;594.166;7.290;157277;150864;144144;0.197;0.111;0.067;2.304;1.679;0.111;35.345;33.599;131.966;132.002;130.294;26.776;25.787;1.542;0.274;0.114;62.789;194.791;132.035;32.454;0.879;2.057;0.000;0.036;0.000;11;31.362;127.953;4;0;0;0;0;0;0;0
211;1;1;1;0.087266;0.000000;1.000000;19439.972170;19440.035749;19440.165946;797320;136300;143206;104;1791;136300;148364;100.000;3.952;4.299;549.924;590.316;35.607;179073;155570;143206;0.184;0.106;0.065;1.997;1.431;0.086;36.047;34.552;130.171;130.196;128.748;27.687;26.837;1.379;0.188;0.076;63.579;193.776;130.758;33.862;0.528;1.962;0.000;0.025;0.000;42;32.619;126.725;5;0;0;0;0;0;0;0
212;1;1;1;0.087266;0.000000;1.000000;19440.005834;19440.070334;19440.202776;805214;26884;142122;21;1777;26884;29320;100.000;0.887;0.964;545.761;585.838;7.037;167724;153853;142122;0.314;0.111;0.068;3.119;1.422;0.443;40.254;38.764;132.416;132.442;131.003;30.393;29.590;1.461;0.182;0.983;64.500;196.943;134.255;34.584;1.251;1.917;0.000;0.026;0.001;10;35.713;127.855;3;0;0;0;0;0;0;0
213;1;1;1;0.087266;0.087266;1.000000;19440.039321;19440.100781;19440.233489;797126;21056;141596;16;1770;21056;22912;100.000;0.737;0.799;543.741;583.660;5.499;165846;153977;141596;0.194;0.111;0.068;2.278;1.532;0.095;35.223;33.624;132.685;132.708;131.140;26.542;25.640;1.529;0.270;0.106;61.460;194.168;131.634;30.447;2.886;1.978;24.455;0.023;0.000;10;31.414;128.830;3;0;0;0;0;0;0;0
214;1;1;1;0.087266;0.087266;1.000000;19440.071952;19440.129501;19440.265320;803136;17484;141814;14;1773;17484;19108;100.000;0.435;0.473;544.578;584.565;4.586;164722;153318;141814;0.179;0.105;0.065;2.010;1.527;0.478;35.650;34.059;135.814;135.818;134.268;26.248;25.366;1.390;0.186;0.085;57.549;193.368;130.132;28.721;4.613;2.142;0.000;0.004;0.000;12;32.114;132.253;3;0;0;0;0;0;0;0
215;1;1;1;0.087266;0.087266;1.000000;19440.105823;19440.169961;19440.303744;809297;24440;143036;19;1788;24440;26644;100.000;0.787;0.855;549.271;589.596;6.395;164186;153594;143036;1.136;0.110;0.067;4.159;1.138;0.068;41.961;40.756;133.761;133.783;132.625;31.365;30.730;1.577;0.189;1.082;64.139;197.921;135.223;40.460;7.126;2.454;0.000;0.022;0.000;12;36.664;128.442;3;0;0;0;0;0;0;0
216;1;1;1;0.087266;0.087266;1.000000;19440.141122;19440.201153;19440.339850;808156;26884;144130;21;1802;26884;29320;100.000;0.913;0.992;553.472;594.112;7.037;164878;155331;144130;0.220;0.104;0.066;4.315;1.836;0.456;41.391;39.489;138.666;138.697;136.833;29.843;28.860;1.405;1.210;1.310;60.030;198.727;137.995;31.191;2.142;2.434;0.000;0.031;0.000;12;35.240;132.486;4;0;0;0;0;0;0;0
217;1;1;1;0.087266;0.000000;1.000000;19440.171847;19440.230750;19440.369863;810355;28952;146106;22;1827;28952;31504;100.000;659.321;715.264;561.060;602.264;7.561;164778;155936;146106;0.191;0.106;0.067;2.448;1.178;0.075;36.167;34.922;139.076;139.113;137.912;25.998;25.322;1.813;0.192;0.079;58.903;198.016;134.675;29.597;3.736;2.516;10.415;0.037;0.000;20;32.541;135.426;2;0;0;0;0;0;0;0
218;1;1;1;0.087266;0.000000;1.000000;19440.205738;19440.269996;19440.402443;810211;28952;148782;22;1860;28952;31504;100.000;517.913;561.857;571.335;613.284;7.561;166731;159022;148782;0.189;0.111;0.068;2.900;0.983;0.061;36.208;35.157;132.420;132.447;131.446;27.338;26.746;1.492;0.194;0.847;64.258;196.705;133.922;39.246;5.913;2.728;0.000;0.027;0.000;9;32.324;128.518;4;0;0;0;0;0;0;0
219;1;1;1;0.087266;0.000000;1.000000;19440.240261;19440.302442;19440.435662;808645;29140;150220;23;1878;29140;31808;100.000;0.810;0.881;576.857;619.212;7.634;167449;160007;150220;0.195;0.111;0.070;2.267;1.690;0.498;37.092;35.332;133.191;133.221;131.505;27.842;26.868;1.475;0.289;0.127;62.181;195.402;133.808;32.446;0.888;2.613;0.000;0.029;0.000;11;33.135;129.207;4;0;0;0;0;0;0;0
220;1;1;1;0.087266;0.087266;1.000000;19440.272011;19440.338726;19440.468988;810783;27448;150188;21;1878;27448;29884;100.000;0.880;0.955;576.734;619.090;7.172;166958;159543;150188;0.199;0.110;0.069;2.439;1.140;0.063;37.287;36.078;130.223;130.263;129.105;28.624;27.945;1.657;0.197;0.207;66.715;196.978;133.801;36.284;2.950;2.634;7.449;0.040;0.000;14;33.708;126.625;3;0;0;0;0;0;0;0
221;1;1;1;0.087266;0.087266;1.000000;19440.306103;19440.370086;19440.501121;807088;27636;149054;21;1864;27636;30072;100.000;657.379;713.054;572.380;614.419;7.217;164984;157763;149054;0.194;0.111;0.069;2.270;1.736;0.607;35.698;33.894;131.000;131.035;129.272;27.243;26.219;1.481;0.298;0.118;63.984;195.019;132.600;31.361;1.972;2.593;0.000;0.035;0.001;14;31.693;126.964;2;0;0;0;0;0;0;0
222;1;1;1;0.087266;0.087266;1.000000;19440.337766;19440.401292;19440.537284;809369;28200;147392;22;1843;28200;30752;100.000;0.799;0.869;565.998;607.563;7.380;162852;155713;147392;0.196;0.109;0.066;2.412;1.453;0.078;40.177;38.658;135.958;135.992;134.524;29.543;28.737;1.740;0.192;0.111;63.526;199.518;135.429;31.205;2.128;2.564;0.000;0.034;0.000;18;36.311;132.077;3;0;0;0;0;0;0;0
223;1;1;1;0.087266;0.087266;1.000000;19440.372509;19440.436771;19440.568907;795354;27260;146064;21;1826;27260;29696;100.000;0.869;0.943;560.898;602.080;7.127;161156;154517;146064;0.194;0.109;0.068;2.493;1.661;0.388;35.476;33.747;132.105;132.136;130.451;26.848;25.869;1.721;0.299;0.104;64.262;196.398;133.719;35.479;2.146;2.538;0.000;0.031;0.000;12;31.321;127.925;3;0;0;0;0;0;0;0
224;1;1;1;0.087266;0.087266;1.000000;19440.406041;19440.468372;19440.604884;795455;27260;144466;21;1806;27260;29696;100.000;0.792;0.860;554.762;595.493;7.127;159068;152623;144466;0.183;0.108;0.066;3.178;1.287;0.081;40.112;38.760;136.492;136.512;135.199;29.383;28.668;1.406;0.196;1.219;62.331;198.843;136.362;31.601;1.732;2.487;0.000;0.020;0.000;10;35.647;131.987;5;0;0;0;0;0;0;0
225;1;1;1;0.174533;0.087266;1.000000;19440.438574;19440.502960;19440.634958;795720;27824;143728;22;1797;27824;30376;100.000;0.859;0.935;551.928;592.456;7.290;157867;151260;143728;0.189;0.108;0.070;2.393;1.816;0.447;34.535;32.650;131.951;131.998;130.158;26.164;25.085;1.636;0.304;0.087;64.385;196.383;133.103;34.588;1.254;2.410;7.742;0.048;0.000;20;30.326;127.715;2;0;0;0;0;0;0;0
226;1;1;1;0.174533;0.087266;1.000000;19440.472222;19440.535509;19440.671886;798723;138180;142930;105;1787;138180;150360;100.000;121.612;132.247;548.864;589.166;36.086;180302;156126;142930;0.226;0.104;0.063;4.672;1.640;0.097;41.128;39.424;136.344;136.377;134.707;30.157;29.267;1.744;1.209;1.325;63.287;199.664;136.698;32.550;0.784;2.309;0.000;0.032;0.001;33;34.816;130.000;9;0;0;0;0;0;0;0
227;1;1;1;0.174533;0.087266;1.000000;19440.505555;19440.570602;19440.705040;807441;25192;142948;20;1787;25192;27512;100.000;0.816;0.888;548.933;589.235;6.603;170519;155373;142948;0.235;0.105;0.065;2.477;1.738;0.572;39.475;37.672;134.407;134.438;132.682;29.363;28.393;1.802;0.191;0.079;65.048;199.485;136.519;35.093;1.760;2.274;0.000;0.031;0.000;9;35.260;130.173;5;0;0;0;0;0;0;0
228;1;1;1;0.174533;0.087266;1.000000;19440.539472;19440.601605;19440.735387;803316;18800;143504;15;1794;18800;20540;100.000;0.535;0.582;551.068;591.528;4.930;170082;156783;143504;0.185;0.111;0.070;2.375;1.137;0.064;34.551;33.344;133.741;133.782;132.618;25.826;25.143;1.626;0.274;0.111;62.133;195.915;133.532;31.003;2.330;2.278;0.000;0.041;0.000;14;31.038;130.201;2;0;0;0;0;0;0;0
229;1;1;1;0.174533;0.087266;1.000000;19440.571893;19440.636929;19440.772317;809074;20304;144280;16;1804;20304;22160;100.000;0.602;0.654;554.048;594.733;5.318;169026;156562;144280;0.181;0.108;0.067;2.379;1.261;0.080;40.433;39.106;135.355;135.388;134.094;29.865;29.163;1.687;0.216;0.121;65.036;200.424;137.129;35.324;1.991;2.260;0.000;0.032;0.000;15;36.794;131.681;2;0;0;0;0;0;0;0
230;1;1;1;0.087266;0.087266;1.000000;19440.606178;19440.670939;19440.802311;808265;23500;145334;18;1817;23500;25588;100.000;0.737;0.800;558.095;599.074;6.141;168645;157114;145334;0.239;0.113;0.072;2.266;1.770;0.666;33.635;31.793;131.240;131.372;129.573;25.603;24.537;1.453;0.294;0.096;64.762;196.134;133.790;34.010;0.677;2.161;26.084;0.132;0.000;18;29.599;127.174;2;0;0;0;0;0;0;0
231;1;1;1;0.087266;0.087266;1.000000;19440.638739;19440.702990;19440.829879;818848;27636;147128;21;1840;27636;30072;100.000;0.814;0.882;564.984;606.482;7.217;168406;158487;147128;0.179;0.105;0.066;2.017;1.121;0.070;31.609;30.423;126.843;126.889;125.749;24.911;24.194;1.403;0.191;0.073;64.251;191.141;128.025;32.051;1.283;2.106;0.000;0.047;0.000;20;28.472;123.684;2;0;0;0;0;0;0;0
232;1;1;1;0.087266;0.087266;1.000000;19440.672594;19440.737144;19440.872069;820617;28388;148796;22;1860;28388;30940;100.000;0.920;1.000;571.389;613.338;7.426;168593;159923;148796;0.187;0.109;0.067;2.580;1.884;0.583;45.319;43.368;134.890;134.925;133.016;33.588;32.604;1.396;0.198;0.624;64.550;199.475;136.881;34.154;0.821;2.026;0.000;0.035;0.000;21;40.854;130.399;2;0;0;0;0;0;0;0
233;1;1;1;0.087266;0.087266;1.000000;19440.705960;19440.768157;19440.900695;814146;28388;150842;22;1886;28388;30940;100.000;0.990;1.076;579.246;621.781;7.426;169299;160748;150842;0.186;0.111;0.071;2.225;1.587;0.097;33.088;31.431;132.442;132.538;130.927;24.965;24.006;1.458;0.296;0.103;62.196;194.734;132.173;31.013;2.321;2.044;0.000;0.096;0.000;21;29.276;128.605;2;0;0;0;0;0;0;0
234;1;1;1;0.087266;0.000000;1.000000;19440.738846;19440.796983;19440.937733;814852;28388;152630;22;1908;28388;30940;100.000;0.726;0.789;586.112;629.144;7.426;169912;162105;152630;1.164;0.110;0.069;4.218;1.696;0.510;40.841;39.077;140.697;140.750;139.035;29.017;28.106;1.602;0.206;1.068;58.136;198.886;135.878;28.826;4.507;2.198;21.067;0.053;0.000;22;34.927;134.751;2;0;0;0;0;0;0;0
235;1;1;1;0.087266;0.000000;1.000000;19440.773496;19440.836268;19440.972991;815725;26884;153174;21;1915;26884;29320;100.000;0.845;0.919;588.201;631.391;7.037;170081;162357;153174;0.221;0.106;0.066;4.346;1.688;0.102;41.149;39.395;136.682;136.722;134.997;30.097;29.182;1.409;1.224;1.321;62.772;199.495;137.803;39.286;5.952;2.433;0.000;0.041;0.000;17;35.115;130.608;4;0;0;0;0;0;0;0
236;1;1;1;0.087266;0.000000;1.000000;19440.805382;19440.868235;19441.003725;816078;27260;152808;21;1911;27260;29696;100.000;0.785;0.853;586.795;629.895;7.127;169430;162000;152808;0.190;0.108;0.068;2.421;1.717;0.464;36.778;34.993;135.474;135.490;133.748;27.144;26.163;1.780;0.200;0.075;62.853;198.343;135.204;31.967;1.366;2.366;0.000;0.016;0.000;12;32.640;131.310;3;0;0;0;0;0;0;0
237;1;1;1;0.087266;0.087266;1.000000;19440.838946;19440.903132;19441.037840;810868;27824;151650;22;1896;27824;30376;100.000;0.854;0.929;582.348;625.110;7.290;167692;160245;151650;0.181;0.106;0.067;2.646;1.048;0.062;38.259;37.144;134.683;134.708;133.643;28.401;27.793;1.909;0.202;0.180;64.186;198.894;135.985;34.897;1.564;2.316;22.666;0.025;0.000;11;34.565;130.971;3;0;0;0;0;0;0;0
238;1;1;1;0.087266;0.087266;1.000000;19440.872820;19440.935871;19441.070316;801907;27448;149972;21;1875;27448;29884;100.000;0.766;0.832;575.905;618.192;7.172;165396;158016;149972;0.195;0.111;0.068;2.364;1.968;0.785;36.159;34.124;134.404;134.445;132.453;26.895;25.763;1.656;0.199;0.136;63.051;197.497;135.128;32.739;0.595;2.208;0.000;0.042;0.000;20;31.827;130.045;2;0;0;0;0;0;0;0
239;1;1;1;0.087266;0.087266;1.000000;19440.905406;19440.971921;19441.102730;799196;28012;148264;22;1854;28012;30564;100.000;0.889;0.967;569.346;611.160;7.335;164186;157010;148264;0.195;0.112;0.069;2.590;1.231;0.072;36.751;35.452;130.763;130.809;129.562;28.095;27.363;1.657;0.193;0.365;66.515;197.324;134.208;36.050;2.717;2.240;0.000;0.045;0.000;16;32.931;126.926;3;0;0;0;0;0;0;0
240;1;1;1;0.087266;0.087266;1.000000;19440.940030;19441.003674;19441.135499;799621;28576;146996;22;1838;28576;31128;100.000;0.886;0.962;564.477;605.930;7.471;162400;155540;146996;0.199;0.112;0.071;2.425;1.104;0.067;36.585;35.410;131.777;131.825;130.703;27.753;27.092;1.644;0.291;0.108;63.644;195.469;133.644;31.753;1.580;2.199;0.000;0.047;0.000;21;33.056;128.230;2;0;0;0;0;0;0;0
241;1;1;1;0.087266;0.087266;1.000000;19440.971210;19441.036144;19441.164277;808174;139308;146062;106;1826;139308;151604;100.000;3.988;4.337;560.891;602.073;36.385;182380;158734;146062;0.178;0.108;0.066;1.995;1.447;0.436;32.299;30.786;128.090;128.133;126.663;25.207;24.306;1.376;0.191;0.076;64.934;193.068;129.089;32.470;0.864;2.115;0.000;0.044;0.000;53;28.857;124.623;6;0;0;0;0;0;0;0
242;1;1;1;0.174533;0.087266;1.000000;19441.005918;19441.071169;19441.203498;810609;27824;145468;22;1819;27824;30376;100.000;0.911;0.991;558.610;599.634;7.290;172921;157716;145468;0.191;0.110;0.068;4.503;1.311;0.071;42.664;41.285;132.296;132.329;131.001;32.241;31.515;1.611;1.210;1.314;65.250;197.580;134.977;35.025;1.691;2.089;14.784;0.034;0.000;11;36.849;126.461;3;0;0;0;0;0;0;0
243;1;1;1;0.174533;0.087266;1.000000;19441.039365;19441.101954;19441.235222;809086;19740;145086;15;1814;19740;21480;100.000;0.688;0.745;557.143;598.054;5.155;170725;157458;145086;0.193;0.108;0.068;2.391;1.400;0.436;37.528;36.060;133.250;133.269;131.845;28.159;27.350;1.624;0.288;0.111;62.588;195.857;133.368;30.785;2.549;2.118;0.000;0.019;0.001;10;33.737;129.433;3;0;0;0;0;0;0;0
244;1;1;1;0.174533;0.087266;1.000000;19441.072215;19441.130820;19441.271899;804105;21996;145538;17;1820;21996;23968;100.000;0.570;0.619;558.878;599.925;5.752;169746;157474;145538;0.216;0.105;0.065;4.622;1.529;0.083;40.441;38.848;141.048;141.079;139.514;28.666;27.845;1.615;1.219;1.403;58.606;199.684;136.711;28.867;4.467;2.264;0.000;0.031;0.000;16;34.290;134.848;2;0;0;0;0;0;0;0
245;1;1;1;0.174533;0.174533;1.000000;19441.105854;19441.169592;19441.305792;810243;24252;146056;19;1826;24252;26456;100.000;0.736;0.800;560.868;602.050;6.349;168717;157298;146056;1.242;0.110;0.067;4.393;1.856;0.579;40.053;38.130;136.171;136.200;134.320;29.407;28.387;1.631;0.195;1.149;63.739;199.939;137.271;38.772;5.438;2.463;20.484;0.029;0.000;10;33.803;129.895;4;0;0;0;0;0;0;0
246;1;1;1;0.174533;0.174533;1.000000;19441.138759;19441.202757;19441.338505;808451;27636;146718;21;1834;27636;30072;100.000;0.809;0.878;563.410;604.772;7.217;168775;158042;146718;0.402;0.112;0.067;4.072;1.270;0.079;38.959;37.623;135.694;135.748;134.454;28.699;27.982;1.563;0.220;1.708;63.998;199.746;136.650;33.165;0.168;2.319;0.000;0.054;0.000;20;33.617;130.326;2;0;0;0;0;0;0;0
247;1;1;1;0.174533;0.174533;1.000000;19441.172231;19441.237134;19441.370551;818595;29328;147758;23;1847;29328;31996;100.000;0.872;0.949;567.403;609.059;7.679;168761;159612;147758;0.187;0.108;0.068;2.422;1.917;0.698;37.381;35.397;133.371;133.416;131.475;28.018;26.923;1.652;0.294;0.114;64.904;198.320;135.363;34.377;1.044;2.240;0.000;0.045;0.000;12;33.043;129.006;3;0;0;0;0;0;0;0
248;1;1;1;0.174533;0.174533;1.000000;19441.205961;19441.270979;19441.402400;813416;29140;149576;23;1870;29140;31808;100.000;0.894;0.972;574.384;616.559;7.634;169512;161453;149576;0.194;0.113;0.069;2.467;1.029;0.062;36.190;35.092;131.409;131.421;130.374;27.537;26.916;1.630;0.196;0.266;65.018;196.439;133.879;33.845;0.511;2.132;0.000;0.013;0.000;18;32.694;127.893;3;0;0;0;0;0;0;0
249;1;1;1;0.174533;0.087266;1.000000;19441.239373;19441.303753;19441.437829;816251;29704;151824;23;1898;29704;32372;100.000;0.897;0.975;583.017;625.823;7.769;170962;162613;151824;1.175;0.112;0.069;4.304;1.394;0.076;38.914;37.451;134.033;134.076;132.655;29.024;28.232;1.659;0.208;1.082;64.380;198.456;135.974;32.774;0.560;2.033;30.402;0.043;0.000;19;33.215;128.307;3;0;0;0;0;0;0;0
250;1;1;1;0.174533;0.087266;1.000000;19441.272446;19441.337046;19441.470538;820584;28764;153370;22;1918;28764;31316;100.000;0.840;0.911;588.953;632.211;7.516;171844;164237;153370;0.193;0.112;0.071;2.436;2.168;0.637;38.393;36.155;133.480;133.492;131.287;28.761;27.539;1.644;0.313;0.104;64.600;198.092;135.350;33.294;0.040;1.909;0.000;0.011;0.001;17;33.789;128.837;3;0;0;0;0;0;0;0
251;1;1;1;0.174533;0.087266;1.000000;19441.305797;19441.371485;19441.503445;817535;27072;153478;21;1919;27072;29508;100.000;0.851;0.924;589.368;632.648;7.082;171088;163252;153478;0.196;0.113;0.070;2.741;1.279;0.075;37.519;36.171;131.950;131.960;130.657;28.432;27.684;1.523;0.197;0.642;65.688;197.647;134.923;34.438;1.105;1.859;0.000;0.010;0.000;17;33.499;127.904;3;0;0;0;0;0;0;0
252;1;1;1;0.174533;0.087266;1.000000;19441.339855;19441.403487;19441.538182;812707;28764;152446;22;1906;28764;31316;100.000;0.882;0.957;585.405;628.392;7.516;169216;161899;152446;0.191;0.106;0.067;2.590;1.921;0.525;38.764;36.776;134.674;134.695;132.759;28.779;27.702;1.859;0.222;0.146;63.632;198.327;136.328;32.002;1.331;1.826;0.000;0.021;0.000;15;34.252;130.146;3;0;0;0;0;0;0;0
253;1;1;1;0.174533;0.087266;1.000000;19441.371957;19441.436288;19441.568909;811017;29140;150768;23;1885;29140;31808;100.000;0.827;0.900;578.962;621.475;7.634;166666;159343;150768;0.232;0.111;0.069;2.490;1.493;0.094;35.219;33.658;132.609;132.621;131.096;26.556;25.674;1.640;0.288;0.151;64.332;196.953;133.722;32.801;0.532;1.745;0.000;0.012;0.000;19;31.236;128.593;3;0;0;0;0;0;0;0
254;1;1;1;0.087266;0.087266;1.000000;19441.405880;19441.471691;19441.602481;812416;28012;148606;22;1858;28012;30564;100.000;0.879;0.956;570.660;612.564;7.335;163732;157250;148606;0.238;0.108;0.067;2.453;1.560;0.431;37.557;35.930;130.765;130.790;129.210;28.715;27.808;1.769;0.195;0.077;65.811;196.601;133.959;35.402;2.069;1.765;18.631;0.024;0.000;16;33.544;126.724;3;0;0;0;0;0;0;0
255;1;1;1;0.087266;0.087266;1.000000;19441.440228;19441.503727;19441.635837;815874;27824;147150;22;1840;27824;30376;100.000;0.870;0.947;565.068;606.566;7.290;161931;155169;147150;0.198;0.113;0.070;2.389;1.141;0.068;37.363;36.152;132.052;132.110;130.946;28.281;27.608;1.651;0.234;0.123;63.499;195.609;133.983;32.036;1.297;1.736;0.000;0.058;0.001;20;33.833;128.497;2;0;0;0;0;0;0;0
256;1;1;1;0.087266;0.087266;1.000000;19441.472042;19441.535884;19441.665035;811813;137616;146080;105;1826;137616;149796;100.000;3.906;4.249;560.960;602.142;35.951;184042;159743;146080;0.241;0.109;0.065;2.071;1.726;0.471;32.729;30.938;129.120;129.151;127.408;25.341;24.283;1.394;0.191;0.072;63.842;192.993;129.847;32.157;1.177;1.701;0.000;0.031;0.000;40;28.931;125.304;6;0;0;0;0;0;0;0
257;1;1;1;0.174533;0.087266;1.000000;19441.506330;19441.571212;19441.700980;809323;28200;145366;22;1818;28200;30752;100.000;0.923;1.003;558.218;599.220;7.380;172933;158491;145366;0.195;0.110;0.069;2.445;1.163;0.068;39.737;38.505;129.719;129.768;128.586;30.621;29.945;1.670;0.312;0.090;64.881;194.650;132.459;35.328;1.994;1.719;25.437;0.049;0.000;21;36.129;126.090;2;0;0;0;0;0;0;0
258;1;1;1;0.174533;0.087266;1.000000;19441.539773;19441.601956;19441.737118;806066;20492;145058;16;1814;20492;22348;100.000;0.710;0.771;557.035;597.947;5.364;169635;156687;145058;0.221;0.105;0.065;2.595;1.907;0.531;39.736;37.764;135.142;135.162;133.229;29.399;28.345;1.948;0.190;0.066;62.183;197.345;135.263;30.745;2.589;1.774;0.000;0.020;0.000;7;35.234;130.613;4;0;0;0;0;0;0;0
259;1;1;1;0.174533;0.087266;1.000000;19441.571552;19441.631002;19441.767036;803994;21432;144584;17;1808;21432;23404;100.000;0.553;0.601;555.215;595.991;5.617;167775;156316;144584;0.190;0.110;0.070;2.183;1.522;0.094;34.411;32.820;135.991;136.033;134.479;25.296;24.405;1.428;0.278;0.108;59.450;195.484;131.848;29.046;4.287;1.931;0.000;0.042;0.000;17;30.707;132.253;2;0;0;0;0;0;0;0
260;1;1;1;0.174533;0.087266;1.000000;19441.605839;19441.670004;19441.801520;804675;24252;144650;19;1809;24252;26456;100.000;0.746;0.811;555.468;596.267;6.349;166580;156311;144650;0.192;0.109;0.069;2.373;1.263;0.074;38.192;36.860;131.496;131.516;130.228;29.039;28.304;1.620;0.293;0.091;64.165;195.681;132.999;39.002;5.668;2.164;0.000;0.020;0.001;10;34.556;127.833;4;0;0;0;0;0;0;0
261;1;1;1;0.174533;0.174533;1.000000;19441.638648;19441.702678;19441.837073;803023;25944;143952;20;1800;25944;28264;100.000;0.814;0.883;552.788;593.384;6.783;164790;155429;143952;0.178;0.103;0.065;2.433;1.437;0.443;39.195;37.694;134.374;134.395;132.943;29.164;28.353;1.834;0.188;0.065;64.029;198.425;135.218;32.674;0.660;2.070;27.730;0.022;0.000;10;35.325;130.487;3;0;0;0;0;0;0;0
262;1;1;1;0.174533;0.174533;1.000000;19441.672332;19441.734721;19441.867848;804900;27448;144058;21;1801;27448;29884;100.000;0.795;0.863;553.195;593.813;7.172;165112;156503;144058;0.201;0.111;0.070;2.225;1.633;0.098;34.633;32.930;133.111;133.127;131.470;26.015;25.048;1.462;0.280;0.102;62.388;195.515;132.660;32.043;1.290;2.021;0.000;0.016;0.000;11;30.775;129.227;3;0;0;0;0;0;0;0
263;1;1;1;0.174533;0.174533;1.000000;19441.705536;19441.769435;19441.897280;801032;28952;144662;22;1809;28952;31504;100.000;497.110;539.289;555.515;596.313;7.561;164620;156488;144662;0.234;0.106;0.066;2.494;2.081;0.710;33.288;31.141;127.804;127.844;125.740;26.038;24.766;1.761;0.218;0.109;63.899;191.743;128.758;34.715;1.381;1.981;0.000;0.040;0.000;16;28.712;123.204;4;0;0;0;0;0;0;0
264;1;1;1;0.174533;0.174533;1.000000;19441.739825;19441.803420;19441.937247;793638;29704;145976;23;1825;29704;32372;100.000;0.941;1.023;560.560;601.720;7.769;164267;156413;145976;1.169;0.110;0.067;4.170;1.207;0.073;44.545;43.272;133.784;133.827;132.604;33.286;32.632;1.554;0.191;1.080;63.595;197.422;135.392;33.985;0.651;1.898;0.000;0.043;0.001;16;39.168;128.389;3;0;0;0;0;0;0;0
265;1;1;1;0.174533;0.174533;1.000000;19441.772367;19441.835120;19441.969415;801156;29704;148478;23;1856;29704;32372;100.000;1.015;1.103;570.168;612.027;7.769;165681;158366;148478;0.191;0.111;0.069;2.664;1.486;0.189;37.522;35.968;134.239;134.295;132.791;27.940;27.086;1.900;0.275;0.119;62.753;197.048;134.227;31.700;1.634;1.882;0.000;0.056;0.000;22;33.372;130.053;2;0;0;0;0;0;0;0
266;1;1;1;0.174533;0.174533;1.000000;19441.805456;19441.864533;19442.003771;804749;28576;149922;22;1875;28576;31128;100.000;0.736;0.800;575.713;618.000;7.471;166631;159451;149922;0.194;0.112;0.070;2.852;1.691;0.478;38.502;36.741;139.191;139.238;137.529;27.652;26.715;1.452;0.197;0.828;59.077;198.315;135.250;29.413;3.920;2.009;0.000;0.048;0.000;21;33.959;134.627;2;0;0;0;0;0;0;0
267;1;1;1;0.174533;0.174533;1.000000;19441.839749;19441.903547;19442.034108;805449;28200;150436;22;1881;28200;30752;100.000;0.876;0.952;577.687;620.110;7.380;166809;159640;150436;0.191;0.110;0.070;2.186;1.619;0.098;34.873;33.184;130.532;130.562;128.919;26.710;25.740;1.428;0.299;0.087;63.798;194.360;132.254;39.014;5.681;2.239;0.000;0.030;0.000;11;31.068;126.702;3;0;0;0;0;0;0;0
268;1;1;1;0.174533;0.174533;1.000000;19441.872703;19441.935905;19442.071111;805329;26884;149636;21;1871;26884;29320;100.000;0.768;0.835;574.615;616.812;7.037;165620;158681;149636;0.222;0.106;0.066;4.534;1.812;0.570;40.800;38.922;135.185;135.206;133.367;30.176;29.184;1.618;1.219;1.302;63.202;198.408;135.923;32.358;0.975;2.160;0.000;0.021;0.001;14;34.454;128.810;3;0;0;0;0;0;0;0
269;1;1;1;0.174533;0.174533;1.000000;19441.905643;19441.971088;19442.105675;805419;27260;148420;21;1856;27260;29696;100.000;0.888;0.965;569.945;611.804;7.127;163857;157015;148420;0.237;0.112;0.066;3.653;1.017;0.062;40.913;39.831;134.536;134.588;133.551;30.399;29.824;1.590;0.195;1.453;65.445;200.033;137.154;35.183;1.849;2.140;0.000;0.052;0.000;18;36.244;129.845;4;0;0;0;0;0;0;0
270;1;1;1;0.174533;0.174533;1.000000;19441.939509;19442.001901;19442.135970;804474;27824;146600;22;1833;27824;30376;100.000;0.807;0.879;562.956;604.296;7.290;161586;154930;146600;0.192;0.111;0.068;2.255;1.753;0.511;34.959;33.138;134.035;134.069;132.295;26.075;25.049;1.499;0.288;0.098;62.392;196.461;134.115;30.813;2.520;2.164;0.000;0.034;0.001;10;30.951;130.004;5;0;0;0;0;0;0;0
271;1;1;1;0.174533;0.174533;1.000000;19441.972813;19442.036575;19442.168936;796101;135360;145088;103;1814;135360;147308;100.000;4.036;4.389;557.150;598.062;35.354;181623;158138;145088;0.192;0.112;0.068;2.370;1.128;0.065;36.975;35.780;132.262;132.361;131.217;27.935;27.268;1.669;0.188;0.142;63.762;196.123;133.748;34.675;1.341;2.113;0.000;0.099;0.001;49;33.477;128.746;6;0;0;0;0;0;0;0
272;1;1;1;0.174533;0.174533;1.000000;19442.006115;19442.070156;19442.200930;805073;28200;144742;22;1810;28200;30752;100.000;0.877;0.954;555.822;596.643;7.380;170947;156107;144742;0.197;0.111;0.070;2.449;1.507;0.445;35.477;33.900;130.731;130.774;129.239;27.128;26.231;1.645;0.273;0.153;64.041;194.815;132.409;33.581;0.248;1.996;0.000;0.043;0.000;20;31.521;126.745;3;0;0;0;0;0;0;0
273;1;1;1;0.174533;0.174533;1.000000;19442.038717;19442.102452;19442.229933;797204;23688;144320;18;1804;23688;25776;100.000;0.671;0.728;554.201;594.887;6.186;168447;155097;144320;0.187;0.106;0.066;2.492;1.236;0.078;32.955;31.653;127.454;127.482;126.218;25.850;25.078;1.823;0.221;0.090;63.734;191.216;128.079;32.295;1.038;1.936;0.000;0.028;0.000;17;29.227;123.697;2;0;0;0;0;0;0;0
274;1;1;1;0.174533;0.174533;1.000000;19442.072841;19442.137928;19442.266912;805139;22936;144042;18;1801;22936;25024;100.000;0.761;0.827;553.134;593.752;6.006;166881;155436;144042;0.238;0.112;0.069;2.281;1.936;0.463;40.703;38.699;128.958;128.983;127.019;31.557;30.467;1.464;0.293;0.106;65.087;194.071;131.724;35.477;2.144;1.949;0.000;0.025;0.000;10;36.486;124.712;4;0;0;0;0;0;0;0
275;1;1;1;0.174533;0.174533;1.000000;19442.107026;19442.168280;19442.303614;808073;25756;144130;20;1802;25756;28076;100.000;0.924;1.004;553.472;594.112;6.738;164941;154208;144130;0.188;0.105;0.065;2.417;1.028;0.061;40.916;39.823;135.313;135.334;134.290;30.233;29.655;1.806;0.188;0.065;61.253;196.588;135.093;30.351;2.982;2.014;0.000;0.021;0.000;12;37.471;131.839;3;0;0;0;0;0;0;0
276;1;1;1;0.174533;0.174533;1.000000;19442.138300;19442.196306;19442.335184;813584;25944;144164;20;1803;25944;28264;100.000;0.703;0.763;553.602;594.265;6.783;164753;155138;144164;0.190;0.110;0.068;2.190;1.537;0.096;34.995;33.391;138.863;138.878;137.309;25.198;24.318;1.425;0.284;0.115;58.006;196.884;133.329;28.026;5.308;2.220;0.000;0.015;0.000;9;31.268;135.102;5;0;0;0;0;0;0;0
277;1;1;1;0.174533;0.174533;1.000000;19442.172364;19442.233378;19442.370175;812306;29140;144334;23;1805;29140;31808;100.000;0.789;0.859;554.255;594.963;7.634;163650;154415;144334;0.195;0.110;0.068;2.778;1.662;0.475;38.732;37.003;136.752;136.797;135.119;28.314;27.385;1.476;0.188;0.742;61.013;197.811;134.987;37.072;3.739;2.315;0.000;0.045;0.000;20;34.292;132.295;3;0;0;0;0;0;0;0
278;1;1;1;0.000000;0.000000;1.000000;19442.207686;19442.270486;19442.404983;817500;28764;144850;22;1811;28764;31316;100.000;0.913;0.991;556.236;597.080;7.516;163296;154990;144850;0.192;0.108;0.066;2.588;1.279;0.077;39.233;37.889;134.465;134.497;133.189;29.170;28.447;1.941;0.194;0.088;62.800;197.298;136.462;37.108;3.775;2.406;35.620;0.032;0.000;12;35.367;130.568;3;0;0;0;0;0;0;0
279;1;1;1;0.000000;0.000000;1.000000;19442.238037;19442.302141;19442.434206;824803;30456;147006;24;1838;30456;33240;100.000;0.862;0.939;564.516;605.968;7.978;164121;156129;147006;0.178;0.109;0.072;2.116;2.096;0.715;33.088;30.920;132.046;132.064;129.941;25.054;23.796;1.378;0.288;0.092;64.104;196.168;132.351;31.655;1.678;2.360;0.000;0.018;0.000;13;28.876;127.805;3;0;0;0;0;0;0;0
280;1;1;1;0.000000;0.000000;1.000000;19442.272280;19442.337626;19442.471274;813944;29892;149388;23;1868;29892;32560;100.000;0.966;1.049;573.662;615.792;7.814;166097;158567;149388;1.109;0.111;0.069;4.867;1.480;0.099;41.284;39.735;133.596;133.647;132.146;30.890;30.069;2.228;0.201;1.149;65.347;198.994;136.086;35.485;2.152;2.347;0.000;0.051;0.000;22;34.936;127.226;2;0;0;0;0;0;0;0
281;1;1;1;0.000000;0.000000;1.000000;19442.306633;19442.369085;19442.503085;815307;30080;150146;23;1877;30080;32748;100.000;1.053;1.143;576.573;618.906;7.860;166161;158814;150146;0.192;0.111;0.068;2.467;1.728;0.463;38.144;36.348;133.953;134.001;132.241;28.465;27.486;1.658;0.310;0.128;62.452;196.453;134.564;31.458;1.875;2.318;0.000;0.047;0.000;10;33.948;129.724;5;0;0;0;0;0;0;0
282;1;1;1;0.000000;0.000000;1.000000;19442.338285;19442.397760;19442.536450;816329;27072;149960;21;1875;27072;29508;100.000;0.701;0.762;575.859;618.146;7.082;165489;158517;149960;0.193;0.111;0.069;2.680;1.288;0.075;37.569;36.213;138.655;138.690;137.384;27.088;26.359;1.556;0.196;0.556;59.475;198.166;134.596;28.675;4.658;2.464;0.000;0.035;0.000;14;33.601;134.667;3;0;0;0;0;0;0;0
283;1;1;1;0.000000;0.000000;1.000000;19442.372700;19442.436556;19442.573152;813249;28012;148574;22;1858;28012;30564;100.000;0.851;0.925;570.537;612.441;7.335;163554;156642;148574;0.196;0.112;0.067;4.368;2.128;0.590;40.644;38.449;136.563;136.596;134.428;29.755;28.602;1.411;1.235;1.348;63.856;200.452;137.964;38.796;5.463;2.651;0.000;0.033;0.000;12;34.148;130.024;4;0;0;0;0;0;0;0
284;1;1;1;0.000000;0.000000;1.000000;19442.406062;19442.469657;19442.604076;809333;28012;146866;22;1836;28012;30564;100.000;0.810;0.881;563.978;605.386;7.335;161420;154623;146866;0.200;0.111;0.066;2.377;1.454;0.085;37.431;35.912;134.386;134.419;132.939;27.846;27.014;1.733;0.192;0.076;63.595;198.014;135.555;33.101;0.232;2.500;0.000;0.033;0.000;12;33.600;130.527;4;0;0;0;0;0;0;0
285;1;1;1;0.000000;0.000000;1.000000;19442.438951;19442.504420;19442.639176;815482;28764;145550;22;1820;28764;31316;100.000;0.910;0.988;558.924;599.971;7.516;159670;152780;145550;0.188;0.110;0.067;2.943;1.372;0.081;38.924;37.485;134.724;134.756;133.360;28.884;28.108;1.630;0.204;0.745;65.469;200.226;137.322;34.763;1.429;2.433;0.000;0.032;0.000;12;34.609;130.377;3;0;0;0;0;0;0;0
286;1;1;1;0.000000;0.000000;1.000000;19442.472830;19442.536329;19442.671461;814633;136300;144160;104;1802;136300;148364;100.000;3.866;4.206;553.587;594.228;35.607;181574;157734;144160;0.195;0.108;0.067;2.673;1.687;0.536;36.599;34.846;135.097;135.131;133.423;27.084;26.117;1.534;0.195;0.575;63.499;198.630;136.273;31.910;1.424;2.370;0.000;0.034;0.000;39;32.240;130.714;5;0;0;0;0;0;0;0
287;1;1;1;0.000000;0.000000;1.000000;19442.505531;19442.571713;19442.702840;814941;28388;142853;22;1786;28388;30940;100.000;0.903;0.981;548.568;588.848;7.426;172049;156182;142853;0.192;0.110;0.069;2.421;1.327;0.080;35.738;34.342;131.098;131.127;129.780;27.254;26.462;1.677;0.292;0.082;66.183;197.310;134.319;35.384;2.051;2.350;0.000;0.029;0.000;11;31.990;127.329;4;0;0;0;0;0;0;0
288;1;1;1;0.000000;0.000000;1.000000;19442.539643;19442.603345;19442.738126;818847;23312;142468;18;1781;23312;25400;100.000;0.683;0.742;547.090;587.256;6.096;168327;154479;142468;0.196;0.111;0.068;2.755;1.740;0.560;39.024;37.217;134.731;134.781;133.016;28.954;27.979;1.488;0.189;0.704;63.702;198.483;136.272;31.631;1.702;2.310;0.000;0.050;0.000;16;34.530;130.209;3;0;0;0;0;0;0;0
289;1;1;1;0.000000;0.000000;1.000000;19442.572029;19442.637655;19442.772028;824052;21244;142484;17;1782;21244;23216;100.000;0.669;0.728;547.151;587.340;5.572;165717;153246;142484;0.191;0.109;0.069;4.692;1.537;0.089;38.383;36.777;134.340;134.372;132.800;28.565;27.694;1.779;1.217;1.328;65.627;199.999;136.840;34.311;0.977;2.226;0.000;0.033;0.000;8;32.154;128.073;3;0;0;0;0;0;0;0
290;1;1;1;0.000000;0.000000;1.000000;19442.606410;19442.669630;19442.806770;835458;25756;143172;20;1790;25756;28076;100.000;0.737;0.800;549.793;590.163;6.738;164661;153387;143172;0.189;0.109;0.065;3.354;1.785;0.581;40.983;39.134;137.095;137.140;135.335;29.884;28.916;1.416;0.197;1.379;63.221;200.361;138.249;31.975;1.358;2.172;0.000;0.045;0.000;19;35.844;131.935;2;0;0;0;0;0;0;0
291;1;1;1;0.000000;0.000000;1.000000;19442.639150;19442.704809;19442.838806;819605;26320;143314;20;1792;26320;28640;100.000;0.833;0.903;550.338;590.753;6.874;163329;153966;143314;0.196;0.106;0.065;4.553;1.619;0.095;37.149;35.466;133.974;133.996;132.338;27.724;26.799;1.646;1.211;1.330;65.660;199.656;136.951;35.179;1.845;2.152;0.000;0.022;0.001;12;30.977;127.758;3;0;0;0;0;0;0;0
292;1;1;1;0.000000;0.000000;1.000000;19442.672718;19442.736666;19442.873469;827799;26320;143732;20;1797;26320;28640;100.000;823.147;892.719;551.943;592.471;6.874;162460;153275;143732;0.187;0.105;0.066;3.381;1.843;0.595;40.842;38.933;136.788;136.803;134.930;29.854;28.854;1.470;0.194;1.359;63.948;200.751;138.281;31.857;1.476;2.110;0.000;0.015;0.000;14;35.617;131.533;2;0;0;0;0;0;0;0
293;1;1;1;0.000000;0.000000;1.000000;19442.705347;19442.771149;19442.902648;830771;28012;144010;22;1801;28012;30564;100.000;0.883;0.961;553.011;593.629;7.335;161500;153278;144010;0.231;0.109;0.068;2.455;1.015;0.062;34.409;33.326;131.466;131.499;130.464;26.167;25.544;1.654;0.290;0.103;65.801;197.300;134.127;34.483;1.149;2.050;0.000;0.033;0.001;13;30.939;127.974;3;0;0;0;0;0;0;0
294;1;1;1;0.000000;0.087266;1.000000;19442.739380;19442.803034;19442.936098;835004;29704;145768;23;1823;29704;32372;100.000;0.859;0.933;559.762;600.876;7.769;162160;154826;145768;0.193;0.112;0.069;2.719;1.220;0.068;36.914;35.626;133.025;133.064;131.822;27.742;27.026;1.526;0.187;0.633;63.654;196.718;134.243;31.885;1.448;2.012;27.064;0.039;0.000;17;32.975;129.063;3;0;0;0;0;0;0;0
295;1;1;1;0.000000;0.087266;1.000000;19442.772367;19442.837844;19442.970950;814967;29328;148094;23;1852;29328;31996;100.000;0.928;1.010;568.693;610.462;7.679;164173;157074;148094;0.201;0.114;0.070;2.800;1.448;0.522;38.779;37.262;133.077;133.106;131.632;29.134;28.307;1.477;0.194;0.744;65.477;198.583;135.762;34.810;1.477;1.978;0.000;0.029;0.001;15;34.531;128.796;3;0;0;0;0;0;0;0
296;1;1;1;0.000000;0.087266;1.000000;19442.806206;19442.869622;19442.992940;818656;29140;149404;23;1868;29140;31808;100.000;0.841;0.916;573.724;615.853;7.634;164777;157721;149404;0.182;0.108;0.066;2.017;0.955;0.053;26.245;25.224;123.267;123.318;122.347;21.282;20.617;1.401;0.194;0.067;63.417;186.734;124.419;31.778;1.555;1.952;0.000;0.051;0.000;17;23.272;120.277;4;0;0;0;0;0;0;0
297;1;1;1;0.000000;0.087266;1.000000;19442.839066;19442.904429;19443.043338;819807;28012;149370;22;1868;28012;30564;100.000;0.923;1.003;573.593;615.723;7.335;164609;157624;149370;0.182;0.110;0.067;1.982;1.413;0.384;53.368;51.889;138.884;138.908;137.480;38.420;37.743;1.370;0.194;0.060;65.363;204.272;141.483;34.807;1.474;1.922;0.000;0.024;0.000;16;49.973;135.473;3;0;0;0;0;0;0;0
298;1;1;1;0.000000;0.087266;1.000000;19442.873045;19442.934991;19443.062718;814766;27824;148012;22;1851;27824;30376;100.000;0.961;1.046;568.379;610.125;7.290;162687;155800;148012;0.178;0.106;0.066;1.961;1.162;0.068;22.771;21.543;127.691;127.727;126.548;17.828;17.023;1.364;0.192;0.056;61.946;189.673;127.530;30.561;2.772;1.975;0.000;0.036;0.000;10;19.647;124.549;4;0;0;0;0;0;0;0
299;1;1;1;0.000000;0.000000;1.000000;19442.905039;19442.964102;19443.095259;809259;28576;146174;22;1828;28576;31128;100.000;0.502;0.545;561.321;602.548;7.471;160082;153396;146174;0.215;0.106;0.066;2.682;1.419;0.389;35.659;34.175;131.113;131.157;129.718;27.188;26.345;2.031;0.191;0.073;59.063;190.220;126.738;29.111;4.222;2.116;11.142;0.044;0.000;21;31.558;126.990;2;0;0;0;0;0;0;0
300;1;1;1;0.000000;0.000000;1.000000;19442.939228;19443.021268;19443.128468;812212;29140;144110;23;1802;29140;31808;100.000;623.472;678.507;553.395;594.036;7.634;158407;151627;144110;0.183;0.108;0.066;1.995;1.126;0.069;37.300;36.108;107.158;107.200;106.046;34.795;34.050;1.365;0.189;0.085;82.040;189.240;126.614;57.166;23.833;3.473;0.000;0.042;0.000;21;34.179;104.008;2;0;0;0;0;0;0;0
