frame_id;rx_complete;tx_complete;current_skip;yaw;pitch;zoom;camera_send_timestamp;recv_start_timestamp;node_exit_timestamp;original_points;rx_media_bytes;tx_points;rx_packets;tx_packets;payload_bytes;reference_size_bytes;data_integrity_pct;internal_throughput_mbs;reference_throughput_mbs;logical_bitrate_mbps;network_bitrate_mbps;reference_bitrate_mbps;arrived_points;eroded_points;valid_points;erosion_ms;reconstruction_ms;pose_ms;reconstruction_pipeline_ms;tx_duration_ms;active_tx_ms;active_process_ms;reference_process_ms;total_processing_ms;total_residency_ms;reference_residency_ms;node_efficiency_pct;reference_efficiency_pct;gpu_transfer_ms;gpu_copyback_ms;host_overhead_ms;camera_node_ms;e2e_latency_ms;schedule_delay_ms;inter_arrival_ms;instant_jitter_ms;desynced_jitter_ms;pose_control_ms;codec_queue_ms;frame_queue_ms;codec_backlog;decode_service_ms;decode_h265_ms;ffmpeg_write_calls;ffmpeg_write_failures;codec_queue_drops;tx_zero_accepts;tx_partial_accepts;tx_resubmit_calls;tx_resubmitted_packets;mbuf_starvation
1;1;1;1;0.000000;0.000000;1.000000;20730.961297;20731.021096;20731.421158;784142;142128;146318;108;1829;142128;154656;100.000;335.932;365.317;561.874;603.123;37.117;178911;159140;146318;0.212;0.124;0.077;2.960;1.135;0.063;121.680;120.468;400.020;400.063;398.911;30.415;30.199;1.377;0.193;0.977;59.799;459.862;400.063;0.000;0.000;0.000;0.000;0.043;0.000;58;117.586;395.907;5;0;0;0;0;0;0;0
2;1;1;1;0.000000;0.000000;1.000000;20731.102665;20731.156597;20731.561048;783406;28952;144182;22;1803;28952;31504;100.000;613.039;665.054;553.671;594.335;7.561;169393;156499;144182;0.206;0.122;0.076;2.022;1.131;0.058;143.982;142.775;404.427;404.452;403.303;35.599;35.401;1.365;0.190;0.064;53.932;458.383;506.619;135.501;102.167;6.385;0.000;0.025;0.000;10;140.829;401.256;3;0;0;0;0;0;0;0
3;1;1;1;0.000000;0.000000;1.000000;20731.226383;20731.279753;20731.689774;780200;23124;141754;18;1772;23124;25212;100.000;0.197;0.214;544.348;584.312;6.051;164369;153953;141754;0.207;0.123;0.075;2.099;1.403;0.338;131.875;130.397;409.996;410.020;408.599;32.163;31.913;1.369;0.188;0.137;53.371;463.391;602.011;123.157;89.823;11.600;0.000;0.025;0.000;10;128.373;406.474;4;0;0;0;0;0;0;0
4;1;1;1;0.000000;0.000000;1.000000;20731.351234;20731.397365;20731.802754;778467;22560;139430;18;1743;22560;24648;100.000;0.160;0.174;535.424;574.733;5.916;160176;150044;139430;0.209;0.122;0.075;2.021;1.084;0.059;116.480;115.322;405.374;405.389;404.288;28.733;28.525;1.366;0.185;0.063;46.131;451.520;681.658;117.612;84.279;16.143;0.000;0.015;0.000;10;113.376;402.251;4;0;0;0;0;0;0;0
5;1;1;1;0.000000;0.000000;1.000000;20731.484270;20731.538669;20731.934907;776427;21996;137802;17;1723;21996;23968;100.000;0.173;0.188;529.172;568.031;5.752;157416;147596;137802;0.210;0.123;0.078;2.023;1.279;0.312;135.254;133.897;396.205;396.238;394.942;34.135;33.903;1.367;0.181;0.064;54.399;450.637;780.477;141.304;107.970;21.882;0.000;0.033;0.000;16;131.952;392.884;2;0;0;0;0;0;0;0
6;1;1;1;0.000000;0.000000;1.000000;20731.611745;20731.666003;20732.056124;774893;24440;137230;19;1716;24440;26644;100.000;0.215;0.233;526.976;565.676;6.395;155704;146684;137230;0.212;0.121;0.075;2.020;1.051;0.059;124.517;123.391;390.104;390.121;389.053;31.918;31.716;1.366;0.181;0.065;54.258;444.379;868.361;127.334;94.001;26.389;0.000;0.017;0.000;9;121.445;387.014;4;0;0;0;0;0;0;0
7;1;1;1;0.000000;0.000000;1.000000;20731.733825;20731.780271;20732.169913;775949;25004;137590;19;1720;25004;27208;100.000;591.145;640.996;528.358;567.149;6.530;155769;147285;137590;0.207;0.122;0.075;2.021;1.274;0.284;116.858;115.509;389.621;389.643;388.352;29.991;29.744;1.369;0.181;0.067;46.446;436.089;948.818;114.268;80.934;29.798;0.000;0.022;0.000;9;113.563;386.308;4;0;0;0;0;0;0;0
8;1;1;1;0.000000;0.087266;1.000000;20731.858646;20731.912242;20732.297647;775463;26320;137746;20;1722;26320;28640;100.000;638.301;692.250;528.957;567.793;6.874;154945;147291;137746;0.213;0.121;0.075;2.023;1.062;0.059;131.027;129.890;385.385;385.405;384.327;33.997;33.797;1.366;0.181;0.068;53.596;439.001;1043.218;131.971;98.638;34.101;53.432;0.020;0.000;15;127.942;382.282;2;0;0;0;0;0;0;0
9;1;1;1;0.000000;0.087266;1.000000;20731.978658;20732.033592;20732.420664;775698;26320;138024;20;1726;26320;28640;100.000;0.233;0.252;530.025;568.951;6.874;154624;147515;138024;0.211;0.121;0.076;2.024;1.062;0.060;126.089;124.952;387.040;387.072;385.993;32.575;32.371;1.369;0.182;0.066;54.934;442.006;1132.901;121.350;88.017;37.471;0.000;0.031;0.000;14;123.003;383.927;3;0;0;0;0;0;0;0
10;1;1;1;0.000000;0.087266;1.000000;20732.100624;20732.147120;20732.544169;778020;25568;138278;20;1729;25568;27888;100.000;0.200;0.218;531.000;569.994;6.693;153992;146840;138278;0.212;0.122;0.076;2.021;1.274;0.317;126.589;125.239;397.003;397.049;395.759;31.882;31.645;1.366;0.182;0.063;46.496;443.545;1223.073;113.528;80.195;40.141;0.000;0.046;0.000;19;123.294;393.691;2;0;0;0;0;0;0;0
11;1;1;1;0.000000;0.087266;1.000000;20732.220882;20732.275137;20732.681919;778554;24064;139114;19;1739;24064;26268;100.000;0.196;0.213;534.210;573.430;6.304;154581;147771;139114;0.207;0.122;0.075;2.035;0.943;0.058;141.040;140.023;406.752;406.782;405.821;34.672;34.504;1.372;0.184;0.075;54.255;461.037;1327.490;128.017;94.683;43.550;0.000;0.030;0.000;18;138.063;403.756;2;0;0;0;0;0;0;0
12;1;1;1;0.000000;0.087266;1.000000;20732.343906;20732.398375;20732.814061;779986;25568;140496;20;1757;25568;27888;100.000;0.209;0.228;539.517;579.143;6.693;155588;149026;140496;0.207;0.121;0.076;2.019;1.295;0.320;135.117;133.746;415.666;415.686;414.374;32.505;32.277;1.365;0.185;0.065;54.469;470.155;1426.298;123.238;89.904;46.447;0.000;0.020;0.000;12;131.803;412.334;3;0;0;0;0;0;0;0
13;1;1;1;0.000000;0.087266;1.000000;20732.474901;20732.520997;20732.933503;780926;26132;142868;20;1786;26132;28452;100.000;0.190;0.206;548.626;588.905;6.828;157785;151108;142868;0.207;0.122;0.076;2.031;1.093;0.064;122.755;121.586;412.486;412.506;411.397;29.758;29.554;1.368;0.193;0.066;46.096;458.602;1512.407;122.622;89.289;49.125;0.000;0.020;0.000;10;119.631;409.345;3;0;0;0;0;0;0;0
14;1;1;1;0.000000;0.087266;1.000000;20732.604575;20732.659325;20733.059861;782770;26696;144928;21;1812;26696;29132;100.000;0.203;0.221;556.536;597.402;6.992;159421;153009;144928;0.210;0.123;0.076;2.029;1.366;0.323;129.480;128.037;400.516;400.536;399.153;32.327;32.077;1.366;0.190;0.065;54.750;455.286;1605.432;138.329;104.995;52.616;0.000;0.020;0.000;12;126.084;397.103;4;0;0;0;0;0;0;0
15;1;1;1;0.000000;0.174533;1.000000;20732.737237;20732.791293;20733.188966;784474;27260;146044;21;1826;27260;29696;100.000;0.229;0.248;560.821;602.004;7.127;159965;153314;146044;0.208;0.124;0.078;2.031;1.106;0.061;132.497;131.313;397.644;397.673;396.550;33.318;33.114;1.366;0.192;0.063;54.056;451.729;1701.204;131.968;98.634;55.493;68.127;0.030;0.000;12;129.360;394.488;4;0;0;0;0;0;0;0
16;1;1;1;0.000000;0.174533;1.000000;20732.862944;20732.910969;20733.305579;785193;131788;145822;101;1823;131788;143504;100.000;1.049;1.141;559.969;601.083;34.441;177968;156948;145822;0.207;0.125;0.076;2.026;1.138;0.063;119.748;118.534;394.561;394.610;393.455;30.346;30.126;1.367;0.190;0.061;48.025;442.636;1784.483;119.676;86.343;57.421;0.000;0.049;0.000;32;116.584;391.379;6;0;0;0;0;0;0;0
17;1;1;1;0.000000;0.174533;1.000000;20732.982065;20733.036752;20733.442346;782720;28764;144126;22;1802;28764;31316;100.000;0.223;0.242;553.456;594.097;7.516;169127;155796;144126;0.210;0.124;0.076;2.031;1.325;0.338;139.928;138.527;405.574;405.595;404.252;34.499;34.268;1.369;0.189;0.064;54.687;460.281;1887.917;125.783;92.449;59.610;0.000;0.021;0.000;12;136.572;402.199;5;0;0;0;0;0;0;0
18;1;1;1;0.000000;0.174533;1.000000;20733.111036;20733.166185;20733.564290;781613;23312;141930;18;1775;23312;25400;100.000;0.201;0.218;545.024;585.055;6.096;164376;152343;141930;0.211;0.123;0.076;2.026;1.115;0.063;125.298;124.107;398.091;398.105;396.973;31.474;31.263;1.367;0.185;0.065;55.149;453.254;1976.528;129.434;96.100;61.891;0.000;0.014;0.000;8;122.156;394.931;5;0;0;0;0;0;0;0
19;1;1;1;0.000000;0.174533;1.000000;20733.235078;20733.282769;20733.682671;780006;22560;139740;18;1747;22560;24648;100.000;0.165;0.180;536.614;576.014;5.916;160684;150225;139740;0.211;0.124;0.075;2.031;1.286;0.303;121.509;120.149;399.874;399.902;398.599;30.385;30.143;1.367;0.184;0.070;47.691;447.593;2061.575;116.583;83.250;63.226;0.000;0.028;0.000;17;118.192;396.529;2;0;0;0;0;0;0;0
20;1;1;1;0.000000;0.174533;1.000000;20733.365838;20733.419692;20733.812042;780302;22936;138346;18;1730;22936;25024;100.000;0.188;0.205;531.261;570.277;6.006;157894;148300;138346;0.211;0.121;0.076;2.018;1.057;0.059;132.686;131.553;392.330;392.351;391.276;33.818;33.622;1.366;0.183;0.063;53.854;446.205;2157.613;136.923;103.590;65.748;0.000;0.021;0.000;9;129.611;389.236;4;0;0;0;0;0;0;0
21;1;1;1;0.000000;0.174533;1.000000;20733.487248;20733.541977;20733.938403;779066;24816;137844;19;1724;24816;27020;100.000;0.212;0.230;529.333;568.214;6.485;156303;147479;137844;0.209;0.120;0.075;2.015;1.278;0.309;129.433;128.080;396.399;396.426;395.130;32.650;32.415;1.366;0.182;0.064;54.728;451.154;2250.640;122.285;88.952;67.199;0.000;0.026;0.000;11;126.140;393.087;3;0;0;0;0;0;0;0
22;1;1;1;0.000000;0.174533;1.000000;20733.613526;20733.659655;20734.046362;778280;25004;138092;19;1727;25004;27208;100.000;592.549;642.518;530.286;569.234;6.530;156434;148303;138092;0.214;0.121;0.075;2.024;1.059;0.060;111.251;110.117;386.680;386.707;385.631;28.769;28.555;1.368;0.182;0.065;46.129;432.836;2325.266;117.678;84.345;68.270;0.000;0.027;0.000;10;108.167;383.578;3;0;0;0;0;0;0;0
23;1;1;1;0.000000;0.174533;1.000000;20733.734714;20733.789522;20734.177820;778907;25944;138240;20;1728;25944;28264;100.000;0.206;0.224;530.854;569.825;6.783;155826;148511;138240;0.209;0.122;0.076;2.019;1.070;0.060;134.539;133.393;388.279;388.298;387.211;34.648;34.450;1.368;0.182;0.063;54.808;443.106;2423.391;129.867;96.534;70.037;0.000;0.020;0.000;9;131.450;385.171;5;0;0;0;0;0;0;0
24;1;1;1;0.000000;0.174533;1.000000;20733.862235;20733.915885;20734.303576;779289;24064;138556;19;1732;24064;26268;100.000;0.225;0.244;532.068;571.129;6.304;155133;147900;138556;0.207;0.122;0.075;2.021;1.304;0.328;128.843;127.465;387.651;387.690;386.371;33.233;32.990;1.366;0.183;0.069;53.650;441.341;2515.813;126.363;93.030;71.474;0.000;0.040;0.000;19;125.519;384.309;2;0;0;0;0;0;0;0
25;1;1;1;0.000000;0.261799;1.000000;20733.977059;20734.023510;20734.416942;779739;25004;138952;19;1737;25004;27208;100.000;755.061;818.735;533.588;572.762;6.530;154951;148061;138952;0.210;0.121;0.075;2.018;1.044;0.061;116.688;115.569;393.393;393.432;392.371;29.659;29.454;1.367;0.183;0.063;46.452;439.883;2595.846;107.625;74.292;71.650;29.737;0.038;0.000;19;113.625;390.313;1;0;0;0;0;0;0;0
26;1;1;1;0.000000;0.261799;1.000000;20734.101377;20734.155422;20734.545949;779364;26320;139454;20;1744;26320;28640;100.000;680.340;737.842;535.516;574.848;6.874;155091;148214;139454;0.210;0.123;0.076;2.023;1.271;0.309;132.066;130.720;390.497;390.527;389.239;33.817;33.583;1.367;0.184;0.064;54.045;444.572;2691.519;131.911;98.578;73.333;0.000;0.030;0.000;16;128.772;387.184;2;0;0;0;0;0;0;0
27;1;1;1;0.000000;0.261799;1.000000;20734.227017;20734.280853;20734.665056;780025;26508;140520;21;1757;26508;28944;100.000;0.234;0.255;539.609;579.235;6.947;155666;148911;140520;0.209;0.122;0.076;2.019;1.079;0.061;122.399;121.244;384.182;384.202;383.106;31.858;31.648;1.366;0.183;0.063;53.836;438.039;2777.293;125.432;92.099;74.506;0.000;0.021;0.000;13;119.301;381.065;4;0;0;0;0;0;0;0
28;1;1;1;0.000000;0.261799;1.000000;20734.346660;20734.394391;20734.779408;780373;26696;141820;21;1773;26696;29132;100.000;0.208;0.226;544.601;584.588;6.992;156450;150058;141820;0.207;0.123;0.076;2.040;1.317;0.392;117.439;116.047;384.998;385.017;383.675;30.502;30.246;1.371;0.186;0.078;47.731;432.748;2858.312;113.538;80.204;74.862;0.000;0.019;0.000;8;114.083;381.615;4;0;0;0;0;0;0;0
29;1;1;1;0.000000;0.261799;1.000000;20734.468876;20734.523296;20734.894253;781651;27824;143812;22;1798;27824;30376;100.000;0.234;0.255;552.251;592.801;7.290;158178;151821;143812;0.207;0.124;0.075;2.030;1.079;0.063;118.197;117.043;370.935;370.957;369.861;31.863;31.645;1.367;0.190;0.068;54.419;425.376;2939.823;128.904;95.571;76.156;0.000;0.022;0.000;14;115.088;367.798;3;0;0;0;0;0;0;0
30;1;1;1;0.000000;0.261799;1.000000;20734.587836;20734.642622;20735.009561;781375;26508;144756;21;1810;26508;28944;100.000;0.235;0.256;555.876;596.697;6.947;158959;152458;144756;0.208;0.125;0.077;2.035;1.088;0.064;118.415;117.250;366.886;366.939;365.834;32.271;32.050;1.368;0.190;0.067;54.786;421.725;3021.798;119.327;85.993;76.771;0.000;0.052;0.000;19;115.292;363.745;2;0;0;0;0;0;0;0
31;1;1;1;0.000000;0.349066;1.000000;20734.707731;20734.755802;20735.128986;784392;130660;143948;100;1800;130660;142260;100.000;1.130;1.230;552.773;593.368;34.142;176776;155937;143948;0.207;0.123;0.076;2.024;1.323;0.365;122.546;121.147;373.116;373.184;371.844;32.838;32.580;1.367;0.190;0.062;48.071;421.254;3107.890;113.180;79.846;76.963;15.792;0.068;0.000;38;119.199;369.751;9;0;0;0;0;0;0;0
32;1;1;1;0.000000;0.349066;1.000000;20734.816972;20734.871503;20735.254334;782671;29140;141972;23;1775;29140;31808;100.000;0.254;0.276;545.185;585.216;7.634;167802;154013;141972;0.207;0.123;0.076;2.024;1.092;0.061;128.693;127.524;382.807;382.831;381.722;33.616;33.408;1.369;0.187;0.062;54.532;437.363;3199.905;115.701;82.368;77.301;0.000;0.024;0.000;11;125.576;379.673;4;0;0;0;0;0;0;0
33;1;1;1;0.000000;0.349066;1.000000;20734.931856;20734.986753;20735.368018;776999;23500;139814;18;1748;23500;25588;100.000;0.198;0.215;536.898;576.321;6.141;162473;151153;139814;0.210;0.123;0.075;2.022;1.305;0.317;116.798;115.419;381.239;381.266;379.944;30.634;30.378;1.366;0.184;0.064;54.896;436.162;3280.256;115.249;81.916;77.589;0.000;0.027;0.000;17;113.472;377.894;2;0;0;0;0;0;0;0
34;1;1;1;0.000000;0.349066;1.000000;20735.059758;20735.106038;20735.492178;778650;23124;137648;18;1721;23124;25212;100.000;0.184;0.200;528.581;567.394;6.051;157983;147475;137648;0.207;0.120;0.075;2.013;1.041;0.058;127.484;126.368;386.126;386.140;385.082;33.015;32.816;1.366;0.181;0.064;46.280;432.420;3371.082;119.285;85.952;78.112;0.000;0.014;0.000;11;124.430;383.054;3;0;0;0;0;0;0;0
35;1;1;1;0.000000;0.349066;1.000000;20735.178440;20735.231936;20735.623671;778007;23124;137154;18;1715;23124;25212;100.000;0.205;0.223;526.684;565.362;6.051;156457;146475;137154;0.207;0.121;0.075;2.014;1.263;0.309;134.544;133.205;391.714;391.735;390.454;34.346;34.115;1.367;0.181;0.064;53.496;445.231;3469.242;125.898;92.565;79.015;0.000;0.021;0.000;10;131.266;388.418;4;0;0;0;0;0;0;0
36;1;1;1;0.000000;0.349066;1.000000;20735.290900;20735.345250;20735.743413;776483;25004;138046;19;1726;25004;27208;100.000;0.201;0.218;530.109;569.035;6.530;155937;147008;138046;0.210;0.123;0.075;2.020;1.059;0.059;123.016;121.882;398.146;398.163;397.086;30.896;30.694;1.368;0.182;0.062;54.350;452.513;3555.650;113.314;79.980;79.076;0.000;0.017;0.000;7;119.937;395.047;4;0;0;0;0;0;0;0
37;1;1;1;0.000000;0.349066;1.000000;20735.423127;20735.469889;20735.905235;781287;26508;139346;21;1742;26508;28944;100.000;0.203;0.221;535.101;574.388;6.947;157460;149487;139346;0.210;0.122;0.076;2.022;1.066;0.062;164.901;163.759;435.326;435.346;434.263;37.878;37.710;1.368;0.184;0.062;46.763;482.109;3684.139;124.640;91.306;79.840;0.000;0.020;0.000;10;161.813;432.220;3;0;0;0;0;0;0;0
38;1;1;1;0.000000;0.436332;1.000000;20735.547594;20735.600853;20736.046887;780329;27824;141098;22;1764;27824;30376;100.000;0.232;0.253;541.829;581.612;7.290;157637;150141;141098;0.209;0.122;0.077;2.021;1.300;0.337;144.737;143.360;446.008;446.034;444.717;32.450;32.236;1.366;0.186;0.062;53.259;499.293;3792.458;130.964;97.630;80.952;102.150;0.026;0.000;13;141.416;442.669;4;0;0;0;0;0;0;0
39;1;1;1;0.000000;0.436332;1.000000;20735.666921;20735.721082;20736.182800;780785;29140;142238;23;1778;29140;31808;100.000;0.181;0.197;546.206;586.306;7.634;158178;150818;142238;0.207;0.123;0.076;2.029;1.117;0.060;139.223;138.030;461.698;461.719;460.585;30.153;29.968;1.366;0.188;0.071;54.161;515.879;3895.038;120.229;86.895;81.323;0.000;0.021;0.000;12;136.077;458.524;3;0;0;0;0;0;0;0
40;1;1;1;0.000000;0.436332;1.000000;20735.835960;20735.882860;20736.304979;785430;29704;143844;23;1799;29704;32372;100.000;0.211;0.229;552.373;592.946;7.769;159340;152098;143844;0.209;0.124;0.076;2.030;1.337;0.350;125.322;123.909;422.094;422.120;420.766;29.689;29.448;1.368;0.190;0.064;46.900;469.020;3983.883;161.778;128.445;84.269;0.000;0.026;0.000;11;121.955;418.708;4;0;0;0;0;0;0;0
41;1;1;1;0.000000;0.436332;1.000000;20735.968513;20736.024191;20736.429331;789479;30832;146416;24;1831;30832;33616;100.000;0.228;0.247;562.250;603.545;8.068;161458;154259;146416;0.208;0.124;0.077;2.030;1.132;0.063;127.716;126.508;405.123;405.139;403.991;31.524;31.315;1.367;0.191;0.062;55.678;460.818;4074.902;141.332;107.998;85.752;0.000;0.016;0.000;10;124.555;401.944;4;0;0;0;0;0;0;0
42;1;1;1;0.000000;0.436332;1.000000;20736.105923;20736.160133;20736.548913;789348;31584;148106;24;1852;31584;34368;100.000;0.259;0.281;568.740;610.508;8.248;163190;156459;148106;0.211;0.125;0.077;2.043;1.443;0.368;122.741;121.221;388.739;388.781;387.321;31.571;31.297;1.366;0.194;0.070;54.209;442.990;4161.150;135.941;102.608;86.805;0.000;0.041;0.000;23;119.255;385.235;2;0;0;0;0;0;0;0
43;1;1;1;0.000000;0.436332;1.000000;20736.235010;20736.282299;20736.652011;792714;31772;149298;25;1867;31772;34672;100.000;0.256;0.279;573.317;615.424;8.321;164183;157597;149298;0.208;0.125;0.077;2.046;1.140;0.064;106.580;105.363;369.689;369.712;368.554;28.828;28.588;1.371;0.197;0.068;47.288;417.000;4230.915;122.166;88.833;86.932;0.000;0.023;0.000;13;103.394;366.484;3;0;0;0;0;0;0;0
44;1;1;1;0.000000;0.523599;1.000000;20736.351920;20736.406771;20736.776801;790865;31960;150365;25;1880;31960;34860;100.000;0.269;0.293;577.414;619.814;8.366;165393;158411;150365;0.211;0.126;0.078;2.044;1.377;0.320;127.974;126.519;369.989;370.030;368.635;34.585;34.321;1.367;0.198;0.064;54.851;424.881;4322.372;124.473;91.139;87.195;62.509;0.040;0.000;21;124.553;366.550;3;0;0;0;0;0;0;0
45;1;1;1;0.000000;0.523599;1.000000;20736.471173;20736.525980;20736.909105;787976;32148;151606;25;1896;32148;35048;100.000;0.311;0.339;582.180;624.941;8.412;166115;159428;151606;0.206;0.126;0.079;2.060;1.032;0.060;135.721;134.610;383.101;383.125;382.074;35.425;35.231;1.371;0.201;0.077;54.807;437.932;4421.342;119.208;85.875;87.112;0.000;0.024;0.000;15;132.628;379.988;4;0;0;0;0;0;0;0
46;1;1;1;0.000000;0.523599;1.000000;20736.580910;20736.629572;20737.026499;789717;145888;151650;111;1896;145888;158764;100.000;1.177;1.280;582.348;625.110;38.103;188890;165163;151650;0.209;0.125;0.078;2.041;1.157;0.066;120.485;119.250;396.898;396.927;395.753;30.354;30.132;1.367;0.199;0.063;48.662;445.589;4505.403;103.592;70.259;86.059;0.000;0.029;0.000;44;117.287;393.681;5;0;0;0;0;0;0;0
47;1;1;1;0.000000;0.523599;1.000000;20736.698779;20736.753608;20737.152983;784950;29892;150558;23;1882;29892;32560;100.000;0.226;0.246;578.155;620.601;7.814;179115;163191;150558;0.207;0.125;0.078;2.040;1.430;0.370;129.680;128.172;399.352;399.375;397.928;32.471;32.210;1.368;0.198;0.064;54.829;454.204;4598.554;124.036;90.703;86.349;0.000;0.024;0.001;11;126.210;395.863;4;0;0;0;0;0;0;0
48;1;1;1;0.000000;0.523599;1.000000;20736.831601;20736.886096;20737.269235;781130;24628;148538;19;1857;24628;26832;100.000;0.210;0.228;570.398;612.280;6.440;174491;161518;148538;0.211;0.127;0.077;2.041;1.126;0.065;119.720;118.517;383.091;383.139;381.996;31.247;31.026;1.367;0.195;0.064;54.495;437.634;4681.472;132.488;99.155;87.150;0.000;0.048;0.000;18;116.553;379.906;2;0;0;0;0;0;0;0
49;1;1;1;0.000000;0.523599;1.000000;20736.956092;20737.003918;20737.385010;780468;24628;147276;19;1841;24628;26832;100.000;0.196;0.212;565.552;607.073;6.440;169683;158314;147276;0.206;0.124;0.077;2.032;1.351;0.341;118.925;117.497;381.070;381.092;379.724;31.206;30.943;1.367;0.194;0.065;47.826;428.919;4763.914;117.822;84.489;86.983;0.000;0.022;0.000;10;115.541;377.653;4;0;0;0;0;0;0;0
50;1;1;1;0.000000;0.610865;1.000000;20737.075946;20737.130313;20737.521827;783376;25192;146748;20;1835;25192;27512;100.000;0.217;0.236;563.525;604.910;6.603;166714;156688;146748;0.207;0.125;0.077;2.032;1.126;0.063;140.199;138.996;391.504;391.514;390.372;35.809;35.606;1.366;0.194;0.063;54.367;445.881;4867.398;126.395;93.062;87.363;72.211;0.010;0.000;16;137.041;388.328;3;0;0;0;0;0;0;0
51;1;1;1;0.000000;0.610865;1.000000;20737.191833;20737.246870;20737.640562;787237;29140;145970;23;1825;29140;31808;100.000;0.253;0.276;560.537;601.697;7.634;163927;154647;145970;0.209;0.124;0.077;2.034;1.508;0.403;121.890;120.305;393.672;393.692;392.167;30.961;30.677;1.367;0.192;0.066;55.038;448.730;4952.800;116.557;83.224;87.104;0.000;0.020;0.000;7;118.348;390.111;7;0;0;0;0;0;0;0
52;1;1;1;0.000000;0.610865;1.000000;20737.314914;20737.362321;20737.743658;787734;31020;147302;24;1842;31020;33804;100.000;0.227;0.247;565.652;607.195;8.113;163921;154970;147302;0.210;0.124;0.077;2.037;1.115;0.066;106.635;105.443;381.319;381.337;380.205;27.964;27.733;1.367;0.193;0.065;47.407;428.744;5022.562;115.451;82.117;86.793;0.000;0.018;0.000;9;103.484;378.149;4;0;0;0;0;0;0;0
53;1;1;1;0.000000;0.610865;1.000000;20737.445384;20737.499348;20737.881685;787059;31396;148046;24;1851;31396;34180;100.000;0.266;0.289;568.509;610.255;8.203;163880;155377;148046;0.207;0.124;0.077;2.034;1.361;0.327;141.176;139.738;382.316;382.337;380.958;36.925;36.681;1.368;0.195;0.064;53.964;436.301;5127.256;137.028;103.694;87.849;0.000;0.020;0.000;16;137.781;378.902;3;0;0;0;0;0;0;0
54;1;1;1;0.000000;0.698132;1.000000;20737.562015;20737.617739;20738.050322;786051;31208;148712;24;1859;31208;33992;100.000;0.303;0.329;571.067;612.993;8.158;163752;156015;148712;0.260;0.127;0.077;2.092;1.127;0.067;172.030;170.826;432.572;432.583;431.439;39.768;39.595;1.368;0.196;0.064;55.724;488.306;5262.559;118.391;85.057;87.675;14.258;0.011;0.000;16;168.811;429.335;4;0;0;0;0;0;0;0
55;1;1;1;0.000000;0.698132;1.000000;20737.673410;20737.721160;20738.169026;796213;30080;148706;23;1859;30080;32748;100.000;0.219;0.238;571.044;612.970;7.860;163350;156198;148706;0.210;0.125;0.078;2.039;1.370;0.328;121.921;120.473;447.847;447.866;446.479;27.223;26.983;1.367;0.195;0.064;47.749;495.615;5347.930;103.421;70.087;86.575;0.000;0.019;0.000;16;118.512;444.420;3;0;0;0;0;0;0;0
56;1;1;1;0.000000;0.698132;1.000000;20737.804339;20737.859080;20738.294519;790191;30268;148654;23;1859;30268;32936;100.000;730.383;792.459;570.844;612.770;7.905;162711;155789;148654;0.207;0.124;0.077;2.033;1.143;0.075;128.899;127.679;435.419;435.439;434.278;29.602;29.400;1.366;0.195;0.065;54.741;490.180;5440.090;137.920;104.587;87.701;0.000;0.020;0.000;14;125.722;432.223;3;0;0;0;0;0;0;0
57;1;1;1;0.000000;0.698132;1.000000;20737.973523;20738.027476;20738.412049;798808;30644;148762;24;1860;30644;33428;100.000;0.259;0.282;571.259;613.208;8.023;162756;155654;148762;0.207;0.124;0.078;2.033;1.121;0.064;120.705;119.506;384.531;384.573;383.435;31.387;31.167;1.367;0.195;0.063;53.953;438.526;5524.287;168.396;135.063;90.661;0.000;0.042;0.000;23;117.551;381.358;2;0;0;0;0;0;0;0
58;1;1;1;0.000000;0.698132;1.000000;20738.099357;20738.146151;20738.539939;797924;30268;149280;23;1866;30268;32936;100.000;647.680;702.727;573.248;615.332;7.905;163186;156181;149280;0.208;0.126;0.077;2.041;1.389;0.376;131.042;129.576;393.761;393.788;392.382;33.277;33.023;1.371;0.196;0.064;46.794;440.582;5618.843;118.675;85.341;90.329;0.000;0.027;0.000;12;127.612;390.314;3;0;0;0;0;0;0;0
59;1;1;1;0.000000;0.785398;1.000000;20738.217138;20738.272044;20738.668792;794477;30080;149798;23;1873;30080;32748;100.000;0.257;0.279;575.237;617.479;7.860;163385;156786;149798;0.210;0.125;0.078;2.048;1.136;0.065;132.280;131.066;396.710;396.748;395.595;33.341;33.131;1.370;0.197;0.067;54.907;451.654;5714.363;125.893;92.560;90.468;63.053;0.038;0.000;21;129.096;393.507;3;0;0;0;0;0;0;0
60;1;1;1;0.000000;0.785398;1.000000;20738.335282;20738.389489;20738.778692;789053;30268;150698;23;1884;30268;32936;100.000;0.238;0.258;578.693;621.183;7.905;164074;157604;150698;0.209;0.125;0.078;2.039;1.391;0.349;113.072;111.603;389.174;389.203;387.796;29.052;28.779;1.366;0.198;0.063;54.207;443.410;5790.929;117.445;84.111;90.071;0.000;0.029;0.000;15;109.641;385.716;3;0;0;0;0;0;0;0
61;1;1;1;0.000000;0.785398;1.000000;20738.469552;20738.517068;20738.895284;783874;143632;149328;110;1867;143632;156392;100.000;1.114;1.213;573.432;615.539;37.534;186216;162709;149328;0.211;0.125;0.077;2.039;1.126;0.064;120.020;118.817;378.197;378.216;377.073;31.733;31.510;1.367;0.197;0.063;47.516;425.732;5874.188;127.580;94.246;90.332;0.000;0.019;0.000;49;116.855;375.014;5;0;0;0;0;0;0;0
62;1;1;1;0.000000;0.785398;1.000000;20738.591744;20738.646078;20739.036317;782785;28952;146986;22;1838;28952;31504;100.000;742.722;805.741;564.439;605.892;7.561;175849;160618;146986;0.207;0.124;0.077;2.050;1.322;0.333;144.195;142.796;390.218;390.238;388.900;36.950;36.718;1.372;0.194;0.077;54.334;444.573;5981.888;129.010;95.677;90.666;0.000;0.021;0.000;15;140.823;386.828;2;0;0;0;0;0;0;0
63;1;1;1;0.000000;0.785398;1.000000;20738.701159;20738.755520;20739.150698;782791;23312;145010;18;1813;23312;25400;100.000;0.200;0.217;556.851;597.740;6.096;170415;157395;145010;0.210;0.125;0.077;2.033;1.120;0.062;117.751;116.554;395.153;395.178;394.042;29.797;29.579;1.366;0.191;0.064;54.361;449.539;6062.936;109.442;76.108;89.756;0.000;0.025;0.000;10;114.598;391.983;3;0;0;0;0;0;0;0
64;1;1;1;0.000000;0.785398;1.000000;20738.825851;20738.872830;20739.266649;782127;21996;143356;17;1792;21996;23968;100.000;0.157;0.171;550.500;590.915;5.752;165403;154137;143356;0.207;0.122;0.076;2.026;1.329;0.333;119.100;117.696;393.794;393.820;392.474;30.242;29.988;1.367;0.189;0.065;46.979;440.799;6145.553;117.310;83.976;89.395;0.000;0.026;0.000;10;115.746;390.421;4;0;0;0;0;0;0;0
65;1;1;1;0.000000;0.785398;1.000000;20738.958239;20739.013167;20739.390065;785507;22748;142428;18;1781;22748;24836;100.000;0.198;0.216;546.936;587.103;5.961;163350;153038;142428;0.207;0.123;0.076;2.033;1.091;0.063;126.768;125.601;376.888;376.898;375.789;33.635;33.423;1.373;0.188;0.067;54.928;431.826;6235.635;140.337;107.004;90.495;0.000;0.010;0.000;13;123.643;373.745;3;0;0;0;0;0;0;0
66;1;1;1;0.000000;0.872665;1.000000;20739.072791;20739.128358;20739.511821;789017;24252;142296;19;1779;24252;26456;100.000;0.211;0.229;546.429;586.551;6.349;161182;152049;142296;0.209;0.123;0.076;2.039;1.378;0.374;124.873;123.420;383.431;383.463;382.063;32.565;32.304;1.368;0.188;0.075;55.567;439.030;6324.058;115.191;81.858;89.956;20.819;0.032;0.000;13;121.456;379.990;3;0;0;0;0;0;0;0
67;1;1;1;0.000000;0.872665;1.000000;20739.196393;20739.243707;20739.632960;789641;25944;142550;20;1782;25944;28264;100.000;0.210;0.228;547.404;587.594;6.783;160682;151676;142550;0.209;0.123;0.076;2.033;1.105;0.062;124.559;123.378;389.242;389.253;388.131;31.999;31.788;1.373;0.188;0.064;47.314;436.567;6411.864;115.349;82.016;89.459;0.000;0.012;0.000;14;121.421;386.086;3;0;0;0;0;0;0;0
68;1;1;1;0.000000;0.872665;1.000000;20739.313221;20739.367655;20739.759955;784718;26508;142638;21;1783;26508;28944;100.000;0.219;0.239;547.742;587.954;6.947;159824;151799;142638;0.211;0.123;0.076;2.045;1.096;0.065;130.131;128.959;392.269;392.300;391.187;33.171;32.966;1.367;0.188;0.079;54.434;446.735;6505.526;123.948;90.615;89.532;0.000;0.032;0.000;20;126.990;389.110;2;0;0;0;0;0;0;0
69;1;1;1;0.000000;0.872665;1.000000;20739.434980;20739.488963;20739.884509;778159;27636;142942;21;1787;27636;30072;100.000;0.228;0.247;548.910;589.212;7.217;159201;151404;142942;0.207;0.123;0.076;2.023;1.331;0.346;127.693;126.286;395.523;395.546;394.197;32.283;32.036;1.366;0.187;0.063;53.984;449.529;6596.747;121.308;87.975;89.434;0.000;0.022;0.000;15;124.338;392.151;3;0;0;0;0;0;0;0
70;1;1;1;0.000000;0.872665;1.000000;20739.563736;20739.610568;20739.992251;776327;28012;143886;22;1799;28012;30564;100.000;0.222;0.241;552.535;593.108;7.335;159514;152165;143886;0.211;0.122;0.076;2.035;0.933;0.058;111.078;110.068;381.659;381.683;380.727;29.102;28.910;1.367;0.190;0.069;46.832;428.515;6671.155;121.605;88.271;89.362;0.000;0.024;0.000;16;108.109;378.656;3;0;0;0;0;0;0;0
71;1;1;1;0.000000;0.872665;1.000000;20739.682936;20739.737414;20740.119850;786883;30080;145096;23;1814;30080;32748;100.000;0.243;0.263;557.181;598.092;7.860;160774;153506;145096;0.213;0.122;0.077;2.046;1.343;0.399;130.565;129.145;382.416;382.435;381.069;34.140;33.890;1.369;0.192;0.072;54.478;436.914;6765.420;126.846;93.513;89.621;0.000;0.019;0.000;15;127.176;379.003;4;0;0;0;0;0;0;0
72;1;1;1;0.000000;0.872665;1.000000;20739.806356;20739.861811;20740.230938;787146;28764;146492;22;1832;28764;31316;100.000;0.268;0.291;562.542;603.859;7.516;161728;154249;146492;0.209;0.124;0.077;2.054;1.092;0.065;114.476;113.307;369.107;369.128;368.013;31.012;30.789;1.372;0.193;0.079;55.455;424.582;6843.176;124.396;91.063;89.711;0.000;0.021;0.000;12;111.329;365.937;4;0;0;0;0;0;0;0
73;1;1;1;0.000000;0.959931;1.000000;20739.923011;20739.969413;20740.349538;781047;28388;148748;22;1860;28388;30940;100.000;0.224;0.244;571.205;613.154;7.426;163826;156603;148748;0.213;0.126;0.078;2.081;1.221;0.346;121.740;120.440;380.087;380.125;378.878;32.026;31.789;1.393;0.196;0.076;46.401;426.527;6928.442;107.602;74.269;88.746;112.868;0.038;0.000;19;118.438;376.758;4;0;0;0;0;0;0;0
74;1;1;1;0.000000;0.959931;1.000000;20740.042486;20740.096486;20740.487723;782459;29516;150270;23;1879;29516;32184;100.000;0.266;0.289;577.049;619.427;7.724;164693;157462;150270;0.212;0.125;0.077;2.061;0.997;0.060;141.487;140.413;391.219;391.237;390.217;36.164;35.983;1.372;0.198;0.077;54.000;445.237;7033.294;127.074;93.740;89.058;0.000;0.017;0.000;16;138.429;388.137;3;0;0;0;0;0;0;0
75;1;1;1;0.000000;0.959931;1.000000;20740.153648;20740.207902;20740.606503;781579;29704;150762;23;1885;29704;32372;100.000;0.252;0.274;578.939;621.452;7.769;164784;157527;150762;0.207;0.125;0.080;2.049;1.252;0.339;121.839;120.507;398.578;398.600;397.330;30.567;30.329;1.369;0.199;0.069;54.255;452.855;7118.740;111.416;78.083;88.372;0.000;0.023;0.000;14;118.538;395.257;3;0;0;0;0;0;0;0
76;1;1;1;0.000000;0.959931;1.000000;20740.278429;20740.326313;20740.717601;784181;144384;151052;110;1889;144384;157144;100.000;1.046;1.137;580.052;622.656;37.715;189415;164593;151052;0.208;0.125;0.079;2.053;1.049;0.066;114.397;113.269;391.245;391.288;390.220;29.236;29.027;1.369;0.199;0.073;47.884;439.173;7196.505;118.411;85.078;88.166;0.000;0.043;0.000;37;111.295;388.122;7;0;0;0;0;0;0;0
77;1;1;1;0.000000;1.047197;1.000000;20740.409863;20740.464510;20740.854931;782861;27636;150492;21;1882;27636;30072;100.000;730.008;791.834;577.902;620.347;7.217;180170;164536;150492;0.252;0.126;0.079;2.226;1.133;0.065;140.425;139.213;390.402;390.421;389.265;35.968;35.763;1.385;0.198;0.185;54.647;445.068;7300.502;138.197;104.864;89.210;11.902;0.019;0.000;14;137.066;387.019;2;0;0;0;0;0;0;0
78;1;1;1;0.000000;1.047197;1.000000;20740.528082;20740.582829;20741.044466;779451;21056;148910;16;1862;21056;22912;100.000;0.190;0.206;571.827;613.821;5.499;175479;161871;148910;0.207;0.125;0.078;2.065;1.319;0.373;192.895;191.498;461.609;461.637;460.298;41.785;41.603;1.382;0.197;0.076;54.747;516.384;7456.704;118.319;84.986;88.946;0.000;0.028;0.000;15;189.511;458.204;2;0;0;0;0;0;0;0
79;1;1;1;0.000000;1.047197;1.000000;20740.647138;20740.694095;20741.176993;784719;21996;147042;17;1839;21996;23968;100.000;0.160;0.174;564.654;606.129;5.752;169419;157892;147042;0.261;0.123;0.078;2.221;1.099;0.063;135.907;134.731;482.867;482.897;481.778;28.144;27.965;1.374;0.191;0.195;46.957;529.855;7555.897;111.266;77.933;88.258;0.000;0.030;0.000;11;132.587;479.525;4;0;0;0;0;0;0;0
80;1;1;1;0.000000;1.047197;1.000000;20740.778019;20740.832016;20741.302391;780701;24816;146382;19;1830;24816;27020;100.000;0.131;0.143;562.119;603.392;6.485;166275;156096;146382;0.210;0.126;0.077;2.045;1.620;0.415;128.709;127.012;470.342;470.375;468.737;27.363;27.097;1.374;0.192;0.066;53.997;524.372;7647.962;137.920;104.587;89.278;0.000;0.033;0.000;18;125.044;466.649;2;0;0;0;0;0;0;0
81;1;1;1;0.000000;1.047197;1.000000;20740.967295;20741.021467;20741.426882;785754;27824;145442;22;1819;27824;30376;100.000;0.212;0.231;558.510;599.534;7.290;164319;154457;145442;0.206;0.124;0.077;2.039;1.135;0.065;128.155;126.943;405.378;405.415;404.263;31.611;31.401;1.366;0.192;0.074;54.172;459.587;7739.119;189.452;156.118;93.456;0.000;0.037;0.000;20;124.981;402.186;2;0;0;0;0;0;0;0
82;1;1;1;0.000000;1.047197;1.000000;20741.106822;20741.153209;20741.548036;783308;28388;145720;22;1822;28388;30940;100.000;0.226;0.245;559.577;600.669;7.426;163778;154859;145720;0.211;0.122;0.077;2.036;1.359;0.336;124.325;122.889;394.787;394.827;393.451;31.489;31.234;1.368;0.192;0.067;46.387;441.214;7826.940;131.742;98.409;93.765;0.000;0.040;0.000;21;120.930;391.373;2;0;0;0;0;0;0;0
83;1;1;1;0.000000;1.047197;1.000000;20741.224676;20741.279298;20741.671507;782737;27260;145846;21;1824;27260;29696;100.000;0.219;0.238;560.061;601.198;7.127;163091;155011;145846;0.207;0.124;0.078;2.028;1.148;0.062;126.863;125.637;392.198;392.209;391.044;32.346;32.129;1.366;0.192;0.062;54.622;446.831;7917.077;126.088;92.755;93.702;0.000;0.011;0.000;14;123.687;389.003;4;0;0;0;0;0;0;0
84;1;1;1;0.000000;1.047197;1.000000;20741.349613;20741.404362;20741.796060;781874;28764;146012;22;1826;28764;31316;100.000;0.239;0.260;560.699;601.881;7.516;163282;155637;146012;0.213;0.125;0.077;2.036;1.372;0.357;127.728;126.279;391.681;391.698;390.310;32.609;32.354;1.367;0.192;0.063;54.749;446.447;8008.298;125.065;91.731;93.579;0.000;0.017;0.000;10;124.320;388.255;4;0;0;0;0;0;0;0
85;1;1;1;0.000000;1.047197;1.000000;20741.478159;20741.525033;20741.921418;780545;24816;146308;19;1829;24816;27020;100.000;0.201;0.218;561.835;603.085;6.485;163263;155730;146308;0.207;0.125;0.077;2.028;1.115;0.062;128.763;127.571;396.363;396.385;395.253;32.484;32.276;1.366;0.193;0.061;46.874;443.259;8100.322;120.671;87.337;93.189;0.000;0.022;0.000;12;125.619;393.201;4;0;0;0;0;0;0;0
86;1;1;1;0.000000;1.047197;1.000000;20741.594504;20741.648877;20742.051300;778343;27072;146104;21;1827;27072;29508;100.000;0.218;0.237;561.052;602.256;7.082;162397;154818;146104;0.212;0.126;0.077;2.048;1.148;0.065;133.025;131.800;402.396;402.424;401.260;33.056;32.847;1.369;0.198;0.066;54.373;456.797;8196.871;123.844;90.510;93.021;0.000;0.027;0.000;15;129.829;399.183;3;0;0;0;0;0;0;0
87;1;1;1;0.000000;1.047197;1.000000;20741.718492;20741.773276;20742.173094;778458;26320;145634;20;1821;26320;28640;100.000;0.210;0.228;559.247;600.316;6.874;161543;154284;145634;0.208;0.122;0.077;2.034;1.399;0.357;124.986;123.510;399.799;399.819;398.402;31.261;31.001;1.367;0.191;0.069;54.783;454.602;8285.332;124.399;91.066;92.899;0.000;0.020;0.000;10;121.552;396.347;5;0;0;0;0;0;0;0
88;1;1;1;0.000000;1.047197;1.000000;20741.852119;20741.898914;20742.285394;778592;28388;145652;22;1821;28388;30940;100.000;0.219;0.238;559.316;600.385;7.426;160973;153893;145652;0.210;0.125;0.076;2.036;1.131;0.064;115.732;114.525;386.447;386.480;385.333;29.945;29.721;1.368;0.192;0.065;46.794;433.274;8364.298;125.638;92.305;92.862;0.000;0.033;0.000;17;112.565;383.263;3;0;0;0;0;0;0;0
89;1;1;1;0.000000;1.047197;1.000000;20741.974248;20742.028769;20742.406758;779952;29516;146464;23;1831;29516;32184;100.000;0.244;0.265;562.434;603.729;7.724;161012;153984;146464;0.209;0.123;0.076;2.038;1.359;0.360;124.528;123.093;377.962;377.989;376.613;32.945;32.684;1.368;0.193;0.070;54.521;432.510;8452.329;129.856;96.522;93.091;0.000;0.027;0.000;14;121.131;374.547;3;0;0;0;0;0;0;0
90;1;1;1;0.000000;1.047197;1.000000;20742.096032;20742.150288;20742.578006;779674;29328;148650;23;1859;29328;31996;100.000;0.262;0.284;570.828;612.755;7.679;162890;156228;148650;0.213;0.126;0.078;2.043;1.133;0.066;174.627;173.417;427.689;427.717;426.567;40.828;40.654;1.366;0.196;0.064;54.256;481.974;8590.243;121.519;88.186;92.784;0.000;0.029;0.000;14;171.452;424.480;4;0;0;0;0;0;0;0
91;1;1;1;0.000000;1.047197;1.000000;20742.214432;20742.262818;20742.684491;781083;142692;149974;109;1875;142692;155336;100.000;1.182;1.286;575.913;618.200;37.281;187045;162867;149974;0.213;0.126;0.078;2.045;1.390;0.355;109.659;108.192;421.654;421.674;420.268;26.006;25.744;1.367;0.197;0.065;48.386;470.060;8663.395;112.529;79.196;91.935;0.000;0.020;0.000;46;106.224;418.201;6;0;0;0;0;0;0;0
92;1;1;1;0.000000;0.000000;1.000000;20742.328543;20742.383652;20742.805360;780537;27448;150044;21;1876;27448;29884;100.000;0.161;0.174;576.181;618.492;7.172;179214;162911;150044;0.209;0.126;0.078;2.044;1.147;0.067;124.300;123.075;421.691;421.708;420.543;29.475;29.266;1.365;0.197;0.070;55.109;476.816;8750.930;120.834;87.501;91.658;49.002;0.017;0.000;9;121.108;418.480;4;0;0;0;0;0;0;0
93;1;1;1;0.000000;0.000000;1.000000;20742.501292;20742.555090;20742.932647;773046;21620;148126;17;1852;21620;23592;100.000;0.204;0.221;568.816;610.585;5.662;174305;159747;148126;0.208;0.125;0.078;2.038;1.424;0.347;130.478;128.976;377.528;377.557;376.116;34.558;34.292;1.368;0.195;0.064;53.798;431.355;8844.885;171.438;138.105;94.561;0.000;0.029;0.000;16;127.016;374.048;2;0;0;0;0;0;0;0
94;1;1;1;0.000000;0.000000;1.000000;20742.615203;20742.661688;20743.052545;770822;21056;145994;16;1825;21056;22912;100.000;661.869;717.213;560.629;601.789;5.499;169087;156055;145994;0.207;0.124;0.077;2.033;1.124;0.064;123.356;122.155;390.830;390.856;389.715;31.560;31.345;1.368;0.192;0.064;46.486;437.342;8931.449;106.598;73.265;93.230;0.000;0.026;0.000;14;120.200;387.655;2;0;0;0;0;0;0;0
95;1;1;1;0.000000;0.000000;1.000000;20742.727979;20742.782795;20743.178071;778859;24628;143854;19;1799;24628;26832;100.000;0.195;0.211;552.412;592.985;6.440;164406;152906;143854;0.207;0.123;0.076;2.027;1.351;0.345;128.680;127.254;395.244;395.276;393.907;32.555;32.305;1.369;0.189;0.063;54.816;450.093;9023.642;121.106;87.773;92.889;0.000;0.032;0.000;16;125.302;391.847;3;0;0;0;0;0;0;0
96;1;1;1;0.000000;0.000000;1.000000;20742.855301;20742.909879;20743.296419;778333;28200;144278;22;1804;28200;30752;100.000;0.235;0.256;554.040;594.726;7.380;163374;153147;144278;0.210;0.123;0.077;2.035;1.043;0.061;121.722;120.602;386.524;386.540;385.478;31.490;31.286;1.367;0.188;0.070;54.578;441.118;9108.656;127.084;93.750;92.943;0.000;0.016;0.000;16;118.644;383.426;3;0;0;0;0;0;0;0
97;1;1;1;0.000000;0.000000;1.000000;20742.983151;20743.030113;20743.409417;782798;29516;144196;23;1803;29516;32184;100.000;0.236;0.257;553.725;594.388;7.724;162237;152634;144196;0.210;0.123;0.077;2.033;1.117;0.065;116.077;114.883;379.277;379.305;378.171;30.602;30.379;1.368;0.189;0.066;46.962;426.267;9188.322;120.234;86.901;92.565;0.000;0.027;0.000;11;112.927;376.110;4;0;0;0;0;0;0;0
98;1;1;1;0.000000;0.000000;1.000000;20743.101082;20743.155511;20743.549054;781418;28764;144552;22;1807;28764;31316;100.000;0.246;0.267;555.092;595.846;7.516;162311;154127;144552;0.211;0.123;0.077;2.038;1.353;0.365;142.782;141.352;393.523;393.543;392.172;36.281;36.044;1.373;0.190;0.064;54.429;447.972;9294.624;125.398;92.065;92.534;0.000;0.020;0.000;11;139.391;390.113;4;0;0;0;0;0;0;0
99;1;1;1;0.000000;0.000000;1.000000;20743.218947;20743.273061;20743.672184;777382;27636;144056;21;1801;27636;30072;100.000;0.244;0.264;553.188;593.806;7.217;161115;153252;144056;0.211;0.122;0.077;2.029;1.107;0.070;126.521;125.337;399.102;399.122;397.999;31.700;31.492;1.366;0.190;0.064;54.114;453.237;9384.421;117.550;84.217;92.014;0.000;0.020;0.000;11;123.385;395.949;3;0;0;0;0;0;0;0
100;1;1;1;0.000000;0.000000;1.000000;20743.339751;20743.386902;20743.778660;778267;26884;144366;21;1805;26884;29320;100.000;0.194;0.210;554.378;595.086;7.037;160584;153015;144366;0.210;0.124;0.077;2.030;1.397;0.372;109.604;108.131;391.726;391.758;390.340;27.978;27.702;1.366;0.190;0.064;47.152;438.909;9457.564;113.841;80.508;91.295;0.000;0.031;0.000;20;106.177;388.276;2;0;0;0;0;0;0;0
101;1;1;1;0.000000;0.000000;1.000000;20743.472518;20743.526317;20743.905683;780699;27072;144336;21;1805;27072;29508;100.000;0.220;0.239;554.263;594.971;7.082;159816;152092;144336;0.210;0.124;0.076;2.027;1.111;0.064;130.441;129.254;379.346;379.365;378.237;34.384;34.173;1.365;0.190;0.063;53.799;433.164;9551.253;139.415;106.082;92.219;0.000;0.020;0.000;12;127.303;376.179;5;0;0;0;0;0;0;0
102;1;1;1;0.000000;0.000000;1.000000;20743.594969;20743.649659;20744.035214;780328;26320;144522;20;1807;26320;28640;100.000;0.249;0.270;554.977;595.730;6.874;159799;151977;144522;0.209;0.123;0.077;2.028;1.349;0.354;132.668;131.242;385.536;385.555;384.189;34.410;34.161;1.366;0.190;0.063;54.689;440.245;9647.452;123.341;90.008;92.081;0.000;0.020;0.000;8;129.291;382.141;4;0;0;0;0;0;0;0
103;1;1;1;0.000000;0.000000;1.000000;20743.707641;20743.755915;20744.149720;782351;26508;144662;21;1809;26508;28944;100.000;0.209;0.228;555.515;596.313;6.947;159429;152022;144662;0.207;0.124;0.077;2.031;1.104;0.063;117.879;116.698;393.772;393.805;392.683;29.933;29.718;1.369;0.191;0.064;48.274;442.079;9728.624;106.257;72.923;90.883;0.000;0.032;0.000;13;114.744;390.618;3;0;0;0;0;0;0;0
104;1;1;1;0.000000;0.000000;1.000000;20743.828292;20743.883155;20744.277162;782164;26696;144698;21;1809;26696;29132;100.000;0.207;0.225;555.653;596.451;6.992;159628;152516;144698;0.210;0.124;0.078;2.030;1.380;0.341;130.577;129.119;393.975;394.007;392.611;33.141;32.887;1.365;0.190;0.064;54.864;448.871;9822.733;127.240;93.907;91.072;0.000;0.032;0.000;20;127.166;390.547;2;0;0;0;0;0;0;0
105;1;1;1;0.000000;0.000000;1.000000;20743.957461;20744.012456;20744.399186;783021;28388;145744;22;1822;28388;30940;100.000;0.248;0.270;559.669;600.761;7.426;161173;154387;145744;0.206;0.124;0.078;2.031;1.114;0.064;125.431;124.239;386.705;386.730;385.599;32.434;32.220;1.367;0.192;0.064;54.995;441.725;9911.423;129.301;95.967;91.378;0.000;0.025;0.000;11;122.286;383.542;5;0;0;0;0;0;0;0
106;1;1;1;-0.087266;0.000000;1.000000;20744.079015;20744.127175;20744.515753;786829;137992;147616;105;1846;137992;150172;100.000;1.089;1.184;566.858;608.491;36.041;185042;161832;147616;0.210;0.124;0.077;2.040;1.112;0.065;119.710;118.521;388.530;388.578;387.449;30.807;30.590;1.369;0.194;0.065;48.159;436.737;9994.657;114.719;81.386;90.754;16.583;0.048;0.000;30;116.558;385.360;7;0;0;0;0;0;0;0
107;1;1;1;-0.087266;0.000000;1.000000;20744.200145;20744.254023;20744.643707;789365;28952;150668;22;1884;28952;31504;100.000;872.087;946.083;578.578;621.068;7.561;177850;162784;150668;0.206;0.126;0.079;2.049;1.432;0.370;131.104;129.592;389.636;389.684;388.235;33.644;33.380;1.366;0.199;0.074;53.878;443.562;10089.278;126.848;93.515;90.926;0.000;0.048;0.000;22;127.622;386.136;1;0;0;0;0;0;0;0
108;1;1;1;-0.087266;0.000000;1.000000;20744.320808;20744.376416;20744.761879;790807;24252;152486;19;1907;24252;26456;100.000;0.209;0.227;585.559;628.568;6.349;176356;163741;152486;0.210;0.127;0.078;2.049;1.175;0.067;121.650;120.397;385.437;385.464;384.271;31.559;31.331;1.367;0.201;0.066;55.607;441.071;10174.117;122.393;89.059;90.810;0.000;0.026;0.000;10;118.427;382.195;3;0;0;0;0;0;0;0
109;1;1;1;-0.087266;0.000000;1.000000;20744.446491;20744.492967;20744.879548;789334;21996;152368;17;1905;21996;23968;100.000;0.173;0.187;585.106;628.070;5.752;174182;162894;152368;0.210;0.126;0.078;2.048;1.403;0.367;120.890;119.409;386.554;386.581;385.161;31.272;31.002;1.367;0.201;0.066;46.475;433.057;10258.452;116.551;83.218;90.335;0.000;0.027;0.000;10;117.439;383.085;4;0;0;0;0;0;0;0
110;1;1;1;-0.087266;0.000000;1.000000;20744.566831;20744.620867;20745.010409;783753;23500;151230;18;1891;23500;25588;100.000;0.199;0.216;580.736;623.384;6.141;171183;161380;151230;0.210;0.126;0.078;2.045;1.145;0.065;134.308;133.085;389.533;389.541;388.378;34.478;34.267;1.369;0.199;0.064;54.037;443.578;10355.980;127.901;94.567;90.600;0.000;0.009;0.000;12;131.117;386.323;3;0;0;0;0;0;0;0
111;1;1;1;-0.174533;0.000000;1.000000;20744.684865;20744.739374;20745.127189;781240;27448;149404;21;1868;27448;29884;100.000;0.235;0.255;573.724;615.853;7.172;171092;161849;149404;0.210;0.125;0.078;2.042;1.416;0.363;119.960;118.466;387.794;387.814;386.382;30.932;30.660;1.367;0.197;0.065;54.509;442.324;10439.426;118.507;85.174;90.261;77.043;0.021;0.000;10;116.502;384.308;3;0;0;0;0;0;0;0
112;1;1;1;-0.174533;0.000000;1.000000;20744.809553;20744.856825;20745.232138;781247;27824;147314;22;1842;27824;30376;100.000;0.213;0.232;565.698;607.241;7.290;168119;159323;147314;0.209;0.123;0.077;2.034;1.138;0.065;108.404;107.189;375.278;375.312;374.157;28.884;28.648;1.367;0.194;0.065;47.273;422.585;10511.042;117.451;84.117;89.877;0.000;0.034;0.000;21;105.232;372.088;2;0;0;0;0;0;0;0
113;1;1;1;-0.174533;0.000000;1.000000;20744.933714;20744.987734;20745.357604;783523;28388;145778;22;1823;28388;30940;100.000;0.244;0.265;559.800;600.914;7.426;166119;158260;145778;0.207;0.124;0.077;2.045;1.229;0.364;128.632;127.326;369.843;369.870;368.620;34.778;34.541;1.369;0.192;0.077;54.020;423.890;10603.174;130.909;97.576;90.358;0.000;0.026;0.000;14;125.357;366.547;3;0;0;0;0;0;0;0
114;1;1;1;-0.174533;0.000000;1.000000;20745.050025;20745.104403;20745.492166;783046;30456;145016;24;1813;30456;33240;100.000;0.290;0.315;556.874;597.763;7.978;163898;156225;145016;0.211;0.125;0.077;2.037;1.116;0.064;137.839;136.646;387.743;387.763;386.630;35.547;35.343;1.368;0.191;0.065;54.378;442.141;10704.403;116.669;83.336;89.919;0.000;0.020;0.000;9;134.686;384.572;7;0;0;0;0;0;0;0
115;1;1;1;-0.174533;0.000000;1.000000;20745.161649;20745.209879;20745.599997;785712;28764;145068;22;1814;28764;31316;100.000;0.232;0.251;557.074;597.985;7.516;162523;154801;145068;0.207;0.125;0.077;2.043;1.369;0.356;110.975;109.529;390.099;390.118;388.727;28.447;28.176;1.369;0.190;0.076;48.230;438.348;10778.901;105.475;72.142;88.808;0.000;0.020;0.000;14;107.563;386.662;3;0;0;0;0;0;0;0
116;1;1;1;-0.261799;0.000000;1.000000;20745.279901;20745.334542;20745.725422;788409;28388;145612;22;1821;28388;30940;100.000;0.212;0.230;559.163;600.232;7.426;162329;154612;145612;0.209;0.124;0.077;2.035;1.104;0.063;128.842;127.660;390.859;390.880;389.759;32.962;32.754;1.367;0.192;0.066;54.641;445.521;10870.993;124.664;91.330;88.966;27.749;0.020;0.000;12;125.702;387.702;4;0;0;0;0;0;0;0
117;1;1;1;-0.261799;0.000000;1.000000;20745.414179;20745.469193;20745.860229;785289;27072;145938;21;1825;27072;29508;100.000;0.253;0.275;560.414;601.574;7.082;162644;155475;145938;0.208;0.125;0.078;2.040;1.129;0.066;137.943;136.736;390.997;391.036;389.890;35.276;35.070;1.375;0.191;0.063;55.014;446.050;10972.466;134.651;101.317;89.738;0.000;0.039;0.000;20;134.774;387.809;2;0;0;0;0;0;0;0
118;1;1;1;-0.261799;0.000000;1.000000;20745.530042;20745.576507;20745.983074;784314;26320;145782;20;1823;26320;28640;100.000;923.319;1001.357;559.815;600.930;6.874;162031;155246;145782;0.209;0.124;0.077;2.029;1.373;0.376;126.011;124.561;406.534;406.567;405.176;30.994;30.743;1.365;0.192;0.063;46.466;453.033;11061.978;107.314;73.981;88.753;0.000;0.033;0.000;20;122.609;403.113;1;0;0;0;0;0;0;0
119;1;1;1;-0.261799;0.000000;1.000000;20745.648363;20745.702703;20746.170395;784830;26884;145890;21;1824;26884;29320;100.000;0.200;0.217;560.230;601.367;7.037;161691;154613;145890;0.211;0.125;0.076;2.036;1.152;0.066;190.722;189.494;467.649;467.692;466.523;40.779;40.618;1.366;0.190;0.068;54.340;522.032;11215.966;126.196;92.862;89.010;0.000;0.043;0.000;20;187.533;464.443;2;0;0;0;0;0;0;0
120;1;1;1;-0.349066;0.000000;1.000000;20745.783179;20745.837722;20746.302891;784742;27260;145936;21;1825;27260;29696;100.000;0.223;0.242;560.407;601.566;7.127;161314;154235;145936;0.209;0.123;0.078;2.032;1.371;0.370;135.681;134.232;465.140;465.169;463.781;29.168;28.943;1.366;0.192;0.065;54.542;519.712;11315.128;135.018;101.685;89.802;21.982;0.029;0.000;13;132.278;461.718;4;0;0;0;0;0;0;0
121;1;1;1;-0.349066;0.000000;1.000000;20745.912417;20745.960462;20746.413847;787186;141752;147208;108;1841;141752;154280;100.000;0.759;0.825;565.291;606.812;37.027;185245;160619;147208;0.207;0.124;0.077;2.033;1.108;0.063;114.347;113.162;453.364;453.385;452.260;25.221;25.022;1.366;0.194;0.065;48.045;501.430;11392.751;122.741;89.407;89.777;0.000;0.020;0.000;50;111.206;450.195;6;0;0;0;0;0;0;0
122;1;1;1;-0.349066;0.000000;1.000000;20746.093430;20746.147445;20746.548082;792161;29140;148956;23;1862;29140;31808;100.000;0.221;0.240;572.004;613.998;7.634;177277;160895;148956;0.210;0.125;0.077;2.040;1.389;0.357;137.369;135.903;400.609;400.637;399.226;34.288;34.042;1.369;0.196;0.062;54.016;454.653;11493.653;186.983;153.650;93.769;0.000;0.029;0.001;10;133.940;397.156;4;0;0;0;0;0;0;0
123;1;1;1;-0.349066;0.000000;1.000000;20746.225087;20746.279817;20746.662349;788290;23124;150544;18;1882;23124;25212;100.000;0.208;0.226;578.101;620.547;6.051;176189;162846;150544;0.208;0.125;0.078;2.044;1.155;0.066;117.698;116.466;382.514;382.532;381.361;30.768;30.539;1.367;0.198;0.068;54.730;437.262;11574.586;132.371;99.038;94.098;0.000;0.019;0.000;7;114.499;379.297;5;0;0;0;0;0;0;0
124;1;1;1;-0.349066;0.000000;1.000000;20746.344163;20746.391412;20746.764731;789222;22936;152352;18;1905;22936;25024;100.000;0.172;0.187;585.044;628.008;6.006;175372;163288;152352;0.211;0.125;0.078;2.044;1.468;0.396;105.578;104.032;373.300;373.319;371.834;28.281;27.978;1.366;0.200;0.063;47.249;420.568;11643.635;111.595;78.262;93.109;0.000;0.019;0.000;7;102.066;369.769;5;0;0;0;0;0;0;0
125;1;1;1;-0.436332;0.000000;1.000000;20746.470482;20746.525265;20746.900464;787173;24628;151154;19;1890;24628;26832;100.000;0.216;0.234;580.444;623.070;6.440;171765;160824;151154;0.208;0.126;0.079;2.054;1.160;0.067;139.237;137.999;375.178;375.199;374.017;37.110;36.896;1.379;0.198;0.064;54.783;429.982;11746.035;133.854;100.520;93.572;7.093;0.021;0.001;11;136.024;371.941;3;0;0;0;0;0;0;0
126;1;1;1;-0.436332;0.000000;1.000000;20746.585458;20746.639905;20747.026209;776279;25944;149098;20;1864;25944;28264;100.000;0.255;0.277;572.549;614.588;6.783;169792;159442;149098;0.209;0.123;0.078;2.039;1.450;0.363;128.962;127.434;386.285;386.305;384.838;33.383;33.114;1.368;0.195;0.065;54.446;440.751;11838.447;114.640;81.306;92.805;0.000;0.020;0.000;12;125.473;382.778;3;0;0;0;0;0;0;0
127;1;1;1;-0.436332;0.000000;1.000000;20746.694763;20746.741946;20747.142693;773912;27636;146584;21;1833;27636;30072;100.000;661.819;717.870;562.895;604.235;7.217;165501;156184;146584;0.206;0.124;0.077;2.027;1.122;0.064;119.969;118.771;400.718;400.747;399.608;29.936;29.722;1.366;0.191;0.063;47.183;447.930;11921.597;102.041;68.708;91.299;0.000;0.029;0.000;14;116.821;397.551;2;0;0;0;0;0;0;0
128;1;1;1;-0.436332;0.000000;1.000000;20746.822827;20746.877154;20747.268605;773302;28388;144802;22;1811;28388;30940;100.000;0.225;0.245;556.052;596.896;7.426;162385;154371;144802;0.210;0.124;0.077;2.030;1.126;0.064;129.058;127.855;391.415;391.451;390.307;32.969;32.757;1.367;0.189;0.063;54.327;445.778;12014.176;135.209;101.875;91.960;0.000;0.036;0.000;21;125.902;388.240;2;0;0;0;0;0;0;0
129;1;1;1;-0.436332;0.000000;1.000000;20746.948699;20747.003501;20747.395086;777001;28388;143780;22;1798;28388;30940;100.000;0.244;0.265;552.128;592.678;7.426;160181;152502;143780;0.208;0.123;0.077;2.041;1.404;0.373;129.632;128.151;391.569;391.585;390.161;33.104;32.846;1.375;0.189;0.068;54.801;446.386;12107.323;126.346;93.013;92.026;0.000;0.016;0.000;11;126.187;388.103;4;0;0;0;0;0;0;0
130;1;1;1;-0.436332;0.000000;1.000000;20747.073084;20747.120114;20747.519130;783174;27448;143698;21;1797;27448;29884;100.000;0.219;0.237;551.813;592.341;7.172;159337;152044;143698;0.213;0.124;0.076;2.047;1.019;0.060;127.485;126.390;398.985;399.016;397.976;31.950;31.758;1.367;0.191;0.076;47.029;446.045;12198.034;116.613;83.280;91.479;0.000;0.031;0.000;20;124.420;395.897;2;0;0;0;0;0;0;0
131;1;1;1;-0.523599;0.000000;1.000000;20747.191769;20747.246069;20747.642990;786108;27824;144598;22;1808;27824;30376;100.000;0.221;0.241;555.269;596.045;7.290;159900;152673;144598;0.210;0.125;0.076;2.032;1.359;0.357;126.916;125.482;396.891;396.921;395.545;31.975;31.724;1.366;0.190;0.065;54.300;451.221;12288.561;125.955;92.622;91.551;30.944;0.030;0.000;15;123.525;393.470;4;0;0;0;0;0;0;0
132;1;1;1;-0.523599;0.000000;1.000000;20747.317051;20747.372359;20747.755059;785622;26884;144478;21;1806;26884;29320;100.000;0.218;0.237;554.808;595.539;7.037;159220;152112;144478;0.208;0.124;0.076;2.026;1.108;0.063;115.458;114.274;382.681;382.700;381.575;30.169;29.948;1.365;0.190;0.063;55.308;438.009;12367.297;126.290;92.956;91.639;0.000;0.019;0.000;15;112.324;379.529;3;0;0;0;0;0;0;0
133;1;1;1;-0.523599;0.000000;1.000000;20747.448572;20747.496002;20747.871688;787265;26696;143954;21;1800;26696;29132;100.000;0.216;0.234;552.796;593.391;6.992;157513;151000;143954;0.207;0.124;0.076;2.027;1.368;0.350;119.760;118.316;375.654;375.687;374.301;31.878;31.610;1.369;0.190;0.061;47.430;423.117;12450.592;123.643;90.309;91.556;0.000;0.033;0.000;15;116.365;372.240;3;0;0;0;0;0;0;0
134;1;1;1;-0.523599;0.000000;1.000000;20747.565747;20747.620292;20748.007442;787734;26696;143904;21;1799;26696;29132;100.000;0.239;0.260;552.604;593.177;6.992;156612;150312;143904;0.209;0.124;0.076;2.032;1.103;0.065;139.146;137.967;387.120;387.150;386.030;35.941;35.740;1.367;0.190;0.066;54.545;441.695;12553.012;124.290;90.957;91.518;0.000;0.030;0.000;16;136.011;383.967;3;0;0;0;0;0;0;0
135;1;1;1;-0.523599;0.000000;1.000000;20747.676877;20747.732545;20748.122839;786766;28012;143596;22;1795;28012;30564;100.000;0.242;0.263;551.421;591.904;7.335;155869;149853;143596;0.210;0.123;0.076;2.037;1.107;0.060;118.530;117.348;390.253;390.295;389.171;30.369;30.153;1.368;0.189;0.071;55.668;445.963;12635.077;112.253;78.920;90.731;0.000;0.041;0.000;20;115.386;387.091;2;0;0;0;0;0;0;0
136;1;1;1;-0.523599;0.000000;1.000000;20747.800349;20747.848871;20748.234381;787622;130848;141136;100;1765;130848;142448;100.000;0.964;1.049;541.975;581.781;34.188;176546;153233;141136;0.209;0.123;0.076;2.030;1.353;0.393;114.682;113.253;385.481;385.510;384.139;29.748;29.482;1.366;0.186;0.071;48.523;434.033;12713.285;116.327;82.993;90.247;0.000;0.029;0.000;45;111.298;382.078;6;0;0;0;0;0;0;0
137;1;1;1;-0.610865;0.000000;1.000000;20747.930006;20747.984747;20748.371020;784509;32148;139854;25;1749;32148;35048;100.000;0.280;0.304;537.052;576.497;8.412;165458;150730;139854;0.210;0.123;0.076;2.024;1.089;0.063;140.021;138.856;386.260;386.274;385.168;36.249;36.051;1.367;0.184;0.064;54.740;441.014;12816.591;135.875;102.542;91.016;86.883;0.014;0.000;17;136.908;383.129;4;0;0;0;0;0;0;0
138;1;1;1;-0.610865;0.000000;1.000000;20748.045058;20748.100114;20748.503785;782962;26884;141162;21;1765;26884;29320;100.000;0.242;0.263;542.075;581.880;7.037;162535;151202;141162;0.207;0.123;0.075;2.021;1.361;0.361;135.875;134.439;403.661;403.671;402.293;33.660;33.418;1.366;0.186;0.063;55.056;458.727;12916.022;115.367;82.034;90.454;0.000;0.010;0.000;14;132.493;400.262;4;0;0;0;0;0;0;0
139;1;1;1;-0.610865;0.000000;1.000000;20748.163612;20748.211662;20748.619059;785441;27448;143262;21;1791;27448;29884;100.000;0.201;0.218;550.139;590.531;7.172;162457;151869;143262;0.209;0.124;0.076;2.025;1.096;0.063;118.652;117.480;407.377;407.397;406.283;29.124;28.916;1.367;0.186;0.063;48.051;455.447;12997.963;111.549;78.215;89.689;0.000;0.019;0.000;14;115.531;404.238;3;0;0;0;0;0;0;0
140;1;1;1;-0.610865;0.000000;1.000000;20748.294260;20748.348593;20748.742015;786857;26508;145806;21;1823;26508;28944;100.000;0.201;0.219;559.908;601.022;6.947;163265;153731;145806;0.213;0.123;0.077;2.039;1.374;0.349;126.075;124.624;393.398;393.422;392.031;32.046;31.789;1.369;0.191;0.065;54.333;447.755;13087.585;136.931;103.597;90.559;0.000;0.024;0.000;11;122.662;389.967;4;0;0;0;0;0;0;0
141;1;1;1;-0.610865;0.000000;1.000000;20748.426553;20748.481009;20748.866380;786209;29140;147146;23;1840;29140;31808;100.000;0.253;0.275;565.053;606.551;7.634;163375;154009;147146;0.208;0.125;0.078;2.041;1.138;0.064;127.775;126.559;385.353;385.372;384.216;33.156;32.939;1.366;0.194;0.071;54.455;439.827;13178.618;132.416;99.082;91.091;0.000;0.018;0.001;14;124.595;382.155;3;0;0;0;0;0;0;0
142;1;1;1;-0.610865;0.000000;1.000000;20748.549371;20748.596570;20748.977895;785895;30832;147490;24;1844;30832;33616;100.000;0.252;0.274;566.374;607.962;8.068;162963;155030;147490;0.210;0.124;0.078;2.033;1.402;0.360;114.682;113.202;381.301;381.324;379.906;30.075;29.797;1.365;0.194;0.062;47.199;428.524;13256.799;115.562;82.228;90.537;0.000;0.023;0.000;11;111.247;377.838;5;0;0;0;0;0;0;0
143;1;1;1;-0.698132;0.000000;1.000000;20748.664640;20748.719405;20749.105147;783109;31208;146146;24;1827;31208;33992;100.000;0.252;0.273;561.213;602.418;8.158;161049;153227;146146;0.213;0.124;0.077;2.036;1.073;0.063;130.685;129.535;385.723;385.743;384.653;33.879;33.676;1.366;0.192;0.064;54.765;440.507;13350.718;122.834;89.501;90.473;43.303;0.020;0.000;14;127.576;382.596;3;0;0;0;0;0;0;0
144;1;1;1;-0.698132;0.000000;1.000000;20748.789046;20748.843754;20749.223305;783994;32148;145218;25;1816;32148;35048;100.000;0.290;0.315;557.650;598.606;8.412;159819;152457;145218;0.207;0.124;0.077;2.030;1.108;0.064;121.264;120.080;379.519;379.551;378.427;31.949;31.731;1.366;0.191;0.066;54.709;434.260;13435.543;124.349;91.016;90.507;0.000;0.032;0.000;19;118.126;376.363;3;0;0;0;0;0;0;0
145;1;1;1;-0.698132;0.000000;1.000000;20748.907110;20748.955014;20749.341924;785959;31020;144768;24;1810;31020;33804;100.000;0.244;0.265;555.922;596.743;8.113;159082;151441;144768;0.209;0.124;0.076;2.032;1.367;0.390;121.755;120.312;386.882;386.910;385.527;31.469;31.207;1.370;0.189;0.064;47.903;434.814;13520.828;111.260;77.926;89.720;0.000;0.028;0.000;12;118.356;383.465;3;0;0;0;0;0;0;0
146;1;1;1;-0.698132;0.000000;1.000000;20749.027614;20749.082699;20749.473865;789030;30832;145716;24;1822;30832;33616;100.000;0.262;0.285;559.562;600.654;8.068;159671;152861;145716;0.206;0.124;0.077;2.036;1.121;0.065;135.336;134.139;391.150;391.166;390.027;34.598;34.392;1.365;0.192;0.071;55.085;446.251;13619.436;127.686;94.352;90.010;0.000;0.016;0.000;18;132.180;387.975;3;0;0;0;0;0;0;0
147;1;1;1;-0.698132;0.000000;1.000000;20749.145869;20749.200751;20749.600895;794594;31584;147238;24;1841;31584;34368;100.000;0.267;0.290;565.406;606.927;8.248;161066;154262;147238;0.207;0.125;0.077;2.064;1.445;0.436;130.178;128.656;400.134;400.144;398.675;32.533;32.271;1.376;0.195;0.084;54.882;455.026;13713.133;118.052;84.718;89.679;0.000;0.010;0.000;17;126.670;396.600;3;0;0;0;0;0;0;0
148;1;1;1;-0.785398;0.000000;1.000000;20749.271665;20749.319260;20749.711493;797998;30268;146864;23;1836;30268;32936;100.000;584.662;634.353;563.970;605.378;7.905;160574;153931;146864;0.263;0.123;0.078;2.399;1.020;0.065;114.111;113.013;392.211;392.234;391.196;29.093;28.889;1.654;0.194;0.087;47.595;439.829;13790.397;118.509;85.175;89.398;51.520;0.022;0.000;16;110.692;388.774;2;0;0;0;0;0;0;0
149;1;1;1;-0.785398;0.000000;1.000000;20749.397051;20749.451360;20749.844094;798639;30268;147738;23;1847;30268;32936;100.000;662.769;719.099;567.326;608.982;7.905;161702;155097;147738;0.209;0.123;0.077;2.033;1.404;0.371;136.018;134.537;392.710;392.734;391.314;34.634;34.381;1.366;0.195;0.064;54.309;447.043;13889.665;132.101;98.767;89.983;0.000;0.024;0.000;14;132.581;389.255;2;0;0;0;0;0;0;0
150;1;1;1;-0.785398;0.000000;1.000000;20749.522147;20749.577529;20749.975225;796693;30268;148090;23;1852;30268;32936;100.000;0.275;0.298;568.678;610.447;7.905;161771;155326;148090;0.213;0.124;0.077;2.039;1.131;0.065;134.566;133.358;397.662;397.696;396.550;33.836;33.630;1.366;0.195;0.065;55.382;453.078;13987.462;126.169;92.835;90.161;0.000;0.034;0.000;12;131.396;394.475;4;0;0;0;0;0;0;0
151;1;1;1;-0.785398;0.000000;1.000000;20749.640238;20749.688179;20750.094889;794717;137616;147952;105;1850;137616;149796;100.000;1.037;1.128;568.148;609.872;35.951;182724;160766;147952;0.210;0.124;0.078;2.037;1.448;0.402;122.830;121.305;406.691;406.709;405.246;30.201;29.934;1.367;0.195;0.064;47.941;454.650;14073.793;110.650;77.317;89.359;0.000;0.018;0.000;47;119.345;403.189;5;0;0;0;0;0;0;0
152;1;1;1;-0.872665;0.000000;1.000000;20749.765699;20749.821029;20750.219638;792861;28576;148152;22;1852;28576;31128;100.000;0.218;0.237;568.916;610.685;7.471;177426;162397;148152;0.207;0.125;0.078;2.041;1.149;0.064;128.223;126.996;398.594;398.609;397.444;32.168;31.953;1.367;0.193;0.071;55.330;453.939;14165.209;132.849;99.516;89.993;95.928;0.015;0.000;11;125.033;395.378;3;0;0;0;0;0;0;0
153;1;1;1;-0.872665;0.000000;1.000000;20749.897246;20749.952380;20750.342824;792789;23688;147662;18;1846;23688;25776;100.000;0.199;0.216;567.035;608.668;6.186;172400;160692;147662;0.207;0.124;0.077;2.032;1.417;0.364;126.374;124.879;390.433;390.444;389.010;32.367;32.102;1.368;0.194;0.063;55.134;445.578;14255.062;131.352;98.018;90.495;0.000;0.011;0.000;11;122.924;386.965;3;0;0;0;0;0;0;0
154;1;1;1;-0.872665;0.000000;1.000000;20750.024450;20750.072003;20750.465429;792309;23124;147945;18;1850;23124;25212;100.000;0.186;0.202;568.121;609.845;6.051;170339;159188;147945;0.207;0.125;0.078;2.033;1.147;0.066;126.052;124.827;393.406;393.426;392.262;32.040;31.822;1.366;0.195;0.063;47.553;440.979;14344.333;119.623;86.289;90.232;0.000;0.020;0.000;13;122.872;390.208;3;0;0;0;0;0;0;0
155;1;1;1;-0.872665;0.000000;1.000000;20750.142105;20750.197012;20750.590360;791925;25004;147762;19;1848;25004;27208;100.000;727.763;789.136;567.419;609.097;6.530;168591;158413;147762;0.207;0.125;0.078;2.035;1.143;0.065;128.109;126.887;393.329;393.348;392.189;32.569;32.354;1.366;0.195;0.065;54.907;448.255;14435.931;125.009;91.675;90.322;0.000;0.019;0.000;12;124.930;390.134;2;0;0;0;0;0;0;0
156;1;1;1;-0.872665;0.000000;1.000000;20750.265027;20750.320259;20750.715074;793795;28764;148592;22;1858;28764;31316;100.000;0.235;0.255;570.606;612.510;7.516;167879;158079;148592;0.209;0.127;0.077;2.043;1.427;0.380;127.889;126.386;394.780;394.815;393.372;32.392;32.129;1.366;0.194;0.070;55.231;450.046;14527.311;123.247;89.914;90.297;0.000;0.035;0.000;21;124.419;391.292;2;0;0;0;0;0;0;0
157;1;1;1;-0.959931;0.000000;1.000000;20750.395939;20750.442879;20750.844244;793460;28200;148650;22;1859;28200;30752;100.000;0.226;0.246;570.828;612.755;7.380;166756;157719;148650;0.209;0.124;0.078;2.037;1.141;0.067;132.638;131.419;401.335;401.365;400.208;33.047;32.838;1.368;0.195;0.064;46.940;448.305;14623.148;122.620;89.287;90.234;72.197;0.030;0.000;21;129.460;398.139;2;0;0;0;0;0;0;0
158;1;1;1;-0.959931;0.000000;1.000000;20750.512795;20750.567826;20750.978725;795527;28012;147554;22;1845;28012;30564;100.000;0.226;0.246;566.620;608.231;7.335;165007;157250;147554;0.211;0.125;0.077;2.037;1.398;0.374;137.656;136.181;410.864;410.899;409.484;33.501;33.257;1.367;0.194;0.064;55.031;465.929;14724.295;124.947;91.614;90.320;0.000;0.034;0.000;21;134.221;407.411;2;0;0;0;0;0;0;0
159;1;1;1;-0.959931;0.000000;1.000000;20750.637517;20750.692197;20751.099448;798776;29328;146024;23;1826;29328;31996;100.000;0.227;0.247;560.745;601.927;7.679;161999;154480;146024;0.213;0.124;0.076;2.034;1.142;0.066;124.156;122.939;407.212;407.250;406.092;30.487;30.274;1.366;0.191;0.065;54.681;461.931;14811.685;124.371;91.038;90.365;0.000;0.038;0.000;22;120.981;404.019;2;0;0;0;0;0;0;0
160;1;1;1;-0.959931;0.000000;1.000000;20750.774274;20750.821770;20751.259573;799362;29328;143192;23;1790;29328;31996;100.000;0.219;0.239;549.870;590.240;7.679;158153;151021;143192;0.207;0.123;0.076;2.022;1.348;0.351;163.299;161.875;437.779;437.803;436.438;37.300;37.090;1.366;0.189;0.062;47.496;485.299;14938.477;129.573;96.240;90.732;0.000;0.023;0.000;15;159.929;434.391;3;0;0;0;0;0;0;0
161;1;1;1;-1.047197;0.000000;1.000000;20750.900383;20750.955920;20751.424246;789777;28952;141480;22;1769;28952;31504;100.000;729.767;791.686;543.296;583.192;7.561;156114;149118;141480;0.211;0.122;0.076;2.024;1.100;0.065;168.040;166.865;468.302;468.326;467.209;35.881;35.715;1.367;0.186;0.063;55.537;523.863;15069.817;134.149;100.816;91.362;67.141;0.024;0.000;15;164.916;465.160;3;0;0;0;0;0;0;0
162;1;1;1;-1.047197;0.000000;1.000000;20751.021956;20751.077022;20751.547466;790930;28200;139820;22;1748;28200;30752;100.000;0.177;0.193;536.921;576.344;7.380;154224;147472;139820;0.210;0.123;0.076;2.024;1.336;0.351;126.331;124.919;470.405;470.444;469.091;26.854;26.630;1.368;0.185;0.063;55.066;525.510;15159.704;121.102;87.769;91.138;0.000;0.040;0.001;18;122.970;467.015;3;0;0;0;0;0;0;0
163;1;1;1;-1.047197;0.000000;1.000000;20751.190649;20751.236740;20751.664339;793734;29516;138532;23;1732;29516;32184;100.000;0.179;0.195;531.975;571.037;7.724;152207;145442;138532;0.207;0.122;0.075;2.021;1.063;0.060;120.232;119.095;427.566;427.599;426.521;28.118;27.922;1.368;0.183;0.066;46.091;473.691;15243.243;159.718;126.384;93.341;0.000;0.033;0.000;17;117.149;424.466;3;0;0;0;0;0;0;0
164;1;1;1;-1.047197;0.000000;1.000000;20751.347174;20751.401780;20751.789764;792883;29892;138018;23;1726;29892;32560;100.000;0.244;0.265;530.002;568.928;7.814;151597;145064;138018;0.208;0.122;0.075;2.033;0.937;0.056;128.503;127.492;387.960;387.985;387.030;33.121;32.941;1.372;0.183;0.074;54.606;442.591;15335.335;165.040;131.706;95.738;0.000;0.024;0.000;12;125.533;384.971;3;0;0;0;0;0;0;0
165;1;1;1;-1.047197;0.000000;1.000000;20751.470547;20751.524856;20751.924189;791299;30456;138142;24;1727;30456;33240;100.000;0.261;0.285;530.478;569.426;7.978;151249;144790;138142;0.209;0.123;0.076;2.030;1.351;0.387;137.393;135.966;399.313;399.334;397.966;34.406;34.165;1.369;0.182;0.070;54.309;453.642;15436.426;123.076;89.743;95.364;0.000;0.021;0.000;16;134.012;395.914;4;0;0;0;0;0;0;0
166;1;1;1;-1.047197;0.000000;1.000000;20751.592190;20751.641735;20752.044959;789485;132916;138460;101;1731;132916;144632;100.000;135.839;147.714;531.699;570.738;34.712;172621;150718;138460;0.206;0.122;0.075;2.011;1.076;0.059;124.148;122.997;403.187;403.224;402.131;30.789;30.586;1.365;0.181;0.063;49.545;452.769;15523.863;116.880;83.547;94.625;0.000;0.037;0.000;39;121.061;400.081;4;0;0;0;0;0;0;0
167;1;1;1;-1.047197;0.000000;1.000000;20751.711887;20751.766855;20752.171293;789977;29328;138716;23;1734;29328;31996;100.000;0.219;0.238;532.682;571.788;7.679;165456;151144;138716;0.206;0.122;0.075;2.019;1.355;0.365;129.420;127.990;404.412;404.438;403.067;32.000;31.754;1.367;0.183;0.066;54.969;459.407;15616.864;125.120;91.787;94.448;0.000;0.026;0.000;18;126.046;401.022;3;0;0;0;0;0;0;0
168;1;1;1;-1.047197;0.000000;1.000000;20751.846084;20751.901105;20752.290483;791598;24816;139622;19;1746;24816;27020;100.000;0.205;0.223;536.161;575.538;6.485;164403;152065;139622;0.213;0.122;0.075;2.024;1.083;0.063;122.560;121.403;389.369;389.378;388.279;31.476;31.267;1.366;0.184;0.064;55.021;444.399;15702.720;134.250;100.916;94.852;0.000;0.009;0.000;15;119.454;386.245;3;0;0;0;0;0;0;0
169;1;1;1;-1.047197;0.000000;1.000000;20751.975804;20752.022563;20752.396512;795034;25192;139918;20;1749;25192;27512;100.000;0.201;0.219;537.298;576.743;6.603;164427;153112;139918;0.207;0.122;0.075;2.018;1.364;0.358;109.132;107.694;373.921;373.948;372.568;29.184;28.906;1.367;0.184;0.063;46.759;420.708;15775.416;121.458;88.125;94.432;0.000;0.027;0.000;13;105.751;370.522;3;0;0;0;0;0;0;0
170;1;1;1;-1.047197;0.000000;1.000000;20752.094233;20752.148463;20752.537799;794863;25756;140286;20;1754;25756;28076;100.000;0.216;0.235;538.711;578.268;6.738;162948;152059;140286;0.210;0.123;0.076;2.026;1.081;0.062;144.666;143.509;389.319;389.336;388.239;37.157;36.964;1.366;0.185;0.066;54.230;443.567;15883.370;125.900;92.566;94.315;0.000;0.018;0.000;7;141.559;386.194;4;0;0;0;0;0;0;0
171;1;1;1;-1.047197;0.000000;1.000000;20752.212544;20752.267972;20752.657133;794885;27260;141226;21;1766;27260;29696;100.000;0.258;0.281;542.320;582.149;7.127;162112;151948;141226;0.211;0.121;0.076;2.021;1.087;0.063;122.438;121.275;389.120;389.161;388.058;31.462;31.252;1.365;0.186;0.063;55.428;444.589;15969.370;119.509;86.176;93.806;0.000;0.041;0.000;20;119.330;385.994;2;0;0;0;0;0;0;0
172;1;1;1;-1.047197;0.000000;1.000000;20752.325874;20752.373846;20752.761230;788905;26696;141276;21;1766;26696;29132;100.000;0.189;0.206;542.512;582.341;6.992;160107;150706;141276;0.213;0.122;0.075;2.028;1.353;0.378;107.191;105.763;387.361;387.384;386.014;27.671;27.399;1.367;0.186;0.064;47.972;435.356;16040.134;105.874;72.540;92.477;0.000;0.023;0.000;10;103.810;383.951;4;0;0;0;0;0;0;0
173;1;1;1;0.000000;0.000000;1.000000;20752.460763;20752.515267;20752.896667;787376;27448;140380;21;1755;27448;29884;100.000;0.231;0.250;539.072;578.652;7.172;157903;149510;140380;0.211;0.123;0.076;2.024;1.111;0.063;138.806;137.619;381.373;381.400;380.271;36.394;36.190;1.366;0.185;0.063;54.504;435.904;16142.237;141.421;108.088;93.453;78.056;0.027;0.000;10;135.671;378.211;3;0;0;0;0;0;0;0
174;1;1;1;0.000000;0.000000;1.000000;20752.579471;20752.634658;20753.027251;791921;28576;138596;22;1733;28576;31128;100.000;0.276;0.299;532.221;571.305;7.471;155770;148219;138596;0.212;0.122;0.075;2.019;1.354;0.364;133.718;132.289;392.573;392.592;391.222;34.060;33.814;1.366;0.182;0.063;55.187;447.780;16239.488;119.392;86.058;92.991;0.000;0.019;0.000;15;130.344;389.182;4;0;0;0;0;0;0;0
175;1;1;1;0.000000;0.000000;1.000000;20752.690770;20752.738697;20753.139410;785044;28200;137098;22;1714;28200;30752;100.000;0.209;0.227;526.469;565.124;7.380;153599;146204;137098;0.207;0.122;0.076;2.019;1.058;0.061;115.529;114.395;400.692;400.713;399.638;28.831;28.625;1.369;0.180;0.065;47.927;448.640;16318.314;104.038;70.705;91.598;0.000;0.021;0.000;14;112.452;397.596;3;0;0;0;0;0;0;0
176;1;1;1;0.000000;0.000000;1.000000;20752.819117;20752.874107;20753.261996;785759;28012;136788;22;1710;28012;30564;100.000;0.216;0.235;525.278;563.844;7.335;152494;145407;136788;0.209;0.122;0.075;2.014;1.356;0.360;125.660;124.229;387.853;387.889;386.515;32.396;32.141;1.366;0.180;0.062;54.991;442.879;16407.567;135.410;102.077;92.253;0.000;0.035;0.000;16;122.290;384.465;3;0;0;0;0;0;0;0
177;1;1;1;0.000000;0.000000;1.000000;20752.950534;20753.004467;20753.380684;782963;28952;136884;22;1712;28952;31504;100.000;0.258;0.280;525.647;564.257;7.561;151939;145000;136884;0.207;0.122;0.074;2.015;1.065;0.059;122.058;120.919;376.193;376.218;375.136;32.443;32.233;1.368;0.180;0.063;53.932;430.150;16492.922;130.360;97.026;92.551;0.000;0.024;0.000;10;118.978;373.096;4;0;0;0;0;0;0;0
178;1;1;1;0.000000;0.000000;1.000000;20753.069219;20753.117129;20753.509459;783666;27448;138258;21;1729;27448;29884;100.000;0.226;0.245;530.923;569.917;7.172;152951;145931;138258;0.210;0.122;0.076;2.030;1.057;0.061;131.852;130.720;392.321;392.330;391.258;33.608;33.410;1.372;0.183;0.067;47.910;440.240;16588.363;112.662;79.329;91.725;0.000;0.009;0.000;17;128.766;389.217;3;0;0;0;0;0;0;0
179;1;1;1;0.000000;0.000000;1.000000;20753.183918;20753.239127;20753.638978;786714;28012;138600;22;1733;28012;30564;100.000;0.236;0.256;532.236;571.320;7.335;153000;146246;138600;0.212;0.122;0.075;2.023;1.343;0.387;132.603;131.185;399.816;399.850;398.492;33.163;32.920;1.367;0.183;0.066;55.209;455.059;16684.548;121.999;88.665;91.534;0.000;0.034;0.000;21;129.236;396.432;2;0;0;0;0;0;0;0
180;1;1;1;0.000000;0.000000;1.000000;20753.303807;20753.358344;20753.758059;787583;26884;139086;21;1739;26884;29320;100.000;0.210;0.228;534.103;573.322;7.037;153281;146453;139086;0.207;0.121;0.075;2.015;1.070;0.062;122.445;121.301;399.687;399.715;398.629;30.633;30.429;1.367;0.183;0.063;54.537;454.252;16770.297;119.217;85.884;91.180;0.000;0.028;0.000;11;119.360;396.585;4;0;0;0;0;0;0;0
181;1;1;1;0.000000;0.000000;1.000000;20753.438432;20753.487045;20753.879832;793719;135736;139098;104;1739;135736;147800;100.000;1.054;1.147;534.149;573.368;35.472;175008;151952;139098;0.211;0.122;0.076;2.039;1.234;0.362;124.850;123.541;392.762;392.786;391.532;31.786;31.553;1.370;0.184;0.077;48.614;441.400;16858.736;128.701;95.368;91.442;0.000;0.024;0.000;48;121.577;389.468;6;0;0;0;0;0;0;0
182;1;1;1;0.000000;0.000000;1.000000;20753.561875;20753.615896;20754.014087;792329;26884;139598;21;1745;26884;29320;100.000;0.226;0.245;536.069;575.424;7.037;166728;152107;139598;0.207;0.122;0.076;2.023;1.070;0.064;137.529;136.383;398.171;398.191;397.104;34.538;34.344;1.370;0.184;0.066;54.021;452.211;16959.657;128.850;95.517;91.697;0.000;0.020;0.001;15;134.435;395.059;3;0;0;0;0;0;0;0
183;1;1;1;0.000000;0.000000;1.000000;20753.679719;20753.735385;20754.135652;801464;21996;141888;17;1774;21996;23968;100.000;0.182;0.197;544.862;584.871;5.752;166489;153256;141888;0.209;0.122;0.075;2.021;1.105;0.063;124.647;123.467;400.246;400.267;399.145;31.141;30.933;1.366;0.187;0.063;55.667;455.934;17047.890;119.490;86.156;91.351;0.000;0.021;0.000;9;121.520;397.092;3;0;0;0;0;0;0;0
184;1;1;1;0.000000;0.000000;1.000000;20753.809679;20753.856855;20754.248552;796948;22748;145036;18;1813;22748;24836;100.000;0.169;0.184;556.951;597.840;5.961;166752;155220;145036;0.207;0.124;0.077;2.038;1.393;0.399;116.024;114.554;391.673;391.697;390.287;29.621;29.351;1.369;0.191;0.070;47.176;438.873;17127.456;121.470;88.136;91.150;0.000;0.024;0.000;8;112.593;388.224;5;0;0;0;0;0;0;0
185;1;1;1;0.000000;0.000000;1.000000;20753.935804;20753.991772;20754.369954;802598;26508;147102;21;1839;26508;28944;100.000;0.219;0.239;564.884;606.360;6.947;166889;156670;147102;0.206;0.125;0.076;2.036;1.129;0.065;124.830;123.625;378.163;378.182;377.036;33.008;32.789;1.370;0.194;0.066;55.968;434.150;17215.525;134.917;101.583;91.802;0.000;0.020;0.000;13;121.665;374.980;4;0;0;0;0;0;0;0
186;1;1;1;0.087266;0.000000;1.000000;20754.058149;20754.113112;20754.498050;797039;28576;149128;22;1865;28576;31128;100.000;0.255;0.277;572.664;614.726;7.471;167683;157979;149128;0.207;0.124;0.078;2.035;1.401;0.372;131.258;129.779;384.927;384.938;383.519;34.099;33.839;1.365;0.196;0.064;54.963;439.901;17310.287;121.340;88.007;91.565;110.349;0.011;0.000;15;127.822;381.473;4;0;0;0;0;0;0;0
187;1;1;1;0.087266;0.000000;1.000000;20754.178362;20754.225719;20754.612184;797511;28576;148974;22;1863;28576;31128;100.000;0.235;0.255;572.073;614.089;7.471;166667;157962;148974;0.211;0.125;0.077;2.038;1.151;0.066;117.568;116.340;386.436;386.465;385.296;30.421;30.195;1.367;0.196;0.062;47.357;433.821;17391.088;112.607;79.274;90.796;0.000;0.029;0.000;12;114.378;383.228;4;0;0;0;0;0;0;0
188;1;1;1;0.087266;0.000000;1.000000;20754.292128;20754.347606;20754.737150;794879;27072;147856;21;1849;27072;29508;100.000;0.213;0.231;567.780;609.480;7.082;164894;157223;147856;0.209;0.124;0.077;2.037;1.422;0.365;128.153;126.655;389.524;389.544;388.105;32.898;32.634;1.368;0.195;0.064;55.478;445.022;17482.721;121.887;88.553;90.656;0.000;0.019;0.000;14;124.694;386.047;4;0;0;0;0;0;0;0
189;1;1;1;0.087266;0.000000;1.000000;20754.420701;20754.475313;20754.863607;793590;27448;145718;21;1822;27448;29884;100.000;0.241;0.262;559.570;600.661;7.172;163164;155736;145718;0.207;0.123;0.077;2.029;1.132;0.075;129.913;128.705;388.260;388.294;387.145;33.457;33.245;1.367;0.191;0.064;54.612;442.906;17575.844;127.707;94.374;90.889;0.000;0.034;0.000;18;126.753;385.081;3;0;0;0;0;0;0;0
190;1;1;1;0.174533;0.000000;1.000000;20754.541736;20754.589570;20754.988208;788938;28012;143848;22;1799;28012;30564;100.000;0.225;0.245;552.389;592.962;7.335;159989;152896;143848;0.262;0.124;0.076;2.118;1.388;0.366;127.759;126.295;398.603;398.638;397.232;32.049;31.794;1.389;0.189;0.078;47.834;446.473;17667.112;114.257;80.924;90.266;16.500;0.035;0.000;21;124.253;395.078;2;0;0;0;0;0;0;0
191;1;1;1;0.174533;0.000000;1.000000;20754.659540;20754.714461;20755.122925;784846;27636;142800;21;1785;27636;30072;100.000;697.645;756.730;548.364;588.622;7.217;158248;151264;142800;0.206;0.123;0.076;2.022;1.103;0.062;138.220;137.041;408.444;408.464;407.343;33.839;33.643;1.366;0.188;0.063;54.921;463.385;17768.495;124.891;91.558;90.346;0.000;0.020;0.000;15;135.095;405.300;2;0;0;0;0;0;0;0
192;1;1;1;0.174533;0.000000;1.000000;20754.785923;20754.840982;20755.236710;788004;28012;142404;22;1781;28012;30564;100.000;0.226;0.246;546.844;587.011;7.335;157492;150970;142404;0.213;0.123;0.076;2.030;1.423;0.360;116.908;115.409;395.686;395.727;394.288;29.543;29.270;1.368;0.187;0.064;55.059;450.787;17848.947;126.521;93.188;90.524;0.000;0.041;0.000;21;113.455;392.215;2;0;0;0;0;0;0;0
193;1;1;1;0.174533;0.000000;1.000000;20754.918338;20754.965244;20755.353837;795964;27072;142560;21;1782;27072;29508;100.000;0.201;0.218;547.443;587.632;7.082;157243;150868;142560;0.207;0.123;0.076;2.028;1.102;0.062;120.570;119.392;388.557;388.593;387.474;31.027;30.813;1.370;0.188;0.065;46.906;435.499;17932.741;124.262;90.929;90.549;0.000;0.035;0.000;19;117.440;385.401;3;0;0;0;0;0;0;0
194;1;1;1;0.174533;0.000000;1.000000;20755.045299;20755.100420;20755.494093;799207;27260;143286;21;1792;27260;29696;100.000;0.241;0.262;550.231;590.646;7.127;157632;151338;143286;0.211;0.123;0.077;2.027;1.097;0.062;143.383;142.209;393.646;393.672;392.559;36.422;36.226;1.366;0.188;0.062;55.121;448.793;18039.663;135.176;101.843;91.255;0.000;0.026;0.000;10;140.259;390.505;3;0;0;0;0;0;0;0
195;1;1;1;0.261799;0.000000;1.000000;20755.157888;20755.213944;20755.615704;799402;28576;144392;22;1805;28576;31128;100.000;0.244;0.265;554.478;595.186;7.471;158617;152329;144392;0.209;0.125;0.076;2.031;1.374;0.381;124.731;123.281;401.736;401.760;400.368;31.046;30.792;1.366;0.190;0.065;56.055;457.816;18127.942;113.523;80.190;90.564;90.090;0.025;0.000;11;121.326;398.311;4;0;0;0;0;0;0;0
196;1;1;1;0.261799;0.000000;1.000000;20755.282782;20755.331354;20755.728198;800483;135548;145043;103;1814;135548;147496;100.000;140.329;152.599;556.978;597.889;35.399;179847;157023;145043;0.207;0.124;0.077;2.038;1.125;0.064;115.899;114.697;396.821;396.845;395.703;29.205;28.986;1.372;0.191;0.068;48.572;445.416;18207.102;117.410;84.077;90.158;0.000;0.023;0.000;51;112.736;393.640;4;0;0;0;0;0;0;0
197;1;1;1;0.261799;0.000000;1.000000;20755.416692;20755.471229;20755.873879;798336;26884;145944;21;1825;26884;29320;100.000;0.222;0.242;560.437;601.597;7.037;172879;158033;145944;0.211;0.123;0.077;2.034;1.399;0.367;148.836;147.360;402.627;402.650;401.229;36.964;36.727;1.368;0.192;0.064;54.537;457.187;18319.450;139.875;106.542;91.182;0.000;0.024;0.000;11;145.403;399.170;3;0;0;0;0;0;0;0
198;1;1;1;0.261799;0.000000;1.000000;20755.536907;20755.592505;20756.080563;798454;21808;146568;17;1833;21808;23780;100.000;0.194;0.210;562.834;604.174;5.707;170588;157836;146568;0.210;0.124;0.076;2.037;1.127;0.065;210.120;208.917;488.042;488.058;486.914;43.052;42.906;1.367;0.193;0.067;55.597;543.656;18492.800;121.276;87.942;90.980;0.000;0.016;0.000;7;206.956;484.860;4;0;0;0;0;0;0;0
199;1;1;1;0.349066;0.000000;1.000000;20755.658031;20755.705566;20756.196644;800770;21620;147434;17;1843;21620;23592;100.000;0.149;0.162;566.159;607.725;5.662;169556;157921;147434;0.208;0.124;0.078;2.044;1.382;0.369;119.243;117.783;491.049;491.078;489.680;24.282;24.053;1.368;0.194;0.073;47.534;538.613;18575.548;113.061;79.728;90.276;75.681;0.029;0.000;15;115.817;487.605;3;0;0;0;0;0;0;0
200;1;1;1;0.349066;0.000000;1.000000;20755.795590;20755.851166;20756.370834;802378;24252;148866;19;1861;24252;26456;100.000;0.118;0.128;571.658;613.630;6.349;170011;159651;148866;0.210;0.124;0.077;2.044;1.162;0.066;177.613;176.375;519.641;519.667;518.489;34.178;34.017;1.365;0.196;0.072;55.576;575.244;18716.404;145.601;112.268;91.651;0.000;0.026;0.000;11;174.408;516.418;3;0;0;0;0;0;0;0
201;1;1;1;0.349066;0.000000;1.000000;20756.002454;20756.058004;20756.552777;805285;27260;150350;21;1880;27260;29696;100.000;0.236;0.256;577.356;619.757;7.127;169966;160111;150350;0.211;0.124;0.077;2.039;1.467;0.368;185.147;183.603;494.752;494.773;493.290;37.420;37.220;1.365;0.198;0.065;55.550;550.324;18865.015;206.838;173.504;96.767;0.000;0.021;0.000;13;181.641;491.229;3;0;0;0;0;0;0;0
202;1;1;1;0.436332;0.000000;1.000000;20756.125935;20756.173879;20756.677959;803318;27636;152012;21;1901;27636;30072;100.000;628.981;682.251;583.739;626.613;7.217;170774;161651;152012;0.213;0.125;0.079;2.047;1.172;0.068;128.685;127.434;504.056;504.080;502.891;25.529;25.340;1.366;0.200;0.066;47.944;552.024;18956.863;115.875;82.542;95.878;46.188;0.024;0.000;13;125.465;500.818;3;0;0;0;0;0;0;0
203;1;1;1;0.436332;0.000000;1.000000;20756.294196;20756.348228;20756.805859;802036;28952;152816;22;1911;28952;31504;100.000;845.487;917.226;586.826;629.926;7.561;170930;162509;152816;0.210;0.127;0.078;2.047;1.197;0.076;131.103;129.828;457.591;457.631;456.413;28.648;28.445;1.367;0.201;0.064;54.031;511.662;19051.429;174.348;141.015;98.699;0.000;0.040;0.000;22;127.859;454.315;1;0;0;0;0;0;0;0
204;1;1;1;0.436332;0.000000;1.000000;20756.474832;20756.529765;20756.923799;810228;28200;152942;22;1912;28200;30752;100.000;0.225;0.245;587.310;630.432;7.380;170071;162359;152942;0.209;0.126;0.078;2.047;1.460;0.423;121.188;119.650;393.993;394.034;392.558;30.756;30.479;1.370;0.199;0.065;54.933;448.967;19136.037;181.538;148.204;101.793;0.000;0.041;0.000;21;117.680;390.469;2;0;0;0;0;0;0;0
205;1;1;1;0.436332;0.000000;1.000000;20756.607566;20756.655399;20757.045687;808185;26696;152382;21;1905;26696;29132;100.000;0.210;0.228;585.159;628.124;6.992;169073;161631;152382;0.212;0.126;0.077;2.046;1.172;0.068;125.392;124.143;390.270;390.288;389.100;32.128;31.905;1.368;0.200;0.064;47.832;438.121;19224.591;125.634;92.300;101.200;0.000;0.018;0.000;12;122.174;387.035;4;0;0;0;0;0;0;0
206;1;1;1;0.436332;0.000000;1.000000;20756.727633;20756.783242;20757.188071;815223;27448;150790;21;1885;27448;29884;100.000;0.234;0.254;579.046;621.559;7.172;166279;159004;150790;0.207;0.126;0.078;2.040;1.437;0.392;145.599;144.084;404.805;404.829;403.375;35.966;35.720;1.365;0.198;0.066;55.609;460.438;19333.642;127.843;94.510;100.781;0.000;0.024;0.000;13;142.122;401.310;3;0;0;0;0;0;0;0
207;1;1;1;0.523599;0.000000;1.000000;20756.845394;20756.900802;20757.308065;799426;27448;149044;21;1864;27448;29884;100.000;0.225;0.244;572.341;614.381;7.172;164086;157370;149044;0.207;0.125;0.077;2.042;1.151;0.067;123.469;122.242;407.222;407.263;406.096;30.317;30.102;1.369;0.196;0.068;55.408;462.671;19420.303;117.560;84.227;99.747;81.604;0.042;0.000;20;120.277;404.011;2;0;0;0;0;0;0;0
208;1;1;1;0.523599;0.000000;1.000000;20756.976164;20757.023251;20757.420517;790320;27072;147638;21;1846;27072;29508;100.000;0.191;0.208;566.942;608.576;7.082;161919;155284;147638;0.207;0.126;0.078;2.042;1.442;0.386;115.641;114.121;397.254;397.266;395.807;29.109;28.833;1.368;0.200;0.064;47.087;444.353;19499.421;122.449;89.116;99.082;0.000;0.012;0.000;14;112.157;393.751;3;0;0;0;0;0;0;0
209;1;1;1;0.523599;0.000000;1.000000;20757.111146;20757.165185;20757.543869;795945;26884;145656;21;1821;26884;29320;100.000;0.224;0.243;559.332;600.401;7.037;159570;153060;145656;0.207;0.124;0.076;2.028;1.128;0.064;126.835;125.631;378.653;378.684;377.540;33.494;33.276;1.368;0.192;0.063;54.038;432.723;19589.440;141.934;108.600;99.677;0.000;0.031;0.000;13;123.679;375.479;3;0;0;0;0;0;0;0
210;1;1;1;0.523599;0.000000;1.000000;20757.229947;20757.285645;20757.678422;792891;27636;144144;21;1802;27636;30072;100.000;0.248;0.269;553.525;594.166;7.217;157683;151394;144144;0.208;0.124;0.076;2.026;1.380;0.355;137.707;136.251;392.751;392.778;391.382;35.060;34.813;1.365;0.188;0.064;55.698;448.475;19690.660;120.460;87.126;98.893;0.000;0.027;0.000;9;134.302;389.328;5;0;0;0;0;0;0;0
211;1;1;1;0.523599;0.000000;1.000000;20757.348710;20757.397626;20757.796475;797320;136300;143206;104;1791;136300;148364;100.000;1.105;1.202;549.924;590.316;35.607;179073;155570;143206;0.207;0.123;0.077;2.028;1.100;0.064;121.455;120.278;398.809;398.849;397.732;30.451;30.241;1.366;0.188;0.066;48.916;447.765;19775.379;111.981;78.648;97.627;0.000;0.040;0.000;36;118.327;395.663;7;0;0;0;0;0;0;0
212;1;1;1;0.523599;0.000000;1.000000;20757.465710;20757.521075;20757.929517;805214;26884;142122;21;1777;26884;29320;100.000;0.201;0.218;545.761;585.838;7.037;167676;153819;142122;0.209;0.122;0.076;2.024;1.365;0.359;136.167;134.726;408.423;408.441;407.060;33.338;33.097;1.367;0.187;0.064;55.365;463.806;19875.087;123.449;90.116;97.158;0.000;0.019;0.000;11;132.778;405.016;3;0;0;0;0;0;0;0
213;1;1;1;0.523599;0.000000;1.000000;20757.599830;20757.655428;20758.052594;797126;20868;141596;16;1770;20868;22724;100.000;0.177;0.192;543.741;583.660;5.454;165627;153827;141596;0.211;0.123;0.076;2.024;0.958;0.059;126.449;125.416;397.148;397.166;396.190;31.838;31.656;1.366;0.186;0.063;55.598;452.764;19964.831;134.353;101.019;97.399;0.000;0.018;0.000;8;123.467;394.133;3;0;0;0;0;0;0;0
214;1;1;1;0.436332;0.000000;1.000000;20757.726696;20757.773988;20758.178902;803136;17672;141814;14;1773;17672;19296;100.000;0.134;0.145;544.578;584.565;4.631;164570;153212;141814;0.212;0.123;0.077;2.056;0.992;0.058;129.288;128.220;404.910;404.915;403.904;31.930;31.745;1.373;0.187;0.084;47.291;452.206;20057.806;118.560;85.226;96.639;49.883;0.005;0.000;10;126.240;401.842;3;0;0;0;0;0;0;0
215;1;1;1;0.436332;0.000000;1.000000;20757.851410;20757.906916;20758.308714;809297;24440;143036;19;1788;24440;26644;100.000;0.199;0.216;549.271;589.596;6.395;164106;153392;143036;0.207;0.122;0.077;2.026;1.377;0.382;132.859;131.405;401.780;401.798;400.405;33.066;32.818;1.367;0.189;0.065;55.505;457.304;20154.285;132.928;99.595;96.823;0.000;0.019;0.000;12;129.456;398.359;4;0;0;0;0;0;0;0
216;1;1;1;0.523599;0.000000;1.000000;20757.974901;20758.030232;20758.425987;808156;27260;144130;21;1802;27260;29696;100.000;0.218;0.236;553.472;594.112;7.127;164521;154724;144130;0.212;0.123;0.077;2.045;1.139;0.065;120.672;119.456;395.725;395.755;394.597;30.492;30.273;1.382;0.189;0.063;55.331;451.086;20238.224;123.317;89.983;96.396;37.725;0.030;0.000;20;117.488;392.521;2;0;0;0;0;0;0;0
217;1;1;1;0.523599;0.000000;1.000000;20758.108120;20758.155917;20758.549628;810355;28764;146106;22;1827;28764;31316;100.000;0.222;0.241;561.060;602.264;7.516;164631;155718;146106;0.210;0.125;0.077;2.035;1.417;0.369;126.825;125.332;393.695;393.711;392.278;32.213;31.950;1.367;0.192;0.065;47.797;441.509;20328.532;125.685;92.352;96.143;0.000;0.016;0.000;13;123.374;390.226;4;0;0;0;0;0;0;0
218;1;1;1;0.523599;0.000000;1.000000;20758.230213;20758.285973;20758.685143;810211;28952;148782;22;1860;28952;31504;100.000;751.747;815.532;571.335;613.284;7.561;166545;158797;148782;0.209;0.124;0.077;2.038;1.155;0.066;138.963;137.730;399.149;399.169;397.998;34.813;34.606;1.369;0.196;0.063;55.760;454.930;20430.713;130.056;96.723;96.179;0.000;0.020;0.001;14;135.769;395.937;2;0;0;0;0;0;0;0
219;1;1;1;0.523599;0.000000;1.000000;20758.348027;20758.403481;20758.810746;808645;28952;150220;22;1878;28952;31504;100.000;0.236;0.256;576.857;619.212;7.561;167311;159855;150220;0.208;0.125;0.078;2.040;1.426;0.370;128.795;127.291;407.238;407.265;405.823;31.624;31.366;1.370;0.196;0.064;55.454;462.719;20522.983;117.508;84.174;95.429;0.000;0.026;0.000;15;125.329;403.756;3;0;0;0;0;0;0;0
220;1;1;1;0.523599;0.000000;1.000000;20758.479634;20758.526775;20758.928286;810783;27448;150188;21;1878;27448;29884;100.000;0.203;0.220;576.734;619.090;7.172;167041;159612;150188;0.206;0.125;0.078;2.038;1.162;0.067;121.002;119.763;401.486;401.511;400.332;30.137;29.916;1.367;0.197;0.065;47.141;448.652;20607.190;123.294;89.961;95.087;0.000;0.024;0.000;10;117.803;398.269;4;0;0;0;0;0;0;0
221;1;1;1;0.523599;0.000000;1.000000;20758.607182;20758.662629;20759.056086;807088;27448;149054;21;1864;27448;29884;100.000;0.220;0.238;572.380;614.419;7.172;165114;157816;149054;0.209;0.125;0.077;2.036;1.418;0.365;130.998;129.504;393.417;393.456;392.023;33.294;33.035;1.367;0.195;0.063;55.448;448.904;20701.656;135.854;102.521;95.552;0.000;0.040;0.000;20;127.544;389.946;2;0;0;0;0;0;0;0
222;1;1;1;0.523599;0.000000;1.000000;20758.732380;20758.787978;20759.179652;809369;28012;147392;22;1843;28012;30564;100.000;0.239;0.260;565.998;607.563;7.335;162913;155909;147392;0.210;0.125;0.078;2.035;1.142;0.065;127.016;125.796;391.654;391.674;390.515;32.429;32.213;1.365;0.194;0.063;55.598;447.272;20791.889;125.349;92.016;95.331;0.000;0.020;0.000;13;123.839;388.459;5;0;0;0;0;0;0;0
223;1;1;1;0.523599;0.000000;1.000000;20758.857317;20758.905651;20759.297039;795354;27260;146064;21;1826;27260;29696;100.000;0.214;0.232;560.898;602.080;7.127;161116;154336;146064;0.209;0.123;0.076;2.036;1.129;0.065;120.561;119.356;391.361;391.388;390.242;30.803;30.585;1.371;0.192;0.065;48.334;439.722;20875.943;117.673;84.340;94.644;0.000;0.027;0.000;11;117.396;388.177;4;0;0;0;0;0;0;0
224;1;1;1;0.523599;0.000000;1.000000;20758.978982;20759.033499;20759.424408;795455;27072;144466;21;1806;27072;29508;100.000;0.220;0.239;554.762;595.493;7.082;158429;152092;144466;0.209;0.124;0.076;2.032;1.404;0.404;130.521;129.042;390.890;390.908;389.488;33.389;33.131;1.365;0.190;0.068;54.517;445.425;20969.978;127.848;94.515;94.636;0.000;0.019;0.000;14;127.086;387.426;4;0;0;0;0;0;0;0
225;1;1;1;0.000000;0.000000;1.000000;20759.101829;20759.156951;20759.538903;795720;27636;143728;21;1797;27636;30072;100.000;0.236;0.256;551.928;592.456;7.217;157365;150863;143728;0.212;0.123;0.076;2.033;1.095;0.064;117.928;116.757;381.923;381.952;380.840;30.875;30.658;1.367;0.189;0.066;55.122;437.074;21051.140;123.452;90.118;94.353;49.643;0.029;0.000;20;114.800;378.777;2;0;0;0;0;0;0;0
226;1;1;1;0.000000;0.000000;1.000000;20759.225040;20759.274570;20759.664128;798723;137992;142930;105;1787;137992;150172;100.000;1.089;1.185;548.864;589.166;36.041;180302;156126;142930;0.207;0.122;0.076;2.019;1.382;0.384;128.352;126.894;389.536;389.558;388.160;32.948;32.691;1.365;0.187;0.063;49.530;439.088;21143.032;117.620;84.286;93.724;0.000;0.022;0.000;50;124.950;386.117;5;0;0;0;0;0;0;0
227;1;1;1;0.000000;0.000000;1.000000;20759.345669;20759.401354;20759.791812;807441;25192;142948;20;1787;25192;27512;100.000;0.221;0.240;548.933;589.235;6.603;170496;155469;142948;0.207;0.121;0.076;2.021;1.100;0.063;131.084;129.907;390.438;390.458;389.342;33.572;33.366;1.366;0.188;0.063;55.685;446.143;21237.383;126.784;93.451;93.707;0.000;0.020;0.000;12;127.962;387.299;3;0;0;0;0;0;0;0
228;1;1;1;0.000000;0.000000;1.000000;20759.460230;20759.515997;20759.918410;803316;22372;143504;17;1794;22372;24344;100.000;0.179;0.194;551.068;591.528;5.843;169797;157251;143504;0.213;0.126;0.077;2.035;1.396;0.371;129.716;128.244;402.377;402.413;401.000;32.235;31.981;1.367;0.189;0.064;55.768;458.181;21330.648;114.643;81.310;92.932;0.000;0.036;0.000;16;126.285;398.928;2;0;0;0;0;0;0;0
229;1;1;1;0.000000;0.000000;1.000000;20759.593813;20759.641361;20760.048942;809074;23312;144280;18;1804;23312;25400;100.000;0.183;0.199;554.048;594.733;6.096;168788;157757;144280;0.206;0.124;0.077;2.026;1.102;0.062;133.961;132.782;407.562;407.581;406.463;32.867;32.668;1.366;0.190;0.064;47.548;455.129;21427.846;125.364;92.031;92.876;0.000;0.019;0.000;7;130.833;404.417;4;0;0;0;0;0;0;0
230;1;1;1;0.000000;0.000000;1.000000;20759.714278;20759.769270;20760.187904;808265;24628;145334;19;1817;24628;26832;100.000;0.196;0.212;558.095;599.074;6.440;168278;157442;145334;0.207;0.123;0.077;2.027;1.397;0.363;142.087;140.613;418.604;418.634;417.221;33.941;33.702;1.367;0.191;0.062;54.992;473.626;21533.474;127.908;94.575;92.982;0.000;0.030;0.000;17;138.663;415.163;3;0;0;0;0;0;0;0
231;1;1;1;0.000000;0.000000;1.000000;20759.840895;20759.895621;20760.313682;818848;27824;147128;22;1840;27824;30376;100.000;0.214;0.233;564.984;606.482;7.290;170190;160259;147128;0.209;0.124;0.077;2.039;1.129;0.066;129.199;127.994;418.023;418.061;416.916;30.904;30.700;1.371;0.193;0.066;54.726;472.787;21625.919;126.351;93.018;92.984;0.000;0.038;0.000;20;126.031;414.838;2;0;0;0;0;0;0;0
232;1;1;1;0.000000;0.000000;1.000000;20759.978188;20760.026273;20760.429192;820617;28012;148796;22;1860;28012;30564;100.000;0.202;0.220;571.389;613.338;7.335;169937;160474;148796;0.209;0.123;0.078;2.038;1.193;0.070;118.675;117.404;402.897;402.919;401.709;29.454;29.226;1.368;0.195;0.064;48.085;451.004;21708.096;130.652;97.318;93.255;0.000;0.022;0.000;13;115.444;399.648;4;0;0;0;0;0;0;0
233;1;1;1;0.000000;0.000000;1.000000;20760.109729;20760.165196;20760.561827;814146;28012;150842;22;1886;28012;30564;100.000;0.225;0.245;579.246;621.781;7.335;170260;161691;150842;0.207;0.127;0.078;2.042;1.447;0.411;135.863;134.338;396.611;396.631;395.167;34.254;33.995;1.369;0.198;0.064;55.467;452.098;21807.398;138.923;105.590;94.026;0.000;0.020;0.000;14;132.373;393.103;3;0;0;0;0;0;0;0
234;1;1;1;0.000000;0.000000;1.000000;20760.234490;20760.289878;20760.700121;814852;28200;152630;22;1908;28200;30752;100.000;0.242;0.263;586.112;629.144;7.380;170978;163030;152630;0.209;0.126;0.078;2.042;1.207;0.070;141.766;140.481;410.216;410.244;409.017;34.557;34.346;1.365;0.200;0.064;55.388;465.632;21912.359;124.682;91.349;93.859;0.000;0.028;0.000;11;138.516;406.932;4;0;0;0;0;0;0;0
235;1;1;1;0.000000;0.000000;1.000000;20760.358977;20760.406661;20760.814893;815725;26884;153174;21;1915;26884;29320;100.000;0.204;0.222;588.201;631.391;7.037;171100;163593;153174;0.209;0.127;0.078;2.047;1.450;0.383;118.022;116.494;408.212;408.231;406.765;28.911;28.639;1.366;0.201;0.065;47.684;455.915;21993.797;116.784;83.450;93.208;0.000;0.020;0.000;10;114.525;404.697;4;0;0;0;0;0;0;0
236;1;1;1;0.000000;0.000000;1.000000;20760.483519;20760.539076;20760.945402;816078;26884;152808;21;1911;26884;29320;100.000;0.195;0.212;586.795;629.895;7.037;169941;162366;152808;0.209;0.125;0.079;2.045;1.187;0.067;134.003;132.737;406.294;406.325;405.122;32.979;32.765;1.369;0.201;0.063;55.558;461.883;22090.972;132.415;99.082;93.575;0.000;0.032;0.001;20;130.772;403.044;2;0;0;0;0;0;0;0
237;1;1;1;0.000000;0.000000;1.000000;20760.622304;20760.677395;20761.078258;810868;27636;151650;21;1896;27636;30072;100.000;0.242;0.262;582.348;625.110;7.217;168248;160686;151650;0.210;0.125;0.079;2.048;1.460;0.378;136.084;134.546;400.836;400.863;399.386;33.948;33.688;1.369;0.199;0.067;55.091;455.954;22190.495;138.319;104.985;94.288;0.000;0.026;0.000;10;132.577;397.310;3;0;0;0;0;0;0;0
238;1;1;1;0.000000;0.000000;1.000000;20760.744394;20760.792061;20761.199579;801907;27448;149972;21;1875;27448;29884;100.000;0.210;0.228;575.905;618.192;7.172;165976;158385;149972;0.211;0.123;0.077;2.046;1.185;0.075;124.828;123.566;407.495;407.518;406.316;30.631;30.411;1.371;0.197;0.068;47.668;455.186;22278.483;114.666;81.333;93.479;0.000;0.023;0.000;12;121.596;404.246;3;0;0;0;0;0;0;0
239;1;1;1;0.000000;0.000000;1.000000;20760.868538;20760.922966;20761.325138;799196;27636;148264;21;1854;27636;30072;100.000;760.137;824.515;569.346;611.160;7.217;163312;155879;148264;0.211;0.125;0.077;2.036;1.424;0.371;128.789;127.287;402.150;402.172;400.732;32.023;31.764;1.366;0.195;0.064;54.428;456.601;22370.709;130.905;97.572;93.735;0.000;0.022;0.000;13;125.328;398.673;2;0;0;0;0;0;0;0
240;1;1;1;0.000000;0.000000;1.000000;20760.999969;20761.055334;20761.445084;799621;28388;146996;22;1838;28388;30940;100.000;0.234;0.254;564.477;605.930;7.426;161820;154716;146996;0.211;0.124;0.077;2.036;1.147;0.065;123.403;122.179;389.728;389.750;388.587;31.662;31.442;1.366;0.194;0.064;55.365;445.115;22457.321;132.368;99.034;94.066;0.000;0.023;0.000;11;120.220;386.527;3;0;0;0;0;0;0;0
241;1;1;1;0.000000;0.000000;1.000000;20761.128168;20761.177013;20761.556518;808174;139496;146062;106;1826;139496;151792;100.000;145.122;157.814;560.891;602.073;36.430;182380;158734;146062;0.208;0.124;0.077;2.031;1.391;0.359;114.616;113.148;379.487;379.505;378.099;30.201;29.926;1.367;0.192;0.063;48.846;428.351;22535.422;121.680;88.346;93.708;0.000;0.018;0.000;51;111.194;376.048;4;0;0;0;0;0;0;0
242;1;1;1;0.000000;0.000000;1.000000;20761.246487;20761.301919;20761.694361;810609;27824;145468;22;1819;27824;30376;100.000;0.232;0.253;558.610;599.634;7.290;172794;157709;145468;0.211;0.123;0.077;2.032;1.141;0.064;141.261;140.043;392.418;392.442;391.284;35.995;35.791;1.366;0.191;0.064;55.432;447.874;22639.932;124.906;91.573;93.575;0.000;0.024;0.000;10;138.089;389.228;4;0;0;0;0;0;0;0
243;1;1;1;0.000000;0.000000;1.000000;20761.365957;20761.422172;20761.817743;809086;19740;145086;15;1814;19740;21480;100.000;0.178;0.193;557.143;598.054;5.155;170527;157379;145086;0.207;0.123;0.077;2.029;1.426;0.363;126.552;125.049;395.547;395.571;394.128;31.992;31.728;1.367;0.191;0.064;56.215;451.785;22729.980;120.253;86.920;93.159;0.000;0.024;0.000;11;123.096;392.073;4;0;0;0;0;0;0;0
244;1;1;1;0.000000;0.000000;1.000000;20761.485754;20761.533787;20761.938333;804105;21996;145538;17;1820;21996;23968;100.000;0.160;0.174;558.878;599.925;5.752;169610;157509;145538;0.210;0.124;0.077;2.032;1.148;0.065;124.035;122.810;404.518;404.546;403.382;30.660;30.445;1.366;0.191;0.064;48.033;452.579;22817.237;111.615;78.281;92.229;0.000;0.028;0.000;16;120.855;401.312;2;0;0;0;0;0;0;0
245;1;1;1;0.000000;0.000000;1.000000;20761.616056;20761.671714;20762.125178;810243;24440;146056;19;1826;24440;26644;100.000;0.199;0.216;560.868;602.050;6.395;168731;157465;146056;0.211;0.123;0.076;2.033;1.132;0.065;190.022;188.814;453.439;453.463;452.315;41.905;41.744;1.368;0.192;0.064;55.658;509.121;22970.748;137.928;104.594;93.002;0.000;0.024;0.000;10;186.857;450.257;3;0;0;0;0;0;0;0
246;1;1;1;0.000000;0.000000;1.000000;20761.739141;20761.795004;20762.255852;808451;27448;146718;21;1834;27448;29884;100.000;0.228;0.248;563.410;604.772;7.172;168793;158062;146718;0.210;0.124;0.078;2.046;1.424;0.391;133.836;132.334;460.827;460.848;459.406;29.041;28.805;1.366;0.193;0.075;55.863;516.711;23068.089;123.290;89.956;92.812;0.000;0.021;0.000;10;130.365;457.337;4;0;0;0;0;0;0;0
247;1;1;1;0.000000;0.000000;1.000000;20761.867081;20761.915687;20762.380564;818595;29328;147758;23;1847;29328;31996;100.000;0.157;0.171;567.403;609.059;7.679;168816;159649;147758;0.206;0.124;0.077;2.049;1.011;0.067;128.174;127.086;464.856;464.877;463.842;27.572;27.399;1.369;0.195;0.078;48.607;513.483;23159.468;120.683;87.350;92.470;0.000;0.021;0.000;12;125.113;461.771;5;0;0;0;0;0;0;0
248;1;1;1;0.000000;0.000000;1.000000;20762.048140;20762.102728;20762.509433;813416;29140;149576;23;1870;29140;31808;100.000;0.224;0.244;574.384;616.559;7.634;169563;161459;149576;0.208;0.125;0.078;2.046;1.432;0.378;131.934;130.424;406.670;406.705;405.256;32.440;32.183;1.374;0.197;0.065;54.588;461.292;23255.004;187.041;153.708;96.298;0.000;0.034;0.000;22;128.455;403.174;2;0;0;0;0;0;0;0
249;1;1;1;0.000000;0.000000;1.000000;20762.176955;20762.233032;20762.640588;816251;29704;151824;23;1898;29704;32372;100.000;0.239;0.260;583.017;625.823;7.769;171016;162569;151824;0.210;0.126;0.079;2.043;1.181;0.079;134.632;133.372;407.536;407.556;406.358;33.034;32.821;1.367;0.198;0.065;56.077;463.633;23352.826;130.304;96.971;96.340;0.000;0.020;0.000;15;131.407;404.293;3;0;0;0;0;0;0;0
250;1;1;1;0.000000;0.000000;1.000000;20762.309793;20762.357718;20762.770373;820584;28576;153370;22;1918;28576;31128;100.000;0.223;0.243;588.953;632.211;7.471;171901;164313;153370;0.206;0.126;0.080;2.042;1.453;0.371;133.006;131.473;412.644;412.655;411.184;32.232;31.974;1.366;0.201;0.063;47.926;460.581;23449.277;124.686;91.353;96.028;0.000;0.011;0.000;17;129.511;409.129;3;0;0;0;0;0;0;0
251;1;1;1;0.000000;0.000000;1.000000;20762.430274;20762.486013;20762.903097;817535;27072;153478;21;1919;27072;29508;100.000;0.206;0.224;589.368;632.648;7.082;171228;163430;153478;0.211;0.124;0.079;2.046;1.192;0.078;136.213;134.942;417.051;417.084;415.871;32.658;32.448;1.368;0.202;0.062;55.739;472.823;23548.668;128.295;94.961;95.961;0.000;0.033;0.000;18;132.975;413.790;4;0;0;0;0;0;0;0
252;1;1;1;0.000000;0.000000;1.000000;20762.563291;20762.617990;20763.025948;812707;28764;152446;22;1906;28764;31316;100.000;0.223;0.242;585.405;628.392;7.516;169364;162081;152446;0.209;0.128;0.078;2.044;1.437;0.362;126.092;124.577;407.944;407.958;406.504;30.908;30.646;1.365;0.201;0.064;54.699;462.657;23638.185;131.977;98.644;96.129;0.000;0.014;0.000;14;122.610;404.444;4;0;0;0;0;0;0;0
253;1;1;1;0.000000;0.000000;1.000000;20762.699394;20762.747634;20763.151078;811017;29140;150768;23;1885;29140;31808;100.000;0.220;0.239;578.962;621.475;7.634;166821;159511;150768;0.207;0.125;0.078;2.041;1.169;0.068;128.610;127.363;403.430;403.444;402.259;31.878;31.662;1.368;0.198;0.065;48.240;451.684;23729.982;129.644;96.311;96.140;0.000;0.014;0.000;18;125.400;400.202;3;0;0;0;0;0;0;0
254;1;1;1;0.000000;0.000000;1.000000;20762.825684;20762.880597;20763.290759;812416;28200;148606;22;1858;28200;30752;100.000;0.231;0.251;570.660;612.564;7.380;163996;157520;148606;0.210;0.125;0.077;2.037;1.440;0.360;142.878;141.361;410.141;410.161;408.705;34.835;34.588;1.366;0.195;0.065;54.913;465.075;23836.330;132.963;99.630;96.358;0.000;0.021;0.000;10;139.400;406.635;5;0;0;0;0;0;0;0
255;1;1;1;0.000000;0.000000;1.000000;20762.946849;20763.003048;20763.417019;815874;27824;147150;22;1840;27824;30376;100.000;0.222;0.242;565.068;606.566;7.290;162150;155350;147150;0.210;0.124;0.077;2.037;1.137;0.065;129.736;128.522;413.947;413.972;412.819;31.339;31.133;1.368;0.193;0.065;56.198;470.170;23929.257;122.450;89.117;95.906;0.000;0.025;0.000;12;126.562;410.756;3;0;0;0;0;0;0;0
256;1;1;1;0.000000;0.000000;1.000000;20763.079545;20763.128581;20763.534958;811813;137804;146080;105;1826;137804;149984;100.000;0.993;1.080;560.960;602.142;35.996;184042;159743;146080;0.210;0.123;0.077;2.050;1.180;0.067;121.109;119.853;406.323;406.377;405.180;29.802;29.580;1.378;0.192;0.069;49.036;455.413;24013.862;125.534;92.200;95.674;0.000;0.053;0.000;32;117.880;403.076;9;0;0;0;0;0;0;0
257;1;1;1;0.000000;0.000000;1.000000;20763.212327;20763.267452;20763.673279;809323;28200;145366;22;1818;28200;30752;100.000;0.224;0.244;558.218;599.220;7.380;173122;158609;145366;0.210;0.124;0.077;2.055;1.437;0.399;141.548;140.034;405.803;405.827;404.374;34.879;34.630;1.380;0.192;0.073;55.125;460.952;24118.850;138.871;105.537;96.291;0.000;0.024;0.000;13;138.056;402.293;4;0;0;0;0;0;0;0
258;1;1;1;0.000000;0.000000;1.000000;20763.338028;20763.393726;20763.801396;806066;20492;145058;16;1814;20492;22348;100.000;0.173;0.188;557.035;597.947;5.364;169481;156666;145058;0.207;0.123;0.076;2.028;1.287;0.076;131.607;130.244;407.638;407.670;406.367;32.283;32.051;1.366;0.191;0.065;55.698;463.368;24213.633;126.274;92.941;96.081;0.000;0.032;0.000;15;128.292;404.306;2;0;0;0;0;0;0;0
259;1;1;1;0.000000;0.000000;1.000000;20763.464460;20763.512405;20763.916378;803994;21620;144584;17;1808;21620;23592;100.000;0.157;0.171;555.215;595.991;5.662;167559;156405;144584;0.211;0.122;0.077;2.031;1.399;0.375;118.293;116.817;403.951;403.973;402.556;29.282;29.019;1.369;0.191;0.061;47.945;451.918;24295.282;118.679;85.345;95.410;0.000;0.022;0.000;16;114.863;400.503;2;0;0;0;0;0;0;0
260;1;1;1;0.000000;0.000000;1.000000;20763.595445;20763.650333;20764.041766;804675;24064;144650;19;1809;24064;26268;100.000;0.188;0.205;555.468;596.267;6.304;166275;156086;144650;0.210;0.123;0.076;2.026;1.141;0.065;128.817;127.600;391.397;391.433;390.276;32.909;32.695;1.366;0.190;0.062;54.888;446.321;24387.337;137.928;104.595;95.984;0.000;0.036;0.000;18;125.649;388.213;2;0;0;0;0;0;0;0
261;1;1;1;0.000000;0.000000;1.000000;20763.722794;20763.778749;20764.168711;803023;25756;143952;20;1800;25756;28076;100.000;0.226;0.245;552.788;593.384;6.738;165006;155714;143952;0.211;0.123;0.077;2.031;1.373;0.363;130.109;128.660;389.941;389.962;388.572;33.365;33.111;1.367;0.190;0.064;55.955;445.917;24480.949;128.416;95.083;95.928;0.000;0.021;0.000;12;126.706;386.519;3;0;0;0;0;0;0;0
262;1;1;1;0.000000;0.000000;1.000000;20763.845423;20763.893308;20764.288760;804900;27448;144058;21;1801;27448;29884;100.000;0.219;0.237;553.195;593.813;7.172;165205;156655;144058;0.207;0.124;0.076;2.028;1.110;0.064;123.449;122.264;395.441;395.452;394.325;31.217;31.006;1.367;0.190;0.064;47.885;443.337;24567.664;114.559;81.225;95.009;0.000;0.011;0.000;9;120.311;392.284;6;0;0;0;0;0;0;0
263;1;1;1;0.000000;0.000000;1.000000;20763.964587;20764.019207;20764.423216;801032;28952;144662;22;1809;28952;31504;100.000;826.935;897.099;555.515;596.313;7.561;164830;156706;144662;0.207;0.123;0.077;2.032;1.393;0.356;137.593;136.123;403.996;404.010;402.600;34.057;33.811;1.367;0.190;0.069;54.619;458.629;24668.787;125.898;92.565;94.856;0.000;0.014;0.000;14;134.168;400.554;3;0;0;0;0;0;0;0
264;1;1;1;0.000000;0.000000;1.000000;20764.089767;20764.145734;20764.549136;793638;29892;145976;23;1825;29892;32560;100.000;0.249;0.270;560.560;601.720;7.814;164469;156618;145976;0.208;0.125;0.076;2.038;1.015;0.062;129.338;128.248;403.382;403.402;402.367;32.062;31.873;1.368;0.192;0.069;55.967;459.369;24761.374;126.528;93.194;94.752;0.000;0.020;0.000;13;126.285;400.307;4;0;0;0;0;0;0;0
265;1;1;1;0.000000;0.000000;1.000000;20764.218785;20764.266184;20764.661694;801156;29328;148478;23;1856;29328;31996;100.000;0.219;0.239;570.168;612.027;7.679;165821;158510;148478;0.212;0.125;0.077;2.057;1.170;0.066;115.601;114.354;395.477;395.510;394.324;29.228;29.000;1.383;0.195;0.065;47.399;442.909;24840.598;120.450;87.117;94.275;0.000;0.033;0.000;17;112.374;392.221;3;0;0;0;0;0;0;0
266;1;1;1;0.000000;0.000000;1.000000;20764.345457;20764.400264;20764.809362;804749;28764;149922;22;1875;28764;31316;100.000;0.230;0.250;575.713;618.000;7.516;166755;159562;149922;0.206;0.125;0.078;2.038;1.438;0.398;150.892;149.376;409.051;409.099;407.643;36.884;36.644;1.368;0.195;0.067;54.807;463.905;24954.933;134.080;100.747;94.680;0.000;0.048;0.000;21;147.416;405.556;2;0;0;0;0;0;0;0
267;1;1;1;0.000000;0.000000;1.000000;20764.470408;20764.525789;20764.934983;805449;28200;150436;22;1881;28200;30752;100.000;0.250;0.272;577.687;620.110;7.380;166925;159729;150436;0.210;0.125;0.078;2.044;1.178;0.079;129.095;127.840;409.173;409.194;407.999;31.549;31.333;1.368;0.198;0.066;55.382;464.575;25047.220;125.525;92.192;94.524;0.000;0.021;0.000;11;125.874;405.933;3;0;0;0;0;0;0;0
268;1;1;1;0.000000;0.000000;1.000000;20764.591394;20764.639072;20765.048091;805329;27260;149636;21;1871;27260;29696;100.000;0.186;0.202;574.615;616.812;7.127;165657;158720;149636;0.211;0.124;0.078;2.043;1.459;0.387;116.327;114.790;408.887;409.019;407.542;28.440;28.166;1.369;0.197;0.064;47.678;456.697;25126.995;113.283;79.950;93.613;0.000;0.132;0.000;21;112.824;405.366;2;0;0;0;0;0;0;0
269;1;1;1;0.000000;0.000000;1.000000;20764.731554;20764.786103;20765.191643;805419;27260;148420;21;1856;27260;29696;100.000;0.217;0.235;569.945;611.804;7.127;163854;157014;148420;0.209;0.125;0.077;2.035;1.155;0.065;147.053;145.822;405.507;405.540;404.369;36.261;36.061;1.366;0.194;0.063;54.549;460.089;25237.213;147.030;113.697;94.869;0.000;0.033;0.000;14;143.864;402.301;4;0;0;0;0;0;0;0
270;1;1;1;0.000000;0.000000;1.000000;20764.856005;20764.912340;20765.323453;804474;28012;146600;22;1833;28012;30564;100.000;0.250;0.271;562.956;604.296;7.335;161609;154931;146600;0.207;0.125;0.077;2.031;1.406;0.365;134.997;133.515;411.093;411.113;409.691;32.837;32.589;1.365;0.194;0.064;56.335;467.448;25335.690;126.238;92.904;94.746;0.000;0.020;0.000;13;131.560;407.639;3;0;0;0;0;0;0;0
271;1;1;1;0.000000;0.000000;1.000000;20764.976380;20765.025000;20765.434465;796101;135360;145088;103;1814;135360;147308;100.000;0.942;1.024;557.150;598.062;35.354;181623;158138;145088;0.209;0.124;0.077;2.033;1.129;0.063;114.447;113.241;409.442;409.465;408.320;27.950;27.733;1.367;0.191;0.065;48.620;458.085;25413.369;112.660;79.327;93.782;0.000;0.024;0.000;49;111.285;406.262;6;0;0;0;0;0;0;0
272;1;1;1;0.000000;0.000000;1.000000;20765.114000;20765.168840;20765.564410;805073;28200;144742;22;1810;28200;30752;100.000;0.215;0.234;555.822;596.643;7.380;170832;156020;144742;0.212;0.124;0.076;2.036;1.393;0.370;133.104;131.636;395.564;395.570;394.161;33.649;33.396;1.368;0.191;0.065;54.840;450.410;25509.981;143.840;110.507;94.827;0.000;0.007;0.000;17;129.676;392.118;3;0;0;0;0;0;0;0
273;1;1;1;0.000000;0.000000;1.000000;20765.245314;20765.300245;20765.694487;797204;23500;144320;18;1804;23500;25588;100.000;0.211;0.229;554.201;594.887;6.141;168205;154907;144320;0.212;0.124;0.076;2.036;1.135;0.064;133.503;132.293;394.217;394.242;393.092;33.863;33.654;1.369;0.190;0.067;54.931;449.173;25606.725;131.405;98.072;95.030;0.000;0.026;0.000;12;130.332;391.028;4;0;0;0;0;0;0;0
274;1;1;1;0.000000;0.000000;1.000000;20765.364461;20765.411842;20765.820549;805139;22748;144042;18;1801;22748;24836;100.000;0.176;0.191;553.134;593.752;5.961;166757;155370;144042;0.207;0.122;0.076;2.025;1.418;0.363;129.224;127.730;408.677;408.707;407.266;31.618;31.363;1.367;0.190;0.064;47.382;456.088;25699.453;111.597;78.264;93.982;0.000;0.030;0.000;17;125.781;405.210;2;0;0;0;0;0;0;0
275;1;1;1;0.000000;0.000000;1.000000;20765.486281;20765.541706;20765.957312;808073;25944;144130;20;1802;25944;28264;100.000;0.200;0.217;553.472;594.112;6.783;164807;154126;144130;0.207;0.123;0.077;2.025;1.118;0.064;140.201;139.006;415.585;415.606;414.472;33.734;33.538;1.365;0.190;0.063;55.425;471.031;25802.883;129.864;96.531;94.142;0.000;0.021;0.000;12;137.058;412.415;3;0;0;0;0;0;0;0
276;1;1;1;0.000000;0.000000;1.000000;20765.616619;20765.672005;20766.086122;813584;25756;144164;20;1803;25756;28076;100.000;0.206;0.223;553.602;594.265;6.738;164655;155246;144164;0.213;0.123;0.077;2.033;1.135;0.067;131.949;130.737;414.096;414.117;412.965;31.863;31.658;1.367;0.190;0.063;55.387;469.503;25898.359;130.299;96.965;94.318;0.000;0.021;0.000;12;128.781;410.910;3;0;0;0;0;0;0;0
277;1;1;1;0.000000;0.000000;1.000000;20765.750239;20765.797759;20766.218474;812306;29140;144334;23;1805;29140;31808;100.000;0.214;0.232;554.255;594.963;7.634;163614;154421;144334;0.207;0.122;0.076;2.024;1.389;0.391;135.518;134.054;420.691;420.715;419.309;32.211;31.970;1.366;0.190;0.064;47.520;468.235;25997.378;125.754;92.421;94.199;0.000;0.024;0.000;15;132.105;417.260;3;0;0;0;0;0;0;0
278;1;1;1;0.000000;0.000000;1.000000;20765.879554;20765.934686;20766.350143;817500;29328;144850;23;1811;29328;31996;100.000;0.229;0.249;556.236;597.080;7.679;163259;154975;144850;0.207;0.126;0.077;2.030;1.125;0.074;135.081;133.879;415.432;415.457;414.316;32.514;32.313;1.366;0.191;0.063;55.132;470.590;26095.714;136.927;103.594;94.787;0.000;0.026;0.000;12;131.925;412.259;4;0;0;0;0;0;0;0
279;1;1;1;0.000000;0.000000;1.000000;20766.007306;20766.062982;20766.473726;824803;30456;147006;24;1838;30456;33240;100.000;0.230;0.251;564.516;605.968;7.978;164035;156021;147006;0.209;0.125;0.078;2.037;1.409;0.378;126.731;125.245;410.706;410.744;409.314;30.854;30.599;1.367;0.193;0.065;55.676;466.420;26185.963;128.296;94.963;94.798;0.000;0.038;0.000;22;123.285;407.238;2;0;0;0;0;0;0;0
280;1;1;1;0.000000;0.000000;1.000000;20766.148021;20766.195689;20766.586168;813944;29704;149388;23;1868;29704;32372;100.000;0.226;0.246;573.662;615.792;7.769;166016;158495;149388;0.207;0.124;0.078;2.036;1.166;0.067;115.889;114.646;390.441;390.479;389.297;29.679;29.449;1.367;0.196;0.064;47.667;438.147;26265.072;132.706;99.373;95.084;0.000;0.038;0.000;22;112.688;387.222;2;0;0;0;0;0;0;0
281;1;1;1;0.000000;0.000000;1.000000;20766.271869;20766.327547;20766.715736;815307;30080;150146;23;1877;30080;32748;100.000;0.245;0.266;576.573;618.906;7.860;165973;158582;150146;0.207;0.125;0.078;2.051;1.367;0.413;132.766;131.321;388.166;388.189;386.804;34.201;33.950;1.367;0.202;0.073;55.678;443.867;26361.307;131.859;98.525;95.299;0.000;0.023;0.000;11;129.348;384.729;4;0;0;0;0;0;0;0
282;1;1;1;0.000000;0.000000;1.000000;20766.395672;20766.450896;20766.844611;816329;27448;149960;21;1875;27448;29884;100.000;0.245;0.265;575.859;618.146;7.172;165347;158411;149960;0.206;0.125;0.078;2.065;1.239;0.069;132.292;130.975;393.697;393.715;392.459;33.601;33.373;1.389;0.198;0.070;55.224;448.939;26456.848;123.349;90.015;94.968;0.000;0.019;0.000;15;128.988;390.375;3;0;0;0;0;0;0;0
283;1;1;1;0.000000;0.000000;1.000000;20766.515601;20766.563579;20766.957020;813249;27636;148574;21;1858;27636;30072;100.000;694.755;753.595;570.537;612.441;7.217;163455;156627;148574;0.213;0.124;0.078;2.042;1.447;0.367;115.711;114.187;393.408;393.442;391.978;29.410;29.131;1.368;0.196;0.063;47.978;441.420;26535.924;112.683;79.349;93.992;0.000;0.034;0.000;18;112.223;389.902;2;0;0;0;0;0;0;0
284;1;1;1;0.000000;0.000000;1.000000;20766.637505;20766.692654;20767.122238;809333;28200;146866;22;1836;28200;30752;100.000;0.219;0.238;563.978;605.386;7.380;161248;154437;146866;0.209;0.124;0.078;2.030;1.136;0.067;168.704;167.490;429.542;429.584;428.432;39.272;39.094;1.365;0.193;0.061;55.148;484.733;26667.809;129.075;95.742;94.102;0.000;0.042;0.000;21;165.538;426.358;2;0;0;0;0;0;0;0
285;1;1;1;0.000000;0.000000;1.000000;20766.766456;20766.821977;20767.254574;815482;28952;145550;22;1820;28952;31504;100.000;0.259;0.281;558.924;599.971;7.561;159528;152667;145550;0.210;0.124;0.077;2.032;1.128;0.065;135.491;134.287;432.576;432.597;431.452;31.321;31.124;1.367;0.192;0.062;55.522;488.118;26766.811;129.324;95.990;94.220;0.000;0.021;0.000;8;132.332;429.390;6;0;0;0;0;0;0;0
286;1;1;1;0.000000;0.000000;1.000000;20766.884302;20766.934125;20767.386318;814633;136300;144160;104;1802;136300;148364;100.000;0.826;0.898;553.587;594.228;35.607;181574;157734;144160;0.208;0.123;0.076;2.038;1.407;0.400;134.902;133.419;452.180;452.193;450.770;29.833;29.598;1.367;0.191;0.073;49.823;502.016;26865.222;112.147;78.814;93.257;0.000;0.013;0.000;49;131.457;448.718;7;0;0;0;0;0;0;0
287;1;1;1;0.000000;0.000000;1.000000;20767.044217;20767.099344;20767.526824;814941;28576;142853;22;1786;28576;31128;100.000;0.217;0.235;548.568;588.848;7.471;172050;156129;142853;0.211;0.124;0.076;2.036;1.123;0.066;143.943;142.744;427.459;427.479;426.335;33.673;33.482;1.369;0.188;0.068;55.127;482.607;26972.394;165.220;131.886;95.671;0.000;0.020;0.000;13;140.784;424.278;3;0;0;0;0;0;0;0
288;1;1;1;0.000000;0.000000;1.000000;20767.176633;20767.231752;20767.650399;818847;23312;142468;18;1781;23312;25400;100.000;0.178;0.193;547.090;587.256;6.096;168425;154558;142468;0.207;0.124;0.076;2.029;1.397;0.379;126.731;125.258;418.615;418.647;417.228;30.271;30.021;1.373;0.188;0.061;55.118;473.765;27062.636;132.407;99.074;95.884;0.000;0.032;0.000;17;123.305;415.166;2;0;0;0;0;0;0;0
289;1;1;1;0.000000;0.000000;1.000000;20767.315128;20767.363404;20767.776882;824052;20868;142484;16;1782;20868;22724;100.000;0.149;0.161;547.151;587.340;5.454;165750;153312;142484;0.206;0.123;0.077;2.025;1.105;0.064;129.911;128.729;413.449;413.477;412.355;31.419;31.218;1.368;0.188;0.064;48.277;461.754;27155.786;131.653;98.319;96.036;0.000;0.029;0.000;15;126.781;410.300;2;0;0;0;0;0;0;0
290;1;1;1;0.000000;0.000000;1.000000;20767.449258;20767.504285;20767.967030;835458;25568;143172;20;1790;25568;27888;100.000;0.208;0.226;549.793;590.163;6.693;164896;153596;143172;0.209;0.124;0.076;2.035;1.375;0.369;193.277;191.826;462.724;462.745;461.354;41.768;41.579;1.369;0.189;0.068;55.027;517.772;27312.601;140.880;107.547;96.755;0.000;0.021;0.000;12;189.867;459.297;3;0;0;0;0;0;0;0
291;1;1;1;0.000000;0.000000;1.000000;20767.571275;20767.627627;20768.097126;819605;26320;143314;20;1792;26320;28640;100.000;0.209;0.226;550.338;590.753;6.874;163539;154115;143314;0.207;0.123;0.077;2.030;1.130;0.064;133.502;132.296;469.483;469.499;468.352;28.435;28.247;1.370;0.189;0.064;56.353;525.852;27409.364;123.342;90.009;96.334;0.000;0.016;0.000;10;130.343;466.305;4;0;0;0;0;0;0;0
292;1;1;1;0.000000;0.000000;1.000000;20767.706657;20767.754325;20768.205375;827799;26508;143732;21;1797;26508;28944;100.000;0.140;0.152;551.943;592.471;6.947;162730;153557;143732;0.206;0.123;0.077;2.024;1.409;0.365;111.405;109.919;451.027;451.050;449.623;24.699;24.447;1.366;0.189;0.063;47.668;498.718;27484.279;126.698;93.364;96.148;0.000;0.024;0.000;13;107.972;447.574;3;0;0;0;0;0;0;0
293;1;1;1;0.000000;0.000000;1.000000;20767.889224;20767.944374;20768.344743;830771;28388;144010;22;1801;28388;30940;100.000;0.219;0.238;553.011;593.629;7.426;161832;153588;144010;0.207;0.124;0.076;2.032;1.122;0.064;142.795;141.597;400.345;400.369;399.225;35.666;35.468;1.373;0.190;0.063;55.150;455.519;27590.314;190.049;156.716;99.934;0.000;0.025;0.000;12;139.640;397.167;5;0;0;0;0;0;0;0
294;1;1;1;0.000000;0.000000;1.000000;20768.018737;20768.074683;20768.475122;835004;29704;145768;23;1823;29704;32372;100.000;0.276;0.300;559.762;600.876;7.769;162458;155118;145768;0.208;0.124;0.077;2.030;1.138;0.065;133.536;132.320;400.399;400.439;399.284;33.347;33.139;1.366;0.192;0.063;55.946;456.385;27687.359;130.309;96.975;99.749;0.000;0.040;0.000;22;130.367;397.212;2;0;0;0;0;0;0;0
295;1;1;1;0.000000;0.000000;1.000000;20768.134195;20768.182551;20768.597135;814967;29516;148094;23;1852;29516;32184;100.000;0.212;0.231;568.693;610.462;7.724;164350;157168;148094;0.210;0.125;0.078;2.039;1.418;0.392;125.173;123.677;414.572;414.584;413.149;30.192;29.935;1.368;0.195;0.064;48.356;462.940;27776.039;107.868;74.535;98.173;0.000;0.012;0.000;17;121.715;411.090;3;0;0;0;0;0;0;0
296;1;1;1;0.000000;0.000000;1.000000;20768.266492;20768.322202;20768.730585;818656;29140;149404;23;1868;29140;31808;100.000;0.224;0.244;573.724;615.853;7.634;165022;157950;149404;0.207;0.124;0.077;2.043;1.012;0.063;136.903;135.814;408.351;408.383;407.352;33.523;33.341;1.369;0.197;0.070;55.710;464.093;27876.156;139.651;106.318;98.682;0.000;0.031;0.000;17;133.848;405.276;3;0;0;0;0;0;0;0
297;1;1;1;0.000000;0.000000;1.000000;20768.397309;20768.452557;20768.907350;819807;27824;149370;22;1868;27824;30376;100.000;0.229;0.250;573.593;615.723;7.290;164825;157702;149370;0.272;0.134;0.083;2.397;1.584;0.403;179.817;178.150;454.775;454.793;453.190;39.538;39.310;1.567;0.244;0.097;55.247;510.040;28019.587;130.354;97.021;98.578;0.000;0.018;0.000;14;175.836;450.773;3;0;0;0;0;0;0;0
298;1;1;1;0.000000;0.000000;1.000000;20768.526691;20768.574241;20768.926595;814766;27448;148012;21;1851;27448;29884;100.000;0.206;0.223;568.379;610.125;7.172;162957;156053;148012;0.210;0.126;0.077;2.043;0.849;0.047;23.227;22.301;352.332;352.354;351.489;6.592;6.345;1.374;0.193;0.064;47.550;399.904;28005.499;121.684;88.351;97.939;0.000;0.023;0.000;11;20.335;349.422;5;0;0;0;0;0;0;0
299;1;1;1;0.000000;0.000000;1.000000;20768.652950;20768.708102;20768.975758;809259;28576;146174;22;1828;28576;31128;100.000;0.164;0.178;561.321;602.548;7.471;160382;153706;146174;0.214;0.125;0.078;2.056;1.411;0.378;52.053;50.564;267.632;267.656;266.229;19.448;18.993;1.381;0.191;0.067;55.152;322.808;28021.329;133.861;100.528;98.101;0.000;0.024;0.000;11;48.586;264.147;3;0;0;0;0;0;0;0
300;1;1;1;0.000000;0.000000;1.000000;20768.808890;20768.882882;20769.004453;812212;28952;144110;22;1802;28952;31504;100.000;7.186;7.796;553.395;594.036;7.561;158638;151852;144110;0.245;0.116;0.072;2.076;1.072;0.067;32.150;31.006;121.523;121.571;120.472;26.446;25.737;1.373;0.190;0.081;73.993;195.563;28016.690;174.780;141.447;100.810;0.000;0.047;0.000;22;29.002;118.348;2;0;0;0;0;0;0;0
