frame_id;rx_complete;tx_complete;current_skip;event;yaw;pitch;zoom;camera_send_timestamp;recv_start_timestamp;codec_exit_time;node_exit_timestamp;original_points;rx_points;processed_points;rx_packets;tx_packets;payload_bytes;reference_size_bytes;data_integrity_pct;internal_throughput_mbs;reference_throughput_mbs;logical_bitrate_mbps;network_bitrate_mbps;reference_bitrate_mbps;conversion_ms;geometry_aggregation_ms;max_r_ms;projection_ms;codec_write_ms;active_tx_ms;active_process_ms;reference_process_ms;total_processing_ms;total_residency_ms;reference_residency_ms;node_efficiency_pct;reference_efficiency_pct;gpu_transfer_ms;gpu_kernel_ms;gpu_packing_ms;gpu_copyback_ms;host_overhead_ms;camera_node_ms;e2e_latency_ms;schedule_delay_ms;inter_arrival_ms;instant_jitter_ms;desynced_jitter_ms;reference_jitter_ms;raw_queue_ms;render_queue_ms;workload_ewma_ms;workload_ratio;frame_backlog;codec_backlog;encode_service_ms;encode_h265_ms;mse_y;psnr_y;ssim_y;mpeg_bytes_generated;ffmpeg_write_calls;ffmpeg_write_eagain;tx_zero_accepts;tx_partial_accepts;tx_resubmit_calls;tx_resubmitted_packets;mbuf_starvation
1;1;1;1;WARMUP;0.000;0.000;1.000;21243.940091;21243.942353;21243.976290;21244.000439;784142;784142;784142;9336;108;12546272;12546312;100.000;960.046;960.046;34.132;37.480;3011.115;10.853;0.000;0.000;13.737;7.011;0.003;31.602;31.602;45.017;58.086;33.937;54.406;93.120;1.582;0.919;0.500;1.394;9.343;2.263;60.348;58.086;0.000;0.000;0.000;0.000;0.011;0.108;13.752;0.413;0;1;30.363;30.364;nan;nan;nan;142128;1;0;0;0;0;0;0
2;1;1;1;WARMUP;0.000;0.000;1.000;21243.973846;21243.977177;21244.006637;21244.028101;783406;783406;783406;9327;22;12534496;12534536;100.000;874.638;874.638;6.970;7.635;3008.289;2.870;0.000;0.000;4.413;10.325;0.002;17.608;17.608;36.593;50.924;29.460;34.577;59.770;1.571;0.918;0.503;1.393;0.028;3.330;54.254;52.414;34.823;1.490;0.093;1.490;0.010;0.380;11.421;0.343;0;2;31.740;31.742;nan;nan;nan;28952;1;0;0;0;0;0;0
3;1;1;1;WARMUP;0.000;0.000;1.000;21244.007411;21244.012995;21244.040701;21244.098912;780200;780200;780200;9289;18;12483200;12483240;100.000;808.787;808.787;5.481;6.021;2995.978;4.068;0.000;0.000;4.432;7.279;0.002;15.780;15.780;70.483;85.918;27.707;18.366;56.952;1.573;0.914;0.523;1.393;0.029;5.583;91.501;89.892;35.818;2.485;0.243;2.485;0.002;0.558;9.676;0.290;0;1;29.111;29.112;nan;nan;nan;22748;1;0;0;0;0;0;0
4;1;1;1;WARMUP;0.000;0.000;1.000;21244.043368;21244.048400;21244.075524;21244.126059;778467;778467;778467;9268;18;12455472;12455512;100.000;873.836;873.836;5.436;5.976;2989.323;3.540;0.000;0.000;4.698;8.024;0.002;16.262;16.262;63.405;77.659;27.125;20.940;59.952;1.829;0.915;0.525;1.401;0.028;5.032;82.691;83.706;35.405;2.072;0.357;2.072;0.002;0.146;8.434;0.253;0;1;31.408;31.409;nan;nan;nan;22560;1;0;0;0;0;0;0
5;1;1;1;WARMUP;0.000;0.000;1.000;21244.075002;21244.079961;21244.105935;21244.126091;776427;776427;776427;9244;17;12422832;12422872;100.000;903.200;903.200;5.390;5.900;2981.489;2.837;0.000;0.000;5.171;6.355;0.001;14.363;14.363;32.376;46.130;25.974;31.135;55.296;2.304;0.901;0.500;1.436;0.030;4.959;51.089;50.404;31.561;1.772;0.445;1.772;0.003;0.691;5.185;0.156;0;2;26.475;26.476;nan;nan;nan;22372;1;0;0;0;0;0;0
6;1;1;1;IDLE;0.000;0.000;1.000;21244.107468;21244.111310;21244.138472;21244.196855;774893;774893;774893;9225;19;12398288;12398328;100.000;799.148;799.148;5.887;6.458;2975.599;3.739;0.000;0.000;4.677;6.821;0.002;15.237;15.237;70.030;85.545;27.162;17.812;56.098;1.776;0.925;0.536;1.410;0.030;3.842;89.387;87.835;31.350;1.984;0.542;1.984;0.002;0.146;5.060;0.152;0;1;28.700;28.702;nan;nan;nan;24440;1;0;0;0;0;0;0
7;1;1;1;IDLE;0.000;0.000;1.000;21244.143972;21244.148174;21244.175722;21244.196890;775949;775949;775949;9238;19;12415184;12415224;100.000;885.552;885.552;6.022;6.594;2979.654;3.094;0.000;0.000;4.922;7.985;0.000;16.002;16.002;34.696;48.715;27.547;32.848;58.089;2.069;0.915;0.512;1.392;0.036;4.203;52.918;54.536;36.864;3.531;0.728;3.531;0.003;0.616;5.029;0.151;0;1;29.116;29.117;nan;nan;nan;25004;1;0;0;0;0;0;0
8;1;1;1;IDLE;0.000;0.000;1.000;21244.175942;21244.181807;21244.209486;21244.230711;775463;775463;775463;9232;20;12407408;12407448;100.000;812.966;812.966;6.338;6.941;2977.788;4.802;0.000;0.000;4.275;7.672;0.001;16.749;16.749;33.642;48.904;27.679;34.249;60.513;1.533;0.842;0.484;1.389;0.028;5.865;54.769;55.024;33.633;0.299;0.702;0.299;0.002;0.467;4.843;0.145;0;1;28.857;28.859;nan;nan;nan;26320;1;0;0;0;0;0;0
9;1;1;1;IDLE;0.000;0.000;1.000;21244.209326;21244.215737;21244.243913;21244.299714;775698;775698;775698;9235;20;12411168;12411208;100.000;828.473;828.473;6.293;6.896;2978.690;3.566;0.000;0.000;4.372;8.020;0.002;15.957;15.957;68.996;83.977;28.176;19.002;56.633;1.622;0.844;0.492;1.387;0.027;6.411;90.388;90.694;33.930;0.597;0.695;0.597;0.002;0.801;4.727;0.142;0;1;32.961;32.961;nan;nan;nan;26132;1;0;0;0;0;0;0
10;1;1;1;IDLE;0.000;0.000;1.000;21244.242516;21244.248643;21244.275387;21244.327745;778020;778020;778020;9263;20;12448320;12448360;100.000;781.457;781.457;6.112;6.715;2987.606;4.035;0.000;0.000;4.266;6.418;0.001;14.719;14.719;63.173;79.102;26.745;18.607;55.035;1.551;0.829;0.469;1.391;0.026;6.127;85.229;85.392;32.906;0.428;0.678;0.428;0.002;0.129;4.615;0.138;0;2;30.740;30.741;nan;nan;nan;25380;1;0;0;0;0;0;0
11;1;1;1;IDLE;0.000;0.000;1.000;21244.273775;21244.277574;21244.306848;21244.369066;778554;778554;778554;9269;19;12456864;12456904;100.000;737.622;737.622;5.796;6.368;2989.657;3.921;0.000;0.000;5.222;6.801;0.001;15.944;15.944;74.604;91.493;29.275;17.427;54.464;2.417;0.828;0.468;1.478;0.031;3.799;95.291;93.380;28.931;4.402;0.911;4.402;0.008;0.356;4.770;0.143;0;2;27.694;27.695;nan;nan;nan;24064;1;0;0;0;0;0;0
12;1;1;1;IDLE;0.000;0.000;1.000;21244.307888;21244.314480;21244.345152;21244.401702;779986;779986;779986;9286;20;12479776;12479816;100.000;783.475;783.475;6.203;6.805;2995.156;4.035;0.000;0.000;5.065;9.024;0.001;18.123;18.123;71.293;87.222;30.672;20.779;59.088;2.301;0.852;0.495;1.389;0.028;6.592;93.814;92.682;36.906;3.573;1.077;3.573;0.002;0.651;4.847;0.145;0;1;32.935;32.936;nan;nan;nan;25756;1;0;0;0;0;0;0
13;1;1;1;IDLE;0.000;0.000;1.000;21244.342698;21244.348470;21244.375690;21244.429923;780926;780926;780926;9297;20;12494816;12494856;100.000;766.244;766.244;6.248;6.851;2998.765;4.219;0.000;0.000;4.270;6.486;0.002;14.976;14.976;65.147;81.453;27.221;18.386;55.016;1.635;0.772;0.446;1.390;0.027;5.772;87.225;87.570;33.990;0.657;1.051;0.657;0.002;0.154;4.705;0.141;0;2;32.495;32.496;nan;nan;nan;25944;1;0;0;0;0;0;0
14;1;1;1;IDLE;0.000;0.000;1.000;21244.373804;21244.378260;21244.408848;21244.470989;782770;782770;782770;9319;21;12524320;12524360;100.000;689.836;689.836;6.428;7.062;3005.846;4.143;0.000;0.000;5.265;6.668;0.002;16.076;16.076;74.574;92.730;30.588;17.336;52.556;2.403;0.771;0.463;1.597;0.032;4.456;97.186;95.303;29.790;3.544;1.207;3.544;0.002;0.497;4.848;0.145;0;2;27.738;27.740;nan;nan;nan;26696;1;0;0;0;0;0;0
15;1;1;1;IDLE;0.000;0.000;1.000;21244.407375;21244.413031;21244.445778;21244.503622;784474;784474;784474;9339;21;12551584;12551624;100.000;702.606;702.606;6.518;7.152;3012.390;4.610;0.000;0.000;6.017;8.406;0.002;19.033;19.033;72.727;90.592;32.747;21.010;58.122;3.281;0.845;0.466;1.392;0.033;5.656;96.247;94.602;34.771;1.438;1.221;1.438;0.002;0.456;5.145;0.154;0;1;33.614;33.615;nan;nan;nan;27072;1;0;0;0;0;0;0
16;1;1;1;IDLE;0.000;0.000;1.000;21244.442818;21244.448441;21244.479535;21244.504653;785193;785193;785193;9348;100;12563088;12563128;100.000;697.406;697.406;31.605;34.704;3015.151;3.881;0.000;0.000;4.477;8.081;0.005;16.439;16.439;38.198;56.212;31.095;29.245;52.868;1.751;0.775;0.438;1.482;0.030;5.623;61.835;62.300;35.410;2.077;1.275;2.077;0.002;0.520;4.989;0.150;0;2;32.165;32.166;nan;nan;nan;131600;1;0;0;0;0;0;0
17;1;1;1;IDLE;0.000;0.000;1.000;21244.473870;21244.477077;21244.512314;21244.535048;782720;782720;782720;9319;22;12523520;12523560;100.000;630.688;630.688;6.970;7.635;3005.654;4.039;0.000;0.000;5.129;9.861;0.001;19.029;19.029;38.113;57.970;35.237;32.825;54.003;2.141;0.784;0.456;1.719;0.029;3.207;61.178;59.361;28.637;4.697;1.489;4.697;0.002;0.387;5.027;0.151;0;2;32.552;32.553;nan;nan;nan;28952;1;0;0;0;0;0;0
18;1;1;1;IDLE;0.000;0.000;1.000;21244.507159;21244.510260;21244.542608;21244.602289;781613;781613;781613;9305;18;12505808;12505848;100.000;638.102;638.102;5.571;6.111;3001.404;4.051;0.000;0.000;5.130;7.011;0.003;16.192;16.192;72.430;92.028;32.348;17.595;50.056;2.393;0.787;0.471;1.446;0.033;3.101;95.130;93.269;33.183;0.150;1.405;0.150;0.003;0.604;5.055;0.152;0;2;28.070;28.072;nan;nan;nan;23124;1;0;0;0;0;0;0
19;1;1;1;IDLE;0.000;0.000;1.000;21244.540609;21244.545790;21244.577491;21244.602320;780006;780006;780006;9286;17;12480096;12480136;100.000;688.564;688.564;5.390;5.900;2995.233;4.340;0.000;0.000;4.938;7.814;0.000;17.093;17.093;38.404;56.530;31.701;30.237;53.918;2.162;0.756;0.463;1.528;0.030;5.181;61.710;59.966;35.530;2.197;1.454;2.197;0.002;0.821;5.030;0.151;0;1;32.608;32.609;nan;nan;nan;22372;1;0;0;0;0;0;0
20;1;1;1;IDLE;0.000;0.000;1.000;21244.574514;21244.580062;21244.609433;21244.669406;780302;780302;780302;9290;18;12484832;12484872;100.000;691.009;691.009;5.481;6.021;2996.369;4.148;0.000;0.000;4.134;6.684;0.002;14.965;14.965;71.277;89.345;29.371;16.750;50.953;1.539;0.750;0.428;1.391;0.025;5.548;94.892;93.720;34.271;0.938;1.422;0.938;0.009;0.477;4.808;0.144;0;2;34.395;34.395;nan;nan;nan;22748;1;0;0;0;0;0;0
21;1;1;1;IDLE;0.000;0.000;1.000;21244.607144;21244.612121;21244.645554;21244.702799;779066;779066;779066;9275;19;12465056;12465096;100.000;679.295;679.295;5.977;6.549;2991.623;4.419;0.000;0.000;6.654;7.722;0.002;18.794;18.794;72.328;90.678;33.433;20.727;56.215;4.048;0.747;0.433;1.393;0.033;4.977;95.655;93.779;32.060;1.274;1.413;1.274;0.003;0.704;5.273;0.158;0;2;31.571;31.572;nan;nan;nan;24816;1;0;0;0;0;0;0
22;1;1;1;IDLE;0.000;0.000;1.000;21244.640937;21244.644369;21244.676849;21244.737131;778280;778280;778280;9266;19;12452480;12452520;100.000;645.905;645.905;5.977;6.549;2988.605;4.158;0.000;0.000;5.736;6.942;0.001;16.835;16.835;73.482;92.762;32.480;18.149;51.832;3.097;0.782;0.431;1.394;0.033;3.432;96.194;94.777;32.248;1.086;1.392;1.086;0.002;0.521;5.392;0.162;0;2;32.887;32.889;nan;nan;nan;24816;1;0;0;0;0;0;0
23;1;1;1;IDLE;0.000;0.000;1.000;21244.673958;21244.678090;21244.710012;21244.768559;778907;778907;778907;9273;20;12462512;12462552;100.000;642.495;642.495;6.248;6.851;2991.012;4.063;0.000;0.000;5.275;7.020;0.001;16.358;16.358;71.071;90.468;31.922;18.082;51.244;2.205;0.758;0.452;1.828;0.032;4.133;94.601;92.872;33.722;0.388;1.330;0.388;0.002;0.227;5.369;0.161;0;2;34.136;34.137;nan;nan;nan;25944;1;0;0;0;0;0;0
24;1;1;1;IDLE;0.000;0.000;1.000;21244.707545;21244.711862;21244.747090;21244.797269;779289;779289;779289;9278;19;12468624;12468664;100.000;634.375;634.375;5.751;6.323;2992.479;4.067;0.000;0.000;5.595;9.023;0.002;18.685;18.685;65.753;85.408;35.228;21.877;53.039;2.990;0.751;0.429;1.394;0.030;4.317;89.725;88.249;33.771;0.438;1.274;0.438;0.003;0.952;5.428;0.163;0;2;30.489;30.490;nan;nan;nan;23876;1;0;0;0;0;0;0
25;1;1;1;IDLE;0.000;0.000;1.000;21244.740436;21244.743427;21244.777159;21244.797309;779739;779739;779739;9283;19;12475824;12475864;100.000;628.737;628.737;6.022;6.594;2994.207;4.134;0.000;0.000;5.269;8.018;0.001;17.421;17.421;34.039;53.882;33.732;32.332;51.645;2.452;0.778;0.481;1.528;0.030;2.991;56.873;54.955;31.565;1.768;1.305;1.768;0.002;0.599;5.391;0.162;0;2;28.123;28.127;nan;nan;nan;25004;1;0;0;0;0;0;0
26;1;1;1;IDLE;0.000;0.000;1.000;21244.773832;21244.779495;21244.813244;21244.835832;779364;779364;779364;9279;20;12469824;12469864;100.000;689.261;689.261;6.338;6.941;2992.767;4.089;0.000;0.000;5.819;9.016;0.001;18.925;18.925;38.245;56.336;33.749;33.593;56.076;3.154;0.787;0.453;1.394;0.032;5.663;62.000;60.145;36.069;2.735;1.394;2.735;0.002;0.819;5.501;0.165;0;1;31.568;31.569;nan;nan;nan;26320;1;0;0;0;0;0;0
27;1;1;1;IDLE;0.000;0.000;1.000;21244.808520;21244.813364;21244.843038;21244.902202;780025;780025;780025;9287;21;12480400;12480440;100.000;685.158;685.158;6.383;7.017;2995.306;3.839;0.000;0.000;4.200;6.745;0.002;14.783;14.783;70.622;88.838;29.673;16.641;49.820;1.593;0.763;0.427;1.392;0.024;4.844;93.682;93.182;33.869;0.536;1.341;0.536;0.002;0.511;5.178;0.155;0;2;32.932;32.933;nan;nan;nan;26508;1;0;0;0;0;0;0
28;1;1;1;IDLE;0.000;0.000;1.000;21244.840437;21244.844776;21244.876389;21244.930577;780373;780373;780373;9291;21;12485968;12486008;100.000;671.448;671.448;6.473;7.107;2996.642;4.370;0.000;0.000;5.836;7.019;0.002;17.224;17.224;67.206;85.801;31.613;20.075;54.485;3.228;0.749;0.431;1.395;0.032;4.339;90.141;88.224;31.412;1.922;1.377;1.922;0.002;0.160;5.345;0.160;0;2;32.828;32.830;nan;nan;nan;26884;1;0;0;0;0;0;0
29;1;1;1;IDLE;0.000;0.000;1.000;21244.873902;21244.878646;21244.909315;21244.970820;781651;781651;781651;9306;22;12506416;12506456;100.000;678.047;678.047;6.699;7.364;3001.549;4.218;0.000;0.000;5.082;6.867;0.001;16.167;16.167;73.728;92.173;30.668;17.540;52.718;2.099;0.751;0.446;1.757;0.029;4.744;96.917;95.133;33.870;0.537;1.324;0.537;0.010;0.263;5.282;0.158;0;2;28.126;28.128;nan;nan;nan;27824;1;0;0;0;0;0;0
30;1;1;1;IDLE;0.000;0.000;1.000;21244.907342;21244.912200;21244.946222;21245.002487;781375;781375;781375;9303;20;12502000;12502040;100.000;671.897;671.897;6.338;6.941;3000.490;4.139;0.000;0.000;5.879;8.691;0.002;18.709;18.709;71.679;90.286;34.022;20.722;54.990;3.234;0.772;0.447;1.390;0.035;4.859;95.145;93.467;33.554;0.220;1.255;0.220;0.002;0.843;5.435;0.163;0;1;33.284;33.286;nan;nan;nan;26320;1;0;0;0;0;0;0
31;1;1;1;IDLE;0.000;0.000;1.000;21244.942823;21244.948523;21244.979644;21245.035539;784392;784392;784392;9338;100;12550272;12550312;100.000;693.396;693.396;31.425;34.524;3012.075;3.951;0.000;0.000;4.170;8.034;0.005;16.154;16.154;68.916;87.016;31.121;18.564;51.906;1.575;0.751;0.429;1.388;0.027;5.700;92.716;93.185;36.323;2.989;1.364;2.989;0.002;0.815;5.123;0.154;0;2;30.872;30.875;nan;nan;nan;130848;1;0;0;0;0;0;0
32;1;1;1;IDLE;0.000;0.000;1.000;21244.973540;21244.976489;21245.009356;21245.035580;782671;782671;782671;9318;22;12522736;12522776;100.000;628.309;628.309;6.970;7.635;3005.466;3.917;0.000;0.000;5.066;7.677;0.001;16.660;16.660;39.159;59.090;32.866;28.195;50.691;2.209;0.760;0.464;1.603;0.030;2.949;62.039;59.893;27.966;5.367;1.614;5.367;0.002;0.190;5.111;0.153;0;2;33.856;33.858;nan;nan;nan;28952;1;0;0;0;0;0;0
33;1;1;1;IDLE;0.000;0.000;1.000;21245.007081;21245.011083;21245.043778;21245.101549;776999;776999;776999;9250;18;12431984;12432024;100.000;646.962;646.962;5.706;6.247;2983.686;4.210;0.000;0.000;5.220;8.020;0.002;17.449;17.449;71.250;90.466;32.695;19.288;53.371;2.448;0.752;0.455;1.529;0.036;4.003;94.469;92.529;34.594;1.261;1.592;1.261;0.002;0.235;5.141;0.154;0;2;33.917;33.918;nan;nan;nan;23688;1;0;0;0;0;0;0
34;1;1;1;IDLE;0.000;0.000;1.000;21245.040360;21245.044616;21245.076855;21245.129030;778650;778650;778650;9270;18;12458400;12458440;100.000;652.075;652.075;5.526;6.066;2990.026;4.180;0.000;0.000;5.936;7.018;0.001;17.134;17.134;65.308;84.414;32.240;20.297;53.145;3.337;0.740;0.432;1.395;0.032;4.256;88.670;86.677;33.533;0.199;1.505;0.199;0.002;0.177;5.342;0.160;0;2;31.708;31.711;nan;nan;nan;22936;1;0;0;0;0;0;0
35;1;1;1;IDLE;0.000;0.000;1.000;21245.073723;21245.077237;21245.109932;21245.169741;778007;778007;778007;9262;18;12448112;12448152;100.000;646.013;646.013;5.526;6.066;2987.556;4.188;0.000;0.000;5.013;8.018;0.002;17.218;17.218;73.235;92.504;32.696;18.613;52.662;2.202;0.741;0.431;1.608;0.030;3.514;96.018;94.054;32.621;0.712;1.455;0.712;0.002;0.392;5.265;0.158;0;2;27.111;27.112;nan;nan;nan;22936;1;0;0;0;0;0;0
36;1;1;1;IDLE;0.000;0.000;1.000;21245.107639;21245.113918;21245.145474;21245.202098;776483;776483;776483;9244;20;12423728;12423768;100.000;720.505;720.505;6.067;6.670;2981.704;4.599;0.000;0.000;5.224;8.480;0.002;18.304;18.304;70.936;88.180;31.556;20.757;58.003;2.582;0.767;0.453;1.394;0.029;6.279;94.459;93.078;36.682;3.348;1.574;3.348;0.002;0.605;5.258;0.158;0;1;32.744;32.745;nan;nan;nan;25192;1;0;0;0;0;0;0
37;1;1;1;IDLE;0.000;0.000;1.000;21245.142603;21245.147910;21245.178092;21245.230277;781287;781287;781287;9302;20;12500592;12500632;100.000;709.121;709.121;6.293;6.896;3000.152;3.911;0.000;0.000;4.176;8.022;0.002;16.109;16.109;64.738;82.366;30.182;19.558;53.373;1.578;0.749;0.431;1.391;0.027;5.307;87.673;87.924;33.992;0.659;1.516;0.659;0.009;0.346;4.990;0.150;0;2;32.023;32.026;nan;nan;nan;26132;1;0;0;0;0;0;0
38;1;1;1;IDLE;0.000;0.000;1.000;21245.173823;21245.177638;21245.209023;21245.230320;780329;780329;780329;9290;21;12485264;12485304;100.000;640.889;640.889;6.654;7.288;2996.473;4.107;0.000;0.000;4.951;6.877;0.001;15.935;15.935;33.200;52.681;31.385;30.248;50.773;2.086;0.748;0.456;1.625;0.037;3.815;56.497;54.633;29.728;3.606;1.647;3.606;0.003;0.072;4.984;0.150;0;2;28.126;28.128;nan;nan;nan;27636;1;0;0;0;0;0;0
39;1;1;1;IDLE;0.000;0.000;1.000;21245.207259;21245.213005;21245.246251;21245.303657;780785;780785;780785;9296;22;12492560;12492600;100.000;698.623;698.623;6.970;7.635;2998.224;4.389;0.000;0.000;5.810;9.021;0.002;19.221;19.221;72.770;90.652;33.246;21.203;57.814;3.166;0.769;0.454;1.389;0.033;5.746;96.398;94.637;35.367;2.034;1.671;2.034;0.002;0.530;5.194;0.156;0;1;32.956;32.957;nan;nan;nan;28952;1;0;0;0;0;0;0
40;1;1;1;IDLE;0.000;0.000;1.000;21245.242832;21245.248002;21245.276982;21245.336107;785430;785430;785430;9351;23;12566880;12566920;100.000;716.089;716.089;7.195;7.892;3016.061;3.955;0.000;0.000;4.615;6.678;0.002;15.248;15.248;70.555;88.105;28.980;17.307;52.616;2.015;0.741;0.434;1.392;0.032;5.170;93.275;93.754;34.997;1.664;1.671;1.664;0.003;0.133;5.053;0.152;0;2;33.350;33.352;nan;nan;nan;29892;1;0;0;0;0;0;0
41;1;1;1;IDLE;0.000;0.000;1.000;21245.273800;21245.276949;21245.312405;21245.370981;789479;789479;789479;9399;24;12631664;12631704;100.000;618.723;618.723;7.466;8.194;3031.609;4.081;0.000;0.000;6.263;8.000;0.002;18.344;18.344;73.616;94.032;35.456;19.508;51.737;3.444;0.751;0.438;1.597;0.034;3.149;97.181;95.294;28.947;4.387;1.840;4.387;0.002;0.774;5.360;0.161;0;2;31.696;31.697;nan;nan;nan;31020;1;0;0;0;0;0;0
42;1;1;1;IDLE;0.000;0.000;1.000;21245.307428;21245.310598;21245.343818;21245.402285;789348;789348;789348;9397;25;12629568;12629608;100.000;613.248;613.248;7.646;8.405;3031.106;4.241;0.000;0.000;4.886;7.359;0.002;16.486;16.486;71.092;91.687;33.220;17.981;49.627;2.127;0.798;0.459;1.472;0.031;3.170;94.858;93.265;33.649;0.316;1.745;0.316;0.002;0.377;5.245;0.157;0;2;34.518;34.519;nan;nan;nan;31772;1;0;0;0;0;0;0
43;1;1;1;IDLE;0.000;0.000;1.000;21245.341010;21245.345149;21245.379561;21245.430766;792714;792714;792714;9438;25;12683424;12683464;100.000;640.859;640.859;7.692;8.450;3044.031;4.266;0.000;0.000;6.009;8.018;0.002;18.294;18.294;65.825;85.617;34.413;21.367;53.160;3.396;0.755;0.432;1.390;0.036;4.139;89.756;88.412;34.551;1.217;1.712;1.217;0.002;0.591;5.441;0.163;0;2;30.738;30.741;nan;nan;nan;31960;1;0;0;0;0;0;0
44;1;1;1;IDLE;0.000;0.000;1.000;21245.373674;21245.376691;21245.409835;21245.469381;790865;790865;790865;9416;25;12653840;12653880;100.000;613.311;613.311;7.692;8.450;3036.931;4.198;0.000;0.000;4.942;7.217;0.001;16.358;16.358;72.058;92.690;33.144;17.648;49.354;2.145;0.784;0.475;1.509;0.029;3.017;95.707;93.694;31.542;1.792;1.717;1.792;0.002;0.350;5.319;0.160;0;2;28.142;28.144;nan;nan;nan;31960;1;0;0;0;0;0;0
45;1;1;1;IDLE;0.000;0.000;1.000;21245.407696;21245.412902;21245.443708;21245.502475;787976;787976;787976;9381;25;12607616;12607656;100.000;684.994;684.994;7.782;8.541;3025.837;4.522;0.000;0.000;4.630;7.567;0.002;16.719;16.719;71.168;89.573;30.806;18.665;54.271;1.707;0.754;0.439;1.702;0.028;5.206;94.779;93.455;36.211;2.878;1.790;2.878;0.002;0.202;5.150;0.154;0;1;33.236;33.238;nan;nan;nan;32336;1;0;0;0;0;0;0
46;1;1;1;IDLE;0.000;0.000;1.000;21245.440874;21245.446290;21245.476571;21245.536907;789717;789717;789717;9402;111;12635472;12635512;100.000;693.384;693.384;35.034;38.476;3032.523;4.201;0.000;0.000;4.841;6.800;0.004;15.843;15.843;72.394;90.617;30.281;17.484;52.320;2.244;0.750;0.435;1.387;0.026;5.416;96.033;94.553;33.388;0.055;1.681;0.055;0.009;0.407;5.075;0.152;0;2;32.701;32.702;nan;nan;nan;145888;1;0;0;0;0;0;0
47;1;1;1;IDLE;0.000;0.000;1.000;21245.473843;21245.477923;21245.509768;21245.568056;784950;784950;784950;9345;23;12559200;12559240;100.000;649.559;649.559;7.150;7.847;3014.218;4.178;0.000;0.000;5.196;6.921;0.002;16.295;16.295;70.798;90.133;31.845;18.079;51.168;2.081;0.759;0.459;1.865;0.032;4.080;94.213;92.369;31.633;1.700;1.682;1.700;0.003;0.390;5.108;0.153;0;2;34.056;34.057;nan;nan;nan;29704;1;0;0;0;0;0;0
48;1;1;1;IDLE;0.000;0.000;1.000;21245.507256;21245.511285;21245.543588;21245.597126;781130;781130;781130;9300;19;12498080;12498120;100.000;635.591;635.591;5.887;6.458;2999.549;4.192;0.000;0.000;5.935;6.661;0.002;16.787;16.787;66.177;85.841;32.303;19.556;51.968;3.304;0.747;0.429;1.423;0.032;4.029;89.870;88.106;33.362;0.028;1.579;0.028;0.002;0.041;5.318;0.160;0;2;31.126;31.127;nan;nan;nan;24440;1;0;0;0;0;0;0
49;1;1;1;IDLE;0.000;0.000;1.000;21245.540500;21245.543540;21245.576138;21245.637165;780468;780468;780468;9292;19;12487488;12487528;100.000;638.925;638.925;5.932;6.504;2997.007;4.048;0.000;0.000;4.952;7.126;0.001;16.126;16.126;74.080;93.624;32.598;17.224;49.468;2.094;0.768;0.450;1.610;0.030;3.041;96.665;94.811;32.256;1.078;1.548;1.078;0.002;0.972;5.229;0.157;0;2;28.109;28.111;nan;nan;nan;24628;1;0;0;0;0;0;0
50;1;1;1;IDLE;0.000;0.000;1.000;21245.574049;21245.579736;21245.612474;21245.637200;783376;783376;783376;9326;19;12534016;12534056;100.000;694.472;694.472;6.022;6.594;3008.173;4.454;0.000;0.000;5.805;8.390;0.001;18.649;18.649;39.416;57.464;32.738;32.453;56.965;3.146;0.757;0.447;1.422;0.032;5.687;63.151;61.514;36.195;2.862;1.630;2.862;0.002;0.492;5.376;0.161;0;1;33.078;33.079;nan;nan;nan;25004;1;0;0;0;0;0;0
51;1;1;1;IDLE;0.000;0.000;1.000;21245.609000;21245.614344;21245.646202;21245.697370;787237;787237;787237;9372;23;12595792;12595832;100.000;679.631;679.631;7.060;7.756;3023.000;4.021;0.000;0.000;4.265;8.038;0.003;16.324;16.324;64.492;83.026;31.859;19.661;51.238;1.662;0.751;0.434;1.393;0.026;5.343;88.369;88.349;34.608;1.275;1.608;1.275;0.002;1.019;5.102;0.153;0;2;30.802;30.803;nan;nan;nan;29328;1;0;0;0;0;0;0
52;1;1;1;IDLE;0.000;0.000;1.000;21245.640388;21245.643402;21245.677255;21245.737288;787734;787734;787734;9378;24;12603744;12603784;100.000;624.529;624.529;7.511;8.239;3024.908;4.357;0.000;0.000;5.358;8.195;0.002;17.909;17.909;73.705;93.886;33.853;19.076;52.903;2.389;0.798;0.474;1.660;0.037;3.014;96.900;94.935;29.058;4.275;1.774;4.275;0.003;0.115;5.171;0.155;0;2;28.304;28.307;nan;nan;nan;31208;1;0;0;0;0;0;0
53;1;1;1;IDLE;0.000;0.000;1.000;21245.674203;21245.679258;21245.712740;21245.771570;787059;787059;787059;9370;24;12592944;12592984;100.000;673.572;673.572;7.556;8.284;3022.316;4.332;0.000;0.000;5.468;8.421;0.003;18.222;18.222;73.617;92.313;33.482;19.739;54.422;2.818;0.770;0.457;1.395;0.028;5.054;97.367;95.884;35.856;2.522;1.821;2.522;0.002;0.894;5.248;0.157;0;1;32.966;32.967;nan;nan;nan;31396;1;0;0;0;0;0;0
54;1;1;1;IDLE;0.000;0.000;1.000;21245.709141;21245.714073;21245.745415;21245.803659;786051;786051;786051;9358;24;12576816;12576856;100.000;660.904;660.904;7.421;8.148;3018.445;4.054;0.000;0.000;4.158;8.021;0.003;16.233;16.233;70.556;89.586;31.342;18.120;51.795;1.564;0.746;0.432;1.390;0.026;4.933;94.518;94.639;34.816;1.483;1.800;1.483;0.002;0.130;4.979;0.149;0;2;34.170;34.172;nan;nan;nan;30832;1;0;0;0;0;0;0
55;1;1;1;IDLE;0.000;0.000;1.000;21245.740513;21245.744531;21245.782500;21245.837066;796213;796213;796213;9479;23;12739408;12739448;100.000;622.035;622.035;7.240;7.937;3057.468;4.624;0.000;0.000;6.512;10.018;0.002;21.154;21.154;72.054;92.534;37.969;22.861;55.714;3.359;0.972;0.436;1.708;0.038;4.019;96.553;94.712;30.458;2.875;1.867;2.875;0.005;0.953;5.369;0.161;0;2;31.174;31.175;nan;nan;nan;30080;1;0;0;0;0;0;0
56;1;1;1;IDLE;0.000;0.000;1.000;21245.774055;21245.777056;21245.810564;21245.871429;790191;790191;790191;9408;23;12643056;12643096;100.000;610.512;610.512;7.195;7.892;3034.343;4.123;0.000;0.000;5.035;7.011;0.002;16.168;16.168;73.664;94.373;33.508;17.132;48.252;2.177;0.777;0.470;1.582;0.029;3.001;97.373;95.742;32.524;0.809;1.801;0.809;0.003;0.751;5.288;0.159;0;2;33.508;33.509;nan;nan;nan;29892;1;0;0;0;0;0;0
57;1;1;1;IDLE;0.000;0.000;1.000;21245.807287;21245.810578;21245.844890;21245.901965;798808;798808;798808;9510;24;12780928;12780968;100.000;622.796;622.796;7.421;8.148;3067.432;4.375;0.000;0.000;5.929;7.261;0.003;17.565;17.565;70.866;91.388;34.312;19.220;51.191;2.902;0.759;0.445;1.788;0.035;3.291;94.679;92.945;33.522;0.188;1.700;0.188;0.002;0.598;5.455;0.164;0;2;33.795;33.796;nan;nan;nan;30832;1;0;0;0;0;0;0
58;1;1;1;IDLE;0.000;0.000;1.000;21245.841092;21245.844499;21245.880734;21245.936683;797924;797924;797924;9500;24;12766784;12766824;100.000;607.969;607.969;7.376;8.103;3064.038;4.223;0.000;0.000;5.895;9.025;0.001;19.143;19.143;71.185;92.184;36.236;20.766;52.829;3.258;0.753;0.438;1.409;0.036;3.407;95.591;94.330;33.921;0.588;1.631;0.588;0.003;0.313;5.571;0.167;0;2;30.253;30.254;nan;nan;nan;30644;1;0;0;0;0;0;0
59;1;1;1;IDLE;0.000;0.000;1.000;21245.873602;21245.876603;21245.910434;21245.969801;794477;794477;794477;9459;24;12711632;12711672;100.000;631.445;631.445;7.376;8.103;3050.801;4.077;0.000;0.000;5.211;7.652;0.001;16.940;16.940;73.067;93.198;33.831;18.176;50.072;2.336;0.779;0.477;1.587;0.031;3.001;96.198;94.114;32.104;1.229;1.606;1.229;0.002;0.833;5.484;0.165;0;2;33.898;33.899;nan;nan;nan;30644;1;0;0;0;0;0;0
60;1;1;1;IDLE;0.000;0.000;1.000;21245.907803;21245.913388;21245.943502;21246.003050;789053;789053;789053;9394;24;12624848;12624888;100.000;692.525;692.525;7.331;8.058;3029.973;4.269;0.000;0.000;5.044;6.642;0.002;15.955;15.955;71.432;89.662;30.114;17.795;52.983;2.433;0.751;0.437;1.394;0.029;5.585;95.247;94.030;36.785;3.451;1.721;3.451;0.002;0.194;5.376;0.161;0;2;32.938;32.939;nan;nan;nan;30456;1;0;0;0;0;0;0
61;1;1;1;IDLE;0.000;0.000;1.000;21245.940484;21245.943740;21245.977212;21246.005035;783874;783874;783874;9332;109;12541984;12542024;100.000;627.187;627.187;34.448;37.827;3010.086;4.147;0.000;0.000;6.033;7.274;0.006;17.454;17.454;41.298;61.295;33.472;28.476;52.146;3.201;0.743;0.433;1.624;0.032;3.256;64.551;62.682;30.352;2.981;1.800;2.981;0.002;0.164;5.545;0.166;0;2;33.108;33.111;nan;nan;nan;143444;1;0;0;0;0;0;0
62;1;1;1;IDLE;0.000;0.000;1.000;21245.974287;21245.978597;21246.013142;21246.068635;782785;782785;782785;9319;22;12524560;12524600;100.000;640.269;640.269;6.924;7.590;3005.904;4.137;0.000;0.000;4.871;9.124;0.003;18.132;18.132;70.476;90.038;34.545;20.138;52.488;2.193;0.765;0.458;1.424;0.031;4.310;94.348;92.948;34.857;1.524;1.782;1.524;0.002;0.986;5.379;0.161;0;2;32.690;32.691;nan;nan;nan;28764;1;0;0;0;0;0;0
63;1;1;1;IDLE;0.000;0.000;1.000;21246.007419;21246.011210;21246.043937;21246.097298;782791;782791;782791;9319;18;12524656;12524696;100.000;637.446;637.446;5.571;6.111;3005.927;4.091;0.000;0.000;5.832;6.845;0.002;16.768;16.768;66.439;86.088;32.727;19.478;51.235;3.171;0.774;0.431;1.424;0.032;3.791;89.879;88.278;32.613;0.721;1.716;0.721;0.002;0.399;5.495;0.165;0;2;31.538;31.539;nan;nan;nan;23124;1;0;0;0;0;0;0
64;1;1;1;IDLE;0.000;0.000;1.000;21246.040433;21246.043583;21246.076007;21246.136583;782127;782127;782127;9312;17;12514032;12514072;100.000;619.352;619.352;5.345;5.855;3003.377;4.308;0.000;0.000;4.814;6.840;0.001;15.961;15.961;72.795;93.000;32.425;17.162;49.226;2.167;0.771;0.434;1.411;0.031;3.150;96.150;94.230;32.373;0.961;1.669;0.961;0.013;0.552;5.328;0.160;0;2;28.124;28.128;nan;nan;nan;22184;1;0;0;0;0;0;0
65;1;1;1;IDLE;0.000;0.000;1.000;21246.074127;21246.079041;21246.112802;21246.170129;785507;785507;785507;9352;18;12568112;12568152;100.000;668.082;668.082;5.481;6.021;3016.356;4.357;0.000;0.000;6.000;8.551;0.001;18.908;18.908;72.276;91.088;33.761;20.758;56.005;3.272;0.759;0.449;1.491;0.029;4.914;96.002;94.443;35.458;2.125;1.697;2.125;0.002;0.395;5.498;0.165;0;1;32.329;32.330;nan;nan;nan;22748;1;0;0;0;0;0;0
66;1;1;1;IDLE;0.000;0.000;1.000;21246.109271;21246.114463;21246.144510;21246.203984;789017;789017;789017;9394;19;12624272;12624312;100.000;707.150;707.150;5.842;6.413;3029.835;3.927;0.000;0.000;4.243;7.185;0.001;15.356;15.356;71.668;89.521;30.047;17.153;51.106;1.647;0.748;0.432;1.389;0.027;5.192;94.713;94.964;35.422;2.089;1.722;2.089;0.002;0.763;5.189;0.156;0;2;32.801;32.802;nan;nan;nan;24252;1;0;0;0;0;0;0
67;1;1;1;IDLE;0.000;0.000;1.000;21246.140307;21246.143607;21246.178425;21246.235874;789641;789641;789641;9401;20;12634256;12634296;100.000;632.631;632.631;6.203;6.805;3032.231;4.463;0.000;0.000;6.531;8.023;0.004;19.016;19.016;72.296;92.267;34.818;20.610;54.616;3.729;0.753;0.435;1.579;0.036;3.300;95.567;93.521;29.144;4.189;1.876;4.189;0.003;0.290;5.527;0.166;0;2;33.576;33.578;nan;nan;nan;25756;1;0;0;0;0;0;0
68;1;1;1;IDLE;0.000;0.000;1.000;21246.173895;21246.177148;21246.211532;21246.235916;784718;784718;784718;9342;20;12555488;12555528;100.000;621.332;621.332;6.338;6.941;3013.327;4.224;0.000;0.000;6.591;7.039;0.001;17.854;17.854;38.561;58.768;34.384;30.381;51.926;3.487;1.013;0.437;1.618;0.036;3.253;62.022;60.230;33.540;0.207;1.772;0.207;0.002;0.543;5.798;0.174;0;2;31.377;31.378;nan;nan;nan;26320;1;0;0;0;0;0;0
69;1;1;1;IDLE;0.000;0.000;1.000;21246.207577;21246.210605;21246.243670;21246.303167;778159;778159;778159;9264;21;12450544;12450584;100.000;602.453;602.453;6.654;7.288;2988.140;4.036;0.000;0.000;4.578;7.111;0.002;15.724;15.724;71.895;92.562;33.064;16.988;47.557;1.948;0.761;0.433;1.407;0.028;3.029;95.590;94.147;33.458;0.124;1.669;0.124;0.002;0.706;5.496;0.165;0;2;33.573;33.574;nan;nan;nan;27636;1;0;0;0;0;0;0
70;1;1;1;IDLE;0.000;0.000;1.000;21246.240802;21246.245002;21246.277722;21246.336642;776327;776327;776327;9242;22;12421232;12421272;100.000;641.139;641.139;6.789;7.454;2981.105;3.967;0.000;0.000;5.739;7.086;0.002;16.792;16.792;72.266;91.640;32.720;18.324;51.322;3.132;0.745;0.438;1.390;0.033;4.200;95.840;94.289;34.397;1.064;1.631;1.064;0.003;0.517;5.560;0.167;0;2;32.527;32.530;nan;nan;nan;28200;1;0;0;0;0;0;0
71;1;1;1;IDLE;0.000;0.000;1.000;21246.273918;21246.277184;21246.310560;21246.370055;786883;786883;786883;9368;23;12590128;12590168;100.000;642.256;642.256;7.150;7.847;3021.640;4.268;0.000;0.000;6.355;6.840;0.001;17.463;17.463;73.269;92.872;33.376;18.803;52.322;3.499;0.748;0.434;1.642;0.032;3.265;96.137;94.369;32.181;1.152;1.601;1.152;0.002;0.575;5.762;0.173;0;2;32.920;32.921;nan;nan;nan;29704;1;0;0;0;0;0;0
72;1;1;1;IDLE;0.000;0.000;1.000;21246.307229;21246.310698;21246.343362;21246.402619;787146;787146;787146;9371;22;12594336;12594376;100.000;625.758;625.758;6.924;7.590;3022.650;4.230;0.000;0.000;5.795;6.571;0.002;16.596;16.596;71.795;91.921;32.664;18.055;50.809;3.188;0.746;0.433;1.394;0.033;3.469;95.391;93.599;33.514;0.181;1.512;0.181;0.003;0.167;5.773;0.173;0;2;33.260;33.262;nan;nan;nan;28764;1;0;0;0;0;0;0
73;1;1;1;IDLE;0.000;0.000;1.000;21246.340381;21246.343664;21246.378891;21246.437340;781047;781047;781047;9299;22;12496752;12496792;100.000;632.903;632.903;6.879;7.545;2999.230;4.190;0.000;0.000;6.611;8.013;0.001;18.814;18.814;73.931;93.676;35.227;20.084;53.408;3.406;1.083;0.433;1.656;0.034;3.283;96.959;94.986;32.966;0.367;1.441;0.367;0.012;0.845;5.986;0.180;0;2;31.736;31.738;nan;nan;nan;28576;1;0;0;0;0;0;0
74;1;1;1;IDLE;0.000;0.000;1.000;21246.374030;21246.377351;21246.410344;21246.469492;782459;782459;782459;9315;23;12519344;12519384;100.000;624.472;624.472;7.150;7.847;3004.652;4.315;0.000;0.000;5.197;7.400;0.002;16.912;16.912;72.093;92.141;32.993;18.355;51.260;2.215;0.776;0.437;1.735;0.034;3.321;95.461;93.805;33.687;0.354;1.373;0.354;0.002;0.345;5.792;0.174;0;2;34.392;34.393;nan;nan;nan;29704;1;0;0;0;0;0;0
75;1;1;1;IDLE;0.000;0.000;1.000;21246.407671;21246.412538;21246.446051;21246.503026;781579;781579;781579;9305;23;12505264;12505304;100.000;671.864;671.864;7.195;7.892;3001.273;4.313;0.000;0.000;6.157;8.021;0.002;18.491;18.491;71.876;90.488;33.513;20.435;55.177;3.551;0.749;0.434;1.393;0.030;4.867;95.355;94.006;35.187;1.854;1.403;1.854;0.002;0.719;5.888;0.177;0;2;31.459;31.460;nan;nan;nan;29892;1;0;0;0;0;0;0
76;1;1;1;IDLE;0.000;0.000;1.000;21246.440327;21246.443228;21246.478124;21246.537506;784181;784181;784181;9336;110;12546896;12546936;100.000;615.028;615.028;34.628;38.039;3011.265;4.192;0.000;0.000;5.843;8.020;0.004;18.055;18.055;73.877;94.277;34.895;19.151;51.740;3.183;0.804;0.438;1.386;0.031;2.902;97.179;95.152;30.690;2.643;1.480;2.643;0.002;0.629;5.879;0.176;0;2;32.919;32.920;nan;nan;nan;144196;1;0;0;0;0;0;0
77;1;1;1;IDLE;0.000;0.000;1.000;21246.473912;21246.477782;21246.510391;21246.537566;782861;782861;782861;9320;21;12525776;12525816;100.000;625.280;625.280;6.654;7.288;3006.196;4.121;0.000;0.000;5.192;7.212;0.001;16.525;16.525;39.752;59.784;32.609;27.642;50.677;2.564;0.762;0.431;1.405;0.029;3.870;63.654;61.879;34.553;1.220;1.464;1.220;0.002;0.170;5.710;0.171;0;2;34.324;34.325;nan;nan;nan;27636;1;0;0;0;0;0;0
78;1;1;1;IDLE;0.000;0.000;1.000;21246.507921;21246.512279;21246.546278;21246.597460;779451;779451;779451;9280;17;12471216;12471256;100.000;653.038;653.038;5.165;5.674;2993.101;4.090;0.000;0.000;6.096;8.016;0.003;18.202;18.202;66.084;85.182;33.999;21.369;53.538;3.484;0.749;0.431;1.395;0.037;4.357;89.539;88.440;34.497;1.164;1.445;1.164;0.003;0.786;5.812;0.174;0;2;30.495;30.496;nan;nan;nan;21432;1;0;0;0;0;0;0
79;1;1;1;IDLE;0.000;0.000;1.000;21246.540199;21246.543268;21246.576521;21246.637064;784719;784719;784719;9342;17;12555504;12555544;100.000;614.805;614.805;5.345;5.855;3013.331;4.155;0.000;0.000;5.051;7.183;0.001;16.390;16.390;73.373;93.796;33.253;17.474;49.288;2.307;0.783;0.490;1.440;0.030;3.069;96.865;94.710;30.989;2.344;1.501;2.344;0.002;0.593;5.624;0.169;0;2;28.118;28.120;nan;nan;nan;22184;1;0;0;0;0;0;0
80;1;1;1;IDLE;0.000;0.000;1.000;21246.574150;21246.579692;21246.614247;21246.668260;780701;780701;780701;9295;19;12491216;12491256;100.000;669.866;669.866;5.977;6.549;2997.901;4.321;0.000;0.000;6.545;8.819;0.001;19.685;19.685;69.920;88.568;34.554;22.226;56.969;3.285;1.056;0.446;1.717;0.041;5.542;94.110;92.574;36.424;3.091;1.601;3.091;0.002;0.539;5.861;0.176;0;1;31.633;31.634;nan;nan;nan;24816;1;0;0;0;0;0;0
81;1;1;1;IDLE;0.000;0.000;1.000;21246.608505;21246.613294;21246.644798;21246.695700;785754;785754;785754;9355;21;12572064;12572104;100.000;645.948;645.948;6.654;7.288;3017.305;4.322;0.000;0.000;4.290;7.304;0.002;15.916;15.916;62.943;82.406;31.504;19.314;50.521;1.657;0.764;0.454;1.389;0.026;4.789;87.196;86.680;33.602;0.268;1.518;0.268;0.002;0.444;5.471;0.164;0;2;30.764;30.765;nan;nan;nan;27636;1;0;0;0;0;0;0
82;1;1;1;IDLE;0.000;0.000;1.000;21246.640420;21246.643579;21246.675413;21246.736879;783308;783308;783308;9326;22;12532928;12532968;100.000;628.510;628.510;6.834;7.500;3007.912;4.108;0.000;0.000;4.712;6.850;0.002;15.670;15.670;73.359;93.300;31.834;16.795;49.223;2.059;0.771;0.449;1.397;0.037;3.159;96.458;94.525;30.285;3.048;1.613;3.048;0.010;0.320;5.284;0.159;0;2;27.132;27.136;nan;nan;nan;28388;1;0;0;0;0;0;0
83;1;1;1;IDLE;0.000;0.000;1.000;21246.673926;21246.679638;21246.712238;21246.768503;782737;782737;782737;9319;21;12523792;12523832;100.000;684.865;684.865;6.564;7.198;3005.720;4.268;0.000;0.000;5.039;8.589;0.001;17.895;17.895;70.579;88.865;32.600;20.137;54.893;2.386;0.771;0.457;1.397;0.028;5.713;94.578;92.817;36.059;2.726;1.683;2.726;0.002;0.683;5.225;0.157;0;1;33.226;33.227;nan;nan;nan;27260;1;0;0;0;0;0;0
84;1;1;1;IDLE;0.000;0.000;1.000;21246.709512;21246.714990;21246.745748;21246.796924;781874;781874;781874;9309;22;12509984;12510024;100.000;711.283;711.283;6.924;7.590;3002.406;4.139;0.000;0.000;4.282;8.022;0.002;16.443;16.443;64.347;81.935;30.759;20.069;53.459;1.672;0.760;0.433;1.390;0.027;5.478;87.412;87.904;35.351;2.018;1.704;2.018;0.002;0.864;4.992;0.150;0;2;30.774;30.775;nan;nan;nan;28764;1;0;0;0;0;0;0
85;1;1;1;IDLE;0.000;0.000;1.000;21246.740398;21246.743428;21246.775814;21246.837993;780545;780545;780545;9293;20;12488720;12488760;100.000;627.431;627.431;6.067;6.670;2997.302;4.134;0.000;0.000;5.151;7.015;0.002;16.299;16.299;74.660;94.565;32.386;17.236;50.328;2.283;0.770;0.476;1.591;0.031;3.030;97.595;95.640;28.438;4.895;1.903;4.895;0.002;0.313;5.035;0.151;0;2;28.120;28.122;nan;nan;nan;25192;1;0;0;0;0;0;0
86;1;1;1;IDLE;0.000;0.000;1.000;21246.773639;21246.778930;21246.812553;21246.870088;778343;778343;778343;9266;21;12453488;12453528;100.000;677.148;677.148;6.518;7.152;2988.847;4.301;0.000;0.000;5.982;8.669;0.002;18.951;18.951;72.766;91.157;33.622;20.789;56.364;3.247;0.773;0.461;1.466;0.035;5.291;96.448;94.401;35.502;2.169;1.920;2.169;0.002;0.578;5.275;0.158;0;1;34.105;34.106;nan;nan;nan;27072;1;0;0;0;0;0;0
87;1;1;1;IDLE;0.000;0.000;1.000;21246.809505;21246.815323;21246.848990;21246.902083;778458;778458;778458;9268;21;12455328;12455368;100.000;684.542;684.542;6.383;7.017;2989.288;4.112;0.000;0.000;4.445;10.025;0.002;18.583;18.583;68.564;86.759;33.667;21.418;55.195;1.826;0.745;0.436;1.408;0.030;5.818;92.577;93.063;36.393;3.059;1.991;3.059;0.002;0.998;5.072;0.152;0;2;31.119;31.120;nan;nan;nan;26508;1;0;0;0;0;0;0
88;1;1;1;IDLE;0.000;0.000;1.000;21246.840069;21246.843032;21246.877049;21246.930240;778592;778592;778592;9269;22;12457472;12457512;100.000;623.866;623.866;6.924;7.590;2989.803;4.040;0.000;0.000;5.156;8.016;0.002;17.212;17.212;67.239;87.207;34.017;19.737;50.599;2.200;0.759;0.454;1.705;0.039;2.963;90.171;87.886;27.709;5.624;2.218;5.624;0.002;0.873;5.096;0.153;0;2;33.045;33.048;nan;nan;nan;28764;1;0;0;0;0;0;0
89;1;1;1;IDLE;0.000;0.000;1.000;21246.873663;21246.877238;21246.909095;21246.970582;779952;779952;779952;9286;23;12479232;12479272;100.000;623.312;623.312;7.105;7.801;2995.025;4.292;0.000;0.000;4.793;6.985;0.002;16.070;16.070;73.323;93.344;31.858;17.216;50.444;2.084;0.748;0.433;1.499;0.027;3.575;96.919;94.895;34.205;0.872;2.134;0.872;0.002;0.056;5.025;0.151;0;2;28.125;28.126;nan;nan;nan;29516;1;0;0;0;0;0;0
90;1;1;1;IDLE;0.000;0.000;1.000;21246.907340;21246.912860;21246.946211;21247.002124;779674;779674;779674;9282;23;12474784;12474824;100.000;692.401;692.401;7.150;7.847;2993.958;4.405;0.000;0.000;5.906;9.020;0.002;19.332;19.332;71.247;89.264;33.351;21.657;57.964;3.248;0.774;0.457;1.394;0.034;5.520;94.784;93.104;35.623;2.289;2.144;2.289;0.008;0.399;5.249;0.157;0;1;33.388;33.389;nan;nan;nan;29704;1;0;0;0;0;0;0
91;1;1;1;IDLE;0.000;0.000;1.000;21246.942579;21246.948057;21246.979289;21247.030474;781083;781083;781083;9299;109;12497328;12497368;100.000;687.349;687.349;34.222;37.602;2999.368;4.057;0.000;0.000;4.323;8.019;0.004;16.399;16.399;64.235;82.417;31.232;19.898;52.508;1.715;0.759;0.431;1.387;0.031;5.477;87.895;88.121;35.196;1.863;2.126;1.863;0.002;0.705;5.020;0.151;0;2;30.851;30.852;nan;nan;nan;142504;1;0;0;0;0;0;0
92;1;1;1;IDLE;0.000;0.000;1.000;21246.973576;21246.977082;21247.009579;21247.070278;780537;780537;780537;9293;21;12488592;12488632;100.000;627.557;627.557;6.564;7.198;2997.272;4.102;0.000;0.000;4.734;7.574;0.001;16.410;16.410;73.295;93.196;32.497;17.608;50.497;2.098;0.760;0.446;1.399;0.030;3.506;96.702;94.591;29.025;4.308;2.263;4.308;0.002;0.286;4.951;0.149;0;2;28.464;28.466;nan;nan;nan;27260;1;0;0;0;0;0;0
93;1;1;1;IDLE;0.000;0.000;1.000;21247.007653;21247.013210;21247.047339;21247.101557;773046;773046;773046;9203;17;12368736;12368776;100.000;677.806;677.806;5.210;5.719;2968.506;4.368;0.000;0.000;6.294;8.908;0.001;19.570;19.570;70.099;88.347;34.129;22.151;57.340;3.614;0.775;0.454;1.414;0.037;5.557;93.905;92.537;36.128;2.795;2.296;2.795;0.002;0.676;5.292;0.159;0;1;31.844;31.845;nan;nan;nan;21620;1;0;0;0;0;0;0
94;1;1;1;IDLE;0.000;0.000;1.000;21247.041900;21247.046908;21247.077383;21247.101595;770822;770822;770822;9177;16;12333152;12333192;100.000;648.529;648.529;5.075;5.553;2959.966;4.237;0.000;0.000;4.334;6.882;0.001;15.452;15.452;35.669;54.686;30.475;28.256;50.706;1.694;0.761;0.464;1.389;0.026;5.009;59.695;59.241;33.698;0.365;2.175;0.365;0.002;0.239;5.055;0.152;0;2;31.053;31.054;nan;nan;nan;21056;1;0;0;0;0;0;0
95;1;1;1;IDLE;0.000;0.000;1.000;21247.073668;21247.076762;21247.108248;21247.170121;778859;778859;778859;9273;19;12461744;12461784;100.000;631.180;631.180;5.887;6.458;2990.828;4.097;0.000;0.000;5.032;6.675;0.003;15.804;15.804;73.615;93.359;31.485;16.928;50.194;2.294;0.774;0.458;1.473;0.033;3.094;96.453;94.434;29.854;3.479;2.257;3.479;0.003;0.031;5.052;0.152;0;2;27.123;27.125;nan;nan;nan;24440;1;0;0;0;0;0;0
96;1;1;1;IDLE;0.000;0.000;1.000;21247.107022;21247.112718;21247.146345;21247.202904;778333;778333;778333;9266;22;12453328;12453368;100.000;684.431;684.431;6.699;7.364;2988.808;4.661;0.000;0.000;6.598;8.677;0.001;19.936;19.936;71.991;90.187;33.627;22.105;59.285;3.937;0.780;0.451;1.400;0.030;5.696;95.882;93.884;35.955;2.622;2.279;2.622;0.003;0.153;5.447;0.163;0;1;32.449;32.451;nan;nan;nan;27824;1;0;0;0;0;0;0
97;1;1;1;IDLE;0.000;0.000;1.000;21247.142546;21247.147833;21247.177995;21247.236512;782798;782798;782798;9320;23;12524768;12524808;100.000;689.377;689.377;7.060;7.756;3005.954;3.929;0.000;0.000;4.100;7.260;0.001;15.289;15.289;70.511;88.679;30.162;17.241;50.691;1.494;0.755;0.439;1.387;0.025;5.287;93.966;94.159;35.115;1.782;2.248;1.782;0.002;0.630;5.113;0.153;0;2;32.166;32.168;nan;nan;nan;29328;1;0;0;0;0;0;0
98;1;1;1;IDLE;0.000;0.000;1.000;21247.173609;21247.176775;21247.211068;21247.270297;781418;781418;781418;9303;22;12502688;12502728;100.000;620.321;620.321;6.834;7.500;3000.655;4.361;0.000;0.000;5.953;7.251;0.001;17.565;17.565;73.367;93.522;34.294;18.782;51.220;3.341;0.757;0.435;1.387;0.032;3.166;96.688;94.610;28.942;4.392;2.382;4.392;0.003;0.931;5.326;0.160;0;2;32.692;32.693;nan;nan;nan;28388;1;0;0;0;0;0;0
99;1;1;1;IDLE;0.000;0.000;1.000;21247.207050;21247.211330;21247.243815;21247.304336;777382;777382;777382;9255;22;12438112;12438152;100.000;618.882;618.882;6.699;7.364;2985.156;4.324;0.000;0.000;5.058;6.923;0.002;16.304;16.304;72.908;93.006;32.484;17.530;50.191;2.309;0.760;0.468;1.490;0.031;4.280;97.286;95.316;34.556;1.222;2.310;1.222;0.010;0.396;5.261;0.158;0;2;33.401;33.403;nan;nan;nan;27824;1;0;0;0;0;0;0
100;1;1;1;IDLE;0.000;0.000;1.000;21247.240620;21247.244213;21247.278988;21247.335359;778267;778267;778267;9266;21;12452272;12452312;100.000;619.889;619.889;6.473;7.107;2988.555;4.145;0.000;0.000;5.972;8.013;0.002;18.130;18.130;71.058;91.146;34.775;19.891;52.135;3.134;0.754;0.444;1.608;0.033;3.593;94.739;93.006;32.883;0.450;2.194;0.450;0.002;0.699;5.442;0.163;0;2;33.355;33.359;nan;nan;nan;26884;1;0;0;0;0;0;0
101;1;1;1;IDLE;0.000;0.000;1.000;21247.273978;21247.277143;21247.314070;21247.370217;780699;780699;780699;9295;21;12491184;12491224;100.000;605.231;605.231;6.518;7.152;2997.894;4.131;0.000;0.000;6.521;9.019;0.001;19.671;19.671;72.435;93.074;36.927;21.135;53.272;3.822;0.758;0.444;1.460;0.037;3.165;96.239;94.531;32.930;0.403;2.082;0.403;0.002;0.744;5.717;0.172;0;2;30.306;30.307;nan;nan;nan;27072;1;0;0;0;0;0;0
102;1;1;1;IDLE;0.000;0.000;1.000;21247.306906;21247.310097;21247.343080;21247.401233;780328;780328;780328;9290;21;12485248;12485288;100.000;620.557;620.557;6.383;7.017;2996.469;4.204;0.000;0.000;5.124;6.959;0.002;16.288;16.288;71.017;91.136;32.984;17.872;49.381;2.304;0.774;0.480;1.534;0.032;3.190;94.327;92.213;32.953;0.380;1.975;0.380;0.003;0.777;5.571;0.167;0;2;34.093;34.094;nan;nan;nan;26508;1;0;0;0;0;0;0
103;1;1;1;IDLE;0.000;0.000;1.000;21247.340376;21247.344979;21247.376994;21247.428187;782351;782351;782351;9314;21;12517616;12517656;100.000;661.602;661.602;6.383;7.017;3004.237;4.114;0.000;0.000;6.279;6.778;0.002;17.170;17.170;64.288;83.208;32.015;20.635;53.632;3.650;0.755;0.446;1.394;0.033;4.603;87.811;85.834;34.882;1.549;1.949;1.549;0.002;0.035;5.756;0.173;0;2;31.013;31.015;nan;nan;nan;26508;1;0;0;0;0;0;0
104;1;1;1;IDLE;0.000;0.000;1.000;21247.373768;21247.377359;21247.407879;21247.470458;782164;782164;782164;9312;21;12514624;12514664;100.000;659.421;659.421;6.428;7.062;3003.519;3.945;0.000;0.000;4.876;6.608;0.001;15.428;15.428;74.121;93.100;30.521;16.572;50.551;2.059;0.763;0.456;1.568;0.029;3.591;96.690;94.772;32.380;0.954;1.887;0.954;0.003;0.055;5.538;0.166;0;2;26.911;26.913;nan;nan;nan;26696;1;0;0;0;0;0;0
105;1;1;1;IDLE;0.000;0.000;1.000;21247.407024;21247.413363;21247.446071;21247.504537;783021;783021;783021;9322;22;12528336;12528376;100.000;711.050;711.050;6.789;7.454;3006.810;4.353;0.000;0.000;5.784;8.700;0.002;18.836;18.836;73.554;91.174;32.708;20.660;57.588;3.032;0.768;0.458;1.495;0.031;6.339;97.512;95.517;36.004;2.671;1.936;2.671;0.002;0.602;5.605;0.168;0;1;33.085;33.085;nan;nan;nan;28200;1;0;0;0;0;0;0
106;1;1;1;IDLE;0.000;0.000;1.000;21247.442776;21247.448237;21247.479715;21247.535630;786829;786829;786829;9368;105;12589264;12589304;100.000;699.468;699.468;33.139;36.394;3021.433;4.035;0.000;0.000;4.205;8.277;0.010;16.517;16.517;69.394;87.393;31.478;18.900;52.471;1.585;0.752;0.449;1.392;0.027;5.461;92.854;93.277;34.874;1.541;1.911;1.541;0.002;0.996;5.257;0.158;0;2;33.093;33.095;nan;nan;nan;137992;1;0;0;0;0;0;0
107;1;1;1;IDLE;0.000;0.000;1.000;21247.473783;21247.477910;21247.514537;21247.563713;789365;789365;789365;9398;23;12629840;12629880;100.000;609.858;609.858;7.015;7.711;3031.171;4.326;0.000;0.000;5.879;9.016;0.002;19.221;19.221;65.094;85.803;36.626;22.401;52.478;3.232;0.769;0.442;1.400;0.035;4.127;89.931;88.027;29.673;3.660;2.020;3.660;0.002;1.019;5.419;0.163;0;2;30.106;30.107;nan;nan;nan;29140;1;0;0;0;0;0;0
108;1;1;1;IDLE;0.000;0.000;1.000;21247.506987;21247.510084;21247.542387;21247.602848;790807;790807;790807;9415;19;12652912;12652952;100.000;626.747;626.747;5.842;6.413;3036.708;4.195;0.000;0.000;5.217;6.731;0.001;16.143;16.143;72.576;92.764;32.303;17.402;49.974;2.389;0.783;0.480;1.534;0.030;3.097;95.861;93.828;32.174;1.160;1.966;1.160;0.011;0.154;5.371;0.161;0;2;28.054;28.056;nan;nan;nan;24252;1;0;0;0;0;0;0
109;1;1;1;IDLE;0.000;0.000;1.000;21247.540490;21247.545241;21247.577329;21247.636595;789334;789334;789334;9397;17;12629344;12629384;100.000;645.981;645.981;5.345;5.855;3031.052;4.452;0.000;0.000;4.805;7.658;0.001;16.915;16.915;71.804;91.355;32.089;18.516;52.714;2.059;0.774;0.481;1.455;0.036;4.751;96.105;94.242;35.157;1.824;1.957;1.824;0.002;0.072;5.235;0.157;0;1;33.173;33.175;nan;nan;nan;22184;1;0;0;0;0;0;0
110;1;1;1;IDLE;0.000;0.000;1.000;21247.574074;21247.579869;21247.611763;21247.671067;783753;783753;783753;9331;18;12540048;12540088;100.000;683.198;683.198;5.661;6.202;3009.621;4.162;0.000;0.000;4.601;8.020;0.002;16.783;16.783;72.842;91.197;31.894;18.403;52.622;1.998;0.751;0.438;1.387;0.026;5.795;96.992;95.380;34.629;1.295;1.916;1.295;0.003;0.914;5.079;0.152;0;2;32.849;32.850;nan;nan;nan;23500;1;0;0;0;0;0;0
111;1;1;1;IDLE;0.000;0.000;1.000;21247.606924;21247.610585;21247.643849;21247.702515;781240;781240;781240;9301;21;12499840;12499880;100.000;621.806;621.806;6.609;7.243;2999.971;4.229;0.000;0.000;5.886;7.030;0.004;17.145;17.145;71.828;91.931;33.265;18.650;51.540;3.275;0.751;0.434;1.394;0.032;3.661;95.592;93.495;30.715;2.618;1.960;2.618;0.002;0.243;5.284;0.159;0;2;34.239;34.242;nan;nan;nan;27448;1;0;0;0;0;0;0
112;1;1;1;IDLE;0.000;0.000;1.000;21247.640364;21247.644553;21247.679825;21247.737293;781247;781247;781247;9301;22;12499952;12499992;100.000;639.509;639.509;6.699;7.364;2999.998;4.058;0.000;0.000;6.921;7.913;0.002;18.892;18.892;73.194;92.740;35.272;20.371;53.560;3.632;1.102;0.438;1.712;0.036;4.189;96.929;94.939;33.968;0.635;1.877;0.635;0.002;0.889;5.700;0.171;0;2;30.600;30.601;nan;nan;nan;27824;1;0;0;0;0;0;0
113;1;1;1;IDLE;0.000;0.000;1.000;21247.674250;21247.677365;21247.709633;21247.769371;783523;783523;783523;9328;22;12536368;12536408;100.000;621.006;621.006;6.789;7.454;3008.738;4.200;0.000;0.000;4.942;6.854;0.002;15.996;15.996;71.818;92.006;32.268;17.385;49.571;2.214;0.783;0.475;1.440;0.031;3.115;95.121;93.684;32.813;0.521;1.792;0.521;0.003;0.282;5.513;0.165;0;2;34.509;34.510;nan;nan;nan;28200;1;0;0;0;0;0;0
114;1;1;1;IDLE;0.000;0.000;1.000;21247.706985;21247.711091;21247.747081;21247.803586;783046;783046;783046;9322;24;12528736;12528776;100.000;631.086;631.086;7.331;8.058;3006.906;4.243;0.000;0.000;6.317;9.022;0.001;19.583;19.583;72.642;92.495;35.990;21.172;54.411;3.701;0.753;0.437;1.390;0.036;4.106;96.601;94.566;33.726;0.392;1.705;0.392;0.003;0.794;5.719;0.172;0;2;31.309;31.310;nan;nan;nan;30456;1;0;0;0;0;0;0
115;1;1;1;IDLE;0.000;0.000;1.000;21247.740350;21247.743989;21247.778152;21247.835758;785712;785712;785712;9354;22;12571392;12571432;100.000;613.211;613.211;6.924;7.590;3017.144;4.488;0.000;0.000;4.861;8.014;0.001;17.363;17.363;71.268;91.769;34.163;18.920;50.825;2.079;0.783;0.471;1.499;0.029;3.639;95.409;93.405;32.898;0.435;1.626;0.435;0.002;0.784;5.507;0.165;0;2;33.444;33.447;nan;nan;nan;28764;1;0;0;0;0;0;0
116;1;1;1;IDLE;0.000;0.000;1.000;21247.774276;21247.778779;21247.811631;21247.864424;788409;788409;788409;9386;22;12614544;12614584;100.000;654.828;654.828;6.834;7.500;3027.500;4.146;0.000;0.000;5.521;7.419;0.002;17.086;17.086;66.381;85.645;32.853;19.949;52.007;2.911;0.748;0.440;1.394;0.028;4.503;90.149;88.737;34.790;1.456;1.615;1.456;0.002;0.646;5.513;0.165;0;2;31.542;31.543;nan;nan;nan;28388;1;0;0;0;0;0;0
117;1;1;1;IDLE;0.000;0.000;1.000;21247.807111;21247.810239;21247.843391;21247.904400;785289;785289;785289;9349;21;12564624;12564664;100.000;603.546;603.546;6.473;7.107;3015.519;4.335;0.000;0.000;4.672;7.105;0.002;16.112;16.112;73.343;94.161;33.152;17.111;48.600;2.046;0.763;0.438;1.397;0.028;3.128;97.289;95.380;31.460;1.873;1.631;1.873;0.009;0.548;5.306;0.159;0;2;28.133;28.135;nan;nan;nan;26884;1;0;0;0;0;0;0
118;1;1;1;IDLE;0.000;0.000;1.000;21247.840783;21247.845516;21247.880084;21247.935153;784314;784314;784314;9338;21;12549024;12549064;100.000;633.204;633.204;6.383;7.017;3011.775;4.340;0.000;0.000;5.430;8.713;0.003;18.483;18.483;69.818;89.637;34.568;20.620;53.470;2.726;0.808;0.461;1.397;0.038;4.734;94.370;92.800;35.278;1.944;1.651;1.944;0.002;0.604;5.342;0.160;0;1;33.024;33.026;nan;nan;nan;26508;1;0;0;0;0;0;0
119;1;1;1;IDLE;0.000;0.000;1.000;21247.875468;21247.880684;21247.911779;21247.963552;784830;784830;784830;9344;21;12557280;12557320;100.000;653.097;653.097;6.473;7.107;3013.757;4.211;0.000;0.000;4.452;7.333;0.003;15.996;15.996;63.640;82.867;31.094;19.303;51.443;1.826;0.758;0.438;1.402;0.028;5.216;88.084;87.865;35.168;1.835;1.662;1.835;0.002;0.080;5.125;0.154;0;2;30.704;30.705;nan;nan;nan;26884;1;0;0;0;0;0;0
120;1;1;1;IDLE;0.000;0.000;1.000;21247.907105;21247.910077;21247.942283;21248.003983;784742;784742;784742;9343;21;12555872;12555912;100.000;633.703;633.703;6.518;7.152;3013.419;3.888;0.000;0.000;5.242;6.765;0.002;15.895;15.895;74.093;93.907;32.206;16.927;49.355;2.228;0.771;0.458;1.752;0.034;2.971;96.878;94.963;29.392;3.941;1.805;3.941;0.002;0.383;5.157;0.155;0;2;28.027;28.029;nan;nan;nan;27072;1;0;0;0;0;0;0
121;1;1;1;IDLE;0.000;0.000;1.000;21247.940279;21247.945528;21247.979619;21248.036075;787186;787186;787186;9372;108;12594976;12595016;100.000;659.563;659.563;34.042;37.390;3022.804;4.491;0.000;0.000;5.504;9.019;0.008;19.014;19.014;71.452;90.548;34.092;20.999;55.773;2.791;0.770;0.462;1.452;0.029;5.249;95.797;93.722;35.451;2.117;1.824;2.117;0.002;0.470;5.247;0.157;0;1;33.380;33.381;nan;nan;nan;141752;1;0;0;0;0;0;0
122;1;1;1;IDLE;0.000;0.000;1.000;21247.976179;21247.982143;21248.013704;21248.036116;792161;792161;792161;9431;22;12674576;12674616;100.000;720.049;720.049;6.970;7.635;3041.908;4.037;0.000;0.000;4.210;9.723;0.001;17.970;17.970;36.371;53.973;31.561;33.294;56.937;1.601;0.756;0.434;1.389;0.030;5.964;59.937;60.430;36.615;3.282;1.915;3.282;0.002;0.023;4.992;0.150;0;2;32.092;32.093;nan;nan;nan;28952;1;0;0;0;0;0;0
123;1;1;1;IDLE;0.000;0.000;1.000;21248.007344;21248.010502;21248.044774;21248.102988;788290;788290;788290;9385;18;12612640;12612680;100.000;621.308;621.308;5.526;6.066;3027.043;4.332;0.000;0.000;5.254;8.016;0.003;17.601;17.601;72.185;92.486;34.272;19.031;51.358;2.553;0.797;0.477;1.396;0.031;3.158;95.643;93.968;28.359;4.974;2.106;4.974;0.002;0.699;5.060;0.152;0;2;35.136;35.139;nan;nan;nan;22936;1;0;0;0;0;0;0
124;1;1;1;IDLE;0.000;0.000;1.000;21248.041110;21248.045271;21248.081859;21248.136265;789222;789222;789222;9396;18;12627552;12627592;100.000;638.689;638.689;5.571;6.111;3030.622;4.239;0.000;0.000;6.816;9.012;0.002;20.066;20.066;71.223;90.995;36.588;22.052;54.844;3.873;0.758;0.441;1.706;0.037;4.161;95.155;93.912;34.768;1.435;2.064;1.435;0.002;0.986;5.506;0.165;0;2;30.138;30.139;nan;nan;nan;23124;1;0;0;0;0;0;0
125;1;1;1;IDLE;0.000;0.000;1.000;21248.073895;21248.076933;21248.109873;21248.170380;787173;787173;787173;9372;19;12594768;12594808;100.000;610.581;610.581;5.977;6.549;3022.754;4.026;0.000;0.000;5.053;6.965;0.001;16.043;16.043;72.819;93.446;32.939;17.169;48.706;2.197;0.772;0.476;1.577;0.030;3.038;96.485;94.693;31.663;1.670;2.040;1.670;0.003;0.290;5.395;0.162;0;2;33.354;33.354;nan;nan;nan;24816;1;0;0;0;0;0;0
126;1;1;1;IDLE;0.000;0.000;1.000;21248.107181;21248.110795;21248.144066;21248.202273;776279;776279;776279;9242;20;12420464;12420504;100.000;605.128;605.128;6.248;6.851;2980.921;4.186;0.000;0.000;4.915;7.073;0.002;16.174;16.174;70.952;91.478;33.270;17.681;48.614;2.058;0.747;0.461;1.615;0.034;3.614;95.092;93.253;33.862;0.529;1.945;0.529;0.010;0.746;5.278;0.158;0;2;33.384;33.385;nan;nan;nan;25944;1;0;0;0;0;0;0
127;1;1;1;IDLE;0.000;0.000;1.000;21248.140449;21248.143963;21248.178673;21248.202311;773912;773912;773912;9214;21;12382592;12382632;100.000;612.824;612.824;6.654;7.288;2971.832;4.281;0.000;0.000;6.190;7.599;0.000;18.070;18.070;38.142;58.348;34.711;30.969;52.059;3.210;0.902;0.438;1.607;0.032;3.514;61.862;59.958;33.167;0.166;1.834;0.166;0.003;0.713;5.509;0.165;0;2;31.195;31.197;nan;nan;nan;27636;1;0;0;0;0;0;0
128;1;1;1;IDLE;0.000;0.000;1.000;21248.173926;21248.177014;21248.210616;21248.268341;773302;773302;773302;9206;22;12372832;12372872;100.000;602.704;602.704;6.879;7.545;2969.489;4.217;0.000;0.000;4.710;7.468;0.003;16.395;16.395;70.798;91.328;33.602;17.952;48.791;1.976;0.783;0.480;1.442;0.028;3.087;94.415;92.655;33.051;0.282;1.737;0.282;0.002;0.892;5.312;0.159;0;2;34.309;34.312;nan;nan;nan;28576;1;0;0;0;0;0;0
129;1;1;1;IDLE;0.000;0.000;1.000;21248.207472;21248.211794;21248.246335;21248.295428;777001;777001;777001;9251;22;12432016;12432056;100.000;628.148;628.148;6.879;7.545;2983.693;4.202;0.000;0.000;5.841;8.108;0.002;18.151;18.151;63.842;83.633;34.541;21.703;52.549;3.218;0.749;0.435;1.404;0.035;4.323;87.956;86.408;34.781;1.447;1.719;1.447;0.002;0.797;5.450;0.163;0;2;30.111;30.112;nan;nan;nan;28576;1;0;0;0;0;0;0
130;1;1;1;IDLE;0.000;0.000;1.000;21248.240253;21248.243243;21248.274922;21248.333149;783174;783174;783174;9324;21;12530784;12530824;100.000;629.294;629.294;6.609;7.243;3007.398;4.162;0.000;0.000;4.963;6.557;0.001;15.682;15.682;69.993;89.906;31.679;17.442;49.502;2.138;0.772;0.477;1.546;0.029;2.991;92.896;90.796;31.449;1.884;1.729;1.884;0.002;0.244;5.331;0.160;0;2;27.056;27.058;nan;nan;nan;27448;1;0;0;0;0;0;0
131;1;1;1;IDLE;0.000;0.000;1.000;21248.273601;21248.279231;21248.311748;21248.370094;786108;786108;786108;9359;22;12577728;12577768;100.000;699.505;699.505;6.699;7.364;3018.664;4.514;0.000;0.000;5.738;8.374;0.001;18.626;18.626;72.882;90.863;32.517;20.499;57.281;3.090;0.767;0.457;1.393;0.031;5.630;96.493;94.407;35.988;2.655;1.787;2.655;0.002;0.420;5.435;0.163;0;1;29.770;29.773;nan;nan;nan;27824;1;0;0;0;0;0;0
132;1;1;1;IDLE;0.000;0.000;1.000;21248.309496;21248.315102;21248.347347;21248.403665;785622;785622;785622;9353;21;12569952;12569992;100.000;693.509;693.509;6.518;7.152;3016.798;4.401;0.000;0.000;4.332;8.887;0.002;17.619;17.619;70.437;88.563;32.244;19.895;54.643;1.688;0.765;0.457;1.391;0.032;5.606;94.168;94.645;35.871;2.538;1.834;2.538;0.002;0.898;5.164;0.155;0;1;31.632;31.633;nan;nan;nan;27072;1;0;0;0;0;0;0
133;1;1;1;IDLE;0.000;0.000;1.000;21248.340501;21248.345478;21248.376697;21248.436398;787265;787265;787265;9373;21;12596240;12596280;100.000;636.400;636.400;6.428;7.062;3023.107;4.495;0.000;0.000;4.363;6.570;0.001;15.428;15.428;71.127;90.920;31.219;16.968;49.418;1.736;0.764;0.451;1.386;0.026;4.977;95.898;94.045;30.376;2.958;1.904;2.958;0.002;0.490;4.966;0.149;0;2;33.534;33.535;nan;nan;nan;26696;1;0;0;0;0;0;0
134;1;1;1;IDLE;0.000;0.000;1.000;21248.373668;21248.376908;21248.412449;21248.470918;787734;787734;787734;9378;21;12603744;12603784;100.000;638.828;638.828;6.428;7.062;3024.908;4.167;0.000;0.000;7.007;7.830;0.001;19.003;19.003;74.281;94.010;35.541;20.214;53.468;4.175;0.749;0.430;1.616;0.037;3.240;97.250;95.231;31.430;1.904;1.904;1.904;0.002;0.972;5.479;0.164;0;2;31.776;31.777;nan;nan;nan;26696;1;0;0;0;0;0;0
135;1;1;1;IDLE;0.000;0.000;1.000;21248.407378;21248.410626;21248.443787;21248.502936;786766;786766;786766;9367;22;12588256;12588296;100.000;615.507;615.507;6.699;7.364;3021.191;4.379;0.000;0.000;5.293;7.101;0.002;16.773;16.773;71.858;92.310;33.161;18.171;50.582;2.442;0.767;0.462;1.590;0.032;3.248;95.558;93.916;33.719;0.386;1.809;0.386;0.010;0.304;5.435;0.163;0;2;34.228;34.229;nan;nan;nan;27824;1;0;0;0;0;0;0
136;1;1;1;IDLE;0.000;0.000;1.000;21248.440758;21248.444554;21248.480791;21248.536358;787622;787622;787622;9377;100;12601952;12601992;100.000;609.354;609.354;31.425;34.524;3024.478;4.200;0.000;0.000;5.651;9.021;0.004;18.872;18.872;71.123;91.804;36.236;20.557;52.081;3.036;0.748;0.438;1.397;0.032;3.797;95.601;94.005;33.928;0.595;1.733;0.595;0.002;0.881;5.494;0.165;0;2;31.162;31.165;nan;nan;nan;130848;1;0;0;0;0;0;0
137;1;1;1;IDLE;0.000;0.000;1.000;21248.473468;21248.476559;21248.511053;21248.569396;784509;784509;784509;9340;25;12552144;12552184;100.000;623.471;623.471;7.737;8.496;3012.524;4.116;0.000;0.000;5.026;9.260;0.002;18.401;18.401;72.705;92.837;34.494;19.821;53.346;2.149;0.758;0.464;1.625;0.030;3.091;95.929;93.710;32.005;1.329;1.708;1.329;0.002;0.073;5.380;0.161;0;2;34.562;34.563;nan;nan;nan;32148;1;0;0;0;0;0;0
138;1;1;1;IDLE;0.000;0.000;1.000;21248.507107;21248.510730;21248.544940;21248.603436;782962;782962;782962;9321;21;12527392;12527432;100.000;634.470;634.470;6.518;7.152;3006.584;4.280;0.000;0.000;5.861;8.021;0.001;18.163;18.163;72.961;92.706;34.210;19.592;53.091;3.258;0.744;0.434;1.393;0.032;3.623;96.329;94.416;34.171;0.837;1.654;0.837;0.002;0.580;5.504;0.165;0;2;32.475;32.476;nan;nan;nan;27072;1;0;0;0;0;0;0
139;1;1;1;IDLE;0.000;0.000;1.000;21248.540497;21248.543780;21248.576786;21248.636283;785441;785441;785441;9351;21;12567056;12567096;100.000;617.103;617.103;6.564;7.198;3016.103;4.228;0.000;0.000;5.232;6.782;0.001;16.242;16.242;72.138;92.503;33.006;17.559;49.209;2.506;0.760;0.456;1.479;0.031;3.283;95.786;93.929;33.050;0.283;1.568;0.283;0.003;0.625;5.438;0.163;0;2;33.428;33.429;nan;nan;nan;27260;1;0;0;0;0;0;0
140;1;1;1;IDLE;0.000;0.000;1.000;21248.573728;21248.577201;21248.611423;21248.636320;786857;786857;786857;9368;20;12589712;12589752;100.000;619.423;619.423;6.338;6.941;3021.540;4.106;0.000;0.000;5.888;7.346;0.001;17.339;17.339;38.794;59.119;34.222;29.330;50.667;3.279;0.749;0.434;1.393;0.033;3.473;62.592;60.633;33.421;0.088;1.476;0.088;0.002;0.660;5.554;0.167;0;2;32.202;32.203;nan;nan;nan;26320;1;0;0;0;0;0;0
141;1;1;1;IDLE;0.000;0.000;1.000;21248.607045;21248.610391;21248.645173;21248.704207;786209;786209;786209;9360;23;12579344;12579384;100.000;629.424;629.424;7.015;7.711;3019.052;4.415;0.000;0.000;5.887;7.993;0.003;18.296;18.296;73.831;93.816;34.783;19.502;52.601;3.271;0.763;0.434;1.388;0.032;3.346;97.162;95.187;33.189;0.144;1.392;0.144;0.002;0.914;5.640;0.169;0;2;32.990;32.991;nan;nan;nan;29140;1;0;0;0;0;0;0
142;1;1;1;IDLE;0.000;0.000;1.000;21248.640530;21248.644391;21248.677495;21248.734837;785895;785895;785895;9356;24;12574320;12574360;100.000;608.459;608.459;7.466;8.194;3017.846;4.343;0.000;0.000;5.088;7.265;0.003;16.696;16.696;69.780;90.446;33.105;18.460;50.435;2.378;0.749;0.439;1.493;0.029;3.860;94.306;92.484;34.000;0.667;1.347;0.667;0.002;0.082;5.507;0.165;0;2;33.972;33.975;nan;nan;nan;31020;1;0;0;0;0;0;0
143;1;1;1;IDLE;0.000;0.000;1.000;21248.674485;21248.678201;21248.712327;21248.763511;783109;783109;783109;9323;24;12529744;12529784;100.000;621.576;621.576;7.511;8.239;3007.148;4.322;0.000;0.000;5.803;8.017;0.002;18.141;18.141;65.152;85.310;34.127;21.265;53.159;3.172;0.754;0.442;1.397;0.038;3.716;89.026;87.824;33.810;0.477;1.293;0.477;0.012;0.136;5.586;0.168;0;2;30.523;30.524;nan;nan;nan;31208;1;0;0;0;0;0;0
144;1;1;1;IDLE;0.000;0.000;1.000;21248.706904;21248.709910;21248.743402;21248.804227;783994;783994;783994;9334;25;12543904;12543944;100.000;623.688;623.688;7.782;8.541;3010.547;4.216;0.000;0.000;4.790;8.016;0.002;17.022;17.022;74.204;94.317;33.491;18.048;50.826;2.120;0.772;0.454;1.416;0.029;3.007;97.323;95.207;31.710;1.624;1.313;1.624;0.002;0.569;5.391;0.162;0;2;28.121;28.122;nan;nan;nan;32336;1;0;0;0;0;0;0
145;1;1;1;IDLE;0.000;0.000;1.000;21248.740635;21248.746359;21248.780119;21248.836323;785959;785959;785959;9357;24;12575344;12575384;100.000;684.675;684.675;7.466;8.194;3018.092;4.316;0.000;0.000;5.994;8.649;0.002;18.959;18.959;71.597;89.964;33.759;21.074;56.160;3.336;0.771;0.455;1.398;0.034;5.724;95.688;93.970;36.449;3.116;1.426;3.116;0.002;0.747;5.547;0.166;0;1;32.754;32.755;nan;nan;nan;31020;1;0;0;0;0;0;0
146;1;1;1;IDLE;0.000;0.000;1.000;21248.775684;21248.780780;21248.813567;21248.870818;789030;789030;789030;9394;24;12624480;12624520;100.000;657.792;657.792;7.511;8.239;3029.885;3.995;0.000;0.000;4.226;9.024;0.002;17.244;17.244;70.846;90.038;32.787;19.152;52.595;1.616;0.752;0.438;1.393;0.027;5.096;95.134;95.132;34.421;1.088;1.405;1.088;0.002;0.343;5.221;0.157;0;2;31.777;31.778;nan;nan;nan;31208;1;0;0;0;0;0;0
147;1;1;1;IDLE;0.000;0.000;1.000;21248.806960;21248.810815;21248.843660;21248.903492;794594;794594;794594;9460;25;12713504;12713544;100.000;622.957;622.957;7.646;8.405;3051.251;4.412;0.000;0.000;5.048;7.043;0.003;16.503;16.503;72.269;92.677;32.845;17.807;50.244;2.193;0.858;0.470;1.496;0.031;3.855;96.532;94.472;30.035;3.299;1.523;3.299;0.003;0.343;5.186;0.156;0;2;34.197;34.199;nan;nan;nan;31772;1;0;0;0;0;0;0
148;1;1;1;IDLE;0.000;0.000;1.000;21248.840671;21248.844598;21248.880721;21248.938438;797998;797998;797998;9500;24;12767968;12768008;100.000;632.931;632.931;7.331;8.058;3064.322;4.313;0.000;0.000;6.015;9.019;0.463;19.347;19.347;73.667;93.840;36.123;20.617;53.558;3.390;0.760;0.431;1.396;0.037;3.927;97.767;96.085;33.783;0.450;1.456;0.450;0.003;0.913;5.398;0.162;0;2;31.784;31.788;nan;nan;nan;30456;1;0;0;0;0;0;0
149;1;1;1;IDLE;0.000;0.000;1.000;21248.873756;21248.876925;21248.914801;21248.968892;798639;798639;798639;9508;24;12778224;12778264;100.000;596.574;596.574;7.376;8.103;3066.783;4.346;0.000;0.000;5.121;11.027;0.002;20.494;20.494;70.547;91.967;37.876;22.284;54.107;2.110;0.788;0.451;1.740;0.033;3.169;95.136;93.205;32.327;1.007;1.428;1.007;0.003;0.305;5.332;0.160;0;2;34.199;34.201;nan;nan;nan;30644;1;0;0;0;0;0;0
150;1;1;1;IDLE;0.000;0.000;1.000;21248.907532;21248.911706;21248.947880;21248.998102;796693;796693;796693;9485;23;12747088;12747128;100.000;629.004;629.004;7.285;7.982;3059.311;4.212;0.000;0.000;5.970;9.021;0.002;19.203;19.203;66.131;86.396;36.174;22.227;53.086;3.289;0.762;0.438;1.446;0.034;4.174;90.571;89.082;34.781;1.448;1.429;1.448;0.002;0.914;5.497;0.165;0;2;30.030;30.031;nan;nan;nan;30268;1;0;0;0;0;0;0
151;1;1;1;IDLE;0.000;0.000;1.000;21248.939969;21248.943030;21248.975629;21249.037167;794717;794717;794717;9461;105;12715472;12715512;100.000;620.312;620.312;33.049;36.304;3051.723;4.040;0.000;0.000;5.099;6.706;0.004;15.844;15.844;73.638;94.137;32.600;16.831;48.602;2.151;0.784;0.478;1.656;0.030;3.060;97.197;94.813;31.324;2.009;1.465;2.009;0.002;0.293;5.400;0.162;0;2;29.174;29.177;nan;nan;nan;137616;1;0;0;0;0;0;0
152;1;1;1;IDLE;0.000;0.000;1.000;21248.973874;21248.979132;21249.011621;21249.068949;792861;792861;792861;9439;22;12685776;12685816;100.000;646.246;646.246;6.924;7.590;3044.596;4.601;0.000;0.000;4.901;7.607;0.002;17.108;17.108;70.187;89.817;32.489;19.048;52.659;2.107;0.776;0.484;1.502;0.031;5.258;95.075;93.263;36.102;2.769;1.547;2.769;0.009;0.342;5.278;0.158;0;1;33.149;33.150;nan;nan;nan;28764;1;0;0;0;0;0;0
153;1;1;1;IDLE;0.000;0.000;1.000;21249.007413;21249.012218;21249.047111;21249.097289;792789;792789;792789;9438;18;12684624;12684664;100.000;636.548;636.548;5.706;6.247;3044.319;4.366;0.000;0.000;5.000;9.022;0.002;18.387;18.387;65.144;85.071;34.893;21.614;52.695;2.381;0.762;0.429;1.393;0.035;4.805;89.877;88.269;33.086;0.248;1.466;0.248;0.003;0.940;5.211;0.156;0;2;30.856;30.857;nan;nan;nan;23688;1;0;0;0;0;0;0
154;1;1;1;IDLE;0.000;0.000;1.000;21249.040311;21249.043379;21249.076013;21249.137319;792309;792309;792309;9433;18;12676944;12676984;100.000;612.702;612.702;5.526;6.066;3042.476;4.358;0.000;0.000;4.856;6.851;0.002;16.065;16.065;73.249;93.940;32.634;17.101;49.228;2.182;0.782;0.456;1.407;0.029;3.068;97.008;94.966;31.161;2.172;1.510;2.172;0.002;0.233;5.126;0.154;0;2;28.121;28.125;nan;nan;nan;22936;1;0;0;0;0;0;0
155;1;1;1;IDLE;0.000;0.000;1.000;21249.074003;21249.078696;21249.113263;21249.170507;791925;791925;791925;9428;19;12670800;12670840;100.000;661.596;661.596;5.932;6.504;3041.002;4.410;0.000;0.000;6.201;9.019;0.002;19.631;19.631;72.658;91.810;34.566;21.382;56.791;3.544;0.773;0.444;1.402;0.038;4.694;96.504;94.820;35.317;1.984;1.539;1.984;0.002;0.190;5.400;0.162;0;1;33.072;33.073;nan;nan;nan;24628;1;0;0;0;0;0;0
156;1;1;1;IDLE;0.000;0.000;1.000;21249.108726;21249.114178;21249.144584;21249.202393;793795;793795;793795;9450;22;12700720;12700760;100.000;673.511;673.511;6.879;7.545;3048.182;4.135;0.000;0.000;4.251;7.267;0.002;15.653;15.653;69.357;88.215;30.406;17.744;51.480;1.634;0.765;0.433;1.391;0.028;5.452;93.667;93.373;35.482;2.149;1.578;2.149;0.002;0.028;5.117;0.154;0;2;33.187;33.188;nan;nan;nan;28576;1;0;0;0;0;0;0
157;1;1;1;IDLE;0.000;0.000;1.000;21249.140769;21249.144679;21249.179446;21249.230594;793460;793460;793460;9446;22;12695360;12695400;100.000;635.012;635.012;6.744;7.409;3046.896;4.300;0.000;0.000;5.814;8.046;0.002;18.160;18.160;65.922;85.915;34.767;21.137;52.234;3.179;0.773;0.439;1.390;0.033;3.910;89.825;88.241;30.501;2.832;1.656;2.832;0.002;0.912;5.294;0.159;0;2;30.988;30.989;nan;nan;nan;28012;1;0;0;0;0;0;0
158;1;1;1;IDLE;0.000;0.000;1.000;21249.173630;21249.176782;21249.209503;21249.271407;795527;795527;795527;9471;22;12728432;12728472;100.000;617.209;617.209;6.789;7.454;3054.833;4.291;0.000;0.000;4.961;7.031;0.002;16.282;16.282;74.003;94.626;32.721;17.207;49.761;2.173;0.876;0.478;1.405;0.029;3.151;97.777;95.721;32.102;1.231;1.629;1.231;0.002;0.104;5.215;0.156;0;2;28.119;28.120;nan;nan;nan;28200;1;0;0;0;0;0;0
159;1;1;1;IDLE;0.000;0.000;1.000;21249.207138;21249.210739;21249.247576;21249.302081;798776;798776;798776;9510;23;12780416;12780456;100.000;620.572;620.572;7.060;7.756;3067.309;4.448;0.000;0.000;5.947;10.022;0.002;20.417;20.417;70.747;91.342;36.837;22.353;55.427;3.268;0.792;0.461;1.393;0.033;3.601;94.943;93.061;33.958;0.624;1.567;0.624;0.002;0.270;5.403;0.162;0;1;33.850;33.851;nan;nan;nan;29328;1;0;0;0;0;0;0
160;1;1;1;IDLE;0.000;0.000;1.000;21249.241861;21249.247896;21249.279874;21249.330836;799362;799362;799362;9517;22;12789792;12789832;100.000;665.477;665.477;6.924;7.590;3069.560;4.291;0.000;0.000;4.261;8.242;0.002;16.794;16.794;63.720;82.939;31.978;20.249;52.518;1.642;0.762;0.434;1.395;0.028;6.035;88.974;88.482;37.157;3.823;1.708;3.823;0.002;0.253;5.122;0.154;0;2;30.444;30.446;nan;nan;nan;28764;1;0;0;0;0;0;0
161;1;1;1;IDLE;0.000;0.000;1.000;21249.273346;21249.276419;21249.309799;21249.371194;789777;789777;789777;9403;23;12636432;12636472;100.000;610.450;610.450;7.060;7.756;3032.753;3.997;0.000;0.000;4.930;7.094;0.002;16.021;16.021;74.074;94.775;33.380;16.904;47.995;2.266;0.768;0.453;1.407;0.036;3.073;97.847;95.507;28.523;4.810;1.902;4.810;0.013;0.642;5.077;0.152;0;2;28.126;28.128;nan;nan;nan;29328;1;0;0;0;0;0;0
162;1;1;1;IDLE;0.000;0.000;1.000;21249.307405;21249.312537;21249.346475;21249.403007;790930;790930;790930;9416;22;12654880;12654920;100.000;651.349;651.349;6.879;7.545;3037.181;4.525;0.000;0.000;5.003;8.684;0.003;18.212;18.212;71.042;90.471;33.938;20.130;53.663;2.343;0.774;0.458;1.400;0.028;5.131;95.602;93.987;36.118;2.784;1.957;2.784;0.002;0.819;5.061;0.152;0;1;33.399;33.401;nan;nan;nan;28576;1;0;0;0;0;0;0
163;1;1;1;IDLE;0.000;0.000;1.000;21249.342444;21249.348150;21249.380351;21249.437337;793734;793734;793734;9450;23;12699744;12699784;100.000;676.816;676.816;7.150;7.847;3047.948;4.132;0.000;0.000;4.249;8.484;0.002;16.865;16.865;70.423;89.187;32.200;18.909;52.374;1.644;0.750;0.437;1.389;0.028;5.706;94.893;94.984;35.614;2.280;1.977;2.280;0.002;0.701;4.863;0.146;0;2;31.137;31.138;nan;nan;nan;29704;1;0;0;0;0;0;0
164;1;1;1;IDLE;0.000;0.000;1.000;21249.373627;21249.376712;21249.410960;21249.468468;792883;792883;792883;9440;23;12686128;12686168;100.000;609.715;609.715;7.195;7.892;3044.680;4.177;0.000;0.000;4.895;8.024;0.003;17.095;17.095;70.949;91.756;34.248;18.631;49.915;2.066;0.787;0.482;1.529;0.031;3.085;94.841;92.781;28.562;4.772;2.152;4.772;0.003;0.520;4.874;0.146;0;2;34.397;34.399;nan;nan;nan;29892;1;0;0;0;0;0;0
165;1;1;1;IDLE;0.000;0.000;1.000;21249.407000;21249.410671;21249.447041;21249.497667;791299;791299;791299;9421;24;12660784;12660824;100.000;616.086;616.086;7.331;8.058;3038.598;4.400;0.000;0.000;6.082;9.018;0.003;19.499;19.499;66.445;86.996;36.370;22.414;53.614;3.459;0.754;0.438;1.394;0.037;3.671;90.666;88.647;33.959;0.626;2.056;0.626;0.002;0.717;5.181;0.155;0;2;30.441;30.442;nan;nan;nan;30456;1;0;0;0;0;0;0
166;1;1;1;IDLE;0.000;0.000;1.000;21249.440415;21249.443473;21249.478127;21249.498236;789485;789485;789485;9399;101;12631760;12631800;100.000;627.858;627.858;31.921;35.051;3031.632;4.096;0.000;0.000;4.851;9.034;0.003;17.981;17.981;34.644;54.763;34.653;32.834;51.887;2.182;0.768;0.445;1.426;0.030;3.058;57.821;55.882;32.802;0.531;1.961;0.531;0.002;0.646;5.102;0.153;0;2;28.565;28.571;nan;nan;nan;132916;1;0;0;0;0;0;0
167;1;1;1;IDLE;0.000;0.000;1.000;21249.474589;21249.480189;21249.513048;21249.568960;789977;789977;789977;9405;23;12639632;12639672;100.000;689.505;689.505;7.060;7.756;3033.521;4.629;0.000;0.000;4.984;8.855;0.004;18.468;18.468;70.439;88.771;32.859;20.804;56.204;2.334;0.772;0.457;1.395;0.027;5.600;94.371;93.273;36.716;3.382;2.050;3.382;0.002;0.685;5.076;0.152;0;1;33.559;33.560;nan;nan;nan;29328;1;0;0;0;0;0;0
168;1;1;1;IDLE;0.000;0.000;1.000;21249.509194;21249.514804;21249.545915;21249.603183;791598;791598;791598;9424;19;12665568;12665608;100.000;679.368;679.368;6.022;6.594;3039.746;4.243;0.000;0.000;4.276;7.660;0.001;16.178;16.178;69.736;88.379;31.111;18.306;52.002;1.665;0.750;0.435;1.397;0.029;5.610;93.990;94.163;34.615;1.282;2.002;1.282;0.002;0.529;4.881;0.146;0;2;30.701;30.702;nan;nan;nan;25004;1;0;0;0;0;0;0
169;1;1;1;IDLE;0.000;0.000;1.000;21249.540052;21249.543070;21249.576046;21249.603220;795034;795034;795034;9465;19;12720544;12720584;100.000;614.071;614.071;6.022;6.594;3052.940;4.039;0.000;0.000;5.149;6.720;0.001;15.908;15.908;39.435;60.150;32.977;26.447;48.241;2.259;0.877;0.474;1.508;0.031;3.017;63.168;60.867;28.265;5.068;2.193;5.068;0.002;0.388;4.952;0.149;0;2;33.854;33.856;nan;nan;nan;25004;1;0;0;0;0;0;0
170;1;1;1;IDLE;0.000;0.000;1.000;21249.573694;21249.577770;21249.611427;21249.670817;794863;794863;794863;9463;20;12717808;12717848;100.000;630.498;630.498;6.203;6.805;3052.284;4.306;0.000;0.000;5.206;8.016;0.003;17.528;17.528;72.876;93.047;33.658;18.838;52.077;2.349;0.779;0.465;1.580;0.033;4.076;97.124;95.131;34.700;1.367;2.142;1.367;0.011;0.254;5.020;0.151;0;2;33.567;33.568;nan;nan;nan;25756;1;0;0;0;0;0;0
171;1;1;1;IDLE;0.000;0.000;1.000;21249.607321;21249.611018;21249.645507;21249.702323;794885;794885;794885;9463;21;12718160;12718200;100.000;630.634;630.634;6.609;7.243;3052.368;4.346;0.000;0.000;5.772;8.021;0.002;18.139;18.139;71.138;91.305;34.489;19.866;52.593;3.113;0.774;0.439;1.413;0.033;3.697;95.002;93.303;33.248;0.085;2.013;0.085;0.002;0.525;5.212;0.156;0;2;33.326;33.326;nan;nan;nan;27448;1;0;0;0;0;0;0
172;1;1;1;IDLE;0.000;0.000;1.000;21249.640280;21249.643397;21249.679850;21249.736964;788905;788905;788905;9392;21;12622480;12622520;100.000;600.529;600.529;6.609;7.243;3029.405;4.130;0.000;0.000;6.364;8.284;0.001;18.779;18.779;72.548;93.567;36.453;20.070;51.514;3.612;0.772;0.435;1.509;0.036;3.117;96.684;94.610;32.379;0.954;1.947;0.954;0.002;0.783;5.505;0.165;0;2;30.754;30.755;nan;nan;nan;27448;1;0;0;0;0;0;0
173;1;1;1;IDLE;0.000;0.000;1.000;21249.673565;21249.676764;21249.709352;21249.769420;787376;787376;787376;9374;21;12598016;12598056;100.000;613.509;613.509;6.564;7.198;3023.533;4.439;0.000;0.000;5.005;6.717;0.002;16.161;16.161;72.122;92.656;32.588;17.442;49.591;2.193;0.779;0.475;1.529;0.028;3.199;95.855;93.734;33.367;0.034;1.827;0.034;0.002;0.329;5.383;0.161;0;2;34.325;34.326;nan;nan;nan;27260;1;0;0;0;0;0;0
174;1;1;1;IDLE;0.000;0.000;1.000;21249.707013;21249.711169;21249.744939;21249.803973;791921;791921;791921;9428;22;12670736;12670776;100.000;646.648;646.648;6.879;7.545;3040.986;4.324;0.000;0.000;6.177;7.220;0.001;17.721;17.721;73.209;92.803;33.770;19.096;52.477;3.556;0.756;0.440;1.390;0.036;4.156;96.960;94.952;34.405;1.072;1.780;1.072;0.003;0.774;5.585;0.168;0;2;31.698;31.699;nan;nan;nan;28576;1;0;0;0;0;0;0
175;1;1;1;IDLE;0.000;0.000;1.000;21249.740379;21249.743672;21249.776968;21249.835263;785044;785044;785044;9346;22;12560704;12560744;100.000;603.693;603.693;6.789;7.454;3014.579;4.208;0.000;0.000;4.921;7.175;0.002;16.303;16.303;70.784;91.591;33.296;17.800;48.964;2.196;0.779;0.460;1.456;0.029;3.293;94.884;92.909;32.502;0.831;1.721;0.831;0.002;0.391;5.421;0.163;0;2;34.176;34.177;nan;nan;nan;28200;1;0;0;0;0;0;0
176;1;1;1;IDLE;0.000;0.000;1.000;21249.774125;21249.778548;21249.813186;21249.864069;785759;785759;785759;9355;22;12572144;12572184;100.000;643.426;643.426;6.744;7.409;3017.324;4.275;0.000;0.000;5.855;8.309;0.003;18.439;18.439;65.982;85.521;34.638;21.560;53.233;3.229;0.751;0.443;1.398;0.033;4.424;89.945;88.383;34.877;1.543;1.710;1.543;0.002;0.931;5.535;0.166;0;2;30.382;30.383;nan;nan;nan;28012;1;0;0;0;0;0;0
177;1;1;1;IDLE;0.000;0.000;1.000;21249.806918;21249.810108;21249.843969;21249.898558;782963;782963;782963;9321;22;12527408;12527448;100.000;612.693;612.693;6.970;7.635;3006.588;4.204;0.000;0.000;4.688;8.021;0.002;16.912;16.912;68.003;88.450;33.861;19.120;49.946;2.047;0.760;0.456;1.398;0.028;3.190;91.640;89.538;31.560;1.773;1.714;1.773;0.002;0.703;5.326;0.160;0;2;28.116;28.118;nan;nan;nan;28952;1;0;0;0;0;0;0
178;1;1;1;IDLE;0.000;0.000;1.000;21249.840920;21249.846571;21249.879047;21249.898603;783666;783666;783666;9330;21;12538656;12538696;100.000;682.909;682.909;6.654;7.288;3009.287;4.296;0.000;0.000;4.904;9.022;0.001;18.222;18.222;33.671;52.031;32.476;35.021;56.108;2.261;0.769;0.458;1.389;0.028;5.651;57.683;56.249;36.463;3.130;1.802;3.130;0.002;0.186;5.223;0.157;0;1;28.527;28.532;nan;nan;nan;27636;1;0;0;0;0;0;0
179;1;1;1;IDLE;0.000;0.000;1.000;21249.876058;21249.882346;21249.914128;21249.968749;786714;786714;786714;9366;22;12587424;12587464;100.000;699.572;699.572;6.699;7.364;3020.991;4.069;0.000;0.000;4.288;9.017;0.002;17.374;17.374;68.410;86.403;31.782;20.108;54.666;1.624;0.765;0.459;1.410;0.030;6.288;92.691;93.062;35.775;2.441;1.842;2.441;0.009;0.474;4.994;0.150;0;1;31.272;31.273;nan;nan;nan;27824;1;0;0;0;0;0;0
180;1;1;1;IDLE;0.000;0.000;1.000;21249.907482;21249.912789;21249.944205;21249.998098;787583;787583;787583;9376;21;12601328;12601368;100.000;650.261;650.261;6.428;7.062;3024.328;4.440;0.000;0.000;4.199;7.023;0.001;15.662;15.662;65.930;85.309;31.415;18.359;49.855;1.575;0.765;0.446;1.387;0.025;5.307;90.616;89.078;30.443;2.890;1.908;2.890;0.002;0.811;4.798;0.144;0;2;31.564;31.565;nan;nan;nan;26696;1;0;0;0;0;0;0
181;1;1;1;IDLE;0.000;0.000;1.000;21249.940350;21249.943974;21249.976462;21250.037752;793719;793719;793719;9450;104;12699504;12699544;100.000;624.674;624.674;32.598;35.821;3047.891;4.331;0.000;0.000;4.425;7.202;0.004;15.958;15.958;73.448;93.778;32.488;17.016;49.119;1.677;0.787;0.435;1.499;0.026;3.624;97.402;95.399;31.185;2.149;1.923;2.149;0.002;0.528;4.707;0.141;0;2;28.833;28.837;nan;nan;nan;135736;1;0;0;0;0;0;0
182;1;1;1;IDLE;0.000;0.000;1.000;21249.974284;21249.980114;21250.013361;21250.071034;792329;792329;792329;9433;21;12677264;12677304;100.000;674.408;674.408;6.564;7.198;3042.553;4.650;0.000;0.000;5.091;9.022;0.002;18.763;18.763;72.122;90.920;33.246;20.637;56.436;2.432;0.780;0.455;1.394;0.031;5.830;96.750;95.347;36.140;2.807;1.978;2.807;0.002;0.333;4.808;0.144;0;1;33.410;33.411;nan;nan;nan;27260;1;0;0;0;0;0;0
183;1;1;1;IDLE;0.000;0.000;1.000;21250.008843;21250.014040;21250.047152;21250.103205;801464;801464;801464;9542;17;12823424;12823464;100.000;659.711;659.711;5.300;5.809;3077.631;4.353;0.000;0.000;4.243;8.731;0.002;17.327;17.327;69.727;89.165;33.112;19.433;52.330;1.616;0.762;0.439;1.397;0.029;5.197;94.362;94.185;33.926;0.592;1.891;0.592;0.002;0.697;4.671;0.140;0;2;32.609;32.610;nan;nan;nan;21996;1;0;0;0;0;0;0
184;1;1;1;IDLE;0.000;0.000;1.000;21250.040189;21250.044131;21250.080519;21250.137148;796948;796948;796948;9488;18;12751168;12751208;100.000;613.126;613.126;5.436;5.976;3060.290;4.460;0.000;0.000;6.074;9.022;0.002;19.557;19.557;72.219;93.016;36.387;21.025;53.747;3.376;0.833;0.436;1.393;0.036;3.942;96.958;94.794;30.092;3.242;1.976;3.242;0.002;0.491;5.027;0.151;0;2;31.705;31.706;nan;nan;nan;22560;1;0;0;0;0;0;0
185;1;1;1;IDLE;0.000;0.000;1.000;21250.073945;21250.076947;21250.110605;21250.171502;802598;802598;802598;9555;21;12841568;12841608;100.000;609.823;609.823;6.383;7.017;3081.986;4.231;0.000;0.000;5.180;7.035;0.002;16.446;16.446;73.497;94.555;33.658;17.393;48.861;2.454;0.813;0.451;1.430;0.033;3.002;97.557;95.816;32.816;0.518;1.885;0.518;0.002;0.382;5.068;0.152;0;2;33.573;33.574;nan;nan;nan;26508;1;0;0;0;0;0;0
186;1;1;1;IDLE;0.000;0.000;1.000;21250.107275;21250.111051;21250.145669;21250.202141;797039;797039;797039;9489;22;12752624;12752664;100.000;599.240;599.240;6.834;7.500;3060.639;4.428;0.000;0.000;4.788;8.016;0.003;17.232;17.232;69.809;91.090;34.618;18.917;49.776;2.158;0.758;0.434;1.403;0.035;3.776;94.866;93.121;34.104;0.770;1.815;0.770;0.003;0.529;5.002;0.150;0;2;33.845;33.847;nan;nan;nan;28388;1;0;0;0;0;0;0
187;1;1;1;IDLE;0.000;0.000;1.000;21250.141185;21250.144832;21250.179701;21250.231921;797511;797511;797511;9495;22;12760176;12760216;100.000;618.034;618.034;6.879;7.545;3062.452;4.317;0.000;0.000;5.988;7.969;0.001;18.274;18.274;66.442;87.089;34.868;20.983;52.409;3.315;0.762;0.435;1.440;0.036;3.647;90.736;89.568;33.781;0.448;1.730;0.448;0.002;0.262;5.254;0.158;0;2;30.406;30.407;nan;nan;nan;28576;1;0;0;0;0;0;0
188;1;1;1;IDLE;0.000;0.000;1.000;21250.173541;21250.176576;21250.211823;21250.270755;794879;794879;794879;9463;21;12718064;12718104;100.000;613.306;613.306;6.564;7.198;3052.345;4.184;0.000;0.000;4.798;9.020;0.002;18.001;18.001;73.441;94.178;35.247;19.114;51.072;2.133;0.781;0.456;1.397;0.031;3.035;97.213;95.068;31.744;1.589;1.721;1.589;0.011;0.681;5.143;0.154;0;2;29.114;29.115;nan;nan;nan;27260;1;0;0;0;0;0;0
189;1;1;1;IDLE;0.000;0.000;1.000;21250.207937;21250.213533;21250.246442;21250.302511;793590;793590;793590;9448;21;12697440;12697480;100.000;661.273;661.273;6.518;7.152;3047.395;4.426;0.000;0.000;5.057;8.557;0.002;18.040;18.040;69.777;88.978;32.909;20.275;54.819;2.395;0.781;0.455;1.400;0.026;5.596;94.574;93.491;36.957;3.623;1.840;3.623;0.002;0.091;5.127;0.154;0;1;32.865;32.866;nan;nan;nan;27072;1;0;0;0;0;0;0
190;1;1;1;IDLE;0.000;0.000;1.000;21250.241861;21250.246786;21250.278980;21250.337054;788938;788938;788938;9393;22;12623008;12623048;100.000;645.039;645.039;6.744;7.409;3029.532;4.115;0.000;0.000;4.367;8.021;0.001;16.503;16.503;70.698;90.268;32.194;18.282;51.259;1.745;0.763;0.438;1.393;0.028;4.925;95.193;94.701;33.253;0.080;1.730;0.080;0.002;0.234;4.942;0.148;0;2;31.549;31.550;nan;nan;nan;28012;1;0;0;0;0;0;0
191;1;1;1;IDLE;0.000;0.000;1.000;21250.273925;21250.277032;21250.309854;21250.369577;784846;784846;784846;9344;21;12557536;12557576;100.000;617.270;617.270;6.609;7.243;3013.818;4.328;0.000;0.000;5.116;6.815;0.001;16.259;16.259;72.201;92.544;32.822;17.568;49.536;2.364;0.854;0.461;1.408;0.030;3.107;95.652;93.890;30.246;3.087;1.815;3.087;0.002;0.545;4.988;0.150;0;2;34.012;34.013;nan;nan;nan;27448;1;0;0;0;0;0;0
192;1;1;1;IDLE;0.000;0.000;1.000;21250.306975;21250.310864;21250.345137;21250.404346;788004;788004;788004;9381;22;12608064;12608104;100.000;620.283;620.283;6.744;7.409;3025.945;4.226;0.000;0.000;5.841;8.021;0.002;18.088;18.088;73.155;93.482;34.272;19.349;52.778;3.239;0.750;0.432;1.388;0.033;3.890;97.371;95.326;33.832;0.499;1.732;0.499;0.002;0.081;5.204;0.156;0;2;32.457;32.459;nan;nan;nan;28012;1;0;0;0;0;0;0
193;1;1;1;IDLE;0.000;0.000;1.000;21250.340626;21250.343884;21250.381220;21250.436757;795964;795964;795964;9476;21;12735424;12735464;100.000;619.718;619.718;6.473;7.107;3056.511;4.332;0.000;0.000;5.120;11.029;0.002;20.482;20.482;72.323;92.874;37.337;22.053;54.857;2.134;0.778;0.440;1.737;0.030;3.257;96.131;94.404;33.019;0.314;1.644;0.314;0.003;0.633;5.186;0.156;0;2;34.151;34.152;nan;nan;nan;26884;1;0;0;0;0;0;0
194;1;1;1;IDLE;0.000;0.000;1.000;21250.373845;21250.378180;21250.413400;21250.471426;799207;799207;799207;9515;21;12787312;12787352;100.000;630.343;630.343;6.518;7.152;3068.964;4.596;0.000;0.000;5.848;8.123;0.002;18.567;18.567;72.960;93.246;35.220;19.911;52.717;3.198;0.764;0.442;1.407;0.035;4.335;97.581;95.740;34.296;0.963;1.601;0.963;0.003;0.959;5.357;0.161;0;2;31.478;31.479;nan;nan;nan;27072;1;0;0;0;0;0;0
195;1;1;1;IDLE;0.000;0.000;1.000;21250.406893;21250.409991;21250.445372;21250.502421;799402;799402;799402;9517;22;12790432;12790472;100.000;592.152;592.152;6.744;7.409;3069.713;4.249;0.000;0.000;5.145;8.018;0.003;17.412;17.412;70.830;92.430;35.381;18.838;49.212;2.216;0.782;0.482;1.635;0.029;3.098;95.528;93.401;31.811;1.522;1.596;1.522;0.002;0.615;5.307;0.159;0;2;34.061;34.062;nan;nan;nan;28012;1;0;0;0;0;0;0
196;1;1;1;IDLE;0.000;0.000;1.000;21250.441200;21250.445183;21250.479391;21250.530622;800483;800483;800483;9530;104;12807728;12807768;100.000;625.925;625.925;32.598;35.821;3073.864;4.238;0.000;0.000;5.729;7.959;0.004;17.926;17.926;64.977;85.439;34.208;20.981;52.403;3.083;0.766;0.432;1.414;0.034;3.983;89.422;88.269;35.192;1.859;1.613;1.859;0.010;0.048;5.418;0.163;0;2;30.984;30.987;nan;nan;nan;135736;1;0;0;0;0;0;0
197;1;1;1;IDLE;0.000;0.000;1.000;21250.473545;21250.476625;21250.509640;21250.570079;798336;798336;798336;9504;21;12773376;12773416;100.000;622.447;622.447;6.473;7.107;3065.620;4.324;0.000;0.000;5.249;7.138;0.002;16.710;16.710;72.932;93.453;33.014;17.881;50.616;2.451;0.777;0.465;1.527;0.029;3.080;96.534;94.392;31.442;1.891;1.630;1.891;0.002;0.103;5.379;0.161;0;2;28.116;28.118;nan;nan;nan;26884;1;0;0;0;0;0;0
198;1;1;1;IDLE;0.000;0.000;1.000;21250.507653;21250.512071;21250.547607;21250.602367;798454;798454;798454;9506;17;12775264;12775304;100.000;645.647;645.647;5.255;5.764;3066.073;4.648;0.000;0.000;6.218;9.019;0.001;19.884;19.884;70.510;90.296;35.536;22.021;55.955;3.403;0.794;0.454;1.532;0.036;4.418;94.714;93.347;35.446;2.112;1.660;2.112;0.002;0.510;5.595;0.168;0;1;31.487;31.488;nan;nan;nan;21808;1;0;0;0;0;0;0
199;1;1;1;IDLE;0.000;0.000;1.000;21250.540555;21250.546244;21250.578680;21250.630857;800770;800770;800770;9533;17;12812320;12812360;100.000;655.809;655.809;5.165;5.674;3074.966;4.250;0.000;0.000;4.279;8.021;0.002;16.550;16.550;65.076;84.613;32.436;19.560;51.024;1.609;0.808;0.451;1.387;0.024;5.689;90.302;88.504;34.173;0.840;1.609;0.840;0.002;0.596;5.268;0.158;0;2;31.705;31.706;nan;nan;nan;21432;1;0;0;0;0;0;0
200;1;1;1;IDLE;0.000;0.000;1.000;21250.573705;21250.576929;21250.609709;21250.671508;802378;802378;802378;9553;19;12838048;12838088;100.000;620.703;620.703;5.842;6.413;3081.141;4.372;0.000;0.000;4.734;6.976;0.002;16.081;16.081;73.895;94.578;32.780;17.003;49.059;2.085;0.777;0.443;1.398;0.030;3.224;97.802;95.821;30.685;2.648;1.674;2.648;0.002;0.384;5.138;0.154;0;2;28.119;28.121;nan;nan;nan;24252;1;0;0;0;0;0;0
201;1;1;1;IDLE;0.000;0.000;1.000;21250.607487;21250.612638;21250.646836;21250.702653;805285;805285;805285;9587;21;12884560;12884600;100.000;659.909;659.909;6.473;7.107;3092.304;4.435;0.000;0.000;5.049;8.984;0.002;18.468;18.468;70.490;90.015;34.198;20.517;54.004;2.381;0.788;0.460;1.392;0.027;5.152;95.166;93.633;35.709;2.376;1.718;2.376;0.002;0.638;5.122;0.154;0;1;33.651;33.652;nan;nan;nan;26884;1;0;0;0;0;0;0
202;1;1;1;IDLE;0.000;0.000;1.000;21250.642690;21250.648015;21250.680920;21250.702692;803318;803318;803318;9564;21;12853088;12853128;100.000;673.063;673.063;6.654;7.288;3084.751;4.248;0.000;0.000;4.361;9.022;0.001;17.631;17.631;35.581;54.677;32.905;32.245;53.580;1.609;0.763;0.443;1.511;0.034;5.325;60.002;60.338;35.376;2.043;1.738;2.043;0.002;0.423;4.937;0.148;0;2;30.752;30.753;nan;nan;nan;27636;1;0;0;0;0;0;0
203;1;1;1;IDLE;0.000;0.000;1.000;21250.673599;21250.676997;21250.710988;21250.770811;802036;802036;802036;9549;23;12832576;12832616;100.000;621.351;621.351;7.015;7.711;3079.828;4.295;0.000;0.000;4.984;8.019;0.002;17.298;17.298;73.160;93.813;33.991;18.439;50.890;2.236;0.796;0.478;1.447;0.027;3.399;97.212;95.124;28.983;4.351;1.901;4.351;0.002;0.332;4.952;0.149;0;2;29.110;29.111;nan;nan;nan;29140;1;0;0;0;0;0;0
204;1;1;1;IDLE;0.000;0.000;1.000;21250.707189;21250.711988;21250.747073;21250.803364;810228;810228;810228;9646;22;12963648;12963688;100.000;640.142;640.142;6.834;7.500;3111.285;4.522;0.000;0.000;5.231;9.021;0.002;18.774;18.774;71.124;91.376;35.085;20.546;53.509;2.559;0.799;0.451;1.390;0.032;4.799;96.175;94.344;34.991;1.658;1.886;1.658;0.002;0.579;5.026;0.151;0;1;32.755;32.756;nan;nan;nan;28388;1;0;0;0;0;0;0
205;1;1;1;IDLE;0.000;0.000;1.000;21250.741645;21250.746910;21250.778612;21250.803402;808185;808185;808185;9622;20;12930960;12931000;100.000;659.103;659.103;6.338;6.941;3103.440;4.335;0.000;0.000;4.246;7.484;0.001;16.065;16.065;36.873;56.492;31.702;28.438;50.676;1.610;0.783;0.431;1.393;0.027;5.265;61.757;61.049;34.922;1.589;1.868;1.589;0.009;0.343;4.836;0.145;0;2;32.233;32.234;nan;nan;nan;26320;1;0;0;0;0;0;0
206;1;1;1;IDLE;0.000;0.000;1.000;21250.773648;21250.776644;21250.811648;21250.869468;815223;815223;815223;9706;21;13043568;13043608;100.000;626.774;626.774;6.564;7.198;3130.466;4.528;0.000;0.000;5.889;7.439;0.003;17.856;17.856;72.014;92.824;35.004;19.237;51.012;3.226;0.783;0.440;1.409;0.031;2.996;95.820;93.781;29.734;3.600;1.976;3.600;0.003;0.862;5.102;0.153;0;2;34.313;34.315;nan;nan;nan;27260;1;0;0;0;0;0;0
207;1;1;1;IDLE;0.000;0.000;1.000;21250.807787;21250.811700;21250.848305;21250.903749;799426;799426;799426;9517;22;12790816;12790856;100.000;613.097;613.097;6.699;7.364;3069.805;4.358;0.000;0.000;5.930;9.016;0.001;19.304;19.304;71.186;92.049;36.605;20.972;52.737;3.178;0.762;0.436;1.519;0.034;3.913;95.962;94.729;35.056;1.723;1.960;1.723;0.003;0.793;5.314;0.159;0;2;30.176;30.177;nan;nan;nan;27824;1;0;0;0;0;0;0
208;1;1;1;IDLE;0.000;0.000;1.000;21250.839951;21250.842915;21250.876219;21250.936866;790320;790320;790320;9409;21;12645120;12645160;100.000;620.566;620.566;6.518;7.152;3034.838;3.948;0.000;0.000;5.466;6.862;0.001;16.275;16.275;73.574;93.951;33.304;17.323;48.868;2.043;0.772;0.478;2.140;0.031;2.965;96.915;94.513;31.215;2.118;1.970;2.118;0.002;0.596;5.358;0.161;0;2;34.388;34.391;nan;nan;nan;27072;1;0;0;0;0;0;0
209;1;1;1;IDLE;0.000;0.000;1.000;21250.873837;21250.877933;21250.912457;21250.970465;795945;795945;795945;9476;21;12735120;12735160;100.000;643.705;643.705;6.473;7.107;3056.438;4.356;0.000;0.000;6.010;8.018;0.001;18.385;18.385;72.747;92.532;34.524;19.869;53.253;3.392;0.766;0.427;1.391;0.034;4.096;96.628;94.778;35.018;1.684;1.952;1.684;0.002;0.708;5.524;0.166;0;2;32.424;32.425;nan;nan;nan;26884;1;0;0;0;0;0;0
210;1;1;1;IDLE;0.000;0.000;1.000;21250.906950;21250.910065;21250.944713;21251.003957;792891;792891;792891;9440;22;12686256;12686296;100.000;609.590;609.590;6.789;7.454;3044.711;4.272;0.000;0.000;5.963;7.190;0.003;17.426;17.426;73.080;93.892;34.648;18.559;50.294;3.087;0.758;0.431;1.655;0.033;3.115;97.006;94.937;32.132;1.201;1.905;1.201;0.003;0.680;5.637;0.169;0;2;32.939;32.939;nan;nan;nan;28200;1;0;0;0;0;0;0
211;1;1;1;IDLE;0.000;0.000;1.000;21250.940475;21250.943570;21250.978613;21251.038477;797320;797320;797320;9492;104;12757120;12757160;100.000;623.500;623.500;32.778;36.002;3061.718;4.405;0.000;0.000;6.409;8.020;0.008;18.834;18.834;74.446;94.907;35.043;19.845;53.746;3.255;1.005;0.476;1.639;0.034;3.095;98.002;96.124;33.505;0.172;1.797;0.172;0.002;0.150;5.834;0.175;0;2;33.359;33.361;nan;nan;nan;136488;1;0;0;0;0;0;0
212;1;1;1;IDLE;0.000;0.000;1.000;21250.974054;21250.977471;21251.012057;21251.070181;805214;805214;805214;9586;21;12883424;12883464;100.000;602.787;602.787;6.428;7.062;3092.031;4.469;0.000;0.000;5.084;7.692;0.003;17.245;17.245;71.337;92.710;34.587;18.601;49.861;2.123;0.778;0.471;1.681;0.031;3.417;96.127;94.495;33.901;0.567;1.720;0.567;0.002;0.434;5.651;0.170;0;2;34.105;34.108;nan;nan;nan;26696;1;0;0;0;0;0;0
213;1;1;1;IDLE;0.000;0.000;1.000;21251.007338;21251.010354;21251.047125;21251.106052;797126;797126;797126;9490;16;12754016;12754056;100.000;591.907;591.907;5.029;5.508;3060.973;4.360;0.000;0.000;6.522;8.367;0.002;19.249;19.249;74.151;95.698;36.771;20.114;52.348;3.366;0.968;0.436;1.715;0.036;3.016;98.714;97.032;32.883;0.450;1.641;0.450;0.002;0.332;5.877;0.176;0;2;31.420;31.421;nan;nan;nan;20868;1;0;0;0;0;0;0
214;1;1;1;IDLE;0.000;0.000;1.000;21251.040704;21251.043730;21251.078845;21251.138040;803136;803136;803136;9562;14;12850176;12850216;100.000;602.015;602.015;4.262;4.678;3084.052;4.169;0.000;0.000;5.077;8.009;0.002;17.255;17.255;72.965;94.310;35.115;18.296;49.138;2.411;0.780;0.454;1.402;0.031;3.027;97.337;95.687;33.376;0.043;1.541;0.043;0.011;0.672;5.680;0.170;0;2;35.210;35.212;nan;nan;nan;17672;1;0;0;0;0;0;0
215;1;1;1;IDLE;0.000;0.000;1.000;21251.074696;21251.077987;21251.116933;21251.170120;809297;809297;809297;9635;19;12948752;12948792;100.000;601.350;601.350;5.842;6.413;3107.710;4.682;0.000;0.000;6.484;10.013;0.003;21.179;21.179;70.600;92.133;38.946;22.988;54.381;3.410;0.866;0.438;1.732;0.038;3.291;95.424;94.433;34.257;0.924;1.502;0.924;0.003;0.912;5.888;0.177;0;2;31.115;31.117;nan;nan;nan;24252;1;0;0;0;0;0;0
216;1;1;1;IDLE;0.000;0.000;1.000;21251.106754;21251.109931;21251.145999;21251.205332;808156;808156;808156;9621;21;12930496;12930536;100.000;606.203;606.203;6.518;7.152;3103.329;4.096;0.000;0.000;5.191;9.018;0.002;18.306;18.306;74.070;95.401;36.069;19.188;50.753;2.275;0.780;0.482;1.623;0.031;3.177;98.577;96.312;31.944;1.390;1.495;1.390;0.003;0.525;5.721;0.172;0;2;33.135;33.136;nan;nan;nan;27072;1;0;0;0;0;0;0
217;1;1;1;IDLE;0.000;0.000;1.000;21251.140757;21251.143890;21251.179078;21251.237264;810355;810355;810355;9648;22;12965680;12965720;100.000;604.691;604.691;6.879;7.545;3111.773;4.419;0.000;0.000;4.767;8.018;0.003;17.204;17.204;71.932;93.373;35.188;18.425;48.893;2.133;0.777;0.433;1.393;0.031;3.133;96.506;94.910;33.959;0.626;1.441;0.626;0.002;0.958;5.485;0.165;0;2;34.268;34.269;nan;nan;nan;28576;1;0;0;0;0;0;0
218;1;1;1;IDLE;0.000;0.000;1.000;21251.174342;21251.178055;21251.217167;21251.271817;810211;810211;810211;9646;22;12963376;12963416;100.000;608.035;608.035;6.924;7.590;3111.220;4.465;0.000;0.000;5.914;11.024;0.003;21.403;21.403;72.442;93.762;39.112;22.827;54.722;3.257;0.784;0.438;1.404;0.031;3.714;97.476;96.131;34.165;0.832;1.403;0.832;0.009;0.844;5.598;0.168;0;2;31.115;31.116;nan;nan;nan;28764;1;0;0;0;0;0;0
219;1;1;1;IDLE;0.000;0.000;1.000;21251.206525;21251.209640;21251.244190;21251.303458;808645;808645;808645;9627;23;12938320;12938360;100.000;593.147;593.147;7.060;7.756;3105.206;4.331;0.000;0.000;4.896;7.406;0.003;16.633;16.633;72.005;93.819;34.550;17.729;48.142;2.223;0.788;0.453;1.401;0.032;3.115;96.934;94.438;31.584;1.749;1.424;1.749;0.002;0.431;5.425;0.163;0;2;35.029;35.031;nan;nan;nan;29328;1;0;0;0;0;0;0
220;1;1;1;IDLE;0.000;0.000;1.000;21251.240927;21251.244285;21251.281317;21251.336776;810783;810783;810783;9653;21;12972528;12972568;100.000;599.726;599.726;6.609;7.243;3113.416;4.557;0.000;0.000;5.865;9.018;0.002;19.441;19.441;70.860;92.491;37.031;21.019;52.498;3.222;0.769;0.434;1.405;0.034;3.358;95.849;94.423;34.646;1.312;1.417;1.312;0.002;0.513;5.541;0.166;0;2;31.157;31.158;nan;nan;nan;27448;1;0;0;0;0;0;0
221;1;1;1;IDLE;0.000;0.000;1.000;21251.273273;21251.276345;21251.310369;21251.336813;807088;807088;807088;9609;21;12913408;12913448;100.000;607.831;607.831;6.654;7.288;3099.228;4.262;0.000;0.000;5.528;7.003;0.001;16.793;16.793;39.222;60.468;34.024;27.772;49.358;2.210;0.798;0.472;2.015;0.032;3.072;63.540;61.126;32.060;1.273;1.408;1.273;0.003;0.244;5.544;0.166;0;2;33.407;33.408;nan;nan;nan;27636;1;0;0;0;0;0;0
222;1;1;1;IDLE;0.000;0.000;1.000;21251.307510;21251.310670;21251.345468;21251.402502;809369;809369;809369;9636;22;12949904;12949944;100.000;613.311;613.311;6.789;7.454;3107.987;4.233;0.000;0.000;4.972;8.021;0.003;17.227;17.227;70.716;91.831;34.798;18.759;49.505;2.216;0.786;0.459;1.481;0.030;3.160;94.991;93.482;34.325;0.992;1.382;0.992;0.002;0.686;5.403;0.162;0;2;33.473;33.474;nan;nan;nan;28200;1;0;0;0;0;0;0
223;1;1;1;IDLE;0.000;0.000;1.000;21251.340718;21251.344135;21251.380548;21251.430728;795354;795354;795354;9469;21;12725664;12725704;100.000;608.426;608.426;6.609;7.243;3054.169;4.385;0.000;0.000;5.807;9.020;0.002;19.212;19.212;65.677;86.593;36.413;22.187;52.761;3.168;0.771;0.429;1.404;0.035;3.417;90.009;88.375;33.465;0.131;1.304;0.131;0.012;0.657;5.515;0.165;0;2;30.970;30.971;nan;nan;nan;27448;1;0;0;0;0;0;0
224;1;1;1;IDLE;0.000;0.000;1.000;21251.373610;21251.376884;21251.409772;21251.470778;795455;795455;795455;9470;21;12727280;12727320;100.000;623.870;623.870;6.609;7.243;3054.557;4.199;0.000;0.000;5.184;7.173;0.001;16.557;16.557;73.493;93.894;32.889;17.633;50.342;2.157;0.781;0.465;1.749;0.033;3.273;97.168;95.091;32.749;0.585;1.259;0.585;0.003;0.127;5.438;0.163;0;2;28.123;28.126;nan;nan;nan;27448;1;0;0;0;0;0;0
225;1;1;1;IDLE;0.000;0.000;1.000;21251.407460;21251.412163;21251.446190;21251.503509;795720;795720;795720;9473;22;12731520;12731560;100.000;641.915;641.915;6.699;7.364;3055.574;4.539;0.000;0.000;5.454;8.510;0.002;18.503;18.503;71.512;91.346;34.026;20.256;54.378;2.780;0.776;0.455;1.410;0.033;4.703;96.049;94.489;35.280;1.946;1.302;1.946;0.002;0.226;5.447;0.163;0;1;33.094;33.096;nan;nan;nan;27824;1;0;0;0;0;0;0
226;1;1;1;IDLE;0.000;0.000;1.000;21251.442350;21251.447311;21251.480782;21251.503995;798723;798723;798723;9509;105;12779568;12779608;100.000;667.143;667.143;33.184;36.439;3067.106;4.091;0.000;0.000;4.259;9.024;0.004;17.374;17.374;37.528;56.684;33.471;30.651;51.908;1.645;0.754;0.437;1.394;0.028;4.962;61.645;61.642;35.148;1.815;1.334;1.815;0.002;1.029;5.160;0.155;0;2;31.747;31.750;nan;nan;nan;138180;1;0;0;0;0;0;0
227;1;1;1;IDLE;0.000;0.000;1.000;21251.473633;21251.476815;21251.510947;21251.569641;807441;807441;807441;9613;20;12919056;12919096;100.000;622.634;622.634;6.067;6.670;3100.583;4.270;0.000;0.000;5.924;7.112;0.002;17.306;17.306;72.076;92.825;34.131;18.643;50.703;3.247;0.792;0.443;1.411;0.030;3.182;96.007;93.954;29.504;3.829;1.490;3.829;0.002;0.344;5.354;0.161;0;2;34.766;34.767;nan;nan;nan;25192;1;0;0;0;0;0;0
228;1;1;1;IDLE;0.000;0.000;1.000;21251.507386;21251.510967;21251.547940;21251.605166;803316;803316;803316;9564;18;12853056;12853096;100.000;591.714;591.714;5.436;5.976;3084.743;4.502;0.000;0.000;5.879;9.019;0.002;19.400;19.400;72.477;94.199;36.973;20.595;52.472;3.238;0.761;0.436;1.409;0.035;3.581;97.780;96.146;34.152;0.818;1.448;0.818;0.003;0.350;5.491;0.165;0;2;30.716;30.718;nan;nan;nan;22560;1;0;0;0;0;0;0
229;1;1;1;IDLE;0.000;0.000;1.000;21251.540044;21251.543131;21251.577006;21251.637197;809074;809074;809074;9632;18;12945184;12945224;100.000;620.420;620.420;5.661;6.202;3106.854;4.126;0.000;0.000;5.242;7.707;0.002;17.075;17.075;73.201;94.066;33.876;18.152;50.405;2.277;0.788;0.470;1.675;0.032;3.086;97.152;94.843;32.164;1.170;1.431;1.170;0.002;0.058;5.432;0.163;0;2;35.861;35.864;nan;nan;nan;23500;1;0;0;0;0;0;0
230;1;1;1;IDLE;0.000;0.000;1.000;21251.573799;21251.577538;21251.614965;21251.672401;808265;808265;808265;9623;19;12932240;12932280;100.000;617.085;617.085;5.977;6.549;3103.747;4.573;0.000;0.000;6.628;8.891;0.002;20.093;20.093;73.905;94.862;37.427;21.181;53.685;3.644;0.784;0.436;1.730;0.034;3.739;98.601;96.714;34.408;1.075;1.408;1.075;0.002;0.948;5.738;0.172;0;2;31.119;31.120;nan;nan;nan;24816;1;0;0;0;0;0;0
231;1;1;1;IDLE;0.000;0.000;1.000;21251.606886;21251.610103;21251.645165;21251.704368;818848;818848;818848;9749;22;13101568;13101608;100.000;609.593;609.593;6.744;7.409;3144.386;4.336;0.000;0.000;4.977;7.940;0.003;17.252;17.252;72.772;94.265;35.062;18.302;49.204;2.177;0.804;0.478;1.486;0.031;3.218;97.482;95.348;32.565;0.769;1.368;0.769;0.002;0.650;5.550;0.167;0;2;35.171;35.172;nan;nan;nan;28012;1;0;0;0;0;0;0
232;1;1;1;IDLE;0.000;0.000;1.000;21251.640694;21251.643993;21251.682876;21251.737918;820617;820617;820617;9770;22;13129872;13129912;100.000;602.856;602.856;6.744;7.409;3151.179;4.816;0.000;0.000;6.589;9.645;0.003;21.049;21.049;72.145;93.925;38.883;22.411;54.135;3.896;0.780;0.429;1.446;0.038;3.299;97.224;95.565;33.890;0.557;1.318;0.557;0.005;0.864;5.816;0.174;0;2;31.130;31.132;nan;nan;nan;28012;1;0;0;0;0;0;0
233;1;1;1;IDLE;0.000;0.000;1.000;21251.673067;21251.676379;21251.711107;21251.771484;814146;814146;814146;9693;22;13026336;13026376;100.000;618.049;618.049;6.789;7.454;3126.330;4.225;0.000;0.000;5.211;8.368;0.003;17.805;17.805;74.028;95.105;34.728;18.721;51.270;2.238;0.787;0.459;1.697;0.030;3.312;98.417;95.797;32.386;0.947;1.295;0.947;0.003;0.068;5.667;0.170;0;2;35.174;35.176;nan;nan;nan;28200;1;0;0;0;0;0;0
234;1;1;1;IDLE;0.000;0.000;1.000;21251.707386;21251.711087;21251.746351;21251.805569;814852;814852;814852;9701;22;13037632;13037672;100.000;632.592;632.592;6.789;7.454;3129.041;4.302;0.000;0.000;6.185;7.966;0.003;18.453;18.453;73.872;94.482;35.264;19.531;52.329;3.152;0.837;0.436;1.722;0.037;3.701;98.183;96.549;34.708;1.375;1.300;1.375;0.002;0.499;5.802;0.174;0;2;33.095;33.096;nan;nan;nan;28200;1;0;0;0;0;0;0
235;1;1;1;IDLE;0.000;0.000;1.000;21251.740997;21251.744115;21251.780655;21251.837672;815725;815725;815725;9712;21;13051600;13051640;100.000;595.186;595.186;6.518;7.152;3132.394;4.463;0.000;0.000;5.414;8.187;0.004;18.064;18.064;71.628;93.556;36.539;19.308;49.437;2.362;0.804;0.453;1.757;0.039;3.118;96.674;95.318;33.028;0.305;1.237;0.305;0.002;1.007;5.709;0.171;0;2;33.096;33.098;nan;nan;nan;27072;1;0;0;0;0;0;0
236;1;1;1;IDLE;0.000;0.000;1.000;21251.774306;21251.777386;21251.815784;21251.870740;816078;816078;816078;9716;21;13057248;13057288;100.000;603.320;603.320;6.428;7.062;3133.749;4.398;0.000;0.000;6.486;9.239;0.003;20.123;20.123;71.711;93.354;38.398;21.556;52.407;3.333;0.957;0.439;1.721;0.036;3.080;96.434;95.053;33.271;0.063;1.164;0.063;0.003;1.027;5.913;0.177;0;2;31.120;31.121;nan;nan;nan;26696;1;0;0;0;0;0;0
237;1;1;1;IDLE;0.000;0.000;1.000;21251.807232;21251.810341;21251.845633;21251.905431;810868;810868;810868;9654;21;12973888;12973928;100.000;598.412;598.412;6.654;7.288;3113.743;4.193;0.000;0.000;5.050;8.454;0.002;17.697;17.697;73.409;95.089;35.292;18.611;50.145;2.362;0.785;0.460;1.409;0.036;3.109;98.198;96.411;32.955;0.378;1.115;0.378;0.003;0.102;5.701;0.171;0;2;33.556;33.557;nan;nan;nan;27636;1;0;0;0;0;0;0
238;1;1;1;IDLE;0.000;0.000;1.000;21251.841120;21251.844156;21251.879710;21251.936383;801907;801907;801907;9547;21;12830512;12830552;100.000;591.505;591.505;6.564;7.198;3079.332;4.591;0.000;0.000;4.865;8.011;0.003;17.468;17.468;70.536;92.227;35.555;18.940;49.129;2.134;0.787;0.459;1.435;0.051;3.035;95.263;94.030;33.814;0.481;1.075;0.481;0.002;0.984;5.496;0.165;0;2;33.727;33.730;nan;nan;nan;27260;1;0;0;0;0;0;0
239;1;1;1;IDLE;0.000;0.000;1.000;21251.874470;21251.877757;21251.914940;21251.971259;799196;799196;799196;9515;22;12787136;12787176;100.000;599.982;599.982;6.699;7.364;3068.922;4.263;0.000;0.000;6.323;9.166;0.002;19.752;19.752;72.190;93.502;37.183;21.125;53.122;3.535;0.766;0.432;1.550;0.041;3.287;96.789;95.573;33.601;0.268;1.025;0.268;0.003;0.377;5.709;0.171;0;2;30.607;30.607;nan;nan;nan;27824;1;0;0;0;0;0;0
240;1;1;1;IDLE;0.000;0.000;1.000;21251.907179;21251.910377;21251.943072;21252.004207;799621;799621;799621;9520;22;12793936;12793976;100.000;618.280;618.280;6.834;7.500;3070.554;4.177;0.000;0.000;5.066;6.763;0.004;16.006;16.006;73.138;93.831;32.695;17.059;48.957;2.182;0.783;0.477;1.595;0.030;3.198;97.029;95.187;32.620;0.714;1.005;0.714;0.002;0.169;5.551;0.167;0;2;34.948;34.949;nan;nan;nan;28388;1;0;0;0;0;0;0
241;1;1;1;IDLE;0.000;0.000;1.000;21251.940529;21251.944128;21251.979943;21252.005247;808174;808174;808174;9622;106;12930784;12930824;100.000;623.924;623.924;33.500;36.786;3103.398;4.513;0.000;0.000;6.370;8.013;0.011;18.896;18.896;40.394;61.119;35.815;30.917;52.761;3.424;0.828;0.431;1.650;0.037;3.599;64.717;62.893;33.751;0.418;0.969;0.418;0.010;0.696;5.760;0.173;0;2;32.272;32.274;nan;nan;nan;139496;1;0;0;0;0;0;0
242;1;1;1;IDLE;0.000;0.000;1.000;21251.974024;21251.977175;21252.014022;21252.070257;810609;810609;810609;9651;22;12969744;12969784;100.000;582.726;582.726;6.699;7.364;3112.748;4.375;0.000;0.000;4.740;9.016;0.004;18.131;18.131;70.825;93.082;36.848;19.479;49.206;2.076;0.781;0.443;1.407;0.033;3.151;96.233;94.570;33.047;0.287;0.926;0.287;0.002;0.832;5.510;0.165;0;2;32.820;32.821;nan;nan;nan;27824;1;0;0;0;0;0;0
243;1;1;1;IDLE;0.000;0.000;1.000;21252.007750;21252.010855;21252.047103;21252.106359;809086;809086;809086;9632;15;12945376;12945416;100.000;590.496;590.496;4.759;5.206;3106.900;4.713;0.000;0.000;5.020;9.022;0.001;18.755;18.755;73.581;95.504;36.248;19.638;51.742;2.263;0.854;0.459;1.410;0.035;3.105;98.609;97.339;33.681;0.347;0.890;0.347;0.002;0.280;5.393;0.162;0;2;32.172;32.173;nan;nan;nan;19740;1;0;0;0;0;0;0
244;1;1;1;IDLE;0.000;0.000;1.000;21252.040611;21252.043625;21252.079175;21252.138385;804105;804105;804105;9573;17;12865680;12865720;100.000;602.748;602.748;5.255;5.764;3087.773;4.301;0.000;0.000;5.267;8.008;0.002;17.576;17.576;73.415;94.760;35.550;18.547;49.439;2.525;0.801;0.463;1.448;0.030;3.013;97.774;96.032;32.769;0.564;0.869;0.564;0.002;0.927;5.364;0.161;0;2;35.187;35.191;nan;nan;nan;21808;1;0;0;0;0;0;0
245;1;1;1;IDLE;0.000;0.000;1.000;21252.074729;21252.078545;21252.117264;21252.171102;810243;810243;810243;9646;19;12963888;12963928;100.000;616.133;616.133;5.842;6.413;3111.343;4.406;0.000;0.000;6.739;10.022;0.003;21.166;21.166;71.517;92.558;38.719;22.867;54.665;3.792;0.818;0.442;1.650;0.036;3.816;96.373;95.416;34.920;1.587;0.914;1.587;0.002;0.915;5.713;0.171;0;2;31.137;31.139;nan;nan;nan;24252;1;0;0;0;0;0;0
246;1;1;1;IDLE;0.000;0.000;1.000;21252.106665;21252.109712;21252.146123;21252.205750;808451;808451;808451;9625;21;12935216;12935256;100.000;621.180;621.180;6.564;7.198;3104.461;4.061;0.000;0.000;4.766;10.448;0.003;19.276;19.276;75.215;96.039;36.412;20.071;52.939;2.100;0.781;0.456;1.401;0.029;3.047;99.086;96.730;31.167;2.166;0.993;2.166;0.002;0.370;5.480;0.164;0;2;35.421;35.423;nan;nan;nan;27260;1;0;0;0;0;0;0
247;1;1;1;IDLE;0.000;0.000;1.000;21252.140881;21252.144103;21252.178735;21252.237608;818595;818595;818595;9746;23;13097520;13097560;100.000;603.446;603.446;7.015;7.711;3143.414;4.465;0.000;0.000;5.253;7.343;0.003;17.062;17.062;71.800;93.505;34.632;18.247;49.266;2.165;0.793;0.438;1.820;0.036;3.222;96.727;95.255;34.392;1.058;0.997;1.058;0.002;0.328;5.429;0.163;0;2;34.354;34.356;nan;nan;nan;29140;1;0;0;0;0;0;0
248;1;1;1;IDLE;0.000;0.000;1.000;21252.174113;21252.177223;21252.215675;21252.271346;813416;813416;813416;9684;23;13014656;13014696;100.000;581.307;581.307;7.015;7.711;3123.527;4.437;0.000;0.000;6.104;9.201;0.004;19.743;19.743;71.734;94.123;38.452;20.975;51.343;3.439;0.775;0.432;1.425;0.034;3.111;97.234;95.659;33.120;0.213;0.948;0.213;0.002;0.755;5.604;0.168;0;2;31.128;31.131;nan;nan;nan;29140;1;0;0;0;0;0;0
249;1;1;1;IDLE;0.000;0.000;1.000;21252.206664;21252.209750;21252.244688;21252.303464;816251;816251;816251;9718;23;13060016;13060056;100.000;613.932;613.932;7.195;7.892;3134.413;4.198;0.000;0.000;5.209;8.148;0.003;17.554;17.554;72.442;93.715;34.938;18.731;50.243;2.197;0.794;0.458;1.727;0.032;3.086;96.800;94.444;32.526;0.807;0.939;0.807;0.010;0.298;5.508;0.165;0;2;34.802;34.803;nan;nan;nan;29892;1;0;0;0;0;0;0
250;1;1;1;IDLE;0.000;0.000;1.000;21252.241332;21252.244353;21252.279760;21252.339676;820584;820584;820584;9769;22;13129344;13129384;100.000;598.363;598.363;6.879;7.545;3151.052;4.423;0.000;0.000;4.993;8.107;0.002;17.523;17.523;73.381;95.323;35.408;18.383;49.490;2.167;0.794;0.461;1.538;0.032;3.021;98.344;97.323;34.603;1.270;0.960;1.270;0.002;0.362;5.391;0.162;0;2;31.808;31.810;nan;nan;nan;28576;1;0;0;0;0;0;0
251;1;1;1;IDLE;0.000;0.000;1.000;21252.274028;21252.277110;21252.310550;21252.369904;817535;817535;817535;9733;21;13080560;13080600;100.000;611.734;611.734;6.473;7.107;3139.344;4.443;0.000;0.000;4.951;6.852;0.001;16.246;16.246;71.411;92.794;33.440;17.508;48.583;2.222;0.828;0.460;1.411;0.030;3.082;95.876;94.217;32.758;0.576;0.936;0.576;0.002;0.251;5.284;0.159;0;2;35.973;35.975;nan;nan;nan;26884;1;0;0;0;0;0;0
252;1;1;1;IDLE;0.000;0.000;1.000;21252.307437;21252.310936;21252.349811;21252.404975;812707;812707;812707;9676;22;13003312;13003352;100.000;601.050;601.050;6.924;7.590;3120.804;4.461;0.000;0.000;7.070;10.027;0.002;21.558;21.558;72.404;94.038;38.874;22.925;55.457;4.360;0.803;0.429;1.440;0.038;3.499;97.538;95.954;33.826;0.493;0.908;0.493;0.003;0.139;5.736;0.172;0;2;30.117;30.118;nan;nan;nan;28764;1;0;0;0;0;0;0
253;1;1;1;IDLE;0.000;0.000;1.000;21252.339756;21252.342958;21252.376692;21252.437223;811017;811017;811017;9655;23;12976272;12976312;100.000;621.945;621.945;7.015;7.711;3114.315;4.015;0.000;0.000;5.153;7.081;0.002;16.249;16.249;73.401;94.265;33.734;17.238;48.168;2.183;0.789;0.455;1.688;0.038;3.201;97.466;94.869;32.021;1.312;0.933;1.312;0.002;0.632;5.593;0.168;0;2;35.359;35.361;nan;nan;nan;29140;1;0;0;0;0;0;0
254;1;1;1;IDLE;0.000;0.000;1.000;21252.373895;21252.377489;21252.415049;21252.471964;812416;812416;812416;9672;22;12998656;12998696;100.000;619.473;619.473;6.744;7.409;3119.687;4.338;0.000;0.000;6.470;9.109;0.002;19.917;19.917;73.491;94.474;37.560;21.082;53.028;3.777;0.795;0.440;1.422;0.036;3.594;98.069;96.277;34.532;1.198;0.950;1.198;0.002;0.994;5.817;0.175;0;2;31.281;31.282;nan;nan;nan;28012;1;0;0;0;0;0;0
255;1;1;1;IDLE;0.000;0.000;1.000;21252.407050;21252.410606;21252.445322;21252.502296;815874;815874;815874;9713;22;13053984;13054024;100.000;614.607;614.607;6.744;7.409;3132.966;4.292;0.000;0.000;5.358;7.308;0.002;16.959;16.959;70.450;91.690;34.716;18.496;48.850;2.397;0.797;0.462;1.673;0.030;3.556;95.246;93.276;33.116;0.217;0.904;0.217;0.002;0.807;5.705;0.171;0;2;33.946;33.948;nan;nan;nan;28012;1;0;0;0;0;0;0
256;1;1;1;IDLE;0.000;0.000;1.000;21252.441045;21252.444412;21252.480155;21252.531301;811813;811813;811813;9665;105;12989008;12989048;100.000;600.968;600.968;33.094;36.349;3117.372;4.326;0.000;0.000;5.879;8.040;0.005;18.245;18.245;65.275;86.889;35.743;20.999;51.046;3.194;0.765;0.436;1.450;0.035;3.367;90.256;88.947;33.806;0.473;0.877;0.473;0.002;0.206;5.761;0.173;0;2;30.176;30.180;nan;nan;nan;137804;1;0;0;0;0;0;0
257;1;1;1;IDLE;0.000;0.000;1.000;21252.473603;21252.476595;21252.511182;21252.571369;809323;809323;809323;9635;22;12949168;12949208;100.000;651.949;651.949;6.789;7.454;3107.810;3.838;0.000;0.000;4.924;9.015;0.002;17.777;17.777;74.912;94.775;34.587;18.757;51.396;2.176;0.786;0.469;1.460;0.032;2.992;97.766;95.683;32.183;1.151;0.894;1.151;0.002;0.784;5.554;0.167;0;2;29.129;29.130;nan;nan;nan;28200;1;0;0;0;0;0;0
258;1;1;1;IDLE;0.000;0.000;1.000;21252.507376;21252.511987;21252.549270;21252.602477;806066;806066;806066;9597;16;12897056;12897096;100.000;644.682;644.682;4.849;5.327;3095.303;4.555;0.000;0.000;6.274;10.019;0.002;20.848;20.848;70.484;90.490;37.283;23.039;55.919;3.572;0.787;0.451;1.424;0.041;4.611;95.101;93.457;35.393;2.059;0.967;2.059;0.010;0.973;5.739;0.172;0;1;32.115;32.116;nan;nan;nan;20116;1;0;0;0;0;0;0
259;1;1;1;IDLE;0.000;0.000;1.000;21252.540870;21252.545859;21252.578796;21252.632520;803994;803994;803994;9572;17;12863904;12863944;100.000;633.152;633.152;5.210;5.719;3087.347;4.693;0.000;0.000;4.160;8.421;0.002;17.274;17.274;66.344;86.661;32.937;19.933;52.446;1.523;0.774;0.450;1.387;0.027;4.989;91.650;90.167;33.872;0.538;0.940;0.538;0.002;0.036;5.347;0.160;0;2;32.099;32.100;nan;nan;nan;21620;1;0;0;0;0;0;0
260;1;1;1;IDLE;0.000;0.000;1.000;21252.573901;21252.576949;21252.611415;21252.670630;804675;804675;804675;9580;19;12874800;12874840;100.000;631.197;631.197;5.842;6.413;3089.962;4.255;0.000;0.000;5.112;8.010;0.001;17.377;17.377;73.284;93.681;34.466;18.549;50.416;2.270;0.800;0.467;1.545;0.030;3.048;96.729;94.943;31.090;2.243;1.022;2.243;0.002;0.945;5.291;0.159;0;2;29.112;29.113;nan;nan;nan;24252;1;0;0;0;0;0;0
261;1;1;1;IDLE;0.000;0.000;1.000;21252.607821;21252.612465;21252.649065;21252.703200;803023;803023;803023;9560;20;12848368;12848408;100.000;639.139;639.139;6.203;6.805;3083.618;4.520;0.000;0.000;5.942;9.582;0.002;20.045;20.045;70.632;90.735;36.600;22.092;54.767;3.170;0.780;0.457;1.494;0.041;4.644;95.379;94.180;35.516;2.183;1.094;2.183;0.002;0.970;5.458;0.164;0;1;31.144;31.145;nan;nan;nan;25756;1;0;0;0;0;0;0
262;1;1;1;IDLE;0.000;0.000;1.000;21252.641106;21252.645893;21252.677499;21252.703240;804900;804900;804900;9583;21;12878400;12878440;100.000;645.673;645.673;6.654;7.288;3090.826;4.540;0.000;0.000;4.306;6.945;0.001;15.791;15.791;37.401;57.347;31.606;27.536;49.963;1.659;0.778;0.451;1.393;0.025;4.788;62.134;60.886;33.428;0.095;1.032;0.095;0.002;0.406;5.172;0.155;0;2;32.643;32.644;nan;nan;nan;27636;1;0;0;0;0;0;0
263;1;1;1;IDLE;0.000;0.000;1.000;21252.674024;21252.677251;21252.711650;21252.769678;801032;801032;801032;9537;22;12816512;12816552;100.000;611.241;611.241;6.924;7.590;3075.972;4.557;0.000;0.000;4.961;8.019;0.003;17.537;17.537;71.458;92.427;34.398;18.974;50.981;2.092;0.760;0.457;1.623;0.030;3.227;95.653;93.991;31.358;1.975;1.091;1.975;0.003;0.447;5.122;0.154;0;2;34.172;34.173;nan;nan;nan;28764;1;0;0;0;0;0;0
264;1;1;1;IDLE;0.000;0.000;1.000;21252.707796;21252.712084;21252.747732;21252.804625;793638;793638;793638;9449;23;12698208;12698248;100.000;625.205;625.205;7.195;7.892;3047.580;4.283;0.000;0.000;5.379;9.016;0.002;18.678;18.678;72.231;92.542;35.648;20.183;52.395;2.759;0.756;0.426;1.407;0.031;4.287;96.829;95.605;34.832;1.499;1.116;1.499;0.002;0.939;5.192;0.156;0;2;30.958;30.959;nan;nan;nan;29892;1;0;0;0;0;0;0
265;1;1;1;IDLE;0.000;0.000;1.000;21252.740461;21252.743461;21252.776799;21252.838475;801156;801156;801156;9538;23;12818496;12818536;100.000;610.258;610.258;7.105;7.801;3076.449;4.337;0.000;0.000;5.186;7.015;0.003;16.539;16.539;74.009;95.014;33.339;17.407;49.608;2.180;0.786;0.451;1.737;0.033;3.000;98.014;96.122;31.377;1.956;1.169;1.956;0.002;0.128;5.194;0.156;0;2;34.837;34.838;nan;nan;nan;29516;1;0;0;0;0;0;0
266;1;1;1;IDLE;0.000;0.000;1.000;21252.774212;21252.778373;21252.812470;21252.870483;804749;804749;804749;9581;22;12875984;12876024;100.000;631.915;631.915;6.879;7.545;3090.246;4.382;0.000;0.000;5.843;7.602;0.002;17.827;17.827;71.734;92.110;34.097;19.354;52.282;3.204;0.774;0.439;1.394;0.032;4.161;96.271;94.796;34.912;1.579;1.194;1.579;0.003;0.272;5.361;0.161;0;2;33.602;33.603;nan;nan;nan;28576;1;0;0;0;0;0;0
267;1;1;1;IDLE;0.000;0.000;1.000;21252.806959;21252.810127;21252.847971;21252.904910;805449;805449;805449;9589;22;12887184;12887224;100.000;604.373;604.373;6.789;7.454;3092.934;4.188;0.000;0.000;6.970;9.019;0.002;20.176;20.176;73.459;94.783;37.844;21.287;53.314;3.907;0.784;0.431;1.810;0.038;3.168;97.951;95.890;31.754;1.579;1.218;1.579;0.013;0.518;5.770;0.173;0;2;31.528;31.529;nan;nan;nan;28200;1;0;0;0;0;0;0
268;1;1;1;IDLE;0.000;0.000;1.000;21252.841125;21252.844226;21252.878158;21252.937064;805329;805329;805329;9588;21;12885264;12885304;100.000;608.786;608.786;6.518;7.152;3092.473;4.345;0.000;0.000;5.072;7.134;0.002;16.551;16.551;71.673;92.838;33.932;17.827;48.775;2.311;0.802;0.479;1.449;0.030;3.101;95.939;94.711;34.099;0.765;1.190;0.765;0.003;0.557;5.598;0.168;0;2;33.881;33.883;nan;nan;nan;27072;1;0;0;0;0;0;0
269;1;1;1;IDLE;0.000;0.000;1.000;21252.874349;21252.877644;21252.913062;21252.971144;805419;805419;805419;9589;21;12886704;12886744;100.000;606.191;606.191;6.609;7.243;3092.819;4.463;0.000;0.000;5.974;7.957;0.001;18.394;18.394;72.240;93.499;35.418;19.673;51.934;3.172;0.850;0.430;1.487;0.036;3.295;96.795;95.457;33.419;0.085;1.121;0.085;0.003;0.224;5.697;0.171;0;2;31.956;31.957;nan;nan;nan;27448;1;0;0;0;0;0;0
270;1;1;1;IDLE;0.000;0.000;1.000;21252.907388;21252.910837;21252.944121;21253.002538;804474;804474;804474;9578;22;12871584;12871624;100.000;605.986;605.986;6.744;7.409;3089.190;4.262;0.000;0.000;4.965;6.948;0.003;16.175;16.175;70.460;91.701;33.284;17.639;48.597;2.096;0.781;0.455;1.603;0.030;3.449;95.150;93.518;33.193;0.141;1.060;0.141;0.002;0.127;5.517;0.166;0;2;33.967;33.968;nan;nan;nan;28012;1;0;0;0;0;0;0
271;1;1;1;IDLE;0.000;0.000;1.000;21252.941034;21252.944447;21252.978809;21253.003471;796101;796101;796101;9478;103;12737616;12737656;100.000;609.293;609.293;32.553;35.745;3057.037;4.368;0.000;0.000;5.760;7.555;0.003;17.683;17.683;38.119;59.024;34.363;29.959;51.461;3.121;0.757;0.438;1.410;0.034;3.413;62.437;61.118;33.609;0.276;1.011;0.276;0.002;0.139;5.583;0.167;0;2;31.280;31.282;nan;nan;nan;135548;1;0;0;0;0;0;0
272;1;1;1;IDLE;0.000;0.000;1.000;21252.973898;21252.977010;21253.011349;21253.069548;805073;805073;805073;9585;22;12881168;12881208;100.000;626.845;626.845;6.744;7.409;3091.490;4.432;0.000;0.000;4.958;8.017;0.003;17.407;17.407;71.989;92.539;34.339;18.811;50.692;2.235;0.792;0.468;1.433;0.031;3.112;95.651;93.862;32.563;0.770;0.996;0.770;0.003;0.811;5.429;0.163;0;2;34.421;34.422;nan;nan;nan;28012;1;0;0;0;0;0;0
273;1;1;1;IDLE;0.000;0.000;1.000;21253.007266;21253.011533;21253.046476;21253.104155;797204;797204;797204;9491;18;12755264;12755304;100.000;626.905;626.905;5.706;6.247;3061.273;4.369;0.000;0.000;5.845;8.062;0.001;18.277;18.277;72.275;92.621;34.943;19.733;52.304;3.228;0.752;0.428;1.405;0.032;4.267;96.888;95.135;34.523;1.190;1.008;1.190;0.003;0.685;5.538;0.166;0;2;31.131;31.132;nan;nan;nan;23688;1;0;0;0;0;0;0
274;1;1;1;IDLE;0.000;0.000;1.000;21253.040448;21253.043637;21253.077410;21253.137761;805139;805139;805139;9585;18;12882224;12882264;100.000;614.648;614.648;5.481;6.021;3091.743;4.436;0.000;0.000;4.933;6.918;0.002;16.287;16.287;73.165;94.124;33.773;17.304;48.226;2.182;0.792;0.481;1.448;0.031;3.188;97.313;95.408;32.103;1.230;1.022;1.230;0.003;0.959;5.390;0.162;0;2;33.659;33.662;nan;nan;nan;22748;1;0;0;0;0;0;0
275;1;1;1;IDLE;0.000;0.000;1.000;21253.074093;21253.077905;21253.112583;21253.170369;808073;808073;808073;9620;20;12929168;12929208;100.000;632.109;632.109;6.203;6.805;3103.010;4.394;0.000;0.000;5.764;8.016;0.003;18.175;18.175;72.010;92.464;34.678;19.656;52.409;3.139;0.762;0.432;1.392;0.038;3.812;96.276;94.683;34.268;0.935;1.016;0.935;0.002;0.441;5.488;0.165;0;2;33.190;33.192;nan;nan;nan;25756;1;0;0;0;0;0;0
276;1;1;1;IDLE;0.000;0.000;1.000;21253.107240;21253.110371;21253.146986;21253.205958;813584;813584;813584;9686;20;13017344;13017384;100.000;605.974;605.974;6.338;6.941;3124.172;4.362;0.000;0.000;5.867;8.336;0.001;18.565;18.565;74.105;95.587;36.615;19.422;50.703;3.216;0.768;0.435;1.414;0.034;3.131;98.718;96.938;32.466;0.868;1.007;0.868;0.010;0.919;5.588;0.168;0;2;31.717;31.718;nan;nan;nan;26320;1;0;0;0;0;0;0
277;1;1;1;IDLE;0.000;0.000;1.000;21253.140428;21253.143600;21253.178738;21253.236950;812306;812306;812306;9671;23;12996896;12996936;100.000;623.353;623.353;7.015;7.711;3119.265;4.495;0.000;0.000;5.901;8.018;0.002;18.414;18.414;72.499;93.349;35.138;19.726;52.405;3.245;0.796;0.436;1.389;0.035;3.172;96.522;94.596;33.230;0.104;0.951;0.104;0.002;0.366;5.669;0.170;0;2;35.233;35.237;nan;nan;nan;29140;1;0;0;0;0;0;0
278;1;1;1;IDLE;0.000;0.000;1.000;21253.174353;21253.178234;21253.215718;21253.272549;817500;817500;817500;9733;23;13080000;13080040;100.000;617.558;617.558;7.105;7.801;3139.210;4.371;0.000;0.000;6.512;8.912;0.002;19.795;19.795;73.134;94.315;37.484;20.988;52.810;3.515;0.845;0.431;1.685;0.036;3.881;98.196;96.862;34.634;1.300;0.972;1.300;0.002;0.876;5.885;0.177;0;2;30.142;30.143;nan;nan;nan;29516;1;0;0;0;0;0;0
279;1;1;1;IDLE;0.000;0.000;1.000;21253.207214;21253.210293;21253.243717;21253.303111;824803;824803;824803;9820;24;13196848;13196888;100.000;620.365;620.365;7.331;8.058;3167.253;4.274;0.000;0.000;5.030;6.844;0.002;16.148;16.148;71.545;92.818;33.424;17.398;48.314;2.204;0.812;0.478;1.507;0.029;3.078;95.896;94.091;32.059;1.275;0.991;1.275;0.002;0.274;5.674;0.170;0;2;35.672;35.673;nan;nan;nan;30456;1;0;0;0;0;0;0
280;1;1;1;IDLE;0.000;0.000;1.000;21253.240782;21253.244342;21253.281926;21253.338326;813944;813944;813944;9690;23;13023104;13023144;100.000;615.048;615.048;7.150;7.847;3125.555;4.497;0.000;0.000;6.994;8.965;0.002;20.456;20.456;72.809;93.984;37.584;21.765;54.428;4.286;0.790;0.433;1.434;0.051;3.560;97.544;95.973;34.049;0.716;0.974;0.716;0.003;0.446;6.010;0.180;0;2;30.145;30.148;nan;nan;nan;29704;1;0;0;0;0;0;0
281;1;1;1;IDLE;0.000;0.000;1.000;21253.273072;21253.276361;21253.309795;21253.338394;815307;815307;815307;9707;23;13044912;13044952;100.000;615.658;615.658;7.285;7.982;3130.788;4.038;0.000;0.000;5.237;6.769;0.002;16.044;16.044;40.844;62.033;33.434;25.864;47.988;2.361;0.821;0.482;1.543;0.030;3.288;65.321;62.707;32.019;1.315;0.995;1.315;0.002;0.237;5.819;0.175;0;2;35.296;35.298;nan;nan;nan;30268;1;0;0;0;0;0;0
282;1;1;1;IDLE;0.000;0.000;1.000;21253.307272;21253.311004;21253.347925;21253.405237;816329;816329;816329;9719;21;13061264;13061304;100.000;625.651;625.651;6.564;7.198;3134.713;4.519;0.000;0.000;6.415;8.809;0.003;19.743;19.743;73.356;94.233;36.921;20.951;53.474;3.748;0.791;0.433;1.408;0.035;3.732;97.965;96.217;34.644;1.310;1.015;1.310;0.002;0.818;5.973;0.179;0;2;31.166;31.167;nan;nan;nan;27260;1;0;0;0;0;0;0
283;1;1;1;IDLE;0.000;0.000;1.000;21253.340200;21253.343492;21253.379207;21253.405311;813249;813249;813249;9682;21;13011984;13012024;100.000;601.285;601.285;6.654;7.288;3122.886;4.366;0.000;0.000;5.133;8.017;0.002;17.516;17.516;40.178;61.818;35.714;28.334;49.044;2.105;0.806;0.456;1.735;0.031;3.292;65.110;62.957;32.488;0.845;1.004;0.845;0.002;0.921;5.766;0.173;0;2;34.043;34.045;nan;nan;nan;27636;1;0;0;0;0;0;0
284;1;1;1;IDLE;0.000;0.000;1.000;21253.374259;21253.377713;21253.414287;21253.471392;809333;809333;809333;9635;22;12949328;12949368;100.000;602.758;602.758;6.744;7.409;3107.848;4.429;0.000;0.000;6.006;9.019;0.002;19.454;19.454;72.195;93.679;36.574;20.767;53.191;3.336;0.776;0.437;1.421;0.034;3.455;97.133;95.705;34.221;0.887;0.997;0.887;0.002;0.062;5.831;0.175;0;2;31.240;31.241;nan;nan;nan;28012;1;0;0;0;0;0;0
285;1;1;1;IDLE;0.000;0.000;1.000;21253.406905;21253.410063;21253.444675;21253.505300;815482;815482;815482;9709;23;13047712;13047752;100.000;617.526;617.526;7.015;7.711;3131.460;4.243;0.000;0.000;5.290;7.333;0.004;16.866;16.866;74.108;95.237;34.612;17.709;48.729;2.480;0.812;0.451;1.513;0.033;3.158;98.395;96.280;32.350;0.984;0.996;0.984;0.012;0.847;5.698;0.171;0;2;34.046;34.047;nan;nan;nan;29140;1;0;0;0;0;0;0
286;1;1;1;IDLE;0.000;0.000;1.000;21253.441180;21253.445340;21253.479438;21253.539068;814633;814633;814633;9699;104;13034128;13034168;100.000;635.001;635.001;32.733;35.957;3128.200;4.479;0.000;0.000;5.491;8.016;0.013;17.987;17.987;73.202;93.729;34.098;19.190;52.749;2.852;0.777;0.434;1.398;0.030;4.160;97.888;96.715;35.277;1.943;1.056;1.943;0.002;0.061;5.652;0.170;0;2;33.867;33.875;nan;nan;nan;136300;1;0;0;0;0;0;0
287;1;1;1;IDLE;0.000;0.000;1.000;21253.473505;21253.476745;21253.514098;21253.570665;814941;814941;814941;9702;22;13039056;13039096;100.000;604.424;604.424;6.834;7.500;3129.383;4.338;0.000;0.000;6.933;8.596;0.003;19.866;19.866;72.347;93.920;37.353;21.152;53.185;3.458;0.965;0.438;2.033;0.038;3.240;97.161;94.979;31.405;1.928;1.110;1.928;0.002;0.249;5.979;0.179;0;2;33.561;33.563;nan;nan;nan;28388;1;0;0;0;0;0;0
288;1;1;1;IDLE;0.000;0.000;1.000;21253.507955;21253.511064;21253.548603;21253.606889;818847;818847;818847;9749;18;13101552;13101592;100.000;600.678;600.678;5.571;6.111;3144.382;4.499;0.000;0.000;6.136;8.997;0.003;19.632;19.632;74.014;95.826;37.539;20.487;52.297;3.407;0.837;0.436;1.420;0.036;3.109;98.935;97.869;34.319;0.985;1.102;0.985;0.002;0.592;6.029;0.181;0;2;31.054;31.056;nan;nan;nan;23124;1;0;0;0;0;0;0
289;1;1;1;IDLE;0.000;0.000;1.000;21253.540046;21253.543386;21253.577541;21253.638889;824052;824052;824052;9811;16;13184832;13184872;100.000;603.682;603.682;5.029;5.508;3164.369;4.132;0.000;0.000;5.178;6.849;0.002;16.158;16.158;73.662;95.503;34.155;16.919;47.309;2.349;0.813;0.476;1.508;0.031;3.340;98.843;96.536;32.322;1.011;1.097;1.011;0.002;0.284;5.819;0.175;0;2;36.193;36.194;nan;nan;nan;20868;1;0;0;0;0;0;0
290;1;1;1;IDLE;0.000;0.000;1.000;21253.574486;21253.577789;21253.617090;21253.672341;835458;835458;835458;9946;20;13367328;13367368;100.000;605.436;605.436;6.203;6.805;3208.168;4.846;0.000;0.000;6.986;9.350;0.004;21.182;21.182;72.473;94.552;39.301;22.402;53.896;3.891;0.784;0.431;1.840;0.039;3.302;97.854;96.654;34.403;1.069;1.095;1.069;0.003;0.883;6.116;0.183;0;2;31.142;31.145;nan;nan;nan;25756;1;0;0;0;0;0;0
291;1;1;1;IDLE;0.000;0.000;1.000;21253.607776;21253.610883;21253.646831;21253.704535;819605;819605;819605;9758;21;13113680;13113720;100.000;611.780;611.780;6.383;7.017;3147.293;4.259;0.000;0.000;5.178;9.020;0.003;18.457;18.457;72.217;93.653;35.949;19.708;51.342;2.224;0.807;0.468;1.646;0.033;3.106;96.759;95.515;33.094;0.239;1.041;0.239;0.002;0.312;5.887;0.177;0;2;34.524;34.525;nan;nan;nan;26508;1;0;0;0;0;0;0
292;1;1;1;IDLE;0.000;0.000;1.000;21253.641186;21253.644325;21253.682053;21253.739682;827799;827799;827799;9855;21;13244784;13244824;100.000;612.618;612.618;6.383;7.017;3178.758;4.337;0.000;0.000;6.350;9.158;0.003;19.844;19.844;73.736;95.356;37.728;20.811;52.599;3.356;0.781;0.434;1.743;0.036;3.139;98.495;97.328;33.443;0.110;0.983;0.110;0.002;0.597;6.009;0.180;0;2;31.634;31.637;nan;nan;nan;26508;1;0;0;0;0;0;0
293;1;1;1;IDLE;0.000;0.000;1.000;21253.674218;21253.677829;21253.713075;21253.770055;830771;830771;830771;9891;22;13292336;13292376;100.000;610.146;610.146;6.834;7.500;3190.170;4.554;0.000;0.000;4.883;8.105;0.002;17.542;17.542;70.440;92.225;35.245;19.021;49.772;2.152;0.806;0.453;1.439;0.033;3.611;95.837;94.368;33.504;0.170;0.932;0.170;0.003;0.468;5.733;0.172;0;2;34.708;34.710;nan;nan;nan;28388;1;0;0;0;0;0;0
294;1;1;1;IDLE;0.000;0.000;1.000;21253.708000;21253.711196;21253.749152;21253.799251;835004;835004;835004;9941;23;13360064;13360104;100.000;603.576;603.576;7.195;7.892;3206.425;4.564;0.000;0.000;6.314;9.103;0.002;19.981;19.981;65.919;88.054;37.955;22.691;52.642;3.508;0.785;0.436;1.547;0.037;3.196;91.251;90.231;33.367;0.034;0.876;0.034;0.002;0.400;5.884;0.177;0;2;30.002;30.003;nan;nan;nan;29892;1;0;0;0;0;0;0
295;1;1;1;IDLE;0.000;0.000;1.000;21253.739935;21253.743125;21253.776974;21253.838637;814967;814967;814967;9702;23;13039472;13039512;100.000;620.871;620.871;7.060;7.756;3129.483;3.935;0.000;0.000;4.862;7.859;0.002;16.656;16.656;74.510;95.513;33.849;17.438;49.206;2.135;0.810;0.456;1.429;0.032;3.189;98.702;96.284;31.928;1.405;0.909;1.405;0.002;0.123;5.632;0.169;0;2;30.131;30.133;nan;nan;nan;29328;1;0;0;0;0;0;0
296;1;1;1;IDLE;0.000;0.000;1.000;21253.774241;21253.778270;21253.816224;21253.869407;818656;818656;818656;9746;23;13098496;13098536;100.000;622.692;622.692;7.015;7.711;3143.649;4.512;0.000;0.000;6.119;10.020;0.002;20.651;20.651;70.101;91.137;37.954;22.660;54.411;3.389;0.807;0.459;1.428;0.037;4.029;95.166;93.720;35.145;1.812;0.966;1.812;0.002;0.777;5.759;0.173;0;1;32.429;32.431;nan;nan;nan;29140;1;0;0;0;0;0;0
297;1;1;1;IDLE;0.000;0.000;1.000;21253.807365;21253.812831;21253.847861;21253.897479;819807;819807;819807;9760;22;13116912;13116952;100.000;625.828;625.828;6.744;7.409;3148.068;4.500;0.000;0.000;4.815;8.583;0.002;17.897;17.897;63.689;84.649;35.030;21.143;51.090;2.124;0.795;0.452;1.415;0.030;5.466;90.114;88.459;34.561;1.227;0.982;1.227;0.003;0.670;5.528;0.166;0;2;30.124;30.126;nan;nan;nan;28012;1;0;0;0;0;0;0
298;1;1;1;IDLE;0.000;0.000;1.000;21253.839965;21253.843106;21253.876028;21253.897523;814766;814766;814766;9700;21;13036256;13036296;100.000;622.985;622.985;6.654;7.288;3128.711;4.084;0.000;0.000;5.036;6.701;0.001;15.821;15.821;33.492;54.418;32.922;29.072;48.054;2.234;0.822;0.490;1.459;0.030;3.141;57.559;55.170;30.275;3.059;1.112;3.059;0.002;0.257;5.411;0.162;0;2;28.148;28.150;nan;nan;nan;27636;1;0;0;0;0;0;0
299;1;1;1;IDLE;0.000;0.000;1.000;21253.873759;21253.878181;21253.915457;21253.961543;809259;809259;809259;9635;22;12948144;12948184;100.000;646.816;646.816;6.879;7.545;3107.564;4.439;0.000;0.000;6.823;10.006;0.002;21.268;21.268;63.343;83.362;37.276;25.513;57.055;4.088;0.810;0.454;1.436;0.036;4.422;87.784;85.856;35.076;1.742;1.151;1.742;0.002;0.426;5.774;0.173;0;1;32.834;32.834;nan;nan;nan;28576;1;0;0;0;0;0;0
300;1;1;1;IDLE;0.000;0.000;1.000;21253.908547;21253.913727;21253.943352;21253.983659;812212;812212;812212;9670;22;12995392;12995432;100.000;639.764;639.764;6.970;7.635;3118.904;4.241;0.000;0.000;4.230;4.845;0.002;13.316;13.316;49.619;69.932;29.625;19.042;44.949;1.590;0.779;0.434;1.401;0.026;5.179;75.111;74.639;35.545;2.212;1.218;2.212;0.002;0.234;5.391;0.162;0;2;23.032;23.034;nan;nan;nan;28952;1;0;0;0;0;0;0
