frame_id;rx_complete;tx_complete;current_skip;event;yaw;pitch;zoom;camera_send_timestamp;recv_start_timestamp;codec_exit_time;node_exit_timestamp;original_points;rx_points;processed_points;rx_packets;tx_packets;payload_bytes;reference_size_bytes;data_integrity_pct;internal_throughput_mbs;reference_throughput_mbs;logical_bitrate_mbps;network_bitrate_mbps;reference_bitrate_mbps;conversion_ms;geometry_aggregation_ms;max_r_ms;projection_ms;codec_write_ms;active_tx_ms;active_process_ms;reference_process_ms;total_processing_ms;total_residency_ms;reference_residency_ms;node_efficiency_pct;reference_efficiency_pct;gpu_transfer_ms;gpu_kernel_ms;gpu_packing_ms;gpu_copyback_ms;host_overhead_ms;camera_node_ms;e2e_latency_ms;schedule_delay_ms;inter_arrival_ms;instant_jitter_ms;desynced_jitter_ms;reference_jitter_ms;raw_queue_ms;render_queue_ms;workload_ewma_ms;workload_ratio;frame_backlog;codec_backlog;encode_service_ms;encode_h265_ms;mse_y;psnr_y;ssim_y;mpeg_bytes_generated;ffmpeg_write_calls;ffmpeg_write_eagain;tx_zero_accepts;tx_partial_accepts;tx_resubmit_calls;tx_resubmitted_packets;mbuf_starvation
1;1;1;1;IDLE;0.000;0.000;1.000;21981.221431;21981.223858;21981.259115;21981.283563;784142;784142;784142;19604;108;12546272;12546312;100.000;771.003;771.003;34.132;37.480;3011.115;11.264;0.000;0.000;12.165;6.710;0.003;30.139;30.139;43.431;59.704;35.256;50.481;85.486;1.610;0.905;0.501;1.392;7.757;2.428;62.132;59.704;0.000;0.000;0.000;0.000;0.012;0.096;12.191;0.366;0;1;30.345;30.346;nan;nan;nan;142128;1;0;0;0;0;0;0
2;1;1;1;IDLE;0.000;0.000;1.000;21981.254810;21981.257899;21981.291497;21981.312631;783406;783406;783406;19586;22;12534496;12534536;100.000;685.057;685.057;6.970;7.635;3008.289;2.779;0.000;0.000;4.305;10.140;0.001;17.224;17.224;36.435;54.732;33.598;31.470;51.266;1.463;0.905;0.516;1.393;0.027;3.089;57.821;55.439;34.041;0.707;0.044;0.707;0.012;0.843;10.222;0.307;0;2;31.231;31.233;nan;nan;nan;28952;1;0;0;0;0;0;0
3;1;1;1;IDLE;0.000;0.000;1.000;21981.288410;21981.292313;21981.326727;21981.385865;780200;780200;780200;19505;18;12483200;12483240;100.000;592.859;592.859;5.526;6.066;2995.978;3.260;0.000;0.000;4.384;8.167;0.005;15.812;15.812;72.496;93.552;34.414;16.902;45.946;1.532;0.906;0.526;1.392;0.027;3.903;97.455;95.340;34.414;1.080;0.109;1.080;0.002;0.804;8.765;0.263;0;1;36.232;36.234;nan;nan;nan;22936;1;0;0;0;0;0;0
4;1;1;1;IDLE;0.000;0.000;1.000;21981.323735;21981.328964;21981.364483;21981.420885;778467;778467;778467;19462;18;12455472;12455512;100.000;624.418;624.418;5.436;5.976;2989.323;3.176;0.000;0.000;5.841;8.835;0.002;17.853;17.853;71.974;91.921;35.519;19.422;50.262;2.517;0.883;0.505;1.848;0.088;5.229;97.150;97.027;36.652;3.318;0.310;3.318;0.003;0.891;8.041;0.241;0;2;30.211;30.213;nan;nan;nan;22560;1;0;0;0;0;0;0
5;1;1;1;IDLE;0.000;0.000;1.000;21981.355683;21981.359630;21981.392965;21981.452931;776427;776427;776427;19411;17;12422832;12422872;100.000;586.829;586.829;5.345;5.855;2981.489;3.008;0.000;0.000;5.026;7.050;0.004;15.084;15.084;72.132;93.302;33.336;16.167;45.249;2.061;0.895;0.514;1.526;0.030;3.947;97.248;95.740;30.665;2.668;0.457;2.668;0.002;0.086;7.294;0.219;0;2;34.965;34.967;nan;nan;nan;22184;1;0;0;0;0;0;0
6;1;1;1;IDLE;0.000;0.000;1.000;21981.388890;21981.391839;21981.429820;21981.490266;774893;774893;774893;19373;19;12398288;12398328;100.000;548.354;548.354;5.887;6.458;2975.599;3.137;0.000;0.000;6.388;8.781;0.002;18.306;18.306;75.817;98.427;37.981;18.598;48.196;2.877;1.234;0.511;1.731;0.035;2.948;101.376;99.741;32.209;1.124;0.499;1.124;0.003;0.198;7.075;0.212;0;2;31.886;31.888;nan;nan;nan;24440;1;0;0;0;0;0;0
7;1;1;1;IDLE;0.000;0.000;1.000;21981.421152;21981.424458;21981.460750;21981.490308;775949;775949;775949;19399;19;12415184;12415224;100.000;541.310;541.310;6.022;6.594;2979.654;3.130;0.000;0.000;4.840;8.154;0.001;16.123;16.123;42.914;65.850;36.292;24.485;44.426;1.978;0.898;0.516;1.417;0.031;3.306;69.156;66.450;32.619;0.714;0.512;0.714;0.003;0.360;6.522;0.196;0;2;37.666;37.667;nan;nan;nan;25004;1;0;0;0;0;0;0
8;1;1;1;IDLE;0.000;0.000;1.000;21981.455805;21981.459898;21981.502010;21981.555188;775463;775463;775463;19387;20;12407408;12407448;100.000;530.390;530.390;6.293;6.896;2977.788;3.253;0.000;0.000;6.947;11.048;0.003;21.247;21.247;71.896;95.290;42.112;22.298;50.455;4.218;0.816;0.470;1.406;0.036;4.093;99.383;97.996;35.440;2.107;0.612;2.107;0.002;0.720;6.632;0.199;0;2;32.128;32.130;nan;nan;nan;26132;1;0;0;0;0;0;0
9;1;1;1;IDLE;0.000;0.000;1.000;21981.488682;21981.491115;21981.534068;21981.588262;775698;775698;775698;19393;20;12411168;12411208;100.000;528.950;528.950;6.293;6.896;2978.690;3.155;0.000;0.000;5.421;13.910;0.003;22.487;22.487;73.682;97.147;42.953;23.147;52.353;2.181;0.828;0.496;1.884;0.033;2.433;99.580;97.737;31.217;2.117;0.706;2.117;0.003;0.154;6.336;0.190;0;2;35.026;35.027;nan;nan;nan;26132;1;0;0;0;0;0;0
10;1;1;1;IDLE;0.000;0.000;1.000;21981.522164;21981.525448;21981.566167;21981.623683;778020;778020;778020;19451;20;12448320;12448360;100.000;522.954;522.954;6.112;6.715;2987.606;3.157;0.000;0.000;5.911;10.051;0.004;19.120;19.120;74.431;98.235;40.719;19.463;46.955;3.131;0.843;0.483;1.423;0.032;3.284;101.519;99.825;34.333;1.000;0.724;1.000;0.002;0.949;6.233;0.187;0;2;32.139;32.142;nan;nan;nan;25380;1;0;0;0;0;0;0
11;1;1;1;IDLE;0.000;0.000;1.000;21981.553946;21981.557040;21981.596281;21981.656173;778554;778554;778554;19464;19;12456864;12456904;100.000;518.202;518.202;5.796;6.368;2989.657;3.156;0.000;0.000;5.311;9.154;0.002;17.621;17.621;75.094;99.133;39.241;17.775;44.904;2.367;0.845;0.514;1.554;0.032;3.094;102.227;98.982;31.592;1.741;0.788;1.741;0.010;0.726;6.008;0.180;0;2;36.552;36.553;nan;nan;nan;24064;1;0;0;0;0;0;0
12;1;1;1;IDLE;0.000;0.000;1.000;21981.589416;21981.592802;21981.633424;21981.688079;779986;779986;779986;19500;20;12479776;12479816;100.000;515.003;515.003;6.157;6.760;2995.156;3.229;0.000;0.000;6.622;9.153;0.003;19.004;19.004;71.045;95.277;40.623;19.946;46.781;3.552;0.818;0.479;1.738;0.035;3.385;98.663;97.554;35.761;2.428;0.890;2.428;0.003;0.612;6.166;0.185;0;2;31.897;31.899;nan;nan;nan;25568;1;0;0;0;0;0;0
13;1;1;1;IDLE;0.000;0.000;1.000;21981.621886;21981.625161;21981.665368;21981.724078;780926;780926;780926;19524;20;12494816;12494856;100.000;526.336;526.336;6.293;6.896;2998.765;3.129;0.000;0.000;5.134;11.023;0.003;19.285;19.285;75.177;98.916;40.207;19.496;47.964;2.085;0.840;0.492;1.685;0.032;3.275;102.191;100.219;32.360;0.974;0.896;0.974;0.002;0.309;5.913;0.177;0;2;33.727;33.729;nan;nan;nan;26132;1;0;0;0;0;0;0
14;1;1;1;IDLE;0.000;0.000;1.000;21981.655252;21981.658805;21981.697237;21981.755682;782770;782770;782770;19570;21;12524320;12524360;100.000;516.838;516.838;6.383;7.017;3005.846;3.167;0.000;0.000;5.003;8.809;0.002;16.979;16.979;72.644;96.877;38.432;17.527;44.180;2.076;0.775;0.460;1.660;0.033;3.552;100.429;98.490;33.644;0.310;0.859;0.310;0.003;0.384;5.691;0.171;0;2;35.646;35.647;nan;nan;nan;26508;1;0;0;0;0;0;0
15;1;1;1;IDLE;0.000;0.000;1.000;21981.688227;21981.692062;21981.734532;21981.787651;784474;784474;784474;19612;21;12551584;12551624;100.000;508.172;508.172;6.564;7.198;3012.390;3.237;0.000;0.000;7.286;10.026;0.004;20.549;20.549;70.889;95.589;42.470;21.498;48.385;4.583;0.761;0.441;1.465;0.036;3.835;99.424;97.126;33.257;0.076;0.810;0.076;0.002;0.454;6.094;0.183;0;2;31.171;31.172;nan;nan;nan;27260;1;0;0;0;0;0;0
16;1;1;1;IDLE;0.000;0.000;1.000;21981.722422;21981.725468;21981.764929;21981.824083;785193;785193;785193;19630;101;12563088;12563128;100.000;523.532;523.532;31.650;34.780;3015.151;3.126;0.000;0.000;5.249;9.366;0.009;17.741;17.741;74.619;98.616;39.461;17.990;44.959;2.378;0.793;0.488;1.557;0.032;3.046;101.661;100.225;33.406;0.073;0.764;0.073;0.003;0.845;5.887;0.177;0;2;32.077;32.084;nan;nan;nan;131788;1;0;0;0;0;0;0
17;1;1;1;IDLE;0.000;0.000;1.000;21981.754331;21981.757990;21981.797780;21981.824132;782720;782720;782720;19568;22;12523520;12523560;100.000;512.531;512.531;6.970;7.635;3005.654;3.218;0.000;0.000;5.163;10.116;0.001;18.498;18.498;41.707;66.142;39.790;27.967;46.489;2.166;0.770;0.452;1.745;0.030;3.659;69.801;66.940;32.522;0.811;0.767;0.811;0.003;0.072;5.717;0.172;0;2;36.417;36.419;nan;nan;nan;28952;1;0;0;0;0;0;0
18;1;1;1;IDLE;0.000;0.000;1.000;21981.788776;21981.792474;21981.834762;21981.891478;781613;781613;781613;19541;18;12505808;12505848;100.000;504.908;504.908;5.571;6.111;3001.404;3.263;0.000;0.000;6.813;10.016;0.003;20.093;20.093;74.235;99.004;42.288;20.295;47.513;4.151;0.740;0.432;1.456;0.034;3.698;102.702;100.952;34.484;1.151;0.791;1.151;0.003;0.687;5.995;0.180;0;2;30.258;30.259;nan;nan;nan;23124;1;0;0;0;0;0;0
19;1;1;1;IDLE;0.000;0.000;1.000;21981.822141;21981.824583;21981.863999;21981.891515;780006;780006;780006;19501;17;12480096;12480136;100.000;522.903;522.903;5.390;5.900;2995.233;3.166;0.000;0.000;5.439;9.183;0.001;17.788;17.788;43.064;66.931;39.415;26.577;45.131;2.265;0.751;0.465;1.923;0.036;2.442;69.374;67.656;32.110;1.223;0.818;1.223;0.003;0.922;5.861;0.176;0;2;36.659;36.660;nan;nan;nan;22372;1;0;0;0;0;0;0
20;1;1;1;IDLE;0.000;0.000;1.000;21981.855274;21981.858733;21981.901918;21981.958463;780302;780302;780302;19508;18;12484832;12484872;100.000;489.301;489.301;5.481;6.021;2996.369;3.331;0.000;0.000;7.196;10.020;0.002;20.546;20.546;74.215;99.730;43.185;20.602;47.577;4.205;0.733;0.430;1.792;0.036;3.458;103.189;101.271;34.149;0.816;0.818;0.816;0.012;0.441;6.198;0.186;0;2;30.208;30.210;nan;nan;nan;22748;1;0;0;0;0;0;0
21;1;1;1;IDLE;0.000;0.000;1.000;21981.888487;21981.891774;21981.930370;21981.989285;779066;779066;779066;19477;19;12465056;12465096;100.000;529.168;529.168;6.022;6.594;2991.623;3.087;0.000;0.000;5.348;9.405;0.002;17.841;17.841;73.954;97.510;38.595;18.296;46.225;2.087;0.756;0.456;2.012;0.037;3.288;100.798;98.760;33.042;0.292;0.785;0.292;0.002;0.283;5.992;0.180;0;2;37.496;37.497;nan;nan;nan;25004;1;0;0;0;0;0;0
22;1;1;1;IDLE;0.000;0.000;1.000;21981.921937;21981.925515;21981.968918;21982.023674;778280;778280;778280;19457;19;12452480;12452520;100.000;495.611;495.611;5.977;6.549;2988.605;3.203;0.000;0.000;7.798;9.864;0.002;20.865;20.865;73.032;98.159;43.403;21.256;48.072;5.161;0.741;0.436;1.422;0.038;3.578;101.737;99.815;33.741;0.408;0.761;0.408;0.002;0.612;6.447;0.193;0;2;30.225;30.229;nan;nan;nan;24816;1;0;0;0;0;0;0
23;1;1;1;IDLE;0.000;0.000;1.000;21981.956231;21981.958974;21981.997853;21982.056286;778907;778907;778907;19473;20;12462512;12462552;100.000;528.310;528.310;6.203;6.805;2991.012;3.048;0.000;0.000;5.203;9.728;0.002;17.980;17.980;73.722;97.312;38.879;18.477;46.245;2.068;0.757;0.474;1.872;0.032;2.743;100.054;99.094;33.459;0.126;0.722;0.126;0.003;0.355;6.142;0.184;0;2;35.545;35.546;nan;nan;nan;25756;1;0;0;0;0;0;0
24;1;1;1;IDLE;0.000;0.000;1.000;21981.988184;21981.991766;21982.033651;21982.088443;779289;779289;779289;19483;19;12468624;12468664;100.000;503.501;503.501;5.796;6.368;2992.479;3.140;0.000;0.000;7.113;9.448;0.002;19.702;19.702;71.913;96.677;41.886;20.379;47.037;4.159;0.740;0.437;1.741;0.037;3.582;100.259;97.918;32.792;0.542;0.710;0.542;0.003;0.556;6.389;0.192;0;2;32.079;32.080;nan;nan;nan;24064;1;0;0;0;0;0;0
25;1;1;1;IDLE;0.000;0.000;1.000;21982.022628;21982.025809;21982.067570;21982.121532;779739;779739;779739;19494;20;12475824;12475864;100.000;508.588;508.588;6.067;6.670;2994.207;3.222;0.000;0.000;5.917;10.281;0.002;19.420;19.420;71.192;95.723;41.761;20.287;46.501;3.267;0.776;0.435;1.406;0.033;3.181;98.904;97.673;34.043;0.710;0.710;0.710;0.002;1.030;6.276;0.188;0;2;31.149;31.150;nan;nan;nan;25192;1;0;0;0;0;0;0
26;1;1;1;IDLE;0.000;0.000;1.000;21982.054452;21982.056753;21982.098375;21982.121583;779364;779364;779364;19485;20;12469824;12469864;100.000;495.612;495.612;6.338;6.941;2992.767;3.261;0.000;0.000;6.052;10.023;0.001;19.336;19.336;39.669;64.830;41.622;29.826;46.457;3.241;0.807;0.453;1.519;0.032;2.301;67.130;64.391;30.944;2.389;0.815;2.389;0.003;0.383;6.225;0.187;0;2;33.176;33.177;nan;nan;nan;26320;1;0;0;0;0;0;0
27;1;1;1;IDLE;0.000;0.000;1.000;21982.087401;21982.091159;21982.131868;21982.187720;780025;780025;780025;19501;20;12480400;12480440;100.000;493.136;493.136;6.338;6.941;2995.306;3.301;0.000;0.000;5.032;9.433;0.003;17.767;17.767;71.252;96.561;40.709;18.400;43.644;2.106;0.762;0.460;1.673;0.031;3.759;100.319;97.195;34.407;1.073;0.831;1.073;0.003;0.931;5.932;0.178;0;2;34.043;34.044;nan;nan;nan;26320;1;0;0;0;0;0;0
28;1;1;1;IDLE;0.000;0.000;1.000;21982.121281;21982.124811;21982.166536;21982.223198;780373;780373;780373;19510;21;12485968;12486008;100.000;501.407;501.407;6.428;7.062;2996.642;3.287;0.000;0.000;6.739;10.023;0.002;20.050;20.050;73.485;98.387;41.726;20.378;48.051;3.611;0.740;0.435;1.918;0.035;3.529;101.917;99.340;33.651;0.318;0.799;0.318;0.002;0.058;6.138;0.184;0;2;31.202;31.205;nan;nan;nan;26696;1;0;0;0;0;0;0
29;1;1;1;IDLE;0.000;0.000;1.000;21982.155309;21982.158700;21982.198611;21982.256755;781651;781651;781651;19542;22;12506416;12506456;100.000;517.180;517.180;6.744;7.409;3001.549;3.178;0.000;0.000;4.801;10.023;0.002;18.003;18.003;73.872;98.054;39.911;18.360;45.108;2.079;0.757;0.452;1.478;0.036;3.391;101.445;99.563;33.890;0.556;0.784;0.556;0.009;0.894;5.808;0.174;0;2;34.607;34.608;nan;nan;nan;28012;1;0;0;0;0;0;0
30;1;1;1;IDLE;0.000;0.000;1.000;21982.187709;21982.191158;21982.233691;21982.287938;781375;781375;781375;19535;21;12502000;12502040;100.000;489.978;489.978;6.383;7.017;3000.490;3.279;0.000;0.000;6.499;10.025;0.004;19.802;19.802;71.264;96.780;42.534;20.461;46.555;3.864;0.739;0.436;1.428;0.032;3.449;100.229;97.413;32.457;0.876;0.790;0.876;0.002;0.492;5.985;0.180;0;2;33.083;33.084;nan;nan;nan;26508;1;0;0;0;0;0;0
31;1;1;1;IDLE;0.000;0.000;1.000;21982.222215;21982.224987;21982.266341;21982.324149;784392;784392;784392;19610;100;12550272;12550312;100.000;510.940;510.940;31.380;34.478;3012.075;3.152;0.000;0.000;7.161;9.591;0.009;19.904;19.904;74.599;99.162;41.354;20.072;48.130;3.967;0.947;0.436;1.773;0.038;2.772;101.934;100.291;33.829;0.496;0.771;0.496;0.002;0.035;6.286;0.189;0;2;31.178;31.184;nan;nan;nan;130660;1;0;0;0;0;0;0
32;1;1;1;IDLE;0.000;0.000;1.000;21982.254446;21982.257174;21982.298845;21982.324209;782671;782671;782671;19567;22;12522736;12522776;100.000;527.177;527.177;6.970;7.635;3005.466;3.050;0.000;0.000;5.074;12.024;0.001;20.148;20.148;43.281;67.036;41.672;30.055;48.349;2.273;0.762;0.443;1.563;0.032;2.728;69.763;67.018;32.187;1.147;0.795;1.147;0.002;0.816;5.989;0.180;0;2;37.321;37.325;nan;nan;nan;28952;1;0;0;0;0;0;0
33;1;1;1;IDLE;0.000;0.000;1.000;21982.288764;21982.292340;21982.334560;21982.388774;776999;776999;776999;19425;18;12431984;12432024;100.000;497.264;497.264;5.706;6.247;2983.686;3.208;0.000;0.000;6.772;9.654;0.004;19.634;19.634;71.432;96.434;42.219;20.360;46.505;3.871;0.736;0.441;1.691;0.033;3.576;100.010;98.249;35.167;1.833;0.860;1.833;0.002;0.789;6.190;0.186;0;2;31.142;31.144;nan;nan;nan;23688;1;0;0;0;0;0;0
34;1;1;1;IDLE;0.000;0.000;1.000;21982.322175;21982.325844;21982.366002;21982.420390;778650;778650;778650;19467;18;12458400;12458440;100.000;514.070;514.070;5.526;6.066;2990.026;3.083;0.000;0.000;5.248;9.891;0.002;18.222;18.222;70.311;94.546;40.158;19.273;45.376;2.257;0.758;0.477;1.725;0.031;3.670;98.215;96.531;33.504;0.171;0.817;0.171;0.002;0.780;5.958;0.179;0;2;32.659;32.662;nan;nan;nan;22936;1;0;0;0;0;0;0
35;1;1;1;IDLE;0.000;0.000;1.000;21982.354727;21982.358369;21982.400079;21982.456704;778007;778007;778007;19451;18;12448112;12448152;100.000;506.764;506.764;5.616;6.156;2987.556;3.205;0.000;0.000;5.790;11.024;0.002;20.020;20.020;73.771;98.335;41.710;20.358;47.997;3.141;0.752;0.438;1.426;0.033;3.641;101.977;99.512;32.524;0.809;0.816;0.809;0.003;0.328;5.927;0.178;0;2;31.330;31.331;nan;nan;nan;23312;1;0;0;0;0;0;0
36;1;1;1;IDLE;0.000;0.000;1.000;21982.387441;21982.390405;21982.429786;21982.488894;776483;776483;776483;19413;20;12423728;12423768;100.000;497.726;497.726;6.067;6.670;2981.704;3.272;0.000;0.000;4.988;8.655;0.002;16.914;16.914;73.528;98.489;39.381;17.174;42.950;2.208;0.762;0.454;1.533;0.032;2.964;101.454;98.369;32.036;1.297;0.846;1.297;0.002;0.774;5.698;0.171;0;2;35.569;35.570;nan;nan;nan;25192;1;0;0;0;0;0;0
37;1;1;1;IDLE;0.000;0.000;1.000;21982.421683;21982.425382;21982.466658;21982.520481;781287;781287;781287;19533;20;12500592;12500632;100.000;495.374;495.374;6.293;6.896;3000.152;3.174;0.000;0.000;6.051;9.446;0.003;18.672;18.672;69.864;95.099;41.276;19.634;45.236;3.428;0.736;0.439;1.416;0.032;3.700;98.798;96.623;34.977;1.644;0.896;1.644;0.009;0.533;5.790;0.174;0;2;31.677;31.681;nan;nan;nan;26132;1;0;0;0;0;0;0
38;1;1;1;IDLE;0.000;0.000;1.000;21982.455229;21982.457815;21982.499311;21982.550493;780329;780329;780329;19509;22;12485264;12485304;100.000;515.311;515.311;6.744;7.409;2996.473;3.093;0.000;0.000;6.812;10.022;0.003;19.928;19.928;68.449;92.678;41.496;21.502;48.024;3.515;1.098;0.456;1.708;0.036;2.587;95.264;93.301;32.433;0.901;0.896;0.901;0.002;0.429;6.052;0.182;0;2;31.185;31.187;nan;nan;nan;28012;1;0;0;0;0;0;0
39;1;1;1;IDLE;0.000;0.000;1.000;21982.487048;21982.489991;21982.528895;21982.590209;780785;780785;780785;19520;23;12492560;12492600;100.000;495.710;495.710;7.015;7.711;2998.224;3.191;0.000;0.000;4.870;8.533;0.002;16.594;16.594;75.016;100.218;38.904;16.558;42.654;2.022;0.771;0.449;1.597;0.032;2.943;103.161;99.684;32.176;1.157;0.913;1.157;0.002;0.296;5.764;0.173;0;2;30.126;30.128;nan;nan;nan;29140;1;0;0;0;0;0;0
40;1;1;1;IDLE;0.000;0.000;1.000;21982.522775;21982.526540;21982.569959;21982.620979;785430;785430;785430;19636;23;12566880;12566920;100.000;506.341;506.341;7.195;7.892;3016.061;3.267;0.000;0.000;6.284;11.508;0.002;21.059;21.059;69.620;94.439;43.419;22.299;48.502;3.587;0.763;0.459;1.444;0.031;3.765;98.204;97.120;36.549;3.215;1.057;3.215;0.002;0.804;5.898;0.177;0;1;31.754;31.757;nan;nan;nan;29892;1;0;0;0;0;0;0
41;1;1;1;IDLE;0.000;0.000;1.000;21982.555700;21982.558469;21982.599719;21982.656684;789479;789479;789479;19737;24;12631664;12631704;100.000;492.846;492.846;7.466;8.194;3031.609;3.506;0.000;0.000;5.348;10.191;0.003;19.045;19.045;72.585;98.215;41.250;19.391;46.171;2.507;0.759;0.457;1.591;0.035;2.769;100.984;99.493;31.929;1.404;1.078;1.404;0.003;0.076;5.770;0.173;0;2;31.447;31.448;nan;nan;nan;31020;1;0;0;0;0;0;0
42;1;1;1;IDLE;0.000;0.000;1.000;21982.587848;21982.590772;21982.630492;21982.687973;789348;789348;789348;19734;25;12629568;12629608;100.000;505.529;505.529;7.646;8.405;3031.106;3.190;0.000;0.000;5.191;8.893;0.003;17.273;17.273;72.218;97.201;39.720;17.771;43.488;2.277;0.775;0.473;1.631;0.035;2.924;100.125;97.448;32.303;1.030;1.075;1.030;0.002;0.650;5.631;0.169;0;2;35.080;35.081;nan;nan;nan;31772;1;0;0;0;0;0;0
43;1;1;1;IDLE;0.000;0.000;1.000;21982.621090;21982.624737;21982.665704;21982.723484;792714;792714;792714;19818;25;12683424;12683464;100.000;506.587;506.587;7.646;8.405;3044.031;3.285;0.000;0.000;6.873;9.026;0.003;19.184;19.184;73.710;98.747;40.967;19.427;46.827;4.161;0.762;0.436;1.475;0.039;3.647;102.394;99.626;33.965;0.631;1.048;0.631;0.003;0.026;5.947;0.178;0;2;31.289;31.293;nan;nan;nan;31772;1;0;0;0;0;0;0
44;1;1;1;IDLE;0.000;0.000;1.000;21982.655376;21982.658293;21982.697713;21982.755202;790865;790865;790865;19772;25;12653840;12653880;100.000;513.982;513.982;7.646;8.405;3036.931;3.267;0.000;0.000;5.023;8.961;0.002;17.251;17.251;72.290;96.909;39.420;17.802;43.764;2.180;0.767;0.447;1.598;0.031;2.918;99.827;98.010;33.556;0.223;0.996;0.223;0.012;0.803;5.720;0.172;0;2;34.729;34.730;nan;nan;nan;31772;1;0;0;0;0;0;0
45;1;1;1;IDLE;0.000;0.000;1.000;21982.687914;21982.691361;21982.732678;21982.789968;787976;787976;787976;19700;25;12607616;12607656;100.000;500.344;500.344;7.737;8.496;3025.837;3.155;0.000;0.000;6.894;8.844;0.002;18.893;18.893;73.408;98.606;41.317;19.160;45.727;4.023;0.741;0.436;1.656;0.036;3.447;102.053;99.443;33.068;0.265;0.950;0.265;0.003;0.377;6.018;0.181;0;2;31.365;31.366;nan;nan;nan;32148;1;0;0;0;0;0;0
46;1;1;1;IDLE;0.000;0.000;1.000;21982.722269;21982.725201;21982.765932;21982.823068;789717;789717;789717;19743;111;12635472;12635512;100.000;511.372;511.372;35.034;38.476;3032.523;3.146;0.000;0.000;5.254;10.024;0.007;18.425;18.425;73.158;97.867;40.731;18.826;45.235;2.061;0.765;0.468;1.928;0.033;2.932;100.799;99.210;33.840;0.506;0.923;0.506;0.011;0.731;5.832;0.175;0;2;34.056;34.058;nan;nan;nan;145888;1;0;0;0;0;0;0
47;1;1;1;IDLE;0.000;0.000;1.000;21982.754643;21982.758312;21982.801012;21982.854770;784950;784950;784950;19624;23;12559200;12559240;100.000;503.097;503.097;7.195;7.892;3014.218;3.284;0.000;0.000;6.662;11.023;0.005;20.969;20.969;71.494;96.458;42.699;21.739;49.109;3.499;0.751;0.434;1.942;0.035;3.669;100.127;97.578;33.111;0.222;0.879;0.222;0.002;0.047;6.044;0.181;0;2;33.076;33.077;nan;nan;nan;29892;1;0;0;0;0;0;0
48;1;1;1;IDLE;0.000;0.000;1.000;21982.788311;21982.791762;21982.833002;21982.884266;781130;781130;781130;19529;19;12498080;12498120;100.000;510.645;510.645;5.932;6.504;2999.549;3.121;0.000;0.000;6.791;9.937;0.002;19.849;19.849;68.029;92.504;41.240;21.457;48.129;3.513;0.992;0.455;1.794;0.038;3.451;95.955;93.741;33.450;0.116;0.831;0.116;0.002;0.034;6.237;0.187;0;2;31.696;31.698;nan;nan;nan;24628;1;0;0;0;0;0;0
49;1;1;1;IDLE;0.000;0.000;1.000;21982.820947;21982.823913;21982.864161;21982.924284;780468;780468;780468;19512;19;12487488;12487528;100.000;496.654;496.654;5.932;6.504;2997.007;3.200;0.000;0.000;4.709;10.021;0.002;17.931;17.931;75.228;100.371;40.248;17.864;44.550;1.746;0.764;0.466;1.703;0.030;2.966;103.337;100.426;32.151;1.182;0.853;1.182;0.002;0.371;5.861;0.176;0;2;30.122;30.124;nan;nan;nan;24628;1;0;0;0;0;0;0
50;1;1;1;IDLE;0.000;0.000;1.000;21982.855483;21982.859372;21982.903996;21982.953430;783376;783376;783376;19585;20;12534016;12534056;100.000;501.671;501.671;6.067;6.670;3008.173;3.172;0.000;0.000;7.311;11.763;0.003;22.247;22.247;69.073;94.058;44.624;23.652;49.853;4.566;0.747;0.450;1.511;0.036;3.888;97.946;96.238;35.459;2.125;0.933;2.125;0.002;0.563;6.227;0.187;0;1;32.048;32.049;nan;nan;nan;25192;1;0;0;0;0;0;0
51;1;1;1;IDLE;0.000;0.000;1.000;21982.888811;21982.891886;21982.932567;21982.982499;787237;787237;787237;19681;23;12595792;12595832;100.000;485.159;485.159;7.060;7.756;3023.000;3.657;0.000;0.000;6.394;8.257;0.003;18.308;18.308;64.650;90.613;40.681;20.204;45.003;3.574;0.756;0.453;1.582;0.029;3.075;93.688;91.974;32.514;0.819;0.925;0.819;0.003;0.064;6.277;0.188;0;2;29.114;29.116;nan;nan;nan;29328;1;0;0;0;0;0;0
52;1;1;1;IDLE;0.000;0.000;1.000;21982.922006;21982.924685;21982.961173;21983.022690;787734;787734;787734;19694;24;12603744;12603784;100.000;544.770;544.770;7.421;8.148;3024.908;2.992;0.000;0.000;4.905;8.131;0.002;16.028;16.028;74.869;98.005;36.488;16.354;43.927;2.072;0.762;0.456;1.582;0.033;2.679;100.685;98.832;32.799;0.534;0.901;0.534;0.002;0.313;5.940;0.178;0;2;29.453;29.455;nan;nan;nan;30832;1;0;0;0;0;0;0
53;1;1;1;IDLE;0.000;0.000;1.000;21982.955796;21982.959403;21983.001478;21983.052699;787059;787059;787059;19677;24;12592944;12592984;100.000;507.268;507.268;7.556;8.284;3022.316;3.266;0.000;0.000;5.968;11.025;0.003;20.258;20.258;68.471;93.296;42.075;21.714;48.148;3.303;0.763;0.458;1.413;0.031;3.607;96.902;95.507;34.718;1.384;0.931;1.384;0.002;0.254;5.951;0.179;0;1;32.233;32.235;nan;nan;nan;31396;1;0;0;0;0;0;0
54;1;1;1;IDLE;0.000;0.000;1.000;21982.988674;21982.991692;21983.033041;21983.081727;786051;786051;786051;19652;24;12576816;12576856;100.000;493.255;493.255;7.511;8.239;3018.445;3.627;0.000;0.000;5.475;9.512;0.004;18.614;18.614;64.537;90.035;41.349;20.674;45.017;2.766;0.760;0.447;1.471;0.031;3.018;93.053;91.202;32.289;1.044;0.938;1.044;0.002;0.861;5.835;0.175;0;2;29.162;29.164;nan;nan;nan;31208;1;0;0;0;0;0;0
55;1;1;1;IDLE;0.000;0.000;1.000;21983.021030;21983.023863;21983.061620;21983.124645;796213;796213;796213;19906;24;12739408;12739448;100.000;540.532;540.532;7.376;8.103;3057.468;3.125;0.000;0.000;4.870;9.019;0.002;17.013;17.013;77.214;100.783;37.757;16.881;45.060;2.141;0.771;0.455;1.473;0.030;2.833;103.615;100.787;32.171;1.163;0.952;1.163;0.007;0.293;5.600;0.168;0;2;29.121;29.123;nan;nan;nan;30644;1;0;0;0;0;0;0
56;1;1;1;IDLE;0.000;0.000;1.000;21983.055902;21983.059079;21983.101552;21983.154597;790191;790191;790191;19755;23;12643056;12643096;100.000;503.381;503.381;7.240;7.937;3034.343;3.312;0.000;0.000;5.626;10.864;0.002;19.801;19.801;70.402;95.518;42.473;20.730;46.620;2.911;0.764;0.459;1.466;0.026;3.178;98.696;97.406;35.216;1.883;1.011;1.883;0.002;0.864;5.611;0.168;0;1;33.954;33.955;nan;nan;nan;30080;1;0;0;0;0;0;0
57;1;1;1;IDLE;0.000;0.000;1.000;21983.088868;21983.092902;21983.133956;21983.183987;798808;798808;798808;19971;24;12780928;12780968;100.000;498.909;498.909;7.421;8.148;3067.432;3.784;0.000;0.000;6.097;9.190;0.003;19.071;19.071;65.468;91.086;41.055;20.937;46.452;3.086;0.781;0.432;1.476;0.322;4.034;95.120;93.462;33.822;0.489;0.978;0.489;0.002;0.146;5.737;0.172;0;2;29.826;29.828;nan;nan;nan;30832;1;0;0;0;0;0;0
58;1;1;1;IDLE;0.000;0.000;1.000;21983.121897;21983.124150;21983.162888;21983.225055;797924;797924;797924;19949;24;12766784;12766824;100.000;520.797;520.797;7.331;8.058;3064.038;13.052;0.000;0.000;5.345;8.408;0.002;26.805;26.805;76.391;100.905;38.738;26.565;69.196;2.149;0.768;0.484;1.911;0.033;2.252;103.157;101.196;31.248;2.085;1.047;2.085;0.002;0.467;5.645;0.169;0;2;29.503;29.505;nan;nan;nan;30456;1;0;0;0;0;0;0
59;1;1;1;IDLE;0.000;0.000;1.000;21983.155333;21983.158823;21983.204953;21983.254947;794477;794477;794477;19862;24;12711632;12711672;100.000;492.960;492.960;7.421;8.148;3050.801;3.257;0.000;0.000;8.109;12.024;0.003;23.389;23.389;70.337;96.124;46.130;24.332;50.703;5.210;0.782;0.456;1.611;0.050;3.490;99.613;97.755;34.673;1.340;1.065;1.340;0.002;0.209;6.267;0.188;0;1;32.121;32.123;nan;nan;nan;30832;1;0;0;0;0;0;0
60;1;1;1;IDLE;0.000;0.000;1.000;21983.189150;21983.192150;21983.234336;21983.291883;789053;789053;789053;19727;24;12624848;12624888;100.000;492.080;492.080;7.421;8.148;3029.973;3.573;0.000;0.000;5.905;10.341;0.003;19.820;19.820;74.077;99.733;42.186;19.873;46.983;3.239;0.766;0.456;1.419;0.026;3.000;102.734;101.358;33.327;0.006;0.999;0.006;0.002;0.279;6.180;0.185;0;2;30.947;30.948;nan;nan;nan;30832;1;0;0;0;0;0;0
61;1;1;1;IDLE;0.000;0.000;1.000;21983.222045;21983.224393;21983.264090;21983.322897;783874;783874;783874;19597;110;12541984;12542024;100.000;519.525;519.525;34.493;37.904;3010.086;2.986;0.000;0.000;5.648;9.112;0.006;17.746;17.746;74.363;98.504;39.697;18.016;44.704;2.337;0.761;0.458;2.057;0.035;2.348;100.852;99.039;32.243;1.090;1.005;1.090;0.003;0.792;6.057;0.182;0;2;36.902;36.903;nan;nan;nan;143632;1;0;0;0;0;0;0
62;1;1;1;IDLE;0.000;0.000;1.000;21983.255972;21983.259713;21983.302541;21983.356459;782785;782785;782785;19570;22;12524560;12524600;100.000;496.207;496.207;6.924;7.590;3005.904;3.174;0.000;0.000;6.895;10.379;0.003;20.449;20.449;71.505;96.746;42.828;21.136;47.746;4.150;0.748;0.437;1.526;0.033;3.741;100.487;99.268;35.320;1.987;1.066;1.987;0.002;0.309;6.272;0.188;0;2;30.730;30.732;nan;nan;nan;28764;1;0;0;0;0;0;0
63;1;1;1;IDLE;0.000;0.000;1.000;21983.288831;21983.291479;21983.331946;21983.390039;782791;782791;782791;19570;18;12524656;12524696;100.000;527.132;527.132;5.571;6.111;3005.927;3.321;0.000;0.000;4.987;11.289;0.002;19.596;19.596;74.801;98.561;40.468;19.882;48.424;2.221;0.757;0.458;1.522;0.030;2.648;101.209;99.514;31.765;1.568;1.098;1.568;0.002;0.429;5.956;0.179;0;2;35.798;35.799;nan;nan;nan;23124;1;0;0;0;0;0;0
64;1;1;1;IDLE;0.000;0.000;1.000;21983.321639;21983.325348;21983.367185;21983.421530;782127;782127;782127;19554;17;12514032;12514072;100.000;494.608;494.608;5.345;5.855;3003.377;3.163;0.000;0.000;5.772;9.876;0.002;18.812;18.812;70.881;96.182;41.837;19.559;44.965;2.606;0.741;0.452;1.933;0.040;3.709;99.891;97.672;33.870;0.536;1.063;0.536;0.013;0.873;5.914;0.177;0;2;32.724;32.727;nan;nan;nan;22184;1;0;0;0;0;0;0
65;1;1;1;IDLE;0.000;0.000;1.000;21983.355175;21983.358119;21983.401413;21983.458027;785507;785507;785507;19638;18;12568112;12568152;100.000;502.418;502.418;5.481;6.021;3016.356;3.204;0.000;0.000;6.869;11.019;0.003;21.092;21.092;74.893;99.908;43.294;21.112;48.719;3.503;1.094;0.437;1.794;0.041;2.943;102.852;100.836;32.771;0.563;1.031;0.563;0.002;0.387;6.158;0.185;0;2;31.129;31.132;nan;nan;nan;22748;1;0;0;0;0;0;0
66;1;1;1;IDLE;0.000;0.000;1.000;21983.387390;21983.389560;21983.430401;21983.488569;789017;789017;789017;19726;19;12624272;12624312;100.000;489.833;489.833;5.842;6.413;3029.835;3.290;0.000;0.000;5.753;8.832;0.003;17.876;17.876;73.236;99.008;40.841;18.055;43.769;2.504;0.764;0.479;1.973;0.033;2.170;101.178;98.044;31.442;1.892;1.085;1.892;0.003;0.479;6.070;0.182;0;2;36.455;36.456;nan;nan;nan;24252;1;0;0;0;0;0;0
67;1;1;1;IDLE;0.000;0.000;1.000;21983.421644;21983.425438;21983.467900;21983.521903;789641;789641;789641;19742;20;12634256;12634296;100.000;505.529;505.529;6.248;6.851;3032.231;3.148;0.000;0.000;7.564;9.359;0.003;20.071;20.071;71.473;96.465;42.462;20.807;47.268;4.935;0.743;0.436;1.412;0.037;3.794;100.259;98.044;35.877;2.544;1.176;2.544;0.010;0.536;6.447;0.193;0;2;30.022;30.024;nan;nan;nan;25944;1;0;0;0;0;0;0
68;1;1;1;IDLE;0.000;0.000;1.000;21983.456285;21983.459010;21983.498636;21983.521962;784718;784718;784718;19618;20;12555488;12555528;100.000;524.149;524.149;6.338;6.941;3013.327;3.133;0.000;0.000;4.970;10.186;0.002;18.289;18.289;38.998;62.952;39.625;29.052;46.154;2.129;0.785;0.486;1.540;0.029;2.725;65.677;64.770;33.573;0.239;1.118;0.239;0.003;0.511;6.083;0.182;0;2;33.449;33.450;nan;nan;nan;26320;1;0;0;0;0;0;0
69;1;1;1;IDLE;0.000;0.000;1.000;21983.487545;21983.491059;21983.532133;21983.589735;778159;778159;778159;19454;21;12450544;12450584;100.000;508.606;508.606;6.654;7.288;2988.140;3.186;0.000;0.000;6.329;9.438;0.003;18.953;18.953;74.196;98.676;41.074;19.207;46.143;3.320;0.772;0.452;1.753;0.033;3.514;102.190;99.210;32.048;1.285;1.128;1.285;0.002;0.824;6.150;0.184;0;2;32.302;32.304;nan;nan;nan;27636;1;0;0;0;0;0;0
70;1;1;1;IDLE;0.000;0.000;1.000;21983.520520;21983.523911;21983.565042;21983.623518;776327;776327;776327;19409;22;12421232;12421272;100.000;507.782;507.782;6.744;7.409;2981.105;3.174;0.000;0.000;6.596;9.268;0.002;19.038;19.038;75.146;99.607;41.132;19.113;46.286;3.226;1.031;0.466;1.840;0.033;3.390;102.998;99.660;32.852;0.481;1.088;0.481;0.002;0.803;6.266;0.188;0;2;33.955;33.959;nan;nan;nan;28012;1;0;0;0;0;0;0
71;1;1;1;IDLE;0.000;0.000;1.000;21983.553960;21983.557584;21983.599874;21983.655063;786883;786883;786883;19673;23;12590128;12590168;100.000;503.036;503.036;7.195;7.892;3021.640;3.160;0.000;0.000;7.086;10.023;0.002;20.268;20.268;72.450;97.479;42.289;20.793;47.928;4.025;0.754;0.443;1.777;0.087;3.624;101.102;97.871;33.674;0.340;1.041;0.340;0.003;0.147;6.476;0.194;0;2;33.663;33.665;nan;nan;nan;29892;1;0;0;0;0;0;0
72;1;1;1;IDLE;0.000;0.000;1.000;21983.589089;21983.592559;21983.634955;21983.690140;787146;787146;787146;19679;22;12594336;12594376;100.000;518.418;518.418;6.879;7.545;3022.650;3.098;0.000;0.000;6.633;11.017;0.003;20.748;20.748;73.288;97.582;42.396;21.262;48.938;3.772;0.745;0.437;1.638;0.041;3.470;101.052;99.615;34.974;1.641;1.079;1.641;0.003;0.449;6.520;0.196;0;2;31.120;31.122;nan;nan;nan;28576;1;0;0;0;0;0;0
73;1;1;1;IDLE;0.000;0.000;1.000;21983.621287;21983.623303;21983.663464;21983.721176;781047;781047;781047;19527;22;12496752;12496792;100.000;492.404;492.404;6.924;7.590;2999.230;3.334;0.000;0.000;5.428;8.694;0.003;17.456;17.456;72.493;97.872;40.160;17.835;43.465;2.185;0.762;0.475;1.971;0.034;2.016;99.889;97.317;30.744;2.589;1.173;2.589;0.010;0.649;6.253;0.188;0;2;35.367;35.369;nan;nan;nan;28764;1;0;0;0;0;0;0
74;1;1;1;IDLE;0.000;0.000;1.000;21983.655287;21983.658689;21983.700843;21983.757523;782459;782459;782459;19562;23;12519344;12519384;100.000;506.698;506.698;7.150;7.847;3004.652;3.204;0.000;0.000;6.717;9.760;0.003;19.681;19.681;74.127;98.835;42.155;19.913;46.688;4.031;0.744;0.437;1.469;0.035;3.401;102.236;100.332;35.385;2.052;1.228;2.052;0.002;0.966;6.373;0.191;0;2;30.086;30.088;nan;nan;nan;29704;1;0;0;0;0;0;0
75;1;1;1;IDLE;0.000;0.000;1.000;21983.688673;21983.691610;21983.729654;21983.789922;781579;781579;781579;19540;23;12505264;12505304;100.000;527.462;527.462;7.150;7.847;3001.273;3.082;0.000;0.000;5.153;8.582;0.002;16.818;16.818;74.603;98.312;38.044;17.106;44.206;2.210;0.766;0.457;1.688;0.032;2.937;101.248;99.397;32.922;0.412;1.177;0.412;0.002;0.598;6.075;0.182;0;2;36.448;36.449;nan;nan;nan;29704;1;0;0;0;0;0;0
76;1;1;1;IDLE;0.000;0.000;1.000;21983.722023;21983.725593;21983.769269;21983.823497;784181;784181;784181;19605;110;12546896;12546936;100.000;502.142;502.142;34.628;38.039;3011.265;3.195;0.000;0.000;6.918;11.024;0.007;21.138;21.138;72.917;97.904;43.676;21.591;48.397;4.290;0.743;0.440;1.414;0.031;3.570;101.473;99.638;33.983;0.650;1.144;0.650;0.003;0.743;6.289;0.189;0;2;31.670;31.672;nan;nan;nan;144196;1;0;0;0;0;0;0
77;1;1;1;IDLE;0.000;0.000;1.000;21983.755722;21983.758047;21983.801342;21983.853537;782861;782861;782861;19572;22;12525776;12525816;100.000;515.959;515.959;6.699;7.364;3006.196;3.057;0.000;0.000;4.965;13.707;0.003;21.729;21.729;71.213;95.490;43.295;22.756;50.189;2.128;0.759;0.452;1.595;0.032;2.325;97.815;96.345;32.454;0.879;1.127;0.879;0.003;0.342;5.968;0.179;0;2;35.858;35.859;nan;nan;nan;27824;1;0;0;0;0;0;0
78;1;1;1;IDLE;0.000;0.000;1.000;21983.788173;21983.791774;21983.833353;21983.883598;779451;779451;779451;19487;17;12471216;12471256;100.000;499.016;499.016;5.120;5.629;2993.101;3.113;0.000;0.000;6.696;8.950;0.004;18.759;18.759;66.832;91.824;41.579;20.429;45.117;3.395;1.030;0.447;1.783;0.042;3.601;95.425;93.073;33.727;0.394;1.082;0.394;0.002;0.938;6.155;0.185;0;2;29.125;29.129;nan;nan;nan;21244;1;0;0;0;0;0;0
79;1;1;1;IDLE;0.000;0.000;1.000;21983.820801;21983.823020;21983.862483;21983.925712;784719;784719;784719;19618;17;12555504;12555544;100.000;527.624;527.624;5.345;5.855;3013.331;3.072;0.000;0.000;5.004;10.594;0.001;18.670;18.670;78.895;102.692;39.462;18.181;47.311;2.305;0.758;0.459;1.451;0.031;2.220;104.911;101.853;31.246;2.087;1.144;2.087;0.003;0.064;5.871;0.176;0;2;31.703;31.707;nan;nan;nan;22184;1;0;0;0;0;0;0
80;1;1;1;IDLE;0.000;0.000;1.000;21983.856669;21983.860499;21983.904975;21983.955766;780701;780701;780701;19518;19;12491216;12491256;100.000;492.293;492.293;5.977;6.549;2997.901;3.294;0.000;0.000;6.947;11.411;0.002;21.652;21.652;69.893;95.266;44.475;22.728;48.683;3.860;0.746;0.447;1.854;0.040;3.830;99.096;98.574;37.479;4.146;1.332;4.146;0.004;0.738;6.145;0.184;0;1;32.143;32.145;nan;nan;nan;24816;1;0;0;0;0;0;0
81;1;1;1;IDLE;0.000;0.000;1.000;21983.889328;21983.892111;21983.935654;21983.991839;785754;785754;785754;19644;22;12572064;12572104;100.000;487.951;487.951;6.744;7.409;3017.305;3.807;0.000;0.000;6.077;11.026;0.003;20.910;20.910;73.963;99.728;43.543;20.967;48.021;3.437;0.758;0.458;1.396;0.029;2.783;102.511;101.314;31.612;1.722;1.356;1.722;0.003;0.671;6.133;0.184;0;2;31.130;31.133;nan;nan;nan;28012;1;0;0;0;0;0;0
82;1;1;1;IDLE;0.000;0.000;1.000;21983.921964;21983.924002;21983.964464;21984.022931;783308;783308;783308;19583;22;12532928;12532968;100.000;530.239;530.239;6.834;7.500;3007.912;2.986;0.000;0.000;5.076;11.520;0.002;19.583;19.583;75.293;98.929;40.462;19.795;48.398;2.201;0.765;0.453;1.597;0.061;2.038;100.967;99.072;31.891;1.443;1.362;1.443;0.013;0.215;5.876;0.176;0;2;38.890;38.893;nan;nan;nan;28388;1;0;0;0;0;0;0
83;1;1;1;IDLE;0.000;0.000;1.000;21983.955893;21983.959419;21984.002130;21984.055555;782737;782737;782737;19569;21;12523792;12523832;100.000;498.920;498.920;6.609;7.243;3005.720;3.238;0.000;0.000;7.279;9.336;0.003;19.853;19.853;71.033;96.135;42.711;20.651;46.483;4.463;0.741;0.439;1.594;0.042;3.526;99.662;98.363;35.418;2.084;1.407;2.084;0.002;0.990;6.233;0.187;0;2;30.130;30.133;nan;nan;nan;27448;1;0;0;0;0;0;0
84;1;1;1;IDLE;0.000;0.000;1.000;21983.988523;21983.991564;21984.032879;21984.089764;781874;781874;781874;19547;22;12509984;12510024;100.000;528.107;528.107;6.970;7.635;3002.406;3.161;0.000;0.000;4.831;12.523;0.002;20.514;20.514;74.511;98.200;41.315;20.890;49.654;2.084;0.765;0.455;1.493;0.034;3.041;101.241;99.239;32.145;1.189;1.393;1.189;0.003;0.269;5.889;0.177;0;2;35.193;35.195;nan;nan;nan;28952;1;0;0;0;0;0;0
85;1;1;1;IDLE;0.000;0.000;1.000;21984.021713;21984.025478;21984.066961;21984.089813;780545;780545;780545;19514;19;12488720;12488760;100.000;503.623;503.623;6.022;6.594;2997.302;3.100;0.000;0.000;5.240;11.027;0.001;19.367;19.367;39.537;64.335;41.483;30.103;46.686;2.435;0.752;0.442;1.576;0.034;3.765;68.099;65.954;33.914;0.581;1.342;0.581;0.003;0.414;5.732;0.172;0;2;33.826;33.829;nan;nan;nan;25004;1;0;0;0;0;0;0
86;1;1;1;IDLE;0.000;0.000;1.000;21984.054814;21984.057906;21984.100035;21984.156388;778343;778343;778343;19459;21;12453488;12453528;100.000;496.759;496.759;6.518;7.152;2988.847;3.327;0.000;0.000;6.755;10.019;0.003;20.101;20.101;73.413;98.482;42.130;20.411;47.712;3.561;0.747;0.446;1.956;0.044;3.091;101.573;99.196;32.428;0.906;1.315;0.906;0.003;0.282;5.993;0.180;0;2;31.690;31.691;nan;nan;nan;27072;1;0;0;0;0;0;0
87;1;1;1;IDLE;0.000;0.000;1.000;21984.088483;21984.091971;21984.134118;21984.186310;778458;778458;778458;19462;21;12455328;12455368;100.000;503.204;503.204;6.383;7.017;2989.288;3.122;0.000;0.000;4.952;12.027;0.005;20.101;20.101;69.587;94.339;42.147;21.307;47.692;2.203;0.764;0.451;1.505;0.029;3.488;97.827;95.785;34.065;0.732;1.279;0.732;0.002;0.413;5.738;0.172;0;2;34.291;34.293;nan;nan;nan;26508;1;0;0;0;0;0;0
88;1;1;1;IDLE;0.000;0.000;1.000;21984.121129;21984.124265;21984.166193;21984.215372;778592;778592;778592;19465;22;12457472;12457512;100.000;489.980;489.980;6.879;7.545;2989.803;3.320;0.000;0.000;6.662;9.015;0.003;18.998;18.998;65.683;91.107;41.928;20.852;45.311;3.506;0.960;0.444;1.716;0.036;3.135;94.243;91.513;32.294;1.040;1.264;1.040;0.002;0.823;5.974;0.179;0;2;29.122;29.129;nan;nan;nan;28576;1;0;0;0;0;0;0
89;1;1;1;IDLE;0.000;0.000;1.000;21984.154212;21984.156481;21984.194110;21984.257045;779952;779952;779952;19499;23;12479232;12479272;100.000;550.277;550.277;7.105;7.801;2995.025;2.911;0.000;0.000;4.811;9.873;0.001;17.595;17.595;77.886;100.564;37.629;17.496;46.759;2.133;0.753;0.455;1.440;0.030;2.269;102.834;99.853;32.216;1.117;1.255;1.117;0.002;0.264;5.688;0.171;0;2;31.131;31.132;nan;nan;nan;29516;1;0;0;0;0;0;0
90;1;1;1;IDLE;0.000;0.000;1.000;21984.189036;21984.192069;21984.236357;21984.288521;779674;779674;779674;19492;23;12474784;12474824;100.000;496.980;496.980;7.105;7.801;2993.958;3.248;0.000;0.000;6.110;12.036;0.002;21.394;21.394;71.351;96.452;44.288;22.181;48.306;3.371;0.761;0.475;1.472;0.031;3.032;99.485;97.996;35.588;2.255;1.317;2.255;0.009;1.031;5.807;0.174;0;1;32.721;32.722;nan;nan;nan;29516;1;0;0;0;0;0;0
91;1;1;1;IDLE;0.000;0.000;1.000;21984.222254;21984.226558;21984.266699;21984.322378;781083;781083;781083;19528;109;12497328;12497368;100.000;507.879;507.879;34.222;37.602;2999.368;3.580;0.000;0.000;5.857;9.291;0.010;18.728;18.728;71.213;95.820;40.141;19.545;46.655;3.209;0.765;0.461;1.397;0.026;4.305;100.125;98.520;34.490;1.156;1.307;1.156;0.002;0.383;5.823;0.175;0;2;31.106;31.108;nan;nan;nan;142504;1;0;0;0;0;0;0
92;1;1;1;IDLE;0.000;0.000;1.000;21984.255014;21984.257120;21984.298633;21984.353904;780537;780537;780537;19514;21;12488592;12488632;100.000;515.862;515.862;6.564;7.198;2997.272;3.020;0.000;0.000;5.204;11.300;0.002;19.524;19.524;72.575;96.784;41.513;20.173;47.031;2.121;0.760;0.472;1.819;0.032;2.105;98.889;96.712;30.561;2.772;1.399;2.772;0.002;0.797;5.673;0.170;0;2;35.041;35.042;nan;nan;nan;27260;1;0;0;0;0;0;0
93;1;1;1;IDLE;0.000;0.000;1.000;21984.288767;21984.292164;21984.331665;21984.391178;773046;773046;773046;19327;17;12368736;12368776;100.000;502.347;502.347;5.210;5.719;2968.506;3.117;0.000;0.000;5.549;9.111;0.002;17.777;17.777;74.392;99.014;39.502;17.954;45.003;2.578;0.748;0.457;1.734;0.033;3.397;102.412;100.653;35.044;1.711;1.418;1.711;0.019;0.200;5.646;0.169;0;2;31.345;31.347;nan;nan;nan;21620;1;0;0;0;0;0;0
94;1;1;1;IDLE;0.000;0.000;1.000;21984.321562;21984.324635;21984.364655;21984.391218;770822;770822;770822;19271;16;12333152;12333192;100.000;507.312;507.312;5.075;5.553;2959.966;3.189;0.000;0.000;4.925;10.023;0.001;18.138;18.138;42.272;66.583;40.020;27.241;45.322;2.099;0.764;0.477;1.552;0.032;3.073;69.656;67.360;32.471;0.862;1.383;0.862;0.002;0.757;5.471;0.164;0;2;36.543;36.545;nan;nan;nan;21056;1;0;0;0;0;0;0
95;1;1;1;IDLE;0.000;0.000;1.000;21984.354448;21984.358073;21984.401536;21984.456672;778859;778859;778859;19472;19;12461744;12461784;100.000;490.797;490.797;5.932;6.504;2990.828;3.216;0.000;0.000;7.687;9.822;0.003;20.726;20.726;73.208;98.599;43.462;21.020;47.686;5.006;0.745;0.440;1.456;0.040;3.626;102.225;99.481;33.438;0.105;1.303;0.105;0.002;0.559;6.029;0.181;0;2;30.403;30.405;nan;nan;nan;24628;1;0;0;0;0;0;0
96;1;1;1;IDLE;0.000;0.000;1.000;21984.389270;21984.391939;21984.431027;21984.488994;778333;778333;778333;19459;22;12453328;12453368;100.000;515.446;515.446;6.699;7.364;2988.808;3.093;0.000;0.000;5.011;9.240;0.002;17.345;17.345;72.895;97.055;39.088;17.871;44.373;2.002;0.765;0.477;1.735;0.032;2.669;99.725;98.469;33.866;0.532;1.255;0.532;0.003;0.673;5.780;0.173;0;2;34.880;34.882;nan;nan;nan;27824;1;0;0;0;0;0;0
97;1;1;1;IDLE;0.000;0.000;1.000;21984.421287;21984.424947;21984.466383;21984.521669;782798;782798;782798;19570;23;12524768;12524808;100.000;505.908;505.908;7.060;7.756;3005.954;3.149;0.000;0.000;6.935;9.513;0.002;19.597;19.597;71.965;96.722;41.435;20.261;47.295;3.665;0.750;0.437;2.047;0.035;3.660;100.382;97.811;33.008;0.325;1.197;0.325;0.003;0.227;6.074;0.182;0;2;32.120;32.123;nan;nan;nan;29328;1;0;0;0;0;0;0
98;1;1;1;IDLE;0.000;0.000;1.000;21984.454926;21984.458942;21984.499265;21984.556246;781418;781418;781418;19536;22;12502688;12502728;100.000;508.398;508.398;6.834;7.500;3000.655;3.248;0.000;0.000;5.432;9.319;0.002;17.999;17.999;72.712;97.304;40.322;18.498;44.639;2.444;0.768;0.480;1.708;0.032;4.016;101.320;99.055;33.995;0.662;1.164;0.662;0.003;0.975;5.917;0.178;0;2;31.719;31.720;nan;nan;nan;28388;1;0;0;0;0;0;0
99;1;1;1;IDLE;0.000;0.000;1.000;21984.488044;21984.491231;21984.531567;21984.587371;777382;777382;777382;19435;22;12438112;12438152;100.000;509.449;509.449;6.744;7.409;2985.156;3.102;0.000;0.000;5.983;9.546;0.003;18.631;18.631;71.725;96.140;40.336;19.378;46.188;3.164;0.766;0.457;1.564;0.033;3.187;99.327;96.846;32.289;1.045;1.156;1.045;0.011;0.380;5.939;0.178;0;2;34.221;34.223;nan;nan;nan;28012;1;0;0;0;0;0;0
100;1;1;1;IDLE;0.000;0.000;1.000;21984.520831;21984.524438;21984.566561;21984.624423;778267;778267;778267;19457;21;12452272;12452312;100.000;494.699;494.699;6.428;7.062;2988.555;3.210;0.000;0.000;6.599;9.458;0.003;19.267;19.267;74.813;99.985;42.123;19.270;45.739;3.615;0.742;0.434;1.773;0.035;3.607;103.592;100.565;33.207;0.126;1.092;0.126;0.003;0.891;6.109;0.183;0;2;30.262;30.264;nan;nan;nan;26696;1;0;0;0;0;0;0
101;1;1;1;IDLE;0.000;0.000;1.000;21984.554650;21984.558014;21984.598200;21984.656432;780699;780699;780699;19518;21;12491184;12491224;100.000;513.653;513.653;6.518;7.152;2997.894;3.161;0.000;0.000;5.001;10.024;0.002;18.185;18.185;74.099;98.418;40.186;18.477;45.253;2.152;0.838;0.481;1.499;0.031;3.364;101.782;99.240;33.576;0.243;1.039;0.243;0.003;0.839;5.838;0.175;0;2;36.243;36.245;nan;nan;nan;27072;1;0;0;0;0;0;0
102;1;1;1;IDLE;0.000;0.000;1.000;21984.587573;21984.591129;21984.636287;21984.688024;780328;780328;780328;19509;20;12485248;12485288;100.000;496.289;496.289;6.338;6.941;2996.469;3.171;0.000;0.000;8.109;11.027;0.003;22.306;22.306;71.737;96.895;45.158;23.021;49.396;5.379;0.746;0.441;1.503;0.039;3.556;100.450;97.499;33.115;0.218;0.988;0.218;0.003;0.861;6.409;0.192;0;2;31.167;31.169;nan;nan;nan;26320;1;0;0;0;0;0;0
103;1;1;1;IDLE;0.000;0.000;1.000;21984.622933;21984.625827;21984.665463;21984.724602;782351;782351;782351;19559;21;12517616;12517656;100.000;509.360;509.360;6.428;7.062;3004.237;3.147;0.000;0.000;5.487;9.130;0.002;17.763;17.763;74.200;98.776;39.637;17.983;44.815;2.600;0.771;0.478;1.607;0.030;2.894;101.670;100.744;34.697;1.364;1.011;1.364;0.002;0.442;6.183;0.185;0;2;31.686;31.689;nan;nan;nan;26696;1;0;0;0;0;0;0
104;1;1;1;IDLE;0.000;0.000;1.000;21984.654895;21984.658122;21984.697636;21984.755656;782164;782164;782164;19555;21;12514624;12514664;100.000;506.575;506.575;6.428;7.062;3003.519;3.183;0.000;0.000;5.169;9.224;0.002;17.577;17.577;72.830;97.535;39.514;18.021;44.483;2.180;0.781;0.471;1.704;0.032;3.227;100.762;98.465;32.295;1.038;1.013;1.038;0.002;0.412;5.934;0.178;0;2;36.187;36.189;nan;nan;nan;26696;1;0;0;0;0;0;0
105;1;1;1;IDLE;0.000;0.000;1.000;21984.687994;21984.691842;21984.735109;21984.789170;783021;783021;783021;19576;22;12528336;12528376;100.000;492.664;492.664;6.789;7.454;3006.810;3.222;0.000;0.000;7.303;9.620;0.003;20.146;20.146;71.898;97.328;43.267;20.699;46.560;4.543;0.748;0.443;1.532;0.036;3.848;101.176;98.645;33.720;0.387;0.974;0.387;0.002;0.911;6.280;0.188;0;2;30.163;30.164;nan;nan;nan;28200;1;0;0;0;0;0;0
106;1;1;1;IDLE;0.000;0.000;1.000;21984.722559;21984.725641;21984.765069;21984.823851;786829;786829;786829;19671;105;12589264;12589304;100.000;523.986;523.986;33.139;36.394;3021.433;3.114;0.000;0.000;4.946;9.505;0.008;17.565;17.565;74.184;98.210;39.428;17.885;44.549;2.079;0.779;0.479;1.579;0.029;3.082;101.292;99.992;33.799;0.466;0.942;0.466;0.002;0.948;5.951;0.179;0;2;33.602;33.603;nan;nan;nan;137992;1;0;0;0;0;0;0
107;1;1;1;IDLE;0.000;0.000;1.000;21984.754348;21984.757862;21984.799665;21984.855858;789365;789365;789365;19735;23;12629840;12629880;100.000;499.689;499.689;7.015;7.711;3031.171;3.184;0.000;0.000;6.002;10.025;0.002;19.211;19.211;72.720;97.996;41.803;19.604;45.956;2.678;0.764;0.455;2.068;0.038;3.514;101.510;98.666;32.221;1.112;0.953;1.112;0.003;0.496;5.968;0.179;0;2;34.207;34.209;nan;nan;nan;29140;1;0;0;0;0;0;0
108;1;1;1;IDLE;0.000;0.000;1.000;21984.788276;21984.792081;21984.834536;21984.888551;790807;790807;790807;19771;19;12652912;12652952;100.000;510.530;510.530;5.796;6.368;3036.708;3.225;0.000;0.000;6.945;9.811;0.003;19.981;19.981;71.686;96.470;42.455;20.712;47.063;3.723;0.836;0.438;1.908;0.038;3.805;100.275;98.026;34.219;0.885;0.948;0.885;0.010;0.904;6.217;0.187;0;2;31.128;31.130;nan;nan;nan;24064;1;0;0;0;0;0;0
109;1;1;1;IDLE;0.000;0.000;1.000;21984.821391;21984.824870;21984.865818;21984.922925;789334;789334;789334;19734;17;12629344;12629384;100.000;513.033;513.033;5.345;5.855;3031.052;3.149;0.000;0.000;5.232;11.025;0.002;19.406;19.406;73.438;98.055;40.948;19.791;47.392;2.361;0.781;0.478;1.579;0.033;3.479;101.533;99.066;32.789;0.545;0.923;0.545;0.003;0.070;5.975;0.179;0;2;33.754;33.755;nan;nan;nan;22184;1;0;0;0;0;0;0
110;1;1;1;IDLE;0.000;0.000;1.000;21984.854368;21984.858265;21984.898896;21984.956054;783753;783753;783753;19594;18;12540048;12540088;100.000;503.671;503.671;5.661;6.202;3009.621;3.222;0.000;0.000;5.362;10.024;0.002;18.608;18.608;72.892;97.790;40.632;19.028;45.796;2.027;0.764;0.460;2.081;0.030;3.897;101.686;98.863;33.395;0.062;0.869;0.062;0.002;0.345;5.826;0.175;0;2;34.048;34.050;nan;nan;nan;23500;1;0;0;0;0;0;0
111;1;1;1;IDLE;0.000;0.000;1.000;21984.887957;21984.891418;21984.932013;21984.989987;781240;781240;781240;19531;21;12499840;12499880;100.000;504.981;504.981;6.609;7.243;2999.971;3.164;0.000;0.000;6.722;9.058;0.002;18.945;18.945;73.815;98.568;40.595;19.220;46.669;3.692;0.747;0.436;1.811;0.037;3.461;102.029;99.461;33.154;0.180;0.826;0.180;0.002;0.058;6.055;0.182;0;2;33.095;33.097;nan;nan;nan;27448;1;0;0;0;0;0;0
112;1;1;1;IDLE;0.000;0.000;1.000;21984.921631;21984.925098;21984.969060;21985.021392;781247;781247;781247;19532;22;12499952;12499992;100.000;514.937;514.937;6.744;7.409;2999.998;3.127;0.000;0.000;6.650;12.021;0.003;21.798;21.798;72.019;96.294;43.962;22.637;49.585;3.438;0.980;0.441;1.747;0.044;3.468;99.761;97.534;33.680;0.347;0.796;0.347;0.002;1.012;6.208;0.186;0;2;32.943;32.945;nan;nan;nan;28012;1;0;0;0;0;0;0
113;1;1;1;IDLE;0.000;0.000;1.000;21984.953941;21984.956595;21984.999190;21985.057854;783523;783523;783523;19589;22;12536368;12536408;100.000;482.660;482.660;6.834;7.500;3008.738;3.370;0.000;0.000;4.799;11.270;0.002;19.438;19.438;75.285;101.259;42.595;19.196;45.635;1.997;0.758;0.451;1.560;0.033;2.655;103.914;100.663;31.497;1.837;0.861;1.837;0.003;0.549;5.863;0.176;0;2;33.468;33.469;nan;nan;nan;28388;1;0;0;0;0;0;0
114;1;1;1;IDLE;0.000;0.000;1.000;21984.987875;21984.991077;21985.031976;21985.091345;783046;783046;783046;19577;24;12528736;12528776;100.000;499.599;499.599;7.331;8.058;3006.906;3.179;0.000;0.000;5.200;9.791;0.002;18.170;18.170;75.190;100.268;40.899;18.121;44.426;2.239;0.768;0.478;1.682;0.032;3.201;103.469;100.819;34.481;1.148;0.879;1.148;0.010;0.820;5.702;0.171;0;2;35.666;35.667;nan;nan;nan;30456;1;0;0;0;0;0;0
115;1;1;1;IDLE;0.000;0.000;1.000;21985.021139;21985.024848;21985.067773;21985.121154;785712;785712;785712;19643;22;12571392;12571432;100.000;495.558;495.558;6.879;7.545;3017.144;3.187;0.000;0.000;7.610;9.507;0.003;20.304;20.304;70.938;96.306;42.924;21.083;47.302;4.517;0.786;0.446;1.821;0.039;3.709;100.015;97.296;33.772;0.438;0.852;0.438;0.003;0.435;6.183;0.185;0;2;33.065;33.077;nan;nan;nan;28576;1;0;0;0;0;0;0
116;1;1;1;IDLE;0.000;0.000;1.000;21985.055982;21985.059601;21985.100315;21985.152513;788409;788409;788409;19711;22;12614544;12614584;100.000;515.577;515.577;6.834;7.500;3027.500;3.107;0.000;0.000;7.222;8.963;0.003;19.292;19.292;68.446;92.913;40.715;20.764;47.384;3.974;0.765;0.438;2.010;0.035;3.618;96.531;95.322;34.752;1.419;0.887;1.419;0.002;0.060;6.450;0.194;0;2;29.794;29.796;nan;nan;nan;28388;1;0;0;0;0;0;0
117;1;1;1;IDLE;0.000;0.000;1.000;21985.088097;21985.090168;21985.130575;21985.191644;785289;785289;785289;19633;21;12564624;12564664;100.000;518.833;518.833;6.473;7.107;3015.519;3.077;0.000;0.000;5.266;10.591;0.002;18.935;18.935;77.259;101.476;40.407;18.659;46.860;2.343;0.758;0.454;1.679;0.032;2.071;103.547;101.119;30.567;2.766;1.005;2.766;0.016;0.316;6.161;0.185;0;2;32.523;32.525;nan;nan;nan;26884;1;0;0;0;0;0;0
118;1;1;1;IDLE;0.000;0.000;1.000;21985.122859;21985.127383;21985.171639;21985.221599;784314;784314;784314;19608;21;12549024;12549064;100.000;490.399;490.399;6.383;7.017;3011.775;3.402;0.000;0.000;6.938;11.121;0.003;21.461;21.461;68.626;94.216;44.257;22.779;48.493;3.791;0.772;0.467;1.874;0.034;4.524;98.740;97.740;37.215;3.882;1.184;3.882;0.003;0.605;6.361;0.191;0;1;31.120;31.123;nan;nan;nan;26508;1;0;0;0;0;0;0
119;1;1;1;IDLE;0.000;0.000;1.000;21985.155783;21985.158594;21985.201602;21985.258763;784830;784830;784830;19621;21;12557280;12557320;100.000;494.309;494.309;6.428;7.062;3013.757;3.627;0.000;0.000;5.522;12.031;0.004;21.181;21.181;74.765;100.169;43.008;21.145;49.248;2.803;0.769;0.461;1.460;0.030;2.811;102.980;101.571;31.211;2.122;1.243;2.122;0.003;0.047;6.155;0.185;0;2;32.020;32.023;nan;nan;nan;26696;1;0;0;0;0;0;0
120;1;1;1;IDLE;0.000;0.000;1.000;21985.188638;21985.191290;21985.230294;21985.292003;784742;784742;784742;19619;21;12555872;12555912;100.000;514.650;514.650;6.564;7.198;3013.419;3.054;0.000;0.000;5.410;8.661;0.002;17.126;17.126;76.315;100.713;39.004;17.004;43.907;2.264;0.767;0.454;1.895;0.031;2.652;103.365;101.477;32.696;0.637;1.205;0.637;0.002;0.532;5.975;0.179;0;2;37.126;37.128;nan;nan;nan;27260;1;0;0;0;0;0;0
121;1;1;1;IDLE;0.000;0.000;1.000;21985.222021;21985.225808;21985.269329;21985.322946;787186;787186;787186;19680;108;12594976;12595016;100.000;505.392;505.392;33.996;37.345;3022.804;3.175;0.000;0.000;7.998;9.585;0.008;20.758;20.758;72.216;97.138;43.520;21.369;47.697;5.176;0.749;0.449;1.575;0.049;3.787;100.925;99.088;34.518;1.185;1.204;1.185;0.003;1.012;6.486;0.195;0;2;32.252;32.255;nan;nan;nan;141564;1;0;0;0;0;0;0
122;1;1;1;IDLE;0.000;0.000;1.000;21985.255725;21985.258279;21985.302002;21985.357638;792161;792161;792161;19805;23;12674576;12674616;100.000;522.985;522.985;7.015;7.711;3041.908;3.284;0.000;0.000;5.249;14.195;0.003;22.728;22.728;75.124;99.359;43.723;22.874;51.982;2.307;0.765;0.450;1.691;0.037;2.554;101.913;100.446;32.471;0.863;1.182;0.863;0.004;0.038;6.185;0.186;0;2;35.134;35.136;nan;nan;nan;29140;1;0;0;0;0;0;0
123;1;1;1;IDLE;0.000;0.000;1.000;21985.288267;21985.291819;21985.332029;21985.388070;788290;788290;788290;19708;18;12612640;12612680;100.000;508.312;508.312;5.571;6.111;3027.043;3.271;0.000;0.000;5.775;9.422;0.004;18.468;18.468;71.439;96.251;40.210;19.187;45.928;2.639;0.774;0.485;1.840;0.036;3.552;99.803;97.545;33.540;0.206;1.121;0.206;0.003;0.197;6.087;0.183;0;2;35.026;35.028;nan;nan;nan;23124;1;0;0;0;0;0;0
124;1;1;1;IDLE;0.000;0.000;1.000;21985.321637;21985.325062;21985.367991;21985.424753;789222;789222;789222;19731;18;12627552;12627592;100.000;508.271;508.271;5.571;6.111;3030.622;3.242;0.000;0.000;7.697;10.019;0.002;20.958;20.958;74.847;99.691;42.929;21.023;48.820;4.767;0.757;0.438;1.697;0.039;3.425;103.116;100.895;33.243;0.090;1.057;0.090;0.002;0.365;6.495;0.195;0;2;30.092;30.094;nan;nan;nan;23124;1;0;0;0;0;0;0
125;1;1;1;IDLE;0.000;0.000;1.000;21985.355282;21985.357720;21985.397054;21985.456279;787173;787173;787173;19680;19;12594768;12594808;100.000;525.523;525.523;5.932;6.504;3022.754;3.042;0.000;0.000;5.241;10.020;0.002;18.303;18.303;74.592;98.559;39.333;18.571;46.533;2.303;0.766;0.455;1.685;0.033;2.438;100.997;99.087;32.658;0.675;1.033;0.675;0.003;0.102;6.187;0.186;0;2;37.716;37.717;nan;nan;nan;24628;1;0;0;0;0;0;0
126;1;1;1;IDLE;0.000;0.000;1.000;21985.388923;21985.392510;21985.435143;21985.490464;776279;776279;776279;19407;20;12420464;12420504;100.000;500.957;500.957;6.248;6.851;2980.921;3.208;0.000;0.000;7.394;10.011;0.002;20.614;20.614;73.161;97.954;42.633;21.044;48.351;4.761;0.744;0.439;1.413;0.037;3.586;101.541;99.939;34.789;1.456;1.060;1.456;0.010;0.422;6.498;0.195;0;2;31.140;31.143;nan;nan;nan;25944;1;0;0;0;0;0;0
127;1;1;1;IDLE;0.000;0.000;1.000;21985.422314;21985.424963;21985.465731;21985.522415;773912;773912;773912;19348;22;12382592;12382632;100.000;514.541;514.541;6.699;7.364;2971.832;3.108;0.000;0.000;5.006;11.536;0.004;19.650;19.650;73.387;97.452;40.768;20.164;48.199;2.105;0.758;0.460;1.652;0.031;2.649;100.101;98.557;32.453;0.880;1.048;0.880;0.002;0.157;6.132;0.184;0;2;36.266;36.268;nan;nan;nan;27824;1;0;0;0;0;0;0
128;1;1;1;IDLE;0.000;0.000;1.000;21985.454822;21985.458897;21985.502302;21985.556659;773302;773302;773302;19333;22;12372832;12372872;100.000;502.851;502.851;6.879;7.545;2969.489;3.085;0.000;0.000;6.926;11.025;0.002;21.037;21.037;73.157;97.762;43.405;21.518;48.465;3.650;0.742;0.436;2.059;0.039;4.075;101.837;99.467;33.934;0.601;1.020;0.601;0.003;0.844;6.336;0.190;0;2;31.131;31.134;nan;nan;nan;28576;1;0;0;0;0;0;0
129;1;1;1;IDLE;0.000;0.000;1.000;21985.488058;21985.491747;21985.532156;21985.590243;777001;777001;777001;19426;22;12432016;12432056;100.000;503.317;503.317;6.834;7.500;2983.693;3.114;0.000;0.000;5.224;10.347;0.002;18.685;18.685;73.795;98.496;40.409;18.971;46.240;2.321;0.755;0.458;1.655;0.035;3.689;102.185;99.718;32.850;0.483;0.987;0.483;0.002;0.135;6.062;0.182;0;2;34.844;34.846;nan;nan;nan;28388;1;0;0;0;0;0;0
130;1;1;1;IDLE;0.000;0.000;1.000;21985.521459;21985.524967;21985.567452;21985.619655;783174;783174;783174;19580;22;12530784;12530824;100.000;501.556;501.556;6.699;7.364;3007.398;3.197;0.000;0.000;6.669;10.017;0.003;19.884;19.884;69.704;94.688;42.484;20.999;46.803;3.674;0.748;0.437;1.775;0.035;3.508;98.197;95.797;33.220;0.113;0.932;0.113;0.002;0.810;6.220;0.187;0;2;32.802;32.805;nan;nan;nan;27824;1;0;0;0;0;0;0
131;1;1;1;IDLE;0.000;0.000;1.000;21985.555128;21985.558398;21985.600665;21985.649708;786108;786108;786108;19653;22;12577728;12577768;100.000;510.300;510.300;6.744;7.409;3018.664;3.186;0.000;0.000;7.157;10.152;0.005;20.494;20.494;66.662;91.310;42.267;22.445;48.488;3.751;1.097;0.432;1.832;0.045;3.270;94.580;92.516;33.431;0.097;0.880;0.097;0.002;0.307;6.460;0.194;0;2;29.134;29.137;nan;nan;nan;28012;1;0;0;0;0;0;0
132;1;1;1;IDLE;0.000;0.000;1.000;21985.587500;21985.589709;21985.627591;21985.691821;785622;785622;785622;19641;21;12569952;12569992;100.000;531.210;531.210;6.564;7.198;3016.798;3.026;0.000;0.000;4.934;9.018;0.001;16.979;16.979;78.449;102.112;37.882;16.627;44.820;2.217;0.758;0.500;1.430;0.030;2.210;104.322;101.296;31.311;2.022;0.951;2.022;0.003;0.263;6.082;0.182;0;2;31.130;31.131;nan;nan;nan;27260;1;0;0;0;0;0;0
133;1;1;1;IDLE;0.000;0.000;1.000;21985.622677;21985.626323;21985.671695;21985.722050;787265;787265;787265;19682;21;12596240;12596280;100.000;499.273;499.273;6.383;7.017;3023.107;3.224;0.000;0.000;7.324;12.021;0.002;22.569;22.569;70.497;95.727;45.371;23.576;49.742;4.211;0.765;0.449;1.854;0.046;3.647;99.373;98.191;36.614;3.280;1.097;3.280;0.002;0.795;6.399;0.192;0;1;32.144;32.146;nan;nan;nan;26508;1;0;0;0;0;0;0
134;1;1;1;IDLE;0.000;0.000;1.000;21985.655774;21985.658180;21985.701011;21985.755921;787734;787734;787734;19694;21;12603744;12603784;100.000;488.650;488.650;6.428;7.062;3024.908;3.717;0.000;0.000;7.190;9.270;0.002;20.176;20.176;71.948;97.741;42.830;20.643;47.108;3.840;0.778;0.455;2.081;0.036;2.406;100.147;98.729;31.857;1.476;1.121;1.476;0.003;0.574;6.600;0.198;0;2;30.305;30.306;nan;nan;nan;26696;1;0;0;0;0;0;0
135;1;1;1;IDLE;0.000;0.000;1.000;21985.688055;21985.692181;21985.732322;21985.788516;786766;786766;786766;19670;22;12588256;12588296;100.000;512.715;512.715;6.744;7.409;3021.191;3.104;0.000;0.000;5.281;9.505;0.003;17.890;17.890;71.782;96.334;40.141;18.570;44.567;2.423;0.776;0.477;1.572;0.033;4.126;100.461;97.991;34.001;0.668;1.092;0.668;0.012;0.790;6.274;0.188;0;2;33.099;33.100;nan;nan;nan;28012;1;0;0;0;0;0;0
136;1;1;1;IDLE;0.000;0.000;1.000;21985.721228;21985.724613;21985.767023;21985.822021;787622;787622;787622;19691;100;12601952;12601992;100.000;506.761;506.761;31.425;34.524;3024.478;3.234;0.000;0.000;6.389;10.129;0.007;19.752;19.752;72.540;97.408;42.410;20.277;46.573;3.416;0.759;0.437;1.742;0.035;3.385;100.793;98.163;32.432;0.901;1.080;0.901;0.022;1.001;6.308;0.189;0;2;31.615;31.619;nan;nan;nan;130848;1;0;0;0;0;0;0
137;1;1;1;IDLE;0.000;0.000;1.000;21985.754116;21985.757132;21985.798991;21985.853717;784509;784509;784509;19613;25;12552144;12552184;100.000;506.742;506.742;7.737;8.496;3012.524;3.265;0.000;0.000;5.933;11.024;0.004;20.222;20.222;71.815;96.585;41.859;20.937;48.310;3.218;0.758;0.443;1.480;0.033;3.016;99.601;96.525;32.518;0.815;1.064;0.815;0.003;0.128;6.218;0.187;0;2;34.050;34.052;nan;nan;nan;32148;1;0;0;0;0;0;0
138;1;1;1;IDLE;0.000;0.000;1.000;21985.787260;21985.790655;21985.832069;21985.889241;782962;782962;782962;19575;21;12527392;12527432;100.000;505.113;505.113;6.473;7.107;3006.584;3.217;0.000;0.000;6.531;10.021;0.003;19.769;19.769;73.785;98.586;41.414;20.052;47.735;3.404;0.821;0.438;1.833;0.035;3.395;101.981;98.716;33.523;0.190;1.009;0.190;0.002;0.057;6.302;0.189;0;2;31.664;31.665;nan;nan;nan;26884;1;0;0;0;0;0;0
139;1;1;1;IDLE;0.000;0.000;1.000;21985.820517;21985.824406;21985.863140;21985.921343;785441;785441;785441;19637;21;12567056;12567096;100.000;511.999;511.999;6.609;7.243;3016.103;3.136;0.000;0.000;4.726;9.015;0.003;16.877;16.877;72.392;96.937;38.733;17.411;43.573;2.022;0.758;0.441;1.474;0.030;3.889;100.826;97.485;33.751;0.418;0.972;0.418;0.002;0.444;5.914;0.177;0;2;35.113;35.114;nan;nan;nan;27448;1;0;0;0;0;0;0
140;1;1;1;IDLE;0.000;0.000;1.000;21985.854787;21985.858442;21985.899859;21985.921408;786857;786857;786857;19672;20;12589712;12589752;100.000;503.409;503.409;6.338;6.941;3021.540;3.269;0.000;0.000;5.714;9.655;0.002;18.638;18.638;37.957;62.966;41.417;29.600;45.001;3.068;0.741;0.435;1.439;0.030;3.655;66.621;64.216;34.035;0.702;0.955;0.702;0.002;1.035;5.880;0.176;0;2;31.133;31.135;nan;nan;nan;26320;1;0;0;0;0;0;0
141;1;1;1;IDLE;0.000;0.000;1.000;21985.888339;21985.891058;21985.931301;21985.988130;786209;786209;786209;19656;22;12579344;12579384;100.000;515.210;515.210;6.970;7.635;3019.052;3.173;0.000;0.000;5.808;9.910;0.004;18.892;18.892;72.657;97.073;40.243;19.462;46.945;3.106;0.773;0.459;1.438;0.032;2.718;99.791;97.605;32.616;0.718;0.941;0.718;0.003;0.105;5.867;0.176;0;2;34.157;34.159;nan;nan;nan;28952;1;0;0;0;0;0;0
142;1;1;1;IDLE;0.000;0.000;1.000;21985.920551;21985.923882;21985.966380;21986.022797;785895;785895;785895;19648;24;12574320;12574360;100.000;505.044;505.044;7.421;8.148;3017.846;3.200;0.000;0.000;6.738;10.021;0.002;19.959;19.959;74.017;98.915;42.498;20.178;46.965;3.374;0.786;0.438;2.101;0.038;3.331;102.246;98.938;32.824;0.509;0.914;0.509;0.003;0.838;6.090;0.183;0;2;31.767;31.770;nan;nan;nan;30832;1;0;0;0;0;0;0
143;1;1;1;IDLE;0.000;0.000;1.000;21985.953867;21985.958252;21985.997398;21986.054473;783109;783109;783109;19578;24;12529744;12529784;100.000;510.143;510.143;7.511;8.239;3007.148;3.153;0.000;0.000;5.279;8.962;0.002;17.394;17.394;71.660;96.222;39.146;18.077;44.432;2.199;0.769;0.478;1.802;0.031;4.384;100.606;97.282;34.370;1.037;0.921;1.037;0.012;0.331;5.891;0.177;0;2;34.357;34.359;nan;nan;nan;31208;1;0;0;0;0;0;0
144;1;1;1;IDLE;0.000;0.000;1.000;21985.987891;21985.991382;21986.032560;21986.090138;783994;783994;783994;19600;25;12543904;12543944;100.000;507.136;507.136;7.737;8.496;3010.547;3.210;0.000;0.000;6.649;9.046;0.003;18.905;18.905;74.021;98.756;41.178;19.143;45.911;3.731;0.744;0.443;1.697;0.034;3.491;102.247;99.613;33.130;0.203;0.876;0.203;0.002;0.744;6.085;0.183;0;2;30.954;30.957;nan;nan;nan;32148;1;0;0;0;0;0;0
145;1;1;1;IDLE;0.000;0.000;1.000;21986.021943;21986.024837;21986.064608;21986.121936;785959;785959;785959;19649;24;12575344;12575384;100.000;541.006;541.006;7.466;8.194;3018.092;3.031;0.000;0.000;6.349;10.017;0.003;19.397;19.397;73.854;97.099;39.771;19.977;48.772;3.236;0.765;0.459;1.854;0.035;2.894;99.993;98.077;33.455;0.122;0.829;0.122;0.002;0.156;6.158;0.185;0;2;35.541;35.543;nan;nan;nan;31020;1;0;0;0;0;0;0
146;1;1;1;IDLE;0.000;0.000;1.000;21986.054257;21986.057988;21986.100035;21986.157168;789030;789030;789030;19726;24;12624480;12624520;100.000;504.625;504.625;7.466;8.194;3029.885;3.220;0.000;0.000;7.065;9.365;0.003;19.651;19.651;74.162;99.180;42.048;19.813;46.735;4.183;0.743;0.437;1.666;0.035;3.731;102.911;99.976;33.151;0.183;0.789;0.183;0.002;0.596;6.398;0.192;0;2;31.261;31.262;nan;nan;nan;31020;1;0;0;0;0;0;0
147;1;1;1;IDLE;0.000;0.000;1.000;21986.088814;21986.092231;21986.132012;21986.189745;794594;794594;794594;19865;24;12713504;12713544;100.000;518.680;518.680;7.601;8.329;3051.251;3.285;0.000;0.000;5.156;9.263;0.003;17.703;17.703;73.002;97.514;39.781;18.155;44.502;2.190;0.792;0.480;1.662;0.032;3.417;100.931;99.220;34.243;0.910;0.796;0.910;0.003;0.847;6.094;0.183;0;2;34.415;34.416;nan;nan;nan;31584;1;0;0;0;0;0;0
148;1;1;1;IDLE;0.000;0.000;1.000;21986.121292;21986.124934;21986.169858;21986.223058;797998;797998;797998;19950;24;12767968;12768008;100.000;510.115;510.115;7.331;8.058;3064.322;3.195;0.000;0.000;7.173;12.031;0.580;22.399;22.399;73.094;98.124;44.924;22.827;49.860;4.115;0.771;0.436;1.813;0.037;3.642;101.766;99.200;32.703;0.630;0.786;0.630;0.003;0.686;6.368;0.191;0;2;31.914;31.917;nan;nan;nan;30456;1;0;0;0;0;0;0
149;1;1;1;IDLE;0.000;0.000;1.000;21986.155537;21986.158948;21986.199926;21986.223119;798639;798639;798639;19966;23;12778224;12778264;100.000;510.127;510.127;7.285;7.982;3066.783;3.347;0.000;0.000;5.721;10.024;0.002;19.091;19.091;39.122;64.171;40.978;29.751;46.589;2.664;0.805;0.479;1.742;0.031;3.411;67.582;65.927;34.014;0.680;0.779;0.680;0.002;0.180;6.211;0.186;0;2;32.576;32.577;nan;nan;nan;30268;1;0;0;0;0;0;0
150;1;1;1;IDLE;0.000;0.000;1.000;21986.188197;21986.191177;21986.232000;21986.283358;796693;796693;796693;19918;23;12747088;12747128;100.000;504.366;504.366;7.240;7.937;3059.311;3.205;0.000;0.000;6.003;9.016;0.004;18.224;18.224;66.908;92.182;40.823;19.770;44.642;3.299;0.768;0.439;1.463;0.034;2.980;95.161;92.833;32.229;1.104;0.800;1.104;0.002;0.526;6.163;0.185;0;2;30.169;30.171;nan;nan;nan;30080;1;0;0;0;0;0;0
151;1;1;1;IDLE;0.000;0.000;1.000;21986.220841;21986.223528;21986.260760;21986.324268;794717;794717;794717;19868;105;12715472;12715512;100.000;518.361;518.361;33.094;36.349;3051.723;3.077;0.000;0.000;4.919;7.712;0.004;15.709;15.709;76.209;100.739;37.231;15.594;42.193;2.037;0.770;0.460;1.614;0.039;2.687;103.427;100.409;32.351;0.982;0.811;0.982;0.002;0.066;5.859;0.176;0;2;30.306;30.308;nan;nan;nan;137804;1;0;0;0;0;0;0
152;1;1;1;IDLE;0.000;0.000;1.000;21986.256125;21986.259818;21986.303669;21986.355150;792861;792861;792861;19822;22;12685776;12685816;100.000;500.779;500.779;6.924;7.590;3044.596;3.334;0.000;0.000;6.511;11.499;0.003;21.343;21.343;70.000;95.332;43.851;22.389;48.673;3.513;0.791;0.454;1.699;0.054;3.693;99.024;97.958;36.290;2.956;0.945;2.956;0.009;0.500;6.037;0.181;0;1;32.094;32.096;nan;nan;nan;28764;1;0;0;0;0;0;0
153;1;1;1;IDLE;0.000;0.000;1.000;21986.288970;21986.291464;21986.335241;21986.390930;792789;792789;792789;19820;19;12684624;12684664;100.000;488.011;488.011;5.751;6.323;3044.319;3.784;0.000;0.000;5.842;11.271;0.003;20.897;20.897;73.474;99.466;43.777;21.009;47.735;3.195;0.770;0.455;1.397;0.025;2.494;101.960;100.405;31.646;1.688;0.992;1.688;0.002;0.669;5.992;0.180;0;2;31.173;31.174;nan;nan;nan;23876;1;0;0;0;0;0;0
154;1;1;1;IDLE;0.000;0.000;1.000;21986.321418;21986.323646;21986.363734;21986.422272;792309;792309;792309;19808;18;12676944;12676984;100.000;501.616;501.616;5.571;6.111;3042.476;3.178;0.000;0.000;5.637;8.542;0.003;17.357;17.357;73.353;98.626;40.088;17.599;43.297;2.240;0.814;0.454;2.092;0.038;2.229;100.854;98.413;32.183;1.151;1.001;1.151;0.004;0.632;5.909;0.177;0;2;35.733;35.736;nan;nan;nan;23124;1;0;0;0;0;0;0
155;1;1;1;IDLE;0.000;0.000;1.000;21986.355047;21986.358785;21986.400776;21986.422338;791925;791925;791925;19799;19;12670800;12670840;100.000;509.136;509.136;6.022;6.594;3041.002;3.159;0.000;0.000;7.228;9.407;0.001;19.795;19.795;38.665;63.552;41.991;31.147;47.140;4.397;0.757;0.436;1.602;0.036;3.738;67.290;65.146;35.139;1.806;1.052;1.806;0.002;0.465;6.243;0.187;0;2;30.894;30.897;nan;nan;nan;25004;1;0;0;0;0;0;0
156;1;1;1;IDLE;0.000;0.000;1.000;21986.388746;21986.391813;21986.432105;21986.489145;793795;793795;793795;19845;22;12700720;12700760;100.000;507.716;507.716;6.879;7.545;3048.182;3.173;0.000;0.000;5.404;9.659;0.002;18.236;18.236;72.316;97.332;40.292;18.736;45.259;2.492;0.789;0.457;1.636;0.031;3.067;100.398;98.620;33.028;0.306;1.005;0.306;0.002;0.211;6.039;0.181;0;2;35.286;35.287;nan;nan;nan;28576;1;0;0;0;0;0;0
157;1;1;1;IDLE;0.000;0.000;1.000;21986.421367;21986.425132;21986.468548;21986.525346;793460;793460;793460;19837;22;12695360;12695400;100.000;495.322;495.322;6.789;7.454;3046.896;3.341;0.000;0.000;6.946;10.016;0.002;20.303;20.303;74.583;100.214;43.416;20.260;46.764;4.123;0.774;0.434;1.579;0.036;3.765;103.979;101.487;33.319;0.014;0.943;0.014;0.003;0.820;6.270;0.188;0;2;30.608;30.609;nan;nan;nan;28200;1;0;0;0;0;0;0
158;1;1;1;IDLE;0.000;0.000;1.000;21986.455231;21986.458303;21986.497133;21986.554851;795527;795527;795527;19889;22;12728432;12728472;100.000;519.067;519.067;6.789;7.454;3054.833;3.155;0.000;0.000;5.931;8.088;0.004;17.174;17.174;72.027;96.549;38.830;17.788;44.229;2.275;0.826;0.481;2.316;0.034;3.072;99.621;97.660;33.171;0.162;0.894;0.162;0.002;0.286;6.190;0.186;0;2;36.297;36.298;nan;nan;nan;28200;1;0;0;0;0;0;0
159;1;1;1;IDLE;0.000;0.000;1.000;21986.488035;21986.492694;21986.534702;21986.584881;798776;798776;798776;19970;23;12780416;12780456;100.000;509.739;509.739;7.060;7.756;3067.309;3.199;0.000;0.000;7.542;9.005;0.003;19.746;19.746;67.115;92.187;42.009;21.420;47.005;4.208;0.782;0.441;2.067;0.044;4.659;96.846;94.356;34.391;1.058;0.905;1.058;0.003;0.385;6.534;0.196;0;2;29.143;29.146;nan;nan;nan;29328;1;0;0;0;0;0;0
160;1;1;1;IDLE;0.000;0.000;1.000;21986.521705;21986.523878;21986.563768;21986.626004;799362;799362;799362;19985;23;12789792;12789832;100.000;527.259;527.259;7.015;7.711;3069.560;3.090;0.000;0.000;5.283;10.012;0.002;18.385;18.385;77.869;102.126;39.890;18.003;46.090;2.201;0.770;0.454;1.828;0.029;2.173;104.299;102.145;31.184;2.149;0.982;2.149;0.002;0.335;6.228;0.187;0;2;31.119;31.122;nan;nan;nan;29140;1;0;0;0;0;0;0
161;1;1;1;IDLE;0.000;0.000;1.000;21986.556183;21986.559823;21986.605563;21986.656800;789777;789777;789777;19745;23;12636432;12636472;100.000;497.101;497.101;7.015;7.711;3032.753;3.355;0.000;0.000;7.694;11.680;0.002;22.728;22.728;71.556;96.977;45.740;23.437;49.690;4.407;0.767;0.464;2.004;0.051;3.640;100.617;99.608;35.945;2.612;1.084;2.612;0.010;0.935;6.600;0.198;0;1;32.115;32.117;nan;nan;nan;29140;1;0;0;0;0;0;0
162;1;1;1;IDLE;0.000;0.000;1.000;21986.588304;21986.592094;21986.636945;21986.692123;790930;790930;790930;19774;22;12654880;12654920;100.000;487.392;487.392;6.834;7.500;3037.181;3.679;0.000;0.000;5.722;13.035;0.002;22.436;22.436;74.064;100.028;44.850;22.430;50.025;3.041;0.767;0.451;1.439;0.026;3.790;103.818;101.597;32.271;1.062;1.083;1.062;0.003;0.125;6.384;0.192;0;2;32.883;32.885;nan;nan;nan;28388;1;0;0;0;0;0;0
163;1;1;1;IDLE;0.000;0.000;1.000;21986.622147;21986.624787;21986.668014;21986.723148;793734;793734;793734;19844;23;12699744;12699784;100.000;522.904;522.904;7.015;7.711;3047.948;3.096;0.000;0.000;5.432;13.107;0.002;21.634;21.634;74.074;98.361;43.227;21.995;50.049;2.314;0.771;0.494;1.822;0.031;2.640;101.001;99.290;32.693;0.641;1.055;0.641;0.002;0.398;6.158;0.185;0;2;37.210;37.213;nan;nan;nan;29140;1;0;0;0;0;0;0
164;1;1;1;IDLE;0.000;0.000;1.000;21986.654661;21986.658496;21986.703096;21986.755300;792883;792883;792883;19823;23;12686128;12686168;100.000;486.263;486.263;7.105;7.801;3044.680;3.343;0.000;0.000;7.500;10.015;0.004;20.858;20.858;70.715;96.804;44.600;21.547;46.768;4.544;0.753;0.435;1.727;0.040;3.835;100.639;98.109;33.709;0.376;1.013;0.376;0.003;0.991;6.499;0.195;0;2;30.061;30.063;nan;nan;nan;29516;1;0;0;0;0;0;0
165;1;1;1;IDLE;0.000;0.000;1.000;21986.688513;21986.691944;21986.733166;21986.791014;791299;791299;791299;19783;24;12660784;12660824;100.000;527.058;527.058;7.331;8.058;3038.598;3.216;0.000;0.000;5.085;12.028;0.003;20.329;20.329;75.047;99.069;41.222;20.520;49.315;2.181;0.769;0.483;1.619;0.033;3.431;102.500;100.488;33.448;0.114;0.957;0.114;0.003;0.084;6.151;0.185;0;2;34.156;34.157;nan;nan;nan;30456;1;0;0;0;0;0;0
166;1;1;1;IDLE;0.000;0.000;1.000;21986.721323;21986.724748;21986.766564;21986.822219;789485;789485;789485;19738;101;12631760;12631800;100.000;500.290;500.290;31.876;35.006;3031.632;3.240;0.000;0.000;5.264;10.340;0.007;18.844;18.844;72.223;97.472;41.816;19.333;45.063;2.325;0.788;0.437;1.684;0.030;3.425;100.897;98.361;32.803;0.530;0.930;0.530;0.002;0.961;5.935;0.178;0;2;34.784;34.788;nan;nan;nan;132728;1;0;0;0;0;0;0
167;1;1;1;IDLE;0.000;0.000;1.000;21986.754844;21986.758593;21986.800972;21986.857397;789977;789977;789977;19750;23;12639632;12639672;100.000;496.172;496.172;7.060;7.756;3033.521;3.337;0.000;0.000;6.916;9.670;0.003;19.924;19.924;73.329;98.804;42.379;20.165;47.013;4.159;0.748;0.442;1.531;0.036;3.749;102.553;100.205;33.846;0.512;0.904;0.512;0.003;0.314;6.185;0.186;0;2;30.913;30.914;nan;nan;nan;29328;1;0;0;0;0;0;0
168;1;1;1;IDLE;0.000;0.000;1.000;21986.788865;21986.791843;21986.832486;21986.889448;791598;791598;791598;19790;19;12665568;12665608;100.000;505.335;505.335;5.977;6.549;3039.746;3.109;0.000;0.000;5.282;10.111;0.002;18.502;18.502;72.540;97.604;40.642;18.956;45.523;2.495;0.780;0.453;1.523;0.031;2.979;100.583;98.923;33.250;0.083;0.853;0.083;0.002;0.182;5.963;0.179;0;2;35.018;35.019;nan;nan;nan;24816;1;0;0;0;0;0;0
169;1;1;1;IDLE;0.000;0.000;1.000;21986.821351;21986.824647;21986.867480;21986.922641;795034;795034;795034;19876;20;12720544;12720584;100.000;492.462;492.462;6.067;6.670;3052.940;3.486;0.000;0.000;6.882;10.023;0.003;20.391;20.391;72.164;97.995;42.833;20.808;47.606;3.839;0.768;0.441;1.800;0.034;3.296;101.291;98.783;32.804;0.530;0.832;0.530;0.002;0.094;6.199;0.186;0;2;31.985;31.987;nan;nan;nan;25192;1;0;0;0;0;0;0
170;1;1;1;IDLE;0.000;0.000;1.000;21986.854980;21986.858231;21986.899554;21986.956872;794863;794863;794863;19872;20;12717808;12717848;100.000;513.374;513.374;6.203;6.805;3052.284;3.206;0.000;0.000;6.398;10.023;0.002;19.628;19.628;73.868;98.641;41.323;19.898;47.498;3.524;0.790;0.452;1.596;0.037;3.252;101.892;99.680;33.585;0.251;0.796;0.251;0.012;0.116;6.255;0.188;0;2;33.107;33.108;nan;nan;nan;25756;1;0;0;0;0;0;0
171;1;1;1;IDLE;0.000;0.000;1.000;21986.888075;21986.892718;21986.933486;21986.988832;794885;794885;794885;19873;21;12718160;12718200;100.000;521.877;521.877;6.564;7.198;3052.368;3.162;0.000;0.000;5.526;9.874;0.004;18.562;18.562;71.743;96.114;40.767;19.312;45.530;2.666;0.800;0.461;1.567;0.032;4.644;100.758;98.307;34.487;1.154;0.818;1.154;0.003;0.993;6.076;0.182;0;2;33.258;33.259;nan;nan;nan;27260;1;0;0;0;0;0;0
172;1;1;1;IDLE;0.000;0.000;1.000;21986.921669;21986.924850;21986.967627;21987.024292;788905;788905;788905;19723;21;12622480;12622520;100.000;502.399;502.399;6.564;7.198;3029.405;3.299;0.000;0.000;6.871;9.938;0.002;20.108;20.108;74.317;99.442;42.776;20.220;47.006;3.989;0.760;0.438;1.649;0.036;3.181;102.623;100.434;32.132;1.201;0.842;1.201;0.003;0.839;6.279;0.188;0;2;31.137;31.139;nan;nan;nan;27260;1;0;0;0;0;0;0
173;1;1;1;IDLE;0.000;0.000;1.000;21986.955153;21986.958303;21986.998782;21987.055974;787376;787376;787376;19685;21;12598016;12598056;100.000;507.105;507.105;6.609;7.243;3023.533;3.187;0.000;0.000;5.045;10.180;0.002;18.411;18.411;72.828;97.671;40.479;18.850;45.483;2.081;0.755;0.454;1.724;0.032;3.150;100.821;98.782;33.453;0.119;0.797;0.119;0.003;0.408;5.976;0.179;0;2;35.687;35.688;nan;nan;nan;27448;1;0;0;0;0;0;0
174;1;1;1;IDLE;0.000;0.000;1.000;21986.988088;21986.991736;21987.034854;21987.090381;791921;791921;791921;19799;22;12670736;12670776;100.000;498.241;498.241;6.834;7.500;3040.986;3.334;0.000;0.000;7.099;10.008;0.002;20.440;20.440;73.214;98.645;43.118;20.721;47.405;4.234;0.753;0.437;1.638;0.037;3.648;102.293;99.856;33.433;0.099;0.754;0.099;0.003;0.577;6.261;0.188;0;2;31.122;31.123;nan;nan;nan;28388;1;0;0;0;0;0;0
175;1;1;1;IDLE;0.000;0.000;1.000;21987.021973;21987.024866;21987.065937;21987.122145;785044;785044;785044;19627;22;12560704;12560744;100.000;507.315;507.315;6.744;7.409;3014.579;3.175;0.000;0.000;5.306;10.221;0.002;18.702;18.702;72.519;97.279;41.071;19.225;45.535;2.309;0.760;0.464;1.731;0.042;2.892;100.171;98.286;33.130;0.203;0.719;0.203;0.002;0.782;6.027;0.181;0;2;34.659;34.661;nan;nan;nan;28012;1;0;0;0;0;0;0
176;1;1;1;IDLE;0.000;0.000;1.000;21987.054627;21987.057925;21987.101115;21987.157533;785759;785759;785759;19644;22;12572144;12572184;100.000;491.641;491.641;6.744;7.409;3017.324;3.315;0.000;0.000;6.852;10.107;0.003;20.274;20.274;74.036;99.608;43.190;20.354;46.942;3.590;1.060;0.440;1.718;0.045;3.298;102.906;100.342;33.059;0.274;0.691;0.274;0.002;0.655;6.238;0.187;0;2;31.131;31.133;nan;nan;nan;28012;1;0;0;0;0;0;0
177;1;1;1;IDLE;0.000;0.000;1.000;21987.087795;21987.090025;21987.132094;21987.187295;782963;782963;782963;19575;22;12527408;12527448;100.000;493.284;493.284;6.970;7.635;3006.588;3.292;0.000;0.000;5.398;11.025;0.003;19.715;19.715;71.874;97.270;42.069;20.268;46.864;2.139;0.761;0.461;2.005;0.031;2.230;99.500;96.770;32.100;1.234;0.725;1.234;0.003;0.246;6.033;0.181;0;2;36.460;36.462;nan;nan;nan;28952;1;0;0;0;0;0;0
178;1;1;1;IDLE;0.000;0.000;1.000;21987.121862;21987.125818;21987.166963;21987.217355;783666;783666;783666;19592;21;12538656;12538696;100.000;508.131;508.131;6.609;7.243;3009.287;3.267;0.000;0.000;6.999;8.796;0.004;19.062;19.062;66.861;91.538;41.145;20.825;46.329;3.849;0.777;0.438;1.892;0.043;3.955;95.493;93.497;35.793;2.459;0.834;2.459;0.002;0.671;6.281;0.188;0;2;29.120;29.126;nan;nan;nan;27448;1;0;0;0;0;0;0
179;1;1;1;IDLE;0.000;0.000;1.000;21987.154665;21987.156730;21987.195630;21987.273348;786714;786714;786714;19668;22;12587424;12587464;100.000;530.973;530.973;6.699;7.364;3020.991;3.043;0.000;0.000;5.179;9.405;0.001;17.627;17.627;92.911;116.617;38.899;15.115;45.314;2.420;0.758;0.456;1.511;0.033;2.065;118.683;116.156;30.913;2.421;0.933;2.421;0.011;0.597;6.012;0.180;0;2;31.125;31.126;nan;nan;nan;27824;1;0;0;0;0;0;0
180;1;1;1;IDLE;0.000;0.000;1.000;21987.189084;21987.192715;21987.238340;21987.310946;787583;787583;787583;19690;21;12601328;12601368;100.000;493.387;493.387;6.473;7.107;3024.328;3.347;0.000;0.000;7.705;11.962;0.001;23.014;23.014;92.690;118.231;45.626;19.465;50.440;4.170;0.767;0.460;2.271;0.038;3.631;121.862;120.421;35.985;2.651;1.040;2.651;0.002;0.415;6.455;0.194;0;1;46.966;46.967;nan;nan;nan;26884;1;0;0;0;0;0;0
181;1;1;1;IDLE;0.000;0.000;1.000;21987.221967;21987.224228;21987.280173;21987.338004;793719;793719;793719;19843;104;12699504;12699544;100.000;469.252;469.252;32.643;35.867;3047.891;3.518;0.000;0.000;22.033;6.748;0.003;32.299;32.299;86.713;113.776;55.945;28.388;57.733;4.326;0.767;0.453;1.551;14.936;2.260;116.037;114.145;31.513;1.821;1.089;1.821;0.002;0.097;10.353;0.311;0;2;37.518;37.519;nan;nan;nan;135924;1;0;0;0;0;0;0
182;1;1;1;IDLE;0.000;0.000;1.000;21987.255537;21987.258042;21987.319529;21987.380562;792329;792329;792329;19809;21;12677264;12677304;100.000;704.440;704.440;6.564;7.198;3042.553;11.541;0.000;0.000;5.688;37.064;0.001;54.293;54.293;104.524;122.520;61.487;44.313;88.299;2.230;0.806;0.462;2.162;0.028;2.506;125.026;123.371;33.815;0.481;1.051;0.481;0.002;0.735;9.193;0.276;0;2;55.534;55.535;nan;nan;nan;27260;1;0;0;0;0;0;0
183;1;1;1;IDLE;0.000;0.000;1.000;21987.290326;21987.293830;21987.347593;21987.407288;801464;801464;801464;20037;17;12823424;12823464;100.000;637.029;637.029;5.300;5.809;3077.631;12.728;0.000;0.000;5.185;28.062;0.001;45.975;45.975;93.328;113.458;53.763;40.522;85.515;2.187;0.776;0.437;1.749;0.035;3.504;116.962;116.763;35.788;2.455;1.139;2.455;0.002;0.382;8.197;0.246;0;2;61.029;61.030;nan;nan;nan;21996;1;0;0;0;0;0;0
184;1;1;1;IDLE;0.000;0.000;1.000;21987.325386;21987.329270;21987.388690;21987.434520;796948;796948;796948;19924;18;12751168;12751208;100.000;493.337;493.337;5.436;5.976;3060.290;3.129;0.000;0.000;25.421;8.018;0.002;36.568;36.568;79.403;105.250;59.420;34.744;61.542;4.110;0.784;0.460;1.844;18.224;3.884;109.134;110.662;35.440;2.107;1.199;2.107;0.004;0.128;12.507;0.375;0;2;26.610;26.613;nan;nan;nan;22560;1;0;0;0;0;0;0
185;1;1;1;IDLE;0.000;0.000;1.000;21987.357889;21987.362332;21987.415472;21987.463981;802598;802598;802598;20065;21;12841568;12841608;100.000;629.543;629.543;6.383;7.017;3081.986;13.539;0.000;0.000;5.000;26.781;0.002;45.320;45.320;81.251;101.649;53.140;44.584;85.283;2.004;0.782;0.463;1.680;0.072;4.443;106.092;106.789;33.061;0.272;1.141;0.272;0.002;0.958;10.634;0.319;0;2;45.825;45.827;nan;nan;nan;26508;1;0;0;0;0;0;0
186;1;1;1;IDLE;0.000;0.000;1.000;21987.388559;21987.395124;21987.444621;21987.494655;797039;797039;797039;19926;22;12752624;12752664;100.000;580.372;580.372;6.879;7.545;3060.639;3.203;0.000;0.000;8.802;17.842;0.002;29.847;29.847;77.558;99.531;49.497;29.987;60.300;5.592;0.818;0.464;1.885;0.043;6.564;106.096;104.130;32.792;0.541;1.104;0.541;0.003;0.876;10.181;0.305;0;2;37.198;37.200;nan;nan;nan;28576;1;0;0;0;0;0;0
187;1;1;1;IDLE;0.000;0.000;1.000;21987.423784;21987.428349;21987.474501;21987.526350;797511;797511;797511;19938;22;12760176;12760216;100.000;515.393;515.393;6.879;7.545;3062.452;3.468;0.000;0.000;6.505;14.643;0.002;24.616;24.616;73.242;98.001;46.152;25.118;53.336;3.565;0.786;0.463;1.653;0.037;4.565;102.566;102.491;33.225;0.108;1.042;0.108;0.003;0.243;9.268;0.278;0;2;34.790;34.793;nan;nan;nan;28576;1;0;0;0;0;0;0
188;1;1;1;IDLE;0.000;0.000;1.000;21987.455433;21987.459084;21987.505439;21987.559931;794879;794879;794879;19872;21;12718064;12718104;100.000;512.802;512.802;6.564;7.198;3052.345;3.564;0.000;0.000;4.804;16.499;0.002;24.868;24.868;76.046;100.848;46.355;24.659;53.646;1.781;0.776;0.459;1.754;0.034;3.651;104.499;102.739;30.735;2.599;1.139;2.599;0.010;0.240;8.162;0.245;0;2;37.405;37.407;nan;nan;nan;27260;1;0;0;0;0;0;0
189;1;1;1;IDLE;0.000;0.000;1.000;21987.488181;21987.492248;21987.537039;21987.593752;793590;793590;793590;19840;21;12697440;12697480;100.000;495.651;495.651;6.654;7.288;3047.395;3.484;0.000;0.000;7.246;11.848;0.002;22.578;22.578;75.886;101.504;44.791;22.243;50.407;4.129;0.789;0.454;1.836;0.039;4.067;105.571;103.227;33.164;0.169;1.078;0.169;0.004;0.074;7.938;0.238;0;2;34.736;34.738;nan;nan;nan;27636;1;0;0;0;0;0;0
190;1;1;1;IDLE;0.000;0.000;1.000;21987.522919;21987.527101;21987.571116;21987.626084;788938;788938;788938;19724;22;12623008;12623048;100.000;486.434;486.434;6.789;7.454;3029.532;3.372;0.000;0.000;6.831;11.017;0.002;21.220;21.220;73.032;98.983;44.015;21.438;48.211;3.927;0.743;0.436;1.629;0.095;4.183;103.165;102.225;34.853;1.520;1.106;1.520;0.003;0.212;7.669;0.230;0;2;33.647;33.651;nan;nan;nan;28200;1;0;0;0;0;0;0
191;1;1;1;IDLE;0.000;0.000;1.000;21987.556370;21987.559843;21987.604515;21987.626137;784846;784846;784846;19622;21;12557536;12557576;100.000;476.922;476.922;6.654;7.288;3013.818;3.392;0.000;0.000;7.539;10.312;0.001;21.243;21.243;39.964;66.295;44.673;32.043;47.552;4.017;0.768;0.464;2.226;0.064;3.472;69.767;68.946;32.741;0.592;1.074;0.592;0.003;0.488;7.642;0.229;0;2;31.877;31.878;nan;nan;nan;27636;1;0;0;0;0;0;0
192;1;1;1;IDLE;0.000;0.000;1.000;21987.589947;21987.593298;21987.636406;21987.710881;788004;788004;788004;19701;22;12608064;12608104;100.000;495.244;495.244;6.699;7.364;3025.945;3.381;0.000;0.000;7.298;10.158;0.002;20.837;20.837;92.124;117.583;43.108;17.722;48.338;3.924;0.760;0.457;2.115;0.043;3.351;120.934;120.356;33.455;0.122;1.014;0.122;0.004;0.188;7.561;0.227;0;2;32.528;32.531;nan;nan;nan;27824;1;0;0;0;0;0;0
193;1;1;1;IDLE;0.000;0.000;1.000;21987.622681;21987.625589;21987.669346;21987.719447;795964;795964;795964;19900;21;12735424;12735464;100.000;495.334;495.334;6.428;7.062;3056.511;3.317;0.000;0.000;7.448;10.019;0.002;20.784;20.784;68.147;93.857;43.757;22.144;47.499;4.593;0.784;0.450;1.584;0.037;2.908;96.766;95.588;32.292;1.042;1.016;1.042;0.003;0.575;7.537;0.226;0;2;51.550;51.553;nan;nan;nan;26696;1;0;0;0;0;0;0
194;1;1;1;IDLE;0.000;0.000;1.000;21987.655609;21987.657911;21987.701421;21987.748595;799207;799207;799207;19981;21;12787312;12787352;100.000;476.848;476.848;6.564;7.198;3068.964;14.084;0.000;0.000;5.962;10.457;0.002;30.503;30.503;63.868;90.684;43.510;33.637;70.106;3.067;0.793;0.457;1.606;0.039;2.301;92.986;91.403;32.321;1.012;1.016;1.012;0.003;0.271;7.148;0.214;0;2;19.918;28.479;nan;nan;nan;27260;1;0;0;0;0;0;0
195;1;1;1;IDLE;0.000;0.000;1.000;21987.688566;21987.693590;21987.728484;21987.808762;799402;799402;799402;19986;22;12790432;12790472;100.000;628.500;628.500;6.789;7.454;3069.713;12.875;0.000;0.000;4.484;10.027;0.001;27.386;27.386;94.820;115.171;34.893;23.779;78.485;1.618;0.787;0.470;1.580;0.029;5.025;120.196;118.236;35.680;2.346;1.099;2.346;0.002;0.029;6.488;0.195;0;2;30.134;30.136;nan;nan;nan;28200;1;0;0;0;0;0;0
196;1;1;1;IDLE;0.000;0.000;1.000;21987.723810;21987.728649;21987.788624;21987.809752;800483;800483;800483;20013;103;12807728;12807768;100.000;527.430;527.430;32.553;35.745;3073.864;3.332;0.000;0.000;26.694;8.466;0.002;38.491;38.491;56.820;81.103;59.975;47.460;64.179;3.832;0.770;0.443;2.300;19.349;4.839;85.942;85.893;35.058;1.725;1.138;1.725;0.015;0.517;11.543;0.346;0;1;28.600;28.602;nan;nan;nan;135548;1;0;0;0;0;0;0
197;1;1;1;IDLE;0.000;0.000;1.000;21987.756138;21987.759699;21987.816205;21987.864983;798336;798336;798336;19959;21;12773376;12773416;100.000;572.839;572.839;6.473;7.107;3065.620;14.559;0.000;0.000;5.355;27.579;0.003;47.493;47.493;82.986;105.284;56.506;45.110;84.050;2.545;0.756;0.436;1.584;0.034;3.561;108.845;107.791;31.050;2.283;1.210;2.283;0.002;1.270;10.000;0.300;0;2;47.212;47.215;nan;nan;nan;26884;1;0;0;0;0;0;0
198;1;1;1;IDLE;0.000;0.000;1.000;21987.788662;21987.793708;21987.845756;21987.912016;798454;798454;798454;19962;17;12775264;12775304;100.000;671.956;671.956;5.300;5.809;3066.073;2.851;0.000;0.000;4.835;28.043;0.001;35.729;35.729;99.296;118.308;52.048;30.200;68.646;1.844;0.750;0.442;1.769;0.030;5.046;123.354;121.491;34.009;0.676;1.176;0.676;0.003;0.154;8.718;0.262;0;2;47.262;47.265;nan;nan;nan;21996;1;0;0;0;0;0;0
199;1;1;1;IDLE;0.000;0.000;1.000;21987.824558;21987.828298;21987.875850;21987.924186;800770;800770;800770;20020;17;12812320;12812360;100.000;488.874;488.874;5.165;5.674;3074.966;3.106;0.000;0.000;7.314;13.947;0.001;24.366;24.366;69.680;95.888;47.552;25.411;51.242;4.224;0.779;0.455;1.809;0.047;3.740;99.629;100.328;34.590;1.256;1.181;1.256;0.004;0.078;8.372;0.251;0;2;50.110;50.112;nan;nan;nan;21432;1;0;0;0;0;0;0
200;1;1;1;IDLE;0.000;0.000;1.000;21987.857204;21987.860978;21987.905851;21987.957534;802378;802378;802378;20060;19;12838048;12838088;100.000;474.778;474.778;5.887;6.458;3081.141;3.456;0.000;0.000;6.813;10.973;0.002;21.242;21.242;69.516;96.556;44.873;22.000;47.339;3.376;0.784;0.445;2.008;0.199;3.775;100.331;100.342;32.680;0.653;1.148;0.653;0.004;0.042;7.990;0.240;0;2;17.140;29.304;nan;nan;nan;24440;1;0;0;0;0;0;0
201;1;1;1;IDLE;0.000;0.000;1.000;21987.889569;21987.893122;21987.935970;21988.011413;805285;805285;805285;20133;21;12884560;12884600;100.000;543.781;543.781;6.518;7.152;3092.304;14.225;0.000;0.000;4.580;14.051;0.003;32.856;32.856;94.596;118.291;42.847;27.776;76.681;1.684;0.920;0.462;1.488;0.027;3.553;121.844;120.888;32.144;1.189;1.151;1.189;0.002;0.519;7.149;0.214;0;2;35.611;35.612;nan;nan;nan;27072;1;0;0;0;0;0;0
202;1;1;1;IDLE;0.000;0.000;1.000;21987.921351;21987.924788;21987.967626;21988.038303;803318;803318;803318;20083;21;12853088;12853128;100.000;499.429;499.429;6.609;7.243;3084.751;15.395;0.000;0.000;6.980;9.610;0.001;31.985;31.985;87.779;113.515;42.839;28.177;74.663;3.463;0.810;0.446;2.226;0.034;3.436;116.951;114.444;31.665;1.668;1.183;1.668;0.003;0.510;7.111;0.213;0;2;53.394;53.395;nan;nan;nan;27448;1;0;0;0;0;0;0
203;1;1;1;IDLE;0.000;0.000;1.000;21987.955564;21987.960766;21988.019156;21988.067349;802036;802036;802036;20051;23;12832576;12832616;100.000;498.149;498.149;7.015;7.711;3079.828;3.293;0.000;0.000;24.862;7.013;0.002;35.169;35.169;80.822;106.583;58.390;32.997;60.231;4.113;0.773;0.440;1.703;17.833;5.202;111.785;110.158;35.979;2.645;1.275;2.645;0.004;0.748;11.552;0.347;0;2;26.154;26.156;nan;nan;nan;29140;1;0;0;0;0;0;0
204;1;1;1;IDLE;0.000;0.000;1.000;21987.989932;21987.993447;21988.047623;21988.097105;810228;810228;810228;20256;22;12963648;12963688;100.000;645.972;645.972;6.744;7.409;3111.285;13.342;0.000;0.000;4.669;28.466;0.002;46.477;46.477;83.589;103.658;54.176;44.837;85.790;2.008;0.782;0.455;1.399;0.026;3.515;107.173;106.580;32.681;0.652;1.236;0.652;0.002;0.969;9.833;0.295;0;2;48.188;48.190;nan;nan;nan;28012;1;0;0;0;0;0;0
205;1;1;1;IDLE;0.000;0.000;1.000;21988.025509;21988.029497;21988.077135;21988.128304;808185;808185;808185;20205;21;12930960;12931000;100.000;503.517;503.517;6.473;7.107;3103.440;3.112;0.000;0.000;7.329;14.316;0.002;24.757;24.757;73.125;98.807;47.638;25.056;51.968;4.016;0.799;0.453;1.998;0.063;3.988;102.795;104.446;36.050;2.717;1.328;2.717;0.019;0.291;9.213;0.276;0;2;34.280;34.283;nan;nan;nan;26884;1;0;0;0;0;0;0
206;1;1;1;IDLE;0.000;0.000;1.000;21988.057854;21988.061461;21988.108370;21988.159858;815223;815223;815223;20381;21;13043568;13043608;100.000;475.036;475.036;6.609;7.243;3130.466;3.480;0.000;0.000;7.128;12.024;0.002;22.632;22.632;70.939;98.398;46.909;23.000;48.246;3.533;0.809;0.455;2.279;0.052;3.607;102.005;102.666;31.963;1.370;1.331;1.370;0.004;0.294;8.699;0.261;0;2;31.953;31.955;nan;nan;nan;27448;1;0;0;0;0;0;0
207;1;1;1;IDLE;0.000;0.000;1.000;21988.089751;21988.093720;21988.138672;21988.191618;799426;799426;799426;19986;21;12790816;12790856;100.000;475.812;475.812;6.654;7.288;3069.805;3.414;0.000;0.000;6.887;10.526;0.001;20.827;20.827;71.016;97.898;44.952;21.274;46.331;3.608;0.774;0.457;2.007;0.042;3.969;101.867;101.093;32.260;1.074;1.315;1.074;0.004;0.652;8.253;0.248;0;2;31.708;31.709;nan;nan;nan;27636;1;0;0;0;0;0;0
208;1;1;1;IDLE;0.000;0.000;1.000;21988.122449;21988.126073;21988.170688;21988.226655;790320;790320;790320;19758;21;12645120;12645160;100.000;471.443;471.443;6.518;7.152;3034.838;3.334;0.000;0.000;6.928;10.192;0.002;20.454;20.454;73.760;100.582;44.615;20.336;45.846;3.774;0.782;0.476;1.850;0.045;3.623;104.205;102.796;32.353;0.981;1.294;0.981;0.004;0.667;7.927;0.238;0;2;31.117;31.122;nan;nan;nan;27072;1;0;0;0;0;0;0
209;1;1;1;IDLE;0.000;0.000;1.000;21988.156259;21988.159104;21988.202587;21988.256787;795945;795945;795945;19899;21;12735120;12735160;100.000;503.797;503.797;6.473;7.107;3056.438;3.434;0.000;0.000;6.477;11.514;0.004;21.425;21.425;72.405;97.683;43.484;21.934;49.273;3.301;0.790;0.478;1.876;0.033;2.845;100.529;99.595;33.031;0.302;1.232;0.302;0.003;0.210;7.568;0.227;0;2;35.575;35.578;nan;nan;nan;26884;1;0;0;0;0;0;0
210;1;1;1;IDLE;0.000;0.000;1.000;21988.188811;21988.191851;21988.236094;21988.291760;792891;792891;792891;19823;22;12686256;12686296;100.000;478.989;478.989;6.699;7.364;3044.711;3.274;0.000;0.000;8.260;9.443;0.002;20.978;20.978;73.424;99.910;44.243;20.997;47.415;4.752;0.766;0.436;2.265;0.041;3.040;102.949;101.235;32.747;0.586;1.192;0.586;0.003;0.050;7.751;0.233;0;2;30.128;30.130;nan;nan;nan;27824;1;0;0;0;0;0;0
211;1;1;1;IDLE;0.000;0.000;1.000;21988.222594;21988.224889;21988.267041;21988.323916;797320;797320;797320;19933;104;12757120;12757160;100.000;512.258;512.258;32.688;35.912;3061.718;3.091;0.000;0.000;5.090;11.325;0.006;19.506;19.506;74.123;99.027;42.152;19.698;46.276;2.078;0.765;0.450;1.767;0.030;2.296;101.322;100.058;33.038;0.295;1.136;0.295;0.002;0.829;7.091;0.213;0;2;36.041;36.044;nan;nan;nan;136112;1;0;0;0;0;0;0
212;1;1;1;IDLE;0.000;0.000;1.000;21988.254753;21988.258428;21988.302932;21988.358366;805214;805214;805214;20131;21;12883424;12883464;100.000;492.054;492.054;6.518;7.152;3092.031;3.352;0.000;0.000;7.124;11.138;0.002;21.614;21.614;73.755;99.938;44.504;21.628;48.567;4.225;0.780;0.444;1.637;0.038;3.675;103.613;101.174;33.538;0.205;1.077;0.205;0.003;0.055;7.103;0.213;0;2;32.118;32.119;nan;nan;nan;27072;1;0;0;0;0;0;0
213;1;1;1;IDLE;0.000;0.000;1.000;21988.288692;21988.292153;21988.333399;21988.388094;797126;797126;797126;19929;16;12754016;12754056;100.000;513.097;513.097;5.075;5.553;3060.973;3.273;0.000;0.000;5.358;10.530;0.004;19.161;19.161;71.084;95.941;41.246;19.972;46.455;2.489;0.776;0.453;1.610;0.030;3.461;99.403;97.569;33.725;0.392;1.035;0.392;0.003;0.498;6.671;0.200;0;2;35.491;35.493;nan;nan;nan;21056;1;0;0;0;0;0;0
214;1;1;1;IDLE;0.000;0.000;1.000;21988.321426;21988.324736;21988.367882;21988.418816;803136;803136;803136;20079;14;12850176;12850216;100.000;491.765;491.765;4.262;4.678;3084.052;3.354;0.000;0.000;7.450;8.922;0.004;19.725;19.725;67.950;94.080;43.146;20.966;45.717;3.937;1.049;0.438;1.987;0.038;3.310;97.390;94.958;32.583;0.751;1.017;0.751;0.011;0.632;6.872;0.206;0;2;29.125;29.131;nan;nan;nan;17672;1;0;0;0;0;0;0
215;1;1;1;IDLE;0.000;0.000;1.000;21988.355042;21988.357256;21988.397037;21988.474086;809297;809297;809297;20233;19;12948752;12948792;100.000;530.742;530.742;5.887;6.458;3107.710;3.110;0.000;0.000;5.314;10.014;0.003;18.437;18.437;92.432;116.829;39.781;15.782;46.348;2.137;0.782;0.452;1.909;0.034;2.215;119.044;116.894;32.520;0.813;1.004;0.813;0.003;0.052;6.490;0.195;0;2;31.787;31.789;nan;nan;nan;24440;1;0;0;0;0;0;0
216;1;1;1;IDLE;0.000;0.000;1.000;21988.389602;21988.393557;21988.439460;21988.513524;808156;808156;808156;20204;21;12930496;12930536;100.000;504.711;504.711;6.609;7.243;3103.329;3.365;0.000;0.000;8.100;11.333;0.002;22.798;22.798;94.347;119.967;45.903;19.004;49.666;4.557;0.797;0.467;2.231;0.048;3.955;123.922;122.999;36.301;2.967;1.127;2.967;0.004;0.846;6.906;0.207;0;1;45.956;45.957;nan;nan;nan;27448;1;0;0;0;0;0;0
217;1;1;1;IDLE;0.000;0.000;1.000;21988.422077;21988.425329;21988.480800;21988.513568;810355;810355;810355;20259;22;12965680;12965720;100.000;475.100;475.100;6.970;7.635;3111.773;3.721;0.000;0.000;21.444;6.582;0.000;31.747;31.747;60.949;88.239;55.471;35.979;57.232;3.970;0.783;0.458;1.657;14.576;3.252;91.492;89.710;31.772;1.562;1.154;1.562;0.003;0.150;10.543;0.316;0;2;39.302;39.303;nan;nan;nan;28952;1;0;0;0;0;0;0
218;1;1;1;IDLE;0.000;0.000;1.000;21988.456214;21988.458598;21988.509730;21988.558185;810211;810211;810211;20256;22;12963376;12963416;100.000;700.550;700.550;6.924;7.590;3111.220;11.763;0.000;0.000;5.045;27.474;0.004;44.283;44.283;81.082;99.587;51.132;44.466;86.605;2.020;0.784;0.444;1.769;0.028;2.384;101.971;100.993;33.269;0.064;1.086;0.064;0.002;0.105;9.176;0.275;0;2;31.270;45.189;nan;nan;nan;28764;1;0;0;0;0;0;0
219;1;1;1;IDLE;0.000;0.000;1.000;21988.490432;21988.494306;21988.538039;21988.611618;808645;808645;808645;20217;22;12938320;12938360;100.000;572.008;572.008;6.970;7.635;3105.206;14.104;0.000;0.000;4.643;15.940;0.002;34.686;34.686;94.693;117.312;43.733;29.568;79.314;1.595;0.798;0.461;1.763;0.027;3.874;121.186;121.093;35.708;2.375;1.166;2.375;0.002;0.529;8.047;0.241;0;2;36.079;36.081;nan;nan;nan;28952;1;0;0;0;0;0;0
220;1;1;1;IDLE;0.000;0.000;1.000;21988.520749;21988.525046;21988.568213;21988.638660;810783;810783;810783;20270;21;12972528;12972568;100.000;499.937;499.937;6.609;7.243;3113.416;3.471;0.000;0.000;7.157;9.798;0.001;20.425;20.425;87.665;113.614;43.167;17.978;47.317;3.923;0.808;0.456;1.934;0.036;4.297;117.911;114.801;30.740;2.593;1.256;2.593;0.003;0.260;7.829;0.235;0;2;53.200;53.203;nan;nan;nan;27448;1;0;0;0;0;0;0
221;1;1;1;IDLE;0.000;0.000;1.000;21988.555883;21988.560530;21988.619555;21988.666704;807088;807088;807088;20178;21;12913408;12913448;100.000;475.523;475.523;6.609;7.243;3099.228;3.518;0.000;0.000;23.909;7.015;0.002;34.441;34.441;79.018;106.174;59.025;32.439;58.350;3.624;0.775;0.441;1.970;17.098;4.647;110.821;109.512;35.484;2.151;1.312;2.151;0.003;0.940;11.852;0.356;0;2;26.114;26.116;nan;nan;nan;27448;1;0;0;0;0;0;0
222;1;1;1;IDLE;0.000;0.000;1.000;21988.589974;21988.593270;21988.647618;21988.696905;809369;809369;809369;20235;22;12949904;12949944;100.000;630.634;630.634;6.744;7.409;3107.987;13.687;0.000;0.000;4.521;28.060;0.002;46.268;46.268;83.100;103.635;54.348;44.645;85.133;1.853;0.784;0.456;1.402;0.026;3.296;106.931;106.380;32.740;0.594;1.267;0.594;0.002;1.230;10.021;0.301;0;2;47.142;47.143;nan;nan;nan;28012;1;0;0;0;0;0;0
223;1;1;1;IDLE;0.000;0.000;1.000;21988.625490;21988.629546;21988.676687;21988.743353;795354;795354;795354;19884;21;12725664;12725704;100.000;496.978;496.978;6.609;7.243;3054.169;3.078;0.000;0.000;7.551;13.276;0.001;23.904;23.904;88.201;113.807;47.141;21.004;50.708;4.125;0.770;0.458;2.048;0.149;4.055;117.863;119.494;36.276;2.943;1.371;2.943;0.025;0.681;9.409;0.282;0;2;33.490;33.491;nan;nan;nan;27448;1;0;0;0;0;0;0
224;1;1;1;IDLE;0.000;0.000;1.000;21988.657765;21988.661452;21988.706959;21988.781135;795455;795455;795455;19887;21;12727280;12727320;100.000;463.053;463.053;6.518;7.152;3054.557;3.513;0.000;0.000;7.280;10.211;0.001;21.005;21.005;92.197;119.683;45.506;17.551;46.159;3.780;0.804;0.452;2.189;0.055;3.687;123.369;123.943;31.907;1.426;1.375;1.426;0.003;0.525;8.883;0.266;0;2;46.602;46.604;nan;nan;nan;27072;1;0;0;0;0;0;0
225;1;1;1;IDLE;0.000;0.000;1.000;21988.690371;21988.694315;21988.750864;21988.798143;795720;795720;795720;19893;22;12731520;12731560;100.000;481.611;481.611;6.699;7.364;3055.574;3.513;0.000;0.000;22.578;7.017;0.001;33.107;33.107;77.392;103.828;56.549;31.887;58.546;3.650;0.762;0.461;2.067;15.637;3.944;107.772;107.617;32.862;0.471;1.318;0.471;0.004;0.514;12.310;0.369;0;2;37.284;37.286;nan;nan;nan;27824;1;0;0;0;0;0;0
226;1;1;1;IDLE;0.000;0.000;1.000;21988.722635;21988.726176;21988.780153;21988.799111;798723;798723;798723;19969;105;12779568;12779608;100.000;635.195;635.195;33.184;36.439;3067.106;12.599;0.000;0.000;5.045;28.286;0.007;45.930;45.930;52.816;72.935;53.977;62.974;85.091;2.053;0.969;0.446;1.550;0.026;3.541;76.476;75.252;31.861;1.472;1.328;1.472;0.002;0.524;10.501;0.315;0;2;29.272;46.273;nan;nan;nan;138180;1;0;0;0;0;0;0
227;1;1;1;IDLE;0.000;0.000;1.000;21988.757847;21988.761972;21988.810002;21988.861199;807441;807441;807441;20187;20;12919056;12919096;100.000;569.259;569.259;6.067;6.670;3100.583;14.072;0.000;0.000;5.252;19.393;0.002;38.717;38.717;76.532;99.227;48.031;39.018;80.608;2.353;0.793;0.450;1.625;0.031;4.124;103.351;104.007;35.796;2.463;1.399;2.463;0.002;0.688;9.199;0.276;0;2;37.524;37.527;nan;nan;nan;25192;1;0;0;0;0;0;0
228;1;1;1;IDLE;0.000;0.000;1.000;21988.787740;21988.790336;21988.839113;21988.892996;803316;803316;803316;20083;18;12853056;12853096;100.000;508.093;508.093;5.436;5.976;3084.743;3.604;0.000;0.000;5.349;17.225;0.002;26.179;26.179;77.363;102.660;48.777;25.500;53.670;2.326;0.787;0.457;1.748;0.031;2.596;105.256;102.471;28.365;4.969;1.622;4.969;0.003;0.901;8.252;0.248;0;2;39.305;39.308;nan;nan;nan;22560;1;0;0;0;0;0;0
229;1;1;1;IDLE;0.000;0.000;1.000;21988.821353;21988.825801;21988.871948;21988.945700;809074;809074;809074;20227;18;12945184;12945224;100.000;505.279;505.279;5.616;6.156;3106.854;4.264;0.000;0.000;6.322;13.832;0.001;24.419;24.419;94.279;119.899;46.147;20.366;52.915;3.541;0.822;0.457;1.470;0.033;4.448;124.347;121.842;35.465;2.131;1.654;2.131;0.003;0.369;7.774;0.233;0;2;34.875;34.878;nan;nan;nan;23312;1;0;0;0;0;0;0
230;1;1;1;IDLE;0.000;0.000;1.000;21988.856072;21988.859278;21988.904220;21988.972469;808265;808265;808265;20207;19;12932240;12932280;100.000;498.131;498.131;5.887;6.458;3103.747;3.587;0.000;0.000;7.726;11.027;0.001;22.340;22.340;87.230;113.191;44.943;19.737;49.708;4.587;0.811;0.453;1.839;0.036;3.206;116.398;115.277;33.477;0.143;1.559;0.143;0.004;0.224;7.766;0.233;0;2;52.505;52.506;nan;nan;nan;24440;1;0;0;0;0;0;0
231;1;1;1;IDLE;0.000;0.000;1.000;21988.889847;21988.893975;21988.953331;21989.001097;818848;818848;818848;20472;22;13101568;13101608;100.000;467.279;467.279;6.699;7.364;3144.386;3.673;0.000;0.000;23.665;7.014;0.002;34.351;34.351;79.084;107.122;59.356;32.067;57.873;3.362;0.780;0.441;2.226;16.855;4.128;111.250;110.572;34.697;1.364;1.547;1.364;0.004;0.634;11.744;0.352;0;2;26.147;26.149;nan;nan;nan;27824;1;0;0;0;0;0;0
232;1;1;1;IDLE;0.000;0.000;1.000;21988.923140;21988.926888;21988.981658;21989.046633;820617;820617;820617;20516;22;13129872;13129912;100.000;623.156;623.156;6.699;7.364;3151.179;13.966;0.000;0.000;4.581;28.326;0.002;46.872;46.872;98.675;119.745;54.770;39.144;85.581;1.853;0.790;0.460;1.449;0.028;3.748;123.493;122.774;32.914;0.420;1.477;0.420;0.006;0.786;9.957;0.299;0;2;47.755;47.762;nan;nan;nan;27824;1;0;0;0;0;0;0
233;1;1;1;IDLE;0.000;0.000;1.000;21988.958142;21988.962774;21989.011494;21989.081907;814146;814146;814146;20354;22;13026336;13026376;100.000;504.867;504.867;6.744;7.409;3126.330;3.247;0.000;0.000;7.685;15.052;0.001;25.983;25.983;93.331;119.133;48.720;21.810;53.332;4.531;0.814;0.457;1.823;0.061;4.633;123.766;124.715;35.886;2.553;1.544;2.553;0.005;0.175;9.394;0.282;0;2;50.188;50.189;nan;nan;nan;28012;1;0;0;0;0;0;0
234;1;1;1;IDLE;0.000;0.000;1.000;21988.991827;21988.996243;21989.055571;21989.113027;814852;814852;814852;20372;22;13037632;13037672;100.000;485.874;485.874;6.834;7.500;3129.041;3.581;0.000;0.000;23.530;8.017;0.001;35.128;35.128;89.951;116.784;59.328;30.079;59.210;3.748;0.809;0.454;2.262;16.258;4.416;121.201;122.502;33.469;0.135;1.456;0.135;0.005;0.941;12.932;0.388;0;2;34.351;34.352;nan;nan;nan;28388;1;0;0;0;0;0;0
235;1;1;1;IDLE;0.000;0.000;1.000;21989.024037;21989.028024;21989.083244;21989.141874;815725;815725;815725;20394;21;13051600;13051640;100.000;621.655;621.655;6.518;7.152;3132.394;13.750;0.000;0.000;4.817;27.671;0.001;46.238;46.238;92.855;113.850;55.220;40.613;83.735;2.031;0.782;0.450;1.527;0.028;3.987;117.837;118.016;31.781;1.552;1.462;1.552;0.002;1.734;10.907;0.327;0;2;57.452;57.453;nan;nan;nan;27072;1;0;0;0;0;0;0
236;1;1;1;IDLE;0.000;0.000;1.000;21989.055122;21989.061976;21989.121725;21989.169806;816078;816078;816078;20402;21;13057248;13057288;100.000;562.384;562.384;6.473;7.107;3133.749;14.491;0.000;0.000;27.809;8.017;0.002;50.317;50.317;84.612;107.830;59.749;46.664;84.214;5.576;0.812;0.462;1.521;19.440;6.854;114.684;112.614;33.952;0.618;1.409;0.618;0.003;0.701;15.136;0.454;0;2;28.162;28.164;nan;nan;nan;26884;1;0;0;0;0;0;0
237;1;1;1;IDLE;0.000;0.000;1.000;21989.089793;21989.093437;21989.151134;21989.197602;810868;810868;810868;20272;21;12973888;12973928;100.000;598.667;598.667;6.609;7.243;3113.743;14.213;0.000;0.000;5.363;29.405;0.002;48.981;48.981;82.494;104.165;57.697;47.022;84.893;2.511;0.788;0.455;1.582;0.027;3.644;107.809;107.077;31.461;1.872;1.438;1.872;0.002;1.254;12.697;0.381;0;2;48.072;48.075;nan;nan;nan;27448;1;0;0;0;0;0;0
238;1;1;1;IDLE;0.000;0.000;1.000;21989.122595;21989.129753;21989.180014;21989.228056;801907;801907;801907;20048;21;12830512;12830552;100.000;537.067;537.067;6.564;7.198;3079.332;3.383;0.000;0.000;8.367;17.872;0.002;29.622;29.622;74.413;98.303;50.261;30.133;58.937;5.225;0.786;0.460;1.847;0.048;7.158;105.461;104.198;36.316;2.983;1.535;2.983;0.004;0.126;11.620;0.349;0;2;35.453;35.457;nan;nan;nan;27260;1;0;0;0;0;0;0
239;1;1;1;IDLE;0.000;0.000;1.000;21989.156157;21989.160746;21989.208933;21989.259974;799196;799196;799196;19980;22;12787136;12787176;100.000;511.173;511.173;6.744;7.409;3068.922;3.390;0.000;0.000;6.415;16.033;0.002;25.839;25.839;74.213;99.228;48.187;26.040;53.622;3.565;0.799;0.464;1.543;0.044;4.589;103.817;102.782;30.993;2.340;1.585;2.340;0.005;0.716;10.323;0.310;0;2;35.152;35.154;nan;nan;nan;28012;1;0;0;0;0;0;0
240;1;1;1;IDLE;0.000;0.000;1.000;21989.189375;21989.192257;21989.238716;21989.295110;799621;799621;799621;19991;22;12793936;12793976;100.000;505.033;505.033;6.789;7.454;3070.554;3.516;0.000;0.000;6.092;14.747;0.002;24.355;24.355;77.519;102.852;46.458;23.680;52.424;2.693;0.804;0.469;2.094;0.032;2.883;105.735;104.585;31.512;1.822;1.600;1.822;0.002;0.283;9.273;0.278;0;2;36.000;36.001;nan;nan;nan;28200;1;0;0;0;0;0;0
241;1;1;1;IDLE;0.000;0.000;1.000;21989.222400;21989.226447;21989.271080;21989.328469;808174;808174;808174;20205;106;12930784;12930824;100.000;507.542;507.542;33.455;36.741;3103.398;3.597;0.000;0.000;7.584;11.207;0.007;22.388;22.388;76.544;102.022;44.633;21.945;50.161;4.414;0.813;0.454;1.825;0.077;4.047;106.068;104.610;34.189;0.856;1.553;0.856;0.017;0.346;8.855;0.266;0;2;35.232;35.234;nan;nan;nan;139308;1;0;0;0;0;0;0
242;1;1;1;IDLE;0.000;0.000;1.000;21989.256593;21989.260801;21989.306674;21989.360372;810609;810609;810609;20266;22;12969744;12969784;100.000;481.712;481.712;6.699;7.364;3112.748;3.474;0.000;0.000;7.335;11.525;0.003;22.335;22.335;72.646;99.571;45.873;22.431;48.688;4.047;0.816;0.444;1.982;0.045;4.208;103.779;103.180;34.354;1.021;1.520;1.021;0.005;0.081;8.483;0.254;0;2;33.315;33.317;nan;nan;nan;27824;1;0;0;0;0;0;0
243;1;1;1;IDLE;0.000;0.000;1.000;21989.290134;21989.293952;21989.339001;21989.408344;809086;809086;809086;20228;16;12945376;12945416;100.000;468.367;468.367;4.804;5.282;3106.900;3.894;0.000;0.000;6.832;9.785;0.002;20.512;20.512;86.753;114.393;45.050;17.931;45.532;3.373;0.798;0.455;2.166;0.040;3.818;118.211;117.819;33.151;0.183;1.436;0.183;0.003;0.789;8.078;0.242;0;2;31.147;31.150;nan;nan;nan;19928;1;0;0;0;0;0;0
244;1;1;1;IDLE;0.000;0.000;1.000;21989.322943;21989.326567;21989.370671;21989.447646;804105;804105;804105;20103;17;12865680;12865720;100.000;481.117;481.117;5.300;5.809;3087.773;3.448;0.000;0.000;6.675;10.646;0.001;20.769;20.769;94.338;121.079;44.103;17.153;47.091;3.748;0.789;0.453;1.641;0.044;3.624;124.703;123.788;32.616;0.718;1.392;0.718;0.003;0.037;7.732;0.232;0;2;48.317;48.319;nan;nan;nan;21996;1;0;0;0;0;0;0
245;1;1;1;IDLE;0.000;0.000;1.000;21989.356085;21989.359515;21989.414963;21989.461429;810243;810243;810243;20257;19;12963888;12963928;100.000;497.949;497.949;5.796;6.368;3111.343;3.404;0.000;0.000;22.768;6.569;0.002;32.741;32.741;75.879;101.914;55.447;32.127;59.050;4.863;0.785;0.430;1.617;15.073;3.431;105.345;104.237;32.948;0.385;1.329;0.385;0.004;0.070;11.495;0.345;0;2;39.247;39.249;nan;nan;nan;24064;1;0;0;0;0;0;0
246;1;1;1;IDLE;0.000;0.000;1.000;21989.389269;21989.391672;21989.443642;21989.492113;808451;808451;808451;20212;21;12935216;12935256;100.000;659.230;659.230;6.564;7.198;3104.461;11.982;0.000;0.000;5.442;26.215;0.003;43.638;43.638;80.819;100.441;51.970;43.447;83.969;1.946;0.774;0.452;2.243;0.028;2.403;102.844;101.588;32.156;1.177;1.319;1.177;0.002;0.688;9.987;0.300;0;2;30.223;43.999;nan;nan;nan;27260;1;0;0;0;0;0;0
247;1;1;1;IDLE;0.000;0.000;1.000;21989.423693;21989.427959;21989.472128;21989.526684;818595;818595;818595;20465;23;13097520;13097560;100.000;562.291;562.291;7.060;7.756;3143.414;14.366;0.000;0.000;5.266;15.144;0.002;34.776;34.776;75.431;98.725;44.169;35.225;78.734;2.337;0.802;0.456;1.638;0.033;4.266;102.991;102.825;36.287;2.954;1.421;2.954;0.002;0.463;8.811;0.264;0;2;35.119;35.122;nan;nan;nan;29328;1;0;0;0;0;0;0
248;1;1;1;IDLE;0.000;0.000;1.000;21989.454411;21989.457085;21989.503076;21989.579331;813416;813416;813416;20336;23;13014656;13014696;100.000;502.122;502.122;7.060;7.756;3123.527;3.626;0.000;0.000;5.323;14.495;0.002;23.444;23.444;96.326;122.245;45.991;19.178;50.975;2.022;1.249;0.472;1.546;0.034;2.674;124.920;122.139;29.126;4.207;1.595;4.207;0.004;0.249;7.945;0.238;0;2;38.100;38.101;nan;nan;nan;29328;1;0;0;0;0;0;0
249;1;1;1;IDLE;0.000;0.000;1.000;21989.488038;21989.492666;21989.538701;21989.606856;816251;816251;816251;20407;23;13060016;13060056;100.000;491.398;491.398;7.150;7.847;3134.413;3.720;0.000;0.000;7.401;11.024;0.001;22.146;22.146;87.613;114.190;46.035;19.394;48.106;4.310;0.793;0.433;1.802;0.063;4.627;118.818;116.331;35.581;2.247;1.636;2.247;0.019;1.011;7.812;0.234;0;2;51.652;51.653;nan;nan;nan;29704;1;0;0;0;0;0;0
250;1;1;1;IDLE;0.000;0.000;1.000;21989.523372;21989.527339;21989.587808;21989.634410;820584;820584;820584;20515;22;13129344;13129384;100.000;481.846;481.846;6.924;7.590;3151.052;3.539;0.000;0.000;24.721;8.017;0.002;36.276;36.276;79.823;107.071;60.469;33.881;59.991;4.031;0.789;0.436;1.902;17.563;3.967;111.038;110.552;34.673;1.340;1.618;1.340;0.003;0.479;12.042;0.361;0;2;27.050;27.062;nan;nan;nan;28764;1;0;0;0;0;0;0
251;1;1;1;IDLE;0.000;0.000;1.000;21989.556739;21989.560689;21989.615313;21989.664074;817535;817535;817535;20439;21;13080560;13080600;100.000;628.029;628.029;6.473;7.107;3139.344;13.773;0.000;0.000;5.900;27.503;0.002;47.176;47.176;82.558;103.386;54.624;45.631;86.365;2.773;0.818;0.445;1.832;0.030;3.950;107.336;106.883;33.350;0.017;1.518;0.017;0.002;0.390;10.512;0.315;0;2;46.595;46.598;nan;nan;nan;26884;1;0;0;0;0;0;0
252;1;1;1;IDLE;0.000;0.000;1.000;21989.590027;21989.595859;21989.644739;21989.694288;812707;812707;812707;20318;22;13003312;13003352;100.000;556.114;556.114;6.879;7.545;3120.804;3.208;0.000;0.000;9.013;15.825;0.002;28.046;28.046;75.047;98.429;48.880;28.494;57.378;5.815;0.811;0.488;1.843;0.056;5.832;104.261;103.763;35.170;1.837;1.538;1.837;0.006;0.652;10.142;0.304;0;2;35.156;35.158;nan;nan;nan;28576;1;0;0;0;0;0;0
253;1;1;1;IDLE;0.000;0.000;1.000;21989.624228;21989.628518;21989.674523;21989.694339;811017;811017;811017;20276;22;12976272;12976312;100.000;493.036;493.036;6.970;7.635;3114.315;3.370;0.000;0.000;7.056;12.535;0.001;22.962;22.962;39.502;65.821;46.006;34.885;49.911;3.785;0.787;0.452;1.993;0.040;4.290;70.111;70.480;32.659;0.674;1.484;0.674;0.003;0.090;9.377;0.281;0;2;32.296;32.298;nan;nan;nan;28952;1;0;0;0;0;0;0
254;1;1;1;IDLE;0.000;0.000;1.000;21989.656528;21989.660611;21989.705869;21989.761639;812416;812416;812416;20311;22;12998656;12998696;100.000;496.710;496.710;6.789;7.454;3119.687;3.623;0.000;0.000;7.482;10.797;0.003;21.902;21.902;74.859;101.029;45.258;21.678;48.392;4.506;0.822;0.458;1.655;0.040;4.083;105.112;104.448;32.093;1.240;1.468;1.240;0.004;0.804;8.907;0.267;0;2;33.437;33.439;nan;nan;nan;28200;1;0;0;0;0;0;0
255;1;1;1;IDLE;0.000;0.000;1.000;21989.690250;21989.694394;21989.739767;21989.794800;815874;815874;815874;20397;22;13053984;13054024;100.000;485.921;485.921;6.699;7.364;3132.966;3.481;0.000;0.000;7.209;10.618;0.001;21.308;21.308;73.541;100.406;45.373;21.222;46.963;3.890;0.803;0.456;2.013;0.047;4.144;104.549;104.275;33.783;0.450;1.405;0.450;0.004;0.676;8.489;0.255;0;2;32.486;32.488;nan;nan;nan;27824;1;0;0;0;0;0;0
256;1;1;1;IDLE;0.000;0.000;1.000;21989.723170;21989.727076;21989.774268;21989.826448;811813;811813;811813;20296;105;12989008;12989048;100.000;467.391;467.391;33.004;36.259;3117.372;3.559;0.000;0.000;6.733;12.041;0.008;22.334;22.334;71.581;99.372;47.191;22.475;47.326;3.450;0.804;0.453;1.985;0.042;3.906;103.278;102.590;32.682;0.651;1.358;0.651;0.004;0.622;8.056;0.242;0;2;32.568;32.572;nan;nan;nan;137428;1;0;0;0;0;0;0
257;1;1;1;IDLE;0.000;0.000;1.000;21989.756083;21989.759978;21989.805315;21989.859006;809323;809323;809323;20234;22;12949168;12949208;100.000;466.029;466.029;6.789;7.454;3107.810;3.365;0.000;0.000;6.691;10.769;0.002;20.825;20.825;71.242;99.028;45.338;21.029;45.933;3.396;0.811;0.467;1.977;0.041;3.895;102.923;101.814;32.901;0.432;1.300;0.432;0.003;0.087;7.720;0.232;0;2;31.896;31.898;nan;nan;nan;28200;1;0;0;0;0;0;0
258;1;1;1;IDLE;0.000;0.000;1.000;21989.789297;21989.792842;21989.838397;21989.891619;806066;806066;806066;20152;16;12897056;12897096;100.000;505.468;505.468;4.939;5.417;3095.303;3.523;0.000;0.000;6.999;12.976;0.002;23.498;23.498;73.262;98.777;45.555;23.789;51.581;3.571;0.819;0.461;2.114;0.035;3.545;102.322;101.094;32.864;0.469;1.248;0.469;0.012;0.052;7.543;0.226;0;2;33.580;33.582;nan;nan;nan;20492;1;0;0;0;0;0;0
259;1;1;1;IDLE;0.000;0.000;1.000;21989.822541;21989.825651;21989.871475;21989.925271;803994;803994;803994;20100;17;12863904;12863944;100.000;480.851;480.851;5.210;5.719;3087.347;3.319;0.000;0.000;6.558;12.023;0.002;21.900;21.900;72.867;99.620;45.824;21.984;47.792;3.667;0.817;0.450;1.558;0.067;3.110;102.730;101.413;32.809;0.524;1.203;0.524;0.003;0.486;7.304;0.219;0;2;32.165;32.166;nan;nan;nan;21620;1;0;0;0;0;0;0
260;1;1;1;IDLE;0.000;0.000;1.000;21989.856133;21989.858726;21989.901539;21989.955733;804675;804675;804675;20117;19;12874800;12874840;100.000;500.251;500.251;5.887;6.458;3089.962;3.520;0.000;0.000;6.100;10.018;0.003;19.638;19.638;71.270;97.007;42.814;20.244;45.868;3.113;0.816;0.479;1.660;0.032;2.592;99.599;98.541;33.074;0.259;1.144;0.259;0.002;0.955;7.007;0.210;0;2;33.744;33.746;nan;nan;nan;24440;1;0;0;0;0;0;0
261;1;1;1;IDLE;0.000;0.000;1.000;21989.888724;21989.891982;21989.935621;21989.991501;803023;803023;803023;20076;20;12848368;12848408;100.000;500.776;500.776;6.203;6.805;3083.618;3.250;0.000;0.000;7.588;10.018;0.002;20.856;20.856;73.861;99.518;43.638;20.957;47.792;4.103;1.060;0.436;1.940;0.049;3.258;102.777;100.976;33.257;0.077;1.077;0.077;0.003;0.371;7.159;0.215;0;2;30.123;30.125;nan;nan;nan;25756;1;0;0;0;0;0;0
262;1;1;1;IDLE;0.000;0.000;1.000;21989.921901;21989.924558;21989.965691;21990.022044;804900;804900;804900;20123;21;12878400;12878440;100.000;517.161;517.161;6.609;7.243;3090.826;3.163;0.000;0.000;5.095;11.017;0.002;19.275;19.275;72.585;97.487;41.133;19.772;46.860;2.097;0.780;0.455;1.731;0.032;2.657;100.143;98.186;32.575;0.758;1.057;0.758;0.003;0.115;6.651;0.200;0;2;36.824;36.825;nan;nan;nan;27448;1;0;0;0;0;0;0
263;1;1;1;IDLE;0.000;0.000;1.000;21989.955118;21989.958751;21990.001773;21990.022103;801032;801032;801032;20026;22;12816512;12816552;100.000;499.169;499.169;6.970;7.635;3075.972;3.316;0.000;0.000;7.049;10.014;0.001;20.378;20.378;37.676;63.352;43.021;32.166;47.368;4.364;0.787;0.440;1.422;0.036;3.633;66.985;64.912;34.194;0.860;1.045;0.860;0.002;0.280;6.754;0.203;0;2;30.280;30.282;nan;nan;nan;28952;1;0;0;0;0;0;0
264;1;1;1;IDLE;0.000;0.000;1.000;21989.988754;21989.991612;21990.030420;21990.089139;793638;793638;793638;19841;23;12698208;12698248;100.000;530.266;530.266;7.150;7.847;3047.580;3.179;0.000;0.000;5.300;9.531;0.003;18.010;18.010;73.579;97.527;38.808;18.467;46.408;2.103;0.773;0.480;1.898;0.046;2.857;100.385;98.614;32.860;0.473;1.009;0.473;0.002;0.026;6.395;0.192;0;2;36.727;36.729;nan;nan;nan;29704;1;0;0;0;0;0;0
265;1;1;1;IDLE;0.000;0.000;1.000;21990.021702;21990.025225;21990.067928;21990.124024;801156;801156;801156;20029;23;12818496;12818536;100.000;509.934;509.934;7.060;7.756;3076.449;3.181;0.000;0.000;7.211;10.016;0.001;20.408;20.408;73.661;98.799;42.703;20.657;47.792;4.424;0.799;0.435;1.520;0.033;3.523;102.322;100.165;33.614;0.280;0.963;0.280;0.003;0.335;6.608;0.198;0;2;31.222;31.224;nan;nan;nan;29328;1;0;0;0;0;0;0
266;1;1;1;IDLE;0.000;0.000;1.000;21990.055881;21990.058668;21990.099312;21990.156027;804749;804749;804749;20119;22;12875984;12876024;100.000;523.486;523.486;6.879;7.545;3090.246;3.226;0.000;0.000;5.848;9.330;0.002;18.404;18.404;72.762;97.358;40.643;18.904;45.282;3.007;0.819;0.476;1.512;0.034;2.787;100.145;98.835;33.443;0.110;0.910;0.110;0.002;0.865;6.422;0.193;0;2;34.038;34.039;nan;nan;nan;28576;1;0;0;0;0;0;0
267;1;1;1;IDLE;0.000;0.000;1.000;21990.088159;21990.091540;21990.133129;21990.191224;805449;805449;805449;20137;22;12887184;12887224;100.000;507.713;507.713;6.834;7.500;3092.934;3.241;0.000;0.000;7.065;9.067;0.002;19.373;19.373;74.301;99.684;41.589;19.434;46.582;4.055;0.797;0.435;1.740;0.037;3.382;103.065;100.699;32.872;0.461;0.882;0.461;0.010;0.062;6.587;0.198;0;2;31.961;31.962;nan;nan;nan;28388;1;0;0;0;0;0;0
268;1;1;1;IDLE;0.000;0.000;1.000;21990.121968;21990.125327;21990.165759;21990.223869;805329;805329;805329;20134;21;12885264;12885304;100.000;518.955;518.955;6.428;7.062;3092.473;3.212;0.000;0.000;5.843;9.624;0.002;18.680;18.680;73.712;98.542;40.432;18.956;46.201;2.928;0.823;0.468;1.594;0.031;3.359;101.901;100.010;33.787;0.454;0.855;0.454;0.003;0.131;6.405;0.192;0;2;35.086;35.087;nan;nan;nan;26696;1;0;0;0;0;0;0
269;1;1;1;IDLE;0.000;0.000;1.000;21990.155007;21990.158589;21990.200320;21990.254236;805419;805419;805419;20136;21;12886704;12886744;100.000;501.665;501.665;6.518;7.152;3092.819;3.345;0.000;0.000;6.910;9.100;0.003;19.356;19.356;69.959;95.648;41.731;20.237;46.382;3.913;0.763;0.439;1.760;0.034;3.582;99.230;97.044;33.261;0.072;0.806;0.072;0.002;0.029;6.538;0.196;0;2;32.645;32.647;nan;nan;nan;27072;1;0;0;0;0;0;0
270;1;1;1;IDLE;0.000;0.000;1.000;21990.188495;21990.192022;21990.233313;21990.284561;804474;804474;804474;20112;22;12871584;12871624;100.000;521.321;521.321;6.699;7.364;3089.190;3.188;0.000;0.000;7.118;9.012;0.003;19.318;19.318;67.849;92.539;41.291;20.875;46.784;3.663;1.082;0.438;1.893;0.042;3.527;96.066;94.035;33.433;0.100;0.762;0.100;0.003;0.468;6.688;0.201;0;2;29.926;29.931;nan;nan;nan;27824;1;0;0;0;0;0;0
271;1;1;1;IDLE;0.000;0.000;1.000;21990.220927;21990.223110;21990.262332;21990.292521;796101;796101;796101;19903;103;12737616;12737656;100.000;518.659;518.659;32.553;35.745;3057.037;3.133;0.000;0.000;5.085;9.279;0.006;17.497;17.497;44.851;69.410;39.222;25.209;44.611;2.124;0.765;0.452;1.712;0.032;2.184;71.594;68.662;31.089;2.245;0.855;2.245;0.002;0.296;6.294;0.189;0;2;31.501;31.506;nan;nan;nan;135548;1;0;0;0;0;0;0
272;1;1;1;IDLE;0.000;0.000;1.000;21990.256122;21990.259975;21990.305484;21990.355682;805073;805073;805073;20127;22;12881168;12881208;100.000;515.212;515.212;6.789;7.454;3091.490;3.275;0.000;0.000;6.673;13.027;0.002;22.975;22.975;70.705;95.707;45.509;24.006;50.485;3.939;0.815;0.458;1.429;0.032;3.853;99.560;98.490;36.864;3.531;1.022;3.531;0.002;0.805;6.392;0.192;0;1;33.150;33.153;nan;nan;nan;28200;1;0;0;0;0;0;0
273;1;1;1;IDLE;0.000;0.000;1.000;21990.289217;21990.291834;21990.334798;21990.390855;797204;797204;797204;19931;18;12755264;12755304;100.000;490.728;490.728;5.706;6.247;3061.273;3.700;0.000;0.000;5.941;10.304;0.002;19.945;19.945;73.028;99.021;42.964;20.143;46.424;3.234;0.766;0.454;1.454;0.034;2.617;101.638;100.330;31.860;1.474;1.050;1.474;0.003;0.722;6.283;0.188;0;2;31.181;31.184;nan;nan;nan;23688;1;0;0;0;0;0;0
274;1;1;1;IDLE;0.000;0.000;1.000;21990.321888;21990.324395;21990.363760;21990.424300;805139;805139;805139;20129;18;12882224;12882264;100.000;534.807;534.807;5.481;6.021;3091.743;3.102;0.000;0.000;4.783;10.165;0.002;18.050;18.050;75.817;99.905;39.365;18.067;45.854;2.043;0.773;0.456;1.479;0.032;2.507;102.412;100.442;32.561;0.772;1.033;0.772;0.002;0.325;5.914;0.177;0;2;37.256;37.260;nan;nan;nan;22748;1;0;0;0;0;0;0
275;1;1;1;IDLE;0.000;0.000;1.000;21990.354804;21990.358610;21990.401706;21990.458669;808073;808073;808073;20202;20;12929168;12929208;100.000;519.422;519.422;6.248;6.851;3103.010;3.207;0.000;0.000;7.322;10.024;0.001;20.553;20.553;75.167;100.059;43.096;20.541;47.692;4.465;0.792;0.435;1.593;0.038;3.806;103.865;101.477;34.215;0.881;1.023;0.881;0.002;0.855;6.271;0.188;0;2;32.614;32.615;nan;nan;nan;25944;1;0;0;0;0;0;0
276;1;1;1;IDLE;0.000;0.000;1.000;21990.388569;21990.391856;21990.434783;21990.491807;813584;813584;813584;20340;20;13017344;13017384;100.000;522.095;522.095;6.293;6.896;3124.172;3.283;0.000;0.000;7.474;10.023;0.002;20.781;20.781;75.018;99.951;42.927;20.791;48.409;3.914;0.795;0.477;2.252;0.037;3.287;103.238;101.282;33.246;0.087;0.965;0.087;0.011;0.485;6.576;0.197;0;2;33.906;33.907;nan;nan;nan;26132;1;0;0;0;0;0;0
277;1;1;1;IDLE;0.000;0.000;1.000;21990.422536;21990.426335;21990.468143;21990.521087;812306;812306;812306;20308;23;12996896;12996936;100.000;516.861;516.861;7.015;7.711;3119.265;3.255;0.000;0.000;7.160;9.306;0.003;19.721;19.721;69.606;94.752;41.808;20.813;47.170;4.220;0.783;0.440;1.680;0.035;3.799;98.551;97.229;34.479;1.146;0.976;1.146;0.002;0.193;6.727;0.202;0;2;32.963;32.965;nan;nan;nan;29140;1;0;0;0;0;0;0
278;1;1;1;IDLE;0.000;0.000;1.000;21990.455401;21990.459131;21990.500850;21990.552140;817500;817500;817500;20438;23;13080000;13080040;100.000;522.964;522.964;7.060;7.756;3139.210;3.236;0.000;0.000;7.617;8.924;0.003;19.777;19.777;67.997;93.009;41.719;21.263;47.405;4.031;1.097;0.433;2.018;0.038;3.730;96.739;94.948;32.796;0.537;0.949;0.537;0.002;0.164;6.956;0.209;0;2;29.154;29.156;nan;nan;nan;29328;1;0;0;0;0;0;0
279;1;1;1;IDLE;0.000;0.000;1.000;21990.488449;21990.490609;21990.529848;21990.607203;824803;824803;824803;20621;24;13196848;13196888;100.000;532.584;532.584;7.331;8.058;3167.253;3.256;0.000;0.000;5.267;8.861;0.003;17.384;17.384;91.815;116.594;39.238;14.910;44.304;2.254;0.796;0.454;1.732;0.031;2.160;118.754;116.678;31.478;1.855;1.005;1.855;0.002;0.328;6.540;0.196;0;2;31.144;31.147;nan;nan;nan;30456;1;0;0;0;0;0;0
280;1;1;1;IDLE;0.000;0.000;1.000;21990.522476;21990.526865;21990.572617;21990.621447;813944;813944;813944;20349;23;13023104;13023144;100.000;493.574;493.574;7.195;7.892;3125.555;3.455;0.000;0.000;7.150;11.536;0.002;22.140;22.140;68.196;94.581;45.751;23.408;48.392;3.849;0.820;0.452;1.985;0.044;4.390;98.971;97.588;36.256;2.923;1.125;2.923;0.004;0.675;6.700;0.201;0;1;46.118;46.121;nan;nan;nan;29892;1;0;0;0;0;0;0
281;1;1;1;IDLE;0.000;0.000;1.000;21990.556095;21990.559286;21990.603177;21990.650308;815307;815307;815307;20383;23;13044912;13044952;100.000;490.149;490.149;7.240;7.937;3130.788;3.876;0.000;0.000;6.527;10.657;0.003;21.061;21.061;64.408;91.022;43.891;23.138;47.984;3.587;0.800;0.456;1.647;0.038;3.191;94.213;93.116;32.421;0.913;1.112;0.913;0.005;0.086;6.662;0.200;0;2;14.685;28.923;nan;nan;nan;30080;1;0;0;0;0;0;0
282;1;1;1;IDLE;0.000;0.000;1.000;21990.589378;21990.591550;21990.629058;21990.709944;816329;816329;816329;20409;21;13061264;13061304;100.000;600.245;600.245;6.609;7.243;3134.713;12.622;0.000;0.000;5.178;9.994;0.002;27.795;27.795;96.634;118.394;37.508;23.476;74.103;2.270;0.802;0.471;1.605;0.029;2.172;120.566;119.418;32.264;1.069;1.109;1.069;0.002;0.573;6.294;0.189;0;2;31.241;31.242;nan;nan;nan;27448;1;0;0;0;0;0;0
283;1;1;1;IDLE;0.000;0.000;1.000;21990.621721;21990.626101;21990.670518;21990.709980;813249;813249;813249;20332;21;13011984;13012024;100.000;502.000;502.000;6.654;7.288;3122.886;13.775;0.000;0.000;6.603;11.192;0.001;31.570;31.570;57.959;83.879;44.417;37.637;71.076;3.785;0.807;0.437;1.533;0.041;4.380;88.259;86.122;34.551;1.218;1.116;1.218;0.004;0.697;6.375;0.191;0;1;50.615;50.616;nan;nan;nan;27636;1;0;0;0;0;0;0
284;1;1;1;IDLE;0.000;0.000;1.000;21990.655966;21990.658737;21990.717438;21990.765688;809333;809333;809333;20234;22;12949328;12949368;100.000;483.597;483.597;6.699;7.364;3107.848;3.453;0.000;0.000;24.407;7.015;0.004;34.874;34.874;80.174;106.952;58.702;32.608;59.409;4.527;1.001;0.438;2.394;16.046;2.771;109.722;108.496;32.635;0.698;1.090;0.698;0.004;0.497;10.886;0.327;0;2;25.661;25.663;nan;nan;nan;27824;1;0;0;0;0;0;0
285;1;1;1;IDLE;0.000;0.000;1.000;21990.688798;21990.691636;21990.746034;21990.811943;815482;815482;815482;20388;22;13047712;13047752;100.000;634.729;634.729;6.924;7.590;3131.460;13.621;0.000;0.000;4.612;28.594;0.001;46.827;46.827;99.750;120.307;54.398;38.923;86.082;1.927;0.793;0.464;1.400;0.028;2.837;123.144;121.417;32.899;0.434;1.049;0.434;0.009;0.626;9.319;0.280;0;2;48.240;48.243;nan;nan;nan;28764;1;0;0;0;0;0;0
286;1;1;1;IDLE;0.000;0.000;1.000;21990.724891;21990.728673;21990.776562;21990.847928;814633;814633;814633;20366;104;13034128;13034168;100.000;493.868;493.868;32.688;35.912;3128.200;3.240;0.000;0.000;7.030;14.011;0.003;24.280;24.280;92.862;119.255;47.889;20.360;50.702;3.669;0.806;0.453;2.049;0.053;3.783;123.037;124.070;37.037;3.704;1.215;3.704;0.004;0.451;8.753;0.263;0;2;49.389;49.390;nan;nan;nan;136112;1;0;0;0;0;0;0
287;1;1;1;IDLE;0.000;0.000;1.000;21990.757218;21990.760795;21990.819463;21990.865884;814941;814941;814941;20374;22;13039056;13039096;100.000;463.389;463.389;6.879;7.545;3129.383;3.520;0.000;0.000;22.985;6.799;0.002;33.305;33.305;76.950;105.089;58.668;31.692;56.768;3.618;0.797;0.451;2.074;16.046;3.577;108.666;108.692;32.122;1.211;1.215;1.211;0.004;0.740;12.314;0.369;0;2;35.261;35.262;nan;nan;nan;28576;1;0;0;0;0;0;0
288;1;1;1;IDLE;0.000;0.000;1.000;21990.790237;21990.794136;21990.848343;21990.912225;818847;818847;818847;20472;18;13101552;13101592;100.000;632.059;632.059;5.616;6.156;3144.382;13.030;0.000;0.000;4.925;27.658;0.002;45.612;45.612;97.361;118.089;54.207;38.625;84.146;1.892;0.789;0.456;1.759;0.028;3.899;121.988;121.700;33.341;0.008;1.139;0.008;0.002;0.893;10.474;0.314;0;2;45.190;45.196;nan;nan;nan;23312;1;0;0;0;0;0;0
289;1;1;1;IDLE;0.000;0.000;1.000;21990.822903;21990.828541;21990.876106;21990.912256;824052;824052;824052;20602;16;13184832;13184872;100.000;563.774;563.774;5.075;5.553;3164.369;13.976;0.000;0.000;7.367;16.504;0.001;37.847;37.847;60.328;83.714;47.564;45.209;79.570;4.389;0.789;0.471;1.673;0.045;5.639;89.353;88.397;34.405;1.072;1.135;1.072;0.004;0.302;9.702;0.291;0;2;52.621;52.622;nan;nan;nan;21056;1;0;0;0;0;0;0
290;1;1;1;IDLE;0.000;0.000;1.000;21990.856648;21990.860368;21990.920363;21990.967367;835458;835458;835458;20887;20;13367328;13367368;100.000;524.459;524.459;6.203;6.805;3208.168;3.753;0.000;0.000;26.342;7.467;0.002;37.562;37.562;81.511;106.999;59.995;35.105;62.609;3.917;0.804;0.460;1.665;19.497;3.720;110.719;110.175;31.826;1.507;1.158;1.507;0.006;0.691;13.866;0.416;0;2;27.164;27.166;nan;nan;nan;25756;1;0;0;0;0;0;0
291;1;1;1;IDLE;0.000;0.000;1.000;21990.889774;21990.892605;21990.950172;21991.014198;819605;819605;819605;20491;21;13113680;13113720;100.000;599.738;599.738;6.383;7.017;3147.293;14.257;0.000;0.000;5.098;29.808;0.002;49.162;49.162;99.728;121.594;57.567;40.432;85.400;2.279;0.783;0.454;1.551;0.031;2.831;124.424;123.673;32.237;1.096;1.154;1.096;0.003;0.793;11.677;0.350;0;2;46.998;47.000;nan;nan;nan;26508;1;0;0;0;0;0;0
292;1;1;1;IDLE;0.000;0.000;1.000;21990.924789;21990.930682;21990.977693;21991.047064;827799;827799;827799;20695;21;13244784;13244824;100.000;530.423;530.423;6.383;7.017;3178.758;3.469;0.000;0.000;7.112;14.665;0.002;25.246;25.246;91.412;116.383;47.011;21.692;53.702;3.758;0.814;0.466;2.040;0.035;5.892;122.275;123.206;38.077;4.744;1.379;4.744;0.003;0.260;10.542;0.316;0;2;51.165;51.169;nan;nan;nan;26508;1;0;0;0;0;0;0
293;1;1;1;IDLE;0.000;0.000;1.000;21990.956761;21990.961589;21991.022929;21991.071371;830771;830771;830771;20770;22;13292336;13292376;100.000;507.334;507.334;6.879;7.545;3190.170;3.735;0.000;0.000;26.381;7.792;0.002;37.908;37.908;83.581;109.782;61.339;34.530;61.801;4.129;0.797;0.457;2.053;18.945;4.828;114.610;114.180;30.908;2.425;1.444;2.425;0.002;0.963;14.505;0.435;0;2;31.923;31.925;nan;nan;nan;28576;1;0;0;0;0;0;0
294;1;1;1;IDLE;0.000;0.000;1.000;21990.989139;21990.993977;21991.052219;21991.098000;835004;835004;835004;20876;23;13360064;13360104;100.000;596.307;596.307;7.105;7.801;3206.425;14.774;0.000;0.000;4.912;29.287;0.002;48.973;48.973;81.618;104.023;58.242;47.079;84.086;1.999;0.799;0.461;1.625;0.029;4.837;108.860;107.474;32.387;0.946;1.413;0.946;0.002;1.635;12.110;0.363;0;2;48.433;48.436;nan;nan;nan;29516;1;0;0;0;0;0;0
295;1;1;1;IDLE;0.000;0.000;1.000;21991.021130;21991.026773;21991.081007;21991.128319;814967;814967;814967;20375;23;13039472;13039512;100.000;568.064;568.064;7.060;7.756;3129.483;14.763;0.000;0.000;5.771;24.754;0.002;45.289;45.289;78.592;101.546;54.234;44.599;83.507;2.271;0.818;0.453;2.197;0.033;5.643;107.189;104.461;32.796;0.537;1.358;0.537;0.003;0.749;10.533;0.316;0;2;41.741;41.744;nan;nan;nan;29328;1;0;0;0;0;0;0
296;1;1;1;IDLE;0.000;0.000;1.000;21991.056282;21991.062049;21991.109142;21991.159573;818656;818656;818656;20467;23;13098496;13098536;100.000;554.018;554.018;7.060;7.756;3143.649;3.421;0.000;0.000;6.009;16.818;0.002;26.248;26.248;73.880;97.523;47.093;26.915;55.738;3.270;0.820;0.467;1.419;0.033;5.768;103.291;102.381;35.276;1.943;1.395;1.943;0.003;0.618;9.405;0.282;0;2;35.989;35.992;nan;nan;nan;29328;1;0;0;0;0;0;0
297;1;1;1;IDLE;0.000;0.000;1.000;21991.089128;21991.092057;21991.139271;21991.192252;819807;819807;819807;20496;22;13116912;13116952;100.000;503.317;503.317;6.744;7.409;3148.068;3.784;0.000;0.000;6.584;14.299;0.003;24.667;24.667;74.134;100.195;47.214;24.619;52.245;3.522;1.028;0.467;1.535;0.032;2.929;103.124;101.726;30.008;3.326;1.516;3.326;0.004;0.266;8.704;0.261;0;2;34.595;34.597;nan;nan;nan;28012;1;0;0;0;0;0;0
298;1;1;1;IDLE;0.000;0.000;1.000;21991.122331;21991.125330;21991.170382;21991.192308;814766;814766;814766;20370;21;13036256;13036296;100.000;504.175;504.175;6.654;7.288;3128.711;3.542;0.000;0.000;5.456;12.914;0.002;21.912;21.912;41.121;66.978;45.051;32.716;48.638;2.548;0.815;0.473;1.591;0.029;2.999;69.977;68.450;33.273;0.060;1.425;0.060;0.002;0.822;7.896;0.237;0;2;34.779;34.780;nan;nan;nan;27636;1;0;0;0;0;0;0
299;1;1;1;IDLE;0.000;0.000;1.000;21991.155676;21991.159014;21991.203578;21991.250323;809259;809259;809259;20232;22;12948144;12948184;100.000;502.759;502.759;6.924;7.590;3107.564;3.675;0.000;0.000;7.454;11.033;0.003;22.162;22.162;65.555;91.309;44.564;24.271;49.730;4.384;0.814;0.452;1.737;0.067;3.338;94.647;93.131;33.684;0.350;1.357;0.350;0.002;0.320;7.790;0.234;0;2;33.843;33.844;nan;nan;nan;28764;1;0;0;0;0;0;0
300;1;1;1;IDLE;0.000;0.000;1.000;21991.189955;21991.194274;21991.232065;21991.271777;812212;812212;812212;20306;23;12995392;12995432;100.000;479.678;479.678;7.015;7.711;3118.904;3.539;0.000;0.000;4.999;5.437;0.001;13.975;13.975;50.410;77.502;37.791;18.032;36.981;2.327;0.774;0.436;1.430;0.032;4.319;81.822;81.252;35.261;1.927;1.393;1.927;0.002;0.259;7.096;0.213;0;2;23.691;23.693;nan;nan;nan;29140;1;0;0;0;0;0;0
