frame_id;rx_complete;tx_complete;current_skip;event;yaw;pitch;zoom;camera_send_timestamp;recv_start_timestamp;codec_exit_time;node_exit_timestamp;original_points;rx_points;processed_points;rx_packets;tx_packets;payload_bytes;reference_size_bytes;data_integrity_pct;internal_throughput_mbs;reference_throughput_mbs;logical_bitrate_mbps;network_bitrate_mbps;reference_bitrate_mbps;conversion_ms;geometry_aggregation_ms;max_r_ms;projection_ms;codec_write_ms;active_tx_ms;active_process_ms;reference_process_ms;total_processing_ms;total_residency_ms;reference_residency_ms;node_efficiency_pct;reference_efficiency_pct;gpu_transfer_ms;gpu_kernel_ms;gpu_packing_ms;gpu_copyback_ms;host_overhead_ms;camera_node_ms;e2e_latency_ms;schedule_delay_ms;inter_arrival_ms;instant_jitter_ms;desynced_jitter_ms;reference_jitter_ms;raw_queue_ms;render_queue_ms;workload_ewma_ms;workload_ratio;frame_backlog;codec_backlog;encode_service_ms;encode_h265_ms;mse_y;psnr_y;ssim_y;mpeg_bytes_generated;ffmpeg_write_calls;ffmpeg_write_eagain;tx_zero_accepts;tx_partial_accepts;tx_resubmit_calls;tx_resubmitted_packets;mbuf_starvation
1;1;1;1;WARMUP;0.000;0.000;1.000;21713.096368;21713.098643;21713.133722;21713.201082;784142;784142;784142;19604;108;12546272;12546312;100.000;766.417;766.417;34.087;37.435;3011.115;11.479;0.000;0.000;11.945;6.570;0.003;29.993;29.993;86.069;102.439;35.079;29.279;85.503;1.524;0.910;0.497;1.395;7.619;2.276;104.714;102.439;0.000;0.000;0.000;0.000;0.013;0.181;11.969;0.359;0;1;30.084;30.085;nan;nan;nan;141940;1;0;0;0;0;0;0
2;1;1;1;WARMUP;0.000;0.000;1.000;21713.129955;21713.132837;21713.178545;21713.240426;783406;783406;783406;19586;23;12534496;12534536;100.000;685.797;685.797;7.015;7.711;3008.289;2.791;0.000;0.000;4.295;22.502;0.003;29.589;29.589;89.311;107.588;45.708;27.502;64.735;1.458;0.906;0.510;1.392;0.028;2.883;110.471;108.449;34.194;0.861;0.054;0.861;0.012;0.620;10.053;0.302;0;2;45.035;45.037;nan;nan;nan;29140;1;0;0;0;0;0;0
3;1;1;1;WARMUP;0.000;0.000;1.000;21713.163099;21713.166169;21713.217980;21713.269284;780200;780200;780200;19505;18;12483200;12483240;100.000;534.610;534.610;5.571;6.111;2995.978;3.344;0.000;0.000;4.356;23.645;0.001;31.345;31.345;79.765;103.115;51.811;30.398;60.499;1.474;0.917;0.534;1.401;0.030;3.070;106.185;103.974;33.332;0.002;0.051;0.002;0.002;0.456;8.633;0.259;0;2;46.087;46.088;nan;nan;nan;23124;1;0;0;0;0;0;0
4;1;1;1;WARMUP;0.000;0.000;1.000;21713.197570;21713.201218;21713.247948;21713.308620;778467;778467;778467;19462;18;12455472;12455512;100.000;614.032;614.032;5.436;5.976;2989.323;3.086;0.000;0.000;7.230;18.552;0.001;28.869;28.869;87.117;107.402;46.730;26.879;61.778;4.012;0.908;0.517;1.755;0.038;3.649;111.050;109.977;35.049;1.716;0.155;1.716;0.002;0.660;8.288;0.249;0;2;39.884;39.886;nan;nan;nan;22560;1;0;0;0;0;0;0
5;1;1;1;WARMUP;0.000;0.000;1.000;21713.230537;21713.233751;21713.288476;21713.344446;776427;776427;776427;19411;17;12422832;12422872;100.000;624.876;624.876;5.345;5.855;2981.489;2.797;0.000;0.000;5.247;29.012;0.001;37.056;37.056;90.815;110.695;54.725;33.476;67.713;2.378;0.903;0.519;1.412;0.035;3.214;113.910;112.469;32.533;0.800;0.195;0.800;0.003;0.582;5.259;0.158;0;2;49.151;49.153;nan;nan;nan;22184;1;0;0;0;0;0;0
6;1;1;1;IDLE;0.000;0.000;1.000;21713.263685;21713.266528;21713.324186;21713.373244;774893;774893;774893;19373;19;12398288;12398328;100.000;684.644;684.644;5.887;6.458;2975.599;2.820;0.000;0.000;5.767;33.648;0.002;42.235;42.235;88.606;106.716;57.658;39.577;73.251;2.526;0.890;0.503;1.813;0.035;2.843;109.559;107.934;32.777;0.556;0.218;0.556;0.003;0.129;5.391;0.162;0;2;53.904;53.906;nan;nan;nan;24440;1;0;0;0;0;0;0
7;1;1;1;IDLE;0.000;0.000;1.000;21713.297599;21713.300368;21713.351528;21713.412623;775949;775949;775949;19399;19;12415184;12415224;100.000;721.527;721.527;5.977;6.549;2979.654;2.682;0.000;0.000;5.744;27.341;0.001;35.767;35.767;95.048;112.255;51.160;31.862;69.912;2.830;0.827;0.474;1.536;0.076;2.769;115.024;113.980;33.839;0.506;0.236;0.506;0.002;0.865;5.481;0.164;0;2;49.051;49.054;nan;nan;nan;24816;1;0;0;0;0;0;0
8;1;1;1;IDLE;0.000;0.000;1.000;21713.331446;21713.334729;21713.392237;21713.412670;775463;775463;775463;19387;20;12407408;12407448;100.000;627.257;627.257;6.338;6.941;2977.788;2.886;0.000;0.000;7.977;29.531;0.001;40.395;40.395;58.161;77.942;57.508;51.827;70.242;4.696;0.894;0.483;1.863;0.041;3.283;81.224;80.693;34.361;1.027;0.285;1.027;0.003;0.214;6.112;0.183;0;2;49.914;49.915;nan;nan;nan;26320;1;0;0;0;0;0;0
9;1;1;1;IDLE;0.000;0.000;1.000;21713.364110;21713.367368;21713.428045;21713.477074;775698;775698;775698;19393;20;12411168;12411208;100.000;652.606;652.606;6.338;6.941;2978.690;2.854;0.000;0.000;5.698;35.808;0.002;44.360;44.360;90.687;109.706;60.677;40.435;73.108;2.799;0.825;0.468;1.576;0.030;3.258;112.964;111.764;32.640;0.694;0.311;0.694;0.003;0.149;6.011;0.180;0;2;56.682;56.685;nan;nan;nan;26320;1;0;0;0;0;0;0
10;1;1;1;IDLE;0.000;0.000;1.000;21713.399248;21713.402620;21713.455871;21713.515879;778020;778020;778020;19451;20;12448320;12448360;100.000;728.048;728.048;6.112;6.715;2987.606;2.893;0.000;0.000;5.796;27.824;0.001;36.513;36.513;96.161;113.259;53.251;32.239;68.568;2.836;0.829;0.485;1.618;0.028;3.371;116.630;117.235;35.252;1.918;0.411;1.918;0.002;2.530;5.959;0.179;0;2;49.020;49.025;nan;nan;nan;25380;1;0;0;0;0;0;0
11;1;1;1;IDLE;0.000;0.000;1.000;21713.432782;21713.437052;21713.496115;21713.551220;778554;778554;778554;19464;19;12456864;12456904;100.000;639.835;639.835;5.751;6.323;2989.657;2.806;0.000;0.000;7.147;32.176;0.001;42.129;42.129;94.698;114.167;59.063;36.901;71.329;3.744;0.837;0.497;2.028;0.042;4.270;118.438;119.243;34.432;1.099;0.454;1.099;0.014;0.255;6.262;0.188;0;2;51.934;51.937;nan;nan;nan;23876;1;0;0;0;0;0;0
12;1;1;1;IDLE;0.000;0.000;1.000;21713.463981;21713.467884;21713.531791;21713.580333;779986;779986;779986;19500;20;12479776;12479816;100.000;634.058;634.058;6.157;6.760;2995.156;3.067;0.000;0.000;5.410;35.674;0.002;44.151;44.151;92.767;112.449;63.907;39.263;69.086;2.566;0.776;0.461;1.577;0.030;3.903;116.352;115.023;30.831;2.502;0.582;2.502;0.002;3.138;6.051;0.182;0;2;55.098;55.100;nan;nan;nan;25568;1;0;0;0;0;0;0
13;1;1;1;IDLE;0.000;0.000;1.000;21713.498948;21713.504106;21713.559159;21713.620371;780926;780926;780926;19524;20;12494816;12494856;100.000;673.450;673.450;6.293;6.896;2998.765;2.910;0.000;0.000;6.307;27.366;0.002;36.584;36.584;97.711;116.264;55.052;31.466;66.452;3.034;0.772;0.450;2.002;0.049;5.158;121.423;121.727;36.223;2.889;0.726;2.889;0.002;2.822;6.119;0.184;0;2;48.532;48.536;nan;nan;nan;26132;1;0;0;0;0;0;0
14;1;1;1;IDLE;0.000;0.000;1.000;21713.531363;21713.537293;21713.599747;21713.656030;782770;782770;782770;19570;21;12524320;12524360;100.000;609.093;609.093;6.428;7.062;3005.846;3.049;0.000;0.000;8.121;33.569;0.001;44.739;44.739;98.175;118.737;62.455;37.679;71.634;4.474;0.769;0.451;2.388;0.040;5.930;124.667;124.053;33.186;0.147;0.690;0.147;0.002;0.199;6.625;0.199;0;2;54.189;54.190;nan;nan;nan;26696;1;0;0;0;0;0;0
15;1;1;1;IDLE;0.000;0.000;1.000;21713.565881;21713.570245;21713.635705;21713.683610;784474;784474;784474;19612;21;12551584;12551624;100.000;627.998;627.998;6.564;7.198;3012.390;3.089;0.000;0.000;6.037;35.956;0.001;45.081;45.081;93.378;113.365;65.459;39.766;68.869;2.812;0.775;0.458;1.958;0.034;4.364;117.729;118.300;32.953;0.381;0.671;0.381;0.002;3.477;6.481;0.194;0;2;56.278;56.279;nan;nan;nan;27260;1;0;0;0;0;0;0
16;1;1;1;IDLE;0.000;0.000;1.000;21713.597758;21713.602927;21713.663402;21713.684544;785193;785193;785193;19630;100;12563088;12563128;100.000;644.105;644.105;31.605;34.704;3015.151;3.192;0.000;0.000;4.442;27.696;0.003;35.331;35.331;62.112;81.617;60.476;43.288;58.421;1.753;0.786;0.465;1.411;0.027;5.169;86.786;85.900;32.681;0.652;0.670;0.652;0.002;8.830;5.975;0.179;0;2;47.898;47.901;nan;nan;nan;131600;1;0;0;0;0;0;0
17;1;1;1;IDLE;0.000;0.000;1.000;21713.632176;21713.637210;21713.703534;21713.763691;782720;782720;782720;19568;22;12523520;12523560;100.000;579.179;579.179;6.924;7.590;3005.654;3.091;0.000;0.000;5.711;38.106;0.002;46.908;46.908;104.858;126.481;66.324;37.087;70.725;2.438;0.773;0.438;2.029;0.033;5.034;131.514;131.714;34.283;0.950;0.687;0.950;0.002;0.881;5.915;0.177;0;2;60.053;60.054;nan;nan;nan;28764;1;0;0;0;0;0;0
18;1;1;1;IDLE;0.000;0.000;1.000;21713.663232;21713.669826;21713.743589;21713.796370;781613;781613;781613;19541;18;12505808;12505848;100.000;620.673;620.673;5.571;6.111;3001.404;3.045;0.000;0.000;4.569;40.052;0.002;47.666;47.666;106.395;126.544;73.763;37.668;64.621;1.654;0.748;0.441;1.700;0.026;6.595;133.138;131.060;32.616;0.717;0.689;0.717;0.002;8.990;5.583;0.168;0;2;60.148;60.150;nan;nan;nan;23124;1;0;0;0;0;0;0
19;1;1;1;IDLE;0.000;0.000;1.000;21713.698204;21713.702547;21713.771807;21713.834906;780006;780006;780006;19501;17;12480096;12480136;100.000;537.211;537.211;5.345;5.855;2995.233;3.403;0.000;0.000;4.587;28.217;0.003;36.207;36.207;109.128;132.359;69.260;27.355;52.277;1.906;0.773;0.452;1.429;0.028;4.343;136.702;136.263;32.721;0.613;0.684;0.613;0.002;13.222;5.336;0.160;0;2;52.775;52.777;nan;nan;nan;22184;1;0;0;0;0;0;0
20;1;1;1;IDLE;0.000;0.000;1.000;21713.729315;21713.731914;21713.815349;21713.871963;780302;780302;780302;19508;18;12484832;12484872;100.000;515.005;515.005;5.526;6.066;2996.369;3.556;0.000;0.000;5.368;43.539;0.001;52.463;52.463;115.807;140.049;83.435;37.461;62.879;2.626;0.763;0.455;1.497;0.027;2.599;142.648;139.987;29.367;3.966;0.889;3.966;0.012;10.272;5.347;0.160;0;3;63.090;63.093;nan;nan;nan;22936;1;0;0;0;0;0;0
21;1;1;1;IDLE;0.000;0.000;1.000;21713.763232;21713.766275;21713.852338;21713.900030;779066;779066;779066;19477;19;12465056;12465096;100.000;525.750;525.750;5.977;6.549;2991.623;3.133;0.000;0.000;6.360;36.987;0.002;46.480;46.480;110.045;133.755;86.063;34.750;54.007;3.220;0.869;0.447;1.791;0.034;3.043;136.798;134.720;34.361;1.028;0.898;1.028;0.003;19.002;5.603;0.168;0;3;56.608;56.610;nan;nan;nan;24816;1;0;0;0;0;0;0
22;1;1;1;IDLE;0.000;0.000;1.000;21713.795776;21713.799260;21713.880709;21713.941135;778280;778280;778280;19457;20;12452480;12452520;100.000;514.211;514.211;6.067;6.670;2988.605;3.167;0.000;0.000;6.448;28.369;0.002;37.985;37.985;117.658;141.875;81.449;26.774;46.637;3.467;0.761;0.462;1.726;0.033;3.484;145.360;142.492;32.985;0.349;0.864;0.349;0.002;22.411;5.816;0.174;0;3;47.685;47.688;nan;nan;nan;25192;1;0;0;0;0;0;0
23;1;1;1;IDLE;0.000;0.000;1.000;21713.829921;21713.832595;21713.921014;21713.974617;778907;778907;778907;19473;20;12462512;12462552;100.000;593.660;593.660;6.248;6.851;2991.012;3.038;0.000;0.000;6.256;40.303;0.002;49.597;49.597;121.029;142.022;88.419;34.922;56.093;3.378;0.759;0.456;1.625;0.038;2.674;144.696;142.640;33.335;0.002;0.810;0.002;0.003;20.864;5.930;0.178;0;3;60.420;60.423;nan;nan;nan;25944;1;0;0;0;0;0;0
24;1;1;1;IDLE;0.000;0.000;1.000;21713.864016;21713.866769;21713.957105;21714.002359;779289;779289;779289;19483;19;12468624;12468664;100.000;558.500;558.500;5.796;6.368;2992.479;2.773;0.000;0.000;5.111;36.089;0.002;43.972;43.972;113.264;135.590;90.335;32.430;48.677;2.249;0.761;0.446;1.625;0.029;2.753;138.343;137.049;34.175;0.841;0.812;0.841;0.002;26.807;5.729;0.172;0;3;53.597;53.599;nan;nan;nan;24064;1;0;0;0;0;0;0
25;1;1;1;IDLE;0.000;0.000;1.000;21713.897503;21713.901586;21713.984151;21714.002421;779739;779739;779739;19494;19;12475824;12475864;100.000;558.726;558.726;6.022;6.594;2994.207;3.046;0.000;0.000;8.901;27.046;0.001;38.992;38.992;78.507;100.836;82.566;38.669;47.225;5.816;0.764;0.452;1.822;0.046;4.083;104.919;103.778;34.816;1.483;0.854;1.483;0.003;24.286;6.524;0.196;0;3;45.248;45.251;nan;nan;nan;25004;1;0;0;0;0;0;0
26;1;1;1;IDLE;0.000;0.000;1.000;21713.930057;21713.933661;21714.023467;21714.078801;779364;779364;779364;19485;21;12469824;12469864;100.000;699.961;699.961;6.383;7.017;2992.767;2.658;0.000;0.000;5.402;39.314;0.002;47.374;47.374;127.325;145.140;89.806;32.640;52.751;2.647;0.744;0.438;1.541;0.031;3.604;148.744;146.825;32.076;1.257;0.879;1.257;0.003;27.270;6.246;0.187;0;3;60.216;60.219;nan;nan;nan;26508;1;0;0;0;0;0;0
27;1;1;1;IDLE;0.000;0.000;1.000;21713.964402;21713.967691;21714.060004;21714.118439;780025;780025;780025;19501;21;12480400;12480440;100.000;561.912;561.912;6.383;7.017;2995.306;2.744;0.000;0.000;5.425;36.534;0.001;44.703;44.703;128.537;150.748;92.313;29.654;48.425;2.491;0.760;0.454;1.688;0.032;3.289;154.037;153.129;34.030;0.696;0.868;0.696;0.003;28.140;6.044;0.181;0;3;55.329;55.330;nan;nan;nan;26508;1;0;0;0;0;0;0
28;1;1;1;IDLE;0.000;0.000;1.000;21713.997075;21714.000382;21714.086843;21714.144631;780373;780373;780373;19510;21;12485968;12486008;100.000;577.088;577.088;6.428;7.062;2996.642;3.157;0.000;0.000;5.878;26.838;0.002;35.873;35.873;122.613;144.249;86.461;24.869;41.490;2.627;0.749;0.433;2.031;0.038;3.306;147.555;145.987;32.691;0.643;0.853;0.643;0.002;32.106;6.007;0.180;0;3;58.430;58.432;nan;nan;nan;26696;1;0;0;0;0;0;0
29;1;1;1;IDLE;0.000;0.000;1.000;21714.031476;21714.035156;21714.124764;21714.182702;781651;781651;781651;19542;22;12506416;12506456;100.000;693.982;693.982;6.699;7.364;3001.549;2.660;0.000;0.000;5.142;37.920;0.002;45.722;45.722;129.525;147.546;89.608;30.988;51.024;2.351;0.761;0.440;1.559;0.032;3.680;151.226;150.725;34.774;1.441;0.890;1.441;0.009;28.515;5.793;0.174;0;3;57.780;57.782;nan;nan;nan;27824;1;0;0;0;0;0;0
30;1;1;1;IDLE;0.000;0.000;1.000;21714.066272;21714.069571;21714.161594;21714.211855;781375;781375;781375;19535;21;12502000;12502040;100.000;568.769;568.769;6.383;7.017;3000.490;2.913;0.000;0.000;7.670;36.829;0.002;47.412;47.412;120.303;142.284;92.023;33.322;51.521;4.688;0.763;0.450;1.722;0.047;3.299;145.583;146.545;34.415;1.081;0.902;1.081;0.004;25.538;6.266;0.188;0;3;57.932;57.934;nan;nan;nan;26508;1;0;0;0;0;0;0
31;1;1;1;IDLE;0.000;0.000;1.000;21714.097508;21714.101549;21714.189882;21714.252831;784392;784392;784392;19610;100;12550272;12550312;100.000;652.800;652.800;31.425;34.524;3012.075;12.656;0.000;0.000;4.429;28.286;0.005;45.370;45.370;132.057;151.282;88.333;29.991;51.363;1.705;0.770;0.456;1.467;0.031;4.041;155.323;154.188;31.979;1.355;0.930;1.355;0.002;36.390;5.809;0.174;0;3;50.254;50.257;nan;nan;nan;130848;1;0;0;0;0;0;0
32;1;1;1;IDLE;0.000;0.000;1.000;21714.133543;21714.137847;21714.232646;21714.289909;782671;782671;782671;19567;22;12522736;12522776;100.000;583.830;583.830;6.924;7.590;3005.466;3.162;0.000;0.000;7.835;42.763;0.001;53.760;53.760;130.613;152.062;94.799;35.354;56.709;4.398;0.745;0.434;2.219;0.039;4.304;156.366;157.932;36.297;2.964;1.058;2.964;0.002;22.748;6.319;0.190;0;3;62.944;62.947;nan;nan;nan;28764;1;0;0;0;0;0;0
33;1;1;1;IDLE;0.000;0.000;1.000;21714.165219;21714.171022;21714.268138;21714.317006;776999;776999;776999;19425;18;12431984;12432024;100.000;592.013;592.013;5.706;6.247;2983.686;2.973;0.000;0.000;9.750;34.400;0.001;47.123;47.123;124.984;145.984;97.115;32.279;48.522;6.333;0.964;0.443;1.966;0.044;5.804;151.788;151.696;33.176;0.158;1.001;0.158;0.003;31.962;7.179;0.215;0;3;56.168;56.169;nan;nan;nan;23688;1;0;0;0;0;0;0
34;1;1;1;IDLE;0.000;0.000;1.000;21714.198667;21714.202965;21714.297880;21714.357066;778650;778650;778650;19467;18;12458400;12458440;100.000;599.380;599.380;5.571;6.111;2990.026;3.023;0.000;0.000;5.893;29.740;0.001;38.656;38.656;133.315;154.101;94.914;25.085;40.728;2.595;0.738;0.443;1.914;0.203;4.298;158.399;158.423;31.943;1.390;1.026;1.390;0.002;38.491;6.861;0.206;0;3;48.861;48.865;nan;nan;nan;23124;1;0;0;0;0;0;0
35;1;1;1;IDLE;0.000;0.000;1.000;21714.230925;21714.236185;21714.335851;21714.395460;778007;778007;778007;19451;18;12448112;12448152;100.000;601.652;601.652;5.571;6.111;2987.556;3.042;0.000;0.000;4.817;37.969;0.002;45.828;45.828;138.585;159.275;99.665;28.773;45.982;1.801;0.762;0.440;1.784;0.030;5.261;164.536;163.484;33.220;0.113;0.969;0.113;0.002;36.186;6.355;0.191;0;3;59.181;59.183;nan;nan;nan;23124;1;0;0;0;0;0;0
36;1;1;1;IDLE;0.000;0.000;1.000;21714.264746;21714.269484;21714.374101;21714.430283;776483;776483;776483;19413;19;12423728;12423768;100.000;556.538;556.538;6.022;6.594;2981.704;3.261;0.000;0.000;4.596;38.248;0.002;46.105;46.105;138.476;160.799;104.617;28.672;44.070;1.775;0.763;0.461;1.570;0.028;4.738;165.537;164.973;33.299;0.035;0.910;0.035;0.002;39.447;5.917;0.178;0;3;59.602;59.604;nan;nan;nan;25004;1;0;0;0;0;0;0
37;1;1;1;IDLE;0.000;0.000;1.000;21714.296037;21714.302182;21714.403142;21714.465519;781287;781287;781287;19533;20;12500592;12500632;100.000;579.830;579.830;6.293;6.896;3000.152;3.257;0.000;0.000;4.598;29.039;0.002;36.893;36.893;141.778;163.337;100.960;22.587;36.542;1.669;0.756;0.441;1.702;0.029;6.145;169.481;166.875;32.698;0.635;0.893;0.635;0.008;45.755;5.592;0.168;0;3;56.174;56.179;nan;nan;nan;26132;1;0;0;0;0;0;0
38;1;1;1;IDLE;0.000;0.000;1.000;21714.330928;21714.335285;21714.446087;21714.502446;780329;780329;780329;19509;22;12485264;12485304;100.000;555.690;555.690;6.699;7.364;2996.473;3.352;0.000;0.000;4.438;42.943;0.002;50.733;50.733;144.693;167.161;110.802;30.349;45.787;1.685;0.761;0.460;1.502;0.030;4.356;171.518;170.469;33.103;0.231;0.852;0.231;0.002;40.951;5.309;0.159;0;3;62.369;62.371;nan;nan;nan;27824;1;0;0;0;0;0;0
39;1;1;1;IDLE;0.000;0.000;1.000;21714.362624;21714.366995;21714.483592;21714.532391;780785;780785;780785;19520;23;12492560;12492600;100.000;515.837;515.837;7.015;7.711;2998.224;3.472;0.000;0.000;4.220;37.504;0.002;45.196;45.196;141.178;165.396;116.597;27.326;38.763;1.467;0.766;0.454;1.505;0.029;4.372;169.767;167.081;31.711;1.623;0.900;1.623;0.002;50.652;5.040;0.151;0;4;56.352;56.355;nan;nan;nan;29140;1;0;0;0;0;0;0
40;1;1;1;IDLE;0.000;0.000;1.000;21714.396319;21714.399258;21714.511583;21714.581550;785430;785430;785430;19636;23;12566880;12566920;100.000;518.368;518.368;7.150;7.847;3016.061;3.248;0.000;0.000;6.759;27.989;0.003;37.996;37.996;158.049;182.293;112.325;20.844;33.827;3.498;0.995;0.441;1.790;0.035;2.939;185.231;182.907;32.263;1.071;0.911;1.071;0.002;53.331;5.472;0.164;0;4;48.790;48.796;nan;nan;nan;29704;1;0;0;0;0;0;0
41;1;1;1;IDLE;0.000;0.000;1.000;21714.428817;21714.432189;21714.553410;21714.609677;789479;789479;789479;19737;24;12631664;12631704;100.000;540.617;540.617;7.466;8.194;3031.609;3.187;0.000;0.000;6.046;41.825;0.001;51.059;51.059;154.122;177.487;121.221;28.768;42.121;3.186;0.783;0.460;1.584;0.033;3.372;180.860;177.700;32.931;0.402;0.879;0.402;0.002;49.981;5.618;0.169;0;4;69.962;69.963;nan;nan;nan;31020;1;0;0;0;0;0;0
42;1;1;1;IDLE;0.000;0.000;1.000;21714.464011;21714.466916;21714.588203;21714.638092;789348;789348;789348;19734;24;12629568;12629608;100.000;519.901;519.901;7.601;8.329;3031.106;3.148;0.000;0.000;4.829;34.791;0.002;42.768;42.768;146.884;171.176;121.286;24.985;35.262;1.913;0.766;0.453;1.666;0.031;2.905;174.081;172.782;34.727;1.394;0.911;1.394;0.002;57.371;5.424;0.163;0;4;56.261;56.263;nan;nan;nan;31584;1;0;0;0;0;0;0
43;1;1;1;IDLE;0.000;0.000;1.000;21714.496534;21714.500267;21714.619212;21714.679853;792714;792714;792714;19818;25;12683424;12683464;100.000;528.641;528.641;7.646;8.405;3044.031;3.233;0.000;0.000;5.670;31.008;0.001;39.912;39.912;155.593;179.585;118.944;22.224;33.555;2.638;0.769;0.453;1.775;0.035;3.734;183.319;181.209;33.351;0.018;0.855;0.018;0.003;58.268;5.488;0.165;0;4;49.880;49.887;nan;nan;nan;31772;1;0;0;0;0;0;0
44;1;1;1;IDLE;0.000;0.000;1.000;21714.529912;21714.533198;21714.658492;21714.716671;790865;790865;790865;19772;25;12653840;12653880;100.000;553.583;553.583;7.737;8.496;3036.931;3.161;0.000;0.000;25.466;39.279;0.001;67.906;67.906;160.614;183.472;125.294;37.011;54.197;5.825;0.981;0.469;1.711;16.480;3.286;186.759;184.694;32.931;0.402;0.827;0.402;0.003;37.686;10.487;0.315;0;4;60.635;60.637;nan;nan;nan;32148;1;0;0;0;0;0;0
45;1;1;1;IDLE;0.000;0.000;1.000;21714.562621;21714.564821;21714.694876;21714.744797;787976;787976;787976;19700;25;12607616;12607656;100.000;668.898;668.898;7.872;8.631;3025.837;12.697;0.000;0.000;7.689;36.382;0.002;56.769;56.769;161.128;179.976;130.055;31.542;43.650;3.960;0.768;0.443;2.479;0.039;2.199;182.176;179.487;31.622;1.711;0.882;1.711;0.002;62.600;10.925;0.328;0;4;58.173;58.175;nan;nan;nan;32712;1;0;0;0;0;0;0
46;1;1;1;IDLE;0.000;0.000;1.000;21714.598493;21714.601959;21714.723427;21714.787472;789717;789717;789717;19743;111;12635472;12635512;100.000;501.939;501.939;35.034;38.476;3032.523;2.998;0.000;0.000;6.938;28.550;0.005;38.486;38.486;160.339;185.513;121.468;20.746;31.684;4.042;0.769;0.452;1.635;0.041;3.466;188.979;188.829;37.139;3.805;1.065;3.805;0.015;60.790;9.930;0.298;0;4;49.913;49.916;nan;nan;nan;145888;1;0;0;0;0;0;0
47;1;1;1;IDLE;0.000;0.000;1.000;21714.631266;21714.634620;21714.764596;21714.828088;784950;784950;784950;19624;23;12559200;12559240;100.000;564.566;564.566;7.150;7.847;3014.218;3.091;0.000;0.000;8.431;41.168;0.002;52.691;52.691;171.222;193.468;129.976;27.235;40.539;4.550;0.761;0.432;2.644;0.045;3.355;196.823;196.112;32.661;0.672;1.040;0.672;0.003;56.503;9.965;0.299;0;4;64.040;64.042;nan;nan;nan;29704;1;0;0;0;0;0;0
48;1;1;1;IDLE;0.000;0.000;1.000;21714.665680;21714.669799;21714.802534;21714.853243;781130;781130;781130;19529;19;12498080;12498120;100.000;695.761;695.761;5.932;6.504;2999.549;2.845;0.000;0.000;9.094;37.936;0.002;49.875;49.875;165.480;183.444;132.735;27.188;37.575;5.460;0.742;0.438;2.402;0.051;4.119;187.563;187.932;35.178;1.845;1.091;1.845;0.003;60.626;11.528;0.346;0;4;63.487;63.488;nan;nan;nan;24628;1;0;0;0;0;0;0
49;1;1;1;IDLE;0.000;0.000;1.000;21714.698703;21714.703881;21714.831273;21714.895329;780468;780468;780468;19512;19;12487488;12487528;100.000;645.975;645.975;5.932;6.504;2997.007;2.809;0.000;0.000;6.645;28.734;0.002;38.188;38.188;172.117;191.448;127.392;19.947;29.977;3.329;0.761;0.434;2.086;0.035;5.178;196.627;196.686;34.082;0.749;1.069;0.749;0.002;72.465;10.365;0.311;0;4;50.699;50.702;nan;nan;nan;24628;1;0;0;0;0;0;0
50;1;1;1;IDLE;0.000;0.000;1.000;21714.731521;21714.735385;21714.871975;21714.935453;783376;783376;783376;19585;20;12534016;12534056;100.000;596.563;596.563;6.067;6.670;3008.173;3.182;0.000;0.000;8.497;40.701;0.002;52.380;52.380;179.057;200.068;136.591;26.181;38.348;4.530;0.744;0.438;2.730;0.055;3.864;203.932;203.476;31.504;1.830;1.117;1.830;0.003;58.179;11.952;0.359;0;4;64.050;64.052;nan;nan;nan;25192;1;0;0;0;0;0;0
51;1;1;1;IDLE;0.000;0.000;1.000;21714.764219;21714.770367;21714.913108;21714.967174;787237;787237;787237;19681;23;12595792;12595832;100.000;638.732;638.732;7.015;7.711;3023.000;2.963;0.000;0.000;25.527;41.131;0.002;69.621;69.621;177.086;196.807;142.741;35.375;48.774;22.679;0.745;0.438;1.575;0.088;6.149;202.955;201.864;34.983;1.649;1.150;1.649;0.002;43.913;18.460;0.554;1;4;63.469;63.472;nan;nan;nan;29140;1;0;0;0;0;0;0
52;1;1;1;IDLE;0.000;0.000;1.000;21714.798518;21714.802946;21714.944042;21715.008361;787734;787734;787734;19694;24;12603744;12603784;100.000;506.080;506.080;7.421;8.148;3024.908;14.490;0.000;0.000;8.360;30.928;0.003;53.779;53.779;180.510;205.415;141.096;26.181;38.115;4.309;0.748;0.437;2.824;0.043;4.428;209.843;209.717;32.579;0.755;1.125;0.755;0.304;73.478;16.718;0.502;0;4;54.055;54.058;nan;nan;nan;30832;1;0;0;0;0;0;0
53;1;1;1;IDLE;0.000;0.000;1.000;21714.830098;21714.834380;21714.987932;21715.045703;787059;787059;787059;19677;24;12592944;12592984;100.000;549.448;549.448;7.556;8.284;3022.316;3.499;0.000;0.000;11.582;43.888;0.001;58.969;58.969;188.403;211.322;153.552;27.905;38.403;7.542;0.753;0.473;2.748;0.067;4.282;215.604;213.726;31.434;1.899;1.174;1.899;0.003;60.479;19.106;0.573;0;4;64.312;64.314;nan;nan;nan;31396;1;0;0;0;0;0;0
54;1;1;1;IDLE;0.000;0.000;1.000;21714.863553;21714.868342;21715.024165;21715.074535;786051;786051;786051;19652;24;12576816;12576856;100.000;463.512;463.512;7.601;8.329;3018.445;4.616;0.000;0.000;9.941;36.231;0.002;50.788;50.788;179.058;206.192;155.822;24.631;32.593;6.586;0.746;0.449;2.106;0.055;4.789;210.981;209.224;33.962;0.629;1.140;0.629;0.003;64.877;21.226;0.637;0;4;57.765;57.767;nan;nan;nan;31584;1;0;0;0;0;0;0
55;1;1;1;IDLE;0.000;0.000;1.000;21714.896561;21714.899443;21715.053238;21715.112105;796213;796213;796213;19906;23;12739408;12739448;100.000;480.400;480.400;7.195;7.892;3057.468;4.285;0.000;0.000;10.513;29.072;0.001;43.870;43.870;186.143;212.662;153.795;20.629;28.525;6.761;0.802;0.438;2.462;0.050;2.883;215.544;213.461;31.101;2.232;1.208;2.232;0.008;69.605;23.069;0.692;0;4;50.365;50.368;nan;nan;nan;29892;1;0;0;0;0;0;0
56;1;1;1;IDLE;0.000;0.000;1.000;21714.930676;21714.933444;21715.091958;21715.146903;790191;790191;790191;19755;24;12643056;12643096;100.000;501.225;501.225;7.331;8.058;3034.343;3.913;0.000;0.000;6.937;38.719;0.001;49.569;49.569;188.234;213.459;158.514;23.222;31.271;3.663;0.752;0.432;2.048;0.043;2.767;216.226;214.926;34.001;0.667;1.174;0.667;0.002;58.367;26.355;0.791;1;4;58.862;58.864;nan;nan;nan;30456;1;0;0;0;0;0;0
57;1;1;1;SKIP+1;0.000;0.000;1.000;21714.963711;21714.967243;21715.126852;21715.171012;798808;798808;798808;19971;24;12780928;12780968;100.000;541.072;541.072;7.421;8.148;3067.432;3.105;0.000;0.000;7.771;34.893;0.001;45.769;45.769;180.147;203.769;159.610;22.461;28.676;4.054;0.799;0.442;2.431;0.044;3.531;207.300;205.701;33.799;0.466;1.130;0.466;4.034;60.021;29.029;0.871;1;4;54.940;54.942;nan;nan;nan;30832;1;0;0;0;0;0;0
58;1;1;1;IDLE;0.000;0.000;1.000;21714.997053;21715.000751;21715.152988;21715.211055;797924;797924;797924;19949;23;12766784;12766824;100.000;665.590;665.590;7.240;7.937;3064.038;2.902;0.000;0.000;7.613;26.133;0.002;36.648;36.648;191.123;210.304;152.237;17.426;24.073;4.077;0.771;0.440;2.179;0.146;3.698;214.002;212.411;33.508;0.175;1.070;0.175;12.083;66.002;28.983;0.870;1;4;44.152;44.154;nan;nan;nan;30080;1;0;0;0;0;0;0
59;1;1;1;IDLE;0.000;0.000;1.000;21715.031758;21715.035078;21715.191894;21715.211098;794477;794477;794477;19862;23;12711632;12711672;100.000;581.913;581.913;7.285;7.982;3050.801;2.848;0.000;0.000;9.305;38.905;0.001;51.058;51.058;154.174;176.020;156.815;29.007;32.559;5.824;0.931;0.458;2.051;0.040;3.320;179.340;179.121;34.328;0.994;1.065;0.994;3.947;51.724;31.839;0.955;0;4;58.063;58.064;nan;nan;nan;30268;1;0;0;0;0;0;0
61;1;1;2;IDLE;0.000;0.000;1.000;21715.098250;21715.100633;21715.225545;21715.269258;783874;783874;783874;19597;26;12541984;12542024;100.000;676.481;676.481;4.004;4.399;1505.043;2.763;0.000;0.000;7.187;33.650;0.002;43.600;43.600;150.084;168.625;124.911;25.856;34.905;3.612;0.759;0.451;2.322;0.043;2.384;171.008;170.615;65.555;1.112;1.068;1.112;0.002;57.853;27.599;0.414;0;4;59.318;59.319;nan;nan;nan;33276;1;0;0;0;0;0;0
63;1;1;2;IDLE;0.000;0.000;1.000;21715.164023;21715.167368;21715.251556;21715.305413;782791;782791;782791;19570;106;12524656;12524696;100.000;589.015;589.015;16.660;18.303;1502.964;3.093;0.000;0.000;5.486;26.010;0.003;34.589;34.589;116.781;138.045;84.188;25.057;41.086;2.448;0.745;0.436;1.821;0.036;3.345;141.390;140.103;66.735;0.068;1.006;0.068;0.002;31.425;22.074;0.331;0;3;43.707;43.710;nan;nan;nan;138744;1;0;0;0;0;0;0
65;1;1;2;IDLE;0.000;0.000;1.000;21715.232070;21715.235274;21715.287979;21715.355627;785507;785507;785507;19638;23;12568112;12568152;100.000;626.371;626.371;3.530;3.878;1508.178;11.741;0.000;0.000;4.410;27.859;0.002;44.010;44.010;100.287;120.353;52.705;36.568;83.504;1.582;0.772;0.444;1.583;0.029;3.204;123.557;123.650;67.906;1.240;1.020;1.240;0.004;0.365;17.664;0.265;0;2;45.290;45.291;nan;nan;nan;29328;1;0;0;0;0;0;0
67;1;1;2;IDLE;0.000;0.000;1.000;21715.297699;21715.300795;21715.339079;21715.414869;789641;789641;789641;19742;18;12634256;12634296;100.000;680.554;680.554;2.831;3.101;1516.116;2.856;0.000;0.000;5.055;13.801;0.001;21.712;21.712;95.509;114.073;38.284;19.034;56.714;2.398;0.745;0.439;1.441;0.031;3.096;117.170;116.225;65.521;1.146;1.028;1.146;0.002;0.860;14.517;0.218;0;1;30.343;30.345;nan;nan;nan;23500;1;0;0;0;0;0;0
69;1;1;2;IDLE;0.000;0.000;1.000;21715.363664;21715.367602;21715.398476;21715.487548;778159;778159;778159;19454;18;12450544;12450584;100.000;626.214;626.214;2.763;3.033;1494.070;3.013;0.000;0.000;4.312;6.047;0.002;13.372;13.372;100.064;119.946;30.874;11.148;43.312;1.709;0.738;0.445;1.392;0.027;3.938;123.884;122.238;66.807;0.140;0.973;0.140;0.002;0.630;11.969;0.180;0;1;22.435;22.437;nan;nan;nan;22936;1;0;0;0;0;0;0
71;1;1;2;IDLE;0.000;0.000;1.000;21715.430488;21715.433795;21715.471022;21715.556527;786883;786883;786883;19673;23;12590128;12590168;100.000;663.887;663.887;3.598;3.946;1510.820;2.853;0.000;0.000;4.129;13.443;0.002;20.424;20.424;103.768;122.732;37.227;16.641;54.864;1.530;0.744;0.435;1.393;0.027;3.307;126.039;124.550;66.193;0.474;0.942;0.474;0.002;0.689;10.011;0.150;0;1;29.965;29.967;nan;nan;nan;29892;1;0;0;0;0;0;0
73;1;1;2;IDLE;0.000;0.000;1.000;21715.498026;21715.501849;21715.540240;21715.615452;781047;781047;781047;19527;24;12496752;12496792;100.000;630.998;630.998;3.778;4.142;1499.615;3.045;0.000;0.000;4.111;13.500;0.002;20.657;20.657;93.799;113.604;38.392;18.183;53.806;1.504;0.746;0.438;1.395;0.028;3.823;117.426;116.809;68.054;1.387;0.969;1.387;0.008;0.967;8.539;0.128;0;1;29.783;29.784;nan;nan;nan;31396;1;0;0;0;0;0;0
75;1;1;2;IDLE;0.000;0.000;1.000;21715.563044;21715.567593;21715.599112;21715.688781;781579;781579;781579;19540;25;12505264;12505304;100.000;614.753;614.753;3.936;4.315;1500.636;3.096;0.000;0.000;4.763;6.209;0.002;14.068;14.068;100.846;121.188;31.519;11.609;44.636;1.816;0.746;0.483;1.687;0.031;4.549;125.737;123.471;65.745;0.922;0.966;0.922;0.003;0.201;7.601;0.114;0;1;22.546;22.547;nan;nan;nan;32712;1;0;0;0;0;0;0
77;1;1;2;IDLE;0.000;0.000;1.000;21715.630802;21715.634171;21715.672528;21715.757081;782861;782861;782861;19572;22;12525776;12525816;100.000;635.306;635.306;3.349;3.682;1503.098;3.013;0.000;0.000;4.197;13.479;0.001;20.688;20.688;103.194;122.911;38.357;16.832;53.936;1.518;0.745;0.434;1.471;0.028;3.369;126.280;125.105;66.577;0.089;0.912;0.089;0.002;0.963;6.752;0.101;0;1;29.728;29.730;nan;nan;nan;27824;1;0;0;0;0;0;0
79;1;1;2;IDLE;0.000;0.000;1.000;21715.697039;21715.701065;21715.740746;21715.814902;784719;784719;784719;19618;24;12555504;12555544;100.000;603.418;603.418;3.778;4.142;1506.665;3.148;0.000;0.000;4.969;13.538;0.002;21.656;21.656;93.030;113.838;39.681;19.023;54.574;2.171;0.937;0.439;1.393;0.028;4.026;117.864;116.259;66.894;0.227;0.869;0.227;0.002;0.363;6.312;0.095;0;1;29.870;29.871;nan;nan;nan;31396;1;0;0;0;0;0;0
81;1;1;2;IDLE;0.000;0.000;1.000;21715.763004;21715.766747;21715.798559;21715.814948;785754;785754;785754;19644;25;12572064;12572104;100.000;607.354;607.354;3.959;4.338;1508.652;3.136;0.000;0.000;4.614;6.184;0.001;13.934;13.934;27.502;48.202;31.812;28.907;43.800;1.809;0.745;0.436;1.587;0.037;3.743;51.945;49.638;65.682;0.985;0.876;0.985;0.003;0.311;5.895;0.088;0;1;22.524;22.525;nan;nan;nan;32900;1;0;0;0;0;0;0
83;1;1;2;SKIP-1;0.000;0.000;1.000;21715.830540;21715.834059;21715.872241;21715.890374;782737;782737;782737;19569;24;12523792;12523832;100.000;652.625;652.625;3.801;4.164;1502.860;2.951;0.000;0.000;4.103;14.731;0.001;21.785;21.785;37.126;56.316;38.183;38.683;57.054;1.507;0.743;0.435;1.390;0.027;3.519;59.835;58.398;67.312;0.645;0.862;0.645;0.008;0.150;5.450;0.082;0;1;32.821;32.822;nan;nan;nan;31584;1;0;0;0;0;0;0
84;1;1;1;IDLE;0.000;0.000;1.000;21715.863008;21715.865785;21715.906592;21715.964008;781874;781874;781874;19547;22;12509984;12510024;100.000;664.704;664.704;6.970;7.635;3002.406;2.608;0.000;0.000;4.222;17.398;0.003;24.228;24.228;79.403;98.223;40.807;24.666;59.372;1.589;0.758;0.449;1.399;0.027;2.777;101.001;98.698;31.726;1.607;0.908;1.607;0.002;0.363;5.145;0.154;0;2;39.384;39.385;nan;nan;nan;28952;1;0;0;0;0;0;0
85;1;1;1;IDLE;0.000;0.000;1.000;21715.896424;21715.900719;21715.936857;21715.964060;780545;780545;780545;19514;19;12488720;12488760;100.000;529.395;529.395;6.022;6.594;2997.302;3.520;0.000;0.000;4.236;8.175;0.001;15.931;15.931;39.750;63.341;36.138;25.152;44.084;1.549;0.758;0.455;1.447;0.028;4.295;67.636;65.416;34.934;1.601;0.952;1.601;0.002;0.134;4.924;0.148;0;2;35.321;35.325;nan;nan;nan;25004;1;0;0;0;0;0;0
86;1;1;1;IDLE;0.000;0.000;1.000;21715.929407;21715.932453;21715.982666;21716.038356;778343;778343;778343;19459;21;12453488;12453528;100.000;509.075;509.075;6.473;7.107;2988.847;3.144;0.000;0.000;7.053;17.900;0.002;28.097;28.097;81.440;105.903;50.213;26.531;55.955;3.583;0.746;0.442;2.245;0.037;3.046;108.949;106.379;31.734;1.600;0.992;1.600;0.002;0.794;5.462;0.164;0;2;37.161;37.164;nan;nan;nan;26884;1;0;0;0;0;0;0
87;1;1;1;IDLE;0.000;0.000;1.000;21715.963454;21715.966654;21716.019086;21716.068218;778458;778458;778458;19462;21;12455328;12455368;100.000;531.591;531.591;6.428;7.062;2989.288;3.146;0.000;0.000;6.193;22.245;0.002;31.584;31.584;78.133;101.564;52.432;31.098;60.239;3.097;0.770;0.459;1.833;0.033;3.200;104.764;102.908;34.202;0.868;0.984;0.868;0.002;0.561;5.650;0.170;0;2;41.511;41.512;nan;nan;nan;26696;1;0;0;0;0;0;0
88;1;1;1;IDLE;0.000;0.000;1.000;21715.995628;21715.999516;21716.047041;21716.109626;778592;778592;778592;19465;109;12457472;12457512;100.000;591.552;591.552;34.222;37.602;2989.803;2.893;0.000;0.000;6.350;19.729;0.006;28.972;28.972;89.051;110.111;47.525;26.312;60.962;3.481;0.746;0.499;1.582;0.042;3.888;113.999;110.983;32.861;0.472;0.952;0.472;0.004;0.382;5.831;0.175;0;2;40.897;40.903;nan;nan;nan;142504;1;0;0;0;0;0;0
89;1;1;1;IDLE;0.000;0.000;1.000;21716.030236;21716.034179;21716.089400;21716.143898;779952;779952;779952;19499;22;12479232;12479272;100.000;543.574;543.574;6.924;7.590;2995.025;2.866;0.000;0.000;5.122;26.650;0.002;34.639;34.639;86.762;109.720;55.221;31.570;62.727;2.142;0.754;0.446;1.749;0.030;3.943;113.662;111.922;34.663;1.330;0.976;1.330;0.002;0.488;5.660;0.170;0;2;46.872;46.874;nan;nan;nan;28764;1;0;0;0;0;0;0
90;1;1;1;IDLE;0.000;0.000;1.000;21716.063490;21716.066769;21716.125779;21716.171345;779674;779674;779674;19492;18;12474784;12474824;100.000;598.032;598.032;5.571;6.111;2993.958;3.069;0.000;0.000;5.703;31.705;0.001;40.477;40.477;83.717;104.577;59.010;38.705;68.593;2.556;0.746;0.433;1.933;0.035;3.279;107.856;106.035;32.590;0.743;0.961;0.743;0.009;0.732;5.676;0.170;0;2;49.819;49.821;nan;nan;nan;23124;1;0;0;0;0;0;0
91;1;1;1;IDLE;0.000;0.000;1.000;21716.098285;21716.101540;21716.151855;21716.171389;781083;781083;781083;19528;17;12497328;12497368;100.000;667.926;667.926;5.390;5.900;2999.368;2.727;0.000;0.000;5.471;26.075;0.000;34.273;34.273;51.138;69.849;50.314;49.068;68.118;2.721;0.749;0.432;1.536;0.033;3.256;73.104;72.746;34.772;1.438;0.991;1.438;0.002;0.054;5.627;0.169;0;2;45.558;45.562;nan;nan;nan;22372;1;0;0;0;0;0;0
92;1;1;1;IDLE;0.000;0.000;1.000;21716.131913;21716.135056;21716.192233;21716.212463;780537;780537;780537;19514;18;12488592;12488632;100.000;578.601;578.601;5.706;6.247;2997.272;2.803;0.000;0.000;6.928;28.002;0.001;37.733;37.733;55.823;77.407;57.177;48.746;65.993;3.899;0.768;0.449;1.767;0.044;3.142;80.549;80.486;33.515;0.182;0.941;0.182;0.002;0.660;5.957;0.179;0;2;48.194;48.195;nan;nan;nan;23688;1;0;0;0;0;0;0
93;1;1;1;IDLE;0.000;0.000;1.000;21716.163345;21716.166949;21716.228286;21716.274587;773046;773046;773046;19327;20;12368736;12368776;100.000;555.638;555.638;6.248;6.851;2968.506;3.070;0.000;0.000;5.592;32.976;0.003;41.638;41.638;85.377;107.638;61.336;38.683;67.884;2.340;0.737;0.436;2.046;0.032;3.604;111.242;109.277;31.894;1.440;0.972;1.440;0.002;0.505;5.874;0.176;0;2;51.580;51.583;nan;nan;nan;25944;1;0;0;0;0;0;0
94;1;1;1;IDLE;0.000;0.000;1.000;21716.199016;21716.202369;21716.255439;21716.314645;770822;770822;770822;19271;20;12333152;12333192;100.000;681.130;681.130;6.248;6.851;2959.966;2.765;0.000;0.000;5.573;27.152;0.001;35.490;35.490;94.169;112.276;53.070;31.610;66.874;2.752;0.740;0.439;1.612;0.030;3.352;115.629;116.002;35.419;2.086;1.041;2.086;0.002;2.235;5.801;0.174;0;2;46.294;46.297;nan;nan;nan;25944;1;0;0;0;0;0;0
95;1;1;1;IDLE;0.000;0.000;1.000;21716.232676;21716.236692;21716.294569;21716.314682;778859;778859;778859;19472;21;12461744;12461784;100.000;552.671;552.671;6.654;7.288;2990.828;2.852;0.000;0.000;8.268;26.439;0.000;37.559;37.559;55.442;77.991;57.877;48.159;64.895;5.155;0.755;0.450;1.864;0.044;4.015;82.006;82.705;34.323;0.989;1.038;0.989;0.003;0.617;6.422;0.193;0;2;46.512;46.514;nan;nan;nan;27636;1;0;0;0;0;0;0
96;1;1;1;IDLE;0.000;0.000;1.000;21716.264542;21716.268507;21716.330549;21716.377833;778333;778333;778333;19459;23;12453328;12453368;100.000;598.029;598.029;7.105;7.801;2988.808;3.029;0.000;0.000;5.449;35.007;0.002;43.485;43.485;88.502;109.326;62.042;39.775;70.090;2.520;0.741;0.439;1.713;0.034;3.965;113.291;112.523;31.815;1.518;1.068;1.518;0.003;0.758;6.186;0.186;0;2;54.127;54.128;nan;nan;nan;29516;1;0;0;0;0;0;0
97;1;1;1;IDLE;0.000;0.000;1.000;21716.298993;21716.302919;21716.357678;21716.416343;782798;782798;782798;19570;23;12524768;12524808;100.000;692.561;692.561;7.105;7.801;3005.954;2.803;0.000;0.000;6.433;27.127;0.001;36.363;36.363;95.340;113.424;54.759;32.059;66.406;2.878;1.272;0.439;1.810;0.032;3.926;117.351;117.700;34.412;1.078;1.069;1.078;0.002;3.112;6.251;0.188;0;2;47.276;47.279;nan;nan;nan;29516;1;0;0;0;0;0;0
98;1;1;1;IDLE;0.000;0.000;1.000;21716.331830;21716.337693;21716.397454;21716.452952;781418;781418;781418;19536;22;12502688;12502728;100.000;594.511;594.511;6.744;7.409;3000.655;2.830;0.000;0.000;9.240;29.393;0.002;41.462;41.462;94.229;115.259;59.761;35.973;69.380;6.130;0.845;0.457;1.766;0.042;5.863;121.122;120.976;34.774;1.441;1.092;1.441;0.003;0.094;7.002;0.210;0;2;48.277;48.280;nan;nan;nan;28012;1;0;0;0;0;0;0
99;1;1;1;IDLE;0.000;0.000;1.000;21716.365101;21716.368622;21716.432668;21716.480071;777382;777382;777382;19435;22;12438112;12438152;100.000;612.292;612.292;6.699;7.364;2985.156;3.108;0.000;0.000;5.966;35.213;0.002;44.287;44.287;91.135;111.449;64.047;39.738;69.148;2.831;0.740;0.441;1.921;0.034;3.520;114.969;114.761;30.929;2.405;1.174;2.405;0.011;2.541;6.747;0.202;0;2;55.494;55.495;nan;nan;nan;27824;1;0;0;0;0;0;0
100;1;1;1;IDLE;0.000;0.000;1.000;21716.398148;21716.404351;21716.459511;21716.521116;778267;778267;778267;19457;21;12452272;12452312;100.000;637.694;637.694;6.473;7.107;2988.555;2.971;0.000;0.000;6.147;26.841;0.002;35.959;35.959;97.238;116.765;55.161;30.796;65.190;2.876;0.742;0.436;1.976;0.116;6.202;122.967;122.472;35.729;2.395;1.250;2.395;0.003;2.641;6.601;0.198;0;2;47.392;47.398;nan;nan;nan;26884;1;0;0;0;0;0;0
101;1;1;1;IDLE;0.000;0.000;1.000;21716.430707;21716.436613;21716.499934;21716.562284;780699;780699;780699;19518;21;12491184;12491224;100.000;608.527;608.527;6.473;7.107;2997.894;2.988;0.000;0.000;5.604;37.008;0.002;45.600;45.600;105.145;125.672;63.321;36.285;72.014;2.005;1.060;0.453;2.054;0.033;5.906;131.577;130.308;32.262;1.071;1.239;1.071;0.002;0.179;6.359;0.191;0;2;58.186;58.188;nan;nan;nan;26884;1;0;0;0;0;0;0
102;1;1;1;IDLE;0.000;0.000;1.000;21716.465860;21716.470070;21716.537295;21716.586569;780328;780328;780328;19509;21;12485248;12485288;100.000;615.328;615.328;6.428;7.062;2996.469;3.070;0.000;0.000;6.037;37.360;0.003;46.468;46.468;96.209;116.500;67.226;39.887;69.122;3.141;0.747;0.435;1.683;0.031;4.210;120.709;121.259;33.457;0.124;1.169;0.124;0.002;3.535;6.282;0.188;0;2;62.344;62.346;nan;nan;nan;26696;1;0;0;0;0;0;0
103;1;1;1;IDLE;0.000;0.000;1.000;21716.496515;21716.501115;21716.566165;21716.630822;782351;782351;782351;19559;106;12517616;12517656;100.000;524.318;524.318;33.320;36.606;3004.237;3.429;0.000;0.000;4.793;28.867;0.004;37.089;37.089;105.833;129.708;65.050;28.594;57.017;1.773;0.762;0.438;1.792;0.028;4.600;134.308;132.179;31.045;2.288;1.239;2.288;0.002;7.513;5.913;0.177;0;2;49.267;49.269;nan;nan;nan;138744;1;0;0;0;0;0;0
104;1;1;1;IDLE;0.000;0.000;1.000;21716.529103;21716.533794;21716.607445;21716.630873;782164;782164;782164;19555;21;12514624;12514664;100.000;529.497;529.497;6.654;7.288;3003.519;3.527;0.000;0.000;4.827;41.280;0.001;49.634;49.634;73.443;97.078;73.651;51.127;67.390;1.987;0.767;0.438;1.605;0.030;4.692;101.770;98.896;32.680;0.654;1.203;0.654;0.002;3.907;5.645;0.169;0;3;64.653;64.654;nan;nan;nan;27636;1;0;0;0;0;0;0
105;1;1;1;IDLE;0.000;0.000;1.000;21716.562945;21716.566462;21716.646314;21716.698311;783021;783021;783021;19576;18;12528336;12528376;100.000;538.032;538.032;5.436;5.976;3006.810;3.240;0.000;0.000;6.339;38.866;0.003;48.444;48.444;108.563;131.849;79.851;36.742;60.668;3.345;0.767;0.457;1.734;0.037;3.517;135.366;133.001;32.668;0.665;1.169;0.665;0.002;11.358;5.821;0.175;0;2;58.915;58.917;nan;nan;nan;22560;1;0;0;0;0;0;0
106;1;1;1;IDLE;0.000;0.000;1.000;21716.596541;21716.601160;21716.675174;21716.737632;786829;786829;786829;19671;18;12589264;12589304;100.000;505.549;505.549;5.571;6.111;3021.433;3.604;0.000;0.000;4.718;28.859;0.002;37.180;37.180;111.569;136.472;74.014;27.244;50.233;2.039;0.750;0.440;1.460;0.028;4.619;141.090;138.988;34.697;1.364;1.181;1.364;0.002;15.533;5.548;0.166;0;3;51.991;51.994;nan;nan;nan;23124;1;0;0;0;0;0;0
107;1;1;1;IDLE;0.000;0.000;1.000;21716.629198;21716.632088;21716.717865;21716.774678;789365;789365;789365;19735;21;12629840;12629880;100.000;515.305;515.305;6.383;7.017;3031.171;3.208;0.000;0.000;4.978;42.689;0.001;50.874;50.874;118.081;142.590;85.778;35.678;59.309;2.129;0.766;0.453;1.598;0.031;2.890;145.480;142.701;30.928;2.406;1.258;2.406;0.002;13.599;5.408;0.162;0;3;62.451;62.453;nan;nan;nan;26508;1;0;0;0;0;0;0
108;1;1;1;IDLE;0.000;0.000;1.000;21716.663665;21716.667723;21716.754505;21716.801775;790807;790807;790807;19771;22;12652912;12652952;100.000;521.698;521.698;6.834;7.500;3036.708;3.165;0.000;0.000;6.313;36.639;0.002;46.117;46.117;109.799;134.052;86.782;34.402;53.141;3.623;0.792;0.440;1.424;0.033;4.058;138.110;136.465;35.635;2.302;1.323;2.302;0.005;19.572;5.636;0.169;0;3;56.808;56.810;nan;nan;nan;28388;1;0;0;0;0;0;0
109;1;1;1;IDLE;0.000;0.000;1.000;21716.696195;21716.698485;21716.782966;21716.840875;789334;789334;789334;19734;21;12629344;12629384;100.000;520.703;520.703;6.473;7.107;3031.052;3.278;0.000;0.000;7.059;28.452;0.002;38.788;38.788;118.136;142.390;84.481;27.241;45.914;3.680;0.777;0.469;2.090;0.042;2.290;144.680;142.232;30.762;2.571;1.401;2.571;0.004;24.710;5.995;0.180;0;3;47.256;47.259;nan;nan;nan;26884;1;0;0;0;0;0;0
110;1;1;1;IDLE;0.000;0.000;1.000;21716.729851;21716.733990;21716.821577;21716.840920;783753;783753;783753;19594;20;12540048;12540088;100.000;623.451;623.451;6.338;6.941;3009.621;2.820;0.000;0.000;6.467;38.609;0.000;47.896;47.896;86.815;106.929;87.586;44.792;54.684;3.152;0.746;0.440;2.087;0.042;4.139;111.068;108.943;35.506;2.172;1.449;2.172;0.002;22.393;6.118;0.184;0;3;57.903;57.905;nan;nan;nan;26320;1;0;0;0;0;0;0
111;1;1;1;IDLE;0.000;0.000;1.000;21716.763833;21716.767446;21716.857178;21716.904085;781240;781240;781240;19531;22;12499840;12499880;100.000;577.835;577.835;6.970;7.635;2999.971;2.676;0.000;0.000;5.398;35.600;0.003;43.674;43.674;115.007;136.639;89.732;31.963;48.671;2.512;0.761;0.451;1.630;0.045;3.613;140.252;138.775;33.455;0.122;1.366;0.122;0.003;27.099;5.942;0.178;0;3;54.344;54.347;nan;nan;nan;28952;1;0;0;0;0;0;0
112;1;1;1;IDLE;0.000;0.000;1.000;21716.797164;21716.801100;21716.884407;21716.945193;781247;781247;781247;19532;22;12499952;12499992;100.000;643.368;643.368;6.699;7.364;2999.998;2.819;0.000;0.000;6.208;27.226;0.001;36.253;36.253;124.664;144.093;83.307;25.159;43.517;3.088;0.744;0.436;1.899;0.040;3.937;148.029;146.550;33.655;0.321;1.301;0.321;0.003;30.440;6.011;0.180;0;3;46.897;46.903;nan;nan;nan;27824;1;0;0;0;0;0;0
113;1;1;1;IDLE;0.000;0.000;1.000;21716.831015;21716.834297;21716.925143;21716.979730;783523;783523;783523;19589;22;12536368;12536408;100.000;621.918;621.918;6.699;7.364;3008.738;2.720;0.000;0.000;5.852;40.735;0.001;49.307;49.307;125.276;145.434;90.847;33.903;54.274;2.753;0.745;0.439;1.878;0.037;3.282;148.716;147.754;33.196;0.137;1.228;0.137;0.002;24.100;5.976;0.179;0;3;60.780;60.782;nan;nan;nan;27824;1;0;0;0;0;0;0
114;1;1;1;IDLE;0.000;0.000;1.000;21716.864731;21716.868030;21716.961249;21717.007312;783046;783046;783046;19577;23;12528736;12528776;100.000;544.481;544.481;7.195;7.892;3006.906;2.857;0.000;0.000;5.793;36.104;0.001;44.754;44.754;116.271;139.282;93.218;32.132;48.010;2.683;0.765;0.458;1.854;0.033;3.299;142.581;142.002;33.734;0.400;1.177;0.400;0.003;28.307;5.932;0.178;0;3;54.581;54.584;nan;nan;nan;29892;1;0;0;0;0;0;0
115;1;1;1;IDLE;0.000;0.000;1.000;21716.896796;21716.900121;21716.987541;21717.047438;785712;785712;785712;19643;22;12571392;12571432;100.000;573.559;573.559;6.879;7.545;3017.144;3.154;0.000;0.000;5.643;26.291;0.002;35.088;35.088;125.399;147.318;87.420;23.818;40.137;2.479;0.745;0.432;1.948;0.039;3.325;150.642;148.795;32.091;1.243;1.181;1.243;0.002;33.565;5.865;0.176;0;3;46.056;46.059;nan;nan;nan;28576;1;0;0;0;0;0;0
116;1;1;1;IDLE;0.000;0.000;1.000;21716.932926;21716.936251;21717.027517;21717.082627;788409;788409;788409;19711;22;12614544;12614584;100.000;679.258;679.258;6.879;7.545;3027.500;2.783;0.000;0.000;5.681;39.975;0.002;48.438;48.438;127.805;146.377;91.266;33.092;53.074;2.827;0.746;0.433;1.641;0.033;3.325;149.702;150.651;36.130;2.797;1.282;2.797;0.003;27.036;5.822;0.175;0;3;59.890;59.893;nan;nan;nan;28576;1;0;0;0;0;0;0
117;1;1;1;IDLE;0.000;0.000;1.000;21716.965693;21716.969888;21717.063410;21717.111629;785289;785289;785289;19633;21;12564624;12564664;100.000;549.476;549.476;6.518;7.152;3015.519;3.083;0.000;0.000;7.799;35.891;0.001;46.772;46.772;118.874;141.741;93.522;32.999;50.012;4.893;0.767;0.456;1.635;0.047;4.195;145.936;146.319;33.637;0.304;1.221;0.304;0.011;26.953;6.318;0.190;0;3;55.105;55.106;nan;nan;nan;27072;1;0;0;0;0;0;0
118;1;1;1;IDLE;0.000;0.000;1.000;21716.997683;21717.000903;21717.090383;21717.151594;784314;784314;784314;19608;107;12549024;12549064;100.000;584.175;584.175;33.590;36.908;3011.775;3.077;0.000;0.000;5.546;26.972;0.006;35.596;35.596;129.209;150.690;89.480;23.622;39.781;2.616;0.741;0.433;1.722;0.034;3.220;153.910;152.950;31.015;2.318;1.289;2.318;0.003;35.476;6.131;0.184;0;3;48.211;48.215;nan;nan;nan;139872;1;0;0;0;0;0;0
119;1;1;1;IDLE;0.000;0.000;1.000;21717.032517;21717.036513;21717.132049;21717.188659;784830;784830;784830;19621;21;12557280;12557320;100.000;671.574;671.574;6.609;7.243;3013.757;2.910;0.000;0.000;5.451;41.664;0.001;50.025;50.025;133.447;152.146;95.535;32.880;52.363;2.659;0.749;0.435;1.556;0.052;3.996;156.142;156.682;35.610;2.277;1.351;2.277;0.002;29.718;5.964;0.179;0;3;61.205;61.207;nan;nan;nan;27448;1;0;0;0;0;0;0
120;1;1;1;IDLE;0.000;0.000;1.000;21717.065628;21717.071372;21717.167196;21717.215768;784742;784742;784742;19619;17;12555872;12555912;100.000;616.761;616.761;5.120;5.629;3013.419;2.810;0.000;0.000;9.328;35.146;0.001;47.284;47.284;124.038;144.396;95.824;32.746;49.345;6.062;0.973;0.444;1.804;0.044;5.744;150.140;150.458;34.859;1.526;1.362;1.526;0.003;30.988;6.808;0.204;0;3;56.605;56.607;nan;nan;nan;21244;1;0;0;0;0;0;0
121;1;1;1;IDLE;0.000;0.000;1.000;21717.098166;21717.101837;21717.195696;21717.215806;787186;787186;787186;19680;17;12594976;12595016;100.000;593.336;593.336;5.390;5.900;3022.804;3.106;0.000;0.000;5.965;28.498;0.000;37.569;37.569;92.741;113.969;93.859;32.964;40.027;2.840;0.742;0.434;1.914;0.034;3.671;117.640;117.162;30.465;2.869;1.456;2.869;0.003;38.164;6.601;0.198;0;3;48.563;48.568;nan;nan;nan;22372;1;0;0;0;0;0;0
122;1;1;1;IDLE;0.000;0.000;1.000;21717.130899;21717.136581;21717.234334;21717.295158;792161;792161;792161;19805;20;12674576;12674616;100.000;610.403;610.403;6.157;6.760;3041.908;3.289;0.000;0.000;5.143;38.636;0.002;47.069;47.069;137.813;158.577;97.753;29.682;48.151;2.208;0.772;0.442;1.686;0.035;5.682;164.259;163.181;34.744;1.411;1.453;1.411;0.002;33.207;6.240;0.187;0;3;60.126;60.128;nan;nan;nan;25568;1;0;0;0;0;0;0
123;1;1;1;IDLE;0.000;0.000;1.000;21717.163853;21717.168570;21717.272867;21717.322999;788290;788290;788290;19708;21;12612640;12612680;100.000;567.993;567.993;6.609;7.243;3027.043;3.186;0.000;0.000;4.683;38.531;0.003;46.400;46.400;132.223;154.429;104.297;30.046;44.489;1.873;0.767;0.461;1.553;0.030;4.718;159.146;157.689;31.989;1.344;1.446;1.344;0.002;38.874;5.854;0.176;0;3;60.818;60.819;nan;nan;nan;27448;1;0;0;0;0;0;0
124;1;1;1;IDLE;0.000;0.000;1.000;21717.197794;21717.203744;21717.301166;21717.323049;789222;789222;789222;19731;22;12627552;12627592;100.000;625.726;625.726;6.970;7.635;3030.622;3.069;0.000;0.000;4.992;28.297;0.001;36.358;36.358;99.124;119.304;97.422;30.475;37.320;1.959;0.763;0.439;1.799;0.032;5.950;125.255;124.405;35.174;1.841;1.471;1.841;0.003;43.949;5.643;0.169;0;3;50.123;50.126;nan;nan;nan;28952;1;0;0;0;0;0;0
125;1;1;1;IDLE;0.000;0.000;1.000;21717.230504;21717.234822;21717.344129;21717.401619;787173;787173;787173;19680;22;12594768;12594808;100.000;517.675;517.675;6.924;7.590;3022.754;3.369;0.000;0.000;5.103;42.960;0.003;51.431;51.431;142.467;166.796;109.306;30.835;47.052;2.158;0.766;0.434;1.715;0.029;4.318;171.114;169.642;31.078;2.255;1.520;2.255;0.002;36.912;5.511;0.165;0;3;63.985;63.987;nan;nan;nan;28764;1;0;0;0;0;0;0
126;1;1;1;IDLE;0.000;0.000;1.000;21717.262542;21717.266093;21717.383344;21717.431316;776279;776279;776279;19407;21;12420464;12420504;100.000;505.902;505.902;6.609;7.243;2980.921;3.665;0.000;0.000;4.477;39.214;0.002;47.355;47.355;140.672;165.223;117.251;28.661;40.388;1.752;0.758;0.446;1.482;0.038;3.550;168.773;166.006;31.271;2.063;1.554;2.063;0.014;48.994;5.256;0.158;0;4;57.484;57.486;nan;nan;nan;27448;1;0;0;0;0;0;0
127;1;1;1;IDLE;0.000;0.000;1.000;21717.296321;21717.299274;21717.411131;21717.472250;773912;773912;773912;19348;22;12382592;12382632;100.000;514.736;514.736;6.879;7.545;2971.832;3.116;0.000;0.000;5.634;27.786;0.002;36.536;36.536;148.919;172.975;111.857;21.122;32.663;2.842;0.756;0.457;1.547;0.033;2.954;175.929;173.606;33.181;0.152;1.466;0.152;0.002;54.377;5.353;0.161;0;3;47.964;47.966;nan;nan;nan;28576;1;0;0;0;0;0;0
128;1;1;1;IDLE;0.000;0.000;1.000;21717.329671;21717.334402;21717.452946;21717.508266;773302;773302;773302;19333;22;12372832;12372872;100.000;512.992;512.992;6.834;7.500;2969.489;3.393;0.000;0.000;4.164;41.814;0.001;49.370;49.370;149.745;173.865;118.544;28.396;41.647;1.495;0.755;0.450;1.439;0.026;4.730;178.595;176.290;35.128;1.794;1.487;1.794;0.002;48.445;5.058;0.152;0;4;61.113;61.115;nan;nan;nan;28388;1;0;0;0;0;0;0
129;1;1;1;IDLE;0.000;0.000;1.000;21717.362109;21717.364805;21717.488266;21717.535416;777001;777001;777001;19426;22;12432016;12432056;100.000;535.362;535.362;6.789;7.454;2983.693;3.189;0.000;0.000;6.592;35.318;0.001;45.099;45.099;147.390;170.611;123.461;26.434;36.529;3.402;0.756;0.458;1.937;0.038;2.696;173.308;170.106;30.403;2.930;1.577;2.930;0.003;58.325;5.444;0.163;0;4;55.314;55.316;nan;nan;nan;28200;1;0;0;0;0;0;0
130;1;1;1;IDLE;0.000;0.000;1.000;21717.397119;21717.400321;21717.516659;21717.579582;783174;783174;783174;19580;21;12530784;12530824;100.000;539.025;539.025;6.609;7.243;3007.398;3.034;0.000;0.000;5.081;28.392;0.002;36.507;36.507;156.013;179.260;116.338;20.365;31.380;2.149;0.764;0.456;1.679;0.033;3.202;182.463;180.938;35.516;2.183;1.615;2.183;0.002;59.614;5.357;0.161;0;4;47.135;47.139;nan;nan;nan;27448;1;0;0;0;0;0;0
131;1;1;1;IDLE;0.000;0.000;1.000;21717.430015;21717.433505;21717.556824;21717.616237;786108;786108;786108;19653;21;12577728;12577768;100.000;518.997;518.997;6.609;7.243;3018.664;3.143;0.000;0.000;8.415;40.163;0.002;51.721;51.721;158.497;182.732;123.319;28.304;41.941;5.363;0.763;0.455;1.786;0.048;3.490;186.222;184.260;33.184;0.149;1.523;0.149;0.003;50.502;6.124;0.184;0;4;62.917;62.919;nan;nan;nan;27448;1;0;0;0;0;0;0
132;1;1;1;IDLE;0.000;0.000;1.000;21717.463817;21717.467060;21717.594327;21717.645887;785622;785622;785622;19641;21;12569952;12569992;100.000;662.084;662.084;6.609;7.243;3016.798;2.799;0.000;0.000;6.961;37.501;0.001;47.262;47.262;159.841;178.827;127.267;26.429;37.136;3.382;0.743;0.436;2.353;0.047;3.243;182.070;180.577;33.555;0.221;1.442;0.221;0.003;61.596;6.892;0.207;0;4;59.406;59.408;nan;nan;nan;27448;1;0;0;0;0;0;0
133;1;1;1;IDLE;0.000;0.000;1.000;21717.497470;21717.500979;21717.623625;21717.690746;787265;787265;787265;19682;103;12596240;12596280;100.000;575.105;575.105;32.282;35.474;3023.107;2.698;0.000;0.000;5.506;29.297;0.004;37.502;37.502;167.864;189.766;122.646;19.762;30.577;2.580;0.761;0.456;1.677;0.032;3.509;193.275;192.102;33.919;0.586;1.388;0.586;0.002;65.937;6.551;0.197;0;4;51.553;51.557;nan;nan;nan;134420;1;0;0;0;0;0;0
134;1;1;1;IDLE;0.000;0.000;1.000;21717.530587;21717.533930;21717.665191;21717.726121;787734;787734;787734;19694;22;12603744;12603784;100.000;551.318;551.318;6.879;7.545;3024.908;3.168;0.000;0.000;6.893;41.564;0.001;51.625;51.625;169.330;192.191;131.262;26.861;39.330;3.376;0.742;0.431;2.302;0.042;3.342;195.533;194.144;32.950;0.383;1.326;0.383;0.002;59.908;6.649;0.199;0;4;67.114;67.116;nan;nan;nan;28576;1;0;0;0;0;0;0
135;1;1;1;IDLE;0.000;0.000;1.000;21717.565090;21717.568543;21717.701718;21717.749683;786766;786766;786766;19670;20;12588256;12588296;100.000;733.875;733.875;6.067;6.670;3021.191;2.855;0.000;0.000;9.463;36.520;0.001;48.839;48.839;163.987;181.140;133.175;26.962;36.673;5.880;0.746;0.465;2.321;0.050;3.453;184.594;184.373;34.613;1.280;1.323;1.280;0.007;61.405;9.512;0.285;0;4;60.920;60.921;nan;nan;nan;25192;1;0;0;0;0;0;0
136;1;1;1;IDLE;0.000;0.000;1.000;21717.599062;21717.603829;21717.729364;21717.791317;787622;787622;787622;19691;20;12601952;12601992;100.000;621.624;621.624;6.248;6.851;3024.478;2.782;0.000;0.000;8.442;27.644;0.001;38.868;38.868;167.215;187.487;125.534;20.731;30.962;4.686;0.757;0.455;2.508;0.037;4.767;192.255;192.674;35.286;1.953;1.362;1.953;0.002;69.172;9.247;0.277;0;4;47.956;47.961;nan;nan;nan;25944;1;0;0;0;0;0;0
137;1;1;1;IDLE;0.000;0.000;1.000;21717.632040;21717.636185;21717.767775;21717.791358;784509;784509;784509;19613;21;12552144;12552184;100.000;614.945;614.945;6.654;7.288;3012.524;3.095;0.000;0.000;25.526;38.410;0.000;67.031;67.031;134.761;155.173;131.590;43.197;50.939;22.812;0.742;0.441;1.444;0.087;4.145;159.318;159.381;32.355;0.978;1.338;0.978;0.003;38.643;15.467;0.464;1;4;61.948;61.950;nan;nan;nan;27636;1;0;0;0;0;0;0
138;1;1;1;IDLE;0.000;0.000;1.000;21717.663925;21717.670477;21717.808180;21717.864511;782962;782962;782962;19575;22;12527392;12527432;100.000;673.219;673.219;6.789;7.454;3006.584;12.975;0.000;0.000;19.733;40.404;0.003;73.113;73.113;175.426;194.034;137.703;37.680;53.094;17.081;0.738;0.440;1.398;0.076;6.552;200.586;199.201;34.292;0.959;1.314;0.959;1.709;41.670;20.430;0.613;1;4;64.381;64.383;nan;nan;nan;28200;1;0;0;0;0;0;0
139;1;1;1;IDLE;0.000;0.000;1.000;21717.696722;21717.701049;21717.841240;21717.913888;785441;785441;785441;19637;23;12567056;12567096;100.000;523.772;523.772;7.150;7.847;3016.103;14.556;0.000;0.000;7.787;33.058;0.002;55.401;55.401;188.845;212.839;140.191;26.030;39.518;3.455;0.877;0.450;2.947;0.059;4.327;217.166;215.245;30.572;2.761;1.405;2.761;1.117;71.029;18.074;0.542;0;4;56.323;56.325;nan;nan;nan;29704;1;0;0;0;0;0;0
140;1;1;1;IDLE;0.000;0.000;1.000;21717.730014;21717.734762;21717.892673;21717.953840;786857;786857;786857;19672;23;12589712;12589752;100.000;572.549;572.549;7.150;7.847;3021.540;3.367;0.000;0.000;13.165;51.432;0.001;67.964;67.964;197.089;219.078;157.911;31.022;43.039;9.664;0.760;0.432;2.241;0.068;4.748;223.826;221.863;33.712;0.379;1.341;0.379;0.003;60.293;19.607;0.588;0;4;72.643;72.645;nan;nan;nan;29704;1;0;0;0;0;0;0
141;1;1;1;IDLE;0.000;0.000;1.000;21717.763384;21717.767741;21717.928534;21717.975560;786209;786209;786209;19656;24;12579344;12579384;100.000;483.609;483.609;7.466;8.194;3019.052;4.719;0.000;0.000;11.114;35.859;0.002;51.692;51.692;181.807;207.818;160.793;24.874;32.148;6.961;0.749;0.446;2.898;0.060;4.357;212.175;210.250;32.980;0.354;1.279;0.354;0.003;73.378;21.094;0.633;0;4;61.161;61.163;nan;nan;nan;31020;1;0;0;0;0;0;0
142;1;1;1;IDLE;0.000;0.000;1.000;21717.796623;21717.800497;21717.956659;21718.015492;785895;785895;785895;19648;24;12574320;12574360;100.000;458.413;458.413;7.556;8.284;3017.846;4.754;0.000;0.000;10.956;28.123;0.002;43.834;43.834;187.564;214.994;156.161;20.389;28.070;7.050;0.746;0.452;2.560;0.149;3.874;218.868;216.848;32.756;0.577;1.235;0.577;0.003;76.337;21.890;0.657;0;4;47.018;47.021;nan;nan;nan;31396;1;0;0;0;0;0;0
143;1;1;1;IDLE;0.000;0.000;1.000;21717.830249;21717.833010;21717.994668;21718.056751;783109;783109;783109;19578;25;12529744;12529784;100.000;475.962;475.962;7.692;8.450;3007.148;4.143;0.000;0.000;10.273;38.008;0.002;52.424;52.424;197.415;223.741;161.658;23.431;32.429;7.393;0.768;0.452;1.620;0.041;2.761;226.502;224.774;32.513;0.820;1.209;0.820;0.014;53.711;27.319;0.820;1;4;58.828;58.829;nan;nan;nan;31960;1;0;0;0;0;0;0
144;1;1;1;SKIP+1;0.000;0.000;1.000;21717.863514;21717.867028;21718.030174;21718.076739;783994;783994;783994;19600;25;12543904;12543944;100.000;566.753;566.753;7.737;8.496;3010.547;3.258;0.000;0.000;9.400;35.504;0.002;48.162;48.162;187.578;209.711;163.146;22.966;29.521;5.203;0.747;0.441;2.351;0.658;3.514;213.225;211.429;34.018;0.684;1.176;0.684;13.846;56.733;29.225;0.877;1;4;62.078;62.079;nan;nan;nan;32148;1;0;0;0;0;0;0
145;1;1;1;IDLE;0.000;0.000;1.000;21717.898862;21717.902305;21718.058347;21718.113850;785959;785959;785959;19649;24;12575344;12575384;100.000;728.637;728.637;7.421;8.148;3018.092;2.740;0.000;0.000;6.309;28.171;0.001;37.221;37.221;194.286;211.545;156.042;17.595;23.853;2.716;0.759;0.445;2.354;0.035;3.443;214.988;215.206;35.277;1.944;1.224;1.944;18.435;67.206;28.164;0.845;1;4;46.559;46.561;nan;nan;nan;30832;1;0;0;0;0;0;0
146;1;1;1;IDLE;0.000;0.000;1.000;21717.931645;21717.936805;21718.094362;21718.147365;789030;789030;789030;19726;24;12624480;12624520;100.000;639.560;639.560;7.466;8.194;3029.885;12.731;0.000;0.000;7.488;36.014;0.002;56.233;56.233;190.821;210.560;157.557;26.706;35.690;3.833;0.749;0.436;2.381;0.089;5.160;215.720;215.388;34.500;1.166;1.221;1.166;6.448;56.189;30.918;0.928;1;4;55.498;55.500;nan;nan;nan;31020;1;0;0;0;0;0;0
147;1;1;2;IDLE;0.000;0.000;1.000;21717.963600;21717.967016;21718.129619;21718.172532;794594;794594;794594;19865;25;12713504;12713544;100.000;576.001;576.001;3.823;4.203;1525.625;3.299;0.000;0.000;26.557;35.255;0.001;65.112;65.112;183.444;205.516;162.603;31.682;40.043;5.103;0.767;0.445;2.622;17.620;3.416;208.932;207.222;30.211;3.122;1.340;36.456;15.980;37.631;36.107;0.542;0;4;52.997;52.998;nan;nan;nan;31772;1;0;0;0;0;0;0
149;1;1;2;IDLE;0.000;0.000;1.000;21718.031797;21718.038059;21718.153430;21718.173039;798639;798639;798639;19966;104;12778224;12778264;100.000;605.528;605.528;16.434;18.046;1533.392;13.892;0.000;0.000;5.622;23.809;0.005;43.323;43.323;113.878;134.981;115.371;32.095;37.551;2.634;0.790;0.463;1.703;0.032;6.261;141.242;141.063;71.043;4.376;1.529;4.376;0.002;64.835;28.487;0.427;0;4;42.904;42.908;nan;nan;nan;136864;1;0;0;0;0;0;0
151;1;1;2;IDLE;0.000;0.000;1.000;21718.099269;21718.103570;21718.193274;21718.245656;794717;794717;794717;19868;24;12715472;12715512;100.000;692.286;692.286;3.665;4.029;1525.861;2.841;0.000;0.000;5.512;39.842;0.002;48.194;48.194;123.719;142.086;89.704;33.919;53.726;2.762;0.758;0.436;1.518;0.037;4.300;146.386;147.012;65.511;1.156;1.506;1.156;0.003;25.978;22.745;0.341;0;3;59.296;59.297;nan;nan;nan;30456;1;0;0;0;0;0;0
153;1;1;2;IDLE;0.000;0.000;1.000;21718.164104;21718.167448;21718.227204;21718.284233;792789;792789;792789;19820;20;12684624;12684664;100.000;582.738;582.738;3.101;3.403;1522.160;3.000;0.000;0.000;5.317;32.244;0.002;40.561;40.561;95.018;116.785;59.756;34.731;67.878;2.323;0.759;0.439;1.762;0.034;3.343;120.128;118.923;63.878;2.789;1.586;2.789;0.010;0.417;18.393;0.276;0;2;50.692;50.694;nan;nan;nan;25756;1;0;0;0;0;0;0
155;1;1;2;IDLE;0.000;0.000;1.000;21718.232410;21718.235907;21718.266889;21718.356377;791925;791925;791925;19799;20;12670800;12670840;100.000;676.015;676.015;3.124;3.425;1520.501;2.874;0.000;0.000;5.187;6.784;0.002;14.846;14.846;101.726;120.470;30.982;12.324;47.918;2.459;0.756;0.438;1.451;0.083;3.497;123.967;124.400;68.459;1.793;1.599;1.793;0.002;0.263;15.095;0.226;0;1;24.122;24.125;nan;nan;nan;25944;1;0;0;0;0;0;0
157;1;1;2;IDLE;0.000;0.000;1.000;21718.297882;21718.301246;21718.338777;21718.422532;793460;793460;793460;19837;22;12695360;12695400;100.000;645.769;645.769;3.395;3.727;1523.448;2.969;0.000;0.000;4.182;13.519;0.001;20.670;20.670;101.627;121.286;37.531;17.043;55.074;1.555;0.773;0.437;1.391;0.026;3.363;124.649;123.888;65.338;1.328;1.582;1.328;0.002;0.168;12.369;0.186;0;1;31.115;31.117;nan;nan;nan;28200;1;0;0;0;0;0;0
159;1;1;2;IDLE;0.000;0.000;1.000;21718.363131;21718.367328;21718.405995;21718.482086;798776;798776;798776;19970;23;12780416;12780456;100.000;620.013;620.013;3.507;3.856;1533.655;3.199;0.000;0.000;4.195;13.582;0.002;20.975;20.975;94.145;114.759;38.667;18.278;54.245;1.579;0.761;0.435;1.392;0.028;4.197;118.955;116.776;66.082;0.585;1.520;0.585;0.002;0.275;10.328;0.155;0;1;30.114;30.116;nan;nan;nan;29140;1;0;0;0;0;0;0
161;1;1;2;IDLE;0.000;0.000;1.000;21718.430196;21718.434344;21718.465701;21718.554616;789777;789777;789777;19745;24;12636432;12636472;100.000;620.887;620.887;3.778;4.142;1516.377;3.144;0.000;0.000;4.332;6.130;0.002;13.606;13.606;99.919;120.272;31.356;11.313;43.392;1.719;0.750;0.440;1.394;0.029;4.148;124.420;122.640;67.017;0.350;1.447;0.350;0.009;0.532;8.832;0.132;0;1;22.509;22.513;nan;nan;nan;31396;1;0;0;0;0;0;0
163;1;1;2;IDLE;0.000;0.000;1.000;21718.497624;21718.500877;21718.538235;21718.623976;793734;793734;793734;19844;26;12699744;12699784;100.000;652.927;652.927;3.981;4.376;1523.974;3.053;0.000;0.000;4.180;13.513;0.002;20.745;20.745;103.649;123.100;37.358;16.852;55.530;1.551;0.759;0.451;1.392;0.027;3.253;126.353;125.333;66.532;0.135;1.365;0.135;0.002;0.213;7.672;0.115;0;1;29.891;29.892;nan;nan;nan;33088;1;0;0;0;0;0;0
165;1;1;2;IDLE;0.000;0.000;1.000;21718.564366;21718.568229;21718.607490;21718.681645;791299;791299;791299;19783;26;12660784;12660824;100.000;614.713;614.713;4.071;4.466;1519.299;3.116;0.000;0.000;4.117;13.606;0.002;20.838;20.838;92.820;113.416;39.261;18.373;53.076;1.501;0.750;0.441;1.396;0.028;3.862;117.279;116.335;67.352;0.685;1.322;0.685;0.002;0.939;6.786;0.102;0;1;30.089;30.091;nan;nan;nan;33840;1;0;0;0;0;0;0
167;1;1;2;IDLE;0.000;0.000;1.000;21718.629553;21718.633412;21718.665286;21718.754250;789977;789977;789977;19750;24;12639632;12639672;100.000;621.394;621.394;3.756;4.119;1516.761;3.209;0.000;0.000;4.472;6.250;0.005;13.932;13.932;100.497;120.838;31.874;11.530;43.710;1.840;0.755;0.451;1.395;0.032;3.859;124.697;122.273;65.183;1.483;1.332;1.483;0.003;0.806;6.210;0.093;0;1;22.606;22.607;nan;nan;nan;31208;1;0;0;0;0;0;0
169;1;1;2;IDLE;0.000;0.000;1.000;21718.697165;21718.700605;21718.737877;21718.827218;795034;795034;795034;19876;24;12720544;12720584;100.000;669.353;669.353;3.733;4.097;1526.470;2.923;0.000;0.000;4.242;13.691;0.002;20.857;20.857;107.608;126.613;37.272;16.473;55.959;1.620;0.760;0.441;1.395;0.026;3.440;130.053;128.574;67.193;0.527;1.282;0.527;0.002;0.331;5.722;0.086;0;1;30.057;30.058;nan;nan;nan;31020;1;0;0;0;0;0;0
171;1;1;2;SKIP-1;0.000;0.000;1.000;21718.764500;21718.768357;21718.809051;21718.855563;794885;794885;794885;19873;24;12718160;12718200;100.000;623.717;623.717;3.688;4.052;1526.184;3.138;0.000;0.000;4.207;15.702;0.002;23.047;23.047;66.815;87.206;40.695;26.428;56.635;1.600;0.754;0.432;1.395;0.027;3.857;91.063;90.253;67.751;1.085;1.270;1.085;0.008;0.385;5.346;0.080;0;1;33.865;33.866;nan;nan;nan;30644;1;0;0;0;0;0;0
172;1;1;1;IDLE;0.000;0.000;1.000;21718.797207;21718.800299;21718.834443;21718.902682;788905;788905;788905;19723;21;12622480;12622520;100.000;654.109;654.109;6.609;7.243;3029.405;2.702;0.000;0.000;4.617;10.025;0.002;17.344;17.344;83.085;102.382;34.144;16.941;50.798;1.972;0.764;0.458;1.395;0.029;3.093;105.475;104.038;31.943;1.390;1.277;1.390;0.002;0.201;5.170;0.155;0;2;31.141;31.143;nan;nan;nan;27448;1;0;0;0;0;0;0
173;1;1;1;IDLE;0.000;0.000;1.000;21718.829869;21718.832932;21718.881253;21718.937738;787376;787376;787376;19685;21;12598016;12598056;100.000;520.965;520.965;6.564;7.198;3023.533;3.258;0.000;0.000;5.279;18.727;0.001;27.265;27.265;80.624;104.806;48.321;26.014;56.424;2.493;0.766;0.461;1.529;0.031;3.063;107.869;105.761;32.633;0.701;1.241;0.701;0.002;0.129;5.203;0.156;0;1;40.151;40.154;nan;nan;nan;27260;1;0;0;0;0;0;0
174;1;1;1;IDLE;0.000;0.000;1.000;21718.863322;21718.868208;21718.919255;21718.968833;791921;791921;791921;19799;22;12670736;12670776;100.000;508.289;508.289;6.879;7.545;3040.986;3.598;0.000;0.000;4.901;20.870;0.001;29.369;29.369;75.697;100.625;51.047;29.187;57.534;2.252;0.766;0.457;1.398;0.029;4.886;105.511;103.523;35.276;1.943;1.285;1.943;0.002;0.345;5.135;0.154;0;2;39.350;39.351;nan;nan;nan;28576;1;0;0;0;0;0;0
175;1;1;1;IDLE;0.000;0.000;1.000;21718.895993;21718.898158;21718.947707;21719.009818;785044;785044;785044;19627;101;12560704;12560744;100.000;640.681;640.681;31.831;34.961;3014.579;2.743;0.000;0.000;5.881;23.673;0.006;32.298;32.298;92.055;111.661;49.550;28.925;65.183;2.847;0.743;0.429;1.821;0.041;2.165;113.825;111.175;29.949;3.384;1.416;3.384;0.003;0.387;5.326;0.160;0;2;44.796;44.798;nan;nan;nan;132540;1;0;0;0;0;0;0
176;1;1;1;IDLE;0.000;0.000;1.000;21718.930729;21718.933640;21718.990136;21719.044911;785759;785759;785759;19644;23;12572144;12572184;100.000;526.838;526.838;7.060;7.756;3017.324;3.012;0.000;0.000;5.223;26.800;0.001;35.035;35.035;87.407;111.271;56.496;31.487;62.014;2.192;0.808;0.448;1.743;0.032;2.911;114.182;112.934;35.483;2.149;1.462;2.149;0.002;0.606;5.314;0.159;0;2;46.476;46.480;nan;nan;nan;29328;1;0;0;0;0;0;0
177;1;1;1;IDLE;0.000;0.000;1.000;21718.963334;21718.966661;21719.026106;21719.072046;782963;782963;782963;19575;20;12527408;12527448;100.000;592.925;592.925;6.067;6.670;3006.588;3.139;0.000;0.000;5.441;32.280;0.002;40.861;40.861;84.257;105.386;59.445;38.773;68.737;2.347;0.762;0.439;1.855;0.038;3.327;108.712;106.736;33.020;0.313;1.390;0.313;0.010;0.583;5.352;0.161;0;2;51.082;51.084;nan;nan;nan;25192;1;0;0;0;0;0;0
178;1;1;1;IDLE;0.000;0.000;1.000;21718.998190;21719.001287;21719.053954;21719.072100;783666;783666;783666;19592;18;12538656;12538696;100.000;684.969;684.969;5.706;6.247;3009.287;2.736;0.000;0.000;5.882;27.847;0.001;36.466;36.466;52.508;70.813;52.667;51.496;69.239;3.052;0.804;0.458;1.535;0.034;3.097;73.911;73.457;34.626;1.293;1.384;1.293;0.004;0.627;5.487;0.165;0;2;45.930;45.937;nan;nan;nan;23688;1;0;0;0;0;0;0
179;1;1;1;IDLE;0.000;0.000;1.000;21719.032718;21719.035986;21719.092508;21719.113920;786714;786714;786714;19668;19;12587424;12587464;100.000;549.384;549.384;6.022;6.594;3020.991;2.846;0.000;0.000;6.460;27.059;0.002;36.365;36.365;55.022;77.934;56.522;46.661;64.338;3.604;0.757;0.456;1.598;0.045;3.269;81.203;81.944;34.699;1.366;1.383;1.366;0.013;0.077;5.735;0.172;0;2;48.423;48.425;nan;nan;nan;25004;1;0;0;0;0;0;0
180;1;1;1;IDLE;0.000;0.000;1.000;21719.063704;21719.067257;21719.130021;21719.176333;787583;787583;787583;19690;20;12601328;12601368;100.000;582.704;582.704;6.067;6.670;3024.328;3.085;0.000;0.000;6.270;33.942;0.003;43.297;43.297;87.451;109.077;62.764;39.694;68.983;2.572;0.740;0.438;2.484;0.034;3.553;112.630;111.023;31.270;2.063;1.426;2.063;0.003;0.923;5.875;0.176;0;2;52.438;52.440;nan;nan;nan;25192;1;0;0;0;0;0;0
181;1;1;1;IDLE;0.000;0.000;1.000;21719.100987;21719.104832;21719.155644;21719.215418;793719;793719;793719;19843;21;12699504;12699544;100.000;705.123;705.123;6.518;7.152;3047.891;2.774;0.000;0.000;6.076;25.622;0.001;34.472;34.472;92.576;110.586;50.812;31.172;67.842;2.730;0.747;0.438;2.037;0.123;3.845;114.431;116.775;37.575;4.242;1.602;4.242;0.002;1.100;5.929;0.178;0;2;46.305;46.309;nan;nan;nan;27072;1;0;0;0;0;0;0
182;1;1;1;IDLE;0.000;0.000;1.000;21719.131891;21719.136792;21719.195078;21719.215457;792329;792329;792329;19809;21;12677264;12677304;100.000;580.095;580.095;6.654;7.288;3042.553;2.953;0.000;0.000;8.347;27.981;0.000;39.282;39.282;56.811;78.666;58.286;49.935;67.395;5.297;0.763;0.452;1.795;0.041;4.901;83.566;83.481;31.960;1.374;1.587;1.374;0.003;0.099;6.538;0.196;0;2;48.318;48.320;nan;nan;nan;27636;1;0;0;0;0;0;0
183;1;1;1;IDLE;0.000;0.000;1.000;21719.164118;21719.167268;21719.232289;21719.280582;801464;801464;801464;20037;23;12823424;12823464;100.000;600.449;600.449;7.015;7.711;3077.631;3.264;0.000;0.000;4.473;37.210;0.002;44.946;44.946;91.957;113.314;65.021;39.665;69.126;1.624;0.764;0.452;1.605;0.027;3.150;116.463;115.272;30.476;2.857;1.667;2.857;0.002;1.979;6.023;0.181;0;2;57.410;57.412;nan;nan;nan;29140;1;0;0;0;0;0;0
184;1;1;1;IDLE;0.000;0.000;1.000;21719.199955;21719.205467;21719.259582;21719.318215;796948;796948;796948;19924;22;12751168;12751208;100.000;595.048;595.048;6.924;7.590;3060.290;3.157;0.000;0.000;8.170;24.200;0.002;35.526;35.526;91.319;112.748;54.115;31.510;65.650;4.742;0.798;0.466;2.118;0.046;5.511;118.260;119.572;38.199;4.866;1.867;4.866;0.004;0.311;6.565;0.197;0;2;45.193;45.198;nan;nan;nan;28764;1;0;0;0;0;0;0
185;1;1;1;IDLE;0.000;0.000;1.000;21719.231739;21719.237495;21719.299021;21719.354731;802598;802598;802598;20065;23;12841568;12841608;100.000;586.543;586.543;7.240;7.937;3081.986;3.311;0.000;0.000;8.797;30.558;0.001;42.666;42.666;95.343;117.237;61.526;36.393;69.346;5.167;0.815;0.439;2.304;0.071;5.756;122.992;122.755;32.028;1.305;1.832;1.305;0.003;0.274;7.131;0.214;0;2;49.747;49.749;nan;nan;nan;30080;1;0;0;0;0;0;0
186;1;1;1;IDLE;0.000;0.000;1.000;21719.265569;21719.269094;21719.334634;21719.382682;797039;797039;797039;19926;23;12752624;12752664;100.000;631.147;631.147;7.060;7.756;3060.639;3.136;0.000;0.000;4.605;35.611;0.001;43.351;43.351;93.382;113.588;65.540;38.165;66.145;1.688;0.782;0.443;1.665;0.026;3.525;117.113;117.372;31.599;1.734;1.825;1.734;0.002;5.116;6.504;0.195;0;2;55.704;55.706;nan;nan;nan;29328;1;0;0;0;0;0;0
187;1;1;1;IDLE;0.000;0.000;1.000;21719.298395;21719.305017;21719.362677;21719.423670;797511;797511;797511;19938;22;12760176;12760216;100.000;615.306;615.306;6.924;7.590;3062.452;3.259;0.000;0.000;7.028;28.042;0.001;38.329;38.329;97.915;118.653;57.660;32.303;66.474;3.815;0.776;0.451;1.956;0.031;6.622;125.275;125.027;35.923;2.590;1.873;2.590;0.002;1.848;6.637;0.199;0;2;48.041;48.044;nan;nan;nan;28764;1;0;0;0;0;0;0
188;1;1;1;IDLE;0.000;0.000;1.000;21719.331332;21719.337097;21719.401440;21719.462545;794879;794879;794879;19872;21;12718064;12718104;100.000;541.236;541.236;6.428;7.062;3052.345;3.437;0.000;0.000;7.641;32.713;0.002;43.791;43.791;101.950;125.449;64.344;34.907;68.057;4.496;0.763;0.441;1.895;0.046;5.764;131.213;130.569;32.079;1.254;1.835;1.254;0.017;0.473;6.893;0.207;0;2;54.939;54.941;nan;nan;nan;26696;1;0;0;0;0;0;0
189;1;1;1;IDLE;0.000;0.000;1.000;21719.364794;21719.369546;21719.440505;21719.496359;793590;793590;793590;19840;21;12697440;12697480;100.000;629.337;629.337;6.654;7.288;3047.395;3.052;0.000;0.000;5.431;39.063;0.002;47.546;47.546;106.637;126.813;70.959;37.493;67.005;2.672;0.775;0.462;1.483;0.039;4.752;131.565;131.049;32.450;0.884;1.775;0.884;0.002;6.286;6.530;0.196;0;2;61.099;61.100;nan;nan;nan;27636;1;0;0;0;0;0;0
190;1;1;1;IDLE;0.000;0.000;1.000;21719.396751;21719.401312;21719.471929;21719.497111;788938;788938;788938;19724;101;12623008;12623048;100.000;531.071;531.071;31.921;35.051;3029.532;3.515;0.000;0.000;4.515;31.421;0.007;39.450;39.450;72.029;95.799;70.617;41.180;55.865;1.743;0.762;0.455;1.528;0.027;4.561;100.360;98.467;31.766;1.567;1.762;1.567;0.002;10.909;6.030;0.181;0;2;55.846;55.850;nan;nan;nan;132916;1;0;0;0;0;0;0
191;1;1;1;IDLE;0.000;0.000;1.000;21719.428973;21719.433185;21719.518519;21719.536506;784846;784846;784846;19622;22;12557536;12557576;100.000;506.498;506.498;6.970;7.635;3013.818;3.471;0.000;0.000;4.547;46.588;0.001;54.606;54.606;78.528;103.321;85.334;52.850;63.990;1.800;0.766;0.456;1.498;0.027;4.211;107.533;104.529;31.872;1.461;1.743;1.461;0.002;9.404;5.661;0.170;0;3;64.526;64.528;nan;nan;nan;28952;1;0;0;0;0;0;0
192;1;1;1;IDLE;0.000;0.000;1.000;21719.462240;21719.465603;21719.554126;21719.601312;788004;788004;788004;19701;19;12608064;12608104;100.000;517.160;517.160;5.887;6.458;3025.945;3.153;0.000;0.000;6.347;35.606;0.002;45.106;45.106;111.329;135.709;88.523;33.237;50.954;3.196;0.746;0.440;1.930;0.034;3.363;139.072;136.002;32.419;0.915;1.692;0.915;0.003;22.187;5.836;0.175;0;3;54.691;54.692;nan;nan;nan;24440;1;0;0;0;0;0;0
193;1;1;1;IDLE;0.000;0.000;1.000;21719.496772;21719.499766;21719.582063;21719.644406;795964;795964;795964;19900;18;12735424;12735464;100.000;536.267;536.267;5.571;6.111;3056.511;3.249;0.000;0.000;6.616;27.934;0.002;37.799;37.799;120.892;144.640;82.297;26.133;45.930;3.365;0.767;0.452;1.993;0.038;2.994;147.634;145.763;34.163;0.830;1.638;0.830;0.003;23.994;6.033;0.181;0;3;47.177;47.180;nan;nan;nan;23124;1;0;0;0;0;0;0
194;1;1;1;IDLE;0.000;0.000;1.000;21719.530068;21719.532999;21719.622425;21719.678746;799207;799207;799207;19981;19;12787312;12787352;100.000;643.053;643.053;5.977;6.549;3068.964;2.866;0.000;0.000;6.535;40.360;0.001;49.760;49.760;125.861;145.746;89.426;34.142;55.644;3.296;0.758;0.444;1.998;0.038;2.932;148.678;146.769;33.233;0.100;1.542;0.100;0.003;22.642;6.161;0.185;0;3;62.337;62.339;nan;nan;nan;24816;1;0;0;0;0;0;0
195;1;1;1;IDLE;0.000;0.000;1.000;21719.563699;21719.566938;21719.660168;21719.706111;799402;799402;799402;19986;21;12790432;12790472;100.000;558.068;558.068;6.609;7.243;3069.713;2.807;0.000;0.000;5.381;37.742;0.002;45.929;45.929;116.253;139.173;93.230;33.002;49.265;2.428;0.800;0.450;1.673;0.030;3.240;142.412;140.801;33.939;0.606;1.483;0.606;0.003;27.184;5.970;0.179;0;3;56.315;56.317;nan;nan;nan;27448;1;0;0;0;0;0;0
196;1;1;1;IDLE;0.000;0.000;1.000;21719.596960;21719.600471;21719.687429;21719.747478;800483;800483;800483;20013;20;12807728;12807768;100.000;568.407;568.407;6.248;6.851;3073.864;3.210;0.000;0.000;7.496;27.259;0.001;37.965;37.965;124.474;147.007;86.958;25.825;43.659;3.700;0.770;0.443;2.531;0.052;3.511;150.518;148.834;33.532;0.199;1.403;0.199;0.011;29.658;6.355;0.191;0;3;45.936;45.938;nan;nan;nan;25944;1;0;0;0;0;0;0
197;1;1;1;IDLE;0.000;0.000;1.000;21719.631123;21719.634782;21719.726878;21719.782635;798336;798336;798336;19959;21;12773376;12773416;100.000;743.128;743.128;6.564;7.198;3065.620;2.771;0.000;0.000;5.951;39.448;0.001;48.169;48.169;130.665;147.854;92.096;32.579;52.303;3.117;0.763;0.439;1.600;0.031;3.658;151.512;150.659;34.311;0.978;1.376;0.978;0.002;29.505;6.257;0.188;0;3;60.045;60.046;nan;nan;nan;27260;1;0;0;0;0;0;0
198;1;1;1;IDLE;0.000;0.000;1.000;21719.666333;21719.669655;21719.763629;21719.810840;798454;798454;798454;19962;21;12775264;12775304;100.000;551.194;551.194;6.609;7.243;3066.073;2.912;0.000;0.000;7.487;36.750;0.002;47.149;47.149;118.007;141.185;93.974;33.395;50.172;4.503;0.801;0.447;1.690;0.045;3.322;144.507;145.530;34.873;1.540;1.386;1.540;0.003;26.556;6.567;0.197;0;3;55.751;55.753;nan;nan;nan;27448;1;0;0;0;0;0;0
199;1;1;1;IDLE;0.000;0.000;1.000;21719.697650;21719.701183;21719.790010;21719.850875;800770;800770;800770;20020;21;12812320;12812360;100.000;566.979;566.979;6.609;7.243;3074.966;3.233;0.000;0.000;5.753;26.380;0.002;35.366;35.366;127.094;149.692;88.827;23.626;39.814;2.309;0.761;0.442;2.204;0.037;3.533;153.225;152.231;31.528;1.805;1.413;1.805;0.003;34.093;6.367;0.191;0;3;47.202;47.206;nan;nan;nan;27448;1;0;0;0;0;0;0
200;1;1;1;IDLE;0.000;0.000;1.000;21719.732399;21719.736419;21719.831124;21719.850913;802378;802378;802378;20060;21;12838048;12838088;100.000;675.511;675.511;6.654;7.288;3081.141;2.962;0.000;0.000;6.211;41.113;0.000;50.286;50.286;95.489;114.494;94.705;43.920;53.097;3.103;0.778;0.433;1.863;0.034;4.020;118.514;118.936;35.236;1.903;1.443;1.903;0.003;28.372;6.332;0.190;0;3;60.860;60.861;nan;nan;nan;27636;1;0;0;0;0;0;0
201;1;1;1;IDLE;0.000;0.000;1.000;21719.765502;21719.771101;21719.866228;21719.914053;805285;805285;805285;20133;21;12884560;12884600;100.000;567.239;567.239;6.654;7.288;3092.304;3.054;0.000;0.000;8.976;35.103;0.002;47.132;47.132;120.237;142.952;95.127;32.971;49.547;5.858;0.862;0.483;1.723;0.049;5.599;148.551;148.743;34.682;1.349;1.437;1.349;0.005;28.327;6.996;0.210;0;3;54.838;54.840;nan;nan;nan;27636;1;0;0;0;0;0;0
202;1;1;1;IDLE;0.000;0.000;1.000;21719.798828;21719.802869;21719.892576;21719.914100;803318;803318;803318;20083;21;12853088;12853128;100.000;590.583;590.583;6.654;7.288;3084.751;3.173;0.000;0.000;5.998;26.347;0.001;35.517;35.517;89.467;111.231;89.707;31.931;39.593;2.892;0.797;0.434;1.841;0.034;4.041;115.272;115.457;31.768;1.565;1.445;1.565;0.002;35.595;6.749;0.202;0;3;47.818;47.823;nan;nan;nan;27636;1;0;0;0;0;0;0
203;1;1;1;IDLE;0.000;0.000;1.000;21719.830198;21719.835589;21719.932931;21719.992187;802036;802036;802036;20051;22;12832576;12832616;100.000;644.593;644.593;6.924;7.590;3079.828;3.152;0.000;0.000;4.896;40.354;0.002;48.401;48.401;136.690;156.598;97.342;30.908;49.723;1.891;0.828;0.461;1.688;0.029;5.391;161.989;160.210;32.720;0.614;1.393;0.614;0.003;32.181;6.289;0.189;0;3;61.570;61.572;nan;nan;nan;28764;1;0;0;0;0;0;0
204;1;1;1;IDLE;0.000;0.000;1.000;21719.864878;21719.870665;21719.970778;21720.022624;810228;810228;810228;20256;22;12963648;12963688;100.000;584.567;584.567;6.789;7.454;3111.285;3.268;0.000;0.000;8.817;37.845;0.002;49.929;49.929;129.783;151.960;100.113;32.857;49.872;5.509;0.828;0.461;1.976;0.043;5.786;157.746;157.314;35.076;1.742;1.415;1.742;0.002;31.272;6.923;0.208;0;3;59.250;59.252;nan;nan;nan;28200;1;0;0;0;0;0;0
205;1;1;1;IDLE;0.000;0.000;1.000;21719.899559;21719.903101;21720.001161;21720.065394;808185;808185;808185;20205;106;12930960;12931000;100.000;615.901;615.901;33.410;36.696;3103.440;3.222;0.000;0.000;4.732;30.380;0.005;38.334;38.334;141.298;162.293;98.060;23.620;39.092;1.773;0.782;0.438;1.708;0.031;3.541;165.835;166.751;32.436;0.897;1.383;0.897;0.008;41.943;6.381;0.191;0;3;51.837;51.840;nan;nan;nan;139120;1;0;0;0;0;0;0
206;1;1;1;IDLE;0.000;0.000;1.000;21719.930256;21719.935950;21720.045265;21720.065457;815223;815223;815223;20381;21;13043568;13043608;100.000;547.961;547.961;6.654;7.288;3130.466;3.586;0.000;0.000;6.550;44.103;0.001;54.238;54.238;105.703;129.507;109.315;41.880;49.616;3.774;0.819;0.434;1.488;0.035;5.694;135.201;133.481;32.849;0.484;1.327;0.484;0.002;34.855;6.426;0.193;0;3;64.227;64.229;nan;nan;nan;27636;1;0;0;0;0;0;0
207;1;1;1;IDLE;0.000;0.000;1.000;21719.964556;21719.968071;21720.083206;21720.131525;799426;799426;799426;19986;17;12790816;12790856;100.000;522.793;522.793;5.255;5.764;3069.805;3.593;0.000;0.000;5.201;37.939;0.003;46.733;46.733;138.988;163.454;115.135;28.591;40.590;2.403;0.789;0.455;1.525;0.029;3.515;166.969;166.215;32.121;1.212;1.320;1.212;0.002;47.526;6.122;0.184;0;3;56.181;56.183;nan;nan;nan;21808;1;0;0;0;0;0;0
208;1;1;1;IDLE;0.000;0.000;1.000;21719.996120;21719.999845;21720.110618;21720.171643;790320;790320;790320;19758;17;12645120;12645160;100.000;509.481;509.481;5.210;5.719;3034.838;3.297;0.000;0.000;5.091;27.411;0.002;35.799;35.799;146.979;171.798;110.773;20.838;32.317;2.166;0.769;0.455;1.672;0.029;3.725;175.524;173.000;31.774;1.560;1.335;1.560;0.002;53.449;5.867;0.176;0;3;48.313;48.315;nan;nan;nan;21620;1;0;0;0;0;0;0
209;1;1;1;IDLE;0.000;0.000;1.000;21720.029587;21720.034017;21720.152626;21720.208578;795945;795945;795945;19899;19;12735120;12735160;100.000;509.646;509.646;5.887;6.458;3056.438;3.514;0.000;0.000;4.443;42.006;0.001;49.962;49.962;149.572;174.561;118.609;28.622;42.124;1.771;0.772;0.457;1.417;0.027;4.430;178.991;176.601;34.172;0.839;1.304;0.839;0.002;47.169;5.513;0.165;0;4;61.018;61.020;nan;nan;nan;24440;1;0;0;0;0;0;0
210;1;1;1;IDLE;0.000;0.000;1.000;21720.062210;21720.064717;21720.188408;21720.235829;792891;792891;792891;19823;21;12686256;12686296;100.000;548.809;548.809;6.654;7.288;3044.711;3.044;0.000;0.000;6.043;35.781;0.002;44.868;44.868;147.995;171.111;123.691;26.221;36.274;3.068;0.772;0.477;1.683;0.042;2.507;173.618;170.518;30.700;2.633;1.387;2.633;0.004;58.746;5.649;0.169;0;4;55.946;55.948;nan;nan;nan;27636;1;0;0;0;0;0;0
211;1;1;1;IDLE;0.000;0.000;1.000;21720.097937;21720.100959;21720.217668;21720.275659;797320;797320;797320;19933;21;12757120;12757160;100.000;536.726;536.726;6.609;7.243;3061.718;3.064;0.000;0.000;5.047;29.259;0.002;37.370;37.370;150.932;174.701;116.709;21.391;32.019;2.082;0.771;0.453;1.709;0.032;3.022;177.722;177.016;36.241;2.908;1.482;2.908;0.002;58.632;5.501;0.165;0;4;47.412;47.417;nan;nan;nan;27448;1;0;0;0;0;0;0
212;1;1;1;IDLE;0.000;0.000;1.000;21720.129628;21720.133034;21720.255490;21720.313228;805214;805214;805214;20131;21;12883424;12883464;100.000;530.919;530.919;6.473;7.107;3092.031;3.210;0.000;0.000;7.719;37.820;0.001;48.749;48.749;155.928;180.194;122.455;27.054;39.810;4.523;0.817;0.455;1.879;0.046;3.407;183.601;181.252;32.076;1.258;1.468;1.258;0.003;52.644;6.058;0.182;0;4;57.985;57.987;nan;nan;nan;26884;1;0;0;0;0;0;0
213;1;1;1;IDLE;0.000;0.000;1.000;21720.163714;21720.166824;21720.291481;21720.341047;797126;797126;797126;19929;21;12754016;12754056;100.000;626.207;626.207;6.473;7.107;3060.973;2.861;0.000;0.000;7.249;35.990;0.001;46.100;46.100;153.856;174.223;124.658;26.460;36.981;3.569;0.757;0.444;2.439;0.040;3.110;177.333;175.737;33.789;0.456;1.404;0.456;0.003;59.832;6.664;0.200;0;4;57.732;57.734;nan;nan;nan;26884;1;0;0;0;0;0;0
214;1;1;1;IDLE;0.000;0.000;1.000;21720.197939;21720.201244;21720.321213;21720.383118;803136;803136;803136;20079;18;12850176;12850216;100.000;553.542;553.542;5.616;6.156;3084.052;2.942;0.000;0.000;5.413;29.729;0.001;38.084;38.084;158.659;181.874;119.969;20.940;31.745;2.368;0.785;0.455;1.774;0.031;3.305;185.179;184.475;34.421;1.087;1.385;1.087;0.008;61.603;6.354;0.191;0;4;49.557;49.560;nan;nan;nan;23312;1;0;0;0;0;0;0
215;1;1;1;IDLE;0.000;0.000;1.000;21720.229696;21720.233095;21720.360865;21720.383157;809297;809297;809297;20233;21;12948752;12948792;100.000;619.124;619.124;6.654;7.288;3107.710;2.979;0.000;0.000;7.644;39.650;0.000;50.273;50.273;129.147;150.062;127.769;33.501;39.347;3.591;0.787;0.453;2.766;0.047;3.399;153.461;151.180;31.851;1.482;1.391;1.482;0.003;58.079;7.050;0.211;0;4;61.899;61.901;nan;nan;nan;27636;1;0;0;0;0;0;0
216;1;1;1;IDLE;0.000;0.000;1.000;21720.264958;21720.268570;21720.397966;21720.448638;808156;808156;808156;20204;21;12930496;12930536;100.000;634.123;634.123;6.654;7.288;3103.329;2.975;0.000;0.000;8.933;37.101;0.002;49.008;49.008;159.676;180.068;129.396;27.216;37.874;4.878;0.803;0.442;2.762;0.047;3.612;183.680;183.328;35.475;2.141;1.438;2.141;0.003;60.447;8.155;0.245;0;4;58.912;58.915;nan;nan;nan;27636;1;0;0;0;0;0;0
217;1;1;1;IDLE;0.000;0.000;1.000;21720.298801;21720.303334;21720.426717;21720.490358;810355;810355;810355;20259;22;12965680;12965720;100.000;551.934;551.934;6.789;7.454;3111.773;2.902;0.000;0.000;7.999;28.747;0.001;39.649;39.649;163.532;187.023;123.383;21.200;32.135;5.065;0.812;0.451;1.619;0.052;4.534;191.557;191.714;34.764;1.431;1.437;1.431;0.003;63.140;8.120;0.244;0;4;50.663;50.667;nan;nan;nan;28200;1;0;0;0;0;0;0
218;1;1;1;IDLE;0.000;0.000;1.000;21720.331408;21720.334499;21720.467589;21720.530464;810211;810211;810211;20256;22;12963376;12963416;100.000;573.257;573.257;6.879;7.545;3111.220;3.572;0.000;0.000;9.293;40.871;0.001;53.735;53.735;173.351;195.965;133.090;27.421;40.375;5.664;0.794;0.459;2.324;0.052;3.091;199.056;198.487;31.165;2.169;1.483;2.169;0.003;56.559;9.353;0.281;0;4;63.636;63.637;nan;nan;nan;28576;1;0;0;0;0;0;0
219;1;1;1;IDLE;0.000;0.000;1.000;21720.365507;21720.370283;21720.506980;21720.563411;808645;808645;808645;20217;23;12938320;12938360;100.000;720.468;720.468;7.060;7.756;3105.206;2.942;0.000;0.000;8.928;39.389;0.002;51.259;51.259;175.169;193.128;136.697;26.542;37.499;4.916;0.808;0.432;2.694;0.077;4.776;197.904;198.101;35.784;2.451;1.543;2.451;0.002;60.692;11.683;0.350;0;4;62.869;62.870;nan;nan;nan;29328;1;0;0;0;0;0;0
220;1;1;1;IDLE;0.000;0.000;1.000;21720.398020;21720.405108;21720.538846;21720.564599;810783;810783;810783;20270;104;12972528;12972568;100.000;615.868;615.868;32.868;36.092;3113.416;3.209;0.000;0.000;9.866;31.864;0.007;44.940;44.940;138.427;159.491;133.738;28.177;33.603;6.088;0.798;0.465;2.476;0.039;7.088;166.579;165.956;34.825;1.492;1.540;1.492;0.002;70.396;11.367;0.341;0;4;56.422;56.427;nan;nan;nan;136864;1;0;0;0;0;0;0
221;1;1;1;IDLE;0.000;0.000;1.000;21720.432834;21720.438041;21720.586901;21720.607706;807088;807088;807088;20178;21;12913408;12913448;100.000;604.879;604.879;6.654;7.288;3099.228;3.196;0.000;0.000;11.351;48.053;0.001;62.600;62.600;148.317;169.666;148.860;36.896;42.053;7.463;0.818;0.461;2.542;0.067;5.206;174.872;175.730;32.933;0.401;1.469;0.401;0.002;59.905;13.416;0.402;0;4;68.807;68.809;nan;nan;nan;27636;1;0;0;0;0;0;0
222;1;1;1;IDLE;0.000;0.000;1.000;21720.464916;21720.470724;21720.623291;21720.673840;809369;809369;809369;20235;17;12949904;12949944;100.000;536.276;536.276;5.390;5.900;3107.987;4.268;0.000;0.000;13.225;36.387;0.002;53.880;53.880;178.968;203.116;152.567;26.527;35.316;9.772;0.780;0.442;2.160;0.071;5.807;208.924;208.530;32.683;0.650;1.418;0.650;0.003;66.696;16.397;0.492;0;4;57.733;57.735;nan;nan;nan;22372;1;0;0;0;0;0;0
223;1;1;1;IDLE;0.000;0.000;1.000;21720.496723;21720.501584;21720.652680;21720.720248;795354;795354;795354;19884;17;12725664;12725704;100.000;480.193;480.193;5.345;5.855;3054.169;5.199;0.000;0.000;10.981;29.389;0.002;45.569;45.569;192.162;218.664;151.096;20.840;30.159;7.245;0.810;0.442;2.433;0.051;4.861;223.525;221.605;30.860;2.473;1.484;2.473;0.012;73.461;17.734;0.532;0;4;50.541;50.547;nan;nan;nan;22184;1;0;0;0;0;0;0
224;1;1;1;IDLE;0.000;0.000;1.000;21720.530007;21720.533178;21720.693885;21720.750955;795455;795455;795455;19887;19;12727280;12727320;100.000;477.109;477.109;5.887;6.458;3054.557;4.230;0.000;0.000;7.751;41.198;0.001;53.180;53.180;191.100;217.776;160.706;24.420;33.091;4.112;0.812;0.447;2.333;0.047;3.172;220.948;218.978;31.594;1.739;1.500;1.739;0.002;57.442;22.150;0.665;1;4;67.558;67.560;nan;nan;nan;24440;1;0;0;0;0;0;0
225;1;1;1;IDLE;0.000;0.000;1.000;21720.563502;21720.566959;21720.730272;21720.788756;795720;795720;795720;19893;21;12731520;12731560;100.000;460.122;460.122;6.609;7.243;3055.574;14.937;0.000;0.000;7.059;36.386;0.002;58.382;58.382;194.127;221.797;163.313;26.322;35.749;3.489;0.757;0.452;2.317;0.044;3.457;225.255;223.446;33.781;0.447;1.434;0.447;0.658;63.533;25.383;0.761;1;4;57.065;57.067;nan;nan;nan;27448;1;0;0;0;0;0;0
226;1;1;1;SKIP+1;0.000;0.000;1.000;21720.597264;21720.600899;21720.757405;21720.818108;798723;798723;798723;19969;21;12779568;12779608;100.000;682.582;682.582;6.564;7.198;3067.106;2.700;0.000;0.000;7.798;27.132;0.001;37.629;37.629;198.486;217.209;156.506;17.324;24.043;4.381;0.758;0.439;2.178;0.041;3.635;220.844;219.464;33.940;0.606;1.382;0.606;10.770;69.791;26.564;0.797;1;4;58.480;58.481;nan;nan;nan;27260;1;0;0;0;0;0;0
227;1;1;1;IDLE;0.000;0.000;1.000;21720.631264;21720.634478;21720.797431;21720.853142;807441;807441;807441;20187;19;12919056;12919096;100.000;551.517;551.517;5.887;6.458;3100.583;2.887;0.000;0.000;11.733;40.026;0.001;54.646;54.646;195.239;218.664;162.953;24.991;33.535;8.151;0.840;0.437;2.217;0.088;3.214;221.878;221.165;33.580;0.246;1.311;0.246;2.654;51.785;31.191;0.936;1;4;60.699;60.700;nan;nan;nan;24440;1;0;0;0;0;0;0
228;1;1;1;IDLE;0.000;0.000;1.000;21720.664472;21720.668447;21720.832982;21720.879185;803316;803316;803316;20083;19;12853056;12853096;100.000;593.050;593.050;5.796;6.368;3084.743;3.444;0.000;0.000;7.210;35.549;0.001;46.203;46.203;189.066;210.739;164.535;21.924;28.081;3.833;0.784;0.436;2.119;0.038;3.975;214.714;213.875;33.968;0.635;1.269;0.635;15.709;59.949;31.309;0.939;1;4;55.698;55.707;nan;nan;nan;24064;1;0;0;0;0;0;0
229;1;1;2;IDLE;0.000;0.000;1.000;21720.699077;21720.703263;21720.859624;21720.915664;809074;809074;809074;20227;21;12945184;12945224;100.000;681.819;681.819;3.192;3.509;1553.427;12.627;0.000;0.000;8.660;26.640;0.001;47.927;47.927;193.414;212.401;156.361;22.564;30.651;4.620;0.826;0.440;2.611;0.162;4.186;216.586;217.020;34.816;1.483;1.282;31.850;15.258;66.918;30.625;0.459;0;4;46.197;46.199;nan;nan;nan;26508;1;0;0;0;0;0;0
231;1;1;2;IDLE;0.000;0.000;1.000;21720.765698;21720.770894;21720.897277;21720.948304;818848;818848;818848;20472;23;13101568;13101608;100.000;678.712;678.712;3.507;3.856;1572.193;13.370;0.000;0.000;7.355;37.651;0.001;58.377;58.377;158.107;177.411;126.383;32.905;46.190;3.707;0.786;0.435;2.309;0.118;5.195;182.606;182.994;67.631;0.964;1.262;0.964;0.002;54.836;26.619;0.399;0;4;56.035;56.037;nan;nan;nan;29140;1;0;0;0;0;0;0
233;1;1;2;IDLE;0.000;0.000;1.000;21720.830324;21720.835763;21720.930896;21720.972807;814146;814146;814146;20354;24;13026336;13026376;100.000;582.067;582.067;3.778;4.142;1563.165;3.291;0.000;0.000;5.317;33.618;0.001;42.226;42.226;114.664;137.044;95.133;30.812;44.386;2.324;0.784;0.459;1.719;0.031;5.439;142.483;140.830;64.870;1.797;1.296;1.797;0.013;33.805;21.295;0.319;0;3;51.023;51.024;nan;nan;nan;31396;1;0;0;0;0;0;0
235;1;1;2;IDLE;0.000;0.000;1.000;21720.897293;21720.902968;21720.954499;21721.026526;815725;815725;815725;20394;23;13051600;13051640;100.000;688.956;688.956;3.598;3.946;1566.197;3.036;0.000;0.000;5.715;23.601;0.002;32.352;32.352;104.614;123.558;51.530;26.183;62.782;2.865;0.777;0.447;1.593;0.032;5.676;129.234;127.883;67.205;0.539;1.249;0.539;0.021;3.248;17.402;0.261;0;2;41.904;41.907;nan;nan;nan;29892;1;0;0;0;0;0;0
237;1;1;2;IDLE;0.000;0.000;1.000;21720.964549;21720.968625;21721.010140;21721.089490;810868;810868;810868;20272;22;12973888;12973928;100.000;581.557;581.557;3.462;3.795;1556.871;3.280;0.000;0.000;4.952;13.657;0.002;21.889;21.889;98.556;120.865;41.515;18.110;52.724;2.281;0.765;0.441;1.431;0.033;4.075;124.940;124.180;65.656;1.010;1.234;1.010;0.002;0.595;14.293;0.214;0;1;30.038;30.040;nan;nan;nan;28764;1;0;0;0;0;0;0
239;1;1;2;IDLE;0.000;0.000;1.000;21721.029838;21721.032984;21721.073244;21721.150483;799196;799196;799196;19980;24;12787136;12787176;100.000;594.661;594.661;3.733;4.097;1534.461;3.321;0.000;0.000;5.019;13.619;0.001;21.958;21.958;95.996;117.499;40.260;18.688;54.541;2.332;0.762;0.438;1.459;0.027;3.146;120.646;118.506;64.359;2.308;1.301;2.308;0.002;0.116;11.978;0.180;0;1;29.861;29.863;nan;nan;nan;31020;1;0;0;0;0;0;0
241;1;1;2;IDLE;0.000;0.000;1.000;21721.096678;21721.101270;21721.132923;21721.150923;808174;808174;808174;20205;106;12930784;12930824;100.000;622.476;622.476;16.750;18.393;1551.699;3.192;0.000;0.000;4.198;6.141;0.003;13.531;13.531;28.881;49.654;31.654;27.252;42.749;1.577;0.759;0.440;1.393;0.029;4.592;54.246;52.280;68.286;1.619;1.321;1.619;0.009;0.531;10.036;0.151;0;1;23.698;23.699;nan;nan;nan;139496;1;0;0;0;0;0;0
243;1;1;2;IDLE;0.000;0.000;1.000;21721.164581;21721.167933;21721.206419;21721.222838;809086;809086;809086;20228;22;12945376;12945416;100.000;645.217;645.217;3.485;3.817;1553.450;3.053;0.000;0.000;4.171;13.485;0.002;20.710;20.710;34.841;54.905;38.486;37.719;53.811;1.556;0.764;0.435;1.389;0.026;3.352;58.257;57.528;66.664;0.003;1.238;0.003;0.002;0.764;8.572;0.129;0;1;29.860;29.862;nan;nan;nan;28952;1;0;0;0;0;0;0
245;1;1;2;IDLE;0.000;0.000;1.000;21721.230297;21721.234590;21721.273714;21721.348750;810243;810243;810243;20257;17;12963888;12963928;100.000;625.933;625.933;2.695;2.950;1555.671;3.144;0.000;0.000;4.167;13.623;0.002;20.934;20.934;93.448;114.159;39.124;18.338;53.507;1.541;0.769;0.435;1.394;0.027;4.293;118.453;116.773;66.657;0.009;1.162;0.009;0.002;0.620;7.474;0.112;0;1;30.019;30.020;nan;nan;nan;22372;1;0;0;0;0;0;0
247;1;1;2;IDLE;0.000;0.000;1.000;21721.296616;21721.300711;21721.332364;21721.422850;818595;818595;818595;20465;19;13097520;13097560;100.000;628.702;628.702;2.943;3.229;1571.707;3.224;0.000;0.000;4.192;6.118;0.002;13.534;13.534;101.306;122.139;31.653;11.081;42.757;1.565;0.771;0.435;1.395;0.026;4.095;126.234;124.206;66.120;0.546;1.123;0.546;0.002;0.508;6.656;0.100;0;1;22.499;22.502;nan;nan;nan;24440;1;0;0;0;0;0;0
249;1;1;2;IDLE;0.000;0.000;1.000;21721.363974;21721.367934;21721.405886;21721.491122;816251;816251;816251;20407;22;13060016;13060056;100.000;674.649;674.649;3.440;3.772;1567.207;2.967;0.000;0.000;4.209;13.488;0.002;20.664;20.664;103.830;123.188;37.952;16.774;54.448;1.586;0.772;0.432;1.390;0.028;3.960;127.149;125.812;67.223;0.556;1.088;0.556;0.008;0.889;6.047;0.091;0;1;30.447;30.449;nan;nan;nan;28576;1;0;0;0;0;0;0
251;1;1;2;IDLE;0.000;0.000;1.000;21721.430635;21721.434775;21721.474164;21721.550821;817535;817535;817535;20439;22;13080560;13080600;100.000;623.928;623.928;3.440;3.772;1569.672;3.129;0.000;0.000;4.344;13.605;0.001;21.078;21.078;95.081;116.046;39.390;18.163;53.512;1.707;0.777;0.439;1.392;0.028;4.140;120.186;118.844;66.841;0.174;1.031;0.174;0.002;0.472;5.624;0.084;0;1;30.559;30.561;nan;nan;nan;28576;1;0;0;0;0;0;0
253;1;1;2;SKIP-1;0.000;0.000;1.000;21721.496317;21721.500106;21721.532726;21721.597350;811017;811017;811017;20276;24;12976272;12976312;100.000;614.166;614.166;3.710;4.074;1557.157;3.261;0.000;0.000;4.355;7.015;0.001;14.630;14.630;76.115;97.244;32.620;15.045;44.851;1.730;0.765;0.434;1.394;0.032;3.789;101.032;98.706;65.331;1.335;1.050;1.335;0.004;0.117;5.310;0.080;0;1;25.106;25.109;nan;nan;nan;30832;1;0;0;0;0;0;0
254;1;1;1;IDLE;0.000;0.000;1.000;21721.530118;21721.533431;21721.574179;21721.634768;812416;812416;812416;20311;22;12998656;12998696;100.000;679.397;679.397;6.789;7.454;3119.687;2.930;0.000;0.000;4.424;16.395;0.002;23.749;23.749;82.204;101.337;40.748;23.436;58.283;1.762;0.793;0.452;1.390;0.028;3.313;104.650;102.791;33.325;0.008;0.985;0.008;0.002;0.793;5.091;0.153;0;1;39.563;39.564;nan;nan;nan;28200;1;0;0;0;0;0;0
255;1;1;1;IDLE;0.000;0.000;1.000;21721.565082;21721.569498;21721.616006;21721.665104;815874;815874;815874;20397;22;13053984;13054024;100.000;566.672;566.672;6.699;7.364;3132.966;3.124;0.000;0.000;4.788;18.128;0.002;26.040;26.040;72.570;95.606;46.508;27.237;55.990;2.122;0.793;0.444;1.401;0.028;4.416;100.022;99.794;36.067;2.733;1.094;2.733;0.002;0.553;5.020;0.151;0;2;36.885;36.887;nan;nan;nan;27824;1;0;0;0;0;0;0
256;1;1;1;IDLE;0.000;0.000;1.000;21721.595851;21721.598391;21721.644993;21721.705208;811813;811813;811813;20296;22;12989008;12989048;100.000;523.004;523.004;6.924;7.590;3117.372;3.199;0.000;0.000;5.439;16.041;0.002;24.678;24.678;81.982;106.817;46.602;23.103;52.955;2.453;0.794;0.478;1.676;0.037;2.540;109.357;106.565;28.893;4.440;1.303;4.440;0.003;0.284;5.130;0.154;0;2;36.146;36.150;nan;nan;nan;28764;1;0;0;0;0;0;0
257;1;1;1;IDLE;0.000;0.000;1.000;21721.629714;21721.633681;21721.686032;21721.740290;809323;809323;809323;20234;22;12949168;12949208;100.000;535.818;535.818;6.789;7.454;3107.810;3.133;0.000;0.000;5.091;22.998;0.002;31.222;31.222;82.442;106.609;52.351;29.287;59.641;2.221;0.796;0.444;1.601;0.029;3.967;110.576;108.314;35.290;1.957;1.344;1.957;0.002;0.092;5.126;0.154;0;2;42.170;42.172;nan;nan;nan;28200;1;0;0;0;0;0;0
258;1;1;1;IDLE;0.000;0.000;1.000;21721.662760;21721.665883;21721.721895;21721.768395;806066;806066;806066;20152;20;12897056;12897096;100.000;542.862;542.862;6.293;6.896;3095.303;3.220;0.000;0.000;8.699;23.037;0.002;34.956;34.956;78.754;102.512;56.011;34.100;62.410;5.489;0.812;0.447;1.899;0.052;3.124;105.635;103.085;32.202;1.131;1.331;1.131;0.015;0.501;6.024;0.181;0;2;41.429;41.430;nan;nan;nan;26132;1;0;0;0;0;0;0
259;1;1;1;IDLE;0.000;0.000;1.000;21721.697117;21721.700183;21721.749142;21721.807447;803994;803994;803994;20100;21;12863904;12863944;100.000;656.167;656.167;6.609;7.243;3087.347;2.857;0.000;0.000;6.099;22.962;0.001;31.918;31.918;87.659;107.264;48.959;29.757;65.195;3.013;0.774;0.428;1.850;0.034;3.066;110.329;108.803;34.300;0.966;1.308;0.966;0.002;0.289;6.047;0.181;0;2;42.210;42.212;nan;nan;nan;27448;1;0;0;0;0;0;0
260;1;1;1;IDLE;0.000;0.000;1.000;21721.731208;21721.734557;21721.788333;21721.807494;804675;804675;804675;20117;21;12874800;12874840;100.000;542.998;542.998;6.654;7.288;3089.962;2.961;0.000;0.000;5.065;24.108;0.001;32.134;32.134;49.226;72.937;53.776;44.058;59.757;2.072;0.811;0.454;1.699;0.028;3.349;76.286;75.518;34.374;1.041;1.291;1.041;0.002;0.889;5.807;0.174;0;2;43.216;43.220;nan;nan;nan;27636;1;0;0;0;0;0;0
261;1;1;1;IDLE;0.000;0.000;1.000;21721.763048;21721.766921;21721.823961;21721.871079;803023;803023;803023;20076;21;12848368;12848408;100.000;637.170;637.170;6.473;7.107;3083.618;2.963;0.000;0.000;6.244;30.509;0.002;39.715;39.715;83.993;104.158;57.040;38.130;69.627;3.225;0.758;0.440;1.772;0.049;3.873;108.031;105.769;32.363;0.970;1.271;0.970;0.002;0.119;5.921;0.178;0;2;49.479;49.481;nan;nan;nan;26884;1;0;0;0;0;0;0
262;1;1;1;IDLE;0.000;0.000;1.000;21721.798135;21721.801792;21721.851155;21721.911686;804900;804900;804900;20123;103;12878400;12878440;100.000;658.654;658.654;32.508;35.700;3090.826;2.850;0.000;0.000;6.095;22.731;0.006;31.675;31.675;90.341;109.893;49.363;28.824;64.168;2.792;0.760;0.438;2.067;0.037;3.658;113.551;113.042;34.872;1.538;1.288;1.538;0.003;0.981;5.973;0.179;0;2;42.650;42.652;nan;nan;nan;135360;1;0;0;0;0;0;0
263;1;1;1;IDLE;0.000;0.000;1.000;21721.831631;21721.834826;21721.891911;21721.946749;801032;801032;801032;20026;22;12816512;12816552;100.000;569.552;569.552;6.834;7.500;3075.972;2.800;0.000;0.000;5.540;28.525;0.001;36.865;36.865;89.420;111.923;57.085;32.938;64.580;2.531;0.769;0.444;1.754;0.042;3.195;115.119;114.773;33.034;0.299;1.226;0.299;0.003;0.513;5.870;0.176;0;2;48.296;48.298;nan;nan;nan;28388;1;0;0;0;0;0;0
264;1;1;1;IDLE;0.000;0.000;1.000;21721.863481;21721.867351;21721.927933;21721.973819;793638;793638;793638;19841;18;12698208;12698248;100.000;583.481;583.481;5.706;6.247;3047.580;3.186;0.000;0.000;5.507;32.354;0.001;41.047;41.047;84.705;106.468;60.582;38.553;67.754;2.238;0.752;0.439;2.044;0.034;3.870;110.338;108.509;32.525;0.809;1.200;0.809;0.003;0.954;5.788;0.174;0;2;51.167;51.168;nan;nan;nan;23688;1;0;0;0;0;0;0
265;1;1;1;IDLE;0.000;0.000;1.000;21721.899700;21721.903321;21721.955712;21722.013944;801156;801156;801156;20029;19;12818496;12818536;100.000;679.665;679.665;5.751;6.323;3076.449;2.821;0.000;0.000;5.881;27.061;0.001;35.763;35.763;91.763;110.623;52.391;32.329;68.261;2.758;0.767;0.438;1.883;0.034;3.621;114.244;115.300;35.970;2.636;1.290;2.636;0.002;0.586;5.817;0.174;0;2;45.164;45.168;nan;nan;nan;23876;1;0;0;0;0;0;0
266;1;1;1;IDLE;0.000;0.000;1.000;21721.933027;21721.936670;21721.994352;21722.049266;804749;804749;804749;20119;20;12875984;12876024;100.000;581.650;581.650;6.203;6.805;3090.246;2.953;0.000;0.000;8.663;26.611;0.001;38.228;38.228;90.458;112.596;57.682;33.951;66.274;5.425;0.839;0.456;1.903;0.041;3.643;116.239;117.289;33.349;0.016;1.210;0.016;0.003;0.266;6.533;0.196;0;2;46.200;46.201;nan;nan;nan;25756;1;0;0;0;0;0;0
267;1;1;1;IDLE;0.000;0.000;1.000;21721.965001;21721.969197;21722.030079;21722.077682;805449;805449;805449;20137;21;12887184;12887224;100.000;576.930;576.930;6.518;7.152;3092.934;3.154;0.000;0.000;6.072;32.262;0.001;41.489;41.489;86.148;108.485;60.882;38.244;68.146;2.641;0.800;0.431;2.164;0.036;4.196;112.681;112.372;32.527;0.806;1.185;0.806;0.009;0.200;6.426;0.193;0;2;51.444;51.447;nan;nan;nan;27072;1;0;0;0;0;0;0
268;1;1;1;IDLE;0.000;0.000;1.000;21721.998273;21722.003090;21722.056527;21722.117140;805329;805329;805329;20134;21;12885264;12885304;100.000;678.861;678.861;6.473;7.107;3092.473;2.983;0.000;0.000;6.326;26.446;0.001;35.755;35.755;95.069;114.050;53.437;31.350;66.910;2.831;0.764;0.449;2.163;0.119;4.817;118.867;118.496;33.893;0.560;1.146;0.560;0.003;1.680;6.405;0.192;0;2;47.595;47.599;nan;nan;nan;26884;1;0;0;0;0;0;0
269;1;1;1;IDLE;0.000;0.000;1.000;21722.032592;21722.037489;21722.097804;21722.151426;805419;805419;805419;20136;22;12886704;12886744;100.000;596.233;596.233;6.699;7.364;3092.819;2.933;0.000;0.000;9.282;28.827;0.001;41.042;41.042;92.323;113.937;60.315;36.022;68.047;6.178;0.816;0.449;1.796;0.044;4.897;118.834;119.449;34.399;1.066;1.141;1.066;0.002;0.589;7.128;0.214;0;2;48.160;48.161;nan;nan;nan;27824;1;0;0;0;0;0;0
270;1;1;1;IDLE;0.000;0.000;1.000;21722.065469;21722.069203;21722.132685;21722.179341;804474;804474;804474;20112;22;12871584;12871624;100.000;603.434;603.434;6.789;7.454;3089.190;3.007;0.000;0.000;5.892;34.879;0.001;43.778;43.778;88.807;110.138;63.482;39.749;68.962;2.720;0.761;0.441;1.937;0.033;3.734;113.872;114.031;31.714;1.619;1.171;1.619;0.002;1.376;6.822;0.205;0;2;53.617;53.619;nan;nan;nan;28200;1;0;0;0;0;0;0
271;1;1;1;IDLE;0.000;0.000;1.000;21722.097436;21722.103469;21722.159186;21722.218410;796101;796101;796101;19903;22;12737616;12737656;100.000;658.480;658.480;6.924;7.590;3057.037;3.041;0.000;0.000;5.073;26.499;0.001;34.613;34.613;95.598;114.942;55.717;30.113;62.122;2.285;0.774;0.452;1.532;0.030;6.032;120.974;119.767;34.266;0.932;1.156;0.932;0.002;4.798;6.389;0.192;0;2;46.648;46.651;nan;nan;nan;28764;1;0;0;0;0;0;0
272;1;1;1;IDLE;0.000;0.000;1.000;21722.131402;21722.136719;21722.198948;21722.218460;805073;805073;805073;20127;22;12881168;12881208;100.000;618.724;618.724;6.970;7.635;3091.490;3.136;0.000;0.000;7.230;34.138;0.001;44.504;44.504;60.922;81.741;62.229;54.445;71.517;3.881;0.811;0.453;2.046;0.039;5.317;87.058;86.483;33.251;0.083;1.089;0.083;0.003;0.039;6.606;0.198;0;2;53.595;53.597;nan;nan;nan;28952;1;0;0;0;0;0;0
273;1;1;1;IDLE;0.000;0.000;1.000;21722.165083;21722.169430;21722.234731;21722.282573;797204;797204;797204;19931;23;12755264;12755304;100.000;624.130;624.130;7.240;7.937;3061.273;3.129;0.000;0.000;6.256;35.781;0.002;45.166;45.166;92.706;113.143;65.301;39.920;69.166;2.816;0.775;0.437;2.015;0.213;4.347;117.490;117.263;32.711;0.623;1.060;0.623;0.002;2.824;6.523;0.196;0;2;56.521;56.523;nan;nan;nan;30080;1;0;0;0;0;0;0
274;1;1;1;IDLE;0.000;0.000;1.000;21722.198028;21722.204121;21722.263431;21722.282624;805139;805139;805139;20129;22;12882224;12882264;100.000;584.499;584.499;6.970;7.635;3091.743;3.335;0.000;0.000;6.424;28.698;0.000;38.458;38.458;56.463;78.503;59.309;48.989;64.842;3.522;0.804;0.453;1.613;0.033;6.093;84.596;83.981;34.691;1.358;1.078;1.358;0.002;2.144;6.500;0.195;0;2;47.833;47.837;nan;nan;nan;28952;1;0;0;0;0;0;0
275;1;1;1;IDLE;0.000;0.000;1.000;21722.231502;21722.236255;21722.302679;21722.364000;808073;808073;808073;20202;23;12929168;12929208;100.000;563.025;563.025;7.060;7.756;3103.010;3.168;0.000;0.000;6.059;37.245;0.003;46.472;46.472;104.781;127.745;66.424;36.378;69.962;2.404;1.197;0.446;1.979;0.031;4.753;132.498;132.023;32.134;1.200;1.086;1.200;0.002;0.154;6.395;0.192;0;2;59.193;59.196;nan;nan;nan;29328;1;0;0;0;0;0;0
276;1;1;1;IDLE;0.000;0.000;1.000;21722.264296;21722.270676;21722.342694;21722.397786;813584;813584;813584;20340;21;13017344;13017384;100.000;588.469;588.469;6.473;7.107;3124.172;3.380;0.000;0.000;5.534;40.013;0.002;48.928;48.928;104.988;127.109;72.018;38.493;67.938;2.346;0.813;0.438;1.906;0.031;6.380;133.490;132.475;34.422;1.088;1.086;1.088;0.008;4.340;6.183;0.185;0;2;61.315;61.316;nan;nan;nan;26884;1;0;0;0;0;0;0
277;1;1;1;IDLE;0.000;0.000;1.000;21722.296197;21722.300387;21722.373164;21722.441922;812306;812306;812306;20308;108;12996896;12996936;100.000;513.078;513.078;33.861;37.210;3119.265;3.511;0.000;0.000;4.978;30.469;0.005;38.959;38.959;116.204;141.535;72.778;27.526;53.531;2.160;0.816;0.459;1.511;0.032;4.190;145.725;143.279;29.710;3.623;1.245;3.623;0.003;11.996;5.884;0.177;0;2;55.086;55.088;nan;nan;nan;141000;1;0;0;0;0;0;0
278;1;1;1;IDLE;0.000;0.000;1.000;21722.329413;21722.333188;21722.419941;21722.476000;817500;817500;817500;20438;22;13080000;13080040;100.000;504.551;504.551;6.879;7.545;3139.210;3.739;0.000;0.000;4.866;46.775;0.002;55.379;55.379;116.888;142.812;86.753;38.777;63.835;2.071;0.803;0.461;1.503;0.028;3.775;146.588;144.024;32.802;0.532;1.200;0.532;0.002;9.186;5.632;0.169;0;3;68.751;68.753;nan;nan;nan;28576;1;0;0;0;0;0;0
279;1;1;1;IDLE;0.000;0.000;1.000;21722.362608;21722.365707;21722.458092;21722.503960;824803;824803;824803;20621;19;13196848;13196888;100.000;508.503;508.503;5.796;6.368;3167.253;3.553;0.000;0.000;6.107;38.149;0.001;47.809;47.809;112.300;138.252;92.385;34.581;51.750;3.447;0.788;0.441;1.397;0.033;3.099;141.352;138.650;32.519;0.814;1.176;0.814;0.002;22.174;5.753;0.173;0;3;56.053;56.055;nan;nan;nan;24064;1;0;0;0;0;0;0
280;1;1;1;IDLE;0.000;0.000;1.000;21722.396052;21722.398473;21722.485948;21722.545160;813944;813944;813944;20349;19;13023104;13023144;100.000;561.250;561.250;5.751;6.323;3125.555;3.679;0.000;0.000;8.341;27.855;0.002;39.876;39.876;123.483;146.687;87.475;27.184;45.585;5.499;0.800;0.440;1.556;0.046;2.421;149.108;146.517;32.766;0.567;1.138;0.567;0.004;28.069;6.402;0.192;0;3;45.861;45.864;nan;nan;nan;23876;1;0;0;0;0;0;0
281;1;1;1;IDLE;0.000;0.000;1.000;21722.429297;21722.432819;21722.525116;21722.580250;815307;815307;815307;20383;21;13044912;13044952;100.000;691.422;691.422;6.383;7.017;3130.788;2.885;0.000;0.000;5.676;39.166;0.001;47.727;47.727;128.565;147.432;92.297;32.372;51.710;2.888;0.787;0.438;1.535;0.028;3.521;150.953;148.274;34.345;1.012;1.130;1.012;0.003;28.584;6.223;0.187;0;3;59.207;59.209;nan;nan;nan;26508;1;0;0;0;0;0;0
282;1;1;1;IDLE;0.000;0.000;1.000;21722.465531;21722.469080;21722.561411;21722.608352;816329;816329;816329;20409;19;13061264;13061304;100.000;551.008;551.008;5.932;6.504;3134.713;2.909;0.000;0.000;6.225;36.291;0.002;45.425;45.425;115.568;139.272;92.331;32.616;49.198;3.284;0.816;0.456;1.635;0.035;3.549;142.821;143.042;36.261;2.928;1.242;2.928;0.002;26.107;6.226;0.187;0;3;55.126;55.129;nan;nan;nan;24628;1;0;0;0;0;0;0
283;1;1;1;IDLE;0.000;0.000;1.000;21722.496986;21722.500499;21722.589188;21722.650288;813249;813249;813249;20332;21;13011984;13012024;100.000;577.251;577.251;6.473;7.107;3122.886;3.325;0.000;0.000;6.547;27.775;0.002;37.647;37.647;127.248;149.789;88.689;25.133;42.448;2.911;0.805;0.443;2.352;0.036;3.513;153.302;151.645;31.419;1.914;1.284;1.914;0.002;31.822;6.310;0.189;0;3;46.932;46.935;nan;nan;nan;26884;1;0;0;0;0;0;0
284;1;1;1;IDLE;0.000;0.000;1.000;21722.533307;21722.537297;21722.629077;21722.684492;809333;809333;809333;20234;22;12949328;12949368;100.000;676.823;676.823;6.699;7.364;3107.848;2.774;0.000;0.000;6.153;39.886;0.001;48.813;48.813;128.063;147.195;91.780;33.162;53.185;2.852;0.788;0.430;2.045;0.038;3.990;151.186;152.515;36.798;3.465;1.421;3.465;0.002;26.605;6.276;0.188;0;3;61.095;61.096;nan;nan;nan;27824;1;0;0;0;0;0;0
285;1;1;1;IDLE;0.000;0.000;1.000;21722.565292;21722.569511;21722.665453;21722.722840;815482;815482;815482;20388;22;13047712;13047752;100.000;575.154;575.154;6.970;7.635;3131.460;2.883;0.000;0.000;8.693;36.373;0.002;47.950;47.950;130.644;153.330;95.943;31.272;49.977;5.569;0.819;0.463;1.803;0.039;4.219;157.549;157.530;32.214;1.119;1.402;1.119;0.007;28.182;6.883;0.206;0;3;55.408;55.410;nan;nan;nan;28952;1;0;0;0;0;0;0
286;1;1;1;IDLE;0.000;0.000;1.000;21722.598002;21722.601849;21722.691585;21722.722879;814633;814633;814633;20366;22;13034128;13034168;100.000;570.001;570.001;6.970;7.635;3128.200;3.234;0.000;0.000;6.010;26.130;0.001;35.374;35.374;98.164;121.031;89.736;29.227;39.419;2.662;0.800;0.435;2.075;0.038;3.847;124.877;124.236;32.338;0.995;1.376;0.995;0.002;34.726;6.668;0.200;0;3;57.381;57.384;nan;nan;nan;28952;1;0;0;0;0;0;0
287;1;1;1;IDLE;0.000;0.000;1.000;21722.630671;21722.636106;21722.730716;21722.788737;814941;814941;814941;20374;22;13039056;13039096;100.000;713.463;713.463;6.879;7.545;3129.383;3.026;0.000;0.000;4.621;39.130;0.002;46.777;46.777;134.356;152.632;94.610;30.647;49.442;1.779;0.764;0.438;1.611;0.029;5.434;158.066;156.761;34.257;0.924;1.348;0.924;0.003;32.580;6.158;0.185;0;3;59.060;59.062;nan;nan;nan;28576;1;0;0;0;0;0;0
288;1;1;1;IDLE;0.000;0.000;1.000;21722.665961;21722.672111;21722.766870;21722.817286;818847;818847;818847;20472;23;13101552;13101592;100.000;589.449;589.449;7.060;7.756;3144.382;3.148;0.000;0.000;28.481;36.152;0.002;67.781;67.781;122.948;145.175;94.759;46.689;71.530;5.953;0.793;0.456;1.948;19.331;6.150;151.325;151.976;36.005;2.672;1.431;2.672;0.005;7.892;11.741;0.352;0;3;58.015;58.017;nan;nan;nan;29328;1;0;0;0;0;0;0
289;1;1;1;IDLE;0.000;0.000;1.000;21722.699387;21722.702861;21722.796128;21722.858870;824052;824052;824052;20602;21;13184832;13184872;100.000;598.448;598.448;6.428;7.062;3164.369;14.700;0.000;0.000;4.450;29.257;0.002;48.407;48.407;133.977;156.009;93.267;31.028;51.902;1.672;0.788;0.459;1.507;0.024;3.473;159.482;160.226;30.750;2.583;1.503;2.583;0.002;37.526;9.921;0.298;0;3;50.410;50.412;nan;nan;nan;26696;1;0;0;0;0;0;0
290;1;1;1;IDLE;0.000;0.000;1.000;21722.729278;21722.735449;21722.837128;21722.858915;835458;835458;835458;20887;22;13367328;13367368;100.000;568.174;568.174;6.970;7.635;3208.168;3.648;0.000;0.000;5.652;40.997;0.001;50.297;50.297;99.939;123.466;101.680;40.738;49.467;2.374;0.797;0.466;1.986;0.030;6.171;129.637;126.938;32.588;0.745;1.455;0.745;0.002;31.500;8.856;0.266;0;3;62.735;62.737;nan;nan;nan;28952;1;0;0;0;0;0;0
291;1;1;1;IDLE;0.000;0.000;1.000;21722.764057;21722.768606;21722.877863;21722.929600;819605;819605;819605;20491;21;13113680;13113720;100.000;527.469;527.469;6.564;7.198;3147.293;3.412;0.000;0.000;7.338;40.732;0.003;51.481;51.481;136.132;160.994;109.257;31.977;47.120;4.189;0.823;0.446;1.843;0.035;4.549;165.543;164.290;33.157;0.176;1.375;0.176;0.002;36.322;8.479;0.254;0;3;62.019;62.020;nan;nan;nan;27260;1;0;0;0;0;0;0
292;1;1;1;IDLE;0.000;0.000;1.000;21722.798465;21722.804875;21722.906926;21722.970657;827799;827799;827799;20695;105;13244784;13244824;100.000;606.425;606.425;33.049;36.304;3178.758;3.425;0.000;0.000;6.053;29.061;0.012;38.539;38.539;143.941;165.782;102.051;23.247;37.765;3.201;0.801;0.436;1.578;0.037;6.410;172.192;172.013;36.269;2.935;1.473;2.935;0.002;45.093;7.876;0.236;0;3;51.727;51.732;nan;nan;nan;137616;1;0;0;0;0;0;0
293;1;1;1;IDLE;0.000;0.000;1.000;21722.830865;21722.834834;21722.952411;21723.008260;830771;830771;830771;20770;22;13292336;13292376;100.000;510.875;510.875;6.789;7.454;3190.170;3.759;0.000;0.000;6.877;45.482;0.002;56.118;56.118;147.407;173.426;117.577;32.359;47.729;3.747;0.796;0.437;1.792;0.106;3.970;177.396;176.284;29.959;3.374;1.592;3.374;0.003;39.195;7.630;0.229;0;3;63.720;63.723;nan;nan;nan;28200;1;0;0;0;0;0;0
294;1;1;1;IDLE;0.000;0.000;1.000;21722.864352;21722.867446;21722.987711;21723.036499;835004;835004;835004;20876;18;13360064;13360104;100.000;516.283;516.283;5.661;6.202;3206.425;4.049;0.000;0.000;5.810;35.297;0.002;45.155;45.155;143.175;169.053;120.265;26.711;37.547;3.045;0.796;0.441;1.495;0.032;3.094;172.147;171.189;32.612;0.722;1.537;0.722;0.003;53.277;7.177;0.215;0;4;55.842;55.844;nan;nan;nan;23500;1;0;0;0;0;0;0
295;1;1;1;IDLE;0.000;0.000;1.000;21722.896698;21722.899233;21723.018185;21723.078397;814967;814967;814967;20375;18;13039472;13039512;100.000;528.271;528.271;5.616;6.156;3129.483;3.235;0.000;0.000;5.650;30.473;0.001;39.357;39.357;154.481;179.164;118.953;21.967;33.087;2.288;0.794;0.466;2.070;0.032;2.534;181.699;179.753;31.787;1.547;1.538;1.547;0.002;58.143;6.799;0.204;0;4;48.780;48.784;nan;nan;nan;23312;1;0;0;0;0;0;0
296;1;1;1;IDLE;0.000;0.000;1.000;21722.930683;21722.933974;21723.056642;21723.113438;818656;818656;818656;20467;20;13098496;13098536;100.000;510.650;510.650;6.203;6.805;3143.649;3.410;0.000;0.000;6.040;38.456;0.001;47.906;47.906;153.813;179.464;122.668;26.694;39.053;3.173;0.809;0.454;1.575;0.030;3.291;182.755;181.461;34.741;1.408;1.530;1.408;0.003;52.518;6.612;0.198;0;4;60.206;60.208;nan;nan;nan;25756;1;0;0;0;0;0;0
297;1;1;1;IDLE;0.000;0.000;1.000;21722.963767;21722.966606;21723.093879;21723.134078;819807;819807;819807;20496;21;13116912;13116952;100.000;618.899;618.899;6.428;7.062;3148.068;3.057;0.000;0.000;7.311;37.235;0.001;47.604;47.604;146.278;167.472;127.273;28.425;37.403;3.598;0.845;0.440;2.384;0.044;2.839;170.311;168.768;32.632;0.701;1.478;0.701;0.002;61.530;6.804;0.204;0;4;56.791;56.792;nan;nan;nan;26696;1;0;0;0;0;0;0
298;1;1;1;IDLE;0.000;0.000;1.000;21722.997578;21723.001433;21723.118194;21723.134114;814766;814766;814766;20370;21;13036256;13036296;100.000;555.905;555.905;6.654;7.288;3128.711;3.009;0.000;0.000;5.692;24.311;0.001;33.012;33.012;109.230;132.681;116.761;24.881;28.273;2.684;0.813;0.457;1.707;0.032;3.855;136.536;135.471;34.827;1.494;1.479;1.494;0.002;63.304;6.529;0.196;0;4;40.192;40.193;nan;nan;nan;27636;1;0;0;0;0;0;0
299;1;1;1;IDLE;0.000;0.000;1.000;21723.029756;21723.033164;21723.146319;21723.194638;809259;809259;809259;20232;23;12948144;12948184;100.000;582.232;582.232;7.015;7.711;3107.564;3.115;0.000;0.000;7.178;28.123;0.002;38.416;38.416;139.235;161.474;113.155;23.791;33.950;3.610;0.814;0.436;2.274;0.044;3.407;164.882;162.661;31.730;1.603;1.487;1.603;0.002;54.373;7.005;0.210;0;4;44.378;44.380;nan;nan;nan;29140;1;0;0;0;0;0;0
300;1;1;1;IDLE;0.000;0.000;1.000;21723.064903;21723.068530;21723.173877;21723.218112;812212;812212;812212;20306;23;12995392;12995432;100.000;680.696;680.696;7.015;7.711;3118.904;2.912;0.000;0.000;6.622;27.557;0.002;37.092;37.092;130.490;149.582;105.346;24.797;35.209;3.480;0.781;0.439;1.884;0.038;3.628;153.209;152.802;35.367;2.034;1.521;2.034;0.003;45.815;8.474;0.254;0;4;48.314;48.316;nan;nan;nan;29140;1;0;0;0;0;0;0
