frame_id;rx_complete;tx_complete;current_skip;event;yaw;pitch;zoom;camera_send_timestamp;recv_start_timestamp;codec_exit_time;node_exit_timestamp;original_points;rx_points;processed_points;rx_packets;tx_packets;payload_bytes;reference_size_bytes;data_integrity_pct;internal_throughput_mbs;reference_throughput_mbs;logical_bitrate_mbps;network_bitrate_mbps;reference_bitrate_mbps;conversion_ms;geometry_aggregation_ms;max_r_ms;projection_ms;codec_write_ms;active_tx_ms;active_process_ms;reference_process_ms;total_processing_ms;total_residency_ms;reference_residency_ms;node_efficiency_pct;reference_efficiency_pct;gpu_transfer_ms;gpu_kernel_ms;gpu_packing_ms;gpu_copyback_ms;host_overhead_ms;camera_node_ms;e2e_latency_ms;schedule_delay_ms;inter_arrival_ms;instant_jitter_ms;desynced_jitter_ms;reference_jitter_ms;raw_queue_ms;render_queue_ms;workload_ewma_ms;workload_ratio;frame_backlog;codec_backlog;encode_service_ms;encode_h265_ms;mse_y;psnr_y;ssim_y;mpeg_bytes_generated;ffmpeg_write_calls;ffmpeg_write_eagain;tx_zero_accepts;tx_partial_accepts;tx_resubmit_calls;tx_resubmitted_packets;mbuf_starvation
1;1;1;1;WARMUP;0.000;0.000;1.000;1807.535932;1807.538282;1807.571146;1807.599336;784142;784142;784142;9802;108;12546272;12546312;100.000;919.234;919.234;34.132;37.480;3011.115;10.686;0.000;0.000;12.091;7.017;0.003;29.795;29.795;47.405;61.054;32.863;48.800;90.662;1.610;0.910;0.500;1.392;7.680;2.350;63.404;61.054;0.000;0.000;0.000;0.000;0.015;0.091;12.106;0.363;0;1;34.181;34.182;0.240000;54.340000;0.992905;142128;1;0;0;0;0;0;0
2;1;1;1;WARMUP;0.000;0.000;1.000;1807.569660;1807.573269;1807.605557;1807.636246;783406;783406;783406;9793;22;12534496;12534536;100.000;808.097;808.097;6.970;7.635;3008.289;2.763;0.000;0.000;4.339;12.365;0.002;19.467;19.467;47.465;62.977;32.288;30.912;60.293;1.471;0.913;0.535;1.394;0.026;3.609;66.586;64.630;34.987;1.653;0.103;1.653;0.009;0.062;10.167;0.305;0;2;42.955;42.957;0.240000;54.280000;0.996176;28952;1;0;0;0;0;0;0
3;1;1;1;WARMUP;0.000;0.000;1.000;1807.602865;1807.605881;1807.645755;1807.707371;780200;780200;780200;9753;18;12483200;12483240;100.000;593.030;593.030;5.481;6.021;2995.978;3.721;0.000;0.000;4.367;13.933;0.005;22.020;22.020;80.440;101.490;39.874;21.697;55.224;1.496;0.923;0.524;1.395;0.029;3.016;104.506;102.422;32.612;0.721;0.142;0.721;0.002;0.521;8.719;0.262;0;2;40.313;40.316;0.260000;54.020000;0.996908;22748;1;0;0;0;0;0;0
4;1;1;1;WARMUP;0.000;0.000;1.000;1807.637170;1807.641763;1807.680626;1807.741603;778467;778467;778467;9731;18;12455472;12455512;100.000;670.660;670.660;5.481;6.021;2989.323;3.776;0.000;0.000;5.414;14.278;0.003;23.468;23.468;81.268;99.840;38.863;23.506;60.386;2.462;0.916;0.515;1.495;0.027;4.593;104.433;103.321;35.882;2.548;0.292;2.548;0.002;0.597;7.896;0.237;0;2;41.016;41.019;0.260000;54.030000;0.997277;22748;1;0;0;0;0;0;0
5;1;1;1;WARMUP;0.000;0.000;1.000;1807.670320;1807.673912;1807.716480;1807.775681;776427;776427;776427;9706;17;12422832;12422872;100.000;665.104;665.104;5.345;5.855;2981.489;3.020;0.000;0.000;5.202;18.056;0.001;26.278;26.278;83.091;101.769;42.568;25.821;61.731;2.310;0.898;0.514;1.449;0.031;3.593;105.361;104.066;32.150;1.183;0.348;1.183;0.002;0.629;5.218;0.157;0;2;43.171;43.174;0.250000;54.090000;0.997544;22184;1;0;0;0;0;0;0
6;1;1;1;IDLE;0.000;0.000;1.000;1807.702629;1807.705351;1807.749440;1807.809756;774893;774893;774893;9687;19;12398288;12398328;100.000;714.008;714.008;5.887;6.458;2975.599;2.777;0.000;0.000;6.999;18.943;0.002;28.718;28.718;87.041;104.405;44.089;27.506;65.136;4.095;0.897;0.517;1.454;0.035;2.721;107.127;104.807;31.438;1.895;0.445;1.895;0.003;0.780;5.666;0.170;0;2;45.180;45.182;0.230000;54.520000;0.997854;24440;1;0;0;0;0;0;0
7;1;1;1;IDLE;0.000;0.000;1.000;1807.736782;1807.739572;1807.783342;1807.842120;775949;775949;775949;9700;19;12415184;12415224;100.000;738.025;738.025;5.977;6.549;2979.654;2.755;0.000;0.000;7.016;19.780;0.002;29.551;29.551;85.725;102.548;43.770;28.817;67.514;4.125;0.898;0.515;1.440;0.038;2.790;105.338;103.837;34.221;0.888;0.472;0.888;0.003;0.148;6.007;0.180;0;2;46.186;46.190;0.210000;54.850000;0.998111;24816;1;0;0;0;0;0;0
8;1;1;1;IDLE;0.000;0.000;1.000;1807.769992;1807.772794;1807.817128;1807.842195;775463;775463;775463;9694;20;12407408;12407448;100.000;744.410;744.410;6.338;6.941;2977.788;2.798;0.000;0.000;7.977;19.489;0.001;30.264;30.264;52.734;69.402;44.334;43.607;68.262;4.812;1.165;0.520;1.443;0.036;2.802;72.203;70.580;33.222;0.112;0.450;0.112;0.002;0.198;6.503;0.195;0;2;44.477;44.478;0.200000;55.040000;0.998287;26320;1;0;0;0;0;0;0
9;1;1;1;IDLE;0.000;0.000;1.000;1807.803448;1807.806299;1807.850085;1807.908986;775698;775698;775698;9697;20;12411168;12411208;100.000;769.961;769.961;6.338;6.941;2978.690;2.759;0.000;0.000;6.360;20.274;0.002;29.393;29.393;86.568;102.687;43.787;28.624;67.129;3.034;0.895;0.528;1.871;0.032;2.850;105.537;104.037;33.505;0.172;0.433;0.172;0.002;1.030;6.469;0.194;0;2;46.912;46.914;0.200000;55.090000;0.998357;26320;1;0;0;0;0;0;0
10;1;1;1;IDLE;0.000;0.000;1.000;1807.836531;1807.839850;1807.884064;1807.941667;778020;778020;778020;9726;20;12448320;12448360;100.000;740.937;740.937;6.112;6.715;2987.606;2.756;0.000;0.000;7.001;20.285;0.002;30.042;30.042;85.016;101.817;44.213;29.506;67.947;4.196;0.827;0.468;1.474;0.037;3.319;105.135;103.385;33.551;0.218;0.419;0.218;0.003;0.123;6.605;0.198;0;2;45.187;45.206;0.200000;55.160000;0.998364;25380;1;0;0;0;0;0;0
11;1;1;1;IDLE;0.000;0.000;1.000;1807.869967;1807.872768;1807.916803;1807.974891;778554;778554;778554;9732;19;12456864;12456904;100.000;762.260;762.260;5.796;6.368;2989.657;2.671;0.000;0.000;6.355;19.934;0.002;28.959;28.959;85.781;102.124;44.035;28.357;65.764;3.099;0.849;0.489;1.887;0.031;2.800;104.924;103.276;32.917;0.416;0.419;0.416;0.010;1.393;6.544;0.196;0;2;44.791;44.794;0.200000;55.220000;0.998468;24064;1;0;0;0;0;0;0
12;1;1;1;IDLE;0.000;0.000;1.000;1807.903457;1807.906450;1807.950970;1808.007767;779986;779986;779986;9750;20;12479776;12479816;100.000;743.467;743.467;6.157;6.760;2995.156;2.773;0.000;0.000;7.288;20.045;0.002;30.106;30.106;84.531;101.317;44.520;29.714;67.623;4.308;1.005;0.483;1.453;0.039;2.993;104.311;102.819;33.682;0.349;0.415;0.349;0.002;0.398;6.734;0.202;0;2;43.961;43.963;0.200000;55.150000;0.998528;25568;1;0;0;0;0;0;0
13;1;1;1;IDLE;0.000;0.000;1.000;1807.936728;1807.939556;1807.983167;1808.007860;780926;780926;780926;9762;20;12494816;12494856;100.000;729.242;729.242;6.338;6.941;2998.765;2.836;0.000;0.000;7.061;19.170;0.002;29.067;29.067;51.169;68.303;43.611;42.556;66.651;4.231;0.836;0.483;1.472;0.038;2.828;71.131;69.578;33.106;0.227;0.403;0.227;0.002;0.242;6.819;0.205;0;2;43.762;43.765;0.200000;55.110000;0.998610;26320;1;0;0;0;0;0;0
14;1;1;1;IDLE;0.000;0.000;1.000;1807.970034;1807.972832;1808.016476;1808.073852;782770;782770;782770;9785;21;12524320;12524360;100.000;714.423;714.423;6.428;7.062;3005.846;2.825;0.000;0.000;7.281;18.398;0.003;28.503;28.503;83.489;101.020;43.643;28.216;65.310;4.289;1.014;0.484;1.454;0.040;2.799;103.819;102.237;33.276;0.057;0.381;0.057;0.004;0.429;6.938;0.208;0;2;42.641;42.645;0.200000;55.080000;0.998614;26696;1;0;0;0;0;0;0
15;1;1;1;IDLE;0.000;0.000;1.000;1808.003382;1808.006192;1808.049444;1808.108478;784474;784474;784474;9806;21;12551584;12551624;100.000;706.010;706.010;6.518;7.152;3012.390;2.970;0.000;0.000;6.733;18.355;0.002;28.058;28.058;84.508;102.286;43.253;27.431;64.871;4.016;0.777;0.458;1.443;0.039;2.809;105.096;103.529;33.359;0.026;0.359;0.026;0.003;0.382;6.890;0.207;0;2;42.758;42.760;0.200000;55.100000;0.998670;27072;1;0;0;0;0;0;0
16;1;1;1;IDLE;0.000;0.000;1.000;1808.036439;1808.039166;1808.083255;1808.109460;785193;785193;785193;9815;100;12563088;12563128;100.000;682.738;682.738;31.605;34.704;3015.151;2.923;0.000;0.000;6.681;18.042;0.006;27.646;27.646;51.892;70.294;44.089;39.330;62.706;3.981;0.787;0.462;1.419;0.033;2.728;73.021;71.178;32.975;0.359;0.359;0.359;0.002;0.961;6.841;0.205;0;2;43.246;43.249;0.280000;53.630000;0.991970;131600;1;0;0;0;0;0;0
17;1;1;1;IDLE;0.000;0.000;1.000;1808.069798;1808.072512;1808.117267;1808.173562;782720;782720;782720;9784;22;12523520;12523560;100.000;704.275;704.275;6.924;7.590;3005.654;2.945;0.000;0.000;7.076;19.271;0.002;29.293;29.293;83.267;101.049;44.754;28.988;65.452;4.128;1.020;0.457;1.434;0.038;2.714;103.763;101.946;33.346;0.013;0.337;0.013;0.002;0.621;6.903;0.207;0;2;42.948;42.951;0.260000;54.040000;0.996025;28764;1;0;0;0;0;0;0
18;1;1;1;IDLE;0.000;0.000;1.000;1808.102959;1808.105675;1808.149491;1808.206617;781613;781613;781613;9771;18;12505808;12505848;100.000;756.801;756.801;5.571;6.111;3001.404;2.886;0.000;0.000;6.299;19.832;0.002;29.016;29.016;84.417;100.942;43.816;28.745;66.222;3.106;0.782;0.498;1.876;0.037;2.715;103.657;101.668;33.162;0.171;0.327;0.171;0.002;1.157;6.753;0.203;0;2;43.886;43.889;0.260000;53.990000;0.996871;23124;1;0;0;0;0;0;0
19;1;1;1;IDLE;0.000;0.000;1.000;1808.136687;1808.139417;1808.182542;1808.239690;780006;780006;780006;9751;17;12480096;12480136;100.000;686.052;686.052;5.345;5.855;2995.233;2.821;0.000;0.000;6.599;18.183;0.002;27.603;27.603;82.082;100.273;43.126;27.528;64.007;3.880;0.782;0.460;1.444;0.033;2.730;103.003;101.408;33.742;0.409;0.332;0.409;0.002;0.149;6.719;0.202;0;2;42.251;42.254;0.260000;54.060000;0.997278;22184;1;0;0;0;0;0;0
20;1;1;1;IDLE;0.000;0.000;1.000;1808.169852;1808.172601;1808.215643;1808.271710;780302;780302;780302;9754;18;12484832;12484872;100.000;683.257;683.257;5.481;6.021;2996.369;3.008;0.000;0.000;6.616;18.018;0.002;27.642;27.642;80.836;99.109;43.042;27.890;64.220;3.953;0.753;0.452;1.426;0.033;2.749;101.858;100.094;33.184;0.149;0.321;0.149;0.010;0.124;6.696;0.201;0;2;42.049;42.052;0.240000;54.360000;0.997677;22748;1;0;0;0;0;0;0
21;1;1;1;IDLE;0.000;0.000;1.000;1808.203074;1808.205790;1808.249651;1808.303574;779066;779066;779066;9739;19;12465056;12465096;100.000;669.382;669.382;5.977;6.549;2991.623;3.009;0.000;0.000;6.533;18.355;0.002;27.896;27.896;79.162;97.784;43.861;28.529;63.601;3.887;0.756;0.452;1.402;0.035;2.716;100.500;98.625;33.189;0.144;0.310;0.144;0.002;0.349;6.658;0.200;0;2;40.408;40.410;0.220000;54.660000;0.997963;24816;1;0;0;0;0;0;0
22;1;1;1;IDLE;0.000;0.000;1.000;1808.236483;1808.239234;1808.281721;1808.303644;778280;778280;778280;9729;19;12452480;12452520;100.000;673.752;673.752;6.022;6.594;2988.605;2.967;0.000;0.000;6.061;17.891;0.001;26.920;26.920;45.927;64.410;42.487;41.794;63.360;3.406;0.758;0.452;1.408;0.038;2.750;67.160;65.361;33.444;0.110;0.297;0.110;0.002;0.049;6.512;0.195;0;2;39.738;39.740;0.210000;54.920000;0.998187;25004;1;0;0;0;0;0;0
23;1;1;1;IDLE;0.000;0.000;1.000;1808.269670;1808.272451;1808.312013;1808.368419;778907;778907;778907;9737;20;12462512;12462552;100.000;648.095;648.095;6.248;6.851;2991.012;2.978;0.000;0.000;5.454;14.297;0.004;22.729;22.729;76.738;95.967;39.562;23.684;57.452;2.457;0.761;0.454;1.742;0.040;2.782;98.749;96.803;33.218;0.116;0.286;0.116;0.003;0.577;6.251;0.188;0;2;38.680;38.682;0.200000;55.170000;0.998307;25944;1;0;0;0;0;0;0
24;1;1;1;IDLE;0.000;0.000;1.000;1808.302676;1808.305546;1808.348831;1808.404133;779289;779289;779289;9742;19;12468624;12468664;100.000;618.290;618.290;5.751;6.323;2992.479;3.126;0.000;0.000;4.893;18.043;0.003;26.062;26.062;78.420;98.587;43.285;26.436;60.211;2.126;0.857;0.479;1.400;0.031;2.870;101.457;99.184;33.095;0.238;0.283;0.238;0.002;0.179;5.914;0.177;0;2;37.625;37.626;0.200000;55.230000;0.998408;23876;1;0;0;0;0;0;0
25;1;1;1;IDLE;0.000;0.000;1.000;1808.336016;1808.338929;1808.376272;1808.404191;779739;779739;779739;9747;19;12475824;12475864;100.000;615.593;615.593;6.022;6.594;2994.207;3.316;0.000;0.000;4.821;12.179;0.001;20.316;20.316;44.996;65.263;37.344;31.130;54.404;2.095;0.776;0.478;1.441;0.031;2.913;68.175;65.909;33.382;0.049;0.268;0.049;0.002;0.073;5.644;0.169;0;2;40.028;40.038;0.200000;55.160000;0.998476;25004;1;0;0;0;0;0;0
26;1;1;1;IDLE;0.000;0.000;1.000;1808.369491;1808.372401;1808.415665;1808.471143;779364;779364;779364;9743;21;12469824;12469864;100.000;612.978;612.978;6.383;7.017;2992.767;3.442;0.000;0.000;6.020;16.864;0.003;26.325;26.325;78.399;98.742;43.263;26.661;60.848;3.107;0.788;0.453;1.640;0.032;2.911;101.653;99.528;33.473;0.139;0.260;0.139;0.002;0.034;5.742;0.172;0;2;40.312;40.313;0.200000;55.160000;0.998489;26508;1;0;0;0;0;0;0
27;1;1;1;IDLE;0.000;0.000;1.000;1808.402727;1808.405535;1808.448192;1808.503111;780025;780025;780025;9751;20;12480400;12480440;100.000;658.644;658.644;6.338;6.941;2995.306;2.988;0.000;0.000;6.425;17.262;0.002;26.675;26.675;78.627;97.575;42.657;27.338;62.534;3.651;0.847;0.477;1.406;0.044;2.808;100.383;98.162;33.134;0.199;0.256;0.199;0.002;0.018;5.915;0.177;0;2;40.208;40.210;0.200000;55.110000;0.998594;26320;1;0;0;0;0;0;0
28;1;1;1;IDLE;0.000;0.000;1.000;1808.436017;1808.438722;1808.479985;1808.536595;780373;780373;780373;9755;21;12485968;12486008;100.000;668.988;668.988;6.428;7.062;2996.642;3.068;0.000;0.000;6.059;16.499;0.003;25.625;25.625;79.209;97.873;41.263;26.182;62.102;3.399;0.757;0.459;1.401;0.043;2.706;100.579;98.313;33.187;0.146;0.249;0.146;0.003;0.037;5.954;0.179;0;2;39.611;39.623;0.200000;55.120000;0.998636;26696;1;0;0;0;0;0;0
29;1;1;1;IDLE;0.000;0.000;1.000;1808.469377;1808.472175;1808.511777;1808.570359;781651;781651;781651;9771;22;12506416;12506456;100.000;631.474;631.474;6.744;7.409;3001.549;3.003;0.000;0.000;5.179;14.069;0.002;22.251;22.251;78.379;98.184;39.602;22.663;56.188;2.354;0.760;0.473;1.563;0.030;2.798;100.983;98.744;33.453;0.119;0.241;0.119;0.011;0.536;5.763;0.173;0;2;38.883;38.884;0.200000;55.070000;0.998644;28012;1;0;0;0;0;0;0
30;1;1;1;IDLE;0.000;0.000;1.000;1808.502683;1808.505619;1808.545296;1808.604368;781375;781375;781375;9768;21;12502000;12502040;100.000;621.948;621.948;6.428;7.062;3000.490;3.280;0.000;0.000;4.898;14.409;0.002;22.587;22.587;78.647;98.749;39.678;22.873;56.925;2.144;0.839;0.478;1.405;0.032;2.936;101.684;99.419;33.444;0.110;0.233;0.110;0.002;0.266;5.549;0.166;0;2;39.467;39.469;0.200000;55.070000;0.998630;26696;1;0;0;0;0;0;0
31;1;1;1;IDLE;0.000;0.000;1.000;1808.536016;1808.538933;1808.579328;1808.637911;784392;784392;784392;9805;100;12550272;12550312;100.000;621.943;621.943;31.380;34.478;3012.075;3.271;0.000;0.000;4.997;15.034;0.009;23.302;23.302;78.799;98.978;40.396;23.543;57.686;2.174;0.773;0.480;1.536;0.032;2.917;101.895;99.629;33.314;0.019;0.220;0.019;0.002;0.183;5.414;0.162;0;2;40.062;40.066;0.280000;53.700000;0.991803;130660;1;0;0;0;0;0;0
32;1;1;1;IDLE;0.000;0.000;1.000;1808.569349;1808.572205;1808.615109;1808.670330;782671;782671;782671;9784;22;12522736;12522776;100.000;616.851;616.851;6.924;7.590;3005.466;3.110;0.000;0.000;5.843;16.741;0.003;25.694;25.694;77.825;98.126;42.905;26.185;59.886;3.203;0.766;0.441;1.399;0.034;2.856;100.982;98.715;33.272;0.062;0.210;0.062;0.002;0.017;5.524;0.166;0;2;39.537;39.539;0.260000;54.040000;0.995872;28764;1;0;0;0;0;0;0
33;1;1;1;IDLE;0.000;0.000;1.000;1808.602682;1808.605610;1808.646662;1808.703653;776999;776999;776999;9713;18;12431984;12432024;100.000;664.663;664.663;5.706;6.247;2983.686;3.329;0.000;0.000;6.217;15.210;0.002;24.756;24.756;79.338;98.042;41.051;25.250;60.305;3.344;0.759;0.474;1.599;0.041;2.928;100.970;98.704;33.406;0.072;0.201;0.072;0.003;0.916;5.700;0.171;0;2;38.874;38.875;0.260000;53.970000;0.996777;23688;1;0;0;0;0;0;0
34;1;1;1;IDLE;0.000;0.000;1.000;1808.636028;1808.638791;1808.679182;1808.736537;778650;778650;778650;9734;18;12458400;12458440;100.000;637.080;637.080;5.526;6.066;2990.026;2.961;0.000;0.000;5.370;15.297;0.002;23.629;23.629;78.190;97.746;40.391;24.173;58.500;2.393;0.764;0.455;1.726;0.032;2.763;100.509;98.255;33.181;0.152;0.198;0.152;0.002;0.163;5.621;0.169;0;2;39.763;39.767;0.260000;54.060000;0.997324;22936;1;0;0;0;0;0;0
35;1;1;1;IDLE;0.000;0.000;1.000;1808.669324;1808.672227;1808.712567;1808.770184;778007;778007;778007;9726;18;12448112;12448152;100.000;632.538;632.538;5.571;6.111;2987.556;3.131;0.000;0.000;5.149;15.284;0.002;23.564;23.564;78.277;97.957;40.340;24.055;58.413;2.277;0.761;0.473;1.606;0.032;2.903;100.860;98.568;33.436;0.102;0.192;0.102;0.002;0.224;5.505;0.165;0;2;39.250;39.251;0.240000;54.390000;0.997672;23124;1;0;0;0;0;0;0
36;1;1;1;IDLE;0.000;0.000;1.000;1808.702671;1808.705505;1808.745078;1808.803874;776483;776483;776483;9707;19;12423728;12423768;100.000;632.698;632.698;6.022;6.594;2981.704;3.166;0.000;0.000;5.060;14.419;0.003;22.645;22.645;78.732;98.369;39.573;23.021;57.224;2.220;0.793;0.473;1.543;0.031;2.834;101.203;98.925;33.278;0.055;0.184;0.055;0.003;0.455;5.396;0.162;0;2;39.519;39.521;0.220000;54.670000;0.997999;25004;1;0;0;0;0;0;0
37;1;1;1;IDLE;0.000;0.000;1.000;1808.735998;1808.738907;1808.779080;1808.836558;781287;781287;781287;9767;21;12500592;12500632;100.000;610.846;610.846;6.383;7.017;3000.152;3.173;0.000;0.000;6.395;13.234;0.002;22.802;22.802;77.186;97.651;40.172;23.351;56.761;3.231;1.022;0.457;1.651;0.035;2.909;100.560;98.276;33.402;0.069;0.177;0.069;0.011;0.067;5.650;0.169;0;2;38.016;38.026;0.210000;55.010000;0.998152;26508;1;0;0;0;0;0;0
38;1;1;1;IDLE;0.000;0.000;1.000;1808.769398;1808.772302;1808.812835;1808.869534;780329;780329;780329;9755;22;12485264;12485304;100.000;626.103;626.103;6.699;7.364;2996.473;3.210;0.000;0.000;4.931;15.376;0.003;23.517;23.517;77.290;97.232;40.532;24.186;58.020;2.166;0.780;0.475;1.481;0.030;2.905;100.137;97.919;33.395;0.062;0.169;0.062;0.002;0.280;5.474;0.164;0;2;39.094;39.096;0.200000;55.050000;0.998366;27824;1;0;0;0;0;0;0
39;1;1;1;IDLE;0.000;0.000;1.000;1808.802642;1808.805468;1808.844879;1808.903445;780785;780785;780785;9760;23;12492560;12492600;100.000;635.830;635.830;7.015;7.711;2998.224;3.117;0.000;0.000;5.160;14.002;0.002;22.279;22.279;78.329;97.977;39.412;22.739;56.528;2.306;0.786;0.478;1.557;0.032;2.826;100.803;98.496;33.165;0.168;0.169;0.168;0.002;0.598;5.398;0.162;0;2;38.652;38.654;0.210000;54.960000;0.998384;29140;1;0;0;0;0;0;0
40;1;1;1;IDLE;0.000;0.000;1.000;1808.836008;1808.838931;1808.878018;1808.936396;785430;785430;785430;9818;23;12566880;12566920;100.000;609.351;609.351;7.150;7.847;3016.061;3.195;0.000;0.000;6.350;12.065;0.003;21.610;21.610;76.841;97.465;39.086;22.172;55.288;3.201;1.020;0.458;1.638;0.033;2.923;100.388;98.114;33.464;0.131;0.167;0.131;0.002;0.045;5.641;0.169;0;2;37.485;37.490;0.210000;54.910000;0.998472;29704;1;0;0;0;0;0;0
41;1;1;1;IDLE;0.000;0.000;1.000;1808.869548;1808.872514;1808.912004;1808.969743;789479;789479;789479;9869;24;12631664;12631704;100.000;618.198;618.198;7.511;8.239;3031.609;3.390;0.000;0.000;5.829;12.984;0.003;22.203;22.203;76.795;97.229;39.490;22.836;56.225;3.186;0.774;0.446;1.391;0.032;2.967;100.195;98.127;33.583;0.250;0.172;0.250;0.002;0.241;5.691;0.171;0;2;37.371;37.372;0.220000;54.800000;0.998466;31208;1;0;0;0;0;0;0
42;1;1;1;IDLE;0.000;0.000;1.000;1808.902804;1808.905775;1808.944906;1809.003781;789348;789348;789348;9867;24;12629568;12629608;100.000;614.223;614.223;7.601;8.329;3031.106;3.191;0.000;0.000;6.510;11.806;0.003;21.507;21.507;77.444;98.006;39.131;21.945;54.962;3.614;0.764;0.449;1.650;0.034;2.971;100.977;98.832;33.261;0.073;0.166;0.073;0.002;0.249;5.899;0.177;0;2;36.635;36.638;0.220000;54.750000;0.998533;31584;1;0;0;0;0;0;0
43;1;1;1;IDLE;0.000;0.000;1.000;1808.936343;1808.939316;1808.978219;1809.037039;792714;792714;792714;9909;25;12683424;12683464;100.000;620.200;620.200;7.646;8.405;3044.031;3.392;0.000;0.000;6.460;11.765;0.003;21.617;21.617;77.271;97.722;38.902;22.121;55.567;3.265;1.094;0.454;1.615;0.033;2.973;100.695;98.756;33.541;0.208;0.168;0.208;0.002;0.223;6.042;0.181;0;2;37.316;37.326;0.220000;54.690000;0.998516;31772;1;0;0;0;0;0;0
44;1;1;1;IDLE;0.000;0.000;1.000;1808.969885;1808.972844;1809.013271;1809.070747;790865;790865;790865;9886;25;12653840;12653880;100.000;605.716;605.716;7.646;8.405;3036.931;3.393;0.000;0.000;5.768;13.028;0.002;22.189;22.189;77.012;97.903;40.427;22.664;54.886;3.101;0.780;0.458;1.397;0.033;2.959;100.861;99.131;33.528;0.195;0.170;0.195;0.002;0.737;5.977;0.179;0;2;36.792;36.793;0.220000;54.650000;0.998492;31772;1;0;0;0;0;0;0
45;1;1;1;IDLE;0.000;0.000;1.000;1809.002647;1809.005481;1809.046342;1809.104561;787976;787976;787976;9850;25;12607616;12607656;100.000;629.713;629.713;7.782;8.541;3025.837;3.225;0.000;0.000;5.113;15.027;0.002;23.365;23.365;79.058;99.080;40.861;23.582;57.181;2.300;0.800;0.471;1.510;0.032;2.834;101.914;99.612;32.637;0.696;0.203;0.696;0.003;0.696;5.764;0.173;0;2;39.427;39.429;0.220000;54.690000;0.998514;32336;1;0;0;0;0;0;0
46;1;1;1;IDLE;0.000;0.000;1.000;1809.036029;1809.038905;1809.080441;1809.106498;789717;789717;789717;9872;111;12635472;12635512;100.000;631.365;631.365;35.079;38.521;3032.523;3.230;0.000;0.000;5.074;16.155;0.006;24.459;24.459;47.580;67.594;41.536;36.186;58.887;2.264;0.796;0.477;1.505;0.032;2.876;70.469;68.216;33.423;0.090;0.196;0.090;0.011;0.282;5.594;0.168;0;2;40.271;40.272;0.310000;53.190000;0.990673;146076;1;0;0;0;0;0;0
47;1;1;1;IDLE;0.000;0.000;1.000;1809.069345;1809.072165;1809.116135;1809.171285;784950;784950;784950;9812;23;12559200;12559240;100.000;620.472;620.472;7.150;7.847;3014.218;3.119;0.000;0.000;5.021;18.687;0.003;26.827;26.827;78.878;99.119;43.970;27.065;61.012;2.218;0.792;0.467;1.514;0.031;2.820;101.940;99.669;33.261;0.072;0.188;0.072;0.002;0.017;5.454;0.164;0;2;42.181;42.183;0.310000;53.270000;0.995232;29704;1;0;0;0;0;0;0
48;1;1;1;IDLE;0.000;0.000;1.000;1809.102678;1809.105384;1809.149565;1809.204273;781130;781130;781130;9765;19;12498080;12498120;100.000;668.405;668.405;5.887;6.458;2999.549;3.211;0.000;0.000;6.762;18.038;0.002;28.011;28.011;80.191;98.890;44.181;28.326;63.401;3.993;0.808;0.477;1.446;0.038;2.706;101.595;99.324;33.218;0.115;0.184;0.115;0.002;0.680;5.783;0.174;0;2;39.753;39.755;0.320000;53.010000;0.996557;24440;1;0;0;0;0;0;0
49;1;1;1;IDLE;0.000;0.000;1.000;1809.136001;1809.138699;1809.180632;1809.237806;780468;780468;780468;9756;19;12487488;12487528;100.000;653.290;653.290;5.887;6.458;2997.007;2.983;0.000;0.000;5.934;16.852;0.002;25.769;25.769;79.991;99.106;41.933;26.001;61.453;3.214;0.764;0.483;1.437;0.036;2.698;101.805;99.524;33.316;0.018;0.173;0.018;0.003;0.027;5.825;0.175;0;2;40.488;40.490;0.330000;52.990000;0.997138;24440;1;0;0;0;0;0;0
50;1;1;1;IDLE;0.000;0.000;1.000;1809.169540;1809.172420;1809.213250;1809.270492;783376;783376;783376;9793;20;12534016;12534056;100.000;624.059;624.059;6.067;6.670;3008.173;12.672;0.000;0.000;5.331;14.571;0.002;32.575;32.575;77.987;98.071;40.830;33.215;79.782;2.379;0.786;0.461;1.671;0.034;2.881;100.952;98.876;33.721;0.387;0.187;0.387;0.002;0.839;5.704;0.171;0;2;39.122;39.124;0.330000;52.920000;0.997525;25192;1;0;0;0;0;0;0
51;1;1;1;IDLE;0.000;0.000;1.000;1809.202708;1809.205527;1809.246773;1809.304191;787237;787237;787237;9841;23;12595792;12595832;100.000;636.495;636.495;7.060;7.756;3023.000;3.145;0.000;0.000;5.266;16.035;0.002;24.446;24.446;78.874;98.664;41.245;24.777;59.269;2.387;0.770;0.502;1.573;0.034;2.819;101.483;99.242;33.107;0.226;0.189;0.226;0.002;0.152;5.598;0.168;0;2;39.749;39.751;0.290000;53.460000;0.997876;29328;1;0;0;0;0;0;0
52;1;1;1;IDLE;0.000;0.000;1.000;1809.236037;1809.238847;1809.279846;1809.337408;787734;787734;787734;9847;24;12603744;12603784;100.000;624.161;624.161;7.421;8.148;3024.908;3.068;0.000;0.000;5.172;15.032;0.003;23.272;23.272;78.368;98.561;41.000;23.612;56.762;2.345;0.784;0.498;1.513;0.032;2.810;101.371;99.126;33.319;0.014;0.178;0.014;0.002;0.599;5.494;0.165;0;2;39.371;39.373;0.260000;53.990000;0.998105;30832;1;0;0;0;0;0;0
53;1;1;1;IDLE;0.000;0.000;1.000;1809.269406;1809.272292;1809.313037;1809.370060;787059;787059;787059;9839;24;12592944;12592984;100.000;628.701;628.701;7.556;8.284;3022.316;3.220;0.000;0.000;5.037;15.296;0.002;23.552;23.552;77.737;97.767;40.744;24.090;57.806;2.260;0.772;0.509;1.460;0.036;2.886;100.653;98.444;33.445;0.112;0.174;0.112;0.003;0.377;5.382;0.161;0;2;39.656;39.657;0.240000;54.370000;0.998264;31396;1;0;0;0;0;0;0
54;1;1;1;IDLE;0.000;0.000;1.000;1809.302707;1809.305526;1809.346504;1809.403091;786051;786051;786051;9826;24;12576816;12576856;100.000;623.650;623.650;7.601;8.329;3018.445;3.141;0.000;0.000;5.049;15.547;0.003;23.738;23.738;77.398;97.564;40.978;24.330;57.928;2.259;0.776;0.506;1.479;0.029;2.819;100.384;98.142;33.234;0.099;0.169;0.099;0.003;0.211;5.301;0.159;0;2;39.098;39.099;0.220000;54.610000;0.998423;31584;1;0;0;0;0;0;0
55;1;1;1;IDLE;0.000;0.000;1.000;1809.336067;1809.338925;1809.379063;1809.437247;796213;796213;796213;9953;23;12739408;12739448;100.000;635.900;635.900;7.240;7.937;3057.468;3.289;0.000;0.000;5.151;14.415;0.003;22.856;22.856;78.288;98.322;40.138;23.246;56.943;2.329;0.785;0.496;1.510;0.032;2.858;101.180;98.965;33.399;0.066;0.163;0.066;0.008;0.529;5.266;0.158;0;2;38.437;38.441;0.230000;54.570000;0.998455;30080;1;0;0;0;0;0;0
56;1;1;1;IDLE;0.000;0.000;1.000;1809.369379;1809.372319;1809.412134;1809.470276;790191;790191;790191;9878;24;12643056;12643096;100.000;624.306;624.306;7.331;8.058;3034.343;3.248;0.000;0.000;4.936;14.443;0.003;22.627;22.627;77.706;97.957;39.815;23.099;56.831;2.181;0.783;0.497;1.445;0.031;2.940;100.897;98.660;33.394;0.060;0.156;0.060;0.002;0.181;5.187;0.156;0;2;39.551;39.552;0.220000;54.790000;0.998604;30456;1;0;0;0;0;0;0
57;1;1;1;IDLE;0.000;0.000;1.000;1809.402748;1809.405751;1809.446207;1809.503903;798808;798808;798808;9986;24;12780928;12780968;100.000;606.295;606.295;7.466;8.194;3067.432;3.328;0.000;0.000;6.036;13.258;0.003;22.623;22.623;77.072;98.153;40.456;23.049;55.920;3.138;0.766;0.456;1.647;0.031;3.003;101.155;98.954;33.432;0.098;0.153;0.098;0.002;0.079;5.403;0.162;0;2;37.322;37.324;0.220000;54.780000;0.998559;31020;1;0;0;0;0;0;0
58;1;1;1;IDLE;0.000;0.000;1.000;1809.436384;1809.439355;1809.479279;1809.537694;797924;797924;797924;9975;24;12766784;12766824;100.000;627.165;627.165;7.421;8.148;3064.038;3.283;0.000;0.000;4.898;14.409;0.003;22.589;22.589;77.982;98.339;39.923;22.971;56.581;2.154;0.831;0.479;1.404;0.030;2.971;101.309;99.412;33.605;0.271;0.160;0.271;0.002;0.258;5.279;0.158;0;2;39.027;39.029;0.220000;54.790000;0.998545;30832;1;0;0;0;0;0;0
59;1;1;1;IDLE;0.000;0.000;1.000;1809.469424;1809.472357;1809.513354;1809.570710;794477;794477;794477;9931;24;12711632;12711672;100.000;612.616;612.616;7.331;8.058;3050.801;3.194;0.000;0.000;6.388;13.801;0.003;23.383;23.383;77.603;98.353;40.997;23.775;57.037;3.263;0.988;0.454;1.650;0.033;2.933;101.286;99.095;33.002;0.331;0.171;0.331;0.002;0.055;5.561;0.167;0;2;38.136;38.138;0.220000;54.760000;0.998628;30456;1;0;0;0;0;0;0
60;1;1;1;IDLE;0.000;0.000;1.000;1809.502978;1809.505928;1809.547429;1809.605086;789053;789053;789053;9864;24;12624848;12624888;100.000;624.500;624.500;7.331;8.058;3029.973;3.312;0.000;0.000;4.986;16.160;0.003;24.458;24.458;78.942;99.158;41.501;24.666;58.933;2.203;0.776;0.500;1.473;0.034;2.950;102.108;100.137;33.571;0.237;0.175;0.237;0.003;0.135;5.420;0.163;0;2;39.436;39.438;0.220000;54.690000;0.998582;30456;1;0;0;0;0;0;0
61;1;1;1;IDLE;0.000;0.000;1.000;1809.536058;1809.538871;1809.580500;1809.606812;783874;783874;783874;9799;109;12541984;12542024;100.000;622.547;622.547;34.448;37.827;3010.086;3.028;0.000;0.000;5.062;16.243;0.005;24.334;24.334;47.794;67.941;41.629;35.817;58.455;2.239;0.769;0.484;1.540;0.029;2.813;70.754;68.530;32.943;0.390;0.188;0.390;0.002;0.174;5.335;0.160;0;2;40.818;40.827;0.300000;53.370000;0.990796;143444;1;0;0;0;0;0;0
62;1;1;1;IDLE;0.000;0.000;1.000;1809.569353;1809.572282;1809.616578;1809.671487;782785;782785;782785;9785;22;12524560;12524600;100.000;627.468;627.468;6.924;7.590;3005.904;3.200;0.000;0.000;5.084;19.043;0.003;27.328;27.328;79.244;99.205;44.295;27.547;61.695;2.253;0.757;0.471;1.572;0.032;2.930;102.135;99.872;33.411;0.078;0.182;0.078;0.002;0.204;5.275;0.158;0;2;41.134;41.136;0.290000;53.470000;0.995135;28764;1;0;0;0;0;0;0
63;1;1;1;IDLE;0.000;0.000;1.000;1809.602673;1809.605398;1809.647882;1809.704298;782791;782791;782791;9785;18;12524656;12524696;100.000;669.730;669.730;5.571;6.111;3005.927;3.256;0.000;0.000;6.732;17.031;0.002;27.018;27.018;80.198;98.900;42.483;27.319;63.597;3.839;0.759;0.479;1.613;0.042;2.726;101.626;99.349;33.116;0.217;0.184;0.217;0.002;0.016;5.642;0.169;0;2;40.631;40.632;0.300000;53.300000;0.996314;23124;1;0;0;0;0;0;0
64;1;1;1;IDLE;0.000;0.000;1.000;1809.636042;1809.638796;1809.680739;1809.737890;782127;782127;782127;9777;17;12514032;12514072;100.000;639.636;639.636;5.345;5.855;3003.377;2.955;0.000;0.000;5.942;16.060;0.002;24.957;24.957;79.529;99.093;41.942;25.186;59.504;2.948;0.759;0.459;1.738;0.038;2.754;101.848;99.607;33.398;0.064;0.176;0.064;0.014;0.360;5.720;0.172;0;2;39.613;39.616;0.300000;53.390000;0.996987;22184;1;0;0;0;0;0;0
65;1;1;1;IDLE;0.000;0.000;1.000;1809.669413;1809.672256;1809.713199;1809.771267;785507;785507;785507;9819;18;12568112;12568152;100.000;645.852;645.852;5.481;6.021;3016.356;3.025;0.000;0.000;5.159;15.449;0.002;23.633;23.633;79.551;99.011;40.943;23.869;57.721;2.500;0.761;0.455;1.396;0.047;2.843;101.854;99.651;33.460;0.126;0.173;0.126;0.003;0.871;5.582;0.167;0;2;40.135;40.136;0.270000;53.890000;0.997410;22748;1;0;0;0;0;0;0
66;1;1;1;IDLE;0.000;0.000;1.000;1809.702945;1809.705841;1809.747863;1809.805036;789017;789017;789017;9863;19;12624272;12624312;100.000;612.083;612.083;5.796;6.368;3029.835;3.128;0.000;0.000;5.941;15.203;0.002;24.272;24.272;78.570;99.195;42.022;24.469;57.761;3.249;0.806;0.457;1.395;0.034;2.896;102.091;100.087;33.585;0.252;0.178;0.252;0.002;0.250;5.677;0.170;0;2;38.603;38.604;0.250000;54.190000;0.997805;24064;1;0;0;0;0;0;0
67;1;1;1;IDLE;0.000;0.000;1.000;1809.736409;1809.739285;1809.780317;1809.837487;789641;789641;789641;9871;20;12634256;12634296;100.000;629.539;629.539;6.248;6.851;3032.231;3.179;0.000;0.000;5.243;15.498;0.002;23.920;23.920;78.133;98.202;41.032;24.358;58.297;2.410;0.768;0.485;1.549;0.032;2.876;101.079;99.205;33.444;0.111;0.174;0.111;0.002;0.219;5.571;0.167;0;2;40.213;40.215;0.220000;54.680000;0.998068;25944;1;0;0;0;0;0;0
68;1;1;1;IDLE;0.000;0.000;1.000;1809.769381;1809.772189;1809.814380;1809.869962;784718;784718;784718;9809;20;12555488;12555528;100.000;644.847;644.847;6.293;6.896;3013.327;3.085;0.000;0.000;5.577;16.403;0.002;25.065;25.065;78.302;97.773;42.192;25.636;59.407;2.657;0.764;0.474;1.643;0.039;2.807;100.580;98.346;32.903;0.430;0.190;0.430;0.003;0.736;5.575;0.167;0;2;39.500;39.501;0.210000;54.950000;0.998143;26132;1;0;0;0;0;0;0
69;1;1;1;IDLE;0.000;0.000;1.000;1809.802657;1809.805414;1809.846623;1809.902960;778159;778159;778159;9727;21;12450544;12450584;100.000;636.626;636.626;6.609;7.243;2988.140;2.963;0.000;0.000;5.513;15.582;0.002;24.058;24.058;77.989;97.546;41.209;24.663;58.380;2.472;0.794;0.458;1.751;0.038;2.756;100.303;98.011;33.225;0.108;0.185;0.108;0.002;0.554;5.562;0.167;0;2;38.915;38.917;0.200000;55.040000;0.998239;27448;1;0;0;0;0;0;0
70;1;1;1;IDLE;0.000;0.000;1.000;1809.836016;1809.838809;1809.879146;1809.936860;776327;776327;776327;9705;22;12421232;12421272;100.000;635.969;635.969;6.744;7.409;2981.105;3.103;0.000;0.000;5.218;15.030;0.003;23.352;23.352;78.519;98.051;40.337;23.816;57.892;2.358;0.766;0.477;1.586;0.031;2.794;100.844;98.578;33.396;0.062;0.177;0.062;0.002;0.554;5.479;0.164;0;2;38.830;38.832;0.200000;55.070000;0.998275;28012;1;0;0;0;0;0;0
71;1;1;1;IDLE;0.000;0.000;1.000;1809.869352;1809.872287;1809.911332;1809.969943;786883;786883;786883;9837;23;12590128;12590168;100.000;620.149;620.149;7.195;7.892;3021.640;3.289;0.000;0.000;4.868;13.777;0.002;21.935;21.935;77.355;97.657;39.045;22.461;56.177;2.168;0.784;0.476;1.409;0.031;2.935;100.592;98.328;33.477;0.144;0.175;0.144;0.003;0.095;5.329;0.160;0;2;39.293;39.295;0.200000;55.070000;0.998421;29892;1;0;0;0;0;0;0
72;1;1;1;IDLE;0.000;0.000;1.000;1809.902693;1809.905664;1809.946295;1810.003886;787146;787146;787146;9840;22;12594336;12594376;100.000;602.236;602.236;6.924;7.590;3022.650;3.245;0.000;0.000;6.049;13.025;0.003;22.320;22.320;77.309;98.222;40.631;22.724;54.933;3.134;0.769;0.457;1.657;0.033;2.971;101.193;98.937;33.378;0.044;0.167;0.044;0.002;0.641;5.513;0.165;0;2;36.668;36.670;0.200000;55.160000;0.998461;28764;1;0;0;0;0;0;0
73;1;1;1;IDLE;0.000;0.000;1.000;1809.936170;1809.939091;1809.978616;1810.037544;781047;781047;781047;9764;22;12496752;12496792;100.000;623.856;623.856;6.924;7.590;2999.230;3.283;0.000;0.000;4.875;14.285;0.003;22.444;22.444;78.421;98.453;39.525;22.797;56.785;2.153;0.787;0.474;1.429;0.033;2.921;101.374;99.262;33.427;0.094;0.162;0.094;0.011;0.320;5.356;0.161;0;2;39.549;39.551;0.200000;55.150000;0.998467;28764;1;0;0;0;0;0;0
74;1;1;1;IDLE;0.000;0.000;1.000;1809.969330;1809.972247;1810.012784;1810.070792;782459;782459;782459;9781;23;12519344;12519384;100.000;604.809;604.809;7.150;7.847;3004.652;3.208;0.000;0.000;6.416;13.376;0.002;23.000;23.000;77.846;98.546;40.537;23.339;56.738;3.228;1.037;0.473;1.647;0.032;2.917;101.462;99.177;33.155;0.178;0.163;0.178;0.002;0.043;5.624;0.169;0;2;38.131;38.132;0.200000;55.060000;0.998570;29704;1;0;0;0;0;0;0
75;1;1;1;IDLE;0.000;0.000;1.000;1810.003009;1810.005929;1810.046437;1810.104725;781579;781579;781579;9770;23;12505264;12505304;100.000;625.852;625.852;7.150;7.847;3001.273;3.241;0.000;0.000;5.019;15.336;0.002;23.596;23.596;78.815;98.796;40.508;23.884;58.251;2.179;0.772;0.474;1.563;0.031;2.920;101.716;99.776;33.682;0.349;0.175;0.349;0.002;0.168;5.475;0.164;0;2;39.687;39.688;0.210000;54.990000;0.998568;29704;1;0;0;0;0;0;0
76;1;1;1;IDLE;0.000;0.000;1.000;1810.036033;1810.038854;1810.079643;1810.138542;784181;784181;784181;9803;110;12546896;12546936;100.000;631.470;631.470;34.673;38.084;3011.265;3.102;0.000;0.000;5.226;15.293;0.007;23.621;23.621;79.818;99.687;40.789;23.695;57.909;2.353;0.775;0.477;1.589;0.031;2.821;102.509;100.259;32.925;0.408;0.189;0.408;0.002;0.398;5.416;0.162;0;2;40.370;40.372;0.310000;53.240000;0.990219;144384;1;0;0;0;0;0;0
77;1;1;1;IDLE;0.000;0.000;1.000;1810.069367;1810.072189;1810.116661;1810.138597;782861;782861;782861;9786;21;12525776;12525816;100.000;617.962;617.962;6.654;7.288;3006.196;3.093;0.000;0.000;5.087;19.044;0.001;27.224;27.224;46.138;66.408;44.471;40.995;61.216;2.254;0.782;0.471;1.550;0.029;2.822;69.230;66.982;33.335;0.002;0.178;0.002;0.002;0.068;5.336;0.160;0;2;40.915;40.916;0.280000;53.590000;0.994946;27636;1;0;0;0;0;0;0
78;1;1;1;IDLE;0.000;0.000;1.000;1810.102681;1810.105393;1810.147666;1810.203591;779451;779451;779451;9744;17;12471216;12471256;100.000;670.221;670.221;5.120;5.629;2993.101;3.106;0.000;0.000;6.899;16.629;0.004;26.634;26.634;79.591;98.199;42.274;27.123;63.005;4.111;0.797;0.479;1.472;0.041;2.711;100.910;98.643;33.203;0.130;0.175;0.130;0.003;0.134;5.729;0.172;0;2;39.396;39.397;0.310000;53.270000;0.996180;21244;1;0;0;0;0;0;0
79;1;1;1;IDLE;0.000;0.000;1.000;1810.136026;1810.138798;1810.179799;1810.236975;784719;784719;784719;9809;17;12555504;12555544;100.000;638.781;638.781;5.345;5.855;3013.331;2.967;0.000;0.000;5.131;16.039;0.003;24.137;24.137;78.522;98.178;41.002;24.585;58.870;2.472;0.766;0.457;1.403;0.033;2.772;100.949;98.693;33.405;0.072;0.168;0.072;0.002;0.172;5.583;0.167;0;2;39.818;39.829;0.310000;53.260000;0.997128;22184;1;0;0;0;0;0;0
80;1;1;1;IDLE;0.000;0.000;1.000;1810.169463;1810.172450;1810.212498;1810.270350;780701;780701;780701;9759;19;12491216;12491256;100.000;624.764;624.764;5.977;6.549;2997.901;3.232;0.000;0.000;4.994;14.783;0.003;23.009;23.009;77.907;97.900;40.049;23.503;57.453;2.203;0.763;0.478;1.517;0.032;2.987;100.887;98.735;33.652;0.319;0.178;0.319;0.002;0.274;5.438;0.163;0;2;39.254;39.256;0.280000;53.650000;0.997634;24816;1;0;0;0;0;0;0
81;1;1;1;IDLE;0.000;0.000;1.000;1810.202705;1810.205616;1810.245560;1810.303488;785754;785754;785754;9822;22;12572064;12572104;100.000;624.585;624.585;6.699;7.364;3017.305;3.218;0.000;0.000;4.946;14.654;0.003;22.818;22.818;77.743;97.872;39.944;23.314;57.125;2.171;0.771;0.475;1.497;0.032;2.911;100.783;98.539;33.166;0.167;0.177;0.167;0.002;0.212;5.318;0.160;0;2;39.439;39.440;0.250000;54.150000;0.997938;27824;1;0;0;0;0;0;0
82;1;1;1;IDLE;0.000;0.000;1.000;1810.236014;1810.238873;1810.280019;1810.337481;783308;783308;783308;9792;22;12532928;12532968;100.000;608.070;608.070;6.834;7.500;3007.912;3.178;0.000;0.000;5.782;14.029;0.003;22.989;22.989;77.997;98.608;41.146;23.314;55.872;3.124;0.777;0.451;1.395;0.035;2.859;101.467;99.199;33.257;0.076;0.171;0.076;0.013;0.710;5.437;0.163;0;2;37.484;37.495;0.230000;54.460000;0.998131;28388;1;0;0;0;0;0;0
83;1;1;1;IDLE;0.000;0.000;1.000;1810.269448;1810.272366;1810.312255;1810.370888;782737;782737;782737;9785;21;12523792;12523832;100.000;623.738;623.738;6.564;7.198;3005.720;3.224;0.000;0.000;4.919;14.198;0.003;22.342;22.342;78.443;98.522;39.889;22.677;56.010;2.155;0.765;0.475;1.494;0.031;2.918;101.440;99.272;33.493;0.160;0.170;0.160;0.002;0.690;5.310;0.159;0;2;39.419;39.421;0.220000;54.730000;0.998259;27260;1;0;0;0;0;0;0
84;1;1;1;IDLE;0.000;0.000;1.000;1810.302697;1810.305599;1810.346639;1810.404336;781874;781874;781874;9774;22;12509984;12510024;100.000;605.704;605.704;6.924;7.590;3002.406;3.254;0.000;0.000;6.483;13.500;0.002;23.237;23.237;78.083;98.737;41.040;23.534;56.620;3.218;1.100;0.468;1.663;0.034;2.901;101.638;99.387;33.233;0.101;0.166;0.101;0.002;0.400;5.608;0.168;0;2;37.744;37.745;0.210000;54.900000;0.998389;28764;1;0;0;0;0;0;0
85;1;1;1;IDLE;0.000;0.000;1.000;1810.336252;1810.339116;1810.379843;1810.437173;780545;780545;780545;9757;19;12488720;12488760;100.000;621.327;621.327;5.977;6.549;2997.302;3.232;0.000;0.000;5.155;15.401;0.003;23.787;23.787;77.957;98.057;40.726;24.259;58.407;2.257;0.827;0.479;1.560;0.032;2.865;100.921;98.891;33.517;0.184;0.167;0.184;0.002;0.067;5.497;0.165;0;2;39.889;39.891;0.200000;55.010000;0.998441;24816;1;0;0;0;0;0;0
86;1;1;1;IDLE;0.000;0.000;1.000;1810.369349;1810.372164;1810.414309;1810.470479;778343;778343;778343;9730;21;12453488;12453528;100.000;632.364;632.364;6.473;7.107;2988.847;3.124;0.000;0.000;5.242;17.042;0.002;25.408;25.408;78.622;98.316;42.145;25.843;60.286;2.374;0.765;0.476;1.589;0.038;2.815;101.130;98.864;33.048;0.286;0.174;0.286;0.002;0.163;5.436;0.163;0;2;39.901;39.902;0.200000;55.120000;0.998494;26884;1;0;0;0;0;0;0
87;1;1;1;IDLE;0.000;0.000;1.000;1810.402696;1810.405517;1810.446328;1810.503915;778458;778458;778458;9731;21;12455328;12455368;100.000;620.077;620.077;6.383;7.017;2989.288;3.086;0.000;0.000;5.050;15.603;0.002;23.739;23.739;78.311;98.398;40.811;24.125;58.168;2.255;0.764;0.476;1.525;0.030;2.821;101.219;98.966;33.354;0.020;0.165;0.020;0.002;0.068;5.342;0.160;0;2;39.750;39.751;0.200000;55.190000;0.998571;26508;1;0;0;0;0;0;0
88;1;1;1;IDLE;0.000;0.000;1.000;1810.436013;1810.438848;1810.479445;1810.536520;778592;778592;778592;9733;22;12457472;12457512;100.000;623.969;623.969;6.879;7.545;2989.803;3.187;0.000;0.000;5.080;15.283;0.003;23.550;23.550;77.707;97.672;40.597;24.111;58.009;2.245;0.763;0.479;1.561;0.031;2.835;100.506;98.238;33.331;0.002;0.155;0.002;0.002;0.266;5.279;0.158;0;2;39.740;39.744;0.200000;55.140000;0.998609;28576;1;0;0;0;0;0;0
89;1;1;1;IDLE;0.000;0.000;1.000;1810.469324;1810.472156;1810.513048;1810.569945;779952;779952;779952;9750;23;12479232;12479272;100.000;608.869;608.869;7.105;7.801;2995.025;3.168;0.000;0.000;4.860;14.550;0.003;22.578;22.578;77.293;97.789;40.892;23.089;55.215;2.106;0.843;0.476;1.405;0.030;2.832;100.621;98.330;33.308;0.026;0.147;0.026;0.003;0.982;5.177;0.155;0;2;38.010;38.011;0.200000;55.060000;0.998570;29516;1;0;0;0;0;0;0
90;1;1;1;IDLE;0.000;0.000;1.000;1810.502675;1810.505489;1810.546595;1810.604811;779674;779674;779674;9746;23;12474784;12474824;100.000;628.861;628.861;7.150;7.847;2993.958;3.219;0.000;0.000;5.106;16.040;0.002;24.365;24.365;79.484;99.322;41.106;24.531;59.274;2.271;0.762;0.473;1.572;0.028;2.814;102.136;99.862;33.333;0.000;0.137;0.000;0.010;0.111;5.162;0.155;0;2;39.384;39.386;0.200000;55.120000;0.998590;29704;1;0;0;0;0;0;0
91;1;1;1;IDLE;0.000;0.000;1.000;1810.535998;1810.538923;1810.578660;1810.639887;781083;781083;781083;9764;109;12497328;12497368;100.000;616.691;616.691;34.222;37.602;2999.368;3.332;0.000;0.000;4.857;14.091;0.008;22.280;22.280;80.698;100.964;39.737;22.068;56.069;2.126;0.780;0.481;1.441;0.030;2.925;103.889;101.605;33.434;0.100;0.135;0.100;0.002;0.521;5.088;0.153;0;2;40.237;40.239;0.300000;53.370000;0.990484;142504;1;0;0;0;0;0;0
92;1;1;1;IDLE;0.000;0.000;1.000;1810.569341;1810.572266;1810.616595;1810.671688;780537;780537;780537;9757;21;12488592;12488632;100.000;603.297;603.297;6.564;7.198;2997.272;3.253;0.000;0.000;6.289;16.878;0.002;26.419;26.419;78.722;99.422;44.330;26.573;59.598;3.210;1.023;0.444;1.579;0.032;2.925;102.347;100.073;33.343;0.009;0.127;0.009;0.002;0.459;5.391;0.162;0;2;40.164;40.167;0.290000;53.560000;0.995072;27260;1;0;0;0;0;0;0
93;1;1;1;IDLE;0.000;0.000;1.000;1810.602959;1810.605686;1810.649818;1810.703738;773046;773046;773046;9664;17;12368736;12368776;100.000;662.881;662.881;5.210;5.719;2968.506;3.167;0.000;0.000;6.760;18.038;0.002;27.965;27.965;79.392;98.052;44.132;28.521;63.367;3.952;0.764;0.481;1.527;0.035;2.727;100.778;98.789;33.420;0.087;0.125;0.087;0.002;0.672;5.736;0.172;0;2;39.901;39.903;0.300000;53.370000;0.996079;21620;1;0;0;0;0;0;0
94;1;1;1;IDLE;0.000;0.000;1.000;1810.635993;1810.638667;1810.681914;1810.703796;770822;770822;770822;9636;16;12333152;12333192;100.000;684.689;684.689;5.075;5.553;2959.966;2.956;0.000;0.000;6.814;18.068;0.001;27.838;27.838;47.116;65.129;43.247;42.743;64.370;4.152;0.748;0.455;1.428;0.031;2.674;67.804;65.514;32.981;0.353;0.139;0.353;0.002;0.349;6.008;0.180;0;2;39.886;39.888;0.290000;53.460000;0.996771;21056;1;0;0;0;0;0;0
95;1;1;1;IDLE;0.000;0.000;1.000;1810.669534;1810.672391;1810.712955;1810.770439;778859;778859;778859;9736;19;12461744;12461784;100.000;630.893;630.893;5.932;6.504;2990.828;3.023;0.000;0.000;5.428;15.036;0.004;23.487;23.487;78.295;98.048;40.564;23.954;57.900;2.432;0.755;0.457;1.748;0.035;2.857;100.905;98.823;33.724;0.391;0.155;0.391;0.002;0.344;5.866;0.176;0;2;38.802;38.803;0.260000;54.020000;0.997359;24628;1;0;0;0;0;0;0
96;1;1;1;IDLE;0.000;0.000;1.000;1810.702683;1810.705579;1810.746024;1810.804450;778333;778333;778333;9730;22;12453328;12453368;100.000;626.456;626.456;6.699;7.364;2988.808;3.242;0.000;0.000;5.017;15.275;0.003;23.534;23.534;78.992;98.871;40.445;23.803;58.187;2.212;0.767;0.475;1.531;0.032;2.896;101.767;99.501;33.188;0.145;0.154;0.145;0.002;0.271;5.657;0.170;0;2;39.683;39.685;0.240000;54.420000;0.997789;27824;1;0;0;0;0;0;0
97;1;1;1;IDLE;0.000;0.000;1.000;1810.735999;1810.738895;1810.779344;1810.837511;782798;782798;782798;9785;23;12524768;12524808;100.000;606.368;606.368;7.060;7.756;3005.954;3.218;0.000;0.000;6.596;12.265;0.002;22.079;22.079;77.960;98.616;40.449;22.389;54.585;3.318;1.113;0.458;1.675;0.033;2.895;101.511;99.228;33.316;0.018;0.146;0.018;0.002;0.929;5.896;0.177;0;2;37.360;37.369;0.210000;54.820000;0.997941;29328;1;0;0;0;0;0;0
98;1;1;1;IDLE;0.000;0.000;1.000;1810.769635;1810.772575;1810.814199;1810.870099;781418;781418;781418;9768;22;12502688;12502728;100.000;615.938;615.938;6.789;7.454;3000.655;3.287;0.000;0.000;5.845;15.166;0.002;24.297;24.297;77.225;97.524;41.624;24.914;58.373;3.198;0.775;0.452;1.390;0.031;2.940;100.464;98.483;33.680;0.347;0.158;0.347;0.002;0.311;5.886;0.177;0;2;38.473;38.474;0.200000;55.050000;0.998149;28200;1;0;0;0;0;0;0
99;1;1;1;IDLE;0.000;0.000;1.000;1810.802935;1810.805772;1810.846381;1810.903099;777382;777382;777382;9718;22;12438112;12438152;100.000;633.574;633.574;6.699;7.364;2985.156;3.149;0.000;0.000;5.297;15.328;0.003;23.774;23.774;77.695;97.327;40.609;24.427;58.545;2.363;0.754;0.467;1.682;0.032;2.837;100.164;98.150;33.197;0.136;0.157;0.136;0.012;0.340;5.741;0.172;0;2;39.040;39.042;0.210000;54.980000;0.998269;27824;1;0;0;0;0;0;0
100;1;1;1;IDLE;0.000;0.000;1.000;1810.835998;1810.838792;1810.879315;1810.936906;778267;778267;778267;9729;21;12452272;12452312;100.000;613.441;613.441;6.428;7.062;2988.555;3.112;0.000;0.000;5.008;15.035;0.003;23.155;23.155;77.814;98.113;40.523;23.601;57.142;2.252;0.845;0.474;1.405;0.032;2.794;100.907;98.624;33.020;0.313;0.167;0.313;0.002;0.177;5.561;0.167;0;2;38.812;38.816;0.210000;54.970000;0.998407;26696;1;0;0;0;0;0;0
101;1;1;1;IDLE;0.000;0.000;1.000;1810.869344;1810.872240;1810.911866;1810.970138;780699;780699;780699;9759;21;12491184;12491224;100.000;620.089;620.089;6.473;7.107;2997.894;3.301;0.000;0.000;4.916;14.514;0.003;22.731;22.731;77.754;97.898;39.627;23.219;57.363;2.169;0.764;0.475;1.478;0.030;2.895;100.793;98.522;33.447;0.114;0.163;0.114;0.002;0.049;5.402;0.162;0;2;39.548;39.550;0.200000;55.020000;0.998478;26884;1;0;0;0;0;0;0
102;1;1;1;IDLE;0.000;0.000;1.000;1810.902675;1810.905668;1810.946461;1811.003946;780328;780328;780328;9755;21;12485248;12485288;100.000;609.110;609.110;6.383;7.017;2996.469;3.365;0.000;0.000;5.691;14.027;0.003;23.083;23.083;77.780;98.278;40.793;23.487;56.585;3.044;0.776;0.449;1.391;0.031;2.993;101.271;98.997;33.428;0.095;0.159;0.095;0.002;0.575;5.477;0.164;0;2;37.693;37.694;0.200000;55.050000;0.998496;26508;1;0;0;0;0;0;0
103;1;1;1;IDLE;0.000;0.000;1.000;1810.936074;1810.938993;1810.978923;1811.037063;782351;782351;782351;9780;21;12517616;12517656;100.000;600.037;600.037;6.383;7.017;3004.237;3.204;0.000;0.000;5.656;13.100;0.002;21.960;21.960;77.208;98.070;39.929;22.392;54.997;2.988;0.779;0.454;1.392;0.043;2.920;100.989;98.781;33.326;0.008;0.150;0.008;0.002;0.308;5.524;0.166;0;2;38.117;38.121;0.200000;55.070000;0.998478;26508;1;0;0;0;0;0;0
104;1;1;1;IDLE;0.000;0.000;1.000;1810.969697;1810.972666;1811.012570;1811.070394;782164;782164;782164;9778;21;12514624;12514664;100.000;614.276;614.276;6.428;7.062;3003.519;3.309;0.000;0.000;4.775;14.023;0.002;22.108;22.108;77.355;97.728;39.904;22.622;55.402;2.030;0.833;0.477;1.404;0.031;2.969;100.697;98.778;33.673;0.340;0.161;0.340;0.002;0.729;5.340;0.160;0;2;38.511;38.513;0.200000;55.080000;0.998528;26696;1;0;0;0;0;0;0
105;1;1;1;IDLE;0.000;0.000;1.000;1811.002706;1811.005537;1811.046679;1811.104895;783021;783021;783021;9788;22;12528336;12528376;100.000;610.036;610.036;6.834;7.500;3006.810;3.155;0.000;0.000;4.898;15.026;0.003;23.079;23.079;78.821;99.358;41.142;23.228;56.097;2.143;0.843;0.479;1.404;0.030;2.831;102.189;99.946;32.870;0.463;0.180;0.463;0.003;0.677;5.232;0.157;0;2;38.737;38.738;0.200000;55.060000;0.998560;28388;1;0;0;0;0;0;0
106;1;1;1;IDLE;0.000;0.000;1.000;1811.036057;1811.038949;1811.079438;1811.138986;786829;786829;786829;9836;105;12589264;12589304;100.000;621.605;621.605;33.094;36.349;3021.433;3.265;0.000;0.000;4.941;14.715;0.006;22.921;22.921;79.784;100.037;40.489;22.913;56.610;2.190;0.773;0.475;1.473;0.030;2.892;102.929;100.703;33.412;0.079;0.174;0.079;0.003;0.577;5.162;0.155;0;2;40.165;40.168;0.300000;53.410000;0.990924;137804;1;0;0;0;0;0;0
107;1;1;1;IDLE;0.000;0.000;1.000;1811.069337;1811.072222;1811.116830;1811.171468;789365;789365;789365;9868;23;12629840;12629880;100.000;624.735;624.735;7.015;7.711;3031.171;3.270;0.000;0.000;4.991;19.365;0.002;27.625;27.625;79.029;99.245;44.608;27.835;61.928;2.203;0.764;0.467;1.526;0.030;2.885;102.130;99.852;33.274;0.060;0.167;0.060;0.002;0.033;5.122;0.154;0;2;41.504;41.506;0.300000;53.400000;0.995574;29140;1;0;0;0;0;0;0
108;1;1;1;IDLE;0.000;0.000;1.000;1811.102729;1811.105493;1811.148228;1811.205077;790807;790807;790807;9886;19;12652912;12652952;100.000;650.166;650.166;5.842;6.413;3036.708;3.033;0.000;0.000;6.375;16.363;0.002;25.772;25.772;80.122;99.583;42.734;25.879;60.307;3.568;0.783;0.480;1.504;0.040;2.764;102.348;100.128;33.271;0.062;0.160;0.062;0.014;0.519;5.438;0.163;0;2;39.598;39.600;0.330000;52.950000;0.996535;24252;1;0;0;0;0;0;0
109;1;1;1;IDLE;0.000;0.000;1.000;1811.136067;1811.138829;1811.180272;1811.239192;789334;789334;789334;9867;17;12629344;12629384;100.000;654.998;654.998;5.300;5.809;3031.052;3.156;0.000;0.000;5.864;16.277;0.001;25.298;25.298;81.081;100.363;41.443;25.206;61.042;3.210;0.767;0.451;1.398;0.039;2.762;103.125;100.910;33.335;0.002;0.150;0.002;0.004;0.015;5.547;0.166;0;2;41.072;41.074;0.320000;53.050000;0.996931;21996;1;0;0;0;0;0;0
110;1;1;1;IDLE;0.000;0.000;1.000;1811.169661;1811.172543;1811.214484;1811.271135;783753;783753;783753;9797;18;12540048;12540088;100.000;621.142;621.142;5.661;6.202;3009.621;3.124;0.000;0.000;5.107;16.479;0.002;24.710;24.710;78.402;98.591;41.940;25.063;58.917;2.265;0.773;0.482;1.558;0.030;2.883;101.474;99.519;33.715;0.381;0.165;0.381;0.002;0.162;5.440;0.163;0;2;41.181;41.183;0.280000;53.720000;0.997441;23500;1;0;0;0;0;0;0
111;1;1;1;IDLE;0.000;0.000;1.000;1811.202700;1811.205490;1811.249055;1811.303973;781240;781240;781240;9766;21;12499840;12499880;100.000;651.669;651.669;6.609;7.243;2999.971;3.017;0.000;0.000;6.162;17.979;0.002;27.157;27.157;79.301;98.483;43.564;27.576;62.339;3.236;0.759;0.467;1.661;0.039;2.790;101.273;99.024;32.947;0.387;0.179;0.387;0.002;0.239;5.623;0.169;0;2;40.048;40.050;0.240000;54.340000;0.997612;27448;1;0;0;0;0;0;0
112;1;1;1;IDLE;0.000;0.000;1.000;1811.236037;1811.238788;1811.280187;1811.337659;781247;781247;781247;9766;22;12499952;12499992;100.000;660.355;660.355;6.744;7.409;2999.998;3.089;0.000;0.000;5.840;16.565;0.002;25.494;25.494;79.942;98.871;41.399;25.785;61.581;3.181;0.757;0.456;1.408;0.039;2.751;101.622;99.377;33.298;0.036;0.170;0.036;0.002;0.061;5.680;0.170;0;2;40.345;40.347;0.220000;54.750000;0.997844;28012;1;0;0;0;0;0;0
113;1;1;1;IDLE;0.000;0.000;1.000;1811.269600;1811.272449;1811.313256;1811.370266;783523;783523;783523;9795;22;12536368;12536408;100.000;616.212;616.212;6.744;7.409;3008.738;3.195;0.000;0.000;5.029;15.152;0.003;23.376;23.376;77.473;97.817;40.807;23.897;57.284;2.246;0.769;0.479;1.505;0.030;2.849;100.666;98.651;33.661;0.328;0.180;0.328;0.002;0.279;5.520;0.166;0;2;39.550;39.552;0.210000;54.900000;0.998083;28012;1;0;0;0;0;0;0
114;1;1;1;IDLE;0.000;0.000;1.000;1811.302700;1811.305540;1811.346489;1811.403840;783046;783046;783046;9789;23;12528736;12528776;100.000;628.406;628.406;7.240;7.937;3006.906;3.200;0.000;0.000;5.086;15.244;0.003;23.530;23.530;78.363;98.300;40.949;23.937;57.462;2.244;0.769;0.479;1.564;0.030;2.840;101.141;98.892;33.091;0.242;0.184;0.242;0.002;0.678;5.414;0.162;0;2;39.017;39.018;0.210000;54.860000;0.998222;30080;1;0;0;0;0;0;0
115;1;1;1;IDLE;0.000;0.000;1.000;1811.336062;1811.338891;1811.379181;1811.437578;785712;785712;785712;9822;22;12571392;12571432;100.000;619.740;619.740;6.879;7.545;3017.144;3.133;0.000;0.000;4.987;14.815;0.003;22.936;22.936;78.402;98.687;40.289;23.241;56.927;2.249;0.777;0.471;1.458;0.032;2.829;101.516;99.296;33.351;0.018;0.173;0.018;0.002;0.199;5.310;0.159;0;2;39.469;39.471;0.210000;54.900000;0.998345;28576;1;0;0;0;0;0;0
116;1;1;1;IDLE;0.000;0.000;1.000;1811.369381;1811.372300;1811.413082;1811.470391;788409;788409;788409;9856;22;12614544;12614584;100.000;618.020;618.020;6.789;7.454;3027.500;3.332;0.000;0.000;4.937;14.632;0.003;22.901;22.901;77.679;98.090;40.781;23.347;56.157;2.241;0.784;0.479;1.404;0.029;2.919;101.009;98.775;33.409;0.076;0.167;0.076;0.002;0.798;5.219;0.157;0;2;39.124;39.126;0.210000;54.890000;0.998407;28200;1;0;0;0;0;0;0
117;1;1;1;IDLE;0.000;0.000;1.000;1811.402703;1811.405577;1811.446546;1811.503525;785289;785289;785289;9817;21;12564624;12564664;100.000;618.112;618.112;6.518;7.152;3015.519;3.303;0.000;0.000;5.002;15.362;0.002;23.668;23.668;77.620;97.948;40.969;24.163;57.770;2.194;0.765;0.474;1.536;0.034;2.874;100.822;98.576;33.277;0.056;0.160;0.056;0.013;0.263;5.168;0.155;0;2;39.201;39.203;0.210000;54.940000;0.998434;27072;1;0;0;0;0;0;0
118;1;1;1;IDLE;0.000;0.000;1.000;1811.436030;1811.438846;1811.480649;1811.537098;784314;784314;784314;9804;21;12549024;12549064;100.000;616.261;616.261;6.383;7.017;3011.775;3.222;0.000;0.000;5.010;16.062;0.003;24.293;24.293;77.889;98.252;41.803;24.726;58.114;2.229;0.771;0.477;1.502;0.031;2.816;101.068;98.816;33.268;0.065;0.154;0.065;0.002;0.365;5.131;0.154;0;2;38.933;38.935;0.210000;54.990000;0.998468;26508;1;0;0;0;0;0;0
119;1;1;1;IDLE;0.000;0.000;1.000;1811.469379;1811.472270;1811.512691;1811.570868;784830;784830;784830;9811;21;12557280;12557320;100.000;622.771;622.771;6.473;7.107;3013.757;3.281;0.000;0.000;4.919;15.036;0.002;23.236;23.236;78.434;98.598;40.421;23.566;57.484;2.166;0.768;0.477;1.476;0.032;2.892;101.490;99.253;33.425;0.091;0.150;0.091;0.002;0.300;5.080;0.152;0;2;39.437;39.439;0.200000;55.020000;0.998486;26884;1;0;0;0;0;0;0
120;1;1;1;IDLE;0.000;0.000;1.000;1811.502698;1811.505587;1811.546763;1811.604988;784742;784742;784742;9810;21;12555872;12555912;100.000;604.247;604.247;6.473;7.107;3013.419;3.223;0.000;0.000;6.514;13.021;0.002;22.758;22.758;78.622;99.401;41.176;22.895;55.270;3.271;1.096;0.455;1.658;0.033;2.889;102.290;100.039;33.317;0.016;0.142;0.016;0.002;0.859;5.443;0.163;0;2;37.121;37.123;0.200000;55.060000;0.998497;26884;1;0;0;0;0;0;0
121;1;1;1;IDLE;0.000;0.000;1.000;1811.536306;1811.539278;1811.579813;1811.640059;787186;787186;787186;9840;108;12594976;12595016;100.000;615.695;615.695;33.951;37.300;3022.804;3.329;0.000;0.000;5.183;14.225;0.008;22.736;22.736;80.324;100.781;40.535;22.560;56.090;2.489;0.779;0.475;1.407;0.033;2.972;103.753;101.777;33.691;0.358;0.155;0.358;0.002;0.668;5.380;0.161;0;2;39.390;39.392;0.300000;53.350000;0.990582;141376;1;0;0;0;0;0;0
122;1;1;1;IDLE;0.000;0.000;1.000;1811.569405;1811.572261;1811.616504;1811.673124;792161;792161;792161;9903;23;12674576;12674616;100.000;628.534;628.534;7.015;7.711;3041.908;3.214;0.000;0.000;5.089;18.881;0.002;27.184;27.184;80.697;100.863;44.242;26.951;61.443;2.259;0.760;0.469;1.569;0.031;2.856;103.719;101.509;32.983;0.350;0.168;0.350;0.002;0.104;5.310;0.159;0;2;42.431;42.433;0.300000;53.430000;0.995190;29140;1;0;0;0;0;0;0
123;1;1;1;IDLE;0.000;0.000;1.000;1811.602703;1811.605459;1811.649077;1811.704970;788290;788290;788290;9854;18;12612640;12612680;100.000;651.062;651.062;5.526;6.066;3027.043;3.089;0.000;0.000;6.724;17.129;0.003;26.942;26.942;80.138;99.510;43.617;27.074;61.768;3.980;0.779;0.481;1.451;0.032;2.757;102.267;100.021;33.198;0.135;0.166;0.135;0.002;0.390;5.666;0.170;0;2;41.172;41.174;0.320000;53.100000;0.996485;22936;1;0;0;0;0;0;0
124;1;1;1;IDLE;0.000;0.000;1.000;1811.636091;1811.638837;1811.683064;1811.738347;789222;789222;789222;9866;18;12627552;12627592;100.000;677.543;677.543;5.526;6.066;3030.622;3.072;0.000;0.000;6.713;18.045;0.002;27.831;27.831;80.872;99.510;44.227;27.968;62.926;4.042;0.766;0.457;1.417;0.032;2.746;102.256;100.064;33.377;0.044;0.158;0.044;0.002;0.828;5.931;0.178;0;2;39.946;39.948;0.320000;53.090000;0.997115;22936;1;0;0;0;0;0;0
125;1;1;1;IDLE;0.000;0.000;1.000;1811.669820;1811.672575;1811.714309;1811.770947;787173;787173;787173;9840;19;12594768;12594808;100.000;641.936;641.936;5.932;6.504;3022.754;3.065;0.000;0.000;5.291;16.219;0.002;24.575;24.575;78.752;98.372;41.734;24.981;58.884;2.624;0.760;0.452;1.421;0.035;2.755;101.127;99.331;33.738;0.405;0.173;0.405;0.002;0.601;5.774;0.173;0;2;40.252;40.254;0.280000;53.710000;0.997431;24628;1;0;0;0;0;0;0
126;1;1;1;IDLE;0.000;0.000;1.000;1811.703054;1811.705894;1811.747503;1811.804383;776279;776279;776279;9704;20;12420464;12420504;100.000;638.294;638.294;6.338;6.941;2980.921;3.045;0.000;0.000;5.589;16.341;0.003;24.975;24.975;79.030;98.489;41.609;25.359;60.024;2.670;0.760;0.467;1.651;0.042;2.840;101.329;99.434;33.319;0.014;0.163;0.014;0.015;0.202;5.730;0.172;0;2;39.780;39.782;0.240000;54.380000;0.997824;26320;1;0;0;0;0;0;0
127;1;1;1;IDLE;0.000;0.000;1.000;1811.735995;1811.738746;1811.779772;1811.837624;773912;773912;773912;9674;22;12382592;12382632;100.000;646.445;646.445;6.699;7.364;2971.832;2.984;0.000;0.000;5.774;15.540;0.002;24.298;24.298;79.723;98.878;41.026;24.574;59.225;2.769;0.759;0.456;1.750;0.040;2.751;101.629;99.342;32.852;0.481;0.183;0.481;0.003;0.553;5.745;0.172;0;2;40.139;40.148;0.220000;54.630000;0.997997;27824;1;0;0;0;0;0;0
128;1;1;1;IDLE;0.000;0.000;1.000;1811.769368;1811.772160;1811.814347;1811.870833;773302;773302;773302;9667;22;12372832;12372872;100.000;614.278;614.278;6.924;7.590;2969.489;3.148;0.000;0.000;5.050;16.312;0.003;24.511;24.511;78.531;98.673;42.187;24.840;58.100;2.212;0.757;0.469;1.583;0.029;2.792;101.465;99.217;33.413;0.080;0.177;0.080;0.002;0.679;5.573;0.167;0;2;39.585;39.587;0.210000;54.900000;0.998259;28764;1;0;0;0;0;0;0
129;1;1;1;IDLE;0.000;0.000;1.000;1811.802634;1811.805411;1811.847453;1811.903491;777001;777001;777001;9713;22;12432016;12432056;100.000;638.276;638.276;6.834;7.500;2983.693;3.125;0.000;0.000;5.510;16.288;0.003;24.924;24.924;78.602;98.080;42.041;25.412;59.285;2.548;0.756;0.462;1.705;0.040;2.777;100.857;98.543;33.252;0.082;0.171;0.082;0.003;0.761;5.560;0.167;0;2;39.658;39.659;0.220000;54.760000;0.998454;28388;1;0;0;0;0;0;0
130;1;1;1;IDLE;0.000;0.000;1.000;1811.836007;1811.838813;1811.879993;1811.903565;783174;783174;783174;9790;21;12530784;12530824;100.000;611.966;611.966;6.654;7.288;3007.398;3.151;0.000;0.000;5.037;15.575;0.002;23.762;23.762;44.275;64.752;41.180;36.697;57.704;2.277;0.852;0.475;1.402;0.030;2.806;67.558;65.283;33.402;0.068;0.164;0.068;0.002;0.089;5.432;0.163;0;2;39.060;39.062;0.220000;54.720000;0.998442;27636;1;0;0;0;0;0;0
131;1;1;1;IDLE;0.000;0.000;1.000;1811.869379;1811.872212;1811.913563;1811.937147;786108;786108;786108;9827;21;12577728;12577768;100.000;629.837;629.837;6.654;7.288;3018.664;3.227;0.000;0.000;5.151;16.040;0.002;24.418;24.418;44.965;64.935;41.351;37.604;59.051;2.327;0.763;0.477;1.554;0.030;2.833;67.768;65.531;33.399;0.066;0.158;0.066;0.002;0.187;5.364;0.161;0;2;39.552;39.553;0.220000;54.730000;0.998433;27636;1;0;0;0;0;0;0
132;1;1;1;IDLE;0.000;0.000;1.000;1811.902693;1811.905614;1811.946635;1812.004286;785622;785622;785622;9821;21;12569952;12569992;100.000;611.027;611.027;6.564;7.198;3016.798;3.393;0.000;0.000;5.885;14.030;0.003;23.309;23.309;78.099;98.671;41.021;23.623;56.823;3.233;0.770;0.452;1.395;0.035;2.921;101.593;99.337;33.402;0.069;0.153;0.069;0.002;0.530;5.497;0.165;0;2;38.541;38.543;0.210000;54.880000;0.998506;27260;1;0;0;0;0;0;0
133;1;1;1;IDLE;0.000;0.000;1.000;1811.936177;1811.939118;1811.980707;1812.037353;787265;787265;787265;9841;21;12596240;12596280;100.000;603.985;603.985;6.428;7.062;3023.107;3.226;0.000;0.000;6.505;14.026;0.002;23.758;23.758;77.380;98.236;41.589;24.184;57.125;3.598;0.762;0.446;1.665;0.033;2.941;101.177;99.071;33.504;0.170;0.154;0.170;0.002;0.199;5.753;0.173;0;2;37.594;37.596;0.210000;54.830000;0.998581;26696;1;0;0;0;0;0;0
134;1;1;1;IDLE;0.000;0.000;1.000;1811.969844;1811.972739;1812.013779;1812.069907;787734;787734;787734;9847;21;12603744;12603784;100.000;625.386;625.386;6.473;7.107;3024.908;3.247;0.000;0.000;5.075;15.032;0.003;23.354;23.354;77.014;97.167;41.040;24.035;56.907;2.302;0.767;0.481;1.493;0.032;2.895;100.062;98.291;33.622;0.288;0.162;0.288;0.003;0.775;5.586;0.168;0;2;38.602;38.603;0.210000;54.970000;0.998665;26884;1;0;0;0;0;0;0
135;1;1;1;IDLE;0.000;0.000;1.000;1812.002733;1812.005562;1812.046552;1812.104538;786766;786766;786766;9835;22;12588256;12588296;100.000;613.517;613.517;6.744;7.409;3021.191;3.172;0.000;0.000;5.020;14.729;0.003;22.922;22.922;78.458;98.976;40.990;23.159;55.920;2.312;0.776;0.476;1.423;0.033;2.829;101.805;99.589;32.823;0.511;0.184;0.511;0.011;0.710;5.447;0.163;0;2;38.078;38.080;0.210000;54.910000;0.998689;28012;1;0;0;0;0;0;0
136;1;1;1;IDLE;0.000;0.000;1.000;1812.036037;1812.038889;1812.078799;1812.137716;787622;787622;787622;9846;100;12601952;12601992;100.000;625.279;625.279;31.380;34.478;3024.478;3.262;0.000;0.000;5.115;14.299;0.006;22.676;22.676;78.672;98.826;39.910;22.946;56.819;2.298;0.760;0.482;1.543;0.032;2.852;101.679;99.433;33.327;0.006;0.173;0.006;0.002;0.338;5.367;0.161;0;2;40.027;40.036;0.280000;53.680000;0.990795;130660;1;0;0;0;0;0;0
137;1;1;1;IDLE;0.000;0.000;1.000;1812.069372;1812.072316;1812.114329;1812.169926;784509;784509;784509;9807;25;12552144;12552184;100.000;610.183;610.183;7.737;8.496;3012.524;3.420;0.000;0.000;5.748;15.366;0.003;24.534;24.534;77.038;97.610;42.014;25.135;58.396;3.110;0.762;0.445;1.397;0.034;2.944;100.553;98.310;33.427;0.093;0.168;0.093;0.002;0.325;5.465;0.164;0;2;38.741;38.743;0.260000;53.960000;0.995622;32148;1;0;0;0;0;0;0
138;1;1;1;IDLE;0.000;0.000;1.000;1812.102786;1812.105567;1812.148098;1812.203439;782962;782962;782962;9788;21;12527392;12527432;100.000;620.544;620.544;6.518;7.152;3006.584;3.146;0.000;0.000;5.250;17.069;0.002;25.464;25.464;77.684;97.872;42.531;26.018;59.872;2.412;0.753;0.478;1.576;0.031;2.781;100.653;98.490;33.251;0.082;0.163;0.082;0.002;0.021;5.414;0.162;0;2;38.890;38.892;0.270000;53.850000;0.996897;27072;1;0;0;0;0;0;0
139;1;1;1;IDLE;0.000;0.000;1.000;1812.136042;1812.138862;1812.178584;1812.237626;785441;785441;785441;9819;21;12567056;12567096;100.000;634.758;634.758;6.609;7.243;3016.103;3.165;0.000;0.000;5.335;14.482;0.002;22.982;22.982;78.966;98.764;39.723;23.270;57.857;2.385;0.757;0.468;1.693;0.033;2.820;101.584;99.344;33.294;0.039;0.155;0.039;0.002;0.104;5.399;0.162;0;2;39.331;39.333;0.270000;53.870000;0.997351;27448;1;0;0;0;0;0;0
140;1;1;1;IDLE;0.000;0.000;1.000;1812.169362;1812.172364;1812.212268;1812.237689;786857;786857;786857;9836;20;12589712;12589752;100.000;608.355;608.355;6.338;6.941;3021.540;3.261;0.000;0.000;5.815;13.137;0.001;22.212;22.212;44.630;65.325;39.905;34.003;55.664;3.167;0.773;0.455;1.390;0.030;3.001;68.327;66.074;33.502;0.169;0.156;0.169;0.002;0.255;5.506;0.165;0;2;38.483;38.484;0.270000;53.830000;0.997723;26320;1;0;0;0;0;0;0
141;1;1;1;IDLE;0.000;0.000;1.000;1812.202909;1812.205888;1812.246700;1812.304647;786209;786209;786209;9828;23;12579344;12579384;100.000;612.121;612.121;7.015;7.711;3019.052;3.403;0.000;0.000;6.441;13.442;0.004;23.286;23.286;78.209;98.760;40.813;23.578;57.055;3.289;1.096;0.449;1.573;0.033;2.979;101.739;99.698;33.524;0.191;0.158;0.191;0.002;0.376;5.742;0.172;0;2;38.127;38.128;0.270000;53.870000;0.997942;29140;1;0;0;0;0;0;0
142;1;1;1;IDLE;0.000;0.000;1.000;1812.236492;1812.239413;1812.281389;1812.337768;785895;785895;785895;9824;24;12574320;12574360;100.000;628.442;628.442;7.421;8.148;3017.846;3.291;0.000;0.000;5.089;16.058;0.003;24.438;24.438;78.346;98.355;41.976;24.847;58.218;2.262;0.771;0.477;1.551;0.029;2.921;101.276;99.486;33.525;0.192;0.160;0.192;0.002;0.818;5.582;0.167;0;2;39.309;39.313;0.250000;54.130000;0.998223;30832;1;0;0;0;0;0;0
143;1;1;1;IDLE;0.000;0.000;1.000;1812.269361;1812.272159;1812.314456;1812.370305;783109;783109;783109;9789;24;12529744;12529784;100.000;619.280;619.280;7.511;8.239;3007.148;3.135;0.000;0.000;5.207;16.237;0.003;24.579;24.579;77.913;98.146;42.297;25.044;58.111;2.333;0.772;0.475;1.599;0.029;2.798;100.944;98.689;32.746;0.587;0.187;0.587;0.015;0.604;5.491;0.165;0;2;39.544;39.546;0.230000;54.480000;0.998450;31208;1;0;0;0;0;0;0
144;1;1;1;IDLE;0.000;0.000;1.000;1812.302716;1812.305524;1812.346699;1812.403392;783994;783994;783994;9800;25;12543904;12543944;100.000;637.363;637.363;7.782;8.541;3010.547;3.133;0.000;0.000;5.393;15.346;0.003;23.871;23.871;78.187;97.868;41.175;24.391;57.975;2.433;0.761;0.461;1.700;0.038;2.808;100.676;98.443;33.365;0.032;0.177;0.032;0.002;0.752;5.469;0.164;0;2;38.946;38.948;0.220000;54.780000;0.998506;32336;1;0;0;0;0;0;0
145;1;1;1;IDLE;0.000;0.000;1.000;1812.336110;1812.338927;1812.379572;1812.437227;785959;785959;785959;9825;24;12575344;12575384;100.000;615.910;615.910;7.511;8.239;3018.092;3.161;0.000;0.000;5.008;15.035;0.003;23.203;23.203;77.882;98.300;40.645;23.605;57.088;2.248;0.772;0.482;1.473;0.033;2.817;101.117;98.945;33.403;0.070;0.170;0.070;0.002;0.182;5.356;0.161;0;2;38.848;38.850;0.210000;54.890000;0.998501;31208;1;0;0;0;0;0;0
146;1;1;1;IDLE;0.000;0.000;1.000;1812.369480;1812.372399;1812.412248;1812.471289;789030;789030;789030;9863;24;12624480;12624520;100.000;617.851;617.851;7.466;8.194;3029.885;3.338;0.000;0.000;4.910;14.263;0.003;22.511;22.511;78.457;98.890;39.849;22.764;56.491;2.208;0.792;0.477;1.404;0.029;2.919;101.809;99.673;33.472;0.138;0.168;0.138;0.002;0.240;5.247;0.157;0;2;39.236;39.237;0.210000;54.820000;0.998514;31020;1;0;0;0;0;0;0
147;1;1;1;IDLE;0.000;0.000;1.000;1812.402810;1812.405783;1812.445716;1812.505076;794594;794594;794594;9933;25;12713504;12713544;100.000;610.572;610.572;7.692;8.450;3051.251;3.465;0.000;0.000;5.759;13.027;0.003;22.250;22.250;78.470;99.293;39.932;22.409;55.720;3.102;0.783;0.451;1.392;0.031;2.973;102.266;100.127;33.384;0.051;0.161;0.051;0.002;0.322;5.379;0.161;0;2;38.595;38.597;0.220000;54.770000;0.998523;31960;1;0;0;0;0;0;0
148;1;1;1;IDLE;0.000;0.000;1.000;1812.436420;1812.439441;1812.480793;1812.538140;797998;797998;797998;9975;24;12767968;12768008;100.000;601.876;601.876;7.376;8.103;3064.322;3.343;0.000;0.000;6.241;13.856;0.418;23.440;23.440;77.485;98.699;41.352;23.749;56.685;3.147;0.886;0.452;1.722;0.034;3.021;101.720;99.858;33.658;0.325;0.171;0.325;0.002;0.038;5.601;0.168;0;2;38.135;38.136;0.220000;54.790000;0.998640;30644;1;0;0;0;0;0;0
149;1;1;1;IDLE;0.000;0.000;1.000;1812.470089;1812.473065;1812.514267;1812.570666;798639;798639;798639;9983;24;12778224;12778264;100.000;620.001;620.001;7.376;8.103;3066.783;3.304;0.000;0.000;4.971;15.438;0.003;23.713;23.713;76.991;97.601;41.202;24.296;57.553;2.201;0.868;0.478;1.393;0.031;2.976;100.577;99.051;33.624;0.291;0.179;0.291;0.002;0.179;5.446;0.163;0;2;38.891;38.892;0.210000;54.830000;0.998570;30644;1;0;0;0;0;0;0
150;1;1;1;IDLE;0.000;0.000;1.000;1812.502907;1812.505759;1812.546935;1812.604812;796693;796693;796693;9959;23;12747088;12747128;100.000;622.002;622.002;7.240;7.937;3059.311;3.192;0.000;0.000;5.212;15.032;0.002;23.436;23.436;78.559;99.053;41.176;23.660;56.917;2.353;0.779;0.478;1.569;0.033;2.852;101.905;99.863;32.694;0.640;0.207;0.640;0.003;0.435;5.390;0.162;0;2;38.758;38.759;0.220000;54.790000;0.998619;30080;1;0;0;0;0;0;0
151;1;1;1;IDLE;0.000;0.000;1.000;1812.536208;1812.538851;1812.580007;1812.638581;794717;794717;794717;9934;105;12715472;12715512;100.000;634.082;634.082;33.094;36.349;3051.723;3.191;0.000;0.000;5.251;15.792;0.008;24.234;24.234;79.676;99.729;41.155;24.299;58.883;2.333;0.769;0.469;1.649;0.032;2.643;102.373;100.299;33.093;0.241;0.210;0.241;0.002;0.056;5.358;0.161;0;2;40.587;40.588;0.300000;53.410000;0.991385;137804;1;0;0;0;0;0;0
152;1;1;1;IDLE;0.000;0.000;1.000;1812.569469;1812.572323;1812.614507;1812.670958;792861;792861;792861;9911;22;12685776;12685816;100.000;608.455;608.455;6.924;7.590;3044.596;3.210;0.000;0.000;6.599;14.452;0.002;24.261;24.261;77.785;98.635;42.183;24.597;57.514;3.360;1.097;0.445;1.659;0.037;2.854;101.489;99.343;33.472;0.139;0.205;0.139;0.012;0.271;5.673;0.170;0;2;38.521;38.523;0.310000;53.230000;0.995314;28764;1;0;0;0;0;0;0
153;1;1;1;IDLE;0.000;0.000;1.000;1812.603266;1812.606148;1812.647697;1812.703931;792789;792789;792789;9910;19;12684624;12684664;100.000;630.204;630.204;5.751;6.323;3044.319;3.230;0.000;0.000;5.241;15.568;0.003;24.039;24.039;77.655;97.783;41.549;24.584;57.858;2.367;0.773;0.482;1.588;0.031;2.882;100.665;98.982;33.825;0.492;0.223;0.492;0.002;0.609;5.567;0.167;0;2;38.823;38.825;0.340000;52.830000;0.996321;23876;1;0;0;0;0;0;0
154;1;1;1;IDLE;0.000;0.000;1.000;1812.636136;1812.638937;1812.680229;1812.737807;792309;792309;792309;9904;18;12676944;12676984;100.000;642.032;642.032;5.526;6.066;3042.476;3.115;0.000;0.000;5.501;15.717;0.003;24.332;24.332;79.125;98.870;41.292;24.610;58.928;2.495;0.773;0.456;1.741;0.036;2.801;101.672;99.525;32.789;0.544;0.243;0.544;0.002;0.326;5.554;0.167;0;2;39.412;39.417;0.330000;52.930000;0.996967;22936;1;0;0;0;0;0;0
155;1;1;1;IDLE;0.000;0.000;1.000;1812.669489;1812.672380;1812.713297;1812.770317;791925;791925;791925;9900;19;12670800;12670840;100.000;612.492;612.492;5.977;6.549;3041.002;3.223;0.000;0.000;4.950;15.035;0.002;23.208;23.208;77.250;97.937;40.917;23.697;56.720;2.148;0.779;0.473;1.517;0.033;2.891;100.828;98.701;33.443;0.109;0.235;0.109;0.002;0.242;5.406;0.162;0;2;39.540;39.542;0.290000;53.510000;0.997521;24816;1;0;0;0;0;0;0
156;1;1;1;IDLE;0.000;0.000;1.000;1812.702811;1812.705714;1812.746759;1812.803479;793795;793795;793795;9923;22;12700720;12700760;100.000;619.452;619.452;6.970;7.635;3048.182;3.311;0.000;0.000;4.930;15.425;0.003;23.666;23.666;77.261;97.765;41.045;24.207;57.657;2.203;0.794;0.476;1.425;0.032;2.903;100.667;98.530;33.334;0.001;0.220;0.001;0.002;0.184;5.290;0.159;0;2;38.971;38.973;0.260000;53.990000;0.997903;28952;1;0;0;0;0;0;0
157;1;1;1;IDLE;0.000;0.000;1.000;1812.736149;1812.738994;1812.779439;1812.837217;793460;793460;793460;9919;22;12695360;12695400;100.000;616.354;616.354;6.789;7.454;3046.896;3.187;0.000;0.000;4.971;14.528;0.003;22.687;22.687;77.625;98.223;40.445;23.097;56.093;2.241;0.794;0.474;1.430;0.032;2.844;101.067;98.934;33.280;0.054;0.210;0.054;0.003;0.344;5.213;0.156;0;2;38.557;38.566;0.240000;54.240000;0.998125;28200;1;0;0;0;0;0;0
158;1;1;1;IDLE;0.000;0.000;1.000;1812.769521;1812.772518;1812.812200;1812.870870;795527;795527;795527;9945;22;12728432;12728472;100.000;615.642;615.642;6.744;7.409;3054.833;3.383;0.000;0.000;5.864;13.072;0.002;22.318;22.318;77.677;98.352;39.682;22.692;56.243;3.203;0.778;0.458;1.392;0.033;2.997;101.350;99.255;33.524;0.191;0.209;0.191;0.002;0.068;5.378;0.161;0;2;38.083;38.085;0.220000;54.660000;0.998241;28012;1;0;0;0;0;0;0
159;1;1;1;IDLE;0.000;0.000;1.000;1812.803125;1812.806151;1812.846291;1812.903647;798776;798776;798776;9985;23;12780416;12780456;100.000;602.098;602.098;7.105;7.801;3067.309;3.441;0.000;0.000;5.792;12.733;0.003;21.965;21.965;76.269;97.496;40.140;22.529;54.721;3.141;0.777;0.453;1.391;0.030;3.026;100.522;98.698;33.633;0.300;0.214;0.300;0.002;0.386;5.485;0.165;0;2;37.307;37.308;0.210000;54.900000;0.998371;29516;1;0;0;0;0;0;0
160;1;1;1;IDLE;0.000;0.000;1.000;1812.836091;1812.839000;1812.879961;1812.937247;799362;799362;799362;9993;23;12789792;12789832;100.000;618.843;618.843;7.060;7.756;3069.560;3.385;0.000;0.000;4.944;15.222;0.003;23.551;23.551;77.580;98.247;40.961;23.971;57.495;2.175;0.863;0.478;1.396;0.031;2.908;101.155;98.964;32.849;0.485;0.231;0.485;0.002;0.124;5.353;0.161;0;2;38.901;38.904;0.210000;54.920000;0.998348;29328;1;0;0;0;0;0;0
161;1;1;1;IDLE;0.000;0.000;1.000;1812.869467;1812.872320;1812.912081;1812.971224;789777;789777;789777;9873;23;12636432;12636472;100.000;623.693;623.693;7.060;7.756;3032.753;3.272;0.000;0.000;5.081;14.386;0.003;22.739;22.739;78.643;98.904;39.761;22.991;57.190;2.300;0.771;0.478;1.500;0.032;2.853;101.757;99.609;33.321;0.013;0.217;0.013;0.012;0.020;5.288;0.159;0;2;39.546;39.547;0.220000;54.790000;0.998399;29328;1;0;0;0;0;0;0
162;1;1;1;IDLE;0.000;0.000;1.000;1812.902796;1812.905728;1812.946105;1813.005285;790930;790930;790930;9887;22;12654880;12654920;100.000;599.695;599.695;6.879;7.545;3037.181;3.304;0.000;0.000;6.465;12.319;0.003;22.088;22.088;78.455;99.557;40.377;22.187;54.706;3.207;1.098;0.454;1.672;0.034;2.932;102.489;100.336;33.408;0.074;0.209;0.074;0.002;0.488;5.588;0.168;0;2;37.433;37.435;0.210000;54.880000;0.998436;28576;1;0;0;0;0;0;0
163;1;1;1;IDLE;0.000;0.000;1.000;1812.936625;1812.939620;1812.980882;1813.037789;793734;793734;793734;9922;23;12699744;12699784;100.000;613.320;613.320;7.105;7.801;3047.948;3.426;0.000;0.000;6.614;13.025;0.002;23.066;23.066;77.463;98.169;41.262;23.496;55.900;3.307;1.099;0.451;1.721;0.036;2.995;101.164;99.507;33.892;0.558;0.230;0.558;0.002;0.913;5.851;0.176;0;2;37.423;37.424;0.220000;54.720000;0.998550;29516;1;0;0;0;0;0;0
164;1;1;1;IDLE;0.000;0.000;1.000;1812.970061;1812.973058;1813.014677;1813.070726;792883;792883;792883;9912;23;12686128;12686168;100.000;604.601;604.601;7.105;7.801;3044.680;3.228;0.000;0.000;6.509;13.742;0.003;23.478;23.478;76.685;97.667;41.619;24.039;56.413;3.264;0.991;0.459;1.758;0.036;2.997;100.665;99.110;33.439;0.105;0.223;0.105;0.002;0.382;6.023;0.181;0;2;36.849;36.850;0.210000;54.810000;0.998548;29516;1;0;0;0;0;0;0
165;1;1;1;IDLE;0.000;0.000;1.000;1813.003419;1813.006305;1813.047023;1813.105238;791299;791299;791299;9892;24;12660784;12660824;100.000;636.645;636.645;7.331;8.058;3038.598;3.177;0.000;0.000;5.328;15.030;0.002;23.536;23.536;79.047;98.934;40.718;23.790;57.803;2.429;0.769;0.474;1.627;0.030;2.886;101.819;100.290;33.246;0.087;0.214;0.087;0.002;0.469;5.852;0.176;0;2;38.729;38.730;0.210000;54.880000;0.998579;30456;1;0;0;0;0;0;0
166;1;1;1;IDLE;0.000;0.000;1.000;1813.036136;1813.038946;1813.079933;1813.106369;789485;789485;789485;9869;101;12631760;12631800;100.000;614.152;614.152;31.921;35.051;3031.632;3.161;0.000;0.000;4.976;14.866;0.005;23.003;23.003;46.855;67.423;40.987;34.118;56.123;2.246;0.784;0.474;1.440;0.032;2.810;70.233;68.087;32.641;0.692;0.244;0.692;0.002;0.574;5.636;0.169;0;2;40.162;40.170;0.280000;53.670000;0.991490;132916;1;0;0;0;0;0;0
167;1;1;1;IDLE;0.000;0.000;1.000;1813.069433;1813.072292;1813.115790;1813.171019;789977;789977;789977;9875;23;12639632;12639672;100.000;624.447;624.447;7.015;7.711;3033.521;3.287;0.000;0.000;5.095;17.868;0.003;26.250;26.250;78.486;98.728;43.498;26.588;60.347;2.287;0.760;0.470;1.546;0.032;2.859;101.587;99.404;33.346;0.013;0.230;0.013;0.002;0.291;5.503;0.165;0;2;40.721;40.723;0.260000;53.950000;0.995750;29140;1;0;0;0;0;0;0
168;1;1;1;IDLE;0.000;0.000;1.000;1813.102768;1813.105538;1813.147917;1813.203372;791598;791598;791598;9895;19;12665568;12665608;100.000;654.161;654.161;6.022;6.594;3039.746;3.260;0.000;0.000;6.339;15.722;0.002;25.321;25.321;78.472;97.834;42.378;25.882;59.750;3.520;0.775;0.471;1.535;0.038;2.770;100.604;98.424;33.247;0.087;0.221;0.087;0.003;0.951;5.715;0.171;0;2;38.820;38.821;0.270000;53.830000;0.996535;25004;1;0;0;0;0;0;0
169;1;1;1;IDLE;0.000;0.000;1.000;1813.136125;1813.138911;1813.180115;1813.237496;795034;795034;795034;9938;20;12720544;12720584;100.000;628.333;628.333;6.067;6.670;3052.940;3.131;0.000;0.000;5.414;15.515;0.002;24.060;24.060;78.339;98.585;41.204;24.406;58.393;2.450;0.773;0.464;1.694;0.033;2.786;101.371;99.214;33.373;0.039;0.209;0.039;0.002;0.026;5.645;0.169;0;2;38.760;38.771;0.260000;53.970000;0.997269;25192;1;0;0;0;0;0;0
170;1;1;1;IDLE;0.000;0.000;1.000;1813.169454;1813.172332;1813.212381;1813.270970;794863;794863;794863;9936;20;12717808;12717848;100.000;632.263;632.263;6.157;6.760;3052.284;3.208;0.000;0.000;5.239;14.420;0.003;22.867;22.867;78.522;98.637;40.049;23.183;57.098;2.318;0.761;0.472;1.655;0.032;2.879;101.516;99.354;33.421;0.088;0.202;0.088;0.011;0.262;5.547;0.166;0;2;39.530;39.531;0.250000;54.150000;0.997553;25568;1;0;0;0;0;0;0
171;1;1;1;IDLE;0.000;0.000;1.000;1813.202808;1813.205792;1813.247460;1813.304049;794885;794885;794885;9937;21;12718160;12718200;100.000;599.667;599.667;6.609;7.243;3052.368;3.407;0.000;0.000;6.153;14.138;0.002;23.698;23.698;77.049;98.258;41.668;24.118;56.873;3.146;0.875;0.454;1.645;0.033;2.984;101.242;99.100;33.460;0.126;0.197;0.126;0.002;0.166;5.702;0.171;0;2;37.642;37.643;0.230000;54.470000;0.997878;27448;1;0;0;0;0;0;0
172;1;1;1;IDLE;0.000;0.000;1.000;1813.236543;1813.239456;1813.280531;1813.337057;788905;788905;788905;9862;21;12622480;12622520;100.000;613.574;613.574;6.564;7.198;3029.405;3.352;0.000;0.000;4.897;15.031;0.002;23.280;23.280;77.029;97.601;41.075;23.852;56.676;2.194;0.791;0.477;1.403;0.032;2.913;100.514;98.775;33.664;0.331;0.205;0.331;0.002;0.572;5.504;0.165;0;2;38.537;38.539;0.210000;54.810000;0.998159;27260;1;0;0;0;0;0;0
173;1;1;1;IDLE;0.000;0.000;1.000;1813.269462;1813.272297;1813.313603;1813.370323;787376;787376;787376;9843;21;12598016;12598056;100.000;624.251;624.251;6.564;7.198;3023.533;3.227;0.000;0.000;5.161;15.024;0.003;23.412;23.412;77.844;98.026;41.305;23.883;56.679;2.360;0.772;0.471;1.526;0.032;2.835;100.861;98.707;32.841;0.492;0.223;0.492;0.002;0.935;5.421;0.163;0;2;38.474;38.475;0.200000;55.110000;0.998327;27260;1;0;0;0;0;0;0
174;1;1;1;IDLE;0.000;0.000;1.000;1813.302773;1813.306115;1813.346673;1813.404305;791921;791921;791921;9900;22;12670736;12670776;100.000;621.232;621.232;6.834;7.500;3040.986;3.240;0.000;0.000;5.776;14.028;0.004;23.044;23.044;77.794;98.190;40.559;23.469;56.817;3.115;0.781;0.455;1.394;0.032;3.341;101.532;99.356;33.818;0.484;0.240;0.484;0.002;0.355;5.512;0.165;0;2;37.672;37.674;0.200000;55.120000;0.998353;28388;1;0;0;0;0;0;0
175;1;1;1;IDLE;0.000;0.000;1.000;1813.336326;1813.339270;1813.378987;1813.438099;785044;785044;785044;9814;22;12560704;12560744;100.000;615.917;615.917;6.699;7.364;3014.579;3.340;0.000;0.000;4.914;14.277;0.002;22.531;22.531;78.436;98.829;39.717;22.798;56.728;2.154;0.838;0.480;1.406;0.036;2.944;101.773;99.817;33.155;0.178;0.236;0.178;0.003;0.129;5.366;0.161;0;2;39.588;39.590;0.200000;55.020000;0.998458;27824;1;0;0;0;0;0;0
176;1;1;1;IDLE;0.000;0.000;1.000;1813.369597;1813.372602;1813.413820;1813.471407;785759;785759;785759;9822;22;12572144;12572184;100.000;598.875;598.875;6.789;7.454;3017.324;3.295;0.000;0.000;6.187;13.859;0.002;23.341;23.341;77.812;98.806;41.219;23.623;56.628;3.166;0.886;0.449;1.652;0.035;3.004;101.810;99.792;33.332;0.002;0.221;0.002;0.002;0.176;5.575;0.167;0;2;38.134;38.135;0.200000;55.030000;0.998573;28200;1;0;0;0;0;0;0
177;1;1;1;IDLE;0.000;0.000;1.000;1813.403174;1813.406070;1813.447185;1813.504545;782963;782963;782963;9788;22;12527408;12527448;100.000;620.500;620.500;6.970;7.635;3006.588;3.268;0.000;0.000;5.113;15.533;0.002;23.915;23.915;78.285;98.474;41.115;24.285;58.166;2.295;0.766;0.479;1.542;0.031;2.897;101.371;99.596;33.469;0.135;0.216;0.135;0.003;0.274;5.462;0.164;0;2;39.745;39.746;0.210000;54.960000;0.998525;28952;1;0;0;0;0;0;0
178;1;1;1;IDLE;0.000;0.000;1.000;1813.436120;1813.438920;1813.480966;1813.538143;783666;783666;783666;9796;21;12538656;12538696;100.000;613.237;613.237;6.564;7.198;3009.287;3.096;0.000;0.000;5.066;16.032;0.003;24.195;24.195;78.776;99.223;42.046;24.384;57.544;2.295;0.770;0.477;1.494;0.030;2.800;102.023;99.861;32.850;0.484;0.233;0.484;0.002;0.497;5.366;0.161;0;2;39.600;39.609;0.210000;54.930000;0.998540;27260;1;0;0;0;0;0;0
179;1;1;1;IDLE;0.000;0.000;1.000;1813.469449;1813.472253;1813.513729;1813.571315;786714;786714;786714;9834;22;12587424;12587464;100.000;631.295;631.295;6.699;7.364;3020.991;3.165;0.000;0.000;5.314;15.954;0.002;24.433;24.433;79.123;99.063;41.477;24.665;58.909;2.442;0.758;0.478;1.604;0.032;2.804;101.867;99.700;33.333;0.001;0.218;0.001;0.012;0.256;5.356;0.161;0;2;40.363;40.364;0.210000;54.980000;0.998545;27824;1;0;0;0;0;0;0
180;1;1;1;IDLE;0.000;0.000;1.000;1813.502795;1813.505613;1813.548112;1813.605876;787583;787583;787583;9845;21;12601328;12601368;100.000;632.678;632.678;6.473;7.107;3024.328;3.182;0.000;0.000;5.330;17.040;0.003;25.551;25.551;80.345;100.263;42.499;25.484;60.123;2.462;0.760;0.473;1.596;0.039;2.818;103.081;100.927;33.360;0.027;0.206;0.027;0.003;0.207;5.352;0.161;0;2;40.239;40.241;0.200000;55.120000;0.998624;26884;1;0;0;0;0;0;0
181;1;1;1;IDLE;0.000;0.000;1.000;1813.536115;1813.538917;1813.580650;1813.640405;793719;793719;793719;9922;104;12699504;12699544;100.000;619.896;619.896;32.598;35.821;3047.891;3.285;0.000;0.000;5.170;15.687;0.009;24.143;24.143;81.001;101.487;41.733;23.789;57.850;2.316;0.771;0.472;1.580;0.030;2.802;104.290;102.122;33.304;0.029;0.195;0.029;0.002;0.386;5.309;0.159;0;2;40.898;40.900;0.290000;53.560000;0.990676;135736;1;0;0;0;0;0;0
182;1;1;1;IDLE;0.000;0.000;1.000;1813.569476;1813.572296;1813.616734;1813.672426;792329;792329;792329;9905;21;12677264;12677304;100.000;630.884;630.884;6.564;7.198;3042.553;3.179;0.000;0.000;5.235;18.508;0.002;26.922;26.922;80.035;100.130;44.438;26.887;60.584;2.369;0.762;0.467;1.605;0.032;2.820;102.950;100.811;33.379;0.046;0.186;0.046;0.002;0.597;5.293;0.159;0;2;42.174;42.176;0.290000;53.550000;0.995404;27260;1;0;0;0;0;0;0
183;1;1;1;IDLE;0.000;0.000;1.000;1813.602822;1813.605609;1813.650337;1813.705500;801464;801464;801464;10019;17;12823424;12823464;100.000;655.384;655.384;5.345;5.855;3077.631;3.272;0.000;0.000;6.801;18.090;0.001;28.163;28.163;80.325;99.891;44.728;28.194;62.966;3.984;0.784;0.478;1.520;0.035;2.788;102.679;100.552;33.313;0.020;0.175;0.020;0.002;0.266;5.673;0.170;0;2;40.175;40.177;0.320000;53.130000;0.996397;22184;1;0;0;0;0;0;0
184;1;1;1;IDLE;0.000;0.000;1.000;1813.636206;1813.638982;1813.682438;1813.738808;796948;796948;796948;9962;18;12751168;12751208;100.000;677.892;677.892;5.436;5.976;3060.290;3.058;0.000;0.000;6.507;18.073;0.002;27.638;27.638;81.015;99.825;43.456;27.687;63.601;3.829;0.774;0.452;1.418;0.034;2.777;102.602;100.526;33.373;0.040;0.167;0.040;0.003;0.061;5.884;0.177;0;2;41.131;41.133;0.320000;53.130000;0.996916;22560;1;0;0;0;0;0;0
185;1;1;1;IDLE;0.000;0.000;1.000;1813.669925;1813.672791;1813.715474;1813.771388;802598;802598;802598;10033;21;12841568;12841608;100.000;627.310;627.310;6.383;7.017;3081.986;3.152;0.000;0.000;5.364;16.266;0.002;24.782;24.782;78.127;98.598;42.683;25.134;58.060;2.463;0.774;0.476;1.620;0.030;2.866;101.464;99.773;33.808;0.475;0.186;0.475;0.002;0.579;5.757;0.173;0;2;39.596;39.597;0.280000;53.640000;0.997407;26508;1;0;0;0;0;0;0
186;1;1;1;IDLE;0.000;0.000;1.000;1813.702863;1813.705679;1813.748181;1813.804389;797039;797039;797039;9963;22;12752624;12752664;100.000;647.710;647.710;6.879;7.545;3060.639;3.138;0.000;0.000;6.078;16.674;0.002;25.890;25.890;79.022;98.711;42.503;26.228;60.914;3.231;0.784;0.473;1.552;0.037;2.815;101.526;99.441;32.888;0.445;0.202;0.445;0.003;0.057;5.840;0.175;0;2;39.877;39.878;0.250000;54.180000;0.997868;28576;1;0;0;0;0;0;0
187;1;1;1;IDLE;0.000;0.000;1.000;1813.736089;1813.738966;1813.781623;1813.838082;797511;797511;797511;9969;22;12760176;12760216;100.000;641.857;641.857;6.879;7.545;3062.452;3.210;0.000;0.000;5.511;17.044;0.003;25.766;25.766;79.235;99.116;42.657;25.996;60.403;2.504;0.769;0.459;1.741;0.039;2.877;101.993;99.800;33.288;0.046;0.193;0.046;0.003;0.216;5.760;0.173;0;2;39.806;39.807;0.230000;54.560000;0.998045;28576;1;0;0;0;0;0;0
188;1;1;1;IDLE;0.000;0.000;1.000;1813.769392;1813.772303;1813.813688;1813.871279;794879;794879;794879;9936;21;12718064;12718104;100.000;617.288;617.288;6.564;7.198;3052.345;3.175;0.000;0.000;5.094;15.027;0.002;23.296;23.296;78.372;98.976;41.385;23.537;56.291;2.307;0.786;0.477;1.491;0.033;2.910;101.886;99.663;33.337;0.003;0.181;0.003;0.012;0.647;5.596;0.168;0;2;39.416;39.417;0.210000;54.890000;0.998281;27260;1;0;0;0;0;0;0
189;1;1;1;IDLE;0.000;0.000;1.000;1813.802725;1813.805638;1813.847124;1813.903743;793590;793590;793590;9920;22;12697440;12697480;100.000;628.557;628.557;6.699;7.364;3047.395;3.237;0.000;0.000;5.133;15.500;0.002;23.870;23.870;77.904;98.105;41.485;24.331;57.538;2.289;0.773;0.469;1.569;0.032;2.914;101.019;98.794;33.336;0.002;0.170;0.002;0.002;0.648;5.483;0.164;0;2;39.651;39.652;0.210000;54.950000;0.998453;27824;1;0;0;0;0;0;0
190;1;1;1;IDLE;0.000;0.000;1.000;1813.836059;1813.838948;1813.880915;1813.936871;788938;788938;788938;9862;22;12623008;12623048;100.000;617.303;617.303;6.789;7.454;3029.532;3.131;0.000;0.000;5.097;16.115;0.003;24.344;24.344;77.475;97.923;41.967;24.860;58.007;2.336;0.770;0.470;1.488;0.033;2.889;100.812;98.589;33.310;0.024;0.160;0.024;0.002;0.303;5.389;0.162;0;2;38.938;38.942;0.210000;54.950000;0.998469;28200;1;0;0;0;0;0;0
191;1;1;1;IDLE;0.000;0.000;1.000;1813.869362;1813.872243;1813.912841;1813.936941;784846;784846;784846;9811;21;12557536;12557576;100.000;634.355;634.355;6.654;7.288;3013.818;3.144;0.000;0.000;5.338;14.965;0.001;23.447;23.447;44.901;64.697;40.598;36.240;57.754;2.441;0.767;0.479;1.621;0.029;2.881;67.578;65.325;33.295;0.038;0.153;0.038;0.002;0.496;5.379;0.161;0;2;38.990;38.992;0.210000;54.890000;0.998440;27636;1;0;0;0;0;0;0
192;1;1;1;IDLE;0.000;0.000;1.000;1813.902734;1813.905717;1813.945979;1814.004402;788004;788004;788004;9851;22;12608064;12608104;100.000;614.564;614.564;6.699;7.364;3025.945;3.354;0.000;0.000;4.902;14.515;0.003;22.771;22.771;78.170;98.686;40.262;23.074;56.557;2.176;0.780;0.475;1.440;0.030;2.983;101.669;99.454;33.473;0.140;0.152;0.140;0.002;0.326;5.262;0.158;0;2;38.561;38.563;0.210000;54.830000;0.998525;27824;1;0;0;0;0;0;0
193;1;1;1;IDLE;0.000;0.000;1.000;1813.936083;1813.939131;1813.979047;1814.037586;795964;795964;795964;9950;21;12735424;12735464;100.000;601.764;601.764;6.473;7.107;3056.511;3.297;0.000;0.000;6.078;12.311;0.002;21.686;21.686;77.292;98.455;39.917;22.027;54.329;3.161;0.769;0.457;1.659;0.032;3.047;101.503;99.304;33.414;0.081;0.148;0.081;0.002;0.361;5.471;0.164;0;2;37.654;37.664;0.210000;54.890000;0.998563;26884;1;0;0;0;0;0;0
194;1;1;1;IDLE;0.000;0.000;1.000;1813.969778;1813.972890;1814.013059;1814.071596;799207;799207;799207;9991;21;12787312;12787352;100.000;609.995;609.995;6.564;7.198;3068.964;3.499;0.000;0.000;6.439;11.949;0.002;21.886;21.886;77.743;98.706;40.170;22.173;54.484;3.248;0.976;0.451;1.729;0.034;3.111;101.818;99.980;33.759;0.426;0.165;0.426;0.002;0.816;5.719;0.172;0;2;36.470;36.472;0.210000;54.870000;0.998618;27260;1;0;0;0;0;0;0
195;1;1;1;IDLE;0.000;0.000;1.000;1814.003394;1814.006463;1814.046627;1814.106493;799402;799402;799402;9993;22;12790432;12790472;100.000;604.707;604.707;6.789;7.454;3069.713;3.314;0.000;0.000;6.563;12.339;0.002;22.217;22.217;78.878;100.029;40.164;22.210;55.316;3.237;1.096;0.454;1.741;0.035;3.070;103.099;101.544;33.574;0.240;0.170;0.240;0.002;0.107;5.938;0.178;0;2;37.303;37.305;0.220000;54.780000;0.998642;28200;1;0;0;0;0;0;0
196;1;1;1;IDLE;0.000;0.000;1.000;1814.036615;1814.039755;1814.080448;1814.140338;800483;800483;800483;10007;104;12807728;12807768;100.000;610.739;610.739;32.598;35.821;3073.864;3.492;0.000;0.000;6.471;13.197;0.008;23.160;23.160;79.612;100.583;40.693;23.026;56.914;3.261;0.988;0.454;1.733;0.036;3.140;103.723;102.056;33.291;0.042;0.162;0.042;0.011;0.043;6.079;0.182;0;2;39.236;39.238;0.290000;53.440000;0.990969;135736;1;0;0;0;0;0;0
197;1;1;1;IDLE;0.000;0.000;1.000;1814.070053;1814.073077;1814.118354;1814.172025;798336;798336;798336;9980;21;12773376;12773416;100.000;608.915;608.915;6.473;7.107;3065.620;3.249;0.000;0.000;5.867;18.308;0.002;27.423;27.423;77.970;98.947;45.277;27.715;60.569;3.211;0.784;0.442;1.398;0.032;3.025;101.972;100.409;33.322;0.011;0.152;0.011;0.002;0.122;6.029;0.181;0;2;40.286;40.288;0.300000;53.350000;0.995207;26884;1;0;0;0;0;0;0
198;1;1;1;IDLE;0.000;0.000;1.000;1814.103409;1814.106319;1814.149359;1814.205265;798454;798454;798454;9981;17;12775264;12775304;100.000;670.394;670.394;5.300;5.809;3066.073;3.515;0.000;0.000;7.011;16.580;0.002;27.107;27.107;79.890;98.946;43.040;27.395;62.980;4.213;0.791;0.474;1.491;0.042;2.910;101.856;100.317;33.242;0.091;0.148;0.091;0.003;0.388;6.277;0.188;0;2;39.241;39.243;0.330000;52.990000;0.996190;21996;1;0;0;0;0;0;0
199;1;1;1;IDLE;0.000;0.000;1.000;1814.136398;1814.139256;1814.182532;1814.238659;800770;800770;800770;10010;17;12812320;12812360;100.000;649.520;649.520;5.165;5.674;3074.966;3.080;0.000;0.000;5.504;18.013;0.002;26.597;26.597;79.677;99.403;43.276;26.757;61.459;2.821;0.775;0.456;1.417;0.036;2.858;102.261;100.377;32.937;0.397;0.164;0.397;0.003;0.028;6.087;0.183;0;2;40.742;40.743;0.320000;53.050000;0.996870;21432;1;0;0;0;0;0;0
200;1;1;1;IDLE;0.000;0.000;1.000;1814.169999;1814.172994;1814.214511;1814.271278;802378;802378;802378;10030;19;12838048;12838088;100.000;634.408;634.408;5.842;6.413;3081.141;3.277;0.000;0.000;5.241;15.988;0.002;24.506;24.506;78.047;98.283;41.517;24.934;59.028;2.347;0.781;0.474;1.609;0.030;2.995;101.279;99.662;33.739;0.405;0.179;0.405;0.002;0.048;5.879;0.176;0;2;40.132;40.133;0.280000;53.620000;0.997365;24252;1;0;0;0;0;0;0
201;1;1;1;IDLE;0.000;0.000;1.000;1814.202928;1814.205876;1814.249636;1814.305408;805285;805285;805285;10067;21;12884560;12884600;100.000;632.587;632.587;6.518;7.152;3092.304;3.219;0.000;0.000;5.325;18.041;0.002;26.585;26.585;79.165;99.533;43.761;26.710;60.751;2.437;0.786;0.473;1.598;0.030;2.948;102.480;100.459;32.881;0.452;0.196;0.452;0.002;0.023;5.743;0.172;0;2;39.678;39.679;0.240000;54.250000;0.997800;27072;1;0;0;0;0;0;0
202;1;1;1;IDLE;0.000;0.000;1.000;1814.236115;1814.239026;1814.280558;1814.337728;803318;803318;803318;10042;22;12853088;12853128;100.000;617.668;617.668;6.699;7.364;3084.751;3.278;0.000;0.000;5.218;14.883;0.002;23.379;23.379;77.892;98.702;41.532;23.687;56.293;2.398;0.786;0.470;1.533;0.032;2.911;101.612;99.445;33.150;0.183;0.195;0.183;0.002;0.618;5.615;0.168;0;2;39.723;39.725;0.230000;54.520000;0.998017;27824;1;0;0;0;0;0;0
203;1;1;1;IDLE;0.000;0.000;1.000;1814.269521;1814.272462;1814.315819;1814.370743;802036;802036;802036;10026;23;12832576;12832616;100.000;629.656;629.656;7.060;7.756;3079.828;3.288;0.000;0.000;5.113;17.067;0.003;25.467;25.467;77.901;98.281;43.357;25.913;58.739;2.319;0.786;0.479;1.487;0.040;2.941;101.222;99.128;33.436;0.103;0.189;0.103;0.003;0.791;5.492;0.165;0;2;38.970;38.972;0.230000;54.590000;0.998173;29328;1;0;0;0;0;0;0
204;1;1;1;IDLE;0.000;0.000;1.000;1814.302796;1814.305722;1814.346914;1814.403829;810228;810228;810228;10128;22;12963648;12963688;100.000;625.705;625.705;6.744;7.409;3111.285;3.221;0.000;0.000;5.313;15.102;0.002;23.635;23.635;77.388;98.107;41.192;24.091;57.378;2.431;0.802;0.479;1.569;0.032;2.926;101.033;98.880;33.260;0.073;0.182;0.073;0.002;0.055;5.450;0.164;0;2;38.918;38.920;0.220000;54.630000;0.998276;28012;1;0;0;0;0;0;0
205;1;1;1;IDLE;0.000;0.000;1.000;1814.336225;1814.339216;1814.379920;1814.438109;808185;808185;808185;10103;21;12930960;12931000;100.000;626.283;626.283;6.473;7.107;3103.440;3.379;0.000;0.000;5.002;14.583;0.003;22.965;22.965;78.245;98.892;40.704;23.222;56.419;2.261;0.808;0.476;1.425;0.031;2.991;101.884;99.827;33.494;0.160;0.181;0.160;0.018;0.452;5.341;0.160;0;2;38.487;38.489;0.220000;54.770000;0.998351;26884;1;0;0;0;0;0;0
206;1;1;1;IDLE;0.000;0.000;1.000;1814.369504;1814.372538;1814.412993;1814.438186;815223;815223;815223;10191;21;13043568;13043608;100.000;607.147;607.147;6.654;7.288;3130.466;3.390;0.000;0.000;6.250;12.458;0.002;22.097;22.097;44.165;65.648;40.456;33.660;54.621;3.169;0.875;0.459;1.712;0.035;3.033;68.681;66.570;33.321;0.012;0.170;0.012;0.002;0.261;5.575;0.167;0;2;37.568;37.570;0.210000;54.880000;0.998518;27636;1;0;0;0;0;0;0
207;1;1;1;IDLE;0.000;0.000;1.000;1814.403408;1814.406561;1814.447007;1814.505249;799426;799426;799426;9993;21;12790816;12790856;100.000;609.128;609.128;6.654;7.288;3069.805;3.459;0.000;0.000;6.463;12.022;0.003;21.943;21.943;77.689;98.688;40.446;22.235;54.253;3.237;0.987;0.451;1.755;0.034;3.153;101.841;100.300;34.023;0.690;0.203;0.690;0.002;0.960;5.806;0.174;0;2;36.489;36.491;0.210000;54.940000;0.998588;27636;1;0;0;0;0;0;0
208;1;1;1;IDLE;0.000;0.000;1.000;1814.436671;1814.439774;1814.480712;1814.538608;790320;790320;790320;9879;21;12645120;12645160;100.000;603.678;603.678;6.518;7.152;3034.838;3.225;0.000;0.000;5.873;13.594;0.002;22.693;22.693;77.887;98.834;40.938;22.960;55.431;3.210;0.779;0.452;1.397;0.035;3.103;101.937;100.326;33.214;0.120;0.198;0.120;0.003;0.519;5.826;0.175;0;2;38.124;38.129;0.210000;54.810000;0.998619;27072;1;0;0;0;0;0;0
209;1;1;1;IDLE;0.000;0.000;1.000;1814.470103;1814.473139;1814.514415;1814.572442;795945;795945;795945;9950;21;12735120;12735160;100.000;621.949;621.949;6.428;7.062;3056.438;3.347;0.000;0.000;4.993;15.571;0.002;23.910;23.910;78.826;99.303;41.275;24.078;57.928;2.213;0.781;0.477;1.490;0.031;3.036;102.339;100.827;33.365;0.032;0.187;0.032;0.002;0.233;5.620;0.169;0;2;39.759;39.761;0.220000;54.790000;0.998574;26696;1;0;0;0;0;0;0
210;1;1;1;IDLE;0.000;0.000;1.000;1814.502986;1814.505916;1814.548306;1814.605258;792891;792891;792891;9912;22;12686256;12686296;100.000;615.864;615.864;6.699;7.364;3044.711;3.176;0.000;0.000;5.077;16.112;0.003;24.366;24.366;78.743;99.342;42.390;24.528;57.480;2.304;0.782;0.478;1.482;0.032;2.930;102.272;100.309;32.776;0.557;0.210;0.557;0.002;0.599;5.487;0.165;0;2;40.232;40.234;0.220000;54.660000;0.998549;27824;1;0;0;0;0;0;0
211;1;1;1;IDLE;0.000;0.000;1.000;1814.536121;1814.539028;1814.584369;1814.639976;797320;797320;797320;9967;104;12757120;12757160;100.000;639.203;639.203;32.733;35.957;3061.718;3.194;0.000;0.000;5.633;19.043;0.006;27.871;27.871;80.989;100.947;45.341;27.609;61.469;2.729;0.779;0.477;1.610;0.039;2.908;103.855;101.694;33.112;0.221;0.211;0.221;0.004;0.701;5.526;0.166;0;2;39.926;39.930;0.290000;53.480000;0.990698;136300;1;0;0;0;0;0;0
212;1;1;1;IDLE;0.000;0.000;1.000;1814.569477;1814.572356;1814.616156;1814.672206;805214;805214;805214;10066;21;12883424;12883464;100.000;640.514;640.514;6.473;7.107;3092.031;3.283;0.000;0.000;5.126;18.448;0.002;26.858;26.858;79.736;99.850;43.800;26.898;61.319;2.481;0.767;0.445;1.401;0.033;2.879;102.729;100.590;33.327;0.006;0.198;0.006;0.002;0.108;5.429;0.163;0;2;42.255;42.257;0.300000;53.390000;0.995554;26884;1;0;0;0;0;0;0
213;1;1;1;IDLE;0.000;0.000;1.000;1814.603211;1814.606084;1814.650549;1814.705225;797126;797126;797126;9965;16;12754016;12754056;100.000;628.297;628.297;5.029;5.508;3060.973;3.161;0.000;0.000;6.972;17.078;0.002;27.211;27.211;78.842;99.141;44.465;27.446;61.196;4.309;0.776;0.452;1.393;0.042;2.873;102.014;100.276;33.728;0.395;0.210;0.395;0.002;0.113;5.819;0.175;0;2;38.730;38.731;0.320000;53.030000;0.996327;20868;1;0;0;0;0;0;0
214;1;1;1;IDLE;0.000;0.000;1.000;1814.636717;1814.639638;1814.681216;1814.738990;803136;803136;803136;10040;14;12850176;12850216;100.000;648.999;648.999;4.217;4.633;3084.052;3.291;0.000;0.000;5.304;15.677;0.001;24.272;24.272;79.552;99.352;41.577;24.431;58.379;2.630;0.773;0.454;1.409;0.039;2.922;102.274;100.708;33.554;0.221;0.211;0.221;0.016;0.779;5.693;0.171;0;2;39.681;39.683;0.320000;53.140000;0.996578;17484;1;0;0;0;0;0;0
215;1;1;1;IDLE;0.000;0.000;1.000;1814.670134;1814.673153;1814.714670;1814.772302;809297;809297;809297;10117;19;12948752;12948792;100.000;620.471;620.471;5.887;6.458;3107.710;3.294;0.000;0.000;5.083;15.051;0.002;23.428;23.428;78.280;99.149;41.517;23.629;56.429;2.306;0.790;0.470;1.484;0.032;3.019;102.168;100.686;33.514;0.181;0.209;0.181;0.002;0.511;5.543;0.166;0;2;39.362;39.363;0.280000;53.730000;0.997042;24440;1;0;0;0;0;0;0
216;1;1;1;IDLE;0.000;0.000;1.000;1814.703098;1814.706076;1814.748723;1814.804668;808156;808156;808156;10102;21;12930496;12930536;100.000;630.460;630.460;6.564;7.198;3103.329;3.332;0.000;0.000;5.228;16.195;0.003;24.755;24.755;78.082;98.592;42.647;25.108;58.046;2.373;0.789;0.473;1.561;0.031;2.978;101.570;99.719;32.923;0.410;0.222;0.410;0.002;0.711;5.467;0.164;0;2;39.764;39.765;0.240000;54.320000;0.997479;27260;1;0;0;0;0;0;0
217;1;1;1;IDLE;0.000;0.000;1.000;1814.736159;1814.739081;1814.781722;1814.804738;810355;810355;810355;10130;22;12965680;12965720;100.000;630.183;630.183;6.970;7.635;3111.773;3.246;0.000;0.000;5.421;15.956;0.001;24.623;24.623;45.083;65.657;42.641;37.502;57.743;2.491;0.783;0.477;1.631;0.039;2.922;68.579;66.456;33.005;0.328;0.228;0.328;0.003;0.686;5.458;0.164;0;2;38.896;38.898;0.220000;54.620000;0.997933;28952;1;0;0;0;0;0;0
218;1;1;1;IDLE;0.000;0.000;1.000;1814.769510;1814.772430;1814.813863;1814.838272;810211;810211;810211;10128;22;12963376;12963416;100.000;639.273;639.273;6.970;7.635;3111.220;3.228;0.000;0.000;5.439;15.650;0.002;24.317;24.317;45.563;65.841;41.433;36.933;58.691;2.525;0.784;0.479;1.618;0.033;2.920;68.761;66.656;33.350;0.016;0.215;0.016;0.002;0.061;5.456;0.164;0;2;39.988;39.989;0.220000;54.660000;0.998185;28952;1;0;0;0;0;0;0
219;1;1;1;IDLE;0.000;0.000;1.000;1814.802789;1814.805734;1814.847939;1814.904858;808645;808645;808645;10109;23;12938320;12938360;100.000;614.244;614.244;7.060;7.756;3105.206;3.297;0.000;0.000;4.970;16.037;0.003;24.304;24.304;78.060;99.124;42.205;24.519;57.586;2.241;0.803;0.473;1.422;0.031;2.945;102.069;99.909;33.304;0.030;0.204;0.030;0.002;0.130;5.337;0.160;0;2;39.673;39.675;0.220000;54.750000;0.998252;29328;1;0;0;0;0;0;0
220;1;1;1;IDLE;0.000;0.000;1.000;1814.836149;1814.839101;1814.881010;1814.938603;810783;810783;810783;10135;21;12972528;12972568;100.000;628.311;628.311;6.609;7.243;3113.416;3.305;0.000;0.000;5.131;16.037;0.002;24.473;24.473;78.855;99.502;41.910;24.595;58.395;2.362;0.788;0.468;1.483;0.029;2.951;102.454;100.321;33.367;0.034;0.193;0.034;0.002;0.092;5.288;0.159;0;2;39.880;39.882;0.210000;54.850000;0.998323;27448;1;0;0;0;0;0;0
221;1;1;1;IDLE;0.000;0.000;1.000;1814.869493;1814.872441;1814.914312;1814.971860;807088;807088;807088;10089;21;12913408;12913448;100.000;616.982;616.982;6.609;7.243;3099.228;3.267;0.000;0.000;4.995;15.904;0.002;24.166;24.166;78.488;99.419;41.871;24.307;57.715;2.262;0.806;0.476;1.420;0.030;2.948;102.367;100.244;33.340;0.007;0.181;0.007;0.002;0.039;5.217;0.157;0;2;40.191;40.192;0.210000;54.930000;0.998469;27448;1;0;0;0;0;0;0
222;1;1;1;IDLE;0.000;0.000;1.000;1814.902788;1814.905738;1814.948239;1815.004292;809369;809369;809369;10118;22;12949904;12949944;100.000;628.707;628.707;6.699;7.364;3107.987;3.330;0.000;0.000;5.115;16.111;0.002;24.556;24.556;77.956;98.554;42.501;24.916;57.778;2.347;0.797;0.477;1.466;0.029;2.950;101.504;99.343;33.297;0.036;0.172;0.036;0.002;0.674;5.194;0.156;0;2;39.727;39.729;0.210000;54.950000;0.998507;27824;1;0;0;0;0;0;0
223;1;1;1;IDLE;0.000;0.000;1.000;1814.936100;1814.938937;1814.981469;1815.037525;795354;795354;795354;9942;21;12725664;12725704;100.000;618.580;618.580;6.609;7.243;3054.169;3.164;0.000;0.000;5.254;16.274;0.002;24.692;24.692;78.016;98.589;42.533;25.045;58.053;2.423;0.777;0.471;1.551;0.032;2.837;101.426;99.243;33.199;0.135;0.170;0.135;0.012;0.419;5.212;0.156;0;2;39.085;39.094;0.220000;54.680000;0.998449;27448;1;0;0;0;0;0;0
224;1;1;1;IDLE;0.000;0.000;1.000;1814.969426;1814.972275;1815.014336;1815.070779;795455;795455;795455;9944;21;12727280;12727320;100.000;634.069;634.069;6.518;7.152;3054.557;3.132;0.000;0.000;5.374;16.504;0.002;25.009;25.009;78.431;98.504;42.061;25.389;59.459;2.469;0.772;0.473;1.632;0.027;2.849;101.353;99.164;33.338;0.005;0.160;0.005;0.002;0.109;5.255;0.158;0;2;39.687;39.689;0.220000;54.740000;0.998495;27072;1;0;0;0;0;0;0
225;1;1;1;IDLE;0.000;0.000;1.000;1815.002739;1815.005614;1815.046308;1815.105964;795720;795720;795720;9947;22;12731520;12731560;100.000;622.263;622.263;6.699;7.364;3055.574;3.270;0.000;0.000;5.104;14.973;0.002;23.347;23.347;79.890;100.350;40.694;23.266;57.373;2.286;0.778;0.480;1.529;0.030;2.875;103.225;101.015;33.339;0.006;0.150;0.006;0.002;0.153;5.220;0.157;0;2;39.438;39.440;0.220000;54.620000;0.998507;27824;1;0;0;0;0;0;0
226;1;1;1;IDLE;0.000;0.000;1.000;1815.036105;1815.038992;1815.079808;1815.106730;798723;798723;798723;9985;105;12779568;12779608;100.000;606.232;606.232;33.184;36.439;3067.106;3.259;0.000;0.000;5.794;13.391;0.004;22.444;22.444;46.657;67.738;40.816;33.134;54.989;3.136;0.783;0.451;1.392;0.033;2.888;70.626;68.448;33.378;0.045;0.143;0.045;0.002;0.548;5.366;0.161;0;2;39.536;39.545;0.300000;53.340000;0.990177;138180;1;0;0;0;0;0;0
227;1;1;1;IDLE;0.000;0.000;1.000;1815.069833;1815.072922;1815.116109;1815.171465;807441;807441;807441;10094;20;12919056;12919096;100.000;611.868;611.868;6.067;6.670;3100.583;3.525;0.000;0.000;6.609;14.608;0.002;24.742;24.742;77.428;98.543;43.186;25.108;57.291;3.293;1.079;0.447;1.754;0.036;3.089;101.631;99.849;33.930;0.597;0.172;0.597;0.002;0.853;5.683;0.170;0;2;37.910;37.913;0.290000;53.500000;0.995098;25192;1;0;0;0;0;0;0
228;1;1;1;IDLE;0.000;0.000;1.000;1815.103374;1815.106299;1815.149624;1815.205196;803316;803316;803316;10042;17;12853056;12853096;100.000;622.385;622.385;5.390;5.900;3084.743;3.374;0.000;0.000;5.375;17.068;0.002;25.817;25.817;78.246;98.897;43.325;26.105;59.590;2.479;0.775;0.477;1.613;0.031;2.925;101.822;100.247;33.376;0.043;0.164;0.043;0.002;0.227;5.609;0.168;0;2;38.905;38.906;0.280000;53.740000;0.996111;22372;1;0;0;0;0;0;0
229;1;1;1;IDLE;0.000;0.000;1.000;1815.136409;1815.139224;1815.180670;1815.238083;809074;809074;809074;10114;18;12945184;12945224;100.000;648.387;648.387;5.616;6.156;3106.854;3.232;0.000;0.000;5.193;16.044;0.002;24.470;24.470;78.894;98.859;41.446;24.752;59.040;2.517;0.791;0.446;1.407;0.031;2.815;101.674;99.801;32.925;0.408;0.179;0.408;0.002;0.240;5.508;0.165;0;2;40.565;40.569;0.270000;53.850000;0.996836;23312;1;0;0;0;0;0;0
230;1;1;1;IDLE;0.000;0.000;1.000;1815.170038;1815.173145;1815.216741;1815.271273;808265;808265;808265;10104;19;12932240;12932280;100.000;606.298;606.298;5.887;6.458;3103.747;3.334;0.000;0.000;6.588;15.023;0.002;24.945;24.945;76.799;98.129;43.596;25.420;57.218;3.275;1.087;0.452;1.738;0.036;3.107;101.236;99.658;33.921;0.587;0.205;0.587;0.002;0.653;5.785;0.174;0;2;36.360;36.362;0.250000;54.090000;0.997345;24440;1;0;0;0;0;0;0
231;1;1;1;IDLE;0.000;0.000;1.000;1815.203287;1815.206296;1815.247842;1815.304724;818848;818848;818848;10236;22;13101568;13101608;100.000;623.776;623.776;6.699;7.364;3144.386;3.369;0.000;0.000;5.062;15.122;0.002;23.552;23.552;77.424;98.428;41.546;23.928;56.689;2.318;0.819;0.477;1.418;0.031;3.009;101.437;99.775;33.151;0.182;0.203;0.182;0.003;0.355;5.607;0.168;0;2;38.547;38.549;0.230000;54.470000;0.997728;27824;1;0;0;0;0;0;0
232;1;1;1;IDLE;0.000;0.000;1.000;1815.236592;1815.239571;1815.280882;1815.338356;820617;820617;820617;10258;22;13129872;13129912;100.000;609.567;609.567;6.744;7.409;3151.179;3.398;0.000;0.000;6.328;13.015;0.002;22.741;22.741;77.244;98.784;41.310;23.021;55.049;3.231;0.863;0.446;1.754;0.034;2.980;101.764;100.073;33.275;0.058;0.194;0.058;0.011;0.416;5.795;0.174;0;2;36.845;36.855;0.220000;54.650000;0.998014;28012;1;0;0;0;0;0;0
233;1;1;1;IDLE;0.000;0.000;1.000;1815.270045;1815.273100;1815.313953;1815.370907;814146;814146;814146;10177;22;13026336;13026376;100.000;619.891;619.891;6.744;7.409;3126.330;3.483;0.000;0.000;5.867;13.591;0.002;22.940;22.940;76.793;97.808;40.853;23.454;56.153;3.186;0.798;0.453;1.396;0.035;3.055;100.863;99.292;33.528;0.195;0.194;0.195;0.002;0.378;5.817;0.175;0;2;37.989;37.991;0.220000;54.650000;0.998284;28012;1;0;0;0;0;0;0
234;1;1;1;IDLE;0.000;0.000;1.000;1815.303422;1815.306461;1815.347897;1815.404049;814852;814852;814852;10186;22;13037632;13037672;100.000;605.789;605.789;6.879;7.545;3129.041;3.372;0.000;0.000;5.938;13.901;0.002;23.211;23.211;76.066;97.588;41.436;23.784;56.016;3.179;0.853;0.454;1.419;0.033;3.039;100.627;99.100;33.361;0.028;0.184;0.028;0.002;0.073;5.853;0.176;0;2;36.906;36.907;0.230000;54.590000;0.998298;28576;1;0;0;0;0;0;0
235;1;1;1;IDLE;0.000;0.000;1.000;1815.336017;1815.338901;1815.380096;1815.438563;815725;815725;815725;10197;21;13051600;13051640;100.000;635.329;635.329;6.518;7.152;3132.394;3.314;0.000;0.000;5.294;15.032;0.002;23.640;23.640;79.118;99.661;41.195;23.720;57.385;2.434;0.790;0.466;1.571;0.033;2.885;102.546;100.280;32.440;0.893;0.228;0.893;0.003;0.322;5.716;0.171;0;2;38.979;38.981;0.220000;54.740000;0.998361;27072;1;0;0;0;0;0;0
236;1;1;1;IDLE;0.000;0.000;1.000;1815.369501;1815.372459;1815.413173;1815.471959;816078;816078;816078;10201;21;13057248;13057288;100.000;608.549;608.549;6.473;7.107;3133.749;3.379;0.000;0.000;6.280;12.417;0.002;22.076;22.076;78.043;99.500;40.713;22.187;54.224;3.220;0.869;0.450;1.709;0.034;2.958;102.458;100.343;33.558;0.225;0.228;0.225;0.002;0.556;5.863;0.176;0;2;37.803;37.804;0.210000;54.860000;0.998408;26884;1;0;0;0;0;0;0
237;1;1;1;IDLE;0.000;0.000;1.000;1815.403408;1815.406483;1815.448272;1815.505626;810868;810868;810868;10136;21;12973888;12973928;100.000;612.576;612.576;6.654;7.288;3113.743;3.533;0.000;0.000;6.305;14.049;0.002;23.887;23.887;77.963;99.143;41.789;24.094;57.162;3.229;0.875;0.453;1.715;0.034;3.076;102.218;100.677;34.024;0.691;0.257;0.691;0.002;0.253;5.980;0.179;0;2;37.730;37.732;0.210000;54.910000;0.998477;27636;1;0;0;0;0;0;0
238;1;1;1;IDLE;0.000;0.000;1.000;1815.436727;1815.439610;1815.482353;1815.538792;801907;801907;801907;10024;21;12830512;12830552;100.000;602.345;602.345;6.609;7.243;3079.332;3.320;0.000;0.000;4.936;16.068;0.004;24.323;24.323;77.881;99.182;42.743;24.524;56.906;2.212;0.802;0.476;1.416;0.030;2.882;102.065;100.510;33.127;0.207;0.254;0.207;0.002;0.435;5.721;0.172;0;2;39.332;39.339;0.220000;54.780000;0.998540;27448;1;0;0;0;0;0;0
239;1;1;1;IDLE;0.000;0.000;1.000;1815.469956;1815.472856;1815.515013;1815.571977;799196;799196;799196;9990;22;12787136;12787176;100.000;628.078;628.078;6.699;7.364;3068.922;3.252;0.000;0.000;5.251;15.848;0.002;24.351;24.351;78.762;99.122;42.157;24.567;57.763;2.424;0.783;0.478;1.534;0.031;2.900;102.021;100.362;33.246;0.088;0.243;0.088;0.002;0.696;5.606;0.168;0;2;39.623;39.625;0.220000;54.620000;0.998474;27824;1;0;0;0;0;0;0
240;1;1;1;IDLE;0.000;0.000;1.000;1815.502803;1815.505747;1815.548464;1815.606769;799621;799621;799621;9996;22;12793936;12793976;100.000;646.394;646.394;6.879;7.545;3070.554;3.320;0.000;0.000;5.919;16.125;0.002;25.364;25.364;81.228;101.021;42.717;25.107;59.377;3.006;0.776;0.468;1.631;0.038;2.945;103.966;101.820;32.892;0.441;0.256;0.441;0.003;0.876;5.687;0.171;0;2;39.635;39.636;0.220000;54.640000;0.998479;28576;1;0;0;0;0;0;0
241;1;1;1;IDLE;0.000;0.000;1.000;1815.536162;1815.539030;1815.581201;1815.640754;808174;808174;808174;10103;106;12930784;12930824;100.000;624.105;624.105;33.455;36.741;3103.398;3.220;0.000;0.000;5.347;15.698;0.008;24.264;24.264;81.004;101.723;42.171;23.853;57.537;2.416;0.792;0.482;1.625;0.031;2.868;104.591;102.471;33.283;0.051;0.243;0.051;0.012;0.394;5.605;0.168;0;2;41.251;41.253;0.300000;53.340000;0.990453;139308;1;0;0;0;0;0;0
242;1;1;1;IDLE;0.000;0.000;1.000;1815.569478;1815.572360;1815.618617;1815.673789;810609;810609;810609;10133;22;12969744;12969784;100.000;637.220;637.220;6.699;7.364;3112.748;3.226;0.000;0.000;5.503;20.043;0.002;28.772;28.772;81.075;101.429;46.257;28.367;62.200;2.700;0.780;0.467;1.520;0.036;2.881;104.310;102.173;33.330;0.004;0.228;0.004;0.003;0.352;5.582;0.167;0;2;42.166;42.168;0.300000;53.300000;0.995134;27824;1;0;0;0;0;0;0
243;1;1;1;IDLE;0.000;0.000;1.000;1815.602823;1815.605630;1815.650689;1815.707912;809086;809086;809086;10114;16;12945376;12945416;100.000;667.600;667.600;4.804;5.282;3106.900;3.327;0.000;0.000;7.014;18.041;0.002;28.382;28.382;82.890;102.281;45.058;27.749;62.989;4.069;0.785;0.464;1.660;0.035;2.808;105.089;102.963;33.271;0.063;0.218;0.063;0.003;0.609;5.942;0.178;0;2;41.137;41.139;0.320000;53.020000;0.995993;19928;1;0;0;0;0;0;0
244;1;1;1;IDLE;0.000;0.000;1.000;1815.636277;1815.639076;1815.683778;1815.740969;804105;804105;804105;10052;17;12865680;12865720;100.000;681.256;681.256;5.255;5.764;3087.773;3.086;0.000;0.000;6.685;19.061;0.002;28.832;28.832;83.008;101.894;44.702;28.297;64.499;4.006;0.780;0.446;1.422;0.030;2.799;104.692;102.687;33.445;0.112;0.211;0.112;0.002;0.068;6.131;0.184;0;2;43.189;43.193;0.330000;52.940000;0.996561;21808;1;0;0;0;0;0;0
245;1;1;1;IDLE;0.000;0.000;1.000;1815.670116;1815.672968;1815.717028;1815.773008;810243;810243;810243;10129;19;12963888;12963928;100.000;650.627;650.627;5.842;6.413;3111.343;3.127;0.000;0.000;6.550;17.308;0.002;26.986;26.986;80.114;100.040;44.060;26.975;61.249;3.628;0.776;0.474;1.634;0.038;2.852;102.891;101.392;33.892;0.559;0.233;0.559;0.003;0.270;6.239;0.187;0;2;41.238;41.239;0.290000;53.570000;0.997066;24252;1;0;0;0;0;0;0
246;1;1;1;IDLE;0.000;0.000;1.000;1815.703334;1815.706163;1815.750309;1815.806426;808451;808451;808451;10106;21;12935216;12935256;100.000;678.105;678.105;6.654;7.288;3104.461;3.111;0.000;0.000;6.591;18.449;0.002;28.152;28.152;81.187;100.263;44.146;28.078;63.768;3.911;0.786;0.451;1.413;0.031;2.829;103.091;101.477;33.195;0.138;0.227;0.138;0.002;0.028;6.330;0.190;0;2;41.138;41.140;0.250000;54.200000;0.997480;27636;1;0;0;0;0;0;0
247;1;1;1;IDLE;0.000;0.000;1.000;1815.736851;1815.739740;1815.782975;1815.838917;818595;818595;818595;10233;23;13097520;13097560;100.000;650.723;650.723;7.015;7.711;3143.414;3.220;0.000;0.000;5.603;17.470;0.002;26.293;26.293;79.049;99.177;43.235;26.511;60.814;2.919;0.798;0.452;1.397;0.036;2.889;102.066;100.634;33.577;0.243;0.228;0.243;0.004;0.028;6.151;0.185;0;2;40.915;40.920;0.230000;54.490000;0.997769;29140;1;0;0;0;0;0;0
248;1;1;1;IDLE;0.000;0.000;1.000;1815.770213;1815.773127;1815.815834;1815.872399;813416;813416;813416;10168;23;13014656;13014696;100.000;638.507;638.507;7.015;7.711;3123.527;3.220;0.000;0.000;5.542;15.929;0.002;24.690;24.690;78.889;99.272;42.707;24.871;57.814;2.659;0.792;0.478;1.571;0.042;2.914;102.187;100.784;33.387;0.054;0.217;0.054;0.003;0.848;6.002;0.180;0;2;39.008;39.009;0.230000;54.550000;0.997949;29140;1;0;0;0;0;0;0
249;1;1;1;IDLE;0.000;0.000;1.000;1815.803126;1815.805971;1815.848283;1815.905046;816251;816251;816251;10204;23;13060016;13060056;100.000;631.683;631.683;7.105;7.801;3134.413;3.315;0.000;0.000;5.499;15.818;0.004;24.631;24.631;78.400;99.075;42.312;24.861;58.213;2.522;0.798;0.463;1.683;0.032;2.845;101.920;100.097;32.844;0.489;0.234;0.489;0.012;0.308;5.879;0.176;0;2;39.928;39.930;0.230000;54.590000;0.998153;29516;1;0;0;0;0;0;0
250;1;1;1;IDLE;0.000;0.000;1.000;1815.836416;1815.839339;1815.881882;1815.938779;820584;820584;820584;10258;22;13129344;13129384;100.000;633.983;633.983;6.879;7.545;3151.052;3.327;0.000;0.000;5.283;15.916;0.002;24.526;24.526;78.731;99.440;42.543;24.664;57.650;2.455;0.811;0.474;1.514;0.029;2.924;102.364;100.497;33.368;0.035;0.222;0.035;0.002;0.632;5.732;0.172;0;2;39.075;39.077;0.220000;54.650000;0.998257;28576;1;0;0;0;0;0;0
251;1;1;1;IDLE;0.000;0.000;1.000;1815.869587;1815.872528;1815.914448;1815.972111;817535;817535;817535;10220;21;13080560;13080600;100.000;628.438;628.438;6.518;7.152;3139.344;3.300;0.000;0.000;5.345;15.219;0.002;23.864;23.864;78.768;99.583;41.920;23.964;56.927;2.443;0.790;0.476;1.605;0.031;2.940;102.523;100.495;33.188;0.145;0.217;0.145;0.002;0.539;5.638;0.169;0;2;39.540;39.541;0.210000;54.810000;0.998347;27072;1;0;0;0;0;0;0
252;1;1;1;IDLE;0.000;0.000;1.000;1815.903070;1815.905981;1815.949363;1816.005625;812707;812707;812707;10159;22;13003312;13003352;100.000;626.100;626.100;6.924;7.590;3120.804;3.337;0.000;0.000;5.112;17.062;0.002;25.511;25.511;78.875;99.644;43.382;25.602;58.806;2.326;0.788;0.474;1.494;0.030;2.911;102.556;100.676;33.453;0.120;0.211;0.120;0.002;0.436;5.510;0.165;0;2;39.805;39.806;0.210000;54.820000;0.998424;28764;1;0;0;0;0;0;0
253;1;1;1;IDLE;0.000;0.000;1.000;1815.936163;1815.939037;1815.981533;1816.039044;811017;811017;811017;10138;23;12976272;12976312;100.000;622.098;622.098;7.015;7.711;3114.315;3.233;0.000;0.000;5.363;16.165;0.003;24.760;24.760;79.148;100.007;42.496;24.758;58.264;2.496;0.801;0.480;1.554;0.031;2.874;102.881;100.762;33.056;0.278;0.215;0.278;0.002;0.107;5.475;0.164;0;2;40.253;40.254;0.210000;54.930000;0.998439;29140;1;0;0;0;0;0;0
254;1;1;1;IDLE;0.000;0.000;1.000;1815.969647;1815.972581;1816.015510;1816.072426;812416;812416;812416;10156;22;12998656;12998696;100.000;637.028;637.028;6.744;7.409;3119.687;3.302;0.000;0.000;5.454;16.320;0.002;25.075;25.075;79.440;99.846;42.929;25.114;58.412;2.562;0.789;0.476;1.589;0.037;2.934;102.779;100.811;33.544;0.211;0.215;0.211;0.003;0.745;5.473;0.164;0;2;39.851;39.853;0.220000;54.780000;0.998454;28012;1;0;0;0;0;0;0
255;1;1;1;IDLE;0.000;0.000;1.000;1816.002843;1816.005733;1816.048550;1816.105784;815874;815874;815874;10199;22;13053984;13054024;100.000;624.892;624.892;6.789;7.454;3132.966;3.282;0.000;0.000;5.296;16.027;0.003;24.606;24.606;79.160;100.051;42.816;24.593;57.468;2.430;0.786;0.476;1.572;0.032;2.890;102.940;100.835;33.152;0.181;0.213;0.181;0.002;0.599;5.431;0.163;0;2;39.899;39.901;0.220000;54.720000;0.998496;28200;1;0;0;0;0;0;0
256;1;1;1;IDLE;0.000;0.000;1.000;1816.036361;1816.039237;1816.082654;1816.140845;811813;811813;811813;10148;105;12989008;12989048;100.000;638.977;638.977;33.139;36.394;3117.372;3.306;0.000;0.000;5.552;17.061;0.011;25.919;25.919;81.272;101.608;43.416;25.509;59.698;2.638;0.780;0.479;1.618;0.037;2.876;104.484;102.563;33.504;0.171;0.210;0.171;0.002;0.464;5.464;0.164;0;2;40.183;40.188;0.300000;53.300000;0.990008;137992;1;0;0;0;0;0;0
257;1;1;1;IDLE;0.000;0.000;1.000;1816.069495;1816.072316;1816.117260;1816.171871;809323;809323;809323;10117;22;12949168;12949208;100.000;628.812;628.812;6.789;7.454;3107.810;3.273;0.000;0.000;5.482;18.601;0.002;27.356;27.356;78.961;99.554;44.944;27.479;60.868;2.549;0.773;0.460;1.670;0.029;2.821;102.376;100.255;33.079;0.254;0.213;0.254;0.002;0.264;5.471;0.164;0;2;42.181;42.183;0.310000;53.240000;0.995133;28200;1;0;0;0;0;0;0
258;1;1;1;IDLE;0.000;0.000;1.000;1816.102941;1816.106025;1816.151777;1816.203688;806066;806066;806066;10076;16;12897056;12897096;100.000;668.618;668.618;4.894;5.372;3095.303;3.646;0.000;0.000;6.739;19.091;0.002;29.476;29.476;78.374;97.663;45.752;30.181;64.426;3.976;0.786;0.477;1.463;0.036;3.084;100.747;98.739;33.709;0.375;0.223;0.375;0.012;0.620;5.791;0.174;0;2;39.180;39.182;0.330000;52.960000;0.996173;20304;1;0;0;0;0;0;0
259;1;1;1;IDLE;0.000;0.000;1.000;1816.136261;1816.139076;1816.183848;1816.237313;803994;803994;803994;10050;17;12863904;12863944;100.000;662.072;662.072;5.210;5.719;3087.347;3.086;0.000;0.000;5.578;19.043;0.002;27.707;27.707;78.806;98.236;44.772;28.204;61.885;2.861;0.787;0.452;1.442;0.035;2.815;101.052;99.030;33.051;0.282;0.227;0.282;0.003;0.717;5.741;0.172;0;2;38.878;38.880;0.330000;52.960000;0.996859;21620;1;0;0;0;0;0;0
260;1;1;1;IDLE;0.000;0.000;1.000;1816.169881;1816.172805;1816.212774;1816.270476;804675;804675;804675;10059;19;12874800;12874840;100.000;630.865;630.865;5.842;6.413;3089.962;3.277;0.000;0.000;5.358;13.895;0.003;22.530;22.530;77.263;97.671;39.969;23.068;56.370;2.437;0.770;0.472;1.647;0.031;2.924;100.595;98.860;33.729;0.396;0.237;0.396;0.002;0.304;5.648;0.169;0;2;38.428;38.430;0.290000;53.570000;0.997247;24252;1;0;0;0;0;0;0
261;1;1;1;IDLE;0.000;0.000;1.000;1816.202814;1816.205809;1816.248991;1816.304685;803023;803023;803023;10038;20;12848368;12848408;100.000;599.011;599.011;6.248;6.851;3083.618;3.462;0.000;0.000;6.070;15.024;0.003;24.556;24.556;77.426;98.876;43.182;24.835;56.866;3.134;0.771;0.458;1.674;0.034;2.995;101.871;99.736;33.004;0.329;0.243;0.329;0.002;0.635;5.759;0.173;0;2;36.503;36.505;0.240000;54.240000;0.997618;25944;1;0;0;0;0;0;0
262;1;1;1;IDLE;0.000;0.000;1.000;1816.236630;1816.239672;1816.280062;1816.338238;804900;804900;804900;10062;21;12878400;12878440;100.000;604.420;604.420;6.609;7.243;3090.826;3.481;0.000;0.000;6.054;12.865;0.003;22.401;22.401;77.259;98.566;40.389;22.726;55.461;3.110;0.772;0.457;1.682;0.033;3.042;101.609;99.956;33.863;0.530;0.261;0.530;0.002;0.161;5.838;0.175;0;2;37.482;37.484;0.230000;54.600000;0.997889;27448;1;0;0;0;0;0;0
263;1;1;1;IDLE;0.000;0.000;1.000;1816.270073;1816.273171;1816.314134;1816.372311;801032;801032;801032;10013;23;12816512;12816552;100.000;618.195;618.195;7.015;7.711;3075.972;3.519;0.000;0.000;5.721;14.033;0.002;23.273;23.273;78.408;99.141;40.963;23.475;56.815;3.059;0.789;0.451;1.391;0.031;3.098;102.239;100.696;33.498;0.165;0.255;0.165;0.002;0.474;5.811;0.174;0;2;38.132;38.133;0.220000;54.720000;0.998005;29140;1;0;0;0;0;0;0
264;1;1;1;IDLE;0.000;0.000;1.000;1816.303355;1816.306307;1816.347559;1816.405073;793638;793638;793638;9921;23;12698208;12698248;100.000;608.175;608.175;7.240;7.937;3047.580;3.244;0.000;0.000;5.718;14.390;0.003;23.352;23.352;77.886;98.766;41.252;23.643;56.607;3.065;0.775;0.452;1.395;0.031;2.951;101.717;100.124;33.136;0.197;0.251;0.197;0.002;0.263;5.790;0.174;0;2;39.137;39.139;0.220000;54.750000;0.998182;30080;1;0;0;0;0;0;0
265;1;1;1;IDLE;0.000;0.000;1.000;1816.336679;1816.339635;1816.381817;1816.438750;801156;801156;801156;10015;23;12818496;12818536;100.000;622.252;622.252;7.105;7.801;3076.449;3.315;0.000;0.000;5.004;16.451;0.002;24.770;24.770;78.514;99.114;42.182;24.991;58.721;2.209;0.788;0.477;1.500;0.030;2.957;102.071;100.468;33.329;0.005;0.236;0.005;0.003;0.123;5.596;0.168;0;2;39.702;39.703;0.220000;54.640000;0.998333;29516;1;0;0;0;0;0;0
266;1;1;1;IDLE;0.000;0.000;1.000;1816.369528;1816.372431;1816.414490;1816.472061;804749;804749;804749;10060;22;12875984;12876024;100.000;624.012;624.012;6.924;7.590;3090.246;3.247;0.000;0.000;5.399;15.868;0.001;24.513;24.513;78.995;99.630;42.059;24.604;58.281;2.479;0.803;0.472;1.612;0.033;2.903;102.532;100.445;32.796;0.538;0.255;0.538;0.002;0.156;5.549;0.166;0;2;40.118;40.119;0.220000;54.640000;0.998444;28764;1;0;0;0;0;0;0
267;1;1;1;IDLE;0.000;0.000;1.000;1816.402893;1816.405773;1816.448424;1816.504428;805449;805449;805449;10069;22;12887184;12887224;100.000;630.319;630.319;6.834;7.500;3092.934;3.287;0.000;0.000;5.277;16.139;0.002;24.703;24.703;78.209;98.654;42.651;25.040;57.919;2.395;0.799;0.480;1.570;0.032;2.881;101.535;99.479;33.342;0.009;0.239;0.009;0.013;0.776;5.484;0.165;0;2;39.767;39.768;0.220000;54.800000;0.998492;28388;1;0;0;0;0;0;0
268;1;1;1;IDLE;0.000;0.000;1.000;1816.436133;1816.438984;1816.482499;1816.538197;805329;805329;805329;10067;21;12885264;12885304;100.000;621.483;621.483;6.473;7.107;3092.473;3.229;0.000;0.000;5.305;17.036;0.003;25.570;25.570;78.479;99.212;43.515;25.773;58.762;2.407;0.805;0.475;1.588;0.030;2.852;102.064;99.914;33.211;0.123;0.232;0.123;0.002;0.438;5.442;0.163;0;2;38.954;38.956;0.210000;54.920000;0.998573;26884;1;0;0;0;0;0;0
269;1;1;1;IDLE;0.000;0.000;1.000;1816.469500;1816.472407;1816.513563;1816.571747;805419;805419;805419;10068;21;12886704;12886744;100.000;636.077;636.077;6.564;7.198;3092.819;3.214;0.000;0.000;5.527;15.029;0.002;23.769;23.769;79.080;99.340;41.156;23.927;57.754;2.575;0.783;0.494;1.644;0.032;2.907;102.247;100.131;33.422;0.089;0.223;0.089;0.003;0.337;5.465;0.164;0;2;39.657;39.659;0.200000;55.060000;0.998559;27260;1;0;0;0;0;0;0
270;1;1;1;IDLE;0.000;0.000;1.000;1816.502808;1816.505694;1816.547601;1816.605946;804474;804474;804474;10056;22;12871584;12871624;100.000;604.240;604.240;6.744;7.409;3089.190;3.345;0.000;0.000;6.491;13.987;0.002;23.824;23.824;78.950;100.252;41.907;23.764;56.848;3.322;0.983;0.447;1.704;0.034;2.886;103.139;100.997;33.288;0.046;0.212;0.046;0.002;0.123;5.729;0.172;0;2;38.127;38.129;0.210000;55.010000;0.998514;28012;1;0;0;0;0;0;0
271;1;1;1;IDLE;0.000;0.000;1.000;1816.536682;1816.539625;1816.581744;1816.608061;796101;796101;796101;9952;103;12737616;12737656;100.000;622.503;622.503;32.553;35.745;3057.037;3.304;0.000;0.000;5.127;16.427;0.009;24.857;24.857;47.974;68.436;42.120;36.322;59.016;2.317;0.802;0.475;1.501;0.031;2.943;71.379;69.779;33.931;0.597;0.236;0.597;0.002;0.100;5.581;0.167;0;2;40.612;40.618;0.290000;53.470000;0.990384;135548;1;0;0;0;0;0;0
272;1;1;1;IDLE;0.000;0.000;1.000;1816.569659;1816.572568;1816.617328;1816.673024;805073;805073;805073;10064;22;12881168;12881208;100.000;612.087;612.087;6.744;7.409;3091.490;3.318;0.000;0.000;5.028;18.629;0.002;26.975;26.975;79.412;100.456;44.760;26.853;60.267;2.300;0.812;0.470;1.417;0.028;2.908;103.365;101.409;32.943;0.390;0.246;0.390;0.003;0.055;5.445;0.163;0;2;42.236;42.239;0.300000;53.320000;0.995473;28012;1;0;0;0;0;0;0
273;1;1;1;IDLE;0.000;0.000;1.000;1816.602848;1816.605628;1816.649837;1816.705805;797204;797204;797204;9966;18;12755264;12755304;100.000;665.091;665.091;5.661;6.202;3061.273;3.494;0.000;0.000;6.858;18.018;0.002;28.370;28.370;80.998;100.177;44.209;28.320;64.172;3.908;0.769;0.508;1.635;0.038;2.780;102.957;100.856;33.060;0.273;0.247;0.273;0.002;0.152;5.801;0.174;0;2;41.191;41.193;0.330000;52.890000;0.996363;23500;1;0;0;0;0;0;0
274;1;1;1;IDLE;0.000;0.000;1.000;1816.636218;1816.639021;1816.682659;1816.738875;805139;805139;805139;10065;18;12882224;12882264;100.000;683.640;683.640;5.481;6.021;3091.743;3.074;0.000;0.000;6.780;17.766;0.002;27.620;27.620;81.010;99.854;43.638;27.660;63.293;4.050;0.791;0.478;1.425;0.036;2.803;102.658;100.593;33.393;0.060;0.236;0.060;0.002;0.246;6.049;0.181;0;2;40.907;40.908;0.340000;52.860000;0.996923;22748;1;0;0;0;0;0;0
275;1;1;1;IDLE;0.000;0.000;1.000;1816.670087;1816.672932;1816.715147;1816.772411;808073;808073;808073;10101;20;12929168;12929208;100.000;620.491;620.491;6.203;6.805;3103.010;3.300;0.000;0.000;5.473;15.787;0.002;24.560;24.560;78.642;99.480;42.216;24.689;58.178;2.491;0.795;0.461;1.693;0.034;2.845;102.325;100.796;33.911;0.577;0.257;0.577;0.002;0.115;5.907;0.177;0;2;39.511;39.512;0.290000;53.510000;0.997414;25756;1;0;0;0;0;0;0
276;1;1;1;IDLE;0.000;0.000;1.000;1816.703278;1816.706205;1816.748421;1816.805028;813584;813584;813584;10170;20;13017344;13017384;100.000;633.737;633.737;6.203;6.805;3124.172;3.246;0.000;0.000;5.320;15.999;0.002;24.566;24.566;78.283;98.824;42.216;24.859;58.192;2.481;0.798;0.475;1.534;0.031;2.927;101.750;100.080;33.273;0.061;0.245;0.061;0.012;0.343;5.763;0.173;0;2;39.986;39.988;0.250000;54.220000;0.997813;25756;1;0;0;0;0;0;0
277;1;1;1;IDLE;0.000;0.000;1.000;1816.736283;1816.739173;1816.781800;1816.838571;812306;812306;812306;10154;22;12996896;12996936;100.000;625.500;625.500;6.924;7.590;3119.265;3.268;0.000;0.000;5.354;15.825;0.002;24.447;24.447;78.620;99.398;42.628;24.595;57.351;2.466;0.793;0.526;1.540;0.029;2.889;102.288;100.289;32.968;0.365;0.252;0.365;0.002;0.666;5.663;0.170;0;2;39.049;39.051;0.230000;54.560000;0.998010;28764;1;0;0;0;0;0;0
278;1;1;1;IDLE;0.000;0.000;1.000;1816.769661;1816.772556;1816.815227;1816.838641;817500;817500;817500;10219;22;13080000;13080040;100.000;637.710;637.710;6.970;7.635;3139.210;3.263;0.000;0.000;5.424;16.652;0.002;25.340;25.340;45.575;66.086;42.672;38.343;59.383;2.526;0.787;0.506;1.574;0.030;2.894;68.980;67.026;33.383;0.050;0.240;0.050;0.002;0.081;5.606;0.168;0;2;39.991;39.993;0.220000;54.790000;0.998131;28952;1;0;0;0;0;0;0
279;1;1;1;IDLE;0.000;0.000;1.000;1816.802873;1816.805813;1816.847858;1816.905472;824803;824803;824803;10311;24;13196848;13196888;100.000;613.903;613.903;7.376;8.103;3167.253;3.423;0.000;0.000;4.981;14.650;0.003;23.055;23.055;78.162;99.659;42.045;23.134;54.834;2.237;0.829;0.476;1.410;0.029;2.941;102.599;100.523;33.258;0.075;0.229;0.075;0.002;0.913;5.453;0.164;0;2;38.811;38.812;0.220000;54.790000;0.998325;30644;1;0;0;0;0;0;0
280;1;1;1;IDLE;0.000;0.000;1.000;1816.836442;1816.839364;1816.882373;1816.938843;813944;813944;813944;10175;23;13023104;13023144;100.000;627.234;627.234;7.240;7.937;3125.555;3.323;0.000;0.000;5.202;16.802;0.002;25.327;25.327;78.716;99.479;43.009;25.460;58.888;2.384;0.794;0.499;1.494;0.031;2.922;102.401;100.560;33.550;0.217;0.229;0.217;0.002;0.239;5.393;0.162;0;2;39.897;39.899;0.220000;54.740000;0.998380;30080;1;0;0;0;0;0;0
281;1;1;1;IDLE;0.000;0.000;1.000;1816.869553;1816.872439;1816.914821;1816.972225;815307;815307;815307;10192;23;13044912;13044952;100.000;622.320;622.320;7.240;7.937;3130.788;3.280;0.000;0.000;5.249;15.765;0.002;24.294;24.294;78.823;99.785;42.382;24.346;57.322;2.435;0.799;0.500;1.485;0.031;2.886;102.671;100.609;33.076;0.258;0.230;0.258;0.002;0.402;5.359;0.161;0;2;39.783;39.784;0.220000;54.670000;0.998485;30080;1;0;0;0;0;0;0
282;1;1;1;IDLE;0.000;0.000;1.000;1816.902889;1816.905780;1816.948514;1817.004561;816329;816329;816329;10205;21;13061264;13061304;100.000;635.838;635.838;6.564;7.198;3134.713;3.241;0.000;0.000;5.388;16.106;0.002;24.735;24.735;78.239;98.781;42.734;25.040;57.880;2.474;0.801;0.483;1.592;0.039;2.891;101.671;99.612;33.341;0.007;0.217;0.007;0.002;0.695;5.369;0.161;0;2;39.808;39.810;0.220000;54.750000;0.998556;27260;1;0;0;0;0;0;0
283;1;1;1;IDLE;0.000;0.000;1.000;1816.936200;1816.939078;1816.982589;1817.004637;813249;813249;813249;10166;21;13011984;13012024;100.000;620.353;620.353;6.654;7.288;3122.886;3.292;0.000;0.000;5.297;17.042;0.001;25.630;25.630;44.584;65.560;43.511;39.095;58.905;2.444;0.794;0.501;1.527;0.031;2.878;68.437;66.355;33.298;0.036;0.205;0.036;0.002;0.194;5.354;0.161;0;2;39.008;39.010;0.210000;54.880000;0.998552;27636;1;0;0;0;0;0;0
284;1;1;1;IDLE;0.000;0.000;1.000;1816.969558;1816.972445;1817.013655;1817.072135;809333;809333;809333;10117;22;12949328;12949368;100.000;634.063;634.063;6.744;7.409;3107.848;3.286;0.000;0.000;5.445;15.034;0.004;23.764;23.764;79.267;99.690;41.210;23.838;57.666;2.553;0.785;0.482;1.595;0.030;2.887;102.577;100.519;33.367;0.034;0.194;0.034;0.002;0.306;5.379;0.161;0;2;39.552;39.554;0.210000;54.900000;0.998532;28012;1;0;0;0;0;0;0
285;1;1;1;IDLE;0.000;0.000;1.000;1817.002847;1817.005767;1817.047504;1817.105925;815482;815482;815482;10194;22;13047712;13047752;100.000;612.150;612.150;6.970;7.635;3131.460;3.352;0.000;0.000;5.855;13.795;0.002;23.001;23.001;78.843;100.158;41.737;22.965;55.110;3.148;0.831;0.450;1.393;0.033;2.920;103.078;100.976;33.322;0.011;0.183;0.011;0.012;0.759;5.500;0.165;0;2;38.421;38.423;0.210000;54.870000;0.998579;28952;1;0;0;0;0;0;0
286;1;1;1;IDLE;0.000;0.000;1.000;1817.036785;1817.039791;1817.081248;1817.139631;814633;814633;814633;10183;104;13034128;13034168;100.000;614.888;614.888;32.688;35.912;3128.200;3.486;0.000;0.000;5.837;13.465;0.007;22.788;22.788;78.642;99.840;41.457;22.825;54.968;3.166;0.789;0.456;1.393;0.033;3.006;102.846;101.349;34.024;0.691;0.215;0.691;0.002;0.954;5.589;0.168;0;2;38.137;38.141;0.300000;53.420000;0.990240;136112;1;0;0;0;0;0;0
287;1;1;1;IDLE;0.000;0.000;1.000;1817.070066;1817.073034;1817.116673;1817.172650;814941;814941;814941;10187;22;13039056;13039096;100.000;612.568;612.568;6.834;7.500;3129.383;3.346;0.000;0.000;5.942;16.217;0.002;25.504;25.504;78.329;99.616;43.639;25.602;58.443;3.277;0.792;0.439;1.397;0.036;2.968;102.584;101.034;33.243;0.090;0.207;0.090;0.002;0.191;5.682;0.170;0;2;39.166;39.169;0.300000;53.420000;0.994862;28388;1;0;0;0;0;0;0
288;1;1;1;IDLE;0.000;0.000;1.000;1817.103406;1817.106323;1817.149025;1817.206164;818847;818847;818847;10236;18;13101552;13101592;100.000;643.031;643.031;5.616;6.156;3144.382;3.483;0.000;0.000;5.638;16.106;0.002;25.227;25.227;79.467;99.842;42.702;25.267;59.076;2.753;0.804;0.481;1.561;0.039;2.916;102.758;101.216;33.288;0.045;0.197;0.045;0.003;0.579;5.673;0.170;0;2;39.727;39.729;0.330000;52.910000;0.996049;23312;1;0;0;0;0;0;0
289;1;1;1;IDLE;0.000;0.000;1.000;1817.136456;1817.139342;1817.183060;1817.239429;824052;824052;824052;10301;16;13184832;13184872;100.000;627.977;627.977;5.029;5.508;3164.369;3.357;0.000;0.000;5.415;17.076;0.002;25.847;25.847;79.091;100.087;43.718;25.825;59.123;2.490;0.791;0.484;1.618;0.031;2.886;102.973;101.147;33.019;0.314;0.204;0.314;0.003;0.229;5.611;0.168;0;2;40.172;40.175;0.330000;52.930000;0.996615;20868;1;0;0;0;0;0;0
290;1;1;1;IDLE;0.000;0.000;1.000;1817.169877;1817.172816;1817.216097;1817.272977;835458;835458;835458;10444;20;13367328;13367368;100.000;638.698;638.698;6.157;6.760;3208.168;3.379;0.000;0.000;5.389;16.382;0.002;25.151;25.151;79.232;100.161;43.281;25.110;58.110;2.491;0.800;0.488;1.578;0.031;2.939;103.100;101.362;33.474;0.141;0.200;0.141;0.003;0.576;5.558;0.167;0;2;39.711;39.712;0.290000;53.450000;0.997243;25568;1;0;0;0;0;0;0
291;1;1;1;IDLE;0.000;0.000;1.000;1817.203190;1817.206057;1817.249169;1817.306621;819605;819605;819605;10246;21;13113680;13113720;100.000;627.168;627.168;6.428;7.062;3147.293;3.378;0.000;0.000;5.439;16.162;0.003;24.978;24.978;79.654;100.564;43.112;24.838;57.938;2.505;0.797;0.485;1.621;0.031;2.867;103.431;101.672;33.241;0.092;0.193;0.092;0.002;0.599;5.531;0.166;0;2;39.964;39.966;0.250000;54.130000;0.997661;26696;1;0;0;0;0;0;0
292;1;1;1;IDLE;0.000;0.000;1.000;1817.236652;1817.239571;1817.282485;1817.339187;827799;827799;827799;10348;21;13244784;13244824;100.000;635.637;635.637;6.383;7.017;3178.758;3.312;0.000;0.000;5.393;16.278;0.002;24.983;24.983;78.779;99.616;42.914;25.079;58.215;2.531;0.803;0.490;1.531;0.037;2.918;102.534;100.905;33.514;0.180;0.193;0.180;0.002;0.403;5.499;0.165;0;2;40.408;40.410;0.230000;54.550000;0.997989;26508;1;0;0;0;0;0;0
293;1;1;1;IDLE;0.000;0.000;1.000;1817.269864;1817.272747;1817.316087;1817.372667;830771;830771;830771;10385;22;13292336;13292376;100.000;627.793;627.793;6.834;7.500;3190.170;3.326;0.000;0.000;5.415;15.945;0.002;24.686;24.686;78.746;99.920;43.339;24.706;56.960;2.558;0.798;0.490;1.530;0.038;2.883;102.803;101.052;33.177;0.157;0.190;0.157;0.002;0.803;5.481;0.164;0;2;39.041;39.043;0.210000;54.820000;0.998182;28388;1;0;0;0;0;0;0
294;1;1;1;IDLE;0.000;0.000;1.000;1817.303305;1817.306222;1817.349391;1817.405244;835004;835004;835004;10438;23;13360064;13360104;100.000;640.846;640.846;7.150;7.847;3206.425;3.395;0.000;0.000;5.531;16.648;0.004;25.574;25.574;78.175;99.023;43.169;25.826;59.241;2.612;0.803;0.479;1.605;0.032;2.916;101.939;100.295;33.474;0.141;0.187;0.141;0.003;0.139;5.496;0.165;0;2;39.919;39.921;0.220000;54.780000;0.998292;29704;1;0;0;0;0;0;0
295;1;1;1;IDLE;0.000;0.000;1.000;1817.336578;1817.339468;1817.383462;1817.438633;814967;814967;814967;10188;23;13039472;13039512;100.000;623.233;623.233;7.060;7.756;3129.483;3.277;0.000;0.000;5.323;17.228;0.002;25.828;25.828;78.242;99.165;43.994;26.045;58.708;2.447;0.800;0.476;1.563;0.036;2.890;102.055;100.351;33.247;0.087;0.181;0.087;0.002;0.517;5.456;0.164;0;2;39.005;39.007;0.210000;54.810000;0.998373;29328;1;0;0;0;0;0;0
296;1;1;1;IDLE;0.000;0.000;1.000;1817.369837;1817.372796;1817.414499;1817.472005;818656;818656;818656;10234;23;13098496;13098536;100.000;638.137;638.137;7.015;7.711;3143.649;3.338;0.000;0.000;5.463;15.694;0.002;24.496;24.496;78.682;99.208;41.703;24.691;58.739;2.564;0.805;0.476;1.585;0.034;2.959;102.167;100.389;33.328;0.005;0.170;0.005;0.002;0.016;5.460;0.164;0;2;39.824;39.826;0.220000;54.750000;0.998493;29140;1;0;0;0;0;0;0
297;1;1;1;IDLE;0.000;0.000;1.000;1817.402991;1817.405926;1817.448629;1817.505829;819807;819807;819807;10248;22;13116912;13116952;100.000;615.843;615.843;6.744;7.409;3148.068;3.343;0.000;0.000;5.101;16.063;0.002;24.507;24.507;78.605;99.904;42.703;24.531;57.389;2.322;0.804;0.489;1.453;0.032;2.935;102.839;100.881;33.129;0.204;0.172;0.204;0.002;0.237;5.373;0.161;0;2;39.435;39.436;0.210000;54.860000;0.998532;28012;1;0;0;0;0;0;0
298;1;1;1;IDLE;0.000;0.000;1.000;1817.436409;1817.439341;1817.481673;1817.539064;814766;814766;814766;10185;21;13036256;13036296;100.000;629.436;629.436;6.564;7.198;3128.711;3.335;0.000;0.000;5.229;16.082;0.001;24.646;24.646;79.012;99.723;42.332;24.714;58.220;2.399;0.792;0.471;1.538;0.030;2.932;102.655;100.782;33.415;0.082;0.167;0.082;0.002;0.306;5.340;0.160;0;2;40.232;40.235;0.210000;54.880000;0.998594;27260;1;0;0;0;0;0;0
299;1;1;1;IDLE;0.000;0.000;1.000;1817.469485;1817.472362;1817.515748;1817.562846;809259;809259;809259;10116;22;12948144;12948184;100.000;615.259;615.259;6.879;7.545;3107.564;3.264;0.000;0.000;5.248;17.039;0.002;25.550;25.550;69.439;90.485;43.386;28.237;58.890;2.376;0.810;0.473;1.557;0.031;2.877;93.362;91.231;33.021;0.312;0.176;0.312;0.002;0.052;5.319;0.160;0;2;40.352;40.352;0.210000;54.980000;0.998592;28576;1;0;0;0;0;0;0
300;1;1;1;IDLE;0.000;0.000;1.000;1817.502890;1817.505705;1817.543782;1817.584663;812212;812212;812212;10153;22;12995392;12995432;100.000;642.880;642.880;6.970;7.635;3118.904;3.372;0.000;0.000;5.918;11.116;0.002;20.405;20.405;58.743;78.958;38.078;25.843;53.589;3.035;0.784;0.478;1.582;0.039;2.815;81.773;79.714;33.343;0.010;0.165;0.010;0.004;0.825;5.471;0.164;0;2;30.172;30.173;0.210000;54.870000;0.998546;28952;1;0;0;0;0;0;0
