frame_id;rx_complete;tx_complete;current_skip;event;yaw;pitch;zoom;camera_send_timestamp;recv_start_timestamp;codec_exit_time;node_exit_timestamp;original_points;rx_points;processed_points;rx_packets;tx_packets;payload_bytes;reference_size_bytes;data_integrity_pct;internal_throughput_mbs;reference_throughput_mbs;logical_bitrate_mbps;network_bitrate_mbps;reference_bitrate_mbps;conversion_ms;geometry_aggregation_ms;max_r_ms;projection_ms;codec_write_ms;active_tx_ms;active_process_ms;reference_process_ms;total_processing_ms;total_residency_ms;reference_residency_ms;node_efficiency_pct;reference_efficiency_pct;gpu_transfer_ms;gpu_kernel_ms;gpu_packing_ms;gpu_copyback_ms;host_overhead_ms;camera_node_ms;e2e_latency_ms;schedule_delay_ms;inter_arrival_ms;instant_jitter_ms;desynced_jitter_ms;reference_jitter_ms;raw_queue_ms;render_queue_ms;workload_ewma_ms;workload_ratio;frame_backlog;codec_backlog;encode_service_ms;encode_h265_ms;mse_y;psnr_y;ssim_y;mpeg_bytes_generated;ffmpeg_write_calls;ffmpeg_write_eagain;tx_zero_accepts;tx_partial_accepts;tx_resubmit_calls;tx_resubmitted_packets;mbuf_starvation
1;1;1;1;WARMUP;0.000;0.000;1.000;20390.760034;20390.762276;20390.810331;20390.859158;784142;784142;784142;9802;108;12546272;12546312;100.000;941.459;941.459;34.042;37.390;3011.115;10.920;0.000;0.000;28.184;6.396;0.004;45.500;45.500;83.555;96.882;48.054;46.965;94.685;1.834;0.912;0.514;1.656;23.269;2.242;99.124;96.882;0.000;0.000;0.000;0.000;0.012;0.135;28.201;0.846;0;1;27.917;27.919;nan;nan;nan;141752;1;0;0;0;0;0;0
2;1;1;1;WARMUP;0.000;0.000;1.000;20390.789480;20390.791373;20390.838328;20390.859222;783406;783406;783406;9793;22;12534496;12534536;100.000;933.862;933.862;6.970;7.635;3008.289;10.836;0.000;0.000;4.545;27.996;0.001;43.377;43.377;54.426;67.849;46.955;63.932;92.380;1.726;0.894;0.511;1.390;0.024;1.894;69.742;63.612;29.097;4.237;0.265;4.237;0.005;0.985;22.288;0.669;0;2;48.821;48.824;nan;nan;nan;28952;1;0;0;0;0;0;0
3;1;1;1;WARMUP;0.000;0.000;1.000;20390.819205;20390.821867;20390.869087;20390.922271;780200;780200;780200;9753;18;12483200;12483240;100.000;936.342;936.342;5.526;6.066;2995.978;2.647;0.000;0.000;4.688;29.068;0.004;36.404;36.404;87.071;100.403;47.219;36.257;77.095;1.732;0.904;0.523;1.501;0.028;2.662;103.065;93.328;30.494;2.839;0.426;2.839;0.002;0.128;17.891;0.537;0;2;50.075;50.078;nan;nan;nan;22936;1;0;0;0;0;0;0
4;1;1;1;WARMUP;0.000;0.000;1.000;20390.853276;20390.856035;20390.902171;20390.952820;778467;778467;778467;9731;18;12455472;12455512;100.000;700.440;700.440;5.481;6.021;2989.323;3.031;0.000;0.000;5.146;23.060;0.004;31.238;31.238;79.002;96.785;46.136;32.275;67.707;2.283;0.897;0.514;1.415;0.037;2.759;99.544;90.543;34.167;0.834;0.451;0.834;0.003;0.143;14.708;0.441;0;2;43.154;43.156;nan;nan;nan;22748;1;0;0;0;0;0;0
5;1;1;1;WARMUP;0.000;0.000;1.000;20390.886047;20390.889594;20390.932236;20390.985448;776427;776427;776427;9706;17;12422832;12422872;100.000;664.405;664.405;5.345;5.855;2981.489;4.576;0.000;0.000;4.287;19.182;0.003;28.044;28.044;77.157;95.855;42.643;29.257;65.765;1.431;0.911;0.532;1.387;0.026;3.547;99.402;89.839;33.559;0.225;0.437;0.225;0.002;0.474;4.297;0.129;0;2;39.757;39.759;nan;nan;nan;22184;1;0;0;0;0;0;0
6;1;1;1;IDLE;0.000;0.000;1.000;20390.920644;20390.924469;20390.961030;20391.018503;774893;774893;774893;9687;19;12398288;12398328;100.000;723.800;723.800;5.932;6.504;2975.599;3.293;0.000;0.000;5.146;13.757;0.004;22.197;22.197;76.904;94.034;36.561;23.605;60.711;2.279;0.900;0.521;1.419;0.027;3.825;97.859;89.560;34.875;1.542;0.506;1.542;0.002;0.525;4.512;0.135;0;2;38.166;38.170;nan;nan;nan;24628;1;0;0;0;0;0;0
7;1;1;1;IDLE;0.000;0.000;1.000;20390.953084;20390.956496;20390.993855;20391.049867;775949;775949;775949;9700;19;12415184;12415224;100.000;661.872;661.872;5.977;6.549;2979.654;3.342;0.000;0.000;4.535;13.503;0.003;21.379;21.379;74.613;93.371;37.359;22.897;57.228;1.660;0.902;0.516;1.419;0.038;3.412;96.783;87.591;32.027;1.306;0.556;1.306;0.002;0.560;4.521;0.136;0;2;38.145;38.148;nan;nan;nan;24816;1;0;0;0;0;0;0
8;1;1;1;IDLE;0.000;0.000;1.000;20390.986700;20390.990474;20391.026304;20391.049920;775463;775463;775463;9694;20;12407408;12407448;100.000;620.672;620.672;6.338;6.941;2977.788;3.629;0.000;0.000;5.334;10.192;0.002;19.155;19.155;39.456;59.446;35.830;32.223;53.462;2.142;0.904;0.521;1.732;0.034;3.775;63.221;54.311;33.978;0.645;0.562;0.645;0.002;0.311;4.728;0.142;0;2;33.750;33.752;nan;nan;nan;26320;1;0;0;0;0;0;0
9;1;1;1;IDLE;0.000;0.000;1.000;20391.020003;20391.023098;20391.056603;20391.115686;775698;775698;775698;9697;20;12411168;12411208;100.000;653.392;653.392;6.293;6.896;2978.690;3.468;0.000;0.000;4.927;9.098;0.002;17.492;17.492;73.592;92.588;33.505;18.893;52.208;2.162;0.834;0.493;1.407;0.032;3.095;95.683;86.742;32.623;0.710;0.571;0.710;0.002;0.482;4.781;0.143;0;2;33.447;33.448;nan;nan;nan;26132;1;0;0;0;0;0;0
10;1;1;1;IDLE;0.000;0.000;1.000;20391.053235;20391.056275;20391.088602;20391.147420;778020;778020;778020;9726;20;12448320;12448360;100.000;632.765;632.765;6.112;6.715;2987.606;4.087;0.000;0.000;4.988;7.013;0.002;16.087;16.087;71.472;91.145;32.327;17.649;49.762;2.037;0.834;0.521;1.564;0.031;3.040;94.185;85.144;33.177;0.156;0.545;0.156;0.002;0.651;4.835;0.145;0;2;34.093;34.094;nan;nan;nan;25380;1;0;0;0;0;0;0
11;1;1;1;IDLE;0.000;0.000;1.000;20391.086379;20391.091070;20391.124691;20391.175641;778554;778554;778554;9732;19;12456864;12456904;100.000;668.753;668.753;5.796;6.368;2989.657;4.078;0.000;0.000;5.960;8.022;0.002;18.059;18.059;65.944;84.571;33.621;21.354;53.715;3.243;0.822;0.467;1.395;0.033;4.691;89.262;80.031;34.795;1.461;0.602;1.461;0.009;1.002;5.119;0.154;0;2;30.748;30.748;nan;nan;nan;24064;1;0;0;0;0;0;0
12;1;1;1;IDLE;0.000;0.000;1.000;20391.119854;20391.122997;20391.154596;20391.215483;779986;779986;779986;9750;20;12479776;12479816;100.000;644.207;644.207;6.157;6.760;2995.156;3.917;0.000;0.000;4.992;7.172;0.001;16.082;16.082;73.114;92.486;31.599;17.388;50.893;2.202;0.834;0.485;1.439;0.031;3.143;95.629;86.540;31.927;1.406;0.653;1.406;0.002;0.059;5.091;0.153;0;2;28.211;28.213;nan;nan;nan;25568;1;0;0;0;0;0;0
13;1;1;1;IDLE;0.000;0.000;1.000;20391.153268;20391.159132;20391.190869;20391.249133;780926;780926;780926;9762;20;12494816;12494856;100.000;709.286;709.286;6.293;6.896;2998.765;4.394;0.000;0.000;5.916;8.046;0.001;18.355;18.355;72.385;90.001;31.737;20.394;57.834;3.128;0.856;0.506;1.393;0.033;5.864;95.865;86.856;36.135;2.802;0.787;2.802;0.002;0.157;5.301;0.159;0;1;32.657;32.658;nan;nan;nan;26132;1;0;0;0;0;0;0
14;1;1;1;IDLE;0.000;0.000;1.000;20391.187624;20391.193266;20391.222576;20391.283072;782770;782770;782770;9785;21;12524320;12524360;100.000;704.957;704.957;6.428;7.062;3005.846;4.105;0.000;0.000;4.430;6.675;0.002;15.209;15.209;72.040;89.806;29.310;16.936;51.891;1.771;0.780;0.458;1.393;0.028;5.642;95.448;87.462;34.134;0.801;0.788;0.801;0.002;0.436;5.086;0.153;0;2;33.228;33.229;nan;nan;nan;26696;1;0;0;0;0;0;0
15;1;1;1;IDLE;0.000;0.000;1.000;20391.219724;20391.223601;20391.256998;20391.316222;784474;784474;784474;9806;21;12551584;12551624;100.000;649.173;649.173;6.564;7.198;3012.390;5.214;0.000;0.000;6.170;7.361;0.002;18.745;18.745;73.286;92.621;33.397;20.238;56.127;3.237;0.767;0.452;1.682;0.033;3.877;96.498;87.279;30.335;2.998;0.926;2.998;0.002;0.528;5.360;0.161;0;2;33.432;33.433;nan;nan;nan;27260;1;0;0;0;0;0;0
16;1;1;1;IDLE;0.000;0.000;1.000;20391.253214;20391.256895;20391.292219;20391.349636;785193;785193;785193;9815;101;12563088;12563128;100.000;618.985;618.985;31.650;34.780;3015.151;4.037;0.000;0.000;5.860;8.154;0.008;18.052;18.052;72.444;92.741;35.324;19.465;51.102;3.201;0.777;0.458;1.391;0.033;3.681;96.422;87.359;33.294;0.040;0.871;0.040;0.002;1.011;5.488;0.165;0;2;32.153;32.154;nan;nan;nan;131788;1;0;0;0;0;0;0
17;1;1;1;IDLE;0.000;0.000;1.000;20391.286335;20391.289477;20391.325158;20391.384386;782720;782720;782720;9784;22;12523520;12523560;100.000;632.505;632.505;6.924;7.590;3005.654;3.971;0.000;0.000;4.772;11.026;0.001;19.769;19.769;75.109;94.909;35.681;20.829;55.403;2.075;0.777;0.456;1.435;0.029;3.141;98.051;88.776;32.582;0.752;0.863;0.752;0.002;0.080;5.313;0.159;0;2;35.501;35.502;nan;nan;nan;28764;1;0;0;0;0;0;0
18;1;1;1;IDLE;0.000;0.000;1.000;20391.320212;20391.323678;20391.357121;20391.416420;781613;781613;781613;9771;18;12505808;12505848;100.000;619.636;619.636;5.571;6.111;3001.404;4.171;0.000;0.000;5.755;6.901;0.003;16.828;16.828;72.560;92.742;33.443;18.145;50.318;3.088;0.784;0.459;1.391;0.033;3.466;96.208;87.477;34.202;0.868;0.863;0.868;0.002;0.601;5.426;0.163;0;2;34.160;34.162;nan;nan;nan;23124;1;0;0;0;0;0;0
19;1;1;1;IDLE;0.000;0.000;1.000;20391.353322;20391.356426;20391.395329;20391.416454;780006;780006;780006;9751;17;12480096;12480136;100.000;596.416;596.416;5.390;5.900;2995.233;4.075;0.000;0.000;6.990;10.005;0.000;21.070;21.070;39.103;60.029;38.903;35.101;54.161;3.736;1.083;0.437;1.698;0.036;3.103;63.132;54.178;32.747;0.586;0.846;0.586;0.002;0.979;5.824;0.175;0;2;31.092;31.093;nan;nan;nan;22372;1;0;0;0;0;0;0
20;1;1;1;IDLE;0.000;0.000;1.000;20391.386928;20391.390433;20391.423308;20391.481835;780302;780302;780302;9754;18;12484832;12484872;100.000;617.790;617.790;5.526;6.066;2996.369;4.018;0.000;0.000;4.811;7.623;0.003;16.452;16.452;71.193;91.402;32.875;18.000;50.045;2.143;0.754;0.455;1.428;0.031;3.505;94.908;86.226;34.007;0.674;0.835;0.674;0.012;0.218;5.574;0.167;0;2;34.215;34.216;nan;nan;nan;22936;1;0;0;0;0;0;0
21;1;1;1;IDLE;0.000;0.000;1.000;20391.420132;20391.423498;20391.458278;20391.516311;779066;779066;779066;9739;19;12465056;12465096;100.000;606.874;606.874;5.977;6.549;2991.623;4.194;0.000;0.000;5.839;7.827;0.001;17.860;17.860;72.273;92.813;34.780;19.243;51.350;3.198;0.755;0.451;1.401;0.034;3.367;96.180;87.368;33.065;0.268;0.800;0.268;0.002;0.572;5.645;0.169;0;2;31.380;31.381;nan;nan;nan;24816;1;0;0;0;0;0;0
22;1;1;1;IDLE;0.000;0.000;1.000;20391.453064;20391.456167;20391.490547;20391.516348;778280;778280;778280;9729;19;12452480;12452520;100.000;620.333;620.333;6.022;6.594;2988.605;4.151;0.000;0.000;5.575;8.020;0.000;17.746;17.746;40.107;60.181;34.379;29.487;51.617;2.555;0.752;0.465;1.769;0.034;3.103;63.284;54.072;32.669;0.664;0.791;0.664;0.002;0.708;5.630;0.169;0;2;33.782;33.783;nan;nan;nan;25004;1;0;0;0;0;0;0
23;1;1;1;IDLE;0.000;0.000;1.000;20391.486811;20391.491464;20391.523354;20391.583285;778907;778907;778907;9737;20;12462512;12462552;100.000;655.176;655.176;6.248;6.851;2991.012;4.009;0.000;0.000;5.804;6.748;0.003;16.562;16.562;72.799;91.821;31.890;18.037;51.935;3.190;0.745;0.451;1.388;0.030;4.653;96.474;87.675;35.297;1.964;0.865;1.964;0.002;0.313;5.676;0.170;0;2;33.429;33.431;nan;nan;nan;25944;1;0;0;0;0;0;0
24;1;1;1;IDLE;0.000;0.000;1.000;20391.520022;20391.523538;20391.558289;20391.616013;779289;779289;779289;9742;19;12468624;12468664;100.000;616.894;616.894;5.842;6.413;2992.479;3.984;0.000;0.000;6.229;7.587;0.003;17.800;17.800;72.263;92.475;34.752;19.249;51.222;3.579;0.745;0.450;1.419;0.036;3.515;95.991;87.070;32.073;1.260;0.889;1.260;0.002;0.720;5.827;0.175;0;2;32.579;32.580;nan;nan;nan;24252;1;0;0;0;0;0;0
25;1;1;1;IDLE;0.000;0.000;1.000;20391.553327;20391.557338;20391.591786;20391.650467;779739;779739;779739;9747;20;12475824;12475864;100.000;634.395;634.395;6.067;6.670;2994.207;4.089;0.000;0.000;6.248;8.015;0.001;18.353;18.353;73.463;93.129;34.448;19.707;53.277;3.152;1.010;0.450;1.602;0.034;4.011;97.140;88.190;33.800;0.467;0.863;0.467;0.002;0.515;5.937;0.178;0;2;32.236;32.238;nan;nan;nan;25192;1;0;0;0;0;0;0
26;1;1;1;IDLE;0.000;0.000;1.000;20391.586959;20391.590226;20391.624141;20391.681189;779364;779364;779364;9743;21;12469824;12469864;100.000;606.093;606.093;6.383;7.017;2992.767;4.162;0.000;0.000;5.172;7.296;0.002;16.629;16.629;70.388;90.963;33.914;18.281;49.033;1.993;0.751;0.447;1.940;0.040;3.268;94.230;85.579;32.889;0.445;0.837;0.445;0.002;0.869;5.753;0.173;0;2;33.618;33.619;nan;nan;nan;26508;1;0;0;0;0;0;0
27;1;1;1;IDLE;0.000;0.000;1.000;20391.620398;20391.624455;20391.659012;20391.710133;780025;780025;780025;9751;21;12480400;12480440;100.000;616.901;616.901;6.383;7.017;2995.306;4.096;0.000;0.000;5.750;8.089;0.003;17.934;17.934;65.447;85.678;34.557;20.932;51.899;3.111;0.757;0.451;1.396;0.035;4.057;89.735;81.190;34.229;0.895;0.840;0.895;0.002;0.484;5.757;0.173;0;2;30.263;30.264;nan;nan;nan;26508;1;0;0;0;0;0;0
28;1;1;1;IDLE;0.000;0.000;1.000;20391.653029;20391.656008;20391.690016;20391.750152;780373;780373;780373;9755;21;12485968;12486008;100.000;619.138;619.138;6.473;7.107;2996.642;3.946;0.000;0.000;4.995;8.019;0.001;16.959;16.959;73.978;94.145;34.009;18.014;49.868;2.241;0.844;0.479;1.400;0.030;2.979;97.123;87.876;31.552;1.781;0.899;1.781;0.002;0.825;5.569;0.167;0;2;28.128;28.133;nan;nan;nan;26884;1;0;0;0;0;0;0
29;1;1;1;IDLE;0.000;0.000;1.000;20391.686731;20391.692558;20391.725512;20391.781227;781651;781651;781651;9771;22;12506416;12506456;100.000;699.726;699.726;6.744;7.409;3001.549;4.093;0.000;0.000;5.638;8.435;0.002;18.166;18.166;70.796;88.669;32.955;20.487;55.124;2.989;0.764;0.460;1.393;0.032;5.827;94.496;85.617;36.550;3.217;1.044;3.217;0.008;0.999;5.590;0.168;0;1;33.072;33.073;nan;nan;nan;28012;1;0;0;0;0;0;0
30;1;1;1;IDLE;0.000;0.000;1.000;20391.721859;20391.727252;20391.757213;20391.809410;781375;781375;781375;9768;21;12502000;12502040;100.000;671.778;671.778;6.383;7.017;3000.490;4.044;0.000;0.000;4.260;7.059;0.003;15.363;15.363;63.548;82.159;29.962;18.699;51.275;1.640;0.746;0.453;1.393;0.028;5.392;87.551;80.467;34.694;1.361;1.064;1.361;0.002;0.030;5.262;0.158;0;2;31.070;31.070;nan;nan;nan;26508;1;0;0;0;0;0;0
31;1;1;1;IDLE;0.000;0.000;1.000;20391.753119;20391.756184;20391.787814;20391.849542;784392;784392;784392;9805;100;12550272;12550312;100.000;626.288;626.288;31.380;34.478;3012.075;4.197;0.000;0.000;4.972;6.578;0.004;15.747;15.747;73.318;93.358;31.630;16.867;49.785;2.210;0.772;0.472;1.487;0.030;3.065;96.423;87.265;28.932;4.401;1.272;4.401;0.002;0.037;5.195;0.156;0;2;28.166;28.171;nan;nan;nan;130660;1;0;0;0;0;0;0
32;1;1;1;IDLE;0.000;0.000;1.000;20391.786263;20391.791717;20391.825507;20391.849579;782671;782671;782671;9784;22;12522736;12522776;100.000;658.164;658.164;6.970;7.635;3005.466;4.344;0.000;0.000;6.005;8.187;0.001;18.535;18.535;38.835;57.862;33.790;32.034;54.854;3.338;0.779;0.464;1.390;0.034;5.454;63.316;53.969;35.533;2.199;1.330;2.199;0.002;0.569;5.402;0.162;0;1;32.217;32.220;nan;nan;nan;28952;1;0;0;0;0;0;0
33;1;1;1;IDLE;0.000;0.000;1.000;20391.820585;20391.825585;20391.857901;20391.915158;776999;776999;776999;9713;18;12431984;12432024;100.000;631.268;631.268;5.706;6.247;2983.686;4.224;0.000;0.000;4.243;7.511;0.003;15.978;15.978;69.880;89.573;32.316;17.838;49.444;1.622;0.754;0.453;1.387;0.026;5.000;94.573;86.215;33.868;0.535;1.281;0.535;0.003;0.865;5.115;0.153;0;2;31.860;31.861;nan;nan;nan;23688;1;0;0;0;0;0;0
34;1;1;1;IDLE;0.000;0.000;1.000;20391.852941;20391.855988;20391.889151;20391.948673;778650;778650;778650;9734;18;12458400;12458440;100.000;598.982;598.982;5.571;6.111;2990.026;4.083;0.000;0.000;5.445;6.686;0.001;16.214;16.214;71.885;92.685;33.162;17.493;48.892;2.579;0.756;0.461;1.617;0.032;3.047;95.732;86.397;30.403;2.930;1.384;2.930;0.002;0.229;5.200;0.156;0;2;32.690;32.692;nan;nan;nan;23124;1;0;0;0;0;0;0
35;1;1;1;IDLE;0.000;0.000;1.000;20391.886379;20391.889742;20391.922352;20391.982997;778007;778007;778007;9726;18;12448112;12448152;100.000;609.954;609.954;5.571;6.111;2987.556;4.182;0.000;0.000;4.988;6.806;0.001;15.976;15.976;72.847;93.255;32.610;17.132;48.991;2.288;0.764;0.460;1.447;0.029;3.362;96.618;87.387;33.753;0.420;1.324;0.420;0.002;0.405;5.150;0.154;0;2;33.124;33.125;nan;nan;nan;23124;1;0;0;0;0;0;0
36;1;1;1;IDLE;0.000;0.000;1.000;20391.919612;20391.923607;20391.957645;20392.014568;776483;776483;776483;9707;20;12423728;12423768;100.000;641.491;641.491;6.067;6.670;2981.704;4.070;0.000;0.000;5.677;8.024;0.001;17.770;17.770;71.593;90.960;34.038;19.536;52.207;3.067;0.740;0.436;1.402;0.032;3.995;94.956;85.624;33.866;0.532;1.274;0.532;0.003;0.967;5.285;0.159;0;2;33.372;33.373;nan;nan;nan;25192;1;0;0;0;0;0;0
37;1;1;1;IDLE;0.000;0.000;1.000;20391.953111;20391.957140;20391.992724;20392.042901;781287;781287;781287;9767;20;12500592;12500632;100.000;626.205;626.205;6.293;6.896;3000.152;4.098;0.000;0.000;5.866;9.020;0.002;18.985;18.985;65.798;85.761;35.585;22.137;53.351;3.242;0.762;0.441;1.389;0.032;4.029;89.790;80.624;33.533;0.199;1.207;0.199;0.009;0.726;5.433;0.163;0;2;30.860;30.862;nan;nan;nan;26132;1;0;0;0;0;0;0
38;1;1;1;IDLE;0.000;0.000;1.000;20391.986183;20391.989378;20392.022793;20392.082938;780329;780329;780329;9755;22;12485264;12485304;100.000;615.350;615.350;6.699;7.364;2996.473;4.175;0.000;0.000;4.874;8.018;0.001;17.067;17.067;73.269;93.559;33.414;18.242;51.077;2.154;0.785;0.482;1.420;0.033;3.195;96.755;87.328;32.239;1.095;1.200;1.095;0.002;0.229;5.297;0.159;0;2;28.120;28.122;nan;nan;nan;27824;1;0;0;0;0;0;0
39;1;1;1;IDLE;0.000;0.000;1.000;20392.019519;20392.024653;20392.059881;20392.114430;780785;780785;780785;9760;23;12492560;12492600;100.000;646.828;646.828;7.015;7.711;2998.224;4.286;0.000;0.000;6.367;9.018;0.002;19.671;19.671;70.463;89.777;35.228;21.911;55.838;3.665;0.763;0.463;1.443;0.033;5.134;94.910;85.487;35.275;1.941;1.246;1.941;0.002;0.527;5.574;0.167;0;1;32.072;32.073;nan;nan;nan;29140;1;0;0;0;0;0;0
40;1;1;1;IDLE;0.000;0.000;1.000;20392.054546;20392.059544;20392.091910;20392.143144;785430;785430;785430;9818;23;12566880;12566920;100.000;656.978;656.978;7.195;7.892;3016.061;4.071;0.000;0.000;4.243;7.971;0.003;16.284;16.284;64.471;83.600;32.366;19.479;50.313;1.615;0.760;0.452;1.388;0.027;4.998;88.598;80.867;34.891;1.557;1.266;1.557;0.002;1.021;5.244;0.157;0;2;30.487;30.489;nan;nan;nan;29892;1;0;0;0;0;0;0
41;1;1;1;IDLE;0.000;0.000;1.000;20392.086153;20392.089294;20392.122118;20392.176229;789479;789479;789479;9869;24;12631664;12631704;100.000;623.083;623.083;7.511;8.239;3031.609;4.248;0.000;0.000;4.844;7.101;0.001;16.193;16.193;66.662;86.935;32.824;18.626;49.332;2.136;0.787;0.480;1.411;0.029;3.141;90.076;80.619;29.750;3.583;1.411;3.583;0.002;0.604;5.147;0.154;0;2;28.121;28.123;nan;nan;nan;31208;1;0;0;0;0;0;0
42;1;1;1;IDLE;0.000;0.000;1.000;20392.119982;20392.125468;20392.158208;20392.217311;789348;789348;789348;9867;25;12629568;12629608;100.000;681.853;681.853;7.646;8.405;3031.106;4.395;0.000;0.000;5.980;8.106;0.002;18.481;18.481;73.320;91.842;32.739;20.123;56.449;3.242;0.768;0.459;1.479;0.032;5.487;97.329;88.368;36.174;2.841;1.500;2.841;0.002;0.128;5.362;0.161;0;1;26.122;26.124;nan;nan;nan;31772;1;0;0;0;0;0;0
43;1;1;1;IDLE;0.000;0.000;1.000;20392.162767;20392.166290;20392.196203;20392.247632;792714;792714;792714;9909;25;12683424;12683464;100.000;849.104;849.104;7.646;8.405;3044.031;3.248;0.000;0.000;4.533;10.022;0.003;17.803;17.803;66.404;81.342;29.913;21.886;59.516;1.658;0.771;0.455;1.618;0.030;3.523;84.865;85.355;40.822;7.488;1.874;7.488;0.002;0.418;5.161;0.155;0;1;31.124;31.128;nan;nan;nan;31772;1;0;0;0;0;0;0
44;1;1;1;IDLE;0.000;0.000;1.000;20392.186147;20392.191009;20392.225270;20392.276451;790865;790865;790865;9886;25;12653840;12653880;100.000;624.777;624.777;7.692;8.450;3036.931;4.224;0.000;0.000;4.205;9.023;0.002;17.452;17.452;65.189;85.442;34.262;20.426;50.938;1.566;0.767;0.457;1.390;0.025;4.862;90.304;80.841;24.719;8.615;2.296;8.615;0.002;0.777;4.925;0.148;0;2;31.382;31.383;nan;nan;nan;31960;1;0;0;0;0;0;0
45;1;1;1;IDLE;0.000;0.000;1.000;20392.219548;20392.222601;20392.256344;20392.315613;787976;787976;787976;9850;25;12607616;12607656;100.000;633.026;633.026;7.782;8.541;3025.837;3.957;0.000;0.000;5.094;8.014;0.001;17.066;17.066;73.095;93.011;33.743;18.348;50.576;2.284;0.774;0.476;1.531;0.028;3.054;96.065;86.670;31.593;1.741;2.261;1.741;0.002;0.715;4.970;0.149;0;2;28.116;28.118;nan;nan;nan;32336;1;0;0;0;0;0;0
46;1;1;1;IDLE;0.000;0.000;1.000;20392.252938;20392.258279;20392.291529;20392.348950;789717;789717;789717;9872;111;12635472;12635512;100.000;677.890;677.890;35.034;38.476;3032.523;4.309;0.000;0.000;5.589;8.119;0.006;18.017;18.017;72.032;90.671;33.251;19.870;54.185;2.246;0.751;0.468;2.094;0.030;5.340;96.012;86.674;35.677;2.344;2.266;2.344;0.008;0.895;5.130;0.154;0;1;32.199;32.200;nan;nan;nan;145888;1;0;0;0;0;0;0
47;1;1;1;IDLE;0.000;0.000;1.000;20392.287100;20392.292220;20392.324506;20392.381778;784950;784950;784950;9812;23;12559200;12559240;100.000;667.544;667.544;7.150;7.847;3014.218;3.933;0.000;0.000;4.559;8.023;0.001;16.515;16.515;70.744;89.558;32.287;18.441;51.152;1.949;0.759;0.436;1.391;0.024;5.120;94.678;86.168;33.941;0.607;2.162;0.607;0.002;0.887;4.990;0.150;0;2;32.463;32.465;nan;nan;nan;29704;1;0;0;0;0;0;0
48;1;1;1;IDLE;0.000;0.000;1.000;20392.319514;20392.322869;20392.356573;20392.416033;781130;781130;781130;9765;19;12498080;12498120;100.000;619.008;619.008;5.887;6.458;2999.549;4.142;0.000;0.000;5.849;7.012;0.001;17.003;17.003;72.973;93.164;33.704;18.250;50.447;3.219;0.764;0.440;1.393;0.032;3.355;96.519;87.089;30.649;2.684;2.195;2.684;0.002;0.650;5.213;0.156;0;2;32.214;32.215;nan;nan;nan;24440;1;0;0;0;0;0;0
49;1;1;1;IDLE;0.000;0.000;1.000;20392.353005;20392.356465;20392.390658;20392.449065;780468;780468;780468;9756;19;12487488;12487528;100.000;615.327;615.327;5.932;6.504;2997.007;4.113;0.000;0.000;4.998;8.011;0.002;17.122;17.122;72.305;92.599;34.193;18.491;50.076;2.187;0.749;0.462;1.570;0.030;3.461;96.060;86.788;33.597;0.263;2.074;0.263;0.002;0.887;5.162;0.155;0;2;33.383;33.384;nan;nan;nan;24628;1;0;0;0;0;0;0
50;1;1;1;IDLE;0.000;0.000;1.000;20392.386393;20392.390799;20392.424738;20392.483284;783376;783376;783376;9793;20;12534016;12534056;100.000;646.991;646.991;6.067;6.670;3008.173;3.892;0.000;0.000;5.837;8.018;0.001;17.747;17.747;73.111;92.484;33.938;19.189;52.292;3.236;0.737;0.437;1.394;0.035;4.406;96.890;87.674;34.334;1.001;2.007;1.001;0.002;0.706;5.334;0.160;0;2;32.340;32.342;nan;nan;nan;25192;1;0;0;0;0;0;0
51;1;1;1;IDLE;0.000;0.000;1.000;20392.419647;20392.423019;20392.457815;20392.516665;787237;787237;787237;9841;23;12595792;12595832;100.000;609.626;609.626;7.060;7.756;3023.000;4.053;0.000;0.000;5.356;8.005;0.003;17.414;17.414;72.984;93.645;34.796;18.596;50.046;2.718;0.740;0.442;1.425;0.031;3.372;97.018;87.722;32.220;1.113;1.951;1.113;0.002;0.771;5.343;0.160;0;2;33.470;33.471;nan;nan;nan;29328;1;0;0;0;0;0;0
52;1;1;1;IDLE;0.000;0.000;1.000;20392.453725;20392.457875;20392.491485;20392.549042;787734;787734;787734;9847;24;12603744;12603784;100.000;636.016;636.016;7.466;8.194;3024.908;4.030;0.000;0.000;5.561;7.607;0.004;17.198;17.198;71.350;91.167;33.610;18.864;51.169;2.959;0.740;0.435;1.393;0.034;4.150;95.317;86.766;34.856;1.522;1.924;1.522;0.002;0.622;5.403;0.162;0;2;32.780;32.783;nan;nan;nan;31020;1;0;0;0;0;0;0
53;1;1;1;IDLE;0.000;0.000;1.000;20392.486215;20392.489321;20392.524975;20392.576196;787059;787059;787059;9839;24;12592944;12592984;100.000;605.898;605.898;7.556;8.284;3022.316;4.069;0.000;0.000;6.509;8.016;0.002;18.594;18.594;66.091;86.875;35.654;21.403;52.152;3.631;0.744;0.441;1.651;0.042;3.106;89.981;80.586;31.446;1.887;1.922;1.887;0.002;0.341;5.687;0.171;0;2;32.080;32.081;nan;nan;nan;31396;1;0;0;0;0;0;0
54;1;1;1;IDLE;0.000;0.000;1.000;20392.520543;20392.524059;20392.556778;20392.622256;786051;786051;786051;9826;24;12576816;12576856;100.000;622.477;622.477;7.556;8.284;3018.445;4.189;0.000;0.000;4.745;6.745;0.002;15.679;15.679;77.992;98.197;32.719;15.967;47.921;2.090;0.759;0.439;1.427;0.030;3.516;101.713;93.313;34.738;1.405;1.890;1.405;0.002;1.021;5.457;0.164;0;2;26.158;26.160;nan;nan;nan;31396;1;0;0;0;0;0;0
55;1;1;1;IDLE;0.000;0.000;1.000;20392.561893;20392.566691;20392.603164;20392.622314;796213;796213;796213;9953;23;12739408;12739448;100.000;769.303;769.303;7.285;7.982;3057.468;3.828;0.000;0.000;7.582;12.036;0.001;23.445;23.445;39.063;55.623;36.473;42.150;64.282;4.503;0.776;0.431;1.833;0.038;4.798;60.421;60.038;42.632;9.299;2.353;9.299;0.013;0.280;5.992;0.180;0;1;31.123;31.124;nan;nan;nan;30268;1;0;0;0;0;0;0
56;1;1;1;IDLE;0.000;0.000;1.000;20392.588008;20392.591934;20392.628668;20392.656687;790191;790191;790191;9878;23;12643056;12643096;100.000;590.106;590.106;7.285;7.982;3034.343;4.119;0.000;0.000;4.263;10.837;0.002;19.219;19.219;43.327;64.752;36.734;29.681;52.320;1.619;0.763;0.456;1.399;0.027;3.927;68.679;61.077;25.243;8.090;2.712;8.090;0.002;0.206;5.564;0.167;0;2;38.783;38.785;nan;nan;nan;30268;1;0;0;0;0;0;0
57;1;1;1;IDLE;0.000;0.000;1.000;20392.626327;20392.630120;20392.668310;20392.717493;798808;798808;798808;9986;24;12780928;12780968;100.000;661.334;661.334;7.421;8.148;3067.432;4.166;0.000;0.000;7.138;11.025;0.004;22.330;22.330;68.047;87.373;38.190;25.557;58.469;4.308;0.755;0.439;1.590;0.046;3.792;91.165;88.550;38.185;4.852;2.845;4.852;0.002;0.698;5.962;0.179;0;2;29.719;29.722;nan;nan;nan;30832;1;0;0;0;0;0;0
58;1;1;1;IDLE;0.000;0.000;1.000;20392.652917;20392.656047;20392.696375;20392.750645;797924;797924;797924;9975;24;12766784;12766824;100.000;628.931;628.931;7.376;8.103;3064.038;3.706;0.000;0.000;5.362;14.034;0.004;23.102;23.102;74.299;94.598;40.328;24.421;57.285;2.215;0.772;0.452;1.893;0.031;3.130;97.728;88.369;25.928;7.406;3.130;7.406;0.002;0.630;5.816;0.174;0;2;35.146;35.147;nan;nan;nan;30644;1;0;0;0;0;0;0
59;1;1;1;IDLE;0.000;0.000;1.000;20392.687380;20392.690700;20392.726447;20392.750719;794477;794477;794477;9931;23;12711632;12711672;100.000;635.429;635.429;7.285;7.982;3050.801;3.717;0.000;0.000;4.825;10.786;0.002;19.328;19.328;40.013;60.019;35.746;32.204;54.071;2.172;0.767;0.458;1.398;0.030;3.321;63.339;55.109;34.653;1.320;3.017;1.320;0.002;0.127;5.572;0.167;0;2;34.980;34.981;nan;nan;nan;30268;1;0;0;0;0;0;0
60;1;1;1;IDLE;0.000;0.000;1.000;20392.720027;20392.722996;20392.759620;20392.816874;789053;789053;789053;9864;24;12624848;12624888;100.000;591.720;591.720;7.376;8.103;3029.973;4.019;0.000;0.000;6.280;8.102;0.003;18.401;18.401;72.541;93.877;36.624;19.601;50.243;3.575;0.764;0.437;1.465;0.038;2.970;96.847;87.931;32.296;1.037;2.893;1.037;0.003;0.903;5.754;0.173;0;2;31.107;31.108;nan;nan;nan;30644;1;0;0;0;0;0;0
61;1;1;1;IDLE;0.000;0.000;1.000;20392.753535;20392.757042;20392.789695;20392.818392;783874;783874;783874;9799;109;12541984;12542024;100.000;613.872;613.872;34.448;37.827;3010.086;3.803;0.000;0.000;4.727;7.041;0.011;15.572;15.572;40.919;61.350;32.653;25.382;47.688;2.092;0.761;0.452;1.392;0.030;3.507;64.857;56.116;34.046;0.712;2.757;0.712;0.002;0.451;5.503;0.165;0;2;34.213;34.217;nan;nan;nan;143444;1;0;0;0;0;0;0
62;1;1;1;IDLE;0.000;0.000;1.000;20392.786844;20392.790534;20392.826805;20392.884165;782785;782785;782785;9785;22;12524560;12524600;100.000;624.710;624.710;6.924;7.590;3005.904;4.202;0.000;0.000;6.249;9.139;0.002;19.590;19.590;73.583;93.632;36.271;20.922;54.009;3.222;0.857;0.433;1.701;0.036;3.690;97.322;88.556;33.492;0.158;2.595;0.158;0.002;0.832;5.696;0.171;0;2;31.888;31.889;nan;nan;nan;28764;1;0;0;0;0;0;0
63;1;1;1;IDLE;0.000;0.000;1.000;20392.819955;20392.823032;20392.857762;20392.915552;782791;782791;782791;9785;18;12524656;12524696;100.000;585.757;585.757;5.571;6.111;3005.927;4.230;0.000;0.000;5.123;8.027;0.002;17.379;17.379;71.138;92.520;34.730;18.784;50.042;2.138;0.754;0.463;1.731;0.037;3.077;95.597;86.609;32.498;0.835;2.485;0.835;0.003;0.194;5.555;0.167;0;2;34.425;34.427;nan;nan;nan;23124;1;0;0;0;0;0;0
64;1;1;1;IDLE;0.000;0.000;1.000;20392.853270;20392.856359;20392.892927;20392.951426;782127;782127;782127;9777;17;12514032;12514072;100.000;595.489;595.489;5.345;5.855;3003.377;4.239;0.000;0.000;6.739;8.100;0.001;19.079;19.079;74.053;95.067;36.568;20.069;52.174;3.478;1.087;0.441;1.697;0.036;3.089;98.156;89.150;33.327;0.006;2.330;0.006;0.012;0.701;5.858;0.176;0;2;30.721;30.723;nan;nan;nan;22184;1;0;0;0;0;0;0
65;1;1;1;IDLE;0.000;0.000;1.000;20392.886560;20392.889664;20392.923445;20392.983109;785507;785507;785507;9819;18;12568112;12568152;100.000;599.805;599.805;5.481;6.021;3016.356;3.939;0.000;0.000;4.912;7.554;0.003;16.405;16.405;72.490;93.444;33.781;17.556;48.564;2.134;0.775;0.480;1.487;0.036;3.105;96.549;87.499;33.305;0.028;2.186;0.028;0.002;0.357;5.624;0.169;0;2;35.529;35.531;nan;nan;nan;22748;1;0;0;0;0;0;0
66;1;1;1;IDLE;0.000;0.000;1.000;20392.920237;20392.925090;20392.960997;20393.015076;789017;789017;789017;9863;19;12624272;12624312;100.000;629.648;629.648;5.842;6.413;3029.835;4.239;0.000;0.000;6.231;9.015;0.001;19.485;19.485;69.936;89.986;35.907;21.653;54.266;3.331;0.738;0.434;1.691;0.036;4.853;94.839;86.133;35.426;2.092;2.180;2.092;0.002;0.608;5.785;0.174;0;2;31.122;31.124;nan;nan;nan;24252;1;0;0;0;0;0;0
67;1;1;1;IDLE;0.000;0.000;1.000;20392.953161;20392.956169;20392.990090;20393.043257;789641;789641;789641;9871;20;12634256;12634296;100.000;608.354;608.354;6.203;6.805;3032.231;4.105;0.000;0.000;5.112;7.921;0.002;17.138;17.138;66.320;87.088;33.920;19.679;50.524;2.215;0.757;0.485;1.625;0.030;3.008;90.096;80.981;31.079;2.254;2.185;2.254;0.002;0.116;5.620;0.169;0;2;32.904;32.905;nan;nan;nan;25756;1;0;0;0;0;0;0
68;1;1;1;IDLE;0.000;0.000;1.000;20392.986645;20392.989687;20393.023142;20393.043299;784718;784718;784718;9809;20;12555488;12555528;100.000;614.089;614.089;6.338;6.941;3013.327;4.222;0.000;0.000;4.921;8.020;0.001;17.163;17.163;33.166;53.612;33.455;32.014;51.302;2.189;0.825;0.460;1.413;0.034;3.041;56.654;47.689;33.517;0.184;2.060;0.184;0.004;0.063;5.448;0.163;0;2;28.130;28.132;nan;nan;nan;26320;1;0;0;0;0;0;0
69;1;1;1;IDLE;0.000;0.000;1.000;20393.020355;20393.025563;20393.059227;20393.114636;778159;778159;778159;9727;21;12450544;12450584;100.000;653.005;653.005;6.564;7.198;2988.140;4.283;0.000;0.000;5.287;9.020;0.002;18.590;18.590;70.007;89.073;33.664;20.870;55.223;2.646;0.761;0.458;1.393;0.029;5.208;94.282;85.693;35.876;2.543;2.090;2.543;0.002;0.287;5.413;0.162;0;1;32.494;32.495;nan;nan;nan;27260;1;0;0;0;0;0;0
70;1;1;1;IDLE;0.000;0.000;1.000;20393.054711;20393.060041;20393.090577;20393.143494;776327;776327;776327;9705;22;12421232;12421272;100.000;678.325;678.325;6.789;7.454;2981.105;3.822;0.000;0.000;4.331;7.297;0.002;15.450;15.450;65.142;83.453;30.536;18.513;50.596;1.735;0.741;0.437;1.392;0.026;5.330;88.784;81.218;34.478;1.145;2.031;1.145;0.002;0.594;5.145;0.154;0;2;31.352;31.353;nan;nan;nan;28200;1;0;0;0;0;0;0
71;1;1;1;IDLE;0.000;0.000;1.000;20393.086213;20393.089508;20393.122761;20393.182457;786883;786883;786883;9837;23;12590128;12590168;100.000;618.642;618.642;7.150;7.847;3021.640;4.343;0.000;0.000;4.755;7.404;0.001;16.501;16.501;72.597;92.949;33.253;17.753;49.623;2.077;0.761;0.441;1.446;0.030;3.295;96.244;86.847;29.467;3.866;2.146;3.866;0.002;0.741;5.050;0.152;0;2;28.132;28.134;nan;nan;nan;29704;1;0;0;0;0;0;0
72;1;1;1;IDLE;0.000;0.000;1.000;20393.120202;20393.125295;20393.159464;20393.214661;787146;787146;787146;9840;22;12594336;12594376;100.000;654.211;654.211;6.879;7.545;3022.650;4.129;0.000;0.000;5.065;8.992;0.001;18.186;18.186;70.114;89.366;34.169;20.350;53.223;2.424;0.766;0.455;1.393;0.027;5.093;94.459;85.718;35.787;2.453;2.165;2.453;0.002;0.859;5.057;0.152;0;1;31.982;31.983;nan;nan;nan;28576;1;0;0;0;0;0;0
73;1;1;1;IDLE;0.000;0.000;1.000;20393.154717;20393.159429;20393.189140;20393.249568;781047;781047;781047;9764;22;12496752;12496792;100.000;666.021;666.021;6.924;7.590;2999.230;3.962;0.000;0.000;4.239;6.627;0.001;14.828;14.828;71.376;90.139;29.711;16.450;49.908;1.621;0.763;0.437;1.391;0.026;4.712;94.851;87.292;34.134;0.801;2.080;0.801;0.010;0.071;4.855;0.146;0;2;32.144;32.145;nan;nan;nan;28764;1;0;0;0;0;0;0
74;1;1;1;IDLE;0.000;0.000;1.000;20393.186259;20393.189698;20393.223613;20393.281847;782459;782459;782459;9781;23;12519344;12519384;100.000;633.357;633.357;7.105;7.801;3004.652;3.969;0.000;0.000;5.172;8.016;0.002;17.156;17.156;72.382;92.149;33.915;18.618;50.587;2.215;0.744;0.441;1.738;0.033;3.439;95.588;86.238;30.269;3.064;2.141;3.064;0.002;0.957;4.938;0.148;0;2;33.968;33.969;nan;nan;nan;29516;1;0;0;0;0;0;0
75;1;1;1;IDLE;0.000;0.000;1.000;20393.219644;20393.224631;20393.256576;20393.316644;781579;781579;781579;9770;23;12505264;12505304;100.000;649.022;649.022;7.150;7.847;3001.273;4.285;0.000;0.000;5.646;6.904;0.001;16.835;16.835;72.744;92.012;31.945;18.296;52.700;3.045;0.747;0.433;1.393;0.028;4.988;97.000;87.701;34.933;1.600;2.107;1.600;0.002;0.124;5.118;0.154;0;2;32.172;32.173;nan;nan;nan;29704;1;0;0;0;0;0;0
76;1;1;1;IDLE;0.000;0.000;1.000;20393.252857;20393.255956;20393.290772;20393.349016;784181;784181;784181;9803;110;12546896;12546936;100.000;607.575;607.575;34.628;38.039;3011.265;4.329;0.000;0.000;5.220;8.019;0.009;17.568;17.568;72.410;93.060;34.816;18.878;50.460;2.228;0.759;0.447;1.755;0.031;3.099;96.159;86.740;31.324;2.009;2.101;2.009;0.002;0.924;5.146;0.154;0;2;33.886;33.888;nan;nan;nan;144196;1;0;0;0;0;0;0
77;1;1;1;IDLE;0.000;0.000;1.000;20393.286250;20393.290100;20393.326854;20393.349059;782861;782861;782861;9786;21;12525776;12525816;100.000;602.178;602.178;6.654;7.288;3006.196;4.165;0.000;0.000;5.710;10.022;0.001;19.898;19.898;38.158;58.959;36.754;33.748;54.137;3.100;0.748;0.445;1.389;0.028;3.850;62.809;53.449;34.144;0.810;2.020;0.810;0.002;0.218;5.292;0.159;0;2;32.179;32.181;nan;nan;nan;27636;1;0;0;0;0;0;0
78;1;1;1;IDLE;0.000;0.000;1.000;20393.319333;20393.322340;20393.355922;20393.416848;779451;779451;779451;9744;16;12471216;12471256;100.000;613.068;613.068;5.075;5.553;2993.101;4.161;0.000;0.000;5.268;7.009;0.003;16.437;16.437;74.166;94.508;33.582;17.392;48.946;2.363;0.767;0.479;1.625;0.033;3.007;97.515;87.905;32.240;1.093;1.962;1.093;0.002;0.960;5.289;0.159;0;2;34.795;34.796;nan;nan;nan;21056;1;0;0;0;0;0;0
79;1;1;1;IDLE;0.000;0.000;1.000;20393.352993;20393.356182;20393.392007;20393.449151;784719;784719;784719;9809;17;12555504;12555544;100.000;605.592;605.592;5.300;5.809;3013.331;4.328;0.000;0.000;6.766;8.016;0.003;19.110;19.110;72.236;92.969;35.825;20.556;53.344;3.591;1.096;0.441;1.602;0.036;3.189;96.158;86.874;33.842;0.509;1.872;0.509;0.002;0.307;5.663;0.170;0;2;32.853;32.856;nan;nan;nan;21996;1;0;0;0;0;0;0
80;1;1;1;IDLE;0.000;0.000;1.000;20393.386575;20393.389513;20393.425085;20393.449189;780701;780701;780701;9759;19;12491216;12491256;100.000;590.886;590.886;6.022;6.594;2997.901;4.137;0.000;0.000;6.165;8.019;0.000;18.321;18.321;38.535;59.675;35.572;30.700;51.503;3.501;0.791;0.442;1.389;0.041;2.938;62.614;53.579;33.331;0.002;1.755;0.002;0.002;0.245;5.793;0.174;0;2;32.081;32.082;nan;nan;nan;25004;1;0;0;0;0;0;0
81;1;1;1;IDLE;0.000;0.000;1.000;20393.420079;20393.423178;20393.457896;20393.515171;785754;785754;785754;9822;22;12572064;12572104;100.000;594.003;594.003;6.699;7.364;3017.305;4.122;0.000;0.000;4.781;7.750;0.003;16.653;16.653;70.828;91.993;34.717;18.102;47.967;2.138;0.764;0.441;1.408;0.029;3.099;95.092;86.228;33.665;0.332;1.666;0.332;0.002;1.019;5.544;0.166;0;2;33.713;33.715;nan;nan;nan;27824;1;0;0;0;0;0;0
82;1;1;1;IDLE;0.000;0.000;1.000;20393.453442;20393.457114;20393.492087;20393.549630;783308;783308;783308;9792;22;12532928;12532968;100.000;600.710;600.710;6.834;7.500;3007.912;4.471;0.000;0.000;5.841;7.860;0.001;18.172;18.172;71.652;92.516;34.974;19.642;51.958;3.219;0.743;0.436;1.406;0.036;3.671;96.187;87.353;33.935;0.602;1.599;0.602;0.010;0.398;5.624;0.169;0;2;30.940;30.942;nan;nan;nan;28388;1;0;0;0;0;0;0
83;1;1;1;IDLE;0.000;0.000;1.000;20393.485963;20393.488995;20393.522377;20393.583584;782737;782737;782737;9785;21;12523792;12523832;100.000;600.327;600.327;6.564;7.198;3005.720;3.982;0.000;0.000;5.292;7.079;0.003;16.353;16.353;73.727;94.588;33.382;17.289;48.988;2.524;0.773;0.477;1.484;0.034;3.032;97.620;87.974;31.882;1.451;1.590;1.451;0.002;0.145;5.544;0.166;0;2;34.328;34.329;nan;nan;nan;27260;1;0;0;0;0;0;0
84;1;1;1;IDLE;0.000;0.000;1.000;20393.519950;20393.524405;20393.557940;20393.614960;781874;781874;781874;9774;22;12509984;12510024;100.000;646.644;646.644;6.970;7.635;3002.406;4.118;0.000;0.000;5.858;7.561;0.002;17.537;17.537;71.209;90.555;33.535;19.366;52.293;3.249;0.746;0.435;1.394;0.034;4.455;95.010;86.017;35.409;2.076;1.620;2.076;0.004;0.766;5.625;0.169;0;2;33.197;33.200;nan;nan;nan;28952;1;0;0;0;0;0;0
85;1;1;1;IDLE;0.000;0.000;1.000;20393.552828;20393.555944;20393.593483;20393.650083;780545;780545;780545;9757;20;12488720;12488760;100.000;599.710;599.710;6.067;6.670;2997.302;4.163;0.000;0.000;6.768;9.021;0.002;19.952;19.952;73.314;94.139;37.540;21.194;53.148;3.408;0.866;0.440;2.015;0.040;3.115;97.255;87.807;31.539;1.794;1.631;1.794;0.002;0.922;5.918;0.178;0;2;30.493;30.496;nan;nan;nan;25192;1;0;0;0;0;0;0
86;1;1;1;IDLE;0.000;0.000;1.000;20393.587125;20393.590185;20393.622400;20393.682862;778343;778343;778343;9730;21;12453488;12453528;100.000;611.026;611.026;6.473;7.107;2988.847;4.285;0.000;0.000;4.369;6.867;0.004;15.520;15.520;72.295;92.677;32.215;16.747;48.178;1.664;0.766;0.456;1.457;0.027;3.060;95.737;87.252;34.241;0.908;1.586;0.908;0.002;0.595;5.534;0.166;0;2;34.546;34.547;nan;nan;nan;26884;1;0;0;0;0;0;0
87;1;1;1;IDLE;0.000;0.000;1.000;20393.620161;20393.623910;20393.658108;20393.716679;778458;778458;778458;9731;21;12455328;12455368;100.000;636.626;636.626;6.383;7.017;2989.288;4.245;0.000;0.000;6.573;7.487;0.001;18.306;18.306;73.204;92.769;34.198;19.733;53.528;3.439;1.006;0.434;1.657;0.037;3.749;96.518;87.736;33.725;0.391;1.511;0.391;0.002;0.570;5.799;0.174;0;2;32.238;32.239;nan;nan;nan;26508;1;0;0;0;0;0;0
88;1;1;1;IDLE;0.000;0.000;1.000;20393.653298;20393.656353;20393.691248;20393.748953;778592;778592;778592;9733;22;12457472;12457512;100.000;578.293;578.293;6.924;7.590;2989.803;4.136;0.000;0.000;4.947;7.549;0.003;16.633;16.633;71.059;92.601;34.895;17.962;47.665;1.999;0.758;0.451;1.706;0.033;3.055;95.655;86.677;32.443;0.891;1.473;0.891;0.002;0.854;5.589;0.168;0;2;32.977;32.979;nan;nan;nan;28764;1;0;0;0;0;0;0
89;1;1;1;IDLE;0.000;0.000;1.000;20393.687023;20393.690546;20393.724788;20393.783159;779952;779952;779952;9750;23;12479232;12479272;100.000;612.229;612.229;7.105;7.801;2995.025;4.268;0.000;0.000;5.717;8.019;0.001;18.005;18.005;72.230;92.614;34.242;19.441;52.581;3.111;0.742;0.437;1.392;0.035;3.523;96.136;87.550;34.193;0.860;1.434;0.860;0.002;0.119;5.626;0.169;0;2;32.181;32.182;nan;nan;nan;29516;1;0;0;0;0;0;0
90;1;1;1;IDLE;0.000;0.000;1.000;20393.719439;20393.722532;20393.757334;20393.815096;779674;779674;779674;9746;23;12474784;12474824;100.000;596.629;596.629;7.060;7.756;2993.958;4.073;0.000;0.000;5.485;7.485;0.001;17.043;17.043;71.655;92.564;34.802;18.412;48.971;2.549;0.758;0.451;1.694;0.033;3.093;95.657;86.153;31.986;1.347;1.429;1.347;0.010;0.912;5.593;0.168;0;2;33.307;33.308;nan;nan;nan;29328;1;0;0;0;0;0;0
91;1;1;1;IDLE;0.000;0.000;1.000;20393.753036;20393.756761;20393.792202;20393.850252;781083;781083;781083;9764;109;12497328;12497368;100.000;605.414;605.414;34.222;37.602;2999.368;4.334;0.000;0.000;5.734;8.274;0.005;18.342;18.342;72.848;93.491;35.441;19.619;51.755;3.122;0.745;0.440;1.395;0.032;3.725;97.217;87.976;34.229;0.895;1.396;0.895;0.002;0.787;5.631;0.169;0;2;31.164;31.166;nan;nan;nan;142504;1;0;0;0;0;0;0
92;1;1;1;IDLE;0.000;0.000;1.000;20393.786071;20393.789085;20393.825023;20393.882208;780537;780537;780537;9757;21;12488592;12488632;100.000;603.151;603.151;6.609;7.243;2997.272;4.229;0.000;0.000;5.036;9.898;0.002;19.163;19.163;72.417;93.123;35.938;20.578;53.321;2.228;0.818;0.476;1.481;0.032;3.014;96.137;86.598;32.324;1.010;1.371;1.010;0.002;0.296;5.485;0.165;0;2;35.123;35.125;nan;nan;nan;27448;1;0;0;0;0;0;0
93;1;1;1;IDLE;0.000;0.000;1.000;20393.819952;20393.824585;20393.860104;20393.915013;773046;773046;773046;9664;17;12368736;12368776;100.000;623.196;623.196;5.255;5.764;2968.506;4.083;0.000;0.000;5.788;9.017;0.002;18.888;18.888;70.581;90.428;35.519;20.888;53.178;3.181;0.735;0.441;1.395;0.035;4.633;95.061;86.070;35.501;2.167;1.421;2.167;0.003;0.863;5.566;0.167;0;2;31.117;31.118;nan;nan;nan;21808;1;0;0;0;0;0;0
94;1;1;1;IDLE;0.000;0.000;1.000;20393.852729;20393.855736;20393.888891;20393.915046;770822;770822;770822;9636;16;12333152;12333192;100.000;606.152;606.152;5.075;5.553;2959.966;4.149;0.000;0.000;5.008;7.737;0.001;16.894;16.894;38.963;59.309;33.154;28.484;50.954;2.089;0.764;0.512;1.613;0.030;3.007;62.317;52.769;31.151;2.182;1.469;2.182;0.002;0.061;5.429;0.163;0;2;33.855;33.857;nan;nan;nan;21056;1;0;0;0;0;0;0
95;1;1;1;IDLE;0.000;0.000;1.000;20393.886274;20393.889722;20393.923253;20393.983273;778859;778859;778859;9736;19;12461744;12461784;100.000;607.545;607.545;5.932;6.504;2990.828;4.422;0.000;0.000;4.754;8.018;0.003;17.194;17.194;73.039;93.551;33.531;18.379;51.278;2.141;0.751;0.435;1.398;0.029;3.448;96.999;87.664;33.986;0.653;1.418;0.653;0.002;0.244;5.263;0.158;0;2;27.122;27.124;nan;nan;nan;24628;1;0;0;0;0;0;0
96;1;1;1;IDLE;0.000;0.000;1.000;20393.920256;20393.925919;20393.958817;20394.017215;778333;778333;778333;9730;22;12453328;12453368;100.000;669.041;669.041;6.744;7.409;2988.808;4.210;0.000;0.000;5.592;8.500;0.002;18.302;18.302;72.683;91.296;32.898;20.047;55.634;2.941;0.759;0.459;1.403;0.030;5.663;96.959;88.272;36.197;2.863;1.508;2.863;0.002;0.189;5.351;0.161;0;1;32.952;32.954;nan;nan;nan;28012;1;0;0;0;0;0;0
97;1;1;1;IDLE;0.000;0.000;1.000;20393.955082;20393.960028;20393.991006;20394.048376;782798;782798;782798;9785;23;12524768;12524808;100.000;664.236;664.236;7.060;7.756;3005.954;3.973;0.000;0.000;4.347;7.604;0.004;15.925;15.925;69.491;88.348;30.978;18.025;51.407;1.527;0.747;0.434;1.612;0.026;4.946;93.293;86.099;34.109;0.776;1.462;0.776;0.002;0.168;5.107;0.153;0;2;33.808;33.810;nan;nan;nan;29328;1;0;0;0;0;0;0
98;1;1;1;IDLE;0.000;0.000;1.000;20393.986239;20393.989941;20394.026501;20394.081931;781418;781418;781418;9768;22;12502688;12502728;100.000;602.486;602.486;6.834;7.500;3000.655;4.396;0.000;0.000;6.479;9.021;0.002;19.896;19.896;71.238;91.990;36.560;21.628;54.419;3.320;1.012;0.440;1.671;0.036;3.702;95.692;86.321;29.913;3.420;1.585;3.420;0.002;0.305;5.457;0.164;0;2;30.892;30.893;nan;nan;nan;28388;1;0;0;0;0;0;0
99;1;1;1;IDLE;0.000;0.000;1.000;20394.019912;20394.022821;20394.056566;20394.115762;777382;777382;777382;9718;22;12438112;12438152;100.000;604.660;604.660;6.699;7.364;2985.156;4.190;0.000;0.000;4.953;8.019;0.001;17.162;17.162;72.371;92.941;33.745;18.465;50.857;2.061;0.761;0.481;1.618;0.031;2.909;95.851;86.819;32.880;0.453;1.514;0.453;0.011;0.191;5.334;0.160;0;2;33.381;33.382;nan;nan;nan;27824;1;0;0;0;0;0;0
100;1;1;1;IDLE;0.000;0.000;1.000;20394.052846;20394.056818;20394.089858;20394.149552;778267;778267;778267;9729;21;12452272;12452312;100.000;616.427;616.427;6.473;7.107;2988.555;4.276;0.000;0.000;4.891;7.226;0.001;16.392;16.392;72.533;92.734;33.040;17.677;49.613;2.068;0.746;0.460;1.584;0.033;3.972;96.706;87.275;33.997;0.663;1.461;0.663;0.002;0.719;5.226;0.157;0;2;33.126;33.129;nan;nan;nan;26884;1;0;0;0;0;0;0
101;1;1;1;IDLE;0.000;0.000;1.000;20394.086543;20394.090711;20394.124275;20394.182296;780699;780699;780699;9759;21;12491184;12491224;100.000;627.415;627.415;6.518;7.152;2997.894;4.070;0.000;0.000;5.119;7.567;0.002;16.755;16.755;71.676;91.585;33.564;18.295;49.919;2.521;0.738;0.438;1.393;0.028;4.168;95.753;86.686;33.893;0.560;1.404;0.560;0.002;0.967;5.203;0.156;0;2;32.840;32.841;nan;nan;nan;27072;1;0;0;0;0;0;0
102;1;1;1;IDLE;0.000;0.000;1.000;20394.119443;20394.122754;20394.157805;20394.216559;780328;780328;780328;9755;21;12485248;12485288;100.000;606.463;606.463;6.383;7.017;2996.469;4.315;0.000;0.000;6.179;8.015;0.002;18.509;18.509;73.217;93.804;35.051;19.732;52.807;3.212;0.857;0.436;1.641;0.033;3.311;97.115;87.615;32.043;1.290;1.397;1.290;0.002;0.267;5.451;0.164;0;2;32.504;32.504;nan;nan;nan;26508;1;0;0;0;0;0;0
103;1;1;1;IDLE;0.000;0.000;1.000;20394.153083;20394.156181;20394.189876;20394.249121;782351;782351;782351;9780;21;12517616;12517656;100.000;591.816;591.816;6.383;7.017;3004.237;4.383;0.000;0.000;4.944;7.009;0.002;16.336;16.336;71.789;92.941;33.695;17.577;48.481;2.217;0.813;0.463;1.421;0.030;3.097;96.038;86.845;33.427;0.093;1.316;0.093;0.003;0.587;5.327;0.160;0;2;33.687;33.690;nan;nan;nan;26508;1;0;0;0;0;0;0
104;1;1;1;IDLE;0.000;0.000;1.000;20394.186397;20394.189953;20394.224334;20394.283561;782164;782164;782164;9778;21;12514624;12514664;100.000;607.085;607.085;6.428;7.062;3003.519;4.129;0.000;0.000;5.965;7.390;0.001;17.484;17.484;72.993;93.607;34.380;18.678;50.854;3.295;0.811;0.436;1.387;0.035;3.556;97.163;87.951;33.772;0.439;1.261;0.439;0.002;0.408;5.490;0.165;0;2;32.174;32.175;nan;nan;nan;26696;1;0;0;0;0;0;0
105;1;1;1;IDLE;0.000;0.000;1.000;20394.219734;20394.222897;20394.257450;20394.315102;783021;783021;783021;9788;22;12528336;12528376;100.000;596.016;596.016;6.789;7.454;3006.810;4.046;0.000;0.000;5.183;7.427;0.003;16.655;16.655;71.185;92.205;34.553;18.063;48.202;2.217;0.756;0.443;1.732;0.034;3.163;95.368;86.159;32.944;0.390;1.207;0.390;0.002;0.920;5.416;0.162;0;2;33.533;33.535;nan;nan;nan;28200;1;0;0;0;0;0;0
106;1;1;1;IDLE;0.000;0.000;1.000;20394.253176;20394.256711;20394.291968;20394.350121;786829;786829;786829;9836;105;12589264;12589304;100.000;603.111;603.111;33.049;36.304;3021.433;4.422;0.000;0.000;5.938;7.866;0.004;18.226;18.226;72.536;93.410;35.257;19.512;51.694;3.325;0.748;0.436;1.394;0.035;3.535;96.945;87.844;33.814;0.481;1.161;0.481;0.002;0.576;5.553;0.167;0;2;30.996;30.997;nan;nan;nan;137616;1;0;0;0;0;0;0
107;1;1;1;IDLE;0.000;0.000;1.000;20394.285968;20394.289019;20394.323751;20394.381004;789365;789365;789365;9868;23;12629840;12629880;100.000;600.707;600.707;7.015;7.711;3031.171;4.217;0.000;0.000;4.745;8.620;0.003;17.581;17.581;70.960;91.985;34.732;19.113;50.621;2.096;0.757;0.442;1.422;0.029;3.051;95.036;85.395;32.308;1.026;1.153;1.026;0.002;0.339;5.354;0.161;0;2;34.986;34.987;nan;nan;nan;29140;1;0;0;0;0;0;0
108;1;1;1;IDLE;0.000;0.000;1.000;20394.320069;20394.325823;20394.359280;20394.409455;790807;790807;790807;9886;19;12652912;12652952;100.000;660.190;660.190;5.887;6.458;3036.708;4.198;0.000;0.000;5.091;9.025;0.002;18.314;18.314;64.466;83.631;33.456;21.899;54.740;2.479;0.754;0.439;1.394;0.026;5.754;89.386;80.512;36.804;3.471;1.298;3.471;0.010;0.164;5.294;0.159;0;2;30.746;30.748;nan;nan;nan;24440;1;0;0;0;0;0;0
109;1;1;1;IDLE;0.000;0.000;1.000;20394.352757;20394.355720;20394.388342;20394.449735;789334;789334;789334;9867;17;12629344;12629384;100.000;623.317;623.317;5.300;5.809;3031.052;4.149;0.000;0.000;5.003;7.012;0.001;16.164;16.164;73.754;94.015;32.623;17.193;49.550;2.230;0.776;0.478;1.489;0.030;2.963;96.978;87.459;29.896;3.437;1.431;3.437;0.002;0.343;5.224;0.157;0;2;28.120;28.122;nan;nan;nan;21996;1;0;0;0;0;0;0
110;1;1;1;IDLE;0.000;0.000;1.000;20394.386119;20394.390822;20394.425101;20394.449767;783753;783753;783753;9797;18;12540048;12540088;100.000;641.377;641.377;5.706;6.247;3009.621;4.216;0.000;0.000;5.662;8.692;0.000;18.570;18.570;39.393;58.945;34.280;31.503;54.172;2.990;0.761;0.447;1.433;0.030;4.702;63.648;54.158;35.102;1.769;1.452;1.769;0.002;0.371;5.341;0.160;0;1;33.323;33.324;nan;nan;nan;23688;1;0;0;0;0;0;0
111;1;1;1;IDLE;0.000;0.000;1.000;20394.421916;20394.427603;20394.458313;20394.516323;781240;781240;781240;9766;21;12499840;12499880;100.000;697.574;697.574;6.654;7.288;2999.971;3.932;0.000;0.000;4.194;7.822;0.002;15.948;15.948;70.801;88.721;30.710;17.975;51.931;1.583;0.751;0.440;1.392;0.027;5.687;94.408;87.380;36.781;3.447;1.577;3.447;0.002;0.772;5.057;0.152;0;2;32.103;32.104;nan;nan;nan;27636;1;0;0;0;0;0;0
112;1;1;1;IDLE;0.000;0.000;1.000;20394.452695;20394.455685;20394.491244;20394.548838;781247;781247;781247;9766;22;12499952;12499992;100.000;593.880;593.880;6.744;7.409;2999.998;4.243;0.000;0.000;5.845;7.668;0.002;17.756;17.756;72.106;93.154;35.560;19.061;49.932;3.177;0.807;0.435;1.394;0.031;2.990;96.144;86.562;28.082;5.251;1.807;5.251;0.002;0.996;5.256;0.158;0;2;32.744;32.746;nan;nan;nan;28012;1;0;0;0;0;0;0
113;1;1;1;IDLE;0.000;0.000;1.000;20394.486431;20394.489803;20394.524669;20394.584363;783523;783523;783523;9795;22;12536368;12536408;100.000;611.936;611.936;6.834;7.500;3008.738;4.306;0.000;0.000;6.011;8.021;0.001;18.338;18.338;74.074;94.561;34.866;19.393;52.595;3.168;0.743;0.435;1.632;0.033;3.372;97.933;88.754;34.118;0.785;1.743;0.785;0.002;0.344;5.448;0.163;0;2;32.186;32.187;nan;nan;nan;28388;1;0;0;0;0;0;0
114;1;1;1;IDLE;0.000;0.000;1.000;20394.519707;20394.522848;20394.556991;20394.615242;783046;783046;783046;9789;24;12528736;12528776;100.000;602.295;602.295;7.331;8.058;3006.906;4.373;0.000;0.000;5.165;7.268;0.003;16.806;16.806;71.593;92.394;34.144;18.189;49.221;2.248;0.759;0.441;1.685;0.031;3.141;95.535;86.299;33.045;0.288;1.652;0.288;0.003;0.906;5.380;0.161;0;2;34.636;34.637;nan;nan;nan;30456;1;0;0;0;0;0;0
115;1;1;1;IDLE;0.000;0.000;1.000;20394.553463;20394.557260;20394.593581;20394.650209;785712;785712;785712;9822;22;12571392;12571432;100.000;591.388;591.388;6.879;7.545;3017.144;4.327;0.000;0.000;5.813;8.772;0.002;18.912;18.912;71.691;92.948;36.320;20.347;52.069;3.155;0.748;0.432;1.444;0.033;3.797;96.745;87.932;34.413;1.079;1.616;1.079;0.002;0.475;5.494;0.165;0;2;30.429;30.432;nan;nan;nan;28576;1;0;0;0;0;0;0
116;1;1;1;IDLE;0.000;0.000;1.000;20394.585890;20394.588974;20394.621896;20394.683830;788409;788409;788409;9856;22;12614544;12614584;100.000;610.763;610.763;6.834;7.500;3027.500;3.980;0.000;0.000;5.112;7.021;0.003;16.113;16.113;74.202;94.856;32.923;16.986;48.941;2.264;0.767;0.483;1.568;0.030;3.084;97.940;88.220;31.713;1.620;1.616;1.620;0.002;0.134;5.401;0.162;0;2;35.326;35.329;nan;nan;nan;28388;1;0;0;0;0;0;0
117;1;1;1;IDLE;0.000;0.000;1.000;20394.619470;20394.623375;20394.658468;20394.714697;785289;785289;785289;9817;21;12564624;12564664;100.000;620.480;620.480;6.473;7.107;3015.519;4.345;0.000;0.000;6.528;7.499;0.003;18.373;18.373;71.072;91.322;35.093;20.119;52.355;3.598;0.746;0.439;1.706;0.038;3.905;95.227;85.754;34.402;1.068;1.582;1.068;0.012;0.802;5.690;0.171;0;2;32.858;32.859;nan;nan;nan;26884;1;0;0;0;0;0;0
118;1;1;1;IDLE;0.000;0.000;1.000;20394.653782;20394.657922;20394.692152;20394.714734;784314;784314;784314;9804;20;12549024;12549064;100.000;621.807;621.807;6.338;6.941;3011.775;4.104;0.000;0.000;5.691;8.111;0.001;17.906;17.906;36.630;56.812;34.230;31.519;52.312;3.079;0.744;0.433;1.402;0.033;4.140;60.952;52.457;34.547;1.214;1.559;1.214;0.002;0.242;5.696;0.171;0;2;30.653;30.654;nan;nan;nan;26320;1;0;0;0;0;0;0
119;1;1;1;IDLE;0.000;0.000;1.000;20394.685878;20394.688906;20394.722232;20394.783267;784830;784830;784830;9811;21;12557280;12557320;100.000;611.248;611.248;6.428;7.062;3013.757;4.059;0.000;0.000;5.226;7.119;0.003;16.404;16.404;73.817;94.360;33.326;17.384;49.222;2.255;0.778;0.476;1.687;0.030;3.028;97.389;87.657;30.984;2.349;1.609;2.349;0.002;0.434;5.581;0.167;0;2;34.754;34.755;nan;nan;nan;26696;1;0;0;0;0;0;0
120;1;1;1;IDLE;0.000;0.000;1.000;20394.719821;20394.723444;20394.758210;20394.816548;784742;784742;784742;9810;21;12555872;12555912;100.000;613.196;613.196;6.518;7.152;3013.419;4.284;0.000;0.000;5.928;8.016;0.003;18.228;18.228;72.628;93.104;34.766;19.579;52.431;3.316;0.747;0.440;1.392;0.033;3.623;96.727;87.605;34.537;1.204;1.583;1.204;0.002;0.343;5.671;0.170;0;2;33.063;33.065;nan;nan;nan;27072;1;0;0;0;0;0;0
121;1;1;1;IDLE;0.000;0.000;1.000;20394.752873;20394.755954;20394.790558;20394.849724;787186;787186;787186;9840;108;12594976;12595016;100.000;612.662;612.662;33.996;37.345;3022.804;4.284;0.000;0.000;6.719;7.287;0.011;18.290;18.290;73.212;93.770;34.604;19.505;52.854;3.855;0.746;0.459;1.623;0.035;3.081;96.851;87.448;32.510;0.823;1.536;0.823;0.002;0.037;5.938;0.178;0;2;33.273;33.274;nan;nan;nan;141564;1;0;0;0;0;0;0
122;1;1;1;IDLE;0.000;0.000;1.000;20394.787167;20394.790490;20394.828382;20394.882845;792161;792161;792161;9903;23;12674576;12674616;100.000;602.764;602.764;7.015;7.711;3041.908;4.266;0.000;0.000;5.009;11.023;0.002;20.298;20.298;71.327;92.355;37.892;21.979;53.569;2.087;0.755;0.483;1.651;0.032;3.323;95.678;87.235;34.536;1.203;1.515;1.203;0.002;0.829;5.708;0.171;0;2;32.362;32.363;nan;nan;nan;29140;1;0;0;0;0;0;0
123;1;1;1;IDLE;0.000;0.000;1.000;20394.819941;20394.823126;20394.857871;20394.917721;788290;788290;788290;9854;18;12612640;12612680;100.000;611.461;611.461;5.526;6.066;3027.043;4.369;0.000;0.000;5.951;7.437;0.001;17.757;17.757;73.968;94.595;34.745;18.772;51.108;3.259;0.783;0.485;1.390;0.033;3.185;97.780;88.778;32.636;0.697;1.464;0.697;0.002;0.726;5.772;0.173;0;2;32.408;32.409;nan;nan;nan;22936;1;0;0;0;0;0;0
124;1;1;1;IDLE;0.000;0.000;1.000;20394.853552;20394.856749;20394.891182;20394.949731;789222;789222;789222;9866;18;12627552;12627592;100.000;593.693;593.693;5.571;6.111;3030.622;4.461;0.000;0.000;4.800;7.670;0.002;16.930;16.930;71.713;92.982;34.433;18.208;49.169;2.153;0.751;0.438;1.427;0.030;3.197;96.179;87.455;33.623;0.289;1.390;0.289;0.002;0.691;5.533;0.166;0;2;34.205;34.207;nan;nan;nan;23124;1;0;0;0;0;0;0
125;1;1;1;IDLE;0.000;0.000;1.000;20394.887449;20394.891330;20394.927736;20394.983586;787173;787173;787173;9840;19;12594768;12594808;100.000;611.007;611.007;5.977;6.549;3022.754;4.180;0.000;0.000;5.744;9.144;0.002;19.068;19.068;71.643;92.256;36.405;20.669;52.377;3.113;0.746;0.438;1.413;0.033;3.881;96.137;87.977;34.582;1.248;1.382;1.248;0.002;0.901;5.591;0.168;0;2;31.135;31.136;nan;nan;nan;24816;1;0;0;0;0;0;0
126;1;1;1;IDLE;0.000;0.000;1.000;20394.918967;20394.921991;20394.957117;20395.017269;776279;776279;776279;9704;20;12420464;12420504;100.000;608.304;608.304;6.248;6.851;2980.921;3.970;0.000;0.000;5.120;9.460;0.003;18.550;18.550;74.860;95.278;35.126;19.470;52.810;2.131;0.761;0.461;1.737;0.030;3.024;98.302;88.326;30.660;2.673;1.462;2.673;0.009;0.118;5.476;0.164;0;2;35.924;35.926;nan;nan;nan;25944;1;0;0;0;0;0;0
127;1;1;1;IDLE;0.000;0.000;1.000;20394.953541;20394.957069;20394.991046;20395.048139;773912;773912;773912;9674;22;12382592;12382632;100.000;618.910;618.910;6.699;7.364;2971.832;4.249;0.000;0.000;6.449;7.292;0.003;17.989;17.989;71.063;91.070;33.977;19.752;52.943;3.218;1.084;0.437;1.672;0.037;3.528;94.598;85.863;35.079;1.745;1.480;1.745;0.002;0.227;5.731;0.172;0;2;33.507;33.510;nan;nan;nan;27824;1;0;0;0;0;0;0
128;1;1;1;IDLE;0.000;0.000;1.000;20394.986620;20394.989681;20395.026844;20395.082936;773302;773302;773302;9667;22;12372832;12372872;100.000;589.321;589.321;6.834;7.500;2969.489;4.113;0.000;0.000;6.549;9.015;0.001;19.678;19.678;72.260;93.256;37.163;21.101;52.950;3.227;1.084;0.462;1.743;0.034;3.061;96.316;87.327;32.612;0.722;1.433;0.722;0.002;0.601;5.942;0.178;0;2;30.306;30.309;nan;nan;nan;28388;1;0;0;0;0;0;0
129;1;1;1;IDLE;0.000;0.000;1.000;20395.019833;20395.022727;20395.055874;20395.115628;777001;777001;777001;9713;22;12432016;12432056;100.000;612.172;612.172;6.834;7.500;2983.693;4.095;0.000;0.000;5.083;6.977;0.002;16.154;16.154;72.593;92.901;33.147;17.389;48.735;2.146;0.751;0.470;1.686;0.030;2.894;95.795;86.685;33.046;0.288;1.361;0.288;0.002;0.777;5.730;0.172;0;2;34.036;34.037;nan;nan;nan;28388;1;0;0;0;0;0;0
130;1;1;1;IDLE;0.000;0.000;1.000;20395.052761;20395.056930;20395.089844;20395.150626;783174;783174;783174;9790;22;12530784;12530824;100.000;608.463;608.463;6.699;7.364;3007.398;4.236;0.000;0.000;5.389;6.872;0.002;16.497;16.497;73.101;93.696;32.914;17.607;50.120;2.785;0.739;0.439;1.396;0.029;4.169;97.865;88.350;34.204;0.870;1.330;0.870;0.002;0.057;5.648;0.169;0;2;32.652;32.653;nan;nan;nan;27824;1;0;0;0;0;0;0
131;1;1;1;IDLE;0.000;0.000;1.000;20395.086422;20395.089786;20395.124072;20395.150707;786108;786108;786108;9827;21;12577728;12577768;100.000;626.789;626.789;6.654;7.288;3018.664;4.186;0.000;0.000;5.754;8.018;0.003;17.959;17.959;40.853;60.921;34.286;29.479;52.380;3.137;0.752;0.440;1.393;0.032;3.364;64.285;55.097;32.856;0.477;1.277;0.477;0.002;0.443;5.677;0.170;0;2;34.566;34.569;nan;nan;nan;27636;1;0;0;0;0;0;0
132;1;1;1;IDLE;0.000;0.000;1.000;20395.119712;20395.123255;20395.158883;20395.216421;785622;785622;785622;9821;21;12569952;12569992;100.000;605.226;605.226;6.564;7.198;3016.798;4.224;0.000;0.000;6.557;7.747;0.002;18.528;18.528;72.397;93.167;35.628;19.887;52.003;3.879;0.737;0.452;1.452;0.037;3.543;96.709;87.478;33.469;0.135;1.206;0.135;0.003;0.552;5.904;0.177;0;2;30.962;30.963;nan;nan;nan;27260;1;0;0;0;0;0;0
133;1;1;1;IDLE;0.000;0.000;1.000;20395.153106;20395.156461;20395.190230;20395.248233;787265;787265;787265;9841;21;12596240;12596280;100.000;611.048;611.048;6.428;7.062;3023.107;4.107;0.000;0.000;5.006;8.023;0.002;17.136;17.136;71.157;91.771;33.769;18.672;50.743;2.163;0.766;0.482;1.562;0.032;3.355;95.126;85.956;33.206;0.127;1.138;0.127;0.002;0.123;5.682;0.170;0;2;34.211;34.212;nan;nan;nan;26696;1;0;0;0;0;0;0
134;1;1;1;IDLE;0.000;0.000;1.000;20395.186158;20395.189834;20395.225312;20395.277487;787734;787734;787734;9847;21;12603744;12603784;100.000;617.567;617.567;6.383;7.017;3024.908;4.290;0.000;0.000;6.155;8.020;0.002;18.465;18.465;67.244;87.653;35.478;21.067;52.048;3.547;0.742;0.437;1.396;0.033;3.677;91.329;81.877;33.373;0.040;1.070;0.040;0.002;0.890;5.804;0.174;0;2;30.936;30.937;nan;nan;nan;26508;1;0;0;0;0;0;0
135;1;1;1;IDLE;0.000;0.000;1.000;20395.219505;20395.222818;20395.256382;20395.316458;786766;786766;786766;9835;22;12588256;12588296;100.000;610.605;610.605;6.699;7.364;3021.191;3.884;0.000;0.000;4.764;8.018;0.001;16.666;16.666;73.025;93.641;33.564;17.798;49.654;2.087;0.755;0.449;1.441;0.033;3.313;96.954;87.515;32.983;0.350;1.025;0.350;0.010;0.155;5.548;0.166;0;2;29.117;29.120;nan;nan;nan;27824;1;0;0;0;0;0;0
136;1;1;1;IDLE;0.000;0.000;1.000;20395.253415;20395.258684;20395.293422;20395.349865;787622;787622;787622;9846;100;12601952;12601992;100.000;663.718;663.718;31.380;34.478;3024.478;4.479;0.000;0.000;5.757;8.972;0.006;19.208;19.208;72.194;91.181;34.738;21.066;55.294;3.104;0.764;0.462;1.396;0.031;5.268;96.450;87.589;35.866;2.533;1.119;2.533;0.002;1.019;5.606;0.168;0;1;32.005;32.008;nan;nan;nan;130660;1;0;0;0;0;0;0
137;1;1;1;IDLE;0.000;0.000;1.000;20395.287759;20395.292820;20395.323402;20395.383159;784509;784509;784509;9807;25;12552144;12552184;100.000;646.608;646.608;7.692;8.450;3012.524;4.403;0.000;0.000;4.207;6.881;0.003;15.491;15.491;70.927;90.339;30.582;17.147;50.653;1.600;0.747;0.449;1.387;0.025;5.061;95.400;87.550;34.136;0.803;1.099;0.803;0.002;0.079;5.259;0.158;0;2;33.340;33.342;nan;nan;nan;31960;1;0;0;0;0;0;0
138;1;1;1;IDLE;0.000;0.000;1.000;20395.319656;20395.322682;20395.358361;20395.417893;782962;782962;782962;9788;21;12527392;12527432;100.000;603.494;603.494;6.518;7.152;3006.584;4.096;0.000;0.000;6.402;7.753;0.001;18.251;18.251;74.453;95.211;35.678;19.169;51.154;3.321;0.994;0.439;1.616;0.033;3.027;98.238;88.950;29.862;3.471;1.247;3.471;0.002;0.762;5.548;0.166;0;2;32.548;32.549;nan;nan;nan;27072;1;0;0;0;0;0;0
139;1;1;1;IDLE;0.000;0.000;1.000;20395.353269;20395.356343;20395.391578;20395.449892;785441;785441;785441;9819;21;12567056;12567096;100.000;603.907;603.907;6.609;7.243;3016.103;4.375;0.000;0.000;5.986;7.895;0.002;18.256;18.256;72.739;93.548;35.235;19.515;51.811;3.267;0.801;0.432;1.455;0.032;3.074;96.623;87.615;33.661;0.328;1.190;0.328;0.003;0.540;5.660;0.170;0;2;34.206;34.208;nan;nan;nan;27448;1;0;0;0;0;0;0
140;1;1;1;IDLE;0.000;0.000;1.000;20395.387667;20395.391265;20395.427926;20395.449955;786857;786857;786857;9836;20;12589712;12589752;100.000;605.283;605.283;6.338;6.941;3021.540;4.224;0.000;0.000;5.795;9.161;0.002;19.180;19.180;37.890;58.690;36.661;32.680;52.317;3.165;0.743;0.446;1.406;0.034;3.597;62.288;54.345;34.921;1.588;1.215;1.588;0.002;0.902;5.699;0.171;0;2;31.122;31.124;nan;nan;nan;26320;1;0;0;0;0;0;0
141;1;1;1;IDLE;0.000;0.000;1.000;20395.418991;20395.422118;20395.457855;20395.516875;786209;786209;786209;9828;23;12579344;12579384;100.000;614.161;614.161;7.015;7.711;3019.052;3.975;0.000;0.000;5.103;10.025;0.002;19.103;19.103;74.275;94.757;35.737;20.160;53.455;2.064;0.764;0.474;1.772;0.029;3.127;97.884;87.932;30.853;2.480;1.294;2.480;0.002;0.124;5.553;0.167;0;2;34.296;34.297;nan;nan;nan;29140;1;0;0;0;0;0;0
142;1;1;1;IDLE;0.000;0.000;1.000;20395.452915;20395.456478;20395.490933;20395.547624;785895;785895;785895;9824;24;12574320;12574360;100.000;617.142;617.142;7.421;8.148;3017.846;4.234;0.000;0.000;5.253;8.017;0.003;17.504;17.504;70.770;91.145;34.455;19.205;50.804;2.327;0.746;0.445;1.703;0.031;3.564;94.709;85.347;34.360;1.027;1.277;1.027;0.002;0.806;5.482;0.164;0;2;33.955;33.958;nan;nan;nan;30832;1;0;0;0;0;0;0
143;1;1;1;IDLE;0.000;0.000;1.000;20395.486370;20395.490094;20395.524686;20395.575191;783109;783109;783109;9789;24;12529744;12529784;100.000;605.851;605.851;7.466;8.194;3007.148;4.096;0.000;0.000;6.060;7.695;0.002;17.851;17.851;64.416;85.098;34.593;20.977;51.604;3.446;0.749;0.431;1.398;0.036;3.724;88.822;79.582;33.616;0.282;1.215;0.282;0.011;0.144;5.631;0.169;0;2;30.629;30.630;nan;nan;nan;31020;1;0;0;0;0;0;0
144;1;1;1;IDLE;0.000;0.000;1.000;20395.519368;20395.522583;20395.555193;20395.617317;783994;783994;783994;9800;25;12543904;12543944;100.000;616.697;616.697;7.737;8.496;3010.547;4.085;0.000;0.000;4.679;7.127;0.002;15.891;15.891;74.393;94.734;32.610;16.774;48.730;2.019;0.765;0.452;1.413;0.030;3.215;97.948;88.374;32.489;0.844;1.192;0.844;0.002;0.461;5.396;0.162;0;2;27.120;27.122;nan;nan;nan;32148;1;0;0;0;0;0;0
145;1;1;1;IDLE;0.000;0.000;1.000;20395.553616;20395.559705;20395.592169;20395.648353;785959;785959;785959;9825;24;12575344;12575384;100.000;689.925;689.925;7.466;8.194;3018.092;4.352;0.000;0.000;4.985;8.998;0.002;18.335;18.335;70.420;88.647;32.464;20.683;56.479;2.238;0.771;0.457;1.397;0.123;6.089;94.736;86.076;37.122;3.789;1.354;3.789;0.002;0.250;5.300;0.159;0;1;34.142;34.143;nan;nan;nan;31020;1;0;0;0;0;0;0
146;1;1;1;IDLE;0.000;0.000;1.000;20395.588438;20395.594320;20395.628256;20395.676428;789030;789030;789030;9863;24;12624480;12624520;100.000;678.204;678.204;7.466;8.194;3029.885;4.178;0.000;0.000;4.351;10.021;0.002;18.550;18.550;63.493;82.108;33.936;22.592;54.662;1.750;0.741;0.435;1.396;0.029;5.882;87.990;80.818;34.615;1.281;1.350;1.281;0.002;0.946;5.068;0.152;0;2;30.115;30.116;nan;nan;nan;31020;1;0;0;0;0;0;0
147;1;1;1;IDLE;0.000;0.000;1.000;20395.619042;20395.622586;20395.654993;20395.717169;794594;794594;794594;9933;25;12713504;12713544;100.000;621.982;621.982;7.646;8.405;3051.251;4.123;0.000;0.000;4.918;6.867;0.001;15.908;15.908;74.143;94.583;32.407;16.819;49.089;2.178;0.775;0.479;1.457;0.029;3.544;98.127;88.226;28.266;5.067;1.582;5.067;0.002;0.178;5.035;0.151;0;2;28.298;28.299;nan;nan;nan;31772;1;0;0;0;0;0;0
148;1;1;1;IDLE;0.000;0.000;1.000;20395.652815;20395.657390;20395.693295;20395.749402;797998;797998;797998;9975;24;12767968;12768008;100.000;627.785;627.785;7.331;8.058;3064.322;4.404;0.000;0.000;5.999;8.892;0.425;19.295;19.295;71.673;92.011;35.905;20.971;53.741;3.316;0.784;0.456;1.411;0.033;4.575;96.586;87.125;34.804;1.471;1.575;1.471;0.002;0.672;5.286;0.159;0;1;32.762;32.765;nan;nan;nan;30456;1;0;0;0;0;0;0
149;1;1;1;IDLE;0.000;0.000;1.000;20395.687913;20395.693281;20395.725481;20395.784184;798639;798639;798639;9983;24;12778224;12778264;100.000;651.957;651.957;7.376;8.103;3066.783;4.276;0.000;0.000;4.257;8.018;0.002;16.551;16.551;71.302;90.903;32.200;18.207;51.400;1.622;0.777;0.436;1.394;0.027;5.369;96.271;88.574;35.891;2.558;1.636;2.558;0.002;0.322;5.033;0.151;0;2;31.513;31.514;nan;nan;nan;30644;1;0;0;0;0;0;0
150;1;1;1;IDLE;0.000;0.000;1.000;20395.719195;20395.722251;20395.757174;20395.815821;796693;796693;796693;9959;24;12747088;12747128;100.000;614.126;614.126;7.331;8.058;3059.311;4.107;0.000;0.000;5.951;7.634;0.002;17.691;17.691;72.813;93.570;34.922;18.907;50.659;3.311;0.781;0.435;1.390;0.033;3.056;96.626;86.878;28.970;4.363;1.807;4.363;0.002;0.578;5.265;0.158;0;2;34.641;34.642;nan;nan;nan;30456;1;0;0;0;0;0;0
151;1;1;1;IDLE;0.000;0.000;1.000;20395.753897;20395.758310;20395.793018;20395.849510;794717;794717;794717;9934;105;12715472;12715512;100.000;630.654;630.654;33.094;36.349;3051.723;4.066;0.000;0.000;5.681;8.397;0.007;18.144;18.144;71.038;91.200;34.708;19.894;52.275;3.050;0.755;0.438;1.408;0.031;4.413;95.613;87.234;36.058;2.725;1.864;2.725;0.002;0.465;5.374;0.161;0;2;31.193;31.199;nan;nan;nan;137804;1;0;0;0;0;0;0
152;1;1;1;IDLE;0.000;0.000;1.000;20395.785807;20395.788821;20395.824176;20395.884120;792861;792861;792861;9911;22;12685776;12685816;100.000;599.816;599.816;6.879;7.545;3044.596;4.075;0.000;0.000;5.064;8.506;0.002;17.645;17.645;74.148;95.298;35.355;18.515;49.908;2.245;0.775;0.470;1.542;0.031;3.014;98.312;88.510;30.512;2.822;1.924;2.822;0.012;0.623;5.299;0.159;0;2;33.836;33.837;nan;nan;nan;28576;1;0;0;0;0;0;0
153;1;1;1;IDLE;0.000;0.000;1.000;20395.819714;20395.823131;20395.856918;20395.916481;792789;792789;792789;9910;18;12684624;12684664;100.000;598.240;598.240;5.706;6.247;3044.319;4.462;0.000;0.000;5.154;7.146;0.003;16.762;16.762;72.146;93.350;33.787;17.956;49.612;2.142;0.771;0.442;1.760;0.039;3.417;96.767;87.538;34.310;0.976;1.865;0.976;0.002;0.279;5.266;0.158;0;2;34.342;34.344;nan;nan;nan;23688;1;0;0;0;0;0;0
154;1;1;1;IDLE;0.000;0.000;1.000;20395.853183;20395.856287;20395.893078;20395.951124;792309;792309;792309;9904;18;12676944;12676984;100.000;603.475;603.475;5.526;6.066;3042.476;4.389;0.000;0.000;6.785;8.209;0.001;19.382;19.382;73.830;94.837;36.791;20.438;52.682;3.487;1.087;0.441;1.731;0.038;3.104;97.941;88.848;33.156;0.178;1.759;0.178;0.002;0.788;5.652;0.170;0;2;31.607;31.610;nan;nan;nan;22936;1;0;0;0;0;0;0
155;1;1;1;IDLE;0.000;0.000;1.000;20395.886678;20395.889798;20395.925952;20395.951181;791925;791925;791925;9900;19;12670800;12670840;100.000;579.971;579.971;6.022;6.594;3041.002;4.271;0.000;0.000;4.809;9.018;0.002;18.099;18.099;39.536;61.383;36.154;29.485;50.060;2.160;0.771;0.456;1.392;0.030;3.120;64.503;55.571;33.511;0.178;1.661;0.178;0.002;0.475;5.445;0.163;0;2;34.186;34.188;nan;nan;nan;25004;1;0;0;0;0;0;0
156;1;1;1;IDLE;0.000;0.000;1.000;20395.920841;20395.924592;20395.962043;20396.015928;793795;793795;793795;9923;22;12700720;12700760;100.000;612.700;612.700;6.924;7.590;3048.182;4.260;0.000;0.000;5.769;10.026;0.003;20.056;20.056;70.606;91.336;37.451;21.959;53.553;3.123;0.759;0.439;1.412;0.036;3.751;95.087;86.985;34.794;1.461;1.648;1.461;0.002;0.922;5.531;0.166;0;2;30.123;30.125;nan;nan;nan;28764;1;0;0;0;0;0;0
157;1;1;1;IDLE;0.000;0.000;1.000;20395.952353;20395.955539;20395.989214;20396.050706;793460;793460;793460;9919;22;12695360;12695400;100.000;607.556;607.556;6.789;7.454;3046.896;3.976;0.000;0.000;5.110;7.168;0.001;16.253;16.253;74.271;95.167;33.675;17.079;48.266;2.231;0.787;0.475;1.586;0.030;3.185;98.352;88.429;30.947;2.386;1.694;2.386;0.002;0.498;5.429;0.163;0;2;33.879;33.880;nan;nan;nan;28200;1;0;0;0;0;0;0
158;1;1;1;IDLE;0.000;0.000;1.000;20395.986372;20395.990997;20396.024183;20396.081433;795527;795527;795527;9945;22;12728432;12728472;100.000;640.913;640.913;6.789;7.454;3054.833;4.288;0.000;0.000;5.050;8.021;0.002;17.358;17.358;70.576;90.436;33.186;19.194;52.305;2.259;0.766;0.460;1.533;0.032;4.624;95.061;85.823;35.458;2.124;1.721;2.124;0.003;0.252;5.337;0.160;0;2;34.539;34.540;nan;nan;nan;28200;1;0;0;0;0;0;0
159;1;1;1;IDLE;0.000;0.000;1.000;20396.019715;20396.023113;20396.060271;20396.109450;798776;798776;798776;9985;23;12780416;12780456;100.000;595.852;595.852;7.060;7.756;3067.309;4.263;0.000;0.000;6.108;9.022;0.002;19.394;19.394;64.887;86.337;37.158;22.463;52.193;3.454;0.758;0.441;1.420;0.036;3.398;89.735;80.507;32.116;1.217;1.690;1.217;0.002;0.575;5.535;0.166;0;2;30.180;30.181;nan;nan;nan;29328;1;0;0;0;0;0;0
160;1;1;1;IDLE;0.000;0.000;1.000;20396.052739;20396.056017;20396.088417;20396.109499;799362;799362;799362;9993;22;12789792;12789832;100.000;617.282;617.282;6.970;7.635;3069.560;4.168;0.000;0.000;4.675;6.976;0.001;15.819;15.819;32.762;53.482;32.399;29.578;48.825;2.024;0.769;0.453;1.399;0.030;3.278;56.760;47.222;32.904;0.429;1.611;0.429;0.002;0.026;5.323;0.160;0;2;28.001;28.005;nan;nan;nan;28952;1;0;0;0;0;0;0
161;1;1;1;IDLE;0.000;0.000;1.000;20396.086640;20396.091870;20396.125419;20396.181555;789777;789777;789777;9873;23;12636432;12636472;100.000;658.738;658.738;7.015;7.711;3032.753;4.432;0.000;0.000;5.285;9.022;0.004;18.739;18.739;70.502;89.684;33.549;20.894;55.856;2.637;0.766;0.463;1.390;0.029;5.230;94.915;85.945;35.853;2.520;1.668;2.520;0.009;0.049;5.317;0.159;0;1;34.373;34.374;nan;nan;nan;29140;1;0;0;0;0;0;0
162;1;1;1;IDLE;0.000;0.000;1.000;20396.121764;20396.127363;20396.160225;20396.209646;790930;790930;790930;9887;22;12654880;12654920;100.000;667.907;667.907;6.834;7.500;3037.181;3.981;0.000;0.000;4.433;8.742;0.002;17.156;17.156;63.336;82.283;32.862;20.849;52.205;1.829;0.747;0.436;1.389;0.031;5.599;87.882;80.703;35.493;2.159;1.698;2.159;0.002;0.738;5.101;0.153;0;2;30.068;30.069;nan;nan;nan;28388;1;0;0;0;0;0;0
163;1;1;1;IDLE;0.000;0.000;1.000;20396.152395;20396.155904;20396.188316;20396.250646;793734;793734;793734;9922;23;12699744;12699784;100.000;624.035;624.035;7.150;7.847;3047.948;3.869;0.000;0.000;4.744;6.839;0.002;15.452;15.452;74.390;94.741;32.411;16.310;47.675;2.088;0.761;0.457;1.408;0.030;3.509;98.250;88.369;28.541;4.792;1.892;4.792;0.003;0.474;5.014;0.150;0;2;28.165;28.167;nan;nan;nan;29704;1;0;0;0;0;0;0
164;1;1;1;IDLE;0.000;0.000;1.000;20396.186604;20396.191621;20396.226657;20396.281412;792883;792883;792883;9912;23;12686128;12686168;100.000;661.065;661.065;7.240;7.937;3044.680;4.291;0.000;0.000;5.694;10.005;0.003;19.989;19.989;70.600;89.790;35.036;22.262;57.053;3.045;0.774;0.458;1.388;0.029;5.017;94.807;85.802;35.717;2.384;1.922;2.384;0.002;0.145;5.191;0.156;0;1;33.989;33.990;nan;nan;nan;30080;1;0;0;0;0;0;0
165;1;1;1;IDLE;0.000;0.000;1.000;20396.221621;20396.226821;20396.258733;20396.317398;791299;791299;791299;9892;24;12660784;12660824;100.000;653.565;653.565;7.376;8.103;3038.598;4.104;0.000;0.000;4.424;8.019;0.002;16.546;16.546;71.205;90.577;31.911;18.268;51.850;1.806;0.751;0.439;1.401;0.027;5.200;95.777;88.455;35.200;1.867;1.919;1.867;0.002;0.095;5.003;0.150;0;2;30.695;30.696;nan;nan;nan;30644;1;0;0;0;0;0;0
166;1;1;1;IDLE;0.000;0.000;1.000;20396.252605;20396.255589;20396.289806;20396.318058;789485;789485;789485;9869;101;12631760;12631800;100.000;605.418;605.418;31.921;35.051;3031.632;4.022;0.000;0.000;4.938;8.018;0.008;16.979;16.979;41.604;62.469;34.217;27.179;49.621;2.244;0.793;0.477;1.393;0.031;2.984;65.453;55.781;28.768;4.566;2.084;4.566;0.002;0.393;4.990;0.150;0;2;35.606;35.609;nan;nan;nan;132916;1;0;0;0;0;0;0
167;1;1;1;IDLE;0.000;0.000;1.000;20396.286240;20396.290944;20396.326894;20396.384187;789977;789977;789977;9875;23;12639632;12639672;100.000;643.992;643.992;7.060;7.756;3033.521;4.421;0.000;0.000;6.780;9.022;0.002;20.223;20.223;73.616;93.243;35.950;21.688;56.253;3.759;0.744;0.441;1.801;0.035;4.704;97.947;88.578;35.355;2.022;2.081;2.022;0.002;0.518;5.446;0.163;0;2;30.815;30.816;nan;nan;nan;29328;1;0;0;0;0;0;0
168;1;1;1;IDLE;0.000;0.000;1.000;20396.319624;20396.323076;20396.355646;20396.416145;791598;791598;791598;9895;19;12665568;12665608;100.000;610.640;610.640;6.022;6.594;3039.746;4.162;0.000;0.000;4.852;6.701;0.002;15.715;15.715;72.328;93.070;32.570;16.886;48.251;2.072;0.776;0.478;1.495;0.031;3.452;96.521;87.202;32.131;1.202;2.026;1.202;0.002;0.271;5.301;0.159;0;2;35.239;35.240;nan;nan;nan;25004;1;0;0;0;0;0;0
169;1;1;1;IDLE;0.000;0.000;1.000;20396.353134;20396.356962;20396.393381;20396.450803;795034;795034;795034;9938;20;12720544;12720584;100.000;610.301;610.301;6.067;6.670;3052.940;4.364;0.000;0.000;6.330;8.349;0.001;19.043;19.043;72.997;93.840;36.419;20.293;52.289;3.672;0.746;0.440;1.439;0.033;3.829;97.669;88.526;33.886;0.553;1.934;0.553;0.002;0.893;5.567;0.167;0;2;31.110;31.112;nan;nan;nan;25192;1;0;0;0;0;0;0
170;1;1;1;IDLE;0.000;0.000;1.000;20396.386033;20396.389533;20396.422993;20396.482329;794863;794863;794863;9936;20;12717808;12717848;100.000;612.043;612.043;6.203;6.805;3052.284;3.912;0.000;0.000;5.461;6.825;0.003;16.198;16.198;72.017;92.796;33.461;17.456;48.410;2.312;0.913;0.458;1.747;0.031;3.499;96.296;86.719;32.570;0.763;1.860;0.763;0.009;0.385;5.544;0.166;0;2;34.631;34.632;nan;nan;nan;25756;1;0;0;0;0;0;0
171;1;1;1;IDLE;0.000;0.000;1.000;20396.419927;20396.423360;20396.460204;20396.511391;794885;794885;794885;9937;21;12718160;12718200;100.000;601.172;601.172;6.518;7.152;3052.368;4.230;0.000;0.000;6.255;9.019;0.002;19.504;19.504;66.876;88.032;36.844;22.156;52.937;3.630;0.751;0.440;1.398;0.035;3.433;91.464;82.448;33.827;0.494;1.775;0.494;0.002;0.412;5.727;0.172;0;2;31.139;31.140;nan;nan;nan;27072;1;0;0;0;0;0;0
172;1;1;1;IDLE;0.000;0.000;1.000;20396.452653;20396.455780;20396.489250;20396.550342;788905;788905;788905;9862;21;12622480;12622520;100.000;599.641;599.641;6.609;7.243;3029.405;4.120;0.000;0.000;4.770;6.993;0.002;15.883;15.883;73.512;94.562;33.470;16.796;47.454;2.094;0.758;0.458;1.430;0.030;3.127;97.689;88.066;32.420;0.913;1.721;0.913;0.002;0.653;5.491;0.165;0;2;29.130;29.132;nan;nan;nan;27448;1;0;0;0;0;0;0
173;1;1;1;IDLE;0.000;0.000;1.000;20396.486639;20396.490710;20396.527723;20396.581276;787376;787376;787376;9843;21;12598016;12598056;100.000;607.471;607.471;6.518;7.152;3023.533;4.329;0.000;0.000;5.963;9.376;0.002;19.668;19.668;69.828;90.567;37.013;21.717;53.139;3.251;0.764;0.459;1.455;0.035;4.071;94.637;85.667;34.930;1.596;1.713;1.596;0.002;0.932;5.614;0.168;0;1;31.992;31.993;nan;nan;nan;27072;1;0;0;0;0;0;0
174;1;1;1;IDLE;0.000;0.000;1.000;20396.520497;20396.525699;20396.559440;20396.609628;791921;791921;791921;9900;22;12670736;12670776;100.000;636.372;636.372;6.879;7.545;3040.986;4.492;0.000;0.000;4.701;9.023;0.002;18.216;18.216;64.018;83.928;33.741;21.704;53.987;2.051;0.765;0.451;1.407;0.026;5.202;89.130;80.684;34.989;1.656;1.710;1.656;0.003;0.103;5.391;0.162;0;2;30.856;30.857;nan;nan;nan;28576;1;0;0;0;0;0;0
175;1;1;1;IDLE;0.000;0.000;1.000;20396.552982;20396.556277;20396.588154;20396.646002;785044;785044;785044;9814;22;12560704;12560744;100.000;625.557;625.557;6.789;7.454;3014.579;4.214;0.000;0.000;4.900;6.666;0.002;15.780;15.780;69.646;89.725;31.877;17.587;49.503;2.084;0.764;0.481;1.540;0.030;3.295;93.020;83.726;30.578;2.755;1.775;2.755;0.002;0.229;5.271;0.158;0;2;28.133;28.136;nan;nan;nan;28200;1;0;0;0;0;0;0
176;1;1;1;IDLE;0.000;0.000;1.000;20396.586140;20396.590793;20396.626598;20396.682447;785759;785759;785759;9822;22;12572144;12572184;100.000;643.126;643.126;6.744;7.409;3017.324;4.330;0.000;0.000;5.777;10.002;0.001;20.108;20.108;72.105;91.654;35.805;21.940;56.161;3.132;0.765;0.459;1.391;0.030;4.653;96.306;86.837;34.516;1.183;1.738;1.183;0.002;0.475;5.405;0.162;0;1;29.402;29.403;nan;nan;nan;28012;1;0;0;0;0;0;0
177;1;1;1;IDLE;0.000;0.000;1.000;20396.621844;20396.627299;20396.658961;20396.715590;782963;782963;782963;9788;22;12527408;12527448;100.000;667.910;667.910;6.970;7.635;3006.588;4.134;0.000;0.000;4.280;8.309;0.001;16.722;16.722;69.535;88.291;31.662;18.940;52.815;1.591;0.759;0.464;1.438;0.028;5.455;93.746;86.647;36.506;3.173;1.828;3.173;0.002;0.315;5.129;0.154;0;1;31.792;31.793;nan;nan;nan;28952;1;0;0;0;0;0;0
178;1;1;1;IDLE;0.000;0.000;1.000;20396.653117;20396.658091;20396.689343;20396.749111;783666;783666;783666;9796;21;12538656;12538696;100.000;625.817;625.817;6.609;7.243;3009.287;4.329;0.000;0.000;4.302;6.618;0.001;15.249;15.249;70.984;91.020;31.252;16.753;48.794;1.691;0.759;0.433;1.394;0.025;4.974;95.994;86.835;30.792;2.541;1.872;2.541;0.002;0.294;4.925;0.148;0;2;32.862;32.864;nan;nan;nan;27448;1;0;0;0;0;0;0
179;1;1;1;IDLE;0.000;0.000;1.000;20396.686204;20396.689556;20396.722497;20396.782075;786714;786714;786714;9834;22;12587424;12587464;100.000;621.721;621.721;6.699;7.364;3020.991;4.315;0.000;0.000;5.758;6.693;0.001;16.766;16.766;72.273;92.519;32.941;18.122;50.897;3.159;0.740;0.437;1.390;0.032;3.351;95.871;86.465;31.464;1.869;1.872;1.869;0.011;0.232;5.136;0.154;0;2;33.305;33.306;nan;nan;nan;27824;1;0;0;0;0;0;0
180;1;1;1;IDLE;0.000;0.000;1.000;20396.719616;20396.723298;20396.757906;20396.816624;787583;787583;787583;9845;21;12601328;12601368;100.000;630.268;630.268;6.428;7.062;3024.328;4.257;0.000;0.000;5.797;8.023;0.001;18.077;18.077;73.333;93.326;34.609;19.370;52.233;3.110;0.748;0.431;1.479;0.031;3.682;97.008;87.681;33.742;0.409;1.781;0.409;0.002;0.792;5.305;0.159;0;2;32.189;32.189;nan;nan;nan;26696;1;0;0;0;0;0;0
181;1;1;1;IDLE;0.000;0.000;1.000;20396.753427;20396.757046;20396.792010;20396.850008;793719;793719;793719;9922;104;12699504;12699544;100.000;632.505;632.505;32.598;35.821;3047.891;3.977;0.000;0.000;4.930;9.042;0.008;17.948;17.948;72.884;92.962;34.964;19.307;51.334;2.009;0.747;0.449;1.695;0.030;3.619;96.581;87.732;33.748;0.415;1.695;0.415;0.002;0.911;5.214;0.156;0;2;33.652;33.655;nan;nan;nan;135736;1;0;0;0;0;0;0
182;1;1;1;IDLE;0.000;0.000;1.000;20396.786472;20396.790742;20396.826071;20396.881459;792329;792329;792329;9905;21;12677264;12677304;100.000;625.523;625.523;6.518;7.152;3042.553;4.269;0.000;0.000;5.584;9.030;0.003;18.883;18.883;70.450;90.717;35.329;20.815;53.448;2.957;0.754;0.439;1.393;0.040;4.271;94.987;85.849;33.697;0.363;1.612;0.363;0.002;0.446;5.311;0.159;0;2;32.963;32.964;nan;nan;nan;27072;1;0;0;0;0;0;0
183;1;1;1;IDLE;0.000;0.000;1.000;20396.819488;20396.822700;20396.858139;20396.910329;801464;801464;801464;10019;17;12823424;12823464;100.000;599.688;599.688;5.300;5.809;3077.631;4.284;0.000;0.000;5.892;8.019;0.002;18.194;18.194;66.245;87.629;35.439;20.763;51.339;3.260;0.758;0.442;1.391;0.040;3.212;90.841;81.386;31.957;1.376;1.597;1.376;0.002;0.143;5.462;0.164;0;2;31.335;31.336;nan;nan;nan;21996;1;0;0;0;0;0;0
184;1;1;1;IDLE;0.000;0.000;1.000;20396.852903;20396.856807;20396.889298;20396.949997;796948;796948;796948;9962;18;12751168;12751208;100.000;639.714;639.714;5.436;5.976;3060.290;4.213;0.000;0.000;4.698;7.102;0.002;16.013;16.013;73.257;93.190;32.491;17.183;49.283;2.044;0.755;0.435;1.434;0.029;3.904;97.094;87.721;34.108;0.774;1.546;0.774;0.002;0.755;5.274;0.158;0;2;28.127;28.130;nan;nan;nan;22560;1;0;0;0;0;0;0
185;1;1;1;IDLE;0.000;0.000;1.000;20396.886742;20396.891653;20396.926049;20396.982830;802598;802598;802598;10033;21;12841568;12841608;100.000;649.206;649.206;6.383;7.017;3081.986;4.231;0.000;0.000;4.839;8.767;0.002;17.837;17.837;71.397;91.178;34.396;19.563;51.858;2.193;0.770;0.453;1.395;0.028;4.911;96.089;87.221;34.845;1.512;1.544;1.512;0.002;1.007;5.168;0.155;0;1;32.712;32.713;nan;nan;nan;26508;1;0;0;0;0;0;0
186;1;1;1;IDLE;0.000;0.000;1.000;20396.921911;20396.927014;20396.958141;20397.018770;797039;797039;797039;9963;22;12752624;12752664;100.000;678.449;678.449;6.879;7.545;3060.639;3.921;0.000;0.000;4.158;7.787;0.002;15.867;15.867;72.959;91.756;31.127;17.292;50.974;1.553;0.756;0.434;1.388;0.027;5.103;96.859;89.827;35.361;2.028;1.574;2.028;0.002;0.382;4.920;0.148;0;2;32.474;32.475;nan;nan;nan;28576;1;0;0;0;0;0;0
187;1;1;1;IDLE;0.000;0.000;1.000;20396.952979;20396.956391;20396.990724;20397.050656;797511;797511;797511;9969;22;12760176;12760216;100.000;618.287;618.287;6.834;7.500;3062.452;4.375;0.000;0.000;5.782;7.287;0.002;17.445;17.445;73.627;94.265;34.334;18.506;50.810;3.160;0.761;0.437;1.392;0.032;3.412;97.677;88.380;29.377;3.957;1.723;3.957;0.002;0.623;5.138;0.154;0;2;35.329;35.330;nan;nan;nan;28388;1;0;0;0;0;0;0
188;1;1;1;IDLE;0.000;0.000;1.000;20396.986559;20396.990073;20397.029566;20397.083082;794879;794879;794879;9936;21;12718064;12718104;100.000;590.279;590.279;6.518;7.152;3052.345;4.239;0.000;0.000;7.116;10.048;0.003;21.402;21.402;71.463;93.010;39.493;23.011;54.192;4.434;0.749;0.438;1.459;0.035;3.514;96.523;87.473;33.682;0.349;1.637;0.349;0.009;0.773;5.637;0.169;0;2;31.133;31.135;nan;nan;nan;27072;1;0;0;0;0;0;0
189;1;1;1;IDLE;0.000;0.000;1.000;20397.018720;20397.021924;20397.058609;20397.116453;793590;793590;793590;9920;21;12697440;12697480;100.000;616.769;616.769;6.609;7.243;3047.395;4.068;0.000;0.000;4.824;11.028;0.002;19.920;19.920;73.942;94.530;36.685;21.073;54.301;2.162;0.778;0.453;1.401;0.030;3.204;97.733;87.510;31.851;1.483;1.627;1.483;0.003;0.242;5.437;0.163;0;2;35.498;35.499;nan;nan;nan;27448;1;0;0;0;0;0;0
190;1;1;1;IDLE;0.000;0.000;1.000;20397.053026;20397.056050;20397.091512;20397.149863;788938;788938;788938;9862;22;12623008;12623048;100.000;594.071;594.071;6.789;7.454;3029.532;4.104;0.000;0.000;5.764;7.837;0.002;17.705;17.705;72.565;93.813;35.462;18.873;49.928;3.150;0.755;0.434;1.393;0.032;3.024;96.838;87.587;34.126;0.793;1.575;0.793;0.002;0.609;5.521;0.166;0;2;32.775;32.776;nan;nan;nan;28200;1;0;0;0;0;0;0
191;1;1;1;IDLE;0.000;0.000;1.000;20397.087166;20397.091023;20397.124766;20397.183821;784846;784846;784846;9811;22;12557536;12557576;100.000;612.371;612.371;6.699;7.364;3013.818;4.254;0.000;0.000;4.903;8.020;0.003;17.178;17.178;72.292;92.798;33.743;18.511;50.907;2.097;0.751;0.461;1.565;0.029;3.856;96.655;88.211;34.973;1.639;1.579;1.639;0.002;0.310;5.369;0.161;0;2;33.115;33.115;nan;nan;nan;27824;1;0;0;0;0;0;0
192;1;1;1;IDLE;0.000;0.000;1.000;20397.119845;20397.122995;20397.158846;20397.217235;788004;788004;788004;9851;22;12608064;12608104;100.000;600.910;600.910;6.744;7.409;3025.945;4.306;0.000;0.000;5.866;8.012;0.003;18.185;18.185;73.258;94.240;35.851;19.296;50.723;3.252;0.756;0.433;1.394;0.031;3.150;97.390;88.292;31.972;1.361;1.566;1.361;0.002;0.988;5.496;0.165;0;2;32.981;32.984;nan;nan;nan;28012;1;0;0;0;0;0;0
193;1;1;1;IDLE;0.000;0.000;1.000;20397.153614;20397.156900;20397.191902;20397.249488;795964;795964;795964;9950;21;12735424;12735464;100.000;583.065;583.065;6.428;7.062;3056.511;4.213;0.000;0.000;5.043;7.996;0.003;17.252;17.252;70.746;92.588;35.003;18.633;49.286;2.301;0.756;0.453;1.500;0.033;3.286;95.874;87.212;33.905;0.572;1.504;0.572;0.003;0.118;5.388;0.162;0;2;33.324;33.326;nan;nan;nan;26696;1;0;0;0;0;0;0
194;1;1;1;IDLE;0.000;0.000;1.000;20397.186563;20397.189859;20397.226179;20397.285014;799207;799207;799207;9991;21;12787312;12787352;100.000;606.581;606.581;6.473;7.107;3068.964;4.248;0.000;0.000;6.263;8.193;0.002;18.704;18.704;74.074;95.155;36.321;19.656;51.497;3.625;0.759;0.435;1.395;0.049;3.296;98.451;89.404;32.959;0.375;1.433;0.375;0.002;0.780;5.612;0.168;0;2;31.497;31.498;nan;nan;nan;26884;1;0;0;0;0;0;0
195;1;1;1;IDLE;0.000;0.000;1.000;20397.219775;20397.222872;20397.257310;20397.316363;799402;799402;799402;9993;22;12790432;12790472;100.000;587.759;587.759;6.924;7.590;3069.713;4.278;0.000;0.000;4.828;7.243;0.002;16.350;16.350;71.729;93.491;34.437;17.488;47.476;2.182;0.772;0.445;1.398;0.030;3.097;96.588;87.420;33.014;0.319;1.363;0.319;0.002;0.602;5.420;0.163;0;2;34.943;34.945;nan;nan;nan;28764;1;0;0;0;0;0;0
196;1;1;1;IDLE;0.000;0.000;1.000;20397.253829;20397.257324;20397.293595;20397.349299;800483;800483;800483;10007;104;12807728;12807768;100.000;590.750;590.750;32.598;35.821;3073.864;4.439;0.000;0.000;5.967;8.452;0.007;18.858;18.858;70.295;91.975;36.272;20.503;51.991;3.246;0.751;0.435;1.500;0.035;3.495;95.470;87.023;34.451;1.118;1.348;1.118;0.010;0.161;5.562;0.167;0;2;31.215;31.217;nan;nan;nan;135736;1;0;0;0;0;0;0
197;1;1;1;IDLE;0.000;0.000;1.000;20397.285878;20397.289120;20397.325233;20397.384184;798336;798336;798336;9980;21;12773376;12773416;100.000;599.425;599.425;6.518;7.152;3065.620;3.991;0.000;0.000;5.033;9.013;0.001;18.037;18.037;73.754;95.064;36.113;18.974;49.946;2.133;0.776;0.464;1.629;0.030;3.242;98.306;88.574;31.796;1.537;1.360;1.537;0.002;0.754;5.433;0.163;0;2;33.076;33.077;nan;nan;nan;27072;1;0;0;0;0;0;0
198;1;1;1;IDLE;0.000;0.000;1.000;20397.319734;20397.323066;20397.357639;20397.415331;798454;798454;798454;9981;17;12775264;12775304;100.000;612.009;612.009;5.300;5.809;3066.073;4.375;0.000;0.000;5.334;7.339;0.002;17.048;17.048;71.390;92.265;34.573;18.478;49.311;2.445;0.770;0.456;1.632;0.032;3.332;95.597;86.388;33.946;0.613;1.313;0.613;0.002;1.022;5.412;0.162;0;2;33.880;33.882;nan;nan;nan;21996;1;0;0;0;0;0;0
199;1;1;1;IDLE;0.000;0.000;1.000;20397.353280;20397.356658;20397.392653;20397.443564;800770;800770;800770;10010;17;12812320;12812360;100.000;591.425;591.425;5.165;5.674;3074.966;4.472;0.000;0.000;5.824;8.278;0.001;18.573;18.573;65.242;86.906;35.995;21.372;51.600;3.205;0.755;0.433;1.397;0.033;3.378;90.284;81.287;33.592;0.259;1.247;0.259;0.002;0.227;5.522;0.166;0;2;30.951;30.953;nan;nan;nan;21432;1;0;0;0;0;0;0
200;1;1;1;IDLE;0.000;0.000;1.000;20397.385872;20397.389090;20397.422576;20397.484764;802378;802378;802378;10030;19;12838048;12838088;100.000;617.935;617.935;5.842;6.413;3081.141;4.162;0.000;0.000;5.444;7.128;0.002;16.735;16.735;74.898;95.674;33.486;17.491;49.975;2.777;0.792;0.452;1.392;0.031;3.218;98.893;89.154;32.432;0.901;1.226;0.901;0.002;0.135;5.505;0.165;0;2;28.112;28.114;nan;nan;nan;24252;1;0;0;0;0;0;0
201;1;1;1;IDLE;0.000;0.000;1.000;20397.420139;20397.425334;20397.460551;20397.516740;805285;805285;805285;10067;21;12884560;12884600;100.000;660.925;660.925;6.518;7.152;3092.304;4.351;0.000;0.000;5.784;9.012;0.002;19.147;19.147;71.910;91.405;35.217;20.948;54.370;3.050;0.783;0.461;1.458;0.032;5.195;96.601;87.796;36.244;2.911;1.331;2.911;0.002;0.923;5.580;0.167;0;1;33.220;33.222;nan;nan;nan;27072;1;0;0;0;0;0;0
202;1;1;1;IDLE;0.000;0.000;1.000;20397.454313;20397.459225;20397.494735;20397.516792;803318;803318;803318;10042;21;12853088;12853128;100.000;619.139;619.139;6.654;7.288;3084.751;4.159;0.000;0.000;4.747;9.122;0.001;18.029;18.029;36.807;57.567;35.510;31.317;50.771;1.680;0.764;0.463;1.808;0.033;4.912;62.479;54.516;33.891;0.557;1.283;0.557;0.002;0.878;5.377;0.161;0;2;31.123;31.124;nan;nan;nan;27636;1;0;0;0;0;0;0
203;1;1;1;IDLE;0.000;0.000;1.000;20397.486252;20397.489660;20397.523110;20397.590960;802036;802036;802036;10026;23;12832576;12832616;100.000;604.377;604.377;7.015;7.711;3079.828;4.259;0.000;0.000;4.866;7.189;0.002;16.315;16.315;80.068;101.300;33.451;16.105;48.773;2.091;0.793;0.477;1.474;0.031;3.408;104.708;95.351;30.435;2.899;1.384;2.899;0.002;0.159;5.252;0.158;0;2;26.924;26.926;nan;nan;nan;29140;1;0;0;0;0;0;0
204;1;1;1;IDLE;0.000;0.000;1.000;20397.528213;20397.533320;20397.570751;20397.619605;810228;810228;810228;10128;22;12963648;12963688;100.000;758.870;758.870;6.789;7.454;3111.285;4.031;0.000;0.000;7.392;11.962;0.002;23.385;23.385;69.202;86.285;37.431;27.102;62.475;4.491;0.793;0.441;1.583;0.084;5.107;91.392;90.662;43.660;10.327;1.943;10.327;0.003;0.989;5.791;0.174;0;1;32.166;32.169;nan;nan;nan;28200;1;0;0;0;0;0;0
205;1;1;1;IDLE;0.000;0.000;1.000;20397.554677;20397.558248;20397.601885;20397.650097;808185;808185;808185;10103;21;12930960;12931000;100.000;611.718;611.718;6.473;7.107;3103.440;4.500;0.000;0.000;4.792;17.037;0.004;26.329;26.329;70.710;91.849;43.636;28.665;60.337;2.136;0.782;0.449;1.400;0.025;3.571;95.420;87.821;24.928;8.405;2.346;8.405;0.009;0.659;5.547;0.166;0;2;34.752;34.755;nan;nan;nan;26884;1;0;0;0;0;0;0
206;1;1;1;IDLE;0.000;0.000;1.000;20397.585761;20397.588773;20397.628949;20397.650182;815223;815223;815223;10191;21;13043568;13043608;100.000;664.781;664.781;6.654;7.288;3130.466;3.271;0.000;0.000;4.924;15.035;0.002;23.230;23.230;41.788;61.409;40.177;37.829;57.820;2.198;0.797;0.457;1.443;0.029;3.011;64.420;54.572;30.524;2.809;2.375;2.809;0.002;0.594;5.395;0.162;0;2;36.175;36.177;nan;nan;nan;27636;1;0;0;0;0;0;0
207;1;1;1;IDLE;0.000;0.000;1.000;20397.620129;20397.623336;20397.658017;20397.715200;799426;799426;799426;9993;21;12790816;12790856;100.000;605.445;605.445;6.654;7.288;3069.805;3.975;0.000;0.000;4.744;8.020;0.003;16.739;16.739;70.737;91.864;34.681;18.222;48.267;2.053;0.777;0.461;1.423;0.030;3.207;95.071;86.257;34.563;1.230;2.304;1.230;0.002;0.786;5.235;0.157;0;2;34.247;34.248;nan;nan;nan;27636;1;0;0;0;0;0;0
208;1;1;1;IDLE;0.000;0.000;1.000;20397.653803;20397.657145;20397.693761;20397.750650;790320;790320;790320;9879;21;12645120;12645160;100.000;600.550;600.550;6.518;7.152;3034.838;4.535;0.000;0.000;6.013;8.680;0.002;19.228;19.228;72.449;93.505;36.616;20.563;52.512;3.319;0.761;0.439;1.457;0.037;3.342;96.847;88.374;33.809;0.476;2.190;0.476;0.002;0.864;5.435;0.163;0;2;30.115;30.117;nan;nan;nan;27072;1;0;0;0;0;0;0
209;1;1;1;IDLE;0.000;0.000;1.000;20397.685926;20397.689094;20397.722068;20397.782088;795945;795945;795945;9950;21;12735120;12735160;100.000;603.662;603.662;6.428;7.062;3056.438;4.210;0.000;0.000;4.913;6.843;0.002;15.966;15.966;71.897;92.993;32.974;17.169;48.422;2.146;0.793;0.490;1.454;0.030;3.169;96.162;86.478;31.949;1.384;2.139;1.384;0.003;0.118;5.307;0.159;0;2;35.421;35.422;nan;nan;nan;26696;1;0;0;0;0;0;0
210;1;1;1;IDLE;0.000;0.000;1.000;20397.719549;20397.723896;20397.760260;20397.817363;792891;792891;792891;9912;22;12686256;12686296;100.000;625.324;625.324;6.744;7.409;3044.711;4.315;0.000;0.000;6.433;9.020;0.002;19.768;19.768;73.179;93.467;36.364;21.149;54.361;3.757;0.747;0.438;1.457;0.034;4.347;97.814;88.420;34.802;1.469;2.097;1.469;0.002;0.620;5.594;0.168;0;2;30.845;30.846;nan;nan;nan;28012;1;0;0;0;0;0;0
211;1;1;1;IDLE;0.000;0.000;1.000;20397.752659;20397.755938;20397.790329;20397.848524;797320;797320;797320;9967;104;12757120;12757160;100.000;600.385;600.385;32.733;35.957;3061.718;4.206;0.000;0.000;4.884;8.024;0.009;17.114;17.114;71.337;92.586;34.391;18.485;49.764;2.104;0.788;0.488;1.476;0.029;3.279;95.864;86.247;32.042;1.292;2.047;1.292;0.002;0.232;5.419;0.163;0;2;35.053;35.056;nan;nan;nan;136300;1;0;0;0;0;0;0
212;1;1;1;IDLE;0.000;0.000;1.000;20397.786326;20397.790392;20397.827328;20397.884040;805214;805214;805214;10066;21;12883424;12883464;100.000;617.742;617.742;6.428;7.062;3092.031;4.302;0.000;0.000;6.081;9.938;0.001;20.321;20.321;72.792;93.648;36.936;21.699;55.016;3.413;0.763;0.439;1.433;0.032;4.066;97.714;88.430;34.454;1.120;1.989;1.120;0.002;0.060;5.590;0.168;0;2;31.130;31.131;nan;nan;nan;26696;1;0;0;0;0;0;0
213;1;1;1;IDLE;0.000;0.000;1.000;20397.819216;20397.822518;20397.856599;20397.915492;797126;797126;797126;9965;16;12754016;12754056;100.000;602.480;602.480;5.029;5.508;3060.973;4.111;0.000;0.000;4.816;7.136;0.003;16.063;16.063;71.805;92.974;34.082;17.276;47.130;2.152;0.774;0.463;1.399;0.029;3.301;96.275;86.549;32.126;1.208;1.940;1.208;0.002;0.958;5.399;0.162;0;2;34.573;34.574;nan;nan;nan;20868;1;0;0;0;0;0;0
214;1;1;1;IDLE;0.000;0.000;1.000;20397.853282;20397.857421;20397.893567;20397.944607;803136;803136;803136;10040;14;12850176;12850216;100.000;607.916;607.916;4.217;4.633;3084.052;4.468;0.000;0.000;5.435;9.018;0.002;18.922;18.922;66.047;87.186;36.146;21.703;52.348;2.808;0.758;0.435;1.402;0.032;4.139;91.325;82.331;34.904;1.571;1.917;1.571;0.015;0.538;5.413;0.162;0;2;30.939;30.940;nan;nan;nan;17484;1;0;0;0;0;0;0
215;1;1;1;IDLE;0.000;0.000;1.000;20397.885989;20397.889286;20397.922890;20397.983859;809297;809297;809297;10117;19;12948752;12948792;100.000;616.363;616.363;5.932;6.504;3107.710;4.180;0.000;0.000;5.177;7.269;0.001;16.625;16.625;73.564;94.573;33.603;17.579;49.475;2.401;0.812;0.493;1.439;0.033;3.297;97.870;88.249;31.865;1.468;1.889;1.468;0.002;0.146;5.357;0.161;0;2;28.982;28.983;nan;nan;nan;24628;1;0;0;0;0;0;0
216;1;1;1;IDLE;0.000;0.000;1.000;20397.919696;20397.924771;20397.961726;20398.016256;808156;808156;808156;10102;21;12930496;12930536;100.000;626.259;626.259;6.564;7.198;3103.329;4.524;0.000;0.000;5.901;10.020;0.002;20.445;20.445;70.837;91.485;36.955;22.348;55.323;3.230;0.777;0.455;1.404;0.036;5.075;96.560;87.313;35.484;2.151;1.905;2.151;0.002;0.384;5.498;0.165;0;1;32.150;32.151;nan;nan;nan;27260;1;0;0;0;0;0;0
217;1;1;1;IDLE;0.000;0.000;1.000;20397.952671;20397.958036;20397.991800;20398.050972;810355;810355;810355;10130;22;12965680;12965720;100.000;630.749;630.749;6.879;7.545;3111.773;4.703;0.000;0.000;4.306;8.021;0.001;17.030;17.030;72.380;92.936;33.764;18.325;50.440;1.644;0.791;0.455;1.390;0.026;5.365;98.301;88.696;33.265;0.068;1.791;0.068;0.002;0.878;5.203;0.156;0;2;32.474;32.475;nan;nan;nan;28576;1;0;0;0;0;0;0
218;1;1;1;IDLE;0.000;0.000;1.000;20397.986042;20397.989361;20398.024877;20398.051042;810211;810211;810211;10128;22;12963376;12963416;100.000;596.647;596.647;6.970;7.635;3111.220;4.285;0.000;0.000;5.146;8.018;0.002;17.449;17.449;39.953;61.680;35.516;28.290;49.131;2.163;0.782;0.459;1.712;0.030;3.320;65.000;55.432;31.325;2.008;1.804;2.008;0.002;0.622;5.191;0.156;0;2;34.108;34.109;nan;nan;nan;28952;1;0;0;0;0;0;0
219;1;1;1;IDLE;0.000;0.000;1.000;20398.019901;20398.023947;20398.061968;20398.117836;808645;808645;808645;10109;22;12938320;12938360;100.000;611.900;611.900;6.924;7.590;3105.206;4.525;0.000;0.000;5.845;10.025;0.002;20.395;20.395;72.744;93.888;38.021;21.723;53.642;3.151;0.769;0.440;1.450;0.034;4.046;97.934;88.893;34.586;1.253;1.770;1.253;0.002;1.003;5.360;0.161;0;2;30.271;30.272;nan;nan;nan;28764;1;0;0;0;0;0;0
220;1;1;1;IDLE;0.000;0.000;1.000;20398.052644;20398.055833;20398.090194;20398.117900;810783;810783;810783;10135;21;12972528;12972568;100.000;611.776;611.776;6.654;7.288;3113.416;4.084;0.000;0.000;5.161;7.175;0.001;16.420;16.420;40.862;62.067;34.361;26.455;47.787;2.417;0.818;0.494;1.403;0.030;3.189;65.256;55.624;31.885;1.448;1.750;1.448;0.002;0.817;5.313;0.159;0;2;34.814;34.815;nan;nan;nan;27636;1;0;0;0;0;0;0
221;1;1;1;IDLE;0.000;0.000;1.000;20398.086466;20398.090659;20398.127117;20398.148590;807088;807088;807088;10089;21;12913408;12913448;100.000;612.670;612.670;6.654;7.288;3099.228;4.403;0.000;0.000;6.064;9.019;0.002;19.486;19.486;36.853;57.931;36.458;33.637;53.449;3.404;0.776;0.443;1.405;0.036;4.193;62.124;52.980;34.826;1.493;1.734;1.493;0.002;0.294;5.507;0.165;0;2;30.452;30.453;nan;nan;nan;27636;1;0;0;0;0;0;0
222;1;1;1;IDLE;0.000;0.000;1.000;20398.119209;20398.122478;20398.156024;20398.215456;809369;809369;809369;10118;22;12949904;12949944;100.000;614.746;614.746;6.744;7.409;3107.987;4.093;0.000;0.000;4.989;6.854;0.004;15.936;15.936;71.912;92.978;33.546;17.139;47.504;2.187;0.798;0.482;1.491;0.030;3.270;96.248;86.513;31.819;1.514;1.720;1.514;0.002;0.636;5.380;0.161;0;2;34.314;34.314;nan;nan;nan;28012;1;0;0;0;0;0;0
223;1;1;1;IDLE;0.000;0.000;1.000;20398.152818;20398.156835;20398.193271;20398.249995;795354;795354;795354;9942;21;12725664;12725704;100.000;618.383;618.383;6.609;7.243;3054.169;4.261;0.000;0.000;6.035;9.018;0.002;19.313;19.313;72.581;93.160;36.435;20.731;53.006;3.397;0.771;0.436;1.398;0.032;4.017;97.177;87.719;34.357;1.024;1.676;1.024;0.009;0.794;5.548;0.166;0;2;31.200;31.201;nan;nan;nan;27448;1;0;0;0;0;0;0
224;1;1;1;IDLE;0.000;0.000;1.000;20398.185974;20398.189542;20398.224347;20398.282279;795455;795455;795455;9944;21;12727280;12727320;100.000;602.819;602.819;6.518;7.152;3054.557;4.297;0.000;0.000;4.782;8.017;0.003;17.096;17.096;71.624;92.737;34.805;18.435;49.119;2.055;0.800;0.485;1.413;0.029;3.568;96.305;86.669;32.707;0.627;1.611;0.627;0.002;0.891;5.359;0.161;0;2;33.660;33.663;nan;nan;nan;27072;1;0;0;0;0;0;0
225;1;1;1;IDLE;0.000;0.000;1.000;20398.219619;20398.223460;20398.259426;20398.317714;795720;795720;795720;9947;21;12731520;12731560;100.000;599.691;599.691;6.654;7.288;3055.574;4.244;0.000;0.000;5.270;9.007;0.001;18.521;18.521;73.024;94.254;35.966;19.650;51.496;2.647;0.756;0.446;1.391;0.030;3.842;98.096;88.771;33.918;0.585;1.547;0.585;0.002;0.456;5.343;0.160;0;2;31.856;31.857;nan;nan;nan;27636;1;0;0;0;0;0;0
226;1;1;1;IDLE;0.000;0.000;1.000;20398.252826;20398.256018;20398.289269;20398.318776;798723;798723;798723;9985;105;12779568;12779608;100.000;602.953;602.953;33.184;36.439;3067.106;4.291;0.000;0.000;5.045;6.790;0.008;16.126;16.126;41.563;62.759;33.252;25.695;48.497;2.122;0.770;0.473;1.651;0.028;3.191;65.950;56.500;32.557;0.776;1.498;0.776;0.002;0.218;5.271;0.158;0;2;35.231;35.234;nan;nan;nan;138180;1;0;0;0;0;0;0
227;1;1;1;IDLE;0.000;0.000;1.000;20398.286284;20398.290192;20398.328591;20398.384756;807441;807441;807441;10094;20;12919056;12919096;100.000;600.143;600.143;6.067;6.670;3100.583;4.517;0.000;0.000;5.959;10.021;0.002;20.498;20.498;73.037;94.563;38.398;21.676;53.381;3.254;0.767;0.438;1.465;0.035;3.908;98.472;89.146;34.175;0.841;1.457;0.841;0.002;0.888;5.449;0.163;0;2;30.977;30.978;nan;nan;nan;25192;1;0;0;0;0;0;0
228;1;1;1;IDLE;0.000;0.000;1.000;20398.319318;20398.322588;20398.357657;20398.416852;803316;803316;803316;10042;18;12853056;12853096;100.000;602.072;602.072;5.436;5.976;3084.743;4.267;0.000;0.000;5.593;8.021;0.002;17.880;17.880;72.916;94.264;35.069;18.968;50.986;2.462;0.779;0.464;1.856;0.031;3.270;97.534;87.909;32.396;0.937;1.425;0.937;0.002;0.105;5.487;0.165;0;2;35.116;35.117;nan;nan;nan;22560;1;0;0;0;0;0;0
229;1;1;1;IDLE;0.000;0.000;1.000;20398.353434;20398.357398;20398.395092;20398.442940;809074;809074;809074;10114;18;12945184;12945224;100.000;610.505;610.505;5.571;6.111;3106.854;4.346;0.000;0.000;6.118;9.364;0.002;19.828;19.828;64.338;85.542;37.694;23.179;52.602;3.474;0.757;0.439;1.407;0.040;3.964;89.506;80.664;34.810;1.476;1.428;1.476;0.002;1.005;5.651;0.170;0;2;31.120;31.123;nan;nan;nan;23124;1;0;0;0;0;0;0
230;1;1;1;IDLE;0.000;0.000;1.000;20398.385638;20398.388758;20398.423711;20398.489762;808265;808265;808265;10104;19;12932240;12932280;100.000;610.367;610.367;5.977;6.549;3103.747;4.160;0.000;0.000;5.319;7.914;0.002;17.393;17.393;79.816;101.003;34.953;17.220;49.762;2.383;0.791;0.480;1.635;0.030;3.120;104.123;94.152;31.360;1.973;1.462;1.973;0.002;0.529;5.571;0.167;0;2;27.139;27.141;nan;nan;nan;24816;1;0;0;0;0;0;0
231;1;1;1;IDLE;0.000;0.000;1.000;20398.429205;20398.433800;20398.466916;20398.519627;818848;818848;818848;10236;22;13101568;13101608;100.000;772.282;772.282;6.744;7.409;3144.386;4.106;0.000;0.000;6.392;9.021;0.003;19.519;19.519;68.862;85.827;33.116;22.742;58.941;3.439;0.783;0.437;1.694;0.038;4.596;90.423;90.684;45.042;11.709;2.103;11.709;0.003;0.734;5.781;0.173;0;1;31.863;31.864;nan;nan;nan;28012;1;0;0;0;0;0;0
232;1;1;1;IDLE;0.000;0.000;1.000;20398.459768;20398.464072;20398.500398;20398.549775;820617;820617;820617;10258;22;13129872;13129912;100.000;657.826;657.826;6.789;7.454;3151.179;3.758;0.000;0.000;5.681;10.425;0.003;19.864;19.864;65.743;85.703;36.326;23.177;54.681;2.549;0.807;0.440;1.842;0.042;4.304;90.008;87.499;30.271;3.062;2.163;3.062;0.014;0.246;5.762;0.173;0;2;29.647;29.649;nan;nan;nan;28200;1;0;0;0;0;0;0
233;1;1;1;IDLE;0.000;0.000;1.000;20398.486101;20398.488426;20398.528114;20398.584698;814146;814146;814146;10177;22;13026336;13026376;100.000;622.454;622.454;6.789;7.454;3126.330;4.137;0.000;0.000;4.824;13.904;0.002;22.865;22.865;75.344;96.272;39.688;23.750;57.612;2.119;0.798;0.453;1.427;0.028;2.326;98.597;89.088;24.354;8.979;2.589;8.979;0.002;0.029;5.532;0.166;0;2;35.562;35.563;nan;nan;nan;28200;1;0;0;0;0;0;0
234;1;1;1;IDLE;0.000;0.000;1.000;20398.520165;20398.523393;20398.557420;20398.617956;814852;814852;814852;10186;22;13037632;13037672;100.000;613.605;613.605;6.834;7.500;3129.041;4.079;0.000;0.000;5.115;7.309;0.002;16.502;16.502;73.316;94.563;34.028;17.451;48.496;2.188;0.796;0.483;1.615;0.032;3.228;97.791;89.013;34.967;1.634;2.529;1.634;0.002;0.354;5.430;0.163;0;2;34.581;34.583;nan;nan;nan;28388;1;0;0;0;0;0;0
235;1;1;1;IDLE;0.000;0.000;1.000;20398.553391;20398.556825;20398.593615;20398.649343;815725;815725;815725;10197;21;13051600;13051640;100.000;607.976;607.976;6.473;7.107;3132.394;4.467;0.000;0.000;6.364;8.423;0.004;19.254;19.254;71.051;92.518;36.790;20.811;52.333;3.447;0.781;0.438;1.661;0.036;3.434;95.952;87.067;33.432;0.098;2.377;0.098;0.003;0.533;5.670;0.170;0;2;32.760;32.761;nan;nan;nan;26884;1;0;0;0;0;0;0
236;1;1;1;IDLE;0.000;0.000;1.000;20398.586262;20398.589647;20398.626920;20398.684942;816078;816078;816078;10201;21;13057248;13057288;100.000;604.509;604.509;6.428;7.062;3133.749;4.271;0.000;0.000;6.668;8.648;0.002;19.587;19.587;73.695;95.295;37.273;20.554;52.550;3.469;1.013;0.442;1.706;0.038;3.385;98.680;89.332;32.822;0.511;2.260;0.511;0.002;0.354;5.926;0.178;0;2;31.067;31.068;nan;nan;nan;26696;1;0;0;0;0;0;0
237;1;1;1;IDLE;0.000;0.000;1.000;20398.619687;20398.622798;20398.656733;20398.716559;810868;810868;810868;10136;22;12973888;12973928;100.000;603.305;603.305;6.699;7.364;3113.743;4.244;0.000;0.000;5.015;7.392;0.003;16.651;16.651;72.256;93.761;33.935;17.759;49.068;2.248;0.817;0.476;1.437;0.037;3.111;96.872;87.616;33.151;0.183;2.130;0.183;0.002;0.020;5.702;0.171;0;2;35.597;35.598;nan;nan;nan;27824;1;0;0;0;0;0;0
238;1;1;1;IDLE;0.000;0.000;1.000;20398.653527;20398.658284;20398.694573;20398.750021;801907;801907;801907;10024;21;12830512;12830552;100.000;619.909;619.909;6.564;7.198;3079.332;4.305;0.000;0.000;5.928;9.147;0.003;19.379;19.379;71.039;91.737;36.289;21.124;53.401;3.264;0.774;0.436;1.419;0.035;4.758;96.494;87.745;35.487;2.153;2.132;2.153;0.003;0.514;5.764;0.173;0;2;31.127;31.130;nan;nan;nan;27260;1;0;0;0;0;0;0
239;1;1;1;IDLE;0.000;0.000;1.000;20398.685556;20398.688717;20398.723816;20398.784961;799196;799196;799196;9990;22;12787136;12787176;100.000;617.998;617.998;6.699;7.364;3068.922;4.076;0.000;0.000;5.182;8.317;0.003;17.576;17.576;75.553;96.244;35.099;18.262;50.076;2.193;0.769;0.458;1.732;0.032;3.161;99.406;89.352;30.433;2.901;2.180;2.901;0.002;0.905;5.621;0.169;0;2;34.519;34.520;nan;nan;nan;27824;1;0;0;0;0;0;0
240;1;1;1;IDLE;0.000;0.000;1.000;20398.719660;20398.723019;20398.758224;20398.817087;799621;799621;799621;9996;22;12793936;12793976;100.000;597.813;597.813;6.789;7.454;3070.554;4.317;0.000;0.000;5.557;7.627;0.004;17.502;17.502;72.667;94.068;35.205;18.605;49.713;2.450;0.767;0.468;1.839;0.033;3.359;97.427;88.144;34.302;0.969;2.104;0.969;0.002;0.616;5.614;0.168;0;2;34.359;34.361;nan;nan;nan;28200;1;0;0;0;0;0;0
241;1;1;1;IDLE;0.000;0.000;1.000;20398.753437;20398.756770;20398.794427;20398.851184;808174;808174;808174;10103;106;12930784;12930824;100.000;598.554;598.554;33.455;36.741;3103.398;4.570;0.000;0.000;6.533;8.758;0.010;19.861;19.861;72.811;94.415;37.658;21.036;52.742;3.334;0.969;0.447;1.745;0.037;3.333;97.747;88.908;33.751;0.418;1.999;0.418;0.010;0.752;5.851;0.176;0;2;31.412;31.414;nan;nan;nan;139308;1;0;0;0;0;0;0
242;1;1;1;IDLE;0.000;0.000;1.000;20398.786424;20398.789666;20398.826023;20398.884897;810609;810609;810609;10133;22;12969744;12969784;100.000;587.721;587.721;6.699;7.364;3112.748;4.158;0.000;0.000;5.101;8.906;0.003;18.165;18.165;73.163;95.231;36.357;19.074;49.962;2.429;0.781;0.449;1.405;0.037;3.242;98.473;89.287;32.896;0.437;1.901;0.437;0.002;0.278;5.669;0.170;0;2;34.063;34.065;nan;nan;nan;27824;1;0;0;0;0;0;0
243;1;1;1;IDLE;0.000;0.000;1.000;20398.820186;20398.823278;20398.860837;20398.916016;809086;809086;809086;10114;16;12945376;12945416;100.000;591.966;591.966;4.804;5.282;3106.900;4.534;0.000;0.000;6.001;9.017;0.003;19.552;19.552;70.869;92.738;37.559;21.083;52.056;3.313;0.782;0.450;1.419;0.037;3.092;95.830;87.073;33.612;0.279;1.800;0.279;0.002;0.669;5.758;0.173;0;2;33.071;33.074;nan;nan;nan;19928;1;0;0;0;0;0;0
244;1;1;1;IDLE;0.000;0.000;1.000;20398.852797;20398.856062;20398.893638;20398.949764;804105;804105;804105;10052;17;12865680;12865720;100.000;588.922;588.922;5.255;5.764;3087.773;4.193;0.000;0.000;6.927;8.735;0.002;19.855;19.855;71.855;93.701;37.576;21.189;52.839;3.620;1.091;0.449;1.731;0.037;3.265;96.967;87.487;32.784;0.550;1.722;0.550;0.002;0.065;6.060;0.182;0;2;31.108;31.111;nan;nan;nan;21808;1;0;0;0;0;0;0
245;1;1;1;IDLE;0.000;0.000;1.000;20398.886449;20398.889548;20398.923172;20398.984975;810243;810243;810243;10129;19;12963888;12963928;100.000;607.943;607.943;5.842;6.413;3111.343;4.228;0.000;0.000;5.051;7.131;0.001;16.410;16.410;74.102;95.427;33.624;17.197;48.805;2.223;0.799;0.475;1.522;0.032;3.099;98.526;89.365;33.486;0.153;1.624;0.153;0.002;0.115;5.810;0.174;0;2;33.719;33.720;nan;nan;nan;24252;1;0;0;0;0;0;0
246;1;1;1;IDLE;0.000;0.000;1.000;20398.920081;20398.924022;20398.958067;20399.015285;808451;808451;808451;10106;21;12935216;12935256;100.000;639.132;639.132;6.609;7.243;3104.461;4.228;0.000;0.000;5.482;8.021;0.002;17.732;17.732;71.024;91.263;34.045;19.430;52.084;2.518;0.773;0.447;1.708;0.036;3.941;95.204;86.342;34.474;1.141;1.593;1.141;0.002;0.299;5.731;0.172;0;2;34.924;34.926;nan;nan;nan;27448;1;0;0;0;0;0;0
247;1;1;1;IDLE;0.000;0.000;1.000;20398.953276;20398.956813;20398.994149;20399.044187;818595;818595;818595;10233;23;13097520;13097560;100.000;593.161;593.161;7.060;7.756;3143.414;4.329;0.000;0.000;6.039;9.018;0.002;19.387;19.387;65.292;87.373;37.336;22.189;51.926;3.279;0.792;0.447;1.484;0.037;3.537;90.910;81.910;32.791;0.542;1.528;0.542;0.003;0.194;5.815;0.174;0;2;30.151;30.152;nan;nan;nan;29328;1;0;0;0;0;0;0
248;1;1;1;IDLE;0.000;0.000;1.000;20398.985931;20398.989026;20399.021985;20399.044234;813416;813416;813416;10168;22;13014656;13014696;100.000;624.921;624.921;6.970;7.635;3123.527;4.082;0.000;0.000;5.055;6.786;0.001;15.923;15.923;34.381;55.208;32.959;28.842;48.311;2.187;0.788;0.477;1.571;0.032;3.095;58.302;48.624;32.213;1.120;1.502;1.120;0.002;0.289;5.629;0.169;0;2;28.981;28.984;nan;nan;nan;28952;1;0;0;0;0;0;0
249;1;1;1;IDLE;0.000;0.000;1.000;20399.019564;20399.023632;20399.059250;20399.115523;816251;816251;816251;10204;23;13060016;13060056;100.000;627.081;627.081;7.150;7.847;3134.413;4.420;0.000;0.000;5.921;8.498;0.003;18.838;18.838;71.064;91.891;35.618;20.501;52.890;3.200;0.810;0.459;1.419;0.033;4.068;95.959;86.580;34.606;1.272;1.488;1.272;0.009;0.363;5.707;0.171;0;1;33.587;33.589;nan;nan;nan;29704;1;0;0;0;0;0;0
250;1;1;1;IDLE;0.000;0.000;1.000;20399.054615;20399.059556;20399.093384;20399.151579;820584;820584;820584;10258;22;13129344;13129384;100.000;644.351;644.351;6.924;7.590;3151.052;4.462;0.000;0.000;4.376;9.022;0.002;17.860;17.860;71.646;92.023;33.828;19.408;52.795;1.728;0.772;0.444;1.402;0.030;4.941;96.963;89.302;35.924;2.591;1.557;2.591;0.002;0.051;5.380;0.161;0;2;31.157;31.158;nan;nan;nan;28764;1;0;0;0;0;0;0
251;1;1;1;IDLE;0.000;0.000;1.000;20399.085843;20399.089153;20399.123660;20399.183675;817535;817535;817535;10220;21;13080560;13080600;100.000;611.197;611.197;6.383;7.017;3139.344;4.349;0.000;0.000;4.949;7.218;0.003;16.516;16.516;73.120;94.522;34.507;17.473;47.862;2.181;0.820;0.480;1.437;0.030;3.310;97.832;88.065;29.597;3.737;1.693;3.737;0.002;0.935;5.275;0.158;0;2;35.132;35.133;nan;nan;nan;26508;1;0;0;0;0;0;0
252;1;1;1;IDLE;0.000;0.000;1.000;20399.119785;20399.123653;20399.161740;20399.217342;812707;812707;812707;10159;22;13003312;13003352;100.000;606.330;606.330;6.879;7.545;3120.804;4.449;0.000;0.000;6.439;9.204;0.003;20.092;20.092;72.244;93.690;38.087;21.445;52.752;3.384;0.772;0.453;1.787;0.043;3.868;97.558;88.399;34.500;1.166;1.660;1.166;0.002;0.994;5.573;0.167;0;2;31.132;31.136;nan;nan;nan;28576;1;0;0;0;0;0;0
253;1;1;1;IDLE;0.000;0.000;1.000;20399.152612;20399.155915;20399.191614;20399.250370;811017;811017;811017;10138;23;12976272;12976312;100.000;609.436;609.436;7.015;7.711;3114.315;4.131;0.000;0.000;5.072;9.067;0.003;18.271;18.271;73.163;94.456;35.700;19.343;51.179;2.315;0.814;0.483;1.429;0.030;3.303;97.759;88.094;32.262;1.071;1.623;1.071;0.002;0.265;5.451;0.164;0;2;34.791;34.793;nan;nan;nan;29140;1;0;0;0;0;0;0
254;1;1;1;IDLE;0.000;0.000;1.000;20399.186487;20399.189576;20399.225749;20399.285442;812416;812416;812416;10156;22;12998656;12998696;100.000;615.614;615.614;6.699;7.364;3119.687;4.578;0.000;0.000;6.615;8.072;0.003;19.265;19.265;74.751;95.866;36.173;20.095;53.257;3.360;1.075;0.442;1.702;0.036;3.089;98.955;89.832;33.662;0.329;1.542;0.329;0.002;0.368;5.747;0.172;0;2;32.687;32.689;nan;nan;nan;27824;1;0;0;0;0;0;0
255;1;1;1;IDLE;0.000;0.000;1.000;20399.219910;20399.223370;20399.258636;20399.317066;815874;815874;815874;10199;22;13053984;13054024;100.000;584.902;584.902;6.744;7.409;3132.966;4.429;0.000;0.000;4.638;7.875;0.004;16.942;16.942;71.378;93.696;35.267;18.082;48.040;1.921;0.762;0.437;1.486;0.032;3.460;97.156;88.123;33.793;0.460;1.475;0.460;0.002;0.432;5.477;0.164;0;2;34.674;34.676;nan;nan;nan;28012;1;0;0;0;0;0;0
256;1;1;1;IDLE;0.000;0.000;1.000;20399.253776;20399.257073;20399.295860;20399.349817;811813;811813;811813;10148;105;12989008;12989048;100.000;600.741;600.741;33.049;36.304;3117.372;4.467;0.000;0.000;6.694;10.020;0.012;21.181;21.181;71.123;92.745;38.787;22.838;54.608;3.354;1.071;0.450;1.782;0.037;3.296;96.041;87.541;33.703;0.370;1.406;0.370;0.002;0.449;5.790;0.174;0;2;31.219;31.224;nan;nan;nan;137616;1;0;0;0;0;0;0
257;1;1;1;IDLE;0.000;0.000;1.000;20399.285834;20399.289356;20399.326207;20399.384067;809323;809323;809323;10117;22;12949168;12949208;100.000;596.077;596.077;6.834;7.500;3107.810;4.091;0.000;0.000;5.041;9.297;0.002;18.430;18.430;72.987;94.711;36.850;19.459;50.013;2.293;0.794;0.469;1.453;0.032;3.522;98.234;88.458;32.284;1.050;1.383;1.050;0.003;0.784;5.611;0.168;0;2;32.905;32.906;nan;nan;nan;28388;1;0;0;0;0;0;0
258;1;1;1;IDLE;0.000;0.000;1.000;20399.320255;20399.323448;20399.358004;20399.414872;806066;806066;806066;10076;16;12897056;12897096;100.000;609.369;609.369;4.894;5.372;3095.303;4.436;0.000;0.000;5.174;8.021;0.003;17.631;17.631;70.260;91.424;34.556;19.284;51.020;2.189;0.777;0.455;1.721;0.033;3.192;94.617;85.929;34.091;0.758;1.344;0.758;0.013;0.183;5.504;0.165;0;2;34.080;34.082;nan;nan;nan;20304;1;0;0;0;0;0;0
259;1;1;1;IDLE;0.000;0.000;1.000;20399.353328;20399.356448;20399.393089;20399.444189;803994;803994;803994;10050;17;12863904;12863944;100.000;594.703;594.703;5.210;5.719;3087.347;4.289;0.000;0.000;5.945;9.022;0.002;19.256;19.256;66.110;87.741;36.641;21.947;52.554;3.290;0.764;0.442;1.414;0.036;3.120;90.861;81.913;33.000;0.333;1.281;0.333;0.002;0.040;5.621;0.169;0;2;30.801;30.802;nan;nan;nan;21620;1;0;0;0;0;0;0
260;1;1;1;IDLE;0.000;0.000;1.000;20399.386192;20399.389384;20399.423158;20399.483416;804675;804675;804675;10059;19;12874800;12874840;100.000;627.927;627.927;5.887;6.458;3089.962;4.169;0.000;0.000;4.959;8.018;0.002;17.146;17.146;73.528;94.032;33.774;18.235;50.768;2.217;0.776;0.456;1.478;0.032;3.192;97.224;87.806;32.936;0.398;1.226;0.398;0.002;0.291;5.459;0.164;0;2;29.045;29.047;nan;nan;nan;24440;1;0;0;0;0;0;0
261;1;1;1;IDLE;0.000;0.000;1.000;20399.420346;20399.425650;20399.461249;20399.517674;803023;803023;803023;10038;20;12848368;12848408;100.000;642.240;642.240;6.293;6.896;3083.618;4.500;0.000;0.000;5.240;10.025;0.003;19.766;19.766;72.018;92.024;35.599;21.479;55.523;2.550;0.774;0.465;1.421;0.030;5.304;97.328;88.731;36.266;2.933;1.333;2.933;0.002;0.325;5.410;0.162;0;1;32.188;32.189;nan;nan;nan;26132;1;0;0;0;0;0;0
262;1;1;1;IDLE;0.000;0.000;1.000;20399.453711;20399.459045;20399.493323;20399.549514;804900;804900;804900;10062;21;12878400;12878440;100.000;641.651;641.651;6.609;7.243;3090.826;4.458;0.000;0.000;4.269;9.022;0.004;17.749;17.749;70.399;90.470;34.278;19.619;51.780;1.621;0.772;0.447;1.399;0.029;5.333;95.803;87.238;33.395;0.062;1.253;0.062;0.002;0.913;5.129;0.154;0;2;33.368;33.370;nan;nan;nan;27448;1;0;0;0;0;0;0
263;1;1;1;IDLE;0.000;0.000;1.000;20399.486547;20399.489770;20399.527191;20399.549560;801032;801032;801032;10013;22;12816512;12816552;100.000;592.955;592.955;6.970;7.635;3075.972;4.343;0.000;0.000;6.249;8.805;0.001;19.397;19.397;38.176;59.791;37.421;32.441;51.834;3.202;0.854;0.439;1.716;0.037;3.222;63.013;53.950;30.725;2.608;1.338;2.608;0.002;0.749;5.416;0.162;0;2;31.125;31.126;nan;nan;nan;28952;1;0;0;0;0;0;0
264;1;1;1;IDLE;0.000;0.000;1.000;20399.519744;20399.522781;20399.556719;20399.617629;793638;793638;793638;9921;23;12698208;12698248;100.000;596.190;596.190;7.150;7.847;3047.580;4.204;0.000;0.000;4.808;7.170;0.003;16.182;16.182;73.548;94.848;33.938;17.061;47.681;2.014;0.780;0.483;1.502;0.029;3.037;97.885;88.686;33.011;0.322;1.274;0.322;0.002;0.657;5.266;0.158;0;2;33.356;33.357;nan;nan;nan;29704;1;0;0;0;0;0;0
265;1;1;1;IDLE;0.000;0.000;1.000;20399.553003;20399.557091;20399.590760;20399.649739;801156;801156;801156;10015;23;12818496;12818536;100.000;615.517;615.517;7.060;7.756;3076.449;4.340;0.000;0.000;4.971;7.226;0.003;16.537;16.537;71.822;92.648;33.669;17.849;49.115;2.173;0.768;0.462;1.539;0.030;4.088;96.736;87.463;34.310;0.977;1.256;0.977;0.002;0.644;5.195;0.156;0;2;34.091;34.092;nan;nan;nan;29328;1;0;0;0;0;0;0
266;1;1;1;IDLE;0.000;0.000;1.000;20399.586545;20399.589973;20399.627635;20399.684748;804749;804749;804749;10060;22;12875984;12876024;100.000;597.173;597.173;6.924;7.590;3090.246;4.290;0.000;0.000;6.051;9.017;0.001;19.358;19.358;73.213;94.775;37.662;20.426;51.400;3.388;0.764;0.436;1.435;0.028;3.428;98.203;89.138;32.882;0.451;1.205;0.451;0.003;1.029;5.417;0.163;0;2;31.117;31.117;nan;nan;nan;28764;1;0;0;0;0;0;0
267;1;1;1;IDLE;0.000;0.000;1.000;20399.619255;20399.622309;20399.656813;20399.715390;805449;805449;805449;10069;22;12887184;12887224;100.000;603.144;603.144;6.789;7.454;3092.934;4.176;0.000;0.000;4.799;8.191;0.003;17.165;17.165;71.714;93.081;34.504;18.441;49.748;2.128;0.787;0.449;1.406;0.029;3.054;96.135;86.447;32.336;0.997;1.192;0.997;0.011;0.135;5.265;0.158;0;2;36.122;36.124;nan;nan;nan;28200;1;0;0;0;0;0;0
268;1;1;1;IDLE;0.000;0.000;1.000;20399.653432;20399.657173;20399.693791;20399.744966;805329;805329;805329;10067;21;12885264;12885304;100.000;597.701;597.701;6.473;7.107;3092.473;4.355;0.000;0.000;5.982;9.018;0.002;19.355;19.355;66.234;87.792;36.618;22.046;52.856;3.328;0.766;0.441;1.403;0.044;3.741;91.533;82.689;34.864;1.531;1.214;1.531;0.002;0.057;5.450;0.164;0;2;30.612;30.614;nan;nan;nan;26884;1;0;0;0;0;0;0
269;1;1;1;IDLE;0.000;0.000;1.000;20399.685803;20399.688985;20399.723863;20399.783647;805419;805419;805419;10068;21;12886704;12886744;100.000;611.655;611.655;6.518;7.152;3092.819;4.145;0.000;0.000;5.297;8.013;0.002;17.455;17.455;73.594;94.662;34.878;18.439;50.047;2.546;0.777;0.459;1.484;0.032;3.182;97.844;88.038;31.812;1.522;1.233;1.522;0.002;0.495;5.419;0.163;0;2;29.112;29.113;nan;nan;nan;27072;1;0;0;0;0;0;0
270;1;1;1;IDLE;0.000;0.000;1.000;20399.720896;20399.725976;20399.759949;20399.817978;804474;804474;804474;10056;22;12871584;12871624;100.000;649.772;649.772;6.789;7.454;3089.190;4.347;0.000;0.000;4.862;9.019;0.002;18.227;18.227;72.192;92.002;33.973;19.812;53.653;2.156;0.784;0.455;1.436;0.030;5.080;97.082;89.035;36.991;3.658;1.384;3.658;0.002;0.281;5.285;0.159;0;1;32.712;32.713;nan;nan;nan;28200;1;0;0;0;0;0;0
271;1;1;1;IDLE;0.000;0.000;1.000;20399.754014;20399.759332;20399.791903;20399.849756;796101;796101;796101;9952;103;12737616;12737656;100.000;643.280;643.280;32.462;35.655;3057.037;4.259;0.000;0.000;4.460;7.900;0.009;16.619;16.619;70.622;90.424;32.570;18.379;51.025;1.581;0.773;0.440;1.639;0.028;5.318;95.742;87.480;33.356;0.023;1.299;0.023;0.002;0.406;5.089;0.153;0;2;33.970;33.972;nan;nan;nan;135172;1;0;0;0;0;0;0
272;1;1;1;IDLE;0.000;0.000;1.000;20399.786537;20399.790134;20399.828312;20399.883867;805073;805073;805073;10064;22;12881168;12881208;100.000;601.109;601.109;6.789;7.454;3091.490;4.560;0.000;0.000;6.372;10.225;0.002;21.158;21.158;72.304;93.733;38.178;22.572;55.419;3.233;0.953;0.440;1.711;0.035;3.597;97.330;88.258;30.802;2.532;1.376;2.532;0.002;0.149;5.416;0.162;0;2;31.665;31.667;nan;nan;nan;28200;1;0;0;0;0;0;0
273;1;1;1;IDLE;0.000;0.000;1.000;20399.819737;20399.822806;20399.857174;20399.917968;797204;797204;797204;9966;18;12755264;12755304;100.000;598.604;598.604;5.706;6.247;3061.273;4.182;0.000;0.000;5.034;7.505;0.002;16.722;16.722;73.853;95.162;34.368;17.572;48.655;2.171;0.769;0.484;1.569;0.040;3.069;98.231;89.025;32.672;0.661;1.332;0.661;0.002;0.517;5.324;0.160;0;2;34.195;34.196;nan;nan;nan;23688;1;0;0;0;0;0;0
274;1;1;1;IDLE;0.000;0.000;1.000;20399.853320;20399.856507;20399.893260;20399.949742;805139;805139;805139;10065;18;12882224;12882264;100.000;582.646;582.646;5.526;6.066;3091.743;4.508;0.000;0.000;5.217;9.020;0.002;18.744;18.744;71.125;93.235;36.753;20.104;51.000;2.149;0.761;0.444;1.824;0.038;3.187;96.422;87.465;33.701;0.367;1.271;0.367;0.002;0.403;5.303;0.159;0;2;33.723;33.726;nan;nan;nan;22936;1;0;0;0;0;0;0
275;1;1;1;IDLE;0.000;0.000;1.000;20399.886942;20399.890463;20399.926944;20399.984854;808073;808073;808073;10101;20;12929168;12929208;100.000;599.646;599.646;6.248;6.851;3103.010;4.391;0.000;0.000;5.909;8.615;0.002;18.916;18.916;72.830;94.392;36.481;20.040;51.851;3.259;0.770;0.435;1.407;0.039;3.520;97.912;89.245;33.956;0.622;1.231;0.622;0.002;0.392;5.460;0.164;0;2;31.409;31.410;nan;nan;nan;25944;1;0;0;0;0;0;0
276;1;1;1;IDLE;0.000;0.000;1.000;20399.919773;20399.922867;20399.957864;20400.015923;813584;813584;813584;10170;20;13017344;13017384;100.000;591.960;591.960;6.293;6.896;3124.172;4.181;0.000;0.000;4.850;7.467;0.003;16.499;16.499;71.065;93.055;34.997;17.730;47.144;2.185;0.777;0.450;1.409;0.030;3.095;96.150;86.980;32.405;0.929;1.212;0.929;0.013;0.676;5.311;0.159;0;2;34.452;34.454;nan;nan;nan;26132;1;0;0;0;0;0;0
277;1;1;1;IDLE;0.000;0.000;1.000;20399.953585;20399.957648;20399.994443;20400.015975;812306;812306;812306;10154;22;12996896;12996936;100.000;603.341;603.341;6.970;7.635;3119.265;4.254;0.000;0.000;5.630;8.965;0.001;18.848;18.848;36.785;58.327;36.795;32.314;51.224;2.943;0.776;0.440;1.439;0.031;4.062;62.389;53.698;34.780;1.447;1.227;1.447;0.002;0.657;5.396;0.162;0;2;30.437;30.439;nan;nan;nan;28952;1;0;0;0;0;0;0
278;1;1;1;IDLE;0.000;0.000;1.000;20399.985886;20399.989009;20400.023182;20400.082779;817500;817500;817500;10219;23;13080000;13080040;100.000;611.932;611.932;7.015;7.711;3139.210;4.192;0.000;0.000;5.159;7.574;0.003;16.924;16.924;72.394;93.770;34.173;18.049;49.526;2.313;0.807;0.479;1.529;0.031;3.123;96.892;87.169;31.361;1.972;1.273;1.972;0.002;0.062;5.340;0.160;0;2;30.064;30.066;nan;nan;nan;29140;1;0;0;0;0;0;0
279;1;1;1;IDLE;0.000;0.000;1.000;20400.020331;20400.024383;20400.061222;20400.117238;824803;824803;824803;10311;24;13196848;13196888;100.000;608.070;608.070;7.331;8.058;3167.253;4.590;0.000;0.000;5.474;9.589;0.002;19.654;19.654;71.152;92.855;36.839;21.166;53.350;2.765;0.803;0.461;1.416;0.030;4.052;96.908;88.295;35.374;2.041;1.321;2.041;0.002;0.071;5.379;0.161;0;1;31.143;31.144;nan;nan;nan;30456;1;0;0;0;0;0;0
280;1;1;1;IDLE;0.000;0.000;1.000;20400.052571;20400.057858;20400.091343;20400.150090;813944;813944;813944;10175;23;13023104;13023144;100.000;633.086;633.086;7.195;7.892;3125.555;4.487;0.000;0.000;4.331;7.635;0.002;16.454;16.454;71.660;92.231;33.484;17.840;49.139;1.673;0.788;0.451;1.394;0.026;5.288;97.519;87.813;33.475;0.142;1.247;0.142;0.002;0.944;5.119;0.154;0;2;33.526;33.529;nan;nan;nan;29892;1;0;0;0;0;0;0
281;1;1;1;IDLE;0.000;0.000;1.000;20400.087163;20400.091113;20400.126808;20400.184785;815307;815307;815307;10192;23;13044912;13044952;100.000;619.104;619.104;7.240;7.937;3130.788;4.249;0.000;0.000;5.020;9.018;0.003;18.287;18.287;72.602;93.672;35.695;19.522;51.231;2.340;0.800;0.441;1.409;0.029;3.950;97.622;89.176;33.255;0.079;1.174;0.079;0.002;0.583;5.100;0.153;0;2;32.296;32.298;nan;nan;nan;30080;1;0;0;0;0;0;0
282;1;1;1;IDLE;0.000;0.000;1.000;20400.119590;20400.122716;20400.158355;20400.216101;816329;816329;816329;10205;21;13061264;13061304;100.000;616.305;616.305;6.609;7.243;3134.713;4.373;0.000;0.000;6.154;7.487;0.003;18.014;18.014;72.192;93.385;35.639;19.290;50.546;3.492;0.789;0.443;1.394;0.035;3.126;96.511;87.158;31.602;1.731;1.209;1.731;0.003;0.802;5.367;0.161;0;2;33.914;33.915;nan;nan;nan;27448;1;0;0;0;0;0;0
283;1;1;1;IDLE;0.000;0.000;1.000;20400.153378;20400.156602;20400.193966;20400.252206;813249;813249;813249;10166;22;13011984;13012024;100.000;568.515;568.515;6.699;7.364;3122.886;4.551;0.000;0.000;5.263;9.017;0.001;18.832;18.832;72.717;95.605;37.364;19.698;50.400;2.180;0.777;0.462;1.812;0.032;3.224;98.828;89.930;33.886;0.553;1.168;0.553;0.002;0.193;5.347;0.160;0;2;31.149;31.150;nan;nan;nan;27824;1;0;0;0;0;0;0
284;1;1;1;IDLE;0.000;0.000;1.000;20400.186629;20400.189729;20400.225040;20400.284240;809333;809333;809333;10117;22;12949328;12949368;100.000;605.517;605.517;6.744;7.409;3107.848;4.140;0.000;0.000;4.966;8.015;0.003;17.122;17.122;73.126;94.511;35.311;18.116;48.489;2.203;0.792;0.484;1.455;0.032;3.100;97.611;88.631;33.127;0.206;1.108;0.206;0.002;0.941;5.254;0.158;0;2;35.178;35.180;nan;nan;nan;28012;1;0;0;0;0;0;0
285;1;1;1;IDLE;0.000;0.000;1.000;20400.220026;20400.223721;20400.263129;20400.318496;815482;815482;815482;10194;22;13047712;13047752;100.000;590.559;590.559;6.970;7.635;3131.460;4.328;0.000;0.000;6.349;10.023;0.003;20.699;20.699;72.681;94.775;39.408;21.840;52.525;3.242;0.845;0.435;1.790;0.037;3.694;98.470;89.553;33.991;0.658;1.080;0.658;0.011;0.931;5.533;0.166;0;2;31.130;31.132;nan;nan;nan;28952;1;0;0;0;0;0;0
286;1;1;1;IDLE;0.000;0.000;1.000;20400.252848;20400.255939;20400.292196;20400.350437;814633;814633;814633;10183;104;13034128;13034168;100.000;607.447;607.447;32.733;35.957;3128.200;4.140;0.000;0.000;5.230;9.020;0.012;18.391;18.391;73.040;94.498;36.257;19.462;50.724;2.288;0.793;0.480;1.637;0.032;3.091;97.588;88.160;32.218;1.115;1.082;1.115;0.002;0.546;5.460;0.164;0;2;35.314;35.319;nan;nan;nan;136300;1;0;0;0;0;0;0
287;1;1;1;IDLE;0.000;0.000;1.000;20400.286656;20400.289852;20400.329282;20400.350509;814941;814941;814941;10187;22;13039056;13039096;100.000;603.416;603.416;6.970;7.635;3129.383;4.399;0.000;0.000;6.990;10.017;0.002;21.406;21.406;39.048;60.657;39.430;35.290;54.287;3.933;0.783;0.441;1.795;0.038;3.196;63.853;54.899;33.913;0.580;1.051;0.580;0.002;0.812;5.850;0.175;0;2;31.165;31.167;nan;nan;nan;28952;1;0;0;0;0;0;0
288;1;1;1;IDLE;0.000;0.000;1.000;20400.319953;20400.323457;20400.357474;20400.411225;818847;818847;818847;10236;18;13101552;13101592;100.000;607.688;607.688;5.571;6.111;3144.382;4.223;0.000;0.000;4.877;7.139;0.002;16.239;16.239;66.208;87.768;34.017;18.502;47.739;2.125;0.807;0.481;1.434;0.030;3.504;91.272;82.282;33.605;0.272;1.002;0.272;0.002;0.438;5.610;0.168;0;2;34.705;34.708;nan;nan;nan;23124;1;0;0;0;0;0;0
289;1;1;1;IDLE;0.000;0.000;1.000;20400.353474;20400.356602;20400.392040;20400.455688;824052;824052;824052;10301;17;13184832;13184872;100.000;593.100;593.100;5.120;5.629;3164.369;4.388;0.000;0.000;6.181;6.625;0.002;17.194;17.194;76.855;99.086;35.438;17.353;48.519;3.458;0.763;0.440;1.486;0.033;3.128;102.214;93.411;33.145;0.188;0.951;0.188;0.002;0.399;5.757;0.173;0;2;25.805;25.808;nan;nan;nan;21244;1;0;0;0;0;0;0
290;1;1;1;IDLE;0.000;0.000;1.000;20400.394056;20400.400038;20400.437538;20400.486151;835458;835458;835458;10444;20;13367328;13367368;100.000;742.428;742.428;6.157;6.760;3208.168;4.590;0.000;0.000;5.675;13.027;0.002;23.292;23.292;68.108;86.113;37.501;27.048;62.112;2.785;0.776;0.455;1.602;0.057;5.981;92.094;90.541;43.436;10.103;1.523;10.103;0.003;0.790;5.743;0.172;0;1;31.171;31.173;nan;nan;nan;25568;1;0;0;0;0;0;0
291;1;1;1;IDLE;0.000;0.000;1.000;20400.420011;20400.423236;20400.466162;20400.517086;819605;819605;819605;10246;21;13113680;13113720;100.000;595.161;595.161;6.383;7.017;3147.293;4.885;0.000;0.000;5.748;14.754;0.003;25.387;25.387;71.816;93.850;42.926;27.051;59.141;3.045;0.797;0.456;1.418;0.031;3.225;97.076;88.143;23.198;10.135;2.061;10.135;0.002;0.388;5.750;0.172;0;2;34.737;34.739;nan;nan;nan;26508;1;0;0;0;0;0;0
292;1;1;1;IDLE;0.000;0.000;1.000;20400.452670;20400.455580;20400.495671;20400.552992;827799;827799;827799;10348;21;13244784;13244824;100.000;617.982;617.982;6.383;7.017;3178.758;3.674;0.000;0.000;5.058;13.025;0.002;21.757;21.757;75.980;97.412;40.091;22.335;54.269;2.334;0.798;0.459;1.435;0.032;2.909;100.322;90.716;32.344;0.990;1.994;0.990;0.002;0.573;5.580;0.167;0;2;34.435;34.439;nan;nan;nan;26508;1;0;0;0;0;0;0
293;1;1;1;IDLE;0.000;0.000;1.000;20400.486884;20400.490112;20400.526746;20400.584940;830771;830771;830771;10385;22;13292336;13292376;100.000;610.590;610.590;6.879;7.545;3190.170;4.164;0.000;0.000;5.172;9.016;0.003;18.351;18.351;73.058;94.827;36.633;19.352;50.093;2.220;0.802;0.477;1.641;0.031;3.229;98.056;89.330;34.532;1.199;1.945;1.199;0.002;0.673;5.483;0.164;0;2;35.258;35.260;nan;nan;nan;28576;1;0;0;0;0;0;0
294;1;1;1;IDLE;0.000;0.000;1.000;20400.520215;20400.523466;20400.564027;20400.617230;835004;835004;835004;10438;23;13360064;13360104;100.000;594.888;594.888;7.150;7.847;3206.425;4.439;0.000;0.000;7.038;10.216;0.002;21.692;21.692;71.305;93.764;40.561;23.135;53.480;4.164;0.778;0.442;1.616;0.037;3.251;97.015;88.287;33.354;0.020;1.824;0.020;0.002;0.847;5.876;0.176;0;2;31.123;31.125;nan;nan;nan;29704;1;0;0;0;0;0;0
295;1;1;1;IDLE;0.000;0.000;1.000;20400.552693;20400.556125;20400.592873;20400.650948;814967;814967;814967;10188;23;13039472;13039512;100.000;625.277;625.277;7.060;7.756;3129.483;4.004;0.000;0.000;5.298;10.571;0.003;19.873;19.873;73.969;94.823;36.748;20.958;54.079;2.300;0.801;0.467;1.698;0.032;3.432;98.255;88.672;32.659;0.674;1.753;0.674;0.002;0.022;5.735;0.172;0;2;34.924;34.925;nan;nan;nan;29328;1;0;0;0;0;0;0
296;1;1;1;IDLE;0.000;0.000;1.000;20400.586497;20400.589743;20400.626981;20400.651021;818656;818656;818656;10234;22;13098496;13098536;100.000;605.081;605.081;6.970;7.635;3143.649;4.138;0.000;0.000;5.807;9.013;0.002;18.957;18.957;39.631;61.278;37.239;30.936;50.907;3.145;0.794;0.439;1.393;0.035;3.245;64.524;55.411;33.618;0.284;1.661;0.284;0.002;0.769;5.758;0.173;0;2;32.975;32.977;nan;nan;nan;28952;1;0;0;0;0;0;0
297;1;1;1;IDLE;0.000;0.000;1.000;20400.619857;20400.623040;20400.659306;20400.717280;819807;819807;819807;10248;22;13116912;13116952;100.000;594.605;594.605;6.744;7.409;3148.068;4.479;0.000;0.000;5.813;8.264;0.005;18.556;18.556;72.180;94.240;36.266;19.690;51.167;3.132;0.788;0.444;1.415;0.033;3.182;97.422;88.336;33.297;0.036;1.559;0.036;0.002;0.126;5.778;0.173;0;2;34.155;34.157;nan;nan;nan;28012;1;0;0;0;0;0;0
298;1;1;1;IDLE;0.000;0.000;1.000;20400.653089;20400.656196;20400.696144;20400.717372;814766;814766;814766;10185;21;13036256;13036296;100.000;585.542;585.542;6.654;7.288;3128.711;4.332;0.000;0.000;6.695;10.019;0.002;21.046;21.046;38.912;61.176;39.948;34.402;52.683;3.398;1.071;0.440;1.749;0.037;3.107;64.283;55.096;33.156;0.177;1.473;0.177;0.002;0.968;6.014;0.180;0;2;31.146;31.149;nan;nan;nan;27636;1;0;0;0;0;0;0
299;1;1;1;IDLE;0.000;0.000;1.000;20400.686199;20400.689362;20400.724535;20400.775585;809259;809259;809259;10116;22;12948144;12948184;100.000;599.092;599.092;6.879;7.545;3107.564;4.109;0.000;0.000;5.510;7.701;0.002;17.320;17.320;64.610;86.223;35.173;20.088;49.242;2.141;0.783;0.475;2.080;0.031;3.163;89.387;79.975;33.166;0.168;1.391;0.168;0.002;0.347;5.892;0.177;0;2;34.813;34.814;nan;nan;nan;28576;1;0;0;0;0;0;0
300;1;1;1;IDLE;0.000;0.000;1.000;20400.720670;20400.723736;20400.757206;20400.797408;812212;812212;812212;10153;23;12995392;12995432;100.000;592.451;592.451;7.015;7.711;3118.904;4.283;0.000;0.000;5.958;4.934;0.001;15.176;15.176;51.737;73.672;33.470;20.599;45.341;3.301;0.775;0.436;1.415;0.031;3.066;76.738;68.465;34.374;1.040;1.369;1.040;0.002;0.639;5.912;0.177;0;2;23.310;23.311;nan;nan;nan;29140;1;0;0;0;0;0;0
